timestamp_utc,uid,url_kind,accession,url,http_status,retry_count,final_outcome
2026-08-16T03:14:00.996741+00:00,A0A023GS29,uniprot_direct,A0A023GS29,https://rest.uniprot.org/uniprotkb/A0A023GS29.json,200,0,success
2026-08-16T03:14:01.989152+00:00,A0A023GS29,afdb_v6_probe,A0A023GS29,https://alphafold.ebi.ac.uk/files/AF-A0A023GS29-F1-model_v6.pdb,404,0,not_found
2026-08-16T03:14:03.724999+00:00,A0A059WGE7,uniprot_direct,A0A059WGE7,https://rest.uniprot.org/uniprotkb/A0A059WGE7.json,200,0,success
2026-08-16T03:14:04.740611+00:00,A0A059WGE7,afdb_v6_probe,A0A059WGE7,https://alphafold.ebi.ac.uk/files/AF-A0A059WGE7-F1-model_v6.pdb,404,0,not_found
2026-08-16T03:14:05.824613+00:00,A0A061FLA2,uniprot_direct,A0A061FLA2,https://rest.uniprot.org/uniprotkb/A0A061FLA2.json,200,0,success
2026-08-16T03:14:06.774061+00:00,A0A061FLA2,afdb_v6_probe,A0A061FLA2,https://alphafold.ebi.ac.uk/files/AF-A0A061FLA2-F1-model_v6.pdb,404,0,not_found
2026-08-16T03:14:08.434499+00:00,A0A077EYL8,uniprot_direct,A0A077EYL8,https://rest.uniprot.org/uniprotkb/A0A077EYL8.json,200,0,success
2026-08-16T03:14:09.409683+00:00,A0A077EYL8,afdb_v6_probe,A0A077EYL8,https://alphafold.ebi.ac.uk/files/AF-A0A077EYL8-F1-model_v6.pdb,404,0,not_found
2026-08-16T03:14:10.708218+00:00,A0A0S0MVI5,uniprot_direct,A0A0S0MVI5,https://rest.uniprot.org/uniprotkb/A0A0S0MVI5.json,200,0,success
2026-08-16T03:14:11.744129+00:00,A0A0S0MVI5,afdb_v6_probe,A0A0S0MVI5,https://alphafold.ebi.ac.uk/files/AF-A0A0S0MVI5-F1-model_v6.pdb,404,0,not_found
2026-08-16T03:14:12.687846+00:00,A0A0S0MX59,uniprot_direct,A0A0S0MX59,https://rest.uniprot.org/uniprotkb/A0A0S0MX59.json,200,0,success
2026-08-16T03:14:13.644910+00:00,A0A0S0MX59,afdb_v6_probe,A0A0S0MX59,https://alphafold.ebi.ac.uk/files/AF-A0A0S0MX59-F1-model_v6.pdb,404,0,not_found
2026-08-16T03:14:14.841972+00:00,A0A0S0N8M3,uniprot_direct,A0A0S0N8M3,https://rest.uniprot.org/uniprotkb/A0A0S0N8M3.json,200,0,success
2026-08-16T03:14:36.859701+00:00,A0A0S0N8M3,afdb_v6_probe,A0A0S0N8M3,https://alphafold.ebi.ac.uk/files/AF-A0A0S0N8M3-F1-model_v6.pdb,404,1,not_found
2026-08-16T03:14:37.891916+00:00,A0A0S0N9S9,uniprot_direct,A0A0S0N9S9,https://rest.uniprot.org/uniprotkb/A0A0S0N9S9.json,200,0,success
2026-08-16T03:14:38.870799+00:00,A0A0S0N9S9,afdb_v6_probe,A0A0S0N9S9,https://alphafold.ebi.ac.uk/files/AF-A0A0S0N9S9-F1-model_v6.pdb,404,0,not_found
2026-08-16T03:14:40.310050+00:00,A0A125SXN3,uniprot_direct,A0A125SXN3,https://rest.uniprot.org/uniprotkb/A0A125SXN3.json,200,0,success
2026-08-16T03:14:41.528884+00:00,A0A125SXN3,afdb_v6_probe,A0A125SXN3,https://alphafold.ebi.ac.uk/files/AF-A0A125SXN3-F1-model_v6.pdb,404,0,not_found
2026-08-16T03:14:42.676734+00:00,A0A1E5RIW9,uniprot_direct,A0A1E5RIW9,https://rest.uniprot.org/uniprotkb/A0A1E5RIW9.json,200,0,success
2026-08-16T03:14:43.745783+00:00,A0A1E5RIW9,afdb_v6_probe,A0A1E5RIW9,https://alphafold.ebi.ac.uk/files/AF-A0A1E5RIW9-F1-model_v6.pdb,404,0,not_found
2026-08-16T03:14:44.749170+00:00,A0A1E5S1A9,uniprot_direct,A0A1E5S1A9,https://rest.uniprot.org/uniprotkb/A0A1E5S1A9.json,200,0,success
2026-08-16T03:14:46.343191+00:00,A0A1E5S1A9,afdb_v6_probe,A0A1E5S1A9,https://alphafold.ebi.ac.uk/files/AF-A0A1E5S1A9-F1-model_v6.pdb,404,0,not_found
2026-08-16T03:14:47.374760+00:00,A0A217ER65,uniprot_direct,A0A217ER65,https://rest.uniprot.org/uniprotkb/A0A217ER65.json,200,0,success
2026-08-16T03:14:48.353702+00:00,A0A217ER65,afdb_v6_probe,A0A217ER65,https://alphafold.ebi.ac.uk/files/AF-A0A217ER65-F1-model_v6.pdb,404,0,not_found
2026-08-16T03:14:49.362406+00:00,A0A2H5BHG9,uniprot_direct,A0A2H5BHG9,https://rest.uniprot.org/uniprotkb/A0A2H5BHG9.json,200,0,success
2026-08-16T03:14:50.331938+00:00,A0A2H5BHG9,afdb_v6_probe,A0A2H5BHG9,https://alphafold.ebi.ac.uk/files/AF-A0A2H5BHG9-F1-model_v6.pdb,404,0,not_found
2026-08-16T03:14:51.887506+00:00,A0A2H5BHJ6,uniprot_direct,A0A2H5BHJ6,https://rest.uniprot.org/uniprotkb/A0A2H5BHJ6.json,200,0,success
2026-08-16T03:14:52.967236+00:00,A0A2H5BHJ6,afdb_v6_probe,A0A2H5BHJ6,https://alphafold.ebi.ac.uk/files/AF-A0A2H5BHJ6-F1-model_v6.pdb,404,0,not_found
2026-08-16T03:14:56.667490+00:00,A0A2L0V130,uniprot_direct,A0A2L0V130,https://rest.uniprot.org/uniprotkb/A0A2L0V130.json,200,0,success
2026-08-16T03:14:57.623170+00:00,A0A2L0V130,afdb_v6_probe,A0A2L0V130,https://alphafold.ebi.ac.uk/files/AF-A0A2L0V130-F1-model_v6.pdb,404,0,not_found
2026-08-16T03:14:58.689414+00:00,A0A2L0V161,uniprot_direct,A0A2L0V161,https://rest.uniprot.org/uniprotkb/A0A2L0V161.json,200,0,success
2026-08-16T03:15:00.384365+00:00,A0A2L0V161,afdb_v6_probe,A0A2L0V161,https://alphafold.ebi.ac.uk/files/AF-A0A2L0V161-F1-model_v6.pdb,404,0,not_found
2026-08-16T03:15:01.403418+00:00,A0A345MJY6,uniprot_direct,A0A345MJY6,https://rest.uniprot.org/uniprotkb/A0A345MJY6.json,200,0,success
2026-08-16T03:15:02.381905+00:00,A0A345MJY6,afdb_v6_probe,A0A345MJY6,https://alphafold.ebi.ac.uk/files/AF-A0A345MJY6-F1-model_v6.pdb,404,0,not_found
2026-08-16T03:15:03.355857+00:00,A0A516KNH9,uniprot_direct,A0A516KNH9,https://rest.uniprot.org/uniprotkb/A0A516KNH9.json,200,0,success
2026-08-16T03:15:04.373995+00:00,A0A516KNH9,afdb_v6_probe,A0A516KNH9,https://alphafold.ebi.ac.uk/files/AF-A0A516KNH9-F1-model_v6.pdb,404,0,not_found
2026-08-16T03:15:07.204097+00:00,A0A7H0DN19,uniprot_direct,A0A7H0DN19,https://rest.uniprot.org/uniprotkb/A0A7H0DN19.json,200,0,success
2026-08-16T03:15:08.274358+00:00,A0A7H0DN19,afdb_v6_probe,A0A7H0DN19,https://alphafold.ebi.ac.uk/files/AF-A0A7H0DN19-F1-model_v6.pdb,404,0,not_found
2026-08-16T03:15:09.495765+00:00,A0A7H0DN21,uniprot_direct,A0A7H0DN21,https://rest.uniprot.org/uniprotkb/A0A7H0DN21.json,200,0,success
2026-08-16T03:15:10.506580+00:00,A0A7H0DN21,afdb_v6_probe,A0A7H0DN21,https://alphafold.ebi.ac.uk/files/AF-A0A7H0DN21-F1-model_v6.pdb,404,0,not_found
2026-08-16T03:15:11.525604+00:00,A0A7H0DN27,uniprot_direct,A0A7H0DN27,https://rest.uniprot.org/uniprotkb/A0A7H0DN27.json,200,0,success
2026-08-16T03:15:12.550777+00:00,A0A7H0DN27,afdb_v6_probe,A0A7H0DN27,https://alphafold.ebi.ac.uk/files/AF-A0A7H0DN27-F1-model_v6.pdb,404,0,not_found
2026-08-16T03:15:13.585224+00:00,A0A7H0DN30,uniprot_direct,A0A7H0DN30,https://rest.uniprot.org/uniprotkb/A0A7H0DN30.json,200,0,success
2026-08-16T03:15:14.573925+00:00,A0A7H0DN30,afdb_v6_probe,A0A7H0DN30,https://alphafold.ebi.ac.uk/files/AF-A0A7H0DN30-F1-model_v6.pdb,404,0,not_found
2026-08-16T03:15:15.608912+00:00,A0A7H0DN45,uniprot_direct,A0A7H0DN45,https://rest.uniprot.org/uniprotkb/A0A7H0DN45.json,200,0,success
2026-08-16T03:15:16.664189+00:00,A0A7H0DN45,afdb_v6_probe,A0A7H0DN45,https://alphafold.ebi.ac.uk/files/AF-A0A7H0DN45-F1-model_v6.pdb,404,0,not_found
2026-08-16T03:15:17.662794+00:00,A0A7H0DN52,uniprot_direct,A0A7H0DN52,https://rest.uniprot.org/uniprotkb/A0A7H0DN52.json,200,0,success
2026-08-16T03:15:18.723048+00:00,A0A7H0DN52,afdb_v6_probe,A0A7H0DN52,https://alphafold.ebi.ac.uk/files/AF-A0A7H0DN52-F1-model_v6.pdb,404,0,not_found
2026-08-16T03:15:19.797466+00:00,A0A7H0DN56,uniprot_direct,A0A7H0DN56,https://rest.uniprot.org/uniprotkb/A0A7H0DN56.json,200,0,success
2026-08-16T03:15:20.754004+00:00,A0A7H0DN56,afdb_v6_probe,A0A7H0DN56,https://alphafold.ebi.ac.uk/files/AF-A0A7H0DN56-F1-model_v6.pdb,404,0,not_found
2026-08-16T03:15:21.813756+00:00,A0A7H0DN73,uniprot_direct,A0A7H0DN73,https://rest.uniprot.org/uniprotkb/A0A7H0DN73.json,200,0,success
2026-08-16T03:15:22.812932+00:00,A0A7H0DN73,afdb_v6_probe,A0A7H0DN73,https://alphafold.ebi.ac.uk/files/AF-A0A7H0DN73-F1-model_v6.pdb,404,0,not_found
2026-08-16T03:15:23.763089+00:00,A0A7H0DN74,uniprot_direct,A0A7H0DN74,https://rest.uniprot.org/uniprotkb/A0A7H0DN74.json,200,0,success
2026-08-16T03:15:25.738079+00:00,A0A7H0DN74,afdb_v6_probe,A0A7H0DN74,https://alphafold.ebi.ac.uk/files/AF-A0A7H0DN74-F1-model_v6.pdb,404,0,not_found
2026-08-16T03:15:26.778195+00:00,A0A7H0DN78,uniprot_direct,A0A7H0DN78,https://rest.uniprot.org/uniprotkb/A0A7H0DN78.json,200,0,success
2026-08-16T03:15:27.828746+00:00,A0A7H0DN78,afdb_v6_probe,A0A7H0DN78,https://alphafold.ebi.ac.uk/files/AF-A0A7H0DN78-F1-model_v6.pdb,404,0,not_found
2026-08-16T03:15:28.902517+00:00,A0A7H0DN85,uniprot_direct,A0A7H0DN85,https://rest.uniprot.org/uniprotkb/A0A7H0DN85.json,200,0,success
2026-08-16T03:15:29.903269+00:00,A0A7H0DN85,afdb_v6_probe,A0A7H0DN85,https://alphafold.ebi.ac.uk/files/AF-A0A7H0DN85-F1-model_v6.pdb,404,0,not_found
2026-08-16T03:15:30.988318+00:00,A0A7H0DN93,uniprot_direct,A0A7H0DN93,https://rest.uniprot.org/uniprotkb/A0A7H0DN93.json,200,0,success
2026-08-16T03:15:32.002125+00:00,A0A7H0DN93,afdb_v6_probe,A0A7H0DN93,https://alphafold.ebi.ac.uk/files/AF-A0A7H0DN93-F1-model_v6.pdb,404,0,not_found
2026-08-16T03:15:33.052118+00:00,A0A7H0DN95,uniprot_direct,A0A7H0DN95,https://rest.uniprot.org/uniprotkb/A0A7H0DN95.json,200,0,success
2026-08-16T03:15:34.057871+00:00,A0A7H0DN95,afdb_v6_probe,A0A7H0DN95,https://alphafold.ebi.ac.uk/files/AF-A0A7H0DN95-F1-model_v6.pdb,404,0,not_found
2026-08-16T03:15:35.204173+00:00,A0A7H0DNE2,uniprot_direct,A0A7H0DNE2,https://rest.uniprot.org/uniprotkb/A0A7H0DNE2.json,200,0,success
2026-08-16T03:15:36.216573+00:00,A0A7H0DNE2,afdb_v6_probe,A0A7H0DNE2,https://alphafold.ebi.ac.uk/files/AF-A0A7H0DNE2-F1-model_v6.pdb,404,0,not_found
2026-08-16T03:15:37.257238+00:00,A0A7H0DNE5,uniprot_direct,A0A7H0DNE5,https://rest.uniprot.org/uniprotkb/A0A7H0DNE5.json,200,0,success
2026-08-16T03:15:38.272094+00:00,A0A7H0DNE5,afdb_v6_probe,A0A7H0DNE5,https://alphafold.ebi.ac.uk/files/AF-A0A7H0DNE5-F1-model_v6.pdb,404,0,not_found
2026-08-16T03:15:39.259100+00:00,A0A7H0DNE9,uniprot_direct,A0A7H0DNE9,https://rest.uniprot.org/uniprotkb/A0A7H0DNE9.json,200,0,success
2026-08-16T03:15:40.241966+00:00,A0A7H0DNE9,afdb_v6_probe,A0A7H0DNE9,https://alphafold.ebi.ac.uk/files/AF-A0A7H0DNE9-F1-model_v6.pdb,404,0,not_found
2026-08-16T03:15:41.297409+00:00,A0A7H0DNF0,uniprot_direct,A0A7H0DNF0,https://rest.uniprot.org/uniprotkb/A0A7H0DNF0.json,200,0,success
2026-08-16T03:15:42.343555+00:00,A0A7H0DNF0,afdb_v6_probe,A0A7H0DNF0,https://alphafold.ebi.ac.uk/files/AF-A0A7H0DNF0-F1-model_v6.pdb,404,0,not_found
2026-08-16T03:15:43.426483+00:00,A0A7U3TBV3,uniprot_direct,A0A7U3TBV3,https://rest.uniprot.org/uniprotkb/A0A7U3TBV3.json,200,0,success
2026-08-16T03:15:44.384913+00:00,A0A7U3TBV3,afdb_v6_probe,A0A7U3TBV3,https://alphafold.ebi.ac.uk/files/AF-A0A7U3TBV3-F1-model_v6.pdb,404,0,not_found
2026-08-16T03:15:45.754092+00:00,A0A7U3TBV6,uniprot_direct,A0A7U3TBV6,https://rest.uniprot.org/uniprotkb/A0A7U3TBV6.json,200,0,success
2026-08-16T03:15:46.713693+00:00,A0A7U3TBV6,afdb_v6_probe,A0A7U3TBV6,https://alphafold.ebi.ac.uk/files/AF-A0A7U3TBV6-F1-model_v6.pdb,404,0,not_found
2026-08-16T03:15:47.790671+00:00,A0A7U3TCA2,uniprot_direct,A0A7U3TCA2,https://rest.uniprot.org/uniprotkb/A0A7U3TCA2.json,200,0,success
2026-08-16T03:15:48.849459+00:00,A0A7U3TCA2,afdb_v6_probe,A0A7U3TCA2,https://alphafold.ebi.ac.uk/files/AF-A0A7U3TCA2-F1-model_v6.pdb,404,0,not_found
2026-08-16T03:15:49.996810+00:00,A0A868BQY3,uniprot_direct,A0A868BQY3,https://rest.uniprot.org/uniprotkb/A0A868BQY3.json,200,0,success
2026-08-16T03:15:50.994713+00:00,A0A868BQY3,afdb_v6_probe,A0A868BQY3,https://alphafold.ebi.ac.uk/files/AF-A0A868BQY3-F1-model_v6.pdb,404,0,not_found
2026-08-16T03:15:51.985359+00:00,A0A8G1LR08,uniprot_direct,A0A8G1LR08,https://rest.uniprot.org/uniprotkb/A0A8G1LR08.json,200,0,success
2026-08-16T03:15:53.123869+00:00,A0A8G1LR08,afdb_v6_probe,A0A8G1LR08,https://alphafold.ebi.ac.uk/files/AF-A0A8G1LR08-F1-model_v6.pdb,404,0,not_found
2026-08-16T03:15:54.401695+00:00,A0A913XCT1,uniprot_direct,A0A913XCT1,https://rest.uniprot.org/uniprotkb/A0A913XCT1.json,200,0,success
2026-08-16T03:15:55.414182+00:00,A0A913XCT1,afdb_v6_probe,A0A913XCT1,https://alphafold.ebi.ac.uk/files/AF-A0A913XCT1-F1-model_v6.pdb,404,0,not_found
2026-08-16T03:15:56.343281+00:00,A1E952,uniprot_direct,A1E952,https://rest.uniprot.org/uniprotkb/A1E952.json,200,0,success
2026-08-16T03:15:57.354930+00:00,A1E952,afdb_v6_probe,A1E952,https://alphafold.ebi.ac.uk/files/AF-A1E952-F1-model_v6.pdb,404,0,not_found
2026-08-16T03:15:58.454989+00:00,A1VE87,uniprot_direct,A1VE87,https://rest.uniprot.org/uniprotkb/A1VE87.json,200,0,success
2026-08-16T03:16:01.069749+00:00,A1VE87,afdb_v6_probe,A1VE87,https://alphafold.ebi.ac.uk/files/AF-A1VE87-F1-model_v6.pdb,404,0,not_found
2026-08-16T03:16:02.086147+00:00,A1YIZ1,uniprot_direct,A1YIZ1,https://rest.uniprot.org/uniprotkb/A1YIZ1.json,200,0,success
2026-08-16T03:16:03.034901+00:00,A1YIZ1,afdb_v6_probe,A1YIZ1,https://alphafold.ebi.ac.uk/files/AF-A1YIZ1-F1-model_v6.pdb,404,0,not_found
2026-08-16T03:16:04.082056+00:00,A2QDI9,uniprot_direct,A2QDI9,https://rest.uniprot.org/uniprotkb/A2QDI9.json,200,0,success
2026-08-16T03:16:05.180580+00:00,A2QDI9,afdb_v6_probe,A2QDI9,https://alphafold.ebi.ac.uk/files/AF-A2QDI9-F1-model_v6.pdb,404,0,not_found
2026-08-16T03:16:06.539459+00:00,A2T3S5,uniprot_direct,A2T3S5,https://rest.uniprot.org/uniprotkb/A2T3S5.json,200,0,success
2026-08-16T03:16:07.520070+00:00,A2T3S5,afdb_v6_probe,A2T3S5,https://alphafold.ebi.ac.uk/files/AF-A2T3S5-F1-model_v6.pdb,404,0,not_found
2026-08-16T03:16:08.529910+00:00,A3MZ45,uniprot_direct,A3MZ45,https://rest.uniprot.org/uniprotkb/A3MZ45.json,200,0,success
2026-08-16T03:16:09.527992+00:00,A3MZ45,afdb_v6_probe,A3MZ45,https://alphafold.ebi.ac.uk/files/AF-A3MZ45-F1-model_v6.pdb,404,0,not_found
2026-08-16T03:16:10.603933+00:00,A4GT88,uniprot_direct,A4GT88,https://rest.uniprot.org/uniprotkb/A4GT88.json,200,0,success
2026-08-16T03:16:11.620978+00:00,A4GT88,afdb_v6_probe,A4GT88,https://alphafold.ebi.ac.uk/files/AF-A4GT88-F1-model_v6.pdb,404,0,not_found
2026-08-16T03:16:12.638075+00:00,A4KX71,uniprot_direct,A4KX71,https://rest.uniprot.org/uniprotkb/A4KX71.json,200,0,success
2026-08-16T03:16:14.611410+00:00,A4KX71,afdb_v6_probe,A4KX71,https://alphafold.ebi.ac.uk/files/AF-A4KX71-F1-model_v6.pdb,404,0,not_found
2026-08-16T03:16:15.632450+00:00,A4KX74,uniprot_direct,A4KX74,https://rest.uniprot.org/uniprotkb/A4KX74.json,200,0,success
2026-08-16T03:16:16.634138+00:00,A4KX74,afdb_v6_probe,A4KX74,https://alphafold.ebi.ac.uk/files/AF-A4KX74-F1-model_v6.pdb,404,0,not_found
2026-08-16T03:16:17.862348+00:00,A4QDS8,uniprot_direct,A4QDS8,https://rest.uniprot.org/uniprotkb/A4QDS8.json,200,0,success
2026-08-16T03:16:18.834394+00:00,A4QDS8,afdb_v6_probe,A4QDS8,https://alphafold.ebi.ac.uk/files/AF-A4QDS8-F1-model_v6.pdb,404,0,not_found
2026-08-16T03:16:19.810439+00:00,A4ZCW6,uniprot_direct,A4ZCW6,https://rest.uniprot.org/uniprotkb/A4ZCW6.json,200,0,success
2026-08-16T03:16:20.793381+00:00,A4ZCW6,afdb_v6_probe,A4ZCW6,https://alphafold.ebi.ac.uk/files/AF-A4ZCW6-F1-model_v6.pdb,404,0,not_found
2026-08-16T03:16:21.845099+00:00,A4ZU96,uniprot_direct,A4ZU96,https://rest.uniprot.org/uniprotkb/A4ZU96.json,200,0,success
2026-08-16T03:16:22.872720+00:00,A4ZU96,afdb_v6_probe,A4ZU96,https://alphafold.ebi.ac.uk/files/AF-A4ZU96-F1-model_v6.pdb,404,0,not_found
2026-08-16T03:16:23.920778+00:00,A5B4D2,uniprot_direct,A5B4D2,https://rest.uniprot.org/uniprotkb/A5B4D2.json,200,0,success
2026-08-16T03:16:24.878065+00:00,A5B4D2,afdb_v6_probe,A5B4D2,https://alphafold.ebi.ac.uk/files/AF-A5B4D2-F1-model_v6.pdb,404,0,not_found
2026-08-16T03:16:26.095980+00:00,A5HBG1,uniprot_direct,A5HBG1,https://rest.uniprot.org/uniprotkb/A5HBG1.json,200,0,success
2026-08-16T03:16:27.165023+00:00,A5HBG1,afdb_v6_probe,A5HBG1,https://alphafold.ebi.ac.uk/files/AF-A5HBG1-F1-model_v6.pdb,404,0,not_found
2026-08-16T03:16:28.476226+00:00,A5HBG1,afdb_v6_probe,A5HBD6,https://alphafold.ebi.ac.uk/files/AF-A5HBD6-F1-model_v6.pdb,404,0,not_found
2026-08-16T03:16:29.445033+00:00,A5HBG1,afdb_v6_probe,A5HBD9,https://alphafold.ebi.ac.uk/files/AF-A5HBD9-F1-model_v6.pdb,404,0,not_found
2026-08-16T03:16:30.495834+00:00,A5HBG1,afdb_v6_probe,A5HBE6,https://alphafold.ebi.ac.uk/files/AF-A5HBE6-F1-model_v6.pdb,404,0,not_found
2026-08-16T03:16:33.263107+00:00,A5HBG1,afdb_v6_probe,A5HBF1,https://alphafold.ebi.ac.uk/files/AF-A5HBF1-F1-model_v6.pdb,404,0,not_found
2026-08-16T03:16:34.289276+00:00,A5UG02,uniprot_direct,A5UG02,https://rest.uniprot.org/uniprotkb/A5UG02.json,200,0,success
2026-08-16T03:16:35.268377+00:00,A5UG02,afdb_v6_probe,A5UG02,https://alphafold.ebi.ac.uk/files/AF-A5UG02-F1-model_v6.pdb,404,0,not_found
2026-08-16T03:16:36.212700+00:00,A6QP01,uniprot_direct,A6QP01,https://rest.uniprot.org/uniprotkb/A6QP01.json,200,0,success
2026-08-16T03:16:37.193526+00:00,A6QP01,afdb_v6_probe,A6QP01,https://alphafold.ebi.ac.uk/files/AF-A6QP01-F1-model_v6.pdb,404,0,not_found
2026-08-16T03:16:38.248159+00:00,A6TU46,uniprot_direct,A6TU46,https://rest.uniprot.org/uniprotkb/A6TU46.json,200,0,success
2026-08-16T03:16:39.205308+00:00,A6TU46,afdb_v6_probe,A6TU46,https://alphafold.ebi.ac.uk/files/AF-A6TU46-F1-model_v6.pdb,404,0,not_found
2026-08-16T03:16:40.300528+00:00,A7FTE0,uniprot_direct,A7FTE0,https://rest.uniprot.org/uniprotkb/A7FTE0.json,200,0,success
2026-08-16T03:16:41.378055+00:00,A7FTE0,afdb_v6_probe,A7FTE0,https://alphafold.ebi.ac.uk/files/AF-A7FTE0-F1-model_v6.pdb,404,0,not_found
2026-08-16T03:16:42.820162+00:00,A7GCV1,uniprot_direct,A7GCV1,https://rest.uniprot.org/uniprotkb/A7GCV1.json,200,0,success
2026-08-16T03:16:43.769723+00:00,A7GCV1,afdb_v6_probe,A7GCV1,https://alphafold.ebi.ac.uk/files/AF-A7GCV1-F1-model_v6.pdb,404,0,not_found
2026-08-16T03:16:44.783087+00:00,A7J392,uniprot_direct,A7J392,https://rest.uniprot.org/uniprotkb/A7J392.json,200,0,success
2026-08-16T03:16:45.844117+00:00,A7J392,afdb_v6_probe,A7J392,https://alphafold.ebi.ac.uk/files/AF-A7J392-F1-model_v6.pdb,404,0,not_found
2026-08-16T03:16:46.898781+00:00,A7J392,afdb_v6_probe,Q0Q7N4,https://alphafold.ebi.ac.uk/files/AF-Q0Q7N4-F1-model_v6.pdb,404,0,not_found
2026-08-16T03:16:47.951573+00:00,A7J3A0,uniprot_direct,A7J3A0,https://rest.uniprot.org/uniprotkb/A7J3A0.json,200,0,success
2026-08-16T03:16:48.918536+00:00,A7J3A0,afdb_v6_probe,A7J3A0,https://alphafold.ebi.ac.uk/files/AF-A7J3A0-F1-model_v6.pdb,404,0,not_found
2026-08-16T03:16:49.885326+00:00,A7J3A4,uniprot_direct,A7J3A4,https://rest.uniprot.org/uniprotkb/A7J3A4.json,200,0,success
2026-08-16T03:16:50.945648+00:00,A7J3A4,afdb_v6_probe,A7J3A4,https://alphafold.ebi.ac.uk/files/AF-A7J3A4-F1-model_v6.pdb,404,0,not_found
2026-08-16T03:16:51.965680+00:00,A7YD35,uniprot_direct,A7YD35,https://rest.uniprot.org/uniprotkb/A7YD35.json,200,0,success
2026-08-16T03:16:53.010114+00:00,A7YD35,afdb_v6_probe,A7YD35,https://alphafold.ebi.ac.uk/files/AF-A7YD35-F1-model_v6.pdb,404,0,not_found
2026-08-16T03:16:55.208555+00:00,A8MHJ6,uniprot_direct,A8MHJ6,https://rest.uniprot.org/uniprotkb/A8MHJ6.json,200,0,success
2026-08-16T03:16:56.627257+00:00,A8MHJ6,afdb_v6_probe,A8MHJ6,https://alphafold.ebi.ac.uk/files/AF-A8MHJ6-F1-model_v6.pdb,404,0,not_found
2026-08-16T03:16:57.782436+00:00,A8Y984,uniprot_direct,A8Y984,https://rest.uniprot.org/uniprotkb/A8Y984.json,200,0,success
2026-08-16T03:16:58.834981+00:00,A8Y984,afdb_v6_probe,A8Y984,https://alphafold.ebi.ac.uk/files/AF-A8Y984-F1-model_v6.pdb,404,0,not_found
2026-08-16T03:16:59.867871+00:00,A9Q1K9,uniprot_direct,A9Q1K9,https://rest.uniprot.org/uniprotkb/A9Q1K9.json,200,0,success
2026-08-16T03:17:00.842769+00:00,A9Q1K9,afdb_v6_probe,A9Q1K9,https://alphafold.ebi.ac.uk/files/AF-A9Q1K9-F1-model_v6.pdb,404,0,not_found
2026-08-16T03:17:01.894457+00:00,B1NKR1,uniprot_direct,B1NKR1,https://rest.uniprot.org/uniprotkb/B1NKR1.json,200,0,success
2026-08-16T03:17:02.869113+00:00,B1NKR1,afdb_v6_probe,B1NKR1,https://alphafold.ebi.ac.uk/files/AF-B1NKR1-F1-model_v6.pdb,404,0,not_found
2026-08-16T03:17:03.953915+00:00,B1NKR5,uniprot_direct,B1NKR5,https://rest.uniprot.org/uniprotkb/B1NKR5.json,200,0,success
2026-08-16T03:17:04.922832+00:00,B1NKR5,afdb_v6_probe,B1NKR5,https://alphafold.ebi.ac.uk/files/AF-B1NKR5-F1-model_v6.pdb,404,0,not_found
2026-08-16T03:17:06.071198+00:00,B1NKS7,uniprot_direct,B1NKS7,https://rest.uniprot.org/uniprotkb/B1NKS7.json,200,0,success
2026-08-16T03:17:07.039988+00:00,B1NKS7,afdb_v6_probe,B1NKS7,https://alphafold.ebi.ac.uk/files/AF-B1NKS7-F1-model_v6.pdb,404,0,not_found
2026-08-16T03:17:08.071073+00:00,B1NKT1,uniprot_direct,B1NKT1,https://rest.uniprot.org/uniprotkb/B1NKT1.json,200,0,success
2026-08-16T03:17:09.023508+00:00,B1NKT1,afdb_v6_probe,B1NKT1,https://alphafold.ebi.ac.uk/files/AF-B1NKT1-F1-model_v6.pdb,404,0,not_found
2026-08-16T03:17:09.975053+00:00,B1NKT1,afdb_v6_probe,Q1ADF3,https://alphafold.ebi.ac.uk/files/AF-Q1ADF3-F1-model_v6.pdb,404,0,not_found
2026-08-16T03:17:11.019271+00:00,B1NKT9,uniprot_direct,B1NKT9,https://rest.uniprot.org/uniprotkb/B1NKT9.json,200,0,success
2026-08-16T03:17:33.010368+00:00,B1NKT9,afdb_v6_probe,B1NKT9,https://alphafold.ebi.ac.uk/files/AF-B1NKT9-F1-model_v6.pdb,404,1,not_found
2026-08-16T03:17:33.973205+00:00,B1NKT9,afdb_v6_probe,Q6WNW0,https://alphafold.ebi.ac.uk/files/AF-Q6WNW0-F1-model_v6.pdb,404,0,not_found
2026-08-16T03:17:34.945675+00:00,B1NKU3,uniprot_direct,B1NKU3,https://rest.uniprot.org/uniprotkb/B1NKU3.json,200,0,success
2026-08-16T03:17:35.900470+00:00,B1NKU3,afdb_v6_probe,B1NKU3,https://alphafold.ebi.ac.uk/files/AF-B1NKU3-F1-model_v6.pdb,404,0,not_found
2026-08-16T03:17:37.233150+00:00,B1NKU3,afdb_v6_probe,Q6WNW2,https://alphafold.ebi.ac.uk/files/AF-Q6WNW2-F1-model_v6.pdb,404,0,not_found
2026-08-16T03:17:38.297671+00:00,B2BMF9,uniprot_direct,B2BMF9,https://rest.uniprot.org/uniprotkb/B2BMF9.json,200,0,success
2026-08-16T03:17:39.350762+00:00,B2BMF9,afdb_v6_probe,B2BMF9,https://alphafold.ebi.ac.uk/files/AF-B2BMF9-F1-model_v6.pdb,404,0,not_found
2026-08-16T03:17:40.385409+00:00,B2BW43,uniprot_direct,B2BW43,https://rest.uniprot.org/uniprotkb/B2BW43.json,200,0,success
2026-08-16T03:17:41.350898+00:00,B2BW43,afdb_v6_probe,B2BW43,https://alphafold.ebi.ac.uk/files/AF-B2BW43-F1-model_v6.pdb,404,0,not_found
2026-08-16T03:17:42.375185+00:00,B2S2W8,uniprot_direct,B2S2W8,https://rest.uniprot.org/uniprotkb/B2S2W8.json,200,0,success
2026-08-16T03:17:43.324752+00:00,B2S2W8,afdb_v6_probe,B2S2W8,https://alphafold.ebi.ac.uk/files/AF-B2S2W8-F1-model_v6.pdb,404,0,not_found
2026-08-16T03:17:44.349462+00:00,B3A0L6,uniprot_direct,B3A0L6,https://rest.uniprot.org/uniprotkb/B3A0L6.json,200,0,success
2026-08-16T03:17:47.179040+00:00,B3A0L6,afdb_v6_probe,B3A0L6,https://alphafold.ebi.ac.uk/files/AF-B3A0L6-F1-model_v6.pdb,404,0,not_found
2026-08-16T03:17:48.437601+00:00,B3E7F7,uniprot_direct,B3E7F7,https://rest.uniprot.org/uniprotkb/B3E7F7.json,200,0,success
2026-08-16T03:17:49.420006+00:00,B3E7F7,afdb_v6_probe,B3E7F7,https://alphafold.ebi.ac.uk/files/AF-B3E7F7-F1-model_v6.pdb,404,0,not_found
2026-08-16T03:17:50.466899+00:00,B3EWG7,uniprot_direct,B3EWG7,https://rest.uniprot.org/uniprotkb/B3EWG7.json,200,0,success
2026-08-16T03:17:51.447741+00:00,B3EWG7,afdb_v6_probe,B3EWG7,https://alphafold.ebi.ac.uk/files/AF-B3EWG7-F1-model_v6.pdb,404,0,not_found
2026-08-16T03:17:52.507566+00:00,B3EWG8,uniprot_direct,B3EWG8,https://rest.uniprot.org/uniprotkb/B3EWG8.json,200,0,success
2026-08-16T03:17:53.543028+00:00,B3EWG8,afdb_v6_probe,B3EWG8,https://alphafold.ebi.ac.uk/files/AF-B3EWG8-F1-model_v6.pdb,404,0,not_found
2026-08-16T03:17:54.503019+00:00,B3F2X7,uniprot_direct,B3F2X7,https://rest.uniprot.org/uniprotkb/B3F2X7.json,200,0,success
2026-08-16T03:17:55.463193+00:00,B3F2X7,afdb_v6_probe,B3F2X7,https://alphafold.ebi.ac.uk/files/AF-B3F2X7-F1-model_v6.pdb,404,0,not_found
2026-08-16T03:18:17.496797+00:00,B3FK34,uniprot_direct,B3FK34,https://rest.uniprot.org/uniprotkb/B3FK34.json,200,1,success
2026-08-16T03:18:18.485576+00:00,B3FK34,afdb_v6_probe,B3FK34,https://alphafold.ebi.ac.uk/files/AF-B3FK34-F1-model_v6.pdb,404,0,not_found
2026-08-16T03:18:19.433357+00:00,B3Y522,uniprot_direct,B3Y522,https://rest.uniprot.org/uniprotkb/B3Y522.json,200,0,success
2026-08-16T03:18:20.447120+00:00,B3Y522,afdb_v6_probe,B3Y522,https://alphafold.ebi.ac.uk/files/AF-B3Y522-F1-model_v6.pdb,404,0,not_found
2026-08-16T03:18:21.531289+00:00,B5E1P6,uniprot_direct,B5E1P6,https://rest.uniprot.org/uniprotkb/B5E1P6.json,200,0,success
2026-08-16T03:18:22.504990+00:00,B5E1P6,afdb_v6_probe,B5E1P6,https://alphafold.ebi.ac.uk/files/AF-B5E1P6-F1-model_v6.pdb,404,0,not_found
2026-08-16T03:18:23.459408+00:00,B5E1Q6,uniprot_direct,B5E1Q6,https://rest.uniprot.org/uniprotkb/B5E1Q6.json,200,0,success
2026-08-16T03:18:24.450385+00:00,B5E1Q6,afdb_v6_probe,B5E1Q6,https://alphafold.ebi.ac.uk/files/AF-B5E1Q6-F1-model_v6.pdb,404,0,not_found
2026-08-16T03:18:25.842947+00:00,B5E1U9,uniprot_direct,B5E1U9,https://rest.uniprot.org/uniprotkb/B5E1U9.json,200,0,success
2026-08-16T03:18:26.828877+00:00,B5E1U9,afdb_v6_probe,B5E1U9,https://alphafold.ebi.ac.uk/files/AF-B5E1U9-F1-model_v6.pdb,404,0,not_found
2026-08-16T03:18:27.981340+00:00,B5E217,uniprot_direct,B5E217,https://rest.uniprot.org/uniprotkb/B5E217.json,200,0,success
2026-08-16T03:18:29.038349+00:00,B5E217,afdb_v6_probe,B5E217,https://alphafold.ebi.ac.uk/files/AF-B5E217-F1-model_v6.pdb,404,0,not_found
2026-08-16T03:18:30.073697+00:00,B5E2R3,uniprot_direct,B5E2R3,https://rest.uniprot.org/uniprotkb/B5E2R3.json,200,0,success
2026-08-16T03:18:31.066692+00:00,B5E2R3,afdb_v6_probe,B5E2R3,https://alphafold.ebi.ac.uk/files/AF-B5E2R3-F1-model_v6.pdb,404,0,not_found
2026-08-16T03:18:32.127742+00:00,B5E379,uniprot_direct,B5E379,https://rest.uniprot.org/uniprotkb/B5E379.json,200,0,success
2026-08-16T03:18:33.176140+00:00,B5E379,afdb_v6_probe,B5E379,https://alphafold.ebi.ac.uk/files/AF-B5E379-F1-model_v6.pdb,404,0,not_found
2026-08-16T03:18:34.268327+00:00,B5E399,uniprot_direct,B5E399,https://rest.uniprot.org/uniprotkb/B5E399.json,200,0,success
2026-08-16T03:18:35.272391+00:00,B5E399,afdb_v6_probe,B5E399,https://alphafold.ebi.ac.uk/files/AF-B5E399-F1-model_v6.pdb,404,0,not_found
2026-08-16T03:18:36.515013+00:00,B5E3C8,uniprot_direct,B5E3C8,https://rest.uniprot.org/uniprotkb/B5E3C8.json,200,0,success
2026-08-16T03:18:37.760057+00:00,B5E3C8,afdb_v6_probe,B5E3C8,https://alphafold.ebi.ac.uk/files/AF-B5E3C8-F1-model_v6.pdb,404,0,not_found
2026-08-16T03:18:38.795849+00:00,B5E4A8,uniprot_direct,B5E4A8,https://rest.uniprot.org/uniprotkb/B5E4A8.json,200,0,success
2026-08-16T03:18:39.862799+00:00,B5E4A8,afdb_v6_probe,B5E4A8,https://alphafold.ebi.ac.uk/files/AF-B5E4A8-F1-model_v6.pdb,404,0,not_found
2026-08-16T03:18:41.010257+00:00,B5E4E3,uniprot_direct,B5E4E3,https://rest.uniprot.org/uniprotkb/B5E4E3.json,200,0,success
2026-08-16T03:18:41.963556+00:00,B5E4E3,afdb_v6_probe,B5E4E3,https://alphafold.ebi.ac.uk/files/AF-B5E4E3-F1-model_v6.pdb,404,0,not_found
2026-08-16T03:18:43.039084+00:00,B5E4L2,uniprot_direct,B5E4L2,https://rest.uniprot.org/uniprotkb/B5E4L2.json,200,0,success
2026-08-16T03:18:44.099740+00:00,B5E4L2,afdb_v6_probe,B5E4L2,https://alphafold.ebi.ac.uk/files/AF-B5E4L2-F1-model_v6.pdb,404,0,not_found
2026-08-16T03:18:45.098126+00:00,B5E4N4,uniprot_direct,B5E4N4,https://rest.uniprot.org/uniprotkb/B5E4N4.json,200,0,success
2026-08-16T03:18:46.079972+00:00,B5E4N4,afdb_v6_probe,B5E4N4,https://alphafold.ebi.ac.uk/files/AF-B5E4N4-F1-model_v6.pdb,404,0,not_found
2026-08-16T03:18:47.114397+00:00,B5E4T0,uniprot_direct,B5E4T0,https://rest.uniprot.org/uniprotkb/B5E4T0.json,200,0,success
2026-08-16T03:18:48.105173+00:00,B5E4T0,afdb_v6_probe,B5E4T0,https://alphafold.ebi.ac.uk/files/AF-B5E4T0-F1-model_v6.pdb,404,0,not_found
2026-08-16T03:18:49.861445+00:00,B5E4U6,uniprot_direct,B5E4U6,https://rest.uniprot.org/uniprotkb/B5E4U6.json,200,0,success
2026-08-16T03:18:50.880653+00:00,B5E4U6,afdb_v6_probe,B5E4U6,https://alphafold.ebi.ac.uk/files/AF-B5E4U6-F1-model_v6.pdb,404,0,not_found
2026-08-16T03:18:51.853432+00:00,B5E4Y3,uniprot_direct,B5E4Y3,https://rest.uniprot.org/uniprotkb/B5E4Y3.json,200,0,success
2026-08-16T03:18:52.808380+00:00,B5E4Y3,afdb_v6_probe,B5E4Y3,https://alphafold.ebi.ac.uk/files/AF-B5E4Y3-F1-model_v6.pdb,404,0,not_found
2026-08-16T03:18:55.070141+00:00,B5E552,uniprot_direct,B5E552,https://rest.uniprot.org/uniprotkb/B5E552.json,200,0,success
2026-08-16T03:18:56.127357+00:00,B5E552,afdb_v6_probe,B5E552,https://alphafold.ebi.ac.uk/files/AF-B5E552-F1-model_v6.pdb,404,0,not_found
2026-08-16T03:18:57.561073+00:00,B5E5J6,uniprot_direct,B5E5J6,https://rest.uniprot.org/uniprotkb/B5E5J6.json,200,0,success
2026-08-16T03:18:58.571508+00:00,B5E5J6,afdb_v6_probe,B5E5J6,https://alphafold.ebi.ac.uk/files/AF-B5E5J6-F1-model_v6.pdb,404,0,not_found
2026-08-16T03:18:59.660397+00:00,B5E5N2,uniprot_direct,B5E5N2,https://rest.uniprot.org/uniprotkb/B5E5N2.json,200,0,success
2026-08-16T03:19:00.625748+00:00,B5E5N2,afdb_v6_probe,B5E5N2,https://alphafold.ebi.ac.uk/files/AF-B5E5N2-F1-model_v6.pdb,404,0,not_found
2026-08-16T03:19:01.768095+00:00,B5E5N3,uniprot_direct,B5E5N3,https://rest.uniprot.org/uniprotkb/B5E5N3.json,200,0,success
2026-08-16T03:19:02.749191+00:00,B5E5N3,afdb_v6_probe,B5E5N3,https://alphafold.ebi.ac.uk/files/AF-B5E5N3-F1-model_v6.pdb,404,0,not_found
2026-08-16T03:19:03.946553+00:00,B5E5P6,uniprot_direct,B5E5P6,https://rest.uniprot.org/uniprotkb/B5E5P6.json,200,0,success
2026-08-16T03:19:04.927533+00:00,B5E5P6,afdb_v6_probe,B5E5P6,https://alphafold.ebi.ac.uk/files/AF-B5E5P6-F1-model_v6.pdb,404,0,not_found
2026-08-16T03:19:05.879707+00:00,B5E5S4,uniprot_direct,B5E5S4,https://rest.uniprot.org/uniprotkb/B5E5S4.json,200,0,success
2026-08-16T03:19:06.867789+00:00,B5E5S4,afdb_v6_probe,B5E5S4,https://alphafold.ebi.ac.uk/files/AF-B5E5S4-F1-model_v6.pdb,404,0,not_found
2026-08-16T03:19:07.899216+00:00,B5E5U9,uniprot_direct,B5E5U9,https://rest.uniprot.org/uniprotkb/B5E5U9.json,200,0,success
2026-08-16T03:19:09.298035+00:00,B5E5U9,afdb_v6_probe,B5E5U9,https://alphafold.ebi.ac.uk/files/AF-B5E5U9-F1-model_v6.pdb,404,0,not_found
2026-08-16T03:19:10.755689+00:00,B5E5W0,uniprot_direct,B5E5W0,https://rest.uniprot.org/uniprotkb/B5E5W0.json,200,0,success
2026-08-16T03:19:11.797843+00:00,B5E5W0,afdb_v6_probe,B5E5W0,https://alphafold.ebi.ac.uk/files/AF-B5E5W0-F1-model_v6.pdb,404,0,not_found
2026-08-16T03:19:13.109064+00:00,B5E5X4,uniprot_direct,B5E5X4,https://rest.uniprot.org/uniprotkb/B5E5X4.json,200,0,success
2026-08-16T03:19:14.094461+00:00,B5E5X4,afdb_v6_probe,B5E5X4,https://alphafold.ebi.ac.uk/files/AF-B5E5X4-F1-model_v6.pdb,404,0,not_found
2026-08-16T03:19:15.094298+00:00,B5E605,uniprot_direct,B5E605,https://rest.uniprot.org/uniprotkb/B5E605.json,200,0,success
2026-08-16T03:19:16.485319+00:00,B5E605,afdb_v6_probe,B5E605,https://alphafold.ebi.ac.uk/files/AF-B5E605-F1-model_v6.pdb,404,0,not_found
2026-08-16T03:19:18.365960+00:00,B5E670,uniprot_direct,B5E670,https://rest.uniprot.org/uniprotkb/B5E670.json,200,0,success
2026-08-16T03:19:19.328056+00:00,B5E670,afdb_v6_probe,B5E670,https://alphafold.ebi.ac.uk/files/AF-B5E670-F1-model_v6.pdb,404,0,not_found
2026-08-16T03:19:20.439980+00:00,B5E6K3,uniprot_direct,B5E6K3,https://rest.uniprot.org/uniprotkb/B5E6K3.json,200,0,success
2026-08-16T03:19:21.715752+00:00,B5E6K3,afdb_v6_probe,B5E6K3,https://alphafold.ebi.ac.uk/files/AF-B5E6K3-F1-model_v6.pdb,404,0,not_found
2026-08-16T03:19:22.934922+00:00,B5E6K6,uniprot_direct,B5E6K6,https://rest.uniprot.org/uniprotkb/B5E6K6.json,200,0,success
2026-08-16T03:19:23.993976+00:00,B5E6K6,afdb_v6_probe,B5E6K6,https://alphafold.ebi.ac.uk/files/AF-B5E6K6-F1-model_v6.pdb,404,0,not_found
2026-08-16T03:19:24.958346+00:00,B5E6L9,uniprot_direct,B5E6L9,https://rest.uniprot.org/uniprotkb/B5E6L9.json,200,0,success
2026-08-16T03:19:26.016471+00:00,B5E6L9,afdb_v6_probe,B5E6L9,https://alphafold.ebi.ac.uk/files/AF-B5E6L9-F1-model_v6.pdb,404,0,not_found
2026-08-16T03:19:27.163406+00:00,B5E6M0,uniprot_direct,B5E6M0,https://rest.uniprot.org/uniprotkb/B5E6M0.json,200,0,success
2026-08-16T03:19:28.132878+00:00,B5E6M0,afdb_v6_probe,B5E6M0,https://alphafold.ebi.ac.uk/files/AF-B5E6M0-F1-model_v6.pdb,404,0,not_found
2026-08-16T03:19:29.116258+00:00,B5E7F2,uniprot_direct,B5E7F2,https://rest.uniprot.org/uniprotkb/B5E7F2.json,200,0,success
2026-08-16T03:19:30.069517+00:00,B5E7F2,afdb_v6_probe,B5E7F2,https://alphafold.ebi.ac.uk/files/AF-B5E7F2-F1-model_v6.pdb,404,0,not_found
2026-08-16T03:19:31.153193+00:00,B5EBG1,uniprot_direct,B5EBG1,https://rest.uniprot.org/uniprotkb/B5EBG1.json,200,0,success
2026-08-16T03:19:32.113515+00:00,B5EBG1,afdb_v6_probe,B5EBG1,https://alphafold.ebi.ac.uk/files/AF-B5EBG1-F1-model_v6.pdb,404,0,not_found
2026-08-16T03:19:33.145652+00:00,B5WWZ9,uniprot_direct,B5WWZ9,https://rest.uniprot.org/uniprotkb/B5WWZ9.json,200,0,success
2026-08-16T03:19:34.441283+00:00,B5WWZ9,afdb_v6_probe,B5WWZ9,https://alphafold.ebi.ac.uk/files/AF-B5WWZ9-F1-model_v6.pdb,404,0,not_found
2026-08-16T03:19:35.462576+00:00,B7JIE1,uniprot_direct,B7JIE1,https://rest.uniprot.org/uniprotkb/B7JIE1.json,200,0,success
2026-08-16T03:19:37.150327+00:00,B7JIE1,afdb_v6_probe,B7JIE1,https://alphafold.ebi.ac.uk/files/AF-B7JIE1-F1-model_v6.pdb,404,0,not_found
2026-08-16T03:19:38.185554+00:00,B7JIX2,uniprot_direct,B7JIX2,https://rest.uniprot.org/uniprotkb/B7JIX2.json,200,0,success
2026-08-16T03:19:39.154155+00:00,B7JIX2,afdb_v6_probe,B7JIX2,https://alphafold.ebi.ac.uk/files/AF-B7JIX2-F1-model_v6.pdb,404,0,not_found
2026-08-16T03:19:40.216258+00:00,B8B8K5,uniprot_direct,B8B8K5,https://rest.uniprot.org/uniprotkb/B8B8K5.json,200,0,success
2026-08-16T03:19:41.232377+00:00,B8B8K5,afdb_v6_probe,B8B8K5,https://alphafold.ebi.ac.uk/files/AF-B8B8K5-F1-model_v6.pdb,404,0,not_found
2026-08-16T03:19:42.221648+00:00,B8DNL1,uniprot_direct,B8DNL1,https://rest.uniprot.org/uniprotkb/B8DNL1.json,200,0,success
2026-08-16T03:19:43.328546+00:00,B8DNL1,afdb_v6_probe,B8DNL1,https://alphafold.ebi.ac.uk/files/AF-B8DNL1-F1-model_v6.pdb,404,0,not_found
2026-08-16T03:19:44.301960+00:00,B9A1H3,uniprot_direct,B9A1H3,https://rest.uniprot.org/uniprotkb/B9A1H3.json,200,0,success
2026-08-16T03:19:45.290724+00:00,B9A1H3,afdb_v6_probe,B9A1H3,https://alphafold.ebi.ac.uk/files/AF-B9A1H3-F1-model_v6.pdb,404,0,not_found
2026-08-16T03:19:46.263549+00:00,B9UYK5,uniprot_direct,B9UYK5,https://rest.uniprot.org/uniprotkb/B9UYK5.json,200,0,success
2026-08-16T03:19:47.295379+00:00,B9UYK5,afdb_v6_probe,B9UYK5,https://alphafold.ebi.ac.uk/files/AF-B9UYK5-F1-model_v6.pdb,404,0,not_found
2026-08-16T03:19:48.258412+00:00,B9UYK5,afdb_v6_probe,C6KF52,https://alphafold.ebi.ac.uk/files/AF-C6KF52-F1-model_v6.pdb,404,0,not_found
2026-08-16T03:19:49.290805+00:00,B9UYK7,uniprot_direct,B9UYK7,https://rest.uniprot.org/uniprotkb/B9UYK7.json,200,0,success
2026-08-16T03:19:50.294511+00:00,B9UYK7,afdb_v6_probe,B9UYK7,https://alphafold.ebi.ac.uk/files/AF-B9UYK7-F1-model_v6.pdb,404,0,not_found
2026-08-16T03:19:51.320357+00:00,B9UYK7,afdb_v6_probe,B9UYK8,https://alphafold.ebi.ac.uk/files/AF-B9UYK8-F1-model_v6.pdb,404,0,not_found
2026-08-16T03:19:52.327961+00:00,C0HJL9,uniprot_direct,C0HJL9,https://rest.uniprot.org/uniprotkb/C0HJL9.json,200,0,success
2026-08-16T03:19:53.321498+00:00,C0HJL9,afdb_v6_probe,C0HJL9,https://alphafold.ebi.ac.uk/files/AF-C0HJL9-F1-model_v6.pdb,404,0,not_found
2026-08-16T03:19:54.714374+00:00,C1IWT2,uniprot_direct,C1IWT2,https://rest.uniprot.org/uniprotkb/C1IWT2.json,200,0,success
2026-08-16T03:19:55.698798+00:00,C1IWT2,afdb_v6_probe,C1IWT2,https://alphafold.ebi.ac.uk/files/AF-C1IWT2-F1-model_v6.pdb,404,0,not_found
2026-08-16T03:19:56.701478+00:00,C1IWT2,afdb_v6_probe,C1IWT3,https://alphafold.ebi.ac.uk/files/AF-C1IWT3-F1-model_v6.pdb,404,0,not_found
2026-08-16T03:19:57.710901+00:00,C3RZA1,uniprot_direct,C3RZA1,https://rest.uniprot.org/uniprotkb/C3RZA1.json,200,0,success
2026-08-16T03:19:58.784298+00:00,C3RZA1,afdb_v6_probe,C3RZA1,https://alphafold.ebi.ac.uk/files/AF-C3RZA1-F1-model_v6.pdb,404,0,not_found
2026-08-16T03:20:00.084000+00:00,C5IY43,uniprot_direct,C5IY43,https://rest.uniprot.org/uniprotkb/C5IY43.json,200,0,success
2026-08-16T03:20:01.404579+00:00,C5IY43,afdb_v6_probe,C5IY43,https://alphafold.ebi.ac.uk/files/AF-C5IY43-F1-model_v6.pdb,404,0,not_found
2026-08-16T03:20:02.366191+00:00,C5IY43,afdb_v6_probe,C5IY44,https://alphafold.ebi.ac.uk/files/AF-C5IY44-F1-model_v6.pdb,404,0,not_found
2026-08-16T03:20:03.332362+00:00,C5IY46,uniprot_direct,C5IY46,https://rest.uniprot.org/uniprotkb/C5IY46.json,200,0,success
2026-08-16T03:20:04.277665+00:00,C5IY46,afdb_v6_probe,C5IY46,https://alphafold.ebi.ac.uk/files/AF-C5IY46-F1-model_v6.pdb,404,0,not_found
2026-08-16T03:20:05.265238+00:00,C5IY46,afdb_v6_probe,C5IY47,https://alphafold.ebi.ac.uk/files/AF-C5IY47-F1-model_v6.pdb,404,0,not_found
2026-08-16T03:20:06.964424+00:00,C5IY48,uniprot_direct,C5IY48,https://rest.uniprot.org/uniprotkb/C5IY48.json,200,0,success
2026-08-16T03:20:07.953466+00:00,C5IY48,afdb_v6_probe,C5IY48,https://alphafold.ebi.ac.uk/files/AF-C5IY48-F1-model_v6.pdb,404,0,not_found
2026-08-16T03:20:08.908109+00:00,C5IY48,afdb_v6_probe,C1IWT0,https://alphafold.ebi.ac.uk/files/AF-C1IWT0-F1-model_v6.pdb,404,0,not_found
2026-08-16T03:20:09.949612+00:00,C6E5Z5,uniprot_direct,C6E5Z5,https://rest.uniprot.org/uniprotkb/C6E5Z5.json,200,0,success
2026-08-16T03:20:10.973949+00:00,C6E5Z5,afdb_v6_probe,C6E5Z5,https://alphafold.ebi.ac.uk/files/AF-C6E5Z5-F1-model_v6.pdb,404,0,not_found
2026-08-16T03:20:12.224856+00:00,C8XPS0,uniprot_direct,C8XPS0,https://rest.uniprot.org/uniprotkb/C8XPS0.json,200,0,success
2026-08-16T03:20:13.243438+00:00,C8XPS0,afdb_v6_probe,C8XPS0,https://alphafold.ebi.ac.uk/files/AF-C8XPS0-F1-model_v6.pdb,404,0,not_found
2026-08-16T03:20:14.512930+00:00,C9DG80,uniprot_direct,C9DG80,https://rest.uniprot.org/uniprotkb/C9DG80.json,200,0,success
2026-08-16T03:20:15.563397+00:00,C9DG80,afdb_v6_probe,C9DG80,https://alphafold.ebi.ac.uk/files/AF-C9DG80-F1-model_v6.pdb,404,0,not_found
2026-08-16T03:20:16.581374+00:00,C9DGK1,uniprot_direct,C9DGK1,https://rest.uniprot.org/uniprotkb/C9DGK1.json,200,0,success
2026-08-16T03:20:17.558495+00:00,C9DGK1,afdb_v6_probe,C9DGK1,https://alphafold.ebi.ac.uk/files/AF-C9DGK1-F1-model_v6.pdb,404,0,not_found
2026-08-16T03:20:18.865829+00:00,D0EZM8,uniprot_direct,D0EZM8,https://rest.uniprot.org/uniprotkb/D0EZM8.json,200,0,success
2026-08-16T03:20:19.880874+00:00,D0EZM8,afdb_v6_probe,D0EZM8,https://alphafold.ebi.ac.uk/files/AF-D0EZM8-F1-model_v6.pdb,404,0,not_found
2026-08-16T03:20:20.908273+00:00,D0EZM8,afdb_v6_probe,A0A068B244,https://alphafold.ebi.ac.uk/files/AF-A0A068B244-F1-model_v6.pdb,404,0,not_found
2026-08-16T03:20:21.886395+00:00,D0EZM8,afdb_v6_probe,A0A1L2DWK9,https://alphafold.ebi.ac.uk/files/AF-A0A1L2DWK9-F1-model_v6.pdb,404,0,not_found
2026-08-16T03:20:22.883026+00:00,D0EZM8,afdb_v6_probe,A0A384KU82,https://alphafold.ebi.ac.uk/files/AF-A0A384KU82-F1-model_v6.pdb,404,0,not_found
2026-08-16T03:20:23.843685+00:00,D0EZM8,afdb_v6_probe,H9CWJ3,https://alphafold.ebi.ac.uk/files/AF-H9CWJ3-F1-model_v6.pdb,404,0,not_found
2026-08-16T03:20:24.956168+00:00,D0EZM8,afdb_v6_probe,J9RYC4,https://alphafold.ebi.ac.uk/files/AF-J9RYC4-F1-model_v6.pdb,404,0,not_found
2026-08-16T03:20:26.048083+00:00,D0EZM8,afdb_v6_probe,J9SK89,https://alphafold.ebi.ac.uk/files/AF-J9SK89-F1-model_v6.pdb,404,0,not_found
2026-08-16T03:20:27.566062+00:00,D0EZM8,afdb_v6_probe,Q3YPH6,https://alphafold.ebi.ac.uk/files/AF-Q3YPH6-F1-model_v6.pdb,404,0,not_found
2026-08-16T03:20:28.674231+00:00,D1L2Y9,uniprot_direct,D1L2Y9,https://rest.uniprot.org/uniprotkb/D1L2Y9.json,200,0,success
2026-08-16T03:20:29.633338+00:00,D1L2Y9,afdb_v6_probe,D1L2Y9,https://alphafold.ebi.ac.uk/files/AF-D1L2Y9-F1-model_v6.pdb,404,0,not_found
2026-08-16T03:20:30.659217+00:00,D3XDS2,uniprot_direct,D3XDS2,https://rest.uniprot.org/uniprotkb/D3XDS2.json,200,0,success
2026-08-16T03:20:31.675327+00:00,D3XDS2,afdb_v6_probe,D3XDS2,https://alphafold.ebi.ac.uk/files/AF-D3XDS2-F1-model_v6.pdb,404,0,not_found
2026-08-16T03:20:32.782233+00:00,D4N3P2,uniprot_direct,D4N3P2,https://rest.uniprot.org/uniprotkb/D4N3P2.json,200,0,success
2026-08-16T03:20:34.166064+00:00,D4N3P2,afdb_v6_probe,D4N3P2,https://alphafold.ebi.ac.uk/files/AF-D4N3P2-F1-model_v6.pdb,404,0,not_found
2026-08-16T03:20:35.165893+00:00,D9ICP2,uniprot_direct,D9ICP2,https://rest.uniprot.org/uniprotkb/D9ICP2.json,200,0,success
2026-08-16T03:20:36.171807+00:00,D9ICP2,afdb_v6_probe,D9ICP2,https://alphafold.ebi.ac.uk/files/AF-D9ICP2-F1-model_v6.pdb,404,0,not_found
2026-08-16T03:20:37.151241+00:00,E1XT70,uniprot_direct,E1XT70,https://rest.uniprot.org/uniprotkb/E1XT70.json,200,0,success
2026-08-16T03:20:38.114187+00:00,E1XT70,afdb_v6_probe,E1XT70,https://alphafold.ebi.ac.uk/files/AF-E1XT70-F1-model_v6.pdb,404,0,not_found
2026-08-16T03:20:39.182379+00:00,E1XTJ1,uniprot_direct,E1XTJ1,https://rest.uniprot.org/uniprotkb/E1XTJ1.json,200,0,success
2026-08-16T03:20:40.173742+00:00,E1XTJ1,afdb_v6_probe,E1XTJ1,https://alphafold.ebi.ac.uk/files/AF-E1XTJ1-F1-model_v6.pdb,404,0,not_found
2026-08-16T03:20:41.514069+00:00,E1XTK3,uniprot_direct,E1XTK3,https://rest.uniprot.org/uniprotkb/E1XTK3.json,200,0,success
2026-08-16T03:20:42.524380+00:00,E1XTK3,afdb_v6_probe,E1XTK3,https://alphafold.ebi.ac.uk/files/AF-E1XTK3-F1-model_v6.pdb,404,0,not_found
2026-08-16T03:20:44.008311+00:00,E1XTK6,uniprot_direct,E1XTK6,https://rest.uniprot.org/uniprotkb/E1XTK6.json,200,0,success
2026-08-16T03:20:45.026696+00:00,E1XTK6,afdb_v6_probe,E1XTK6,https://alphafold.ebi.ac.uk/files/AF-E1XTK6-F1-model_v6.pdb,404,0,not_found
2026-08-16T03:20:46.058932+00:00,E3SEW0,uniprot_direct,E3SEW0,https://rest.uniprot.org/uniprotkb/E3SEW0.json,200,0,success
2026-08-16T03:20:47.123494+00:00,E3SEW0,afdb_v6_probe,E3SEW0,https://alphafold.ebi.ac.uk/files/AF-E3SEW0-F1-model_v6.pdb,404,0,not_found
2026-08-16T03:21:10.551150+00:00,E5EYS5,uniprot_direct,E5EYS5,https://rest.uniprot.org/uniprotkb/E5EYS5.json,200,1,success
2026-08-16T03:21:11.525510+00:00,E5EYS5,afdb_v6_probe,E5EYS5,https://alphafold.ebi.ac.uk/files/AF-E5EYS5-F1-model_v6.pdb,404,0,not_found
2026-08-16T03:21:13.671833+00:00,F2Z9C1,uniprot_direct,F2Z9C1,https://rest.uniprot.org/uniprotkb/F2Z9C1.json,200,0,success
2026-08-16T03:21:14.660857+00:00,F2Z9C1,afdb_v6_probe,F2Z9C1,https://alphafold.ebi.ac.uk/files/AF-F2Z9C1-F1-model_v6.pdb,404,0,not_found
2026-08-16T03:21:16.421625+00:00,F5HAW0,uniprot_direct,F5HAW0,https://rest.uniprot.org/uniprotkb/F5HAW0.json,200,0,success
2026-08-16T03:21:17.401122+00:00,F5HAW0,afdb_v6_probe,F5HAW0,https://alphafold.ebi.ac.uk/files/AF-F5HAW0-F1-model_v6.pdb,404,0,not_found
2026-08-16T03:21:18.670209+00:00,F5HB62,uniprot_direct,F5HB62,https://rest.uniprot.org/uniprotkb/F5HB62.json,200,0,success
2026-08-16T03:21:19.682745+00:00,F5HB62,afdb_v6_probe,F5HB62,https://alphafold.ebi.ac.uk/files/AF-F5HB62-F1-model_v6.pdb,404,0,not_found
2026-08-16T03:21:20.726111+00:00,F5HGH5,uniprot_direct,F5HGH5,https://rest.uniprot.org/uniprotkb/F5HGH5.json,200,0,success
2026-08-16T03:21:21.718509+00:00,F5HGH5,afdb_v6_probe,F5HGH5,https://alphafold.ebi.ac.uk/files/AF-F5HGH5-F1-model_v6.pdb,404,0,not_found
2026-08-16T03:21:23.007382+00:00,F8SJR0,uniprot_direct,F8SJR0,https://rest.uniprot.org/uniprotkb/F8SJR0.json,200,0,success
2026-08-16T03:21:23.988217+00:00,F8SJR0,afdb_v6_probe,F8SJR0,https://alphafold.ebi.ac.uk/files/AF-F8SJR0-F1-model_v6.pdb,404,0,not_found
2026-08-16T03:21:25.950058+00:00,G3FFN4,uniprot_direct,G3FFN4,https://rest.uniprot.org/uniprotkb/G3FFN4.json,200,0,success
2026-08-16T03:21:26.940358+00:00,G3FFN4,afdb_v6_probe,G3FFN4,https://alphafold.ebi.ac.uk/files/AF-G3FFN4-F1-model_v6.pdb,404,0,not_found
2026-08-16T03:21:28.185956+00:00,G3FFN6,uniprot_direct,G3FFN6,https://rest.uniprot.org/uniprotkb/G3FFN6.json,200,0,success
2026-08-16T03:21:29.179443+00:00,G3FFN6,afdb_v6_probe,G3FFN6,https://alphafold.ebi.ac.uk/files/AF-G3FFN6-F1-model_v6.pdb,404,0,not_found
2026-08-16T03:21:30.269723+00:00,G9JJU2,uniprot_direct,G9JJU2,https://rest.uniprot.org/uniprotkb/G9JJU2.json,200,0,success
2026-08-16T03:21:31.939171+00:00,G9JJU2,afdb_v6_probe,G9JJU2,https://alphafold.ebi.ac.uk/files/AF-G9JJU2-F1-model_v6.pdb,404,0,not_found
2026-08-16T03:21:33.498121+00:00,I7K316,uniprot_direct,I7K316,https://rest.uniprot.org/uniprotkb/I7K316.json,200,0,success
2026-08-16T03:21:34.571023+00:00,I7K316,afdb_v6_probe,I7K316,https://alphafold.ebi.ac.uk/files/AF-I7K316-F1-model_v6.pdb,404,0,not_found
2026-08-16T03:21:35.714363+00:00,L7WGA7,uniprot_direct,L7WGA7,https://rest.uniprot.org/uniprotkb/L7WGA7.json,200,0,success
2026-08-16T03:21:36.739468+00:00,L7WGA7,afdb_v6_probe,L7WGA7,https://alphafold.ebi.ac.uk/files/AF-L7WGA7-F1-model_v6.pdb,404,0,not_found
2026-08-16T03:21:37.844197+00:00,M1EAP5,uniprot_direct,M1EAP5,https://rest.uniprot.org/uniprotkb/M1EAP5.json,200,0,success
2026-08-16T03:21:38.830264+00:00,M1EAP5,afdb_v6_probe,M1EAP5,https://alphafold.ebi.ac.uk/files/AF-M1EAP5-F1-model_v6.pdb,404,0,not_found
2026-08-16T03:21:40.115929+00:00,M5AAG8,uniprot_direct,M5AAG8,https://rest.uniprot.org/uniprotkb/M5AAG8.json,200,0,success
2026-08-16T03:21:41.247052+00:00,M5AAG8,afdb_v6_probe,M5AAG8,https://alphafold.ebi.ac.uk/files/AF-M5AAG8-F1-model_v6.pdb,404,0,not_found
2026-08-16T03:21:42.260876+00:00,O02827,uniprot_direct,O02827,https://rest.uniprot.org/uniprotkb/O02827.json,200,0,success
2026-08-16T03:21:43.238382+00:00,O02827,afdb_v6_probe,O02827,https://alphafold.ebi.ac.uk/files/AF-O02827-F1-model_v6.pdb,404,0,not_found
2026-08-16T03:21:44.234775+00:00,O03063,uniprot_direct,O03063,https://rest.uniprot.org/uniprotkb/O03063.json,200,0,success
2026-08-16T03:21:45.177546+00:00,O03063,afdb_v6_probe,O03063,https://alphafold.ebi.ac.uk/files/AF-O03063-F1-model_v6.pdb,404,0,not_found
2026-08-16T03:21:46.312611+00:00,O03067,uniprot_direct,O03067,https://rest.uniprot.org/uniprotkb/O03067.json,200,0,success
2026-08-16T03:21:47.296782+00:00,O03067,afdb_v6_probe,O03067,https://alphafold.ebi.ac.uk/files/AF-O03067-F1-model_v6.pdb,404,0,not_found
2026-08-16T03:21:50.035077+00:00,O03070,uniprot_direct,O03070,https://rest.uniprot.org/uniprotkb/O03070.json,200,0,success
2026-08-16T03:21:51.009856+00:00,O03070,afdb_v6_probe,O03070,https://alphafold.ebi.ac.uk/files/AF-O03070-F1-model_v6.pdb,404,0,not_found
2026-08-16T03:21:52.011147+00:00,O03073,uniprot_direct,O03073,https://rest.uniprot.org/uniprotkb/O03073.json,200,0,success
2026-08-16T03:21:53.073012+00:00,O03073,afdb_v6_probe,O03073,https://alphafold.ebi.ac.uk/files/AF-O03073-F1-model_v6.pdb,404,0,not_found
2026-08-16T03:21:54.087804+00:00,O03077,uniprot_direct,O03077,https://rest.uniprot.org/uniprotkb/O03077.json,200,0,success
2026-08-16T03:21:55.076439+00:00,O03077,afdb_v6_probe,O03077,https://alphafold.ebi.ac.uk/files/AF-O03077-F1-model_v6.pdb,404,0,not_found
2026-08-16T03:21:56.095832+00:00,O03085,uniprot_direct,O03085,https://rest.uniprot.org/uniprotkb/O03085.json,200,0,success
2026-08-16T03:21:57.072003+00:00,O03085,afdb_v6_probe,O03085,https://alphafold.ebi.ac.uk/files/AF-O03085-F1-model_v6.pdb,404,0,not_found
2026-08-16T03:21:58.157698+00:00,O07824,uniprot_direct,O07824,https://rest.uniprot.org/uniprotkb/O07824.json,200,0,success
2026-08-16T03:21:59.157498+00:00,O07824,afdb_v6_probe,O07824,https://alphafold.ebi.ac.uk/files/AF-O07824-F1-model_v6.pdb,404,0,not_found
2026-08-16T03:22:00.473811+00:00,O10269,uniprot_direct,O10269,https://rest.uniprot.org/uniprotkb/O10269.json,200,0,success
2026-08-16T03:22:01.539442+00:00,O10269,afdb_v6_probe,O10269,https://alphafold.ebi.ac.uk/files/AF-O10269-F1-model_v6.pdb,404,0,not_found
2026-08-16T03:22:02.501241+00:00,O10273,uniprot_direct,O10273,https://rest.uniprot.org/uniprotkb/O10273.json,200,0,success
2026-08-16T03:22:03.449307+00:00,O10273,afdb_v6_probe,O10273,https://alphafold.ebi.ac.uk/files/AF-O10273-F1-model_v6.pdb,404,0,not_found
2026-08-16T03:22:04.880816+00:00,O10274,uniprot_direct,O10274,https://rest.uniprot.org/uniprotkb/O10274.json,200,0,success
2026-08-16T03:22:05.865385+00:00,O10274,afdb_v6_probe,O10274,https://alphafold.ebi.ac.uk/files/AF-O10274-F1-model_v6.pdb,404,0,not_found
2026-08-16T03:22:06.931423+00:00,O10340,uniprot_direct,O10340,https://rest.uniprot.org/uniprotkb/O10340.json,200,0,success
2026-08-16T03:22:07.990243+00:00,O10340,afdb_v6_probe,O10340,https://alphafold.ebi.ac.uk/files/AF-O10340-F1-model_v6.pdb,404,0,not_found
2026-08-16T03:22:09.177886+00:00,O13010,uniprot_direct,O13010,https://rest.uniprot.org/uniprotkb/O13010.json,200,0,success
2026-08-16T03:22:10.192457+00:00,O13010,afdb_v6_probe,O13010,https://alphafold.ebi.ac.uk/files/AF-O13010-F1-model_v6.pdb,404,0,not_found
2026-08-16T03:22:11.228221+00:00,O13434,uniprot_direct,O13434,https://rest.uniprot.org/uniprotkb/O13434.json,200,0,success
2026-08-16T03:22:12.215626+00:00,O13434,afdb_v6_probe,O13434,https://alphafold.ebi.ac.uk/files/AF-O13434-F1-model_v6.pdb,404,0,not_found
2026-08-16T03:22:13.279827+00:00,O22000,uniprot_direct,O22000,https://rest.uniprot.org/uniprotkb/O22000.json,200,0,success
2026-08-16T03:22:15.241127+00:00,O22000,afdb_v6_probe,O22000,https://alphafold.ebi.ac.uk/files/AF-O22000-F1-model_v6.pdb,404,0,not_found
2026-08-16T03:22:16.698464+00:00,O23939,uniprot_direct,O23939,https://rest.uniprot.org/uniprotkb/O23939.json,200,0,success
2026-08-16T03:22:17.771063+00:00,O23939,afdb_v6_probe,O23939,https://alphafold.ebi.ac.uk/files/AF-O23939-F1-model_v6.pdb,404,0,not_found
2026-08-16T03:22:18.897556+00:00,O30642,uniprot_direct,O30642,https://rest.uniprot.org/uniprotkb/O30642.json,200,0,success
2026-08-16T03:22:19.848657+00:00,O30642,afdb_v6_probe,O30642,https://alphafold.ebi.ac.uk/files/AF-O30642-F1-model_v6.pdb,404,0,not_found
2026-08-16T03:22:20.807799+00:00,O30642,afdb_v6_probe,O52752,https://alphafold.ebi.ac.uk/files/AF-O52752-F1-model_v6.pdb,404,0,not_found
2026-08-16T03:22:21.874404+00:00,O32378,uniprot_direct,O32378,https://rest.uniprot.org/uniprotkb/O32378.json,200,0,success
2026-08-16T03:22:22.863369+00:00,O32378,afdb_v6_probe,O32378,https://alphafold.ebi.ac.uk/files/AF-O32378-F1-model_v6.pdb,404,0,not_found
2026-08-16T03:22:24.722490+00:00,O32414,uniprot_direct,O32414,https://rest.uniprot.org/uniprotkb/O32414.json,200,0,success
2026-08-16T03:22:25.670038+00:00,O32414,afdb_v6_probe,O32414,https://alphafold.ebi.ac.uk/files/AF-O32414-F1-model_v6.pdb,404,0,not_found
2026-08-16T03:22:27.008031+00:00,O32518,uniprot_direct,O32518,https://rest.uniprot.org/uniprotkb/O32518.json,200,0,success
2026-08-16T03:22:27.987897+00:00,O32518,afdb_v6_probe,O32518,https://alphafold.ebi.ac.uk/files/AF-O32518-F1-model_v6.pdb,404,0,not_found
2026-08-16T03:22:50.016390+00:00,O36371,uniprot_direct,O36371,https://rest.uniprot.org/uniprotkb/O36371.json,200,1,success
2026-08-16T03:22:51.028684+00:00,O36371,afdb_v6_probe,O36371,https://alphafold.ebi.ac.uk/files/AF-O36371-F1-model_v6.pdb,404,0,not_found
2026-08-16T03:22:52.029207+00:00,O36385,uniprot_direct,O36385,https://rest.uniprot.org/uniprotkb/O36385.json,200,0,success
2026-08-16T03:22:53.021445+00:00,O36385,afdb_v6_probe,O36385,https://alphafold.ebi.ac.uk/files/AF-O36385-F1-model_v6.pdb,404,0,not_found
2026-08-16T03:22:53.988291+00:00,O36404,uniprot_direct,O36404,https://rest.uniprot.org/uniprotkb/O36404.json,200,0,success
2026-08-16T03:22:54.950677+00:00,O36404,afdb_v6_probe,O36404,https://alphafold.ebi.ac.uk/files/AF-O36404-F1-model_v6.pdb,404,0,not_found
2026-08-16T03:22:56.132747+00:00,O36410,uniprot_direct,O36410,https://rest.uniprot.org/uniprotkb/O36410.json,200,0,success
2026-08-16T03:22:57.386137+00:00,O36410,afdb_v6_probe,O36410,https://alphafold.ebi.ac.uk/files/AF-O36410-F1-model_v6.pdb,404,0,not_found
2026-08-16T03:22:58.591844+00:00,O36411,uniprot_direct,O36411,https://rest.uniprot.org/uniprotkb/O36411.json,200,0,success
2026-08-16T03:22:59.585580+00:00,O36411,afdb_v6_probe,O36411,https://alphafold.ebi.ac.uk/files/AF-O36411-F1-model_v6.pdb,404,0,not_found
2026-08-16T03:23:00.613720+00:00,O37319,uniprot_direct,O37319,https://rest.uniprot.org/uniprotkb/O37319.json,200,0,success
2026-08-16T03:23:01.570759+00:00,O37319,afdb_v6_probe,O37319,https://alphafold.ebi.ac.uk/files/AF-O37319-F1-model_v6.pdb,404,0,not_found
2026-08-16T03:23:02.527530+00:00,O39828,uniprot_direct,O39828,https://rest.uniprot.org/uniprotkb/O39828.json,200,0,success
2026-08-16T03:23:03.529820+00:00,O39828,afdb_v6_probe,O39828,https://alphafold.ebi.ac.uk/files/AF-O39828-F1-model_v6.pdb,404,0,not_found
2026-08-16T03:23:04.687966+00:00,O40619,uniprot_direct,O40619,https://rest.uniprot.org/uniprotkb/O40619.json,200,0,success
2026-08-16T03:23:05.709741+00:00,O40619,afdb_v6_probe,O40619,https://alphafold.ebi.ac.uk/files/AF-O40619-F1-model_v6.pdb,404,0,not_found
2026-08-16T03:23:06.687064+00:00,O41033,uniprot_direct,O41033,https://rest.uniprot.org/uniprotkb/O41033.json,200,0,success
2026-08-16T03:23:07.634722+00:00,O41033,afdb_v6_probe,O41033,https://alphafold.ebi.ac.uk/files/AF-O41033-F1-model_v6.pdb,404,0,not_found
2026-08-16T03:23:08.644800+00:00,O41136,uniprot_direct,O41136,https://rest.uniprot.org/uniprotkb/O41136.json,200,0,success
2026-08-16T03:23:09.905996+00:00,O41136,afdb_v6_probe,O41136,https://alphafold.ebi.ac.uk/files/AF-O41136-F1-model_v6.pdb,404,0,not_found
2026-08-16T03:23:31.933187+00:00,O41156,uniprot_direct,O41156,https://rest.uniprot.org/uniprotkb/O41156.json,200,1,success
2026-08-16T03:23:33.008144+00:00,O41156,afdb_v6_probe,O41156,https://alphafold.ebi.ac.uk/files/AF-O41156-F1-model_v6.pdb,404,0,not_found
2026-08-16T03:23:34.947940+00:00,O42411,uniprot_direct,O42411,https://rest.uniprot.org/uniprotkb/O42411.json,200,0,success
2026-08-16T03:23:35.978123+00:00,O42411,afdb_v6_probe,O42411,https://alphafold.ebi.ac.uk/files/AF-O42411-F1-model_v6.pdb,404,0,not_found
2026-08-16T03:23:36.950379+00:00,O42412,uniprot_direct,O42412,https://rest.uniprot.org/uniprotkb/O42412.json,200,0,success
2026-08-16T03:23:38.007910+00:00,O42412,afdb_v6_probe,O42412,https://alphafold.ebi.ac.uk/files/AF-O42412-F1-model_v6.pdb,404,0,not_found
2026-08-16T03:23:38.974377+00:00,O42449,uniprot_direct,O42449,https://rest.uniprot.org/uniprotkb/O42449.json,200,0,success
2026-08-16T03:23:39.987240+00:00,O42449,afdb_v6_probe,O42449,https://alphafold.ebi.ac.uk/files/AF-O42449-F1-model_v6.pdb,404,0,not_found
2026-08-16T03:23:41.356269+00:00,O44111,uniprot_direct,O44111,https://rest.uniprot.org/uniprotkb/O44111.json,200,0,success
2026-08-16T03:23:42.480765+00:00,O44111,afdb_v6_probe,O44111,https://alphafold.ebi.ac.uk/files/AF-O44111-F1-model_v6.pdb,404,0,not_found
2026-08-16T03:23:43.683111+00:00,O48500,uniprot_direct,O48500,https://rest.uniprot.org/uniprotkb/O48500.json,200,0,success
2026-08-16T03:23:44.704536+00:00,O48500,afdb_v6_probe,O48500,https://alphafold.ebi.ac.uk/files/AF-O48500-F1-model_v6.pdb,404,0,not_found
2026-08-16T03:23:45.798359+00:00,O48500,afdb_v6_probe,Q66LT4,https://alphafold.ebi.ac.uk/files/AF-Q66LT4-F1-model_v6.pdb,404,0,not_found
2026-08-16T03:23:46.806069+00:00,O51215,uniprot_direct,O51215,https://rest.uniprot.org/uniprotkb/O51215.json,200,0,success
2026-08-16T03:23:47.801821+00:00,O51215,afdb_v6_probe,O51215,https://alphafold.ebi.ac.uk/files/AF-O51215-F1-model_v6.pdb,404,0,not_found
2026-08-16T03:23:48.736836+00:00,O51291,uniprot_direct,O51291,https://rest.uniprot.org/uniprotkb/O51291.json,200,0,success
2026-08-16T03:23:49.691916+00:00,O51291,afdb_v6_probe,O51291,https://alphafold.ebi.ac.uk/files/AF-O51291-F1-model_v6.pdb,404,0,not_found
2026-08-16T03:23:50.896303+00:00,O55716,uniprot_direct,O55716,https://rest.uniprot.org/uniprotkb/O55716.json,200,0,success
2026-08-16T03:23:51.875360+00:00,O55716,afdb_v6_probe,O55716,https://alphafold.ebi.ac.uk/files/AF-O55716-F1-model_v6.pdb,404,0,not_found
2026-08-16T03:23:53.063166+00:00,O57175,uniprot_direct,O57175,https://rest.uniprot.org/uniprotkb/O57175.json,200,0,success
2026-08-16T03:23:54.028527+00:00,O57175,afdb_v6_probe,O57175,https://alphafold.ebi.ac.uk/files/AF-O57175-F1-model_v6.pdb,404,0,not_found
2026-08-16T03:23:55.060629+00:00,O57177,uniprot_direct,O57177,https://rest.uniprot.org/uniprotkb/O57177.json,200,0,success
2026-08-16T03:23:56.057746+00:00,O57177,afdb_v6_probe,O57177,https://alphafold.ebi.ac.uk/files/AF-O57177-F1-model_v6.pdb,404,0,not_found
2026-08-16T03:23:57.322437+00:00,O57179,uniprot_direct,O57179,https://rest.uniprot.org/uniprotkb/O57179.json,200,0,success
2026-08-16T03:23:58.341004+00:00,O57179,afdb_v6_probe,O57179,https://alphafold.ebi.ac.uk/files/AF-O57179-F1-model_v6.pdb,404,0,not_found
2026-08-16T03:23:59.293172+00:00,O57193,uniprot_direct,O57193,https://rest.uniprot.org/uniprotkb/O57193.json,200,0,success
2026-08-16T03:24:00.311456+00:00,O57193,afdb_v6_probe,O57193,https://alphafold.ebi.ac.uk/files/AF-O57193-F1-model_v6.pdb,404,0,not_found
2026-08-16T03:24:01.284663+00:00,O57193,afdb_v6_probe,Q6J3G1,https://alphafold.ebi.ac.uk/files/AF-Q6J3G1-F1-model_v6.pdb,404,0,not_found
2026-08-16T03:24:02.372949+00:00,O57203,uniprot_direct,O57203,https://rest.uniprot.org/uniprotkb/O57203.json,200,0,success
2026-08-16T03:24:03.329511+00:00,O57203,afdb_v6_probe,O57203,https://alphafold.ebi.ac.uk/files/AF-O57203-F1-model_v6.pdb,404,0,not_found
2026-08-16T03:24:04.318969+00:00,O57203,afdb_v6_probe,Q6J3E4,https://alphafold.ebi.ac.uk/files/AF-Q6J3E4-F1-model_v6.pdb,404,0,not_found
2026-08-16T03:24:05.346612+00:00,O57209,uniprot_direct,O57209,https://rest.uniprot.org/uniprotkb/O57209.json,200,0,success
2026-08-16T03:24:06.344213+00:00,O57209,afdb_v6_probe,O57209,https://alphafold.ebi.ac.uk/files/AF-O57209-F1-model_v6.pdb,404,0,not_found
2026-08-16T03:24:07.333188+00:00,O57214,uniprot_direct,O57214,https://rest.uniprot.org/uniprotkb/O57214.json,200,0,success
2026-08-16T03:24:08.303559+00:00,O57214,afdb_v6_probe,O57214,https://alphafold.ebi.ac.uk/files/AF-O57214-F1-model_v6.pdb,404,0,not_found
2026-08-16T03:24:09.320463+00:00,O57214,afdb_v6_probe,Q6J3C2,https://alphafold.ebi.ac.uk/files/AF-Q6J3C2-F1-model_v6.pdb,404,0,not_found
2026-08-16T03:24:10.395734+00:00,O57245,uniprot_direct,O57245,https://rest.uniprot.org/uniprotkb/O57245.json,200,0,success
2026-08-16T03:24:32.445846+00:00,O57245,afdb_v6_probe,O57245,https://alphafold.ebi.ac.uk/files/AF-O57245-F1-model_v6.pdb,404,1,not_found
2026-08-16T03:24:34.349220+00:00,O57252,uniprot_direct,O57252,https://rest.uniprot.org/uniprotkb/O57252.json,200,0,success
2026-08-16T03:24:35.297162+00:00,O57252,afdb_v6_probe,O57252,https://alphafold.ebi.ac.uk/files/AF-O57252-F1-model_v6.pdb,404,0,not_found
2026-08-16T03:24:36.334378+00:00,O61069,uniprot_direct,O61069,https://rest.uniprot.org/uniprotkb/O61069.json,200,0,success
2026-08-16T03:24:37.295734+00:00,O61069,afdb_v6_probe,O61069,https://alphafold.ebi.ac.uk/files/AF-O61069-F1-model_v6.pdb,404,0,not_found
2026-08-16T03:24:38.343956+00:00,O62768,uniprot_direct,O62768,https://rest.uniprot.org/uniprotkb/O62768.json,200,0,success
2026-08-16T03:24:39.304047+00:00,O62768,afdb_v6_probe,O62768,https://alphafold.ebi.ac.uk/files/AF-O62768-F1-model_v6.pdb,404,0,not_found
2026-08-16T03:24:40.329248+00:00,O64174,uniprot_direct,O64174,https://rest.uniprot.org/uniprotkb/O64174.json,200,0,success
2026-08-16T03:24:41.300947+00:00,O64174,afdb_v6_probe,O64174,https://alphafold.ebi.ac.uk/files/AF-O64174-F1-model_v6.pdb,404,0,not_found
2026-08-16T03:24:42.285215+00:00,O64238,uniprot_direct,O64238,https://rest.uniprot.org/uniprotkb/O64238.json,200,0,success
2026-08-16T03:24:43.418923+00:00,O64238,afdb_v6_probe,O64238,https://alphafold.ebi.ac.uk/files/AF-O64238-F1-model_v6.pdb,404,0,not_found
2026-08-16T03:24:44.444820+00:00,O64240,uniprot_direct,O64240,https://rest.uniprot.org/uniprotkb/O64240.json,200,0,success
2026-08-16T03:24:45.444561+00:00,O64240,afdb_v6_probe,O64240,https://alphafold.ebi.ac.uk/files/AF-O64240-F1-model_v6.pdb,404,0,not_found
2026-08-16T03:24:46.449385+00:00,O64900,uniprot_direct,O64900,https://rest.uniprot.org/uniprotkb/O64900.json,200,0,success
2026-08-16T03:24:47.455836+00:00,O64900,afdb_v6_probe,O64900,https://alphafold.ebi.ac.uk/files/AF-O64900-F1-model_v6.pdb,404,0,not_found
2026-08-16T03:24:48.483890+00:00,O65316,uniprot_direct,O65316,https://rest.uniprot.org/uniprotkb/O65316.json,200,0,success
2026-08-16T03:24:49.457182+00:00,O65316,afdb_v6_probe,O65316,https://alphafold.ebi.ac.uk/files/AF-O65316-F1-model_v6.pdb,404,0,not_found
2026-08-16T03:24:54.390012+00:00,O67139,uniprot_direct,O67139,https://rest.uniprot.org/uniprotkb/O67139.json,200,0,success
2026-08-16T03:24:55.393844+00:00,O67139,afdb_v6_probe,O67139,https://alphafold.ebi.ac.uk/files/AF-O67139-F1-model_v6.pdb,404,0,not_found
2026-08-16T03:24:56.340727+00:00,O67441,uniprot_direct,O67441,https://rest.uniprot.org/uniprotkb/O67441.json,200,0,success
2026-08-16T03:24:57.320349+00:00,O67441,afdb_v6_probe,O67441,https://alphafold.ebi.ac.uk/files/AF-O67441-F1-model_v6.pdb,404,0,not_found
2026-08-16T03:24:58.395509+00:00,O69407,uniprot_direct,O69407,https://rest.uniprot.org/uniprotkb/O69407.json,200,0,success
2026-08-16T03:24:59.432104+00:00,O69407,afdb_v6_probe,O69407,https://alphafold.ebi.ac.uk/files/AF-O69407-F1-model_v6.pdb,404,0,not_found
2026-08-16T03:25:00.510473+00:00,O69407,afdb_v6_probe,Q9R4H0,https://alphafold.ebi.ac.uk/files/AF-Q9R4H0-F1-model_v6.pdb,404,0,not_found
2026-08-16T03:25:01.534492+00:00,O69783,uniprot_direct,O69783,https://rest.uniprot.org/uniprotkb/O69783.json,200,0,success
2026-08-16T03:25:02.592449+00:00,O69783,afdb_v6_probe,O69783,https://alphafold.ebi.ac.uk/files/AF-O69783-F1-model_v6.pdb,404,0,not_found
2026-08-16T03:25:03.769811+00:00,O70325,uniprot_direct,O70325,https://rest.uniprot.org/uniprotkb/O70325.json,200,0,success
2026-08-16T03:25:04.779681+00:00,O70325,afdb_v6_probe,O70325,https://alphafold.ebi.ac.uk/files/AF-O70325-F1-model_v6.pdb,404,0,not_found
2026-08-16T03:25:05.776709+00:00,O70325,afdb_v6_probe,O35560,https://alphafold.ebi.ac.uk/files/AF-O35560-F1-model_v6.pdb,404,0,not_found
2026-08-16T03:25:06.791160+00:00,O70325,afdb_v6_probe,Q8K4U8,https://alphafold.ebi.ac.uk/files/AF-Q8K4U8-F1-model_v6.pdb,404,0,not_found
2026-08-16T03:25:28.806550+00:00,O70325,afdb_v6_probe,Q91XR9,https://alphafold.ebi.ac.uk/files/AF-Q91XR9-F1-model_v6.pdb,404,1,not_found
2026-08-16T03:25:29.871518+00:00,O70325,afdb_v6_probe,Q9JK35,https://alphafold.ebi.ac.uk/files/AF-Q9JK35-F1-model_v6.pdb,404,0,not_found
2026-08-16T03:25:30.921282+00:00,O71028,uniprot_direct,O71028,https://rest.uniprot.org/uniprotkb/O71028.json,200,0,success
2026-08-16T03:25:31.880157+00:00,O71028,afdb_v6_probe,O71028,https://alphafold.ebi.ac.uk/files/AF-O71028-F1-model_v6.pdb,404,0,not_found
2026-08-16T03:25:32.895436+00:00,O71028,afdb_v6_probe,Q5TJA2,https://alphafold.ebi.ac.uk/files/AF-Q5TJA2-F1-model_v6.pdb,404,0,not_found
2026-08-16T03:25:54.932293+00:00,O71028,afdb_v6_probe,Q777W3,https://alphafold.ebi.ac.uk/files/AF-Q777W3-F1-model_v6.pdb,404,1,not_found
2026-08-16T03:25:55.934410+00:00,O71153,uniprot_direct,O71153,https://rest.uniprot.org/uniprotkb/O71153.json,200,0,success
2026-08-16T03:25:56.946809+00:00,O71153,afdb_v6_probe,O71153,https://alphafold.ebi.ac.uk/files/AF-O71153-F1-model_v6.pdb,404,0,not_found
2026-08-16T03:25:57.965502+00:00,O72904,uniprot_direct,O72904,https://rest.uniprot.org/uniprotkb/O72904.json,200,0,success
2026-08-16T03:25:58.938805+00:00,O72904,afdb_v6_probe,O72904,https://alphafold.ebi.ac.uk/files/AF-O72904-F1-model_v6.pdb,404,0,not_found
2026-08-16T03:26:00.035265+00:00,O72907,uniprot_direct,O72907,https://rest.uniprot.org/uniprotkb/O72907.json,200,0,success
2026-08-16T03:26:01.005032+00:00,O72907,afdb_v6_probe,O72907,https://alphafold.ebi.ac.uk/files/AF-O72907-F1-model_v6.pdb,404,0,not_found
2026-08-16T03:26:02.063143+00:00,O72908,uniprot_direct,O72908,https://rest.uniprot.org/uniprotkb/O72908.json,200,0,success
2026-08-16T03:26:03.058689+00:00,O72908,afdb_v6_probe,O72908,https://alphafold.ebi.ac.uk/files/AF-O72908-F1-model_v6.pdb,404,0,not_found
2026-08-16T03:26:04.069572+00:00,O83386,uniprot_direct,O83386,https://rest.uniprot.org/uniprotkb/O83386.json,200,0,success
2026-08-16T03:26:05.039242+00:00,O83386,afdb_v6_probe,O83386,https://alphafold.ebi.ac.uk/files/AF-O83386-F1-model_v6.pdb,404,0,not_found
2026-08-16T03:26:06.117470+00:00,O83432,uniprot_direct,O83432,https://rest.uniprot.org/uniprotkb/O83432.json,200,0,success
2026-08-16T03:26:07.089391+00:00,O83432,afdb_v6_probe,O83432,https://alphafold.ebi.ac.uk/files/AF-O83432-F1-model_v6.pdb,404,0,not_found
2026-08-16T03:26:08.815236+00:00,O83571,uniprot_direct,O83571,https://rest.uniprot.org/uniprotkb/O83571.json,200,0,success
2026-08-16T03:26:31.679326+00:00,O83571,afdb_v6_probe,O83571,https://alphafold.ebi.ac.uk/files/AF-O83571-F1-model_v6.pdb,404,1,not_found
2026-08-16T03:26:32.706944+00:00,O83759,uniprot_direct,O83759,https://rest.uniprot.org/uniprotkb/O83759.json,200,0,success
2026-08-16T03:26:33.814437+00:00,O83759,afdb_v6_probe,O83759,https://alphafold.ebi.ac.uk/files/AF-O83759-F1-model_v6.pdb,404,0,not_found
2026-08-16T03:26:34.988623+00:00,O83774,uniprot_direct,O83774,https://rest.uniprot.org/uniprotkb/O83774.json,200,0,success
2026-08-16T03:26:36.007339+00:00,O83774,afdb_v6_probe,O83774,https://alphafold.ebi.ac.uk/files/AF-O83774-F1-model_v6.pdb,404,0,not_found
2026-08-16T03:26:36.974082+00:00,O86186,uniprot_direct,O86186,https://rest.uniprot.org/uniprotkb/O86186.json,200,0,success
2026-08-16T03:26:38.416099+00:00,O86186,afdb_v6_probe,O86186,https://alphafold.ebi.ac.uk/files/AF-O86186-F1-model_v6.pdb,404,0,not_found
2026-08-16T03:26:39.454288+00:00,O87790,uniprot_direct,O87790,https://rest.uniprot.org/uniprotkb/O87790.json,200,0,success
2026-08-16T03:26:40.505793+00:00,O87790,afdb_v6_probe,O87790,https://alphafold.ebi.ac.uk/files/AF-O87790-F1-model_v6.pdb,404,0,not_found
2026-08-16T03:26:41.795004+00:00,O89049,uniprot_direct,O89049,https://rest.uniprot.org/uniprotkb/O89049.json,200,0,success
2026-08-16T03:26:42.771864+00:00,O89049,afdb_v6_probe,O89049,https://alphafold.ebi.ac.uk/files/AF-O89049-F1-model_v6.pdb,404,0,not_found
2026-08-16T03:26:43.729215+00:00,O89049,afdb_v6_probe,Q5U344,https://alphafold.ebi.ac.uk/files/AF-Q5U344-F1-model_v6.pdb,404,0,not_found
2026-08-16T03:26:44.721130+00:00,O89049,afdb_v6_probe,Q9JKZ3,https://alphafold.ebi.ac.uk/files/AF-Q9JKZ3-F1-model_v6.pdb,404,0,not_found
2026-08-16T03:26:45.715503+00:00,O89049,afdb_v6_probe,Q9JKZ4,https://alphafold.ebi.ac.uk/files/AF-Q9JKZ4-F1-model_v6.pdb,404,0,not_found
2026-08-16T03:26:46.751109+00:00,O89049,afdb_v6_probe,Q9R1I3,https://alphafold.ebi.ac.uk/files/AF-Q9R1I3-F1-model_v6.pdb,404,0,not_found
2026-08-16T03:26:47.808504+00:00,O91254,uniprot_direct,O91254,https://rest.uniprot.org/uniprotkb/O91254.json,200,0,success
2026-08-16T03:26:48.891265+00:00,O91254,afdb_v6_probe,O91254,https://alphafold.ebi.ac.uk/files/AF-O91254-F1-model_v6.pdb,404,0,not_found
2026-08-16T03:26:49.995839+00:00,O91262,uniprot_direct,O91262,https://rest.uniprot.org/uniprotkb/O91262.json,200,0,success
2026-08-16T03:26:50.955191+00:00,O91262,afdb_v6_probe,O91262,https://alphafold.ebi.ac.uk/files/AF-O91262-F1-model_v6.pdb,404,0,not_found
2026-08-16T03:26:52.225117+00:00,O91729,uniprot_direct,O91729,https://rest.uniprot.org/uniprotkb/O91729.json,200,0,success
2026-08-16T03:26:53.204887+00:00,O91729,afdb_v6_probe,O91729,https://alphafold.ebi.ac.uk/files/AF-O91729-F1-model_v6.pdb,404,0,not_found
2026-08-16T03:26:54.289188+00:00,O92367,uniprot_direct,O92367,https://rest.uniprot.org/uniprotkb/O92367.json,200,0,success
2026-08-16T03:26:55.344539+00:00,O92367,afdb_v6_probe,O92367,https://alphafold.ebi.ac.uk/files/AF-O92367-F1-model_v6.pdb,404,0,not_found
2026-08-16T03:26:56.497579+00:00,O92490,uniprot_direct,O92490,https://rest.uniprot.org/uniprotkb/O92490.json,200,0,success
2026-08-16T03:26:57.589573+00:00,O92490,afdb_v6_probe,O92490,https://alphafold.ebi.ac.uk/files/AF-O92490-F1-model_v6.pdb,404,0,not_found
2026-08-16T03:26:58.889468+00:00,O93658,uniprot_direct,O93658,https://rest.uniprot.org/uniprotkb/O93658.json,200,0,success
2026-08-16T03:26:59.976768+00:00,O93658,afdb_v6_probe,O93658,https://alphafold.ebi.ac.uk/files/AF-O93658-F1-model_v6.pdb,404,0,not_found
2026-08-16T03:27:01.221249+00:00,O93661,uniprot_direct,O93661,https://rest.uniprot.org/uniprotkb/O93661.json,200,0,success
2026-08-16T03:27:02.211560+00:00,O93661,afdb_v6_probe,O93661,https://alphafold.ebi.ac.uk/files/AF-O93661-F1-model_v6.pdb,404,0,not_found
2026-08-16T03:27:03.230008+00:00,O93661,afdb_v6_probe,Q9C4B8,https://alphafold.ebi.ac.uk/files/AF-Q9C4B8-F1-model_v6.pdb,404,0,not_found
2026-08-16T03:27:04.188261+00:00,O98360,uniprot_direct,O98360,https://rest.uniprot.org/uniprotkb/O98360.json,200,0,success
2026-08-16T03:27:05.197978+00:00,O98360,afdb_v6_probe,O98360,https://alphafold.ebi.ac.uk/files/AF-O98360-F1-model_v6.pdb,404,0,not_found
2026-08-16T03:27:06.256945+00:00,O98360,afdb_v6_probe,Q9GE58,https://alphafold.ebi.ac.uk/files/AF-Q9GE58-F1-model_v6.pdb,404,0,not_found
2026-08-16T03:27:07.258928+00:00,O98668,uniprot_direct,O98668,https://rest.uniprot.org/uniprotkb/O98668.json,200,0,success
2026-08-16T03:27:08.298424+00:00,O98668,afdb_v6_probe,O98668,https://alphafold.ebi.ac.uk/files/AF-O98668-F1-model_v6.pdb,404,0,not_found
2026-08-16T03:27:10.037947+00:00,O98766,uniprot_direct,O98766,https://rest.uniprot.org/uniprotkb/O98766.json,200,0,success
2026-08-16T03:27:11.127911+00:00,O98766,afdb_v6_probe,O98766,https://alphafold.ebi.ac.uk/files/AF-O98766-F1-model_v6.pdb,404,0,not_found
2026-08-16T03:27:12.225845+00:00,O98883,uniprot_direct,O98883,https://rest.uniprot.org/uniprotkb/O98883.json,200,0,success
2026-08-16T03:27:13.243541+00:00,O98883,afdb_v6_probe,O98883,https://alphafold.ebi.ac.uk/files/AF-O98883-F1-model_v6.pdb,404,0,not_found
2026-08-16T03:27:14.223545+00:00,O99001,uniprot_direct,O99001,https://rest.uniprot.org/uniprotkb/O99001.json,200,0,success
2026-08-16T03:27:15.279362+00:00,O99001,afdb_v6_probe,O99001,https://alphafold.ebi.ac.uk/files/AF-O99001-F1-model_v6.pdb,404,0,not_found
2026-08-16T03:27:16.324397+00:00,P00346,uniprot_direct,P00346,https://rest.uniprot.org/uniprotkb/P00346.json,200,0,success
2026-08-16T03:27:17.371831+00:00,P00346,afdb_v6_probe,P00346,https://alphafold.ebi.ac.uk/files/AF-P00346-F1-model_v6.pdb,404,0,not_found
2026-08-16T03:27:18.344107+00:00,P00346,afdb_v6_probe,Q95308,https://alphafold.ebi.ac.uk/files/AF-Q95308-F1-model_v6.pdb,404,0,not_found
2026-08-16T03:27:19.318829+00:00,P00368,uniprot_direct,P00368,https://rest.uniprot.org/uniprotkb/P00368.json,200,0,success
2026-08-16T03:27:20.417484+00:00,P00368,afdb_v6_probe,P00368,https://alphafold.ebi.ac.uk/files/AF-P00368-F1-model_v6.pdb,404,0,not_found
2026-08-16T03:27:21.466971+00:00,P00435,uniprot_direct,P00435,https://rest.uniprot.org/uniprotkb/P00435.json,200,0,success
2026-08-16T03:27:22.434313+00:00,P00435,afdb_v6_probe,P00435,https://alphafold.ebi.ac.uk/files/AF-P00435-F1-model_v6.pdb,404,0,not_found
2026-08-16T03:27:23.410693+00:00,P00435,afdb_v6_probe,A6QPG3,https://alphafold.ebi.ac.uk/files/AF-A6QPG3-F1-model_v6.pdb,404,0,not_found
2026-08-16T03:27:24.439039+00:00,P00471,uniprot_direct,P00471,https://rest.uniprot.org/uniprotkb/P00471.json,200,0,success
2026-08-16T03:27:25.466549+00:00,P00471,afdb_v6_probe,P00471,https://alphafold.ebi.ac.uk/files/AF-P00471-F1-model_v6.pdb,404,0,not_found
2026-08-16T03:27:27.057444+00:00,P00476,uniprot_direct,P00476,https://rest.uniprot.org/uniprotkb/P00476.json,200,0,success
2026-08-16T03:27:29.740109+00:00,P00476,afdb_v6_probe,P00476,https://alphafold.ebi.ac.uk/files/AF-P00476-F1-model_v6.pdb,404,0,not_found
2026-08-16T03:27:30.729695+00:00,P00513,uniprot_direct,P00513,https://rest.uniprot.org/uniprotkb/P00513.json,200,0,success
2026-08-16T03:27:31.710060+00:00,P00513,afdb_v6_probe,P00513,https://alphafold.ebi.ac.uk/files/AF-P00513-F1-model_v6.pdb,404,0,not_found
2026-08-16T03:27:33.050069+00:00,P00521,uniprot_direct,P00521,https://rest.uniprot.org/uniprotkb/P00521.json,200,0,success
2026-08-16T03:27:34.149703+00:00,P00521,afdb_v6_probe,P00521,https://alphafold.ebi.ac.uk/files/AF-P00521-F1-model_v6.pdb,404,0,not_found
2026-08-16T03:27:35.167788+00:00,P00524,uniprot_direct,P00524,https://rest.uniprot.org/uniprotkb/P00524.json,200,0,success
2026-08-16T03:27:36.219161+00:00,P00524,afdb_v6_probe,P00524,https://alphafold.ebi.ac.uk/files/AF-P00524-F1-model_v6.pdb,404,0,not_found
2026-08-16T03:27:37.819041+00:00,P00525,uniprot_direct,P00525,https://rest.uniprot.org/uniprotkb/P00525.json,200,0,success
2026-08-16T03:27:38.849182+00:00,P00525,afdb_v6_probe,P00525,https://alphafold.ebi.ac.uk/files/AF-P00525-F1-model_v6.pdb,404,0,not_found
2026-08-16T03:27:39.858281+00:00,P00526,uniprot_direct,P00526,https://rest.uniprot.org/uniprotkb/P00526.json,200,0,success
2026-08-16T03:28:01.825852+00:00,P00526,afdb_v6_probe,P00526,https://alphafold.ebi.ac.uk/files/AF-P00526-F1-model_v6.pdb,404,1,not_found
2026-08-16T03:28:02.858391+00:00,P00526,afdb_v6_probe,O92806,https://alphafold.ebi.ac.uk/files/AF-O92806-F1-model_v6.pdb,404,0,not_found
2026-08-16T03:28:03.848348+00:00,P00527,uniprot_direct,P00527,https://rest.uniprot.org/uniprotkb/P00527.json,200,0,success
2026-08-16T03:28:25.881578+00:00,P00527,afdb_v6_probe,P00527,https://alphafold.ebi.ac.uk/files/AF-P00527-F1-model_v6.pdb,404,1,not_found
2026-08-16T03:28:26.923635+00:00,P00529,uniprot_direct,P00529,https://rest.uniprot.org/uniprotkb/P00529.json,200,0,success
2026-08-16T03:28:27.954671+00:00,P00529,afdb_v6_probe,P00529,https://alphafold.ebi.ac.uk/files/AF-P00529-F1-model_v6.pdb,404,0,not_found
2026-08-16T03:28:28.912316+00:00,P00530,uniprot_direct,P00530,https://rest.uniprot.org/uniprotkb/P00530.json,200,0,success
2026-08-16T03:28:29.962227+00:00,P00530,afdb_v6_probe,P00530,https://alphafold.ebi.ac.uk/files/AF-P00530-F1-model_v6.pdb,404,0,not_found
2026-08-16T03:28:31.140141+00:00,P00531,uniprot_direct,P00531,https://rest.uniprot.org/uniprotkb/P00531.json,200,0,success
2026-08-16T03:28:32.118498+00:00,P00531,afdb_v6_probe,P00531,https://alphafold.ebi.ac.uk/files/AF-P00531-F1-model_v6.pdb,404,0,not_found
2026-08-16T03:28:33.134538+00:00,P00532,uniprot_direct,P00532,https://rest.uniprot.org/uniprotkb/P00532.json,200,0,success
2026-08-16T03:28:34.163448+00:00,P00532,afdb_v6_probe,P00532,https://alphafold.ebi.ac.uk/files/AF-P00532-F1-model_v6.pdb,404,0,not_found
2026-08-16T03:28:35.173369+00:00,P00534,uniprot_direct,P00534,https://rest.uniprot.org/uniprotkb/P00534.json,200,0,success
2026-08-16T03:28:36.211263+00:00,P00534,afdb_v6_probe,P00534,https://alphafold.ebi.ac.uk/files/AF-P00534-F1-model_v6.pdb,404,0,not_found
2026-08-16T03:28:37.265960+00:00,P00535,uniprot_direct,P00535,https://rest.uniprot.org/uniprotkb/P00535.json,200,0,success
2026-08-16T03:28:38.208099+00:00,P00535,afdb_v6_probe,P00535,https://alphafold.ebi.ac.uk/files/AF-P00535-F1-model_v6.pdb,404,0,not_found
2026-08-16T03:28:39.271048+00:00,P00537,uniprot_direct,P00537,https://rest.uniprot.org/uniprotkb/P00537.json,200,0,success
2026-08-16T03:28:40.307481+00:00,P00537,afdb_v6_probe,P00537,https://alphafold.ebi.ac.uk/files/AF-P00537-F1-model_v6.pdb,404,0,not_found
2026-08-16T03:28:41.247937+00:00,P00538,uniprot_direct,P00538,https://rest.uniprot.org/uniprotkb/P00538.json,200,0,success
2026-08-16T03:28:42.271794+00:00,P00538,afdb_v6_probe,P00538,https://alphafold.ebi.ac.uk/files/AF-P00538-F1-model_v6.pdb,404,0,not_found
2026-08-16T03:28:43.277618+00:00,P00541,uniprot_direct,P00541,https://rest.uniprot.org/uniprotkb/P00541.json,200,0,success
2026-08-16T03:28:44.255655+00:00,P00541,afdb_v6_probe,P00541,https://alphafold.ebi.ac.uk/files/AF-P00541-F1-model_v6.pdb,404,0,not_found
2026-08-16T03:28:45.193729+00:00,P00542,uniprot_direct,P00542,https://rest.uniprot.org/uniprotkb/P00542.json,200,0,success
2026-08-16T03:28:46.320308+00:00,P00542,afdb_v6_probe,P00542,https://alphafold.ebi.ac.uk/files/AF-P00542-F1-model_v6.pdb,404,0,not_found
2026-08-16T03:28:47.706469+00:00,P00543,uniprot_direct,P00543,https://rest.uniprot.org/uniprotkb/P00543.json,200,0,success
2026-08-16T03:28:48.709506+00:00,P00543,afdb_v6_probe,P00543,https://alphafold.ebi.ac.uk/files/AF-P00543-F1-model_v6.pdb,404,0,not_found
2026-08-16T03:28:49.735974+00:00,P00545,uniprot_direct,P00545,https://rest.uniprot.org/uniprotkb/P00545.json,200,0,success
2026-08-16T03:28:50.712773+00:00,P00545,afdb_v6_probe,P00545,https://alphafold.ebi.ac.uk/files/AF-P00545-F1-model_v6.pdb,404,0,not_found
2026-08-16T03:28:51.808750+00:00,P00545,afdb_v6_probe,Q86597,https://alphafold.ebi.ac.uk/files/AF-Q86597-F1-model_v6.pdb,404,0,not_found
2026-08-16T03:28:52.853630+00:00,P00587,uniprot_direct,P00587,https://rest.uniprot.org/uniprotkb/P00587.json,200,0,success
2026-08-16T03:28:53.980442+00:00,P00587,afdb_v6_probe,P00587,https://alphafold.ebi.ac.uk/files/AF-P00587-F1-model_v6.pdb,404,0,not_found
2026-08-16T03:28:55.631086+00:00,P00588,uniprot_direct,P00588,https://rest.uniprot.org/uniprotkb/P00588.json,200,0,success
2026-08-16T03:28:56.619440+00:00,P00588,afdb_v6_probe,P00588,https://alphafold.ebi.ac.uk/files/AF-P00588-F1-model_v6.pdb,404,0,not_found
2026-08-16T03:28:57.841810+00:00,P00814,uniprot_direct,P00814,https://rest.uniprot.org/uniprotkb/P00814.json,200,0,success
2026-08-16T03:28:58.965656+00:00,P00814,afdb_v6_probe,P00814,https://alphafold.ebi.ac.uk/files/AF-P00814-F1-model_v6.pdb,404,0,not_found
2026-08-16T03:29:02.853835+00:00,P00917,uniprot_direct,P00917,https://rest.uniprot.org/uniprotkb/P00917.json,200,0,success
2026-08-16T03:29:03.888257+00:00,P00917,afdb_v6_probe,P00917,https://alphafold.ebi.ac.uk/files/AF-P00917-F1-model_v6.pdb,404,0,not_found
2026-08-16T03:29:04.958893+00:00,P01113,uniprot_direct,P01113,https://rest.uniprot.org/uniprotkb/P01113.json,200,0,success
2026-08-16T03:29:05.987468+00:00,P01113,afdb_v6_probe,P01113,https://alphafold.ebi.ac.uk/files/AF-P01113-F1-model_v6.pdb,404,0,not_found
2026-08-16T03:29:06.999656+00:00,P01114,uniprot_direct,P01114,https://rest.uniprot.org/uniprotkb/P01114.json,200,0,success
2026-08-16T03:29:08.788773+00:00,P01114,afdb_v6_probe,P01114,https://alphafold.ebi.ac.uk/files/AF-P01114-F1-model_v6.pdb,404,0,not_found
2026-08-16T03:29:09.720569+00:00,P01115,uniprot_direct,P01115,https://rest.uniprot.org/uniprotkb/P01115.json,200,0,success
2026-08-16T03:29:10.674495+00:00,P01115,afdb_v6_probe,P01115,https://alphafold.ebi.ac.uk/files/AF-P01115-F1-model_v6.pdb,404,0,not_found
2026-08-16T03:29:11.652717+00:00,P01115,afdb_v6_probe,O40604,https://alphafold.ebi.ac.uk/files/AF-O40604-F1-model_v6.pdb,404,0,not_found
2026-08-16T03:29:12.730604+00:00,P01117,uniprot_direct,P01117,https://rest.uniprot.org/uniprotkb/P01117.json,200,0,success
2026-08-16T03:29:13.743538+00:00,P01117,afdb_v6_probe,P01117,https://alphafold.ebi.ac.uk/files/AF-P01117-F1-model_v6.pdb,404,0,not_found
2026-08-16T03:29:14.773526+00:00,P02580,uniprot_direct,P02580,https://rest.uniprot.org/uniprotkb/P02580.json,200,0,success
2026-08-16T03:29:15.787263+00:00,P02580,afdb_v6_probe,P02580,https://alphafold.ebi.ac.uk/files/AF-P02580-F1-model_v6.pdb,404,0,not_found
2026-08-16T03:29:16.823249+00:00,P02580,afdb_v6_probe,Q96427,https://alphafold.ebi.ac.uk/files/AF-Q96427-F1-model_v6.pdb,404,0,not_found
2026-08-16T03:29:17.793571+00:00,P02581,uniprot_direct,P02581,https://rest.uniprot.org/uniprotkb/P02581.json,200,0,success
2026-08-16T03:29:18.741420+00:00,P02581,afdb_v6_probe,P02581,https://alphafold.ebi.ac.uk/files/AF-P02581-F1-model_v6.pdb,404,0,not_found
2026-08-16T03:29:19.688888+00:00,P03006,uniprot_direct,P03006,https://rest.uniprot.org/uniprotkb/P03006.json,200,0,success
2026-08-16T03:29:20.707649+00:00,P03006,afdb_v6_probe,P03006,https://alphafold.ebi.ac.uk/files/AF-P03006-F1-model_v6.pdb,404,0,not_found
2026-08-16T03:29:22.745701+00:00,P03006,afdb_v6_probe,Q7PCE7,https://alphafold.ebi.ac.uk/files/AF-Q7PCE7-F1-model_v6.pdb,404,0,not_found
2026-08-16T03:29:24.366006+00:00,P03070,uniprot_direct,P03070,https://rest.uniprot.org/uniprotkb/P03070.json,200,0,success
2026-08-16T03:29:25.358438+00:00,P03070,afdb_v6_probe,P03070,https://alphafold.ebi.ac.uk/files/AF-P03070-F1-model_v6.pdb,404,0,not_found
2026-08-16T03:29:26.461229+00:00,P03071,uniprot_direct,P03071,https://rest.uniprot.org/uniprotkb/P03071.json,200,0,success
2026-08-16T03:29:27.438220+00:00,P03071,afdb_v6_probe,P03071,https://alphafold.ebi.ac.uk/files/AF-P03071-F1-model_v6.pdb,404,0,not_found
2026-08-16T03:29:28.715736+00:00,P03072,uniprot_direct,P03072,https://rest.uniprot.org/uniprotkb/P03072.json,200,0,success
2026-08-16T03:29:29.712343+00:00,P03072,afdb_v6_probe,P03072,https://alphafold.ebi.ac.uk/files/AF-P03072-F1-model_v6.pdb,404,0,not_found
2026-08-16T03:29:30.750756+00:00,P03073,uniprot_direct,P03073,https://rest.uniprot.org/uniprotkb/P03073.json,200,0,success
2026-08-16T03:29:31.735425+00:00,P03073,afdb_v6_probe,P03073,https://alphafold.ebi.ac.uk/files/AF-P03073-F1-model_v6.pdb,404,0,not_found
2026-08-16T03:29:32.838025+00:00,P03075,uniprot_direct,P03075,https://rest.uniprot.org/uniprotkb/P03075.json,200,0,success
2026-08-16T03:29:33.909772+00:00,P03075,afdb_v6_probe,P03075,https://alphafold.ebi.ac.uk/files/AF-P03075-F1-model_v6.pdb,404,0,not_found
2026-08-16T03:29:35.428941+00:00,P03111,uniprot_direct,P03111,https://rest.uniprot.org/uniprotkb/P03111.json,200,0,success
2026-08-16T03:29:37.943306+00:00,P03111,afdb_v6_probe,P03111,https://alphafold.ebi.ac.uk/files/AF-P03111-F1-model_v6.pdb,404,0,not_found
2026-08-16T03:29:39.147084+00:00,P03112,uniprot_direct,P03112,https://rest.uniprot.org/uniprotkb/P03112.json,200,0,success
2026-08-16T03:29:40.164214+00:00,P03112,afdb_v6_probe,P03112,https://alphafold.ebi.ac.uk/files/AF-P03112-F1-model_v6.pdb,404,0,not_found
2026-08-16T03:29:41.346183+00:00,P03113,uniprot_direct,P03113,https://rest.uniprot.org/uniprotkb/P03113.json,200,0,success
2026-08-16T03:29:43.042965+00:00,P03113,afdb_v6_probe,P03113,https://alphafold.ebi.ac.uk/files/AF-P03113-F1-model_v6.pdb,404,0,not_found
2026-08-16T03:29:44.019433+00:00,P03114,uniprot_direct,P03114,https://rest.uniprot.org/uniprotkb/P03114.json,200,0,success
2026-08-16T03:29:45.054005+00:00,P03114,afdb_v6_probe,P03114,https://alphafold.ebi.ac.uk/files/AF-P03114-F1-model_v6.pdb,404,0,not_found
2026-08-16T03:30:07.183252+00:00,P03114,afdb_v6_probe,P03115,https://alphafold.ebi.ac.uk/files/AF-P03115-F1-model_v6.pdb,404,1,not_found
2026-08-16T03:30:08.180259+00:00,P03114,afdb_v6_probe,Q71BI5,https://alphafold.ebi.ac.uk/files/AF-Q71BI5-F1-model_v6.pdb,404,0,not_found
2026-08-16T03:30:09.364459+00:00,P03116,uniprot_direct,P03116,https://rest.uniprot.org/uniprotkb/P03116.json,200,0,success
2026-08-16T03:30:10.946293+00:00,P03116,afdb_v6_probe,P03116,https://alphafold.ebi.ac.uk/files/AF-P03116-F1-model_v6.pdb,404,0,not_found
2026-08-16T03:30:12.036154+00:00,P03116,afdb_v6_probe,Q9WMH1,https://alphafold.ebi.ac.uk/files/AF-Q9WMH1-F1-model_v6.pdb,404,0,not_found
2026-08-16T03:30:13.307775+00:00,P03117,uniprot_direct,P03117,https://rest.uniprot.org/uniprotkb/P03117.json,200,0,success
2026-08-16T03:30:15.202225+00:00,P03117,afdb_v6_probe,P03117,https://alphafold.ebi.ac.uk/files/AF-P03117-F1-model_v6.pdb,404,0,not_found
2026-08-16T03:30:16.196910+00:00,P03132,uniprot_direct,P03132,https://rest.uniprot.org/uniprotkb/P03132.json,200,0,success
2026-08-16T03:30:17.160986+00:00,P03132,afdb_v6_probe,P03132,https://alphafold.ebi.ac.uk/files/AF-P03132-F1-model_v6.pdb,404,0,not_found
2026-08-16T03:30:18.178016+00:00,P03132,afdb_v6_probe,O56650,https://alphafold.ebi.ac.uk/files/AF-O56650-F1-model_v6.pdb,404,0,not_found
2026-08-16T03:30:19.513505+00:00,P03133,uniprot_direct,P03133,https://rest.uniprot.org/uniprotkb/P03133.json,200,0,success
2026-08-16T03:30:20.477964+00:00,P03133,afdb_v6_probe,P03133,https://alphafold.ebi.ac.uk/files/AF-P03133-F1-model_v6.pdb,404,0,not_found
2026-08-16T03:30:21.464300+00:00,P03134,uniprot_direct,P03134,https://rest.uniprot.org/uniprotkb/P03134.json,200,0,success
2026-08-16T03:30:22.478428+00:00,P03134,afdb_v6_probe,P03134,https://alphafold.ebi.ac.uk/files/AF-P03134-F1-model_v6.pdb,404,0,not_found
2026-08-16T03:30:23.518266+00:00,P03177,uniprot_direct,P03177,https://rest.uniprot.org/uniprotkb/P03177.json,200,0,success
2026-08-16T03:30:24.469204+00:00,P03177,afdb_v6_probe,P03177,https://alphafold.ebi.ac.uk/files/AF-P03177-F1-model_v6.pdb,404,0,not_found
2026-08-16T03:30:46.455488+00:00,P03177,afdb_v6_probe,Q777B9,https://alphafold.ebi.ac.uk/files/AF-Q777B9-F1-model_v6.pdb,404,1,not_found
2026-08-16T03:30:47.681916+00:00,P03190,uniprot_direct,P03190,https://rest.uniprot.org/uniprotkb/P03190.json,200,0,success
2026-08-16T03:30:48.684711+00:00,P03190,afdb_v6_probe,P03190,https://alphafold.ebi.ac.uk/files/AF-P03190-F1-model_v6.pdb,404,0,not_found
2026-08-16T03:30:49.646502+00:00,P03190,afdb_v6_probe,Q777G1,https://alphafold.ebi.ac.uk/files/AF-Q777G1-F1-model_v6.pdb,404,0,not_found
2026-08-16T03:30:50.785466+00:00,P03195,uniprot_direct,P03195,https://rest.uniprot.org/uniprotkb/P03195.json,200,0,success
2026-08-16T03:30:51.742162+00:00,P03195,afdb_v6_probe,P03195,https://alphafold.ebi.ac.uk/files/AF-P03195-F1-model_v6.pdb,404,0,not_found
2026-08-16T03:30:52.722329+00:00,P03195,afdb_v6_probe,Q777F3,https://alphafold.ebi.ac.uk/files/AF-Q777F3-F1-model_v6.pdb,404,0,not_found
2026-08-16T03:30:53.698530+00:00,P03318,uniprot_direct,P03318,https://rest.uniprot.org/uniprotkb/P03318.json,200,0,success
2026-08-16T03:30:54.677580+00:00,P03318,afdb_v6_probe,P03318,https://alphafold.ebi.ac.uk/files/AF-P03318-F1-model_v6.pdb,404,0,not_found
2026-08-16T03:30:55.648303+00:00,P03465,uniprot_direct,P03465,https://rest.uniprot.org/uniprotkb/P03465.json,200,0,success
2026-08-16T03:30:56.622020+00:00,P03465,afdb_v6_probe,P03465,https://alphafold.ebi.ac.uk/files/AF-P03465-F1-model_v6.pdb,404,0,not_found
2026-08-16T03:30:57.838468+00:00,P03692,uniprot_direct,P03692,https://rest.uniprot.org/uniprotkb/P03692.json,200,0,success
2026-08-16T03:30:58.807504+00:00,P03692,afdb_v6_probe,P03692,https://alphafold.ebi.ac.uk/files/AF-P03692-F1-model_v6.pdb,404,0,not_found
2026-08-16T03:31:00.080162+00:00,P03707,uniprot_direct,P03707,https://rest.uniprot.org/uniprotkb/P03707.json,200,0,success
2026-08-16T03:31:01.091347+00:00,P03707,afdb_v6_probe,P03707,https://alphafold.ebi.ac.uk/files/AF-P03707-F1-model_v6.pdb,404,0,not_found
2026-08-16T03:31:02.118868+00:00,P03763,uniprot_direct,P03763,https://rest.uniprot.org/uniprotkb/P03763.json,200,0,success
2026-08-16T03:31:03.104110+00:00,P03763,afdb_v6_probe,P03763,https://alphafold.ebi.ac.uk/files/AF-P03763-F1-model_v6.pdb,404,0,not_found
2026-08-16T03:31:04.057205+00:00,P03772,uniprot_direct,P03772,https://rest.uniprot.org/uniprotkb/P03772.json,200,0,success
2026-08-16T03:31:05.021895+00:00,P03772,afdb_v6_probe,P03772,https://alphafold.ebi.ac.uk/files/AF-P03772-F1-model_v6.pdb,404,0,not_found
2026-08-16T03:31:06.033077+00:00,P03781,uniprot_direct,P03781,https://rest.uniprot.org/uniprotkb/P03781.json,200,0,success
2026-08-16T03:31:07.020746+00:00,P03781,afdb_v6_probe,P03781,https://alphafold.ebi.ac.uk/files/AF-P03781-F1-model_v6.pdb,404,0,not_found
2026-08-16T03:31:08.075148+00:00,P03781,afdb_v6_probe,Q6WYR0,https://alphafold.ebi.ac.uk/files/AF-Q6WYR0-F1-model_v6.pdb,404,0,not_found
2026-08-16T03:31:09.142271+00:00,P04008,uniprot_direct,P04008,https://rest.uniprot.org/uniprotkb/P04008.json,200,0,success
2026-08-16T03:31:10.120576+00:00,P04008,afdb_v6_probe,P04008,https://alphafold.ebi.ac.uk/files/AF-P04008-F1-model_v6.pdb,404,0,not_found
2026-08-16T03:31:11.742011+00:00,P04014,uniprot_direct,P04014,https://rest.uniprot.org/uniprotkb/P04014.json,200,0,success
2026-08-16T03:31:12.708310+00:00,P04014,afdb_v6_probe,P04014,https://alphafold.ebi.ac.uk/files/AF-P04014-F1-model_v6.pdb,404,0,not_found
2026-08-16T03:31:13.998515+00:00,P04021,uniprot_direct,P04021,https://rest.uniprot.org/uniprotkb/P04021.json,200,0,success
2026-08-16T03:31:15.570929+00:00,P04021,afdb_v6_probe,P04021,https://alphafold.ebi.ac.uk/files/AF-P04021-F1-model_v6.pdb,404,0,not_found
2026-08-16T03:31:16.538384+00:00,P04021,afdb_v6_probe,Q76ZW5,https://alphafold.ebi.ac.uk/files/AF-Q76ZW5-F1-model_v6.pdb,404,0,not_found
2026-08-16T03:31:17.613764+00:00,P04024,uniprot_direct,P04024,https://rest.uniprot.org/uniprotkb/P04024.json,200,0,success
2026-08-16T03:31:18.639168+00:00,P04024,afdb_v6_probe,P04024,https://alphafold.ebi.ac.uk/files/AF-P04024-F1-model_v6.pdb,404,0,not_found
2026-08-16T03:31:21.364225+00:00,P04041,uniprot_direct,P04041,https://rest.uniprot.org/uniprotkb/P04041.json,200,0,success
2026-08-16T03:31:43.339214+00:00,P04041,afdb_v6_probe,P04041,https://alphafold.ebi.ac.uk/files/AF-P04041-F1-model_v6.pdb,404,1,not_found
2026-08-16T03:31:44.286122+00:00,P04041,afdb_v6_probe,O08946,https://alphafold.ebi.ac.uk/files/AF-O08946-F1-model_v6.pdb,404,0,not_found
2026-08-16T03:31:45.308090+00:00,P04041,afdb_v6_probe,Q4PIY2,https://alphafold.ebi.ac.uk/files/AF-Q4PIY2-F1-model_v6.pdb,404,0,not_found
2026-08-16T03:31:46.249422+00:00,P04041,afdb_v6_probe,Q91WZ5,https://alphafold.ebi.ac.uk/files/AF-Q91WZ5-F1-model_v6.pdb,404,0,not_found
2026-08-16T03:31:47.339892+00:00,P04048,uniprot_direct,P04048,https://rest.uniprot.org/uniprotkb/P04048.json,200,0,success
2026-08-16T03:31:48.318666+00:00,P04048,afdb_v6_probe,P04048,https://alphafold.ebi.ac.uk/files/AF-P04048-F1-model_v6.pdb,404,0,not_found
2026-08-16T03:31:49.304087+00:00,P04290,uniprot_direct,P04290,https://rest.uniprot.org/uniprotkb/P04290.json,200,0,success
2026-08-16T03:31:50.314176+00:00,P04290,afdb_v6_probe,P04290,https://alphafold.ebi.ac.uk/files/AF-P04290-F1-model_v6.pdb,404,0,not_found
2026-08-16T03:31:51.286839+00:00,P04290,afdb_v6_probe,B9VQE0,https://alphafold.ebi.ac.uk/files/AF-B9VQE0-F1-model_v6.pdb,404,0,not_found
2026-08-16T03:31:52.233745+00:00,P04290,afdb_v6_probe,Q09IC0,https://alphafold.ebi.ac.uk/files/AF-Q09IC0-F1-model_v6.pdb,404,0,not_found
2026-08-16T03:31:53.451696+00:00,P04298,uniprot_direct,P04298,https://rest.uniprot.org/uniprotkb/P04298.json,200,0,success
2026-08-16T03:31:54.505317+00:00,P04298,afdb_v6_probe,P04298,https://alphafold.ebi.ac.uk/files/AF-P04298-F1-model_v6.pdb,404,0,not_found
2026-08-16T03:31:55.459275+00:00,P04298,afdb_v6_probe,Q76ZS6,https://alphafold.ebi.ac.uk/files/AF-Q76ZS6-F1-model_v6.pdb,404,0,not_found
2026-08-16T03:31:56.655202+00:00,P04311,uniprot_direct,P04311,https://rest.uniprot.org/uniprotkb/P04311.json,200,0,success
2026-08-16T03:31:57.628025+00:00,P04311,afdb_v6_probe,P04311,https://alphafold.ebi.ac.uk/files/AF-P04311-F1-model_v6.pdb,404,0,not_found
2026-08-16T03:31:59.393845+00:00,P04311,afdb_v6_probe,Q76ZR8,https://alphafold.ebi.ac.uk/files/AF-Q76ZR8-F1-model_v6.pdb,404,0,not_found
2026-08-16T03:32:00.442753+00:00,P04363,uniprot_direct,P04363,https://rest.uniprot.org/uniprotkb/P04363.json,200,0,success
2026-08-16T03:32:01.457215+00:00,P04363,afdb_v6_probe,P04363,https://alphafold.ebi.ac.uk/files/AF-P04363-F1-model_v6.pdb,404,0,not_found
2026-08-16T03:32:44.486393+00:00,P04363,afdb_v6_probe,Q8V4Z6,https://alphafold.ebi.ac.uk/files/AF-Q8V4Z6-F1-model_v6.pdb,404,2,not_found
2026-08-16T03:32:45.587537+00:00,P04382,uniprot_direct,P04382,https://rest.uniprot.org/uniprotkb/P04382.json,200,0,success
2026-08-16T03:32:46.548874+00:00,P04382,afdb_v6_probe,P04382,https://alphafold.ebi.ac.uk/files/AF-P04382-F1-model_v6.pdb,404,0,not_found
2026-08-16T03:32:47.585541+00:00,P04392,uniprot_direct,P04392,https://rest.uniprot.org/uniprotkb/P04392.json,200,0,success
2026-08-16T03:32:48.572417+00:00,P04392,afdb_v6_probe,P04392,https://alphafold.ebi.ac.uk/files/AF-P04392-F1-model_v6.pdb,404,0,not_found
2026-08-16T03:32:49.612714+00:00,P04407,uniprot_direct,P04407,https://rest.uniprot.org/uniprotkb/P04407.json,200,0,success
2026-08-16T03:32:50.667935+00:00,P04407,afdb_v6_probe,P04407,https://alphafold.ebi.ac.uk/files/AF-P04407-F1-model_v6.pdb,404,0,not_found
2026-08-16T03:32:52.692140+00:00,P04408,uniprot_direct,P04408,https://rest.uniprot.org/uniprotkb/P04408.json,200,0,success
2026-08-16T03:32:53.673010+00:00,P04408,afdb_v6_probe,P04408,https://alphafold.ebi.ac.uk/files/AF-P04408-F1-model_v6.pdb,404,0,not_found
2026-08-16T03:32:54.693396+00:00,P04413,uniprot_direct,P04413,https://rest.uniprot.org/uniprotkb/P04413.json,200,0,success
2026-08-16T03:32:55.694657+00:00,P04413,afdb_v6_probe,P04413,https://alphafold.ebi.ac.uk/files/AF-P04413-F1-model_v6.pdb,404,0,not_found
2026-08-16T03:33:00.790059+00:00,P04418,uniprot_direct,P04418,https://rest.uniprot.org/uniprotkb/P04418.json,200,0,success
2026-08-16T03:33:01.760411+00:00,P04418,afdb_v6_probe,P04418,https://alphafold.ebi.ac.uk/files/AF-P04418-F1-model_v6.pdb,404,0,not_found
2026-08-16T03:33:02.773360+00:00,P04418,afdb_v6_probe,D9IEF4,https://alphafold.ebi.ac.uk/files/AF-D9IEF4-F1-model_v6.pdb,404,0,not_found
2026-08-16T03:33:03.756813+00:00,P04531,uniprot_direct,P04531,https://rest.uniprot.org/uniprotkb/P04531.json,200,0,success
2026-08-16T03:33:04.721768+00:00,P04531,afdb_v6_probe,P04531,https://alphafold.ebi.ac.uk/files/AF-P04531-F1-model_v6.pdb,404,0,not_found
2026-08-16T03:33:06.050924+00:00,P04533,uniprot_direct,P04533,https://rest.uniprot.org/uniprotkb/P04533.json,200,0,success
2026-08-16T03:33:07.047179+00:00,P04533,afdb_v6_probe,P04533,https://alphafold.ebi.ac.uk/files/AF-P04533-F1-model_v6.pdb,404,0,not_found
2026-08-16T03:33:08.071497+00:00,P05079,uniprot_direct,P05079,https://rest.uniprot.org/uniprotkb/P05079.json,200,0,success
2026-08-16T03:33:09.029912+00:00,P05079,afdb_v6_probe,P05079,https://alphafold.ebi.ac.uk/files/AF-P05079-F1-model_v6.pdb,404,0,not_found
2026-08-16T03:33:10.205935+00:00,P05807,uniprot_direct,P05807,https://rest.uniprot.org/uniprotkb/P05807.json,200,0,success
2026-08-16T03:33:32.242118+00:00,P05807,afdb_v6_probe,P05807,https://alphafold.ebi.ac.uk/files/AF-P05807-F1-model_v6.pdb,404,1,not_found
2026-08-16T03:33:33.207293+00:00,P05807,afdb_v6_probe,P04313,https://alphafold.ebi.ac.uk/files/AF-P04313-F1-model_v6.pdb,404,0,not_found
2026-08-16T03:33:34.154158+00:00,P05807,afdb_v6_probe,P04317,https://alphafold.ebi.ac.uk/files/AF-P04317-F1-model_v6.pdb,404,0,not_found
2026-08-16T03:33:35.231028+00:00,P05807,afdb_v6_probe,Q76ZR6,https://alphafold.ebi.ac.uk/files/AF-Q76ZR6-F1-model_v6.pdb,404,0,not_found
2026-08-16T03:33:36.285402+00:00,P05807,afdb_v6_probe,Q84138,https://alphafold.ebi.ac.uk/files/AF-Q84138-F1-model_v6.pdb,404,0,not_found
2026-08-16T03:33:37.254953+00:00,P06018,uniprot_direct,P06018,https://rest.uniprot.org/uniprotkb/P06018.json,200,0,success
2026-08-16T03:33:38.270490+00:00,P06018,afdb_v6_probe,P06018,https://alphafold.ebi.ac.uk/files/AF-P06018-F1-model_v6.pdb,404,0,not_found
2026-08-16T03:33:39.241240+00:00,P06420,uniprot_direct,P06420,https://rest.uniprot.org/uniprotkb/P06420.json,200,0,success
2026-08-16T03:33:41.220793+00:00,P06420,afdb_v6_probe,P06420,https://alphafold.ebi.ac.uk/files/AF-P06420-F1-model_v6.pdb,404,0,not_found
2026-08-16T03:33:42.183739+00:00,P06421,uniprot_direct,P06421,https://rest.uniprot.org/uniprotkb/P06421.json,200,0,success
2026-08-16T03:33:43.202815+00:00,P06421,afdb_v6_probe,P06421,https://alphafold.ebi.ac.uk/files/AF-P06421-F1-model_v6.pdb,404,0,not_found
2026-08-16T03:33:44.251421+00:00,P06431,uniprot_direct,P06431,https://rest.uniprot.org/uniprotkb/P06431.json,200,0,success
2026-08-16T03:33:45.215329+00:00,P06431,afdb_v6_probe,P06431,https://alphafold.ebi.ac.uk/files/AF-P06431-F1-model_v6.pdb,404,0,not_found
2026-08-16T03:33:46.445537+00:00,P06474,uniprot_direct,P06474,https://rest.uniprot.org/uniprotkb/P06474.json,200,0,success
2026-08-16T03:33:48.310030+00:00,P06474,afdb_v6_probe,P06474,https://alphafold.ebi.ac.uk/files/AF-P06474-F1-model_v6.pdb,404,0,not_found
2026-08-16T03:33:51.226275+00:00,P06478,uniprot_direct,P06478,https://rest.uniprot.org/uniprotkb/P06478.json,200,0,success
2026-08-16T03:33:52.210966+00:00,P06478,afdb_v6_probe,P06478,https://alphafold.ebi.ac.uk/files/AF-P06478-F1-model_v6.pdb,404,0,not_found
2026-08-16T03:33:53.182210+00:00,P06479,uniprot_direct,P06479,https://rest.uniprot.org/uniprotkb/P06479.json,200,0,success
2026-08-16T03:33:54.158202+00:00,P06479,afdb_v6_probe,P06479,https://alphafold.ebi.ac.uk/files/AF-P06479-F1-model_v6.pdb,404,0,not_found
2026-08-16T03:33:55.261095+00:00,P06789,uniprot_direct,P06789,https://rest.uniprot.org/uniprotkb/P06789.json,200,0,success
2026-08-16T03:33:56.216926+00:00,P06789,afdb_v6_probe,P06789,https://alphafold.ebi.ac.uk/files/AF-P06789-F1-model_v6.pdb,404,0,not_found
2026-08-16T03:33:57.170112+00:00,P06789,afdb_v6_probe,Q84181,https://alphafold.ebi.ac.uk/files/AF-Q84181-F1-model_v6.pdb,404,0,not_found
2026-08-16T03:33:58.169500+00:00,P06854,uniprot_direct,P06854,https://rest.uniprot.org/uniprotkb/P06854.json,200,0,success
2026-08-16T03:33:59.153907+00:00,P06854,afdb_v6_probe,P06854,https://alphafold.ebi.ac.uk/files/AF-P06854-F1-model_v6.pdb,404,0,not_found
2026-08-16T03:34:00.099148+00:00,P06855,uniprot_direct,P06855,https://rest.uniprot.org/uniprotkb/P06855.json,200,0,success
2026-08-16T03:34:01.090397+00:00,P06855,afdb_v6_probe,P06855,https://alphafold.ebi.ac.uk/files/AF-P06855-F1-model_v6.pdb,404,0,not_found
2026-08-16T03:34:02.952799+00:00,P06855,afdb_v6_probe,D9IEQ8,https://alphafold.ebi.ac.uk/files/AF-D9IEQ8-F1-model_v6.pdb,404,0,not_found
2026-08-16T03:34:04.028761+00:00,P06920,uniprot_direct,P06920,https://rest.uniprot.org/uniprotkb/P06920.json,200,0,success
2026-08-16T03:34:04.987173+00:00,P06920,afdb_v6_probe,P06920,https://alphafold.ebi.ac.uk/files/AF-P06920-F1-model_v6.pdb,404,0,not_found
2026-08-16T03:34:06.854503+00:00,P07071,uniprot_direct,P07071,https://rest.uniprot.org/uniprotkb/P07071.json,200,0,success
2026-08-16T03:34:07.829452+00:00,P07071,afdb_v6_probe,P07071,https://alphafold.ebi.ac.uk/files/AF-P07071-F1-model_v6.pdb,404,0,not_found
2026-08-16T03:34:09.727806+00:00,P07071,afdb_v6_probe,P07073,https://alphafold.ebi.ac.uk/files/AF-P07073-F1-model_v6.pdb,404,0,not_found
2026-08-16T03:34:10.719961+00:00,P07071,afdb_v6_probe,Q38428,https://alphafold.ebi.ac.uk/files/AF-Q38428-F1-model_v6.pdb,404,0,not_found
2026-08-16T03:34:11.706391+00:00,P07071,afdb_v6_probe,Q9T0V5,https://alphafold.ebi.ac.uk/files/AF-Q9T0V5-F1-model_v6.pdb,404,0,not_found
2026-08-16T03:34:12.996937+00:00,P07203,uniprot_direct,P07203,https://rest.uniprot.org/uniprotkb/P07203.json,200,0,success
2026-08-16T03:34:13.965419+00:00,P07203,afdb_v6_probe,P07203,https://alphafold.ebi.ac.uk/files/AF-P07203-F1-model_v6.pdb,404,0,not_found
2026-08-16T03:34:14.920451+00:00,P07203,afdb_v6_probe,E9PAS1,https://alphafold.ebi.ac.uk/files/AF-E9PAS1-F1-model_v6.pdb,404,0,not_found
2026-08-16T03:34:15.904805+00:00,P07203,afdb_v6_probe,Q7Z5H1,https://alphafold.ebi.ac.uk/files/AF-Q7Z5H1-F1-model_v6.pdb,404,0,not_found
2026-08-16T03:34:17.961060+00:00,P07203,afdb_v6_probe,Q9BW12,https://alphafold.ebi.ac.uk/files/AF-Q9BW12-F1-model_v6.pdb,404,0,not_found
2026-08-16T03:34:19.033210+00:00,P07239,uniprot_direct,P07239,https://rest.uniprot.org/uniprotkb/P07239.json,200,0,success
2026-08-16T03:34:20.012739+00:00,P07239,afdb_v6_probe,P07239,https://alphafold.ebi.ac.uk/files/AF-P07239-F1-model_v6.pdb,404,0,not_found
2026-08-16T03:34:20.999843+00:00,P07239,afdb_v6_probe,Q80HW5,https://alphafold.ebi.ac.uk/files/AF-Q80HW5-F1-model_v6.pdb,404,0,not_found
2026-08-16T03:34:22.024786+00:00,P07296,uniprot_direct,P07296,https://rest.uniprot.org/uniprotkb/P07296.json,200,0,success
2026-08-16T03:34:23.074172+00:00,P07296,afdb_v6_probe,P07296,https://alphafold.ebi.ac.uk/files/AF-P07296-F1-model_v6.pdb,404,0,not_found
2026-08-16T03:34:24.067747+00:00,P07296,afdb_v6_probe,Q2LD58,https://alphafold.ebi.ac.uk/files/AF-Q2LD58-F1-model_v6.pdb,404,0,not_found
2026-08-16T03:34:25.121078+00:00,P07296,afdb_v6_probe,Q2LD59,https://alphafold.ebi.ac.uk/files/AF-Q2LD59-F1-model_v6.pdb,404,0,not_found
2026-08-16T03:34:26.510641+00:00,P07297,uniprot_direct,P07297,https://rest.uniprot.org/uniprotkb/P07297.json,200,0,success
2026-08-16T03:34:27.463390+00:00,P07297,afdb_v6_probe,P07297,https://alphafold.ebi.ac.uk/files/AF-P07297-F1-model_v6.pdb,404,0,not_found
2026-08-16T03:34:28.420104+00:00,P07297,afdb_v6_probe,Q2LD55,https://alphafold.ebi.ac.uk/files/AF-Q2LD55-F1-model_v6.pdb,404,0,not_found
2026-08-16T03:34:29.476732+00:00,P07297,afdb_v6_probe,Q2LD56,https://alphafold.ebi.ac.uk/files/AF-Q2LD56-F1-model_v6.pdb,404,0,not_found
2026-08-16T03:34:30.442449+00:00,P07297,afdb_v6_probe,Q84374,https://alphafold.ebi.ac.uk/files/AF-Q84374-F1-model_v6.pdb,404,0,not_found
2026-08-16T03:34:31.409700+00:00,P07298,uniprot_direct,P07298,https://rest.uniprot.org/uniprotkb/P07298.json,200,0,success
2026-08-16T03:34:32.364829+00:00,P07298,afdb_v6_probe,P07298,https://alphafold.ebi.ac.uk/files/AF-P07298-F1-model_v6.pdb,404,0,not_found
2026-08-16T03:34:34.136323+00:00,P07299,uniprot_direct,P07299,https://rest.uniprot.org/uniprotkb/P07299.json,200,0,success
2026-08-16T03:34:35.129012+00:00,P07299,afdb_v6_probe,P07299,https://alphafold.ebi.ac.uk/files/AF-P07299-F1-model_v6.pdb,404,0,not_found
2026-08-16T03:34:36.478083+00:00,P07300,uniprot_direct,P07300,https://rest.uniprot.org/uniprotkb/P07300.json,200,0,success
2026-08-16T03:34:37.474381+00:00,P07300,afdb_v6_probe,P07300,https://alphafold.ebi.ac.uk/files/AF-P07300-F1-model_v6.pdb,404,0,not_found
2026-08-16T03:34:38.446103+00:00,P07300,afdb_v6_probe,P10837,https://alphafold.ebi.ac.uk/files/AF-P10837-F1-model_v6.pdb,404,0,not_found
2026-08-16T03:34:39.801334+00:00,P07331,uniprot_direct,P07331,https://rest.uniprot.org/uniprotkb/P07331.json,200,0,success
2026-08-16T03:34:40.765718+00:00,P07331,afdb_v6_probe,P07331,https://alphafold.ebi.ac.uk/files/AF-P07331-F1-model_v6.pdb,404,0,not_found
2026-08-16T03:34:42.895079+00:00,P07541,uniprot_direct,P07541,https://rest.uniprot.org/uniprotkb/P07541.json,200,0,success
2026-08-16T03:34:43.871873+00:00,P07541,afdb_v6_probe,P07541,https://alphafold.ebi.ac.uk/files/AF-P07541-F1-model_v6.pdb,404,0,not_found
2026-08-16T03:34:45.058913+00:00,P07570,uniprot_direct,P07570,https://rest.uniprot.org/uniprotkb/P07570.json,200,0,success
2026-08-16T03:34:46.068461+00:00,P07570,afdb_v6_probe,P07570,https://alphafold.ebi.ac.uk/files/AF-P07570-F1-model_v6.pdb,404,0,not_found
2026-08-16T03:34:47.092281+00:00,P07570,afdb_v6_probe,O92810,https://alphafold.ebi.ac.uk/files/AF-O92810-F1-model_v6.pdb,404,0,not_found
2026-08-16T03:34:48.617159+00:00,P07605,uniprot_direct,P07605,https://rest.uniprot.org/uniprotkb/P07605.json,200,0,success
2026-08-16T03:34:49.614312+00:00,P07605,afdb_v6_probe,P07605,https://alphafold.ebi.ac.uk/files/AF-P07605-F1-model_v6.pdb,404,0,not_found
2026-08-16T03:34:50.573934+00:00,P07605,afdb_v6_probe,Q9Q910,https://alphafold.ebi.ac.uk/files/AF-Q9Q910-F1-model_v6.pdb,404,0,not_found
2026-08-16T03:34:51.791170+00:00,P07606,uniprot_direct,P07606,https://rest.uniprot.org/uniprotkb/P07606.json,200,0,success
2026-08-16T03:34:52.772872+00:00,P07606,afdb_v6_probe,P07606,https://alphafold.ebi.ac.uk/files/AF-P07606-F1-model_v6.pdb,404,0,not_found
2026-08-16T03:34:54.005795+00:00,P07617,uniprot_direct,P07617,https://rest.uniprot.org/uniprotkb/P07617.json,200,0,success
2026-08-16T03:34:55.019202+00:00,P07617,afdb_v6_probe,P07617,https://alphafold.ebi.ac.uk/files/AF-P07617-F1-model_v6.pdb,404,0,not_found
2026-08-16T03:34:56.185344+00:00,P07658,uniprot_direct,P07658,https://rest.uniprot.org/uniprotkb/P07658.json,200,0,success
2026-08-16T03:34:57.164911+00:00,P07658,afdb_v6_probe,P07658,https://alphafold.ebi.ac.uk/files/AF-P07658-F1-model_v6.pdb,404,0,not_found
2026-08-16T03:35:19.148698+00:00,P07658,afdb_v6_probe,P78137,https://alphafold.ebi.ac.uk/files/AF-P78137-F1-model_v6.pdb,404,1,not_found
2026-08-16T03:35:20.129953+00:00,P07658,afdb_v6_probe,Q2M6M5,https://alphafold.ebi.ac.uk/files/AF-Q2M6M5-F1-model_v6.pdb,404,0,not_found
2026-08-16T03:35:21.223258+00:00,P07693,uniprot_direct,P07693,https://rest.uniprot.org/uniprotkb/P07693.json,200,0,success
2026-08-16T03:35:22.197055+00:00,P07693,afdb_v6_probe,P07693,https://alphafold.ebi.ac.uk/files/AF-P07693-F1-model_v6.pdb,404,0,not_found
2026-08-16T03:35:23.254755+00:00,P07693,afdb_v6_probe,Q8W5V0,https://alphafold.ebi.ac.uk/files/AF-Q8W5V0-F1-model_v6.pdb,404,0,not_found
2026-08-16T03:35:25.271891+00:00,P07966,uniprot_direct,P07966,https://rest.uniprot.org/uniprotkb/P07966.json,200,0,success
2026-08-16T03:35:26.555942+00:00,P07966,afdb_v6_probe,P07966,https://alphafold.ebi.ac.uk/files/AF-P07966-F1-model_v6.pdb,404,0,not_found
2026-08-16T03:35:27.513686+00:00,P07967,uniprot_direct,P07967,https://rest.uniprot.org/uniprotkb/P07967.json,200,0,success
2026-08-16T03:35:28.464448+00:00,P07967,afdb_v6_probe,P07967,https://alphafold.ebi.ac.uk/files/AF-P07967-F1-model_v6.pdb,404,0,not_found
2026-08-16T03:35:29.832235+00:00,P07968,uniprot_direct,P07968,https://rest.uniprot.org/uniprotkb/P07968.json,200,0,success
2026-08-16T03:35:30.812398+00:00,P07968,afdb_v6_probe,P07968,https://alphafold.ebi.ac.uk/files/AF-P07968-F1-model_v6.pdb,404,0,not_found
2026-08-16T03:35:33.434353+00:00,P07970,uniprot_direct,P07970,https://rest.uniprot.org/uniprotkb/P07970.json,200,0,success
2026-08-16T03:35:34.405124+00:00,P07970,afdb_v6_probe,P07970,https://alphafold.ebi.ac.uk/files/AF-P07970-F1-model_v6.pdb,404,0,not_found
2026-08-16T03:35:35.395970+00:00,P07971,uniprot_direct,P07971,https://rest.uniprot.org/uniprotkb/P07971.json,200,0,success
2026-08-16T03:35:36.373380+00:00,P07971,afdb_v6_probe,P07971,https://alphafold.ebi.ac.uk/files/AF-P07971-F1-model_v6.pdb,404,0,not_found
2026-08-16T03:35:37.495890+00:00,P07973,uniprot_direct,P07973,https://rest.uniprot.org/uniprotkb/P07973.json,200,0,success
2026-08-16T03:35:38.492354+00:00,P07973,afdb_v6_probe,P07973,https://alphafold.ebi.ac.uk/files/AF-P07973-F1-model_v6.pdb,404,0,not_found
2026-08-16T03:35:39.652313+00:00,P07974,uniprot_direct,P07974,https://rest.uniprot.org/uniprotkb/P07974.json,200,0,success
2026-08-16T03:35:40.638357+00:00,P07974,afdb_v6_probe,P07974,https://alphafold.ebi.ac.uk/files/AF-P07974-F1-model_v6.pdb,404,0,not_found
2026-08-16T03:35:42.027721+00:00,P07975,uniprot_direct,P07975,https://rest.uniprot.org/uniprotkb/P07975.json,200,0,success
2026-08-16T03:35:43.001417+00:00,P07975,afdb_v6_probe,P07975,https://alphafold.ebi.ac.uk/files/AF-P07975-F1-model_v6.pdb,404,0,not_found
2026-08-16T03:35:44.703871+00:00,P07975,afdb_v6_probe,Q5EI66,https://alphafold.ebi.ac.uk/files/AF-Q5EI66-F1-model_v6.pdb,404,0,not_found
2026-08-16T03:35:45.726188+00:00,P07975,afdb_v6_probe,Q5JZY4,https://alphafold.ebi.ac.uk/files/AF-Q5JZY4-F1-model_v6.pdb,404,0,not_found
2026-08-16T03:35:46.994684+00:00,P08333,uniprot_direct,P08333,https://rest.uniprot.org/uniprotkb/P08333.json,200,0,success
2026-08-16T03:35:47.949990+00:00,P08333,afdb_v6_probe,P08333,https://alphafold.ebi.ac.uk/files/AF-P08333-F1-model_v6.pdb,404,0,not_found
2026-08-16T03:35:49.029085+00:00,P08344,uniprot_direct,P08344,https://rest.uniprot.org/uniprotkb/P08344.json,200,0,success
2026-08-16T03:35:50.014565+00:00,P08344,afdb_v6_probe,P08344,https://alphafold.ebi.ac.uk/files/AF-P08344-F1-model_v6.pdb,404,0,not_found
2026-08-16T03:35:50.979974+00:00,P08344,afdb_v6_probe,P08351,https://alphafold.ebi.ac.uk/files/AF-P08351-F1-model_v6.pdb,404,0,not_found
2026-08-16T03:35:52.351004+00:00,P08358,uniprot_direct,P08358,https://rest.uniprot.org/uniprotkb/P08358.json,200,0,success
2026-08-16T03:35:53.384340+00:00,P08358,afdb_v6_probe,P08358,https://alphafold.ebi.ac.uk/files/AF-P08358-F1-model_v6.pdb,404,0,not_found
2026-08-16T03:35:54.918386+00:00,P08763,uniprot_direct,P08763,https://rest.uniprot.org/uniprotkb/P08763.json,200,0,success
2026-08-16T03:35:55.866389+00:00,P08763,afdb_v6_probe,P08763,https://alphafold.ebi.ac.uk/files/AF-P08763-F1-model_v6.pdb,404,0,not_found
2026-08-16T03:35:57.221936+00:00,P08773,uniprot_direct,P08773,https://rest.uniprot.org/uniprotkb/P08773.json,200,0,success
2026-08-16T03:35:58.180201+00:00,P08773,afdb_v6_probe,P08773,https://alphafold.ebi.ac.uk/files/AF-P08773-F1-model_v6.pdb,404,0,not_found
2026-08-16T03:36:20.300895+00:00,P08773,afdb_v6_probe,A0A7S9SVR4,https://alphafold.ebi.ac.uk/files/AF-A0A7S9SVR4-F1-model_v6.pdb,404,1,not_found
2026-08-16T03:36:21.390468+00:00,P08794,uniprot_direct,P08794,https://rest.uniprot.org/uniprotkb/P08794.json,200,0,success
2026-08-16T03:36:22.340981+00:00,P08794,afdb_v6_probe,P08794,https://alphafold.ebi.ac.uk/files/AF-P08794-F1-model_v6.pdb,404,0,not_found
2026-08-16T03:36:23.427759+00:00,P08794,afdb_v6_probe,C9DGR4,https://alphafold.ebi.ac.uk/files/AF-C9DGR4-F1-model_v6.pdb,404,0,not_found
2026-08-16T03:36:24.440040+00:00,P09247,uniprot_direct,P09247,https://rest.uniprot.org/uniprotkb/P09247.json,200,0,success
2026-08-16T03:36:25.435000+00:00,P09247,afdb_v6_probe,P09247,https://alphafold.ebi.ac.uk/files/AF-P09247-F1-model_v6.pdb,404,0,not_found
2026-08-16T03:36:26.833541+00:00,P09248,uniprot_direct,P09248,https://rest.uniprot.org/uniprotkb/P09248.json,200,0,success
2026-08-16T03:36:27.818116+00:00,P09248,afdb_v6_probe,P09248,https://alphafold.ebi.ac.uk/files/AF-P09248-F1-model_v6.pdb,404,0,not_found
2026-08-16T03:36:28.778854+00:00,P09249,uniprot_direct,P09249,https://rest.uniprot.org/uniprotkb/P09249.json,200,0,success
2026-08-16T03:36:29.735919+00:00,P09249,afdb_v6_probe,P09249,https://alphafold.ebi.ac.uk/files/AF-P09249-F1-model_v6.pdb,404,0,not_found
2026-08-16T03:36:31.074484+00:00,P09250,uniprot_direct,P09250,https://rest.uniprot.org/uniprotkb/P09250.json,200,0,success
2026-08-16T03:36:32.052243+00:00,P09250,afdb_v6_probe,P09250,https://alphafold.ebi.ac.uk/files/AF-P09250-F1-model_v6.pdb,404,0,not_found
2026-08-16T03:36:32.994901+00:00,P09250,afdb_v6_probe,O57298,https://alphafold.ebi.ac.uk/files/AF-O57298-F1-model_v6.pdb,404,0,not_found
2026-08-16T03:36:34.048375+00:00,P09250,afdb_v6_probe,P0C0E5,https://alphafold.ebi.ac.uk/files/AF-P0C0E5-F1-model_v6.pdb,404,0,not_found
2026-08-16T03:36:35.028280+00:00,P09250,afdb_v6_probe,P0C0E7,https://alphafold.ebi.ac.uk/files/AF-P0C0E7-F1-model_v6.pdb,404,0,not_found
2026-08-16T03:36:35.987995+00:00,P09250,afdb_v6_probe,P14341,https://alphafold.ebi.ac.uk/files/AF-P14341-F1-model_v6.pdb,404,0,not_found
2026-08-16T03:36:36.999391+00:00,P09250,afdb_v6_probe,P14342,https://alphafold.ebi.ac.uk/files/AF-P14342-F1-model_v6.pdb,404,0,not_found
2026-08-16T03:36:38.735308+00:00,P09250,afdb_v6_probe,P14343,https://alphafold.ebi.ac.uk/files/AF-P14343-F1-model_v6.pdb,404,0,not_found
2026-08-16T03:36:39.748766+00:00,P09250,afdb_v6_probe,P14344,https://alphafold.ebi.ac.uk/files/AF-P14344-F1-model_v6.pdb,404,0,not_found
2026-08-16T03:36:42.102861+00:00,P09251,uniprot_direct,P09251,https://rest.uniprot.org/uniprotkb/P09251.json,200,0,success
2026-08-16T03:36:44.202826+00:00,P09251,afdb_v6_probe,P09251,https://alphafold.ebi.ac.uk/files/AF-P09251-F1-model_v6.pdb,404,0,not_found
2026-08-16T03:36:45.268392+00:00,P09254,uniprot_direct,P09254,https://rest.uniprot.org/uniprotkb/P09254.json,200,0,success
2026-08-16T03:36:46.239271+00:00,P09254,afdb_v6_probe,P09254,https://alphafold.ebi.ac.uk/files/AF-P09254-F1-model_v6.pdb,404,0,not_found
2026-08-16T03:36:47.246554+00:00,P09296,uniprot_direct,P09296,https://rest.uniprot.org/uniprotkb/P09296.json,200,0,success
2026-08-16T03:36:48.222987+00:00,P09296,afdb_v6_probe,P09296,https://alphafold.ebi.ac.uk/files/AF-P09296-F1-model_v6.pdb,404,0,not_found
2026-08-16T03:36:49.242239+00:00,P09389,uniprot_direct,P09389,https://rest.uniprot.org/uniprotkb/P09389.json,200,0,success
2026-08-16T03:36:50.204148+00:00,P09389,afdb_v6_probe,P09389,https://alphafold.ebi.ac.uk/files/AF-P09389-F1-model_v6.pdb,404,0,not_found
2026-08-16T03:36:51.266267+00:00,P09389,afdb_v6_probe,Q77YW9,https://alphafold.ebi.ac.uk/files/AF-Q77YW9-F1-model_v6.pdb,404,0,not_found
2026-08-16T03:37:13.311845+00:00,P09503,uniprot_direct,P09503,https://rest.uniprot.org/uniprotkb/P09503.json,200,1,success
2026-08-16T03:37:14.305002+00:00,P09503,afdb_v6_probe,P09503,https://alphafold.ebi.ac.uk/files/AF-P09503-F1-model_v6.pdb,404,0,not_found
2026-08-16T03:37:15.401482+00:00,P09915,uniprot_direct,P09915,https://rest.uniprot.org/uniprotkb/P09915.json,200,0,success
2026-08-16T03:37:16.344910+00:00,P09915,afdb_v6_probe,P09915,https://alphafold.ebi.ac.uk/files/AF-P09915-F1-model_v6.pdb,404,0,not_found
2026-08-16T03:37:17.806212+00:00,P0C0E6,uniprot_direct,P0C0E6,https://rest.uniprot.org/uniprotkb/P0C0E6.json,200,0,success
2026-08-16T03:37:18.852553+00:00,P0C0E6,afdb_v6_probe,P0C0E6,https://alphafold.ebi.ac.uk/files/AF-P0C0E6-F1-model_v6.pdb,404,0,not_found
2026-08-16T03:37:19.900757+00:00,P0C0E6,afdb_v6_probe,O57298,https://alphafold.ebi.ac.uk/files/AF-O57298-F1-model_v6.pdb,404,0,not_found
2026-08-16T03:37:20.863057+00:00,P0C0E6,afdb_v6_probe,P14344,https://alphafold.ebi.ac.uk/files/AF-P14344-F1-model_v6.pdb,404,0,not_found
2026-08-16T03:37:21.853338+00:00,P0C0E6,afdb_v6_probe,Q4JQT9,https://alphafold.ebi.ac.uk/files/AF-Q4JQT9-F1-model_v6.pdb,404,0,not_found
2026-08-16T03:37:23.112234+00:00,P0C0V9,uniprot_direct,P0C0V9,https://rest.uniprot.org/uniprotkb/P0C0V9.json,200,0,success
2026-08-16T03:37:24.100955+00:00,P0C0V9,afdb_v6_probe,P0C0V9,https://alphafold.ebi.ac.uk/files/AF-P0C0V9-F1-model_v6.pdb,404,0,not_found
2026-08-16T03:37:25.050858+00:00,P0C0V9,afdb_v6_probe,O39517,https://alphafold.ebi.ac.uk/files/AF-O39517-F1-model_v6.pdb,404,0,not_found
2026-08-16T03:37:26.101859+00:00,P0C0V9,afdb_v6_probe,Q3T8I8,https://alphafold.ebi.ac.uk/files/AF-Q3T8I8-F1-model_v6.pdb,404,0,not_found
2026-08-16T03:37:27.095936+00:00,P0C0W0,uniprot_direct,P0C0W0,https://rest.uniprot.org/uniprotkb/P0C0W0.json,200,0,success
2026-08-16T03:37:28.066034+00:00,P0C0W0,afdb_v6_probe,P0C0W0,https://alphafold.ebi.ac.uk/files/AF-P0C0W0-F1-model_v6.pdb,404,0,not_found
2026-08-16T03:37:29.010935+00:00,P0C0W0,afdb_v6_probe,O39517,https://alphafold.ebi.ac.uk/files/AF-O39517-F1-model_v6.pdb,404,0,not_found
2026-08-16T03:37:30.459466+00:00,P0C0W3,uniprot_direct,P0C0W3,https://rest.uniprot.org/uniprotkb/P0C0W3.json,200,0,success
2026-08-16T03:37:31.409558+00:00,P0C0W3,afdb_v6_probe,P0C0W3,https://alphafold.ebi.ac.uk/files/AF-P0C0W3-F1-model_v6.pdb,404,0,not_found
2026-08-16T03:37:32.374513+00:00,P0C0W3,afdb_v6_probe,Q1DGD7,https://alphafold.ebi.ac.uk/files/AF-Q1DGD7-F1-model_v6.pdb,404,0,not_found
2026-08-16T03:37:33.423031+00:00,P0C0W4,uniprot_direct,P0C0W4,https://rest.uniprot.org/uniprotkb/P0C0W4.json,200,0,success
2026-08-16T03:37:34.419375+00:00,P0C0W4,afdb_v6_probe,P0C0W4,https://alphafold.ebi.ac.uk/files/AF-P0C0W4-F1-model_v6.pdb,404,0,not_found
2026-08-16T03:37:35.449516+00:00,P0C0W5,uniprot_direct,P0C0W5,https://rest.uniprot.org/uniprotkb/P0C0W5.json,200,0,success
2026-08-16T03:37:36.433278+00:00,P0C0W5,afdb_v6_probe,P0C0W5,https://alphafold.ebi.ac.uk/files/AF-P0C0W5-F1-model_v6.pdb,404,0,not_found
2026-08-16T03:37:37.430477+00:00,P0C0W6,uniprot_direct,P0C0W6,https://rest.uniprot.org/uniprotkb/P0C0W6.json,200,0,success
2026-08-16T03:37:38.395956+00:00,P0C0W6,afdb_v6_probe,P0C0W6,https://alphafold.ebi.ac.uk/files/AF-P0C0W6-F1-model_v6.pdb,404,0,not_found
2026-08-16T03:37:40.456716+00:00,P0C0W7,uniprot_direct,P0C0W7,https://rest.uniprot.org/uniprotkb/P0C0W7.json,200,0,success
2026-08-16T03:37:42.200207+00:00,P0C0W7,afdb_v6_probe,P0C0W7,https://alphafold.ebi.ac.uk/files/AF-P0C0W7-F1-model_v6.pdb,404,0,not_found
2026-08-16T03:37:44.336959+00:00,P0C1G4,uniprot_direct,P0C1G4,https://rest.uniprot.org/uniprotkb/P0C1G4.json,200,0,success
2026-08-16T03:37:45.293483+00:00,P0C1G4,afdb_v6_probe,P0C1G4,https://alphafold.ebi.ac.uk/files/AF-P0C1G4-F1-model_v6.pdb,404,0,not_found
2026-08-16T03:37:46.251718+00:00,P0C1G4,afdb_v6_probe,P80535,https://alphafold.ebi.ac.uk/files/AF-P80535-F1-model_v6.pdb,404,0,not_found
2026-08-16T03:37:47.284561+00:00,P0C2D4,uniprot_direct,P0C2D4,https://rest.uniprot.org/uniprotkb/P0C2D4.json,200,0,success
2026-08-16T03:37:48.273234+00:00,P0C2D4,afdb_v6_probe,P0C2D4,https://alphafold.ebi.ac.uk/files/AF-P0C2D4-F1-model_v6.pdb,404,0,not_found
2026-08-16T03:37:49.519996+00:00,P0C2K5,uniprot_direct,P0C2K5,https://rest.uniprot.org/uniprotkb/P0C2K5.json,200,0,success
2026-08-16T03:37:50.475931+00:00,P0C2K5,afdb_v6_probe,P0C2K5,https://alphafold.ebi.ac.uk/files/AF-P0C2K5-F1-model_v6.pdb,404,0,not_found
2026-08-16T03:37:51.502822+00:00,P0C2K7,uniprot_direct,P0C2K7,https://rest.uniprot.org/uniprotkb/P0C2K7.json,200,0,success
2026-08-16T03:37:52.545240+00:00,P0C2K7,afdb_v6_probe,P0C2K7,https://alphafold.ebi.ac.uk/files/AF-P0C2K7-F1-model_v6.pdb,404,0,not_found
2026-08-16T03:37:53.621651+00:00,P0C2K8,uniprot_direct,P0C2K8,https://rest.uniprot.org/uniprotkb/P0C2K8.json,200,0,success
2026-08-16T03:37:54.574833+00:00,P0C2K8,afdb_v6_probe,P0C2K8,https://alphafold.ebi.ac.uk/files/AF-P0C2K8-F1-model_v6.pdb,404,0,not_found
2026-08-16T03:37:55.541510+00:00,P0C2K9,uniprot_direct,P0C2K9,https://rest.uniprot.org/uniprotkb/P0C2K9.json,200,0,success
2026-08-16T03:37:56.549723+00:00,P0C2K9,afdb_v6_probe,P0C2K9,https://alphafold.ebi.ac.uk/files/AF-P0C2K9-F1-model_v6.pdb,404,0,not_found
2026-08-16T03:37:57.630545+00:00,P0C2L0,uniprot_direct,P0C2L0,https://rest.uniprot.org/uniprotkb/P0C2L0.json,200,0,success
2026-08-16T03:37:58.612999+00:00,P0C2L0,afdb_v6_probe,P0C2L0,https://alphafold.ebi.ac.uk/files/AF-P0C2L0-F1-model_v6.pdb,404,0,not_found
2026-08-16T03:37:59.549396+00:00,P0C2L1,uniprot_direct,P0C2L1,https://rest.uniprot.org/uniprotkb/P0C2L1.json,200,0,success
2026-08-16T03:38:00.891243+00:00,P0C2L1,afdb_v6_probe,P0C2L1,https://alphafold.ebi.ac.uk/files/AF-P0C2L1-F1-model_v6.pdb,404,0,not_found
2026-08-16T03:38:02.009476+00:00,P0C6L1,uniprot_direct,P0C6L1,https://rest.uniprot.org/uniprotkb/P0C6L1.json,200,0,success
2026-08-16T03:38:02.969448+00:00,P0C6L1,afdb_v6_probe,P0C6L1,https://alphafold.ebi.ac.uk/files/AF-P0C6L1-F1-model_v6.pdb,404,0,not_found
2026-08-16T03:38:03.916671+00:00,P0C6L1,afdb_v6_probe,P23066,https://alphafold.ebi.ac.uk/files/AF-P23066-F1-model_v6.pdb,404,0,not_found
2026-08-16T03:38:04.873423+00:00,P0C6L1,afdb_v6_probe,Q6LCJ9,https://alphafold.ebi.ac.uk/files/AF-Q6LCJ9-F1-model_v6.pdb,404,0,not_found
2026-08-16T03:38:05.832811+00:00,P0C6Z8,uniprot_direct,P0C6Z8,https://rest.uniprot.org/uniprotkb/P0C6Z8.json,200,0,success
2026-08-16T03:38:06.778249+00:00,P0C6Z8,afdb_v6_probe,P0C6Z8,https://alphafold.ebi.ac.uk/files/AF-P0C6Z8-F1-model_v6.pdb,404,0,not_found
2026-08-16T03:38:07.829701+00:00,P0C6Z8,afdb_v6_probe,Q777D1,https://alphafold.ebi.ac.uk/files/AF-Q777D1-F1-model_v6.pdb,404,0,not_found
2026-08-16T03:38:08.821353+00:00,P0C701,uniprot_direct,P0C701,https://rest.uniprot.org/uniprotkb/P0C701.json,200,0,success
2026-08-16T03:38:10.488559+00:00,P0C701,afdb_v6_probe,P0C701,https://alphafold.ebi.ac.uk/files/AF-P0C701-F1-model_v6.pdb,404,0,not_found
2026-08-16T03:38:11.472653+00:00,P0C701,afdb_v6_probe,Q777G0,https://alphafold.ebi.ac.uk/files/AF-Q777G0-F1-model_v6.pdb,404,0,not_found
2026-08-16T03:38:12.428094+00:00,P0C702,uniprot_direct,P0C702,https://rest.uniprot.org/uniprotkb/P0C702.json,200,0,success
2026-08-16T03:38:13.482900+00:00,P0C702,afdb_v6_probe,P0C702,https://alphafold.ebi.ac.uk/files/AF-P0C702-F1-model_v6.pdb,404,0,not_found
2026-08-16T03:38:14.870921+00:00,P0C702,afdb_v6_probe,Q777G1,https://alphafold.ebi.ac.uk/files/AF-Q777G1-F1-model_v6.pdb,404,0,not_found
2026-08-16T03:38:16.739764+00:00,P0C731,uniprot_direct,P0C731,https://rest.uniprot.org/uniprotkb/P0C731.json,200,0,success
2026-08-16T03:38:17.690922+00:00,P0C731,afdb_v6_probe,P0C731,https://alphafold.ebi.ac.uk/files/AF-P0C731-F1-model_v6.pdb,404,0,not_found
2026-08-16T03:38:18.782686+00:00,P0C8F2,uniprot_direct,P0C8F2,https://rest.uniprot.org/uniprotkb/P0C8F2.json,200,0,success
2026-08-16T03:38:19.772555+00:00,P0C8F2,afdb_v6_probe,P0C8F2,https://alphafold.ebi.ac.uk/files/AF-P0C8F2-F1-model_v6.pdb,404,0,not_found
2026-08-16T03:38:21.771508+00:00,P0C8F3,uniprot_direct,P0C8F3,https://rest.uniprot.org/uniprotkb/P0C8F3.json,200,0,success
2026-08-16T03:38:22.760560+00:00,P0C8F3,afdb_v6_probe,P0C8F3,https://alphafold.ebi.ac.uk/files/AF-P0C8F3-F1-model_v6.pdb,404,0,not_found
2026-08-16T03:38:23.835848+00:00,P0C8F4,uniprot_direct,P0C8F4,https://rest.uniprot.org/uniprotkb/P0C8F4.json,200,0,success
2026-08-16T03:38:25.114439+00:00,P0C8F4,afdb_v6_probe,P0C8F4,https://alphafold.ebi.ac.uk/files/AF-P0C8F4-F1-model_v6.pdb,404,0,not_found
2026-08-16T03:38:26.998696+00:00,P0C8F9,uniprot_direct,P0C8F9,https://rest.uniprot.org/uniprotkb/P0C8F9.json,200,0,success
2026-08-16T03:38:28.056944+00:00,P0C8F9,afdb_v6_probe,P0C8F9,https://alphafold.ebi.ac.uk/files/AF-P0C8F9-F1-model_v6.pdb,404,0,not_found
2026-08-16T03:38:29.135522+00:00,P0C8G1,uniprot_direct,P0C8G1,https://rest.uniprot.org/uniprotkb/P0C8G1.json,200,0,success
2026-08-16T03:38:30.405123+00:00,P0C8G1,afdb_v6_probe,P0C8G1,https://alphafold.ebi.ac.uk/files/AF-P0C8G1-F1-model_v6.pdb,404,0,not_found
2026-08-16T03:38:31.486114+00:00,P0C8G2,uniprot_direct,P0C8G2,https://rest.uniprot.org/uniprotkb/P0C8G2.json,200,0,success
2026-08-16T03:38:32.472860+00:00,P0C8G2,afdb_v6_probe,P0C8G2,https://alphafold.ebi.ac.uk/files/AF-P0C8G2-F1-model_v6.pdb,404,0,not_found
2026-08-16T03:38:33.501185+00:00,P0C8G8,uniprot_direct,P0C8G8,https://rest.uniprot.org/uniprotkb/P0C8G8.json,200,0,success
2026-08-16T03:38:34.476975+00:00,P0C8G8,afdb_v6_probe,P0C8G8,https://alphafold.ebi.ac.uk/files/AF-P0C8G8-F1-model_v6.pdb,404,0,not_found
2026-08-16T03:38:35.554666+00:00,P0C8G9,uniprot_direct,P0C8G9,https://rest.uniprot.org/uniprotkb/P0C8G9.json,200,0,success
2026-08-16T03:38:36.558134+00:00,P0C8G9,afdb_v6_probe,P0C8G9,https://alphafold.ebi.ac.uk/files/AF-P0C8G9-F1-model_v6.pdb,404,0,not_found
2026-08-16T03:38:37.713756+00:00,P0C8H7,uniprot_direct,P0C8H7,https://rest.uniprot.org/uniprotkb/P0C8H7.json,200,0,success
2026-08-16T03:38:38.678828+00:00,P0C8H7,afdb_v6_probe,P0C8H7,https://alphafold.ebi.ac.uk/files/AF-P0C8H7-F1-model_v6.pdb,404,0,not_found
2026-08-16T03:38:39.687940+00:00,P0C8H8,uniprot_direct,P0C8H8,https://rest.uniprot.org/uniprotkb/P0C8H8.json,200,0,success
2026-08-16T03:38:40.677673+00:00,P0C8H8,afdb_v6_probe,P0C8H8,https://alphafold.ebi.ac.uk/files/AF-P0C8H8-F1-model_v6.pdb,404,0,not_found
2026-08-16T03:38:41.961772+00:00,P0C8H9,uniprot_direct,P0C8H9,https://rest.uniprot.org/uniprotkb/P0C8H9.json,200,0,success
2026-08-16T03:38:44.526533+00:00,P0C8H9,afdb_v6_probe,P0C8H9,https://alphafold.ebi.ac.uk/files/AF-P0C8H9-F1-model_v6.pdb,404,0,not_found
2026-08-16T03:38:45.842379+00:00,P0C8I0,uniprot_direct,P0C8I0,https://rest.uniprot.org/uniprotkb/P0C8I0.json,200,0,success
2026-08-16T03:38:47.729108+00:00,P0C8I0,afdb_v6_probe,P0C8I0,https://alphafold.ebi.ac.uk/files/AF-P0C8I0-F1-model_v6.pdb,404,0,not_found
2026-08-16T03:38:48.738204+00:00,P0C8I1,uniprot_direct,P0C8I1,https://rest.uniprot.org/uniprotkb/P0C8I1.json,200,0,success
2026-08-16T03:38:49.680922+00:00,P0C8I1,afdb_v6_probe,P0C8I1,https://alphafold.ebi.ac.uk/files/AF-P0C8I1-F1-model_v6.pdb,404,0,not_found
2026-08-16T03:38:50.633033+00:00,P0C8I2,uniprot_direct,P0C8I2,https://rest.uniprot.org/uniprotkb/P0C8I2.json,200,0,success
2026-08-16T03:38:51.971762+00:00,P0C8I2,afdb_v6_probe,P0C8I2,https://alphafold.ebi.ac.uk/files/AF-P0C8I2-F1-model_v6.pdb,404,0,not_found
2026-08-16T03:38:53.313755+00:00,P0C8I3,uniprot_direct,P0C8I3,https://rest.uniprot.org/uniprotkb/P0C8I3.json,200,0,success
2026-08-16T03:38:54.264832+00:00,P0C8I3,afdb_v6_probe,P0C8I3,https://alphafold.ebi.ac.uk/files/AF-P0C8I3-F1-model_v6.pdb,404,0,not_found
2026-08-16T03:38:55.592835+00:00,P0C8I4,uniprot_direct,P0C8I4,https://rest.uniprot.org/uniprotkb/P0C8I4.json,200,0,success
2026-08-16T03:38:58.250151+00:00,P0C8I4,afdb_v6_probe,P0C8I4,https://alphafold.ebi.ac.uk/files/AF-P0C8I4-F1-model_v6.pdb,404,0,not_found
2026-08-16T03:38:59.221964+00:00,P0C8I5,uniprot_direct,P0C8I5,https://rest.uniprot.org/uniprotkb/P0C8I5.json,200,0,success
2026-08-16T03:39:00.228733+00:00,P0C8I5,afdb_v6_probe,P0C8I5,https://alphafold.ebi.ac.uk/files/AF-P0C8I5-F1-model_v6.pdb,404,0,not_found
2026-08-16T03:39:02.265608+00:00,P0C8I6,uniprot_direct,P0C8I6,https://rest.uniprot.org/uniprotkb/P0C8I6.json,200,0,success
2026-08-16T03:39:03.247482+00:00,P0C8I6,afdb_v6_probe,P0C8I6,https://alphafold.ebi.ac.uk/files/AF-P0C8I6-F1-model_v6.pdb,404,0,not_found
2026-08-16T03:39:04.280609+00:00,P0C8L5,uniprot_direct,P0C8L5,https://rest.uniprot.org/uniprotkb/P0C8L5.json,200,0,success
2026-08-16T03:39:05.323452+00:00,P0C8L5,afdb_v6_probe,P0C8L5,https://alphafold.ebi.ac.uk/files/AF-P0C8L5-F1-model_v6.pdb,404,0,not_found
2026-08-16T03:39:06.297114+00:00,P0C942,uniprot_direct,P0C942,https://rest.uniprot.org/uniprotkb/P0C942.json,200,0,success
2026-08-16T03:39:07.343999+00:00,P0C942,afdb_v6_probe,P0C942,https://alphafold.ebi.ac.uk/files/AF-P0C942-F1-model_v6.pdb,404,0,not_found
2026-08-16T03:39:08.500469+00:00,P0C943,uniprot_direct,P0C943,https://rest.uniprot.org/uniprotkb/P0C943.json,200,0,success
2026-08-16T03:39:09.548340+00:00,P0C943,afdb_v6_probe,P0C943,https://alphafold.ebi.ac.uk/files/AF-P0C943-F1-model_v6.pdb,404,0,not_found
2026-08-16T03:39:10.923471+00:00,P0C993,uniprot_direct,P0C993,https://rest.uniprot.org/uniprotkb/P0C993.json,200,0,success
2026-08-16T03:39:11.874975+00:00,P0C993,afdb_v6_probe,P0C993,https://alphafold.ebi.ac.uk/files/AF-P0C993-F1-model_v6.pdb,404,0,not_found
2026-08-16T03:39:13.402748+00:00,P0C995,uniprot_direct,P0C995,https://rest.uniprot.org/uniprotkb/P0C995.json,200,0,success
2026-08-16T03:39:14.372044+00:00,P0C995,afdb_v6_probe,P0C995,https://alphafold.ebi.ac.uk/files/AF-P0C995-F1-model_v6.pdb,404,0,not_found
2026-08-16T03:39:15.361089+00:00,P0C9A2,uniprot_direct,P0C9A2,https://rest.uniprot.org/uniprotkb/P0C9A2.json,200,0,success
2026-08-16T03:39:16.352663+00:00,P0C9A2,afdb_v6_probe,P0C9A2,https://alphafold.ebi.ac.uk/files/AF-P0C9A2-F1-model_v6.pdb,404,0,not_found
2026-08-16T03:39:18.217233+00:00,P0C9A4,uniprot_direct,P0C9A4,https://rest.uniprot.org/uniprotkb/P0C9A4.json,200,0,success
2026-08-16T03:39:19.284415+00:00,P0C9A4,afdb_v6_probe,P0C9A4,https://alphafold.ebi.ac.uk/files/AF-P0C9A4-F1-model_v6.pdb,404,0,not_found
2026-08-16T03:39:20.354755+00:00,P0C9A8,uniprot_direct,P0C9A8,https://rest.uniprot.org/uniprotkb/P0C9A8.json,200,0,success
2026-08-16T03:39:21.408460+00:00,P0C9A8,afdb_v6_probe,P0C9A8,https://alphafold.ebi.ac.uk/files/AF-P0C9A8-F1-model_v6.pdb,404,0,not_found
2026-08-16T03:39:22.736304+00:00,P0C9A9,uniprot_direct,P0C9A9,https://rest.uniprot.org/uniprotkb/P0C9A9.json,200,0,success
2026-08-16T03:39:23.693489+00:00,P0C9A9,afdb_v6_probe,P0C9A9,https://alphafold.ebi.ac.uk/files/AF-P0C9A9-F1-model_v6.pdb,404,0,not_found
2026-08-16T03:39:25.117359+00:00,P0C9B0,uniprot_direct,P0C9B0,https://rest.uniprot.org/uniprotkb/P0C9B0.json,200,0,success
2026-08-16T03:39:26.097033+00:00,P0C9B0,afdb_v6_probe,P0C9B0,https://alphafold.ebi.ac.uk/files/AF-P0C9B0-F1-model_v6.pdb,404,0,not_found
2026-08-16T03:39:27.124484+00:00,P0C9C3,uniprot_direct,P0C9C3,https://rest.uniprot.org/uniprotkb/P0C9C3.json,200,0,success
2026-08-16T03:39:28.135552+00:00,P0C9C3,afdb_v6_probe,P0C9C3,https://alphafold.ebi.ac.uk/files/AF-P0C9C3-F1-model_v6.pdb,404,0,not_found
2026-08-16T03:39:29.384604+00:00,P0C9C4,uniprot_direct,P0C9C4,https://rest.uniprot.org/uniprotkb/P0C9C4.json,200,0,success
2026-08-16T03:39:30.343986+00:00,P0C9C4,afdb_v6_probe,P0C9C4,https://alphafold.ebi.ac.uk/files/AF-P0C9C4-F1-model_v6.pdb,404,0,not_found
2026-08-16T03:39:31.381435+00:00,P0C9C5,uniprot_direct,P0C9C5,https://rest.uniprot.org/uniprotkb/P0C9C5.json,200,0,success
2026-08-16T03:39:53.738878+00:00,P0C9C5,afdb_v6_probe,P0C9C5,https://alphafold.ebi.ac.uk/files/AF-P0C9C5-F1-model_v6.pdb,404,1,not_found
2026-08-16T03:39:54.954206+00:00,P0C9E0,uniprot_direct,P0C9E0,https://rest.uniprot.org/uniprotkb/P0C9E0.json,200,0,success
2026-08-16T03:39:55.970427+00:00,P0C9E0,afdb_v6_probe,P0C9E0,https://alphafold.ebi.ac.uk/files/AF-P0C9E0-F1-model_v6.pdb,404,0,not_found
2026-08-16T03:39:56.993268+00:00,P0C9E1,uniprot_direct,P0C9E1,https://rest.uniprot.org/uniprotkb/P0C9E1.json,200,0,success
2026-08-16T03:39:57.972554+00:00,P0C9E1,afdb_v6_probe,P0C9E1,https://alphafold.ebi.ac.uk/files/AF-P0C9E1-F1-model_v6.pdb,404,0,not_found
2026-08-16T03:39:59.266983+00:00,P0C9E2,uniprot_direct,P0C9E2,https://rest.uniprot.org/uniprotkb/P0C9E2.json,200,0,success
2026-08-16T03:40:00.241416+00:00,P0C9E2,afdb_v6_probe,P0C9E2,https://alphafold.ebi.ac.uk/files/AF-P0C9E2-F1-model_v6.pdb,404,0,not_found
2026-08-16T03:40:01.220129+00:00,P0CAP6,uniprot_direct,P0CAP6,https://rest.uniprot.org/uniprotkb/P0CAP6.json,200,0,success
2026-08-16T03:40:02.908768+00:00,P0CAP6,afdb_v6_probe,P0CAP6,https://alphafold.ebi.ac.uk/files/AF-P0CAP6-F1-model_v6.pdb,404,0,not_found
2026-08-16T03:40:03.901745+00:00,P0CAP6,afdb_v6_probe,P03175,https://alphafold.ebi.ac.uk/files/AF-P03175-F1-model_v6.pdb,404,0,not_found
2026-08-16T03:40:04.882245+00:00,P0CAP6,afdb_v6_probe,Q777G0,https://alphafold.ebi.ac.uk/files/AF-Q777G0-F1-model_v6.pdb,404,0,not_found
2026-08-16T03:40:06.043776+00:00,P0CAP7,uniprot_direct,P0CAP7,https://rest.uniprot.org/uniprotkb/P0CAP7.json,200,0,success
2026-08-16T03:40:06.992269+00:00,P0CAP7,afdb_v6_probe,P0CAP7,https://alphafold.ebi.ac.uk/files/AF-P0CAP7-F1-model_v6.pdb,404,0,not_found
2026-08-16T03:40:08.010401+00:00,P0CAP7,afdb_v6_probe,Q777G0,https://alphafold.ebi.ac.uk/files/AF-Q777G0-F1-model_v6.pdb,404,0,not_found
2026-08-16T03:40:09.101181+00:00,P0CAT1,uniprot_direct,P0CAT1,https://rest.uniprot.org/uniprotkb/P0CAT1.json,200,0,success
2026-08-16T03:40:10.069093+00:00,P0CAT1,afdb_v6_probe,P0CAT1,https://alphafold.ebi.ac.uk/files/AF-P0CAT1-F1-model_v6.pdb,404,0,not_found
2026-08-16T03:40:11.327216+00:00,P0CH86,uniprot_direct,P0CH86,https://rest.uniprot.org/uniprotkb/P0CH86.json,200,0,success
2026-08-16T03:40:12.382669+00:00,P0CH86,afdb_v6_probe,P0CH86,https://alphafold.ebi.ac.uk/files/AF-P0CH86-F1-model_v6.pdb,404,0,not_found
2026-08-16T03:40:13.374886+00:00,P0CK60,uniprot_direct,P0CK60,https://rest.uniprot.org/uniprotkb/P0CK60.json,200,0,success
2026-08-16T03:40:14.424652+00:00,P0CK60,afdb_v6_probe,P0CK60,https://alphafold.ebi.ac.uk/files/AF-P0CK60-F1-model_v6.pdb,404,0,not_found
2026-08-16T03:40:15.430833+00:00,P0CK60,afdb_v6_probe,O91252,https://alphafold.ebi.ac.uk/files/AF-O91252-F1-model_v6.pdb,404,0,not_found
2026-08-16T03:40:16.774692+00:00,P0CK60,afdb_v6_probe,P0CAX6,https://alphafold.ebi.ac.uk/files/AF-P0CAX6-F1-model_v6.pdb,404,0,not_found
2026-08-16T03:40:17.730849+00:00,P0CK60,afdb_v6_probe,P0CK61,https://alphafold.ebi.ac.uk/files/AF-P0CK61-F1-model_v6.pdb,404,0,not_found
2026-08-16T03:40:18.676818+00:00,P0CK60,afdb_v6_probe,Q9WIK2,https://alphafold.ebi.ac.uk/files/AF-Q9WIK2-F1-model_v6.pdb,404,0,not_found
2026-08-16T03:40:19.714521+00:00,P0DMG8,uniprot_direct,P0DMG8,https://rest.uniprot.org/uniprotkb/P0DMG8.json,200,0,success
2026-08-16T03:40:20.719974+00:00,P0DMG8,afdb_v6_probe,P0DMG8,https://alphafold.ebi.ac.uk/files/AF-P0DMG8-F1-model_v6.pdb,404,0,not_found
2026-08-16T03:40:22.054950+00:00,P0DMG9,uniprot_direct,P0DMG9,https://rest.uniprot.org/uniprotkb/P0DMG9.json,200,0,success
2026-08-16T03:40:23.003799+00:00,P0DMG9,afdb_v6_probe,P0DMG9,https://alphafold.ebi.ac.uk/files/AF-P0DMG9-F1-model_v6.pdb,404,0,not_found
2026-08-16T03:40:24.304335+00:00,P0DOI5,uniprot_direct,P0DOI5,https://rest.uniprot.org/uniprotkb/P0DOI5.json,200,0,success
2026-08-16T03:40:25.365052+00:00,P0DOI5,afdb_v6_probe,P0DOI5,https://alphafold.ebi.ac.uk/files/AF-P0DOI5-F1-model_v6.pdb,404,0,not_found
2026-08-16T03:40:26.355398+00:00,P0DOI5,afdb_v6_probe,A3R4M9,https://alphafold.ebi.ac.uk/files/AF-A3R4M9-F1-model_v6.pdb,404,0,not_found
2026-08-16T03:40:27.415916+00:00,P0DOI5,afdb_v6_probe,A3R4N4,https://alphafold.ebi.ac.uk/files/AF-A3R4N4-F1-model_v6.pdb,404,0,not_found
2026-08-16T03:40:28.382929+00:00,P0DOI5,afdb_v6_probe,A3R4N9,https://alphafold.ebi.ac.uk/files/AF-A3R4N9-F1-model_v6.pdb,404,0,not_found
2026-08-16T03:40:51.062530+00:00,P0DOI6,uniprot_direct,P0DOI6,https://rest.uniprot.org/uniprotkb/P0DOI6.json,200,1,success
2026-08-16T03:40:52.114384+00:00,P0DOI6,afdb_v6_probe,P0DOI6,https://alphafold.ebi.ac.uk/files/AF-P0DOI6-F1-model_v6.pdb,404,0,not_found
2026-08-16T03:40:54.159559+00:00,P0DOI6,afdb_v6_probe,A3R4M9,https://alphafold.ebi.ac.uk/files/AF-A3R4M9-F1-model_v6.pdb,404,0,not_found
2026-08-16T03:40:55.221464+00:00,P0DOI6,afdb_v6_probe,A3R4N4,https://alphafold.ebi.ac.uk/files/AF-A3R4N4-F1-model_v6.pdb,404,0,not_found
2026-08-16T03:40:57.227786+00:00,P0DOI6,afdb_v6_probe,A3R4N9,https://alphafold.ebi.ac.uk/files/AF-A3R4N9-F1-model_v6.pdb,404,0,not_found
2026-08-16T03:40:58.307060+00:00,P0DOI7,uniprot_direct,P0DOI7,https://rest.uniprot.org/uniprotkb/P0DOI7.json,200,0,success
2026-08-16T03:40:59.321245+00:00,P0DOI7,afdb_v6_probe,P0DOI7,https://alphafold.ebi.ac.uk/files/AF-P0DOI7-F1-model_v6.pdb,404,0,not_found
2026-08-16T03:41:00.297689+00:00,P0DOI7,afdb_v6_probe,A3R4M9,https://alphafold.ebi.ac.uk/files/AF-A3R4M9-F1-model_v6.pdb,404,0,not_found
2026-08-16T03:41:01.315452+00:00,P0DOI7,afdb_v6_probe,A3R4N4,https://alphafold.ebi.ac.uk/files/AF-A3R4N4-F1-model_v6.pdb,404,0,not_found
2026-08-16T03:41:02.328852+00:00,P0DOI7,afdb_v6_probe,A3R4N9,https://alphafold.ebi.ac.uk/files/AF-A3R4N9-F1-model_v6.pdb,404,0,not_found
2026-08-16T03:41:03.287262+00:00,P0DOJ4,uniprot_direct,P0DOJ4,https://rest.uniprot.org/uniprotkb/P0DOJ4.json,200,0,success
2026-08-16T03:41:04.277249+00:00,P0DOJ4,afdb_v6_probe,P0DOJ4,https://alphafold.ebi.ac.uk/files/AF-P0DOJ4-F1-model_v6.pdb,404,0,not_found
2026-08-16T03:41:05.253447+00:00,P0DOJ4,afdb_v6_probe,P03074,https://alphafold.ebi.ac.uk/files/AF-P03074-F1-model_v6.pdb,404,0,not_found
2026-08-16T03:41:06.302860+00:00,P0DOJ4,afdb_v6_probe,Q76TX5,https://alphafold.ebi.ac.uk/files/AF-Q76TX5-F1-model_v6.pdb,404,0,not_found
2026-08-16T03:41:07.275426+00:00,P0DOJ4,afdb_v6_probe,Q76W02,https://alphafold.ebi.ac.uk/files/AF-Q76W02-F1-model_v6.pdb,404,0,not_found
2026-08-16T03:41:08.263929+00:00,P0DOJ4,afdb_v6_probe,Q89471,https://alphafold.ebi.ac.uk/files/AF-Q89471-F1-model_v6.pdb,404,0,not_found
2026-08-16T03:41:09.698366+00:00,P0DOJ5,uniprot_direct,P0DOJ5,https://rest.uniprot.org/uniprotkb/P0DOJ5.json,200,0,success
2026-08-16T03:41:10.650122+00:00,P0DOJ5,afdb_v6_probe,P0DOJ5,https://alphafold.ebi.ac.uk/files/AF-P0DOJ5-F1-model_v6.pdb,404,0,not_found
2026-08-16T03:41:11.632328+00:00,P0DOJ5,afdb_v6_probe,P03074,https://alphafold.ebi.ac.uk/files/AF-P03074-F1-model_v6.pdb,404,0,not_found
2026-08-16T03:41:12.591458+00:00,P0DOJ5,afdb_v6_probe,Q76TX5,https://alphafold.ebi.ac.uk/files/AF-Q76TX5-F1-model_v6.pdb,404,0,not_found
2026-08-16T03:41:13.554434+00:00,P0DOJ5,afdb_v6_probe,Q76W02,https://alphafold.ebi.ac.uk/files/AF-Q76W02-F1-model_v6.pdb,404,0,not_found
2026-08-16T03:41:14.545228+00:00,P0DOJ5,afdb_v6_probe,Q89471,https://alphafold.ebi.ac.uk/files/AF-Q89471-F1-model_v6.pdb,404,0,not_found
2026-08-16T03:41:15.876377+00:00,P0DOJ6,uniprot_direct,P0DOJ6,https://rest.uniprot.org/uniprotkb/P0DOJ6.json,200,0,success
2026-08-16T03:41:16.841516+00:00,P0DOJ6,afdb_v6_probe,P0DOJ6,https://alphafold.ebi.ac.uk/files/AF-P0DOJ6-F1-model_v6.pdb,404,0,not_found
2026-08-16T03:41:17.860248+00:00,P0DOJ6,afdb_v6_probe,P03074,https://alphafold.ebi.ac.uk/files/AF-P03074-F1-model_v6.pdb,404,0,not_found
2026-08-16T03:41:18.823318+00:00,P0DOJ6,afdb_v6_probe,Q76TX5,https://alphafold.ebi.ac.uk/files/AF-Q76TX5-F1-model_v6.pdb,404,0,not_found
2026-08-16T03:41:19.877138+00:00,P0DOJ6,afdb_v6_probe,Q76W02,https://alphafold.ebi.ac.uk/files/AF-Q76W02-F1-model_v6.pdb,404,0,not_found
2026-08-16T03:41:20.848743+00:00,P0DOJ6,afdb_v6_probe,Q89471,https://alphafold.ebi.ac.uk/files/AF-Q89471-F1-model_v6.pdb,404,0,not_found
2026-08-16T03:41:21.987909+00:00,P0DOL5,uniprot_direct,P0DOL5,https://rest.uniprot.org/uniprotkb/P0DOL5.json,200,0,success
2026-08-16T03:41:22.974161+00:00,P0DOL5,afdb_v6_probe,P0DOL5,https://alphafold.ebi.ac.uk/files/AF-P0DOL5-F1-model_v6.pdb,404,0,not_found
2026-08-16T03:41:23.953896+00:00,P0DOL5,afdb_v6_probe,P33821,https://alphafold.ebi.ac.uk/files/AF-P33821-F1-model_v6.pdb,404,0,not_found
2026-08-16T03:41:24.949917+00:00,P0DOL6,uniprot_direct,P0DOL6,https://rest.uniprot.org/uniprotkb/P0DOL6.json,200,0,success
2026-08-16T03:41:25.925464+00:00,P0DOL6,afdb_v6_probe,P0DOL6,https://alphafold.ebi.ac.uk/files/AF-P0DOL6-F1-model_v6.pdb,404,0,not_found
2026-08-16T03:41:26.892374+00:00,P0DOL6,afdb_v6_probe,P33821,https://alphafold.ebi.ac.uk/files/AF-P33821-F1-model_v6.pdb,404,0,not_found
2026-08-16T03:41:28.016284+00:00,P0DOM7,uniprot_direct,P0DOM7,https://rest.uniprot.org/uniprotkb/P0DOM7.json,200,0,success
2026-08-16T03:41:29.018559+00:00,P0DOM7,afdb_v6_probe,P0DOM7,https://alphafold.ebi.ac.uk/files/AF-P0DOM7-F1-model_v6.pdb,404,0,not_found
2026-08-16T03:41:30.001016+00:00,P0DOM7,afdb_v6_probe,P04364,https://alphafold.ebi.ac.uk/files/AF-P04364-F1-model_v6.pdb,404,0,not_found
2026-08-16T03:41:30.953031+00:00,P0DOM7,afdb_v6_probe,Q9QNJ1,https://alphafold.ebi.ac.uk/files/AF-Q9QNJ1-F1-model_v6.pdb,404,0,not_found
2026-08-16T03:41:31.888752+00:00,P0DOM8,uniprot_direct,P0DOM8,https://rest.uniprot.org/uniprotkb/P0DOM8.json,200,0,success
2026-08-16T03:41:32.846358+00:00,P0DOM8,afdb_v6_probe,P0DOM8,https://alphafold.ebi.ac.uk/files/AF-P0DOM8-F1-model_v6.pdb,404,0,not_found
2026-08-16T03:41:33.802926+00:00,P0DOM8,afdb_v6_probe,P04364,https://alphafold.ebi.ac.uk/files/AF-P04364-F1-model_v6.pdb,404,0,not_found
2026-08-16T03:41:34.768073+00:00,P0DOM8,afdb_v6_probe,Q9QNJ1,https://alphafold.ebi.ac.uk/files/AF-Q9QNJ1-F1-model_v6.pdb,404,0,not_found
2026-08-16T03:41:35.875165+00:00,P0DOQ3,uniprot_direct,P0DOQ3,https://rest.uniprot.org/uniprotkb/P0DOQ3.json,200,0,success
2026-08-16T03:41:36.857575+00:00,P0DOQ3,afdb_v6_probe,P0DOQ3,https://alphafold.ebi.ac.uk/files/AF-P0DOQ3-F1-model_v6.pdb,404,0,not_found
2026-08-16T03:41:37.917078+00:00,P0DOQ3,afdb_v6_probe,P33066,https://alphafold.ebi.ac.uk/files/AF-P33066-F1-model_v6.pdb,404,0,not_found
2026-08-16T03:41:38.916352+00:00,P0DOQ3,afdb_v6_probe,Q9QNI4,https://alphafold.ebi.ac.uk/files/AF-Q9QNI4-F1-model_v6.pdb,404,0,not_found
2026-08-16T03:41:39.903694+00:00,P0DOQ4,uniprot_direct,P0DOQ4,https://rest.uniprot.org/uniprotkb/P0DOQ4.json,200,0,success
2026-08-16T03:41:41.253446+00:00,P0DOQ4,afdb_v6_probe,P0DOQ4,https://alphafold.ebi.ac.uk/files/AF-P0DOQ4-F1-model_v6.pdb,404,0,not_found
2026-08-16T03:41:42.251387+00:00,P0DOQ4,afdb_v6_probe,P33066,https://alphafold.ebi.ac.uk/files/AF-P33066-F1-model_v6.pdb,404,0,not_found
2026-08-16T03:41:43.263131+00:00,P0DOQ4,afdb_v6_probe,Q9QNI4,https://alphafold.ebi.ac.uk/files/AF-Q9QNI4-F1-model_v6.pdb,404,0,not_found
2026-08-16T03:41:44.286615+00:00,P0DOQ5,uniprot_direct,P0DOQ5,https://rest.uniprot.org/uniprotkb/P0DOQ5.json,200,0,success
2026-08-16T03:41:45.338347+00:00,P0DOQ5,afdb_v6_probe,P0DOQ5,https://alphafold.ebi.ac.uk/files/AF-P0DOQ5-F1-model_v6.pdb,404,0,not_found
2026-08-16T03:42:07.327537+00:00,P0DOQ5,afdb_v6_probe,P33064,https://alphafold.ebi.ac.uk/files/AF-P33064-F1-model_v6.pdb,404,1,not_found
2026-08-16T03:42:08.339900+00:00,P0DOQ6,uniprot_direct,P0DOQ6,https://rest.uniprot.org/uniprotkb/P0DOQ6.json,200,0,success
2026-08-16T03:42:09.301772+00:00,P0DOQ6,afdb_v6_probe,P0DOQ6,https://alphafold.ebi.ac.uk/files/AF-P0DOQ6-F1-model_v6.pdb,404,0,not_found
2026-08-16T03:42:10.252483+00:00,P0DOQ6,afdb_v6_probe,P33064,https://alphafold.ebi.ac.uk/files/AF-P33064-F1-model_v6.pdb,404,0,not_found
2026-08-16T03:42:11.316606+00:00,P0DOU5,uniprot_direct,P0DOU5,https://rest.uniprot.org/uniprotkb/P0DOU5.json,200,0,success
2026-08-16T03:42:12.597805+00:00,P0DOU5,afdb_v6_probe,P0DOU5,https://alphafold.ebi.ac.uk/files/AF-P0DOU5-F1-model_v6.pdb,404,0,not_found
2026-08-16T03:42:13.556852+00:00,P0DOU5,afdb_v6_probe,P33070,https://alphafold.ebi.ac.uk/files/AF-P33070-F1-model_v6.pdb,404,0,not_found
2026-08-16T03:42:15.238223+00:00,P0DPS2,uniprot_direct,P0DPS2,https://rest.uniprot.org/uniprotkb/P0DPS2.json,200,0,success
2026-08-16T03:42:16.304693+00:00,P0DPS2,afdb_v6_probe,P0DPS2,https://alphafold.ebi.ac.uk/files/AF-P0DPS2-F1-model_v6.pdb,404,0,not_found
2026-08-16T03:42:17.423355+00:00,P0DRL0,uniprot_direct,P0DRL0,https://rest.uniprot.org/uniprotkb/P0DRL0.json,200,0,success
2026-08-16T03:42:18.494017+00:00,P0DRL0,afdb_v6_probe,P0DRL0,https://alphafold.ebi.ac.uk/files/AF-P0DRL0-F1-model_v6.pdb,404,0,not_found
2026-08-16T03:42:19.742078+00:00,P0DRM4,uniprot_direct,P0DRM4,https://rest.uniprot.org/uniprotkb/P0DRM4.json,200,0,success
2026-08-16T03:42:20.728199+00:00,P0DRM4,afdb_v6_probe,P0DRM4,https://alphafold.ebi.ac.uk/files/AF-P0DRM4-F1-model_v6.pdb,404,0,not_found
2026-08-16T03:42:22.587738+00:00,P0DSS7,uniprot_direct,P0DSS7,https://rest.uniprot.org/uniprotkb/P0DSS7.json,200,0,success
2026-08-16T03:42:23.574058+00:00,P0DSS7,afdb_v6_probe,P0DSS7,https://alphafold.ebi.ac.uk/files/AF-P0DSS7-F1-model_v6.pdb,404,0,not_found
2026-08-16T03:42:24.563281+00:00,P0DSS7,afdb_v6_probe,P33799,https://alphafold.ebi.ac.uk/files/AF-P33799-F1-model_v6.pdb,404,0,not_found
2026-08-16T03:42:26.267343+00:00,P0DSS8,uniprot_direct,P0DSS8,https://rest.uniprot.org/uniprotkb/P0DSS8.json,200,0,success
2026-08-16T03:42:27.258866+00:00,P0DSS8,afdb_v6_probe,P0DSS8,https://alphafold.ebi.ac.uk/files/AF-P0DSS8-F1-model_v6.pdb,404,0,not_found
2026-08-16T03:42:28.240694+00:00,P0DSS8,afdb_v6_probe,P33799,https://alphafold.ebi.ac.uk/files/AF-P33799-F1-model_v6.pdb,404,0,not_found
2026-08-16T03:42:29.669524+00:00,P0DSU5,uniprot_direct,P0DSU5,https://rest.uniprot.org/uniprotkb/P0DSU5.json,200,0,success
2026-08-16T03:42:30.617452+00:00,P0DSU5,afdb_v6_probe,P0DSU5,https://alphafold.ebi.ac.uk/files/AF-P0DSU5-F1-model_v6.pdb,404,0,not_found
2026-08-16T03:42:31.576426+00:00,P0DSU5,afdb_v6_probe,P33051,https://alphafold.ebi.ac.uk/files/AF-P33051-F1-model_v6.pdb,404,0,not_found
2026-08-16T03:42:32.581493+00:00,P0DSU5,afdb_v6_probe,Q85378,https://alphafold.ebi.ac.uk/files/AF-Q85378-F1-model_v6.pdb,404,0,not_found
2026-08-16T03:42:33.548976+00:00,P0DSU5,afdb_v6_probe,Q89208,https://alphafold.ebi.ac.uk/files/AF-Q89208-F1-model_v6.pdb,404,0,not_found
2026-08-16T03:42:34.534315+00:00,P0DSU5,afdb_v6_probe,Q9QNJ4,https://alphafold.ebi.ac.uk/files/AF-Q9QNJ4-F1-model_v6.pdb,404,0,not_found
2026-08-16T03:42:35.621459+00:00,P0DSU6,uniprot_direct,P0DSU6,https://rest.uniprot.org/uniprotkb/P0DSU6.json,200,0,success
2026-08-16T03:42:36.598241+00:00,P0DSU6,afdb_v6_probe,P0DSU6,https://alphafold.ebi.ac.uk/files/AF-P0DSU6-F1-model_v6.pdb,404,0,not_found
2026-08-16T03:42:37.545782+00:00,P0DSU6,afdb_v6_probe,P33051,https://alphafold.ebi.ac.uk/files/AF-P33051-F1-model_v6.pdb,404,0,not_found
2026-08-16T03:42:38.595257+00:00,P0DSU6,afdb_v6_probe,Q85378,https://alphafold.ebi.ac.uk/files/AF-Q85378-F1-model_v6.pdb,404,0,not_found
2026-08-16T03:42:39.568769+00:00,P0DSU6,afdb_v6_probe,Q89208,https://alphafold.ebi.ac.uk/files/AF-Q89208-F1-model_v6.pdb,404,0,not_found
2026-08-16T03:42:40.529687+00:00,P0DSU6,afdb_v6_probe,Q9QNJ4,https://alphafold.ebi.ac.uk/files/AF-Q9QNJ4-F1-model_v6.pdb,404,0,not_found
2026-08-16T03:42:41.618207+00:00,P0DSV1,uniprot_direct,P0DSV1,https://rest.uniprot.org/uniprotkb/P0DSV1.json,200,0,success
2026-08-16T03:42:42.580847+00:00,P0DSV1,afdb_v6_probe,P0DSV1,https://alphafold.ebi.ac.uk/files/AF-P0DSV1-F1-model_v6.pdb,404,0,not_found
2026-08-16T03:42:45.416254+00:00,P0DSV1,afdb_v6_probe,P32984,https://alphafold.ebi.ac.uk/files/AF-P32984-F1-model_v6.pdb,404,0,not_found
2026-08-16T03:42:46.403794+00:00,P0DSV2,uniprot_direct,P0DSV2,https://rest.uniprot.org/uniprotkb/P0DSV2.json,200,0,success
2026-08-16T03:42:47.378755+00:00,P0DSV2,afdb_v6_probe,P0DSV2,https://alphafold.ebi.ac.uk/files/AF-P0DSV2-F1-model_v6.pdb,404,0,not_found
2026-08-16T03:42:48.354385+00:00,P0DSV2,afdb_v6_probe,P32984,https://alphafold.ebi.ac.uk/files/AF-P32984-F1-model_v6.pdb,404,0,not_found
2026-08-16T03:42:49.392793+00:00,P0DSV5,uniprot_direct,P0DSV5,https://rest.uniprot.org/uniprotkb/P0DSV5.json,200,0,success
2026-08-16T03:42:51.122845+00:00,P0DSV5,afdb_v6_probe,P0DSV5,https://alphafold.ebi.ac.uk/files/AF-P0DSV5-F1-model_v6.pdb,404,0,not_found
2026-08-16T03:42:53.134369+00:00,P0DSV5,afdb_v6_probe,P33803,https://alphafold.ebi.ac.uk/files/AF-P33803-F1-model_v6.pdb,404,0,not_found
2026-08-16T03:42:54.181480+00:00,P0DSV6,uniprot_direct,P0DSV6,https://rest.uniprot.org/uniprotkb/P0DSV6.json,200,0,success
2026-08-16T03:42:55.136324+00:00,P0DSV6,afdb_v6_probe,P0DSV6,https://alphafold.ebi.ac.uk/files/AF-P0DSV6-F1-model_v6.pdb,404,0,not_found
2026-08-16T03:42:56.199385+00:00,P0DSV6,afdb_v6_probe,P33803,https://alphafold.ebi.ac.uk/files/AF-P33803-F1-model_v6.pdb,404,0,not_found
2026-08-16T03:42:57.563555+00:00,P0DSX5,uniprot_direct,P0DSX5,https://rest.uniprot.org/uniprotkb/P0DSX5.json,200,0,success
2026-08-16T03:42:59.544422+00:00,P0DSX5,afdb_v6_probe,P0DSX5,https://alphafold.ebi.ac.uk/files/AF-P0DSX5-F1-model_v6.pdb,404,0,not_found
2026-08-16T03:43:00.532112+00:00,P0DSX5,afdb_v6_probe,P33057,https://alphafold.ebi.ac.uk/files/AF-P33057-F1-model_v6.pdb,404,0,not_found
2026-08-16T03:43:01.585534+00:00,P0DSX5,afdb_v6_probe,Q9QNI8,https://alphafold.ebi.ac.uk/files/AF-Q9QNI8-F1-model_v6.pdb,404,0,not_found
2026-08-16T03:43:02.918437+00:00,P0DSX6,uniprot_direct,P0DSX6,https://rest.uniprot.org/uniprotkb/P0DSX6.json,200,0,success
2026-08-16T03:43:03.915203+00:00,P0DSX6,afdb_v6_probe,P0DSX6,https://alphafold.ebi.ac.uk/files/AF-P0DSX6-F1-model_v6.pdb,404,0,not_found
2026-08-16T03:43:04.887375+00:00,P0DSX6,afdb_v6_probe,P33057,https://alphafold.ebi.ac.uk/files/AF-P33057-F1-model_v6.pdb,404,0,not_found
2026-08-16T03:43:05.880525+00:00,P0DSX6,afdb_v6_probe,Q9QNI8,https://alphafold.ebi.ac.uk/files/AF-Q9QNI8-F1-model_v6.pdb,404,0,not_found
2026-08-16T03:43:07.352568+00:00,P0DSZ7,uniprot_direct,P0DSZ7,https://rest.uniprot.org/uniprotkb/P0DSZ7.json,200,0,success
2026-08-16T03:43:08.362383+00:00,P0DSZ7,afdb_v6_probe,P0DSZ7,https://alphafold.ebi.ac.uk/files/AF-P0DSZ7-F1-model_v6.pdb,404,0,not_found
2026-08-16T03:43:10.453430+00:00,P0DSZ7,afdb_v6_probe,P33826,https://alphafold.ebi.ac.uk/files/AF-P33826-F1-model_v6.pdb,404,0,not_found
2026-08-16T03:43:11.516126+00:00,P0DSZ7,afdb_v6_probe,Q76Q48,https://alphafold.ebi.ac.uk/files/AF-Q76Q48-F1-model_v6.pdb,404,0,not_found
2026-08-16T03:43:12.551777+00:00,P0DSZ8,uniprot_direct,P0DSZ8,https://rest.uniprot.org/uniprotkb/P0DSZ8.json,200,0,success
2026-08-16T03:43:13.517271+00:00,P0DSZ8,afdb_v6_probe,P0DSZ8,https://alphafold.ebi.ac.uk/files/AF-P0DSZ8-F1-model_v6.pdb,404,0,not_found
2026-08-16T03:43:14.470973+00:00,P0DSZ8,afdb_v6_probe,P33826,https://alphafold.ebi.ac.uk/files/AF-P33826-F1-model_v6.pdb,404,0,not_found
2026-08-16T03:43:15.458108+00:00,P0DSZ8,afdb_v6_probe,Q76Q48,https://alphafold.ebi.ac.uk/files/AF-Q76Q48-F1-model_v6.pdb,404,0,not_found
2026-08-16T03:43:16.617730+00:00,P0DTH5,uniprot_direct,P0DTH5,https://rest.uniprot.org/uniprotkb/P0DTH5.json,200,0,success
2026-08-16T03:43:17.573344+00:00,P0DTH5,afdb_v6_probe,P0DTH5,https://alphafold.ebi.ac.uk/files/AF-P0DTH5-F1-model_v6.pdb,404,0,not_found
2026-08-16T03:43:18.521224+00:00,P0DTH5,afdb_v6_probe,A0A5J6DX09,https://alphafold.ebi.ac.uk/files/AF-A0A5J6DX09-F1-model_v6.pdb,404,0,not_found
2026-08-16T03:43:19.512720+00:00,P0DTH5,afdb_v6_probe,G8HBD6,https://alphafold.ebi.ac.uk/files/AF-G8HBD6-F1-model_v6.pdb,404,0,not_found
2026-08-16T03:43:20.502936+00:00,P0DTH5,afdb_v6_probe,P03176,https://alphafold.ebi.ac.uk/files/AF-P03176-F1-model_v6.pdb,404,0,not_found
2026-08-16T03:43:21.470352+00:00,P0DTK3,uniprot_direct,P0DTK3,https://rest.uniprot.org/uniprotkb/P0DTK3.json,200,0,success
2026-08-16T03:43:22.541985+00:00,P0DTK3,afdb_v6_probe,P0DTK3,https://alphafold.ebi.ac.uk/files/AF-P0DTK3-F1-model_v6.pdb,404,0,not_found
2026-08-16T03:43:23.499015+00:00,P0DTK5,uniprot_direct,P0DTK5,https://rest.uniprot.org/uniprotkb/P0DTK5.json,200,0,success
2026-08-16T03:43:24.448241+00:00,P0DTK5,afdb_v6_probe,P0DTK5,https://alphafold.ebi.ac.uk/files/AF-P0DTK5-F1-model_v6.pdb,404,0,not_found
2026-08-16T03:43:25.520201+00:00,P0DTK6,uniprot_direct,P0DTK6,https://rest.uniprot.org/uniprotkb/P0DTK6.json,200,0,success
2026-08-16T03:43:26.526205+00:00,P0DTK6,afdb_v6_probe,P0DTK6,https://alphafold.ebi.ac.uk/files/AF-P0DTK6-F1-model_v6.pdb,404,0,not_found
2026-08-16T03:43:27.534744+00:00,P0DTK7,uniprot_direct,P0DTK7,https://rest.uniprot.org/uniprotkb/P0DTK7.json,200,0,success
2026-08-16T03:43:28.581799+00:00,P0DTK7,afdb_v6_probe,P0DTK7,https://alphafold.ebi.ac.uk/files/AF-P0DTK7-F1-model_v6.pdb,404,0,not_found
2026-08-16T03:43:29.717603+00:00,P0DTK8,uniprot_direct,P0DTK8,https://rest.uniprot.org/uniprotkb/P0DTK8.json,200,0,success
2026-08-16T03:43:30.679425+00:00,P0DTK8,afdb_v6_probe,P0DTK8,https://alphafold.ebi.ac.uk/files/AF-P0DTK8-F1-model_v6.pdb,404,0,not_found
2026-08-16T03:43:31.973973+00:00,P0DTL0,uniprot_direct,P0DTL0,https://rest.uniprot.org/uniprotkb/P0DTL0.json,200,0,success
2026-08-16T03:43:32.932059+00:00,P0DTL0,afdb_v6_probe,P0DTL0,https://alphafold.ebi.ac.uk/files/AF-P0DTL0-F1-model_v6.pdb,404,0,not_found
2026-08-16T03:43:33.942933+00:00,P0DUN3,uniprot_direct,P0DUN3,https://rest.uniprot.org/uniprotkb/P0DUN3.json,200,0,success
2026-08-16T03:43:34.954464+00:00,P0DUN3,afdb_v6_probe,P0DUN3,https://alphafold.ebi.ac.uk/files/AF-P0DUN3-F1-model_v6.pdb,404,0,not_found
2026-08-16T03:43:36.032510+00:00,P0DUN4,uniprot_direct,P0DUN4,https://rest.uniprot.org/uniprotkb/P0DUN4.json,200,0,success
2026-08-16T03:43:49.394089+00:00,P0DUN4,afdb_v6_probe,P0DUN4,https://alphafold.ebi.ac.uk/files/AF-P0DUN4-F1-model_v6.pdb,404,1,not_found
2026-08-16T03:43:50.460917+00:00,P0DXF1,uniprot_direct,P0DXF1,https://rest.uniprot.org/uniprotkb/P0DXF1.json,200,0,success
2026-08-16T03:43:51.440834+00:00,P0DXF1,afdb_v6_probe,P0DXF1,https://alphafold.ebi.ac.uk/files/AF-P0DXF1-F1-model_v6.pdb,404,0,not_found
2026-08-16T03:43:52.436969+00:00,P0DXF1,afdb_v6_probe,P20703,https://alphafold.ebi.ac.uk/files/AF-P20703-F1-model_v6.pdb,404,0,not_found
2026-08-16T03:43:53.724354+00:00,P0DXV0,uniprot_direct,P0DXV0,https://rest.uniprot.org/uniprotkb/P0DXV0.json,200,0,success
2026-08-16T03:43:54.796779+00:00,P0DXV0,afdb_v6_probe,P0DXV0,https://alphafold.ebi.ac.uk/files/AF-P0DXV0-F1-model_v6.pdb,200,0,available
2026-08-16T03:44:17.120531+00:00,P0DXY3,uniprot_direct,P0DXY3,https://rest.uniprot.org/uniprotkb/P0DXY3.json,200,1,success
2026-08-16T03:44:18.141892+00:00,P0DXY3,afdb_v6_probe,P0DXY3,https://alphafold.ebi.ac.uk/files/AF-P0DXY3-F1-model_v6.pdb,404,0,not_found
2026-08-16T03:44:19.259032+00:00,P0DY08,uniprot_direct,P0DY08,https://rest.uniprot.org/uniprotkb/P0DY08.json,200,0,success
2026-08-16T03:44:20.264728+00:00,P0DY08,afdb_v6_probe,P0DY08,https://alphafold.ebi.ac.uk/files/AF-P0DY08-F1-model_v6.pdb,404,0,not_found
2026-08-16T03:44:21.321821+00:00,P0DY09,uniprot_direct,P0DY09,https://rest.uniprot.org/uniprotkb/P0DY09.json,200,0,success
2026-08-16T03:44:22.342180+00:00,P0DY09,afdb_v6_probe,P0DY09,https://alphafold.ebi.ac.uk/files/AF-P0DY09-F1-model_v6.pdb,404,0,not_found
2026-08-16T03:44:23.418070+00:00,P0DY10,uniprot_direct,P0DY10,https://rest.uniprot.org/uniprotkb/P0DY10.json,200,0,success
2026-08-16T03:44:24.467697+00:00,P0DY10,afdb_v6_probe,P0DY10,https://alphafold.ebi.ac.uk/files/AF-P0DY10-F1-model_v6.pdb,404,0,not_found
2026-08-16T03:44:25.556257+00:00,P0DY11,uniprot_direct,P0DY11,https://rest.uniprot.org/uniprotkb/P0DY11.json,200,0,success
2026-08-16T03:44:26.515958+00:00,P0DY11,afdb_v6_probe,P0DY11,https://alphafold.ebi.ac.uk/files/AF-P0DY11-F1-model_v6.pdb,404,0,not_found
2026-08-16T03:44:27.559960+00:00,P0DY12,uniprot_direct,P0DY12,https://rest.uniprot.org/uniprotkb/P0DY12.json,200,0,success
2026-08-16T03:44:28.621260+00:00,P0DY12,afdb_v6_probe,P0DY12,https://alphafold.ebi.ac.uk/files/AF-P0DY12-F1-model_v6.pdb,404,0,not_found
2026-08-16T03:44:29.775628+00:00,P0DY14,uniprot_direct,P0DY14,https://rest.uniprot.org/uniprotkb/P0DY14.json,200,0,success
2026-08-16T03:44:30.788319+00:00,P0DY14,afdb_v6_probe,P0DY14,https://alphafold.ebi.ac.uk/files/AF-P0DY14-F1-model_v6.pdb,404,0,not_found
2026-08-16T03:44:31.926031+00:00,P0DY29,uniprot_direct,P0DY29,https://rest.uniprot.org/uniprotkb/P0DY29.json,200,0,success
2026-08-16T03:44:33.192756+00:00,P0DY29,afdb_v6_probe,P0DY29,https://alphafold.ebi.ac.uk/files/AF-P0DY29-F1-model_v6.pdb,404,0,not_found
2026-08-16T03:44:34.228385+00:00,P0DY30,uniprot_direct,P0DY30,https://rest.uniprot.org/uniprotkb/P0DY30.json,200,0,success
2026-08-16T03:44:35.519324+00:00,P0DY30,afdb_v6_probe,P0DY30,https://alphafold.ebi.ac.uk/files/AF-P0DY30-F1-model_v6.pdb,404,0,not_found
2026-08-16T03:44:36.834075+00:00,P0DY32,uniprot_direct,P0DY32,https://rest.uniprot.org/uniprotkb/P0DY32.json,200,0,success
2026-08-16T03:44:37.816397+00:00,P0DY32,afdb_v6_probe,P0DY32,https://alphafold.ebi.ac.uk/files/AF-P0DY32-F1-model_v6.pdb,404,0,not_found
2026-08-16T03:44:38.898817+00:00,P0DY33,uniprot_direct,P0DY33,https://rest.uniprot.org/uniprotkb/P0DY33.json,200,0,success
2026-08-16T03:44:39.847870+00:00,P0DY33,afdb_v6_probe,P0DY33,https://alphafold.ebi.ac.uk/files/AF-P0DY33-F1-model_v6.pdb,404,0,not_found
2026-08-16T03:44:41.187086+00:00,P0DY34,uniprot_direct,P0DY34,https://rest.uniprot.org/uniprotkb/P0DY34.json,200,0,success
2026-08-16T03:44:42.156059+00:00,P0DY34,afdb_v6_probe,P0DY34,https://alphafold.ebi.ac.uk/files/AF-P0DY34-F1-model_v6.pdb,404,0,not_found
2026-08-16T03:44:43.203875+00:00,P0DY45,uniprot_direct,P0DY45,https://rest.uniprot.org/uniprotkb/P0DY45.json,200,0,success
2026-08-16T03:44:44.162279+00:00,P0DY45,afdb_v6_probe,P0DY45,https://alphafold.ebi.ac.uk/files/AF-P0DY45-F1-model_v6.pdb,404,0,not_found
2026-08-16T03:44:45.457341+00:00,P0DY45,afdb_v6_probe,A0ACD6B9E3,https://alphafold.ebi.ac.uk/files/AF-A0ACD6B9E3-F1-model_v6.pdb,404,0,not_found
2026-08-16T03:44:46.695254+00:00,P0DY46,uniprot_direct,P0DY46,https://rest.uniprot.org/uniprotkb/P0DY46.json,200,0,success
2026-08-16T03:44:47.649450+00:00,P0DY46,afdb_v6_probe,P0DY46,https://alphafold.ebi.ac.uk/files/AF-P0DY46-F1-model_v6.pdb,404,0,not_found
2026-08-16T03:44:48.615426+00:00,P0DY48,uniprot_direct,P0DY48,https://rest.uniprot.org/uniprotkb/P0DY48.json,200,0,success
2026-08-16T03:44:49.587257+00:00,P0DY48,afdb_v6_probe,P0DY48,https://alphafold.ebi.ac.uk/files/AF-P0DY48-F1-model_v6.pdb,404,0,not_found
2026-08-16T03:44:50.791314+00:00,P0DY49,uniprot_direct,P0DY49,https://rest.uniprot.org/uniprotkb/P0DY49.json,200,0,success
2026-08-16T03:44:51.740842+00:00,P0DY49,afdb_v6_probe,P0DY49,https://alphafold.ebi.ac.uk/files/AF-P0DY49-F1-model_v6.pdb,404,0,not_found
2026-08-16T03:44:52.749871+00:00,P0DY52,uniprot_direct,P0DY52,https://rest.uniprot.org/uniprotkb/P0DY52.json,200,0,success
2026-08-16T03:44:53.734811+00:00,P0DY52,afdb_v6_probe,P0DY52,https://alphafold.ebi.ac.uk/files/AF-P0DY52-F1-model_v6.pdb,404,0,not_found
2026-08-16T03:44:55.808931+00:00,P0DY53,uniprot_direct,P0DY53,https://rest.uniprot.org/uniprotkb/P0DY53.json,200,0,success
2026-08-16T03:44:56.798933+00:00,P0DY53,afdb_v6_probe,P0DY53,https://alphafold.ebi.ac.uk/files/AF-P0DY53-F1-model_v6.pdb,404,0,not_found
2026-08-16T03:44:57.836400+00:00,P0DY54,uniprot_direct,P0DY54,https://rest.uniprot.org/uniprotkb/P0DY54.json,200,0,success
2026-08-16T03:45:02.085869+00:00,P0DY54,afdb_v6_probe,P0DY54,https://alphafold.ebi.ac.uk/files/AF-P0DY54-F1-model_v6.pdb,404,0,not_found
2026-08-16T03:45:03.177817+00:00,P0DY61,uniprot_direct,P0DY61,https://rest.uniprot.org/uniprotkb/P0DY61.json,200,0,success
2026-08-16T03:45:06.276919+00:00,P0DY61,afdb_v6_probe,P0DY61,https://alphafold.ebi.ac.uk/files/AF-P0DY61-F1-model_v6.pdb,404,0,not_found
2026-08-16T03:45:07.261709+00:00,P0DY62,uniprot_direct,P0DY62,https://rest.uniprot.org/uniprotkb/P0DY62.json,200,0,success
2026-08-16T03:45:08.208862+00:00,P0DY62,afdb_v6_probe,P0DY62,https://alphafold.ebi.ac.uk/files/AF-P0DY62-F1-model_v6.pdb,404,0,not_found
2026-08-16T03:45:09.294497+00:00,P0DY63,uniprot_direct,P0DY63,https://rest.uniprot.org/uniprotkb/P0DY63.json,200,0,success
2026-08-16T03:45:10.336698+00:00,P0DY63,afdb_v6_probe,P0DY63,https://alphafold.ebi.ac.uk/files/AF-P0DY63-F1-model_v6.pdb,404,0,not_found
2026-08-16T03:45:11.336827+00:00,P0DY63,afdb_v6_probe,A0ACD6BA71,https://alphafold.ebi.ac.uk/files/AF-A0ACD6BA71-F1-model_v6.pdb,404,0,not_found
2026-08-16T03:45:12.336651+00:00,P0DY81,uniprot_direct,P0DY81,https://rest.uniprot.org/uniprotkb/P0DY81.json,200,0,success
2026-08-16T03:45:14.098074+00:00,P0DY81,afdb_v6_probe,P0DY81,https://alphafold.ebi.ac.uk/files/AF-P0DY81-F1-model_v6.pdb,404,0,not_found
2026-08-16T03:45:15.447111+00:00,P0DY82,uniprot_direct,P0DY82,https://rest.uniprot.org/uniprotkb/P0DY82.json,200,0,success
2026-08-16T03:45:16.451010+00:00,P0DY82,afdb_v6_probe,P0DY82,https://alphafold.ebi.ac.uk/files/AF-P0DY82-F1-model_v6.pdb,404,0,not_found
2026-08-16T03:45:17.917098+00:00,P10052,uniprot_direct,P10052,https://rest.uniprot.org/uniprotkb/P10052.json,200,0,success
2026-08-16T03:45:18.937467+00:00,P10052,afdb_v6_probe,P10052,https://alphafold.ebi.ac.uk/files/AF-P10052-F1-model_v6.pdb,404,0,not_found
2026-08-16T03:45:20.082532+00:00,P10224,uniprot_direct,P10224,https://rest.uniprot.org/uniprotkb/P10224.json,200,0,success
2026-08-16T03:45:21.102353+00:00,P10224,afdb_v6_probe,P10224,https://alphafold.ebi.ac.uk/files/AF-P10224-F1-model_v6.pdb,404,0,not_found
2026-08-16T03:45:22.110734+00:00,P10224,afdb_v6_probe,B9VQG8,https://alphafold.ebi.ac.uk/files/AF-B9VQG8-F1-model_v6.pdb,404,0,not_found
2026-08-16T03:45:23.094978+00:00,P10224,afdb_v6_probe,Q09I93,https://alphafold.ebi.ac.uk/files/AF-Q09I93-F1-model_v6.pdb,404,0,not_found
2026-08-16T03:45:24.183370+00:00,P10234,uniprot_direct,P10234,https://rest.uniprot.org/uniprotkb/P10234.json,200,0,success
2026-08-16T03:45:25.247896+00:00,P10234,afdb_v6_probe,P10234,https://alphafold.ebi.ac.uk/files/AF-P10234-F1-model_v6.pdb,404,0,not_found
2026-08-16T03:45:26.222796+00:00,P10234,afdb_v6_probe,Q09I84,https://alphafold.ebi.ac.uk/files/AF-Q09I84-F1-model_v6.pdb,404,0,not_found
2026-08-16T03:45:27.717169+00:00,P10271,uniprot_direct,P10271,https://rest.uniprot.org/uniprotkb/P10271.json,200,0,success
2026-08-16T03:45:28.703849+00:00,P10271,afdb_v6_probe,P10271,https://alphafold.ebi.ac.uk/files/AF-P10271-F1-model_v6.pdb,404,0,not_found
2026-08-16T03:45:30.092742+00:00,P10277,uniprot_direct,P10277,https://rest.uniprot.org/uniprotkb/P10277.json,200,0,success
2026-08-16T03:45:32.971758+00:00,P10277,afdb_v6_probe,P10277,https://alphafold.ebi.ac.uk/files/AF-P10277-F1-model_v6.pdb,404,0,not_found
2026-08-16T03:45:36.664203+00:00,P10421,uniprot_direct,P10421,https://rest.uniprot.org/uniprotkb/P10421.json,200,0,success
2026-08-16T03:45:38.675099+00:00,P10421,afdb_v6_probe,P10421,https://alphafold.ebi.ac.uk/files/AF-P10421-F1-model_v6.pdb,404,0,not_found
2026-08-16T03:45:39.708823+00:00,P10447,uniprot_direct,P10447,https://rest.uniprot.org/uniprotkb/P10447.json,200,0,success
2026-08-16T03:45:40.702311+00:00,P10447,afdb_v6_probe,P10447,https://alphafold.ebi.ac.uk/files/AF-P10447-F1-model_v6.pdb,404,0,not_found
2026-08-16T03:46:03.073712+00:00,P10533,uniprot_direct,P10533,https://rest.uniprot.org/uniprotkb/P10533.json,200,1,success
2026-08-16T03:46:04.058235+00:00,P10533,afdb_v6_probe,P10533,https://alphafold.ebi.ac.uk/files/AF-P10533-F1-model_v6.pdb,404,0,not_found
2026-08-16T03:46:05.048545+00:00,P10533,afdb_v6_probe,Q85612,https://alphafold.ebi.ac.uk/files/AF-Q85612-F1-model_v6.pdb,404,0,not_found
2026-08-16T03:46:06.040760+00:00,P10533,afdb_v6_probe,Q85613,https://alphafold.ebi.ac.uk/files/AF-Q85613-F1-model_v6.pdb,404,0,not_found
2026-08-16T03:46:07.045888+00:00,P10533,afdb_v6_probe,Q85614,https://alphafold.ebi.ac.uk/files/AF-Q85614-F1-model_v6.pdb,404,0,not_found
2026-08-16T03:46:08.140370+00:00,P10748,uniprot_direct,P10748,https://rest.uniprot.org/uniprotkb/P10748.json,200,0,success
2026-08-16T03:46:09.138381+00:00,P10748,afdb_v6_probe,P10748,https://alphafold.ebi.ac.uk/files/AF-P10748-F1-model_v6.pdb,404,0,not_found
2026-08-16T03:46:10.216682+00:00,P10835,uniprot_direct,P10835,https://rest.uniprot.org/uniprotkb/P10835.json,200,0,success
2026-08-16T03:46:11.493396+00:00,P10835,afdb_v6_probe,P10835,https://alphafold.ebi.ac.uk/files/AF-P10835-F1-model_v6.pdb,404,0,not_found
2026-08-16T03:46:12.701298+00:00,P11014,uniprot_direct,P11014,https://rest.uniprot.org/uniprotkb/P11014.json,200,0,success
2026-08-16T03:46:13.688438+00:00,P11014,afdb_v6_probe,P11014,https://alphafold.ebi.ac.uk/files/AF-P11014-F1-model_v6.pdb,404,0,not_found
2026-08-16T03:46:14.736317+00:00,P11014,afdb_v6_probe,B3VMQ2,https://alphafold.ebi.ac.uk/files/AF-B3VMQ2-F1-model_v6.pdb,404,0,not_found
2026-08-16T03:46:15.742260+00:00,P11037,uniprot_direct,P11037,https://rest.uniprot.org/uniprotkb/P11037.json,200,0,success
2026-08-16T03:46:16.729526+00:00,P11037,afdb_v6_probe,P11037,https://alphafold.ebi.ac.uk/files/AF-P11037-F1-model_v6.pdb,404,0,not_found
2026-08-16T03:46:17.857717+00:00,P11107,uniprot_direct,P11107,https://rest.uniprot.org/uniprotkb/P11107.json,200,0,success
2026-08-16T03:46:18.833121+00:00,P11107,afdb_v6_probe,P11107,https://alphafold.ebi.ac.uk/files/AF-P11107-F1-model_v6.pdb,404,0,not_found
2026-08-16T03:46:19.884250+00:00,P11107,afdb_v6_probe,Q5DMH9,https://alphafold.ebi.ac.uk/files/AF-Q5DMH9-F1-model_v6.pdb,404,0,not_found
2026-08-16T03:46:20.941818+00:00,P11107,afdb_v6_probe,Q66LU1,https://alphafold.ebi.ac.uk/files/AF-Q66LU1-F1-model_v6.pdb,404,0,not_found
2026-08-16T03:46:22.198938+00:00,P11156,uniprot_direct,P11156,https://rest.uniprot.org/uniprotkb/P11156.json,200,0,success
2026-08-16T03:46:23.210234+00:00,P11156,afdb_v6_probe,P11156,https://alphafold.ebi.ac.uk/files/AF-P11156-F1-model_v6.pdb,404,0,not_found
2026-08-16T03:46:24.167787+00:00,P11156,afdb_v6_probe,Q96211,https://alphafold.ebi.ac.uk/files/AF-Q96211-F1-model_v6.pdb,404,0,not_found
2026-08-16T03:46:25.541670+00:00,P11158,uniprot_direct,P11158,https://rest.uniprot.org/uniprotkb/P11158.json,200,0,success
2026-08-16T03:46:26.543354+00:00,P11158,afdb_v6_probe,P11158,https://alphafold.ebi.ac.uk/files/AF-P11158-F1-model_v6.pdb,404,0,not_found
2026-08-16T03:46:27.552544+00:00,P11158,afdb_v6_probe,Q76ZX1,https://alphafold.ebi.ac.uk/files/AF-Q76ZX1-F1-model_v6.pdb,404,0,not_found
2026-08-16T03:46:28.922478+00:00,P11273,uniprot_direct,P11273,https://rest.uniprot.org/uniprotkb/P11273.json,200,0,success
2026-08-16T03:46:30.176150+00:00,P11273,afdb_v6_probe,P11273,https://alphafold.ebi.ac.uk/files/AF-P11273-F1-model_v6.pdb,404,0,not_found
2026-08-16T03:46:31.801237+00:00,P11298,uniprot_direct,P11298,https://rest.uniprot.org/uniprotkb/P11298.json,200,0,success
2026-08-16T03:46:32.791456+00:00,P11298,afdb_v6_probe,P11298,https://alphafold.ebi.ac.uk/files/AF-P11298-F1-model_v6.pdb,404,0,not_found
2026-08-16T03:46:33.755251+00:00,P11328,uniprot_direct,P11328,https://rest.uniprot.org/uniprotkb/P11328.json,200,0,success
2026-08-16T03:46:34.716007+00:00,P11328,afdb_v6_probe,P11328,https://alphafold.ebi.ac.uk/files/AF-P11328-F1-model_v6.pdb,404,0,not_found
2026-08-16T03:46:37.156282+00:00,P11352,uniprot_direct,P11352,https://rest.uniprot.org/uniprotkb/P11352.json,200,0,success
2026-08-16T03:46:38.128500+00:00,P11352,afdb_v6_probe,P11352,https://alphafold.ebi.ac.uk/files/AF-P11352-F1-model_v6.pdb,404,0,not_found
2026-08-16T03:46:39.102378+00:00,P11352,afdb_v6_probe,P12079,https://alphafold.ebi.ac.uk/files/AF-P12079-F1-model_v6.pdb,404,0,not_found
2026-08-16T03:46:41.620516+00:00,P11352,afdb_v6_probe,Q544W3,https://alphafold.ebi.ac.uk/files/AF-Q544W3-F1-model_v6.pdb,404,0,not_found
2026-08-16T03:46:42.634923+00:00,P11352,afdb_v6_probe,Q5RJH8,https://alphafold.ebi.ac.uk/files/AF-Q5RJH8-F1-model_v6.pdb,404,0,not_found
2026-08-16T03:46:43.623858+00:00,P11352,afdb_v6_probe,Q9CR54,https://alphafold.ebi.ac.uk/files/AF-Q9CR54-F1-model_v6.pdb,404,0,not_found
2026-08-16T03:46:44.696623+00:00,P11887,uniprot_direct,P11887,https://rest.uniprot.org/uniprotkb/P11887.json,200,0,success
2026-08-16T03:46:47.101553+00:00,P11887,afdb_v6_probe,P11887,https://alphafold.ebi.ac.uk/files/AF-P11887-F1-model_v6.pdb,404,0,not_found
2026-08-16T03:46:49.659969+00:00,P11909,uniprot_direct,P11909,https://rest.uniprot.org/uniprotkb/P11909.json,200,0,success
2026-08-16T03:46:50.647933+00:00,P11909,afdb_v6_probe,P11909,https://alphafold.ebi.ac.uk/files/AF-P11909-F1-model_v6.pdb,404,0,not_found
2026-08-16T03:46:51.631201+00:00,P11918,uniprot_direct,P11918,https://rest.uniprot.org/uniprotkb/P11918.json,200,0,success
2026-08-16T03:46:52.572696+00:00,P11918,afdb_v6_probe,P11918,https://alphafold.ebi.ac.uk/files/AF-P11918-F1-model_v6.pdb,404,0,not_found
2026-08-16T03:46:55.734346+00:00,P12320,uniprot_direct,P12320,https://rest.uniprot.org/uniprotkb/P12320.json,200,0,success
2026-08-16T03:46:56.705610+00:00,P12320,afdb_v6_probe,P12320,https://alphafold.ebi.ac.uk/files/AF-P12320-F1-model_v6.pdb,404,0,not_found
2026-08-16T03:46:57.755714+00:00,P12366,uniprot_direct,P12366,https://rest.uniprot.org/uniprotkb/P12366.json,200,0,success
2026-08-16T03:46:58.712179+00:00,P12366,afdb_v6_probe,P12366,https://alphafold.ebi.ac.uk/files/AF-P12366-F1-model_v6.pdb,404,0,not_found
2026-08-16T03:46:59.866986+00:00,P12381,uniprot_direct,P12381,https://rest.uniprot.org/uniprotkb/P12381.json,200,0,success
2026-08-16T03:47:00.889076+00:00,P12381,afdb_v6_probe,P12381,https://alphafold.ebi.ac.uk/files/AF-P12381-F1-model_v6.pdb,404,0,not_found
2026-08-16T03:47:02.045151+00:00,P12427,uniprot_direct,P12427,https://rest.uniprot.org/uniprotkb/P12427.json,200,0,success
2026-08-16T03:47:03.010283+00:00,P12427,afdb_v6_probe,P12427,https://alphafold.ebi.ac.uk/files/AF-P12427-F1-model_v6.pdb,404,0,not_found
2026-08-16T03:47:03.993800+00:00,P12431,uniprot_direct,P12431,https://rest.uniprot.org/uniprotkb/P12431.json,200,0,success
2026-08-16T03:47:04.976963+00:00,P12431,afdb_v6_probe,P12431,https://alphafold.ebi.ac.uk/files/AF-P12431-F1-model_v6.pdb,404,0,not_found
2026-08-16T03:47:06.019865+00:00,P12462,uniprot_direct,P12462,https://rest.uniprot.org/uniprotkb/P12462.json,200,0,success
2026-08-16T03:47:06.997948+00:00,P12462,afdb_v6_probe,P12462,https://alphafold.ebi.ac.uk/files/AF-P12462-F1-model_v6.pdb,404,0,not_found
2026-08-16T03:47:09.081215+00:00,P12726,uniprot_direct,P12726,https://rest.uniprot.org/uniprotkb/P12726.json,200,0,success
2026-08-16T03:47:10.036038+00:00,P12726,afdb_v6_probe,P12726,https://alphafold.ebi.ac.uk/files/AF-P12726-F1-model_v6.pdb,404,0,not_found
2026-08-16T03:47:12.764814+00:00,P12848,uniprot_direct,P12848,https://rest.uniprot.org/uniprotkb/P12848.json,200,0,success
2026-08-16T03:47:13.815941+00:00,P12848,afdb_v6_probe,P12848,https://alphafold.ebi.ac.uk/files/AF-P12848-F1-model_v6.pdb,404,0,not_found
2026-08-16T03:47:15.988855+00:00,P12848,afdb_v6_probe,Q76ZU9,https://alphafold.ebi.ac.uk/files/AF-Q76ZU9-F1-model_v6.pdb,404,0,not_found
2026-08-16T03:47:17.037056+00:00,P12905,uniprot_direct,P12905,https://rest.uniprot.org/uniprotkb/P12905.json,200,0,success
2026-08-16T03:47:18.063085+00:00,P12905,afdb_v6_probe,P12905,https://alphafold.ebi.ac.uk/files/AF-P12905-F1-model_v6.pdb,404,0,not_found
2026-08-16T03:47:19.098342+00:00,P12927,uniprot_direct,P12927,https://rest.uniprot.org/uniprotkb/P12927.json,200,0,success
2026-08-16T03:47:20.075984+00:00,P12927,afdb_v6_probe,P12927,https://alphafold.ebi.ac.uk/files/AF-P12927-F1-model_v6.pdb,404,0,not_found
2026-08-16T03:47:21.035680+00:00,P12927,afdb_v6_probe,Q76ZU5,https://alphafold.ebi.ac.uk/files/AF-Q76ZU5-F1-model_v6.pdb,404,0,not_found
2026-08-16T03:47:22.306027+00:00,P12929,uniprot_direct,P12929,https://rest.uniprot.org/uniprotkb/P12929.json,200,0,success
2026-08-16T03:47:23.271501+00:00,P12929,afdb_v6_probe,P12929,https://alphafold.ebi.ac.uk/files/AF-P12929-F1-model_v6.pdb,404,0,not_found
2026-08-16T03:47:24.703310+00:00,P13071,uniprot_direct,P13071,https://rest.uniprot.org/uniprotkb/P13071.json,200,0,success
2026-08-16T03:47:25.685777+00:00,P13071,afdb_v6_probe,P13071,https://alphafold.ebi.ac.uk/files/AF-P13071-F1-model_v6.pdb,404,0,not_found
2026-08-16T03:47:26.822292+00:00,P13157,uniprot_direct,P13157,https://rest.uniprot.org/uniprotkb/P13157.json,200,0,success
2026-08-16T03:47:28.591311+00:00,P13157,afdb_v6_probe,P13157,https://alphafold.ebi.ac.uk/files/AF-P13157-F1-model_v6.pdb,404,0,not_found
2026-08-16T03:47:29.670894+00:00,P13159,uniprot_direct,P13159,https://rest.uniprot.org/uniprotkb/P13159.json,200,0,success
2026-08-16T03:47:30.659855+00:00,P13159,afdb_v6_probe,P13159,https://alphafold.ebi.ac.uk/files/AF-P13159-F1-model_v6.pdb,404,0,not_found
2026-08-16T03:47:31.729623+00:00,P13287,uniprot_direct,P13287,https://rest.uniprot.org/uniprotkb/P13287.json,200,0,success
2026-08-16T03:47:33.543417+00:00,P13287,afdb_v6_probe,P13287,https://alphafold.ebi.ac.uk/files/AF-P13287-F1-model_v6.pdb,404,0,not_found
2026-08-16T03:47:34.935374+00:00,P13288,uniprot_direct,P13288,https://rest.uniprot.org/uniprotkb/P13288.json,200,0,success
2026-08-16T03:47:35.916810+00:00,P13288,afdb_v6_probe,P13288,https://alphafold.ebi.ac.uk/files/AF-P13288-F1-model_v6.pdb,404,0,not_found
2026-08-16T03:47:36.888374+00:00,P13288,afdb_v6_probe,Q777D1,https://alphafold.ebi.ac.uk/files/AF-Q777D1-F1-model_v6.pdb,404,0,not_found
2026-08-16T03:47:38.294293+00:00,P13300,uniprot_direct,P13300,https://rest.uniprot.org/uniprotkb/P13300.json,200,0,success
2026-08-16T03:47:39.258971+00:00,P13300,afdb_v6_probe,P13300,https://alphafold.ebi.ac.uk/files/AF-P13300-F1-model_v6.pdb,404,0,not_found
2026-08-16T03:47:40.272984+00:00,P13771,uniprot_direct,P13771,https://rest.uniprot.org/uniprotkb/P13771.json,200,0,success
2026-08-16T03:47:41.262510+00:00,P13771,afdb_v6_probe,P13771,https://alphafold.ebi.ac.uk/files/AF-P13771-F1-model_v6.pdb,404,0,not_found
2026-08-16T03:47:42.305107+00:00,P13771,afdb_v6_probe,C9DGL2,https://alphafold.ebi.ac.uk/files/AF-C9DGL2-F1-model_v6.pdb,404,0,not_found
2026-08-16T03:47:43.355350+00:00,P13894,uniprot_direct,P13894,https://rest.uniprot.org/uniprotkb/P13894.json,200,0,success
2026-08-16T03:47:44.368688+00:00,P13894,afdb_v6_probe,P13894,https://alphafold.ebi.ac.uk/files/AF-P13894-F1-model_v6.pdb,404,0,not_found
2026-08-16T03:47:45.380753+00:00,P14084,uniprot_direct,P14084,https://rest.uniprot.org/uniprotkb/P14084.json,200,0,success
2026-08-16T03:47:46.367936+00:00,P14084,afdb_v6_probe,P14084,https://alphafold.ebi.ac.uk/files/AF-P14084-F1-model_v6.pdb,404,0,not_found
2026-08-16T03:47:47.590833+00:00,P14085,uniprot_direct,P14085,https://rest.uniprot.org/uniprotkb/P14085.json,200,0,success
2026-08-16T03:47:48.553704+00:00,P14085,afdb_v6_probe,P14085,https://alphafold.ebi.ac.uk/files/AF-P14085-F1-model_v6.pdb,404,0,not_found
2026-08-16T03:47:50.187714+00:00,P14217,uniprot_direct,P14217,https://rest.uniprot.org/uniprotkb/P14217.json,200,0,success
2026-08-16T03:47:51.141452+00:00,P14217,afdb_v6_probe,P14217,https://alphafold.ebi.ac.uk/files/AF-P14217-F1-model_v6.pdb,404,0,not_found
2026-08-16T03:47:53.195074+00:00,P14396,uniprot_direct,P14396,https://rest.uniprot.org/uniprotkb/P14396.json,200,0,success
2026-08-16T03:47:54.209754+00:00,P14396,afdb_v6_probe,P14396,https://alphafold.ebi.ac.uk/files/AF-P14396-F1-model_v6.pdb,404,0,not_found
2026-08-16T03:47:56.528396+00:00,P14398,uniprot_direct,P14398,https://rest.uniprot.org/uniprotkb/P14398.json,200,0,success
2026-08-16T03:47:57.586341+00:00,P14398,afdb_v6_probe,P14398,https://alphafold.ebi.ac.uk/files/AF-P14398-F1-model_v6.pdb,404,0,not_found
2026-08-16T03:47:59.150712+00:00,P14405,uniprot_direct,P14405,https://rest.uniprot.org/uniprotkb/P14405.json,200,0,success
2026-08-16T03:48:03.176105+00:00,P14405,afdb_v6_probe,P14405,https://alphafold.ebi.ac.uk/files/AF-P14405-F1-model_v6.pdb,404,0,not_found
2026-08-16T03:48:04.268748+00:00,P14422,uniprot_direct,P14422,https://rest.uniprot.org/uniprotkb/P14422.json,200,0,success
2026-08-16T03:48:05.264161+00:00,P14422,afdb_v6_probe,P14422,https://alphafold.ebi.ac.uk/files/AF-P14422-F1-model_v6.pdb,404,0,not_found
2026-08-16T03:48:07.443642+00:00,P14583,uniprot_direct,P14583,https://rest.uniprot.org/uniprotkb/P14583.json,200,0,success
2026-08-16T03:48:08.429889+00:00,P14583,afdb_v6_probe,P14583,https://alphafold.ebi.ac.uk/files/AF-P14583-F1-model_v6.pdb,404,0,not_found
2026-08-16T03:48:09.410001+00:00,P14597,uniprot_direct,P14597,https://rest.uniprot.org/uniprotkb/P14597.json,200,0,success
2026-08-16T03:48:10.351530+00:00,P14597,afdb_v6_probe,P14597,https://alphafold.ebi.ac.uk/files/AF-P14597-F1-model_v6.pdb,404,0,not_found
2026-08-16T03:48:11.618550+00:00,P14999,uniprot_direct,P14999,https://rest.uniprot.org/uniprotkb/P14999.json,200,0,success
2026-08-16T03:48:12.630200+00:00,P14999,afdb_v6_probe,P14999,https://alphafold.ebi.ac.uk/files/AF-P14999-F1-model_v6.pdb,404,0,not_found
2026-08-16T03:48:13.726455+00:00,P15054,uniprot_direct,P15054,https://rest.uniprot.org/uniprotkb/P15054.json,200,0,success
2026-08-16T03:48:14.757236+00:00,P15054,afdb_v6_probe,P15054,https://alphafold.ebi.ac.uk/files/AF-P15054-F1-model_v6.pdb,404,0,not_found
2026-08-16T03:48:18.648960+00:00,P15443,uniprot_direct,P15443,https://rest.uniprot.org/uniprotkb/P15443.json,200,0,success
2026-08-16T03:48:19.648378+00:00,P15443,afdb_v6_probe,P15443,https://alphafold.ebi.ac.uk/files/AF-P15443-F1-model_v6.pdb,404,0,not_found
2026-08-16T03:48:20.687557+00:00,P15736,uniprot_direct,P15736,https://rest.uniprot.org/uniprotkb/P15736.json,200,0,success
2026-08-16T03:48:21.735566+00:00,P15736,afdb_v6_probe,P15736,https://alphafold.ebi.ac.uk/files/AF-P15736-F1-model_v6.pdb,404,0,not_found
2026-08-16T03:48:22.910260+00:00,P15776,uniprot_direct,P15776,https://rest.uniprot.org/uniprotkb/P15776.json,200,0,success
2026-08-16T03:48:23.912206+00:00,P15776,afdb_v6_probe,P15776,https://alphafold.ebi.ac.uk/files/AF-P15776-F1-model_v6.pdb,404,0,not_found
2026-08-16T03:48:25.200252+00:00,P15879,uniprot_direct,P15879,https://rest.uniprot.org/uniprotkb/P15879.json,200,0,success
2026-08-16T03:48:26.158663+00:00,P15879,afdb_v6_probe,P15879,https://alphafold.ebi.ac.uk/files/AF-P15879-F1-model_v6.pdb,404,0,not_found
2026-08-16T03:48:27.266740+00:00,P15916,uniprot_direct,P15916,https://rest.uniprot.org/uniprotkb/P15916.json,200,0,success
2026-08-16T03:48:28.241944+00:00,P15916,afdb_v6_probe,P15916,https://alphafold.ebi.ac.uk/files/AF-P15916-F1-model_v6.pdb,404,0,not_found
2026-08-16T03:48:29.262042+00:00,P15916,afdb_v6_probe,Q85279,https://alphafold.ebi.ac.uk/files/AF-Q85279-F1-model_v6.pdb,404,0,not_found
2026-08-16T03:48:31.065110+00:00,P15916,afdb_v6_probe,Q9J594,https://alphafold.ebi.ac.uk/files/AF-Q9J594-F1-model_v6.pdb,404,0,not_found
2026-08-16T03:48:32.157492+00:00,P16006,uniprot_direct,P16006,https://rest.uniprot.org/uniprotkb/P16006.json,200,0,success
2026-08-16T03:48:33.202659+00:00,P16006,afdb_v6_probe,P16006,https://alphafold.ebi.ac.uk/files/AF-P16006-F1-model_v6.pdb,404,0,not_found
2026-08-16T03:48:34.822049+00:00,P16101,uniprot_direct,P16101,https://rest.uniprot.org/uniprotkb/P16101.json,200,0,success
2026-08-16T03:48:35.806305+00:00,P16101,afdb_v6_probe,P16101,https://alphafold.ebi.ac.uk/files/AF-P16101-F1-model_v6.pdb,404,0,not_found
2026-08-16T03:48:36.854682+00:00,P16392,uniprot_direct,P16392,https://rest.uniprot.org/uniprotkb/P16392.json,200,0,success
2026-08-16T03:48:37.811814+00:00,P16392,afdb_v6_probe,P16392,https://alphafold.ebi.ac.uk/files/AF-P16392-F1-model_v6.pdb,404,0,not_found
2026-08-16T03:48:38.902806+00:00,P16600,uniprot_direct,P16600,https://rest.uniprot.org/uniprotkb/P16600.json,200,0,success
2026-08-16T03:48:40.151934+00:00,P16600,afdb_v6_probe,P16600,https://alphafold.ebi.ac.uk/files/AF-P16600-F1-model_v6.pdb,404,0,not_found
2026-08-16T03:48:42.763388+00:00,P16788,uniprot_direct,P16788,https://rest.uniprot.org/uniprotkb/P16788.json,200,0,success
2026-08-16T03:48:43.777384+00:00,P16788,afdb_v6_probe,P16788,https://alphafold.ebi.ac.uk/files/AF-P16788-F1-model_v6.pdb,404,0,not_found
2026-08-16T03:49:05.780128+00:00,P16788,afdb_v6_probe,Q7M6J4,https://alphafold.ebi.ac.uk/files/AF-Q7M6J4-F1-model_v6.pdb,404,1,not_found
2026-08-16T03:49:06.786217+00:00,P16788,afdb_v6_probe,Q910D5,https://alphafold.ebi.ac.uk/files/AF-Q910D5-F1-model_v6.pdb,404,0,not_found
2026-08-16T03:49:07.769299+00:00,P16788,afdb_v6_probe,Q910F8,https://alphafold.ebi.ac.uk/files/AF-Q910F8-F1-model_v6.pdb,404,0,not_found
2026-08-16T03:49:08.822222+00:00,P16788,afdb_v6_probe,Q910W3,https://alphafold.ebi.ac.uk/files/AF-Q910W3-F1-model_v6.pdb,404,0,not_found
2026-08-16T03:49:09.810369+00:00,P16788,afdb_v6_probe,Q91B46,https://alphafold.ebi.ac.uk/files/AF-Q91B46-F1-model_v6.pdb,404,0,not_found
2026-08-16T03:49:10.805956+00:00,P16788,afdb_v6_probe,Q91B47,https://alphafold.ebi.ac.uk/files/AF-Q91B47-F1-model_v6.pdb,404,0,not_found
2026-08-16T03:49:11.761350+00:00,P16788,afdb_v6_probe,Q91B48,https://alphafold.ebi.ac.uk/files/AF-Q91B48-F1-model_v6.pdb,404,0,not_found
2026-08-16T03:49:12.726703+00:00,P16788,afdb_v6_probe,Q91B49,https://alphafold.ebi.ac.uk/files/AF-Q91B49-F1-model_v6.pdb,404,0,not_found
2026-08-16T03:49:13.711806+00:00,P16788,afdb_v6_probe,Q91B50,https://alphafold.ebi.ac.uk/files/AF-Q91B50-F1-model_v6.pdb,404,0,not_found
2026-08-16T03:49:14.680204+00:00,P16788,afdb_v6_probe,Q91B51,https://alphafold.ebi.ac.uk/files/AF-Q91B51-F1-model_v6.pdb,404,0,not_found
2026-08-16T03:49:15.648579+00:00,P16788,afdb_v6_probe,Q91B52,https://alphafold.ebi.ac.uk/files/AF-Q91B52-F1-model_v6.pdb,404,0,not_found
2026-08-16T03:49:16.606109+00:00,P16788,afdb_v6_probe,Q91B53,https://alphafold.ebi.ac.uk/files/AF-Q91B53-F1-model_v6.pdb,404,0,not_found
2026-08-16T03:49:17.624190+00:00,P16788,afdb_v6_probe,Q91B54,https://alphafold.ebi.ac.uk/files/AF-Q91B54-F1-model_v6.pdb,404,0,not_found
2026-08-16T03:49:18.577170+00:00,P16788,afdb_v6_probe,Q91B55,https://alphafold.ebi.ac.uk/files/AF-Q91B55-F1-model_v6.pdb,404,0,not_found
2026-08-16T03:49:20.696932+00:00,P16824,uniprot_direct,P16824,https://rest.uniprot.org/uniprotkb/P16824.json,200,0,success
2026-08-16T03:49:21.748926+00:00,P16824,afdb_v6_probe,P16824,https://alphafold.ebi.ac.uk/files/AF-P16824-F1-model_v6.pdb,404,0,not_found
2026-08-16T03:49:22.808935+00:00,P16824,afdb_v6_probe,Q7M6M0,https://alphafold.ebi.ac.uk/files/AF-Q7M6M0-F1-model_v6.pdb,404,0,not_found
2026-08-16T03:49:24.114083+00:00,P16913,uniprot_direct,P16913,https://rest.uniprot.org/uniprotkb/P16913.json,200,0,success
2026-08-16T03:49:25.081545+00:00,P16913,afdb_v6_probe,P16913,https://alphafold.ebi.ac.uk/files/AF-P16913-F1-model_v6.pdb,404,0,not_found
2026-08-16T03:49:26.086151+00:00,P16913,afdb_v6_probe,Q76ZM2,https://alphafold.ebi.ac.uk/files/AF-Q76ZM2-F1-model_v6.pdb,404,0,not_found
2026-08-16T03:49:27.189059+00:00,P17003,uniprot_direct,P17003,https://rest.uniprot.org/uniprotkb/P17003.json,200,0,success
2026-08-16T03:49:28.192352+00:00,P17003,afdb_v6_probe,P17003,https://alphafold.ebi.ac.uk/files/AF-P17003-F1-model_v6.pdb,404,0,not_found
2026-08-16T03:49:29.385162+00:00,P17004,uniprot_direct,P17004,https://rest.uniprot.org/uniprotkb/P17004.json,200,0,success
2026-08-16T03:49:30.363797+00:00,P17004,afdb_v6_probe,P17004,https://alphafold.ebi.ac.uk/files/AF-P17004-F1-model_v6.pdb,404,0,not_found
2026-08-16T03:49:31.582497+00:00,P17005,uniprot_direct,P17005,https://rest.uniprot.org/uniprotkb/P17005.json,200,0,success
2026-08-16T03:49:32.542683+00:00,P17005,afdb_v6_probe,P17005,https://alphafold.ebi.ac.uk/files/AF-P17005-F1-model_v6.pdb,404,0,not_found
2026-08-16T03:49:33.704425+00:00,P17337,uniprot_direct,P17337,https://rest.uniprot.org/uniprotkb/P17337.json,200,0,success
2026-08-16T03:49:34.672757+00:00,P17337,afdb_v6_probe,P17337,https://alphafold.ebi.ac.uk/files/AF-P17337-F1-model_v6.pdb,404,0,not_found
2026-08-16T03:49:36.091925+00:00,P17338,uniprot_direct,P17338,https://rest.uniprot.org/uniprotkb/P17338.json,200,0,success
2026-08-16T03:49:37.777773+00:00,P17338,afdb_v6_probe,P17338,https://alphafold.ebi.ac.uk/files/AF-P17338-F1-model_v6.pdb,404,0,not_found
2026-08-16T03:49:39.082036+00:00,P17339,uniprot_direct,P17339,https://rest.uniprot.org/uniprotkb/P17339.json,200,0,success
2026-08-16T03:49:40.077415+00:00,P17339,afdb_v6_probe,P17339,https://alphafold.ebi.ac.uk/files/AF-P17339-F1-model_v6.pdb,404,0,not_found
2026-08-16T03:49:44.084805+00:00,P17374,uniprot_direct,P17374,https://rest.uniprot.org/uniprotkb/P17374.json,200,0,success
2026-08-16T03:49:45.070825+00:00,P17374,afdb_v6_probe,P17374,https://alphafold.ebi.ac.uk/files/AF-P17374-F1-model_v6.pdb,404,0,not_found
2026-08-16T03:49:46.041223+00:00,P17374,afdb_v6_probe,Q80HY0,https://alphafold.ebi.ac.uk/files/AF-Q80HY0-F1-model_v6.pdb,404,0,not_found
2026-08-16T03:49:46.992115+00:00,P17382,uniprot_direct,P17382,https://rest.uniprot.org/uniprotkb/P17382.json,200,0,success
2026-08-16T03:49:47.962019+00:00,P17382,afdb_v6_probe,P17382,https://alphafold.ebi.ac.uk/files/AF-P17382-F1-model_v6.pdb,404,0,not_found
2026-08-16T03:49:49.081869+00:00,P17402,uniprot_direct,P17402,https://rest.uniprot.org/uniprotkb/P17402.json,200,0,success
2026-08-16T03:49:50.032246+00:00,P17402,afdb_v6_probe,P17402,https://alphafold.ebi.ac.uk/files/AF-P17402-F1-model_v6.pdb,404,0,not_found
2026-08-16T03:49:51.007012+00:00,P17440,uniprot_direct,P17440,https://rest.uniprot.org/uniprotkb/P17440.json,200,0,success
2026-08-16T03:49:51.959691+00:00,P17440,afdb_v6_probe,P17440,https://alphafold.ebi.ac.uk/files/AF-P17440-F1-model_v6.pdb,404,0,not_found
2026-08-16T03:49:52.986428+00:00,P17441,uniprot_direct,P17441,https://rest.uniprot.org/uniprotkb/P17441.json,200,0,success
2026-08-16T03:49:53.966746+00:00,P17441,afdb_v6_probe,P17441,https://alphafold.ebi.ac.uk/files/AF-P17441-F1-model_v6.pdb,404,0,not_found
2026-08-16T03:49:55.007342+00:00,P17613,uniprot_direct,P17613,https://rest.uniprot.org/uniprotkb/P17613.json,200,0,success
2026-08-16T03:49:55.981281+00:00,P17613,afdb_v6_probe,P17613,https://alphafold.ebi.ac.uk/files/AF-P17613-F1-model_v6.pdb,404,0,not_found
2026-08-16T03:49:57.240272+00:00,P17653,uniprot_direct,P17653,https://rest.uniprot.org/uniprotkb/P17653.json,200,0,success
2026-08-16T03:49:58.283572+00:00,P17653,afdb_v6_probe,P17653,https://alphafold.ebi.ac.uk/files/AF-P17653-F1-model_v6.pdb,404,0,not_found
2026-08-16T03:49:59.270200+00:00,P18029,uniprot_direct,P18029,https://rest.uniprot.org/uniprotkb/P18029.json,200,0,success
2026-08-16T03:50:00.243052+00:00,P18029,afdb_v6_probe,P18029,https://alphafold.ebi.ac.uk/files/AF-P18029-F1-model_v6.pdb,404,0,not_found
2026-08-16T03:50:01.925984+00:00,P18030,uniprot_direct,P18030,https://rest.uniprot.org/uniprotkb/P18030.json,200,0,success
2026-08-16T03:50:02.892702+00:00,P18030,afdb_v6_probe,P18030,https://alphafold.ebi.ac.uk/files/AF-P18030-F1-model_v6.pdb,404,0,not_found
2026-08-16T03:50:05.202725+00:00,P18172,uniprot_direct,P18172,https://rest.uniprot.org/uniprotkb/P18172.json,200,0,success
2026-08-16T03:50:06.184547+00:00,P18172,afdb_v6_probe,P18172,https://alphafold.ebi.ac.uk/files/AF-P18172-F1-model_v6.pdb,404,0,not_found
2026-08-16T03:50:07.180400+00:00,P18172,afdb_v6_probe,Q294Q6,https://alphafold.ebi.ac.uk/files/AF-Q294Q6-F1-model_v6.pdb,404,0,not_found
2026-08-16T03:50:08.175076+00:00,P18172,afdb_v6_probe,Q56RL3,https://alphafold.ebi.ac.uk/files/AF-Q56RL3-F1-model_v6.pdb,404,0,not_found
2026-08-16T03:50:09.204296+00:00,P18173,uniprot_direct,P18173,https://rest.uniprot.org/uniprotkb/P18173.json,200,0,success
2026-08-16T03:50:10.164075+00:00,P18173,afdb_v6_probe,P18173,https://alphafold.ebi.ac.uk/files/AF-P18173-F1-model_v6.pdb,404,0,not_found
2026-08-16T03:50:11.147078+00:00,P18173,afdb_v6_probe,A0A2U8U0K3,https://alphafold.ebi.ac.uk/files/AF-A0A2U8U0K3-F1-model_v6.pdb,404,0,not_found
2026-08-16T03:50:12.115403+00:00,P18173,afdb_v6_probe,Q8SXV0,https://alphafold.ebi.ac.uk/files/AF-Q8SXV0-F1-model_v6.pdb,200,0,available
2026-08-16T03:50:13.086528+00:00,P18173,afdb_v6_probe,Q9VI87,https://alphafold.ebi.ac.uk/files/AF-Q9VI87-F1-model_v6.pdb,404,0,not_found
2026-08-16T03:50:14.199325+00:00,P18173,afdb_v6_probe,U3PT72,https://alphafold.ebi.ac.uk/files/AF-U3PT72-F1-model_v6.pdb,200,0,available
2026-08-16T03:50:15.159530+00:00,P18250,uniprot_direct,P18250,https://rest.uniprot.org/uniprotkb/P18250.json,200,0,success
2026-08-16T03:50:16.209135+00:00,P18250,afdb_v6_probe,P18250,https://alphafold.ebi.ac.uk/files/AF-P18250-F1-model_v6.pdb,404,0,not_found
2026-08-16T03:50:17.263096+00:00,P18283,uniprot_direct,P18283,https://rest.uniprot.org/uniprotkb/P18283.json,200,0,success
2026-08-16T03:50:18.232575+00:00,P18283,afdb_v6_probe,P18283,https://alphafold.ebi.ac.uk/files/AF-P18283-F1-model_v6.pdb,404,0,not_found
2026-08-16T03:50:40.284938+00:00,P18283,afdb_v6_probe,Q6PJ52,https://alphafold.ebi.ac.uk/files/AF-Q6PJ52-F1-model_v6.pdb,404,1,not_found
2026-08-16T03:50:41.320089+00:00,P18283,afdb_v6_probe,Q8WWI7,https://alphafold.ebi.ac.uk/files/AF-Q8WWI7-F1-model_v6.pdb,404,0,not_found
2026-08-16T03:50:42.448955+00:00,P18283,afdb_v6_probe,Q9NRP9,https://alphafold.ebi.ac.uk/files/AF-Q9NRP9-F1-model_v6.pdb,404,0,not_found
2026-08-16T03:50:43.988644+00:00,P18547,uniprot_direct,P18547,https://rest.uniprot.org/uniprotkb/P18547.json,200,0,success
2026-08-16T03:50:45.000425+00:00,P18547,afdb_v6_probe,P18547,https://alphafold.ebi.ac.uk/files/AF-P18547-F1-model_v6.pdb,404,0,not_found
2026-08-16T03:50:46.052577+00:00,P18547,afdb_v6_probe,P22965,https://alphafold.ebi.ac.uk/files/AF-P22965-F1-model_v6.pdb,404,0,not_found
2026-08-16T03:50:46.992750+00:00,P18555,uniprot_direct,P18555,https://rest.uniprot.org/uniprotkb/P18555.json,200,0,success
2026-08-16T03:50:47.954407+00:00,P18555,afdb_v6_probe,P18555,https://alphafold.ebi.ac.uk/files/AF-P18555-F1-model_v6.pdb,404,0,not_found
2026-08-16T03:50:48.979874+00:00,P18999,uniprot_direct,P18999,https://rest.uniprot.org/uniprotkb/P18999.json,200,0,success
2026-08-16T03:50:49.996356+00:00,P18999,afdb_v6_probe,P18999,https://alphafold.ebi.ac.uk/files/AF-P18999-F1-model_v6.pdb,404,0,not_found
2026-08-16T03:50:51.585355+00:00,P19118,uniprot_direct,P19118,https://rest.uniprot.org/uniprotkb/P19118.json,200,0,success
2026-08-16T03:50:52.607771+00:00,P19118,afdb_v6_probe,P19118,https://alphafold.ebi.ac.uk/files/AF-P19118-F1-model_v6.pdb,404,0,not_found
2026-08-16T03:50:54.696830+00:00,P19149,uniprot_direct,P19149,https://rest.uniprot.org/uniprotkb/P19149.json,200,0,success
2026-08-16T03:50:55.771200+00:00,P19149,afdb_v6_probe,P19149,https://alphafold.ebi.ac.uk/files/AF-P19149-F1-model_v6.pdb,404,0,not_found
2026-08-16T03:50:56.796307+00:00,P19574,uniprot_direct,P19574,https://rest.uniprot.org/uniprotkb/P19574.json,200,0,success
2026-08-16T03:50:57.921384+00:00,P19574,afdb_v6_probe,P19574,https://alphafold.ebi.ac.uk/files/AF-P19574-F1-model_v6.pdb,404,0,not_found
2026-08-16T03:51:20.478670+00:00,P19618,uniprot_direct,P19618,https://rest.uniprot.org/uniprotkb/P19618.json,200,1,success
2026-08-16T03:51:21.462015+00:00,P19618,afdb_v6_probe,P19618,https://alphafold.ebi.ac.uk/files/AF-P19618-F1-model_v6.pdb,404,0,not_found
2026-08-16T03:51:24.210630+00:00,P19621,uniprot_direct,P19621,https://rest.uniprot.org/uniprotkb/P19621.json,200,0,success
2026-08-16T03:51:25.186108+00:00,P19621,afdb_v6_probe,P19621,https://alphafold.ebi.ac.uk/files/AF-P19621-F1-model_v6.pdb,404,0,not_found
2026-08-16T03:51:26.589748+00:00,P19916,uniprot_direct,P19916,https://rest.uniprot.org/uniprotkb/P19916.json,200,0,success
2026-08-16T03:51:27.612069+00:00,P19916,afdb_v6_probe,P19916,https://alphafold.ebi.ac.uk/files/AF-P19916-F1-model_v6.pdb,404,0,not_found
2026-08-16T03:51:28.615546+00:00,P19917,uniprot_direct,P19917,https://rest.uniprot.org/uniprotkb/P19917.json,200,0,success
2026-08-16T03:51:29.627995+00:00,P19917,afdb_v6_probe,P19917,https://alphafold.ebi.ac.uk/files/AF-P19917-F1-model_v6.pdb,404,0,not_found
2026-08-16T03:51:30.868917+00:00,P19918,uniprot_direct,P19918,https://rest.uniprot.org/uniprotkb/P19918.json,200,0,success
2026-08-16T03:51:31.897188+00:00,P19918,afdb_v6_probe,P19918,https://alphafold.ebi.ac.uk/files/AF-P19918-F1-model_v6.pdb,404,0,not_found
2026-08-16T03:51:33.009463+00:00,P19985,uniprot_direct,P19985,https://rest.uniprot.org/uniprotkb/P19985.json,200,0,success
2026-08-16T03:51:34.002319+00:00,P19985,afdb_v6_probe,P19985,https://alphafold.ebi.ac.uk/files/AF-P19985-F1-model_v6.pdb,404,0,not_found
2026-08-16T03:51:35.013484+00:00,P20011,uniprot_direct,P20011,https://rest.uniprot.org/uniprotkb/P20011.json,200,0,success
2026-08-16T03:51:35.989439+00:00,P20011,afdb_v6_probe,P20011,https://alphafold.ebi.ac.uk/files/AF-P20011-F1-model_v6.pdb,404,0,not_found
2026-08-16T03:51:37.038203+00:00,P20012,uniprot_direct,P20012,https://rest.uniprot.org/uniprotkb/P20012.json,200,0,success
2026-08-16T03:51:38.149563+00:00,P20012,afdb_v6_probe,P20012,https://alphafold.ebi.ac.uk/files/AF-P20012-F1-model_v6.pdb,404,0,not_found
2026-08-16T03:51:39.200830+00:00,P20304,uniprot_direct,P20304,https://rest.uniprot.org/uniprotkb/P20304.json,200,0,success
2026-08-16T03:51:40.224500+00:00,P20304,afdb_v6_probe,P20304,https://alphafold.ebi.ac.uk/files/AF-P20304-F1-model_v6.pdb,404,0,not_found
2026-08-16T03:51:41.229697+00:00,P20315,uniprot_direct,P20315,https://rest.uniprot.org/uniprotkb/P20315.json,200,0,success
2026-08-16T03:51:42.232765+00:00,P20315,afdb_v6_probe,P20315,https://alphafold.ebi.ac.uk/files/AF-P20315-F1-model_v6.pdb,404,0,not_found
2026-08-16T03:51:43.962815+00:00,P20493,uniprot_direct,P20493,https://rest.uniprot.org/uniprotkb/P20493.json,200,0,success
2026-08-16T03:51:44.947578+00:00,P20493,afdb_v6_probe,P20493,https://alphafold.ebi.ac.uk/files/AF-P20493-F1-model_v6.pdb,404,0,not_found
2026-08-16T03:51:46.020374+00:00,P20495,uniprot_direct,P20495,https://rest.uniprot.org/uniprotkb/P20495.json,200,0,success
2026-08-16T03:51:47.002423+00:00,P20495,afdb_v6_probe,P20495,https://alphafold.ebi.ac.uk/files/AF-P20495-F1-model_v6.pdb,404,0,not_found
2026-08-16T03:51:48.180414+00:00,P20502,uniprot_direct,P20502,https://rest.uniprot.org/uniprotkb/P20502.json,200,0,success
2026-08-16T03:51:49.265959+00:00,P20502,afdb_v6_probe,P20502,https://alphafold.ebi.ac.uk/files/AF-P20502-F1-model_v6.pdb,404,0,not_found
2026-08-16T03:51:51.405476+00:00,P20503,uniprot_direct,P20503,https://rest.uniprot.org/uniprotkb/P20503.json,200,0,success
2026-08-16T03:51:52.355513+00:00,P20503,afdb_v6_probe,P20503,https://alphafold.ebi.ac.uk/files/AF-P20503-F1-model_v6.pdb,404,0,not_found
2026-08-16T03:51:53.359479+00:00,P20505,uniprot_direct,P20505,https://rest.uniprot.org/uniprotkb/P20505.json,200,0,success
2026-08-16T03:51:54.314769+00:00,P20505,afdb_v6_probe,P20505,https://alphafold.ebi.ac.uk/files/AF-P20505-F1-model_v6.pdb,404,0,not_found
2026-08-16T03:51:56.089518+00:00,P20637,uniprot_direct,P20637,https://rest.uniprot.org/uniprotkb/P20637.json,200,0,success
2026-08-16T03:51:57.076263+00:00,P20637,afdb_v6_probe,P20637,https://alphafold.ebi.ac.uk/files/AF-P20637-F1-model_v6.pdb,404,0,not_found
2026-08-16T03:51:58.213047+00:00,P20638,uniprot_direct,P20638,https://rest.uniprot.org/uniprotkb/P20638.json,200,0,success
2026-08-16T03:51:59.311719+00:00,P20638,afdb_v6_probe,P20638,https://alphafold.ebi.ac.uk/files/AF-P20638-F1-model_v6.pdb,404,0,not_found
2026-08-16T03:52:00.702158+00:00,P20979,uniprot_direct,P20979,https://rest.uniprot.org/uniprotkb/P20979.json,200,0,success
2026-08-16T03:52:01.732884+00:00,P20979,afdb_v6_probe,P20979,https://alphafold.ebi.ac.uk/files/AF-P20979-F1-model_v6.pdb,404,0,not_found
2026-08-16T03:52:02.752112+00:00,P20999,uniprot_direct,P20999,https://rest.uniprot.org/uniprotkb/P20999.json,200,0,success
2026-08-16T03:52:03.837032+00:00,P20999,afdb_v6_probe,P20999,https://alphafold.ebi.ac.uk/files/AF-P20999-F1-model_v6.pdb,404,0,not_found
2026-08-16T03:52:05.508380+00:00,P21011,uniprot_direct,P21011,https://rest.uniprot.org/uniprotkb/P21011.json,200,0,success
2026-08-16T03:52:06.479763+00:00,P21011,afdb_v6_probe,P21011,https://alphafold.ebi.ac.uk/files/AF-P21011-F1-model_v6.pdb,404,0,not_found
2026-08-16T03:52:07.492306+00:00,P21033,uniprot_direct,P21033,https://rest.uniprot.org/uniprotkb/P21033.json,200,0,success
2026-08-16T03:52:08.473127+00:00,P21033,afdb_v6_probe,P21033,https://alphafold.ebi.ac.uk/files/AF-P21033-F1-model_v6.pdb,404,0,not_found
2026-08-16T03:52:09.507199+00:00,P21050,uniprot_direct,P21050,https://rest.uniprot.org/uniprotkb/P21050.json,200,0,success
2026-08-16T03:52:10.504900+00:00,P21050,afdb_v6_probe,P21050,https://alphafold.ebi.ac.uk/files/AF-P21050-F1-model_v6.pdb,404,0,not_found
2026-08-16T03:52:11.632382+00:00,P21095,uniprot_direct,P21095,https://rest.uniprot.org/uniprotkb/P21095.json,200,0,success
2026-08-16T03:52:12.602838+00:00,P21095,afdb_v6_probe,P21095,https://alphafold.ebi.ac.uk/files/AF-P21095-F1-model_v6.pdb,404,0,not_found
2026-08-16T03:52:13.603665+00:00,P21097,uniprot_direct,P21097,https://rest.uniprot.org/uniprotkb/P21097.json,200,0,success
2026-08-16T03:52:14.619699+00:00,P21097,afdb_v6_probe,P21097,https://alphafold.ebi.ac.uk/files/AF-P21097-F1-model_v6.pdb,404,0,not_found
2026-08-16T03:52:16.000032+00:00,P21290,uniprot_direct,P21290,https://rest.uniprot.org/uniprotkb/P21290.json,200,0,success
2026-08-16T03:52:16.962495+00:00,P21290,afdb_v6_probe,P21290,https://alphafold.ebi.ac.uk/files/AF-P21290-F1-model_v6.pdb,404,0,not_found
2026-08-16T03:52:17.953359+00:00,P21290,afdb_v6_probe,P41445,https://alphafold.ebi.ac.uk/files/AF-P41445-F1-model_v6.pdb,404,0,not_found
2026-08-16T03:52:19.082663+00:00,P21293,uniprot_direct,P21293,https://rest.uniprot.org/uniprotkb/P21293.json,200,0,success
2026-08-16T03:52:20.070746+00:00,P21293,afdb_v6_probe,P21293,https://alphafold.ebi.ac.uk/files/AF-P21293-F1-model_v6.pdb,404,0,not_found
2026-08-16T03:52:21.444647+00:00,P21407,uniprot_direct,P21407,https://rest.uniprot.org/uniprotkb/P21407.json,200,0,success
2026-08-16T03:52:22.435417+00:00,P21407,afdb_v6_probe,P21407,https://alphafold.ebi.ac.uk/files/AF-P21407-F1-model_v6.pdb,404,0,not_found
2026-08-16T03:52:23.457787+00:00,P21974,uniprot_direct,P21974,https://rest.uniprot.org/uniprotkb/P21974.json,200,0,success
2026-08-16T03:52:24.417142+00:00,P21974,afdb_v6_probe,P21974,https://alphafold.ebi.ac.uk/files/AF-P21974-F1-model_v6.pdb,404,0,not_found
2026-08-16T03:52:25.452058+00:00,P22153,uniprot_direct,P22153,https://rest.uniprot.org/uniprotkb/P22153.json,200,0,success
2026-08-16T03:52:26.474519+00:00,P22153,afdb_v6_probe,P22153,https://alphafold.ebi.ac.uk/files/AF-P22153-F1-model_v6.pdb,404,0,not_found
2026-08-16T03:52:27.543640+00:00,P22154,uniprot_direct,P22154,https://rest.uniprot.org/uniprotkb/P22154.json,200,0,success
2026-08-16T03:52:28.511696+00:00,P22154,afdb_v6_probe,P22154,https://alphafold.ebi.ac.uk/files/AF-P22154-F1-model_v6.pdb,404,0,not_found
2026-08-16T03:52:30.181555+00:00,P22352,uniprot_direct,P22352,https://rest.uniprot.org/uniprotkb/P22352.json,200,0,success
2026-08-16T03:52:32.490428+00:00,P22352,afdb_v6_probe,P22352,https://alphafold.ebi.ac.uk/files/AF-P22352-F1-model_v6.pdb,404,0,not_found
2026-08-16T03:52:34.539977+00:00,P22352,afdb_v6_probe,O43787,https://alphafold.ebi.ac.uk/files/AF-O43787-F1-model_v6.pdb,404,0,not_found
2026-08-16T03:52:35.595140+00:00,P22352,afdb_v6_probe,Q86W78,https://alphafold.ebi.ac.uk/files/AF-Q86W78-F1-model_v6.pdb,404,0,not_found
2026-08-16T03:52:57.637727+00:00,P22352,afdb_v6_probe,Q9NZ74,https://alphafold.ebi.ac.uk/files/AF-Q9NZ74-F1-model_v6.pdb,404,1,not_found
2026-08-16T03:52:58.677281+00:00,P22352,afdb_v6_probe,Q9UEL1,https://alphafold.ebi.ac.uk/files/AF-Q9UEL1-F1-model_v6.pdb,404,0,not_found
2026-08-16T03:52:59.646667+00:00,P22416,uniprot_direct,P22416,https://rest.uniprot.org/uniprotkb/P22416.json,200,0,success
2026-08-16T03:53:00.696954+00:00,P22416,afdb_v6_probe,P22416,https://alphafold.ebi.ac.uk/files/AF-P22416-F1-model_v6.pdb,404,0,not_found
2026-08-16T03:53:02.394203+00:00,P22419,uniprot_direct,P22419,https://rest.uniprot.org/uniprotkb/P22419.json,200,0,success
2026-08-16T03:53:03.374831+00:00,P22419,afdb_v6_probe,P22419,https://alphafold.ebi.ac.uk/files/AF-P22419-F1-model_v6.pdb,404,0,not_found
2026-08-16T03:53:04.479344+00:00,P22508,uniprot_direct,P22508,https://rest.uniprot.org/uniprotkb/P22508.json,200,0,success
2026-08-16T03:53:05.426460+00:00,P22508,afdb_v6_probe,P22508,https://alphafold.ebi.ac.uk/files/AF-P22508-F1-model_v6.pdb,404,0,not_found
2026-08-16T03:53:06.469254+00:00,P22573,uniprot_direct,P22573,https://rest.uniprot.org/uniprotkb/P22573.json,200,0,success
2026-08-16T03:53:07.499248+00:00,P22573,afdb_v6_probe,P22573,https://alphafold.ebi.ac.uk/files/AF-P22573-F1-model_v6.pdb,404,0,not_found
2026-08-16T03:53:08.477008+00:00,P22649,uniprot_direct,P22649,https://rest.uniprot.org/uniprotkb/P22649.json,200,0,success
2026-08-16T03:53:11.297029+00:00,P22649,afdb_v6_probe,P22649,https://alphafold.ebi.ac.uk/files/AF-P22649-F1-model_v6.pdb,404,0,not_found
2026-08-16T03:53:12.307184+00:00,P22657,uniprot_direct,P22657,https://rest.uniprot.org/uniprotkb/P22657.json,200,0,success
2026-08-16T03:53:13.256790+00:00,P22657,afdb_v6_probe,P22657,https://alphafold.ebi.ac.uk/files/AF-P22657-F1-model_v6.pdb,404,0,not_found
2026-08-16T03:53:14.336914+00:00,P22779,uniprot_direct,P22779,https://rest.uniprot.org/uniprotkb/P22779.json,200,0,success
2026-08-16T03:53:15.379035+00:00,P22779,afdb_v6_probe,P22779,https://alphafold.ebi.ac.uk/files/AF-P22779-F1-model_v6.pdb,404,0,not_found
2026-08-16T03:53:18.232764+00:00,P22948,uniprot_direct,P22948,https://rest.uniprot.org/uniprotkb/P22948.json,200,0,success
2026-08-16T03:53:19.265967+00:00,P22948,afdb_v6_probe,P22948,https://alphafold.ebi.ac.uk/files/AF-P22948-F1-model_v6.pdb,404,0,not_found
2026-08-16T03:53:20.558715+00:00,P23007,uniprot_direct,P23007,https://rest.uniprot.org/uniprotkb/P23007.json,200,0,success
2026-08-16T03:53:21.576509+00:00,P23007,afdb_v6_probe,P23007,https://alphafold.ebi.ac.uk/files/AF-P23007-F1-model_v6.pdb,404,0,not_found
2026-08-16T03:53:22.551015+00:00,P23049,uniprot_direct,P23049,https://rest.uniprot.org/uniprotkb/P23049.json,200,0,success
2026-08-16T03:53:23.544574+00:00,P23049,afdb_v6_probe,P23049,https://alphafold.ebi.ac.uk/files/AF-P23049-F1-model_v6.pdb,404,0,not_found
2026-08-16T03:53:24.636314+00:00,P23049,afdb_v6_probe,Q85458,https://alphafold.ebi.ac.uk/files/AF-Q85458-F1-model_v6.pdb,404,0,not_found
2026-08-16T03:53:25.609282+00:00,P23049,afdb_v6_probe,Q85459,https://alphafold.ebi.ac.uk/files/AF-Q85459-F1-model_v6.pdb,404,0,not_found
2026-08-16T03:53:27.940203+00:00,P23175,uniprot_direct,P23175,https://rest.uniprot.org/uniprotkb/P23175.json,200,0,success
2026-08-16T03:53:28.920507+00:00,P23175,afdb_v6_probe,P23175,https://alphafold.ebi.ac.uk/files/AF-P23175-F1-model_v6.pdb,404,0,not_found
2026-08-16T03:53:29.922458+00:00,P23334,uniprot_direct,P23334,https://rest.uniprot.org/uniprotkb/P23334.json,200,0,success
2026-08-16T03:53:31.013866+00:00,P23334,afdb_v6_probe,P23334,https://alphafold.ebi.ac.uk/files/AF-P23334-F1-model_v6.pdb,404,0,not_found
2026-08-16T03:53:32.044145+00:00,P23335,uniprot_direct,P23335,https://rest.uniprot.org/uniprotkb/P23335.json,200,0,success
2026-08-16T03:53:33.111665+00:00,P23335,afdb_v6_probe,P23335,https://alphafold.ebi.ac.uk/files/AF-P23335-F1-model_v6.pdb,404,0,not_found
2026-08-16T03:53:34.222515+00:00,P23373,uniprot_direct,P23373,https://rest.uniprot.org/uniprotkb/P23373.json,200,0,success
2026-08-16T03:53:35.221022+00:00,P23373,afdb_v6_probe,P23373,https://alphafold.ebi.ac.uk/files/AF-P23373-F1-model_v6.pdb,404,0,not_found
2026-08-16T03:53:36.182958+00:00,P23373,afdb_v6_probe,Q76ZV5,https://alphafold.ebi.ac.uk/files/AF-Q76ZV5-F1-model_v6.pdb,404,0,not_found
2026-08-16T03:53:37.668878+00:00,P23764,uniprot_direct,P23764,https://rest.uniprot.org/uniprotkb/P23764.json,200,0,success
2026-08-16T03:53:39.660027+00:00,P23764,afdb_v6_probe,P23764,https://alphafold.ebi.ac.uk/files/AF-P23764-F1-model_v6.pdb,404,0,not_found
2026-08-16T03:53:40.603986+00:00,P23764,afdb_v6_probe,Q6P6H2,https://alphafold.ebi.ac.uk/files/AF-Q6P6H2-F1-model_v6.pdb,404,0,not_found
2026-08-16T03:53:41.638792+00:00,P23983,uniprot_direct,P23983,https://rest.uniprot.org/uniprotkb/P23983.json,200,0,success
2026-08-16T03:53:42.601980+00:00,P23983,afdb_v6_probe,P23983,https://alphafold.ebi.ac.uk/files/AF-P23983-F1-model_v6.pdb,404,0,not_found
2026-08-16T03:53:43.683750+00:00,P24030,uniprot_direct,P24030,https://rest.uniprot.org/uniprotkb/P24030.json,200,0,success
2026-08-16T03:53:44.681559+00:00,P24030,afdb_v6_probe,P24030,https://alphafold.ebi.ac.uk/files/AF-P24030-F1-model_v6.pdb,404,0,not_found
2026-08-16T03:53:45.731413+00:00,P24096,uniprot_direct,P24096,https://rest.uniprot.org/uniprotkb/P24096.json,200,0,success
2026-08-16T03:53:46.717457+00:00,P24096,afdb_v6_probe,P24096,https://alphafold.ebi.ac.uk/files/AF-P24096-F1-model_v6.pdb,404,0,not_found
2026-08-16T03:53:47.687657+00:00,P24134,uniprot_direct,P24134,https://rest.uniprot.org/uniprotkb/P24134.json,200,0,success
2026-08-16T03:53:48.636355+00:00,P24134,afdb_v6_probe,P24134,https://alphafold.ebi.ac.uk/files/AF-P24134-F1-model_v6.pdb,404,0,not_found
2026-08-16T03:53:49.668904+00:00,P24381,uniprot_direct,P24381,https://rest.uniprot.org/uniprotkb/P24381.json,200,0,success
2026-08-16T03:53:50.736001+00:00,P24381,afdb_v6_probe,P24381,https://alphafold.ebi.ac.uk/files/AF-P24381-F1-model_v6.pdb,404,0,not_found
2026-08-16T03:53:51.800338+00:00,P24381,afdb_v6_probe,Q69397,https://alphafold.ebi.ac.uk/files/AF-Q69397-F1-model_v6.pdb,404,0,not_found
2026-08-16T03:53:53.126938+00:00,P24389,uniprot_direct,P24389,https://rest.uniprot.org/uniprotkb/P24389.json,200,0,success
2026-08-16T03:53:54.098419+00:00,P24389,afdb_v6_probe,P24389,https://alphafold.ebi.ac.uk/files/AF-P24389-F1-model_v6.pdb,404,0,not_found
2026-08-16T03:53:55.131563+00:00,P24424,uniprot_direct,P24424,https://rest.uniprot.org/uniprotkb/P24424.json,200,0,success
2026-08-16T03:53:56.148449+00:00,P24424,afdb_v6_probe,P24424,https://alphafold.ebi.ac.uk/files/AF-P24424-F1-model_v6.pdb,404,0,not_found
2026-08-16T03:53:58.057852+00:00,P24425,uniprot_direct,P24425,https://rest.uniprot.org/uniprotkb/P24425.json,200,0,success
2026-08-16T03:53:59.087090+00:00,P24425,afdb_v6_probe,P24425,https://alphafold.ebi.ac.uk/files/AF-P24425-F1-model_v6.pdb,404,0,not_found
2026-08-16T03:54:01.889165+00:00,P24486,uniprot_direct,P24486,https://rest.uniprot.org/uniprotkb/P24486.json,200,0,success
2026-08-16T03:54:02.904123+00:00,P24486,afdb_v6_probe,P24486,https://alphafold.ebi.ac.uk/files/AF-P24486-F1-model_v6.pdb,404,0,not_found
2026-08-16T03:54:04.462634+00:00,P24597,uniprot_direct,P24597,https://rest.uniprot.org/uniprotkb/P24597.json,200,0,success
2026-08-16T03:54:05.435976+00:00,P24597,afdb_v6_probe,P24597,https://alphafold.ebi.ac.uk/files/AF-P24597-F1-model_v6.pdb,404,0,not_found
2026-08-16T03:54:06.805198+00:00,P24656,uniprot_direct,P24656,https://rest.uniprot.org/uniprotkb/P24656.json,200,0,success
2026-08-16T03:54:07.769521+00:00,P24656,afdb_v6_probe,P24656,https://alphafold.ebi.ac.uk/files/AF-P24656-F1-model_v6.pdb,404,0,not_found
2026-08-16T03:54:08.771958+00:00,P24829,uniprot_direct,P24829,https://rest.uniprot.org/uniprotkb/P24829.json,200,0,success
2026-08-16T03:54:09.824245+00:00,P24829,afdb_v6_probe,P24829,https://alphafold.ebi.ac.uk/files/AF-P24829-F1-model_v6.pdb,404,0,not_found
2026-08-16T03:54:10.908268+00:00,P24842,uniprot_direct,P24842,https://rest.uniprot.org/uniprotkb/P24842.json,200,0,success
2026-08-16T03:54:11.906666+00:00,P24842,afdb_v6_probe,P24842,https://alphafold.ebi.ac.uk/files/AF-P24842-F1-model_v6.pdb,404,0,not_found
2026-08-16T03:54:12.992515+00:00,P24851,uniprot_direct,P24851,https://rest.uniprot.org/uniprotkb/P24851.json,200,0,success
2026-08-16T03:54:14.041546+00:00,P24851,afdb_v6_probe,P24851,https://alphafold.ebi.ac.uk/files/AF-P24851-F1-model_v6.pdb,404,0,not_found
2026-08-16T03:54:15.037687+00:00,P24851,afdb_v6_probe,Q84248,https://alphafold.ebi.ac.uk/files/AF-Q84248-F1-model_v6.pdb,404,0,not_found
2026-08-16T03:54:16.007746+00:00,P24851,afdb_v6_probe,Q90051,https://alphafold.ebi.ac.uk/files/AF-Q90051-F1-model_v6.pdb,404,0,not_found
2026-08-16T03:54:17.253186+00:00,P25013,uniprot_direct,P25013,https://rest.uniprot.org/uniprotkb/P25013.json,200,0,success
2026-08-16T03:54:18.261974+00:00,P25013,afdb_v6_probe,P25013,https://alphafold.ebi.ac.uk/files/AF-P25013-F1-model_v6.pdb,404,0,not_found
2026-08-16T03:54:19.299472+00:00,P25020,uniprot_direct,P25020,https://rest.uniprot.org/uniprotkb/P25020.json,200,0,success
2026-08-16T03:54:20.863259+00:00,P25020,afdb_v6_probe,P25020,https://alphafold.ebi.ac.uk/files/AF-P25020-F1-model_v6.pdb,404,0,not_found
2026-08-16T03:54:21.877926+00:00,P25072,uniprot_direct,P25072,https://rest.uniprot.org/uniprotkb/P25072.json,200,0,success
2026-08-16T03:54:22.827404+00:00,P25072,afdb_v6_probe,P25072,https://alphafold.ebi.ac.uk/files/AF-P25072-F1-model_v6.pdb,404,0,not_found
2026-08-16T03:54:23.806756+00:00,P25481,uniprot_direct,P25481,https://rest.uniprot.org/uniprotkb/P25481.json,200,0,success
2026-08-16T03:54:24.863297+00:00,P25481,afdb_v6_probe,P25481,https://alphafold.ebi.ac.uk/files/AF-P25481-F1-model_v6.pdb,404,0,not_found
2026-08-16T03:54:25.900907+00:00,P25933,uniprot_direct,P25933,https://rest.uniprot.org/uniprotkb/P25933.json,200,0,success
2026-08-16T03:54:26.862073+00:00,P25933,afdb_v6_probe,P25933,https://alphafold.ebi.ac.uk/files/AF-P25933-F1-model_v6.pdb,404,0,not_found
2026-08-16T03:54:28.021483+00:00,P25934,uniprot_direct,P25934,https://rest.uniprot.org/uniprotkb/P25934.json,200,0,success
2026-08-16T03:54:29.070417+00:00,P25934,afdb_v6_probe,P25934,https://alphafold.ebi.ac.uk/files/AF-P25934-F1-model_v6.pdb,404,0,not_found
2026-08-16T03:54:30.000118+00:00,P25950,uniprot_direct,P25950,https://rest.uniprot.org/uniprotkb/P25950.json,200,0,success
2026-08-16T03:54:31.065313+00:00,P25950,afdb_v6_probe,P25950,https://alphafold.ebi.ac.uk/files/AF-P25950-F1-model_v6.pdb,404,0,not_found
2026-08-16T03:54:32.045898+00:00,P25950,afdb_v6_probe,Q77PC1,https://alphafold.ebi.ac.uk/files/AF-Q77PC1-F1-model_v6.pdb,404,0,not_found
2026-08-16T03:54:33.059654+00:00,P25987,uniprot_direct,P25987,https://rest.uniprot.org/uniprotkb/P25987.json,200,0,success
2026-08-16T03:54:34.005894+00:00,P25987,afdb_v6_probe,P25987,https://alphafold.ebi.ac.uk/files/AF-P25987-F1-model_v6.pdb,404,0,not_found
2026-08-16T03:54:35.076709+00:00,P26192,uniprot_direct,P26192,https://rest.uniprot.org/uniprotkb/P26192.json,200,0,success
2026-08-16T03:54:36.081467+00:00,P26192,afdb_v6_probe,P26192,https://alphafold.ebi.ac.uk/files/AF-P26192-F1-model_v6.pdb,404,0,not_found
2026-08-16T03:54:37.103694+00:00,P26460,uniprot_direct,P26460,https://rest.uniprot.org/uniprotkb/P26460.json,200,0,success
2026-08-16T03:54:38.164335+00:00,P26460,afdb_v6_probe,P26460,https://alphafold.ebi.ac.uk/files/AF-P26460-F1-model_v6.pdb,404,0,not_found
2026-08-16T03:54:40.040846+00:00,P26542,uniprot_direct,P26542,https://rest.uniprot.org/uniprotkb/P26542.json,200,0,success
2026-08-16T03:54:40.995499+00:00,P26542,afdb_v6_probe,P26542,https://alphafold.ebi.ac.uk/files/AF-P26542-F1-model_v6.pdb,404,0,not_found
2026-08-16T03:54:41.972503+00:00,P26543,uniprot_direct,P26543,https://rest.uniprot.org/uniprotkb/P26543.json,200,0,success
2026-08-16T03:54:42.931522+00:00,P26543,afdb_v6_probe,P26543,https://alphafold.ebi.ac.uk/files/AF-P26543-F1-model_v6.pdb,404,0,not_found
2026-08-16T03:54:43.981072+00:00,P26544,uniprot_direct,P26544,https://rest.uniprot.org/uniprotkb/P26544.json,200,0,success
2026-08-16T03:54:44.973797+00:00,P26544,afdb_v6_probe,P26544,https://alphafold.ebi.ac.uk/files/AF-P26544-F1-model_v6.pdb,404,0,not_found
2026-08-16T03:54:46.251920+00:00,P26653,uniprot_direct,P26653,https://rest.uniprot.org/uniprotkb/P26653.json,200,0,success
2026-08-16T03:54:47.315557+00:00,P26653,afdb_v6_probe,P26653,https://alphafold.ebi.ac.uk/files/AF-P26653-F1-model_v6.pdb,404,0,not_found
2026-08-16T03:54:48.413564+00:00,P26670,uniprot_direct,P26670,https://rest.uniprot.org/uniprotkb/P26670.json,200,0,success
2026-08-16T03:54:49.439370+00:00,P26670,afdb_v6_probe,P26670,https://alphafold.ebi.ac.uk/files/AF-P26670-F1-model_v6.pdb,404,0,not_found
2026-08-16T03:54:50.535560+00:00,P26670,afdb_v6_probe,Q76ZN3,https://alphafold.ebi.ac.uk/files/AF-Q76ZN3-F1-model_v6.pdb,404,0,not_found
2026-08-16T03:54:51.934027+00:00,P26685,uniprot_direct,P26685,https://rest.uniprot.org/uniprotkb/P26685.json,200,0,success
2026-08-16T03:54:52.888269+00:00,P26685,afdb_v6_probe,P26685,https://alphafold.ebi.ac.uk/files/AF-P26685-F1-model_v6.pdb,404,0,not_found
2026-08-16T03:54:54.095843+00:00,P26713,uniprot_direct,P26713,https://rest.uniprot.org/uniprotkb/P26713.json,200,0,success
2026-08-16T03:54:55.157677+00:00,P26713,afdb_v6_probe,P26713,https://alphafold.ebi.ac.uk/files/AF-P26713-F1-model_v6.pdb,404,0,not_found
2026-08-16T03:54:56.215048+00:00,P26970,uniprot_direct,P26970,https://rest.uniprot.org/uniprotkb/P26970.json,200,0,success
2026-08-16T03:54:57.264066+00:00,P26970,afdb_v6_probe,P26970,https://alphafold.ebi.ac.uk/files/AF-P26970-F1-model_v6.pdb,404,0,not_found
2026-08-16T03:54:58.212982+00:00,P26971,uniprot_direct,P26971,https://rest.uniprot.org/uniprotkb/P26971.json,200,0,success
2026-08-16T03:54:59.308781+00:00,P26971,afdb_v6_probe,P26971,https://alphafold.ebi.ac.uk/files/AF-P26971-F1-model_v6.pdb,404,0,not_found
2026-08-16T03:55:00.341720+00:00,P26971,afdb_v6_probe,E3PXR8,https://alphafold.ebi.ac.uk/files/AF-E3PXR8-F1-model_v6.pdb,404,0,not_found
2026-08-16T03:55:01.290450+00:00,P26971,afdb_v6_probe,Q7B074,https://alphafold.ebi.ac.uk/files/AF-Q7B074-F1-model_v6.pdb,404,0,not_found
2026-08-16T03:55:02.511759+00:00,P27220,uniprot_direct,P27220,https://rest.uniprot.org/uniprotkb/P27220.json,200,0,success
2026-08-16T03:55:03.531381+00:00,P27220,afdb_v6_probe,P27220,https://alphafold.ebi.ac.uk/files/AF-P27220-F1-model_v6.pdb,404,0,not_found
2026-08-16T03:55:04.651663+00:00,P27221,uniprot_direct,P27221,https://rest.uniprot.org/uniprotkb/P27221.json,200,0,success
2026-08-16T03:55:05.593061+00:00,P27221,afdb_v6_probe,P27221,https://alphafold.ebi.ac.uk/files/AF-P27221-F1-model_v6.pdb,404,0,not_found
2026-08-16T03:55:06.629022+00:00,P27327,uniprot_direct,P27327,https://rest.uniprot.org/uniprotkb/P27327.json,200,0,success
2026-08-16T03:55:07.585147+00:00,P27327,afdb_v6_probe,P27327,https://alphafold.ebi.ac.uk/files/AF-P27327-F1-model_v6.pdb,404,0,not_found
2026-08-16T03:55:08.626795+00:00,P27328,uniprot_direct,P27328,https://rest.uniprot.org/uniprotkb/P27328.json,200,0,success
2026-08-16T03:55:09.614515+00:00,P27328,afdb_v6_probe,P27328,https://alphafold.ebi.ac.uk/files/AF-P27328-F1-model_v6.pdb,404,0,not_found
2026-08-16T03:55:10.698438+00:00,P27363,uniprot_direct,P27363,https://rest.uniprot.org/uniprotkb/P27363.json,200,0,success
2026-08-16T03:55:11.725163+00:00,P27363,afdb_v6_probe,P27363,https://alphafold.ebi.ac.uk/files/AF-P27363-F1-model_v6.pdb,404,0,not_found
2026-08-16T03:55:14.084291+00:00,P27421,uniprot_direct,P27421,https://rest.uniprot.org/uniprotkb/P27421.json,200,0,success
2026-08-16T03:55:15.068463+00:00,P27421,afdb_v6_probe,P27421,https://alphafold.ebi.ac.uk/files/AF-P27421-F1-model_v6.pdb,404,0,not_found
2026-08-16T03:55:16.361665+00:00,P27438,uniprot_direct,P27438,https://rest.uniprot.org/uniprotkb/P27438.json,200,0,success
2026-08-16T03:55:17.339113+00:00,P27438,afdb_v6_probe,P27438,https://alphafold.ebi.ac.uk/files/AF-P27438-F1-model_v6.pdb,404,0,not_found
2026-08-16T03:55:18.317764+00:00,P27454,uniprot_direct,P27454,https://rest.uniprot.org/uniprotkb/P27454.json,200,0,success
2026-08-16T03:55:19.376416+00:00,P27454,afdb_v6_probe,P27454,https://alphafold.ebi.ac.uk/files/AF-P27454-F1-model_v6.pdb,404,0,not_found
2026-08-16T03:55:21.341534+00:00,P27551,uniprot_direct,P27551,https://rest.uniprot.org/uniprotkb/P27551.json,200,0,success
2026-08-16T03:55:22.365026+00:00,P27551,afdb_v6_probe,P27551,https://alphafold.ebi.ac.uk/files/AF-P27551-F1-model_v6.pdb,404,0,not_found
2026-08-16T03:55:23.378481+00:00,P27582,uniprot_direct,P27582,https://rest.uniprot.org/uniprotkb/P27582.json,200,0,success
2026-08-16T03:55:24.451338+00:00,P27582,afdb_v6_probe,P27582,https://alphafold.ebi.ac.uk/files/AF-P27582-F1-model_v6.pdb,404,0,not_found
2026-08-16T03:55:26.864136+00:00,P27583,uniprot_direct,P27583,https://rest.uniprot.org/uniprotkb/P27583.json,200,0,success
2026-08-16T03:55:28.019181+00:00,P27583,afdb_v6_probe,P27583,https://alphafold.ebi.ac.uk/files/AF-P27583-F1-model_v6.pdb,404,0,not_found
2026-08-16T03:55:29.120024+00:00,P27966,uniprot_direct,P27966,https://rest.uniprot.org/uniprotkb/P27966.json,200,0,success
2026-08-16T03:55:30.215112+00:00,P27966,afdb_v6_probe,P27966,https://alphafold.ebi.ac.uk/files/AF-P27966-F1-model_v6.pdb,404,0,not_found
2026-08-16T03:55:31.227880+00:00,P28378,uniprot_direct,P28378,https://rest.uniprot.org/uniprotkb/P28378.json,200,0,success
2026-08-16T03:55:32.861079+00:00,P28378,afdb_v6_probe,P28378,https://alphafold.ebi.ac.uk/files/AF-P28378-F1-model_v6.pdb,404,0,not_found
2026-08-16T03:55:33.908913+00:00,P28380,uniprot_direct,P28380,https://rest.uniprot.org/uniprotkb/P28380.json,200,0,success
2026-08-16T03:55:34.885777+00:00,P28380,afdb_v6_probe,P28380,https://alphafold.ebi.ac.uk/files/AF-P28380-F1-model_v6.pdb,404,0,not_found
2026-08-16T03:55:35.902744+00:00,P28390,uniprot_direct,P28390,https://rest.uniprot.org/uniprotkb/P28390.json,200,0,success
2026-08-16T03:55:36.854923+00:00,P28390,afdb_v6_probe,P28390,https://alphafold.ebi.ac.uk/files/AF-P28390-F1-model_v6.pdb,404,0,not_found
2026-08-16T03:55:38.027891+00:00,P28392,uniprot_direct,P28392,https://rest.uniprot.org/uniprotkb/P28392.json,200,0,success
2026-08-16T03:55:39.032369+00:00,P28392,afdb_v6_probe,P28392,https://alphafold.ebi.ac.uk/files/AF-P28392-F1-model_v6.pdb,404,0,not_found
2026-08-16T03:55:40.336929+00:00,P28409,uniprot_direct,P28409,https://rest.uniprot.org/uniprotkb/P28409.json,200,0,success
2026-08-16T03:55:41.326773+00:00,P28409,afdb_v6_probe,P28409,https://alphafold.ebi.ac.uk/files/AF-P28409-F1-model_v6.pdb,404,0,not_found
2026-08-16T03:55:42.417700+00:00,P28413,uniprot_direct,P28413,https://rest.uniprot.org/uniprotkb/P28413.json,200,0,success
2026-08-16T03:55:43.409654+00:00,P28413,afdb_v6_probe,P28413,https://alphafold.ebi.ac.uk/files/AF-P28413-F1-model_v6.pdb,404,0,not_found
2026-08-16T03:55:44.664215+00:00,P28419,uniprot_direct,P28419,https://rest.uniprot.org/uniprotkb/P28419.json,200,0,success
2026-08-16T03:55:46.006001+00:00,P28419,afdb_v6_probe,P28419,https://alphafold.ebi.ac.uk/files/AF-P28419-F1-model_v6.pdb,404,0,not_found
2026-08-16T03:55:47.203169+00:00,P28421,uniprot_direct,P28421,https://rest.uniprot.org/uniprotkb/P28421.json,200,0,success
2026-08-16T03:55:48.258504+00:00,P28421,afdb_v6_probe,P28421,https://alphafold.ebi.ac.uk/files/AF-P28421-F1-model_v6.pdb,404,0,not_found
2026-08-16T03:55:49.565957+00:00,P28429,uniprot_direct,P28429,https://rest.uniprot.org/uniprotkb/P28429.json,200,0,success
2026-08-16T03:55:50.831700+00:00,P28429,afdb_v6_probe,P28429,https://alphafold.ebi.ac.uk/files/AF-P28429-F1-model_v6.pdb,404,0,not_found
2026-08-16T03:55:51.845476+00:00,P28436,uniprot_direct,P28436,https://rest.uniprot.org/uniprotkb/P28436.json,200,0,success
2026-08-16T03:55:52.822028+00:00,P28436,afdb_v6_probe,P28436,https://alphafold.ebi.ac.uk/files/AF-P28436-F1-model_v6.pdb,404,0,not_found
2026-08-16T03:55:53.931270+00:00,P28438,uniprot_direct,P28438,https://rest.uniprot.org/uniprotkb/P28438.json,200,0,success
2026-08-16T03:55:54.924349+00:00,P28438,afdb_v6_probe,P28438,https://alphafold.ebi.ac.uk/files/AF-P28438-F1-model_v6.pdb,404,0,not_found
2026-08-16T03:55:55.857055+00:00,P28453,uniprot_direct,P28453,https://rest.uniprot.org/uniprotkb/P28453.json,200,0,success
2026-08-16T03:55:56.835656+00:00,P28453,afdb_v6_probe,P28453,https://alphafold.ebi.ac.uk/files/AF-P28453-F1-model_v6.pdb,404,0,not_found
2026-08-16T03:55:57.900775+00:00,P28459,uniprot_direct,P28459,https://rest.uniprot.org/uniprotkb/P28459.json,200,0,success
2026-08-16T03:55:58.878238+00:00,P28459,afdb_v6_probe,P28459,https://alphafold.ebi.ac.uk/files/AF-P28459-F1-model_v6.pdb,404,0,not_found
2026-08-16T03:56:00.995782+00:00,P28467,uniprot_direct,P28467,https://rest.uniprot.org/uniprotkb/P28467.json,200,0,success
2026-08-16T03:56:01.949839+00:00,P28467,afdb_v6_probe,P28467,https://alphafold.ebi.ac.uk/files/AF-P28467-F1-model_v6.pdb,404,0,not_found
2026-08-16T03:56:02.920721+00:00,P28624,uniprot_direct,P28624,https://rest.uniprot.org/uniprotkb/P28624.json,200,0,success
2026-08-16T03:56:03.868332+00:00,P28624,afdb_v6_probe,P28624,https://alphafold.ebi.ac.uk/files/AF-P28624-F1-model_v6.pdb,404,0,not_found
2026-08-16T03:56:05.081173+00:00,P28846,uniprot_direct,P28846,https://rest.uniprot.org/uniprotkb/P28846.json,200,0,success
2026-08-16T03:56:06.079545+00:00,P28846,afdb_v6_probe,P28846,https://alphafold.ebi.ac.uk/files/AF-P28846-F1-model_v6.pdb,404,0,not_found
2026-08-16T03:56:07.649983+00:00,P28847,uniprot_direct,P28847,https://rest.uniprot.org/uniprotkb/P28847.json,200,0,success
2026-08-16T03:56:09.074245+00:00,P28847,afdb_v6_probe,P28847,https://alphafold.ebi.ac.uk/files/AF-P28847-F1-model_v6.pdb,404,0,not_found
2026-08-16T03:56:10.231397+00:00,P28851,uniprot_direct,P28851,https://rest.uniprot.org/uniprotkb/P28851.json,200,0,success
2026-08-16T03:56:11.195398+00:00,P28851,afdb_v6_probe,P28851,https://alphafold.ebi.ac.uk/files/AF-P28851-F1-model_v6.pdb,404,0,not_found
2026-08-16T03:56:12.273627+00:00,P28852,uniprot_direct,P28852,https://rest.uniprot.org/uniprotkb/P28852.json,200,0,success
2026-08-16T03:56:13.235369+00:00,P28852,afdb_v6_probe,P28852,https://alphafold.ebi.ac.uk/files/AF-P28852-F1-model_v6.pdb,404,0,not_found
2026-08-16T03:56:14.204249+00:00,P28855,uniprot_direct,P28855,https://rest.uniprot.org/uniprotkb/P28855.json,200,0,success
2026-08-16T03:56:15.158859+00:00,P28855,afdb_v6_probe,P28855,https://alphafold.ebi.ac.uk/files/AF-P28855-F1-model_v6.pdb,404,0,not_found
2026-08-16T03:56:16.239481+00:00,P28892,uniprot_direct,P28892,https://rest.uniprot.org/uniprotkb/P28892.json,200,0,success
2026-08-16T03:56:17.200272+00:00,P28892,afdb_v6_probe,P28892,https://alphafold.ebi.ac.uk/files/AF-P28892-F1-model_v6.pdb,404,0,not_found
2026-08-16T03:56:18.245391+00:00,P28926,uniprot_direct,P28926,https://rest.uniprot.org/uniprotkb/P28926.json,200,0,success
2026-08-16T03:56:19.204826+00:00,P28926,afdb_v6_probe,P28926,https://alphafold.ebi.ac.uk/files/AF-P28926-F1-model_v6.pdb,404,0,not_found
2026-08-16T03:56:20.187254+00:00,P28926,afdb_v6_probe,Q6S6W2,https://alphafold.ebi.ac.uk/files/AF-Q6S6W2-F1-model_v6.pdb,404,0,not_found
2026-08-16T03:56:21.281524+00:00,P28966,uniprot_direct,P28966,https://rest.uniprot.org/uniprotkb/P28966.json,200,0,success
2026-08-16T03:56:22.236477+00:00,P28966,afdb_v6_probe,P28966,https://alphafold.ebi.ac.uk/files/AF-P28966-F1-model_v6.pdb,404,0,not_found
2026-08-16T03:56:23.300975+00:00,P28966,afdb_v6_probe,Q6S6S3,https://alphafold.ebi.ac.uk/files/AF-Q6S6S3-F1-model_v6.pdb,404,0,not_found
2026-08-16T03:56:24.877973+00:00,P29177,uniprot_direct,P29177,https://rest.uniprot.org/uniprotkb/P29177.json,200,0,success
2026-08-16T03:56:25.853464+00:00,P29177,afdb_v6_probe,P29177,https://alphafold.ebi.ac.uk/files/AF-P29177-F1-model_v6.pdb,404,0,not_found
2026-08-16T03:56:27.169218+00:00,P29188,uniprot_direct,P29188,https://rest.uniprot.org/uniprotkb/P29188.json,200,0,success
2026-08-16T03:56:28.127178+00:00,P29188,afdb_v6_probe,P29188,https://alphafold.ebi.ac.uk/files/AF-P29188-F1-model_v6.pdb,404,0,not_found
2026-08-16T03:56:29.224930+00:00,P29259,uniprot_direct,P29259,https://rest.uniprot.org/uniprotkb/P29259.json,200,0,success
2026-08-16T03:56:30.231688+00:00,P29259,afdb_v6_probe,P29259,https://alphafold.ebi.ac.uk/files/AF-P29259-F1-model_v6.pdb,404,0,not_found
2026-08-16T03:56:31.308978+00:00,P29260,uniprot_direct,P29260,https://rest.uniprot.org/uniprotkb/P29260.json,200,0,success
2026-08-16T03:56:32.319405+00:00,P29260,afdb_v6_probe,P29260,https://alphafold.ebi.ac.uk/files/AF-P29260-F1-model_v6.pdb,404,0,not_found
2026-08-16T03:56:34.604463+00:00,P29261,uniprot_direct,P29261,https://rest.uniprot.org/uniprotkb/P29261.json,200,0,success
2026-08-16T03:56:35.591998+00:00,P29261,afdb_v6_probe,P29261,https://alphafold.ebi.ac.uk/files/AF-P29261-F1-model_v6.pdb,404,0,not_found
2026-08-16T03:56:36.623034+00:00,P29262,uniprot_direct,P29262,https://rest.uniprot.org/uniprotkb/P29262.json,200,0,success
2026-08-16T03:56:37.674386+00:00,P29262,afdb_v6_probe,P29262,https://alphafold.ebi.ac.uk/files/AF-P29262-F1-model_v6.pdb,404,0,not_found
2026-08-16T03:56:38.842783+00:00,P29263,uniprot_direct,P29263,https://rest.uniprot.org/uniprotkb/P29263.json,200,0,success
2026-08-16T03:56:39.796082+00:00,P29263,afdb_v6_probe,P29263,https://alphafold.ebi.ac.uk/files/AF-P29263-F1-model_v6.pdb,404,0,not_found
2026-08-16T03:56:41.013916+00:00,P29264,uniprot_direct,P29264,https://rest.uniprot.org/uniprotkb/P29264.json,200,0,success
2026-08-16T03:56:43.008171+00:00,P29264,afdb_v6_probe,P29264,https://alphafold.ebi.ac.uk/files/AF-P29264-F1-model_v6.pdb,404,0,not_found
2026-08-16T03:56:44.800881+00:00,P29265,uniprot_direct,P29265,https://rest.uniprot.org/uniprotkb/P29265.json,200,0,success
2026-08-16T03:56:45.797697+00:00,P29265,afdb_v6_probe,P29265,https://alphafold.ebi.ac.uk/files/AF-P29265-F1-model_v6.pdb,404,0,not_found
2026-08-16T03:56:47.406733+00:00,P29605,uniprot_direct,P29605,https://rest.uniprot.org/uniprotkb/P29605.json,200,0,success
2026-08-16T03:56:48.364027+00:00,P29605,afdb_v6_probe,P29605,https://alphafold.ebi.ac.uk/files/AF-P29605-F1-model_v6.pdb,404,0,not_found
2026-08-16T03:56:50.231491+00:00,P29814,uniprot_direct,P29814,https://rest.uniprot.org/uniprotkb/P29814.json,200,0,success
2026-08-16T03:56:51.196036+00:00,P29814,afdb_v6_probe,P29814,https://alphafold.ebi.ac.uk/files/AF-P29814-F1-model_v6.pdb,404,0,not_found
2026-08-16T03:56:52.293994+00:00,P29883,uniprot_direct,P29883,https://rest.uniprot.org/uniprotkb/P29883.json,200,0,success
2026-08-16T03:56:54.263392+00:00,P29883,afdb_v6_probe,P29883,https://alphafold.ebi.ac.uk/files/AF-P29883-F1-model_v6.pdb,404,0,not_found
2026-08-16T03:56:56.242787+00:00,P29884,uniprot_direct,P29884,https://rest.uniprot.org/uniprotkb/P29884.json,200,0,success
2026-08-16T03:56:57.201319+00:00,P29884,afdb_v6_probe,P29884,https://alphafold.ebi.ac.uk/files/AF-P29884-F1-model_v6.pdb,404,0,not_found
2026-08-16T03:56:58.784469+00:00,P29885,uniprot_direct,P29885,https://rest.uniprot.org/uniprotkb/P29885.json,200,0,success
2026-08-16T03:57:00.819356+00:00,P29885,afdb_v6_probe,P29885,https://alphafold.ebi.ac.uk/files/AF-P29885-F1-model_v6.pdb,404,0,not_found
2026-08-16T03:57:02.195036+00:00,P30007,uniprot_direct,P30007,https://rest.uniprot.org/uniprotkb/P30007.json,200,0,success
2026-08-16T03:57:03.200284+00:00,P30007,afdb_v6_probe,P30007,https://alphafold.ebi.ac.uk/files/AF-P30007-F1-model_v6.pdb,404,0,not_found
2026-08-16T03:57:06.880245+00:00,P30168,uniprot_direct,P30168,https://rest.uniprot.org/uniprotkb/P30168.json,200,0,success
2026-08-16T03:57:07.876576+00:00,P30168,afdb_v6_probe,P30168,https://alphafold.ebi.ac.uk/files/AF-P30168-F1-model_v6.pdb,404,0,not_found
2026-08-16T03:57:08.888674+00:00,P30169,uniprot_direct,P30169,https://rest.uniprot.org/uniprotkb/P30169.json,200,0,success
2026-08-16T03:57:09.904448+00:00,P30169,afdb_v6_probe,P30169,https://alphafold.ebi.ac.uk/files/AF-P30169-F1-model_v6.pdb,404,0,not_found
2026-08-16T03:57:10.928782+00:00,P30215,uniprot_direct,P30215,https://rest.uniprot.org/uniprotkb/P30215.json,200,0,success
2026-08-16T03:57:11.940663+00:00,P30215,afdb_v6_probe,P30215,https://alphafold.ebi.ac.uk/files/AF-P30215-F1-model_v6.pdb,404,0,not_found
2026-08-16T03:57:12.920667+00:00,P30215,afdb_v6_probe,Q6TNG0,https://alphafold.ebi.ac.uk/files/AF-Q6TNG0-F1-model_v6.pdb,404,0,not_found
2026-08-16T03:57:14.011534+00:00,P30662,uniprot_direct,P30662,https://rest.uniprot.org/uniprotkb/P30662.json,200,0,success
2026-08-16T03:57:15.034878+00:00,P30662,afdb_v6_probe,P30662,https://alphafold.ebi.ac.uk/files/AF-P30662-F1-model_v6.pdb,404,0,not_found
2026-08-16T03:57:16.893021+00:00,P30810,uniprot_direct,P30810,https://rest.uniprot.org/uniprotkb/P30810.json,200,0,success
2026-08-16T03:57:17.852132+00:00,P30810,afdb_v6_probe,P30810,https://alphafold.ebi.ac.uk/files/AF-P30810-F1-model_v6.pdb,404,0,not_found
2026-08-16T03:57:19.222767+00:00,P30918,uniprot_direct,P30918,https://rest.uniprot.org/uniprotkb/P30918.json,200,0,success
2026-08-16T03:57:20.177515+00:00,P30918,afdb_v6_probe,P30918,https://alphafold.ebi.ac.uk/files/AF-P30918-F1-model_v6.pdb,404,0,not_found
2026-08-16T03:57:21.263680+00:00,P30930,uniprot_direct,P30930,https://rest.uniprot.org/uniprotkb/P30930.json,200,0,success
2026-08-16T03:57:23.261914+00:00,P30930,afdb_v6_probe,P30930,https://alphafold.ebi.ac.uk/files/AF-P30930-F1-model_v6.pdb,404,0,not_found
2026-08-16T03:57:24.267378+00:00,P31118,uniprot_direct,P31118,https://rest.uniprot.org/uniprotkb/P31118.json,200,0,success
2026-08-16T03:57:25.218487+00:00,P31118,afdb_v6_probe,P31118,https://alphafold.ebi.ac.uk/files/AF-P31118-F1-model_v6.pdb,404,0,not_found
2026-08-16T03:57:26.251514+00:00,P31118,afdb_v6_probe,O41015,https://alphafold.ebi.ac.uk/files/AF-O41015-F1-model_v6.pdb,404,0,not_found
2026-08-16T03:57:27.324748+00:00,P31118,afdb_v6_probe,Q84569,https://alphafold.ebi.ac.uk/files/AF-Q84569-F1-model_v6.pdb,404,0,not_found
2026-08-16T03:57:28.454017+00:00,P31182,uniprot_direct,P31182,https://rest.uniprot.org/uniprotkb/P31182.json,200,0,success
2026-08-16T03:57:29.527373+00:00,P31182,afdb_v6_probe,P31182,https://alphafold.ebi.ac.uk/files/AF-P31182-F1-model_v6.pdb,404,0,not_found
2026-08-16T03:57:30.726853+00:00,P31183,uniprot_direct,P31183,https://rest.uniprot.org/uniprotkb/P31183.json,200,0,success
2026-08-16T03:57:32.695376+00:00,P31183,afdb_v6_probe,P31183,https://alphafold.ebi.ac.uk/files/AF-P31183-F1-model_v6.pdb,404,0,not_found
2026-08-16T03:57:33.702015+00:00,P31184,uniprot_direct,P31184,https://rest.uniprot.org/uniprotkb/P31184.json,200,0,success
2026-08-16T03:57:35.020002+00:00,P31184,afdb_v6_probe,P31184,https://alphafold.ebi.ac.uk/files/AF-P31184-F1-model_v6.pdb,404,0,not_found
2026-08-16T03:57:36.080446+00:00,P31196,uniprot_direct,P31196,https://rest.uniprot.org/uniprotkb/P31196.json,200,0,success
2026-08-16T03:57:37.058102+00:00,P31196,afdb_v6_probe,P31196,https://alphafold.ebi.ac.uk/files/AF-P31196-F1-model_v6.pdb,404,0,not_found
2026-08-16T03:57:38.091089+00:00,P31201,uniprot_direct,P31201,https://rest.uniprot.org/uniprotkb/P31201.json,200,0,success
2026-08-16T03:57:39.064487+00:00,P31201,afdb_v6_probe,P31201,https://alphafold.ebi.ac.uk/files/AF-P31201-F1-model_v6.pdb,404,0,not_found
2026-08-16T03:57:40.181719+00:00,P31202,uniprot_direct,P31202,https://rest.uniprot.org/uniprotkb/P31202.json,200,0,success
2026-08-16T03:57:41.243435+00:00,P31202,afdb_v6_probe,P31202,https://alphafold.ebi.ac.uk/files/AF-P31202-F1-model_v6.pdb,404,0,not_found
2026-08-16T03:57:42.390920+00:00,P31613,uniprot_direct,P31613,https://rest.uniprot.org/uniprotkb/P31613.json,200,0,success
2026-08-16T03:57:43.357213+00:00,P31613,afdb_v6_probe,P31613,https://alphafold.ebi.ac.uk/files/AF-P31613-F1-model_v6.pdb,404,0,not_found
2026-08-16T03:57:44.488649+00:00,P31614,uniprot_direct,P31614,https://rest.uniprot.org/uniprotkb/P31614.json,200,0,success
2026-08-16T03:57:45.445075+00:00,P31614,afdb_v6_probe,P31614,https://alphafold.ebi.ac.uk/files/AF-P31614-F1-model_v6.pdb,404,0,not_found
2026-08-16T03:57:46.416940+00:00,P31614,afdb_v6_probe,O55252,https://alphafold.ebi.ac.uk/files/AF-O55252-F1-model_v6.pdb,404,0,not_found
2026-08-16T03:57:48.233475+00:00,P31615,uniprot_direct,P31615,https://rest.uniprot.org/uniprotkb/P31615.json,200,0,success
2026-08-16T03:57:50.415913+00:00,P31615,afdb_v6_probe,P31615,https://alphafold.ebi.ac.uk/files/AF-P31615-F1-model_v6.pdb,404,0,not_found
2026-08-16T03:57:51.444659+00:00,P31625,uniprot_direct,P31625,https://rest.uniprot.org/uniprotkb/P31625.json,200,0,success
2026-08-16T03:57:52.417956+00:00,P31625,afdb_v6_probe,P31625,https://alphafold.ebi.ac.uk/files/AF-P31625-F1-model_v6.pdb,404,0,not_found
2026-08-16T03:58:14.781284+00:00,P31654,uniprot_direct,P31654,https://rest.uniprot.org/uniprotkb/P31654.json,200,1,success
2026-08-16T03:58:15.741892+00:00,P31654,afdb_v6_probe,P31654,https://alphafold.ebi.ac.uk/files/AF-P31654-F1-model_v6.pdb,404,0,not_found
2026-08-16T03:58:16.800006+00:00,P31654,afdb_v6_probe,B6V2J2,https://alphafold.ebi.ac.uk/files/AF-B6V2J2-F1-model_v6.pdb,404,0,not_found
2026-08-16T03:58:17.830360+00:00,P31693,uniprot_direct,P31693,https://rest.uniprot.org/uniprotkb/P31693.json,200,0,success
2026-08-16T03:58:19.806924+00:00,P31693,afdb_v6_probe,P31693,https://alphafold.ebi.ac.uk/files/AF-P31693-F1-model_v6.pdb,404,0,not_found
2026-08-16T03:58:20.925172+00:00,P31748,uniprot_direct,P31748,https://rest.uniprot.org/uniprotkb/P31748.json,200,0,success
2026-08-16T03:58:21.981121+00:00,P31748,afdb_v6_probe,P31748,https://alphafold.ebi.ac.uk/files/AF-P31748-F1-model_v6.pdb,404,0,not_found
2026-08-16T03:58:23.067012+00:00,P31859,uniprot_direct,P31859,https://rest.uniprot.org/uniprotkb/P31859.json,200,0,success
2026-08-16T03:58:24.042390+00:00,P31859,afdb_v6_probe,P31859,https://alphafold.ebi.ac.uk/files/AF-P31859-F1-model_v6.pdb,404,0,not_found
2026-08-16T03:58:25.232074+00:00,P32094,uniprot_direct,P32094,https://rest.uniprot.org/uniprotkb/P32094.json,200,0,success
2026-08-16T03:58:26.197431+00:00,P32094,afdb_v6_probe,P32094,https://alphafold.ebi.ac.uk/files/AF-P32094-F1-model_v6.pdb,404,0,not_found
2026-08-16T03:58:27.243377+00:00,P32208,uniprot_direct,P32208,https://rest.uniprot.org/uniprotkb/P32208.json,200,0,success
2026-08-16T03:58:28.192861+00:00,P32208,afdb_v6_probe,P32208,https://alphafold.ebi.ac.uk/files/AF-P32208-F1-model_v6.pdb,404,0,not_found
2026-08-16T03:58:30.375650+00:00,P32209,uniprot_direct,P32209,https://rest.uniprot.org/uniprotkb/P32209.json,200,0,success
2026-08-16T03:58:31.413936+00:00,P32209,afdb_v6_probe,P32209,https://alphafold.ebi.ac.uk/files/AF-P32209-F1-model_v6.pdb,404,0,not_found
2026-08-16T03:58:32.569881+00:00,P32216,uniprot_direct,P32216,https://rest.uniprot.org/uniprotkb/P32216.json,200,0,success
2026-08-16T03:58:33.534427+00:00,P32216,afdb_v6_probe,P32216,https://alphafold.ebi.ac.uk/files/AF-P32216-F1-model_v6.pdb,404,0,not_found
2026-08-16T03:58:34.549563+00:00,P32270,uniprot_direct,P32270,https://rest.uniprot.org/uniprotkb/P32270.json,200,0,success
2026-08-16T03:58:35.644424+00:00,P32270,afdb_v6_probe,P32270,https://alphafold.ebi.ac.uk/files/AF-P32270-F1-model_v6.pdb,404,0,not_found
2026-08-16T03:58:37.524790+00:00,P32270,afdb_v6_probe,Q9T0W1,https://alphafold.ebi.ac.uk/files/AF-Q9T0W1-F1-model_v6.pdb,404,0,not_found
2026-08-16T03:58:38.720479+00:00,P32282,uniprot_direct,P32282,https://rest.uniprot.org/uniprotkb/P32282.json,200,0,success
2026-08-16T03:58:39.734715+00:00,P32282,afdb_v6_probe,P32282,https://alphafold.ebi.ac.uk/files/AF-P32282-F1-model_v6.pdb,404,0,not_found
2026-08-16T03:58:40.908857+00:00,P32428,uniprot_direct,P32428,https://rest.uniprot.org/uniprotkb/P32428.json,200,0,success
2026-08-16T03:58:41.931207+00:00,P32428,afdb_v6_probe,P32428,https://alphafold.ebi.ac.uk/files/AF-P32428-F1-model_v6.pdb,404,0,not_found
2026-08-16T03:58:42.994234+00:00,P32516,uniprot_direct,P32516,https://rest.uniprot.org/uniprotkb/P32516.json,200,0,success
2026-08-16T03:58:44.014271+00:00,P32516,afdb_v6_probe,P32516,https://alphafold.ebi.ac.uk/files/AF-P32516-F1-model_v6.pdb,404,0,not_found
2026-08-16T03:58:45.982580+00:00,P32593,uniprot_direct,P32593,https://rest.uniprot.org/uniprotkb/P32593.json,200,0,success
2026-08-16T03:58:47.011887+00:00,P32593,afdb_v6_probe,P32593,https://alphafold.ebi.ac.uk/files/AF-P32593-F1-model_v6.pdb,404,0,not_found
2026-08-16T03:58:49.591092+00:00,P32933,uniprot_direct,P32933,https://rest.uniprot.org/uniprotkb/P32933.json,200,0,success
2026-08-16T03:58:50.572405+00:00,P32933,afdb_v6_probe,P32933,https://alphafold.ebi.ac.uk/files/AF-P32933-F1-model_v6.pdb,404,0,not_found
2026-08-16T03:58:51.522619+00:00,P32934,uniprot_direct,P32934,https://rest.uniprot.org/uniprotkb/P32934.json,200,0,success
2026-08-16T03:58:52.532182+00:00,P32934,afdb_v6_probe,P32934,https://alphafold.ebi.ac.uk/files/AF-P32934-F1-model_v6.pdb,404,0,not_found
2026-08-16T03:58:53.585552+00:00,P32935,uniprot_direct,P32935,https://rest.uniprot.org/uniprotkb/P32935.json,200,0,success
2026-08-16T03:58:55.949220+00:00,P32935,afdb_v6_probe,P32935,https://alphafold.ebi.ac.uk/files/AF-P32935-F1-model_v6.pdb,404,0,not_found
2026-08-16T03:58:56.882647+00:00,P33052,uniprot_direct,P33052,https://rest.uniprot.org/uniprotkb/P33052.json,200,0,success
2026-08-16T03:58:57.847791+00:00,P33052,afdb_v6_probe,P33052,https://alphafold.ebi.ac.uk/files/AF-P33052-F1-model_v6.pdb,404,0,not_found
2026-08-16T03:58:58.936850+00:00,P33072,uniprot_direct,P33072,https://rest.uniprot.org/uniprotkb/P33072.json,200,0,success
2026-08-16T03:58:59.939089+00:00,P33072,afdb_v6_probe,P33072,https://alphafold.ebi.ac.uk/files/AF-P33072-F1-model_v6.pdb,404,0,not_found
2026-08-16T03:59:01.042550+00:00,P33072,afdb_v6_probe,Q95L38,https://alphafold.ebi.ac.uk/files/AF-Q95L38-F1-model_v6.pdb,404,0,not_found
2026-08-16T03:59:02.346576+00:00,P33422,uniprot_direct,P33422,https://rest.uniprot.org/uniprotkb/P33422.json,200,0,success
2026-08-16T03:59:03.323741+00:00,P33422,afdb_v6_probe,P33422,https://alphafold.ebi.ac.uk/files/AF-P33422-F1-model_v6.pdb,404,0,not_found
2026-08-16T03:59:04.285280+00:00,P33468,uniprot_direct,P33468,https://rest.uniprot.org/uniprotkb/P33468.json,200,0,success
2026-08-16T03:59:05.282697+00:00,P33468,afdb_v6_probe,P33468,https://alphafold.ebi.ac.uk/files/AF-P33468-F1-model_v6.pdb,404,0,not_found
2026-08-16T03:59:06.285374+00:00,P33497,uniprot_direct,P33497,https://rest.uniprot.org/uniprotkb/P33497.json,200,0,success
2026-08-16T03:59:07.391398+00:00,P33497,afdb_v6_probe,P33497,https://alphafold.ebi.ac.uk/files/AF-P33497-F1-model_v6.pdb,404,0,not_found
2026-08-16T03:59:09.247737+00:00,P33623,uniprot_direct,P33623,https://rest.uniprot.org/uniprotkb/P33623.json,200,0,success
2026-08-16T03:59:11.606465+00:00,P33623,afdb_v6_probe,P33623,https://alphafold.ebi.ac.uk/files/AF-P33623-F1-model_v6.pdb,404,0,not_found
2026-08-16T03:59:12.673808+00:00,P33800,uniprot_direct,P33800,https://rest.uniprot.org/uniprotkb/P33800.json,200,0,success
2026-08-16T03:59:13.647067+00:00,P33800,afdb_v6_probe,P33800,https://alphafold.ebi.ac.uk/files/AF-P33800-F1-model_v6.pdb,404,0,not_found
2026-08-16T03:59:14.969982+00:00,P33801,uniprot_direct,P33801,https://rest.uniprot.org/uniprotkb/P33801.json,200,0,success
2026-08-16T03:59:17.302056+00:00,P33801,afdb_v6_probe,P33801,https://alphafold.ebi.ac.uk/files/AF-P33801-F1-model_v6.pdb,404,0,not_found
2026-08-16T03:59:18.438102+00:00,P33802,uniprot_direct,P33802,https://rest.uniprot.org/uniprotkb/P33802.json,200,0,success
2026-08-16T03:59:19.388271+00:00,P33802,afdb_v6_probe,P33802,https://alphafold.ebi.ac.uk/files/AF-P33802-F1-model_v6.pdb,404,0,not_found
2026-08-16T03:59:20.332299+00:00,P33815,uniprot_direct,P33815,https://rest.uniprot.org/uniprotkb/P33815.json,200,0,success
2026-08-16T03:59:22.509334+00:00,P33815,afdb_v6_probe,P33815,https://alphafold.ebi.ac.uk/files/AF-P33815-F1-model_v6.pdb,404,0,not_found
2026-08-16T03:59:23.555205+00:00,P34039,uniprot_direct,P34039,https://rest.uniprot.org/uniprotkb/P34039.json,200,0,success
2026-08-16T03:59:24.571801+00:00,P34039,afdb_v6_probe,P34039,https://alphafold.ebi.ac.uk/files/AF-P34039-F1-model_v6.pdb,404,0,not_found
2026-08-16T03:59:25.633701+00:00,P34206,uniprot_direct,P34206,https://rest.uniprot.org/uniprotkb/P34206.json,200,0,success
2026-08-16T03:59:26.943884+00:00,P34206,afdb_v6_probe,P34206,https://alphafold.ebi.ac.uk/files/AF-P34206-F1-model_v6.pdb,404,0,not_found
2026-08-16T03:59:28.009480+00:00,P35946,uniprot_direct,P35946,https://rest.uniprot.org/uniprotkb/P35946.json,200,0,success
2026-08-16T03:59:29.010841+00:00,P35946,afdb_v6_probe,P35946,https://alphafold.ebi.ac.uk/files/AF-P35946-F1-model_v6.pdb,404,0,not_found
2026-08-16T03:59:30.168025+00:00,P36216,uniprot_direct,P36216,https://rest.uniprot.org/uniprotkb/P36216.json,200,0,success
2026-08-16T03:59:31.116385+00:00,P36216,afdb_v6_probe,P36216,https://alphafold.ebi.ac.uk/files/AF-P36216-F1-model_v6.pdb,404,0,not_found
2026-08-16T03:59:32.257918+00:00,P36226,uniprot_direct,P36226,https://rest.uniprot.org/uniprotkb/P36226.json,200,0,success
2026-08-16T03:59:33.218280+00:00,P36226,afdb_v6_probe,P36226,https://alphafold.ebi.ac.uk/files/AF-P36226-F1-model_v6.pdb,404,0,not_found
2026-08-16T03:59:34.362295+00:00,P36232,uniprot_direct,P36232,https://rest.uniprot.org/uniprotkb/P36232.json,200,0,success
2026-08-16T03:59:35.320546+00:00,P36232,afdb_v6_probe,P36232,https://alphafold.ebi.ac.uk/files/AF-P36232-F1-model_v6.pdb,404,0,not_found
2026-08-16T03:59:37.803708+00:00,P36311,uniprot_direct,P36311,https://rest.uniprot.org/uniprotkb/P36311.json,200,0,success
2026-08-16T03:59:39.748556+00:00,P36311,afdb_v6_probe,P36311,https://alphafold.ebi.ac.uk/files/AF-P36311-F1-model_v6.pdb,404,0,not_found
2026-08-16T03:59:40.727271+00:00,P36479,uniprot_direct,P36479,https://rest.uniprot.org/uniprotkb/P36479.json,200,0,success
2026-08-16T03:59:41.739718+00:00,P36479,afdb_v6_probe,P36479,https://alphafold.ebi.ac.uk/files/AF-P36479-F1-model_v6.pdb,404,0,not_found
2026-08-16T03:59:42.855111+00:00,P36480,uniprot_direct,P36480,https://rest.uniprot.org/uniprotkb/P36480.json,200,0,success
2026-08-16T03:59:43.845117+00:00,P36480,afdb_v6_probe,P36480,https://alphafold.ebi.ac.uk/files/AF-P36480-F1-model_v6.pdb,404,0,not_found
2026-08-16T03:59:44.813841+00:00,P36483,uniprot_direct,P36483,https://rest.uniprot.org/uniprotkb/P36483.json,200,0,success
2026-08-16T03:59:45.777254+00:00,P36483,afdb_v6_probe,P36483,https://alphafold.ebi.ac.uk/files/AF-P36483-F1-model_v6.pdb,404,0,not_found
2026-08-16T03:59:46.986420+00:00,P36484,uniprot_direct,P36484,https://rest.uniprot.org/uniprotkb/P36484.json,200,0,success
2026-08-16T03:59:47.938918+00:00,P36484,afdb_v6_probe,P36484,https://alphafold.ebi.ac.uk/files/AF-P36484-F1-model_v6.pdb,404,0,not_found
2026-08-16T03:59:48.903422+00:00,P36485,uniprot_direct,P36485,https://rest.uniprot.org/uniprotkb/P36485.json,200,0,success
2026-08-16T03:59:49.906389+00:00,P36485,afdb_v6_probe,P36485,https://alphafold.ebi.ac.uk/files/AF-P36485-F1-model_v6.pdb,404,0,not_found
2026-08-16T03:59:50.935158+00:00,P36487,uniprot_direct,P36487,https://rest.uniprot.org/uniprotkb/P36487.json,200,0,success
2026-08-16T04:00:12.943283+00:00,P36487,afdb_v6_probe,P36487,https://alphafold.ebi.ac.uk/files/AF-P36487-F1-model_v6.pdb,404,1,not_found
2026-08-16T04:00:13.953231+00:00,P36488,uniprot_direct,P36488,https://rest.uniprot.org/uniprotkb/P36488.json,200,0,success
2026-08-16T04:00:14.928087+00:00,P36488,afdb_v6_probe,P36488,https://alphafold.ebi.ac.uk/files/AF-P36488-F1-model_v6.pdb,404,0,not_found
2026-08-16T04:00:15.955475+00:00,P36489,uniprot_direct,P36489,https://rest.uniprot.org/uniprotkb/P36489.json,200,0,success
2026-08-16T04:00:16.973550+00:00,P36489,afdb_v6_probe,P36489,https://alphafold.ebi.ac.uk/files/AF-P36489-F1-model_v6.pdb,404,0,not_found
2026-08-16T04:00:17.970372+00:00,P36490,uniprot_direct,P36490,https://rest.uniprot.org/uniprotkb/P36490.json,200,0,success
2026-08-16T04:00:18.984456+00:00,P36490,afdb_v6_probe,P36490,https://alphafold.ebi.ac.uk/files/AF-P36490-F1-model_v6.pdb,404,0,not_found
2026-08-16T04:00:20.209320+00:00,P36510,uniprot_direct,P36510,https://rest.uniprot.org/uniprotkb/P36510.json,200,0,success
2026-08-16T04:00:21.260290+00:00,P36510,afdb_v6_probe,P36510,https://alphafold.ebi.ac.uk/files/AF-P36510-F1-model_v6.pdb,404,0,not_found
2026-08-16T04:00:22.606298+00:00,P36719,uniprot_direct,P36719,https://rest.uniprot.org/uniprotkb/P36719.json,200,0,success
2026-08-16T04:00:23.660693+00:00,P36719,afdb_v6_probe,P36719,https://alphafold.ebi.ac.uk/files/AF-P36719-F1-model_v6.pdb,404,0,not_found
2026-08-16T04:00:25.064207+00:00,P36720,uniprot_direct,P36720,https://rest.uniprot.org/uniprotkb/P36720.json,200,0,success
2026-08-16T04:00:26.357030+00:00,P36720,afdb_v6_probe,P36720,https://alphafold.ebi.ac.uk/files/AF-P36720-F1-model_v6.pdb,404,0,not_found
2026-08-16T04:00:28.485509+00:00,P36721,uniprot_direct,P36721,https://rest.uniprot.org/uniprotkb/P36721.json,200,0,success
2026-08-16T04:00:29.462994+00:00,P36721,afdb_v6_probe,P36721,https://alphafold.ebi.ac.uk/files/AF-P36721-F1-model_v6.pdb,404,0,not_found
2026-08-16T04:00:30.567169+00:00,P36722,uniprot_direct,P36722,https://rest.uniprot.org/uniprotkb/P36722.json,200,0,success
2026-08-16T04:00:31.533208+00:00,P36722,afdb_v6_probe,P36722,https://alphafold.ebi.ac.uk/files/AF-P36722-F1-model_v6.pdb,404,0,not_found
2026-08-16T04:00:32.694281+00:00,P36723,uniprot_direct,P36723,https://rest.uniprot.org/uniprotkb/P36723.json,200,0,success
2026-08-16T04:00:34.049546+00:00,P36723,afdb_v6_probe,P36723,https://alphafold.ebi.ac.uk/files/AF-P36723-F1-model_v6.pdb,404,0,not_found
2026-08-16T04:00:35.266545+00:00,P36724,uniprot_direct,P36724,https://rest.uniprot.org/uniprotkb/P36724.json,200,0,success
2026-08-16T04:00:36.212091+00:00,P36724,afdb_v6_probe,P36724,https://alphafold.ebi.ac.uk/files/AF-P36724-F1-model_v6.pdb,404,0,not_found
2026-08-16T04:00:37.218897+00:00,P36725,uniprot_direct,P36725,https://rest.uniprot.org/uniprotkb/P36725.json,200,0,success
2026-08-16T04:00:38.164226+00:00,P36725,afdb_v6_probe,P36725,https://alphafold.ebi.ac.uk/files/AF-P36725-F1-model_v6.pdb,404,0,not_found
2026-08-16T04:00:39.274903+00:00,P36727,uniprot_direct,P36727,https://rest.uniprot.org/uniprotkb/P36727.json,200,0,success
2026-08-16T04:00:40.325240+00:00,P36727,afdb_v6_probe,P36727,https://alphafold.ebi.ac.uk/files/AF-P36727-F1-model_v6.pdb,404,0,not_found
2026-08-16T04:00:41.420679+00:00,P36728,uniprot_direct,P36728,https://rest.uniprot.org/uniprotkb/P36728.json,200,0,success
2026-08-16T04:00:42.704309+00:00,P36728,afdb_v6_probe,P36728,https://alphafold.ebi.ac.uk/files/AF-P36728-F1-model_v6.pdb,404,0,not_found
2026-08-16T04:00:45.591382+00:00,P36729,uniprot_direct,P36729,https://rest.uniprot.org/uniprotkb/P36729.json,200,0,success
2026-08-16T04:00:46.657447+00:00,P36729,afdb_v6_probe,P36729,https://alphafold.ebi.ac.uk/files/AF-P36729-F1-model_v6.pdb,404,0,not_found
2026-08-16T04:00:47.965324+00:00,P36730,uniprot_direct,P36730,https://rest.uniprot.org/uniprotkb/P36730.json,200,0,success
2026-08-16T04:00:48.938905+00:00,P36730,afdb_v6_probe,P36730,https://alphafold.ebi.ac.uk/files/AF-P36730-F1-model_v6.pdb,404,0,not_found
2026-08-16T04:00:50.372010+00:00,P36968,uniprot_direct,P36968,https://rest.uniprot.org/uniprotkb/P36968.json,200,0,success
2026-08-16T04:00:51.351113+00:00,P36968,afdb_v6_probe,P36968,https://alphafold.ebi.ac.uk/files/AF-P36968-F1-model_v6.pdb,404,0,not_found
2026-08-16T04:00:52.726462+00:00,P36969,uniprot_direct,P36969,https://rest.uniprot.org/uniprotkb/P36969.json,200,0,success
2026-08-16T04:00:53.705296+00:00,P36969,afdb_v6_probe,P36969,https://alphafold.ebi.ac.uk/files/AF-P36969-F1-model_v6.pdb,404,0,not_found
2026-08-16T04:00:54.674863+00:00,P36969,afdb_v6_probe,O43381,https://alphafold.ebi.ac.uk/files/AF-O43381-F1-model_v6.pdb,404,0,not_found
2026-08-16T04:00:55.641053+00:00,P36969,afdb_v6_probe,Q6PJ59,https://alphafold.ebi.ac.uk/files/AF-Q6PJ59-F1-model_v6.pdb,404,0,not_found
2026-08-16T04:00:56.606708+00:00,P36969,afdb_v6_probe,Q9UPK2,https://alphafold.ebi.ac.uk/files/AF-Q9UPK2-F1-model_v6.pdb,404,0,not_found
2026-08-16T04:00:57.718697+00:00,P36970,uniprot_direct,P36970,https://rest.uniprot.org/uniprotkb/P36970.json,200,0,success
2026-08-16T04:00:58.688676+00:00,P36970,afdb_v6_probe,P36970,https://alphafold.ebi.ac.uk/files/AF-P36970-F1-model_v6.pdb,404,0,not_found
2026-08-16T04:00:59.645350+00:00,P36970,afdb_v6_probe,Q6PZ55,https://alphafold.ebi.ac.uk/files/AF-Q6PZ55-F1-model_v6.pdb,404,0,not_found
2026-08-16T04:01:00.646460+00:00,P36970,afdb_v6_probe,Q76LU9,https://alphafold.ebi.ac.uk/files/AF-Q76LU9-F1-model_v6.pdb,404,0,not_found
2026-08-16T04:01:02.921197+00:00,P36970,afdb_v6_probe,Q91XR8,https://alphafold.ebi.ac.uk/files/AF-Q91XR8-F1-model_v6.pdb,404,0,not_found
2026-08-16T04:01:03.987080+00:00,P37141,uniprot_direct,P37141,https://rest.uniprot.org/uniprotkb/P37141.json,200,0,success
2026-08-16T04:01:04.922781+00:00,P37141,afdb_v6_probe,P37141,https://alphafold.ebi.ac.uk/files/AF-P37141-F1-model_v6.pdb,404,0,not_found
2026-08-16T04:01:05.950189+00:00,P37141,afdb_v6_probe,A6QPD6,https://alphafold.ebi.ac.uk/files/AF-A6QPD6-F1-model_v6.pdb,404,0,not_found
2026-08-16T04:01:07.006412+00:00,P37356,uniprot_direct,P37356,https://rest.uniprot.org/uniprotkb/P37356.json,200,0,success
2026-08-16T04:01:08.024040+00:00,P37356,afdb_v6_probe,P37356,https://alphafold.ebi.ac.uk/files/AF-P37356-F1-model_v6.pdb,404,0,not_found
2026-08-16T04:01:08.996774+00:00,P37365,uniprot_direct,P37365,https://rest.uniprot.org/uniprotkb/P37365.json,200,0,success
2026-08-16T04:01:09.988398+00:00,P37365,afdb_v6_probe,P37365,https://alphafold.ebi.ac.uk/files/AF-P37365-F1-model_v6.pdb,404,0,not_found
2026-08-16T04:01:11.055200+00:00,P37987,uniprot_direct,P37987,https://rest.uniprot.org/uniprotkb/P37987.json,200,0,success
2026-08-16T04:01:12.701414+00:00,P37987,afdb_v6_probe,P37987,https://alphafold.ebi.ac.uk/files/AF-P37987-F1-model_v6.pdb,404,0,not_found
2026-08-16T04:01:13.723895+00:00,P39262,uniprot_direct,P39262,https://rest.uniprot.org/uniprotkb/P39262.json,200,0,success
2026-08-16T04:01:14.787090+00:00,P39262,afdb_v6_probe,P39262,https://alphafold.ebi.ac.uk/files/AF-P39262-F1-model_v6.pdb,404,0,not_found
2026-08-16T04:01:17.428063+00:00,P39421,uniprot_direct,P39421,https://rest.uniprot.org/uniprotkb/P39421.json,200,0,success
2026-08-16T04:01:18.500794+00:00,P39421,afdb_v6_probe,P39421,https://alphafold.ebi.ac.uk/files/AF-P39421-F1-model_v6.pdb,404,0,not_found
2026-08-16T04:01:19.509648+00:00,P39423,uniprot_direct,P39423,https://rest.uniprot.org/uniprotkb/P39423.json,200,0,success
2026-08-16T04:01:20.463380+00:00,P39423,afdb_v6_probe,P39423,https://alphafold.ebi.ac.uk/files/AF-P39423-F1-model_v6.pdb,404,0,not_found
2026-08-16T04:01:21.511561+00:00,P39423,afdb_v6_probe,P39422,https://alphafold.ebi.ac.uk/files/AF-P39422-F1-model_v6.pdb,404,0,not_found
2026-08-16T04:01:22.518136+00:00,P39423,afdb_v6_probe,Q38604,https://alphafold.ebi.ac.uk/files/AF-Q38604-F1-model_v6.pdb,404,0,not_found
2026-08-16T04:01:24.185420+00:00,P39915,uniprot_direct,P39915,https://rest.uniprot.org/uniprotkb/P39915.json,200,0,success
2026-08-16T04:01:25.170421+00:00,P39915,afdb_v6_probe,P39915,https://alphafold.ebi.ac.uk/files/AF-P39915-F1-model_v6.pdb,404,0,not_found
2026-08-16T04:01:26.210381+00:00,P41415,uniprot_direct,P41415,https://rest.uniprot.org/uniprotkb/P41415.json,200,0,success
2026-08-16T04:01:27.193363+00:00,P41415,afdb_v6_probe,P41415,https://alphafold.ebi.ac.uk/files/AF-P41415-F1-model_v6.pdb,404,0,not_found
2026-08-16T04:01:28.997966+00:00,P41469,uniprot_direct,P41469,https://rest.uniprot.org/uniprotkb/P41469.json,200,0,success
2026-08-16T04:01:29.955289+00:00,P41469,afdb_v6_probe,P41469,https://alphafold.ebi.ac.uk/files/AF-P41469-F1-model_v6.pdb,404,0,not_found
2026-08-16T04:01:30.953252+00:00,P41476,uniprot_direct,P41476,https://rest.uniprot.org/uniprotkb/P41476.json,200,0,success
2026-08-16T04:01:31.940689+00:00,P41476,afdb_v6_probe,P41476,https://alphafold.ebi.ac.uk/files/AF-P41476-F1-model_v6.pdb,404,0,not_found
2026-08-16T04:01:34.044431+00:00,P41477,uniprot_direct,P41477,https://rest.uniprot.org/uniprotkb/P41477.json,200,0,success
2026-08-16T04:01:35.037134+00:00,P41477,afdb_v6_probe,P41477,https://alphafold.ebi.ac.uk/files/AF-P41477-F1-model_v6.pdb,404,0,not_found
2026-08-16T04:01:36.488251+00:00,P41480,uniprot_direct,P41480,https://rest.uniprot.org/uniprotkb/P41480.json,200,0,success
2026-08-16T04:01:37.441546+00:00,P41480,afdb_v6_probe,P41480,https://alphafold.ebi.ac.uk/files/AF-P41480-F1-model_v6.pdb,404,0,not_found
2026-08-16T04:01:38.752257+00:00,P41676,uniprot_direct,P41676,https://rest.uniprot.org/uniprotkb/P41676.json,200,0,success
2026-08-16T04:01:39.800940+00:00,P41676,afdb_v6_probe,P41676,https://alphafold.ebi.ac.uk/files/AF-P41676-F1-model_v6.pdb,404,0,not_found
2026-08-16T04:01:40.942567+00:00,P41719,uniprot_direct,P41719,https://rest.uniprot.org/uniprotkb/P41719.json,200,0,success
2026-08-16T04:01:41.892459+00:00,P41719,afdb_v6_probe,P41719,https://alphafold.ebi.ac.uk/files/AF-P41719-F1-model_v6.pdb,404,0,not_found
2026-08-16T04:02:04.013483+00:00,P41720,uniprot_direct,P41720,https://rest.uniprot.org/uniprotkb/P41720.json,200,1,success
2026-08-16T04:02:04.970035+00:00,P41720,afdb_v6_probe,P41720,https://alphafold.ebi.ac.uk/files/AF-P41720-F1-model_v6.pdb,404,0,not_found
2026-08-16T04:02:06.144988+00:00,P42490,uniprot_direct,P42490,https://rest.uniprot.org/uniprotkb/P42490.json,200,0,success
2026-08-16T04:02:07.109871+00:00,P42490,afdb_v6_probe,P42490,https://alphafold.ebi.ac.uk/files/AF-P42490-F1-model_v6.pdb,404,0,not_found
2026-08-16T04:02:08.219372+00:00,P42491,uniprot_direct,P42491,https://rest.uniprot.org/uniprotkb/P42491.json,200,0,success
2026-08-16T04:02:09.236688+00:00,P42491,afdb_v6_probe,P42491,https://alphafold.ebi.ac.uk/files/AF-P42491-F1-model_v6.pdb,404,0,not_found
2026-08-16T04:02:10.900967+00:00,P42492,uniprot_direct,P42492,https://rest.uniprot.org/uniprotkb/P42492.json,200,0,success
2026-08-16T04:02:11.893490+00:00,P42492,afdb_v6_probe,P42492,https://alphafold.ebi.ac.uk/files/AF-P42492-F1-model_v6.pdb,404,0,not_found
2026-08-16T04:02:14.218108+00:00,P42493,uniprot_direct,P42493,https://rest.uniprot.org/uniprotkb/P42493.json,200,0,success
2026-08-16T04:02:15.195368+00:00,P42493,afdb_v6_probe,P42493,https://alphafold.ebi.ac.uk/files/AF-P42493-F1-model_v6.pdb,404,0,not_found
2026-08-16T04:02:16.180826+00:00,P43806,uniprot_direct,P43806,https://rest.uniprot.org/uniprotkb/P43806.json,200,0,success
2026-08-16T04:02:17.145388+00:00,P43806,afdb_v6_probe,P43806,https://alphafold.ebi.ac.uk/files/AF-P43806-F1-model_v6.pdb,404,0,not_found
2026-08-16T04:02:18.226887+00:00,P43836,uniprot_direct,P43836,https://rest.uniprot.org/uniprotkb/P43836.json,200,0,success
2026-08-16T04:02:19.248845+00:00,P43836,afdb_v6_probe,P43836,https://alphafold.ebi.ac.uk/files/AF-P43836-F1-model_v6.pdb,404,0,not_found
2026-08-16T04:02:20.294167+00:00,P43892,uniprot_direct,P43892,https://rest.uniprot.org/uniprotkb/P43892.json,200,0,success
2026-08-16T04:02:21.353670+00:00,P43892,afdb_v6_probe,P43892,https://alphafold.ebi.ac.uk/files/AF-P43892-F1-model_v6.pdb,404,0,not_found
2026-08-16T04:02:22.697484+00:00,P43911,uniprot_direct,P43911,https://rest.uniprot.org/uniprotkb/P43911.json,200,0,success
2026-08-16T04:02:23.651366+00:00,P43911,afdb_v6_probe,P43911,https://alphafold.ebi.ac.uk/files/AF-P43911-F1-model_v6.pdb,404,0,not_found
2026-08-16T04:02:25.221193+00:00,P44197,uniprot_direct,P44197,https://rest.uniprot.org/uniprotkb/P44197.json,200,0,success
2026-08-16T04:02:26.210510+00:00,P44197,afdb_v6_probe,P44197,https://alphafold.ebi.ac.uk/files/AF-P44197-F1-model_v6.pdb,404,0,not_found
2026-08-16T04:02:27.532416+00:00,P44431,uniprot_direct,P44431,https://rest.uniprot.org/uniprotkb/P44431.json,200,0,success
2026-08-16T04:02:28.492903+00:00,P44431,afdb_v6_probe,P44431,https://alphafold.ebi.ac.uk/files/AF-P44431-F1-model_v6.pdb,404,0,not_found
2026-08-16T04:02:29.600281+00:00,P44534,uniprot_direct,P44534,https://rest.uniprot.org/uniprotkb/P44534.json,200,0,success
2026-08-16T04:02:30.637384+00:00,P44534,afdb_v6_probe,P44534,https://alphafold.ebi.ac.uk/files/AF-P44534-F1-model_v6.pdb,404,0,not_found
2026-08-16T04:02:53.496492+00:00,P44785,uniprot_direct,P44785,https://rest.uniprot.org/uniprotkb/P44785.json,200,1,success
2026-08-16T04:02:54.464922+00:00,P44785,afdb_v6_probe,P44785,https://alphafold.ebi.ac.uk/files/AF-P44785-F1-model_v6.pdb,404,0,not_found
2026-08-16T04:02:55.742626+00:00,P45120,uniprot_direct,P45120,https://rest.uniprot.org/uniprotkb/P45120.json,200,0,success
2026-08-16T04:02:56.727984+00:00,P45120,afdb_v6_probe,P45120,https://alphafold.ebi.ac.uk/files/AF-P45120-F1-model_v6.pdb,404,0,not_found
2026-08-16T04:02:57.776774+00:00,P45845,uniprot_direct,P45845,https://rest.uniprot.org/uniprotkb/P45845.json,200,0,success
2026-08-16T04:02:58.832339+00:00,P45845,afdb_v6_probe,P45845,https://alphafold.ebi.ac.uk/files/AF-P45845-F1-model_v6.pdb,404,0,not_found
2026-08-16T04:02:59.784670+00:00,P45845,afdb_v6_probe,Q7M3F0,https://alphafold.ebi.ac.uk/files/AF-Q7M3F0-F1-model_v6.pdb,404,0,not_found
2026-08-16T04:03:00.778283+00:00,P46364,uniprot_direct,P46364,https://rest.uniprot.org/uniprotkb/P46364.json,200,0,success
2026-08-16T04:03:01.762076+00:00,P46364,afdb_v6_probe,P46364,https://alphafold.ebi.ac.uk/files/AF-P46364-F1-model_v6.pdb,404,0,not_found
2026-08-16T04:03:02.831834+00:00,P46366,uniprot_direct,P46366,https://rest.uniprot.org/uniprotkb/P46366.json,200,0,success
2026-08-16T04:03:03.786734+00:00,P46366,afdb_v6_probe,P46366,https://alphafold.ebi.ac.uk/files/AF-P46366-F1-model_v6.pdb,404,0,not_found
2026-08-16T04:03:04.787501+00:00,P46412,uniprot_direct,P46412,https://rest.uniprot.org/uniprotkb/P46412.json,200,0,success
2026-08-16T04:03:05.794140+00:00,P46412,afdb_v6_probe,P46412,https://alphafold.ebi.ac.uk/files/AF-P46412-F1-model_v6.pdb,404,0,not_found
2026-08-16T04:03:06.774447+00:00,P46412,afdb_v6_probe,Q5XKR0,https://alphafold.ebi.ac.uk/files/AF-Q5XKR0-F1-model_v6.pdb,404,0,not_found
2026-08-16T04:03:07.842369+00:00,P46796,uniprot_direct,P46796,https://rest.uniprot.org/uniprotkb/P46796.json,200,0,success
2026-08-16T04:03:08.799696+00:00,P46796,afdb_v6_probe,P46796,https://alphafold.ebi.ac.uk/files/AF-P46796-F1-model_v6.pdb,404,0,not_found
2026-08-16T04:03:11.949171+00:00,P48073,uniprot_direct,P48073,https://rest.uniprot.org/uniprotkb/P48073.json,200,0,success
2026-08-16T04:03:12.930838+00:00,P48073,afdb_v6_probe,P48073,https://alphafold.ebi.ac.uk/files/AF-P48073-F1-model_v6.pdb,404,0,not_found
2026-08-16T04:03:13.980123+00:00,P48074,uniprot_direct,P48074,https://rest.uniprot.org/uniprotkb/P48074.json,200,0,success
2026-08-16T04:03:14.932942+00:00,P48074,afdb_v6_probe,P48074,https://alphafold.ebi.ac.uk/files/AF-P48074-F1-model_v6.pdb,404,0,not_found
2026-08-16T04:03:16.170428+00:00,P48429,uniprot_direct,P48429,https://rest.uniprot.org/uniprotkb/P48429.json,200,0,success
2026-08-16T04:03:17.160511+00:00,P48429,afdb_v6_probe,P48429,https://alphafold.ebi.ac.uk/files/AF-P48429-F1-model_v6.pdb,404,0,not_found
2026-08-16T04:03:18.163515+00:00,P48438,uniprot_direct,P48438,https://rest.uniprot.org/uniprotkb/P48438.json,200,0,success
2026-08-16T04:03:19.130978+00:00,P48438,afdb_v6_probe,P48438,https://alphafold.ebi.ac.uk/files/AF-P48438-F1-model_v6.pdb,404,0,not_found
2026-08-16T04:03:21.524708+00:00,P48689,uniprot_direct,P48689,https://rest.uniprot.org/uniprotkb/P48689.json,200,0,success
2026-08-16T04:03:23.510570+00:00,P48689,afdb_v6_probe,P48689,https://alphafold.ebi.ac.uk/files/AF-P48689-F1-model_v6.pdb,404,0,not_found
2026-08-16T04:03:24.809897+00:00,P48691,uniprot_direct,P48691,https://rest.uniprot.org/uniprotkb/P48691.json,200,0,success
2026-08-16T04:03:25.770035+00:00,P48691,afdb_v6_probe,P48691,https://alphafold.ebi.ac.uk/files/AF-P48691-F1-model_v6.pdb,404,0,not_found
2026-08-16T04:03:27.147677+00:00,P48699,uniprot_direct,P48699,https://rest.uniprot.org/uniprotkb/P48699.json,200,0,success
2026-08-16T04:03:28.114480+00:00,P48699,afdb_v6_probe,P48699,https://alphafold.ebi.ac.uk/files/AF-P48699-F1-model_v6.pdb,404,0,not_found
2026-08-16T04:03:29.293820+00:00,P48712,uniprot_direct,P48712,https://rest.uniprot.org/uniprotkb/P48712.json,200,0,success
2026-08-16T04:03:30.246939+00:00,P48712,afdb_v6_probe,P48712,https://alphafold.ebi.ac.uk/files/AF-P48712-F1-model_v6.pdb,404,0,not_found
2026-08-16T04:03:31.377423+00:00,P49823,uniprot_direct,P49823,https://rest.uniprot.org/uniprotkb/P49823.json,200,0,success
2026-08-16T04:03:32.346347+00:00,P49823,afdb_v6_probe,P49823,https://alphafold.ebi.ac.uk/files/AF-P49823-F1-model_v6.pdb,404,0,not_found
2026-08-16T04:03:33.364483+00:00,P49823,afdb_v6_probe,A0A8I3PZS7,https://alphafold.ebi.ac.uk/files/AF-A0A8I3PZS7-F1-model_v6.pdb,200,0,available
2026-08-16T04:03:34.834122+00:00,P49894,uniprot_direct,P49894,https://rest.uniprot.org/uniprotkb/P49894.json,200,0,success
2026-08-16T04:03:35.813694+00:00,P49894,afdb_v6_probe,P49894,https://alphafold.ebi.ac.uk/files/AF-P49894-F1-model_v6.pdb,404,0,not_found
2026-08-16T04:03:37.216264+00:00,P49895,uniprot_direct,P49895,https://rest.uniprot.org/uniprotkb/P49895.json,200,0,success
2026-08-16T04:03:38.240267+00:00,P49895,afdb_v6_probe,P49895,https://alphafold.ebi.ac.uk/files/AF-P49895-F1-model_v6.pdb,404,0,not_found
2026-08-16T04:03:39.228978+00:00,P49895,afdb_v6_probe,Q1RN02,https://alphafold.ebi.ac.uk/files/AF-Q1RN02-F1-model_v6.pdb,404,0,not_found
2026-08-16T04:03:40.311151+00:00,P49895,afdb_v6_probe,Q3KNP8,https://alphafold.ebi.ac.uk/files/AF-Q3KNP8-F1-model_v6.pdb,404,0,not_found
2026-08-16T04:03:41.269799+00:00,P49895,afdb_v6_probe,Q6Q4C1,https://alphafold.ebi.ac.uk/files/AF-Q6Q4C1-F1-model_v6.pdb,404,0,not_found
2026-08-16T04:03:42.224375+00:00,P49895,afdb_v6_probe,Q6Q4C2,https://alphafold.ebi.ac.uk/files/AF-Q6Q4C2-F1-model_v6.pdb,404,0,not_found
2026-08-16T04:03:43.239464+00:00,P49895,afdb_v6_probe,Q6Q4C3,https://alphafold.ebi.ac.uk/files/AF-Q6Q4C3-F1-model_v6.pdb,404,0,not_found
2026-08-16T04:03:44.199426+00:00,P49895,afdb_v6_probe,Q6Q4C4,https://alphafold.ebi.ac.uk/files/AF-Q6Q4C4-F1-model_v6.pdb,404,0,not_found
2026-08-16T04:03:45.183367+00:00,P49895,afdb_v6_probe,Q6Q4C5,https://alphafold.ebi.ac.uk/files/AF-Q6Q4C5-F1-model_v6.pdb,404,0,not_found
2026-08-16T04:03:46.143401+00:00,P49895,afdb_v6_probe,Q6Q4C6,https://alphafold.ebi.ac.uk/files/AF-Q6Q4C6-F1-model_v6.pdb,404,0,not_found
2026-08-16T04:03:51.245136+00:00,P49895,afdb_v6_probe,Q6Q4C7,https://alphafold.ebi.ac.uk/files/AF-Q6Q4C7-F1-model_v6.pdb,404,0,not_found
2026-08-16T04:03:52.215455+00:00,P49895,afdb_v6_probe,Q6Q4C9,https://alphafold.ebi.ac.uk/files/AF-Q6Q4C9-F1-model_v6.pdb,404,0,not_found
2026-08-16T04:03:53.182530+00:00,P49895,afdb_v6_probe,Q8WWC6,https://alphafold.ebi.ac.uk/files/AF-Q8WWC6-F1-model_v6.pdb,404,0,not_found
2026-08-16T04:03:54.275197+00:00,P49896,uniprot_direct,P49896,https://rest.uniprot.org/uniprotkb/P49896.json,200,0,success
2026-08-16T04:03:55.242910+00:00,P49896,afdb_v6_probe,P49896,https://alphafold.ebi.ac.uk/files/AF-P49896-F1-model_v6.pdb,404,0,not_found
2026-08-16T04:03:56.442211+00:00,P49897,uniprot_direct,P49897,https://rest.uniprot.org/uniprotkb/P49897.json,200,0,success
2026-08-16T04:03:58.166535+00:00,P49897,afdb_v6_probe,P49897,https://alphafold.ebi.ac.uk/files/AF-P49897-F1-model_v6.pdb,404,0,not_found
2026-08-16T04:03:59.262306+00:00,P49898,uniprot_direct,P49898,https://rest.uniprot.org/uniprotkb/P49898.json,200,0,success
2026-08-16T04:04:00.313454+00:00,P49898,afdb_v6_probe,P49898,https://alphafold.ebi.ac.uk/files/AF-P49898-F1-model_v6.pdb,404,0,not_found
2026-08-16T04:04:01.562375+00:00,P49899,uniprot_direct,P49899,https://rest.uniprot.org/uniprotkb/P49899.json,200,0,success
2026-08-16T04:04:02.575197+00:00,P49899,afdb_v6_probe,P49899,https://alphafold.ebi.ac.uk/files/AF-P49899-F1-model_v6.pdb,404,0,not_found
2026-08-16T04:04:04.802520+00:00,P50642,uniprot_direct,P50642,https://rest.uniprot.org/uniprotkb/P50642.json,200,0,success
2026-08-16T04:04:05.791536+00:00,P50642,afdb_v6_probe,P50642,https://alphafold.ebi.ac.uk/files/AF-P50642-F1-model_v6.pdb,404,0,not_found
2026-08-16T04:04:10.051243+00:00,P50643,uniprot_direct,P50643,https://rest.uniprot.org/uniprotkb/P50643.json,200,0,success
2026-08-16T04:04:11.028123+00:00,P50643,afdb_v6_probe,P50643,https://alphafold.ebi.ac.uk/files/AF-P50643-F1-model_v6.pdb,404,0,not_found
2026-08-16T04:04:14.185762+00:00,P50644,uniprot_direct,P50644,https://rest.uniprot.org/uniprotkb/P50644.json,200,0,success
2026-08-16T04:04:15.198850+00:00,P50644,afdb_v6_probe,P50644,https://alphafold.ebi.ac.uk/files/AF-P50644-F1-model_v6.pdb,404,0,not_found
2026-08-16T04:04:17.721198+00:00,P50645,uniprot_direct,P50645,https://rest.uniprot.org/uniprotkb/P50645.json,200,0,success
2026-08-16T04:04:18.720507+00:00,P50645,afdb_v6_probe,P50645,https://alphafold.ebi.ac.uk/files/AF-P50645-F1-model_v6.pdb,404,0,not_found
2026-08-16T04:04:19.919488+00:00,P50646,uniprot_direct,P50646,https://rest.uniprot.org/uniprotkb/P50646.json,200,0,success
2026-08-16T04:04:21.793315+00:00,P50646,afdb_v6_probe,P50646,https://alphafold.ebi.ac.uk/files/AF-P50646-F1-model_v6.pdb,404,0,not_found
2026-08-16T04:04:22.823548+00:00,P50758,uniprot_direct,P50758,https://rest.uniprot.org/uniprotkb/P50758.json,200,0,success
2026-08-16T04:04:23.813333+00:00,P50758,afdb_v6_probe,P50758,https://alphafold.ebi.ac.uk/files/AF-P50758-F1-model_v6.pdb,404,0,not_found
2026-08-16T04:04:25.067697+00:00,P50759,uniprot_direct,P50759,https://rest.uniprot.org/uniprotkb/P50759.json,200,0,success
2026-08-16T04:04:26.362814+00:00,P50759,afdb_v6_probe,P50759,https://alphafold.ebi.ac.uk/files/AF-P50759-F1-model_v6.pdb,404,0,not_found
2026-08-16T04:04:28.621041+00:00,P50760,uniprot_direct,P50760,https://rest.uniprot.org/uniprotkb/P50760.json,200,0,success
2026-08-16T04:04:29.640841+00:00,P50760,afdb_v6_probe,P50760,https://alphafold.ebi.ac.uk/files/AF-P50760-F1-model_v6.pdb,404,0,not_found
2026-08-16T04:04:30.772285+00:00,P50761,uniprot_direct,P50761,https://rest.uniprot.org/uniprotkb/P50761.json,200,0,success
2026-08-16T04:04:31.713457+00:00,P50761,afdb_v6_probe,P50761,https://alphafold.ebi.ac.uk/files/AF-P50761-F1-model_v6.pdb,404,0,not_found
2026-08-16T04:04:32.719877+00:00,P50762,uniprot_direct,P50762,https://rest.uniprot.org/uniprotkb/P50762.json,200,0,success
2026-08-16T04:04:33.741005+00:00,P50762,afdb_v6_probe,P50762,https://alphafold.ebi.ac.uk/files/AF-P50762-F1-model_v6.pdb,404,0,not_found
2026-08-16T04:04:34.704453+00:00,P50763,uniprot_direct,P50763,https://rest.uniprot.org/uniprotkb/P50763.json,200,0,success
2026-08-16T04:04:35.699299+00:00,P50763,afdb_v6_probe,P50763,https://alphafold.ebi.ac.uk/files/AF-P50763-F1-model_v6.pdb,404,0,not_found
2026-08-16T04:04:36.801035+00:00,P50764,uniprot_direct,P50764,https://rest.uniprot.org/uniprotkb/P50764.json,200,0,success
2026-08-16T04:04:37.759429+00:00,P50764,afdb_v6_probe,P50764,https://alphafold.ebi.ac.uk/files/AF-P50764-F1-model_v6.pdb,404,0,not_found
2026-08-16T04:04:38.842956+00:00,P50765,uniprot_direct,P50765,https://rest.uniprot.org/uniprotkb/P50765.json,200,0,success
2026-08-16T04:04:39.809276+00:00,P50765,afdb_v6_probe,P50765,https://alphafold.ebi.ac.uk/files/AF-P50765-F1-model_v6.pdb,404,0,not_found
2026-08-16T04:04:41.086126+00:00,P50808,uniprot_direct,P50808,https://rest.uniprot.org/uniprotkb/P50808.json,200,0,success
2026-08-16T04:04:42.077225+00:00,P50808,afdb_v6_probe,P50808,https://alphafold.ebi.ac.uk/files/AF-P50808-F1-model_v6.pdb,404,0,not_found
2026-08-16T04:04:44.022163+00:00,P50972,uniprot_direct,P50972,https://rest.uniprot.org/uniprotkb/P50972.json,200,0,success
2026-08-16T04:04:45.027976+00:00,P50972,afdb_v6_probe,P50972,https://alphafold.ebi.ac.uk/files/AF-P50972-F1-model_v6.pdb,404,0,not_found
2026-08-16T04:04:46.306011+00:00,P51101,uniprot_direct,P51101,https://rest.uniprot.org/uniprotkb/P51101.json,200,0,success
2026-08-16T04:04:47.279026+00:00,P51101,afdb_v6_probe,P51101,https://alphafold.ebi.ac.uk/files/AF-P51101-F1-model_v6.pdb,404,0,not_found
2026-08-16T04:04:48.613668+00:00,P51518,uniprot_direct,P51518,https://rest.uniprot.org/uniprotkb/P51518.json,200,0,success
2026-08-16T04:04:49.598300+00:00,P51518,afdb_v6_probe,P51518,https://alphafold.ebi.ac.uk/files/AF-P51518-F1-model_v6.pdb,404,0,not_found
2026-08-16T04:04:50.723381+00:00,P51552,uniprot_direct,P51552,https://rest.uniprot.org/uniprotkb/P51552.json,200,0,success
2026-08-16T04:04:51.769300+00:00,P51552,afdb_v6_probe,P51552,https://alphafold.ebi.ac.uk/files/AF-P51552-F1-model_v6.pdb,404,0,not_found
2026-08-16T04:04:53.270895+00:00,P51715,uniprot_direct,P51715,https://rest.uniprot.org/uniprotkb/P51715.json,200,0,success
2026-08-16T04:04:54.221998+00:00,P51715,afdb_v6_probe,P51715,https://alphafold.ebi.ac.uk/files/AF-P51715-F1-model_v6.pdb,404,0,not_found
2026-08-16T04:04:55.340020+00:00,P51894,uniprot_direct,P51894,https://rest.uniprot.org/uniprotkb/P51894.json,200,0,success
2026-08-16T04:04:56.318182+00:00,P51894,afdb_v6_probe,P51894,https://alphafold.ebi.ac.uk/files/AF-P51894-F1-model_v6.pdb,404,0,not_found
2026-08-16T04:04:58.296160+00:00,P51894,afdb_v6_probe,Q85059,https://alphafold.ebi.ac.uk/files/AF-Q85059-F1-model_v6.pdb,404,0,not_found
2026-08-16T04:04:59.431611+00:00,P51994,uniprot_direct,P51994,https://rest.uniprot.org/uniprotkb/P51994.json,200,0,success
2026-08-16T04:05:00.409130+00:00,P51994,afdb_v6_probe,P51994,https://alphafold.ebi.ac.uk/files/AF-P51994-F1-model_v6.pdb,404,0,not_found
2026-08-16T04:05:01.560852+00:00,P52216,uniprot_direct,P52216,https://rest.uniprot.org/uniprotkb/P52216.json,200,0,success
2026-08-16T04:05:02.579130+00:00,P52216,afdb_v6_probe,P52216,https://alphafold.ebi.ac.uk/files/AF-P52216-F1-model_v6.pdb,404,0,not_found
2026-08-16T04:05:03.593075+00:00,P52217,uniprot_direct,P52217,https://rest.uniprot.org/uniprotkb/P52217.json,200,0,success
2026-08-16T04:05:04.837456+00:00,P52217,afdb_v6_probe,P52217,https://alphafold.ebi.ac.uk/files/AF-P52217-F1-model_v6.pdb,404,0,not_found
2026-08-16T04:05:05.935000+00:00,P52284,uniprot_direct,P52284,https://rest.uniprot.org/uniprotkb/P52284.json,200,0,success
2026-08-16T04:05:06.908129+00:00,P52284,afdb_v6_probe,P52284,https://alphafold.ebi.ac.uk/files/AF-P52284-F1-model_v6.pdb,404,0,not_found
2026-08-16T04:05:07.930443+00:00,P52341,uniprot_direct,P52341,https://rest.uniprot.org/uniprotkb/P52341.json,200,0,success
2026-08-16T04:05:08.884841+00:00,P52341,afdb_v6_probe,P52341,https://alphafold.ebi.ac.uk/files/AF-P52341-F1-model_v6.pdb,404,0,not_found
2026-08-16T04:05:09.916488+00:00,P52502,uniprot_direct,P52502,https://rest.uniprot.org/uniprotkb/P52502.json,200,0,success
2026-08-16T04:05:10.973686+00:00,P52502,afdb_v6_probe,P52502,https://alphafold.ebi.ac.uk/files/AF-P52502-F1-model_v6.pdb,404,0,not_found
2026-08-16T04:05:12.062543+00:00,P52541,uniprot_direct,P52541,https://rest.uniprot.org/uniprotkb/P52541.json,200,0,success
2026-08-16T04:05:13.032201+00:00,P52541,afdb_v6_probe,P52541,https://alphafold.ebi.ac.uk/files/AF-P52541-F1-model_v6.pdb,404,0,not_found
2026-08-16T04:05:14.061555+00:00,P52552,uniprot_direct,P52552,https://rest.uniprot.org/uniprotkb/P52552.json,200,0,success
2026-08-16T04:05:15.022347+00:00,P52552,afdb_v6_probe,P52552,https://alphafold.ebi.ac.uk/files/AF-P52552-F1-model_v6.pdb,404,0,not_found
2026-08-16T04:05:15.985487+00:00,P54092,uniprot_direct,P54092,https://rest.uniprot.org/uniprotkb/P54092.json,200,0,success
2026-08-16T04:05:16.943551+00:00,P54092,afdb_v6_probe,P54092,https://alphafold.ebi.ac.uk/files/AF-P54092-F1-model_v6.pdb,404,0,not_found
2026-08-16T04:05:17.955376+00:00,P54093,uniprot_direct,P54093,https://rest.uniprot.org/uniprotkb/P54093.json,200,0,success
2026-08-16T04:05:18.944834+00:00,P54093,afdb_v6_probe,P54093,https://alphafold.ebi.ac.uk/files/AF-P54093-F1-model_v6.pdb,404,0,not_found
2026-08-16T04:05:19.931680+00:00,P54835,uniprot_direct,P54835,https://rest.uniprot.org/uniprotkb/P54835.json,200,0,success
2026-08-16T04:05:20.918915+00:00,P54835,afdb_v6_probe,P54835,https://alphafold.ebi.ac.uk/files/AF-P54835-F1-model_v6.pdb,404,0,not_found
2026-08-16T04:05:22.086231+00:00,P54835,afdb_v6_probe,A0A8I3N404,https://alphafold.ebi.ac.uk/files/AF-A0A8I3N404-F1-model_v6.pdb,200,0,available
2026-08-16T04:05:23.172265+00:00,P54836,uniprot_direct,P54836,https://rest.uniprot.org/uniprotkb/P54836.json,200,0,success
2026-08-16T04:05:24.226313+00:00,P54836,afdb_v6_probe,P54836,https://alphafold.ebi.ac.uk/files/AF-P54836-F1-model_v6.pdb,404,0,not_found
2026-08-16T04:05:25.526390+00:00,P55073,uniprot_direct,P55073,https://rest.uniprot.org/uniprotkb/P55073.json,200,0,success
2026-08-16T04:05:26.517021+00:00,P55073,afdb_v6_probe,P55073,https://alphafold.ebi.ac.uk/files/AF-P55073-F1-model_v6.pdb,404,0,not_found
2026-08-16T04:05:27.575178+00:00,P55073,afdb_v6_probe,G3XAM0,https://alphafold.ebi.ac.uk/files/AF-G3XAM0-F1-model_v6.pdb,404,0,not_found
2026-08-16T04:05:28.629350+00:00,P55073,afdb_v6_probe,Q8WVN5,https://alphafold.ebi.ac.uk/files/AF-Q8WVN5-F1-model_v6.pdb,404,0,not_found
2026-08-16T04:05:29.754189+00:00,P55173,uniprot_direct,P55173,https://rest.uniprot.org/uniprotkb/P55173.json,200,0,success
2026-08-16T04:05:30.743817+00:00,P55173,afdb_v6_probe,P55173,https://alphafold.ebi.ac.uk/files/AF-P55173-F1-model_v6.pdb,404,0,not_found
2026-08-16T04:05:32.335504+00:00,P55235,uniprot_direct,P55235,https://rest.uniprot.org/uniprotkb/P55235.json,200,0,success
2026-08-16T04:05:33.352521+00:00,P55235,afdb_v6_probe,P55235,https://alphafold.ebi.ac.uk/files/AF-P55235-F1-model_v6.pdb,404,0,not_found
2026-08-16T04:05:34.427425+00:00,P55804,uniprot_direct,P55804,https://rest.uniprot.org/uniprotkb/P55804.json,200,0,success
2026-08-16T04:05:35.404216+00:00,P55804,afdb_v6_probe,P55804,https://alphafold.ebi.ac.uk/files/AF-P55804-F1-model_v6.pdb,404,0,not_found
2026-08-16T04:05:36.516364+00:00,P56591,uniprot_direct,P56591,https://rest.uniprot.org/uniprotkb/P56591.json,200,0,success
2026-08-16T04:05:38.490771+00:00,P56591,afdb_v6_probe,P56591,https://alphafold.ebi.ac.uk/files/AF-P56591-F1-model_v6.pdb,404,0,not_found
2026-08-16T04:05:39.517346+00:00,P56870,uniprot_direct,P56870,https://rest.uniprot.org/uniprotkb/P56870.json,200,0,success
2026-08-16T04:05:40.503571+00:00,P56870,afdb_v6_probe,P56870,https://alphafold.ebi.ac.uk/files/AF-P56870-F1-model_v6.pdb,404,0,not_found
2026-08-16T04:05:41.848039+00:00,P58763,uniprot_direct,P58763,https://rest.uniprot.org/uniprotkb/P58763.json,200,0,success
2026-08-16T04:05:42.837714+00:00,P58763,afdb_v6_probe,P58763,https://alphafold.ebi.ac.uk/files/AF-P58763-F1-model_v6.pdb,404,0,not_found
2026-08-16T04:05:43.879519+00:00,P58865,uniprot_direct,P58865,https://rest.uniprot.org/uniprotkb/P58865.json,200,0,success
2026-08-16T04:05:44.871727+00:00,P58865,afdb_v6_probe,P58865,https://alphafold.ebi.ac.uk/files/AF-P58865-F1-model_v6.pdb,404,0,not_found
2026-08-16T04:05:46.213572+00:00,P58866,uniprot_direct,P58866,https://rest.uniprot.org/uniprotkb/P58866.json,200,0,success
2026-08-16T04:05:47.181169+00:00,P58866,afdb_v6_probe,P58866,https://alphafold.ebi.ac.uk/files/AF-P58866-F1-model_v6.pdb,404,0,not_found
2026-08-16T04:05:48.474680+00:00,P58898,uniprot_direct,P58898,https://rest.uniprot.org/uniprotkb/P58898.json,200,0,success
2026-08-16T04:05:49.473552+00:00,P58898,afdb_v6_probe,P58898,https://alphafold.ebi.ac.uk/files/AF-P58898-F1-model_v6.pdb,404,0,not_found
2026-08-16T04:05:50.600925+00:00,P58945,uniprot_direct,P58945,https://rest.uniprot.org/uniprotkb/P58945.json,200,0,success
2026-08-16T04:05:51.562463+00:00,P58945,afdb_v6_probe,P58945,https://alphafold.ebi.ac.uk/files/AF-P58945-F1-model_v6.pdb,404,0,not_found
2026-08-16T04:05:52.657512+00:00,P58969,uniprot_direct,P58969,https://rest.uniprot.org/uniprotkb/P58969.json,200,0,success
2026-08-16T04:05:53.654674+00:00,P58969,afdb_v6_probe,P58969,https://alphafold.ebi.ac.uk/files/AF-P58969-F1-model_v6.pdb,404,0,not_found
2026-08-16T04:05:55.546194+00:00,P58970,uniprot_direct,P58970,https://rest.uniprot.org/uniprotkb/P58970.json,200,0,success
2026-08-16T04:05:56.513393+00:00,P58970,afdb_v6_probe,P58970,https://alphafold.ebi.ac.uk/files/AF-P58970-F1-model_v6.pdb,404,0,not_found
2026-08-16T04:05:57.597048+00:00,P58971,uniprot_direct,P58971,https://rest.uniprot.org/uniprotkb/P58971.json,200,0,success
2026-08-16T04:05:58.573676+00:00,P58971,afdb_v6_probe,P58971,https://alphafold.ebi.ac.uk/files/AF-P58971-F1-model_v6.pdb,404,0,not_found
2026-08-16T04:05:59.645250+00:00,P58972,uniprot_direct,P58972,https://rest.uniprot.org/uniprotkb/P58972.json,200,0,success
2026-08-16T04:06:00.611372+00:00,P58972,afdb_v6_probe,P58972,https://alphafold.ebi.ac.uk/files/AF-P58972-F1-model_v6.pdb,404,0,not_found
2026-08-16T04:06:01.648950+00:00,P58973,uniprot_direct,P58973,https://rest.uniprot.org/uniprotkb/P58973.json,200,0,success
2026-08-16T04:06:02.719509+00:00,P58973,afdb_v6_probe,P58973,https://alphafold.ebi.ac.uk/files/AF-P58973-F1-model_v6.pdb,404,0,not_found
2026-08-16T04:06:04.728769+00:00,P58974,uniprot_direct,P58974,https://rest.uniprot.org/uniprotkb/P58974.json,200,0,success
2026-08-16T04:06:05.759410+00:00,P58974,afdb_v6_probe,P58974,https://alphafold.ebi.ac.uk/files/AF-P58974-F1-model_v6.pdb,404,0,not_found
2026-08-16T04:06:06.750292+00:00,P59677,uniprot_direct,P59677,https://rest.uniprot.org/uniprotkb/P59677.json,200,0,success
2026-08-16T04:06:07.761140+00:00,P59677,afdb_v6_probe,P59677,https://alphafold.ebi.ac.uk/files/AF-P59677-F1-model_v6.pdb,404,0,not_found
2026-08-16T04:06:08.871577+00:00,P59709,uniprot_direct,P59709,https://rest.uniprot.org/uniprotkb/P59709.json,200,0,success
2026-08-16T04:06:10.159921+00:00,P59709,afdb_v6_probe,P59709,https://alphafold.ebi.ac.uk/files/AF-P59709-F1-model_v6.pdb,404,0,not_found
2026-08-16T04:06:11.168330+00:00,P59709,afdb_v6_probe,P24351,https://alphafold.ebi.ac.uk/files/AF-P24351-F1-model_v6.pdb,404,0,not_found
2026-08-16T04:06:12.180332+00:00,P59709,afdb_v6_probe,Q66166,https://alphafold.ebi.ac.uk/files/AF-Q66166-F1-model_v6.pdb,404,0,not_found
2026-08-16T04:06:13.235727+00:00,P59709,afdb_v6_probe,Q66167,https://alphafold.ebi.ac.uk/files/AF-Q66167-F1-model_v6.pdb,404,0,not_found
2026-08-16T04:06:14.199320+00:00,P59709,afdb_v6_probe,Q66168,https://alphafold.ebi.ac.uk/files/AF-Q66168-F1-model_v6.pdb,404,0,not_found
2026-08-16T04:06:15.172560+00:00,P59709,afdb_v6_probe,Q77NC5,https://alphafold.ebi.ac.uk/files/AF-Q77NC5-F1-model_v6.pdb,404,0,not_found
2026-08-16T04:06:16.144821+00:00,P59709,afdb_v6_probe,Q98VL2,https://alphafold.ebi.ac.uk/files/AF-Q98VL2-F1-model_v6.pdb,404,0,not_found
2026-08-16T04:06:17.096183+00:00,P59709,afdb_v6_probe,Q9DGT1,https://alphafold.ebi.ac.uk/files/AF-Q9DGT1-F1-model_v6.pdb,404,0,not_found
2026-08-16T04:06:18.037249+00:00,P59709,afdb_v6_probe,Q9DGT9,https://alphafold.ebi.ac.uk/files/AF-Q9DGT9-F1-model_v6.pdb,404,0,not_found
2026-08-16T04:06:19.111903+00:00,P59709,afdb_v6_probe,Q9DR84,https://alphafold.ebi.ac.uk/files/AF-Q9DR84-F1-model_v6.pdb,404,0,not_found
2026-08-16T04:06:20.097354+00:00,P59709,afdb_v6_probe,Q9DRF4,https://alphafold.ebi.ac.uk/files/AF-Q9DRF4-F1-model_v6.pdb,404,0,not_found
2026-08-16T04:06:21.045968+00:00,P59709,afdb_v6_probe,Q9DRF5,https://alphafold.ebi.ac.uk/files/AF-Q9DRF5-F1-model_v6.pdb,404,0,not_found
2026-08-16T04:06:22.038009+00:00,P59710,uniprot_direct,P59710,https://rest.uniprot.org/uniprotkb/P59710.json,200,0,success
2026-08-16T04:06:23.090538+00:00,P59710,afdb_v6_probe,P59710,https://alphafold.ebi.ac.uk/files/AF-P59710-F1-model_v6.pdb,404,0,not_found
2026-08-16T04:06:24.091736+00:00,P59710,afdb_v6_probe,P24351,https://alphafold.ebi.ac.uk/files/AF-P24351-F1-model_v6.pdb,404,0,not_found
2026-08-16T04:06:25.194280+00:00,P59711,uniprot_direct,P59711,https://rest.uniprot.org/uniprotkb/P59711.json,200,0,success
2026-08-16T04:06:26.145115+00:00,P59711,afdb_v6_probe,P59711,https://alphafold.ebi.ac.uk/files/AF-P59711-F1-model_v6.pdb,404,0,not_found
2026-08-16T04:06:27.107203+00:00,P59711,afdb_v6_probe,Q98VL2,https://alphafold.ebi.ac.uk/files/AF-Q98VL2-F1-model_v6.pdb,404,0,not_found
2026-08-16T04:06:28.985221+00:00,P59796,uniprot_direct,P59796,https://rest.uniprot.org/uniprotkb/P59796.json,200,0,success
2026-08-16T04:06:29.968531+00:00,P59796,afdb_v6_probe,P59796,https://alphafold.ebi.ac.uk/files/AF-P59796-F1-model_v6.pdb,404,0,not_found
2026-08-16T04:06:30.958538+00:00,P59796,afdb_v6_probe,Q4PJ17,https://alphafold.ebi.ac.uk/files/AF-Q4PJ17-F1-model_v6.pdb,404,0,not_found
2026-08-16T04:06:32.228398+00:00,P60819,uniprot_direct,P60819,https://rest.uniprot.org/uniprotkb/P60819.json,200,0,success
2026-08-16T04:06:33.195278+00:00,P60819,afdb_v6_probe,P60819,https://alphafold.ebi.ac.uk/files/AF-P60819-F1-model_v6.pdb,404,0,not_found
2026-08-16T04:06:34.199466+00:00,P60820,uniprot_direct,P60820,https://rest.uniprot.org/uniprotkb/P60820.json,200,0,success
2026-08-16T04:06:35.253352+00:00,P60820,afdb_v6_probe,P60820,https://alphafold.ebi.ac.uk/files/AF-P60820-F1-model_v6.pdb,404,0,not_found
2026-08-16T04:06:36.896235+00:00,P61154,uniprot_direct,P61154,https://rest.uniprot.org/uniprotkb/P61154.json,200,0,success
2026-08-16T04:06:37.896202+00:00,P61154,afdb_v6_probe,P61154,https://alphafold.ebi.ac.uk/files/AF-P61154-F1-model_v6.pdb,404,0,not_found
2026-08-16T04:06:39.232437+00:00,P62341,uniprot_direct,P62341,https://rest.uniprot.org/uniprotkb/P62341.json,200,0,success
2026-08-16T04:06:40.252840+00:00,P62341,afdb_v6_probe,P62341,https://alphafold.ebi.ac.uk/files/AF-P62341-F1-model_v6.pdb,404,0,not_found
2026-08-16T04:06:41.213158+00:00,P62341,afdb_v6_probe,O95904,https://alphafold.ebi.ac.uk/files/AF-O95904-F1-model_v6.pdb,404,0,not_found
2026-08-16T04:06:42.164116+00:00,P62341,afdb_v6_probe,Q8IY80,https://alphafold.ebi.ac.uk/files/AF-Q8IY80-F1-model_v6.pdb,404,0,not_found
2026-08-16T04:06:43.448270+00:00,P62341,afdb_v6_probe,Q9CZ45,https://alphafold.ebi.ac.uk/files/AF-Q9CZ45-F1-model_v6.pdb,404,0,not_found
2026-08-16T04:06:44.432052+00:00,P62341,afdb_v6_probe,Q9NZJ3,https://alphafold.ebi.ac.uk/files/AF-Q9NZJ3-F1-model_v6.pdb,404,0,not_found
2026-08-16T04:06:45.624144+00:00,P62342,uniprot_direct,P62342,https://rest.uniprot.org/uniprotkb/P62342.json,200,0,success
2026-08-16T04:06:46.835024+00:00,P62342,afdb_v6_probe,P62342,https://alphafold.ebi.ac.uk/files/AF-P62342-F1-model_v6.pdb,404,0,not_found
2026-08-16T04:06:47.871838+00:00,P62342,afdb_v6_probe,A2RTC6,https://alphafold.ebi.ac.uk/files/AF-A2RTC6-F1-model_v6.pdb,404,0,not_found
2026-08-16T04:06:49.594430+00:00,P62342,afdb_v6_probe,O95904,https://alphafold.ebi.ac.uk/files/AF-O95904-F1-model_v6.pdb,404,0,not_found
2026-08-16T04:06:50.553935+00:00,P62342,afdb_v6_probe,Q8CHV4,https://alphafold.ebi.ac.uk/files/AF-Q8CHV4-F1-model_v6.pdb,404,0,not_found
2026-08-16T04:06:51.520570+00:00,P62342,afdb_v6_probe,Q9CZ45,https://alphafold.ebi.ac.uk/files/AF-Q9CZ45-F1-model_v6.pdb,404,0,not_found
2026-08-16T04:06:52.469906+00:00,P62342,afdb_v6_probe,Q9NZJ3,https://alphafold.ebi.ac.uk/files/AF-Q9NZJ3-F1-model_v6.pdb,404,0,not_found
2026-08-16T04:06:53.548327+00:00,P62463,uniprot_direct,P62463,https://rest.uniprot.org/uniprotkb/P62463.json,200,0,success
2026-08-16T04:06:54.529337+00:00,P62463,afdb_v6_probe,P62463,https://alphafold.ebi.ac.uk/files/AF-P62463-F1-model_v6.pdb,404,0,not_found
2026-08-16T04:06:55.721808+00:00,P63185,uniprot_direct,P63185,https://rest.uniprot.org/uniprotkb/P63185.json,200,0,success
2026-08-16T04:06:56.671144+00:00,P63185,afdb_v6_probe,P63185,https://alphafold.ebi.ac.uk/files/AF-P63185-F1-model_v6.pdb,404,0,not_found
2026-08-16T04:06:57.731251+00:00,P68544,uniprot_direct,P68544,https://rest.uniprot.org/uniprotkb/P68544.json,200,0,success
2026-08-16T04:06:58.713660+00:00,P68544,afdb_v6_probe,P68544,https://alphafold.ebi.ac.uk/files/AF-P68544-F1-model_v6.pdb,404,0,not_found
2026-08-16T04:06:59.689788+00:00,P68544,afdb_v6_probe,P18628,https://alphafold.ebi.ac.uk/files/AF-P18628-F1-model_v6.pdb,404,0,not_found
2026-08-16T04:07:00.882446+00:00,P68545,uniprot_direct,P68545,https://rest.uniprot.org/uniprotkb/P68545.json,200,0,success
2026-08-16T04:07:01.870471+00:00,P68545,afdb_v6_probe,P68545,https://alphafold.ebi.ac.uk/files/AF-P68545-F1-model_v6.pdb,404,0,not_found
2026-08-16T04:07:02.819375+00:00,P68545,afdb_v6_probe,P18628,https://alphafold.ebi.ac.uk/files/AF-P18628-F1-model_v6.pdb,404,0,not_found
2026-08-16T04:07:03.849202+00:00,P68563,uniprot_direct,P68563,https://rest.uniprot.org/uniprotkb/P68563.json,200,0,success
2026-08-16T04:07:04.820386+00:00,P68563,afdb_v6_probe,P68563,https://alphafold.ebi.ac.uk/files/AF-P68563-F1-model_v6.pdb,404,0,not_found
2026-08-16T04:07:26.796032+00:00,P68563,afdb_v6_probe,P03297,https://alphafold.ebi.ac.uk/files/AF-P03297-F1-model_v6.pdb,404,1,not_found
2026-08-16T04:07:27.850534+00:00,P68563,afdb_v6_probe,Q76ZT2,https://alphafold.ebi.ac.uk/files/AF-Q76ZT2-F1-model_v6.pdb,404,0,not_found
2026-08-16T04:07:29.019200+00:00,P68564,uniprot_direct,P68564,https://rest.uniprot.org/uniprotkb/P68564.json,200,0,success
2026-08-16T04:07:30.002090+00:00,P68564,afdb_v6_probe,P68564,https://alphafold.ebi.ac.uk/files/AF-P68564-F1-model_v6.pdb,404,0,not_found
2026-08-16T04:07:30.966553+00:00,P68564,afdb_v6_probe,P03297,https://alphafold.ebi.ac.uk/files/AF-P03297-F1-model_v6.pdb,404,0,not_found
2026-08-16T04:07:32.045673+00:00,P68586,uniprot_direct,P68586,https://rest.uniprot.org/uniprotkb/P68586.json,200,0,success
2026-08-16T04:07:33.024032+00:00,P68586,afdb_v6_probe,P68586,https://alphafold.ebi.ac.uk/files/AF-P68586-F1-model_v6.pdb,404,0,not_found
2026-08-16T04:07:34.228879+00:00,P68586,afdb_v6_probe,P05795,https://alphafold.ebi.ac.uk/files/AF-P05795-F1-model_v6.pdb,404,0,not_found
2026-08-16T04:07:35.316661+00:00,P68634,uniprot_direct,P68634,https://rest.uniprot.org/uniprotkb/P68634.json,200,0,success
2026-08-16T04:07:36.280999+00:00,P68634,afdb_v6_probe,P68634,https://alphafold.ebi.ac.uk/files/AF-P68634-F1-model_v6.pdb,404,0,not_found
2026-08-16T04:07:37.265987+00:00,P68634,afdb_v6_probe,P21035,https://alphafold.ebi.ac.uk/files/AF-P21035-F1-model_v6.pdb,404,0,not_found
2026-08-16T04:07:38.516637+00:00,P68635,uniprot_direct,P68635,https://rest.uniprot.org/uniprotkb/P68635.json,200,0,success
2026-08-16T04:07:39.477018+00:00,P68635,afdb_v6_probe,P68635,https://alphafold.ebi.ac.uk/files/AF-P68635-F1-model_v6.pdb,404,0,not_found
2026-08-16T04:07:40.449363+00:00,P68635,afdb_v6_probe,P21035,https://alphafold.ebi.ac.uk/files/AF-P21035-F1-model_v6.pdb,404,0,not_found
2026-08-16T04:07:41.831697+00:00,P68693,uniprot_direct,P68693,https://rest.uniprot.org/uniprotkb/P68693.json,200,0,success
2026-08-16T04:07:42.792502+00:00,P68693,afdb_v6_probe,P68693,https://alphafold.ebi.ac.uk/files/AF-P68693-F1-model_v6.pdb,404,0,not_found
2026-08-16T04:07:43.795804+00:00,P68693,afdb_v6_probe,P13410,https://alphafold.ebi.ac.uk/files/AF-P13410-F1-model_v6.pdb,404,0,not_found
2026-08-16T04:07:44.921316+00:00,P68761,uniprot_direct,P68761,https://rest.uniprot.org/uniprotkb/P68761.json,200,0,success
2026-08-16T04:07:45.883956+00:00,P68761,afdb_v6_probe,P68761,https://alphafold.ebi.ac.uk/files/AF-P68761-F1-model_v6.pdb,404,0,not_found
2026-08-16T04:07:47.239510+00:00,P68761,afdb_v6_probe,P07969,https://alphafold.ebi.ac.uk/files/AF-P07969-F1-model_v6.pdb,404,0,not_found
2026-08-16T04:07:51.225788+00:00,P68762,uniprot_direct,P68762,https://rest.uniprot.org/uniprotkb/P68762.json,200,0,success
2026-08-16T04:07:52.192424+00:00,P68762,afdb_v6_probe,P68762,https://alphafold.ebi.ac.uk/files/AF-P68762-F1-model_v6.pdb,404,0,not_found
2026-08-16T04:07:53.232879+00:00,P68762,afdb_v6_probe,P07969,https://alphafold.ebi.ac.uk/files/AF-P07969-F1-model_v6.pdb,404,0,not_found
2026-08-16T04:07:54.211990+00:00,P68762,afdb_v6_probe,Q6I7C1,https://alphafold.ebi.ac.uk/files/AF-Q6I7C1-F1-model_v6.pdb,404,0,not_found
2026-08-16T04:07:55.329306+00:00,P69185,uniprot_direct,P69185,https://rest.uniprot.org/uniprotkb/P69185.json,200,0,success
2026-08-16T04:07:56.577363+00:00,P69185,afdb_v6_probe,P69185,https://alphafold.ebi.ac.uk/files/AF-P69185-F1-model_v6.pdb,404,0,not_found
2026-08-16T04:07:57.542929+00:00,P69185,afdb_v6_probe,P09100,https://alphafold.ebi.ac.uk/files/AF-P09100-F1-model_v6.pdb,404,0,not_found
2026-08-16T04:07:58.558170+00:00,P69185,afdb_v6_probe,P28856,https://alphafold.ebi.ac.uk/files/AF-P28856-F1-model_v6.pdb,404,0,not_found
2026-08-16T04:07:59.594175+00:00,P69186,uniprot_direct,P69186,https://rest.uniprot.org/uniprotkb/P69186.json,200,0,success
2026-08-16T04:08:00.565555+00:00,P69186,afdb_v6_probe,P69186,https://alphafold.ebi.ac.uk/files/AF-P69186-F1-model_v6.pdb,404,0,not_found
2026-08-16T04:08:01.528397+00:00,P69186,afdb_v6_probe,P09100,https://alphafold.ebi.ac.uk/files/AF-P09100-F1-model_v6.pdb,404,0,not_found
2026-08-16T04:08:02.586499+00:00,P69186,afdb_v6_probe,P28856,https://alphafold.ebi.ac.uk/files/AF-P28856-F1-model_v6.pdb,404,0,not_found
2026-08-16T04:08:03.680769+00:00,P69484,uniprot_direct,P69484,https://rest.uniprot.org/uniprotkb/P69484.json,200,0,success
2026-08-16T04:08:04.633384+00:00,P69484,afdb_v6_probe,P69484,https://alphafold.ebi.ac.uk/files/AF-P69484-F1-model_v6.pdb,404,0,not_found
2026-08-16T04:08:05.923888+00:00,P69484,afdb_v6_probe,P54091,https://alphafold.ebi.ac.uk/files/AF-P54091-F1-model_v6.pdb,404,0,not_found
2026-08-16T04:08:06.970692+00:00,P69484,afdb_v6_probe,Q99151,https://alphafold.ebi.ac.uk/files/AF-Q99151-F1-model_v6.pdb,404,0,not_found
2026-08-16T04:08:07.991699+00:00,P69485,uniprot_direct,P69485,https://rest.uniprot.org/uniprotkb/P69485.json,200,0,success
2026-08-16T04:08:08.978834+00:00,P69485,afdb_v6_probe,P69485,https://alphafold.ebi.ac.uk/files/AF-P69485-F1-model_v6.pdb,404,0,not_found
2026-08-16T04:08:09.943544+00:00,P69485,afdb_v6_probe,P54091,https://alphafold.ebi.ac.uk/files/AF-P54091-F1-model_v6.pdb,404,0,not_found
2026-08-16T04:08:10.930579+00:00,P69485,afdb_v6_probe,Q99151,https://alphafold.ebi.ac.uk/files/AF-Q99151-F1-model_v6.pdb,404,0,not_found
2026-08-16T04:08:11.974075+00:00,P69520,uniprot_direct,P69520,https://rest.uniprot.org/uniprotkb/P69520.json,200,0,success
2026-08-16T04:08:12.956104+00:00,P69520,afdb_v6_probe,P69520,https://alphafold.ebi.ac.uk/files/AF-P69520-F1-model_v6.pdb,404,0,not_found
2026-08-16T04:08:13.937370+00:00,P69520,afdb_v6_probe,P03174,https://alphafold.ebi.ac.uk/files/AF-P03174-F1-model_v6.pdb,404,0,not_found
2026-08-16T04:08:15.799959+00:00,P69521,uniprot_direct,P69521,https://rest.uniprot.org/uniprotkb/P69521.json,200,0,success
2026-08-16T04:08:16.798481+00:00,P69521,afdb_v6_probe,P69521,https://alphafold.ebi.ac.uk/files/AF-P69521-F1-model_v6.pdb,404,0,not_found
2026-08-16T04:08:17.847984+00:00,P69521,afdb_v6_probe,P03174,https://alphafold.ebi.ac.uk/files/AF-P03174-F1-model_v6.pdb,404,0,not_found
2026-08-16T04:08:18.848224+00:00,P70551,uniprot_direct,P70551,https://rest.uniprot.org/uniprotkb/P70551.json,200,0,success
2026-08-16T04:08:40.878209+00:00,P70551,afdb_v6_probe,P70551,https://alphafold.ebi.ac.uk/files/AF-P70551-F1-model_v6.pdb,404,1,not_found
2026-08-16T04:08:41.954093+00:00,P70551,afdb_v6_probe,O70179,https://alphafold.ebi.ac.uk/files/AF-O70179-F1-model_v6.pdb,404,0,not_found
2026-08-16T04:08:43.089613+00:00,P71384,uniprot_direct,P71384,https://rest.uniprot.org/uniprotkb/P71384.json,200,0,success
2026-08-16T04:08:44.033817+00:00,P71384,afdb_v6_probe,P71384,https://alphafold.ebi.ac.uk/files/AF-P71384-F1-model_v6.pdb,404,0,not_found
2026-08-16T04:08:45.084946+00:00,P72581,uniprot_direct,P72581,https://rest.uniprot.org/uniprotkb/P72581.json,200,0,success
2026-08-16T04:08:46.060912+00:00,P72581,afdb_v6_probe,P72581,https://alphafold.ebi.ac.uk/files/AF-P72581-F1-model_v6.pdb,404,0,not_found
2026-08-16T04:08:47.717430+00:00,P75146,uniprot_direct,P75146,https://rest.uniprot.org/uniprotkb/P75146.json,200,0,success
2026-08-16T04:08:48.685537+00:00,P75146,afdb_v6_probe,P75146,https://alphafold.ebi.ac.uk/files/AF-P75146-F1-model_v6.pdb,404,0,not_found
2026-08-16T04:08:50.422470+00:00,P77868,uniprot_direct,P77868,https://rest.uniprot.org/uniprotkb/P77868.json,200,0,success
2026-08-16T04:08:51.374364+00:00,P77868,afdb_v6_probe,P77868,https://alphafold.ebi.ac.uk/files/AF-P77868-F1-model_v6.pdb,404,0,not_found
2026-08-16T04:08:53.036958+00:00,P77908,uniprot_direct,P77908,https://rest.uniprot.org/uniprotkb/P77908.json,200,0,success
2026-08-16T04:08:54.336233+00:00,P77908,afdb_v6_probe,P77908,https://alphafold.ebi.ac.uk/files/AF-P77908-F1-model_v6.pdb,404,0,not_found
2026-08-16T04:08:55.816192+00:00,P79303,uniprot_direct,P79303,https://rest.uniprot.org/uniprotkb/P79303.json,200,0,success
2026-08-16T04:08:56.775478+00:00,P79303,afdb_v6_probe,P79303,https://alphafold.ebi.ac.uk/files/AF-P79303-F1-model_v6.pdb,404,0,not_found
2026-08-16T04:08:57.803317+00:00,P79747,uniprot_direct,P79747,https://rest.uniprot.org/uniprotkb/P79747.json,200,0,success
2026-08-16T04:08:58.801498+00:00,P79747,afdb_v6_probe,P79747,https://alphafold.ebi.ac.uk/files/AF-P79747-F1-model_v6.pdb,404,0,not_found
2026-08-16T04:08:59.851534+00:00,P79747,afdb_v6_probe,Q8QFX5,https://alphafold.ebi.ac.uk/files/AF-Q8QFX5-F1-model_v6.pdb,404,0,not_found
2026-08-16T04:09:01.476639+00:00,P80037,uniprot_direct,P80037,https://rest.uniprot.org/uniprotkb/P80037.json,200,0,success
2026-08-16T04:09:02.425922+00:00,P80037,afdb_v6_probe,P80037,https://alphafold.ebi.ac.uk/files/AF-P80037-F1-model_v6.pdb,404,0,not_found
2026-08-16T04:09:03.634810+00:00,P80048,uniprot_direct,P80048,https://rest.uniprot.org/uniprotkb/P80048.json,200,0,success
2026-08-16T04:09:04.976845+00:00,P80048,afdb_v6_probe,P80048,https://alphafold.ebi.ac.uk/files/AF-P80048-F1-model_v6.pdb,404,0,not_found
2026-08-16T04:09:06.017862+00:00,P80081,uniprot_direct,P80081,https://rest.uniprot.org/uniprotkb/P80081.json,200,0,success
2026-08-16T04:09:07.748834+00:00,P80081,afdb_v6_probe,P80081,https://alphafold.ebi.ac.uk/files/AF-P80081-F1-model_v6.pdb,404,0,not_found
2026-08-16T04:09:08.896158+00:00,P80083,uniprot_direct,P80083,https://rest.uniprot.org/uniprotkb/P80083.json,200,0,success
2026-08-16T04:09:09.875054+00:00,P80083,afdb_v6_probe,P80083,https://alphafold.ebi.ac.uk/files/AF-P80083-F1-model_v6.pdb,404,0,not_found
2026-08-16T04:09:10.992573+00:00,P80212,uniprot_direct,P80212,https://rest.uniprot.org/uniprotkb/P80212.json,200,0,success
2026-08-16T04:09:11.969190+00:00,P80212,afdb_v6_probe,P80212,https://alphafold.ebi.ac.uk/files/AF-P80212-F1-model_v6.pdb,404,0,not_found
2026-08-16T04:09:13.159191+00:00,P80213,uniprot_direct,P80213,https://rest.uniprot.org/uniprotkb/P80213.json,200,0,success
2026-08-16T04:09:14.239175+00:00,P80213,afdb_v6_probe,P80213,https://alphafold.ebi.ac.uk/files/AF-P80213-F1-model_v6.pdb,404,0,not_found
2026-08-16T04:09:15.296788+00:00,P80225,uniprot_direct,P80225,https://rest.uniprot.org/uniprotkb/P80225.json,200,0,success
2026-08-16T04:09:16.272075+00:00,P80225,afdb_v6_probe,P80225,https://alphafold.ebi.ac.uk/files/AF-P80225-F1-model_v6.pdb,404,0,not_found
2026-08-16T04:09:17.459791+00:00,P80459,uniprot_direct,P80459,https://rest.uniprot.org/uniprotkb/P80459.json,200,0,success
2026-08-16T04:09:18.413479+00:00,P80459,afdb_v6_probe,P80459,https://alphafold.ebi.ac.uk/files/AF-P80459-F1-model_v6.pdb,404,0,not_found
2026-08-16T04:09:20.551506+00:00,P80464,uniprot_direct,P80464,https://rest.uniprot.org/uniprotkb/P80464.json,200,0,success
2026-08-16T04:09:21.527275+00:00,P80464,afdb_v6_probe,P80464,https://alphafold.ebi.ac.uk/files/AF-P80464-F1-model_v6.pdb,404,0,not_found
2026-08-16T04:09:22.610906+00:00,P80465,uniprot_direct,P80465,https://rest.uniprot.org/uniprotkb/P80465.json,200,0,success
2026-08-16T04:09:44.682733+00:00,P80465,afdb_v6_probe,P80465,https://alphafold.ebi.ac.uk/files/AF-P80465-F1-model_v6.pdb,404,1,not_found
2026-08-16T04:09:46.025867+00:00,P80466,uniprot_direct,P80466,https://rest.uniprot.org/uniprotkb/P80466.json,200,0,success
2026-08-16T04:09:47.761455+00:00,P80466,afdb_v6_probe,P80466,https://alphafold.ebi.ac.uk/files/AF-P80466-F1-model_v6.pdb,404,0,not_found
2026-08-16T04:09:48.846851+00:00,P80503,uniprot_direct,P80503,https://rest.uniprot.org/uniprotkb/P80503.json,200,0,success
2026-08-16T04:09:49.811984+00:00,P80503,afdb_v6_probe,P80503,https://alphafold.ebi.ac.uk/files/AF-P80503-F1-model_v6.pdb,404,0,not_found
2026-08-16T04:09:50.835299+00:00,P80525,uniprot_direct,P80525,https://rest.uniprot.org/uniprotkb/P80525.json,200,0,success
2026-08-16T04:09:51.881139+00:00,P80525,afdb_v6_probe,P80525,https://alphafold.ebi.ac.uk/files/AF-P80525-F1-model_v6.pdb,404,0,not_found
2026-08-16T04:09:52.955008+00:00,P80539,uniprot_direct,P80539,https://rest.uniprot.org/uniprotkb/P80539.json,200,0,success
2026-08-16T04:09:53.945012+00:00,P80539,afdb_v6_probe,P80539,https://alphafold.ebi.ac.uk/files/AF-P80539-F1-model_v6.pdb,404,0,not_found
2026-08-16T04:09:54.953574+00:00,P80540,uniprot_direct,P80540,https://rest.uniprot.org/uniprotkb/P80540.json,200,0,success
2026-08-16T04:09:56.945928+00:00,P80540,afdb_v6_probe,P80540,https://alphafold.ebi.ac.uk/files/AF-P80540-F1-model_v6.pdb,404,0,not_found
2026-08-16T04:09:58.351777+00:00,P80542,uniprot_direct,P80542,https://rest.uniprot.org/uniprotkb/P80542.json,200,0,success
2026-08-16T04:09:59.414834+00:00,P80542,afdb_v6_probe,P80542,https://alphafold.ebi.ac.uk/files/AF-P80542-F1-model_v6.pdb,404,0,not_found
2026-08-16T04:10:00.717247+00:00,P80543,uniprot_direct,P80543,https://rest.uniprot.org/uniprotkb/P80543.json,200,0,success
2026-08-16T04:10:01.771396+00:00,P80543,afdb_v6_probe,P80543,https://alphafold.ebi.ac.uk/files/AF-P80543-F1-model_v6.pdb,404,0,not_found
2026-08-16T04:10:02.760325+00:00,P80550,uniprot_direct,P80550,https://rest.uniprot.org/uniprotkb/P80550.json,200,0,success
2026-08-16T04:10:03.747534+00:00,P80550,afdb_v6_probe,P80550,https://alphafold.ebi.ac.uk/files/AF-P80550-F1-model_v6.pdb,404,0,not_found
2026-08-16T04:10:04.764191+00:00,P80550,afdb_v6_probe,F1RSB4,https://alphafold.ebi.ac.uk/files/AF-F1RSB4-F1-model_v6.pdb,200,0,available
2026-08-16T04:10:05.932292+00:00,P80616,uniprot_direct,P80616,https://rest.uniprot.org/uniprotkb/P80616.json,200,0,success
2026-08-16T04:10:06.872712+00:00,P80616,afdb_v6_probe,P80616,https://alphafold.ebi.ac.uk/files/AF-P80616-F1-model_v6.pdb,404,0,not_found
2026-08-16T04:10:07.947857+00:00,P80619,uniprot_direct,P80619,https://rest.uniprot.org/uniprotkb/P80619.json,200,0,success
2026-08-16T04:10:08.922692+00:00,P80619,afdb_v6_probe,P80619,https://alphafold.ebi.ac.uk/files/AF-P80619-F1-model_v6.pdb,404,0,not_found
2026-08-16T04:10:10.074716+00:00,P80652,uniprot_direct,P80652,https://rest.uniprot.org/uniprotkb/P80652.json,200,0,success
2026-08-16T04:10:11.127942+00:00,P80652,afdb_v6_probe,P80652,https://alphafold.ebi.ac.uk/files/AF-P80652-F1-model_v6.pdb,404,0,not_found
2026-08-16T04:10:13.714861+00:00,P80659,uniprot_direct,P80659,https://rest.uniprot.org/uniprotkb/P80659.json,200,0,success
2026-08-16T04:10:14.693564+00:00,P80659,afdb_v6_probe,P80659,https://alphafold.ebi.ac.uk/files/AF-P80659-F1-model_v6.pdb,404,0,not_found
2026-08-16T04:10:15.681898+00:00,P80701,uniprot_direct,P80701,https://rest.uniprot.org/uniprotkb/P80701.json,200,0,success
2026-08-16T04:10:16.654522+00:00,P80701,afdb_v6_probe,P80701,https://alphafold.ebi.ac.uk/files/AF-P80701-F1-model_v6.pdb,404,0,not_found
2026-08-16T04:10:17.704097+00:00,P80994,uniprot_direct,P80994,https://rest.uniprot.org/uniprotkb/P80994.json,200,0,success
2026-08-16T04:10:18.765168+00:00,P80994,afdb_v6_probe,P80994,https://alphafold.ebi.ac.uk/files/AF-P80994-F1-model_v6.pdb,404,0,not_found
2026-08-16T04:10:19.782281+00:00,P81011,uniprot_direct,P81011,https://rest.uniprot.org/uniprotkb/P81011.json,200,0,success
2026-08-16T04:10:20.753046+00:00,P81011,afdb_v6_probe,P81011,https://alphafold.ebi.ac.uk/files/AF-P81011-F1-model_v6.pdb,404,0,not_found
2026-08-16T04:10:22.305940+00:00,P81012,uniprot_direct,P81012,https://rest.uniprot.org/uniprotkb/P81012.json,200,0,success
2026-08-16T04:10:23.259711+00:00,P81012,afdb_v6_probe,P81012,https://alphafold.ebi.ac.uk/files/AF-P81012-F1-model_v6.pdb,404,0,not_found
2026-08-16T04:10:24.266681+00:00,P81098,uniprot_direct,P81098,https://rest.uniprot.org/uniprotkb/P81098.json,200,0,success
2026-08-16T04:10:25.215370+00:00,P81098,afdb_v6_probe,P81098,https://alphafold.ebi.ac.uk/files/AF-P81098-F1-model_v6.pdb,404,0,not_found
2026-08-16T04:10:26.199924+00:00,P81107,uniprot_direct,P81107,https://rest.uniprot.org/uniprotkb/P81107.json,200,0,success
2026-08-16T04:10:27.162931+00:00,P81107,afdb_v6_probe,P81107,https://alphafold.ebi.ac.uk/files/AF-P81107-F1-model_v6.pdb,404,0,not_found
2026-08-16T04:10:28.518838+00:00,P81123,uniprot_direct,P81123,https://rest.uniprot.org/uniprotkb/P81123.json,200,0,success
2026-08-16T04:10:29.512923+00:00,P81123,afdb_v6_probe,P81123,https://alphafold.ebi.ac.uk/files/AF-P81123-F1-model_v6.pdb,404,0,not_found
2026-08-16T04:10:30.670747+00:00,P81173,uniprot_direct,P81173,https://rest.uniprot.org/uniprotkb/P81173.json,200,0,success
2026-08-16T04:10:31.652035+00:00,P81173,afdb_v6_probe,P81173,https://alphafold.ebi.ac.uk/files/AF-P81173-F1-model_v6.pdb,404,0,not_found
2026-08-16T04:10:53.768730+00:00,P81174,uniprot_direct,P81174,https://rest.uniprot.org/uniprotkb/P81174.json,200,1,success
2026-08-16T04:10:54.733325+00:00,P81174,afdb_v6_probe,P81174,https://alphafold.ebi.ac.uk/files/AF-P81174-F1-model_v6.pdb,404,0,not_found
2026-08-16T04:10:56.204967+00:00,P81185,uniprot_direct,P81185,https://rest.uniprot.org/uniprotkb/P81185.json,200,0,success
2026-08-16T04:10:57.392118+00:00,P81185,afdb_v6_probe,P81185,https://alphafold.ebi.ac.uk/files/AF-P81185-F1-model_v6.pdb,404,0,not_found
2026-08-16T04:10:58.416178+00:00,P81337,uniprot_direct,P81337,https://rest.uniprot.org/uniprotkb/P81337.json,200,0,success
2026-08-16T04:10:59.394176+00:00,P81337,afdb_v6_probe,P81337,https://alphafold.ebi.ac.uk/files/AF-P81337-F1-model_v6.pdb,404,0,not_found
2026-08-16T04:11:00.432337+00:00,P81340,uniprot_direct,P81340,https://rest.uniprot.org/uniprotkb/P81340.json,200,0,success
2026-08-16T04:11:01.429678+00:00,P81340,afdb_v6_probe,P81340,https://alphafold.ebi.ac.uk/files/AF-P81340-F1-model_v6.pdb,404,0,not_found
2026-08-16T04:11:02.500185+00:00,P81344,uniprot_direct,P81344,https://rest.uniprot.org/uniprotkb/P81344.json,200,0,success
2026-08-16T04:11:03.490196+00:00,P81344,afdb_v6_probe,P81344,https://alphafold.ebi.ac.uk/files/AF-P81344-F1-model_v6.pdb,404,0,not_found
2026-08-16T04:11:04.467520+00:00,P81346,uniprot_direct,P81346,https://rest.uniprot.org/uniprotkb/P81346.json,200,0,success
2026-08-16T04:11:05.511682+00:00,P81346,afdb_v6_probe,P81346,https://alphafold.ebi.ac.uk/files/AF-P81346-F1-model_v6.pdb,404,0,not_found
2026-08-16T04:11:06.610750+00:00,P81347,uniprot_direct,P81347,https://rest.uniprot.org/uniprotkb/P81347.json,200,0,success
2026-08-16T04:11:07.591848+00:00,P81347,afdb_v6_probe,P81347,https://alphafold.ebi.ac.uk/files/AF-P81347-F1-model_v6.pdb,404,0,not_found
2026-08-16T04:11:09.168271+00:00,P81348,uniprot_direct,P81348,https://rest.uniprot.org/uniprotkb/P81348.json,200,0,success
2026-08-16T04:11:10.130532+00:00,P81348,afdb_v6_probe,P81348,https://alphafold.ebi.ac.uk/files/AF-P81348-F1-model_v6.pdb,404,0,not_found
2026-08-16T04:11:11.227682+00:00,P81356,uniprot_direct,P81356,https://rest.uniprot.org/uniprotkb/P81356.json,200,0,success
2026-08-16T04:11:12.225925+00:00,P81356,afdb_v6_probe,P81356,https://alphafold.ebi.ac.uk/files/AF-P81356-F1-model_v6.pdb,404,0,not_found
2026-08-16T04:11:13.245841+00:00,P81357,uniprot_direct,P81357,https://rest.uniprot.org/uniprotkb/P81357.json,200,0,success
2026-08-16T04:11:14.971766+00:00,P81357,afdb_v6_probe,P81357,https://alphafold.ebi.ac.uk/files/AF-P81357-F1-model_v6.pdb,404,0,not_found
2026-08-16T04:11:16.059295+00:00,P81420,uniprot_direct,P81420,https://rest.uniprot.org/uniprotkb/P81420.json,200,0,success
2026-08-16T04:11:38.061537+00:00,P81420,afdb_v6_probe,P81420,https://alphafold.ebi.ac.uk/files/AF-P81420-F1-model_v6.pdb,404,1,not_found
2026-08-16T04:11:39.074818+00:00,P81643,uniprot_direct,P81643,https://rest.uniprot.org/uniprotkb/P81643.json,200,0,success
2026-08-16T04:11:40.069141+00:00,P81643,afdb_v6_probe,P81643,https://alphafold.ebi.ac.uk/files/AF-P81643-F1-model_v6.pdb,404,0,not_found
2026-08-16T04:11:41.081495+00:00,P81663,uniprot_direct,P81663,https://rest.uniprot.org/uniprotkb/P81663.json,200,0,success
2026-08-16T04:11:42.039700+00:00,P81663,afdb_v6_probe,P81663,https://alphafold.ebi.ac.uk/files/AF-P81663-F1-model_v6.pdb,404,0,not_found
2026-08-16T04:11:43.363063+00:00,P81895,uniprot_direct,P81895,https://rest.uniprot.org/uniprotkb/P81895.json,200,0,success
2026-08-16T04:11:44.366088+00:00,P81895,afdb_v6_probe,P81895,https://alphafold.ebi.ac.uk/files/AF-P81895-F1-model_v6.pdb,404,0,not_found
2026-08-16T04:11:45.364859+00:00,P81896,uniprot_direct,P81896,https://rest.uniprot.org/uniprotkb/P81896.json,200,0,success
2026-08-16T04:11:46.347861+00:00,P81896,afdb_v6_probe,P81896,https://alphafold.ebi.ac.uk/files/AF-P81896-F1-model_v6.pdb,404,0,not_found
2026-08-16T04:11:48.529331+00:00,P82607,uniprot_direct,P82607,https://rest.uniprot.org/uniprotkb/P82607.json,200,0,success
2026-08-16T04:11:53.241408+00:00,P82607,afdb_v6_probe,P82607,https://alphafold.ebi.ac.uk/files/AF-P82607-F1-model_v6.pdb,404,0,not_found
2026-08-16T04:11:54.273511+00:00,P82608,uniprot_direct,P82608,https://rest.uniprot.org/uniprotkb/P82608.json,200,0,success
2026-08-16T04:11:55.326451+00:00,P82608,afdb_v6_probe,P82608,https://alphafold.ebi.ac.uk/files/AF-P82608-F1-model_v6.pdb,404,0,not_found
2026-08-16T04:11:57.241969+00:00,P82609,uniprot_direct,P82609,https://rest.uniprot.org/uniprotkb/P82609.json,200,0,success
2026-08-16T04:11:58.981929+00:00,P82609,afdb_v6_probe,P82609,https://alphafold.ebi.ac.uk/files/AF-P82609-F1-model_v6.pdb,404,0,not_found
2026-08-16T04:12:01.011174+00:00,P82679,uniprot_direct,P82679,https://rest.uniprot.org/uniprotkb/P82679.json,200,0,success
2026-08-16T04:12:02.064386+00:00,P82679,afdb_v6_probe,P82679,https://alphafold.ebi.ac.uk/files/AF-P82679-F1-model_v6.pdb,404,0,not_found
2026-08-16T04:12:03.336502+00:00,P82809,uniprot_direct,P82809,https://rest.uniprot.org/uniprotkb/P82809.json,200,0,success
2026-08-16T04:12:04.317343+00:00,P82809,afdb_v6_probe,P82809,https://alphafold.ebi.ac.uk/files/AF-P82809-F1-model_v6.pdb,404,0,not_found
2026-08-16T04:12:05.399575+00:00,P82810,uniprot_direct,P82810,https://rest.uniprot.org/uniprotkb/P82810.json,200,0,success
2026-08-16T04:12:06.678889+00:00,P82810,afdb_v6_probe,P82810,https://alphafold.ebi.ac.uk/files/AF-P82810-F1-model_v6.pdb,404,0,not_found
2026-08-16T04:12:07.750359+00:00,P82816,uniprot_direct,P82816,https://rest.uniprot.org/uniprotkb/P82816.json,200,0,success
2026-08-16T04:12:09.474427+00:00,P82816,afdb_v6_probe,P82816,https://alphafold.ebi.ac.uk/files/AF-P82816-F1-model_v6.pdb,404,0,not_found
2026-08-16T04:12:10.491693+00:00,P82858,uniprot_direct,P82858,https://rest.uniprot.org/uniprotkb/P82858.json,200,0,success
2026-08-16T04:12:12.236321+00:00,P82858,afdb_v6_probe,P82858,https://alphafold.ebi.ac.uk/files/AF-P82858-F1-model_v6.pdb,404,0,not_found
2026-08-16T04:12:13.379343+00:00,P82893,uniprot_direct,P82893,https://rest.uniprot.org/uniprotkb/P82893.json,200,0,success
2026-08-16T04:12:14.423392+00:00,P82893,afdb_v6_probe,P82893,https://alphafold.ebi.ac.uk/files/AF-P82893-F1-model_v6.pdb,404,0,not_found
2026-08-16T04:12:16.362240+00:00,P82996,uniprot_direct,P82996,https://rest.uniprot.org/uniprotkb/P82996.json,200,0,success
2026-08-16T04:12:17.418215+00:00,P82996,afdb_v6_probe,P82996,https://alphafold.ebi.ac.uk/files/AF-P82996-F1-model_v6.pdb,404,0,not_found
2026-08-16T04:12:18.453311+00:00,P82999,uniprot_direct,P82999,https://rest.uniprot.org/uniprotkb/P82999.json,200,0,success
2026-08-16T04:12:19.467804+00:00,P82999,afdb_v6_probe,P82999,https://alphafold.ebi.ac.uk/files/AF-P82999-F1-model_v6.pdb,404,0,not_found
2026-08-16T04:12:20.469034+00:00,P83000,uniprot_direct,P83000,https://rest.uniprot.org/uniprotkb/P83000.json,200,0,success
2026-08-16T04:12:21.483224+00:00,P83000,afdb_v6_probe,P83000,https://alphafold.ebi.ac.uk/files/AF-P83000-F1-model_v6.pdb,404,0,not_found
2026-08-16T04:12:23.891426+00:00,P83049,uniprot_direct,P83049,https://rest.uniprot.org/uniprotkb/P83049.json,200,0,success
2026-08-16T04:12:24.847821+00:00,P83049,afdb_v6_probe,P83049,https://alphafold.ebi.ac.uk/files/AF-P83049-F1-model_v6.pdb,404,0,not_found
2026-08-16T04:12:26.075221+00:00,P83077,uniprot_direct,P83077,https://rest.uniprot.org/uniprotkb/P83077.json,200,0,success
2026-08-16T04:12:27.051963+00:00,P83077,afdb_v6_probe,P83077,https://alphafold.ebi.ac.uk/files/AF-P83077-F1-model_v6.pdb,404,0,not_found
2026-08-16T04:12:28.899712+00:00,P83127,uniprot_direct,P83127,https://rest.uniprot.org/uniprotkb/P83127.json,200,0,success
2026-08-16T04:12:29.887433+00:00,P83127,afdb_v6_probe,P83127,https://alphafold.ebi.ac.uk/files/AF-P83127-F1-model_v6.pdb,404,0,not_found
2026-08-16T04:12:31.005558+00:00,P83200,uniprot_direct,P83200,https://rest.uniprot.org/uniprotkb/P83200.json,200,0,success
2026-08-16T04:12:53.066197+00:00,P83200,afdb_v6_probe,P83200,https://alphafold.ebi.ac.uk/files/AF-P83200-F1-model_v6.pdb,404,1,not_found
2026-08-16T04:12:54.449756+00:00,P83246,uniprot_direct,P83246,https://rest.uniprot.org/uniprotkb/P83246.json,200,0,success
2026-08-16T04:12:55.498825+00:00,P83246,afdb_v6_probe,P83246,https://alphafold.ebi.ac.uk/files/AF-P83246-F1-model_v6.pdb,404,0,not_found
2026-08-16T04:12:56.562163+00:00,P83329,uniprot_direct,P83329,https://rest.uniprot.org/uniprotkb/P83329.json,200,0,success
2026-08-16T04:12:57.567920+00:00,P83329,afdb_v6_probe,P83329,https://alphafold.ebi.ac.uk/files/AF-P83329-F1-model_v6.pdb,404,0,not_found
2026-08-16T04:12:58.794025+00:00,P83373,uniprot_direct,P83373,https://rest.uniprot.org/uniprotkb/P83373.json,200,0,success
2026-08-16T04:13:00.104874+00:00,P83373,afdb_v6_probe,P83373,https://alphafold.ebi.ac.uk/files/AF-P83373-F1-model_v6.pdb,404,0,not_found
2026-08-16T04:13:01.135051+00:00,P83564,uniprot_direct,P83564,https://rest.uniprot.org/uniprotkb/P83564.json,200,0,success
2026-08-16T04:13:02.180975+00:00,P83564,afdb_v6_probe,P83564,https://alphafold.ebi.ac.uk/files/AF-P83564-F1-model_v6.pdb,404,0,not_found
2026-08-16T04:13:03.150017+00:00,P83564,afdb_v6_probe,A8IAD7,https://alphafold.ebi.ac.uk/files/AF-A8IAD7-F1-model_v6.pdb,404,0,not_found
2026-08-16T04:13:04.164897+00:00,P83601,uniprot_direct,P83601,https://rest.uniprot.org/uniprotkb/P83601.json,200,0,success
2026-08-16T04:13:05.142539+00:00,P83601,afdb_v6_probe,P83601,https://alphafold.ebi.ac.uk/files/AF-P83601-F1-model_v6.pdb,404,0,not_found
2026-08-16T04:13:06.818960+00:00,P83645,uniprot_direct,P83645,https://rest.uniprot.org/uniprotkb/P83645.json,200,0,success
2026-08-16T04:13:07.818685+00:00,P83645,afdb_v6_probe,P83645,https://alphafold.ebi.ac.uk/files/AF-P83645-F1-model_v6.pdb,404,0,not_found
2026-08-16T04:13:10.223177+00:00,P83662,uniprot_direct,P83662,https://rest.uniprot.org/uniprotkb/P83662.json,200,0,success
2026-08-16T04:13:11.188549+00:00,P83662,afdb_v6_probe,P83662,https://alphafold.ebi.ac.uk/files/AF-P83662-F1-model_v6.pdb,404,0,not_found
2026-08-16T04:13:12.411086+00:00,P83682,uniprot_direct,P83682,https://rest.uniprot.org/uniprotkb/P83682.json,200,0,success
2026-08-16T04:13:13.390331+00:00,P83682,afdb_v6_probe,P83682,https://alphafold.ebi.ac.uk/files/AF-P83682-F1-model_v6.pdb,404,0,not_found
2026-08-16T04:13:14.408545+00:00,P83708,uniprot_direct,P83708,https://rest.uniprot.org/uniprotkb/P83708.json,200,0,success
2026-08-16T04:13:15.358676+00:00,P83708,afdb_v6_probe,P83708,https://alphafold.ebi.ac.uk/files/AF-P83708-F1-model_v6.pdb,404,0,not_found
2026-08-16T04:13:16.347370+00:00,P83712,uniprot_direct,P83712,https://rest.uniprot.org/uniprotkb/P83712.json,200,0,success
2026-08-16T04:13:17.305026+00:00,P83712,afdb_v6_probe,P83712,https://alphafold.ebi.ac.uk/files/AF-P83712-F1-model_v6.pdb,404,0,not_found
2026-08-16T04:13:18.384059+00:00,P83715,uniprot_direct,P83715,https://rest.uniprot.org/uniprotkb/P83715.json,200,0,success
2026-08-16T04:13:19.340675+00:00,P83715,afdb_v6_probe,P83715,https://alphafold.ebi.ac.uk/files/AF-P83715-F1-model_v6.pdb,404,0,not_found
2026-08-16T04:13:20.375641+00:00,P83726,uniprot_direct,P83726,https://rest.uniprot.org/uniprotkb/P83726.json,200,0,success
2026-08-16T04:13:21.386025+00:00,P83726,afdb_v6_probe,P83726,https://alphafold.ebi.ac.uk/files/AF-P83726-F1-model_v6.pdb,404,0,not_found
2026-08-16T04:13:22.481285+00:00,P83813,uniprot_direct,P83813,https://rest.uniprot.org/uniprotkb/P83813.json,200,0,success
2026-08-16T04:13:23.750788+00:00,P83813,afdb_v6_probe,P83813,https://alphafold.ebi.ac.uk/files/AF-P83813-F1-model_v6.pdb,404,0,not_found
2026-08-16T04:13:24.764656+00:00,P83855,uniprot_direct,P83855,https://rest.uniprot.org/uniprotkb/P83855.json,200,0,success
2026-08-16T04:13:26.053457+00:00,P83855,afdb_v6_probe,P83855,https://alphafold.ebi.ac.uk/files/AF-P83855-F1-model_v6.pdb,404,0,not_found
2026-08-16T04:13:27.098205+00:00,P84178,uniprot_direct,P84178,https://rest.uniprot.org/uniprotkb/P84178.json,200,0,success
2026-08-16T04:13:28.073837+00:00,P84178,afdb_v6_probe,P84178,https://alphafold.ebi.ac.uk/files/AF-P84178-F1-model_v6.pdb,404,0,not_found
2026-08-16T04:13:29.058912+00:00,P84390,uniprot_direct,P84390,https://rest.uniprot.org/uniprotkb/P84390.json,200,0,success
2026-08-16T04:13:30.006199+00:00,P84390,afdb_v6_probe,P84390,https://alphafold.ebi.ac.uk/files/AF-P84390-F1-model_v6.pdb,404,0,not_found
2026-08-16T04:13:30.967433+00:00,P84390,afdb_v6_probe,Q6S6W2,https://alphafold.ebi.ac.uk/files/AF-Q6S6W2-F1-model_v6.pdb,404,0,not_found
2026-08-16T04:13:32.035558+00:00,P84391,uniprot_direct,P84391,https://rest.uniprot.org/uniprotkb/P84391.json,200,0,success
2026-08-16T04:13:33.020067+00:00,P84391,afdb_v6_probe,P84391,https://alphafold.ebi.ac.uk/files/AF-P84391-F1-model_v6.pdb,404,0,not_found
2026-08-16T04:13:34.017003+00:00,P84391,afdb_v6_probe,Q6S6S3,https://alphafold.ebi.ac.uk/files/AF-Q6S6S3-F1-model_v6.pdb,404,0,not_found
2026-08-16T04:13:35.949229+00:00,P84472,uniprot_direct,P84472,https://rest.uniprot.org/uniprotkb/P84472.json,200,0,success
2026-08-16T04:13:36.998692+00:00,P84472,afdb_v6_probe,P84472,https://alphafold.ebi.ac.uk/files/AF-P84472-F1-model_v6.pdb,404,0,not_found
2026-08-16T04:13:39.144285+00:00,P84474,uniprot_direct,P84474,https://rest.uniprot.org/uniprotkb/P84474.json,200,0,success
2026-08-16T04:13:40.113364+00:00,P84474,afdb_v6_probe,P84474,https://alphafold.ebi.ac.uk/files/AF-P84474-F1-model_v6.pdb,404,0,not_found
2026-08-16T04:13:41.645480+00:00,P84475,uniprot_direct,P84475,https://rest.uniprot.org/uniprotkb/P84475.json,200,0,success
2026-08-16T04:13:42.582147+00:00,P84475,afdb_v6_probe,P84475,https://alphafold.ebi.ac.uk/files/AF-P84475-F1-model_v6.pdb,404,0,not_found
2026-08-16T04:13:43.690284+00:00,P84520,uniprot_direct,P84520,https://rest.uniprot.org/uniprotkb/P84520.json,200,0,success
2026-08-16T04:13:44.663346+00:00,P84520,afdb_v6_probe,P84520,https://alphafold.ebi.ac.uk/files/AF-P84520-F1-model_v6.pdb,404,0,not_found
2026-08-16T04:13:45.782859+00:00,P84532,uniprot_direct,P84532,https://rest.uniprot.org/uniprotkb/P84532.json,200,0,success
2026-08-16T04:13:46.811107+00:00,P84532,afdb_v6_probe,P84532,https://alphafold.ebi.ac.uk/files/AF-P84532-F1-model_v6.pdb,404,0,not_found
2026-08-16T04:13:48.834346+00:00,P84533,uniprot_direct,P84533,https://rest.uniprot.org/uniprotkb/P84533.json,200,0,success
2026-08-16T04:13:49.787356+00:00,P84533,afdb_v6_probe,P84533,https://alphafold.ebi.ac.uk/files/AF-P84533-F1-model_v6.pdb,404,0,not_found
2026-08-16T04:13:50.754211+00:00,P84534,uniprot_direct,P84534,https://rest.uniprot.org/uniprotkb/P84534.json,200,0,success
2026-08-16T04:13:51.701355+00:00,P84534,afdb_v6_probe,P84534,https://alphafold.ebi.ac.uk/files/AF-P84534-F1-model_v6.pdb,404,0,not_found
2026-08-16T04:13:52.719311+00:00,P84540,uniprot_direct,P84540,https://rest.uniprot.org/uniprotkb/P84540.json,200,0,success
2026-08-16T04:13:53.700980+00:00,P84540,afdb_v6_probe,P84540,https://alphafold.ebi.ac.uk/files/AF-P84540-F1-model_v6.pdb,404,0,not_found
2026-08-16T04:13:54.902517+00:00,P84544,uniprot_direct,P84544,https://rest.uniprot.org/uniprotkb/P84544.json,200,0,success
2026-08-16T04:13:55.888352+00:00,P84544,afdb_v6_probe,P84544,https://alphafold.ebi.ac.uk/files/AF-P84544-F1-model_v6.pdb,404,0,not_found
2026-08-16T04:13:56.937459+00:00,P84545,uniprot_direct,P84545,https://rest.uniprot.org/uniprotkb/P84545.json,200,0,success
2026-08-16T04:13:57.921521+00:00,P84545,afdb_v6_probe,P84545,https://alphafold.ebi.ac.uk/files/AF-P84545-F1-model_v6.pdb,404,0,not_found
2026-08-16T04:13:59.027905+00:00,P84547,uniprot_direct,P84547,https://rest.uniprot.org/uniprotkb/P84547.json,200,0,success
2026-08-16T04:13:59.996150+00:00,P84547,afdb_v6_probe,P84547,https://alphafold.ebi.ac.uk/files/AF-P84547-F1-model_v6.pdb,404,0,not_found
2026-08-16T04:14:01.780064+00:00,P84722,uniprot_direct,P84722,https://rest.uniprot.org/uniprotkb/P84722.json,200,0,success
2026-08-16T04:14:02.743076+00:00,P84722,afdb_v6_probe,P84722,https://alphafold.ebi.ac.uk/files/AF-P84722-F1-model_v6.pdb,404,0,not_found
2026-08-16T04:14:05.138158+00:00,P84752,uniprot_direct,P84752,https://rest.uniprot.org/uniprotkb/P84752.json,200,0,success
2026-08-16T04:14:06.123674+00:00,P84752,afdb_v6_probe,P84752,https://alphafold.ebi.ac.uk/files/AF-P84752-F1-model_v6.pdb,404,0,not_found
2026-08-16T04:14:07.244344+00:00,P84819,uniprot_direct,P84819,https://rest.uniprot.org/uniprotkb/P84819.json,200,0,success
2026-08-16T04:14:08.204381+00:00,P84819,afdb_v6_probe,P84819,https://alphafold.ebi.ac.uk/files/AF-P84819-F1-model_v6.pdb,404,0,not_found
2026-08-16T04:14:09.215384+00:00,P84819,afdb_v6_probe,Q9UWG1,https://alphafold.ebi.ac.uk/files/AF-Q9UWG1-F1-model_v6.pdb,404,0,not_found
2026-08-16T04:14:13.424063+00:00,P85026,uniprot_direct,P85026,https://rest.uniprot.org/uniprotkb/P85026.json,200,0,success
2026-08-16T04:14:14.399710+00:00,P85026,afdb_v6_probe,P85026,https://alphafold.ebi.ac.uk/files/AF-P85026-F1-model_v6.pdb,404,0,not_found
2026-08-16T04:14:15.665077+00:00,P85085,uniprot_direct,P85085,https://rest.uniprot.org/uniprotkb/P85085.json,200,0,success
2026-08-16T04:14:17.061342+00:00,P85085,afdb_v6_probe,P85085,https://alphafold.ebi.ac.uk/files/AF-P85085-F1-model_v6.pdb,404,0,not_found
2026-08-16T04:14:18.710669+00:00,P85317,uniprot_direct,P85317,https://rest.uniprot.org/uniprotkb/P85317.json,200,0,success
2026-08-16T04:14:19.660371+00:00,P85317,afdb_v6_probe,P85317,https://alphafold.ebi.ac.uk/files/AF-P85317-F1-model_v6.pdb,404,0,not_found
2026-08-16T04:14:20.765487+00:00,P85332,uniprot_direct,P85332,https://rest.uniprot.org/uniprotkb/P85332.json,200,0,success
2026-08-16T04:14:21.822813+00:00,P85332,afdb_v6_probe,P85332,https://alphafold.ebi.ac.uk/files/AF-P85332-F1-model_v6.pdb,404,0,not_found
2026-08-16T04:14:23.300660+00:00,P85333,uniprot_direct,P85333,https://rest.uniprot.org/uniprotkb/P85333.json,200,0,success
2026-08-16T04:14:24.296906+00:00,P85333,afdb_v6_probe,P85333,https://alphafold.ebi.ac.uk/files/AF-P85333-F1-model_v6.pdb,404,0,not_found
2026-08-16T04:14:25.384641+00:00,P85335,uniprot_direct,P85335,https://rest.uniprot.org/uniprotkb/P85335.json,200,0,success
2026-08-16T04:14:26.343813+00:00,P85335,afdb_v6_probe,P85335,https://alphafold.ebi.ac.uk/files/AF-P85335-F1-model_v6.pdb,404,0,not_found
2026-08-16T04:14:27.441519+00:00,P85346,uniprot_direct,P85346,https://rest.uniprot.org/uniprotkb/P85346.json,200,0,success
2026-08-16T04:14:28.457370+00:00,P85346,afdb_v6_probe,P85346,https://alphafold.ebi.ac.uk/files/AF-P85346-F1-model_v6.pdb,404,0,not_found
2026-08-16T04:14:29.537784+00:00,P85347,uniprot_direct,P85347,https://rest.uniprot.org/uniprotkb/P85347.json,200,0,success
2026-08-16T04:14:30.535183+00:00,P85347,afdb_v6_probe,P85347,https://alphafold.ebi.ac.uk/files/AF-P85347-F1-model_v6.pdb,404,0,not_found
2026-08-16T04:14:31.998256+00:00,P85348,uniprot_direct,P85348,https://rest.uniprot.org/uniprotkb/P85348.json,200,0,success
2026-08-16T04:14:32.952039+00:00,P85348,afdb_v6_probe,P85348,https://alphafold.ebi.ac.uk/files/AF-P85348-F1-model_v6.pdb,404,0,not_found
2026-08-16T04:14:34.327168+00:00,P85349,uniprot_direct,P85349,https://rest.uniprot.org/uniprotkb/P85349.json,200,0,success
2026-08-16T04:14:35.343357+00:00,P85349,afdb_v6_probe,P85349,https://alphafold.ebi.ac.uk/files/AF-P85349-F1-model_v6.pdb,404,0,not_found
2026-08-16T04:14:36.313277+00:00,P85351,uniprot_direct,P85351,https://rest.uniprot.org/uniprotkb/P85351.json,200,0,success
2026-08-16T04:14:37.319190+00:00,P85351,afdb_v6_probe,P85351,https://alphafold.ebi.ac.uk/files/AF-P85351-F1-model_v6.pdb,404,0,not_found
2026-08-16T04:14:38.278777+00:00,P85362,uniprot_direct,P85362,https://rest.uniprot.org/uniprotkb/P85362.json,200,0,success
2026-08-16T04:15:01.183175+00:00,P85362,afdb_v6_probe,P85362,https://alphafold.ebi.ac.uk/files/AF-P85362-F1-model_v6.pdb,404,1,not_found
2026-08-16T04:15:03.168346+00:00,P85432,uniprot_direct,P85432,https://rest.uniprot.org/uniprotkb/P85432.json,200,0,success
2026-08-16T04:15:04.161372+00:00,P85432,afdb_v6_probe,P85432,https://alphafold.ebi.ac.uk/files/AF-P85432-F1-model_v6.pdb,404,0,not_found
2026-08-16T04:15:05.521411+00:00,P85434,uniprot_direct,P85434,https://rest.uniprot.org/uniprotkb/P85434.json,200,0,success
2026-08-16T04:15:06.512895+00:00,P85434,afdb_v6_probe,P85434,https://alphafold.ebi.ac.uk/files/AF-P85434-F1-model_v6.pdb,404,0,not_found
2026-08-16T04:15:07.748148+00:00,P85931,uniprot_direct,P85931,https://rest.uniprot.org/uniprotkb/P85931.json,200,0,success
2026-08-16T04:15:08.713018+00:00,P85931,afdb_v6_probe,P85931,https://alphafold.ebi.ac.uk/files/AF-P85931-F1-model_v6.pdb,404,0,not_found
2026-08-16T04:15:09.718388+00:00,P85940,uniprot_direct,P85940,https://rest.uniprot.org/uniprotkb/P85940.json,200,0,success
2026-08-16T04:15:10.726887+00:00,P85940,afdb_v6_probe,P85940,https://alphafold.ebi.ac.uk/files/AF-P85940-F1-model_v6.pdb,404,0,not_found
2026-08-16T04:15:11.799096+00:00,P85957,uniprot_direct,P85957,https://rest.uniprot.org/uniprotkb/P85957.json,200,0,success
2026-08-16T04:15:12.753378+00:00,P85957,afdb_v6_probe,P85957,https://alphafold.ebi.ac.uk/files/AF-P85957-F1-model_v6.pdb,404,0,not_found
2026-08-16T04:15:13.847530+00:00,P85976,uniprot_direct,P85976,https://rest.uniprot.org/uniprotkb/P85976.json,200,0,success
2026-08-16T04:15:14.831512+00:00,P85976,afdb_v6_probe,P85976,https://alphafold.ebi.ac.uk/files/AF-P85976-F1-model_v6.pdb,404,0,not_found
2026-08-16T04:15:18.524008+00:00,P85994,uniprot_direct,P85994,https://rest.uniprot.org/uniprotkb/P85994.json,200,0,success
2026-08-16T04:15:19.521577+00:00,P85994,afdb_v6_probe,P85994,https://alphafold.ebi.ac.uk/files/AF-P85994-F1-model_v6.pdb,404,0,not_found
2026-08-16T04:15:20.508833+00:00,P85995,uniprot_direct,P85995,https://rest.uniprot.org/uniprotkb/P85995.json,200,0,success
2026-08-16T04:15:21.561492+00:00,P85995,afdb_v6_probe,P85995,https://alphafold.ebi.ac.uk/files/AF-P85995-F1-model_v6.pdb,404,0,not_found
2026-08-16T04:15:22.821127+00:00,P85996,uniprot_direct,P85996,https://rest.uniprot.org/uniprotkb/P85996.json,200,0,success
2026-08-16T04:15:23.783762+00:00,P85996,afdb_v6_probe,P85996,https://alphafold.ebi.ac.uk/files/AF-P85996-F1-model_v6.pdb,404,0,not_found
2026-08-16T04:15:25.122086+00:00,P85998,uniprot_direct,P85998,https://rest.uniprot.org/uniprotkb/P85998.json,200,0,success
2026-08-16T04:15:26.184071+00:00,P85998,afdb_v6_probe,P85998,https://alphafold.ebi.ac.uk/files/AF-P85998-F1-model_v6.pdb,404,0,not_found
2026-08-16T04:15:27.553017+00:00,P86000,uniprot_direct,P86000,https://rest.uniprot.org/uniprotkb/P86000.json,200,0,success
2026-08-16T04:15:28.546546+00:00,P86000,afdb_v6_probe,P86000,https://alphafold.ebi.ac.uk/files/AF-P86000-F1-model_v6.pdb,404,0,not_found
2026-08-16T04:15:29.591067+00:00,P86002,uniprot_direct,P86002,https://rest.uniprot.org/uniprotkb/P86002.json,200,0,success
2026-08-16T04:15:30.570517+00:00,P86002,afdb_v6_probe,P86002,https://alphafold.ebi.ac.uk/files/AF-P86002-F1-model_v6.pdb,404,0,not_found
2026-08-16T04:15:31.717662+00:00,P86003,uniprot_direct,P86003,https://rest.uniprot.org/uniprotkb/P86003.json,200,0,success
2026-08-16T04:15:32.691946+00:00,P86003,afdb_v6_probe,P86003,https://alphafold.ebi.ac.uk/files/AF-P86003-F1-model_v6.pdb,404,0,not_found
2026-08-16T04:15:33.785235+00:00,P86004,uniprot_direct,P86004,https://rest.uniprot.org/uniprotkb/P86004.json,200,0,success
2026-08-16T04:15:34.875218+00:00,P86004,afdb_v6_probe,P86004,https://alphafold.ebi.ac.uk/files/AF-P86004-F1-model_v6.pdb,404,0,not_found
2026-08-16T04:15:36.013821+00:00,P86006,uniprot_direct,P86006,https://rest.uniprot.org/uniprotkb/P86006.json,200,0,success
2026-08-16T04:15:37.061661+00:00,P86006,afdb_v6_probe,P86006,https://alphafold.ebi.ac.uk/files/AF-P86006-F1-model_v6.pdb,404,0,not_found
2026-08-16T04:15:38.094636+00:00,P86007,uniprot_direct,P86007,https://rest.uniprot.org/uniprotkb/P86007.json,200,0,success
2026-08-16T04:15:40.043167+00:00,P86007,afdb_v6_probe,P86007,https://alphafold.ebi.ac.uk/files/AF-P86007-F1-model_v6.pdb,404,0,not_found
2026-08-16T04:15:41.126384+00:00,P86008,uniprot_direct,P86008,https://rest.uniprot.org/uniprotkb/P86008.json,200,0,success
2026-08-16T04:15:42.183860+00:00,P86008,afdb_v6_probe,P86008,https://alphafold.ebi.ac.uk/files/AF-P86008-F1-model_v6.pdb,404,0,not_found
2026-08-16T04:15:43.180171+00:00,P86054,uniprot_direct,P86054,https://rest.uniprot.org/uniprotkb/P86054.json,200,0,success
2026-08-16T04:15:44.843463+00:00,P86054,afdb_v6_probe,P86054,https://alphafold.ebi.ac.uk/files/AF-P86054-F1-model_v6.pdb,404,0,not_found
2026-08-16T04:15:45.947900+00:00,P86055,uniprot_direct,P86055,https://rest.uniprot.org/uniprotkb/P86055.json,200,0,success
2026-08-16T04:15:46.961648+00:00,P86055,afdb_v6_probe,P86055,https://alphafold.ebi.ac.uk/files/AF-P86055-F1-model_v6.pdb,404,0,not_found
2026-08-16T04:15:47.929679+00:00,P86056,uniprot_direct,P86056,https://rest.uniprot.org/uniprotkb/P86056.json,200,0,success
2026-08-16T04:15:48.910738+00:00,P86056,afdb_v6_probe,P86056,https://alphafold.ebi.ac.uk/files/AF-P86056-F1-model_v6.pdb,404,0,not_found
2026-08-16T04:15:49.865320+00:00,P86057,uniprot_direct,P86057,https://rest.uniprot.org/uniprotkb/P86057.json,200,0,success
2026-08-16T04:15:50.861702+00:00,P86057,afdb_v6_probe,P86057,https://alphafold.ebi.ac.uk/files/AF-P86057-F1-model_v6.pdb,404,0,not_found
2026-08-16T04:15:52.585512+00:00,P86062,uniprot_direct,P86062,https://rest.uniprot.org/uniprotkb/P86062.json,200,0,success
2026-08-16T04:15:53.572438+00:00,P86062,afdb_v6_probe,P86062,https://alphafold.ebi.ac.uk/files/AF-P86062-F1-model_v6.pdb,404,0,not_found
2026-08-16T04:15:54.548644+00:00,P86064,uniprot_direct,P86064,https://rest.uniprot.org/uniprotkb/P86064.json,200,0,success
2026-08-16T04:15:55.558656+00:00,P86064,afdb_v6_probe,P86064,https://alphafold.ebi.ac.uk/files/AF-P86064-F1-model_v6.pdb,404,0,not_found
2026-08-16T04:15:56.780952+00:00,P86066,uniprot_direct,P86066,https://rest.uniprot.org/uniprotkb/P86066.json,200,0,success
2026-08-16T04:15:57.809857+00:00,P86066,afdb_v6_probe,P86066,https://alphafold.ebi.ac.uk/files/AF-P86066-F1-model_v6.pdb,404,0,not_found
2026-08-16T04:15:58.910530+00:00,P86067,uniprot_direct,P86067,https://rest.uniprot.org/uniprotkb/P86067.json,200,0,success
2026-08-16T04:15:59.930450+00:00,P86067,afdb_v6_probe,P86067,https://alphafold.ebi.ac.uk/files/AF-P86067-F1-model_v6.pdb,404,0,not_found
2026-08-16T04:16:01.027995+00:00,P86517,uniprot_direct,P86517,https://rest.uniprot.org/uniprotkb/P86517.json,200,0,success
2026-08-16T04:16:02.079026+00:00,P86517,afdb_v6_probe,P86517,https://alphafold.ebi.ac.uk/files/AF-P86517-F1-model_v6.pdb,404,0,not_found
2026-08-16T04:16:03.130737+00:00,P86542,uniprot_direct,P86542,https://rest.uniprot.org/uniprotkb/P86542.json,200,0,success
2026-08-16T04:16:04.093769+00:00,P86542,afdb_v6_probe,P86542,https://alphafold.ebi.ac.uk/files/AF-P86542-F1-model_v6.pdb,404,0,not_found
2026-08-16T04:16:06.193372+00:00,P86699,uniprot_direct,P86699,https://rest.uniprot.org/uniprotkb/P86699.json,200,0,success
2026-08-16T04:16:07.140380+00:00,P86699,afdb_v6_probe,P86699,https://alphafold.ebi.ac.uk/files/AF-P86699-F1-model_v6.pdb,404,0,not_found
2026-08-16T04:16:08.169493+00:00,P86833,uniprot_direct,P86833,https://rest.uniprot.org/uniprotkb/P86833.json,200,0,success
2026-08-16T04:16:09.148416+00:00,P86833,afdb_v6_probe,P86833,https://alphafold.ebi.ac.uk/files/AF-P86833-F1-model_v6.pdb,404,0,not_found
2026-08-16T04:16:10.308409+00:00,P86974,uniprot_direct,P86974,https://rest.uniprot.org/uniprotkb/P86974.json,200,0,success
2026-08-16T04:16:11.320290+00:00,P86974,afdb_v6_probe,P86974,https://alphafold.ebi.ac.uk/files/AF-P86974-F1-model_v6.pdb,404,0,not_found
2026-08-16T04:16:13.183163+00:00,P86978,uniprot_direct,P86978,https://rest.uniprot.org/uniprotkb/P86978.json,200,0,success
2026-08-16T04:16:14.173160+00:00,P86978,afdb_v6_probe,P86978,https://alphafold.ebi.ac.uk/files/AF-P86978-F1-model_v6.pdb,404,0,not_found
2026-08-16T04:16:15.151320+00:00,P86980,uniprot_direct,P86980,https://rest.uniprot.org/uniprotkb/P86980.json,200,0,success
2026-08-16T04:16:17.516169+00:00,P86980,afdb_v6_probe,P86980,https://alphafold.ebi.ac.uk/files/AF-P86980-F1-model_v6.pdb,404,0,not_found
2026-08-16T04:16:18.518732+00:00,P87630,uniprot_direct,P87630,https://rest.uniprot.org/uniprotkb/P87630.json,200,0,success
2026-08-16T04:16:19.490188+00:00,P87630,afdb_v6_probe,P87630,https://alphafold.ebi.ac.uk/files/AF-P87630-F1-model_v6.pdb,404,0,not_found
2026-08-16T04:16:20.574329+00:00,P87691,uniprot_direct,P87691,https://rest.uniprot.org/uniprotkb/P87691.json,200,0,success
2026-08-16T04:16:21.555783+00:00,P87691,afdb_v6_probe,P87691,https://alphafold.ebi.ac.uk/files/AF-P87691-F1-model_v6.pdb,404,0,not_found
2026-08-16T04:16:23.748253+00:00,P89079,uniprot_direct,P89079,https://rest.uniprot.org/uniprotkb/P89079.json,200,0,success
2026-08-16T04:16:24.711899+00:00,P89079,afdb_v6_probe,P89079,https://alphafold.ebi.ac.uk/files/AF-P89079-F1-model_v6.pdb,404,0,not_found
2026-08-16T04:16:25.703646+00:00,P89436,uniprot_direct,P89436,https://rest.uniprot.org/uniprotkb/P89436.json,200,0,success
2026-08-16T04:16:26.753837+00:00,P89436,afdb_v6_probe,P89436,https://alphafold.ebi.ac.uk/files/AF-P89436-F1-model_v6.pdb,404,0,not_found
2026-08-16T04:16:27.797248+00:00,P89446,uniprot_direct,P89446,https://rest.uniprot.org/uniprotkb/P89446.json,200,0,success
2026-08-16T04:16:28.762219+00:00,P89446,afdb_v6_probe,P89446,https://alphafold.ebi.ac.uk/files/AF-P89446-F1-model_v6.pdb,404,0,not_found
2026-08-16T04:16:29.762988+00:00,P89469,uniprot_direct,P89469,https://rest.uniprot.org/uniprotkb/P89469.json,200,0,success
2026-08-16T04:16:30.703391+00:00,P89469,afdb_v6_probe,P89469,https://alphafold.ebi.ac.uk/files/AF-P89469-F1-model_v6.pdb,404,0,not_found
2026-08-16T04:16:32.091092+00:00,P90463,uniprot_direct,P90463,https://rest.uniprot.org/uniprotkb/P90463.json,200,0,success
2026-08-16T04:16:37.254189+00:00,P90463,afdb_v6_probe,P90463,https://alphafold.ebi.ac.uk/files/AF-P90463-F1-model_v6.pdb,404,0,not_found
2026-08-16T04:16:38.965126+00:00,P90463,afdb_v6_probe,D0UZM0,https://alphafold.ebi.ac.uk/files/AF-D0UZM0-F1-model_v6.pdb,404,0,not_found
2026-08-16T04:16:39.940449+00:00,P90463,afdb_v6_probe,Q2HRC4,https://alphafold.ebi.ac.uk/files/AF-Q2HRC4-F1-model_v6.pdb,404,0,not_found
2026-08-16T04:16:41.260286+00:00,P93400,uniprot_direct,P93400,https://rest.uniprot.org/uniprotkb/P93400.json,200,0,success
2026-08-16T04:16:42.500057+00:00,P93400,afdb_v6_probe,P93400,https://alphafold.ebi.ac.uk/files/AF-P93400-F1-model_v6.pdb,404,0,not_found
2026-08-16T04:16:43.452956+00:00,P93400,afdb_v6_probe,P93399,https://alphafold.ebi.ac.uk/files/AF-P93399-F1-model_v6.pdb,404,0,not_found
2026-08-16T04:16:44.466427+00:00,P93906,uniprot_direct,P93906,https://rest.uniprot.org/uniprotkb/P93906.json,200,0,success
2026-08-16T04:16:45.473779+00:00,P93906,afdb_v6_probe,P93906,https://alphafold.ebi.ac.uk/files/AF-P93906-F1-model_v6.pdb,404,0,not_found
2026-08-16T04:16:46.426911+00:00,P93936,uniprot_direct,P93936,https://rest.uniprot.org/uniprotkb/P93936.json,200,0,success
2026-08-16T04:16:47.386488+00:00,P93936,afdb_v6_probe,P93936,https://alphafold.ebi.ac.uk/files/AF-P93936-F1-model_v6.pdb,404,0,not_found
2026-08-16T04:16:48.774973+00:00,P97364,uniprot_direct,P97364,https://rest.uniprot.org/uniprotkb/P97364.json,200,0,success
2026-08-16T04:16:49.729483+00:00,P97364,afdb_v6_probe,P97364,https://alphafold.ebi.ac.uk/files/AF-P97364-F1-model_v6.pdb,404,0,not_found
2026-08-16T04:16:50.745133+00:00,P97364,afdb_v6_probe,Q3TGI4,https://alphafold.ebi.ac.uk/files/AF-Q3TGI4-F1-model_v6.pdb,404,0,not_found
2026-08-16T04:16:51.796310+00:00,P97364,afdb_v6_probe,Q80ZY9,https://alphafold.ebi.ac.uk/files/AF-Q80ZY9-F1-model_v6.pdb,404,0,not_found
2026-08-16T04:16:52.870498+00:00,P99504,uniprot_direct,P99504,https://rest.uniprot.org/uniprotkb/P99504.json,200,0,success
2026-08-16T04:16:54.504096+00:00,P99504,afdb_v6_probe,P99504,https://alphafold.ebi.ac.uk/files/AF-P99504-F1-model_v6.pdb,404,0,not_found
2026-08-16T04:16:55.525089+00:00,P99504,afdb_v6_probe,A0A1B1X468,https://alphafold.ebi.ac.uk/files/AF-A0A1B1X468-F1-model_v6.pdb,404,0,not_found
2026-08-16T04:16:56.585144+00:00,P9WEE7,uniprot_direct,P9WEE7,https://rest.uniprot.org/uniprotkb/P9WEE7.json,200,0,success
2026-08-16T04:16:57.530692+00:00,P9WEE7,afdb_v6_probe,P9WEE7,https://alphafold.ebi.ac.uk/files/AF-P9WEE7-F1-model_v6.pdb,404,0,not_found
2026-08-16T04:16:58.553158+00:00,P9WEE8,uniprot_direct,P9WEE8,https://rest.uniprot.org/uniprotkb/P9WEE8.json,200,0,success
2026-08-16T04:17:00.628040+00:00,P9WEE8,afdb_v6_probe,P9WEE8,https://alphafold.ebi.ac.uk/files/AF-P9WEE8-F1-model_v6.pdb,404,0,not_found
2026-08-16T04:17:02.397758+00:00,P9WEF0,uniprot_direct,P9WEF0,https://rest.uniprot.org/uniprotkb/P9WEF0.json,200,0,success
2026-08-16T04:17:03.354191+00:00,P9WEF0,afdb_v6_probe,P9WEF0,https://alphafold.ebi.ac.uk/files/AF-P9WEF0-F1-model_v6.pdb,404,0,not_found
2026-08-16T04:17:04.682812+00:00,P9WEF1,uniprot_direct,P9WEF1,https://rest.uniprot.org/uniprotkb/P9WEF1.json,200,0,success
2026-08-16T04:17:05.760454+00:00,P9WEF1,afdb_v6_probe,P9WEF1,https://alphafold.ebi.ac.uk/files/AF-P9WEF1-F1-model_v6.pdb,404,0,not_found
2026-08-16T04:17:06.870817+00:00,P9WEF2,uniprot_direct,P9WEF2,https://rest.uniprot.org/uniprotkb/P9WEF2.json,200,0,success
2026-08-16T04:17:07.834965+00:00,P9WEF2,afdb_v6_probe,P9WEF2,https://alphafold.ebi.ac.uk/files/AF-P9WEF2-F1-model_v6.pdb,404,0,not_found
2026-08-16T04:17:08.892031+00:00,Q00030,uniprot_direct,Q00030,https://rest.uniprot.org/uniprotkb/Q00030.json,200,0,success
2026-08-16T04:17:09.878977+00:00,Q00030,afdb_v6_probe,Q00030,https://alphafold.ebi.ac.uk/files/AF-Q00030-F1-model_v6.pdb,404,0,not_found
2026-08-16T04:17:10.870973+00:00,Q00094,uniprot_direct,Q00094,https://rest.uniprot.org/uniprotkb/Q00094.json,200,0,success
2026-08-16T04:17:11.815190+00:00,Q00094,afdb_v6_probe,Q00094,https://alphafold.ebi.ac.uk/files/AF-Q00094-F1-model_v6.pdb,404,0,not_found
2026-08-16T04:17:12.913526+00:00,Q00095,uniprot_direct,Q00095,https://rest.uniprot.org/uniprotkb/Q00095.json,200,0,success
2026-08-16T04:17:13.893441+00:00,Q00095,afdb_v6_probe,Q00095,https://alphafold.ebi.ac.uk/files/AF-Q00095-F1-model_v6.pdb,404,0,not_found
2026-08-16T04:17:14.971826+00:00,Q00097,uniprot_direct,Q00097,https://rest.uniprot.org/uniprotkb/Q00097.json,200,0,success
2026-08-16T04:17:15.974086+00:00,Q00097,afdb_v6_probe,Q00097,https://alphafold.ebi.ac.uk/files/AF-Q00097-F1-model_v6.pdb,404,0,not_found
2026-08-16T04:17:17.138480+00:00,Q00098,uniprot_direct,Q00098,https://rest.uniprot.org/uniprotkb/Q00098.json,200,0,success
2026-08-16T04:17:18.453158+00:00,Q00098,afdb_v6_probe,Q00098,https://alphafold.ebi.ac.uk/files/AF-Q00098-F1-model_v6.pdb,404,0,not_found
2026-08-16T04:17:19.644031+00:00,Q00277,uniprot_direct,Q00277,https://rest.uniprot.org/uniprotkb/Q00277.json,200,0,success
2026-08-16T04:17:21.543799+00:00,Q00277,afdb_v6_probe,Q00277,https://alphafold.ebi.ac.uk/files/AF-Q00277-F1-model_v6.pdb,404,0,not_found
2026-08-16T04:17:22.509452+00:00,Q00901,uniprot_direct,Q00901,https://rest.uniprot.org/uniprotkb/Q00901.json,200,0,success
2026-08-16T04:17:23.494751+00:00,Q00901,afdb_v6_probe,Q00901,https://alphafold.ebi.ac.uk/files/AF-Q00901-F1-model_v6.pdb,404,0,not_found
2026-08-16T04:17:24.535083+00:00,Q01034,uniprot_direct,Q01034,https://rest.uniprot.org/uniprotkb/Q01034.json,200,0,success
2026-08-16T04:17:25.793323+00:00,Q01034,afdb_v6_probe,Q01034,https://alphafold.ebi.ac.uk/files/AF-Q01034-F1-model_v6.pdb,404,0,not_found
2026-08-16T04:17:26.750166+00:00,Q01037,uniprot_direct,Q01037,https://rest.uniprot.org/uniprotkb/Q01037.json,200,0,success
2026-08-16T04:17:27.745403+00:00,Q01037,afdb_v6_probe,Q01037,https://alphafold.ebi.ac.uk/files/AF-Q01037-F1-model_v6.pdb,404,0,not_found
2026-08-16T04:17:28.751565+00:00,Q01038,uniprot_direct,Q01038,https://rest.uniprot.org/uniprotkb/Q01038.json,200,0,success
2026-08-16T04:17:29.809149+00:00,Q01038,afdb_v6_probe,Q01038,https://alphafold.ebi.ac.uk/files/AF-Q01038-F1-model_v6.pdb,404,0,not_found
2026-08-16T04:17:30.823452+00:00,Q01225,uniprot_direct,Q01225,https://rest.uniprot.org/uniprotkb/Q01225.json,200,0,success
2026-08-16T04:17:31.796935+00:00,Q01225,afdb_v6_probe,Q01225,https://alphafold.ebi.ac.uk/files/AF-Q01225-F1-model_v6.pdb,404,0,not_found
2026-08-16T04:17:32.786740+00:00,Q01225,afdb_v6_probe,Q76ZM1,https://alphafold.ebi.ac.uk/files/AF-Q76ZM1-F1-model_v6.pdb,404,0,not_found
2026-08-16T04:17:33.770973+00:00,Q01319,uniprot_direct,Q01319,https://rest.uniprot.org/uniprotkb/Q01319.json,200,0,success
2026-08-16T04:17:34.749098+00:00,Q01319,afdb_v6_probe,Q01319,https://alphafold.ebi.ac.uk/files/AF-Q01319-F1-model_v6.pdb,404,0,not_found
2026-08-16T04:17:36.418701+00:00,Q01511,uniprot_direct,Q01511,https://rest.uniprot.org/uniprotkb/Q01511.json,200,0,success
2026-08-16T04:17:37.395712+00:00,Q01511,afdb_v6_probe,Q01511,https://alphafold.ebi.ac.uk/files/AF-Q01511-F1-model_v6.pdb,404,0,not_found
2026-08-16T04:17:38.654407+00:00,Q02048,uniprot_direct,Q02048,https://rest.uniprot.org/uniprotkb/Q02048.json,200,0,success
2026-08-16T04:17:39.709311+00:00,Q02048,afdb_v6_probe,Q02048,https://alphafold.ebi.ac.uk/files/AF-Q02048-F1-model_v6.pdb,404,0,not_found
2026-08-16T04:17:40.797415+00:00,Q02049,uniprot_direct,Q02049,https://rest.uniprot.org/uniprotkb/Q02049.json,200,0,success
2026-08-16T04:17:42.755255+00:00,Q02049,afdb_v6_probe,Q02049,https://alphafold.ebi.ac.uk/files/AF-Q02049-F1-model_v6.pdb,404,0,not_found
2026-08-16T04:17:44.074330+00:00,Q02261,uniprot_direct,Q02261,https://rest.uniprot.org/uniprotkb/Q02261.json,200,0,success
2026-08-16T04:17:45.034188+00:00,Q02261,afdb_v6_probe,Q02261,https://alphafold.ebi.ac.uk/files/AF-Q02261-F1-model_v6.pdb,404,0,not_found
2026-08-16T04:17:46.170503+00:00,Q02262,uniprot_direct,Q02262,https://rest.uniprot.org/uniprotkb/Q02262.json,200,0,success
2026-08-16T04:17:47.173754+00:00,Q02262,afdb_v6_probe,Q02262,https://alphafold.ebi.ac.uk/files/AF-Q02262-F1-model_v6.pdb,404,0,not_found
2026-08-16T04:17:48.250422+00:00,Q02512,uniprot_direct,Q02512,https://rest.uniprot.org/uniprotkb/Q02512.json,200,0,success
2026-08-16T04:17:49.230131+00:00,Q02512,afdb_v6_probe,Q02512,https://alphafold.ebi.ac.uk/files/AF-Q02512-F1-model_v6.pdb,404,0,not_found
2026-08-16T04:17:50.194485+00:00,Q02513,uniprot_direct,Q02513,https://rest.uniprot.org/uniprotkb/Q02513.json,200,0,success
2026-08-16T04:17:51.185506+00:00,Q02513,afdb_v6_probe,Q02513,https://alphafold.ebi.ac.uk/files/AF-Q02513-F1-model_v6.pdb,404,0,not_found
2026-08-16T04:17:52.254370+00:00,Q03321,uniprot_direct,Q03321,https://rest.uniprot.org/uniprotkb/Q03321.json,200,0,success
2026-08-16T04:17:53.304878+00:00,Q03321,afdb_v6_probe,Q03321,https://alphafold.ebi.ac.uk/files/AF-Q03321-F1-model_v6.pdb,404,0,not_found
2026-08-16T04:17:54.395663+00:00,Q03328,uniprot_direct,Q03328,https://rest.uniprot.org/uniprotkb/Q03328.json,200,0,success
2026-08-16T04:17:55.427289+00:00,Q03328,afdb_v6_probe,Q03328,https://alphafold.ebi.ac.uk/files/AF-Q03328-F1-model_v6.pdb,404,0,not_found
2026-08-16T04:17:57.342403+00:00,Q03328,afdb_v6_probe,Q65752,https://alphafold.ebi.ac.uk/files/AF-Q65752-F1-model_v6.pdb,404,0,not_found
2026-08-16T04:17:58.664672+00:00,Q04543,uniprot_direct,Q04543,https://rest.uniprot.org/uniprotkb/Q04543.json,200,0,success
2026-08-16T04:17:59.647665+00:00,Q04543,afdb_v6_probe,Q04543,https://alphafold.ebi.ac.uk/files/AF-Q04543-F1-model_v6.pdb,404,0,not_found
2026-08-16T04:18:01.366704+00:00,Q05101,uniprot_direct,Q05101,https://rest.uniprot.org/uniprotkb/Q05101.json,200,0,success
2026-08-16T04:18:02.426348+00:00,Q05101,afdb_v6_probe,Q05101,https://alphafold.ebi.ac.uk/files/AF-Q05101-F1-model_v6.pdb,404,0,not_found
2026-08-16T04:18:04.871556+00:00,Q05111,uniprot_direct,Q05111,https://rest.uniprot.org/uniprotkb/Q05111.json,200,0,success
2026-08-16T04:18:05.827129+00:00,Q05111,afdb_v6_probe,Q05111,https://alphafold.ebi.ac.uk/files/AF-Q05111-F1-model_v6.pdb,404,0,not_found
2026-08-16T04:18:06.789528+00:00,Q05112,uniprot_direct,Q05112,https://rest.uniprot.org/uniprotkb/Q05112.json,200,0,success
2026-08-16T04:18:07.843729+00:00,Q05112,afdb_v6_probe,Q05112,https://alphafold.ebi.ac.uk/files/AF-Q05112-F1-model_v6.pdb,404,0,not_found
2026-08-16T04:18:10.492172+00:00,Q05133,uniprot_direct,Q05133,https://rest.uniprot.org/uniprotkb/Q05133.json,200,0,success
2026-08-16T04:18:11.453648+00:00,Q05133,afdb_v6_probe,Q05133,https://alphafold.ebi.ac.uk/files/AF-Q05133-F1-model_v6.pdb,404,0,not_found
2026-08-16T04:18:12.558654+00:00,Q05134,uniprot_direct,Q05134,https://rest.uniprot.org/uniprotkb/Q05134.json,200,0,success
2026-08-16T04:18:13.532517+00:00,Q05134,afdb_v6_probe,Q05134,https://alphafold.ebi.ac.uk/files/AF-Q05134-F1-model_v6.pdb,404,0,not_found
2026-08-16T04:18:14.852135+00:00,Q05135,uniprot_direct,Q05135,https://rest.uniprot.org/uniprotkb/Q05135.json,200,0,success
2026-08-16T04:18:15.851716+00:00,Q05135,afdb_v6_probe,Q05135,https://alphafold.ebi.ac.uk/files/AF-Q05135-F1-model_v6.pdb,404,0,not_found
2026-08-16T04:18:17.081857+00:00,Q05259,uniprot_direct,Q05259,https://rest.uniprot.org/uniprotkb/Q05259.json,200,0,success
2026-08-16T04:18:18.040484+00:00,Q05259,afdb_v6_probe,Q05259,https://alphafold.ebi.ac.uk/files/AF-Q05259-F1-model_v6.pdb,404,0,not_found
2026-08-16T04:18:19.044689+00:00,Q05262,uniprot_direct,Q05262,https://rest.uniprot.org/uniprotkb/Q05262.json,200,0,success
2026-08-16T04:18:20.072218+00:00,Q05262,afdb_v6_probe,Q05262,https://alphafold.ebi.ac.uk/files/AF-Q05262-F1-model_v6.pdb,404,0,not_found
2026-08-16T04:18:21.539181+00:00,Q05554,uniprot_direct,Q05554,https://rest.uniprot.org/uniprotkb/Q05554.json,200,0,success
2026-08-16T04:18:22.513804+00:00,Q05554,afdb_v6_probe,Q05554,https://alphafold.ebi.ac.uk/files/AF-Q05554-F1-model_v6.pdb,404,0,not_found
2026-08-16T04:18:24.885656+00:00,Q05579,uniprot_direct,Q05579,https://rest.uniprot.org/uniprotkb/Q05579.json,200,0,success
2026-08-16T04:18:26.196814+00:00,Q05579,afdb_v6_probe,Q05579,https://alphafold.ebi.ac.uk/files/AF-Q05579-F1-model_v6.pdb,404,0,not_found
2026-08-16T04:18:27.650498+00:00,Q05879,uniprot_direct,Q05879,https://rest.uniprot.org/uniprotkb/Q05879.json,200,0,success
2026-08-16T04:18:29.767183+00:00,Q05879,afdb_v6_probe,Q05879,https://alphafold.ebi.ac.uk/files/AF-Q05879-F1-model_v6.pdb,404,0,not_found
2026-08-16T04:18:30.770266+00:00,Q05880,uniprot_direct,Q05880,https://rest.uniprot.org/uniprotkb/Q05880.json,200,0,success
2026-08-16T04:18:31.752104+00:00,Q05880,afdb_v6_probe,Q05880,https://alphafold.ebi.ac.uk/files/AF-Q05880-F1-model_v6.pdb,404,0,not_found
2026-08-16T04:18:33.051461+00:00,Q05984,uniprot_direct,Q05984,https://rest.uniprot.org/uniprotkb/Q05984.json,200,0,success
2026-08-16T04:18:34.147533+00:00,Q05984,afdb_v6_probe,Q05984,https://alphafold.ebi.ac.uk/files/AF-Q05984-F1-model_v6.pdb,404,0,not_found
2026-08-16T04:18:35.087881+00:00,Q05985,uniprot_direct,Q05985,https://rest.uniprot.org/uniprotkb/Q05985.json,200,0,success
2026-08-16T04:18:36.081359+00:00,Q05985,afdb_v6_probe,Q05985,https://alphafold.ebi.ac.uk/files/AF-Q05985-F1-model_v6.pdb,404,0,not_found
2026-08-16T04:18:37.311916+00:00,Q05987,uniprot_direct,Q05987,https://rest.uniprot.org/uniprotkb/Q05987.json,200,0,success
2026-08-16T04:18:38.364394+00:00,Q05987,afdb_v6_probe,Q05987,https://alphafold.ebi.ac.uk/files/AF-Q05987-F1-model_v6.pdb,404,0,not_found
2026-08-16T04:18:39.334566+00:00,Q05988,uniprot_direct,Q05988,https://rest.uniprot.org/uniprotkb/Q05988.json,200,0,success
2026-08-16T04:18:40.319857+00:00,Q05988,afdb_v6_probe,Q05988,https://alphafold.ebi.ac.uk/files/AF-Q05988-F1-model_v6.pdb,404,0,not_found
2026-08-16T04:19:02.624505+00:00,Q05989,uniprot_direct,Q05989,https://rest.uniprot.org/uniprotkb/Q05989.json,200,1,success
2026-08-16T04:19:03.611662+00:00,Q05989,afdb_v6_probe,Q05989,https://alphafold.ebi.ac.uk/files/AF-Q05989-F1-model_v6.pdb,404,0,not_found
2026-08-16T04:19:04.579334+00:00,Q05991,uniprot_direct,Q05991,https://rest.uniprot.org/uniprotkb/Q05991.json,200,0,success
2026-08-16T04:19:05.554474+00:00,Q05991,afdb_v6_probe,Q05991,https://alphafold.ebi.ac.uk/files/AF-Q05991-F1-model_v6.pdb,404,0,not_found
2026-08-16T04:19:07.085161+00:00,Q05993,uniprot_direct,Q05993,https://rest.uniprot.org/uniprotkb/Q05993.json,200,0,success
2026-08-16T04:19:08.054345+00:00,Q05993,afdb_v6_probe,Q05993,https://alphafold.ebi.ac.uk/files/AF-Q05993-F1-model_v6.pdb,404,0,not_found
2026-08-16T04:19:09.118271+00:00,Q05995,uniprot_direct,Q05995,https://rest.uniprot.org/uniprotkb/Q05995.json,200,0,success
2026-08-16T04:19:10.187388+00:00,Q05995,afdb_v6_probe,Q05995,https://alphafold.ebi.ac.uk/files/AF-Q05995-F1-model_v6.pdb,404,0,not_found
2026-08-16T04:19:11.206613+00:00,Q06095,uniprot_direct,Q06095,https://rest.uniprot.org/uniprotkb/Q06095.json,200,0,success
2026-08-16T04:19:12.187073+00:00,Q06095,afdb_v6_probe,Q06095,https://alphafold.ebi.ac.uk/files/AF-Q06095-F1-model_v6.pdb,404,0,not_found
2026-08-16T04:19:13.928335+00:00,Q06259,uniprot_direct,Q06259,https://rest.uniprot.org/uniprotkb/Q06259.json,200,0,success
2026-08-16T04:19:14.927201+00:00,Q06259,afdb_v6_probe,Q06259,https://alphafold.ebi.ac.uk/files/AF-Q06259-F1-model_v6.pdb,404,0,not_found
2026-08-16T04:19:15.914128+00:00,Q07275,uniprot_direct,Q07275,https://rest.uniprot.org/uniprotkb/Q07275.json,200,0,success
2026-08-16T04:19:16.914685+00:00,Q07275,afdb_v6_probe,Q07275,https://alphafold.ebi.ac.uk/files/AF-Q07275-F1-model_v6.pdb,404,0,not_found
2026-08-16T04:19:17.959176+00:00,Q07275,afdb_v6_probe,Q1HVG9,https://alphafold.ebi.ac.uk/files/AF-Q1HVG9-F1-model_v6.pdb,404,0,not_found
2026-08-16T04:19:19.090697+00:00,Q07494,uniprot_direct,Q07494,https://rest.uniprot.org/uniprotkb/Q07494.json,200,0,success
2026-08-16T04:19:20.154567+00:00,Q07494,afdb_v6_probe,Q07494,https://alphafold.ebi.ac.uk/files/AF-Q07494-F1-model_v6.pdb,404,0,not_found
2026-08-16T04:19:21.181922+00:00,Q07846,uniprot_direct,Q07846,https://rest.uniprot.org/uniprotkb/Q07846.json,200,0,success
2026-08-16T04:19:22.197898+00:00,Q07846,afdb_v6_probe,Q07846,https://alphafold.ebi.ac.uk/files/AF-Q07846-F1-model_v6.pdb,404,0,not_found
2026-08-16T04:19:23.777309+00:00,Q07847,uniprot_direct,Q07847,https://rest.uniprot.org/uniprotkb/Q07847.json,200,0,success
2026-08-16T04:19:24.787703+00:00,Q07847,afdb_v6_probe,Q07847,https://alphafold.ebi.ac.uk/files/AF-Q07847-F1-model_v6.pdb,404,0,not_found
2026-08-16T04:19:26.145623+00:00,Q07848,uniprot_direct,Q07848,https://rest.uniprot.org/uniprotkb/Q07848.json,200,0,success
2026-08-16T04:19:27.222249+00:00,Q07848,afdb_v6_probe,Q07848,https://alphafold.ebi.ac.uk/files/AF-Q07848-F1-model_v6.pdb,404,0,not_found
2026-08-16T04:19:28.235156+00:00,Q08097,uniprot_direct,Q08097,https://rest.uniprot.org/uniprotkb/Q08097.json,200,0,success
2026-08-16T04:19:29.190132+00:00,Q08097,afdb_v6_probe,Q08097,https://alphafold.ebi.ac.uk/files/AF-Q08097-F1-model_v6.pdb,404,0,not_found
2026-08-16T04:19:31.041508+00:00,Q08317,uniprot_direct,Q08317,https://rest.uniprot.org/uniprotkb/Q08317.json,200,0,success
2026-08-16T04:19:31.990569+00:00,Q08317,afdb_v6_probe,Q08317,https://alphafold.ebi.ac.uk/files/AF-Q08317-F1-model_v6.pdb,404,0,not_found
2026-08-16T04:19:33.148974+00:00,Q08436,uniprot_direct,Q08436,https://rest.uniprot.org/uniprotkb/Q08436.json,200,0,success
2026-08-16T04:19:34.130818+00:00,Q08436,afdb_v6_probe,Q08436,https://alphafold.ebi.ac.uk/files/AF-Q08436-F1-model_v6.pdb,404,0,not_found
2026-08-16T04:19:35.177390+00:00,Q08512,uniprot_direct,Q08512,https://rest.uniprot.org/uniprotkb/Q08512.json,200,0,success
2026-08-16T04:19:36.130949+00:00,Q08512,afdb_v6_probe,Q08512,https://alphafold.ebi.ac.uk/files/AF-Q08512-F1-model_v6.pdb,404,0,not_found
2026-08-16T04:19:37.220576+00:00,Q08513,uniprot_direct,Q08513,https://rest.uniprot.org/uniprotkb/Q08513.json,200,0,success
2026-08-16T04:19:38.175613+00:00,Q08513,afdb_v6_probe,Q08513,https://alphafold.ebi.ac.uk/files/AF-Q08513-F1-model_v6.pdb,404,0,not_found
2026-08-16T04:19:39.155011+00:00,Q09136,uniprot_direct,Q09136,https://rest.uniprot.org/uniprotkb/Q09136.json,200,0,success
2026-08-16T04:19:40.117380+00:00,Q09136,afdb_v6_probe,Q09136,https://alphafold.ebi.ac.uk/files/AF-Q09136-F1-model_v6.pdb,404,0,not_found
2026-08-16T04:19:41.159677+00:00,Q09136,afdb_v6_probe,B2MV24,https://alphafold.ebi.ac.uk/files/AF-B2MV24-F1-model_v6.pdb,404,0,not_found
2026-08-16T04:19:42.394777+00:00,Q0E592,uniprot_direct,Q0E592,https://rest.uniprot.org/uniprotkb/Q0E592.json,200,0,success
2026-08-16T04:19:43.395419+00:00,Q0E592,afdb_v6_probe,Q0E592,https://alphafold.ebi.ac.uk/files/AF-Q0E592-F1-model_v6.pdb,404,0,not_found
2026-08-16T04:19:44.441612+00:00,Q0EF98,uniprot_direct,Q0EF98,https://rest.uniprot.org/uniprotkb/Q0EF98.json,200,0,success
2026-08-16T04:19:45.404104+00:00,Q0EF98,afdb_v6_probe,Q0EF98,https://alphafold.ebi.ac.uk/files/AF-Q0EF98-F1-model_v6.pdb,404,0,not_found
2026-08-16T04:19:46.702210+00:00,Q0EF99,uniprot_direct,Q0EF99,https://rest.uniprot.org/uniprotkb/Q0EF99.json,200,0,success
2026-08-16T04:19:47.660209+00:00,Q0EF99,afdb_v6_probe,Q0EF99,https://alphafold.ebi.ac.uk/files/AF-Q0EF99-F1-model_v6.pdb,404,0,not_found
2026-08-16T04:19:48.700286+00:00,Q0EFA0,uniprot_direct,Q0EFA0,https://rest.uniprot.org/uniprotkb/Q0EFA0.json,200,0,success
2026-08-16T04:19:49.688873+00:00,Q0EFA0,afdb_v6_probe,Q0EFA0,https://alphafold.ebi.ac.uk/files/AF-Q0EFA0-F1-model_v6.pdb,404,0,not_found
2026-08-16T04:19:50.989397+00:00,Q0QF17,uniprot_direct,Q0QF17,https://rest.uniprot.org/uniprotkb/Q0QF17.json,200,0,success
2026-08-16T04:19:52.045708+00:00,Q0QF17,afdb_v6_probe,Q0QF17,https://alphafold.ebi.ac.uk/files/AF-Q0QF17-F1-model_v6.pdb,404,0,not_found
2026-08-16T04:19:53.130907+00:00,Q0ZB81,uniprot_direct,Q0ZB81,https://rest.uniprot.org/uniprotkb/Q0ZB81.json,200,0,success
2026-08-16T04:19:55.174629+00:00,Q0ZB81,afdb_v6_probe,Q0ZB81,https://alphafold.ebi.ac.uk/files/AF-Q0ZB81-F1-model_v6.pdb,404,0,not_found
2026-08-16T04:19:56.220045+00:00,Q0ZME8,uniprot_direct,Q0ZME8,https://rest.uniprot.org/uniprotkb/Q0ZME8.json,200,0,success
2026-08-16T04:19:57.239820+00:00,Q0ZME8,afdb_v6_probe,Q0ZME8,https://alphafold.ebi.ac.uk/files/AF-Q0ZME8-F1-model_v6.pdb,404,0,not_found
2026-08-16T04:19:58.321256+00:00,Q12TR2,uniprot_direct,Q12TR2,https://rest.uniprot.org/uniprotkb/Q12TR2.json,200,0,success
2026-08-16T04:19:59.319274+00:00,Q12TR2,afdb_v6_probe,Q12TR2,https://alphafold.ebi.ac.uk/files/AF-Q12TR2-F1-model_v6.pdb,404,0,not_found
2026-08-16T04:20:00.374806+00:00,Q12TR2,afdb_v6_probe,Q12TR1,https://alphafold.ebi.ac.uk/files/AF-Q12TR1-F1-model_v6.pdb,404,0,not_found
2026-08-16T04:20:01.531177+00:00,Q14EB1,uniprot_direct,Q14EB1,https://rest.uniprot.org/uniprotkb/Q14EB1.json,200,0,success
2026-08-16T04:20:02.532421+00:00,Q14EB1,afdb_v6_probe,Q14EB1,https://alphafold.ebi.ac.uk/files/AF-Q14EB1-F1-model_v6.pdb,404,0,not_found
2026-08-16T04:20:03.703438+00:00,Q16881,uniprot_direct,Q16881,https://rest.uniprot.org/uniprotkb/Q16881.json,200,0,success
2026-08-16T04:20:04.658656+00:00,Q16881,afdb_v6_probe,Q16881,https://alphafold.ebi.ac.uk/files/AF-Q16881-F1-model_v6.pdb,404,0,not_found
2026-08-16T04:20:06.707776+00:00,Q16881,afdb_v6_probe,B7Z1F4,https://alphafold.ebi.ac.uk/files/AF-B7Z1F4-F1-model_v6.pdb,404,0,not_found
2026-08-16T04:20:07.719167+00:00,Q16881,afdb_v6_probe,B7Z3Y8,https://alphafold.ebi.ac.uk/files/AF-B7Z3Y8-F1-model_v6.pdb,404,0,not_found
2026-08-16T04:20:08.783046+00:00,Q16881,afdb_v6_probe,B7Z904,https://alphafold.ebi.ac.uk/files/AF-B7Z904-F1-model_v6.pdb,404,0,not_found
2026-08-16T04:20:09.739842+00:00,Q16881,afdb_v6_probe,E9PMY9,https://alphafold.ebi.ac.uk/files/AF-E9PMY9-F1-model_v6.pdb,404,0,not_found
2026-08-16T04:20:10.741085+00:00,Q16881,afdb_v6_probe,F5H780,https://alphafold.ebi.ac.uk/files/AF-F5H780-F1-model_v6.pdb,404,0,not_found
2026-08-16T04:20:11.750726+00:00,Q16881,afdb_v6_probe,Q6FI31,https://alphafold.ebi.ac.uk/files/AF-Q6FI31-F1-model_v6.pdb,404,0,not_found
2026-08-16T04:20:12.733971+00:00,Q16881,afdb_v6_probe,Q6VB40,https://alphafold.ebi.ac.uk/files/AF-Q6VB40-F1-model_v6.pdb,404,0,not_found
2026-08-16T04:20:13.697544+00:00,Q16881,afdb_v6_probe,Q6VB41,https://alphafold.ebi.ac.uk/files/AF-Q6VB41-F1-model_v6.pdb,404,0,not_found
2026-08-16T04:20:14.765107+00:00,Q16881,afdb_v6_probe,Q6VB42,https://alphafold.ebi.ac.uk/files/AF-Q6VB42-F1-model_v6.pdb,404,0,not_found
2026-08-16T04:20:15.726044+00:00,Q16881,afdb_v6_probe,Q6VBP2,https://alphafold.ebi.ac.uk/files/AF-Q6VBP2-F1-model_v6.pdb,404,0,not_found
2026-08-16T04:20:17.367707+00:00,Q16881,afdb_v6_probe,Q6VBP3,https://alphafold.ebi.ac.uk/files/AF-Q6VBP3-F1-model_v6.pdb,404,0,not_found
2026-08-16T04:20:18.329203+00:00,Q16881,afdb_v6_probe,Q6VBP4,https://alphafold.ebi.ac.uk/files/AF-Q6VBP4-F1-model_v6.pdb,404,0,not_found
2026-08-16T04:20:19.370690+00:00,Q16881,afdb_v6_probe,Q6VBP5,https://alphafold.ebi.ac.uk/files/AF-Q6VBP5-F1-model_v6.pdb,404,0,not_found
2026-08-16T04:20:20.327489+00:00,Q16881,afdb_v6_probe,Q6VBP9,https://alphafold.ebi.ac.uk/files/AF-Q6VBP9-F1-model_v6.pdb,404,0,not_found
2026-08-16T04:20:21.316763+00:00,Q16881,afdb_v6_probe,Q6VBQ0,https://alphafold.ebi.ac.uk/files/AF-Q6VBQ0-F1-model_v6.pdb,404,0,not_found
2026-08-16T04:20:22.371414+00:00,Q16881,afdb_v6_probe,Q6YNQ1,https://alphafold.ebi.ac.uk/files/AF-Q6YNQ1-F1-model_v6.pdb,404,0,not_found
2026-08-16T04:20:23.368994+00:00,Q16881,afdb_v6_probe,Q76P53,https://alphafold.ebi.ac.uk/files/AF-Q76P53-F1-model_v6.pdb,404,0,not_found
2026-08-16T04:20:24.431516+00:00,Q16881,afdb_v6_probe,Q7LA96,https://alphafold.ebi.ac.uk/files/AF-Q7LA96-F1-model_v6.pdb,404,0,not_found
2026-08-16T04:20:25.496880+00:00,Q16881,afdb_v6_probe,Q8WVC8,https://alphafold.ebi.ac.uk/files/AF-Q8WVC8-F1-model_v6.pdb,404,0,not_found
2026-08-16T04:20:26.838507+00:00,Q16881,afdb_v6_probe,Q99475,https://alphafold.ebi.ac.uk/files/AF-Q99475-F1-model_v6.pdb,404,0,not_found
2026-08-16T04:20:27.822324+00:00,Q16881,afdb_v6_probe,Q9UES8,https://alphafold.ebi.ac.uk/files/AF-Q9UES8-F1-model_v6.pdb,404,0,not_found
2026-08-16T04:20:49.851456+00:00,Q16881,afdb_v6_probe,Q9UH79,https://alphafold.ebi.ac.uk/files/AF-Q9UH79-F1-model_v6.pdb,404,1,not_found
2026-08-16T04:20:51.015779+00:00,Q17745,uniprot_direct,Q17745,https://rest.uniprot.org/uniprotkb/Q17745.json,200,0,success
2026-08-16T04:20:51.979375+00:00,Q17745,afdb_v6_probe,Q17745,https://alphafold.ebi.ac.uk/files/AF-Q17745-F1-model_v6.pdb,404,0,not_found
2026-08-16T04:20:52.966570+00:00,Q17745,afdb_v6_probe,Q9N2K1,https://alphafold.ebi.ac.uk/files/AF-Q9N2K1-F1-model_v6.pdb,404,0,not_found
2026-08-16T04:20:53.968056+00:00,Q17745,afdb_v6_probe,Q9NJH3,https://alphafold.ebi.ac.uk/files/AF-Q9NJH3-F1-model_v6.pdb,404,0,not_found
2026-08-16T04:20:55.582325+00:00,Q17QM4,uniprot_direct,Q17QM4,https://rest.uniprot.org/uniprotkb/Q17QM4.json,200,0,success
2026-08-16T04:20:56.571338+00:00,Q17QM4,afdb_v6_probe,Q17QM4,https://alphafold.ebi.ac.uk/files/AF-Q17QM4-F1-model_v6.pdb,404,0,not_found
2026-08-16T04:21:18.614504+00:00,Q182I1,uniprot_direct,Q182I1,https://rest.uniprot.org/uniprotkb/Q182I1.json,200,1,success
2026-08-16T04:21:19.566872+00:00,Q182I1,afdb_v6_probe,Q182I1,https://alphafold.ebi.ac.uk/files/AF-Q182I1-F1-model_v6.pdb,404,0,not_found
2026-08-16T04:21:21.500118+00:00,Q18LD0,uniprot_direct,Q18LD0,https://rest.uniprot.org/uniprotkb/Q18LD0.json,200,0,success
2026-08-16T04:21:23.744717+00:00,Q18LD0,afdb_v6_probe,Q18LD0,https://alphafold.ebi.ac.uk/files/AF-Q18LD0-F1-model_v6.pdb,404,0,not_found
2026-08-16T04:21:24.756056+00:00,Q18LE8,uniprot_direct,Q18LE8,https://rest.uniprot.org/uniprotkb/Q18LE8.json,200,0,success
2026-08-16T04:21:25.741649+00:00,Q18LE8,afdb_v6_probe,Q18LE8,https://alphafold.ebi.ac.uk/files/AF-Q18LE8-F1-model_v6.pdb,404,0,not_found
2026-08-16T04:21:26.769265+00:00,Q18TV3,uniprot_direct,Q18TV3,https://rest.uniprot.org/uniprotkb/Q18TV3.json,200,0,success
2026-08-16T04:21:27.820294+00:00,Q18TV3,afdb_v6_probe,Q18TV3,https://alphafold.ebi.ac.uk/files/AF-Q18TV3-F1-model_v6.pdb,404,0,not_found
2026-08-16T04:21:28.806414+00:00,Q18TV3,afdb_v6_probe,Q18TV2,https://alphafold.ebi.ac.uk/files/AF-Q18TV2-F1-model_v6.pdb,404,0,not_found
2026-08-16T04:21:29.998269+00:00,Q196Z3,uniprot_direct,Q196Z3,https://rest.uniprot.org/uniprotkb/Q196Z3.json,200,0,success
2026-08-16T04:21:31.054339+00:00,Q196Z3,afdb_v6_probe,Q196Z3,https://alphafold.ebi.ac.uk/files/AF-Q196Z3-F1-model_v6.pdb,404,0,not_found
2026-08-16T04:21:32.106624+00:00,Q196Z5,uniprot_direct,Q196Z5,https://rest.uniprot.org/uniprotkb/Q196Z5.json,200,0,success
2026-08-16T04:21:33.124182+00:00,Q196Z5,afdb_v6_probe,Q196Z5,https://alphafold.ebi.ac.uk/files/AF-Q196Z5-F1-model_v6.pdb,404,0,not_found
2026-08-16T04:21:34.541008+00:00,Q197B2,uniprot_direct,Q197B2,https://rest.uniprot.org/uniprotkb/Q197B2.json,200,0,success
2026-08-16T04:21:35.564717+00:00,Q197B2,afdb_v6_probe,Q197B2,https://alphafold.ebi.ac.uk/files/AF-Q197B2-F1-model_v6.pdb,404,0,not_found
2026-08-16T04:21:36.686140+00:00,Q197F0,uniprot_direct,Q197F0,https://rest.uniprot.org/uniprotkb/Q197F0.json,200,0,success
2026-08-16T04:21:37.697121+00:00,Q197F0,afdb_v6_probe,Q197F0,https://alphafold.ebi.ac.uk/files/AF-Q197F0-F1-model_v6.pdb,404,0,not_found
2026-08-16T04:21:38.682829+00:00,Q19A54,uniprot_direct,Q19A54,https://rest.uniprot.org/uniprotkb/Q19A54.json,200,0,success
2026-08-16T04:21:39.734701+00:00,Q19A54,afdb_v6_probe,Q19A54,https://alphafold.ebi.ac.uk/files/AF-Q19A54-F1-model_v6.pdb,404,0,not_found
2026-08-16T04:21:41.622578+00:00,Q19QT7,uniprot_direct,Q19QT7,https://rest.uniprot.org/uniprotkb/Q19QT7.json,200,0,success
2026-08-16T04:21:42.587657+00:00,Q19QT7,afdb_v6_probe,Q19QT7,https://alphafold.ebi.ac.uk/files/AF-Q19QT7-F1-model_v6.pdb,404,0,not_found
2026-08-16T04:21:44.248057+00:00,Q1H5H1,uniprot_direct,Q1H5H1,https://rest.uniprot.org/uniprotkb/Q1H5H1.json,200,0,success
2026-08-16T04:21:45.897557+00:00,Q1H5H1,afdb_v6_probe,Q1H5H1,https://alphafold.ebi.ac.uk/files/AF-Q1H5H1-F1-model_v6.pdb,404,0,not_found
2026-08-16T04:21:46.990881+00:00,Q1HVD1,uniprot_direct,Q1HVD1,https://rest.uniprot.org/uniprotkb/Q1HVD1.json,200,0,success
2026-08-16T04:22:08.976979+00:00,Q1HVD1,afdb_v6_probe,Q1HVD1,https://alphafold.ebi.ac.uk/files/AF-Q1HVD1-F1-model_v6.pdb,404,1,not_found
2026-08-16T04:22:10.194810+00:00,Q1LU65,uniprot_direct,Q1LU65,https://rest.uniprot.org/uniprotkb/Q1LU65.json,200,0,success
2026-08-16T04:22:11.841087+00:00,Q1LU65,afdb_v6_probe,Q1LU65,https://alphafold.ebi.ac.uk/files/AF-Q1LU65-F1-model_v6.pdb,404,0,not_found
2026-08-16T04:22:12.861195+00:00,Q1LU70,uniprot_direct,Q1LU70,https://rest.uniprot.org/uniprotkb/Q1LU70.json,200,0,success
2026-08-16T04:22:13.837857+00:00,Q1LU70,afdb_v6_probe,Q1LU70,https://alphafold.ebi.ac.uk/files/AF-Q1LU70-F1-model_v6.pdb,404,0,not_found
2026-08-16T04:22:15.347614+00:00,Q1LVN8,uniprot_direct,Q1LVN8,https://rest.uniprot.org/uniprotkb/Q1LVN8.json,200,0,success
2026-08-16T04:22:16.341004+00:00,Q1LVN8,afdb_v6_probe,Q1LVN8,https://alphafold.ebi.ac.uk/files/AF-Q1LVN8-F1-model_v6.pdb,404,0,not_found
2026-08-16T04:22:17.270218+00:00,Q1WNZ7,uniprot_direct,Q1WNZ7,https://rest.uniprot.org/uniprotkb/Q1WNZ7.json,200,0,success
2026-08-16T04:22:19.281778+00:00,Q1WNZ7,afdb_v6_probe,Q1WNZ7,https://alphafold.ebi.ac.uk/files/AF-Q1WNZ7-F1-model_v6.pdb,404,0,not_found
2026-08-16T04:22:20.385710+00:00,Q24739,uniprot_direct,Q24739,https://rest.uniprot.org/uniprotkb/Q24739.json,200,0,success
2026-08-16T04:22:21.347419+00:00,Q24739,afdb_v6_probe,Q24739,https://alphafold.ebi.ac.uk/files/AF-Q24739-F1-model_v6.pdb,404,0,not_found
2026-08-16T04:22:22.303623+00:00,Q24MI3,uniprot_direct,Q24MI3,https://rest.uniprot.org/uniprotkb/Q24MI3.json,200,0,success
2026-08-16T04:22:23.296009+00:00,Q24MI3,afdb_v6_probe,Q24MI3,https://alphafold.ebi.ac.uk/files/AF-Q24MI3-F1-model_v6.pdb,404,0,not_found
2026-08-16T04:22:24.347882+00:00,Q24MI3,afdb_v6_probe,Q24MI4,https://alphafold.ebi.ac.uk/files/AF-Q24MI4-F1-model_v6.pdb,404,0,not_found
2026-08-16T04:22:26.424427+00:00,Q26547,uniprot_direct,Q26547,https://rest.uniprot.org/uniprotkb/Q26547.json,200,0,success
2026-08-16T04:22:27.385827+00:00,Q26547,afdb_v6_probe,Q26547,https://alphafold.ebi.ac.uk/files/AF-Q26547-F1-model_v6.pdb,404,0,not_found
2026-08-16T04:22:28.416094+00:00,Q27655,uniprot_direct,Q27655,https://rest.uniprot.org/uniprotkb/Q27655.json,200,0,success
2026-08-16T04:22:30.132995+00:00,Q27655,afdb_v6_probe,Q27655,https://alphafold.ebi.ac.uk/files/AF-Q27655-F1-model_v6.pdb,404,0,not_found
2026-08-16T04:22:31.602260+00:00,Q29236,uniprot_direct,Q29236,https://rest.uniprot.org/uniprotkb/Q29236.json,200,0,success
2026-08-16T04:22:32.553873+00:00,Q29236,afdb_v6_probe,Q29236,https://alphafold.ebi.ac.uk/files/AF-Q29236-F1-model_v6.pdb,404,0,not_found
2026-08-16T04:22:33.835167+00:00,Q29318,uniprot_direct,Q29318,https://rest.uniprot.org/uniprotkb/Q29318.json,200,0,success
2026-08-16T04:22:34.809681+00:00,Q29318,afdb_v6_probe,Q29318,https://alphafold.ebi.ac.uk/files/AF-Q29318-F1-model_v6.pdb,404,0,not_found
2026-08-16T04:22:35.909761+00:00,Q2HR67,uniprot_direct,Q2HR67,https://rest.uniprot.org/uniprotkb/Q2HR67.json,200,0,success
2026-08-16T04:22:37.926215+00:00,Q2HR67,afdb_v6_probe,Q2HR67,https://alphafold.ebi.ac.uk/files/AF-Q2HR67-F1-model_v6.pdb,404,0,not_found
2026-08-16T04:22:39.096334+00:00,Q2HR78,uniprot_direct,Q2HR78,https://rest.uniprot.org/uniprotkb/Q2HR78.json,200,0,success
2026-08-16T04:22:40.068705+00:00,Q2HR78,afdb_v6_probe,Q2HR78,https://alphafold.ebi.ac.uk/files/AF-Q2HR78-F1-model_v6.pdb,404,0,not_found
2026-08-16T04:22:41.097197+00:00,Q2HRC6,uniprot_direct,Q2HRC6,https://rest.uniprot.org/uniprotkb/Q2HRC6.json,200,0,success
2026-08-16T04:22:42.075703+00:00,Q2HRC6,afdb_v6_probe,Q2HRC6,https://alphafold.ebi.ac.uk/files/AF-Q2HRC6-F1-model_v6.pdb,404,0,not_found
2026-08-16T04:22:43.226231+00:00,Q2N2K0,uniprot_direct,Q2N2K0,https://rest.uniprot.org/uniprotkb/Q2N2K0.json,200,0,success
2026-08-16T04:22:44.522848+00:00,Q2N2K0,afdb_v6_probe,Q2N2K0,https://alphafold.ebi.ac.uk/files/AF-Q2N2K0-F1-model_v6.pdb,404,0,not_found
2026-08-16T04:22:46.170669+00:00,Q2NIH4,uniprot_direct,Q2NIH4,https://rest.uniprot.org/uniprotkb/Q2NIH4.json,200,0,success
2026-08-16T04:22:47.128310+00:00,Q2NIH4,afdb_v6_probe,Q2NIH4,https://alphafold.ebi.ac.uk/files/AF-Q2NIH4-F1-model_v6.pdb,404,0,not_found
2026-08-16T04:22:48.261949+00:00,Q2QEI3,uniprot_direct,Q2QEI3,https://rest.uniprot.org/uniprotkb/Q2QEI3.json,200,0,success
2026-08-16T04:22:49.257168+00:00,Q2QEI3,afdb_v6_probe,Q2QEI3,https://alphafold.ebi.ac.uk/files/AF-Q2QEI3-F1-model_v6.pdb,404,0,not_found
2026-08-16T04:22:50.588577+00:00,Q31669,uniprot_direct,Q31669,https://rest.uniprot.org/uniprotkb/Q31669.json,200,0,success
2026-08-16T04:22:51.577368+00:00,Q31669,afdb_v6_probe,Q31669,https://alphafold.ebi.ac.uk/files/AF-Q31669-F1-model_v6.pdb,404,0,not_found
2026-08-16T04:22:52.922179+00:00,Q31672,uniprot_direct,Q31672,https://rest.uniprot.org/uniprotkb/Q31672.json,200,0,success
2026-08-16T04:22:53.925254+00:00,Q31672,afdb_v6_probe,Q31672,https://alphafold.ebi.ac.uk/files/AF-Q31672-F1-model_v6.pdb,404,0,not_found
2026-08-16T04:22:55.954609+00:00,Q31750,uniprot_direct,Q31750,https://rest.uniprot.org/uniprotkb/Q31750.json,200,0,success
2026-08-16T04:22:56.930746+00:00,Q31750,afdb_v6_probe,Q31750,https://alphafold.ebi.ac.uk/files/AF-Q31750-F1-model_v6.pdb,404,0,not_found
2026-08-16T04:22:58.115450+00:00,Q32016,uniprot_direct,Q32016,https://rest.uniprot.org/uniprotkb/Q32016.json,200,0,success
2026-08-16T04:22:59.104394+00:00,Q32016,afdb_v6_probe,Q32016,https://alphafold.ebi.ac.uk/files/AF-Q32016-F1-model_v6.pdb,404,0,not_found
2026-08-16T04:23:00.340220+00:00,Q32026,uniprot_direct,Q32026,https://rest.uniprot.org/uniprotkb/Q32026.json,200,0,success
2026-08-16T04:23:01.379298+00:00,Q32026,afdb_v6_probe,Q32026,https://alphafold.ebi.ac.uk/files/AF-Q32026-F1-model_v6.pdb,404,0,not_found
2026-08-16T04:23:02.379575+00:00,Q32040,uniprot_direct,Q32040,https://rest.uniprot.org/uniprotkb/Q32040.json,200,0,success
2026-08-16T04:23:03.425395+00:00,Q32040,afdb_v6_probe,Q32040,https://alphafold.ebi.ac.uk/files/AF-Q32040-F1-model_v6.pdb,404,0,not_found
2026-08-16T04:23:04.903075+00:00,Q32663,uniprot_direct,Q32663,https://rest.uniprot.org/uniprotkb/Q32663.json,200,0,success
2026-08-16T04:23:05.944416+00:00,Q32663,afdb_v6_probe,Q32663,https://alphafold.ebi.ac.uk/files/AF-Q32663-F1-model_v6.pdb,404,0,not_found
2026-08-16T04:23:07.072437+00:00,Q32668,uniprot_direct,Q32668,https://rest.uniprot.org/uniprotkb/Q32668.json,200,0,success
2026-08-16T04:23:08.039274+00:00,Q32668,afdb_v6_probe,Q32668,https://alphafold.ebi.ac.uk/files/AF-Q32668-F1-model_v6.pdb,404,0,not_found
2026-08-16T04:23:09.033868+00:00,Q32770,uniprot_direct,Q32770,https://rest.uniprot.org/uniprotkb/Q32770.json,200,0,success
2026-08-16T04:23:10.023428+00:00,Q32770,afdb_v6_probe,Q32770,https://alphafold.ebi.ac.uk/files/AF-Q32770-F1-model_v6.pdb,404,0,not_found
2026-08-16T04:23:11.760146+00:00,Q32890,uniprot_direct,Q32890,https://rest.uniprot.org/uniprotkb/Q32890.json,200,0,success
2026-08-16T04:23:12.725453+00:00,Q32890,afdb_v6_probe,Q32890,https://alphafold.ebi.ac.uk/files/AF-Q32890-F1-model_v6.pdb,404,0,not_found
2026-08-16T04:23:13.694960+00:00,Q32G86,uniprot_direct,Q32G86,https://rest.uniprot.org/uniprotkb/Q32G86.json,200,0,success
2026-08-16T04:23:14.697267+00:00,Q32G86,afdb_v6_probe,Q32G86,https://alphafold.ebi.ac.uk/files/AF-Q32G86-F1-model_v6.pdb,404,0,not_found
2026-08-16T04:23:15.997453+00:00,Q32QL6,uniprot_direct,Q32QL6,https://rest.uniprot.org/uniprotkb/Q32QL6.json,200,0,success
2026-08-16T04:23:16.967472+00:00,Q32QL6,afdb_v6_probe,Q32QL6,https://alphafold.ebi.ac.uk/files/AF-Q32QL6-F1-model_v6.pdb,404,0,not_found
2026-08-16T04:23:19.244380+00:00,Q33015,uniprot_direct,Q33015,https://rest.uniprot.org/uniprotkb/Q33015.json,200,0,success
2026-08-16T04:23:20.303413+00:00,Q33015,afdb_v6_probe,Q33015,https://alphafold.ebi.ac.uk/files/AF-Q33015-F1-model_v6.pdb,404,0,not_found
2026-08-16T04:23:22.275434+00:00,Q331T7,uniprot_direct,Q331T7,https://rest.uniprot.org/uniprotkb/Q331T7.json,200,0,success
2026-08-16T04:23:23.264514+00:00,Q331T7,afdb_v6_probe,Q331T7,https://alphafold.ebi.ac.uk/files/AF-Q331T7-F1-model_v6.pdb,404,0,not_found
2026-08-16T04:23:24.311900+00:00,Q33245,uniprot_direct,Q33245,https://rest.uniprot.org/uniprotkb/Q33245.json,200,0,success
2026-08-16T04:23:25.334923+00:00,Q33245,afdb_v6_probe,Q33245,https://alphafold.ebi.ac.uk/files/AF-Q33245-F1-model_v6.pdb,404,0,not_found
2026-08-16T04:23:26.428735+00:00,Q33323,uniprot_direct,Q33323,https://rest.uniprot.org/uniprotkb/Q33323.json,200,0,success
2026-08-16T04:23:27.426447+00:00,Q33323,afdb_v6_probe,Q33323,https://alphafold.ebi.ac.uk/files/AF-Q33323-F1-model_v6.pdb,404,0,not_found
2026-08-16T04:23:29.167663+00:00,Q33369,uniprot_direct,Q33369,https://rest.uniprot.org/uniprotkb/Q33369.json,200,0,success
2026-08-16T04:23:30.447669+00:00,Q33369,afdb_v6_probe,Q33369,https://alphafold.ebi.ac.uk/files/AF-Q33369-F1-model_v6.pdb,404,0,not_found
2026-08-16T04:23:32.958418+00:00,Q33528,uniprot_direct,Q33528,https://rest.uniprot.org/uniprotkb/Q33528.json,200,0,success
2026-08-16T04:23:33.917240+00:00,Q33528,afdb_v6_probe,Q33528,https://alphafold.ebi.ac.uk/files/AF-Q33528-F1-model_v6.pdb,404,0,not_found
2026-08-16T04:23:34.970622+00:00,Q37282,uniprot_direct,Q37282,https://rest.uniprot.org/uniprotkb/Q37282.json,200,0,success
2026-08-16T04:23:35.963778+00:00,Q37282,afdb_v6_probe,Q37282,https://alphafold.ebi.ac.uk/files/AF-Q37282-F1-model_v6.pdb,404,0,not_found
2026-08-16T04:23:37.032767+00:00,Q37897,uniprot_direct,Q37897,https://rest.uniprot.org/uniprotkb/Q37897.json,200,0,success
2026-08-16T04:23:37.982313+00:00,Q37897,afdb_v6_probe,Q37897,https://alphafold.ebi.ac.uk/files/AF-Q37897-F1-model_v6.pdb,404,0,not_found
2026-08-16T04:23:39.085474+00:00,Q38156,uniprot_direct,Q38156,https://rest.uniprot.org/uniprotkb/Q38156.json,200,0,success
2026-08-16T04:23:40.100888+00:00,Q38156,afdb_v6_probe,Q38156,https://alphafold.ebi.ac.uk/files/AF-Q38156-F1-model_v6.pdb,404,0,not_found
2026-08-16T04:23:41.425112+00:00,Q38167,uniprot_direct,Q38167,https://rest.uniprot.org/uniprotkb/Q38167.json,200,0,success
2026-08-16T04:23:44.397936+00:00,Q38167,afdb_v6_probe,Q38167,https://alphafold.ebi.ac.uk/files/AF-Q38167-F1-model_v6.pdb,404,0,not_found
2026-08-16T04:23:45.418142+00:00,Q38167,afdb_v6_probe,Q66LQ4,https://alphafold.ebi.ac.uk/files/AF-Q66LQ4-F1-model_v6.pdb,404,0,not_found
2026-08-16T04:23:46.717810+00:00,Q38167,afdb_v6_probe,Q6QGT6,https://alphafold.ebi.ac.uk/files/AF-Q6QGT6-F1-model_v6.pdb,404,0,not_found
2026-08-16T04:23:47.687043+00:00,Q38424,uniprot_direct,Q38424,https://rest.uniprot.org/uniprotkb/Q38424.json,200,0,success
2026-08-16T04:23:48.741296+00:00,Q38424,afdb_v6_probe,Q38424,https://alphafold.ebi.ac.uk/files/AF-Q38424-F1-model_v6.pdb,404,0,not_found
2026-08-16T04:23:49.792753+00:00,Q38433,uniprot_direct,Q38433,https://rest.uniprot.org/uniprotkb/Q38433.json,200,0,success
2026-08-16T04:23:50.773473+00:00,Q38433,afdb_v6_probe,Q38433,https://alphafold.ebi.ac.uk/files/AF-Q38433-F1-model_v6.pdb,404,0,not_found
2026-08-16T04:23:51.737065+00:00,Q38771,uniprot_direct,Q38771,https://rest.uniprot.org/uniprotkb/Q38771.json,200,0,success
2026-08-16T04:23:52.736747+00:00,Q38771,afdb_v6_probe,Q38771,https://alphafold.ebi.ac.uk/files/AF-Q38771-F1-model_v6.pdb,404,0,not_found
2026-08-16T04:23:54.467071+00:00,Q39RJ9,uniprot_direct,Q39RJ9,https://rest.uniprot.org/uniprotkb/Q39RJ9.json,200,0,success
2026-08-16T04:23:55.449773+00:00,Q39RJ9,afdb_v6_probe,Q39RJ9,https://alphafold.ebi.ac.uk/files/AF-Q39RJ9-F1-model_v6.pdb,404,0,not_found
2026-08-16T04:23:57.025888+00:00,Q3A9J4,uniprot_direct,Q3A9J4,https://rest.uniprot.org/uniprotkb/Q3A9J4.json,200,0,success
2026-08-16T04:23:58.010916+00:00,Q3A9J4,afdb_v6_probe,Q3A9J4,https://alphafold.ebi.ac.uk/files/AF-Q3A9J4-F1-model_v6.pdb,404,0,not_found
2026-08-16T04:23:58.997719+00:00,Q3A9J5,uniprot_direct,Q3A9J5,https://rest.uniprot.org/uniprotkb/Q3A9J5.json,200,0,success
2026-08-16T04:23:59.962822+00:00,Q3A9J5,afdb_v6_probe,Q3A9J5,https://alphafold.ebi.ac.uk/files/AF-Q3A9J5-F1-model_v6.pdb,404,0,not_found
2026-08-16T04:24:01.309616+00:00,Q3AAF7,uniprot_direct,Q3AAF7,https://rest.uniprot.org/uniprotkb/Q3AAF7.json,200,0,success
2026-08-16T04:24:02.281436+00:00,Q3AAF7,afdb_v6_probe,Q3AAF7,https://alphafold.ebi.ac.uk/files/AF-Q3AAF7-F1-model_v6.pdb,404,0,not_found
2026-08-16T04:24:03.317806+00:00,Q3KSQ2,uniprot_direct,Q3KSQ2,https://rest.uniprot.org/uniprotkb/Q3KSQ2.json,200,0,success
2026-08-16T04:24:04.273210+00:00,Q3KSQ2,afdb_v6_probe,Q3KSQ2,https://alphafold.ebi.ac.uk/files/AF-Q3KSQ2-F1-model_v6.pdb,404,0,not_found
2026-08-16T04:24:05.817495+00:00,Q3KST7,uniprot_direct,Q3KST7,https://rest.uniprot.org/uniprotkb/Q3KST7.json,200,0,success
2026-08-16T04:24:06.807423+00:00,Q3KST7,afdb_v6_probe,Q3KST7,https://alphafold.ebi.ac.uk/files/AF-Q3KST7-F1-model_v6.pdb,404,0,not_found
2026-08-16T04:24:29.464284+00:00,Q3KSU5,uniprot_direct,Q3KSU5,https://rest.uniprot.org/uniprotkb/Q3KSU5.json,200,1,success
2026-08-16T04:24:30.415808+00:00,Q3KSU5,afdb_v6_probe,Q3KSU5,https://alphafold.ebi.ac.uk/files/AF-Q3KSU5-F1-model_v6.pdb,404,0,not_found
2026-08-16T04:24:52.574039+00:00,Q3L6L5,uniprot_direct,Q3L6L5,https://rest.uniprot.org/uniprotkb/Q3L6L5.json,200,1,success
2026-08-16T04:24:53.586115+00:00,Q3L6L5,afdb_v6_probe,Q3L6L5,https://alphafold.ebi.ac.uk/files/AF-Q3L6L5-F1-model_v6.pdb,404,0,not_found
2026-08-16T04:24:54.544644+00:00,Q3L6L5,afdb_v6_probe,Q1W5X0,https://alphafold.ebi.ac.uk/files/AF-Q1W5X0-F1-model_v6.pdb,404,0,not_found
2026-08-16T04:24:55.582967+00:00,Q3MHL9,uniprot_direct,Q3MHL9,https://rest.uniprot.org/uniprotkb/Q3MHL9.json,200,0,success
2026-08-16T04:24:56.563439+00:00,Q3MHL9,afdb_v6_probe,Q3MHL9,https://alphafold.ebi.ac.uk/files/AF-Q3MHL9-F1-model_v6.pdb,404,0,not_found
2026-08-16T04:24:57.972985+00:00,Q3YPH4,uniprot_direct,Q3YPH4,https://rest.uniprot.org/uniprotkb/Q3YPH4.json,200,0,success
2026-08-16T04:24:58.929654+00:00,Q3YPH4,afdb_v6_probe,Q3YPH4,https://alphafold.ebi.ac.uk/files/AF-Q3YPH4-F1-model_v6.pdb,404,0,not_found
2026-08-16T04:24:59.954995+00:00,Q3YPH4,afdb_v6_probe,Q3YPH3,https://alphafold.ebi.ac.uk/files/AF-Q3YPH3-F1-model_v6.pdb,404,0,not_found
2026-08-16T04:25:01.008762+00:00,Q3YPH4,afdb_v6_probe,U5XGX2,https://alphafold.ebi.ac.uk/files/AF-U5XGX2-F1-model_v6.pdb,404,0,not_found
2026-08-16T04:25:03.121554+00:00,Q3ZK57,uniprot_direct,Q3ZK57,https://rest.uniprot.org/uniprotkb/Q3ZK57.json,200,0,success
2026-08-16T04:25:04.120334+00:00,Q3ZK57,afdb_v6_probe,Q3ZK57,https://alphafold.ebi.ac.uk/files/AF-Q3ZK57-F1-model_v6.pdb,404,0,not_found
2026-08-16T04:25:05.874737+00:00,Q45UF7,uniprot_direct,Q45UF7,https://rest.uniprot.org/uniprotkb/Q45UF7.json,200,0,success
2026-08-16T04:25:06.854248+00:00,Q45UF7,afdb_v6_probe,Q45UF7,https://alphafold.ebi.ac.uk/files/AF-Q45UF7-F1-model_v6.pdb,404,0,not_found
2026-08-16T04:25:07.883451+00:00,Q46464,uniprot_direct,Q46464,https://rest.uniprot.org/uniprotkb/Q46464.json,200,0,success
2026-08-16T04:25:09.169546+00:00,Q46464,afdb_v6_probe,Q46464,https://alphafold.ebi.ac.uk/files/AF-Q46464-F1-model_v6.pdb,404,0,not_found
2026-08-16T04:25:10.979690+00:00,Q46E72,uniprot_direct,Q46E72,https://rest.uniprot.org/uniprotkb/Q46E72.json,200,0,success
2026-08-16T04:25:11.988656+00:00,Q46E72,afdb_v6_probe,Q46E72,https://alphafold.ebi.ac.uk/files/AF-Q46E72-F1-model_v6.pdb,404,0,not_found
2026-08-16T04:25:12.966790+00:00,Q46E72,afdb_v6_probe,Q46E73,https://alphafold.ebi.ac.uk/files/AF-Q46E73-F1-model_v6.pdb,404,0,not_found
2026-08-16T04:25:15.113976+00:00,Q4AEG9,uniprot_direct,Q4AEG9,https://rest.uniprot.org/uniprotkb/Q4AEG9.json,200,0,success
2026-08-16T04:25:16.507790+00:00,Q4AEG9,afdb_v6_probe,Q4AEG9,https://alphafold.ebi.ac.uk/files/AF-Q4AEG9-F1-model_v6.pdb,404,0,not_found
2026-08-16T04:25:17.540672+00:00,Q4AEH0,uniprot_direct,Q4AEH0,https://rest.uniprot.org/uniprotkb/Q4AEH0.json,200,0,success
2026-08-16T04:25:18.545811+00:00,Q4AEH0,afdb_v6_probe,Q4AEH0,https://alphafold.ebi.ac.uk/files/AF-Q4AEH0-F1-model_v6.pdb,404,0,not_found
2026-08-16T04:25:19.718803+00:00,Q4AEH1,uniprot_direct,Q4AEH1,https://rest.uniprot.org/uniprotkb/Q4AEH1.json,200,0,success
2026-08-16T04:25:20.682576+00:00,Q4AEH1,afdb_v6_probe,Q4AEH1,https://alphafold.ebi.ac.uk/files/AF-Q4AEH1-F1-model_v6.pdb,404,0,not_found
2026-08-16T04:25:23.801476+00:00,Q4AEH2,uniprot_direct,Q4AEH2,https://rest.uniprot.org/uniprotkb/Q4AEH2.json,200,0,success
2026-08-16T04:25:24.774537+00:00,Q4AEH2,afdb_v6_probe,Q4AEH2,https://alphafold.ebi.ac.uk/files/AF-Q4AEH2-F1-model_v6.pdb,404,0,not_found
2026-08-16T04:25:25.778189+00:00,Q4AEH3,uniprot_direct,Q4AEH3,https://rest.uniprot.org/uniprotkb/Q4AEH3.json,200,0,success
2026-08-16T04:25:27.089752+00:00,Q4AEH3,afdb_v6_probe,Q4AEH3,https://alphafold.ebi.ac.uk/files/AF-Q4AEH3-F1-model_v6.pdb,404,0,not_found
2026-08-16T04:25:28.384181+00:00,Q4AEH4,uniprot_direct,Q4AEH4,https://rest.uniprot.org/uniprotkb/Q4AEH4.json,200,0,success
2026-08-16T04:25:29.359048+00:00,Q4AEH4,afdb_v6_probe,Q4AEH4,https://alphafold.ebi.ac.uk/files/AF-Q4AEH4-F1-model_v6.pdb,404,0,not_found
2026-08-16T04:25:30.489724+00:00,Q4AEH5,uniprot_direct,Q4AEH5,https://rest.uniprot.org/uniprotkb/Q4AEH5.json,200,0,success
2026-08-16T04:25:31.541219+00:00,Q4AEH5,afdb_v6_probe,Q4AEH5,https://alphafold.ebi.ac.uk/files/AF-Q4AEH5-F1-model_v6.pdb,404,0,not_found
2026-08-16T04:25:32.616247+00:00,Q4AEH7,uniprot_direct,Q4AEH7,https://rest.uniprot.org/uniprotkb/Q4AEH7.json,200,0,success
2026-08-16T04:25:33.592711+00:00,Q4AEH7,afdb_v6_probe,Q4AEH7,https://alphafold.ebi.ac.uk/files/AF-Q4AEH7-F1-model_v6.pdb,404,0,not_found
2026-08-16T04:25:34.710152+00:00,Q4AEH8,uniprot_direct,Q4AEH8,https://rest.uniprot.org/uniprotkb/Q4AEH8.json,200,0,success
2026-08-16T04:25:35.700581+00:00,Q4AEH8,afdb_v6_probe,Q4AEH8,https://alphafold.ebi.ac.uk/files/AF-Q4AEH8-F1-model_v6.pdb,404,0,not_found
2026-08-16T04:25:38.468932+00:00,Q4AEH9,uniprot_direct,Q4AEH9,https://rest.uniprot.org/uniprotkb/Q4AEH9.json,200,0,success
2026-08-16T04:25:39.519481+00:00,Q4AEH9,afdb_v6_probe,Q4AEH9,https://alphafold.ebi.ac.uk/files/AF-Q4AEH9-F1-model_v6.pdb,404,0,not_found
2026-08-16T04:25:41.762065+00:00,Q4AEI0,uniprot_direct,Q4AEI0,https://rest.uniprot.org/uniprotkb/Q4AEI0.json,200,0,success
2026-08-16T04:25:42.723562+00:00,Q4AEI0,afdb_v6_probe,Q4AEI0,https://alphafold.ebi.ac.uk/files/AF-Q4AEI0-F1-model_v6.pdb,404,0,not_found
2026-08-16T04:25:43.702094+00:00,Q4AEI0,afdb_v6_probe,Q5RDD1,https://alphafold.ebi.ac.uk/files/AF-Q5RDD1-F1-model_v6.pdb,404,0,not_found
2026-08-16T04:25:45.595947+00:00,Q4AEI1,uniprot_direct,Q4AEI1,https://rest.uniprot.org/uniprotkb/Q4AEI1.json,200,0,success
2026-08-16T04:25:46.663059+00:00,Q4AEI1,afdb_v6_probe,Q4AEI1,https://alphafold.ebi.ac.uk/files/AF-Q4AEI1-F1-model_v6.pdb,404,0,not_found
2026-08-16T04:25:48.146373+00:00,Q4AEI2,uniprot_direct,Q4AEI2,https://rest.uniprot.org/uniprotkb/Q4AEI2.json,200,0,success
2026-08-16T04:25:49.103939+00:00,Q4AEI2,afdb_v6_probe,Q4AEI2,https://alphafold.ebi.ac.uk/files/AF-Q4AEI2-F1-model_v6.pdb,404,0,not_found
2026-08-16T04:25:50.441417+00:00,Q4AEI3,uniprot_direct,Q4AEI3,https://rest.uniprot.org/uniprotkb/Q4AEI3.json,200,0,success
2026-08-16T04:25:51.411995+00:00,Q4AEI3,afdb_v6_probe,Q4AEI3,https://alphafold.ebi.ac.uk/files/AF-Q4AEI3-F1-model_v6.pdb,404,0,not_found
2026-08-16T04:25:52.568351+00:00,Q4F8H9,uniprot_direct,Q4F8H9,https://rest.uniprot.org/uniprotkb/Q4F8H9.json,200,0,success
2026-08-16T04:25:53.510859+00:00,Q4F8H9,afdb_v6_probe,Q4F8H9,https://alphafold.ebi.ac.uk/files/AF-Q4F8H9-F1-model_v6.pdb,404,0,not_found
2026-08-16T04:25:56.442928+00:00,Q4F8I0,uniprot_direct,Q4F8I0,https://rest.uniprot.org/uniprotkb/Q4F8I0.json,200,0,success
2026-08-16T04:25:57.485339+00:00,Q4F8I0,afdb_v6_probe,Q4F8I0,https://alphafold.ebi.ac.uk/files/AF-Q4F8I0-F1-model_v6.pdb,404,0,not_found
2026-08-16T04:25:58.526635+00:00,Q4JQV6,uniprot_direct,Q4JQV6,https://rest.uniprot.org/uniprotkb/Q4JQV6.json,200,0,success
2026-08-16T04:25:59.526688+00:00,Q4JQV6,afdb_v6_probe,Q4JQV6,https://alphafold.ebi.ac.uk/files/AF-Q4JQV6-F1-model_v6.pdb,404,0,not_found
2026-08-16T04:26:00.753999+00:00,Q4JQV7,uniprot_direct,Q4JQV7,https://rest.uniprot.org/uniprotkb/Q4JQV7.json,200,0,success
2026-08-16T04:26:02.146002+00:00,Q4JQV7,afdb_v6_probe,Q4JQV7,https://alphafold.ebi.ac.uk/files/AF-Q4JQV7-F1-model_v6.pdb,404,0,not_found
2026-08-16T04:26:03.120194+00:00,Q4JQW2,uniprot_direct,Q4JQW2,https://rest.uniprot.org/uniprotkb/Q4JQW2.json,200,0,success
2026-08-16T04:26:05.107210+00:00,Q4JQW2,afdb_v6_probe,Q4JQW2,https://alphafold.ebi.ac.uk/files/AF-Q4JQW2-F1-model_v6.pdb,404,0,not_found
2026-08-16T04:26:06.193761+00:00,Q4JQW7,uniprot_direct,Q4JQW7,https://rest.uniprot.org/uniprotkb/Q4JQW7.json,200,0,success
2026-08-16T04:26:07.165211+00:00,Q4JQW7,afdb_v6_probe,Q4JQW7,https://alphafold.ebi.ac.uk/files/AF-Q4JQW7-F1-model_v6.pdb,404,0,not_found
2026-08-16T04:26:09.550951+00:00,Q4QNZ0,uniprot_direct,Q4QNZ0,https://rest.uniprot.org/uniprotkb/Q4QNZ0.json,200,0,success
2026-08-16T04:26:10.527874+00:00,Q4QNZ0,afdb_v6_probe,Q4QNZ0,https://alphafold.ebi.ac.uk/files/AF-Q4QNZ0-F1-model_v6.pdb,404,0,not_found
2026-08-16T04:26:11.666268+00:00,Q51892,uniprot_direct,Q51892,https://rest.uniprot.org/uniprotkb/Q51892.json,200,0,success
2026-08-16T04:26:12.647644+00:00,Q51892,afdb_v6_probe,Q51892,https://alphafold.ebi.ac.uk/files/AF-Q51892-F1-model_v6.pdb,404,0,not_found
2026-08-16T04:26:13.756022+00:00,Q52KJ8,uniprot_direct,Q52KJ8,https://rest.uniprot.org/uniprotkb/Q52KJ8.json,200,0,success
2026-08-16T04:26:15.055551+00:00,Q52KJ8,afdb_v6_probe,Q52KJ8,https://alphafold.ebi.ac.uk/files/AF-Q52KJ8-F1-model_v6.pdb,404,0,not_found
2026-08-16T04:26:16.149368+00:00,Q56775,uniprot_direct,Q56775,https://rest.uniprot.org/uniprotkb/Q56775.json,200,0,success
2026-08-16T04:26:17.177130+00:00,Q56775,afdb_v6_probe,Q56775,https://alphafold.ebi.ac.uk/files/AF-Q56775-F1-model_v6.pdb,404,0,not_found
2026-08-16T04:26:18.183442+00:00,Q575S9,uniprot_direct,Q575S9,https://rest.uniprot.org/uniprotkb/Q575S9.json,200,0,success
2026-08-16T04:26:19.239180+00:00,Q575S9,afdb_v6_probe,Q575S9,https://alphafold.ebi.ac.uk/files/AF-Q575S9-F1-model_v6.pdb,404,0,not_found
2026-08-16T04:26:20.404915+00:00,Q58617,uniprot_direct,Q58617,https://rest.uniprot.org/uniprotkb/Q58617.json,200,0,success
2026-08-16T04:26:21.407048+00:00,Q58617,afdb_v6_probe,Q58617,https://alphafold.ebi.ac.uk/files/AF-Q58617-F1-model_v6.pdb,404,0,not_found
2026-08-16T04:26:22.370202+00:00,Q58DK4,uniprot_direct,Q58DK4,https://rest.uniprot.org/uniprotkb/Q58DK4.json,200,0,success
2026-08-16T04:26:24.572618+00:00,Q58DK4,afdb_v6_probe,Q58DK4,https://alphafold.ebi.ac.uk/files/AF-Q58DK4-F1-model_v6.pdb,404,0,not_found
2026-08-16T04:26:25.681331+00:00,Q58DL1,uniprot_direct,Q58DL1,https://rest.uniprot.org/uniprotkb/Q58DL1.json,200,0,success
2026-08-16T04:26:26.636183+00:00,Q58DL1,afdb_v6_probe,Q58DL1,https://alphafold.ebi.ac.uk/files/AF-Q58DL1-F1-model_v6.pdb,404,0,not_found
2026-08-16T04:26:27.603515+00:00,Q58DL1,afdb_v6_probe,A2VEA1,https://alphafold.ebi.ac.uk/files/AF-A2VEA1-F1-model_v6.pdb,404,0,not_found
2026-08-16T04:26:28.826869+00:00,Q58MU6,uniprot_direct,Q58MU6,https://rest.uniprot.org/uniprotkb/Q58MU6.json,200,0,success
2026-08-16T04:26:29.787149+00:00,Q58MU6,afdb_v6_probe,Q58MU6,https://alphafold.ebi.ac.uk/files/AF-Q58MU6-F1-model_v6.pdb,404,0,not_found
2026-08-16T04:26:31.977466+00:00,Q59680,uniprot_direct,Q59680,https://rest.uniprot.org/uniprotkb/Q59680.json,200,0,success
2026-08-16T04:26:33.039972+00:00,Q59680,afdb_v6_probe,Q59680,https://alphafold.ebi.ac.uk/files/AF-Q59680-F1-model_v6.pdb,404,0,not_found
2026-08-16T04:26:34.057788+00:00,Q5HSS7,uniprot_direct,Q5HSS7,https://rest.uniprot.org/uniprotkb/Q5HSS7.json,200,0,success
2026-08-16T04:26:35.017353+00:00,Q5HSS7,afdb_v6_probe,Q5HSS7,https://alphafold.ebi.ac.uk/files/AF-Q5HSS7-F1-model_v6.pdb,404,0,not_found
2026-08-16T04:26:35.981636+00:00,Q5I128,uniprot_direct,Q5I128,https://rest.uniprot.org/uniprotkb/Q5I128.json,200,0,success
2026-08-16T04:26:37.014928+00:00,Q5I128,afdb_v6_probe,Q5I128,https://alphafold.ebi.ac.uk/files/AF-Q5I128-F1-model_v6.pdb,404,0,not_found
2026-08-16T04:26:37.993304+00:00,Q5I137,uniprot_direct,Q5I137,https://rest.uniprot.org/uniprotkb/Q5I137.json,200,0,success
2026-08-16T04:26:39.334402+00:00,Q5I137,afdb_v6_probe,Q5I137,https://alphafold.ebi.ac.uk/files/AF-Q5I137-F1-model_v6.pdb,404,0,not_found
2026-08-16T04:26:40.374908+00:00,Q5I139,uniprot_direct,Q5I139,https://rest.uniprot.org/uniprotkb/Q5I139.json,200,0,success
2026-08-16T04:26:41.433348+00:00,Q5I139,afdb_v6_probe,Q5I139,https://alphafold.ebi.ac.uk/files/AF-Q5I139-F1-model_v6.pdb,404,0,not_found
2026-08-16T04:26:42.381099+00:00,Q5I143,uniprot_direct,Q5I143,https://rest.uniprot.org/uniprotkb/Q5I143.json,200,0,success
2026-08-16T04:26:43.370114+00:00,Q5I143,afdb_v6_probe,Q5I143,https://alphafold.ebi.ac.uk/files/AF-Q5I143-F1-model_v6.pdb,404,0,not_found
2026-08-16T04:26:44.403229+00:00,Q5I145,uniprot_direct,Q5I145,https://rest.uniprot.org/uniprotkb/Q5I145.json,200,0,success
2026-08-16T04:26:45.415123+00:00,Q5I145,afdb_v6_probe,Q5I145,https://alphafold.ebi.ac.uk/files/AF-Q5I145-F1-model_v6.pdb,404,0,not_found
2026-08-16T04:26:46.458304+00:00,Q5I146,uniprot_direct,Q5I146,https://rest.uniprot.org/uniprotkb/Q5I146.json,200,0,success
2026-08-16T04:26:47.418991+00:00,Q5I146,afdb_v6_probe,Q5I146,https://alphafold.ebi.ac.uk/files/AF-Q5I146-F1-model_v6.pdb,404,0,not_found
2026-08-16T04:26:49.770563+00:00,Q5I3B1,uniprot_direct,Q5I3B1,https://rest.uniprot.org/uniprotkb/Q5I3B1.json,200,0,success
2026-08-16T04:26:50.735269+00:00,Q5I3B1,afdb_v6_probe,Q5I3B1,https://alphafold.ebi.ac.uk/files/AF-Q5I3B1-F1-model_v6.pdb,404,0,not_found
2026-08-16T04:26:52.599067+00:00,Q5I3B2,uniprot_direct,Q5I3B2,https://rest.uniprot.org/uniprotkb/Q5I3B2.json,200,0,success
2026-08-16T04:26:53.632725+00:00,Q5I3B2,afdb_v6_probe,Q5I3B2,https://alphafold.ebi.ac.uk/files/AF-Q5I3B2-F1-model_v6.pdb,404,0,not_found
2026-08-16T04:26:54.896868+00:00,Q5IS82,uniprot_direct,Q5IS82,https://rest.uniprot.org/uniprotkb/Q5IS82.json,200,0,success
2026-08-16T04:26:55.850384+00:00,Q5IS82,afdb_v6_probe,Q5IS82,https://alphafold.ebi.ac.uk/files/AF-Q5IS82-F1-model_v6.pdb,404,0,not_found
2026-08-16T04:26:57.280219+00:00,Q5MQD1,uniprot_direct,Q5MQD1,https://rest.uniprot.org/uniprotkb/Q5MQD1.json,200,0,success
2026-08-16T04:26:58.237195+00:00,Q5MQD1,afdb_v6_probe,Q5MQD1,https://alphafold.ebi.ac.uk/files/AF-Q5MQD1-F1-model_v6.pdb,404,0,not_found
2026-08-16T04:26:59.186201+00:00,Q5NV96,uniprot_direct,Q5NV96,https://rest.uniprot.org/uniprotkb/Q5NV96.json,200,0,success
2026-08-16T04:27:00.148232+00:00,Q5NV96,afdb_v6_probe,Q5NV96,https://alphafold.ebi.ac.uk/files/AF-Q5NV96-F1-model_v6.pdb,404,0,not_found
2026-08-16T04:27:01.268149+00:00,Q5NVA2,uniprot_direct,Q5NVA2,https://rest.uniprot.org/uniprotkb/Q5NVA2.json,200,0,success
2026-08-16T04:27:02.284909+00:00,Q5NVA2,afdb_v6_probe,Q5NVA2,https://alphafold.ebi.ac.uk/files/AF-Q5NVA2-F1-model_v6.pdb,404,0,not_found
2026-08-16T04:27:03.299429+00:00,Q5NVA2,afdb_v6_probe,Q5R5P1,https://alphafold.ebi.ac.uk/files/AF-Q5R5P1-F1-model_v6.pdb,404,0,not_found
2026-08-16T04:27:04.618358+00:00,Q5PU49,uniprot_direct,Q5PU49,https://rest.uniprot.org/uniprotkb/Q5PU49.json,200,0,success
2026-08-16T04:27:05.668008+00:00,Q5PU49,afdb_v6_probe,Q5PU49,https://alphafold.ebi.ac.uk/files/AF-Q5PU49-F1-model_v6.pdb,404,0,not_found
2026-08-16T04:27:06.684483+00:00,Q5QQ46,uniprot_direct,Q5QQ46,https://rest.uniprot.org/uniprotkb/Q5QQ46.json,200,0,success
2026-08-16T04:27:07.697966+00:00,Q5QQ46,afdb_v6_probe,Q5QQ46,https://alphafold.ebi.ac.uk/files/AF-Q5QQ46-F1-model_v6.pdb,404,0,not_found
2026-08-16T04:27:09.675042+00:00,Q5R869,uniprot_direct,Q5R869,https://rest.uniprot.org/uniprotkb/Q5R869.json,200,0,success
2026-08-16T04:27:10.724699+00:00,Q5R869,afdb_v6_probe,Q5R869,https://alphafold.ebi.ac.uk/files/AF-Q5R869-F1-model_v6.pdb,404,0,not_found
2026-08-16T04:27:11.755144+00:00,Q5RFG3,uniprot_direct,Q5RFG3,https://rest.uniprot.org/uniprotkb/Q5RFG3.json,200,0,success
2026-08-16T04:27:12.741397+00:00,Q5RFG3,afdb_v6_probe,Q5RFG3,https://alphafold.ebi.ac.uk/files/AF-Q5RFG3-F1-model_v6.pdb,404,0,not_found
2026-08-16T04:27:13.836151+00:00,Q5UNT1,uniprot_direct,Q5UNT1,https://rest.uniprot.org/uniprotkb/Q5UNT1.json,200,0,success
2026-08-16T04:27:36.767059+00:00,Q5UNT1,afdb_v6_probe,Q5UNT1,https://alphafold.ebi.ac.uk/files/AF-Q5UNT1-F1-model_v6.pdb,404,1,not_found
2026-08-16T04:27:38.670466+00:00,Q5UNT4,uniprot_direct,Q5UNT4,https://rest.uniprot.org/uniprotkb/Q5UNT4.json,200,0,success
2026-08-16T04:27:39.728478+00:00,Q5UNT4,afdb_v6_probe,Q5UNT4,https://alphafold.ebi.ac.uk/files/AF-Q5UNT4-F1-model_v6.pdb,404,0,not_found
2026-08-16T04:27:41.343357+00:00,Q5UNT7,uniprot_direct,Q5UNT7,https://rest.uniprot.org/uniprotkb/Q5UNT7.json,200,0,success
2026-08-16T04:27:42.317389+00:00,Q5UNT7,afdb_v6_probe,Q5UNT7,https://alphafold.ebi.ac.uk/files/AF-Q5UNT7-F1-model_v6.pdb,404,0,not_found
2026-08-16T04:27:46.708679+00:00,Q5UNU9,uniprot_direct,Q5UNU9,https://rest.uniprot.org/uniprotkb/Q5UNU9.json,200,0,success
2026-08-16T04:27:47.680199+00:00,Q5UNU9,afdb_v6_probe,Q5UNU9,https://alphafold.ebi.ac.uk/files/AF-Q5UNU9-F1-model_v6.pdb,404,0,not_found
2026-08-16T04:27:49.040108+00:00,Q5UNV4,uniprot_direct,Q5UNV4,https://rest.uniprot.org/uniprotkb/Q5UNV4.json,200,0,success
2026-08-16T04:27:50.012351+00:00,Q5UNV4,afdb_v6_probe,Q5UNV4,https://alphafold.ebi.ac.uk/files/AF-Q5UNV4-F1-model_v6.pdb,404,0,not_found
2026-08-16T04:27:51.105800+00:00,Q5UP25,uniprot_direct,Q5UP25,https://rest.uniprot.org/uniprotkb/Q5UP25.json,200,0,success
2026-08-16T04:27:52.075011+00:00,Q5UP25,afdb_v6_probe,Q5UP25,https://alphafold.ebi.ac.uk/files/AF-Q5UP25-F1-model_v6.pdb,404,0,not_found
2026-08-16T04:27:53.029431+00:00,Q5UP36,uniprot_direct,Q5UP36,https://rest.uniprot.org/uniprotkb/Q5UP36.json,200,0,success
2026-08-16T04:27:53.987102+00:00,Q5UP36,afdb_v6_probe,Q5UP36,https://alphafold.ebi.ac.uk/files/AF-Q5UP36-F1-model_v6.pdb,404,0,not_found
2026-08-16T04:27:55.198907+00:00,Q5UP54,uniprot_direct,Q5UP54,https://rest.uniprot.org/uniprotkb/Q5UP54.json,200,0,success
2026-08-16T04:27:56.943187+00:00,Q5UP54,afdb_v6_probe,Q5UP54,https://alphafold.ebi.ac.uk/files/AF-Q5UP54-F1-model_v6.pdb,404,0,not_found
2026-08-16T04:27:57.933100+00:00,Q5UP57,uniprot_direct,Q5UP57,https://rest.uniprot.org/uniprotkb/Q5UP57.json,200,0,success
2026-08-16T04:27:58.956403+00:00,Q5UP57,afdb_v6_probe,Q5UP57,https://alphafold.ebi.ac.uk/files/AF-Q5UP57-F1-model_v6.pdb,404,0,not_found
2026-08-16T04:27:59.996036+00:00,Q5UPJ7,uniprot_direct,Q5UPJ7,https://rest.uniprot.org/uniprotkb/Q5UPJ7.json,200,0,success
2026-08-16T04:28:00.953922+00:00,Q5UPJ7,afdb_v6_probe,Q5UPJ7,https://alphafold.ebi.ac.uk/files/AF-Q5UPJ7-F1-model_v6.pdb,404,0,not_found
2026-08-16T04:28:03.674826+00:00,Q5UPU3,uniprot_direct,Q5UPU3,https://rest.uniprot.org/uniprotkb/Q5UPU3.json,200,0,success
2026-08-16T04:28:04.640720+00:00,Q5UPU3,afdb_v6_probe,Q5UPU3,https://alphafold.ebi.ac.uk/files/AF-Q5UPU3-F1-model_v6.pdb,404,0,not_found
2026-08-16T04:28:05.685438+00:00,Q5UPX0,uniprot_direct,Q5UPX0,https://rest.uniprot.org/uniprotkb/Q5UPX0.json,200,0,success
2026-08-16T04:28:06.736789+00:00,Q5UPX0,afdb_v6_probe,Q5UPX0,https://alphafold.ebi.ac.uk/files/AF-Q5UPX0-F1-model_v6.pdb,404,0,not_found
2026-08-16T04:28:08.815010+00:00,Q5UPZ2,uniprot_direct,Q5UPZ2,https://rest.uniprot.org/uniprotkb/Q5UPZ2.json,200,0,success
2026-08-16T04:28:09.813458+00:00,Q5UPZ2,afdb_v6_probe,Q5UPZ2,https://alphafold.ebi.ac.uk/files/AF-Q5UPZ2-F1-model_v6.pdb,404,0,not_found
2026-08-16T04:28:10.918401+00:00,Q5UPZ9,uniprot_direct,Q5UPZ9,https://rest.uniprot.org/uniprotkb/Q5UPZ9.json,200,0,success
2026-08-16T04:28:11.916402+00:00,Q5UPZ9,afdb_v6_probe,Q5UPZ9,https://alphafold.ebi.ac.uk/files/AF-Q5UPZ9-F1-model_v6.pdb,404,0,not_found
2026-08-16T04:28:13.199932+00:00,Q5UQ00,uniprot_direct,Q5UQ00,https://rest.uniprot.org/uniprotkb/Q5UQ00.json,200,0,success
2026-08-16T04:28:14.477647+00:00,Q5UQ00,afdb_v6_probe,Q5UQ00,https://alphafold.ebi.ac.uk/files/AF-Q5UQ00-F1-model_v6.pdb,404,0,not_found
2026-08-16T04:28:15.932530+00:00,Q5UQ24,uniprot_direct,Q5UQ24,https://rest.uniprot.org/uniprotkb/Q5UQ24.json,200,0,success
2026-08-16T04:28:17.637563+00:00,Q5UQ24,afdb_v6_probe,Q5UQ24,https://alphafold.ebi.ac.uk/files/AF-Q5UQ24-F1-model_v6.pdb,404,0,not_found
2026-08-16T04:28:19.534578+00:00,Q5UQ46,uniprot_direct,Q5UQ46,https://rest.uniprot.org/uniprotkb/Q5UQ46.json,200,0,success
2026-08-16T04:28:20.593044+00:00,Q5UQ46,afdb_v6_probe,Q5UQ46,https://alphafold.ebi.ac.uk/files/AF-Q5UQ46-F1-model_v6.pdb,404,0,not_found
2026-08-16T04:28:21.659026+00:00,Q5UQ59,uniprot_direct,Q5UQ59,https://rest.uniprot.org/uniprotkb/Q5UQ59.json,200,0,success
2026-08-16T04:28:22.616873+00:00,Q5UQ59,afdb_v6_probe,Q5UQ59,https://alphafold.ebi.ac.uk/files/AF-Q5UQ59-F1-model_v6.pdb,404,0,not_found
2026-08-16T04:28:23.892978+00:00,Q5UQ70,uniprot_direct,Q5UQ70,https://rest.uniprot.org/uniprotkb/Q5UQ70.json,200,0,success
2026-08-16T04:28:24.849406+00:00,Q5UQ70,afdb_v6_probe,Q5UQ70,https://alphafold.ebi.ac.uk/files/AF-Q5UQ70-F1-model_v6.pdb,404,0,not_found
2026-08-16T04:28:25.815783+00:00,Q5UQ78,uniprot_direct,Q5UQ78,https://rest.uniprot.org/uniprotkb/Q5UQ78.json,200,0,success
2026-08-16T04:28:26.763971+00:00,Q5UQ78,afdb_v6_probe,Q5UQ78,https://alphafold.ebi.ac.uk/files/AF-Q5UQ78-F1-model_v6.pdb,404,0,not_found
2026-08-16T04:28:27.716991+00:00,Q5UQ78,afdb_v6_probe,Q5UQ77,https://alphafold.ebi.ac.uk/files/AF-Q5UQ77-F1-model_v6.pdb,404,0,not_found
2026-08-16T04:28:29.279064+00:00,Q5UQ96,uniprot_direct,Q5UQ96,https://rest.uniprot.org/uniprotkb/Q5UQ96.json,200,0,success
2026-08-16T04:28:30.581091+00:00,Q5UQ96,afdb_v6_probe,Q5UQ96,https://alphafold.ebi.ac.uk/files/AF-Q5UQ96-F1-model_v6.pdb,404,0,not_found
2026-08-16T04:28:31.859944+00:00,Q5UQ98,uniprot_direct,Q5UQ98,https://rest.uniprot.org/uniprotkb/Q5UQ98.json,200,0,success
2026-08-16T04:28:33.284119+00:00,Q5UQ98,afdb_v6_probe,Q5UQ98,https://alphafold.ebi.ac.uk/files/AF-Q5UQ98-F1-model_v6.pdb,404,0,not_found
2026-08-16T04:28:34.317919+00:00,Q5UQC1,uniprot_direct,Q5UQC1,https://rest.uniprot.org/uniprotkb/Q5UQC1.json,200,0,success
2026-08-16T04:28:36.773192+00:00,Q5UQC1,afdb_v6_probe,Q5UQC1,https://alphafold.ebi.ac.uk/files/AF-Q5UQC1-F1-model_v6.pdb,404,0,not_found
2026-08-16T04:28:38.002336+00:00,Q5UQC3,uniprot_direct,Q5UQC3,https://rest.uniprot.org/uniprotkb/Q5UQC3.json,200,0,success
2026-08-16T04:28:38.975650+00:00,Q5UQC3,afdb_v6_probe,Q5UQC3,https://alphafold.ebi.ac.uk/files/AF-Q5UQC3-F1-model_v6.pdb,404,0,not_found
2026-08-16T04:28:39.943294+00:00,Q5UQC3,afdb_v6_probe,E3VZ93,https://alphafold.ebi.ac.uk/files/AF-E3VZ93-F1-model_v6.pdb,404,0,not_found
2026-08-16T04:28:43.242944+00:00,Q5UQD1,uniprot_direct,Q5UQD1,https://rest.uniprot.org/uniprotkb/Q5UQD1.json,200,0,success
2026-08-16T04:28:44.248134+00:00,Q5UQD1,afdb_v6_probe,Q5UQD1,https://alphafold.ebi.ac.uk/files/AF-Q5UQD1-F1-model_v6.pdb,404,0,not_found
2026-08-16T04:28:45.241197+00:00,Q5UQD2,uniprot_direct,Q5UQD2,https://rest.uniprot.org/uniprotkb/Q5UQD2.json,200,0,success
2026-08-16T04:28:47.702146+00:00,Q5UQD2,afdb_v6_probe,Q5UQD2,https://alphafold.ebi.ac.uk/files/AF-Q5UQD2-F1-model_v6.pdb,404,0,not_found
2026-08-16T04:28:48.748230+00:00,Q5UQE1,uniprot_direct,Q5UQE1,https://rest.uniprot.org/uniprotkb/Q5UQE1.json,200,0,success
2026-08-16T04:28:50.097914+00:00,Q5UQE1,afdb_v6_probe,Q5UQE1,https://alphafold.ebi.ac.uk/files/AF-Q5UQE1-F1-model_v6.pdb,404,0,not_found
2026-08-16T04:28:51.160662+00:00,Q5UQG3,uniprot_direct,Q5UQG3,https://rest.uniprot.org/uniprotkb/Q5UQG3.json,200,0,success
2026-08-16T04:28:52.151231+00:00,Q5UQG3,afdb_v6_probe,Q5UQG3,https://alphafold.ebi.ac.uk/files/AF-Q5UQG3-F1-model_v6.pdb,404,0,not_found
2026-08-16T04:28:53.219374+00:00,Q5UQI4,uniprot_direct,Q5UQI4,https://rest.uniprot.org/uniprotkb/Q5UQI4.json,200,0,success
2026-08-16T04:28:54.164871+00:00,Q5UQI4,afdb_v6_probe,Q5UQI4,https://alphafold.ebi.ac.uk/files/AF-Q5UQI4-F1-model_v6.pdb,404,0,not_found
2026-08-16T04:28:55.266864+00:00,Q5UQJ6,uniprot_direct,Q5UQJ6,https://rest.uniprot.org/uniprotkb/Q5UQJ6.json,200,0,success
2026-08-16T04:28:56.253781+00:00,Q5UQJ6,afdb_v6_probe,Q5UQJ6,https://alphafold.ebi.ac.uk/files/AF-Q5UQJ6-F1-model_v6.pdb,404,0,not_found
2026-08-16T04:28:57.246539+00:00,Q5UQL3,uniprot_direct,Q5UQL3,https://rest.uniprot.org/uniprotkb/Q5UQL3.json,200,0,success
2026-08-16T04:28:58.280121+00:00,Q5UQL3,afdb_v6_probe,Q5UQL3,https://alphafold.ebi.ac.uk/files/AF-Q5UQL3-F1-model_v6.pdb,404,0,not_found
2026-08-16T04:28:59.388020+00:00,Q5UQU2,uniprot_direct,Q5UQU2,https://rest.uniprot.org/uniprotkb/Q5UQU2.json,200,0,success
2026-08-16T04:29:00.409999+00:00,Q5UQU2,afdb_v6_probe,Q5UQU2,https://alphafold.ebi.ac.uk/files/AF-Q5UQU2-F1-model_v6.pdb,404,0,not_found
2026-08-16T04:29:01.380684+00:00,Q5UQV6,uniprot_direct,Q5UQV6,https://rest.uniprot.org/uniprotkb/Q5UQV6.json,200,0,success
2026-08-16T04:29:02.374793+00:00,Q5UQV6,afdb_v6_probe,Q5UQV6,https://alphafold.ebi.ac.uk/files/AF-Q5UQV6-F1-model_v6.pdb,404,0,not_found
2026-08-16T04:29:03.890008+00:00,Q5UR02,uniprot_direct,Q5UR02,https://rest.uniprot.org/uniprotkb/Q5UR02.json,200,0,success
2026-08-16T04:29:05.684232+00:00,Q5UR02,afdb_v6_probe,Q5UR02,https://alphafold.ebi.ac.uk/files/AF-Q5UR02-F1-model_v6.pdb,404,0,not_found
2026-08-16T04:29:06.718784+00:00,Q5UR12,uniprot_direct,Q5UR12,https://rest.uniprot.org/uniprotkb/Q5UR12.json,200,0,success
2026-08-16T04:29:07.735041+00:00,Q5UR12,afdb_v6_probe,Q5UR12,https://alphafold.ebi.ac.uk/files/AF-Q5UR12-F1-model_v6.pdb,404,0,not_found
2026-08-16T04:29:08.895093+00:00,Q5UR22,uniprot_direct,Q5UR22,https://rest.uniprot.org/uniprotkb/Q5UR22.json,200,0,success
2026-08-16T04:29:09.951359+00:00,Q5UR22,afdb_v6_probe,Q5UR22,https://alphafold.ebi.ac.uk/files/AF-Q5UR22-F1-model_v6.pdb,404,0,not_found
2026-08-16T04:29:11.012037+00:00,Q5UR44,uniprot_direct,Q5UR44,https://rest.uniprot.org/uniprotkb/Q5UR44.json,200,0,success
2026-08-16T04:29:12.024322+00:00,Q5UR44,afdb_v6_probe,Q5UR44,https://alphafold.ebi.ac.uk/files/AF-Q5UR44-F1-model_v6.pdb,404,0,not_found
2026-08-16T04:29:13.161618+00:00,Q5UR49,uniprot_direct,Q5UR49,https://rest.uniprot.org/uniprotkb/Q5UR49.json,200,0,success
2026-08-16T04:29:16.042346+00:00,Q5UR49,afdb_v6_probe,Q5UR49,https://alphafold.ebi.ac.uk/files/AF-Q5UR49-F1-model_v6.pdb,404,0,not_found
2026-08-16T04:29:17.360919+00:00,Q5UR64,uniprot_direct,Q5UR64,https://rest.uniprot.org/uniprotkb/Q5UR64.json,200,0,success
2026-08-16T04:29:18.328293+00:00,Q5UR64,afdb_v6_probe,Q5UR64,https://alphafold.ebi.ac.uk/files/AF-Q5UR64-F1-model_v6.pdb,404,0,not_found
2026-08-16T04:29:20.075826+00:00,Q5UR67,uniprot_direct,Q5UR67,https://rest.uniprot.org/uniprotkb/Q5UR67.json,200,0,success
2026-08-16T04:29:21.834985+00:00,Q5UR67,afdb_v6_probe,Q5UR67,https://alphafold.ebi.ac.uk/files/AF-Q5UR67-F1-model_v6.pdb,404,0,not_found
2026-08-16T04:29:23.929029+00:00,Q5UR74,uniprot_direct,Q5UR74,https://rest.uniprot.org/uniprotkb/Q5UR74.json,200,0,success
2026-08-16T04:29:24.908394+00:00,Q5UR74,afdb_v6_probe,Q5UR74,https://alphafold.ebi.ac.uk/files/AF-Q5UR74-F1-model_v6.pdb,404,0,not_found
2026-08-16T04:29:27.190344+00:00,Q5UR82,uniprot_direct,Q5UR82,https://rest.uniprot.org/uniprotkb/Q5UR82.json,200,0,success
2026-08-16T04:29:28.252928+00:00,Q5UR82,afdb_v6_probe,Q5UR82,https://alphafold.ebi.ac.uk/files/AF-Q5UR82-F1-model_v6.pdb,404,0,not_found
2026-08-16T04:29:29.302553+00:00,Q5X9M0,uniprot_direct,Q5X9M0,https://rest.uniprot.org/uniprotkb/Q5X9M0.json,200,0,success
2026-08-16T04:29:30.259989+00:00,Q5X9M0,afdb_v6_probe,Q5X9M0,https://alphafold.ebi.ac.uk/files/AF-Q5X9M0-F1-model_v6.pdb,404,0,not_found
2026-08-16T04:29:31.253228+00:00,Q5YD76,uniprot_direct,Q5YD76,https://rest.uniprot.org/uniprotkb/Q5YD76.json,200,0,success
2026-08-16T04:29:32.225469+00:00,Q5YD76,afdb_v6_probe,Q5YD76,https://alphafold.ebi.ac.uk/files/AF-Q5YD76-F1-model_v6.pdb,404,0,not_found
2026-08-16T04:29:33.421005+00:00,Q5ZJN8,uniprot_direct,Q5ZJN8,https://rest.uniprot.org/uniprotkb/Q5ZJN8.json,200,0,success
2026-08-16T04:29:34.439112+00:00,Q5ZJN8,afdb_v6_probe,Q5ZJN8,https://alphafold.ebi.ac.uk/files/AF-Q5ZJN8-F1-model_v6.pdb,404,0,not_found
2026-08-16T04:29:35.392758+00:00,Q60270,uniprot_direct,Q60270,https://rest.uniprot.org/uniprotkb/Q60270.json,200,0,success
2026-08-16T04:29:36.356256+00:00,Q60270,afdb_v6_probe,Q60270,https://alphafold.ebi.ac.uk/files/AF-Q60270-F1-model_v6.pdb,404,0,not_found
2026-08-16T04:29:37.646471+00:00,Q61153,uniprot_direct,Q61153,https://rest.uniprot.org/uniprotkb/Q61153.json,200,0,success
2026-08-16T04:29:39.174175+00:00,Q61153,afdb_v6_probe,Q61153,https://alphafold.ebi.ac.uk/files/AF-Q61153-F1-model_v6.pdb,404,0,not_found
2026-08-16T04:29:40.153469+00:00,Q61153,afdb_v6_probe,Q05CY5,https://alphafold.ebi.ac.uk/files/AF-Q05CY5-F1-model_v6.pdb,404,0,not_found
2026-08-16T04:29:41.165397+00:00,Q61153,afdb_v6_probe,Q5FW63,https://alphafold.ebi.ac.uk/files/AF-Q5FW63-F1-model_v6.pdb,404,0,not_found
2026-08-16T04:29:42.133192+00:00,Q65163,uniprot_direct,Q65163,https://rest.uniprot.org/uniprotkb/Q65163.json,200,0,success
2026-08-16T04:29:43.096159+00:00,Q65163,afdb_v6_probe,Q65163,https://alphafold.ebi.ac.uk/files/AF-Q65163-F1-model_v6.pdb,404,0,not_found
2026-08-16T04:29:45.156966+00:00,Q65164,uniprot_direct,Q65164,https://rest.uniprot.org/uniprotkb/Q65164.json,200,0,success
2026-08-16T04:29:46.179181+00:00,Q65164,afdb_v6_probe,Q65164,https://alphafold.ebi.ac.uk/files/AF-Q65164-F1-model_v6.pdb,404,0,not_found
2026-08-16T04:29:47.300252+00:00,Q65191,uniprot_direct,Q65191,https://rest.uniprot.org/uniprotkb/Q65191.json,200,0,success
2026-08-16T04:29:48.250741+00:00,Q65191,afdb_v6_probe,Q65191,https://alphafold.ebi.ac.uk/files/AF-Q65191-F1-model_v6.pdb,404,0,not_found
2026-08-16T04:29:49.224086+00:00,Q65199,uniprot_direct,Q65199,https://rest.uniprot.org/uniprotkb/Q65199.json,200,0,success
2026-08-16T04:29:50.280561+00:00,Q65199,afdb_v6_probe,Q65199,https://alphafold.ebi.ac.uk/files/AF-Q65199-F1-model_v6.pdb,404,0,not_found
2026-08-16T04:29:52.282717+00:00,Q65216,uniprot_direct,Q65216,https://rest.uniprot.org/uniprotkb/Q65216.json,200,0,success
2026-08-16T04:29:53.339076+00:00,Q65216,afdb_v6_probe,Q65216,https://alphafold.ebi.ac.uk/files/AF-Q65216-F1-model_v6.pdb,404,0,not_found
2026-08-16T04:29:54.332128+00:00,Q65243,uniprot_direct,Q65243,https://rest.uniprot.org/uniprotkb/Q65243.json,200,0,success
2026-08-16T04:29:55.327445+00:00,Q65243,afdb_v6_probe,Q65243,https://alphafold.ebi.ac.uk/files/AF-Q65243-F1-model_v6.pdb,404,0,not_found
2026-08-16T04:29:56.402995+00:00,Q65526,uniprot_direct,Q65526,https://rest.uniprot.org/uniprotkb/Q65526.json,200,0,success
2026-08-16T04:29:57.399499+00:00,Q65526,afdb_v6_probe,Q65526,https://alphafold.ebi.ac.uk/files/AF-Q65526-F1-model_v6.pdb,404,0,not_found
2026-08-16T04:29:58.856981+00:00,Q66165,uniprot_direct,Q66165,https://rest.uniprot.org/uniprotkb/Q66165.json,200,0,success
2026-08-16T04:29:59.930237+00:00,Q66165,afdb_v6_probe,Q66165,https://alphafold.ebi.ac.uk/files/AF-Q66165-F1-model_v6.pdb,404,0,not_found
2026-08-16T04:30:00.965124+00:00,Q66624,uniprot_direct,Q66624,https://rest.uniprot.org/uniprotkb/Q66624.json,200,0,success
2026-08-16T04:30:01.943560+00:00,Q66624,afdb_v6_probe,Q66624,https://alphafold.ebi.ac.uk/files/AF-Q66624-F1-model_v6.pdb,404,0,not_found
2026-08-16T04:30:03.078806+00:00,Q66662,uniprot_direct,Q66662,https://rest.uniprot.org/uniprotkb/Q66662.json,200,0,success
2026-08-16T04:30:04.054538+00:00,Q66662,afdb_v6_probe,Q66662,https://alphafold.ebi.ac.uk/files/AF-Q66662-F1-model_v6.pdb,404,0,not_found
2026-08-16T04:30:06.105202+00:00,Q66663,uniprot_direct,Q66663,https://rest.uniprot.org/uniprotkb/Q66663.json,200,0,success
2026-08-16T04:30:07.060396+00:00,Q66663,afdb_v6_probe,Q66663,https://alphafold.ebi.ac.uk/files/AF-Q66663-F1-model_v6.pdb,404,0,not_found
2026-08-16T04:30:08.071279+00:00,Q66862,uniprot_direct,Q66862,https://rest.uniprot.org/uniprotkb/Q66862.json,200,0,success
2026-08-16T04:30:09.058866+00:00,Q66862,afdb_v6_probe,Q66862,https://alphafold.ebi.ac.uk/files/AF-Q66862-F1-model_v6.pdb,404,0,not_found
2026-08-16T04:30:10.210473+00:00,Q66I14,uniprot_direct,Q66I14,https://rest.uniprot.org/uniprotkb/Q66I14.json,200,0,success
2026-08-16T04:30:11.265261+00:00,Q66I14,afdb_v6_probe,Q66I14,https://alphafold.ebi.ac.uk/files/AF-Q66I14-F1-model_v6.pdb,404,0,not_found
2026-08-16T04:30:12.576772+00:00,Q66I14,afdb_v6_probe,Q802F1,https://alphafold.ebi.ac.uk/files/AF-Q802F1-F1-model_v6.pdb,404,0,not_found
2026-08-16T04:30:13.673076+00:00,Q67387,uniprot_direct,Q67387,https://rest.uniprot.org/uniprotkb/Q67387.json,200,0,success
2026-08-16T04:30:14.729578+00:00,Q67387,afdb_v6_probe,Q67387,https://alphafold.ebi.ac.uk/files/AF-Q67387-F1-model_v6.pdb,404,0,not_found
2026-08-16T04:30:15.991414+00:00,Q67472,uniprot_direct,Q67472,https://rest.uniprot.org/uniprotkb/Q67472.json,200,0,success
2026-08-16T04:30:16.990365+00:00,Q67472,afdb_v6_probe,Q67472,https://alphafold.ebi.ac.uk/files/AF-Q67472-F1-model_v6.pdb,404,0,not_found
2026-08-16T04:30:18.005987+00:00,Q67477,uniprot_direct,Q67477,https://rest.uniprot.org/uniprotkb/Q67477.json,200,0,success
2026-08-16T04:30:19.005335+00:00,Q67477,afdb_v6_probe,Q67477,https://alphafold.ebi.ac.uk/files/AF-Q67477-F1-model_v6.pdb,404,0,not_found
2026-08-16T04:30:19.988522+00:00,Q67477,afdb_v6_probe,Q9J5F8,https://alphafold.ebi.ac.uk/files/AF-Q9J5F8-F1-model_v6.pdb,404,0,not_found
2026-08-16T04:30:22.007578+00:00,Q67KE6,uniprot_direct,Q67KE6,https://rest.uniprot.org/uniprotkb/Q67KE6.json,200,0,success
2026-08-16T04:30:24.826834+00:00,Q67KE6,afdb_v6_probe,Q67KE6,https://alphafold.ebi.ac.uk/files/AF-Q67KE6-F1-model_v6.pdb,404,0,not_found
2026-08-16T04:30:26.038385+00:00,Q67KE7,uniprot_direct,Q67KE7,https://rest.uniprot.org/uniprotkb/Q67KE7.json,200,0,success
2026-08-16T04:30:26.997688+00:00,Q67KE7,afdb_v6_probe,Q67KE7,https://alphafold.ebi.ac.uk/files/AF-Q67KE7-F1-model_v6.pdb,404,0,not_found
2026-08-16T04:30:28.722139+00:00,Q68101,uniprot_direct,Q68101,https://rest.uniprot.org/uniprotkb/Q68101.json,200,0,success
2026-08-16T04:30:29.712524+00:00,Q68101,afdb_v6_probe,Q68101,https://alphafold.ebi.ac.uk/files/AF-Q68101-F1-model_v6.pdb,404,0,not_found
2026-08-16T04:30:30.734974+00:00,Q69151,uniprot_direct,Q69151,https://rest.uniprot.org/uniprotkb/Q69151.json,200,0,success
2026-08-16T04:30:31.683697+00:00,Q69151,afdb_v6_probe,Q69151,https://alphafold.ebi.ac.uk/files/AF-Q69151-F1-model_v6.pdb,404,0,not_found
2026-08-16T04:30:32.725026+00:00,Q694C5,uniprot_direct,Q694C5,https://rest.uniprot.org/uniprotkb/Q694C5.json,200,0,success
2026-08-16T04:30:33.708349+00:00,Q694C5,afdb_v6_probe,Q694C5,https://alphafold.ebi.ac.uk/files/AF-Q694C5-F1-model_v6.pdb,404,0,not_found
2026-08-16T04:30:34.802090+00:00,Q69BJ7,uniprot_direct,Q69BJ7,https://rest.uniprot.org/uniprotkb/Q69BJ7.json,200,0,success
2026-08-16T04:30:37.634256+00:00,Q69BJ7,afdb_v6_probe,Q69BJ7,https://alphafold.ebi.ac.uk/files/AF-Q69BJ7-F1-model_v6.pdb,404,0,not_found
2026-08-16T04:30:38.831431+00:00,Q69BJ8,uniprot_direct,Q69BJ8,https://rest.uniprot.org/uniprotkb/Q69BJ8.json,200,0,success
2026-08-16T04:30:39.886193+00:00,Q69BJ8,afdb_v6_probe,Q69BJ8,https://alphafold.ebi.ac.uk/files/AF-Q69BJ8-F1-model_v6.pdb,404,0,not_found
2026-08-16T04:30:40.856696+00:00,Q69BJ9,uniprot_direct,Q69BJ9,https://rest.uniprot.org/uniprotkb/Q69BJ9.json,200,0,success
2026-08-16T04:30:41.919534+00:00,Q69BJ9,afdb_v6_probe,Q69BJ9,https://alphafold.ebi.ac.uk/files/AF-Q69BJ9-F1-model_v6.pdb,404,0,not_found
2026-08-16T04:30:43.288454+00:00,Q69BK1,uniprot_direct,Q69BK1,https://rest.uniprot.org/uniprotkb/Q69BK1.json,200,0,success
2026-08-16T04:30:44.240946+00:00,Q69BK1,afdb_v6_probe,Q69BK1,https://alphafold.ebi.ac.uk/files/AF-Q69BK1-F1-model_v6.pdb,404,0,not_found
2026-08-16T04:30:45.594524+00:00,Q6A2H0,uniprot_direct,Q6A2H0,https://rest.uniprot.org/uniprotkb/Q6A2H0.json,200,0,success
2026-08-16T04:30:46.571650+00:00,Q6A2H0,afdb_v6_probe,Q6A2H0,https://alphafold.ebi.ac.uk/files/AF-Q6A2H0-F1-model_v6.pdb,404,0,not_found
2026-08-16T04:30:48.154120+00:00,Q6A2H2,uniprot_direct,Q6A2H2,https://rest.uniprot.org/uniprotkb/Q6A2H2.json,200,0,success
2026-08-16T04:30:49.151887+00:00,Q6A2H2,afdb_v6_probe,Q6A2H2,https://alphafold.ebi.ac.uk/files/AF-Q6A2H2-F1-model_v6.pdb,404,0,not_found
2026-08-16T04:30:51.759447+00:00,Q6A2H2,afdb_v6_probe,Q6A2H3,https://alphafold.ebi.ac.uk/files/AF-Q6A2H3-F1-model_v6.pdb,404,0,not_found
2026-08-16T04:30:55.881546+00:00,Q6AL81,uniprot_direct,Q6AL81,https://rest.uniprot.org/uniprotkb/Q6AL81.json,200,0,success
2026-08-16T04:30:56.849108+00:00,Q6AL81,afdb_v6_probe,Q6AL81,https://alphafold.ebi.ac.uk/files/AF-Q6AL81-F1-model_v6.pdb,404,0,not_found
2026-08-16T04:30:57.892246+00:00,Q6DN07,uniprot_direct,Q6DN07,https://rest.uniprot.org/uniprotkb/Q6DN07.json,200,0,success
2026-08-16T04:30:58.913248+00:00,Q6DN07,afdb_v6_probe,Q6DN07,https://alphafold.ebi.ac.uk/files/AF-Q6DN07-F1-model_v6.pdb,404,0,not_found
2026-08-16T04:31:00.840229+00:00,Q6EE31,uniprot_direct,Q6EE31,https://rest.uniprot.org/uniprotkb/Q6EE31.json,200,0,success
2026-08-16T04:31:01.896395+00:00,Q6EE31,afdb_v6_probe,Q6EE31,https://alphafold.ebi.ac.uk/files/AF-Q6EE31-F1-model_v6.pdb,404,0,not_found
2026-08-16T04:31:03.216244+00:00,Q6GZN7,uniprot_direct,Q6GZN7,https://rest.uniprot.org/uniprotkb/Q6GZN7.json,200,0,success
2026-08-16T04:31:04.833832+00:00,Q6GZN7,afdb_v6_probe,Q6GZN7,https://alphafold.ebi.ac.uk/files/AF-Q6GZN7-F1-model_v6.pdb,404,0,not_found
2026-08-16T04:31:05.973443+00:00,Q6GZQ8,uniprot_direct,Q6GZQ8,https://rest.uniprot.org/uniprotkb/Q6GZQ8.json,200,0,success
2026-08-16T04:31:07.724288+00:00,Q6GZQ8,afdb_v6_probe,Q6GZQ8,https://alphafold.ebi.ac.uk/files/AF-Q6GZQ8-F1-model_v6.pdb,404,0,not_found
2026-08-16T04:31:10.957995+00:00,Q6GZR2,uniprot_direct,Q6GZR2,https://rest.uniprot.org/uniprotkb/Q6GZR2.json,200,0,success
2026-08-16T04:31:13.211103+00:00,Q6GZR2,afdb_v6_probe,Q6GZR2,https://alphafold.ebi.ac.uk/files/AF-Q6GZR2-F1-model_v6.pdb,404,0,not_found
2026-08-16T04:31:14.331669+00:00,Q6GZT8,uniprot_direct,Q6GZT8,https://rest.uniprot.org/uniprotkb/Q6GZT8.json,200,0,success
2026-08-16T04:31:15.299532+00:00,Q6GZT8,afdb_v6_probe,Q6GZT8,https://alphafold.ebi.ac.uk/files/AF-Q6GZT8-F1-model_v6.pdb,404,0,not_found
2026-08-16T04:31:17.488955+00:00,Q6GZV6,uniprot_direct,Q6GZV6,https://rest.uniprot.org/uniprotkb/Q6GZV6.json,200,0,success
2026-08-16T04:31:18.477322+00:00,Q6GZV6,afdb_v6_probe,Q6GZV6,https://alphafold.ebi.ac.uk/files/AF-Q6GZV6-F1-model_v6.pdb,404,0,not_found
2026-08-16T04:31:20.101361+00:00,Q6J362,uniprot_direct,Q6J362,https://rest.uniprot.org/uniprotkb/Q6J362.json,200,0,success
2026-08-16T04:31:21.786922+00:00,Q6J362,afdb_v6_probe,Q6J362,https://alphafold.ebi.ac.uk/files/AF-Q6J362-F1-model_v6.pdb,404,0,not_found
2026-08-16T04:31:22.780883+00:00,Q6J362,afdb_v6_probe,A9J129,https://alphafold.ebi.ac.uk/files/AF-A9J129-F1-model_v6.pdb,404,0,not_found
2026-08-16T04:31:24.304060+00:00,Q6LH19,uniprot_direct,Q6LH19,https://rest.uniprot.org/uniprotkb/Q6LH19.json,200,0,success
2026-08-16T04:31:25.285475+00:00,Q6LH19,afdb_v6_probe,Q6LH19,https://alphafold.ebi.ac.uk/files/AF-Q6LH19-F1-model_v6.pdb,404,0,not_found
2026-08-16T04:31:26.509693+00:00,Q6LH20,uniprot_direct,Q6LH20,https://rest.uniprot.org/uniprotkb/Q6LH20.json,200,0,success
2026-08-16T04:31:27.498234+00:00,Q6LH20,afdb_v6_probe,Q6LH20,https://alphafold.ebi.ac.uk/files/AF-Q6LH20-F1-model_v6.pdb,404,0,not_found
2026-08-16T04:31:28.548158+00:00,Q6LWL2,uniprot_direct,Q6LWL2,https://rest.uniprot.org/uniprotkb/Q6LWL2.json,200,0,success
2026-08-16T04:31:29.565460+00:00,Q6LWL2,afdb_v6_probe,Q6LWL2,https://alphafold.ebi.ac.uk/files/AF-Q6LWL2-F1-model_v6.pdb,404,0,not_found
2026-08-16T04:31:30.603935+00:00,Q6LWL8,uniprot_direct,Q6LWL8,https://rest.uniprot.org/uniprotkb/Q6LWL8.json,200,0,success
2026-08-16T04:31:31.623455+00:00,Q6LWL8,afdb_v6_probe,Q6LWL8,https://alphafold.ebi.ac.uk/files/AF-Q6LWL8-F1-model_v6.pdb,404,0,not_found
2026-08-16T04:31:33.838675+00:00,Q6PBD1,uniprot_direct,Q6PBD1,https://rest.uniprot.org/uniprotkb/Q6PBD1.json,200,0,success
2026-08-16T04:31:34.843697+00:00,Q6PBD1,afdb_v6_probe,Q6PBD1,https://alphafold.ebi.ac.uk/files/AF-Q6PBD1-F1-model_v6.pdb,404,0,not_found
2026-08-16T04:31:35.861772+00:00,Q6PBD1,afdb_v6_probe,Q28CY0,https://alphafold.ebi.ac.uk/files/AF-Q28CY0-F1-model_v6.pdb,404,0,not_found
2026-08-16T04:31:36.850218+00:00,Q6PHY8,uniprot_direct,Q6PHY8,https://rest.uniprot.org/uniprotkb/Q6PHY8.json,200,0,success
2026-08-16T04:31:37.864922+00:00,Q6PHY8,afdb_v6_probe,Q6PHY8,https://alphafold.ebi.ac.uk/files/AF-Q6PHY8-F1-model_v6.pdb,404,0,not_found
2026-08-16T04:31:38.894390+00:00,Q6PHY8,afdb_v6_probe,Q802G5,https://alphafold.ebi.ac.uk/files/AF-Q802G5-F1-model_v6.pdb,404,0,not_found
2026-08-16T04:31:41.163766+00:00,Q6QGJ4,uniprot_direct,Q6QGJ4,https://rest.uniprot.org/uniprotkb/Q6QGJ4.json,200,0,success
2026-08-16T04:31:42.921307+00:00,Q6QGJ4,afdb_v6_probe,Q6QGJ4,https://alphafold.ebi.ac.uk/files/AF-Q6QGJ4-F1-model_v6.pdb,404,0,not_found
2026-08-16T04:31:44.298660+00:00,Q6QGJ5,uniprot_direct,Q6QGJ5,https://rest.uniprot.org/uniprotkb/Q6QGJ5.json,200,0,success
2026-08-16T04:31:45.357362+00:00,Q6QGJ5,afdb_v6_probe,Q6QGJ5,https://alphafold.ebi.ac.uk/files/AF-Q6QGJ5-F1-model_v6.pdb,404,0,not_found
2026-08-16T04:31:47.168263+00:00,Q6QGP4,uniprot_direct,Q6QGP4,https://rest.uniprot.org/uniprotkb/Q6QGP4.json,200,0,success
2026-08-16T04:31:49.009703+00:00,Q6QGP4,afdb_v6_probe,Q6QGP4,https://alphafold.ebi.ac.uk/files/AF-Q6QGP4-F1-model_v6.pdb,404,0,not_found
2026-08-16T04:31:49.998164+00:00,Q6QGP4,afdb_v6_probe,Q66M07,https://alphafold.ebi.ac.uk/files/AF-Q66M07-F1-model_v6.pdb,404,0,not_found
2026-08-16T04:31:51.270775+00:00,Q6QN11,uniprot_direct,Q6QN11,https://rest.uniprot.org/uniprotkb/Q6QN11.json,200,0,success
2026-08-16T04:31:52.321055+00:00,Q6QN11,afdb_v6_probe,Q6QN11,https://alphafold.ebi.ac.uk/files/AF-Q6QN11-F1-model_v6.pdb,404,0,not_found
2026-08-16T04:31:53.390062+00:00,Q6QN12,uniprot_direct,Q6QN12,https://rest.uniprot.org/uniprotkb/Q6QN12.json,200,0,success
2026-08-16T04:31:54.450375+00:00,Q6QN12,afdb_v6_probe,Q6QN12,https://alphafold.ebi.ac.uk/files/AF-Q6QN12-F1-model_v6.pdb,404,0,not_found
2026-08-16T04:31:55.513581+00:00,Q6QN13,uniprot_direct,Q6QN13,https://rest.uniprot.org/uniprotkb/Q6QN13.json,200,0,success
2026-08-16T04:31:56.461960+00:00,Q6QN13,afdb_v6_probe,Q6QN13,https://alphafold.ebi.ac.uk/files/AF-Q6QN13-F1-model_v6.pdb,404,0,not_found
2026-08-16T04:31:57.673056+00:00,Q6R7H4,uniprot_direct,Q6R7H4,https://rest.uniprot.org/uniprotkb/Q6R7H4.json,200,0,success
2026-08-16T04:31:58.662940+00:00,Q6R7H4,afdb_v6_probe,Q6R7H4,https://alphafold.ebi.ac.uk/files/AF-Q6R7H4-F1-model_v6.pdb,404,0,not_found
2026-08-16T04:32:00.892433+00:00,Q6R7K3,uniprot_direct,Q6R7K3,https://rest.uniprot.org/uniprotkb/Q6R7K3.json,200,0,success
2026-08-16T04:32:01.842852+00:00,Q6R7K3,afdb_v6_probe,Q6R7K3,https://alphafold.ebi.ac.uk/files/AF-Q6R7K3-F1-model_v6.pdb,404,0,not_found
2026-08-16T04:32:03.272554+00:00,Q6RZD4,uniprot_direct,Q6RZD4,https://rest.uniprot.org/uniprotkb/Q6RZD4.json,200,0,success
2026-08-16T04:32:04.267258+00:00,Q6RZD4,afdb_v6_probe,Q6RZD4,https://alphafold.ebi.ac.uk/files/AF-Q6RZD4-F1-model_v6.pdb,404,0,not_found
2026-08-16T04:32:07.086703+00:00,Q6RZR1,uniprot_direct,Q6RZR1,https://rest.uniprot.org/uniprotkb/Q6RZR1.json,200,0,success
2026-08-16T04:32:09.164430+00:00,Q6RZR1,afdb_v6_probe,Q6RZR1,https://alphafold.ebi.ac.uk/files/AF-Q6RZR1-F1-model_v6.pdb,404,0,not_found
2026-08-16T04:32:10.250609+00:00,Q6SW46,uniprot_direct,Q6SW46,https://rest.uniprot.org/uniprotkb/Q6SW46.json,200,0,success
2026-08-16T04:32:11.216017+00:00,Q6SW46,afdb_v6_probe,Q6SW46,https://alphafold.ebi.ac.uk/files/AF-Q6SW46-F1-model_v6.pdb,404,0,not_found
2026-08-16T04:32:12.200408+00:00,Q6SW46,afdb_v6_probe,D2K3Q4,https://alphafold.ebi.ac.uk/files/AF-D2K3Q4-F1-model_v6.pdb,404,0,not_found
2026-08-16T04:32:13.486025+00:00,Q6SW70,uniprot_direct,Q6SW70,https://rest.uniprot.org/uniprotkb/Q6SW70.json,200,0,success
2026-08-16T04:32:14.521260+00:00,Q6SW70,afdb_v6_probe,Q6SW70,https://alphafold.ebi.ac.uk/files/AF-Q6SW70-F1-model_v6.pdb,404,0,not_found
2026-08-16T04:32:15.857350+00:00,Q6SW70,afdb_v6_probe,D2K3M9,https://alphafold.ebi.ac.uk/files/AF-D2K3M9-F1-model_v6.pdb,404,0,not_found
2026-08-16T04:32:17.591783+00:00,Q6TUZ4,uniprot_direct,Q6TUZ4,https://rest.uniprot.org/uniprotkb/Q6TUZ4.json,200,0,success
2026-08-16T04:32:18.569763+00:00,Q6TUZ4,afdb_v6_probe,Q6TUZ4,https://alphafold.ebi.ac.uk/files/AF-Q6TUZ4-F1-model_v6.pdb,404,0,not_found
2026-08-16T04:32:19.618425+00:00,Q6U6H1,uniprot_direct,Q6U6H1,https://rest.uniprot.org/uniprotkb/Q6U6H1.json,200,0,success
2026-08-16T04:32:20.595361+00:00,Q6U6H1,afdb_v6_probe,Q6U6H1,https://alphafold.ebi.ac.uk/files/AF-Q6U6H1-F1-model_v6.pdb,404,0,not_found
2026-08-16T04:32:22.154568+00:00,Q6UDH7,uniprot_direct,Q6UDH7,https://rest.uniprot.org/uniprotkb/Q6UDH7.json,200,0,success
2026-08-16T04:32:23.116163+00:00,Q6UDH7,afdb_v6_probe,Q6UDH7,https://alphafold.ebi.ac.uk/files/AF-Q6UDH7-F1-model_v6.pdb,404,0,not_found
2026-08-16T04:32:24.213034+00:00,Q6UDJ1,uniprot_direct,Q6UDJ1,https://rest.uniprot.org/uniprotkb/Q6UDJ1.json,200,0,success
2026-08-16T04:32:25.168345+00:00,Q6UDJ1,afdb_v6_probe,Q6UDJ1,https://alphafold.ebi.ac.uk/files/AF-Q6UDJ1-F1-model_v6.pdb,404,0,not_found
2026-08-16T04:32:26.205287+00:00,Q6UDJ2,uniprot_direct,Q6UDJ2,https://rest.uniprot.org/uniprotkb/Q6UDJ2.json,200,0,success
2026-08-16T04:32:29.811750+00:00,Q6UDJ2,afdb_v6_probe,Q6UDJ2,https://alphafold.ebi.ac.uk/files/AF-Q6UDJ2-F1-model_v6.pdb,404,0,not_found
2026-08-16T04:32:31.740954+00:00,Q6UDK9,uniprot_direct,Q6UDK9,https://rest.uniprot.org/uniprotkb/Q6UDK9.json,200,0,success
2026-08-16T04:32:32.818897+00:00,Q6UDK9,afdb_v6_probe,Q6UDK9,https://alphafold.ebi.ac.uk/files/AF-Q6UDK9-F1-model_v6.pdb,404,0,not_found
2026-08-16T04:32:33.976814+00:00,Q6UDM0,uniprot_direct,Q6UDM0,https://rest.uniprot.org/uniprotkb/Q6UDM0.json,200,0,success
2026-08-16T04:32:34.950966+00:00,Q6UDM0,afdb_v6_probe,Q6UDM0,https://alphafold.ebi.ac.uk/files/AF-Q6UDM0-F1-model_v6.pdb,404,0,not_found
2026-08-16T04:32:36.322778+00:00,Q6V915,uniprot_direct,Q6V915,https://rest.uniprot.org/uniprotkb/Q6V915.json,200,0,success
2026-08-16T04:32:37.296758+00:00,Q6V915,afdb_v6_probe,Q6V915,https://alphafold.ebi.ac.uk/files/AF-Q6V915-F1-model_v6.pdb,404,0,not_found
2026-08-16T04:32:38.339573+00:00,Q6WAT6,uniprot_direct,Q6WAT6,https://rest.uniprot.org/uniprotkb/Q6WAT6.json,200,0,success
2026-08-16T04:32:39.377475+00:00,Q6WAT6,afdb_v6_probe,Q6WAT6,https://alphafold.ebi.ac.uk/files/AF-Q6WAT6-F1-model_v6.pdb,404,0,not_found
2026-08-16T04:32:40.410752+00:00,Q6WHI1,uniprot_direct,Q6WHI1,https://rest.uniprot.org/uniprotkb/Q6WHI1.json,200,0,success
2026-08-16T04:32:41.391363+00:00,Q6WHI1,afdb_v6_probe,Q6WHI1,https://alphafold.ebi.ac.uk/files/AF-Q6WHI1-F1-model_v6.pdb,404,0,not_found
2026-08-16T04:32:42.354754+00:00,Q6WNV6,uniprot_direct,Q6WNV6,https://rest.uniprot.org/uniprotkb/Q6WNV6.json,200,0,success
2026-08-16T04:32:43.344222+00:00,Q6WNV6,afdb_v6_probe,Q6WNV6,https://alphafold.ebi.ac.uk/files/AF-Q6WNV6-F1-model_v6.pdb,404,0,not_found
2026-08-16T04:32:44.309919+00:00,Q6WNV7,uniprot_direct,Q6WNV7,https://rest.uniprot.org/uniprotkb/Q6WNV7.json,200,0,success
2026-08-16T04:32:45.298732+00:00,Q6WNV7,afdb_v6_probe,Q6WNV7,https://alphafold.ebi.ac.uk/files/AF-Q6WNV7-F1-model_v6.pdb,404,0,not_found
2026-08-16T04:32:46.259900+00:00,Q6WNV8,uniprot_direct,Q6WNV8,https://rest.uniprot.org/uniprotkb/Q6WNV8.json,200,0,success
2026-08-16T04:32:47.230015+00:00,Q6WNV8,afdb_v6_probe,Q6WNV8,https://alphafold.ebi.ac.uk/files/AF-Q6WNV8-F1-model_v6.pdb,404,0,not_found
2026-08-16T04:32:48.557191+00:00,Q6WNW3,uniprot_direct,Q6WNW3,https://rest.uniprot.org/uniprotkb/Q6WNW3.json,200,0,success
2026-08-16T04:32:49.576757+00:00,Q6WNW3,afdb_v6_probe,Q6WNW3,https://alphafold.ebi.ac.uk/files/AF-Q6WNW3-F1-model_v6.pdb,404,0,not_found
2026-08-16T04:32:50.928772+00:00,Q6WNW3,afdb_v6_probe,B1NKQ7,https://alphafold.ebi.ac.uk/files/AF-B1NKQ7-F1-model_v6.pdb,404,0,not_found
2026-08-16T04:32:52.218113+00:00,Q6WNW5,uniprot_direct,Q6WNW5,https://rest.uniprot.org/uniprotkb/Q6WNW5.json,200,0,success
2026-08-16T04:32:53.230548+00:00,Q6WNW5,afdb_v6_probe,Q6WNW5,https://alphafold.ebi.ac.uk/files/AF-Q6WNW5-F1-model_v6.pdb,404,0,not_found
2026-08-16T04:32:54.350856+00:00,Q6WVH5,uniprot_direct,Q6WVH5,https://rest.uniprot.org/uniprotkb/Q6WVH5.json,200,0,success
2026-08-16T04:32:55.335985+00:00,Q6WVH5,afdb_v6_probe,Q6WVH5,https://alphafold.ebi.ac.uk/files/AF-Q6WVH5-F1-model_v6.pdb,404,0,not_found
2026-08-16T04:32:56.617859+00:00,Q6WVH5,afdb_v6_probe,Q9ICZ7,https://alphafold.ebi.ac.uk/files/AF-Q9ICZ7-F1-model_v6.pdb,404,0,not_found
2026-08-16T04:32:57.919036+00:00,Q6YP73,uniprot_direct,Q6YP73,https://rest.uniprot.org/uniprotkb/Q6YP73.json,200,0,success
2026-08-16T04:32:58.910106+00:00,Q6YP73,afdb_v6_probe,Q6YP73,https://alphafold.ebi.ac.uk/files/AF-Q6YP73-F1-model_v6.pdb,404,0,not_found
2026-08-16T04:33:00.924921+00:00,Q702W0,uniprot_direct,Q702W0,https://rest.uniprot.org/uniprotkb/Q702W0.json,200,0,success
2026-08-16T04:33:01.903099+00:00,Q702W0,afdb_v6_probe,Q702W0,https://alphafold.ebi.ac.uk/files/AF-Q702W0-F1-model_v6.pdb,404,0,not_found
2026-08-16T04:33:02.889502+00:00,Q705F4,uniprot_direct,Q705F4,https://rest.uniprot.org/uniprotkb/Q705F4.json,200,0,success
2026-08-16T04:33:03.848680+00:00,Q705F4,afdb_v6_probe,Q705F4,https://alphafold.ebi.ac.uk/files/AF-Q705F4-F1-model_v6.pdb,404,0,not_found
2026-08-16T04:33:06.438572+00:00,Q705G8,uniprot_direct,Q705G8,https://rest.uniprot.org/uniprotkb/Q705G8.json,200,0,success
2026-08-16T04:33:07.440202+00:00,Q705G8,afdb_v6_probe,Q705G8,https://alphafold.ebi.ac.uk/files/AF-Q705G8-F1-model_v6.pdb,404,0,not_found
2026-08-16T04:33:08.512466+00:00,Q705G8,afdb_v6_probe,Q8BDG5,https://alphafold.ebi.ac.uk/files/AF-Q8BDG5-F1-model_v6.pdb,404,0,not_found
2026-08-16T04:33:09.915217+00:00,Q70KP1,uniprot_direct,Q70KP1,https://rest.uniprot.org/uniprotkb/Q70KP1.json,200,0,success
2026-08-16T04:33:10.895492+00:00,Q70KP1,afdb_v6_probe,Q70KP1,https://alphafold.ebi.ac.uk/files/AF-Q70KP1-F1-model_v6.pdb,404,0,not_found
2026-08-16T04:33:12.508515+00:00,Q715L4,uniprot_direct,Q715L4,https://rest.uniprot.org/uniprotkb/Q715L4.json,200,0,success
2026-08-16T04:33:13.530335+00:00,Q715L4,afdb_v6_probe,Q715L4,https://alphafold.ebi.ac.uk/files/AF-Q715L4-F1-model_v6.pdb,404,0,not_found
2026-08-16T04:33:14.906835+00:00,Q71TL0,uniprot_direct,Q71TL0,https://rest.uniprot.org/uniprotkb/Q71TL0.json,200,0,success
2026-08-16T04:33:16.203223+00:00,Q71TL0,afdb_v6_probe,Q71TL0,https://alphafold.ebi.ac.uk/files/AF-Q71TL0-F1-model_v6.pdb,404,0,not_found
2026-08-16T04:33:18.697781+00:00,Q72CF1,uniprot_direct,Q72CF1,https://rest.uniprot.org/uniprotkb/Q72CF1.json,200,0,success
2026-08-16T04:33:20.003180+00:00,Q72CF1,afdb_v6_probe,Q72CF1,https://alphafold.ebi.ac.uk/files/AF-Q72CF1-F1-model_v6.pdb,404,0,not_found
2026-08-16T04:33:21.047843+00:00,Q72XC1,uniprot_direct,Q72XC1,https://rest.uniprot.org/uniprotkb/Q72XC1.json,200,0,success
2026-08-16T04:33:22.078305+00:00,Q72XC1,afdb_v6_probe,Q72XC1,https://alphafold.ebi.ac.uk/files/AF-Q72XC1-F1-model_v6.pdb,404,0,not_found
2026-08-16T04:33:23.332061+00:00,Q72XY4,uniprot_direct,Q72XY4,https://rest.uniprot.org/uniprotkb/Q72XY4.json,200,0,success
2026-08-16T04:33:25.053847+00:00,Q72XY4,afdb_v6_probe,Q72XY4,https://alphafold.ebi.ac.uk/files/AF-Q72XY4-F1-model_v6.pdb,404,0,not_found
2026-08-16T04:33:26.104823+00:00,Q732F6,uniprot_direct,Q732F6,https://rest.uniprot.org/uniprotkb/Q732F6.json,200,0,success
2026-08-16T04:33:27.069108+00:00,Q732F6,afdb_v6_probe,Q732F6,https://alphafold.ebi.ac.uk/files/AF-Q732F6-F1-model_v6.pdb,404,0,not_found
2026-08-16T04:33:28.361285+00:00,Q732H8,uniprot_direct,Q732H8,https://rest.uniprot.org/uniprotkb/Q732H8.json,200,0,success
2026-08-16T04:33:29.422138+00:00,Q732H8,afdb_v6_probe,Q732H8,https://alphafold.ebi.ac.uk/files/AF-Q732H8-F1-model_v6.pdb,404,0,not_found
2026-08-16T04:33:30.482780+00:00,Q73CE0,uniprot_direct,Q73CE0,https://rest.uniprot.org/uniprotkb/Q73CE0.json,200,0,success
2026-08-16T04:33:31.534514+00:00,Q73CE0,afdb_v6_probe,Q73CE0,https://alphafold.ebi.ac.uk/files/AF-Q73CE0-F1-model_v6.pdb,404,0,not_found
2026-08-16T04:33:32.618758+00:00,Q73DE0,uniprot_direct,Q73DE0,https://rest.uniprot.org/uniprotkb/Q73DE0.json,200,0,success
2026-08-16T04:33:35.340281+00:00,Q73DE0,afdb_v6_probe,Q73DE0,https://alphafold.ebi.ac.uk/files/AF-Q73DE0-F1-model_v6.pdb,404,0,not_found
2026-08-16T04:33:37.765093+00:00,Q73FB9,uniprot_direct,Q73FB9,https://rest.uniprot.org/uniprotkb/Q73FB9.json,200,0,success
2026-08-16T04:33:39.469570+00:00,Q73FB9,afdb_v6_probe,Q73FB9,https://alphafold.ebi.ac.uk/files/AF-Q73FB9-F1-model_v6.pdb,404,0,not_found
2026-08-16T04:33:40.626702+00:00,Q73FJ3,uniprot_direct,Q73FJ3,https://rest.uniprot.org/uniprotkb/Q73FJ3.json,200,0,success
2026-08-16T04:33:41.604762+00:00,Q73FJ3,afdb_v6_probe,Q73FJ3,https://alphafold.ebi.ac.uk/files/AF-Q73FJ3-F1-model_v6.pdb,404,0,not_found
2026-08-16T04:33:42.983711+00:00,Q73JP8,uniprot_direct,Q73JP8,https://rest.uniprot.org/uniprotkb/Q73JP8.json,200,0,success
2026-08-16T04:33:43.958866+00:00,Q73JP8,afdb_v6_probe,Q73JP8,https://alphafold.ebi.ac.uk/files/AF-Q73JP8-F1-model_v6.pdb,404,0,not_found
2026-08-16T04:33:44.965884+00:00,Q73PQ2,uniprot_direct,Q73PQ2,https://rest.uniprot.org/uniprotkb/Q73PQ2.json,200,0,success
2026-08-16T04:33:45.970025+00:00,Q73PQ2,afdb_v6_probe,Q73PQ2,https://alphafold.ebi.ac.uk/files/AF-Q73PQ2-F1-model_v6.pdb,404,0,not_found
2026-08-16T04:33:49.074064+00:00,Q74FK1,uniprot_direct,Q74FK1,https://rest.uniprot.org/uniprotkb/Q74FK1.json,200,0,success
2026-08-16T04:33:50.160366+00:00,Q74FK1,afdb_v6_probe,Q74FK1,https://alphafold.ebi.ac.uk/files/AF-Q74FK1-F1-model_v6.pdb,404,0,not_found
2026-08-16T04:33:51.206913+00:00,Q76RA8,uniprot_direct,Q76RA8,https://rest.uniprot.org/uniprotkb/Q76RA8.json,200,0,success
2026-08-16T04:33:52.261703+00:00,Q76RA8,afdb_v6_probe,Q76RA8,https://alphafold.ebi.ac.uk/files/AF-Q76RA8-F1-model_v6.pdb,404,0,not_found
2026-08-16T04:33:53.690769+00:00,Q76RD8,uniprot_direct,Q76RD8,https://rest.uniprot.org/uniprotkb/Q76RD8.json,200,0,success
2026-08-16T04:33:54.671730+00:00,Q76RD8,afdb_v6_probe,Q76RD8,https://alphafold.ebi.ac.uk/files/AF-Q76RD8-F1-model_v6.pdb,404,0,not_found
2026-08-16T04:33:56.190975+00:00,Q76RE7,uniprot_direct,Q76RE7,https://rest.uniprot.org/uniprotkb/Q76RE7.json,200,0,success
2026-08-16T04:34:18.268861+00:00,Q76RE7,afdb_v6_probe,Q76RE7,https://alphafold.ebi.ac.uk/files/AF-Q76RE7-F1-model_v6.pdb,404,1,not_found
2026-08-16T04:34:19.518880+00:00,Q76ZT1,uniprot_direct,Q76ZT1,https://rest.uniprot.org/uniprotkb/Q76ZT1.json,200,0,success
2026-08-16T04:34:21.347104+00:00,Q76ZT1,afdb_v6_probe,Q76ZT1,https://alphafold.ebi.ac.uk/files/AF-Q76ZT1-F1-model_v6.pdb,404,0,not_found
2026-08-16T04:34:22.402403+00:00,Q775U0,uniprot_direct,Q775U0,https://rest.uniprot.org/uniprotkb/Q775U0.json,200,0,success
2026-08-16T04:34:23.404510+00:00,Q775U0,afdb_v6_probe,Q775U0,https://alphafold.ebi.ac.uk/files/AF-Q775U0-F1-model_v6.pdb,404,0,not_found
2026-08-16T04:34:24.615286+00:00,Q775Z7,uniprot_direct,Q775Z7,https://rest.uniprot.org/uniprotkb/Q775Z7.json,200,0,success
2026-08-16T04:34:25.593482+00:00,Q775Z7,afdb_v6_probe,Q775Z7,https://alphafold.ebi.ac.uk/files/AF-Q775Z7-F1-model_v6.pdb,404,0,not_found
2026-08-16T04:34:26.621706+00:00,Q77MS0,uniprot_direct,Q77MS0,https://rest.uniprot.org/uniprotkb/Q77MS0.json,200,0,success
2026-08-16T04:34:27.678894+00:00,Q77MS0,afdb_v6_probe,Q77MS0,https://alphafold.ebi.ac.uk/files/AF-Q77MS0-F1-model_v6.pdb,404,0,not_found
2026-08-16T04:34:49.782214+00:00,Q77MS1,uniprot_direct,Q77MS1,https://rest.uniprot.org/uniprotkb/Q77MS1.json,200,1,success
2026-08-16T04:34:50.806025+00:00,Q77MS1,afdb_v6_probe,Q77MS1,https://alphafold.ebi.ac.uk/files/AF-Q77MS1-F1-model_v6.pdb,404,0,not_found
2026-08-16T04:34:51.827192+00:00,Q77TG7,uniprot_direct,Q77TG7,https://rest.uniprot.org/uniprotkb/Q77TG7.json,200,0,success
2026-08-16T04:34:52.780578+00:00,Q77TG7,afdb_v6_probe,Q77TG7,https://alphafold.ebi.ac.uk/files/AF-Q77TG7-F1-model_v6.pdb,404,0,not_found
2026-08-16T04:34:53.775988+00:00,Q7LZG1,uniprot_direct,Q7LZG1,https://rest.uniprot.org/uniprotkb/Q7LZG1.json,200,0,success
2026-08-16T04:34:54.871913+00:00,Q7LZG1,afdb_v6_probe,Q7LZG1,https://alphafold.ebi.ac.uk/files/AF-Q7LZG1-F1-model_v6.pdb,404,0,not_found
2026-08-16T04:34:56.807019+00:00,Q7LZG1,afdb_v6_probe,Q7LZ27,https://alphafold.ebi.ac.uk/files/AF-Q7LZ27-F1-model_v6.pdb,404,0,not_found
2026-08-16T04:34:57.773959+00:00,Q7T6X3,uniprot_direct,Q7T6X3,https://rest.uniprot.org/uniprotkb/Q7T6X3.json,200,0,success
2026-08-16T04:34:59.104742+00:00,Q7T6X3,afdb_v6_probe,Q7T6X3,https://alphafold.ebi.ac.uk/files/AF-Q7T6X3-F1-model_v6.pdb,404,0,not_found
2026-08-16T04:35:00.956509+00:00,Q7T6X6,uniprot_direct,Q7T6X6,https://rest.uniprot.org/uniprotkb/Q7T6X6.json,200,0,success
2026-08-16T04:35:02.011647+00:00,Q7T6X6,afdb_v6_probe,Q7T6X6,https://alphafold.ebi.ac.uk/files/AF-Q7T6X6-F1-model_v6.pdb,404,0,not_found
2026-08-16T04:35:03.241113+00:00,Q7T6Y1,uniprot_direct,Q7T6Y1,https://rest.uniprot.org/uniprotkb/Q7T6Y1.json,200,0,success
2026-08-16T04:35:04.260680+00:00,Q7T6Y1,afdb_v6_probe,Q7T6Y1,https://alphafold.ebi.ac.uk/files/AF-Q7T6Y1-F1-model_v6.pdb,404,0,not_found
2026-08-16T04:35:05.553282+00:00,Q7T6Y8,uniprot_direct,Q7T6Y8,https://rest.uniprot.org/uniprotkb/Q7T6Y8.json,200,0,success
2026-08-16T04:35:06.627667+00:00,Q7T6Y8,afdb_v6_probe,Q7T6Y8,https://alphafold.ebi.ac.uk/files/AF-Q7T6Y8-F1-model_v6.pdb,404,0,not_found
2026-08-16T04:35:07.909015+00:00,Q7T6Y9,uniprot_direct,Q7T6Y9,https://rest.uniprot.org/uniprotkb/Q7T6Y9.json,200,0,success
2026-08-16T04:35:10.756697+00:00,Q7T6Y9,afdb_v6_probe,Q7T6Y9,https://alphafold.ebi.ac.uk/files/AF-Q7T6Y9-F1-model_v6.pdb,404,0,not_found
2026-08-16T04:35:12.833437+00:00,Q7VNG0,uniprot_direct,Q7VNG0,https://rest.uniprot.org/uniprotkb/Q7VNG0.json,200,0,success
2026-08-16T04:35:13.802181+00:00,Q7VNG0,afdb_v6_probe,Q7VNG0,https://alphafold.ebi.ac.uk/files/AF-Q7VNG0-F1-model_v6.pdb,404,0,not_found
2026-08-16T04:35:14.823674+00:00,Q7X2N3,uniprot_direct,Q7X2N3,https://rest.uniprot.org/uniprotkb/Q7X2N3.json,200,0,success
2026-08-16T04:35:15.831396+00:00,Q7X2N3,afdb_v6_probe,Q7X2N3,https://alphafold.ebi.ac.uk/files/AF-Q7X2N3-F1-model_v6.pdb,404,0,not_found
2026-08-16T04:35:17.111289+00:00,Q7Y4Y9,uniprot_direct,Q7Y4Y9,https://rest.uniprot.org/uniprotkb/Q7Y4Y9.json,200,0,success
2026-08-16T04:35:18.125567+00:00,Q7Y4Y9,afdb_v6_probe,Q7Y4Y9,https://alphafold.ebi.ac.uk/files/AF-Q7Y4Y9-F1-model_v6.pdb,404,0,not_found
2026-08-16T04:35:20.200340+00:00,Q802F2,uniprot_direct,Q802F2,https://rest.uniprot.org/uniprotkb/Q802F2.json,200,0,success
2026-08-16T04:35:21.193356+00:00,Q802F2,afdb_v6_probe,Q802F2,https://alphafold.ebi.ac.uk/files/AF-Q802F2-F1-model_v6.pdb,404,0,not_found
2026-08-16T04:35:22.156312+00:00,Q802F2,afdb_v6_probe,Q0Z8S3,https://alphafold.ebi.ac.uk/files/AF-Q0Z8S3-F1-model_v6.pdb,404,0,not_found
2026-08-16T04:35:23.277104+00:00,Q802G6,uniprot_direct,Q802G6,https://rest.uniprot.org/uniprotkb/Q802G6.json,200,0,success
2026-08-16T04:35:24.236518+00:00,Q802G6,afdb_v6_probe,Q802G6,https://alphafold.ebi.ac.uk/files/AF-Q802G6-F1-model_v6.pdb,404,0,not_found
2026-08-16T04:35:25.214508+00:00,Q802G6,afdb_v6_probe,Q6NWX6,https://alphafold.ebi.ac.uk/files/AF-Q6NWX6-F1-model_v6.pdb,404,0,not_found
2026-08-16T04:35:26.211890+00:00,Q804E1,uniprot_direct,Q804E1,https://rest.uniprot.org/uniprotkb/Q804E1.json,200,0,success
2026-08-16T04:35:27.180558+00:00,Q804E1,afdb_v6_probe,Q804E1,https://alphafold.ebi.ac.uk/files/AF-Q804E1-F1-model_v6.pdb,404,0,not_found
2026-08-16T04:35:29.636358+00:00,Q805H4,uniprot_direct,Q805H4,https://rest.uniprot.org/uniprotkb/Q805H4.json,200,0,success
2026-08-16T04:35:31.255999+00:00,Q805H4,afdb_v6_probe,Q805H4,https://alphafold.ebi.ac.uk/files/AF-Q805H4-F1-model_v6.pdb,404,0,not_found
2026-08-16T04:35:32.221359+00:00,Q805H4,afdb_v6_probe,O90238,https://alphafold.ebi.ac.uk/files/AF-O90238-F1-model_v6.pdb,404,0,not_found
2026-08-16T04:35:33.179696+00:00,Q805H4,afdb_v6_probe,Q6DMP3,https://alphafold.ebi.ac.uk/files/AF-Q6DMP3-F1-model_v6.pdb,404,0,not_found
2026-08-16T04:35:34.244971+00:00,Q805H4,afdb_v6_probe,Q80QL6,https://alphafold.ebi.ac.uk/files/AF-Q80QL6-F1-model_v6.pdb,404,0,not_found
2026-08-16T04:35:35.208572+00:00,Q805H4,afdb_v6_probe,Q80QL7,https://alphafold.ebi.ac.uk/files/AF-Q80QL7-F1-model_v6.pdb,404,0,not_found
2026-08-16T04:35:36.200837+00:00,Q805H4,afdb_v6_probe,Q80QL8,https://alphafold.ebi.ac.uk/files/AF-Q80QL8-F1-model_v6.pdb,404,0,not_found
2026-08-16T04:35:37.214441+00:00,Q805H4,afdb_v6_probe,Q80QL9,https://alphafold.ebi.ac.uk/files/AF-Q80QL9-F1-model_v6.pdb,404,0,not_found
2026-08-16T04:35:38.331463+00:00,Q805R1,uniprot_direct,Q805R1,https://rest.uniprot.org/uniprotkb/Q805R1.json,200,0,success
2026-08-16T04:35:39.301473+00:00,Q805R1,afdb_v6_probe,Q805R1,https://alphafold.ebi.ac.uk/files/AF-Q805R1-F1-model_v6.pdb,404,0,not_found
2026-08-16T04:35:40.473132+00:00,Q80902,uniprot_direct,Q80902,https://rest.uniprot.org/uniprotkb/Q80902.json,200,0,success
2026-08-16T04:35:42.753566+00:00,Q80902,afdb_v6_probe,Q80902,https://alphafold.ebi.ac.uk/files/AF-Q80902-F1-model_v6.pdb,404,0,not_found
2026-08-16T04:35:43.822489+00:00,Q80909,uniprot_direct,Q80909,https://rest.uniprot.org/uniprotkb/Q80909.json,200,0,success
2026-08-16T04:35:44.783884+00:00,Q80909,afdb_v6_probe,Q80909,https://alphafold.ebi.ac.uk/files/AF-Q80909-F1-model_v6.pdb,404,0,not_found
2026-08-16T04:35:45.954260+00:00,Q80915,uniprot_direct,Q80915,https://rest.uniprot.org/uniprotkb/Q80915.json,200,0,success
2026-08-16T04:35:46.948115+00:00,Q80915,afdb_v6_probe,Q80915,https://alphafold.ebi.ac.uk/files/AF-Q80915-F1-model_v6.pdb,404,0,not_found
2026-08-16T04:35:48.028561+00:00,Q80922,uniprot_direct,Q80922,https://rest.uniprot.org/uniprotkb/Q80922.json,200,0,success
2026-08-16T04:35:49.013526+00:00,Q80922,afdb_v6_probe,Q80922,https://alphafold.ebi.ac.uk/files/AF-Q80922-F1-model_v6.pdb,404,0,not_found
2026-08-16T04:36:11.089206+00:00,Q80943,uniprot_direct,Q80943,https://rest.uniprot.org/uniprotkb/Q80943.json,200,1,success
2026-08-16T04:36:12.039176+00:00,Q80943,afdb_v6_probe,Q80943,https://alphafold.ebi.ac.uk/files/AF-Q80943-F1-model_v6.pdb,404,0,not_found
2026-08-16T04:36:14.376766+00:00,Q80950,uniprot_direct,Q80950,https://rest.uniprot.org/uniprotkb/Q80950.json,200,0,success
2026-08-16T04:36:15.349999+00:00,Q80950,afdb_v6_probe,Q80950,https://alphafold.ebi.ac.uk/files/AF-Q80950-F1-model_v6.pdb,404,0,not_found
2026-08-16T04:36:16.364854+00:00,Q80957,uniprot_direct,Q80957,https://rest.uniprot.org/uniprotkb/Q80957.json,200,0,success
2026-08-16T04:36:17.313303+00:00,Q80957,afdb_v6_probe,Q80957,https://alphafold.ebi.ac.uk/files/AF-Q80957-F1-model_v6.pdb,404,0,not_found
2026-08-16T04:36:18.588898+00:00,Q80DS7,uniprot_direct,Q80DS7,https://rest.uniprot.org/uniprotkb/Q80DS7.json,200,0,success
2026-08-16T04:36:19.571018+00:00,Q80DS7,afdb_v6_probe,Q80DS7,https://alphafold.ebi.ac.uk/files/AF-Q80DS7-F1-model_v6.pdb,404,0,not_found
2026-08-16T04:36:20.579150+00:00,Q80DX6,uniprot_direct,Q80DX6,https://rest.uniprot.org/uniprotkb/Q80DX6.json,200,0,success
2026-08-16T04:36:21.915193+00:00,Q80DX6,afdb_v6_probe,Q80DX6,https://alphafold.ebi.ac.uk/files/AF-Q80DX6-F1-model_v6.pdb,404,0,not_found
2026-08-16T04:36:29.402853+00:00,Q80HT9,uniprot_direct,Q80HT9,https://rest.uniprot.org/uniprotkb/Q80HT9.json,200,0,success
2026-08-16T04:36:31.922454+00:00,Q80HT9,afdb_v6_probe,Q80HT9,https://alphafold.ebi.ac.uk/files/AF-Q80HT9-F1-model_v6.pdb,404,0,not_found
2026-08-16T04:36:33.276333+00:00,Q80HT9,afdb_v6_probe,P13410,https://alphafold.ebi.ac.uk/files/AF-P13410-F1-model_v6.pdb,404,0,not_found
2026-08-16T04:36:35.655683+00:00,Q80RC7,uniprot_direct,Q80RC7,https://rest.uniprot.org/uniprotkb/Q80RC7.json,200,0,success
2026-08-16T04:36:36.633847+00:00,Q80RC7,afdb_v6_probe,Q80RC7,https://alphafold.ebi.ac.uk/files/AF-Q80RC7-F1-model_v6.pdb,404,0,not_found
2026-08-16T04:36:37.619697+00:00,Q80TA1,uniprot_direct,Q80TA1,https://rest.uniprot.org/uniprotkb/Q80TA1.json,200,0,success
2026-08-16T04:36:38.701573+00:00,Q80TA1,afdb_v6_probe,Q80TA1,https://alphafold.ebi.ac.uk/files/AF-Q80TA1-F1-model_v6.pdb,404,0,not_found
2026-08-16T04:36:39.707463+00:00,Q80TA1,afdb_v6_probe,Q3KQQ5,https://alphafold.ebi.ac.uk/files/AF-Q3KQQ5-F1-model_v6.pdb,404,0,not_found
2026-08-16T04:36:40.775175+00:00,Q80TA1,afdb_v6_probe,Q8BG08,https://alphafold.ebi.ac.uk/files/AF-Q8BG08-F1-model_v6.pdb,404,0,not_found
2026-08-16T04:36:41.991683+00:00,Q81020,uniprot_direct,Q81020,https://rest.uniprot.org/uniprotkb/Q81020.json,200,0,success
2026-08-16T04:36:42.983377+00:00,Q81020,afdb_v6_probe,Q81020,https://alphafold.ebi.ac.uk/files/AF-Q81020-F1-model_v6.pdb,404,0,not_found
2026-08-16T04:36:44.054028+00:00,Q811C4,uniprot_direct,Q811C4,https://rest.uniprot.org/uniprotkb/Q811C4.json,200,0,success
2026-08-16T04:36:45.105403+00:00,Q811C4,afdb_v6_probe,Q811C4,https://alphafold.ebi.ac.uk/files/AF-Q811C4-F1-model_v6.pdb,404,0,not_found
2026-08-16T04:36:46.528784+00:00,Q81966,uniprot_direct,Q81966,https://rest.uniprot.org/uniprotkb/Q81966.json,200,0,success
2026-08-16T04:36:47.596379+00:00,Q81966,afdb_v6_probe,Q81966,https://alphafold.ebi.ac.uk/files/AF-Q81966-F1-model_v6.pdb,404,0,not_found
2026-08-16T04:36:48.600925+00:00,Q81999,uniprot_direct,Q81999,https://rest.uniprot.org/uniprotkb/Q81999.json,200,0,success
2026-08-16T04:36:49.586684+00:00,Q81999,afdb_v6_probe,Q81999,https://alphafold.ebi.ac.uk/files/AF-Q81999-F1-model_v6.pdb,404,0,not_found
2026-08-16T04:36:51.509970+00:00,Q82007,uniprot_direct,Q82007,https://rest.uniprot.org/uniprotkb/Q82007.json,200,0,success
2026-08-16T04:36:53.196475+00:00,Q82007,afdb_v6_probe,Q82007,https://alphafold.ebi.ac.uk/files/AF-Q82007-F1-model_v6.pdb,404,0,not_found
2026-08-16T04:36:54.445896+00:00,Q82041,uniprot_direct,Q82041,https://rest.uniprot.org/uniprotkb/Q82041.json,200,0,success
2026-08-16T04:36:55.418852+00:00,Q82041,afdb_v6_probe,Q82041,https://alphafold.ebi.ac.uk/files/AF-Q82041-F1-model_v6.pdb,404,0,not_found
2026-08-16T04:36:56.658151+00:00,Q83356,uniprot_direct,Q83356,https://rest.uniprot.org/uniprotkb/Q83356.json,200,0,success
2026-08-16T04:36:57.606057+00:00,Q83356,afdb_v6_probe,Q83356,https://alphafold.ebi.ac.uk/files/AF-Q83356-F1-model_v6.pdb,404,0,not_found
2026-08-16T04:36:58.555369+00:00,Q83356,afdb_v6_probe,Q83353,https://alphafold.ebi.ac.uk/files/AF-Q83353-F1-model_v6.pdb,404,0,not_found
2026-08-16T04:36:59.733259+00:00,Q84293,uniprot_direct,Q84293,https://rest.uniprot.org/uniprotkb/Q84293.json,200,0,success
2026-08-16T04:37:00.716116+00:00,Q84293,afdb_v6_probe,Q84293,https://alphafold.ebi.ac.uk/files/AF-Q84293-F1-model_v6.pdb,404,0,not_found
2026-08-16T04:37:03.441360+00:00,Q84356,uniprot_direct,Q84356,https://rest.uniprot.org/uniprotkb/Q84356.json,200,0,success
2026-08-16T04:37:04.440313+00:00,Q84356,afdb_v6_probe,Q84356,https://alphafold.ebi.ac.uk/files/AF-Q84356-F1-model_v6.pdb,404,0,not_found
2026-08-16T04:37:05.412344+00:00,Q84424,uniprot_direct,Q84424,https://rest.uniprot.org/uniprotkb/Q84424.json,200,0,success
2026-08-16T04:37:06.407850+00:00,Q84424,afdb_v6_probe,Q84424,https://alphafold.ebi.ac.uk/files/AF-Q84424-F1-model_v6.pdb,404,0,not_found
2026-08-16T04:37:07.694700+00:00,Q848I4,uniprot_direct,Q848I4,https://rest.uniprot.org/uniprotkb/Q848I4.json,200,0,success
2026-08-16T04:37:09.255392+00:00,Q848I4,afdb_v6_probe,Q848I4,https://alphafold.ebi.ac.uk/files/AF-Q848I4-F1-model_v6.pdb,404,0,not_found
2026-08-16T04:37:10.476696+00:00,Q85297,uniprot_direct,Q85297,https://rest.uniprot.org/uniprotkb/Q85297.json,200,0,success
2026-08-16T04:37:12.422695+00:00,Q85297,afdb_v6_probe,Q85297,https://alphafold.ebi.ac.uk/files/AF-Q85297-F1-model_v6.pdb,404,0,not_found
2026-08-16T04:37:13.374935+00:00,Q85297,afdb_v6_probe,Q9Q8N1,https://alphafold.ebi.ac.uk/files/AF-Q9Q8N1-F1-model_v6.pdb,404,0,not_found
2026-08-16T04:37:14.763100+00:00,Q85437,uniprot_direct,Q85437,https://rest.uniprot.org/uniprotkb/Q85437.json,200,0,success
2026-08-16T04:37:18.028573+00:00,Q85437,afdb_v6_probe,Q85437,https://alphafold.ebi.ac.uk/files/AF-Q85437-F1-model_v6.pdb,404,0,not_found
2026-08-16T04:37:19.872368+00:00,Q857H2,uniprot_direct,Q857H2,https://rest.uniprot.org/uniprotkb/Q857H2.json,200,0,success
2026-08-16T04:37:22.257749+00:00,Q857H2,afdb_v6_probe,Q857H2,https://alphafold.ebi.ac.uk/files/AF-Q857H2-F1-model_v6.pdb,404,0,not_found
2026-08-16T04:37:24.266946+00:00,Q86567,uniprot_direct,Q86567,https://rest.uniprot.org/uniprotkb/Q86567.json,200,0,success
2026-08-16T04:37:25.672148+00:00,Q86567,afdb_v6_probe,Q86567,https://alphafold.ebi.ac.uk/files/AF-Q86567-F1-model_v6.pdb,404,0,not_found
2026-08-16T04:37:27.433608+00:00,Q865R2,uniprot_direct,Q865R2,https://rest.uniprot.org/uniprotkb/Q865R2.json,200,0,success
2026-08-16T04:37:28.433111+00:00,Q865R2,afdb_v6_probe,Q865R2,https://alphafold.ebi.ac.uk/files/AF-Q865R2-F1-model_v6.pdb,404,0,not_found
2026-08-16T04:37:32.519233+00:00,Q86VQ6,uniprot_direct,Q86VQ6,https://rest.uniprot.org/uniprotkb/Q86VQ6.json,200,0,success
2026-08-16T04:37:33.573214+00:00,Q86VQ6,afdb_v6_probe,Q86VQ6,https://alphafold.ebi.ac.uk/files/AF-Q86VQ6-F1-model_v6.pdb,404,0,not_found
2026-08-16T04:37:34.533246+00:00,Q86VQ6,afdb_v6_probe,Q6F5E7,https://alphafold.ebi.ac.uk/files/AF-Q6F5E7-F1-model_v6.pdb,404,0,not_found
2026-08-16T04:37:35.534021+00:00,Q86VQ6,afdb_v6_probe,Q6PIS8,https://alphafold.ebi.ac.uk/files/AF-Q6PIS8-F1-model_v6.pdb,404,0,not_found
2026-08-16T04:37:37.266126+00:00,Q86VQ6,afdb_v6_probe,Q9NNW6,https://alphafold.ebi.ac.uk/files/AF-Q9NNW6-F1-model_v6.pdb,404,0,not_found
2026-08-16T04:37:38.267520+00:00,Q86VQ6,afdb_v6_probe,Q9P101,https://alphafold.ebi.ac.uk/files/AF-Q9P101-F1-model_v6.pdb,404,0,not_found
2026-08-16T04:37:39.291510+00:00,Q87009,uniprot_direct,Q87009,https://rest.uniprot.org/uniprotkb/Q87009.json,200,0,success
2026-08-16T04:37:40.261806+00:00,Q87009,afdb_v6_probe,Q87009,https://alphafold.ebi.ac.uk/files/AF-Q87009-F1-model_v6.pdb,404,0,not_found
2026-08-16T04:37:41.358090+00:00,Q87013,uniprot_direct,Q87013,https://rest.uniprot.org/uniprotkb/Q87013.json,200,0,success
2026-08-16T04:37:42.369525+00:00,Q87013,afdb_v6_probe,Q87013,https://alphafold.ebi.ac.uk/files/AF-Q87013-F1-model_v6.pdb,404,0,not_found
2026-08-16T04:37:43.331864+00:00,Q89121,uniprot_direct,Q89121,https://rest.uniprot.org/uniprotkb/Q89121.json,200,0,success
2026-08-16T04:37:44.346835+00:00,Q89121,afdb_v6_probe,Q89121,https://alphafold.ebi.ac.uk/files/AF-Q89121-F1-model_v6.pdb,404,0,not_found
2026-08-16T04:37:45.314770+00:00,Q89187,uniprot_direct,Q89187,https://rest.uniprot.org/uniprotkb/Q89187.json,200,0,success
2026-08-16T04:37:46.257870+00:00,Q89187,afdb_v6_probe,Q89187,https://alphafold.ebi.ac.uk/files/AF-Q89187-F1-model_v6.pdb,404,0,not_found
2026-08-16T04:37:47.349962+00:00,Q89269,uniprot_direct,Q89269,https://rest.uniprot.org/uniprotkb/Q89269.json,200,0,success
2026-08-16T04:37:48.411570+00:00,Q89269,afdb_v6_probe,Q89269,https://alphafold.ebi.ac.uk/files/AF-Q89269-F1-model_v6.pdb,404,0,not_found
2026-08-16T04:37:49.373005+00:00,Q89269,afdb_v6_probe,Q77XY0,https://alphafold.ebi.ac.uk/files/AF-Q77XY0-F1-model_v6.pdb,404,0,not_found
2026-08-16T04:37:50.437861+00:00,Q89443,uniprot_direct,Q89443,https://rest.uniprot.org/uniprotkb/Q89443.json,200,0,success
2026-08-16T04:37:51.789912+00:00,Q89443,afdb_v6_probe,Q89443,https://alphafold.ebi.ac.uk/files/AF-Q89443-F1-model_v6.pdb,404,0,not_found
2026-08-16T04:37:52.914068+00:00,Q89536,uniprot_direct,Q89536,https://rest.uniprot.org/uniprotkb/Q89536.json,200,0,success
2026-08-16T04:37:54.829049+00:00,Q89536,afdb_v6_probe,Q89536,https://alphafold.ebi.ac.uk/files/AF-Q89536-F1-model_v6.pdb,404,0,not_found
2026-08-16T04:37:57.335858+00:00,Q89576,uniprot_direct,Q89576,https://rest.uniprot.org/uniprotkb/Q89576.json,200,0,success
2026-08-16T04:37:58.300374+00:00,Q89576,afdb_v6_probe,Q89576,https://alphafold.ebi.ac.uk/files/AF-Q89576-F1-model_v6.pdb,404,0,not_found
2026-08-16T04:37:59.500437+00:00,Q89662,uniprot_direct,Q89662,https://rest.uniprot.org/uniprotkb/Q89662.json,200,0,success
2026-08-16T04:38:00.797300+00:00,Q89662,afdb_v6_probe,Q89662,https://alphafold.ebi.ac.uk/files/AF-Q89662-F1-model_v6.pdb,404,0,not_found
2026-08-16T04:38:01.777733+00:00,Q89662,afdb_v6_probe,Q86612,https://alphafold.ebi.ac.uk/files/AF-Q86612-F1-model_v6.pdb,404,0,not_found
2026-08-16T04:38:02.826548+00:00,Q89940,uniprot_direct,Q89940,https://rest.uniprot.org/uniprotkb/Q89940.json,200,0,success
2026-08-16T04:38:03.790738+00:00,Q89940,afdb_v6_probe,Q89940,https://alphafold.ebi.ac.uk/files/AF-Q89940-F1-model_v6.pdb,404,0,not_found
2026-08-16T04:38:05.683370+00:00,Q8BB04,uniprot_direct,Q8BB04,https://rest.uniprot.org/uniprotkb/Q8BB04.json,200,0,success
2026-08-16T04:38:06.693506+00:00,Q8BB04,afdb_v6_probe,Q8BB04,https://alphafold.ebi.ac.uk/files/AF-Q8BB04-F1-model_v6.pdb,404,0,not_found
2026-08-16T04:38:08.325201+00:00,Q8BB16,uniprot_direct,Q8BB16,https://rest.uniprot.org/uniprotkb/Q8BB16.json,200,0,success
2026-08-16T04:38:09.380023+00:00,Q8BB16,afdb_v6_probe,Q8BB16,https://alphafold.ebi.ac.uk/files/AF-Q8BB16-F1-model_v6.pdb,404,0,not_found
2026-08-16T04:38:10.329752+00:00,Q8BB16,afdb_v6_probe,Q8BB13,https://alphafold.ebi.ac.uk/files/AF-Q8BB13-F1-model_v6.pdb,404,0,not_found
2026-08-16T04:38:11.288273+00:00,Q8BB16,afdb_v6_probe,Q8BB14,https://alphafold.ebi.ac.uk/files/AF-Q8BB14-F1-model_v6.pdb,404,0,not_found
2026-08-16T04:38:12.262760+00:00,Q8BB16,afdb_v6_probe,Q8BB15,https://alphafold.ebi.ac.uk/files/AF-Q8BB15-F1-model_v6.pdb,404,0,not_found
2026-08-16T04:38:13.460565+00:00,Q8BB26,uniprot_direct,Q8BB26,https://rest.uniprot.org/uniprotkb/Q8BB26.json,200,0,success
2026-08-16T04:38:14.463417+00:00,Q8BB26,afdb_v6_probe,Q8BB26,https://alphafold.ebi.ac.uk/files/AF-Q8BB26-F1-model_v6.pdb,404,0,not_found
2026-08-16T04:38:15.461446+00:00,Q8BDD7,uniprot_direct,Q8BDD7,https://rest.uniprot.org/uniprotkb/Q8BDD7.json,200,0,success
2026-08-16T04:38:16.428170+00:00,Q8BDD7,afdb_v6_probe,Q8BDD7,https://alphafold.ebi.ac.uk/files/AF-Q8BDD7-F1-model_v6.pdb,404,0,not_found
2026-08-16T04:38:18.074750+00:00,Q8CXZ8,uniprot_direct,Q8CXZ8,https://rest.uniprot.org/uniprotkb/Q8CXZ8.json,200,0,success
2026-08-16T04:38:19.049378+00:00,Q8CXZ8,afdb_v6_probe,Q8CXZ8,https://alphafold.ebi.ac.uk/files/AF-Q8CXZ8-F1-model_v6.pdb,404,0,not_found
2026-08-16T04:38:20.358247+00:00,Q8FDI4,uniprot_direct,Q8FDI4,https://rest.uniprot.org/uniprotkb/Q8FDI4.json,200,0,success
2026-08-16T04:38:21.342849+00:00,Q8FDI4,afdb_v6_probe,Q8FDI4,https://alphafold.ebi.ac.uk/files/AF-Q8FDI4-F1-model_v6.pdb,404,0,not_found
2026-08-16T04:38:22.975362+00:00,Q8FHF4,uniprot_direct,Q8FHF4,https://rest.uniprot.org/uniprotkb/Q8FHF4.json,200,0,success
2026-08-16T04:38:23.966405+00:00,Q8FHF4,afdb_v6_probe,Q8FHF4,https://alphafold.ebi.ac.uk/files/AF-Q8FHF4-F1-model_v6.pdb,404,0,not_found
2026-08-16T04:38:25.010032+00:00,Q8FKG1,uniprot_direct,Q8FKG1,https://rest.uniprot.org/uniprotkb/Q8FKG1.json,200,0,success
2026-08-16T04:38:25.975382+00:00,Q8FKG1,afdb_v6_probe,Q8FKG1,https://alphafold.ebi.ac.uk/files/AF-Q8FKG1-F1-model_v6.pdb,404,0,not_found
2026-08-16T04:38:27.048525+00:00,Q8JL72,uniprot_direct,Q8JL72,https://rest.uniprot.org/uniprotkb/Q8JL72.json,200,0,success
2026-08-16T04:38:28.027574+00:00,Q8JL72,afdb_v6_probe,Q8JL72,https://alphafold.ebi.ac.uk/files/AF-Q8JL72-F1-model_v6.pdb,404,0,not_found
2026-08-16T04:38:29.018983+00:00,Q8JSP9,uniprot_direct,Q8JSP9,https://rest.uniprot.org/uniprotkb/Q8JSP9.json,200,0,success
2026-08-16T04:38:29.980212+00:00,Q8JSP9,afdb_v6_probe,Q8JSP9,https://alphafold.ebi.ac.uk/files/AF-Q8JSP9-F1-model_v6.pdb,404,0,not_found
2026-08-16T04:38:31.664459+00:00,Q8KAZ0,uniprot_direct,Q8KAZ0,https://rest.uniprot.org/uniprotkb/Q8KAZ0.json,200,0,success
2026-08-16T04:38:32.628933+00:00,Q8KAZ0,afdb_v6_probe,Q8KAZ0,https://alphafold.ebi.ac.uk/files/AF-Q8KAZ0-F1-model_v6.pdb,404,0,not_found
2026-08-16T04:38:33.895814+00:00,Q8KBX0,uniprot_direct,Q8KBX0,https://rest.uniprot.org/uniprotkb/Q8KBX0.json,200,0,success
2026-08-16T04:38:34.886543+00:00,Q8KBX0,afdb_v6_probe,Q8KBX0,https://alphafold.ebi.ac.uk/files/AF-Q8KBX0-F1-model_v6.pdb,404,0,not_found
2026-08-16T04:38:35.869878+00:00,Q8MBG5,uniprot_direct,Q8MBG5,https://rest.uniprot.org/uniprotkb/Q8MBG5.json,200,0,success
2026-08-16T04:38:37.586228+00:00,Q8MBG5,afdb_v6_probe,Q8MBG5,https://alphafold.ebi.ac.uk/files/AF-Q8MBG5-F1-model_v6.pdb,404,0,not_found
2026-08-16T04:38:39.657570+00:00,Q8MBK3,uniprot_direct,Q8MBK3,https://rest.uniprot.org/uniprotkb/Q8MBK3.json,200,0,success
2026-08-16T04:38:40.659131+00:00,Q8MBK3,afdb_v6_probe,Q8MBK3,https://alphafold.ebi.ac.uk/files/AF-Q8MBK3-F1-model_v6.pdb,404,0,not_found
2026-08-16T04:38:41.675797+00:00,Q8MBQ4,uniprot_direct,Q8MBQ4,https://rest.uniprot.org/uniprotkb/Q8MBQ4.json,200,0,success
2026-08-16T04:38:42.636910+00:00,Q8MBQ4,afdb_v6_probe,Q8MBQ4,https://alphafold.ebi.ac.uk/files/AF-Q8MBQ4-F1-model_v6.pdb,404,0,not_found
2026-08-16T04:38:43.643932+00:00,Q8MIU0,uniprot_direct,Q8MIU0,https://rest.uniprot.org/uniprotkb/Q8MIU0.json,200,0,success
2026-08-16T04:38:44.665365+00:00,Q8MIU0,afdb_v6_probe,Q8MIU0,https://alphafold.ebi.ac.uk/files/AF-Q8MIU0-F1-model_v6.pdb,404,0,not_found
2026-08-16T04:38:45.622601+00:00,Q8MIU0,afdb_v6_probe,Q8WN56,https://alphafold.ebi.ac.uk/files/AF-Q8WN56-F1-model_v6.pdb,404,0,not_found
2026-08-16T04:38:46.913184+00:00,Q8MJ14,uniprot_direct,Q8MJ14,https://rest.uniprot.org/uniprotkb/Q8MJ14.json,200,0,success
2026-08-16T04:38:47.887429+00:00,Q8MJ14,afdb_v6_probe,Q8MJ14,https://alphafold.ebi.ac.uk/files/AF-Q8MJ14-F1-model_v6.pdb,404,0,not_found
2026-08-16T04:38:49.255954+00:00,Q8QMP8,uniprot_direct,Q8QMP8,https://rest.uniprot.org/uniprotkb/Q8QMP8.json,200,0,success
2026-08-16T04:38:50.212375+00:00,Q8QMP8,afdb_v6_probe,Q8QMP8,https://alphafold.ebi.ac.uk/files/AF-Q8QMP8-F1-model_v6.pdb,404,0,not_found
2026-08-16T04:38:51.253666+00:00,Q8QMQ7,uniprot_direct,Q8QMQ7,https://rest.uniprot.org/uniprotkb/Q8QMQ7.json,200,0,success
2026-08-16T04:38:52.215217+00:00,Q8QMQ7,afdb_v6_probe,Q8QMQ7,https://alphafold.ebi.ac.uk/files/AF-Q8QMQ7-F1-model_v6.pdb,404,0,not_found
2026-08-16T04:38:53.646098+00:00,Q8QMV9,uniprot_direct,Q8QMV9,https://rest.uniprot.org/uniprotkb/Q8QMV9.json,200,0,success
2026-08-16T04:38:54.700242+00:00,Q8QMV9,afdb_v6_probe,Q8QMV9,https://alphafold.ebi.ac.uk/files/AF-Q8QMV9-F1-model_v6.pdb,404,0,not_found
2026-08-16T04:38:55.789742+00:00,Q8QQ21,uniprot_direct,Q8QQ21,https://rest.uniprot.org/uniprotkb/Q8QQ21.json,200,0,success
2026-08-16T04:38:56.774355+00:00,Q8QQ21,afdb_v6_probe,Q8QQ21,https://alphafold.ebi.ac.uk/files/AF-Q8QQ21-F1-model_v6.pdb,404,0,not_found
2026-08-16T04:38:57.878731+00:00,Q8R8W3,uniprot_direct,Q8R8W3,https://rest.uniprot.org/uniprotkb/Q8R8W3.json,200,0,success
2026-08-16T04:38:59.862738+00:00,Q8R8W3,afdb_v6_probe,Q8R8W3,https://alphafold.ebi.ac.uk/files/AF-Q8R8W3-F1-model_v6.pdb,404,0,not_found
2026-08-16T04:39:00.994684+00:00,Q8SDC3,uniprot_direct,Q8SDC3,https://rest.uniprot.org/uniprotkb/Q8SDC3.json,200,0,success
2026-08-16T04:39:02.957575+00:00,Q8SDC3,afdb_v6_probe,Q8SDC3,https://alphafold.ebi.ac.uk/files/AF-Q8SDC3-F1-model_v6.pdb,404,0,not_found
2026-08-16T04:39:05.976518+00:00,Q8TN68,uniprot_direct,Q8TN68,https://rest.uniprot.org/uniprotkb/Q8TN68.json,200,0,success
2026-08-16T04:39:08.509544+00:00,Q8TN68,afdb_v6_probe,Q8TN68,https://alphafold.ebi.ac.uk/files/AF-Q8TN68-F1-model_v6.pdb,404,0,not_found
2026-08-16T04:39:09.541260+00:00,Q8TS72,uniprot_direct,Q8TS72,https://rest.uniprot.org/uniprotkb/Q8TS72.json,200,0,success
2026-08-16T04:39:10.596865+00:00,Q8TS72,afdb_v6_probe,Q8TS72,https://alphafold.ebi.ac.uk/files/AF-Q8TS72-F1-model_v6.pdb,404,0,not_found
2026-08-16T04:39:11.693830+00:00,Q8TS73,uniprot_direct,Q8TS73,https://rest.uniprot.org/uniprotkb/Q8TS73.json,200,0,success
2026-08-16T04:39:12.677418+00:00,Q8TS73,afdb_v6_probe,Q8TS73,https://alphafold.ebi.ac.uk/files/AF-Q8TS73-F1-model_v6.pdb,404,0,not_found
2026-08-16T04:39:13.718958+00:00,Q8TTA5,uniprot_direct,Q8TTA5,https://rest.uniprot.org/uniprotkb/Q8TTA5.json,200,0,success
2026-08-16T04:39:14.965326+00:00,Q8TTA5,afdb_v6_probe,Q8TTA5,https://alphafold.ebi.ac.uk/files/AF-Q8TTA5-F1-model_v6.pdb,404,0,not_found
2026-08-16T04:39:16.238517+00:00,Q8TTA9,uniprot_direct,Q8TTA9,https://rest.uniprot.org/uniprotkb/Q8TTA9.json,200,0,success
2026-08-16T04:39:17.207717+00:00,Q8TTA9,afdb_v6_probe,Q8TTA9,https://alphafold.ebi.ac.uk/files/AF-Q8TTA9-F1-model_v6.pdb,404,0,not_found
2026-08-16T04:39:18.280117+00:00,Q8TVM0,uniprot_direct,Q8TVM0,https://rest.uniprot.org/uniprotkb/Q8TVM0.json,200,0,success
2026-08-16T04:39:19.234857+00:00,Q8TVM0,afdb_v6_probe,Q8TVM0,https://alphafold.ebi.ac.uk/files/AF-Q8TVM0-F1-model_v6.pdb,404,0,not_found
2026-08-16T04:39:20.523529+00:00,Q8UVX8,uniprot_direct,Q8UVX8,https://rest.uniprot.org/uniprotkb/Q8UVX8.json,200,0,success
2026-08-16T04:39:21.477119+00:00,Q8UVX8,afdb_v6_probe,Q8UVX8,https://alphafold.ebi.ac.uk/files/AF-Q8UVX8-F1-model_v6.pdb,404,0,not_found
2026-08-16T04:39:22.671307+00:00,Q8V2K9,uniprot_direct,Q8V2K9,https://rest.uniprot.org/uniprotkb/Q8V2K9.json,200,0,success
2026-08-16T04:39:23.668229+00:00,Q8V2K9,afdb_v6_probe,Q8V2K9,https://alphafold.ebi.ac.uk/files/AF-Q8V2K9-F1-model_v6.pdb,404,0,not_found
2026-08-16T04:39:25.204419+00:00,Q8V2R8,uniprot_direct,Q8V2R8,https://rest.uniprot.org/uniprotkb/Q8V2R8.json,200,0,success
2026-08-16T04:39:26.264288+00:00,Q8V2R8,afdb_v6_probe,Q8V2R8,https://alphafold.ebi.ac.uk/files/AF-Q8V2R8-F1-model_v6.pdb,404,0,not_found
2026-08-16T04:39:27.363122+00:00,Q8V2Y0,uniprot_direct,Q8V2Y0,https://rest.uniprot.org/uniprotkb/Q8V2Y0.json,200,0,success
2026-08-16T04:39:28.340707+00:00,Q8V2Y0,afdb_v6_probe,Q8V2Y0,https://alphafold.ebi.ac.uk/files/AF-Q8V2Y0-F1-model_v6.pdb,404,0,not_found
2026-08-16T04:39:29.778116+00:00,Q8V3U0,uniprot_direct,Q8V3U0,https://rest.uniprot.org/uniprotkb/Q8V3U0.json,200,0,success
2026-08-16T04:39:30.733440+00:00,Q8V3U0,afdb_v6_probe,Q8V3U0,https://alphafold.ebi.ac.uk/files/AF-Q8V3U0-F1-model_v6.pdb,404,0,not_found
2026-08-16T04:39:31.733790+00:00,Q8V437,uniprot_direct,Q8V437,https://rest.uniprot.org/uniprotkb/Q8V437.json,200,0,success
2026-08-16T04:39:32.699038+00:00,Q8V437,afdb_v6_probe,Q8V437,https://alphafold.ebi.ac.uk/files/AF-Q8V437-F1-model_v6.pdb,404,0,not_found
2026-08-16T04:39:33.770464+00:00,Q8V4S4,uniprot_direct,Q8V4S4,https://rest.uniprot.org/uniprotkb/Q8V4S4.json,200,0,success
2026-08-16T04:39:34.729356+00:00,Q8V4S4,afdb_v6_probe,Q8V4S4,https://alphafold.ebi.ac.uk/files/AF-Q8V4S4-F1-model_v6.pdb,404,0,not_found
2026-08-16T04:39:35.854711+00:00,Q8V9T7,uniprot_direct,Q8V9T7,https://rest.uniprot.org/uniprotkb/Q8V9T7.json,200,0,success
2026-08-16T04:39:36.850456+00:00,Q8V9T7,afdb_v6_probe,Q8V9T7,https://alphafold.ebi.ac.uk/files/AF-Q8V9T7-F1-model_v6.pdb,404,0,not_found
2026-08-16T04:39:37.898284+00:00,Q8V9U2,uniprot_direct,Q8V9U2,https://rest.uniprot.org/uniprotkb/Q8V9U2.json,200,0,success
2026-08-16T04:39:38.903792+00:00,Q8V9U2,afdb_v6_probe,Q8V9U2,https://alphafold.ebi.ac.uk/files/AF-Q8V9U2-F1-model_v6.pdb,404,0,not_found
2026-08-16T04:39:39.939902+00:00,Q8W3Z3,uniprot_direct,Q8W3Z3,https://rest.uniprot.org/uniprotkb/Q8W3Z3.json,200,0,success
2026-08-16T04:39:40.907948+00:00,Q8W3Z3,afdb_v6_probe,Q8W3Z3,https://alphafold.ebi.ac.uk/files/AF-Q8W3Z3-F1-model_v6.pdb,404,0,not_found
2026-08-16T04:39:42.486468+00:00,Q8WMS6,uniprot_direct,Q8WMS6,https://rest.uniprot.org/uniprotkb/Q8WMS6.json,200,0,success
2026-08-16T04:39:43.454690+00:00,Q8WMS6,afdb_v6_probe,Q8WMS6,https://alphafold.ebi.ac.uk/files/AF-Q8WMS6-F1-model_v6.pdb,404,0,not_found
2026-08-16T04:39:44.435559+00:00,Q8WMS6,afdb_v6_probe,A0A8C0PCF1,https://alphafold.ebi.ac.uk/files/AF-A0A8C0PCF1-F1-model_v6.pdb,404,0,not_found
2026-08-16T04:39:45.725812+00:00,Q8WMS6,afdb_v6_probe,A0A8I3NRM8,https://alphafold.ebi.ac.uk/files/AF-A0A8I3NRM8-F1-model_v6.pdb,404,0,not_found
2026-08-16T04:39:46.965094+00:00,Q8YD09,uniprot_direct,Q8YD09,https://rest.uniprot.org/uniprotkb/Q8YD09.json,200,0,success
2026-08-16T04:39:48.248132+00:00,Q8YD09,afdb_v6_probe,Q8YD09,https://alphafold.ebi.ac.uk/files/AF-Q8YD09-F1-model_v6.pdb,404,0,not_found
2026-08-16T04:39:50.731514+00:00,Q8YI91,uniprot_direct,Q8YI91,https://rest.uniprot.org/uniprotkb/Q8YI91.json,200,0,success
2026-08-16T04:39:51.713020+00:00,Q8YI91,afdb_v6_probe,Q8YI91,https://alphafold.ebi.ac.uk/files/AF-Q8YI91-F1-model_v6.pdb,404,0,not_found
2026-08-16T04:39:53.059545+00:00,Q90029,uniprot_direct,Q90029,https://rest.uniprot.org/uniprotkb/Q90029.json,200,0,success
2026-08-16T04:39:54.115389+00:00,Q90029,afdb_v6_probe,Q90029,https://alphafold.ebi.ac.uk/files/AF-Q90029-F1-model_v6.pdb,404,0,not_found
2026-08-16T04:39:55.441081+00:00,Q90030,uniprot_direct,Q90030,https://rest.uniprot.org/uniprotkb/Q90030.json,200,0,success
2026-08-16T04:39:56.423161+00:00,Q90030,afdb_v6_probe,Q90030,https://alphafold.ebi.ac.uk/files/AF-Q90030-F1-model_v6.pdb,404,0,not_found
2026-08-16T04:40:18.470377+00:00,Q90030,afdb_v6_probe,Q85226,https://alphafold.ebi.ac.uk/files/AF-Q85226-F1-model_v6.pdb,404,1,not_found
2026-08-16T04:40:19.675961+00:00,Q90033,uniprot_direct,Q90033,https://rest.uniprot.org/uniprotkb/Q90033.json,200,0,success
2026-08-16T04:40:20.632158+00:00,Q90033,afdb_v6_probe,Q90033,https://alphafold.ebi.ac.uk/files/AF-Q90033-F1-model_v6.pdb,404,0,not_found
2026-08-16T04:40:21.742795+00:00,Q90054,uniprot_direct,Q90054,https://rest.uniprot.org/uniprotkb/Q90054.json,200,0,success
2026-08-16T04:40:22.735535+00:00,Q90054,afdb_v6_probe,Q90054,https://alphafold.ebi.ac.uk/files/AF-Q90054-F1-model_v6.pdb,404,0,not_found
2026-08-16T04:40:24.950277+00:00,Q90185,uniprot_direct,Q90185,https://rest.uniprot.org/uniprotkb/Q90185.json,200,0,success
2026-08-16T04:40:25.921280+00:00,Q90185,afdb_v6_probe,Q90185,https://alphafold.ebi.ac.uk/files/AF-Q90185-F1-model_v6.pdb,404,0,not_found
2026-08-16T04:40:27.758420+00:00,Q912W1,uniprot_direct,Q912W1,https://rest.uniprot.org/uniprotkb/Q912W1.json,200,0,success
2026-08-16T04:40:28.737502+00:00,Q912W1,afdb_v6_probe,Q912W1,https://alphafold.ebi.ac.uk/files/AF-Q912W1-F1-model_v6.pdb,404,0,not_found
2026-08-16T04:40:29.792026+00:00,Q91EK3,uniprot_direct,Q91EK3,https://rest.uniprot.org/uniprotkb/Q91EK3.json,200,0,success
2026-08-16T04:40:31.518325+00:00,Q91EK3,afdb_v6_probe,Q91EK3,https://alphafold.ebi.ac.uk/files/AF-Q91EK3-F1-model_v6.pdb,404,0,not_found
2026-08-16T04:40:32.545011+00:00,Q91F87,uniprot_direct,Q91F87,https://rest.uniprot.org/uniprotkb/Q91F87.json,200,0,success
2026-08-16T04:40:33.510542+00:00,Q91F87,afdb_v6_probe,Q91F87,https://alphafold.ebi.ac.uk/files/AF-Q91F87-F1-model_v6.pdb,404,0,not_found
2026-08-16T04:40:34.552853+00:00,Q91FD5,uniprot_direct,Q91FD5,https://rest.uniprot.org/uniprotkb/Q91FD5.json,200,0,success
2026-08-16T04:40:35.520764+00:00,Q91FD5,afdb_v6_probe,Q91FD5,https://alphafold.ebi.ac.uk/files/AF-Q91FD5-F1-model_v6.pdb,404,0,not_found
2026-08-16T04:40:36.562497+00:00,Q91FE4,uniprot_direct,Q91FE4,https://rest.uniprot.org/uniprotkb/Q91FE4.json,200,0,success
2026-08-16T04:40:39.370866+00:00,Q91FE4,afdb_v6_probe,Q91FE4,https://alphafold.ebi.ac.uk/files/AF-Q91FE4-F1-model_v6.pdb,404,0,not_found
2026-08-16T04:40:40.764826+00:00,Q91FE8,uniprot_direct,Q91FE8,https://rest.uniprot.org/uniprotkb/Q91FE8.json,200,0,success
2026-08-16T04:40:41.757449+00:00,Q91FE8,afdb_v6_probe,Q91FE8,https://alphafold.ebi.ac.uk/files/AF-Q91FE8-F1-model_v6.pdb,404,0,not_found
2026-08-16T04:40:43.121693+00:00,Q91FH7,uniprot_direct,Q91FH7,https://rest.uniprot.org/uniprotkb/Q91FH7.json,200,0,success
2026-08-16T04:40:44.139209+00:00,Q91FH7,afdb_v6_probe,Q91FH7,https://alphafold.ebi.ac.uk/files/AF-Q91FH7-F1-model_v6.pdb,404,0,not_found
2026-08-16T04:40:45.126560+00:00,Q91FS1,uniprot_direct,Q91FS1,https://rest.uniprot.org/uniprotkb/Q91FS1.json,200,0,success
2026-08-16T04:40:47.625797+00:00,Q91FS1,afdb_v6_probe,Q91FS1,https://alphafold.ebi.ac.uk/files/AF-Q91FS1-F1-model_v6.pdb,404,0,not_found
2026-08-16T04:40:49.559329+00:00,Q91HJ9,uniprot_direct,Q91HJ9,https://rest.uniprot.org/uniprotkb/Q91HJ9.json,200,0,success
2026-08-16T04:40:50.625358+00:00,Q91HJ9,afdb_v6_probe,Q91HJ9,https://alphafold.ebi.ac.uk/files/AF-Q91HJ9-F1-model_v6.pdb,404,0,not_found
2026-08-16T04:40:51.661265+00:00,Q91HJ9,afdb_v6_probe,D3G8E5,https://alphafold.ebi.ac.uk/files/AF-D3G8E5-F1-model_v6.pdb,404,0,not_found
2026-08-16T04:40:52.951689+00:00,Q91ZI8,uniprot_direct,Q91ZI8,https://rest.uniprot.org/uniprotkb/Q91ZI8.json,200,0,success
2026-08-16T04:40:53.940148+00:00,Q91ZI8,afdb_v6_probe,Q91ZI8,https://alphafold.ebi.ac.uk/files/AF-Q91ZI8-F1-model_v6.pdb,404,0,not_found
2026-08-16T04:40:55.291015+00:00,Q91ZI8,afdb_v6_probe,G3UY28,https://alphafold.ebi.ac.uk/files/AF-G3UY28-F1-model_v6.pdb,404,0,not_found
2026-08-16T04:40:56.315298+00:00,Q91ZI8,afdb_v6_probe,Q3UKD2,https://alphafold.ebi.ac.uk/files/AF-Q3UKD2-F1-model_v6.pdb,404,0,not_found
2026-08-16T04:40:57.505238+00:00,Q92060,uniprot_direct,Q92060,https://rest.uniprot.org/uniprotkb/Q92060.json,200,0,success
2026-08-16T04:40:59.499688+00:00,Q92060,afdb_v6_probe,Q92060,https://alphafold.ebi.ac.uk/files/AF-Q92060-F1-model_v6.pdb,404,0,not_found
2026-08-16T04:41:00.561362+00:00,Q92116,uniprot_direct,Q92116,https://rest.uniprot.org/uniprotkb/Q92116.json,200,0,success
2026-08-16T04:41:01.522547+00:00,Q92116,afdb_v6_probe,Q92116,https://alphafold.ebi.ac.uk/files/AF-Q92116-F1-model_v6.pdb,404,0,not_found
2026-08-16T04:41:02.477653+00:00,Q92813,uniprot_direct,Q92813,https://rest.uniprot.org/uniprotkb/Q92813.json,200,0,success
2026-08-16T04:41:03.460542+00:00,Q92813,afdb_v6_probe,Q92813,https://alphafold.ebi.ac.uk/files/AF-Q92813-F1-model_v6.pdb,404,0,not_found
2026-08-16T04:41:04.444286+00:00,Q92813,afdb_v6_probe,B9EGK0,https://alphafold.ebi.ac.uk/files/AF-B9EGK0-F1-model_v6.pdb,404,0,not_found
2026-08-16T04:41:05.404342+00:00,Q92813,afdb_v6_probe,G3V315,https://alphafold.ebi.ac.uk/files/AF-G3V315-F1-model_v6.pdb,404,0,not_found
2026-08-16T04:41:06.367394+00:00,Q92813,afdb_v6_probe,Q6B0A3,https://alphafold.ebi.ac.uk/files/AF-Q6B0A3-F1-model_v6.pdb,404,0,not_found
2026-08-16T04:41:07.636762+00:00,Q92813,afdb_v6_probe,Q9HCP7,https://alphafold.ebi.ac.uk/files/AF-Q9HCP7-F1-model_v6.pdb,404,0,not_found
2026-08-16T04:41:08.606226+00:00,Q92813,afdb_v6_probe,Q9HCP8,https://alphafold.ebi.ac.uk/files/AF-Q9HCP8-F1-model_v6.pdb,404,0,not_found
2026-08-16T04:41:09.634261+00:00,Q92813,afdb_v6_probe,Q9P1W4,https://alphafold.ebi.ac.uk/files/AF-Q9P1W4-F1-model_v6.pdb,404,0,not_found
2026-08-16T04:41:10.584003+00:00,Q92813,afdb_v6_probe,Q9UDZ1,https://alphafold.ebi.ac.uk/files/AF-Q9UDZ1-F1-model_v6.pdb,404,0,not_found
2026-08-16T04:41:11.618732+00:00,Q937Z1,uniprot_direct,Q937Z1,https://rest.uniprot.org/uniprotkb/Q937Z1.json,200,0,success
2026-08-16T04:41:13.014728+00:00,Q937Z1,afdb_v6_probe,Q937Z1,https://alphafold.ebi.ac.uk/files/AF-Q937Z1-F1-model_v6.pdb,404,0,not_found
2026-08-16T04:41:15.253478+00:00,Q93A90,uniprot_direct,Q93A90,https://rest.uniprot.org/uniprotkb/Q93A90.json,200,0,success
2026-08-16T04:41:16.884440+00:00,Q93A90,afdb_v6_probe,Q93A90,https://alphafold.ebi.ac.uk/files/AF-Q93A90-F1-model_v6.pdb,404,0,not_found
2026-08-16T04:41:17.857318+00:00,Q93LE1,uniprot_direct,Q93LE1,https://rest.uniprot.org/uniprotkb/Q93LE1.json,200,0,success
2026-08-16T04:41:18.805775+00:00,Q93LE1,afdb_v6_probe,Q93LE1,https://alphafold.ebi.ac.uk/files/AF-Q93LE1-F1-model_v6.pdb,404,0,not_found
2026-08-16T04:41:19.964383+00:00,Q94497,uniprot_direct,Q94497,https://rest.uniprot.org/uniprotkb/Q94497.json,200,0,success
2026-08-16T04:41:21.037839+00:00,Q94497,afdb_v6_probe,Q94497,https://alphafold.ebi.ac.uk/files/AF-Q94497-F1-model_v6.pdb,404,0,not_found
2026-08-16T04:41:22.056845+00:00,Q94497,afdb_v6_probe,Q54SK1,https://alphafold.ebi.ac.uk/files/AF-Q54SK1-F1-model_v6.pdb,404,0,not_found
2026-08-16T04:41:25.158082+00:00,Q94MV8,uniprot_direct,Q94MV8,https://rest.uniprot.org/uniprotkb/Q94MV8.json,200,0,success
2026-08-16T04:41:26.111298+00:00,Q94MV8,afdb_v6_probe,Q94MV8,https://alphafold.ebi.ac.uk/files/AF-Q94MV8-F1-model_v6.pdb,404,0,not_found
2026-08-16T04:41:27.579990+00:00,Q95N00,uniprot_direct,Q95N00,https://rest.uniprot.org/uniprotkb/Q95N00.json,200,0,success
2026-08-16T04:41:28.609297+00:00,Q95N00,afdb_v6_probe,Q95N00,https://alphafold.ebi.ac.uk/files/AF-Q95N00-F1-model_v6.pdb,404,0,not_found
2026-08-16T04:41:30.780768+00:00,Q98218,uniprot_direct,Q98218,https://rest.uniprot.org/uniprotkb/Q98218.json,200,0,success
2026-08-16T04:41:31.760221+00:00,Q98218,afdb_v6_probe,Q98218,https://alphafold.ebi.ac.uk/files/AF-Q98218-F1-model_v6.pdb,404,0,not_found
2026-08-16T04:41:33.818747+00:00,Q98234,uniprot_direct,Q98234,https://rest.uniprot.org/uniprotkb/Q98234.json,200,0,success
2026-08-16T04:41:35.576150+00:00,Q98234,afdb_v6_probe,Q98234,https://alphafold.ebi.ac.uk/files/AF-Q98234-F1-model_v6.pdb,404,0,not_found
2026-08-16T04:41:36.753114+00:00,Q98267,uniprot_direct,Q98267,https://rest.uniprot.org/uniprotkb/Q98267.json,200,0,success
2026-08-16T04:41:38.097502+00:00,Q98267,afdb_v6_probe,Q98267,https://alphafold.ebi.ac.uk/files/AF-Q98267-F1-model_v6.pdb,404,0,not_found
2026-08-16T04:41:39.051504+00:00,Q98500,uniprot_direct,Q98500,https://rest.uniprot.org/uniprotkb/Q98500.json,200,0,success
2026-08-16T04:41:40.069005+00:00,Q98500,afdb_v6_probe,Q98500,https://alphafold.ebi.ac.uk/files/AF-Q98500-F1-model_v6.pdb,404,0,not_found
2026-08-16T04:41:41.670131+00:00,Q98829,uniprot_direct,Q98829,https://rest.uniprot.org/uniprotkb/Q98829.json,200,0,success
2026-08-16T04:41:42.633888+00:00,Q98829,afdb_v6_probe,Q98829,https://alphafold.ebi.ac.uk/files/AF-Q98829-F1-model_v6.pdb,404,0,not_found
2026-08-16T04:41:43.641577+00:00,Q98829,afdb_v6_probe,P23066,https://alphafold.ebi.ac.uk/files/AF-P23066-F1-model_v6.pdb,404,0,not_found
2026-08-16T04:41:44.621356+00:00,Q98829,afdb_v6_probe,Q6LCJ9,https://alphafold.ebi.ac.uk/files/AF-Q6LCJ9-F1-model_v6.pdb,404,0,not_found
2026-08-16T04:41:45.739383+00:00,Q99611,uniprot_direct,Q99611,https://rest.uniprot.org/uniprotkb/Q99611.json,200,0,success
2026-08-16T04:41:46.714399+00:00,Q99611,afdb_v6_probe,Q99611,https://alphafold.ebi.ac.uk/files/AF-Q99611-F1-model_v6.pdb,404,0,not_found
2026-08-16T04:41:47.727349+00:00,Q99611,afdb_v6_probe,Q9BUQ2,https://alphafold.ebi.ac.uk/files/AF-Q9BUQ2-F1-model_v6.pdb,404,0,not_found
2026-08-16T04:41:48.973537+00:00,Q99CW3,uniprot_direct,Q99CW3,https://rest.uniprot.org/uniprotkb/Q99CW3.json,200,0,success
2026-08-16T04:41:49.984839+00:00,Q99CW3,afdb_v6_probe,Q99CW3,https://alphafold.ebi.ac.uk/files/AF-Q99CW3-F1-model_v6.pdb,404,0,not_found
2026-08-16T04:41:51.081934+00:00,Q99MD6,uniprot_direct,Q99MD6,https://rest.uniprot.org/uniprotkb/Q99MD6.json,200,0,success
2026-08-16T04:41:52.143884+00:00,Q99MD6,afdb_v6_probe,Q99MD6,https://alphafold.ebi.ac.uk/files/AF-Q99MD6-F1-model_v6.pdb,404,0,not_found
2026-08-16T04:41:55.074719+00:00,Q99MD6,afdb_v6_probe,Q9CZE5,https://alphafold.ebi.ac.uk/files/AF-Q9CZE5-F1-model_v6.pdb,404,0,not_found
2026-08-16T04:41:56.012970+00:00,Q9AQ98,uniprot_direct,Q9AQ98,https://rest.uniprot.org/uniprotkb/Q9AQ98.json,200,0,success
2026-08-16T04:41:57.971154+00:00,Q9AQ98,afdb_v6_probe,Q9AQ98,https://alphafold.ebi.ac.uk/files/AF-Q9AQ98-F1-model_v6.pdb,404,0,not_found
2026-08-16T04:41:59.411663+00:00,Q9AT63,uniprot_direct,Q9AT63,https://rest.uniprot.org/uniprotkb/Q9AT63.json,200,0,success
2026-08-16T04:42:00.419871+00:00,Q9AT63,afdb_v6_probe,Q9AT63,https://alphafold.ebi.ac.uk/files/AF-Q9AT63-F1-model_v6.pdb,404,0,not_found
2026-08-16T04:42:01.409305+00:00,Q9BVL4,uniprot_direct,Q9BVL4,https://rest.uniprot.org/uniprotkb/Q9BVL4.json,200,0,success
2026-08-16T04:42:02.438439+00:00,Q9BVL4,afdb_v6_probe,Q9BVL4,https://alphafold.ebi.ac.uk/files/AF-Q9BVL4-F1-model_v6.pdb,404,0,not_found
2026-08-16T04:42:03.427879+00:00,Q9BVL4,afdb_v6_probe,Q2TAL2,https://alphafold.ebi.ac.uk/files/AF-Q2TAL2-F1-model_v6.pdb,404,0,not_found
2026-08-16T04:42:04.434309+00:00,Q9BVL4,afdb_v6_probe,Q5JZ81,https://alphafold.ebi.ac.uk/files/AF-Q5JZ81-F1-model_v6.pdb,404,0,not_found
2026-08-16T04:42:05.401731+00:00,Q9BVL4,afdb_v6_probe,Q8WUI0,https://alphafold.ebi.ac.uk/files/AF-Q8WUI0-F1-model_v6.pdb,404,0,not_found
2026-08-16T04:42:06.616460+00:00,Q9C0D9,uniprot_direct,Q9C0D9,https://rest.uniprot.org/uniprotkb/Q9C0D9.json,200,0,success
2026-08-16T04:42:07.689982+00:00,Q9C0D9,afdb_v6_probe,Q9C0D9,https://alphafold.ebi.ac.uk/files/AF-Q9C0D9-F1-model_v6.pdb,404,0,not_found
2026-08-16T04:42:08.688354+00:00,Q9C0D9,afdb_v6_probe,Q63ZE3,https://alphafold.ebi.ac.uk/files/AF-Q63ZE3-F1-model_v6.pdb,404,0,not_found
2026-08-16T04:42:10.243807+00:00,Q9DBC0,uniprot_direct,Q9DBC0,https://rest.uniprot.org/uniprotkb/Q9DBC0.json,200,0,success
2026-08-16T04:42:11.252908+00:00,Q9DBC0,afdb_v6_probe,Q9DBC0,https://alphafold.ebi.ac.uk/files/AF-Q9DBC0-F1-model_v6.pdb,404,0,not_found
2026-08-16T04:42:12.249952+00:00,Q9DBC0,afdb_v6_probe,E9QPP4,https://alphafold.ebi.ac.uk/files/AF-E9QPP4-F1-model_v6.pdb,404,0,not_found
2026-08-16T04:42:13.218943+00:00,Q9DBC0,afdb_v6_probe,Q80ZK3,https://alphafold.ebi.ac.uk/files/AF-Q80ZK3-F1-model_v6.pdb,404,0,not_found
2026-08-16T04:42:14.247919+00:00,Q9DHU2,uniprot_direct,Q9DHU2,https://rest.uniprot.org/uniprotkb/Q9DHU2.json,200,0,success
2026-08-16T04:42:15.225967+00:00,Q9DHU2,afdb_v6_probe,Q9DHU2,https://alphafold.ebi.ac.uk/files/AF-Q9DHU2-F1-model_v6.pdb,404,0,not_found
2026-08-16T04:42:16.270419+00:00,Q9DR81,uniprot_direct,Q9DR81,https://rest.uniprot.org/uniprotkb/Q9DR81.json,200,0,success
2026-08-16T04:42:18.233031+00:00,Q9DR81,afdb_v6_probe,Q9DR81,https://alphafold.ebi.ac.uk/files/AF-Q9DR81-F1-model_v6.pdb,404,0,not_found
2026-08-16T04:42:19.227473+00:00,Q9DR81,afdb_v6_probe,Q98VL2,https://alphafold.ebi.ac.uk/files/AF-Q98VL2-F1-model_v6.pdb,404,0,not_found
2026-08-16T04:42:20.185282+00:00,Q9E6L8,uniprot_direct,Q9E6L8,https://rest.uniprot.org/uniprotkb/Q9E6L8.json,200,0,success
2026-08-16T04:42:21.182517+00:00,Q9E6L8,afdb_v6_probe,Q9E6L8,https://alphafold.ebi.ac.uk/files/AF-Q9E6L8-F1-model_v6.pdb,404,0,not_found
2026-08-16T04:42:24.080133+00:00,Q9E6M6,uniprot_direct,Q9E6M6,https://rest.uniprot.org/uniprotkb/Q9E6M6.json,200,0,success
2026-08-16T04:42:25.095499+00:00,Q9E6M6,afdb_v6_probe,Q9E6M6,https://alphafold.ebi.ac.uk/files/AF-Q9E6M6-F1-model_v6.pdb,404,0,not_found
2026-08-16T04:42:26.180570+00:00,Q9E6P5,uniprot_direct,Q9E6P5,https://rest.uniprot.org/uniprotkb/Q9E6P5.json,200,0,success
2026-08-16T04:42:27.187057+00:00,Q9E6P5,afdb_v6_probe,Q9E6P5,https://alphafold.ebi.ac.uk/files/AF-Q9E6P5-F1-model_v6.pdb,404,0,not_found
2026-08-16T04:42:28.445875+00:00,Q9E6Q4,uniprot_direct,Q9E6Q4,https://rest.uniprot.org/uniprotkb/Q9E6Q4.json,200,0,success
2026-08-16T04:42:29.431839+00:00,Q9E6Q4,afdb_v6_probe,Q9E6Q4,https://alphafold.ebi.ac.uk/files/AF-Q9E6Q4-F1-model_v6.pdb,404,0,not_found
2026-08-16T04:42:30.707064+00:00,Q9EMI7,uniprot_direct,Q9EMI7,https://rest.uniprot.org/uniprotkb/Q9EMI7.json,200,0,success
2026-08-16T04:42:31.689283+00:00,Q9EMI7,afdb_v6_probe,Q9EMI7,https://alphafold.ebi.ac.uk/files/AF-Q9EMI7-F1-model_v6.pdb,404,0,not_found
2026-08-16T04:42:33.116394+00:00,Q9EVE0,uniprot_direct,Q9EVE0,https://rest.uniprot.org/uniprotkb/Q9EVE0.json,200,0,success
2026-08-16T04:42:34.104860+00:00,Q9EVE0,afdb_v6_probe,Q9EVE0,https://alphafold.ebi.ac.uk/files/AF-Q9EVE0-F1-model_v6.pdb,404,0,not_found
2026-08-16T04:42:36.115637+00:00,Q9EVG2,uniprot_direct,Q9EVG2,https://rest.uniprot.org/uniprotkb/Q9EVG2.json,200,0,success
2026-08-16T04:42:37.099996+00:00,Q9EVG2,afdb_v6_probe,Q9EVG2,https://alphafold.ebi.ac.uk/files/AF-Q9EVG2-F1-model_v6.pdb,404,0,not_found
2026-08-16T04:42:39.199396+00:00,Q9EVG3,uniprot_direct,Q9EVG3,https://rest.uniprot.org/uniprotkb/Q9EVG3.json,200,0,success
2026-08-16T04:42:40.217010+00:00,Q9EVG3,afdb_v6_probe,Q9EVG3,https://alphafold.ebi.ac.uk/files/AF-Q9EVG3-F1-model_v6.pdb,404,0,not_found
2026-08-16T04:42:42.272636+00:00,Q9EVG9,uniprot_direct,Q9EVG9,https://rest.uniprot.org/uniprotkb/Q9EVG9.json,200,0,success
2026-08-16T04:42:43.247923+00:00,Q9EVG9,afdb_v6_probe,Q9EVG9,https://alphafold.ebi.ac.uk/files/AF-Q9EVG9-F1-model_v6.pdb,404,0,not_found
2026-08-16T04:42:44.213822+00:00,Q9EVG9,afdb_v6_probe,Q99Q96,https://alphafold.ebi.ac.uk/files/AF-Q99Q96-F1-model_v6.pdb,404,0,not_found
2026-08-16T04:42:45.183170+00:00,Q9EVG9,afdb_v6_probe,Q99QE7,https://alphafold.ebi.ac.uk/files/AF-Q99QE7-F1-model_v6.pdb,404,0,not_found
2026-08-16T04:42:46.172299+00:00,Q9EVG9,afdb_v6_probe,Q9AJ51,https://alphafold.ebi.ac.uk/files/AF-Q9AJ51-F1-model_v6.pdb,404,0,not_found
2026-08-16T04:42:47.167261+00:00,Q9EVG9,afdb_v6_probe,Q9AJ53,https://alphafold.ebi.ac.uk/files/AF-Q9AJ53-F1-model_v6.pdb,404,0,not_found
2026-08-16T04:42:48.352500+00:00,Q9EVG9,afdb_v6_probe,Q9AJ54,https://alphafold.ebi.ac.uk/files/AF-Q9AJ54-F1-model_v6.pdb,404,0,not_found
2026-08-16T04:42:50.190379+00:00,Q9EVH4,uniprot_direct,Q9EVH4,https://rest.uniprot.org/uniprotkb/Q9EVH4.json,200,0,success
2026-08-16T04:42:51.187444+00:00,Q9EVH4,afdb_v6_probe,Q9EVH4,https://alphafold.ebi.ac.uk/files/AF-Q9EVH4-F1-model_v6.pdb,404,0,not_found
2026-08-16T04:42:53.976325+00:00,Q9EVH6,uniprot_direct,Q9EVH6,https://rest.uniprot.org/uniprotkb/Q9EVH6.json,200,0,success
2026-08-16T04:42:56.354660+00:00,Q9EVH6,afdb_v6_probe,Q9EVH6,https://alphafold.ebi.ac.uk/files/AF-Q9EVH6-F1-model_v6.pdb,404,0,not_found
2026-08-16T04:42:57.372728+00:00,Q9EVH7,uniprot_direct,Q9EVH7,https://rest.uniprot.org/uniprotkb/Q9EVH7.json,200,0,success
2026-08-16T04:42:58.317037+00:00,Q9EVH7,afdb_v6_probe,Q9EVH7,https://alphafold.ebi.ac.uk/files/AF-Q9EVH7-F1-model_v6.pdb,404,0,not_found
2026-08-16T04:43:00.474375+00:00,Q9EVI3,uniprot_direct,Q9EVI3,https://rest.uniprot.org/uniprotkb/Q9EVI3.json,200,0,success
2026-08-16T04:43:01.476116+00:00,Q9EVI3,afdb_v6_probe,Q9EVI3,https://alphafold.ebi.ac.uk/files/AF-Q9EVI3-F1-model_v6.pdb,404,0,not_found
2026-08-16T04:43:02.717649+00:00,Q9EVI4,uniprot_direct,Q9EVI4,https://rest.uniprot.org/uniprotkb/Q9EVI4.json,200,0,success
2026-08-16T04:43:03.780566+00:00,Q9EVI4,afdb_v6_probe,Q9EVI4,https://alphafold.ebi.ac.uk/files/AF-Q9EVI4-F1-model_v6.pdb,404,0,not_found
2026-08-16T04:43:05.194507+00:00,Q9EVI6,uniprot_direct,Q9EVI6,https://rest.uniprot.org/uniprotkb/Q9EVI6.json,200,0,success
2026-08-16T04:43:06.187416+00:00,Q9EVI6,afdb_v6_probe,Q9EVI6,https://alphafold.ebi.ac.uk/files/AF-Q9EVI6-F1-model_v6.pdb,404,0,not_found
2026-08-16T04:43:07.532820+00:00,Q9EVI8,uniprot_direct,Q9EVI8,https://rest.uniprot.org/uniprotkb/Q9EVI8.json,200,0,success
2026-08-16T04:43:09.087531+00:00,Q9EVI8,afdb_v6_probe,Q9EVI8,https://alphafold.ebi.ac.uk/files/AF-Q9EVI8-F1-model_v6.pdb,404,0,not_found
2026-08-16T04:43:10.673164+00:00,Q9IAX2,uniprot_direct,Q9IAX2,https://rest.uniprot.org/uniprotkb/Q9IAX2.json,200,0,success
2026-08-16T04:43:11.633131+00:00,Q9IAX2,afdb_v6_probe,Q9IAX2,https://alphafold.ebi.ac.uk/files/AF-Q9IAX2-F1-model_v6.pdb,404,0,not_found
2026-08-16T04:43:12.938125+00:00,Q9ICP7,uniprot_direct,Q9ICP7,https://rest.uniprot.org/uniprotkb/Q9ICP7.json,200,0,success
2026-08-16T04:43:16.756767+00:00,Q9ICP7,afdb_v6_probe,Q9ICP7,https://alphafold.ebi.ac.uk/files/AF-Q9ICP7-F1-model_v6.pdb,404,0,not_found
2026-08-16T04:43:17.861364+00:00,Q9IG45,uniprot_direct,Q9IG45,https://rest.uniprot.org/uniprotkb/Q9IG45.json,200,0,success
2026-08-16T04:43:19.528179+00:00,Q9IG45,afdb_v6_probe,Q9IG45,https://alphafold.ebi.ac.uk/files/AF-Q9IG45-F1-model_v6.pdb,404,0,not_found
2026-08-16T04:43:20.734136+00:00,Q9IKD2,uniprot_direct,Q9IKD2,https://rest.uniprot.org/uniprotkb/Q9IKD2.json,200,0,success
2026-08-16T04:43:21.716438+00:00,Q9IKD2,afdb_v6_probe,Q9IKD2,https://alphafold.ebi.ac.uk/files/AF-Q9IKD2-F1-model_v6.pdb,404,0,not_found
2026-08-16T04:43:22.770135+00:00,Q9INI4,uniprot_direct,Q9INI4,https://rest.uniprot.org/uniprotkb/Q9INI4.json,200,0,success
2026-08-16T04:43:23.820532+00:00,Q9INI4,afdb_v6_probe,Q9INI4,https://alphafold.ebi.ac.uk/files/AF-Q9INI4-F1-model_v6.pdb,404,0,not_found
2026-08-16T04:43:25.056729+00:00,Q9IR51,uniprot_direct,Q9IR51,https://rest.uniprot.org/uniprotkb/Q9IR51.json,200,0,success
2026-08-16T04:43:26.108251+00:00,Q9IR51,afdb_v6_probe,Q9IR51,https://alphafold.ebi.ac.uk/files/AF-Q9IR51-F1-model_v6.pdb,404,0,not_found
2026-08-16T04:43:27.214833+00:00,Q9IV54,uniprot_direct,Q9IV54,https://rest.uniprot.org/uniprotkb/Q9IV54.json,200,0,success
2026-08-16T04:43:29.126926+00:00,Q9IV54,afdb_v6_probe,Q9IV54,https://alphafold.ebi.ac.uk/files/AF-Q9IV54-F1-model_v6.pdb,404,0,not_found
2026-08-16T04:43:30.231623+00:00,Q9IZK2,uniprot_direct,Q9IZK2,https://rest.uniprot.org/uniprotkb/Q9IZK2.json,200,0,success
2026-08-16T04:43:31.219372+00:00,Q9IZK2,afdb_v6_probe,Q9IZK2,https://alphafold.ebi.ac.uk/files/AF-Q9IZK2-F1-model_v6.pdb,404,0,not_found
2026-08-16T04:43:32.488719+00:00,Q9IZT2,uniprot_direct,Q9IZT2,https://rest.uniprot.org/uniprotkb/Q9IZT2.json,200,0,success
2026-08-16T04:43:33.447226+00:00,Q9IZT2,afdb_v6_probe,Q9IZT2,https://alphafold.ebi.ac.uk/files/AF-Q9IZT2-F1-model_v6.pdb,404,0,not_found
2026-08-16T04:43:34.539388+00:00,Q9IZU7,uniprot_direct,Q9IZU7,https://rest.uniprot.org/uniprotkb/Q9IZU7.json,200,0,success
2026-08-16T04:43:35.530926+00:00,Q9IZU7,afdb_v6_probe,Q9IZU7,https://alphafold.ebi.ac.uk/files/AF-Q9IZU7-F1-model_v6.pdb,404,0,not_found
2026-08-16T04:43:36.755129+00:00,Q9J509,uniprot_direct,Q9J509,https://rest.uniprot.org/uniprotkb/Q9J509.json,200,0,success
2026-08-16T04:43:37.856952+00:00,Q9J509,afdb_v6_probe,Q9J509,https://alphafold.ebi.ac.uk/files/AF-Q9J509-F1-model_v6.pdb,404,0,not_found
2026-08-16T04:43:38.956543+00:00,Q9J523,uniprot_direct,Q9J523,https://rest.uniprot.org/uniprotkb/Q9J523.json,200,0,success
2026-08-16T04:43:39.924981+00:00,Q9J523,afdb_v6_probe,Q9J523,https://alphafold.ebi.ac.uk/files/AF-Q9J523-F1-model_v6.pdb,404,0,not_found
2026-08-16T04:43:42.063558+00:00,Q9J579,uniprot_direct,Q9J579,https://rest.uniprot.org/uniprotkb/Q9J579.json,200,0,success
2026-08-16T04:44:04.077197+00:00,Q9J579,afdb_v6_probe,Q9J579,https://alphafold.ebi.ac.uk/files/AF-Q9J579-F1-model_v6.pdb,404,1,not_found
2026-08-16T04:44:05.273437+00:00,Q9J584,uniprot_direct,Q9J584,https://rest.uniprot.org/uniprotkb/Q9J584.json,200,0,success
2026-08-16T04:44:06.232526+00:00,Q9J584,afdb_v6_probe,Q9J584,https://alphafold.ebi.ac.uk/files/AF-Q9J584-F1-model_v6.pdb,404,0,not_found
2026-08-16T04:44:07.785112+00:00,Q9J592,uniprot_direct,Q9J592,https://rest.uniprot.org/uniprotkb/Q9J592.json,200,0,success
2026-08-16T04:44:08.758440+00:00,Q9J592,afdb_v6_probe,Q9J592,https://alphafold.ebi.ac.uk/files/AF-Q9J592-F1-model_v6.pdb,404,0,not_found
2026-08-16T04:44:09.817058+00:00,Q9J5B1,uniprot_direct,Q9J5B1,https://rest.uniprot.org/uniprotkb/Q9J5B1.json,200,0,success
2026-08-16T04:44:14.174859+00:00,Q9J5B1,afdb_v6_probe,Q9J5B1,https://alphafold.ebi.ac.uk/files/AF-Q9J5B1-F1-model_v6.pdb,404,0,not_found
2026-08-16T04:44:15.137022+00:00,Q9J5C7,uniprot_direct,Q9J5C7,https://rest.uniprot.org/uniprotkb/Q9J5C7.json,200,0,success
2026-08-16T04:44:16.403133+00:00,Q9J5C7,afdb_v6_probe,Q9J5C7,https://alphafold.ebi.ac.uk/files/AF-Q9J5C7-F1-model_v6.pdb,404,0,not_found
2026-08-16T04:44:17.411732+00:00,Q9J5C7,afdb_v6_probe,O72895,https://alphafold.ebi.ac.uk/files/AF-O72895-F1-model_v6.pdb,404,0,not_found
2026-08-16T04:44:18.431442+00:00,Q9J5G5,uniprot_direct,Q9J5G5,https://rest.uniprot.org/uniprotkb/Q9J5G5.json,200,0,success
2026-08-16T04:44:19.452095+00:00,Q9J5G5,afdb_v6_probe,Q9J5G5,https://alphafold.ebi.ac.uk/files/AF-Q9J5G5-F1-model_v6.pdb,404,0,not_found
2026-08-16T04:44:22.071195+00:00,Q9J5H2,uniprot_direct,Q9J5H2,https://rest.uniprot.org/uniprotkb/Q9J5H2.json,200,0,success
2026-08-16T04:44:23.063738+00:00,Q9J5H2,afdb_v6_probe,Q9J5H2,https://alphafold.ebi.ac.uk/files/AF-Q9J5H2-F1-model_v6.pdb,404,0,not_found
2026-08-16T04:44:24.434056+00:00,Q9JFA8,uniprot_direct,Q9JFA8,https://rest.uniprot.org/uniprotkb/Q9JFA8.json,200,0,success
2026-08-16T04:44:25.831434+00:00,Q9JFA8,afdb_v6_probe,Q9JFA8,https://alphafold.ebi.ac.uk/files/AF-Q9JFA8-F1-model_v6.pdb,404,0,not_found
2026-08-16T04:44:26.881686+00:00,Q9JFB7,uniprot_direct,Q9JFB7,https://rest.uniprot.org/uniprotkb/Q9JFB7.json,200,0,success
2026-08-16T04:44:27.851769+00:00,Q9JFB7,afdb_v6_probe,Q9JFB7,https://alphafold.ebi.ac.uk/files/AF-Q9JFB7-F1-model_v6.pdb,404,0,not_found
2026-08-16T04:44:30.599720+00:00,Q9JFC3,uniprot_direct,Q9JFC3,https://rest.uniprot.org/uniprotkb/Q9JFC3.json,200,0,success
2026-08-16T04:44:31.589805+00:00,Q9JFC3,afdb_v6_probe,Q9JFC3,https://alphafold.ebi.ac.uk/files/AF-Q9JFC3-F1-model_v6.pdb,404,0,not_found
2026-08-16T04:44:32.882012+00:00,Q9JFE5,uniprot_direct,Q9JFE5,https://rest.uniprot.org/uniprotkb/Q9JFE5.json,200,0,success
2026-08-16T04:44:33.881379+00:00,Q9JFE5,afdb_v6_probe,Q9JFE5,https://alphafold.ebi.ac.uk/files/AF-Q9JFE5-F1-model_v6.pdb,404,0,not_found
2026-08-16T04:44:34.928272+00:00,Q9JFM9,uniprot_direct,Q9JFM9,https://rest.uniprot.org/uniprotkb/Q9JFM9.json,200,0,success
2026-08-16T04:44:35.880498+00:00,Q9JFM9,afdb_v6_probe,Q9JFM9,https://alphafold.ebi.ac.uk/files/AF-Q9JFM9-F1-model_v6.pdb,404,0,not_found
2026-08-16T04:44:37.029544+00:00,Q9JH49,uniprot_direct,Q9JH49,https://rest.uniprot.org/uniprotkb/Q9JH49.json,200,0,success
2026-08-16T04:44:38.077776+00:00,Q9JH49,afdb_v6_probe,Q9JH49,https://alphafold.ebi.ac.uk/files/AF-Q9JH49-F1-model_v6.pdb,404,0,not_found
2026-08-16T04:44:39.224782+00:00,Q9JHC0,uniprot_direct,Q9JHC0,https://rest.uniprot.org/uniprotkb/Q9JHC0.json,200,0,success
2026-08-16T04:44:41.150142+00:00,Q9JHC0,afdb_v6_probe,Q9JHC0,https://alphafold.ebi.ac.uk/files/AF-Q9JHC0-F1-model_v6.pdb,404,0,not_found
2026-08-16T04:44:42.147154+00:00,Q9JHC0,afdb_v6_probe,Q3V2B2,https://alphafold.ebi.ac.uk/files/AF-Q3V2B2-F1-model_v6.pdb,404,0,not_found
2026-08-16T04:44:43.583576+00:00,Q9JLC3,uniprot_direct,Q9JLC3,https://rest.uniprot.org/uniprotkb/Q9JLC3.json,200,0,success
2026-08-16T04:44:44.593351+00:00,Q9JLC3,afdb_v6_probe,Q9JLC3,https://alphafold.ebi.ac.uk/files/AF-Q9JLC3-F1-model_v6.pdb,404,0,not_found
2026-08-16T04:44:46.042927+00:00,Q9JLC3,afdb_v6_probe,Q545U8,https://alphafold.ebi.ac.uk/files/AF-Q545U8-F1-model_v6.pdb,404,0,not_found
2026-08-16T04:44:47.842060+00:00,Q9JLT4,uniprot_direct,Q9JLT4,https://rest.uniprot.org/uniprotkb/Q9JLT4.json,200,0,success
2026-08-16T04:44:48.863721+00:00,Q9JLT4,afdb_v6_probe,Q9JLT4,https://alphafold.ebi.ac.uk/files/AF-Q9JLT4-F1-model_v6.pdb,404,0,not_found
2026-08-16T04:44:52.578500+00:00,Q9JLT4,afdb_v6_probe,Q6KG49,https://alphafold.ebi.ac.uk/files/AF-Q6KG49-F1-model_v6.pdb,404,0,not_found
2026-08-16T04:44:53.546093+00:00,Q9JLT4,afdb_v6_probe,Q80VZ4,https://alphafold.ebi.ac.uk/files/AF-Q80VZ4-F1-model_v6.pdb,404,0,not_found
2026-08-16T04:44:55.152974+00:00,Q9JLT4,afdb_v6_probe,Q91YX4,https://alphafold.ebi.ac.uk/files/AF-Q91YX4-F1-model_v6.pdb,404,0,not_found
2026-08-16T04:44:56.135236+00:00,Q9JLT4,afdb_v6_probe,Q9JHA7,https://alphafold.ebi.ac.uk/files/AF-Q9JHA7-F1-model_v6.pdb,404,0,not_found
2026-08-16T04:44:57.185578+00:00,Q9JLT4,afdb_v6_probe,Q9JMH5,https://alphafold.ebi.ac.uk/files/AF-Q9JMH5-F1-model_v6.pdb,404,0,not_found
2026-08-16T04:44:58.466561+00:00,Q9JMH6,uniprot_direct,Q9JMH6,https://rest.uniprot.org/uniprotkb/Q9JMH6.json,200,0,success
2026-08-16T04:44:59.439147+00:00,Q9JMH6,afdb_v6_probe,Q9JMH6,https://alphafold.ebi.ac.uk/files/AF-Q9JMH6-F1-model_v6.pdb,404,0,not_found
2026-08-16T04:45:00.422700+00:00,Q9JMH6,afdb_v6_probe,Q3UEB7,https://alphafold.ebi.ac.uk/files/AF-Q3UEB7-F1-model_v6.pdb,404,0,not_found
2026-08-16T04:45:01.383507+00:00,Q9JMH6,afdb_v6_probe,Q3UK84,https://alphafold.ebi.ac.uk/files/AF-Q3UK84-F1-model_v6.pdb,404,0,not_found
2026-08-16T04:45:02.403452+00:00,Q9JMH6,afdb_v6_probe,Q8CI31,https://alphafold.ebi.ac.uk/files/AF-Q8CI31-F1-model_v6.pdb,404,0,not_found
2026-08-16T04:45:03.766769+00:00,Q9JMH6,afdb_v6_probe,Q99P49,https://alphafold.ebi.ac.uk/files/AF-Q99P49-F1-model_v6.pdb,404,0,not_found
2026-08-16T04:45:05.428736+00:00,Q9JMH6,afdb_v6_probe,Q9CSV5,https://alphafold.ebi.ac.uk/files/AF-Q9CSV5-F1-model_v6.pdb,404,0,not_found
2026-08-16T04:45:08.437187+00:00,Q9KH33,uniprot_direct,Q9KH33,https://rest.uniprot.org/uniprotkb/Q9KH33.json,200,0,success
2026-08-16T04:45:09.455732+00:00,Q9KH33,afdb_v6_probe,Q9KH33,https://alphafold.ebi.ac.uk/files/AF-Q9KH33-F1-model_v6.pdb,404,0,not_found
2026-08-16T04:45:10.690829+00:00,Q9L3Q5,uniprot_direct,Q9L3Q5,https://rest.uniprot.org/uniprotkb/Q9L3Q5.json,200,0,success
2026-08-16T04:45:11.644502+00:00,Q9L3Q5,afdb_v6_probe,Q9L3Q5,https://alphafold.ebi.ac.uk/files/AF-Q9L3Q5-F1-model_v6.pdb,404,0,not_found
2026-08-16T04:45:12.636493+00:00,Q9L473,uniprot_direct,Q9L473,https://rest.uniprot.org/uniprotkb/Q9L473.json,200,0,success
2026-08-16T04:45:13.612224+00:00,Q9L473,afdb_v6_probe,Q9L473,https://alphafold.ebi.ac.uk/files/AF-Q9L473-F1-model_v6.pdb,404,0,not_found
2026-08-16T04:45:15.846666+00:00,Q9L4E1,uniprot_direct,Q9L4E1,https://rest.uniprot.org/uniprotkb/Q9L4E1.json,200,0,success
2026-08-16T04:45:16.819022+00:00,Q9L4E1,afdb_v6_probe,Q9L4E1,https://alphafold.ebi.ac.uk/files/AF-Q9L4E1-F1-model_v6.pdb,404,0,not_found
2026-08-16T04:45:20.593927+00:00,Q9MRR9,uniprot_direct,Q9MRR9,https://rest.uniprot.org/uniprotkb/Q9MRR9.json,200,0,success
2026-08-16T04:45:21.598318+00:00,Q9MRR9,afdb_v6_probe,Q9MRR9,https://alphafold.ebi.ac.uk/files/AF-Q9MRR9-F1-model_v6.pdb,404,0,not_found
2026-08-16T04:45:24.386472+00:00,Q9MRV8,uniprot_direct,Q9MRV8,https://rest.uniprot.org/uniprotkb/Q9MRV8.json,200,0,success
2026-08-16T04:45:25.358743+00:00,Q9MRV8,afdb_v6_probe,Q9MRV8,https://alphafold.ebi.ac.uk/files/AF-Q9MRV8-F1-model_v6.pdb,404,0,not_found
2026-08-16T04:45:47.976051+00:00,Q9MTE7,uniprot_direct,Q9MTE7,https://rest.uniprot.org/uniprotkb/Q9MTE7.json,200,1,success
2026-08-16T04:45:48.976100+00:00,Q9MTE7,afdb_v6_probe,Q9MTE7,https://alphafold.ebi.ac.uk/files/AF-Q9MTE7-F1-model_v6.pdb,404,0,not_found
2026-08-16T04:45:49.963537+00:00,Q9MTX9,uniprot_direct,Q9MTX9,https://rest.uniprot.org/uniprotkb/Q9MTX9.json,200,0,success
2026-08-16T04:45:50.948909+00:00,Q9MTX9,afdb_v6_probe,Q9MTX9,https://alphafold.ebi.ac.uk/files/AF-Q9MTX9-F1-model_v6.pdb,404,0,not_found
2026-08-16T04:45:51.987951+00:00,Q9MU26,uniprot_direct,Q9MU26,https://rest.uniprot.org/uniprotkb/Q9MU26.json,200,0,success
2026-08-16T04:45:52.958495+00:00,Q9MU26,afdb_v6_probe,Q9MU26,https://alphafold.ebi.ac.uk/files/AF-Q9MU26-F1-model_v6.pdb,404,0,not_found
2026-08-16T04:45:54.850147+00:00,Q9MU30,uniprot_direct,Q9MU30,https://rest.uniprot.org/uniprotkb/Q9MU30.json,200,0,success
2026-08-16T04:45:55.826921+00:00,Q9MU30,afdb_v6_probe,Q9MU30,https://alphafold.ebi.ac.uk/files/AF-Q9MU30-F1-model_v6.pdb,404,0,not_found
2026-08-16T04:45:56.996727+00:00,Q9MU81,uniprot_direct,Q9MU81,https://rest.uniprot.org/uniprotkb/Q9MU81.json,200,0,success
2026-08-16T04:45:58.317228+00:00,Q9MU81,afdb_v6_probe,Q9MU81,https://alphafold.ebi.ac.uk/files/AF-Q9MU81-F1-model_v6.pdb,404,0,not_found
2026-08-16T04:46:01.008117+00:00,Q9MYY8,uniprot_direct,Q9MYY8,https://rest.uniprot.org/uniprotkb/Q9MYY8.json,200,0,success
2026-08-16T04:46:03.138744+00:00,Q9MYY8,afdb_v6_probe,Q9MYY8,https://alphafold.ebi.ac.uk/files/AF-Q9MYY8-F1-model_v6.pdb,404,0,not_found
2026-08-16T04:46:04.194293+00:00,Q9N272,uniprot_direct,Q9N272,https://rest.uniprot.org/uniprotkb/Q9N272.json,200,0,success
2026-08-16T04:46:05.163994+00:00,Q9N272,afdb_v6_probe,Q9N272,https://alphafold.ebi.ac.uk/files/AF-Q9N272-F1-model_v6.pdb,404,0,not_found
2026-08-16T04:46:06.173329+00:00,Q9N290,uniprot_direct,Q9N290,https://rest.uniprot.org/uniprotkb/Q9N290.json,200,0,success
2026-08-16T04:46:07.998697+00:00,Q9N290,afdb_v6_probe,Q9N290,https://alphafold.ebi.ac.uk/files/AF-Q9N290-F1-model_v6.pdb,404,0,not_found
2026-08-16T04:46:08.966835+00:00,Q9N2I8,uniprot_direct,Q9N2I8,https://rest.uniprot.org/uniprotkb/Q9N2I8.json,200,0,success
2026-08-16T04:46:09.966773+00:00,Q9N2I8,afdb_v6_probe,Q9N2I8,https://alphafold.ebi.ac.uk/files/AF-Q9N2I8-F1-model_v6.pdb,404,0,not_found
2026-08-16T04:46:11.074863+00:00,Q9N2J2,uniprot_direct,Q9N2J2,https://rest.uniprot.org/uniprotkb/Q9N2J2.json,200,0,success
2026-08-16T04:46:12.035324+00:00,Q9N2J2,afdb_v6_probe,Q9N2J2,https://alphafold.ebi.ac.uk/files/AF-Q9N2J2-F1-model_v6.pdb,404,0,not_found
2026-08-16T04:46:13.384159+00:00,Q9NNW7,uniprot_direct,Q9NNW7,https://rest.uniprot.org/uniprotkb/Q9NNW7.json,200,0,success
2026-08-16T04:46:15.400796+00:00,Q9NNW7,afdb_v6_probe,Q9NNW7,https://alphafold.ebi.ac.uk/files/AF-Q9NNW7-F1-model_v6.pdb,404,0,not_found
2026-08-16T04:46:16.399242+00:00,Q9NNW7,afdb_v6_probe,O95840,https://alphafold.ebi.ac.uk/files/AF-O95840-F1-model_v6.pdb,404,0,not_found
2026-08-16T04:46:18.405326+00:00,Q9NNW7,afdb_v6_probe,Q96IJ2,https://alphafold.ebi.ac.uk/files/AF-Q96IJ2-F1-model_v6.pdb,404,0,not_found
2026-08-16T04:46:19.442395+00:00,Q9NNW7,afdb_v6_probe,Q9H2Z5,https://alphafold.ebi.ac.uk/files/AF-Q9H2Z5-F1-model_v6.pdb,404,0,not_found
2026-08-16T04:46:20.463719+00:00,Q9NNW7,afdb_v6_probe,Q9NZV3,https://alphafold.ebi.ac.uk/files/AF-Q9NZV3-F1-model_v6.pdb,404,0,not_found
2026-08-16T04:46:22.136448+00:00,Q9NNW7,afdb_v6_probe,Q9NZV4,https://alphafold.ebi.ac.uk/files/AF-Q9NZV4-F1-model_v6.pdb,404,0,not_found
2026-08-16T04:46:23.121065+00:00,Q9NNW7,afdb_v6_probe,Q9P2Y0,https://alphafold.ebi.ac.uk/files/AF-Q9P2Y0-F1-model_v6.pdb,404,0,not_found
2026-08-16T04:46:24.129775+00:00,Q9NNW7,afdb_v6_probe,Q9P2Y1,https://alphafold.ebi.ac.uk/files/AF-Q9P2Y1-F1-model_v6.pdb,404,0,not_found
2026-08-16T04:46:25.117976+00:00,Q9NNW7,afdb_v6_probe,Q9UQU8,https://alphafold.ebi.ac.uk/files/AF-Q9UQU8-F1-model_v6.pdb,404,0,not_found
2026-08-16T04:46:26.182387+00:00,Q9NZV6,uniprot_direct,Q9NZV6,https://rest.uniprot.org/uniprotkb/Q9NZV6.json,200,0,success
2026-08-16T04:46:27.192652+00:00,Q9NZV6,afdb_v6_probe,Q9NZV6,https://alphafold.ebi.ac.uk/files/AF-Q9NZV6-F1-model_v6.pdb,404,0,not_found
2026-08-16T04:46:28.162877+00:00,Q9NZV6,afdb_v6_probe,Q96RX6,https://alphafold.ebi.ac.uk/files/AF-Q96RX6-F1-model_v6.pdb,404,0,not_found
2026-08-16T04:46:29.139312+00:00,Q9NZV6,afdb_v6_probe,Q9BTV2,https://alphafold.ebi.ac.uk/files/AF-Q9BTV2-F1-model_v6.pdb,404,0,not_found
2026-08-16T04:46:31.276118+00:00,Q9NZV6,afdb_v6_probe,Q9P0B1,https://alphafold.ebi.ac.uk/files/AF-Q9P0B1-F1-model_v6.pdb,404,0,not_found
2026-08-16T04:46:32.659149+00:00,Q9P995,uniprot_direct,Q9P995,https://rest.uniprot.org/uniprotkb/Q9P995.json,200,0,success
2026-08-16T04:46:33.648175+00:00,Q9P995,afdb_v6_probe,Q9P995,https://alphafold.ebi.ac.uk/files/AF-Q9P995-F1-model_v6.pdb,404,0,not_found
2026-08-16T04:46:35.806012+00:00,Q9P9L4,uniprot_direct,Q9P9L4,https://rest.uniprot.org/uniprotkb/Q9P9L4.json,200,0,success
2026-08-16T04:46:38.660377+00:00,Q9P9L4,afdb_v6_probe,Q9P9L4,https://alphafold.ebi.ac.uk/files/AF-Q9P9L4-F1-model_v6.pdb,404,0,not_found
2026-08-16T04:46:40.171309+00:00,Q9P9M9,uniprot_direct,Q9P9M9,https://rest.uniprot.org/uniprotkb/Q9P9M9.json,200,0,success
2026-08-16T04:46:42.443786+00:00,Q9P9M9,afdb_v6_probe,Q9P9M9,https://alphafold.ebi.ac.uk/files/AF-Q9P9M9-F1-model_v6.pdb,404,0,not_found
2026-08-16T04:46:43.899905+00:00,Q9P9N0,uniprot_direct,Q9P9N0,https://rest.uniprot.org/uniprotkb/Q9P9N0.json,200,0,success
2026-08-16T04:46:44.903683+00:00,Q9P9N0,afdb_v6_probe,Q9P9N0,https://alphafold.ebi.ac.uk/files/AF-Q9P9N0-F1-model_v6.pdb,404,0,not_found
2026-08-16T04:46:46.057421+00:00,Q9PK73,uniprot_direct,Q9PK73,https://rest.uniprot.org/uniprotkb/Q9PK73.json,200,0,success
2026-08-16T04:46:47.045872+00:00,Q9PK73,afdb_v6_probe,Q9PK73,https://alphafold.ebi.ac.uk/files/AF-Q9PK73-F1-model_v6.pdb,404,0,not_found
2026-08-16T04:46:48.166724+00:00,Q9PMF9,uniprot_direct,Q9PMF9,https://rest.uniprot.org/uniprotkb/Q9PMF9.json,200,0,success
2026-08-16T04:46:49.442398+00:00,Q9PMF9,afdb_v6_probe,Q9PMF9,https://alphafold.ebi.ac.uk/files/AF-Q9PMF9-F1-model_v6.pdb,404,0,not_found
2026-08-16T04:46:50.496362+00:00,Q9PMF9,afdb_v6_probe,Q0P8B4,https://alphafold.ebi.ac.uk/files/AF-Q0P8B4-F1-model_v6.pdb,404,0,not_found
2026-08-16T04:46:52.609301+00:00,Q9PRZ0,uniprot_direct,Q9PRZ0,https://rest.uniprot.org/uniprotkb/Q9PRZ0.json,200,0,success
2026-08-16T04:46:53.629481+00:00,Q9PRZ0,afdb_v6_probe,Q9PRZ0,https://alphafold.ebi.ac.uk/files/AF-Q9PRZ0-F1-model_v6.pdb,404,0,not_found
2026-08-16T04:47:15.741874+00:00,Q9PZT0,uniprot_direct,Q9PZT0,https://rest.uniprot.org/uniprotkb/Q9PZT0.json,200,1,success
2026-08-16T04:47:16.702393+00:00,Q9PZT0,afdb_v6_probe,Q9PZT0,https://alphafold.ebi.ac.uk/files/AF-Q9PZT0-F1-model_v6.pdb,404,0,not_found
2026-08-16T04:47:18.045790+00:00,Q9PZT0,afdb_v6_probe,Q90201,https://alphafold.ebi.ac.uk/files/AF-Q90201-F1-model_v6.pdb,404,0,not_found
2026-08-16T04:47:19.019835+00:00,Q9PZT0,afdb_v6_probe,Q9PZS9,https://alphafold.ebi.ac.uk/files/AF-Q9PZS9-F1-model_v6.pdb,404,0,not_found
2026-08-16T04:47:19.999900+00:00,Q9PZT1,uniprot_direct,Q9PZT1,https://rest.uniprot.org/uniprotkb/Q9PZT1.json,200,0,success
2026-08-16T04:47:20.996307+00:00,Q9PZT1,afdb_v6_probe,Q9PZT1,https://alphafold.ebi.ac.uk/files/AF-Q9PZT1-F1-model_v6.pdb,404,0,not_found
2026-08-16T04:47:22.039613+00:00,Q9Q8L4,uniprot_direct,Q9Q8L4,https://rest.uniprot.org/uniprotkb/Q9Q8L4.json,200,0,success
2026-08-16T04:47:23.389516+00:00,Q9Q8L4,afdb_v6_probe,Q9Q8L4,https://alphafold.ebi.ac.uk/files/AF-Q9Q8L4-F1-model_v6.pdb,404,0,not_found
2026-08-16T04:47:24.704075+00:00,Q9Q8N6,uniprot_direct,Q9Q8N6,https://rest.uniprot.org/uniprotkb/Q9Q8N6.json,200,0,success
2026-08-16T04:47:25.746373+00:00,Q9Q8N6,afdb_v6_probe,Q9Q8N6,https://alphafold.ebi.ac.uk/files/AF-Q9Q8N6-F1-model_v6.pdb,404,0,not_found
2026-08-16T04:47:27.191279+00:00,Q9Q8Q2,uniprot_direct,Q9Q8Q2,https://rest.uniprot.org/uniprotkb/Q9Q8Q2.json,200,0,success
2026-08-16T04:47:28.212003+00:00,Q9Q8Q2,afdb_v6_probe,Q9Q8Q2,https://alphafold.ebi.ac.uk/files/AF-Q9Q8Q2-F1-model_v6.pdb,404,0,not_found
2026-08-16T04:47:29.320217+00:00,Q9Q8Z2,uniprot_direct,Q9Q8Z2,https://rest.uniprot.org/uniprotkb/Q9Q8Z2.json,200,0,success
2026-08-16T04:47:30.322139+00:00,Q9Q8Z2,afdb_v6_probe,Q9Q8Z2,https://alphafold.ebi.ac.uk/files/AF-Q9Q8Z2-F1-model_v6.pdb,404,0,not_found
2026-08-16T04:47:32.074539+00:00,Q9Q927,uniprot_direct,Q9Q927,https://rest.uniprot.org/uniprotkb/Q9Q927.json,200,0,success
2026-08-16T04:47:33.038056+00:00,Q9Q927,afdb_v6_probe,Q9Q927,https://alphafold.ebi.ac.uk/files/AF-Q9Q927-F1-model_v6.pdb,404,0,not_found
2026-08-16T04:47:34.146862+00:00,Q9Q9G3,uniprot_direct,Q9Q9G3,https://rest.uniprot.org/uniprotkb/Q9Q9G3.json,200,0,success
2026-08-16T04:47:35.357292+00:00,Q9Q9G3,afdb_v6_probe,Q9Q9G3,https://alphafold.ebi.ac.uk/files/AF-Q9Q9G3-F1-model_v6.pdb,404,0,not_found
2026-08-16T04:47:36.387136+00:00,Q9QAQ9,uniprot_direct,Q9QAQ9,https://rest.uniprot.org/uniprotkb/Q9QAQ9.json,200,0,success
2026-08-16T04:47:37.389752+00:00,Q9QAQ9,afdb_v6_probe,Q9QAQ9,https://alphafold.ebi.ac.uk/files/AF-Q9QAQ9-F1-model_v6.pdb,404,0,not_found
2026-08-16T04:47:38.419447+00:00,Q9QAR6,uniprot_direct,Q9QAR6,https://rest.uniprot.org/uniprotkb/Q9QAR6.json,200,0,success
2026-08-16T04:47:39.404858+00:00,Q9QAR6,afdb_v6_probe,Q9QAR6,https://alphafold.ebi.ac.uk/files/AF-Q9QAR6-F1-model_v6.pdb,404,0,not_found
2026-08-16T04:47:40.468170+00:00,Q9QB92,uniprot_direct,Q9QB92,https://rest.uniprot.org/uniprotkb/Q9QB92.json,200,0,success
2026-08-16T04:47:41.455804+00:00,Q9QB92,afdb_v6_probe,Q9QB92,https://alphafold.ebi.ac.uk/files/AF-Q9QB92-F1-model_v6.pdb,404,0,not_found
2026-08-16T04:47:43.525221+00:00,Q9QB93,uniprot_direct,Q9QB93,https://rest.uniprot.org/uniprotkb/Q9QB93.json,200,0,success
2026-08-16T04:47:44.494118+00:00,Q9QB93,afdb_v6_probe,Q9QB93,https://alphafold.ebi.ac.uk/files/AF-Q9QB93-F1-model_v6.pdb,404,0,not_found
2026-08-16T04:47:45.730420+00:00,Q9QNB1,uniprot_direct,Q9QNB1,https://rest.uniprot.org/uniprotkb/Q9QNB1.json,200,0,success
2026-08-16T04:47:46.685689+00:00,Q9QNB1,afdb_v6_probe,Q9QNB1,https://alphafold.ebi.ac.uk/files/AF-Q9QNB1-F1-model_v6.pdb,404,0,not_found
2026-08-16T04:47:49.286576+00:00,Q9QNF7,uniprot_direct,Q9QNF7,https://rest.uniprot.org/uniprotkb/Q9QNF7.json,200,0,success
2026-08-16T04:47:50.279380+00:00,Q9QNF7,afdb_v6_probe,Q9QNF7,https://alphafold.ebi.ac.uk/files/AF-Q9QNF7-F1-model_v6.pdb,404,0,not_found
2026-08-16T04:47:51.246252+00:00,Q9QNF7,afdb_v6_probe,P03176,https://alphafold.ebi.ac.uk/files/AF-P03176-F1-model_v6.pdb,404,0,not_found
2026-08-16T04:47:52.237761+00:00,Q9QNF7,afdb_v6_probe,Q9ENR2,https://alphafold.ebi.ac.uk/files/AF-Q9ENR2-F1-model_v6.pdb,404,0,not_found
2026-08-16T04:47:53.248889+00:00,Q9QNF7,afdb_v6_probe,Q9ENR3,https://alphafold.ebi.ac.uk/files/AF-Q9ENR3-F1-model_v6.pdb,404,0,not_found
2026-08-16T04:47:54.249568+00:00,Q9QNF7,afdb_v6_probe,Q9ENR4,https://alphafold.ebi.ac.uk/files/AF-Q9ENR4-F1-model_v6.pdb,404,0,not_found
2026-08-16T04:47:55.301927+00:00,Q9QNF7,afdb_v6_probe,Q9ENR5,https://alphafold.ebi.ac.uk/files/AF-Q9ENR5-F1-model_v6.pdb,404,0,not_found
2026-08-16T04:47:56.268365+00:00,Q9QNF7,afdb_v6_probe,Q9ENR6,https://alphafold.ebi.ac.uk/files/AF-Q9ENR6-F1-model_v6.pdb,404,0,not_found
2026-08-16T04:47:58.158541+00:00,Q9QNF7,afdb_v6_probe,Q9ENR7,https://alphafold.ebi.ac.uk/files/AF-Q9ENR7-F1-model_v6.pdb,404,0,not_found
2026-08-16T04:47:59.146392+00:00,Q9QNF7,afdb_v6_probe,Q9ENR8,https://alphafold.ebi.ac.uk/files/AF-Q9ENR8-F1-model_v6.pdb,404,0,not_found
2026-08-16T04:48:00.186090+00:00,Q9QNF7,afdb_v6_probe,Q9ENR9,https://alphafold.ebi.ac.uk/files/AF-Q9ENR9-F1-model_v6.pdb,404,0,not_found
2026-08-16T04:48:01.166306+00:00,Q9QNF7,afdb_v6_probe,Q9ICF2,https://alphafold.ebi.ac.uk/files/AF-Q9ICF2-F1-model_v6.pdb,404,0,not_found
2026-08-16T04:48:02.187389+00:00,Q9QNF7,afdb_v6_probe,Q9ICF3,https://alphafold.ebi.ac.uk/files/AF-Q9ICF3-F1-model_v6.pdb,404,0,not_found
2026-08-16T04:48:03.441909+00:00,Q9QNF7,afdb_v6_probe,Q9ICH1,https://alphafold.ebi.ac.uk/files/AF-Q9ICH1-F1-model_v6.pdb,404,0,not_found
2026-08-16T04:48:06.066992+00:00,Q9QNF7,afdb_v6_probe,Q9IR31,https://alphafold.ebi.ac.uk/files/AF-Q9IR31-F1-model_v6.pdb,404,0,not_found
2026-08-16T04:48:07.036542+00:00,Q9QNF7,afdb_v6_probe,Q9IR32,https://alphafold.ebi.ac.uk/files/AF-Q9IR32-F1-model_v6.pdb,404,0,not_found
2026-08-16T04:48:08.012262+00:00,Q9QNF7,afdb_v6_probe,Q9IR33,https://alphafold.ebi.ac.uk/files/AF-Q9IR33-F1-model_v6.pdb,404,0,not_found
2026-08-16T04:48:09.020453+00:00,Q9QNF7,afdb_v6_probe,Q9IR34,https://alphafold.ebi.ac.uk/files/AF-Q9IR34-F1-model_v6.pdb,404,0,not_found
2026-08-16T04:48:09.984910+00:00,Q9QNF7,afdb_v6_probe,Q9IR35,https://alphafold.ebi.ac.uk/files/AF-Q9IR35-F1-model_v6.pdb,404,0,not_found
2026-08-16T04:48:12.702673+00:00,Q9QNF7,afdb_v6_probe,Q9IR36,https://alphafold.ebi.ac.uk/files/AF-Q9IR36-F1-model_v6.pdb,404,0,not_found
2026-08-16T04:48:13.698769+00:00,Q9QNF7,afdb_v6_probe,Q9IR37,https://alphafold.ebi.ac.uk/files/AF-Q9IR37-F1-model_v6.pdb,404,0,not_found
2026-08-16T04:48:14.669565+00:00,Q9QNF7,afdb_v6_probe,Q9IR38,https://alphafold.ebi.ac.uk/files/AF-Q9IR38-F1-model_v6.pdb,404,0,not_found
2026-08-16T04:48:15.725368+00:00,Q9QNF7,afdb_v6_probe,Q9IR39,https://alphafold.ebi.ac.uk/files/AF-Q9IR39-F1-model_v6.pdb,404,0,not_found
2026-08-16T04:48:16.681461+00:00,Q9QNF7,afdb_v6_probe,Q9IR40,https://alphafold.ebi.ac.uk/files/AF-Q9IR40-F1-model_v6.pdb,404,0,not_found
2026-08-16T04:48:17.666453+00:00,Q9QNF7,afdb_v6_probe,Q9IYZ6,https://alphafold.ebi.ac.uk/files/AF-Q9IYZ6-F1-model_v6.pdb,404,0,not_found
2026-08-16T04:48:18.990926+00:00,Q9QNF7,afdb_v6_probe,Q9IZ00,https://alphafold.ebi.ac.uk/files/AF-Q9IZ00-F1-model_v6.pdb,404,0,not_found
2026-08-16T04:48:20.009580+00:00,Q9QNF7,afdb_v6_probe,Q9IZ01,https://alphafold.ebi.ac.uk/files/AF-Q9IZ01-F1-model_v6.pdb,404,0,not_found
2026-08-16T04:48:21.077951+00:00,Q9QNF7,afdb_v6_probe,Q9IZ04,https://alphafold.ebi.ac.uk/files/AF-Q9IZ04-F1-model_v6.pdb,404,0,not_found
2026-08-16T04:48:22.045911+00:00,Q9QNF7,afdb_v6_probe,Q9IZ05,https://alphafold.ebi.ac.uk/files/AF-Q9IZ05-F1-model_v6.pdb,404,0,not_found
2026-08-16T04:48:23.045152+00:00,Q9QNF7,afdb_v6_probe,Q9IZ06,https://alphafold.ebi.ac.uk/files/AF-Q9IZ06-F1-model_v6.pdb,404,0,not_found
2026-08-16T04:48:24.046735+00:00,Q9QNF7,afdb_v6_probe,Q9IZ08,https://alphafold.ebi.ac.uk/files/AF-Q9IZ08-F1-model_v6.pdb,404,0,not_found
2026-08-16T04:48:25.001397+00:00,Q9QNF7,afdb_v6_probe,Q9IZ09,https://alphafold.ebi.ac.uk/files/AF-Q9IZ09-F1-model_v6.pdb,404,0,not_found
2026-08-16T04:48:26.227750+00:00,Q9QTF2,uniprot_direct,Q9QTF2,https://rest.uniprot.org/uniprotkb/Q9QTF2.json,200,0,success
2026-08-16T04:48:27.180045+00:00,Q9QTF2,afdb_v6_probe,Q9QTF2,https://alphafold.ebi.ac.uk/files/AF-Q9QTF2-F1-model_v6.pdb,404,0,not_found
2026-08-16T04:48:28.354900+00:00,Q9R101,uniprot_direct,Q9R101,https://rest.uniprot.org/uniprotkb/Q9R101.json,200,0,success
2026-08-16T04:48:29.422431+00:00,Q9R101,afdb_v6_probe,Q9R101,https://alphafold.ebi.ac.uk/files/AF-Q9R101-F1-model_v6.pdb,404,0,not_found
2026-08-16T04:48:32.634359+00:00,Q9R4G8,uniprot_direct,Q9R4G8,https://rest.uniprot.org/uniprotkb/Q9R4G8.json,200,0,success
2026-08-16T04:48:33.639259+00:00,Q9R4G8,afdb_v6_probe,Q9R4G8,https://alphafold.ebi.ac.uk/files/AF-Q9R4G8-F1-model_v6.pdb,404,0,not_found
2026-08-16T04:48:34.943969+00:00,Q9R4G8,afdb_v6_probe,O32519,https://alphafold.ebi.ac.uk/files/AF-O32519-F1-model_v6.pdb,404,0,not_found
2026-08-16T04:48:36.382427+00:00,Q9R4G8,afdb_v6_probe,O53034,https://alphafold.ebi.ac.uk/files/AF-O53034-F1-model_v6.pdb,404,0,not_found
2026-08-16T04:48:38.681741+00:00,Q9RUP5,uniprot_direct,Q9RUP5,https://rest.uniprot.org/uniprotkb/Q9RUP5.json,200,0,success
2026-08-16T04:48:40.083034+00:00,Q9RUP5,afdb_v6_probe,Q9RUP5,https://alphafold.ebi.ac.uk/files/AF-Q9RUP5-F1-model_v6.pdb,404,0,not_found
2026-08-16T04:48:41.128929+00:00,Q9S926,uniprot_direct,Q9S926,https://rest.uniprot.org/uniprotkb/Q9S926.json,200,0,success
2026-08-16T04:48:42.107818+00:00,Q9S926,afdb_v6_probe,Q9S926,https://alphafold.ebi.ac.uk/files/AF-Q9S926-F1-model_v6.pdb,404,0,not_found
2026-08-16T04:48:43.561365+00:00,Q9SEC2,uniprot_direct,Q9SEC2,https://rest.uniprot.org/uniprotkb/Q9SEC2.json,200,0,success
2026-08-16T04:48:44.539061+00:00,Q9SEC2,afdb_v6_probe,Q9SEC2,https://alphafold.ebi.ac.uk/files/AF-Q9SEC2-F1-model_v6.pdb,404,0,not_found
2026-08-16T04:48:45.733526+00:00,Q9TWL9,uniprot_direct,Q9TWL9,https://rest.uniprot.org/uniprotkb/Q9TWL9.json,200,0,success
2026-08-16T04:48:46.790698+00:00,Q9TWL9,afdb_v6_probe,Q9TWL9,https://alphafold.ebi.ac.uk/files/AF-Q9TWL9-F1-model_v6.pdb,404,0,not_found
2026-08-16T04:49:10.966191+00:00,Q9VKY8,uniprot_direct,Q9VKY8,https://rest.uniprot.org/uniprotkb/Q9VKY8.json,200,1,success
2026-08-16T04:49:11.926634+00:00,Q9VKY8,afdb_v6_probe,Q9VKY8,https://alphafold.ebi.ac.uk/files/AF-Q9VKY8-F1-model_v6.pdb,404,0,not_found
2026-08-16T04:49:12.945510+00:00,Q9VKY8,afdb_v6_probe,Q8IPC0,https://alphafold.ebi.ac.uk/files/AF-Q8IPC0-F1-model_v6.pdb,404,0,not_found
2026-08-16T04:49:14.008882+00:00,Q9VKY8,afdb_v6_probe,Q9NAX3,https://alphafold.ebi.ac.uk/files/AF-Q9NAX3-F1-model_v6.pdb,404,0,not_found
2026-08-16T04:49:15.034876+00:00,Q9VKY8,afdb_v6_probe,Q9NFK7,https://alphafold.ebi.ac.uk/files/AF-Q9NFK7-F1-model_v6.pdb,404,0,not_found
2026-08-16T04:49:16.083924+00:00,Q9W683,uniprot_direct,Q9W683,https://rest.uniprot.org/uniprotkb/Q9W683.json,200,0,success
2026-08-16T04:49:17.097821+00:00,Q9W683,afdb_v6_probe,Q9W683,https://alphafold.ebi.ac.uk/files/AF-Q9W683-F1-model_v6.pdb,404,0,not_found
2026-08-16T04:49:18.160152+00:00,Q9WBI3,uniprot_direct,Q9WBI3,https://rest.uniprot.org/uniprotkb/Q9WBI3.json,200,0,success
2026-08-16T04:49:19.189392+00:00,Q9WBI3,afdb_v6_probe,Q9WBI3,https://alphafold.ebi.ac.uk/files/AF-Q9WBI3-F1-model_v6.pdb,404,0,not_found
2026-08-16T04:49:20.820297+00:00,Q9WIJ5,uniprot_direct,Q9WIJ5,https://rest.uniprot.org/uniprotkb/Q9WIJ5.json,200,0,success
2026-08-16T04:49:21.819350+00:00,Q9WIJ5,afdb_v6_probe,Q9WIJ5,https://alphafold.ebi.ac.uk/files/AF-Q9WIJ5-F1-model_v6.pdb,404,0,not_found
2026-08-16T04:49:22.917322+00:00,Q9WIK0,uniprot_direct,Q9WIK0,https://rest.uniprot.org/uniprotkb/Q9WIK0.json,200,0,success
2026-08-16T04:49:24.290875+00:00,Q9WIK0,afdb_v6_probe,Q9WIK0,https://alphafold.ebi.ac.uk/files/AF-Q9WIK0-F1-model_v6.pdb,404,0,not_found
2026-08-16T04:49:25.291264+00:00,Q9WIK0,afdb_v6_probe,O91250,https://alphafold.ebi.ac.uk/files/AF-O91250-F1-model_v6.pdb,404,0,not_found
2026-08-16T04:49:26.345904+00:00,Q9X448,uniprot_direct,Q9X448,https://rest.uniprot.org/uniprotkb/Q9X448.json,200,0,success
2026-08-16T04:49:27.713393+00:00,Q9X448,afdb_v6_probe,Q9X448,https://alphafold.ebi.ac.uk/files/AF-Q9X448-F1-model_v6.pdb,404,0,not_found
2026-08-16T04:49:29.548052+00:00,Q9X6J5,uniprot_direct,Q9X6J5,https://rest.uniprot.org/uniprotkb/Q9X6J5.json,200,0,success
2026-08-16T04:49:32.370384+00:00,Q9X6J5,afdb_v6_probe,Q9X6J5,https://alphafold.ebi.ac.uk/files/AF-Q9X6J5-F1-model_v6.pdb,404,0,not_found
2026-08-16T04:49:33.792625+00:00,Q9YUD3,uniprot_direct,Q9YUD3,https://rest.uniprot.org/uniprotkb/Q9YUD3.json,200,0,success
2026-08-16T04:49:34.815916+00:00,Q9YUD3,afdb_v6_probe,Q9YUD3,https://alphafold.ebi.ac.uk/files/AF-Q9YUD3-F1-model_v6.pdb,404,0,not_found
2026-08-16T04:49:35.918557+00:00,Q9YW06,uniprot_direct,Q9YW06,https://rest.uniprot.org/uniprotkb/Q9YW06.json,200,0,success
2026-08-16T04:49:37.006392+00:00,Q9YW06,afdb_v6_probe,Q9YW06,https://alphafold.ebi.ac.uk/files/AF-Q9YW06-F1-model_v6.pdb,404,0,not_found
2026-08-16T04:49:38.019607+00:00,Q9YW20,uniprot_direct,Q9YW20,https://rest.uniprot.org/uniprotkb/Q9YW20.json,200,0,success
2026-08-16T04:49:39.332095+00:00,Q9YW20,afdb_v6_probe,Q9YW20,https://alphafold.ebi.ac.uk/files/AF-Q9YW20-F1-model_v6.pdb,404,0,not_found
2026-08-16T04:49:40.973455+00:00,Q9YW39,uniprot_direct,Q9YW39,https://rest.uniprot.org/uniprotkb/Q9YW39.json,200,0,success
2026-08-16T04:49:41.962754+00:00,Q9YW39,afdb_v6_probe,Q9YW39,https://alphafold.ebi.ac.uk/files/AF-Q9YW39-F1-model_v6.pdb,404,0,not_found
2026-08-16T04:49:43.044498+00:00,Q9YYS0,uniprot_direct,Q9YYS0,https://rest.uniprot.org/uniprotkb/Q9YYS0.json,200,0,success
2026-08-16T04:49:44.067387+00:00,Q9YYS0,afdb_v6_probe,Q9YYS0,https://alphafold.ebi.ac.uk/files/AF-Q9YYS0-F1-model_v6.pdb,404,0,not_found
2026-08-16T04:49:45.224479+00:00,Q9Z034,uniprot_direct,Q9Z034,https://rest.uniprot.org/uniprotkb/Q9Z034.json,200,0,success
2026-08-16T04:49:46.217474+00:00,Q9Z034,afdb_v6_probe,Q9Z034,https://alphafold.ebi.ac.uk/files/AF-Q9Z034-F1-model_v6.pdb,404,0,not_found
2026-08-16T04:49:47.304811+00:00,Q9Z0D3,uniprot_direct,Q9Z0D3,https://rest.uniprot.org/uniprotkb/Q9Z0D3.json,200,0,success
2026-08-16T04:49:48.304765+00:00,Q9Z0D3,afdb_v6_probe,Q9Z0D3,https://alphafold.ebi.ac.uk/files/AF-Q9Z0D3-F1-model_v6.pdb,404,0,not_found
2026-08-16T04:49:50.805777+00:00,Q9Z0D4,uniprot_direct,Q9Z0D4,https://rest.uniprot.org/uniprotkb/Q9Z0D4.json,200,0,success
2026-08-16T04:49:51.773206+00:00,Q9Z0D4,afdb_v6_probe,Q9Z0D4,https://alphafold.ebi.ac.uk/files/AF-Q9Z0D4-F1-model_v6.pdb,404,0,not_found
2026-08-16T04:49:52.784306+00:00,Q9Z0D5,uniprot_direct,Q9Z0D5,https://rest.uniprot.org/uniprotkb/Q9Z0D5.json,200,0,success
2026-08-16T04:49:53.769729+00:00,Q9Z0D5,afdb_v6_probe,Q9Z0D5,https://alphafold.ebi.ac.uk/files/AF-Q9Z0D5-F1-model_v6.pdb,404,0,not_found
2026-08-16T04:49:55.044324+00:00,Q9Z0J5,uniprot_direct,Q9Z0J5,https://rest.uniprot.org/uniprotkb/Q9Z0J5.json,200,0,success
2026-08-16T04:49:56.105749+00:00,Q9Z0J5,afdb_v6_probe,Q9Z0J5,https://alphafold.ebi.ac.uk/files/AF-Q9Z0J5-F1-model_v6.pdb,404,0,not_found
2026-08-16T04:49:57.502672+00:00,Q9Z1Y9,uniprot_direct,Q9Z1Y9,https://rest.uniprot.org/uniprotkb/Q9Z1Y9.json,200,0,success
2026-08-16T04:49:58.469354+00:00,Q9Z1Y9,afdb_v6_probe,Q9Z1Y9,https://alphafold.ebi.ac.uk/files/AF-Q9Z1Y9-F1-model_v6.pdb,404,0,not_found
2026-08-16T04:49:59.477487+00:00,Q9Z1Y9,afdb_v6_probe,Q05A70,https://alphafold.ebi.ac.uk/files/AF-Q05A70-F1-model_v6.pdb,404,0,not_found
2026-08-16T04:50:00.452717+00:00,Q9Z1Y9,afdb_v6_probe,Q9JHH1,https://alphafold.ebi.ac.uk/files/AF-Q9JHH1-F1-model_v6.pdb,404,0,not_found
2026-08-16T04:50:02.564001+00:00,Q9Z4Q7,uniprot_direct,Q9Z4Q7,https://rest.uniprot.org/uniprotkb/Q9Z4Q7.json,200,0,success
2026-08-16T04:50:03.581958+00:00,Q9Z4Q7,afdb_v6_probe,Q9Z4Q7,https://alphafold.ebi.ac.uk/files/AF-Q9Z4Q7-F1-model_v6.pdb,404,0,not_found
2026-08-16T04:50:04.609237+00:00,Q9Z4Q7,afdb_v6_probe,E3PTZ7,https://alphafold.ebi.ac.uk/files/AF-E3PTZ7-F1-model_v6.pdb,404,0,not_found
2026-08-16T04:50:05.616975+00:00,Q9ZSQ4,uniprot_direct,Q9ZSQ4,https://rest.uniprot.org/uniprotkb/Q9ZSQ4.json,200,0,success
2026-08-16T04:50:06.675880+00:00,Q9ZSQ4,afdb_v6_probe,Q9ZSQ4,https://alphafold.ebi.ac.uk/files/AF-Q9ZSQ4-F1-model_v6.pdb,404,0,not_found
2026-08-16T04:50:07.839467+00:00,Q9ZX92,uniprot_direct,Q9ZX92,https://rest.uniprot.org/uniprotkb/Q9ZX92.json,200,0,success
2026-08-16T04:50:08.862301+00:00,Q9ZX92,afdb_v6_probe,Q9ZX92,https://alphafold.ebi.ac.uk/files/AF-Q9ZX92-F1-model_v6.pdb,404,0,not_found
2026-08-16T04:50:10.243550+00:00,R9WTS6,uniprot_direct,R9WTS6,https://rest.uniprot.org/uniprotkb/R9WTS6.json,200,0,success
2026-08-16T04:50:11.225445+00:00,R9WTS6,afdb_v6_probe,R9WTS6,https://alphafold.ebi.ac.uk/files/AF-R9WTS6-F1-model_v6.pdb,404,0,not_found
