full_route_case_id,scope,pollutant_name,pollutant_category,tool_id,route_id,optional_route,path_id,path_rank_within_case,path_depth,compound_node_id_path,compound_smiles_canonical_path,compound_inchikey_path,edge_id_path,edge_score_raw_path,edge_score_semantics_path,path_score_raw,path_score_semantics,path_status,stopped_reason,simple_path_valid,has_repeated_node_id,has_repeated_smiles_canonical,has_repeated_edge_id,contains_parent_copy_edge,contains_source_self_loop_edge,restricted_answer_key_read,scoring_performed
FR-BBD3-CAND-c0105,scope_b_v0_3_candidate,Chlorobenzene,unclassified_candidate,envipath_prediction,envipath_bbd_rules_multistep,False,FR-BBD3-CAND-c0105__sp01,1,4,"[""FR-BBD3-CAND-c0105__n00000"", ""FR-BBD3-CAND-c0105__n00001"", ""FR-BBD3-CAND-c0105__n00003"", ""FR-BBD3-CAND-c0105__n00008"", ""FR-BBD3-CAND-c0105__n00015""]","[""Clc1ccccc1"", ""Oc1cccc(Cl)c1O"", ""Oc1cc(O)c(O)c(Cl)c1"", ""Oc1cc(O)c(O)c(Cl)c1O"", ""Oc1cc(O)c(O)cc1O""]","[""MVPPADPHJFYWMZ-UHFFFAOYSA-N"", ""GQKDZDYQXPOXEM-UHFFFAOYSA-N"", ""GVZRJQSQNLOFNR-UHFFFAOYSA-N"", ""PJYZHRNZADIBBI-UHFFFAOYSA-N"", ""UYQMSQMCIYSXOW-UHFFFAOYSA-N""]","[""FR-BBD3-CAND-c0105__e00001"", ""FR-BBD3-CAND-c0105__e00003"", ""FR-BBD3-CAND-c0105__e00008"", ""FR-BBD3-CAND-c0105__e00016""]","[1.0, 1.0, 1.0, 1.0]","[""multi_generation_edge_probability"", ""multi_generation_edge_probability"", ""multi_generation_edge_probability"", ""multi_generation_edge_probability""]",1.0,path_probability_product,simple_acyclic_path,frontier_empty,True,False,False,False,False,False,False,False
FR-BBD3-CAND-c0105,scope_b_v0_3_candidate,Chlorobenzene,unclassified_candidate,envipath_prediction,envipath_bbd_rules_multistep,False,FR-BBD3-CAND-c0105__sp02,2,3,"[""FR-BBD3-CAND-c0105__n00000"", ""FR-BBD3-CAND-c0105__n00001"", ""FR-BBD3-CAND-c0105__n00003"", ""FR-BBD3-CAND-c0105__n00012""]","[""Clc1ccccc1"", ""Oc1cccc(Cl)c1O"", ""Oc1cc(O)c(O)c(Cl)c1"", ""Oc1ccc(O)c(O)c1""]","[""MVPPADPHJFYWMZ-UHFFFAOYSA-N"", ""GQKDZDYQXPOXEM-UHFFFAOYSA-N"", ""GVZRJQSQNLOFNR-UHFFFAOYSA-N"", ""GGNQRNBDZQJCCN-UHFFFAOYSA-N""]","[""FR-BBD3-CAND-c0105__e00001"", ""FR-BBD3-CAND-c0105__e00003"", ""FR-BBD3-CAND-c0105__e00012""]","[1.0, 1.0, 1.0]","[""multi_generation_edge_probability"", ""multi_generation_edge_probability"", ""multi_generation_edge_probability""]",1.0,path_probability_product,simple_acyclic_path,frontier_empty,True,False,False,False,False,False,False,False
FR-BBD3-CAND-c0105,scope_b_v0_3_candidate,Chlorobenzene,unclassified_candidate,envipath_prediction,envipath_bbd_rules_multistep,False,FR-BBD3-CAND-c0105__sp03,3,3,"[""FR-BBD3-CAND-c0105__n00000"", ""FR-BBD3-CAND-c0105__n00001"", ""FR-BBD3-CAND-c0105__n00004"", ""FR-BBD3-CAND-c0105__n00009""]","[""Clc1ccccc1"", ""Oc1cccc(Cl)c1O"", ""Oc1ccccc1O"", ""C=CCC(=O)C(=O)O""]","[""MVPPADPHJFYWMZ-UHFFFAOYSA-N"", ""GQKDZDYQXPOXEM-UHFFFAOYSA-N"", ""YCIMNLLNPGFGHC-UHFFFAOYSA-N"", ""NOXRYJAWRSNUJD-UHFFFAOYSA-N""]","[""FR-BBD3-CAND-c0105__e00001"", ""FR-BBD3-CAND-c0105__e00004"", ""FR-BBD3-CAND-c0105__e00009""]","[1.0, 1.0, 1.0]","[""multi_generation_edge_probability"", ""multi_generation_edge_probability"", ""multi_generation_edge_probability""]",1.0,path_probability_product,simple_acyclic_path,frontier_empty,True,False,False,False,False,False,False,False
FR-BBD3-CAND-c0105,scope_b_v0_3_candidate,Chlorobenzene,unclassified_candidate,envipath_prediction,envipath_bbd_rules_multistep,False,FR-BBD3-CAND-c0105__sp04,4,3,"[""FR-BBD3-CAND-c0105__n00000"", ""FR-BBD3-CAND-c0105__n00001"", ""FR-BBD3-CAND-c0105__n00004"", ""FR-BBD3-CAND-c0105__n00007""]","[""Clc1ccccc1"", ""Oc1cccc(Cl)c1O"", ""Oc1ccccc1O"", ""O=CO""]","[""MVPPADPHJFYWMZ-UHFFFAOYSA-N"", ""GQKDZDYQXPOXEM-UHFFFAOYSA-N"", ""YCIMNLLNPGFGHC-UHFFFAOYSA-N"", ""BDAGIHXWWSANSR-UHFFFAOYSA-N""]","[""FR-BBD3-CAND-c0105__e00001"", ""FR-BBD3-CAND-c0105__e00004"", ""FR-BBD3-CAND-c0105__e00013""]","[1.0, 1.0, 1.0]","[""multi_generation_edge_probability"", ""multi_generation_edge_probability"", ""multi_generation_edge_probability""]",1.0,path_probability_product,simple_acyclic_path,frontier_empty,True,False,False,False,False,False,False,False
FR-BBD3-CAND-c0105,scope_b_v0_3_candidate,Chlorobenzene,unclassified_candidate,envipath_prediction,envipath_bbd_rules_multistep,False,FR-BBD3-CAND-c0105__sp05,5,3,"[""FR-BBD3-CAND-c0105__n00000"", ""FR-BBD3-CAND-c0105__n00001"", ""FR-BBD3-CAND-c0105__n00005"", ""FR-BBD3-CAND-c0105__n00010""]","[""Clc1ccccc1"", ""Oc1cccc(Cl)c1O"", ""Oc1ccc(O)c(Cl)c1O"", ""C=C(O)C(Cl)C(=O)C(=O)O""]","[""MVPPADPHJFYWMZ-UHFFFAOYSA-N"", ""GQKDZDYQXPOXEM-UHFFFAOYSA-N"", ""ABLFWMWVDNPOAX-UHFFFAOYSA-N"", ""GQYWZXVCEYAKNC-UHFFFAOYSA-N""]","[""FR-BBD3-CAND-c0105__e00001"", ""FR-BBD3-CAND-c0105__e00005"", ""FR-BBD3-CAND-c0105__e00010""]","[1.0, 1.0, 1.0]","[""multi_generation_edge_probability"", ""multi_generation_edge_probability"", ""multi_generation_edge_probability""]",1.0,path_probability_product,simple_acyclic_path,frontier_empty,True,False,False,False,False,False,False,False
FR-BBD3-CAND-c0105,scope_b_v0_3_candidate,Chlorobenzene,unclassified_candidate,envipath_prediction,envipath_bbd_rules_multistep,False,FR-BBD3-CAND-c0105__sp06,6,3,"[""FR-BBD3-CAND-c0105__n00000"", ""FR-BBD3-CAND-c0105__n00001"", ""FR-BBD3-CAND-c0105__n00006"", ""FR-BBD3-CAND-c0105__n00011""]","[""Clc1ccccc1"", ""Oc1cccc(Cl)c1O"", ""C=CC(Cl)C(=O)C(=O)O"", ""O=C(O)C(=O)C(Cl)C1CO1""]","[""MVPPADPHJFYWMZ-UHFFFAOYSA-N"", ""GQKDZDYQXPOXEM-UHFFFAOYSA-N"", ""FXRRVXIBZDSYFY-UHFFFAOYSA-N"", ""NLSZAZCHHAFIPC-UHFFFAOYSA-N""]","[""FR-BBD3-CAND-c0105__e00001"", ""FR-BBD3-CAND-c0105__e00006"", ""FR-BBD3-CAND-c0105__e00011""]","[1.0, 1.0, 1.0]","[""multi_generation_edge_probability"", ""multi_generation_edge_probability"", ""multi_generation_edge_probability""]",1.0,path_probability_product,simple_acyclic_path,frontier_empty,True,False,False,False,False,False,False,False
FR-BBD3-CAND-c0105,scope_b_v0_3_candidate,Chlorobenzene,unclassified_candidate,envipath_prediction,envipath_bbd_rules_multistep,False,FR-BBD3-CAND-c0105__sp07,7,3,"[""FR-BBD3-CAND-c0105__n00000"", ""FR-BBD3-CAND-c0105__n00001"", ""FR-BBD3-CAND-c0105__n00006"", ""FR-BBD3-CAND-c0105__n00013""]","[""Clc1ccccc1"", ""Oc1cccc(Cl)c1O"", ""C=CC(Cl)C(=O)C(=O)O"", ""CCC(Cl)C(=O)C(=O)O""]","[""MVPPADPHJFYWMZ-UHFFFAOYSA-N"", ""GQKDZDYQXPOXEM-UHFFFAOYSA-N"", ""FXRRVXIBZDSYFY-UHFFFAOYSA-N"", ""DOVWZAHPBVXVKP-UHFFFAOYSA-N""]","[""FR-BBD3-CAND-c0105__e00001"", ""FR-BBD3-CAND-c0105__e00006"", ""FR-BBD3-CAND-c0105__e00014""]","[1.0, 1.0, 1.0]","[""multi_generation_edge_probability"", ""multi_generation_edge_probability"", ""multi_generation_edge_probability""]",1.0,path_probability_product,simple_acyclic_path,frontier_empty,True,False,False,False,False,False,False,False
FR-BBD3-CAND-c0105,scope_b_v0_3_candidate,Chlorobenzene,unclassified_candidate,envipath_prediction,envipath_bbd_rules_multistep,False,FR-BBD3-CAND-c0105__sp08,8,3,"[""FR-BBD3-CAND-c0105__n00000"", ""FR-BBD3-CAND-c0105__n00001"", ""FR-BBD3-CAND-c0105__n00006"", ""FR-BBD3-CAND-c0105__n00014""]","[""Clc1ccccc1"", ""Oc1cccc(Cl)c1O"", ""C=CC(Cl)C(=O)C(=O)O"", ""CC(O)C(Cl)C(=O)C(=O)O""]","[""MVPPADPHJFYWMZ-UHFFFAOYSA-N"", ""GQKDZDYQXPOXEM-UHFFFAOYSA-N"", ""FXRRVXIBZDSYFY-UHFFFAOYSA-N"", ""BIJVDISFXJNDSY-UHFFFAOYSA-N""]","[""FR-BBD3-CAND-c0105__e00001"", ""FR-BBD3-CAND-c0105__e00006"", ""FR-BBD3-CAND-c0105__e00015""]","[1.0, 1.0, 1.0]","[""multi_generation_edge_probability"", ""multi_generation_edge_probability"", ""multi_generation_edge_probability""]",1.0,path_probability_product,simple_acyclic_path,frontier_empty,True,False,False,False,False,False,False,False
FR-BBD3-CAND-c0105,scope_b_v0_3_candidate,Chlorobenzene,unclassified_candidate,envipath_prediction,envipath_bbd_rules_multistep,False,FR-BBD3-CAND-c0105__sp09,9,2,"[""FR-BBD3-CAND-c0105__n00000"", ""FR-BBD3-CAND-c0105__n00001"", ""FR-BBD3-CAND-c0105__n00007""]","[""Clc1ccccc1"", ""Oc1cccc(Cl)c1O"", ""O=CO""]","[""MVPPADPHJFYWMZ-UHFFFAOYSA-N"", ""GQKDZDYQXPOXEM-UHFFFAOYSA-N"", ""BDAGIHXWWSANSR-UHFFFAOYSA-N""]","[""FR-BBD3-CAND-c0105__e00001"", ""FR-BBD3-CAND-c0105__e00007""]","[1.0, 1.0]","[""multi_generation_edge_probability"", ""multi_generation_edge_probability""]",1.0,path_probability_product,simple_acyclic_path,frontier_empty,True,False,False,False,False,False,False,False
FR-BBD3-CAND-c0105,scope_b_v0_3_candidate,Chlorobenzene,unclassified_candidate,envipath_prediction,envipath_bbd_rules_multistep,False,FR-BBD3-CAND-c0105__sp10,10,1,"[""FR-BBD3-CAND-c0105__n00000"", ""FR-BBD3-CAND-c0105__n00002""]","[""Clc1ccccc1"", ""c1ccccc1""]","[""MVPPADPHJFYWMZ-UHFFFAOYSA-N"", ""UHOVQNZJYSORNB-UHFFFAOYSA-N""]","[""FR-BBD3-CAND-c0105__e00002""]",[1.0],"[""multi_generation_edge_probability""]",1.0,path_probability_product,simple_acyclic_path,frontier_empty,True,False,False,False,False,False,False,False
FR-BBD3-CAND-c0141,scope_b_v0_3_candidate,gamma-Hexachlorocyclohexane,halogenated_compound,envipath_prediction,envipath_bbd_rules_multistep,False,FR-BBD3-CAND-c0141__sp01,1,4,"[""FR-BBD3-CAND-c0141__n00000"", ""FR-BBD3-CAND-c0141__n00001"", ""FR-BBD3-CAND-c0141__n00008"", ""FR-BBD3-CAND-c0141__n00004"", ""FR-BBD3-CAND-c0141__n00011""]","[""Cl[C@H]1[C@H](Cl)[C@@H](Cl)[C@@H](Cl)[C@H](Cl)[C@H]1Cl"", ""ClC1CC(Cl)C(Cl)C(Cl)C1Cl"", ""ClC1C=CCC(Cl)C1Cl"", ""ClC1C=CCCC1Cl"", ""ClC1CCCCC1Cl""]","[""JLYXXMFPNIAWKQ-GNIYUCBRSA-N"", ""SCTBPPSXYXJCFE-UHFFFAOYSA-N"", ""DPMAWGACEOEKEO-UHFFFAOYSA-N"", ""XMRSWQWOEAGAPO-UHFFFAOYSA-N"", ""GZEZIBFVJYNETN-UHFFFAOYSA-N""]","[""FR-BBD3-CAND-c0141__e00001"", ""FR-BBD3-CAND-c0141__e00008"", ""FR-BBD3-CAND-c0141__e00019"", ""FR-BBD3-CAND-c0141__e00011""]","[1.0, 1.0, 1.0, 1.0]","[""multi_generation_edge_probability"", ""multi_generation_edge_probability"", ""multi_generation_edge_probability"", ""multi_generation_edge_probability""]",1.0,path_probability_product,simple_acyclic_path,frontier_empty,True,False,False,False,False,False,False,False
FR-BBD3-CAND-c0141,scope_b_v0_3_candidate,gamma-Hexachlorocyclohexane,halogenated_compound,envipath_prediction,envipath_bbd_rules_multistep,False,FR-BBD3-CAND-c0141__sp02,2,4,"[""FR-BBD3-CAND-c0141__n00000"", ""FR-BBD3-CAND-c0141__n00001"", ""FR-BBD3-CAND-c0141__n00008"", ""FR-BBD3-CAND-c0141__n00004"", ""FR-BBD3-CAND-c0141__n00017""]","[""Cl[C@H]1[C@H](Cl)[C@@H](Cl)[C@@H](Cl)[C@H](Cl)[C@H]1Cl"", ""ClC1CC(Cl)C(Cl)C(Cl)C1Cl"", ""ClC1C=CCC(Cl)C1Cl"", ""ClC1C=CCCC1Cl"", ""ClC1CC=CCC1""]","[""JLYXXMFPNIAWKQ-GNIYUCBRSA-N"", ""SCTBPPSXYXJCFE-UHFFFAOYSA-N"", ""DPMAWGACEOEKEO-UHFFFAOYSA-N"", ""XMRSWQWOEAGAPO-UHFFFAOYSA-N"", ""NCDVDTXDSDVLPL-UHFFFAOYSA-N""]","[""FR-BBD3-CAND-c0141__e00001"", ""FR-BBD3-CAND-c0141__e00008"", ""FR-BBD3-CAND-c0141__e00019"", ""FR-BBD3-CAND-c0141__e00017""]","[1.0, 1.0, 1.0, 1.0]","[""multi_generation_edge_probability"", ""multi_generation_edge_probability"", ""multi_generation_edge_probability"", ""multi_generation_edge_probability""]",1.0,path_probability_product,simple_acyclic_path,frontier_empty,True,False,False,False,False,False,False,False
FR-BBD3-CAND-c0141,scope_b_v0_3_candidate,gamma-Hexachlorocyclohexane,halogenated_compound,envipath_prediction,envipath_bbd_rules_multistep,False,FR-BBD3-CAND-c0141__sp03,3,4,"[""FR-BBD3-CAND-c0141__n00000"", ""FR-BBD3-CAND-c0141__n00001"", ""FR-BBD3-CAND-c0141__n00008"", ""FR-BBD3-CAND-c0141__n00004"", ""FR-BBD3-CAND-c0141__n00021""]","[""Cl[C@H]1[C@H](Cl)[C@@H](Cl)[C@@H](Cl)[C@H](Cl)[C@H]1Cl"", ""ClC1CC(Cl)C(Cl)C(Cl)C1Cl"", ""ClC1C=CCC(Cl)C1Cl"", ""ClC1C=CCCC1Cl"", ""ClC1C=CCCC1""]","[""JLYXXMFPNIAWKQ-GNIYUCBRSA-N"", ""SCTBPPSXYXJCFE-UHFFFAOYSA-N"", ""DPMAWGACEOEKEO-UHFFFAOYSA-N"", ""XMRSWQWOEAGAPO-UHFFFAOYSA-N"", ""LNGQLHZIYFQUIR-UHFFFAOYSA-N""]","[""FR-BBD3-CAND-c0141__e00001"", ""FR-BBD3-CAND-c0141__e00008"", ""FR-BBD3-CAND-c0141__e00019"", ""FR-BBD3-CAND-c0141__e00022""]","[1.0, 1.0, 1.0, 1.0]","[""multi_generation_edge_probability"", ""multi_generation_edge_probability"", ""multi_generation_edge_probability"", ""multi_generation_edge_probability""]",1.0,path_probability_product,simple_acyclic_path,frontier_empty,True,False,False,False,False,False,False,False
FR-BBD3-CAND-c0141,scope_b_v0_3_candidate,gamma-Hexachlorocyclohexane,halogenated_compound,envipath_prediction,envipath_bbd_rules_multistep,False,FR-BBD3-CAND-c0141__sp04,4,4,"[""FR-BBD3-CAND-c0141__n00000"", ""FR-BBD3-CAND-c0141__n00001"", ""FR-BBD3-CAND-c0141__n00008"", ""FR-BBD3-CAND-c0141__n00004"", ""FR-BBD3-CAND-c0141__n00024""]","[""Cl[C@H]1[C@H](Cl)[C@@H](Cl)[C@@H](Cl)[C@H](Cl)[C@H]1Cl"", ""ClC1CC(Cl)C(Cl)C(Cl)C1Cl"", ""ClC1C=CCC(Cl)C1Cl"", ""ClC1C=CCCC1Cl"", ""C1=CCCCC1""]","[""JLYXXMFPNIAWKQ-GNIYUCBRSA-N"", ""SCTBPPSXYXJCFE-UHFFFAOYSA-N"", ""DPMAWGACEOEKEO-UHFFFAOYSA-N"", ""XMRSWQWOEAGAPO-UHFFFAOYSA-N"", ""HGCIXCUEYOPUTN-UHFFFAOYSA-N""]","[""FR-BBD3-CAND-c0141__e00001"", ""FR-BBD3-CAND-c0141__e00008"", ""FR-BBD3-CAND-c0141__e00019"", ""FR-BBD3-CAND-c0141__e00025""]","[1.0, 1.0, 1.0, 1.0]","[""multi_generation_edge_probability"", ""multi_generation_edge_probability"", ""multi_generation_edge_probability"", ""multi_generation_edge_probability""]",1.0,path_probability_product,simple_acyclic_path,frontier_empty,True,False,False,False,False,False,False,False
FR-BBD3-CAND-c0141,scope_b_v0_3_candidate,gamma-Hexachlorocyclohexane,halogenated_compound,envipath_prediction,envipath_bbd_rules_multistep,False,FR-BBD3-CAND-c0141__sp05,5,4,"[""FR-BBD3-CAND-c0141__n00000"", ""FR-BBD3-CAND-c0141__n00001"", ""FR-BBD3-CAND-c0141__n00008"", ""FR-BBD3-CAND-c0141__n00004"", ""FR-BBD3-CAND-c0141__n00026""]","[""Cl[C@H]1[C@H](Cl)[C@@H](Cl)[C@@H](Cl)[C@H](Cl)[C@H]1Cl"", ""ClC1CC(Cl)C(Cl)C(Cl)C1Cl"", ""ClC1C=CCC(Cl)C1Cl"", ""ClC1C=CCCC1Cl"", ""OC1C=CC(Cl)C(Cl)C1""]","[""JLYXXMFPNIAWKQ-GNIYUCBRSA-N"", ""SCTBPPSXYXJCFE-UHFFFAOYSA-N"", ""DPMAWGACEOEKEO-UHFFFAOYSA-N"", ""XMRSWQWOEAGAPO-UHFFFAOYSA-N"", ""ZNVGYTPFMBCVTG-UHFFFAOYSA-N""]","[""FR-BBD3-CAND-c0141__e00001"", ""FR-BBD3-CAND-c0141__e00008"", ""FR-BBD3-CAND-c0141__e00019"", ""FR-BBD3-CAND-c0141__e00027""]","[1.0, 1.0, 1.0, 1.0]","[""multi_generation_edge_probability"", ""multi_generation_edge_probability"", ""multi_generation_edge_probability"", ""multi_generation_edge_probability""]",1.0,path_probability_product,simple_acyclic_path,frontier_empty,True,False,False,False,False,False,False,False
FR-BBD3-CAND-c0141,scope_b_v0_3_candidate,gamma-Hexachlorocyclohexane,halogenated_compound,envipath_prediction,envipath_bbd_rules_multistep,False,FR-BBD3-CAND-c0141__sp06,6,4,"[""FR-BBD3-CAND-c0141__n00000"", ""FR-BBD3-CAND-c0141__n00001"", ""FR-BBD3-CAND-c0141__n00008"", ""FR-BBD3-CAND-c0141__n00004"", ""FR-BBD3-CAND-c0141__n00027""]","[""Cl[C@H]1[C@H](Cl)[C@@H](Cl)[C@@H](Cl)[C@H](Cl)[C@H]1Cl"", ""ClC1CC(Cl)C(Cl)C(Cl)C1Cl"", ""ClC1C=CCC(Cl)C1Cl"", ""ClC1C=CCCC1Cl"", ""OC1CC=CC(Cl)C1Cl""]","[""JLYXXMFPNIAWKQ-GNIYUCBRSA-N"", ""SCTBPPSXYXJCFE-UHFFFAOYSA-N"", ""DPMAWGACEOEKEO-UHFFFAOYSA-N"", ""XMRSWQWOEAGAPO-UHFFFAOYSA-N"", ""BPSCISMBUYRCGZ-UHFFFAOYSA-N""]","[""FR-BBD3-CAND-c0141__e00001"", ""FR-BBD3-CAND-c0141__e00008"", ""FR-BBD3-CAND-c0141__e00019"", ""FR-BBD3-CAND-c0141__e00028""]","[1.0, 1.0, 1.0, 1.0]","[""multi_generation_edge_probability"", ""multi_generation_edge_probability"", ""multi_generation_edge_probability"", ""multi_generation_edge_probability""]",1.0,path_probability_product,simple_acyclic_path,frontier_empty,True,False,False,False,False,False,False,False
FR-BBD3-CAND-c0141,scope_b_v0_3_candidate,gamma-Hexachlorocyclohexane,halogenated_compound,envipath_prediction,envipath_bbd_rules_multistep,False,FR-BBD3-CAND-c0141__sp07,7,3,"[""FR-BBD3-CAND-c0141__n00000"", ""FR-BBD3-CAND-c0141__n00001"", ""FR-BBD3-CAND-c0141__n00003"", ""FR-BBD3-CAND-c0141__n00010""]","[""Cl[C@H]1[C@H](Cl)[C@@H](Cl)[C@@H](Cl)[C@H](Cl)[C@H]1Cl"", ""ClC1CC(Cl)C(Cl)C(Cl)C1Cl"", ""OC1C(Cl)C(Cl)C(Cl)C(Cl)C1Cl"", ""OC1CC(Cl)C(Cl)C(Cl)C1Cl""]","[""JLYXXMFPNIAWKQ-GNIYUCBRSA-N"", ""SCTBPPSXYXJCFE-UHFFFAOYSA-N"", ""DOMHZVJNLCAZSA-UHFFFAOYSA-N"", ""JZRRNHONSBWJRX-UHFFFAOYSA-N""]","[""FR-BBD3-CAND-c0141__e00001"", ""FR-BBD3-CAND-c0141__e00003"", ""FR-BBD3-CAND-c0141__e00010""]","[1.0, 1.0, 1.0]","[""multi_generation_edge_probability"", ""multi_generation_edge_probability"", ""multi_generation_edge_probability""]",1.0,path_probability_product,simple_acyclic_path,frontier_empty,True,False,False,False,False,False,False,False
FR-BBD3-CAND-c0141,scope_b_v0_3_candidate,gamma-Hexachlorocyclohexane,halogenated_compound,envipath_prediction,envipath_bbd_rules_multistep,False,FR-BBD3-CAND-c0141__sp08,8,3,"[""FR-BBD3-CAND-c0141__n00000"", ""FR-BBD3-CAND-c0141__n00001"", ""FR-BBD3-CAND-c0141__n00003"", ""FR-BBD3-CAND-c0141__n00015""]","[""Cl[C@H]1[C@H](Cl)[C@@H](Cl)[C@@H](Cl)[C@H](Cl)[C@H]1Cl"", ""ClC1CC(Cl)C(Cl)C(Cl)C1Cl"", ""OC1C(Cl)C(Cl)C(Cl)C(Cl)C1Cl"", ""OC1C=CC(Cl)C(Cl)C1Cl""]","[""JLYXXMFPNIAWKQ-GNIYUCBRSA-N"", ""SCTBPPSXYXJCFE-UHFFFAOYSA-N"", ""DOMHZVJNLCAZSA-UHFFFAOYSA-N"", ""PEUIZJGYLKLPJH-UHFFFAOYSA-N""]","[""FR-BBD3-CAND-c0141__e00001"", ""FR-BBD3-CAND-c0141__e00003"", ""FR-BBD3-CAND-c0141__e00015""]","[1.0, 1.0, 1.0]","[""multi_generation_edge_probability"", ""multi_generation_edge_probability"", ""multi_generation_edge_probability""]",1.0,path_probability_product,simple_acyclic_path,frontier_empty,True,False,False,False,False,False,False,False
FR-BBD3-CAND-c0141,scope_b_v0_3_candidate,gamma-Hexachlorocyclohexane,halogenated_compound,envipath_prediction,envipath_bbd_rules_multistep,False,FR-BBD3-CAND-c0141__sp09,9,3,"[""FR-BBD3-CAND-c0141__n00000"", ""FR-BBD3-CAND-c0141__n00001"", ""FR-BBD3-CAND-c0141__n00003"", ""FR-BBD3-CAND-c0141__n00023""]","[""Cl[C@H]1[C@H](Cl)[C@@H](Cl)[C@@H](Cl)[C@H](Cl)[C@H]1Cl"", ""ClC1CC(Cl)C(Cl)C(Cl)C1Cl"", ""OC1C(Cl)C(Cl)C(Cl)C(Cl)C1Cl"", ""O=C1C(Cl)C(Cl)C(Cl)C(Cl)C1Cl""]","[""JLYXXMFPNIAWKQ-GNIYUCBRSA-N"", ""SCTBPPSXYXJCFE-UHFFFAOYSA-N"", ""DOMHZVJNLCAZSA-UHFFFAOYSA-N"", ""OVNYAIGTBBMGAQ-UHFFFAOYSA-N""]","[""FR-BBD3-CAND-c0141__e00001"", ""FR-BBD3-CAND-c0141__e00003"", ""FR-BBD3-CAND-c0141__e00024""]","[1.0, 1.0, 1.0]","[""multi_generation_edge_probability"", ""multi_generation_edge_probability"", ""multi_generation_edge_probability""]",1.0,path_probability_product,simple_acyclic_path,frontier_empty,True,False,False,False,False,False,False,False
FR-BBD3-CAND-c0141,scope_b_v0_3_candidate,gamma-Hexachlorocyclohexane,halogenated_compound,envipath_prediction,envipath_bbd_rules_multistep,False,FR-BBD3-CAND-c0141__sp10,10,3,"[""FR-BBD3-CAND-c0141__n00000"", ""FR-BBD3-CAND-c0141__n00001"", ""FR-BBD3-CAND-c0141__n00003"", ""FR-BBD3-CAND-c0141__n00025""]","[""Cl[C@H]1[C@H](Cl)[C@@H](Cl)[C@@H](Cl)[C@H](Cl)[C@H]1Cl"", ""ClC1CC(Cl)C(Cl)C(Cl)C1Cl"", ""OC1C(Cl)C(Cl)C(Cl)C(Cl)C1Cl"", ""OC1C(Cl)CC(Cl)C(Cl)C1Cl""]","[""JLYXXMFPNIAWKQ-GNIYUCBRSA-N"", ""SCTBPPSXYXJCFE-UHFFFAOYSA-N"", ""DOMHZVJNLCAZSA-UHFFFAOYSA-N"", ""YJQLSAFGDJERDH-UHFFFAOYSA-N""]","[""FR-BBD3-CAND-c0141__e00001"", ""FR-BBD3-CAND-c0141__e00003"", ""FR-BBD3-CAND-c0141__e00026""]","[1.0, 1.0, 1.0]","[""multi_generation_edge_probability"", ""multi_generation_edge_probability"", ""multi_generation_edge_probability""]",1.0,path_probability_product,simple_acyclic_path,frontier_empty,True,False,False,False,False,False,False,False
FR-BBD3-CAND-c0257,scope_b_v0_3_candidate,Cyromazine (N-Cyclopropylmelamine),other_eawag_bbd_xenobiotic,envipath_prediction,envipath_bbd_rules_multistep,False,FR-BBD3-CAND-c0257__sp01,1,6,"[""FR-BBD3-CAND-c0257__n00000"", ""FR-BBD3-CAND-c0257__n00001"", ""FR-BBD3-CAND-c0257__n00004"", ""FR-BBD3-CAND-c0257__n00009"", ""FR-BBD3-CAND-c0257__n00012"", ""FR-BBD3-CAND-c0257__n00017"", ""FR-BBD3-CAND-c0257__n00021""]","[""Nc1nc(N)nc(NC2CC2)n1"", ""Nc1nc(O)nc(NC2CC2)n1"", ""Oc1nc(O)nc(NC2CC2)n1"", ""Oc1nc(O)nc(O)n1"", ""NC(=O)NC(N)=O"", ""NC(=O)NC(=O)O"", ""NC(=O)O""]","[""LVQDKIWDGQRHTE-UHFFFAOYSA-N"", ""YWSPFJMRXWALBW-UHFFFAOYSA-N"", ""BLNVGTGPKHCQME-UHFFFAOYSA-N"", ""ZFSLODLOARCGLH-UHFFFAOYSA-N"", ""OHJMTUPIZMNBFR-UHFFFAOYSA-N"", ""AVWRKZWQTYIKIY-UHFFFAOYSA-N"", ""KXDHJXZQYSOELW-UHFFFAOYSA-N""]","[""FR-BBD3-CAND-c0257__e00001"", ""FR-BBD3-CAND-c0257__e00004"", ""FR-BBD3-CAND-c0257__e00010"", ""FR-BBD3-CAND-c0257__e00016"", ""FR-BBD3-CAND-c0257__e00021"", ""FR-BBD3-CAND-c0257__e00027""]","[1.0, 1.0, 1.0, 1.0, 1.0, 1.0]","[""multi_generation_edge_probability"", ""multi_generation_edge_probability"", ""multi_generation_edge_probability"", ""multi_generation_edge_probability"", ""multi_generation_edge_probability"", ""multi_generation_edge_probability""]",1.0,path_probability_product,simple_acyclic_path,max_depth_reached,True,False,False,False,False,False,False,False
FR-BBD3-CAND-c0257,scope_b_v0_3_candidate,Cyromazine (N-Cyclopropylmelamine),other_eawag_bbd_xenobiotic,envipath_prediction,envipath_bbd_rules_multistep,False,FR-BBD3-CAND-c0257__sp02,2,6,"[""FR-BBD3-CAND-c0257__n00000"", ""FR-BBD3-CAND-c0257__n00001"", ""FR-BBD3-CAND-c0257__n00004"", ""FR-BBD3-CAND-c0257__n00009"", ""FR-BBD3-CAND-c0257__n00012"", ""FR-BBD3-CAND-c0257__n00017"", ""FR-BBD3-CAND-c0257__n00025""]","[""Nc1nc(N)nc(NC2CC2)n1"", ""Nc1nc(O)nc(NC2CC2)n1"", ""Oc1nc(O)nc(NC2CC2)n1"", ""Oc1nc(O)nc(O)n1"", ""NC(=O)NC(N)=O"", ""NC(=O)NC(=O)O"", ""O=C(O)NC(=O)O""]","[""LVQDKIWDGQRHTE-UHFFFAOYSA-N"", ""YWSPFJMRXWALBW-UHFFFAOYSA-N"", ""BLNVGTGPKHCQME-UHFFFAOYSA-N"", ""ZFSLODLOARCGLH-UHFFFAOYSA-N"", ""OHJMTUPIZMNBFR-UHFFFAOYSA-N"", ""AVWRKZWQTYIKIY-UHFFFAOYSA-N"", ""BUZRUIZTMOKRPB-UHFFFAOYSA-N""]","[""FR-BBD3-CAND-c0257__e00001"", ""FR-BBD3-CAND-c0257__e00004"", ""FR-BBD3-CAND-c0257__e00010"", ""FR-BBD3-CAND-c0257__e00016"", ""FR-BBD3-CAND-c0257__e00021"", ""FR-BBD3-CAND-c0257__e00031""]","[1.0, 1.0, 1.0, 1.0, 1.0, 1.0]","[""multi_generation_edge_probability"", ""multi_generation_edge_probability"", ""multi_generation_edge_probability"", ""multi_generation_edge_probability"", ""multi_generation_edge_probability"", ""multi_generation_edge_probability""]",1.0,path_probability_product,simple_acyclic_path,max_depth_reached,True,False,False,False,False,False,False,False
FR-BBD3-CAND-c0257,scope_b_v0_3_candidate,Cyromazine (N-Cyclopropylmelamine),other_eawag_bbd_xenobiotic,envipath_prediction,envipath_bbd_rules_multistep,False,FR-BBD3-CAND-c0257__sp03,3,6,"[""FR-BBD3-CAND-c0257__n00000"", ""FR-BBD3-CAND-c0257__n00001"", ""FR-BBD3-CAND-c0257__n00004"", ""FR-BBD3-CAND-c0257__n00009"", ""FR-BBD3-CAND-c0257__n00012"", ""FR-BBD3-CAND-c0257__n00022"", ""FR-BBD3-CAND-c0257__n00019""]","[""Nc1nc(N)nc(NC2CC2)n1"", ""Nc1nc(O)nc(NC2CC2)n1"", ""Oc1nc(O)nc(NC2CC2)n1"", ""Oc1nc(O)nc(O)n1"", ""NC(=O)NC(N)=O"", ""NC(N)=O"", ""N""]","[""LVQDKIWDGQRHTE-UHFFFAOYSA-N"", ""YWSPFJMRXWALBW-UHFFFAOYSA-N"", ""BLNVGTGPKHCQME-UHFFFAOYSA-N"", ""ZFSLODLOARCGLH-UHFFFAOYSA-N"", ""OHJMTUPIZMNBFR-UHFFFAOYSA-N"", ""XSQUKJJJFZCRTK-UHFFFAOYSA-N"", ""QGZKDVFQNNGYKY-UHFFFAOYSA-N""]","[""FR-BBD3-CAND-c0257__e00001"", ""FR-BBD3-CAND-c0257__e00004"", ""FR-BBD3-CAND-c0257__e00010"", ""FR-BBD3-CAND-c0257__e00016"", ""FR-BBD3-CAND-c0257__e00026"", ""FR-BBD3-CAND-c0257__e00029""]","[1.0, 1.0, 1.0, 1.0, 1.0, 1.0]","[""multi_generation_edge_probability"", ""multi_generation_edge_probability"", ""multi_generation_edge_probability"", ""multi_generation_edge_probability"", ""multi_generation_edge_probability"", ""multi_generation_edge_probability""]",1.0,path_probability_product,simple_acyclic_path,max_depth_reached,True,False,False,False,False,False,False,False
FR-BBD3-CAND-c0257,scope_b_v0_3_candidate,Cyromazine (N-Cyclopropylmelamine),other_eawag_bbd_xenobiotic,envipath_prediction,envipath_bbd_rules_multistep,False,FR-BBD3-CAND-c0257__sp04,4,6,"[""FR-BBD3-CAND-c0257__n00000"", ""FR-BBD3-CAND-c0257__n00001"", ""FR-BBD3-CAND-c0257__n00004"", ""FR-BBD3-CAND-c0257__n00003"", ""FR-BBD3-CAND-c0257__n00006"", ""FR-BBD3-CAND-c0257__n00010"", ""FR-BBD3-CAND-c0257__n00013""]","[""Nc1nc(N)nc(NC2CC2)n1"", ""Nc1nc(O)nc(NC2CC2)n1"", ""Oc1nc(O)nc(NC2CC2)n1"", ""O=C1CC1"", ""O=C1CCO1"", ""O=C(O)CCO"", ""O=CCC(=O)O""]","[""LVQDKIWDGQRHTE-UHFFFAOYSA-N"", ""YWSPFJMRXWALBW-UHFFFAOYSA-N"", ""BLNVGTGPKHCQME-UHFFFAOYSA-N"", ""VBBRYJMZLIYUJQ-UHFFFAOYSA-N"", ""VEZXCJBBBCKRPI-UHFFFAOYSA-N"", ""ALRHLSYJTWAHJZ-UHFFFAOYSA-N"", ""OAKURXIZZOAYBC-UHFFFAOYSA-N""]","[""FR-BBD3-CAND-c0257__e00001"", ""FR-BBD3-CAND-c0257__e00004"", ""FR-BBD3-CAND-c0257__e00015"", ""FR-BBD3-CAND-c0257__e00006"", ""FR-BBD3-CAND-c0257__e00012"", ""FR-BBD3-CAND-c0257__e00017""]","[1.0, 1.0, 1.0, 1.0, 1.0, 1.0]","[""multi_generation_edge_probability"", ""multi_generation_edge_probability"", ""multi_generation_edge_probability"", ""multi_generation_edge_probability"", ""multi_generation_edge_probability"", ""multi_generation_edge_probability""]",1.0,path_probability_product,simple_acyclic_path,max_depth_reached,True,False,False,False,False,False,False,False
FR-BBD3-CAND-c0257,scope_b_v0_3_candidate,Cyromazine (N-Cyclopropylmelamine),other_eawag_bbd_xenobiotic,envipath_prediction,envipath_bbd_rules_multistep,False,FR-BBD3-CAND-c0257__sp05,5,6,"[""FR-BBD3-CAND-c0257__n00000"", ""FR-BBD3-CAND-c0257__n00001"", ""FR-BBD3-CAND-c0257__n00004"", ""FR-BBD3-CAND-c0257__n00003"", ""FR-BBD3-CAND-c0257__n00006"", ""FR-BBD3-CAND-c0257__n00010"", ""FR-BBD3-CAND-c0257__n00014""]","[""Nc1nc(N)nc(NC2CC2)n1"", ""Nc1nc(O)nc(NC2CC2)n1"", ""Oc1nc(O)nc(NC2CC2)n1"", ""O=C1CC1"", ""O=C1CCO1"", ""O=C(O)CCO"", ""O=C(O)C(O)CO""]","[""LVQDKIWDGQRHTE-UHFFFAOYSA-N"", ""YWSPFJMRXWALBW-UHFFFAOYSA-N"", ""BLNVGTGPKHCQME-UHFFFAOYSA-N"", ""VBBRYJMZLIYUJQ-UHFFFAOYSA-N"", ""VEZXCJBBBCKRPI-UHFFFAOYSA-N"", ""ALRHLSYJTWAHJZ-UHFFFAOYSA-N"", ""RBNPOMFGQQGHHO-UHFFFAOYSA-N""]","[""FR-BBD3-CAND-c0257__e00001"", ""FR-BBD3-CAND-c0257__e00004"", ""FR-BBD3-CAND-c0257__e00015"", ""FR-BBD3-CAND-c0257__e00006"", ""FR-BBD3-CAND-c0257__e00012"", ""FR-BBD3-CAND-c0257__e00018""]","[1.0, 1.0, 1.0, 1.0, 1.0, 1.0]","[""multi_generation_edge_probability"", ""multi_generation_edge_probability"", ""multi_generation_edge_probability"", ""multi_generation_edge_probability"", ""multi_generation_edge_probability"", ""multi_generation_edge_probability""]",1.0,path_probability_product,simple_acyclic_path,max_depth_reached,True,False,False,False,False,False,False,False
FR-BBD3-CAND-c0257,scope_b_v0_3_candidate,Cyromazine (N-Cyclopropylmelamine),other_eawag_bbd_xenobiotic,envipath_prediction,envipath_bbd_rules_multistep,False,FR-BBD3-CAND-c0257__sp06,6,6,"[""FR-BBD3-CAND-c0257__n00000"", ""FR-BBD3-CAND-c0257__n00001"", ""FR-BBD3-CAND-c0257__n00004"", ""FR-BBD3-CAND-c0257__n00003"", ""FR-BBD3-CAND-c0257__n00006"", ""FR-BBD3-CAND-c0257__n00011"", ""FR-BBD3-CAND-c0257__n00015""]","[""Nc1nc(N)nc(NC2CC2)n1"", ""Nc1nc(O)nc(NC2CC2)n1"", ""Oc1nc(O)nc(NC2CC2)n1"", ""O=C1CC1"", ""O=C1CCO1"", ""O=C1CC(O)O1"", ""O=C(O)CC(O)O""]","[""LVQDKIWDGQRHTE-UHFFFAOYSA-N"", ""YWSPFJMRXWALBW-UHFFFAOYSA-N"", ""BLNVGTGPKHCQME-UHFFFAOYSA-N"", ""VBBRYJMZLIYUJQ-UHFFFAOYSA-N"", ""VEZXCJBBBCKRPI-UHFFFAOYSA-N"", ""VZNKYYYANZLXLS-UHFFFAOYSA-N"", ""IPFDALLIRXQJDG-UHFFFAOYSA-N""]","[""FR-BBD3-CAND-c0257__e00001"", ""FR-BBD3-CAND-c0257__e00004"", ""FR-BBD3-CAND-c0257__e00015"", ""FR-BBD3-CAND-c0257__e00006"", ""FR-BBD3-CAND-c0257__e00014"", ""FR-BBD3-CAND-c0257__e00019""]","[1.0, 1.0, 1.0, 1.0, 1.0, 1.0]","[""multi_generation_edge_probability"", ""multi_generation_edge_probability"", ""multi_generation_edge_probability"", ""multi_generation_edge_probability"", ""multi_generation_edge_probability"", ""multi_generation_edge_probability""]",1.0,path_probability_product,simple_acyclic_path,max_depth_reached,True,False,False,False,False,False,False,False
FR-BBD3-CAND-c0257,scope_b_v0_3_candidate,Cyromazine (N-Cyclopropylmelamine),other_eawag_bbd_xenobiotic,envipath_prediction,envipath_bbd_rules_multistep,False,FR-BBD3-CAND-c0257__sp07,7,6,"[""FR-BBD3-CAND-c0257__n00000"", ""FR-BBD3-CAND-c0257__n00001"", ""FR-BBD3-CAND-c0257__n00004"", ""FR-BBD3-CAND-c0257__n00003"", ""FR-BBD3-CAND-c0257__n00006"", ""FR-BBD3-CAND-c0257__n00011"", ""FR-BBD3-CAND-c0257__n00016""]","[""Nc1nc(N)nc(NC2CC2)n1"", ""Nc1nc(O)nc(NC2CC2)n1"", ""Oc1nc(O)nc(NC2CC2)n1"", ""O=C1CC1"", ""O=C1CCO1"", ""O=C1CC(O)O1"", ""O=C1CC(=O)O1""]","[""LVQDKIWDGQRHTE-UHFFFAOYSA-N"", ""YWSPFJMRXWALBW-UHFFFAOYSA-N"", ""BLNVGTGPKHCQME-UHFFFAOYSA-N"", ""VBBRYJMZLIYUJQ-UHFFFAOYSA-N"", ""VEZXCJBBBCKRPI-UHFFFAOYSA-N"", ""VZNKYYYANZLXLS-UHFFFAOYSA-N"", ""KKHUSADXXDNRPW-UHFFFAOYSA-N""]","[""FR-BBD3-CAND-c0257__e00001"", ""FR-BBD3-CAND-c0257__e00004"", ""FR-BBD3-CAND-c0257__e00015"", ""FR-BBD3-CAND-c0257__e00006"", ""FR-BBD3-CAND-c0257__e00014"", ""FR-BBD3-CAND-c0257__e00020""]","[1.0, 1.0, 1.0, 1.0, 1.0, 1.0]","[""multi_generation_edge_probability"", ""multi_generation_edge_probability"", ""multi_generation_edge_probability"", ""multi_generation_edge_probability"", ""multi_generation_edge_probability"", ""multi_generation_edge_probability""]",1.0,path_probability_product,simple_acyclic_path,max_depth_reached,True,False,False,False,False,False,False,False
FR-BBD3-CAND-c0257,scope_b_v0_3_candidate,Cyromazine (N-Cyclopropylmelamine),other_eawag_bbd_xenobiotic,envipath_prediction,envipath_bbd_rules_multistep,False,FR-BBD3-CAND-c0257__sp08,8,6,"[""FR-BBD3-CAND-c0257__n00000"", ""FR-BBD3-CAND-c0257__n00001"", ""FR-BBD3-CAND-c0257__n00003"", ""FR-BBD3-CAND-c0257__n00006"", ""FR-BBD3-CAND-c0257__n00010"", ""FR-BBD3-CAND-c0257__n00013"", ""FR-BBD3-CAND-c0257__n00018""]","[""Nc1nc(N)nc(NC2CC2)n1"", ""Nc1nc(O)nc(NC2CC2)n1"", ""O=C1CC1"", ""O=C1CCO1"", ""O=C(O)CCO"", ""O=CCC(=O)O"", ""O=CC(O)C(=O)O""]","[""LVQDKIWDGQRHTE-UHFFFAOYSA-N"", ""YWSPFJMRXWALBW-UHFFFAOYSA-N"", ""VBBRYJMZLIYUJQ-UHFFFAOYSA-N"", ""VEZXCJBBBCKRPI-UHFFFAOYSA-N"", ""ALRHLSYJTWAHJZ-UHFFFAOYSA-N"", ""OAKURXIZZOAYBC-UHFFFAOYSA-N"", ""QWBAFPFNGRFSFB-UHFFFAOYSA-N""]","[""FR-BBD3-CAND-c0257__e00001"", ""FR-BBD3-CAND-c0257__e00007"", ""FR-BBD3-CAND-c0257__e00006"", ""FR-BBD3-CAND-c0257__e00012"", ""FR-BBD3-CAND-c0257__e00017"", ""FR-BBD3-CAND-c0257__e00022""]","[1.0, 1.0, 1.0, 1.0, 1.0, 1.0]","[""multi_generation_edge_probability"", ""multi_generation_edge_probability"", ""multi_generation_edge_probability"", ""multi_generation_edge_probability"", ""multi_generation_edge_probability"", ""multi_generation_edge_probability""]",1.0,path_probability_product,simple_acyclic_path,max_depth_reached,True,False,False,False,False,False,False,False
FR-BBD3-CAND-c0257,scope_b_v0_3_candidate,Cyromazine (N-Cyclopropylmelamine),other_eawag_bbd_xenobiotic,envipath_prediction,envipath_bbd_rules_multistep,False,FR-BBD3-CAND-c0257__sp09,9,6,"[""FR-BBD3-CAND-c0257__n00000"", ""FR-BBD3-CAND-c0257__n00001"", ""FR-BBD3-CAND-c0257__n00003"", ""FR-BBD3-CAND-c0257__n00006"", ""FR-BBD3-CAND-c0257__n00010"", ""FR-BBD3-CAND-c0257__n00013"", ""FR-BBD3-CAND-c0257__n00020""]","[""Nc1nc(N)nc(NC2CC2)n1"", ""Nc1nc(O)nc(NC2CC2)n1"", ""O=C1CC1"", ""O=C1CCO1"", ""O=C(O)CCO"", ""O=CCC(=O)O"", ""O=C(O)CC(=O)O""]","[""LVQDKIWDGQRHTE-UHFFFAOYSA-N"", ""YWSPFJMRXWALBW-UHFFFAOYSA-N"", ""VBBRYJMZLIYUJQ-UHFFFAOYSA-N"", ""VEZXCJBBBCKRPI-UHFFFAOYSA-N"", ""ALRHLSYJTWAHJZ-UHFFFAOYSA-N"", ""OAKURXIZZOAYBC-UHFFFAOYSA-N"", ""OFOBLEOULBTSOW-UHFFFAOYSA-N""]","[""FR-BBD3-CAND-c0257__e00001"", ""FR-BBD3-CAND-c0257__e00007"", ""FR-BBD3-CAND-c0257__e00006"", ""FR-BBD3-CAND-c0257__e00012"", ""FR-BBD3-CAND-c0257__e00017"", ""FR-BBD3-CAND-c0257__e00024""]","[1.0, 1.0, 1.0, 1.0, 1.0, 1.0]","[""multi_generation_edge_probability"", ""multi_generation_edge_probability"", ""multi_generation_edge_probability"", ""multi_generation_edge_probability"", ""multi_generation_edge_probability"", ""multi_generation_edge_probability""]",1.0,path_probability_product,simple_acyclic_path,max_depth_reached,True,False,False,False,False,False,False,False
FR-BBD3-CAND-c0257,scope_b_v0_3_candidate,Cyromazine (N-Cyclopropylmelamine),other_eawag_bbd_xenobiotic,envipath_prediction,envipath_bbd_rules_multistep,False,FR-BBD3-CAND-c0257__sp10,10,6,"[""FR-BBD3-CAND-c0257__n00000"", ""FR-BBD3-CAND-c0257__n00003"", ""FR-BBD3-CAND-c0257__n00006"", ""FR-BBD3-CAND-c0257__n00010"", ""FR-BBD3-CAND-c0257__n00013"", ""FR-BBD3-CAND-c0257__n00018"", ""FR-BBD3-CAND-c0257__n00023""]","[""Nc1nc(N)nc(NC2CC2)n1"", ""O=C1CC1"", ""O=C1CCO1"", ""O=C(O)CCO"", ""O=CCC(=O)O"", ""O=CC(O)C(=O)O"", ""O=C(O)C(O)C(=O)O""]","[""LVQDKIWDGQRHTE-UHFFFAOYSA-N"", ""VBBRYJMZLIYUJQ-UHFFFAOYSA-N"", ""VEZXCJBBBCKRPI-UHFFFAOYSA-N"", ""ALRHLSYJTWAHJZ-UHFFFAOYSA-N"", ""OAKURXIZZOAYBC-UHFFFAOYSA-N"", ""QWBAFPFNGRFSFB-UHFFFAOYSA-N"", ""ROBFUDYVXSDBQM-UHFFFAOYSA-N""]","[""FR-BBD3-CAND-c0257__e00003"", ""FR-BBD3-CAND-c0257__e00006"", ""FR-BBD3-CAND-c0257__e00012"", ""FR-BBD3-CAND-c0257__e00017"", ""FR-BBD3-CAND-c0257__e00022"", ""FR-BBD3-CAND-c0257__e00028""]","[1.0, 1.0, 1.0, 1.0, 1.0, 1.0]","[""multi_generation_edge_probability"", ""multi_generation_edge_probability"", ""multi_generation_edge_probability"", ""multi_generation_edge_probability"", ""multi_generation_edge_probability"", ""multi_generation_edge_probability""]",1.0,path_probability_product,simple_acyclic_path,max_depth_reached,True,False,False,False,False,False,False,False
FR-BBD3-CAND-c0282,scope_b_v0_3_candidate,3-Hydroxytoluene (m-Cresol),other_eawag_bbd_xenobiotic,envipath_prediction,envipath_bbd_rules_multistep,False,FR-BBD3-CAND-c0282__sp01,1,6,"[""FR-BBD3-CAND-c0282__n00000"", ""FR-BBD3-CAND-c0282__n00001"", ""FR-BBD3-CAND-c0282__n00004"", ""FR-BBD3-CAND-c0282__n00010"", ""FR-BBD3-CAND-c0282__n00025"", ""FR-BBD3-CAND-c0282__n00030"", ""FR-BBD3-CAND-c0282__n00031""]","[""Cc1cccc(O)c1"", ""O=C(O)CC(Cc1cccc(O)c1)C(=O)O"", ""O=C(O)C(O)C(Cc1cccc(O)c1)C(=O)O"", ""O=C(O)C(O)C(O)(Cc1cccc(O)c1)C(=O)O"", ""O=C(O)CO"", ""O=CC(=O)O"", ""O=C(O)C(=O)O""]","[""RLSSMJSEOOYNOY-UHFFFAOYSA-N"", ""LTJBCAXNCIKFQK-UHFFFAOYSA-N"", ""GXQXYFBNKBTYGI-UHFFFAOYSA-N"", ""GFWGVPFVKHAXEG-UHFFFAOYSA-N"", ""AEMRFAOFKBGASW-UHFFFAOYSA-N"", ""HHLFWLYXYJOTON-UHFFFAOYSA-N"", ""MUBZPKHOEPUJKR-UHFFFAOYSA-N""]","[""FR-BBD3-CAND-c0282__e00001"", ""FR-BBD3-CAND-c0282__e00004"", ""FR-BBD3-CAND-c0282__e00010"", ""FR-BBD3-CAND-c0282__e00026"", ""FR-BBD3-CAND-c0282__e00032"", ""FR-BBD3-CAND-c0282__e00033""]","[1.0, 1.0, 1.0, 1.0, 1.0, 1.0]","[""multi_generation_edge_probability"", ""multi_generation_edge_probability"", ""multi_generation_edge_probability"", ""multi_generation_edge_probability"", ""multi_generation_edge_probability"", ""multi_generation_edge_probability""]",1.0,path_probability_product,simple_acyclic_path,max_depth_reached,True,False,False,False,False,False,False,False
FR-BBD3-CAND-c0282,scope_b_v0_3_candidate,3-Hydroxytoluene (m-Cresol),other_eawag_bbd_xenobiotic,envipath_prediction,envipath_bbd_rules_multistep,False,FR-BBD3-CAND-c0282__sp02,2,5,"[""FR-BBD3-CAND-c0282__n00000"", ""FR-BBD3-CAND-c0282__n00001"", ""FR-BBD3-CAND-c0282__n00004"", ""FR-BBD3-CAND-c0282__n00010"", ""FR-BBD3-CAND-c0282__n00018"", ""FR-BBD3-CAND-c0282__n00024""]","[""Cc1cccc(O)c1"", ""O=C(O)CC(Cc1cccc(O)c1)C(=O)O"", ""O=C(O)C(O)C(Cc1cccc(O)c1)C(=O)O"", ""O=C(O)C(O)C(O)(Cc1cccc(O)c1)C(=O)O"", ""O=C(O)C(=O)Cc1cccc(O)c1"", ""O=C(O)C(=O)C(O)c1cccc(O)c1""]","[""RLSSMJSEOOYNOY-UHFFFAOYSA-N"", ""LTJBCAXNCIKFQK-UHFFFAOYSA-N"", ""GXQXYFBNKBTYGI-UHFFFAOYSA-N"", ""GFWGVPFVKHAXEG-UHFFFAOYSA-N"", ""PNYWALDMLUDDTA-UHFFFAOYSA-N"", ""HUAGVSVNYMXJLU-UHFFFAOYSA-N""]","[""FR-BBD3-CAND-c0282__e00001"", ""FR-BBD3-CAND-c0282__e00004"", ""FR-BBD3-CAND-c0282__e00010"", ""FR-BBD3-CAND-c0282__e00022"", ""FR-BBD3-CAND-c0282__e00025""]","[1.0, 1.0, 1.0, 1.0, 1.0]","[""multi_generation_edge_probability"", ""multi_generation_edge_probability"", ""multi_generation_edge_probability"", ""multi_generation_edge_probability"", ""multi_generation_edge_probability""]",1.0,path_probability_product,simple_acyclic_path,frontier_empty,True,False,False,False,False,False,False,False
FR-BBD3-CAND-c0282,scope_b_v0_3_candidate,3-Hydroxytoluene (m-Cresol),other_eawag_bbd_xenobiotic,envipath_prediction,envipath_bbd_rules_multistep,False,FR-BBD3-CAND-c0282__sp03,3,4,"[""FR-BBD3-CAND-c0282__n00000"", ""FR-BBD3-CAND-c0282__n00001"", ""FR-BBD3-CAND-c0282__n00004"", ""FR-BBD3-CAND-c0282__n00010"", ""FR-BBD3-CAND-c0282__n00026""]","[""Cc1cccc(O)c1"", ""O=C(O)CC(Cc1cccc(O)c1)C(=O)O"", ""O=C(O)C(O)C(Cc1cccc(O)c1)C(=O)O"", ""O=C(O)C(O)C(O)(Cc1cccc(O)c1)C(=O)O"", ""O=C(O)C(O)C(O)(Cc1cc(O)ccc1O)C(=O)O""]","[""RLSSMJSEOOYNOY-UHFFFAOYSA-N"", ""LTJBCAXNCIKFQK-UHFFFAOYSA-N"", ""GXQXYFBNKBTYGI-UHFFFAOYSA-N"", ""GFWGVPFVKHAXEG-UHFFFAOYSA-N"", ""RBWMJRJOQVZJFK-UHFFFAOYSA-N""]","[""FR-BBD3-CAND-c0282__e00001"", ""FR-BBD3-CAND-c0282__e00004"", ""FR-BBD3-CAND-c0282__e00010"", ""FR-BBD3-CAND-c0282__e00028""]","[1.0, 1.0, 1.0, 1.0]","[""multi_generation_edge_probability"", ""multi_generation_edge_probability"", ""multi_generation_edge_probability"", ""multi_generation_edge_probability""]",1.0,path_probability_product,simple_acyclic_path,frontier_empty,True,False,False,False,False,False,False,False
FR-BBD3-CAND-c0282,scope_b_v0_3_candidate,3-Hydroxytoluene (m-Cresol),other_eawag_bbd_xenobiotic,envipath_prediction,envipath_bbd_rules_multistep,False,FR-BBD3-CAND-c0282__sp04,4,4,"[""FR-BBD3-CAND-c0282__n00000"", ""FR-BBD3-CAND-c0282__n00001"", ""FR-BBD3-CAND-c0282__n00004"", ""FR-BBD3-CAND-c0282__n00010"", ""FR-BBD3-CAND-c0282__n00027""]","[""Cc1cccc(O)c1"", ""O=C(O)CC(Cc1cccc(O)c1)C(=O)O"", ""O=C(O)C(O)C(Cc1cccc(O)c1)C(=O)O"", ""O=C(O)C(O)C(O)(Cc1cccc(O)c1)C(=O)O"", ""O=C(O)C(O)C(O)(C(=O)O)C(O)c1cccc(O)c1""]","[""RLSSMJSEOOYNOY-UHFFFAOYSA-N"", ""LTJBCAXNCIKFQK-UHFFFAOYSA-N"", ""GXQXYFBNKBTYGI-UHFFFAOYSA-N"", ""GFWGVPFVKHAXEG-UHFFFAOYSA-N"", ""YYPUABHQQFEZBR-UHFFFAOYSA-N""]","[""FR-BBD3-CAND-c0282__e00001"", ""FR-BBD3-CAND-c0282__e00004"", ""FR-BBD3-CAND-c0282__e00010"", ""FR-BBD3-CAND-c0282__e00029""]","[1.0, 1.0, 1.0, 1.0]","[""multi_generation_edge_probability"", ""multi_generation_edge_probability"", ""multi_generation_edge_probability"", ""multi_generation_edge_probability""]",1.0,path_probability_product,simple_acyclic_path,frontier_empty,True,False,False,False,False,False,False,False
FR-BBD3-CAND-c0282,scope_b_v0_3_candidate,3-Hydroxytoluene (m-Cresol),other_eawag_bbd_xenobiotic,envipath_prediction,envipath_bbd_rules_multistep,False,FR-BBD3-CAND-c0282__sp05,5,4,"[""FR-BBD3-CAND-c0282__n00000"", ""FR-BBD3-CAND-c0282__n00001"", ""FR-BBD3-CAND-c0282__n00004"", ""FR-BBD3-CAND-c0282__n00010"", ""FR-BBD3-CAND-c0282__n00029""]","[""Cc1cccc(O)c1"", ""O=C(O)CC(Cc1cccc(O)c1)C(=O)O"", ""O=C(O)C(O)C(Cc1cccc(O)c1)C(=O)O"", ""O=C(O)C(O)C(O)(Cc1cccc(O)c1)C(=O)O"", ""O=C(O)C(=O)C(O)(Cc1cccc(O)c1)C(=O)O""]","[""RLSSMJSEOOYNOY-UHFFFAOYSA-N"", ""LTJBCAXNCIKFQK-UHFFFAOYSA-N"", ""GXQXYFBNKBTYGI-UHFFFAOYSA-N"", ""GFWGVPFVKHAXEG-UHFFFAOYSA-N"", ""KMCGPXAUSBEARD-UHFFFAOYSA-N""]","[""FR-BBD3-CAND-c0282__e00001"", ""FR-BBD3-CAND-c0282__e00004"", ""FR-BBD3-CAND-c0282__e00010"", ""FR-BBD3-CAND-c0282__e00031""]","[1.0, 1.0, 1.0, 1.0]","[""multi_generation_edge_probability"", ""multi_generation_edge_probability"", ""multi_generation_edge_probability"", ""multi_generation_edge_probability""]",1.0,path_probability_product,simple_acyclic_path,frontier_empty,True,False,False,False,False,False,False,False
FR-BBD3-CAND-c0282,scope_b_v0_3_candidate,3-Hydroxytoluene (m-Cresol),other_eawag_bbd_xenobiotic,envipath_prediction,envipath_bbd_rules_multistep,False,FR-BBD3-CAND-c0282__sp06,6,4,"[""FR-BBD3-CAND-c0282__n00000"", ""FR-BBD3-CAND-c0282__n00001"", ""FR-BBD3-CAND-c0282__n00006"", ""FR-BBD3-CAND-c0282__n00013"", ""FR-BBD3-CAND-c0282__n00023""]","[""Cc1cccc(O)c1"", ""O=C(O)CC(Cc1cccc(O)c1)C(=O)O"", ""O=C(O)CC(O)(Cc1cccc(O)c1)C(=O)O"", ""O=C(O)CC(O)(Cc1cc(O)ccc1O)C(=O)O"", ""O=C(O)C(=O)Cc1cc(O)ccc1O""]","[""RLSSMJSEOOYNOY-UHFFFAOYSA-N"", ""LTJBCAXNCIKFQK-UHFFFAOYSA-N"", ""DEKMTMCITJYFET-UHFFFAOYSA-N"", ""KIUAHJAFRBPSMW-UHFFFAOYSA-N"", ""AONTWSNRBQDGBT-UHFFFAOYSA-N""]","[""FR-BBD3-CAND-c0282__e00001"", ""FR-BBD3-CAND-c0282__e00006"", ""FR-BBD3-CAND-c0282__e00013"", ""FR-BBD3-CAND-c0282__e00024""]","[1.0, 1.0, 1.0, 1.0]","[""multi_generation_edge_probability"", ""multi_generation_edge_probability"", ""multi_generation_edge_probability"", ""multi_generation_edge_probability""]",1.0,path_probability_product,simple_acyclic_path,frontier_empty,True,False,False,False,False,False,False,False
FR-BBD3-CAND-c0282,scope_b_v0_3_candidate,3-Hydroxytoluene (m-Cresol),other_eawag_bbd_xenobiotic,envipath_prediction,envipath_bbd_rules_multistep,False,FR-BBD3-CAND-c0282__sp07,7,4,"[""FR-BBD3-CAND-c0282__n00000"", ""FR-BBD3-CAND-c0282__n00001"", ""FR-BBD3-CAND-c0282__n00006"", ""FR-BBD3-CAND-c0282__n00013"", ""FR-BBD3-CAND-c0282__n00020""]","[""Cc1cccc(O)c1"", ""O=C(O)CC(Cc1cccc(O)c1)C(=O)O"", ""O=C(O)CC(O)(Cc1cccc(O)c1)C(=O)O"", ""O=C(O)CC(O)(Cc1cc(O)ccc1O)C(=O)O"", ""CC(=O)O""]","[""RLSSMJSEOOYNOY-UHFFFAOYSA-N"", ""LTJBCAXNCIKFQK-UHFFFAOYSA-N"", ""DEKMTMCITJYFET-UHFFFAOYSA-N"", ""KIUAHJAFRBPSMW-UHFFFAOYSA-N"", ""QTBSBXVTEAMEQO-UHFFFAOYSA-N""]","[""FR-BBD3-CAND-c0282__e00001"", ""FR-BBD3-CAND-c0282__e00006"", ""FR-BBD3-CAND-c0282__e00013"", ""FR-BBD3-CAND-c0282__e00027""]","[1.0, 1.0, 1.0, 1.0]","[""multi_generation_edge_probability"", ""multi_generation_edge_probability"", ""multi_generation_edge_probability"", ""multi_generation_edge_probability""]",1.0,path_probability_product,simple_acyclic_path,frontier_empty,True,False,False,False,False,False,False,False
FR-BBD3-CAND-c0282,scope_b_v0_3_candidate,3-Hydroxytoluene (m-Cresol),other_eawag_bbd_xenobiotic,envipath_prediction,envipath_bbd_rules_multistep,False,FR-BBD3-CAND-c0282__sp08,8,4,"[""FR-BBD3-CAND-c0282__n00000"", ""FR-BBD3-CAND-c0282__n00001"", ""FR-BBD3-CAND-c0282__n00006"", ""FR-BBD3-CAND-c0282__n00013"", ""FR-BBD3-CAND-c0282__n00028""]","[""Cc1cccc(O)c1"", ""O=C(O)CC(Cc1cccc(O)c1)C(=O)O"", ""O=C(O)CC(O)(Cc1cccc(O)c1)C(=O)O"", ""O=C(O)CC(O)(Cc1cc(O)ccc1O)C(=O)O"", ""O=C(O)CC(O)(C(=O)O)C(O)c1cc(O)ccc1O""]","[""RLSSMJSEOOYNOY-UHFFFAOYSA-N"", ""LTJBCAXNCIKFQK-UHFFFAOYSA-N"", ""DEKMTMCITJYFET-UHFFFAOYSA-N"", ""KIUAHJAFRBPSMW-UHFFFAOYSA-N"", ""HOJGEVXPUIDAEW-UHFFFAOYSA-N""]","[""FR-BBD3-CAND-c0282__e00001"", ""FR-BBD3-CAND-c0282__e00006"", ""FR-BBD3-CAND-c0282__e00013"", ""FR-BBD3-CAND-c0282__e00030""]","[1.0, 1.0, 1.0, 1.0]","[""multi_generation_edge_probability"", ""multi_generation_edge_probability"", ""multi_generation_edge_probability"", ""multi_generation_edge_probability""]",1.0,path_probability_product,simple_acyclic_path,frontier_empty,True,False,False,False,False,False,False,False
FR-BBD3-CAND-c0282,scope_b_v0_3_candidate,3-Hydroxytoluene (m-Cresol),other_eawag_bbd_xenobiotic,envipath_prediction,envipath_bbd_rules_multistep,False,FR-BBD3-CAND-c0282__sp09,9,4,"[""FR-BBD3-CAND-c0282__n00000"", ""FR-BBD3-CAND-c0282__n00001"", ""FR-BBD3-CAND-c0282__n00006"", ""FR-BBD3-CAND-c0282__n00018"", ""FR-BBD3-CAND-c0282__n00024""]","[""Cc1cccc(O)c1"", ""O=C(O)CC(Cc1cccc(O)c1)C(=O)O"", ""O=C(O)CC(O)(Cc1cccc(O)c1)C(=O)O"", ""O=C(O)C(=O)Cc1cccc(O)c1"", ""O=C(O)C(=O)C(O)c1cccc(O)c1""]","[""RLSSMJSEOOYNOY-UHFFFAOYSA-N"", ""LTJBCAXNCIKFQK-UHFFFAOYSA-N"", ""DEKMTMCITJYFET-UHFFFAOYSA-N"", ""PNYWALDMLUDDTA-UHFFFAOYSA-N"", ""HUAGVSVNYMXJLU-UHFFFAOYSA-N""]","[""FR-BBD3-CAND-c0282__e00001"", ""FR-BBD3-CAND-c0282__e00006"", ""FR-BBD3-CAND-c0282__e00018"", ""FR-BBD3-CAND-c0282__e00025""]","[1.0, 1.0, 1.0, 1.0]","[""multi_generation_edge_probability"", ""multi_generation_edge_probability"", ""multi_generation_edge_probability"", ""multi_generation_edge_probability""]",1.0,path_probability_product,simple_acyclic_path,frontier_empty,True,False,False,False,False,False,False,False
FR-BBD3-CAND-c0282,scope_b_v0_3_candidate,3-Hydroxytoluene (m-Cresol),other_eawag_bbd_xenobiotic,envipath_prediction,envipath_bbd_rules_multistep,False,FR-BBD3-CAND-c0282__sp10,10,4,"[""FR-BBD3-CAND-c0282__n00000"", ""FR-BBD3-CAND-c0282__n00002"", ""FR-BBD3-CAND-c0282__n00005"", ""FR-BBD3-CAND-c0282__n00012"", ""FR-BBD3-CAND-c0282__n00022""]","[""Cc1cccc(O)c1"", ""Cc1cc(O)ccc1O"", ""OCc1cc(O)ccc1O"", ""O=Cc1cc(O)ccc1O"", ""O=C(O)c1cc(O)ccc1O""]","[""RLSSMJSEOOYNOY-UHFFFAOYSA-N"", ""CNHDIAIOKMXOLK-UHFFFAOYSA-N"", ""PUZSUVGRVHEUQO-UHFFFAOYSA-N"", ""CLFRCXCBWIQVRN-UHFFFAOYSA-N"", ""WXTMDXOMEHJXQO-UHFFFAOYSA-N""]","[""FR-BBD3-CAND-c0282__e00002"", ""FR-BBD3-CAND-c0282__e00005"", ""FR-BBD3-CAND-c0282__e00012"", ""FR-BBD3-CAND-c0282__e00023""]","[1.0, 1.0, 1.0, 1.0]","[""multi_generation_edge_probability"", ""multi_generation_edge_probability"", ""multi_generation_edge_probability"", ""multi_generation_edge_probability""]",1.0,path_probability_product,simple_acyclic_path,frontier_empty,True,False,False,False,False,False,False,False
FR-BBD3-CAND-c0347,scope_b_v0_3_candidate,Methanesulfonate,other_eawag_bbd_xenobiotic,envipath_prediction,envipath_bbd_rules_multistep,False,FR-BBD3-CAND-c0347__sp01,1,1,"[""FR-BBD3-CAND-c0347__n00000"", ""FR-BBD3-CAND-c0347__n00001""]","[""CS(=O)(=O)[O-]"", ""C=O""]","[""AFVFQIVMOAPDHO-UHFFFAOYSA-M"", ""WSFSSNUMVMOOMR-UHFFFAOYSA-N""]","[""FR-BBD3-CAND-c0347__e00001""]",[1.0],"[""multi_generation_edge_probability""]",1.0,path_probability_product,simple_acyclic_path,frontier_empty,True,False,False,False,False,False,False,False
FR-BBD3-CAND-c0347,scope_b_v0_3_candidate,Methanesulfonate,other_eawag_bbd_xenobiotic,envipath_prediction,envipath_bbd_rules_multistep,False,FR-BBD3-CAND-c0347__sp02,2,1,"[""FR-BBD3-CAND-c0347__n00000"", ""FR-BBD3-CAND-c0347__n00002""]","[""CS(=O)(=O)[O-]"", ""O=S(O)O""]","[""AFVFQIVMOAPDHO-UHFFFAOYSA-M"", ""LSNNMFCWUKXFEE-UHFFFAOYSA-N""]","[""FR-BBD3-CAND-c0347__e00002""]",[1.0],"[""multi_generation_edge_probability""]",1.0,path_probability_product,simple_acyclic_path,frontier_empty,True,False,False,False,False,False,False,False
FR-BBD3-CAND-c0611,scope_b_v0_3_candidate,"trans-1,3-Dichloropropene",halogenated_compound,envipath_prediction,envipath_bbd_rules_multistep,False,FR-BBD3-CAND-c0611__sp01,1,6,"[""FR-BBD3-CAND-c0611__n00000"", ""FR-BBD3-CAND-c0611__n00001"", ""FR-BBD3-CAND-c0611__n00005"", ""FR-BBD3-CAND-c0611__n00006"", ""FR-BBD3-CAND-c0611__n00011"", ""FR-BBD3-CAND-c0611__n00020"", ""FR-BBD3-CAND-c0611__n00030""]","[""Cl/C=C/CCl"", ""CC=CCl"", ""CCCCl"", ""OCCCCl"", ""OCCCO"", ""O=CCCO"", ""O=C(O)CCO""]","[""UOORRWUZONOOLO-OWOJBTEDSA-N"", ""OWXJKYNZGFSVRC-UHFFFAOYSA-N"", ""SNMVRZFUUCLYTO-UHFFFAOYSA-N"", ""LAMUXTNQCICZQX-UHFFFAOYSA-N"", ""YPFDHNVEDLHUCE-UHFFFAOYSA-N"", ""AKXKFZDCRYJKTF-UHFFFAOYSA-N"", ""ALRHLSYJTWAHJZ-UHFFFAOYSA-N""]","[""FR-BBD3-CAND-c0611__e00001"", ""FR-BBD3-CAND-c0611__e00005"", ""FR-BBD3-CAND-c0611__e00012"", ""FR-BBD3-CAND-c0611__e00013"", ""FR-BBD3-CAND-c0611__e00023"", ""FR-BBD3-CAND-c0611__e00034""]","[1.0, 1.0, 1.0, 1.0, 1.0, 1.0]","[""multi_generation_edge_probability"", ""multi_generation_edge_probability"", ""multi_generation_edge_probability"", ""multi_generation_edge_probability"", ""multi_generation_edge_probability"", ""multi_generation_edge_probability""]",1.0,path_probability_product,simple_acyclic_path,max_depth_reached,True,False,False,False,False,False,False,False
FR-BBD3-CAND-c0611,scope_b_v0_3_candidate,"trans-1,3-Dichloropropene",halogenated_compound,envipath_prediction,envipath_bbd_rules_multistep,False,FR-BBD3-CAND-c0611__sp02,2,6,"[""FR-BBD3-CAND-c0611__n00000"", ""FR-BBD3-CAND-c0611__n00001"", ""FR-BBD3-CAND-c0611__n00008"", ""FR-BBD3-CAND-c0611__n00007"", ""FR-BBD3-CAND-c0611__n00018"", ""FR-BBD3-CAND-c0611__n00024"", ""FR-BBD3-CAND-c0611__n00031""]","[""Cl/C=C/CCl"", ""CC=CCl"", ""C=CC"", ""C=CCO"", ""OCC1CO1"", ""O=CC1CO1"", ""O=CC(O)CO""]","[""UOORRWUZONOOLO-OWOJBTEDSA-N"", ""OWXJKYNZGFSVRC-UHFFFAOYSA-N"", ""QQONPFPTGQHPMA-UHFFFAOYSA-N"", ""XXROGKLTLUQVRX-UHFFFAOYSA-N"", ""CTKINSOISVBQLD-UHFFFAOYSA-N"", ""IWYRWIUNAVNFPE-UHFFFAOYSA-N"", ""MNQZXJOMYWMBOU-UHFFFAOYSA-N""]","[""FR-BBD3-CAND-c0611__e00001"", ""FR-BBD3-CAND-c0611__e00008"", ""FR-BBD3-CAND-c0611__e00016"", ""FR-BBD3-CAND-c0611__e00021"", ""FR-BBD3-CAND-c0611__e00027"", ""FR-BBD3-CAND-c0611__e00035""]","[1.0, 1.0, 1.0, 1.0, 1.0, 1.0]","[""multi_generation_edge_probability"", ""multi_generation_edge_probability"", ""multi_generation_edge_probability"", ""multi_generation_edge_probability"", ""multi_generation_edge_probability"", ""multi_generation_edge_probability""]",1.0,path_probability_product,simple_acyclic_path,max_depth_reached,True,False,False,False,False,False,False,False
FR-BBD3-CAND-c0611,scope_b_v0_3_candidate,"trans-1,3-Dichloropropene",halogenated_compound,envipath_prediction,envipath_bbd_rules_multistep,False,FR-BBD3-CAND-c0611__sp03,3,6,"[""FR-BBD3-CAND-c0611__n00000"", ""FR-BBD3-CAND-c0611__n00001"", ""FR-BBD3-CAND-c0611__n00008"", ""FR-BBD3-CAND-c0611__n00007"", ""FR-BBD3-CAND-c0611__n00018"", ""FR-BBD3-CAND-c0611__n00024"", ""FR-BBD3-CAND-c0611__n00037""]","[""Cl/C=C/CCl"", ""CC=CCl"", ""C=CC"", ""C=CCO"", ""OCC1CO1"", ""O=CC1CO1"", ""O=C(O)C1CO1""]","[""UOORRWUZONOOLO-OWOJBTEDSA-N"", ""OWXJKYNZGFSVRC-UHFFFAOYSA-N"", ""QQONPFPTGQHPMA-UHFFFAOYSA-N"", ""XXROGKLTLUQVRX-UHFFFAOYSA-N"", ""CTKINSOISVBQLD-UHFFFAOYSA-N"", ""IWYRWIUNAVNFPE-UHFFFAOYSA-N"", ""OTGHWLKHGCENJV-UHFFFAOYSA-N""]","[""FR-BBD3-CAND-c0611__e00001"", ""FR-BBD3-CAND-c0611__e00008"", ""FR-BBD3-CAND-c0611__e00016"", ""FR-BBD3-CAND-c0611__e00021"", ""FR-BBD3-CAND-c0611__e00027"", ""FR-BBD3-CAND-c0611__e00041""]","[1.0, 1.0, 1.0, 1.0, 1.0, 1.0]","[""multi_generation_edge_probability"", ""multi_generation_edge_probability"", ""multi_generation_edge_probability"", ""multi_generation_edge_probability"", ""multi_generation_edge_probability"", ""multi_generation_edge_probability""]",1.0,path_probability_product,simple_acyclic_path,max_depth_reached,True,False,False,False,False,False,False,False
FR-BBD3-CAND-c0611,scope_b_v0_3_candidate,"trans-1,3-Dichloropropene",halogenated_compound,envipath_prediction,envipath_bbd_rules_multistep,False,FR-BBD3-CAND-c0611__sp04,4,6,"[""FR-BBD3-CAND-c0611__n00000"", ""FR-BBD3-CAND-c0611__n00001"", ""FR-BBD3-CAND-c0611__n00003"", ""FR-BBD3-CAND-c0611__n00007"", ""FR-BBD3-CAND-c0611__n00018"", ""FR-BBD3-CAND-c0611__n00024"", ""FR-BBD3-CAND-c0611__n00031""]","[""Cl/C=C/CCl"", ""CC=CCl"", ""OCC=CCl"", ""C=CCO"", ""OCC1CO1"", ""O=CC1CO1"", ""O=CC(O)CO""]","[""UOORRWUZONOOLO-OWOJBTEDSA-N"", ""OWXJKYNZGFSVRC-UHFFFAOYSA-N"", ""HJGHXDNIPAWLLE-UHFFFAOYSA-N"", ""XXROGKLTLUQVRX-UHFFFAOYSA-N"", ""CTKINSOISVBQLD-UHFFFAOYSA-N"", ""IWYRWIUNAVNFPE-UHFFFAOYSA-N"", ""MNQZXJOMYWMBOU-UHFFFAOYSA-N""]","[""FR-BBD3-CAND-c0611__e00001"", ""FR-BBD3-CAND-c0611__e00011"", ""FR-BBD3-CAND-c0611__e00007"", ""FR-BBD3-CAND-c0611__e00021"", ""FR-BBD3-CAND-c0611__e00027"", ""FR-BBD3-CAND-c0611__e00035""]","[1.0, 1.0, 1.0, 1.0, 1.0, 1.0]","[""multi_generation_edge_probability"", ""multi_generation_edge_probability"", ""multi_generation_edge_probability"", ""multi_generation_edge_probability"", ""multi_generation_edge_probability"", ""multi_generation_edge_probability""]",1.0,path_probability_product,simple_acyclic_path,max_depth_reached,True,False,False,False,False,False,False,False
FR-BBD3-CAND-c0611,scope_b_v0_3_candidate,"trans-1,3-Dichloropropene",halogenated_compound,envipath_prediction,envipath_bbd_rules_multistep,False,FR-BBD3-CAND-c0611__sp05,5,6,"[""FR-BBD3-CAND-c0611__n00000"", ""FR-BBD3-CAND-c0611__n00001"", ""FR-BBD3-CAND-c0611__n00003"", ""FR-BBD3-CAND-c0611__n00007"", ""FR-BBD3-CAND-c0611__n00018"", ""FR-BBD3-CAND-c0611__n00024"", ""FR-BBD3-CAND-c0611__n00037""]","[""Cl/C=C/CCl"", ""CC=CCl"", ""OCC=CCl"", ""C=CCO"", ""OCC1CO1"", ""O=CC1CO1"", ""O=C(O)C1CO1""]","[""UOORRWUZONOOLO-OWOJBTEDSA-N"", ""OWXJKYNZGFSVRC-UHFFFAOYSA-N"", ""HJGHXDNIPAWLLE-UHFFFAOYSA-N"", ""XXROGKLTLUQVRX-UHFFFAOYSA-N"", ""CTKINSOISVBQLD-UHFFFAOYSA-N"", ""IWYRWIUNAVNFPE-UHFFFAOYSA-N"", ""OTGHWLKHGCENJV-UHFFFAOYSA-N""]","[""FR-BBD3-CAND-c0611__e00001"", ""FR-BBD3-CAND-c0611__e00011"", ""FR-BBD3-CAND-c0611__e00007"", ""FR-BBD3-CAND-c0611__e00021"", ""FR-BBD3-CAND-c0611__e00027"", ""FR-BBD3-CAND-c0611__e00041""]","[1.0, 1.0, 1.0, 1.0, 1.0, 1.0]","[""multi_generation_edge_probability"", ""multi_generation_edge_probability"", ""multi_generation_edge_probability"", ""multi_generation_edge_probability"", ""multi_generation_edge_probability"", ""multi_generation_edge_probability""]",1.0,path_probability_product,simple_acyclic_path,max_depth_reached,True,False,False,False,False,False,False,False
FR-BBD3-CAND-c0611,scope_b_v0_3_candidate,"trans-1,3-Dichloropropene",halogenated_compound,envipath_prediction,envipath_bbd_rules_multistep,False,FR-BBD3-CAND-c0611__sp06,6,6,"[""FR-BBD3-CAND-c0611__n00000"", ""FR-BBD3-CAND-c0611__n00001"", ""FR-BBD3-CAND-c0611__n00003"", ""FR-BBD3-CAND-c0611__n00009"", ""FR-BBD3-CAND-c0611__n00012"", ""FR-BBD3-CAND-c0611__n00022"", ""FR-BBD3-CAND-c0611__n00033""]","[""Cl/C=C/CCl"", ""CC=CCl"", ""OCC=CCl"", ""O=CC=CCl"", ""O=CCCCl"", ""CCC=O"", ""CCC(=O)O""]","[""UOORRWUZONOOLO-OWOJBTEDSA-N"", ""OWXJKYNZGFSVRC-UHFFFAOYSA-N"", ""HJGHXDNIPAWLLE-UHFFFAOYSA-N"", ""ZSOPPQGHWJVKJB-UHFFFAOYSA-N"", ""FFDNRFMIOVQZMT-UHFFFAOYSA-N"", ""NBBJYMSMWIIQGU-UHFFFAOYSA-N"", ""XBDQKXXYIPTUBI-UHFFFAOYSA-N""]","[""FR-BBD3-CAND-c0611__e00001"", ""FR-BBD3-CAND-c0611__e00011"", ""FR-BBD3-CAND-c0611__e00009"", ""FR-BBD3-CAND-c0611__e00014"", ""FR-BBD3-CAND-c0611__e00025"", ""FR-BBD3-CAND-c0611__e00037""]","[1.0, 1.0, 1.0, 1.0, 1.0, 1.0]","[""multi_generation_edge_probability"", ""multi_generation_edge_probability"", ""multi_generation_edge_probability"", ""multi_generation_edge_probability"", ""multi_generation_edge_probability"", ""multi_generation_edge_probability""]",1.0,path_probability_product,simple_acyclic_path,max_depth_reached,True,False,False,False,False,False,False,False
FR-BBD3-CAND-c0611,scope_b_v0_3_candidate,"trans-1,3-Dichloropropene",halogenated_compound,envipath_prediction,envipath_bbd_rules_multistep,False,FR-BBD3-CAND-c0611__sp07,7,6,"[""FR-BBD3-CAND-c0611__n00000"", ""FR-BBD3-CAND-c0611__n00001"", ""FR-BBD3-CAND-c0611__n00003"", ""FR-BBD3-CAND-c0611__n00009"", ""FR-BBD3-CAND-c0611__n00012"", ""FR-BBD3-CAND-c0611__n00022"", ""FR-BBD3-CAND-c0611__n00020""]","[""Cl/C=C/CCl"", ""CC=CCl"", ""OCC=CCl"", ""O=CC=CCl"", ""O=CCCCl"", ""CCC=O"", ""O=CCCO""]","[""UOORRWUZONOOLO-OWOJBTEDSA-N"", ""OWXJKYNZGFSVRC-UHFFFAOYSA-N"", ""HJGHXDNIPAWLLE-UHFFFAOYSA-N"", ""ZSOPPQGHWJVKJB-UHFFFAOYSA-N"", ""FFDNRFMIOVQZMT-UHFFFAOYSA-N"", ""NBBJYMSMWIIQGU-UHFFFAOYSA-N"", ""AKXKFZDCRYJKTF-UHFFFAOYSA-N""]","[""FR-BBD3-CAND-c0611__e00001"", ""FR-BBD3-CAND-c0611__e00011"", ""FR-BBD3-CAND-c0611__e00009"", ""FR-BBD3-CAND-c0611__e00014"", ""FR-BBD3-CAND-c0611__e00025"", ""FR-BBD3-CAND-c0611__e00044""]","[1.0, 1.0, 1.0, 1.0, 1.0, 1.0]","[""multi_generation_edge_probability"", ""multi_generation_edge_probability"", ""multi_generation_edge_probability"", ""multi_generation_edge_probability"", ""multi_generation_edge_probability"", ""multi_generation_edge_probability""]",1.0,path_probability_product,simple_acyclic_path,max_depth_reached,True,False,False,False,False,False,False,False
FR-BBD3-CAND-c0611,scope_b_v0_3_candidate,"trans-1,3-Dichloropropene",halogenated_compound,envipath_prediction,envipath_bbd_rules_multistep,False,FR-BBD3-CAND-c0611__sp08,8,6,"[""FR-BBD3-CAND-c0611__n00000"", ""FR-BBD3-CAND-c0611__n00001"", ""FR-BBD3-CAND-c0611__n00003"", ""FR-BBD3-CAND-c0611__n00009"", ""FR-BBD3-CAND-c0611__n00012"", ""FR-BBD3-CAND-c0611__n00026"", ""FR-BBD3-CAND-c0611__n00036""]","[""Cl/C=C/CCl"", ""CC=CCl"", ""OCC=CCl"", ""O=CC=CCl"", ""O=CCCCl"", ""O=CC(O)CCl"", ""O=CC(=O)CCl""]","[""UOORRWUZONOOLO-OWOJBTEDSA-N"", ""OWXJKYNZGFSVRC-UHFFFAOYSA-N"", ""HJGHXDNIPAWLLE-UHFFFAOYSA-N"", ""ZSOPPQGHWJVKJB-UHFFFAOYSA-N"", ""FFDNRFMIOVQZMT-UHFFFAOYSA-N"", ""DLVHCNKXFJLECF-UHFFFAOYSA-N"", ""KRYUFSWXHZJLMT-UHFFFAOYSA-N""]","[""FR-BBD3-CAND-c0611__e00001"", ""FR-BBD3-CAND-c0611__e00011"", ""FR-BBD3-CAND-c0611__e00009"", ""FR-BBD3-CAND-c0611__e00014"", ""FR-BBD3-CAND-c0611__e00029"", ""FR-BBD3-CAND-c0611__e00040""]","[1.0, 1.0, 1.0, 1.0, 1.0, 1.0]","[""multi_generation_edge_probability"", ""multi_generation_edge_probability"", ""multi_generation_edge_probability"", ""multi_generation_edge_probability"", ""multi_generation_edge_probability"", ""multi_generation_edge_probability""]",1.0,path_probability_product,simple_acyclic_path,max_depth_reached,True,False,False,False,False,False,False,False
FR-BBD3-CAND-c0611,scope_b_v0_3_candidate,"trans-1,3-Dichloropropene",halogenated_compound,envipath_prediction,envipath_bbd_rules_multistep,False,FR-BBD3-CAND-c0611__sp09,9,6,"[""FR-BBD3-CAND-c0611__n00000"", ""FR-BBD3-CAND-c0611__n00001"", ""FR-BBD3-CAND-c0611__n00003"", ""FR-BBD3-CAND-c0611__n00009"", ""FR-BBD3-CAND-c0611__n00012"", ""FR-BBD3-CAND-c0611__n00026"", ""FR-BBD3-CAND-c0611__n00024""]","[""Cl/C=C/CCl"", ""CC=CCl"", ""OCC=CCl"", ""O=CC=CCl"", ""O=CCCCl"", ""O=CC(O)CCl"", ""O=CC1CO1""]","[""UOORRWUZONOOLO-OWOJBTEDSA-N"", ""OWXJKYNZGFSVRC-UHFFFAOYSA-N"", ""HJGHXDNIPAWLLE-UHFFFAOYSA-N"", ""ZSOPPQGHWJVKJB-UHFFFAOYSA-N"", ""FFDNRFMIOVQZMT-UHFFFAOYSA-N"", ""DLVHCNKXFJLECF-UHFFFAOYSA-N"", ""IWYRWIUNAVNFPE-UHFFFAOYSA-N""]","[""FR-BBD3-CAND-c0611__e00001"", ""FR-BBD3-CAND-c0611__e00011"", ""FR-BBD3-CAND-c0611__e00009"", ""FR-BBD3-CAND-c0611__e00014"", ""FR-BBD3-CAND-c0611__e00029"", ""FR-BBD3-CAND-c0611__e00045""]","[1.0, 1.0, 1.0, 1.0, 1.0, 1.0]","[""multi_generation_edge_probability"", ""multi_generation_edge_probability"", ""multi_generation_edge_probability"", ""multi_generation_edge_probability"", ""multi_generation_edge_probability"", ""multi_generation_edge_probability""]",1.0,path_probability_product,simple_acyclic_path,max_depth_reached,True,False,False,False,False,False,False,False
FR-BBD3-CAND-c0611,scope_b_v0_3_candidate,"trans-1,3-Dichloropropene",halogenated_compound,envipath_prediction,envipath_bbd_rules_multistep,False,FR-BBD3-CAND-c0611__sp10,10,6,"[""FR-BBD3-CAND-c0611__n00000"", ""FR-BBD3-CAND-c0611__n00001"", ""FR-BBD3-CAND-c0611__n00003"", ""FR-BBD3-CAND-c0611__n00009"", ""FR-BBD3-CAND-c0611__n00019"", ""FR-BBD3-CAND-c0611__n00023"", ""FR-BBD3-CAND-c0611__n00035""]","[""Cl/C=C/CCl"", ""CC=CCl"", ""OCC=CCl"", ""O=CC=CCl"", ""O=C(O)C=CCl"", ""O=C(O)CCCl"", ""O=C(O)C(O)CCl""]","[""UOORRWUZONOOLO-OWOJBTEDSA-N"", ""OWXJKYNZGFSVRC-UHFFFAOYSA-N"", ""HJGHXDNIPAWLLE-UHFFFAOYSA-N"", ""ZSOPPQGHWJVKJB-UHFFFAOYSA-N"", ""MHMUCYJKZUZMNJ-UHFFFAOYSA-N"", ""QEYMMOKECZBKAC-UHFFFAOYSA-N"", ""OSLCJYYQMKPZHU-UHFFFAOYSA-N""]","[""FR-BBD3-CAND-c0611__e00001"", ""FR-BBD3-CAND-c0611__e00011"", ""FR-BBD3-CAND-c0611__e00009"", ""FR-BBD3-CAND-c0611__e00022"", ""FR-BBD3-CAND-c0611__e00026"", ""FR-BBD3-CAND-c0611__e00039""]","[1.0, 1.0, 1.0, 1.0, 1.0, 1.0]","[""multi_generation_edge_probability"", ""multi_generation_edge_probability"", ""multi_generation_edge_probability"", ""multi_generation_edge_probability"", ""multi_generation_edge_probability"", ""multi_generation_edge_probability""]",1.0,path_probability_product,simple_acyclic_path,max_depth_reached,True,False,False,False,False,False,False,False
FR-BBD3-CAND-c0620,scope_b_v0_3_candidate,trans-3-Chloroacrylic acid,halogenated_compound,envipath_prediction,envipath_bbd_rules_multistep,False,FR-BBD3-CAND-c0620__sp01,1,6,"[""FR-BBD3-CAND-c0620__n00000"", ""FR-BBD3-CAND-c0620__n00002"", ""FR-BBD3-CAND-c0620__n00006"", ""FR-BBD3-CAND-c0620__n00005"", ""FR-BBD3-CAND-c0620__n00011"", ""FR-BBD3-CAND-c0620__n00014"", ""FR-BBD3-CAND-c0620__n00017""]","[""O=C([O-])/C=C/Cl"", ""C=CC(=O)O"", ""CCC(=O)O"", ""O=C(O)CCO"", ""O=CCC(=O)O"", ""O=CC(O)C(=O)O"", ""O=C(O)C(O)C(=O)O""]","[""MHMUCYJKZUZMNJ-OWOJBTEDSA-M"", ""NIXOWILDQLNWCW-UHFFFAOYSA-N"", ""XBDQKXXYIPTUBI-UHFFFAOYSA-N"", ""ALRHLSYJTWAHJZ-UHFFFAOYSA-N"", ""OAKURXIZZOAYBC-UHFFFAOYSA-N"", ""QWBAFPFNGRFSFB-UHFFFAOYSA-N"", ""ROBFUDYVXSDBQM-UHFFFAOYSA-N""]","[""FR-BBD3-CAND-c0620__e00002"", ""FR-BBD3-CAND-c0620__e00006"", ""FR-BBD3-CAND-c0620__e00012"", ""FR-BBD3-CAND-c0620__e00011"", ""FR-BBD3-CAND-c0620__e00016"", ""FR-BBD3-CAND-c0620__e00019""]","[1.0, 1.0, 1.0, 1.0, 1.0, 1.0]","[""multi_generation_edge_probability"", ""multi_generation_edge_probability"", ""multi_generation_edge_probability"", ""multi_generation_edge_probability"", ""multi_generation_edge_probability"", ""multi_generation_edge_probability""]",1.0,path_probability_product,simple_acyclic_path,max_depth_reached,True,False,False,False,False,False,False,False
FR-BBD3-CAND-c0620,scope_b_v0_3_candidate,trans-3-Chloroacrylic acid,halogenated_compound,envipath_prediction,envipath_bbd_rules_multistep,False,FR-BBD3-CAND-c0620__sp02,2,6,"[""FR-BBD3-CAND-c0620__n00000"", ""FR-BBD3-CAND-c0620__n00002"", ""FR-BBD3-CAND-c0620__n00006"", ""FR-BBD3-CAND-c0620__n00005"", ""FR-BBD3-CAND-c0620__n00011"", ""FR-BBD3-CAND-c0620__n00014"", ""FR-BBD3-CAND-c0620__n00018""]","[""O=C([O-])/C=C/Cl"", ""C=CC(=O)O"", ""CCC(=O)O"", ""O=C(O)CCO"", ""O=CCC(=O)O"", ""O=CC(O)C(=O)O"", ""O=CC(=O)C(=O)O""]","[""MHMUCYJKZUZMNJ-OWOJBTEDSA-M"", ""NIXOWILDQLNWCW-UHFFFAOYSA-N"", ""XBDQKXXYIPTUBI-UHFFFAOYSA-N"", ""ALRHLSYJTWAHJZ-UHFFFAOYSA-N"", ""OAKURXIZZOAYBC-UHFFFAOYSA-N"", ""QWBAFPFNGRFSFB-UHFFFAOYSA-N"", ""JSCNFEFJALUGBY-UHFFFAOYSA-N""]","[""FR-BBD3-CAND-c0620__e00002"", ""FR-BBD3-CAND-c0620__e00006"", ""FR-BBD3-CAND-c0620__e00012"", ""FR-BBD3-CAND-c0620__e00011"", ""FR-BBD3-CAND-c0620__e00016"", ""FR-BBD3-CAND-c0620__e00020""]","[1.0, 1.0, 1.0, 1.0, 1.0, 1.0]","[""multi_generation_edge_probability"", ""multi_generation_edge_probability"", ""multi_generation_edge_probability"", ""multi_generation_edge_probability"", ""multi_generation_edge_probability"", ""multi_generation_edge_probability""]",1.0,path_probability_product,simple_acyclic_path,max_depth_reached,True,False,False,False,False,False,False,False
FR-BBD3-CAND-c0620,scope_b_v0_3_candidate,trans-3-Chloroacrylic acid,halogenated_compound,envipath_prediction,envipath_bbd_rules_multistep,False,FR-BBD3-CAND-c0620__sp03,3,5,"[""FR-BBD3-CAND-c0620__n00000"", ""FR-BBD3-CAND-c0620__n00002"", ""FR-BBD3-CAND-c0620__n00005"", ""FR-BBD3-CAND-c0620__n00011"", ""FR-BBD3-CAND-c0620__n00014"", ""FR-BBD3-CAND-c0620__n00017""]","[""O=C([O-])/C=C/Cl"", ""C=CC(=O)O"", ""O=C(O)CCO"", ""O=CCC(=O)O"", ""O=CC(O)C(=O)O"", ""O=C(O)C(O)C(=O)O""]","[""MHMUCYJKZUZMNJ-OWOJBTEDSA-M"", ""NIXOWILDQLNWCW-UHFFFAOYSA-N"", ""ALRHLSYJTWAHJZ-UHFFFAOYSA-N"", ""OAKURXIZZOAYBC-UHFFFAOYSA-N"", ""QWBAFPFNGRFSFB-UHFFFAOYSA-N"", ""ROBFUDYVXSDBQM-UHFFFAOYSA-N""]","[""FR-BBD3-CAND-c0620__e00002"", ""FR-BBD3-CAND-c0620__e00005"", ""FR-BBD3-CAND-c0620__e00011"", ""FR-BBD3-CAND-c0620__e00016"", ""FR-BBD3-CAND-c0620__e00019""]","[1.0, 1.0, 1.0, 1.0, 1.0]","[""multi_generation_edge_probability"", ""multi_generation_edge_probability"", ""multi_generation_edge_probability"", ""multi_generation_edge_probability"", ""multi_generation_edge_probability""]",1.0,path_probability_product,simple_acyclic_path,frontier_empty,True,False,False,False,False,False,False,False
FR-BBD3-CAND-c0620,scope_b_v0_3_candidate,trans-3-Chloroacrylic acid,halogenated_compound,envipath_prediction,envipath_bbd_rules_multistep,False,FR-BBD3-CAND-c0620__sp04,4,5,"[""FR-BBD3-CAND-c0620__n00000"", ""FR-BBD3-CAND-c0620__n00002"", ""FR-BBD3-CAND-c0620__n00005"", ""FR-BBD3-CAND-c0620__n00011"", ""FR-BBD3-CAND-c0620__n00014"", ""FR-BBD3-CAND-c0620__n00018""]","[""O=C([O-])/C=C/Cl"", ""C=CC(=O)O"", ""O=C(O)CCO"", ""O=CCC(=O)O"", ""O=CC(O)C(=O)O"", ""O=CC(=O)C(=O)O""]","[""MHMUCYJKZUZMNJ-OWOJBTEDSA-M"", ""NIXOWILDQLNWCW-UHFFFAOYSA-N"", ""ALRHLSYJTWAHJZ-UHFFFAOYSA-N"", ""OAKURXIZZOAYBC-UHFFFAOYSA-N"", ""QWBAFPFNGRFSFB-UHFFFAOYSA-N"", ""JSCNFEFJALUGBY-UHFFFAOYSA-N""]","[""FR-BBD3-CAND-c0620__e00002"", ""FR-BBD3-CAND-c0620__e00005"", ""FR-BBD3-CAND-c0620__e00011"", ""FR-BBD3-CAND-c0620__e00016"", ""FR-BBD3-CAND-c0620__e00020""]","[1.0, 1.0, 1.0, 1.0, 1.0]","[""multi_generation_edge_probability"", ""multi_generation_edge_probability"", ""multi_generation_edge_probability"", ""multi_generation_edge_probability"", ""multi_generation_edge_probability""]",1.0,path_probability_product,simple_acyclic_path,frontier_empty,True,False,False,False,False,False,False,False
FR-BBD3-CAND-c0620,scope_b_v0_3_candidate,trans-3-Chloroacrylic acid,halogenated_compound,envipath_prediction,envipath_bbd_rules_multistep,False,FR-BBD3-CAND-c0620__sp05,5,5,"[""FR-BBD3-CAND-c0620__n00000"", ""FR-BBD3-CAND-c0620__n00002"", ""FR-BBD3-CAND-c0620__n00006"", ""FR-BBD3-CAND-c0620__n00005"", ""FR-BBD3-CAND-c0620__n00011"", ""FR-BBD3-CAND-c0620__n00016""]","[""O=C([O-])/C=C/Cl"", ""C=CC(=O)O"", ""CCC(=O)O"", ""O=C(O)CCO"", ""O=CCC(=O)O"", ""O=C(O)CC(=O)O""]","[""MHMUCYJKZUZMNJ-OWOJBTEDSA-M"", ""NIXOWILDQLNWCW-UHFFFAOYSA-N"", ""XBDQKXXYIPTUBI-UHFFFAOYSA-N"", ""ALRHLSYJTWAHJZ-UHFFFAOYSA-N"", ""OAKURXIZZOAYBC-UHFFFAOYSA-N"", ""OFOBLEOULBTSOW-UHFFFAOYSA-N""]","[""FR-BBD3-CAND-c0620__e00002"", ""FR-BBD3-CAND-c0620__e00006"", ""FR-BBD3-CAND-c0620__e00012"", ""FR-BBD3-CAND-c0620__e00011"", ""FR-BBD3-CAND-c0620__e00018""]","[1.0, 1.0, 1.0, 1.0, 1.0]","[""multi_generation_edge_probability"", ""multi_generation_edge_probability"", ""multi_generation_edge_probability"", ""multi_generation_edge_probability"", ""multi_generation_edge_probability""]",1.0,path_probability_product,simple_acyclic_path,frontier_empty,True,False,False,False,False,False,False,False
FR-BBD3-CAND-c0620,scope_b_v0_3_candidate,trans-3-Chloroacrylic acid,halogenated_compound,envipath_prediction,envipath_bbd_rules_multistep,False,FR-BBD3-CAND-c0620__sp06,6,4,"[""FR-BBD3-CAND-c0620__n00000"", ""FR-BBD3-CAND-c0620__n00001"", ""FR-BBD3-CAND-c0620__n00004"", ""FR-BBD3-CAND-c0620__n00008"", ""FR-BBD3-CAND-c0620__n00010""]","[""O=C([O-])/C=C/Cl"", ""O=C(O)CCCl"", ""O=C(O)C(O)CCl"", ""O=C(O)C1CO1"", ""O=C(O)C(O)CO""]","[""MHMUCYJKZUZMNJ-OWOJBTEDSA-M"", ""QEYMMOKECZBKAC-UHFFFAOYSA-N"", ""OSLCJYYQMKPZHU-UHFFFAOYSA-N"", ""OTGHWLKHGCENJV-UHFFFAOYSA-N"", ""RBNPOMFGQQGHHO-UHFFFAOYSA-N""]","[""FR-BBD3-CAND-c0620__e00001"", ""FR-BBD3-CAND-c0620__e00004"", ""FR-BBD3-CAND-c0620__e00015"", ""FR-BBD3-CAND-c0620__e00010""]","[1.0, 1.0, 1.0, 1.0]","[""multi_generation_edge_probability"", ""multi_generation_edge_probability"", ""multi_generation_edge_probability"", ""multi_generation_edge_probability""]",1.0,path_probability_product,simple_acyclic_path,frontier_empty,True,False,False,False,False,False,False,False
FR-BBD3-CAND-c0620,scope_b_v0_3_candidate,trans-3-Chloroacrylic acid,halogenated_compound,envipath_prediction,envipath_bbd_rules_multistep,False,FR-BBD3-CAND-c0620__sp07,7,4,"[""FR-BBD3-CAND-c0620__n00000"", ""FR-BBD3-CAND-c0620__n00002"", ""FR-BBD3-CAND-c0620__n00005"", ""FR-BBD3-CAND-c0620__n00011"", ""FR-BBD3-CAND-c0620__n00016""]","[""O=C([O-])/C=C/Cl"", ""C=CC(=O)O"", ""O=C(O)CCO"", ""O=CCC(=O)O"", ""O=C(O)CC(=O)O""]","[""MHMUCYJKZUZMNJ-OWOJBTEDSA-M"", ""NIXOWILDQLNWCW-UHFFFAOYSA-N"", ""ALRHLSYJTWAHJZ-UHFFFAOYSA-N"", ""OAKURXIZZOAYBC-UHFFFAOYSA-N"", ""OFOBLEOULBTSOW-UHFFFAOYSA-N""]","[""FR-BBD3-CAND-c0620__e00002"", ""FR-BBD3-CAND-c0620__e00005"", ""FR-BBD3-CAND-c0620__e00011"", ""FR-BBD3-CAND-c0620__e00018""]","[1.0, 1.0, 1.0, 1.0]","[""multi_generation_edge_probability"", ""multi_generation_edge_probability"", ""multi_generation_edge_probability"", ""multi_generation_edge_probability""]",1.0,path_probability_product,simple_acyclic_path,frontier_empty,True,False,False,False,False,False,False,False
FR-BBD3-CAND-c0620,scope_b_v0_3_candidate,trans-3-Chloroacrylic acid,halogenated_compound,envipath_prediction,envipath_bbd_rules_multistep,False,FR-BBD3-CAND-c0620__sp08,8,4,"[""FR-BBD3-CAND-c0620__n00000"", ""FR-BBD3-CAND-c0620__n00003"", ""FR-BBD3-CAND-c0620__n00007"", ""FR-BBD3-CAND-c0620__n00012"", ""FR-BBD3-CAND-c0620__n00015""]","[""O=C([O-])/C=C/Cl"", ""O=C(O)CC(O)Cl"", ""O=C(O)C(O)C(O)Cl"", ""O=C(O)C(=O)C(O)Cl"", ""O=C(O)C(=O)CO""]","[""MHMUCYJKZUZMNJ-OWOJBTEDSA-M"", ""IONSDRDZYZUBSN-UHFFFAOYSA-N"", ""MMNQENQJKKWIJS-UHFFFAOYSA-N"", ""QYVBMUHUAIWPIU-UHFFFAOYSA-N"", ""HHDDCCUIIUWNGJ-UHFFFAOYSA-N""]","[""FR-BBD3-CAND-c0620__e00003"", ""FR-BBD3-CAND-c0620__e00007"", ""FR-BBD3-CAND-c0620__e00013"", ""FR-BBD3-CAND-c0620__e00017""]","[1.0, 1.0, 1.0, 1.0]","[""multi_generation_edge_probability"", ""multi_generation_edge_probability"", ""multi_generation_edge_probability"", ""multi_generation_edge_probability""]",1.0,path_probability_product,simple_acyclic_path,frontier_empty,True,False,False,False,False,False,False,False
FR-BBD3-CAND-c0620,scope_b_v0_3_candidate,trans-3-Chloroacrylic acid,halogenated_compound,envipath_prediction,envipath_bbd_rules_multistep,False,FR-BBD3-CAND-c0620__sp09,9,3,"[""FR-BBD3-CAND-c0620__n00000"", ""FR-BBD3-CAND-c0620__n00001"", ""FR-BBD3-CAND-c0620__n00004"", ""FR-BBD3-CAND-c0620__n00009""]","[""O=C([O-])/C=C/Cl"", ""O=C(O)CCCl"", ""O=C(O)C(O)CCl"", ""O=C(O)C(=O)CCl""]","[""MHMUCYJKZUZMNJ-OWOJBTEDSA-M"", ""QEYMMOKECZBKAC-UHFFFAOYSA-N"", ""OSLCJYYQMKPZHU-UHFFFAOYSA-N"", ""RCWFNCXDFSOVLG-UHFFFAOYSA-N""]","[""FR-BBD3-CAND-c0620__e00001"", ""FR-BBD3-CAND-c0620__e00004"", ""FR-BBD3-CAND-c0620__e00009""]","[1.0, 1.0, 1.0]","[""multi_generation_edge_probability"", ""multi_generation_edge_probability"", ""multi_generation_edge_probability""]",1.0,path_probability_product,simple_acyclic_path,frontier_empty,True,False,False,False,False,False,False,False
FR-BBD3-CAND-c0620,scope_b_v0_3_candidate,trans-3-Chloroacrylic acid,halogenated_compound,envipath_prediction,envipath_bbd_rules_multistep,False,FR-BBD3-CAND-c0620__sp10,10,3,"[""FR-BBD3-CAND-c0620__n00000"", ""FR-BBD3-CAND-c0620__n00001"", ""FR-BBD3-CAND-c0620__n00004"", ""FR-BBD3-CAND-c0620__n00013""]","[""O=C([O-])/C=C/Cl"", ""O=C(O)CCCl"", ""O=C(O)C(O)CCl"", ""CC(O)C(=O)O""]","[""MHMUCYJKZUZMNJ-OWOJBTEDSA-M"", ""QEYMMOKECZBKAC-UHFFFAOYSA-N"", ""OSLCJYYQMKPZHU-UHFFFAOYSA-N"", ""JVTAAEKCZFNVCJ-UHFFFAOYSA-N""]","[""FR-BBD3-CAND-c0620__e00001"", ""FR-BBD3-CAND-c0620__e00004"", ""FR-BBD3-CAND-c0620__e00014""]","[1.0, 1.0, 1.0]","[""multi_generation_edge_probability"", ""multi_generation_edge_probability"", ""multi_generation_edge_probability""]",1.0,path_probability_product,simple_acyclic_path,frontier_empty,True,False,False,False,False,False,False,False
FR-BBD3-CAND-c0971,scope_b_v0_3_candidate,Fosfomycin,other_eawag_bbd_xenobiotic,envipath_prediction,envipath_bbd_rules_multistep,False,FR-BBD3-CAND-c0971__sp01,1,5,"[""FR-BBD3-CAND-c0971__n00000"", ""FR-BBD3-CAND-c0971__n00001"", ""FR-BBD3-CAND-c0971__n00003"", ""FR-BBD3-CAND-c0971__n00006"", ""FR-BBD3-CAND-c0971__n00009"", ""FR-BBD3-CAND-c0971__n00011""]","[""CC1OC1P(=O)(O)O"", ""CC(O)C(O)P(=O)(O)O"", ""CC(=O)C(O)P(=O)(O)O"", ""O=C(CO)C(O)P(=O)(O)O"", ""O=CC(=O)C(O)P(=O)(O)O"", ""O=C(O)C(=O)C(O)P(=O)(O)O""]","[""YMDXZJFXQJVXBF-UHFFFAOYSA-N"", ""MXMXXUIOCREOTJ-UHFFFAOYSA-N"", ""KSYYQRBYOSWYSX-UHFFFAOYSA-N"", ""MBMFGLOKXOMWKD-UHFFFAOYSA-N"", ""NZNYQQWOGDZZHN-UHFFFAOYSA-N"", ""OVQSXHOJAIWUBL-UHFFFAOYSA-N""]","[""FR-BBD3-CAND-c0971__e00001"", ""FR-BBD3-CAND-c0971__e00003"", ""FR-BBD3-CAND-c0971__e00006"", ""FR-BBD3-CAND-c0971__e00009"", ""FR-BBD3-CAND-c0971__e00011""]","[1.0, 1.0, 1.0, 1.0, 1.0]","[""multi_generation_edge_probability"", ""multi_generation_edge_probability"", ""multi_generation_edge_probability"", ""multi_generation_edge_probability"", ""multi_generation_edge_probability""]",1.0,path_probability_product,simple_acyclic_path,frontier_empty,True,False,False,False,False,False,False,False
FR-BBD3-CAND-c0971,scope_b_v0_3_candidate,Fosfomycin,other_eawag_bbd_xenobiotic,envipath_prediction,envipath_bbd_rules_multistep,False,FR-BBD3-CAND-c0971__sp02,2,4,"[""FR-BBD3-CAND-c0971__n00000"", ""FR-BBD3-CAND-c0971__n00002"", ""FR-BBD3-CAND-c0971__n00005"", ""FR-BBD3-CAND-c0971__n00008"", ""FR-BBD3-CAND-c0971__n00010""]","[""CC1OC1P(=O)(O)O"", ""O=P(O)(O)C1OC1CO"", ""O=CC1OC1P(=O)(O)O"", ""O=C(O)C1OC1P(=O)(O)O"", ""O=C(O)C(O)C(O)P(=O)(O)O""]","[""YMDXZJFXQJVXBF-UHFFFAOYSA-N"", ""GPEGORIFKQJSOQ-UHFFFAOYSA-N"", ""BZMNGNOGDPCNLS-UHFFFAOYSA-N"", ""PZKAJFODMPAHHS-UHFFFAOYSA-N"", ""IACAHGYCKIUESG-UHFFFAOYSA-N""]","[""FR-BBD3-CAND-c0971__e00002"", ""FR-BBD3-CAND-c0971__e00005"", ""FR-BBD3-CAND-c0971__e00008"", ""FR-BBD3-CAND-c0971__e00010""]","[1.0, 1.0, 1.0, 1.0]","[""multi_generation_edge_probability"", ""multi_generation_edge_probability"", ""multi_generation_edge_probability"", ""multi_generation_edge_probability""]",1.0,path_probability_product,simple_acyclic_path,frontier_empty,True,False,False,False,False,False,False,False
FR-BBD3-CAND-c0971,scope_b_v0_3_candidate,Fosfomycin,other_eawag_bbd_xenobiotic,envipath_prediction,envipath_bbd_rules_multistep,False,FR-BBD3-CAND-c0971__sp03,3,3,"[""FR-BBD3-CAND-c0971__n00000"", ""FR-BBD3-CAND-c0971__n00002"", ""FR-BBD3-CAND-c0971__n00004"", ""FR-BBD3-CAND-c0971__n00007""]","[""CC1OC1P(=O)(O)O"", ""O=P(O)(O)C1OC1CO"", ""O=P(O)(O)C(O)C(O)CO"", ""O=CC(O)C(O)P(=O)(O)O""]","[""YMDXZJFXQJVXBF-UHFFFAOYSA-N"", ""GPEGORIFKQJSOQ-UHFFFAOYSA-N"", ""CRSOIYXNFFSUFD-UHFFFAOYSA-N"", ""OOJFIAPHAIFYFU-UHFFFAOYSA-N""]","[""FR-BBD3-CAND-c0971__e00002"", ""FR-BBD3-CAND-c0971__e00004"", ""FR-BBD3-CAND-c0971__e00007""]","[1.0, 1.0, 1.0]","[""multi_generation_edge_probability"", ""multi_generation_edge_probability"", ""multi_generation_edge_probability""]",1.0,path_probability_product,simple_acyclic_path,frontier_empty,True,False,False,False,False,False,False,False
FR-BBD3-CAND-c1376,scope_b_v0_3_candidate,"2,6-Dichlorobenzonitrile (Dichlobenil)",other_eawag_bbd_xenobiotic,envipath_prediction,envipath_bbd_rules_multistep,False,FR-BBD3-CAND-c1376__sp01,1,6,"[""FR-BBD3-CAND-c1376__n00000"", ""FR-BBD3-CAND-c1376__n00001"", ""FR-BBD3-CAND-c1376__n00004"", ""FR-BBD3-CAND-c1376__n00008"", ""FR-BBD3-CAND-c1376__n00016"", ""FR-BBD3-CAND-c1376__n00037"", ""FR-BBD3-CAND-c1376__n00043""]","[""N#Cc1c(Cl)cccc1Cl"", ""N#Cc1ccccc1Cl"", ""O=C(O)c1ccccc1Cl"", ""O=C(O)c1ccccc1"", ""O=C(O)c1cccc(O)c1O"", ""O=C(O)c1c(O)ccc(O)c1O"", ""C=C(O)C(C(=O)O)C(=O)C(=O)O""]","[""YOYAIZYFCNQIRF-UHFFFAOYSA-N"", ""NHWQMJMIYICNBP-UHFFFAOYSA-N"", ""IKCLCGXPQILATA-UHFFFAOYSA-N"", ""WPYMKLBDIGXBTP-UHFFFAOYSA-N"", ""GLDQAMYCGOIJDV-UHFFFAOYSA-N"", ""ADUSGJRADQMJGN-UHFFFAOYSA-N"", ""ZMMWLZLHQQXZCB-UHFFFAOYSA-N""]","[""FR-BBD3-CAND-c1376__e00001"", ""FR-BBD3-CAND-c1376__e00004"", ""FR-BBD3-CAND-c1376__e00008"", ""FR-BBD3-CAND-c1376__e00016"", ""FR-BBD3-CAND-c1376__e00038"", ""FR-BBD3-CAND-c1376__e00047""]","[1.0, 1.0, 1.0, 1.0, 1.0, 1.0]","[""multi_generation_edge_probability"", ""multi_generation_edge_probability"", ""multi_generation_edge_probability"", ""multi_generation_edge_probability"", ""multi_generation_edge_probability"", ""multi_generation_edge_probability""]",1.0,path_probability_product,simple_acyclic_path,max_depth_reached,True,False,False,False,False,False,False,False
FR-BBD3-CAND-c1376,scope_b_v0_3_candidate,"2,6-Dichlorobenzonitrile (Dichlobenil)",other_eawag_bbd_xenobiotic,envipath_prediction,envipath_bbd_rules_multistep,False,FR-BBD3-CAND-c1376__sp02,2,6,"[""FR-BBD3-CAND-c1376__n00000"", ""FR-BBD3-CAND-c1376__n00001"", ""FR-BBD3-CAND-c1376__n00004"", ""FR-BBD3-CAND-c1376__n00008"", ""FR-BBD3-CAND-c1376__n00016"", ""FR-BBD3-CAND-c1376__n00037"", ""FR-BBD3-CAND-c1376__n00034""]","[""N#Cc1c(Cl)cccc1Cl"", ""N#Cc1ccccc1Cl"", ""O=C(O)c1ccccc1Cl"", ""O=C(O)c1ccccc1"", ""O=C(O)c1cccc(O)c1O"", ""O=C(O)c1c(O)ccc(O)c1O"", ""O=CO""]","[""YOYAIZYFCNQIRF-UHFFFAOYSA-N"", ""NHWQMJMIYICNBP-UHFFFAOYSA-N"", ""IKCLCGXPQILATA-UHFFFAOYSA-N"", ""WPYMKLBDIGXBTP-UHFFFAOYSA-N"", ""GLDQAMYCGOIJDV-UHFFFAOYSA-N"", ""ADUSGJRADQMJGN-UHFFFAOYSA-N"", ""BDAGIHXWWSANSR-UHFFFAOYSA-N""]","[""FR-BBD3-CAND-c1376__e00001"", ""FR-BBD3-CAND-c1376__e00004"", ""FR-BBD3-CAND-c1376__e00008"", ""FR-BBD3-CAND-c1376__e00016"", ""FR-BBD3-CAND-c1376__e00038"", ""FR-BBD3-CAND-c1376__e00050""]","[1.0, 1.0, 1.0, 1.0, 1.0, 1.0]","[""multi_generation_edge_probability"", ""multi_generation_edge_probability"", ""multi_generation_edge_probability"", ""multi_generation_edge_probability"", ""multi_generation_edge_probability"", ""multi_generation_edge_probability""]",1.0,path_probability_product,simple_acyclic_path,max_depth_reached,True,False,False,False,False,False,False,False
FR-BBD3-CAND-c1376,scope_b_v0_3_candidate,"2,6-Dichlorobenzonitrile (Dichlobenil)",other_eawag_bbd_xenobiotic,envipath_prediction,envipath_bbd_rules_multistep,False,FR-BBD3-CAND-c1376__sp03,3,6,"[""FR-BBD3-CAND-c1376__n00000"", ""FR-BBD3-CAND-c1376__n00001"", ""FR-BBD3-CAND-c1376__n00004"", ""FR-BBD3-CAND-c1376__n00008"", ""FR-BBD3-CAND-c1376__n00016"", ""FR-BBD3-CAND-c1376__n00039"", ""FR-BBD3-CAND-c1376__n00045""]","[""N#Cc1c(Cl)cccc1Cl"", ""N#Cc1ccccc1Cl"", ""O=C(O)c1ccccc1Cl"", ""O=C(O)c1ccccc1"", ""O=C(O)c1cccc(O)c1O"", ""C=CC(C(=O)O)C(=O)C(=O)O"", ""CCC(C(=O)O)C(=O)C(=O)O""]","[""YOYAIZYFCNQIRF-UHFFFAOYSA-N"", ""NHWQMJMIYICNBP-UHFFFAOYSA-N"", ""IKCLCGXPQILATA-UHFFFAOYSA-N"", ""WPYMKLBDIGXBTP-UHFFFAOYSA-N"", ""GLDQAMYCGOIJDV-UHFFFAOYSA-N"", ""WKNRBAVEEBRFKH-UHFFFAOYSA-N"", ""OUGLPIHDPBRSID-UHFFFAOYSA-N""]","[""FR-BBD3-CAND-c1376__e00001"", ""FR-BBD3-CAND-c1376__e00004"", ""FR-BBD3-CAND-c1376__e00008"", ""FR-BBD3-CAND-c1376__e00016"", ""FR-BBD3-CAND-c1376__e00042"", ""FR-BBD3-CAND-c1376__e00049""]","[1.0, 1.0, 1.0, 1.0, 1.0, 1.0]","[""multi_generation_edge_probability"", ""multi_generation_edge_probability"", ""multi_generation_edge_probability"", ""multi_generation_edge_probability"", ""multi_generation_edge_probability"", ""multi_generation_edge_probability""]",1.0,path_probability_product,simple_acyclic_path,max_depth_reached,True,False,False,False,False,False,False,False
FR-BBD3-CAND-c1376,scope_b_v0_3_candidate,"2,6-Dichlorobenzonitrile (Dichlobenil)",other_eawag_bbd_xenobiotic,envipath_prediction,envipath_bbd_rules_multistep,False,FR-BBD3-CAND-c1376__sp04,4,6,"[""FR-BBD3-CAND-c1376__n00000"", ""FR-BBD3-CAND-c1376__n00001"", ""FR-BBD3-CAND-c1376__n00004"", ""FR-BBD3-CAND-c1376__n00008"", ""FR-BBD3-CAND-c1376__n00016"", ""FR-BBD3-CAND-c1376__n00039"", ""FR-BBD3-CAND-c1376__n00046""]","[""N#Cc1c(Cl)cccc1Cl"", ""N#Cc1ccccc1Cl"", ""O=C(O)c1ccccc1Cl"", ""O=C(O)c1ccccc1"", ""O=C(O)c1cccc(O)c1O"", ""C=CC(C(=O)O)C(=O)C(=O)O"", ""CC(O)C(C(=O)O)C(=O)C(=O)O""]","[""YOYAIZYFCNQIRF-UHFFFAOYSA-N"", ""NHWQMJMIYICNBP-UHFFFAOYSA-N"", ""IKCLCGXPQILATA-UHFFFAOYSA-N"", ""WPYMKLBDIGXBTP-UHFFFAOYSA-N"", ""GLDQAMYCGOIJDV-UHFFFAOYSA-N"", ""WKNRBAVEEBRFKH-UHFFFAOYSA-N"", ""LKOJLCZYDBUADY-UHFFFAOYSA-N""]","[""FR-BBD3-CAND-c1376__e00001"", ""FR-BBD3-CAND-c1376__e00004"", ""FR-BBD3-CAND-c1376__e00008"", ""FR-BBD3-CAND-c1376__e00016"", ""FR-BBD3-CAND-c1376__e00042"", ""FR-BBD3-CAND-c1376__e00051""]","[1.0, 1.0, 1.0, 1.0, 1.0, 1.0]","[""multi_generation_edge_probability"", ""multi_generation_edge_probability"", ""multi_generation_edge_probability"", ""multi_generation_edge_probability"", ""multi_generation_edge_probability"", ""multi_generation_edge_probability""]",1.0,path_probability_product,simple_acyclic_path,max_depth_reached,True,False,False,False,False,False,False,False
FR-BBD3-CAND-c1376,scope_b_v0_3_candidate,"2,6-Dichlorobenzonitrile (Dichlobenil)",other_eawag_bbd_xenobiotic,envipath_prediction,envipath_bbd_rules_multistep,False,FR-BBD3-CAND-c1376__sp05,5,6,"[""FR-BBD3-CAND-c1376__n00000"", ""FR-BBD3-CAND-c1376__n00001"", ""FR-BBD3-CAND-c1376__n00004"", ""FR-BBD3-CAND-c1376__n00008"", ""FR-BBD3-CAND-c1376__n00016"", ""FR-BBD3-CAND-c1376__n00039"", ""FR-BBD3-CAND-c1376__n00048""]","[""N#Cc1c(Cl)cccc1Cl"", ""N#Cc1ccccc1Cl"", ""O=C(O)c1ccccc1Cl"", ""O=C(O)c1ccccc1"", ""O=C(O)c1cccc(O)c1O"", ""C=CC(C(=O)O)C(=O)C(=O)O"", ""C=CC(O)(C(=O)O)C(=O)C(=O)O""]","[""YOYAIZYFCNQIRF-UHFFFAOYSA-N"", ""NHWQMJMIYICNBP-UHFFFAOYSA-N"", ""IKCLCGXPQILATA-UHFFFAOYSA-N"", ""WPYMKLBDIGXBTP-UHFFFAOYSA-N"", ""GLDQAMYCGOIJDV-UHFFFAOYSA-N"", ""WKNRBAVEEBRFKH-UHFFFAOYSA-N"", ""OOGNINNRGSWNTB-UHFFFAOYSA-N""]","[""FR-BBD3-CAND-c1376__e00001"", ""FR-BBD3-CAND-c1376__e00004"", ""FR-BBD3-CAND-c1376__e00008"", ""FR-BBD3-CAND-c1376__e00016"", ""FR-BBD3-CAND-c1376__e00042"", ""FR-BBD3-CAND-c1376__e00053""]","[1.0, 1.0, 1.0, 1.0, 1.0, 1.0]","[""multi_generation_edge_probability"", ""multi_generation_edge_probability"", ""multi_generation_edge_probability"", ""multi_generation_edge_probability"", ""multi_generation_edge_probability"", ""multi_generation_edge_probability""]",1.0,path_probability_product,simple_acyclic_path,max_depth_reached,True,False,False,False,False,False,False,False
FR-BBD3-CAND-c1376,scope_b_v0_3_candidate,"2,6-Dichlorobenzonitrile (Dichlobenil)",other_eawag_bbd_xenobiotic,envipath_prediction,envipath_bbd_rules_multistep,False,FR-BBD3-CAND-c1376__sp06,6,6,"[""FR-BBD3-CAND-c1376__n00000"", ""FR-BBD3-CAND-c1376__n00001"", ""FR-BBD3-CAND-c1376__n00004"", ""FR-BBD3-CAND-c1376__n00008"", ""FR-BBD3-CAND-c1376__n00016"", ""FR-BBD3-CAND-c1376__n00039"", ""FR-BBD3-CAND-c1376__n00049""]","[""N#Cc1c(Cl)cccc1Cl"", ""N#Cc1ccccc1Cl"", ""O=C(O)c1ccccc1Cl"", ""O=C(O)c1ccccc1"", ""O=C(O)c1cccc(O)c1O"", ""C=CC(C(=O)O)C(=O)C(=O)O"", ""O=C(O)C(=O)C(C(=O)O)C1CO1""]","[""YOYAIZYFCNQIRF-UHFFFAOYSA-N"", ""NHWQMJMIYICNBP-UHFFFAOYSA-N"", ""IKCLCGXPQILATA-UHFFFAOYSA-N"", ""WPYMKLBDIGXBTP-UHFFFAOYSA-N"", ""GLDQAMYCGOIJDV-UHFFFAOYSA-N"", ""WKNRBAVEEBRFKH-UHFFFAOYSA-N"", ""LQYCGVNXGBOQOU-UHFFFAOYSA-N""]","[""FR-BBD3-CAND-c1376__e00001"", ""FR-BBD3-CAND-c1376__e00004"", ""FR-BBD3-CAND-c1376__e00008"", ""FR-BBD3-CAND-c1376__e00016"", ""FR-BBD3-CAND-c1376__e00042"", ""FR-BBD3-CAND-c1376__e00055""]","[1.0, 1.0, 1.0, 1.0, 1.0, 1.0]","[""multi_generation_edge_probability"", ""multi_generation_edge_probability"", ""multi_generation_edge_probability"", ""multi_generation_edge_probability"", ""multi_generation_edge_probability"", ""multi_generation_edge_probability""]",1.0,path_probability_product,simple_acyclic_path,max_depth_reached,True,False,False,False,False,False,False,False
FR-BBD3-CAND-c1376,scope_b_v0_3_candidate,"2,6-Dichlorobenzonitrile (Dichlobenil)",other_eawag_bbd_xenobiotic,envipath_prediction,envipath_bbd_rules_multistep,False,FR-BBD3-CAND-c1376__sp07,7,6,"[""FR-BBD3-CAND-c1376__n00000"", ""FR-BBD3-CAND-c1376__n00001"", ""FR-BBD3-CAND-c1376__n00004"", ""FR-BBD3-CAND-c1376__n00008"", ""FR-BBD3-CAND-c1376__n00016"", ""FR-BBD3-CAND-c1376__n00041"", ""FR-BBD3-CAND-c1376__n00044""]","[""N#Cc1c(Cl)cccc1Cl"", ""N#Cc1ccccc1Cl"", ""O=C(O)c1ccccc1Cl"", ""O=C(O)c1ccccc1"", ""O=C(O)c1cccc(O)c1O"", ""O=C(O)c1cc(O)cc(O)c1O"", ""O=C(O)c1c(O)c(O)cc(O)c1O""]","[""YOYAIZYFCNQIRF-UHFFFAOYSA-N"", ""NHWQMJMIYICNBP-UHFFFAOYSA-N"", ""IKCLCGXPQILATA-UHFFFAOYSA-N"", ""WPYMKLBDIGXBTP-UHFFFAOYSA-N"", ""GLDQAMYCGOIJDV-UHFFFAOYSA-N"", ""JOELYYRJYYLNRR-UHFFFAOYSA-N"", ""DBMVYUDUBQNHEC-UHFFFAOYSA-N""]","[""FR-BBD3-CAND-c1376__e00001"", ""FR-BBD3-CAND-c1376__e00004"", ""FR-BBD3-CAND-c1376__e00008"", ""FR-BBD3-CAND-c1376__e00016"", ""FR-BBD3-CAND-c1376__e00045"", ""FR-BBD3-CAND-c1376__e00048""]","[1.0, 1.0, 1.0, 1.0, 1.0, 1.0]","[""multi_generation_edge_probability"", ""multi_generation_edge_probability"", ""multi_generation_edge_probability"", ""multi_generation_edge_probability"", ""multi_generation_edge_probability"", ""multi_generation_edge_probability""]",1.0,path_probability_product,simple_acyclic_path,max_depth_reached,True,False,False,False,False,False,False,False
FR-BBD3-CAND-c1376,scope_b_v0_3_candidate,"2,6-Dichlorobenzonitrile (Dichlobenil)",other_eawag_bbd_xenobiotic,envipath_prediction,envipath_bbd_rules_multistep,False,FR-BBD3-CAND-c1376__sp08,8,6,"[""FR-BBD3-CAND-c1376__n00000"", ""FR-BBD3-CAND-c1376__n00001"", ""FR-BBD3-CAND-c1376__n00004"", ""FR-BBD3-CAND-c1376__n00008"", ""FR-BBD3-CAND-c1376__n00016"", ""FR-BBD3-CAND-c1376__n00041"", ""FR-BBD3-CAND-c1376__n00047""]","[""N#Cc1c(Cl)cccc1Cl"", ""N#Cc1ccccc1Cl"", ""O=C(O)c1ccccc1Cl"", ""O=C(O)c1ccccc1"", ""O=C(O)c1cccc(O)c1O"", ""O=C(O)c1cc(O)cc(O)c1O"", ""C=C(O)CC(=O)C(=O)O""]","[""YOYAIZYFCNQIRF-UHFFFAOYSA-N"", ""NHWQMJMIYICNBP-UHFFFAOYSA-N"", ""IKCLCGXPQILATA-UHFFFAOYSA-N"", ""WPYMKLBDIGXBTP-UHFFFAOYSA-N"", ""GLDQAMYCGOIJDV-UHFFFAOYSA-N"", ""JOELYYRJYYLNRR-UHFFFAOYSA-N"", ""QBWLDXSPOCMZLO-UHFFFAOYSA-N""]","[""FR-BBD3-CAND-c1376__e00001"", ""FR-BBD3-CAND-c1376__e00004"", ""FR-BBD3-CAND-c1376__e00008"", ""FR-BBD3-CAND-c1376__e00016"", ""FR-BBD3-CAND-c1376__e00045"", ""FR-BBD3-CAND-c1376__e00052""]","[1.0, 1.0, 1.0, 1.0, 1.0, 1.0]","[""multi_generation_edge_probability"", ""multi_generation_edge_probability"", ""multi_generation_edge_probability"", ""multi_generation_edge_probability"", ""multi_generation_edge_probability"", ""multi_generation_edge_probability""]",1.0,path_probability_product,simple_acyclic_path,max_depth_reached,True,False,False,False,False,False,False,False
FR-BBD3-CAND-c1376,scope_b_v0_3_candidate,"2,6-Dichlorobenzonitrile (Dichlobenil)",other_eawag_bbd_xenobiotic,envipath_prediction,envipath_bbd_rules_multistep,False,FR-BBD3-CAND-c1376__sp09,9,6,"[""FR-BBD3-CAND-c1376__n00000"", ""FR-BBD3-CAND-c1376__n00001"", ""FR-BBD3-CAND-c1376__n00004"", ""FR-BBD3-CAND-c1376__n00008"", ""FR-BBD3-CAND-c1376__n00016"", ""FR-BBD3-CAND-c1376__n00041"", ""FR-BBD3-CAND-c1376__n00042""]","[""N#Cc1c(Cl)cccc1Cl"", ""N#Cc1ccccc1Cl"", ""O=C(O)c1ccccc1Cl"", ""O=C(O)c1ccccc1"", ""O=C(O)c1cccc(O)c1O"", ""O=C(O)c1cc(O)cc(O)c1O"", ""O=C(O)C(=O)O""]","[""YOYAIZYFCNQIRF-UHFFFAOYSA-N"", ""NHWQMJMIYICNBP-UHFFFAOYSA-N"", ""IKCLCGXPQILATA-UHFFFAOYSA-N"", ""WPYMKLBDIGXBTP-UHFFFAOYSA-N"", ""GLDQAMYCGOIJDV-UHFFFAOYSA-N"", ""JOELYYRJYYLNRR-UHFFFAOYSA-N"", ""MUBZPKHOEPUJKR-UHFFFAOYSA-N""]","[""FR-BBD3-CAND-c1376__e00001"", ""FR-BBD3-CAND-c1376__e00004"", ""FR-BBD3-CAND-c1376__e00008"", ""FR-BBD3-CAND-c1376__e00016"", ""FR-BBD3-CAND-c1376__e00045"", ""FR-BBD3-CAND-c1376__e00054""]","[1.0, 1.0, 1.0, 1.0, 1.0, 1.0]","[""multi_generation_edge_probability"", ""multi_generation_edge_probability"", ""multi_generation_edge_probability"", ""multi_generation_edge_probability"", ""multi_generation_edge_probability"", ""multi_generation_edge_probability""]",1.0,path_probability_product,simple_acyclic_path,max_depth_reached,True,False,False,False,False,False,False,False
FR-BBD3-CAND-c1376,scope_b_v0_3_candidate,"2,6-Dichlorobenzonitrile (Dichlobenil)",other_eawag_bbd_xenobiotic,envipath_prediction,envipath_bbd_rules_multistep,False,FR-BBD3-CAND-c1376__sp10,10,6,"[""FR-BBD3-CAND-c1376__n00000"", ""FR-BBD3-CAND-c1376__n00001"", ""FR-BBD3-CAND-c1376__n00004"", ""FR-BBD3-CAND-c1376__n00008"", ""FR-BBD3-CAND-c1376__n00016"", ""FR-BBD3-CAND-c1376__n00041"", ""FR-BBD3-CAND-c1376__n00050""]","[""N#Cc1c(Cl)cccc1Cl"", ""N#Cc1ccccc1Cl"", ""O=C(O)c1ccccc1Cl"", ""O=C(O)c1ccccc1"", ""O=C(O)c1cccc(O)c1O"", ""O=C(O)c1cc(O)cc(O)c1O"", ""CC(=O)CC(=O)C(=O)O""]","[""YOYAIZYFCNQIRF-UHFFFAOYSA-N"", ""NHWQMJMIYICNBP-UHFFFAOYSA-N"", ""IKCLCGXPQILATA-UHFFFAOYSA-N"", ""WPYMKLBDIGXBTP-UHFFFAOYSA-N"", ""GLDQAMYCGOIJDV-UHFFFAOYSA-N"", ""JOELYYRJYYLNRR-UHFFFAOYSA-N"", ""UNRQTHVKJQUDDF-UHFFFAOYSA-N""]","[""FR-BBD3-CAND-c1376__e00001"", ""FR-BBD3-CAND-c1376__e00004"", ""FR-BBD3-CAND-c1376__e00008"", ""FR-BBD3-CAND-c1376__e00016"", ""FR-BBD3-CAND-c1376__e00045"", ""FR-BBD3-CAND-c1376__e00056""]","[1.0, 1.0, 1.0, 1.0, 1.0, 1.0]","[""multi_generation_edge_probability"", ""multi_generation_edge_probability"", ""multi_generation_edge_probability"", ""multi_generation_edge_probability"", ""multi_generation_edge_probability"", ""multi_generation_edge_probability""]",1.0,path_probability_product,simple_acyclic_path,max_depth_reached,True,False,False,False,False,False,False,False
FR-BBD3-CAND-c1570,scope_b_v0_3_candidate,"(R,R)-Iminodisuccinate",other_eawag_bbd_xenobiotic,envipath_prediction,envipath_bbd_rules_multistep,False,FR-BBD3-CAND-c1570__sp01,1,5,"[""FR-BBD3-CAND-c1570__n00000"", ""FR-BBD3-CAND-c1570__n00003"", ""FR-BBD3-CAND-c1570__n00012"", ""FR-BBD3-CAND-c1570__n00001"", ""FR-BBD3-CAND-c1570__n00002"", ""FR-BBD3-CAND-c1570__n00007""]","[""O=C([O-])CC(N[C@H](CC(=O)[O-])C(=O)[O-])C(=O)[O-]"", ""O=C(O)CCNC(CC(=O)O)C(=O)O"", ""O=C(O)CC(NCC(O)C(=O)O)C(=O)O"", ""NC(CC(=O)O)C(=O)O"", ""O=C(O)CC(=O)C(=O)O"", ""O=C(O)C(=O)C(O)C(=O)O""]","[""PQHYOGIRXOKOEJ-SYPWQXSBSA-J"", ""AINPCLWBWFSAQV-UHFFFAOYSA-N"", ""GSXSVLOCTWNFIJ-UHFFFAOYSA-N"", ""CKLJMWTZIZZHCS-UHFFFAOYSA-N"", ""KHPXUQMNIQBQEV-UHFFFAOYSA-N"", ""RMHHUKGVZFVHED-UHFFFAOYSA-N""]","[""FR-BBD3-CAND-c1570__e00003"", ""FR-BBD3-CAND-c1570__e00014"", ""FR-BBD3-CAND-c1570__e00037"", ""FR-BBD3-CAND-c1570__e00010"", ""FR-BBD3-CAND-c1570__e00007""]","[1.0, 1.0, 1.0, 1.0, 1.0]","[""multi_generation_edge_probability"", ""multi_generation_edge_probability"", ""multi_generation_edge_probability"", ""multi_generation_edge_probability"", ""multi_generation_edge_probability""]",1.0,path_probability_product,simple_acyclic_path,frontier_empty,True,False,False,False,False,False,False,False
FR-BBD3-CAND-c1570,scope_b_v0_3_candidate,"(R,R)-Iminodisuccinate",other_eawag_bbd_xenobiotic,envipath_prediction,envipath_bbd_rules_multistep,False,FR-BBD3-CAND-c1570__sp02,2,5,"[""FR-BBD3-CAND-c1570__n00000"", ""FR-BBD3-CAND-c1570__n00003"", ""FR-BBD3-CAND-c1570__n00015"", ""FR-BBD3-CAND-c1570__n00009"", ""FR-BBD3-CAND-c1570__n00022"", ""FR-BBD3-CAND-c1570__n00032""]","[""O=C([O-])CC(N[C@H](CC(=O)[O-])C(=O)[O-])C(=O)[O-]"", ""O=C(O)CCNC(CC(=O)O)C(=O)O"", ""O=CC(O)(CC(=O)O)NCCC(=O)O"", ""O=CCC(=O)O"", ""O=CC(O)C(=O)O"", ""O=C(O)C(O)C(=O)O""]","[""PQHYOGIRXOKOEJ-SYPWQXSBSA-J"", ""AINPCLWBWFSAQV-UHFFFAOYSA-N"", ""HNWZQCMWHRMAPR-UHFFFAOYSA-N"", ""OAKURXIZZOAYBC-UHFFFAOYSA-N"", ""QWBAFPFNGRFSFB-UHFFFAOYSA-N"", ""ROBFUDYVXSDBQM-UHFFFAOYSA-N""]","[""FR-BBD3-CAND-c1570__e00003"", ""FR-BBD3-CAND-c1570__e00017"", ""FR-BBD3-CAND-c1570__e00038"", ""FR-BBD3-CAND-c1570__e00024"", ""FR-BBD3-CAND-c1570__e00039""]","[1.0, 1.0, 1.0, 1.0, 1.0]","[""multi_generation_edge_probability"", ""multi_generation_edge_probability"", ""multi_generation_edge_probability"", ""multi_generation_edge_probability"", ""multi_generation_edge_probability""]",1.0,path_probability_product,simple_acyclic_path,frontier_empty,True,False,False,False,False,False,False,False
FR-BBD3-CAND-c1570,scope_b_v0_3_candidate,"(R,R)-Iminodisuccinate",other_eawag_bbd_xenobiotic,envipath_prediction,envipath_bbd_rules_multistep,False,FR-BBD3-CAND-c1570__sp03,3,5,"[""FR-BBD3-CAND-c1570__n00000"", ""FR-BBD3-CAND-c1570__n00003"", ""FR-BBD3-CAND-c1570__n00015"", ""FR-BBD3-CAND-c1570__n00009"", ""FR-BBD3-CAND-c1570__n00022"", ""FR-BBD3-CAND-c1570__n00033""]","[""O=C([O-])CC(N[C@H](CC(=O)[O-])C(=O)[O-])C(=O)[O-]"", ""O=C(O)CCNC(CC(=O)O)C(=O)O"", ""O=CC(O)(CC(=O)O)NCCC(=O)O"", ""O=CCC(=O)O"", ""O=CC(O)C(=O)O"", ""O=CC(=O)C(=O)O""]","[""PQHYOGIRXOKOEJ-SYPWQXSBSA-J"", ""AINPCLWBWFSAQV-UHFFFAOYSA-N"", ""HNWZQCMWHRMAPR-UHFFFAOYSA-N"", ""OAKURXIZZOAYBC-UHFFFAOYSA-N"", ""QWBAFPFNGRFSFB-UHFFFAOYSA-N"", ""JSCNFEFJALUGBY-UHFFFAOYSA-N""]","[""FR-BBD3-CAND-c1570__e00003"", ""FR-BBD3-CAND-c1570__e00017"", ""FR-BBD3-CAND-c1570__e00038"", ""FR-BBD3-CAND-c1570__e00024"", ""FR-BBD3-CAND-c1570__e00040""]","[1.0, 1.0, 1.0, 1.0, 1.0]","[""multi_generation_edge_probability"", ""multi_generation_edge_probability"", ""multi_generation_edge_probability"", ""multi_generation_edge_probability"", ""multi_generation_edge_probability""]",1.0,path_probability_product,simple_acyclic_path,frontier_empty,True,False,False,False,False,False,False,False
FR-BBD3-CAND-c1570,scope_b_v0_3_candidate,"(R,R)-Iminodisuccinate",other_eawag_bbd_xenobiotic,envipath_prediction,envipath_bbd_rules_multistep,False,FR-BBD3-CAND-c1570__sp04,4,4,"[""FR-BBD3-CAND-c1570__n00000"", ""FR-BBD3-CAND-c1570__n00003"", ""FR-BBD3-CAND-c1570__n00001"", ""FR-BBD3-CAND-c1570__n00002"", ""FR-BBD3-CAND-c1570__n00007""]","[""O=C([O-])CC(N[C@H](CC(=O)[O-])C(=O)[O-])C(=O)[O-]"", ""O=C(O)CCNC(CC(=O)O)C(=O)O"", ""NC(CC(=O)O)C(=O)O"", ""O=C(O)CC(=O)C(=O)O"", ""O=C(O)C(=O)C(O)C(=O)O""]","[""PQHYOGIRXOKOEJ-SYPWQXSBSA-J"", ""AINPCLWBWFSAQV-UHFFFAOYSA-N"", ""CKLJMWTZIZZHCS-UHFFFAOYSA-N"", ""KHPXUQMNIQBQEV-UHFFFAOYSA-N"", ""RMHHUKGVZFVHED-UHFFFAOYSA-N""]","[""FR-BBD3-CAND-c1570__e00003"", ""FR-BBD3-CAND-c1570__e00008"", ""FR-BBD3-CAND-c1570__e00010"", ""FR-BBD3-CAND-c1570__e00007""]","[1.0, 1.0, 1.0, 1.0]","[""multi_generation_edge_probability"", ""multi_generation_edge_probability"", ""multi_generation_edge_probability"", ""multi_generation_edge_probability""]",1.0,path_probability_product,simple_acyclic_path,frontier_empty,True,False,False,False,False,False,False,False
FR-BBD3-CAND-c1570,scope_b_v0_3_candidate,"(R,R)-Iminodisuccinate",other_eawag_bbd_xenobiotic,envipath_prediction,envipath_bbd_rules_multistep,False,FR-BBD3-CAND-c1570__sp05,5,4,"[""FR-BBD3-CAND-c1570__n00000"", ""FR-BBD3-CAND-c1570__n00003"", ""FR-BBD3-CAND-c1570__n00009"", ""FR-BBD3-CAND-c1570__n00022"", ""FR-BBD3-CAND-c1570__n00032""]","[""O=C([O-])CC(N[C@H](CC(=O)[O-])C(=O)[O-])C(=O)[O-]"", ""O=C(O)CCNC(CC(=O)O)C(=O)O"", ""O=CCC(=O)O"", ""O=CC(O)C(=O)O"", ""O=C(O)C(O)C(=O)O""]","[""PQHYOGIRXOKOEJ-SYPWQXSBSA-J"", ""AINPCLWBWFSAQV-UHFFFAOYSA-N"", ""OAKURXIZZOAYBC-UHFFFAOYSA-N"", ""QWBAFPFNGRFSFB-UHFFFAOYSA-N"", ""ROBFUDYVXSDBQM-UHFFFAOYSA-N""]","[""FR-BBD3-CAND-c1570__e00003"", ""FR-BBD3-CAND-c1570__e00011"", ""FR-BBD3-CAND-c1570__e00024"", ""FR-BBD3-CAND-c1570__e00039""]","[1.0, 1.0, 1.0, 1.0]","[""multi_generation_edge_probability"", ""multi_generation_edge_probability"", ""multi_generation_edge_probability"", ""multi_generation_edge_probability""]",1.0,path_probability_product,simple_acyclic_path,frontier_empty,True,False,False,False,False,False,False,False
FR-BBD3-CAND-c1570,scope_b_v0_3_candidate,"(R,R)-Iminodisuccinate",other_eawag_bbd_xenobiotic,envipath_prediction,envipath_bbd_rules_multistep,False,FR-BBD3-CAND-c1570__sp06,6,4,"[""FR-BBD3-CAND-c1570__n00000"", ""FR-BBD3-CAND-c1570__n00003"", ""FR-BBD3-CAND-c1570__n00009"", ""FR-BBD3-CAND-c1570__n00022"", ""FR-BBD3-CAND-c1570__n00033""]","[""O=C([O-])CC(N[C@H](CC(=O)[O-])C(=O)[O-])C(=O)[O-]"", ""O=C(O)CCNC(CC(=O)O)C(=O)O"", ""O=CCC(=O)O"", ""O=CC(O)C(=O)O"", ""O=CC(=O)C(=O)O""]","[""PQHYOGIRXOKOEJ-SYPWQXSBSA-J"", ""AINPCLWBWFSAQV-UHFFFAOYSA-N"", ""OAKURXIZZOAYBC-UHFFFAOYSA-N"", ""QWBAFPFNGRFSFB-UHFFFAOYSA-N"", ""JSCNFEFJALUGBY-UHFFFAOYSA-N""]","[""FR-BBD3-CAND-c1570__e00003"", ""FR-BBD3-CAND-c1570__e00011"", ""FR-BBD3-CAND-c1570__e00024"", ""FR-BBD3-CAND-c1570__e00040""]","[1.0, 1.0, 1.0, 1.0]","[""multi_generation_edge_probability"", ""multi_generation_edge_probability"", ""multi_generation_edge_probability"", ""multi_generation_edge_probability""]",1.0,path_probability_product,simple_acyclic_path,frontier_empty,True,False,False,False,False,False,False,False
FR-BBD3-CAND-c1570,scope_b_v0_3_candidate,"(R,R)-Iminodisuccinate",other_eawag_bbd_xenobiotic,envipath_prediction,envipath_bbd_rules_multistep,False,FR-BBD3-CAND-c1570__sp07,7,4,"[""FR-BBD3-CAND-c1570__n00000"", ""FR-BBD3-CAND-c1570__n00003"", ""FR-BBD3-CAND-c1570__n00012"", ""FR-BBD3-CAND-c1570__n00002"", ""FR-BBD3-CAND-c1570__n00007""]","[""O=C([O-])CC(N[C@H](CC(=O)[O-])C(=O)[O-])C(=O)[O-]"", ""O=C(O)CCNC(CC(=O)O)C(=O)O"", ""O=C(O)CC(NCC(O)C(=O)O)C(=O)O"", ""O=C(O)CC(=O)C(=O)O"", ""O=C(O)C(=O)C(O)C(=O)O""]","[""PQHYOGIRXOKOEJ-SYPWQXSBSA-J"", ""AINPCLWBWFSAQV-UHFFFAOYSA-N"", ""GSXSVLOCTWNFIJ-UHFFFAOYSA-N"", ""KHPXUQMNIQBQEV-UHFFFAOYSA-N"", ""RMHHUKGVZFVHED-UHFFFAOYSA-N""]","[""FR-BBD3-CAND-c1570__e00003"", ""FR-BBD3-CAND-c1570__e00014"", ""FR-BBD3-CAND-c1570__e00030"", ""FR-BBD3-CAND-c1570__e00007""]","[1.0, 1.0, 1.0, 1.0]","[""multi_generation_edge_probability"", ""multi_generation_edge_probability"", ""multi_generation_edge_probability"", ""multi_generation_edge_probability""]",1.0,path_probability_product,simple_acyclic_path,frontier_empty,True,False,False,False,False,False,False,False
FR-BBD3-CAND-c1570,scope_b_v0_3_candidate,"(R,R)-Iminodisuccinate",other_eawag_bbd_xenobiotic,envipath_prediction,envipath_bbd_rules_multistep,False,FR-BBD3-CAND-c1570__sp08,8,4,"[""FR-BBD3-CAND-c1570__n00000"", ""FR-BBD3-CAND-c1570__n00003"", ""FR-BBD3-CAND-c1570__n00012"", ""FR-BBD3-CAND-c1570__n00001"", ""FR-BBD3-CAND-c1570__n00006""]","[""O=C([O-])CC(N[C@H](CC(=O)[O-])C(=O)[O-])C(=O)[O-]"", ""O=C(O)CCNC(CC(=O)O)C(=O)O"", ""O=C(O)CC(NCC(O)C(=O)O)C(=O)O"", ""NC(CC(=O)O)C(=O)O"", ""N""]","[""PQHYOGIRXOKOEJ-SYPWQXSBSA-J"", ""AINPCLWBWFSAQV-UHFFFAOYSA-N"", ""GSXSVLOCTWNFIJ-UHFFFAOYSA-N"", ""CKLJMWTZIZZHCS-UHFFFAOYSA-N"", ""QGZKDVFQNNGYKY-UHFFFAOYSA-N""]","[""FR-BBD3-CAND-c1570__e00003"", ""FR-BBD3-CAND-c1570__e00014"", ""FR-BBD3-CAND-c1570__e00037"", ""FR-BBD3-CAND-c1570__e00006""]","[1.0, 1.0, 1.0, 1.0]","[""multi_generation_edge_probability"", ""multi_generation_edge_probability"", ""multi_generation_edge_probability"", ""multi_generation_edge_probability""]",1.0,path_probability_product,simple_acyclic_path,frontier_empty,True,False,False,False,False,False,False,False
FR-BBD3-CAND-c1570,scope_b_v0_3_candidate,"(R,R)-Iminodisuccinate",other_eawag_bbd_xenobiotic,envipath_prediction,envipath_bbd_rules_multistep,False,FR-BBD3-CAND-c1570__sp09,9,4,"[""FR-BBD3-CAND-c1570__n00000"", ""FR-BBD3-CAND-c1570__n00003"", ""FR-BBD3-CAND-c1570__n00012"", ""FR-BBD3-CAND-c1570__n00001"", ""FR-BBD3-CAND-c1570__n00011""]","[""O=C([O-])CC(N[C@H](CC(=O)[O-])C(=O)[O-])C(=O)[O-]"", ""O=C(O)CCNC(CC(=O)O)C(=O)O"", ""O=C(O)CC(NCC(O)C(=O)O)C(=O)O"", ""NC(CC(=O)O)C(=O)O"", ""NC(C(=O)O)C(O)C(=O)O""]","[""PQHYOGIRXOKOEJ-SYPWQXSBSA-J"", ""AINPCLWBWFSAQV-UHFFFAOYSA-N"", ""GSXSVLOCTWNFIJ-UHFFFAOYSA-N"", ""CKLJMWTZIZZHCS-UHFFFAOYSA-N"", ""YYLQUHNPNCGKJQ-UHFFFAOYSA-N""]","[""FR-BBD3-CAND-c1570__e00003"", ""FR-BBD3-CAND-c1570__e00014"", ""FR-BBD3-CAND-c1570__e00037"", ""FR-BBD3-CAND-c1570__e00013""]","[1.0, 1.0, 1.0, 1.0]","[""multi_generation_edge_probability"", ""multi_generation_edge_probability"", ""multi_generation_edge_probability"", ""multi_generation_edge_probability""]",1.0,path_probability_product,simple_acyclic_path,frontier_empty,True,False,False,False,False,False,False,False
FR-BBD3-CAND-c1570,scope_b_v0_3_candidate,"(R,R)-Iminodisuccinate",other_eawag_bbd_xenobiotic,envipath_prediction,envipath_bbd_rules_multistep,False,FR-BBD3-CAND-c1570__sp10,10,4,"[""FR-BBD3-CAND-c1570__n00000"", ""FR-BBD3-CAND-c1570__n00003"", ""FR-BBD3-CAND-c1570__n00012"", ""FR-BBD3-CAND-c1570__n00001"", ""FR-BBD3-CAND-c1570__n00014""]","[""O=C([O-])CC(N[C@H](CC(=O)[O-])C(=O)[O-])C(=O)[O-]"", ""O=C(O)CCNC(CC(=O)O)C(=O)O"", ""O=C(O)CC(NCC(O)C(=O)O)C(=O)O"", ""NC(CC(=O)O)C(=O)O"", ""NC(O)(C=O)CC(=O)O""]","[""PQHYOGIRXOKOEJ-SYPWQXSBSA-J"", ""AINPCLWBWFSAQV-UHFFFAOYSA-N"", ""GSXSVLOCTWNFIJ-UHFFFAOYSA-N"", ""CKLJMWTZIZZHCS-UHFFFAOYSA-N"", ""HQBPRSMVFIFZJH-UHFFFAOYSA-N""]","[""FR-BBD3-CAND-c1570__e00003"", ""FR-BBD3-CAND-c1570__e00014"", ""FR-BBD3-CAND-c1570__e00037"", ""FR-BBD3-CAND-c1570__e00016""]","[1.0, 1.0, 1.0, 1.0]","[""multi_generation_edge_probability"", ""multi_generation_edge_probability"", ""multi_generation_edge_probability"", ""multi_generation_edge_probability""]",1.0,path_probability_product,simple_acyclic_path,frontier_empty,True,False,False,False,False,False,False,False
FR-BBD3-PARENT-c0001,scope_a_old83_compatible,"1,2-Dichloroethane",halogenated_compound,envipath_prediction,envipath_bbd_rules_multistep,False,FR-BBD3-PARENT-c0001__sp01,1,6,"[""FR-BBD3-PARENT-c0001__n00000"", ""FR-BBD3-PARENT-c0001__n00001"", ""FR-BBD3-PARENT-c0001__n00002"", ""FR-BBD3-PARENT-c0001__n00004"", ""FR-BBD3-PARENT-c0001__n00007"", ""FR-BBD3-PARENT-c0001__n00010"", ""FR-BBD3-PARENT-c0001__n00012""]","[""ClCCCl"", ""CCCl"", ""OCCCl"", ""O=CCCl"", ""O=CCO"", ""O=C(O)CO"", ""O=CC(=O)O""]","[""WSLDOOZREJYCGB-UHFFFAOYSA-N"", ""HRYZWHHZPQKTII-UHFFFAOYSA-N"", ""SZIFAVKTNFCBPC-UHFFFAOYSA-N"", ""QSKPIOLLBIHNAC-UHFFFAOYSA-N"", ""WGCNASOHLSPBMP-UHFFFAOYSA-N"", ""AEMRFAOFKBGASW-UHFFFAOYSA-N"", ""HHLFWLYXYJOTON-UHFFFAOYSA-N""]","[""FR-BBD3-PARENT-c0001__e00001"", ""FR-BBD3-PARENT-c0001__e00005"", ""FR-BBD3-PARENT-c0001__e00004"", ""FR-BBD3-PARENT-c0001__e00008"", ""FR-BBD3-PARENT-c0001__e00011"", ""FR-BBD3-PARENT-c0001__e00014""]","[1.0, 1.0, 1.0, 1.0, 1.0, 1.0]","[""multi_generation_edge_probability"", ""multi_generation_edge_probability"", ""multi_generation_edge_probability"", ""multi_generation_edge_probability"", ""multi_generation_edge_probability"", ""multi_generation_edge_probability""]",1.0,path_probability_product,simple_acyclic_path,max_depth_reached,True,False,False,False,False,False,False,False
FR-BBD3-PARENT-c0001,scope_a_old83_compatible,"1,2-Dichloroethane",halogenated_compound,envipath_prediction,envipath_bbd_rules_multistep,False,FR-BBD3-PARENT-c0001__sp02,2,6,"[""FR-BBD3-PARENT-c0001__n00000"", ""FR-BBD3-PARENT-c0001__n00001"", ""FR-BBD3-PARENT-c0001__n00006"", ""FR-BBD3-PARENT-c0001__n00008"", ""FR-BBD3-PARENT-c0001__n00007"", ""FR-BBD3-PARENT-c0001__n00010"", ""FR-BBD3-PARENT-c0001__n00012""]","[""ClCCCl"", ""CCCl"", ""CCO"", ""CC=O"", ""O=CCO"", ""O=C(O)CO"", ""O=CC(=O)O""]","[""WSLDOOZREJYCGB-UHFFFAOYSA-N"", ""HRYZWHHZPQKTII-UHFFFAOYSA-N"", ""LFQSCWFLJHTTHZ-UHFFFAOYSA-N"", ""IKHGUXGNUITLKF-UHFFFAOYSA-N"", ""WGCNASOHLSPBMP-UHFFFAOYSA-N"", ""AEMRFAOFKBGASW-UHFFFAOYSA-N"", ""HHLFWLYXYJOTON-UHFFFAOYSA-N""]","[""FR-BBD3-PARENT-c0001__e00001"", ""FR-BBD3-PARENT-c0001__e00007"", ""FR-BBD3-PARENT-c0001__e00009"", ""FR-BBD3-PARENT-c0001__e00013"", ""FR-BBD3-PARENT-c0001__e00011"", ""FR-BBD3-PARENT-c0001__e00014""]","[1.0, 1.0, 1.0, 1.0, 1.0, 1.0]","[""multi_generation_edge_probability"", ""multi_generation_edge_probability"", ""multi_generation_edge_probability"", ""multi_generation_edge_probability"", ""multi_generation_edge_probability"", ""multi_generation_edge_probability""]",1.0,path_probability_product,simple_acyclic_path,max_depth_reached,True,False,False,False,False,False,False,False
FR-BBD3-PARENT-c0001,scope_a_old83_compatible,"1,2-Dichloroethane",halogenated_compound,envipath_prediction,envipath_bbd_rules_multistep,False,FR-BBD3-PARENT-c0001__sp03,3,6,"[""FR-BBD3-PARENT-c0001__n00000"", ""FR-BBD3-PARENT-c0001__n00002"", ""FR-BBD3-PARENT-c0001__n00004"", ""FR-BBD3-PARENT-c0001__n00007"", ""FR-BBD3-PARENT-c0001__n00010"", ""FR-BBD3-PARENT-c0001__n00012"", ""FR-BBD3-PARENT-c0001__n00013""]","[""ClCCCl"", ""OCCCl"", ""O=CCCl"", ""O=CCO"", ""O=C(O)CO"", ""O=CC(=O)O"", ""O=C(O)C(=O)O""]","[""WSLDOOZREJYCGB-UHFFFAOYSA-N"", ""SZIFAVKTNFCBPC-UHFFFAOYSA-N"", ""QSKPIOLLBIHNAC-UHFFFAOYSA-N"", ""WGCNASOHLSPBMP-UHFFFAOYSA-N"", ""AEMRFAOFKBGASW-UHFFFAOYSA-N"", ""HHLFWLYXYJOTON-UHFFFAOYSA-N"", ""MUBZPKHOEPUJKR-UHFFFAOYSA-N""]","[""FR-BBD3-PARENT-c0001__e00002"", ""FR-BBD3-PARENT-c0001__e00004"", ""FR-BBD3-PARENT-c0001__e00008"", ""FR-BBD3-PARENT-c0001__e00011"", ""FR-BBD3-PARENT-c0001__e00014"", ""FR-BBD3-PARENT-c0001__e00015""]","[1.0, 1.0, 1.0, 1.0, 1.0, 1.0]","[""multi_generation_edge_probability"", ""multi_generation_edge_probability"", ""multi_generation_edge_probability"", ""multi_generation_edge_probability"", ""multi_generation_edge_probability"", ""multi_generation_edge_probability""]",1.0,path_probability_product,simple_acyclic_path,max_depth_reached,True,False,False,False,False,False,False,False
FR-BBD3-PARENT-c0001,scope_a_old83_compatible,"1,2-Dichloroethane",halogenated_compound,envipath_prediction,envipath_bbd_rules_multistep,False,FR-BBD3-PARENT-c0001__sp04,4,4,"[""FR-BBD3-PARENT-c0001__n00000"", ""FR-BBD3-PARENT-c0001__n00001"", ""FR-BBD3-PARENT-c0001__n00002"", ""FR-BBD3-PARENT-c0001__n00004"", ""FR-BBD3-PARENT-c0001__n00009""]","[""ClCCCl"", ""CCCl"", ""OCCCl"", ""O=CCCl"", ""O=C(O)CCl""]","[""WSLDOOZREJYCGB-UHFFFAOYSA-N"", ""HRYZWHHZPQKTII-UHFFFAOYSA-N"", ""SZIFAVKTNFCBPC-UHFFFAOYSA-N"", ""QSKPIOLLBIHNAC-UHFFFAOYSA-N"", ""FOCAUTSVDIKZOP-UHFFFAOYSA-N""]","[""FR-BBD3-PARENT-c0001__e00001"", ""FR-BBD3-PARENT-c0001__e00005"", ""FR-BBD3-PARENT-c0001__e00004"", ""FR-BBD3-PARENT-c0001__e00010""]","[1.0, 1.0, 1.0, 1.0]","[""multi_generation_edge_probability"", ""multi_generation_edge_probability"", ""multi_generation_edge_probability"", ""multi_generation_edge_probability""]",1.0,path_probability_product,simple_acyclic_path,frontier_empty,True,False,False,False,False,False,False,False
FR-BBD3-PARENT-c0001,scope_a_old83_compatible,"1,2-Dichloroethane",halogenated_compound,envipath_prediction,envipath_bbd_rules_multistep,False,FR-BBD3-PARENT-c0001__sp05,5,4,"[""FR-BBD3-PARENT-c0001__n00000"", ""FR-BBD3-PARENT-c0001__n00001"", ""FR-BBD3-PARENT-c0001__n00006"", ""FR-BBD3-PARENT-c0001__n00008"", ""FR-BBD3-PARENT-c0001__n00011""]","[""ClCCCl"", ""CCCl"", ""CCO"", ""CC=O"", ""CC(=O)O""]","[""WSLDOOZREJYCGB-UHFFFAOYSA-N"", ""HRYZWHHZPQKTII-UHFFFAOYSA-N"", ""LFQSCWFLJHTTHZ-UHFFFAOYSA-N"", ""IKHGUXGNUITLKF-UHFFFAOYSA-N"", ""QTBSBXVTEAMEQO-UHFFFAOYSA-N""]","[""FR-BBD3-PARENT-c0001__e00001"", ""FR-BBD3-PARENT-c0001__e00007"", ""FR-BBD3-PARENT-c0001__e00009"", ""FR-BBD3-PARENT-c0001__e00012""]","[1.0, 1.0, 1.0, 1.0]","[""multi_generation_edge_probability"", ""multi_generation_edge_probability"", ""multi_generation_edge_probability"", ""multi_generation_edge_probability""]",1.0,path_probability_product,simple_acyclic_path,frontier_empty,True,False,False,False,False,False,False,False
FR-BBD3-PARENT-c0001,scope_a_old83_compatible,"1,2-Dichloroethane",halogenated_compound,envipath_prediction,envipath_bbd_rules_multistep,False,FR-BBD3-PARENT-c0001__sp06,6,3,"[""FR-BBD3-PARENT-c0001__n00000"", ""FR-BBD3-PARENT-c0001__n00001"", ""FR-BBD3-PARENT-c0001__n00002"", ""FR-BBD3-PARENT-c0001__n00005""]","[""ClCCCl"", ""CCCl"", ""OCCCl"", ""OCCO""]","[""WSLDOOZREJYCGB-UHFFFAOYSA-N"", ""HRYZWHHZPQKTII-UHFFFAOYSA-N"", ""SZIFAVKTNFCBPC-UHFFFAOYSA-N"", ""LYCAIKOWRPUZTN-UHFFFAOYSA-N""]","[""FR-BBD3-PARENT-c0001__e00001"", ""FR-BBD3-PARENT-c0001__e00005"", ""FR-BBD3-PARENT-c0001__e00006""]","[1.0, 1.0, 1.0]","[""multi_generation_edge_probability"", ""multi_generation_edge_probability"", ""multi_generation_edge_probability""]",1.0,path_probability_product,simple_acyclic_path,frontier_empty,True,False,False,False,False,False,False,False
FR-BBD3-PARENT-c0001,scope_a_old83_compatible,"1,2-Dichloroethane",halogenated_compound,envipath_prediction,envipath_bbd_rules_multistep,False,FR-BBD3-PARENT-c0001__sp07,7,3,"[""FR-BBD3-PARENT-c0001__n00000"", ""FR-BBD3-PARENT-c0001__n00002"", ""FR-BBD3-PARENT-c0001__n00004"", ""FR-BBD3-PARENT-c0001__n00009""]","[""ClCCCl"", ""OCCCl"", ""O=CCCl"", ""O=C(O)CCl""]","[""WSLDOOZREJYCGB-UHFFFAOYSA-N"", ""SZIFAVKTNFCBPC-UHFFFAOYSA-N"", ""QSKPIOLLBIHNAC-UHFFFAOYSA-N"", ""FOCAUTSVDIKZOP-UHFFFAOYSA-N""]","[""FR-BBD3-PARENT-c0001__e00002"", ""FR-BBD3-PARENT-c0001__e00004"", ""FR-BBD3-PARENT-c0001__e00010""]","[1.0, 1.0, 1.0]","[""multi_generation_edge_probability"", ""multi_generation_edge_probability"", ""multi_generation_edge_probability""]",1.0,path_probability_product,simple_acyclic_path,frontier_empty,True,False,False,False,False,False,False,False
FR-BBD3-PARENT-c0001,scope_a_old83_compatible,"1,2-Dichloroethane",halogenated_compound,envipath_prediction,envipath_bbd_rules_multistep,False,FR-BBD3-PARENT-c0001__sp08,8,2,"[""FR-BBD3-PARENT-c0001__n00000"", ""FR-BBD3-PARENT-c0001__n00001"", ""FR-BBD3-PARENT-c0001__n00003""]","[""ClCCCl"", ""CCCl"", ""CC""]","[""WSLDOOZREJYCGB-UHFFFAOYSA-N"", ""HRYZWHHZPQKTII-UHFFFAOYSA-N"", ""OTMSDBZUPAUEDD-UHFFFAOYSA-N""]","[""FR-BBD3-PARENT-c0001__e00001"", ""FR-BBD3-PARENT-c0001__e00003""]","[1.0, 1.0]","[""multi_generation_edge_probability"", ""multi_generation_edge_probability""]",1.0,path_probability_product,simple_acyclic_path,frontier_empty,True,False,False,False,False,False,False,False
FR-BBD3-PARENT-c0001,scope_a_old83_compatible,"1,2-Dichloroethane",halogenated_compound,envipath_prediction,envipath_bbd_rules_multistep,False,FR-BBD3-PARENT-c0001__sp09,9,2,"[""FR-BBD3-PARENT-c0001__n00000"", ""FR-BBD3-PARENT-c0001__n00002"", ""FR-BBD3-PARENT-c0001__n00005""]","[""ClCCCl"", ""OCCCl"", ""OCCO""]","[""WSLDOOZREJYCGB-UHFFFAOYSA-N"", ""SZIFAVKTNFCBPC-UHFFFAOYSA-N"", ""LYCAIKOWRPUZTN-UHFFFAOYSA-N""]","[""FR-BBD3-PARENT-c0001__e00002"", ""FR-BBD3-PARENT-c0001__e00006""]","[1.0, 1.0]","[""multi_generation_edge_probability"", ""multi_generation_edge_probability""]",1.0,path_probability_product,simple_acyclic_path,frontier_empty,True,False,False,False,False,False,False,False
FR-BBD3-PARENT-c0002,scope_a_old83_compatible,Atrazine,triazine_herbicide,envipath_prediction,envipath_bbd_rules_multistep,False,FR-BBD3-PARENT-c0002__sp01,1,6,"[""FR-BBD3-PARENT-c0002__n00000"", ""FR-BBD3-PARENT-c0002__n00001"", ""FR-BBD3-PARENT-c0002__n00006"", ""FR-BBD3-PARENT-c0002__n00016"", ""FR-BBD3-PARENT-c0002__n00031"", ""FR-BBD3-PARENT-c0002__n00034"", ""FR-BBD3-PARENT-c0002__n00039""]","[""CCNc1nc(Cl)nc(NC(C)C)n1"", ""CCNc1nc(Cl)nc(NC(C)CO)n1"", ""CC=O"", ""O=CCO"", ""O=C(O)CO"", ""O=CC(=O)O"", ""O=C(O)C(=O)O""]","[""MXWJVTOOROXGIU-UHFFFAOYSA-N"", ""PQOIZBRRWJWKAC-UHFFFAOYSA-N"", ""IKHGUXGNUITLKF-UHFFFAOYSA-N"", ""WGCNASOHLSPBMP-UHFFFAOYSA-N"", ""AEMRFAOFKBGASW-UHFFFAOYSA-N"", ""HHLFWLYXYJOTON-UHFFFAOYSA-N"", ""MUBZPKHOEPUJKR-UHFFFAOYSA-N""]","[""FR-BBD3-PARENT-c0002__e00001"", ""FR-BBD3-PARENT-c0002__e00018"", ""FR-BBD3-PARENT-c0002__e00017"", ""FR-BBD3-PARENT-c0002__e00035"", ""FR-BBD3-PARENT-c0002__e00041"", ""FR-BBD3-PARENT-c0002__e00048""]","[1.0, 1.0, 1.0, 1.0, 1.0, 1.0]","[""multi_generation_edge_probability"", ""multi_generation_edge_probability"", ""multi_generation_edge_probability"", ""multi_generation_edge_probability"", ""multi_generation_edge_probability"", ""multi_generation_edge_probability""]",1.0,path_probability_product,simple_acyclic_path,max_depth_reached,True,False,False,False,False,False,False,False
FR-BBD3-PARENT-c0002,scope_a_old83_compatible,Atrazine,triazine_herbicide,envipath_prediction,envipath_bbd_rules_multistep,False,FR-BBD3-PARENT-c0002__sp02,2,6,"[""FR-BBD3-PARENT-c0002__n00000"", ""FR-BBD3-PARENT-c0002__n00002"", ""FR-BBD3-PARENT-c0002__n00015"", ""FR-BBD3-PARENT-c0002__n00030"", ""FR-BBD3-PARENT-c0002__n00032"", ""FR-BBD3-PARENT-c0002__n00035"", ""FR-BBD3-PARENT-c0002__n00040""]","[""CCNc1nc(Cl)nc(NC(C)C)n1"", ""CCNc1nc(O)nc(NC(C)C)n1"", ""CC(C)Nc1nc(O)nc(O)n1"", ""Nc1nc(O)nc(O)n1"", ""Oc1nc(O)nc(O)n1"", ""NC(=O)NC(N)=O"", ""NC(=O)NC(=O)O""]","[""MXWJVTOOROXGIU-UHFFFAOYSA-N"", ""NFMIMWNQWAWNDW-UHFFFAOYSA-N"", ""DBFMBHXVWIURSV-UHFFFAOYSA-N"", ""YSKUZVBSHIWEFK-UHFFFAOYSA-N"", ""ZFSLODLOARCGLH-UHFFFAOYSA-N"", ""OHJMTUPIZMNBFR-UHFFFAOYSA-N"", ""AVWRKZWQTYIKIY-UHFFFAOYSA-N""]","[""FR-BBD3-PARENT-c0002__e00002"", ""FR-BBD3-PARENT-c0002__e00015"", ""FR-BBD3-PARENT-c0002__e00034"", ""FR-BBD3-PARENT-c0002__e00040"", ""FR-BBD3-PARENT-c0002__e00042"", ""FR-BBD3-PARENT-c0002__e00049""]","[1.0, 1.0, 1.0, 1.0, 1.0, 1.0]","[""multi_generation_edge_probability"", ""multi_generation_edge_probability"", ""multi_generation_edge_probability"", ""multi_generation_edge_probability"", ""multi_generation_edge_probability"", ""multi_generation_edge_probability""]",1.0,path_probability_product,simple_acyclic_path,max_depth_reached,True,False,False,False,False,False,False,False
FR-BBD3-PARENT-c0002,scope_a_old83_compatible,Atrazine,triazine_herbicide,envipath_prediction,envipath_bbd_rules_multistep,False,FR-BBD3-PARENT-c0002__sp03,3,6,"[""FR-BBD3-PARENT-c0002__n00000"", ""FR-BBD3-PARENT-c0002__n00002"", ""FR-BBD3-PARENT-c0002__n00015"", ""FR-BBD3-PARENT-c0002__n00030"", ""FR-BBD3-PARENT-c0002__n00032"", ""FR-BBD3-PARENT-c0002__n00035"", ""FR-BBD3-PARENT-c0002__n00042""]","[""CCNc1nc(Cl)nc(NC(C)C)n1"", ""CCNc1nc(O)nc(NC(C)C)n1"", ""CC(C)Nc1nc(O)nc(O)n1"", ""Nc1nc(O)nc(O)n1"", ""Oc1nc(O)nc(O)n1"", ""NC(=O)NC(N)=O"", ""NC(=O)O""]","[""MXWJVTOOROXGIU-UHFFFAOYSA-N"", ""NFMIMWNQWAWNDW-UHFFFAOYSA-N"", ""DBFMBHXVWIURSV-UHFFFAOYSA-N"", ""YSKUZVBSHIWEFK-UHFFFAOYSA-N"", ""ZFSLODLOARCGLH-UHFFFAOYSA-N"", ""OHJMTUPIZMNBFR-UHFFFAOYSA-N"", ""KXDHJXZQYSOELW-UHFFFAOYSA-N""]","[""FR-BBD3-PARENT-c0002__e00002"", ""FR-BBD3-PARENT-c0002__e00015"", ""FR-BBD3-PARENT-c0002__e00034"", ""FR-BBD3-PARENT-c0002__e00040"", ""FR-BBD3-PARENT-c0002__e00042"", ""FR-BBD3-PARENT-c0002__e00052""]","[1.0, 1.0, 1.0, 1.0, 1.0, 1.0]","[""multi_generation_edge_probability"", ""multi_generation_edge_probability"", ""multi_generation_edge_probability"", ""multi_generation_edge_probability"", ""multi_generation_edge_probability"", ""multi_generation_edge_probability""]",1.0,path_probability_product,simple_acyclic_path,max_depth_reached,True,False,False,False,False,False,False,False
FR-BBD3-PARENT-c0002,scope_a_old83_compatible,Atrazine,triazine_herbicide,envipath_prediction,envipath_bbd_rules_multistep,False,FR-BBD3-PARENT-c0002__sp04,4,6,"[""FR-BBD3-PARENT-c0002__n00000"", ""FR-BBD3-PARENT-c0002__n00002"", ""FR-BBD3-PARENT-c0002__n00015"", ""FR-BBD3-PARENT-c0002__n00030"", ""FR-BBD3-PARENT-c0002__n00032"", ""FR-BBD3-PARENT-c0002__n00035"", ""FR-BBD3-PARENT-c0002__n00044""]","[""CCNc1nc(Cl)nc(NC(C)C)n1"", ""CCNc1nc(O)nc(NC(C)C)n1"", ""CC(C)Nc1nc(O)nc(O)n1"", ""Nc1nc(O)nc(O)n1"", ""Oc1nc(O)nc(O)n1"", ""NC(=O)NC(N)=O"", ""NC(N)=O""]","[""MXWJVTOOROXGIU-UHFFFAOYSA-N"", ""NFMIMWNQWAWNDW-UHFFFAOYSA-N"", ""DBFMBHXVWIURSV-UHFFFAOYSA-N"", ""YSKUZVBSHIWEFK-UHFFFAOYSA-N"", ""ZFSLODLOARCGLH-UHFFFAOYSA-N"", ""OHJMTUPIZMNBFR-UHFFFAOYSA-N"", ""XSQUKJJJFZCRTK-UHFFFAOYSA-N""]","[""FR-BBD3-PARENT-c0002__e00002"", ""FR-BBD3-PARENT-c0002__e00015"", ""FR-BBD3-PARENT-c0002__e00034"", ""FR-BBD3-PARENT-c0002__e00040"", ""FR-BBD3-PARENT-c0002__e00042"", ""FR-BBD3-PARENT-c0002__e00054""]","[1.0, 1.0, 1.0, 1.0, 1.0, 1.0]","[""multi_generation_edge_probability"", ""multi_generation_edge_probability"", ""multi_generation_edge_probability"", ""multi_generation_edge_probability"", ""multi_generation_edge_probability"", ""multi_generation_edge_probability""]",1.0,path_probability_product,simple_acyclic_path,max_depth_reached,True,False,False,False,False,False,False,False
FR-BBD3-PARENT-c0002,scope_a_old83_compatible,Atrazine,triazine_herbicide,envipath_prediction,envipath_bbd_rules_multistep,False,FR-BBD3-PARENT-c0002__sp05,5,6,"[""FR-BBD3-PARENT-c0002__n00000"", ""FR-BBD3-PARENT-c0002__n00002"", ""FR-BBD3-PARENT-c0002__n00015"", ""FR-BBD3-PARENT-c0002__n00032"", ""FR-BBD3-PARENT-c0002__n00035"", ""FR-BBD3-PARENT-c0002__n00040"", ""FR-BBD3-PARENT-c0002__n00042""]","[""CCNc1nc(Cl)nc(NC(C)C)n1"", ""CCNc1nc(O)nc(NC(C)C)n1"", ""CC(C)Nc1nc(O)nc(O)n1"", ""Oc1nc(O)nc(O)n1"", ""NC(=O)NC(N)=O"", ""NC(=O)NC(=O)O"", ""NC(=O)O""]","[""MXWJVTOOROXGIU-UHFFFAOYSA-N"", ""NFMIMWNQWAWNDW-UHFFFAOYSA-N"", ""DBFMBHXVWIURSV-UHFFFAOYSA-N"", ""ZFSLODLOARCGLH-UHFFFAOYSA-N"", ""OHJMTUPIZMNBFR-UHFFFAOYSA-N"", ""AVWRKZWQTYIKIY-UHFFFAOYSA-N"", ""KXDHJXZQYSOELW-UHFFFAOYSA-N""]","[""FR-BBD3-PARENT-c0002__e00002"", ""FR-BBD3-PARENT-c0002__e00015"", ""FR-BBD3-PARENT-c0002__e00037"", ""FR-BBD3-PARENT-c0002__e00042"", ""FR-BBD3-PARENT-c0002__e00049"", ""FR-BBD3-PARENT-c0002__e00056""]","[1.0, 1.0, 1.0, 1.0, 1.0, 1.0]","[""multi_generation_edge_probability"", ""multi_generation_edge_probability"", ""multi_generation_edge_probability"", ""multi_generation_edge_probability"", ""multi_generation_edge_probability"", ""multi_generation_edge_probability""]",1.0,path_probability_product,simple_acyclic_path,max_depth_reached,True,False,False,False,False,False,False,False
FR-BBD3-PARENT-c0002,scope_a_old83_compatible,Atrazine,triazine_herbicide,envipath_prediction,envipath_bbd_rules_multistep,False,FR-BBD3-PARENT-c0002__sp06,6,6,"[""FR-BBD3-PARENT-c0002__n00000"", ""FR-BBD3-PARENT-c0002__n00002"", ""FR-BBD3-PARENT-c0002__n00015"", ""FR-BBD3-PARENT-c0002__n00032"", ""FR-BBD3-PARENT-c0002__n00035"", ""FR-BBD3-PARENT-c0002__n00040"", ""FR-BBD3-PARENT-c0002__n00046""]","[""CCNc1nc(Cl)nc(NC(C)C)n1"", ""CCNc1nc(O)nc(NC(C)C)n1"", ""CC(C)Nc1nc(O)nc(O)n1"", ""Oc1nc(O)nc(O)n1"", ""NC(=O)NC(N)=O"", ""NC(=O)NC(=O)O"", ""O=C(O)NC(=O)O""]","[""MXWJVTOOROXGIU-UHFFFAOYSA-N"", ""NFMIMWNQWAWNDW-UHFFFAOYSA-N"", ""DBFMBHXVWIURSV-UHFFFAOYSA-N"", ""ZFSLODLOARCGLH-UHFFFAOYSA-N"", ""OHJMTUPIZMNBFR-UHFFFAOYSA-N"", ""AVWRKZWQTYIKIY-UHFFFAOYSA-N"", ""BUZRUIZTMOKRPB-UHFFFAOYSA-N""]","[""FR-BBD3-PARENT-c0002__e00002"", ""FR-BBD3-PARENT-c0002__e00015"", ""FR-BBD3-PARENT-c0002__e00037"", ""FR-BBD3-PARENT-c0002__e00042"", ""FR-BBD3-PARENT-c0002__e00049"", ""FR-BBD3-PARENT-c0002__e00058""]","[1.0, 1.0, 1.0, 1.0, 1.0, 1.0]","[""multi_generation_edge_probability"", ""multi_generation_edge_probability"", ""multi_generation_edge_probability"", ""multi_generation_edge_probability"", ""multi_generation_edge_probability"", ""multi_generation_edge_probability""]",1.0,path_probability_product,simple_acyclic_path,max_depth_reached,True,False,False,False,False,False,False,False
FR-BBD3-PARENT-c0002,scope_a_old83_compatible,Atrazine,triazine_herbicide,envipath_prediction,envipath_bbd_rules_multistep,False,FR-BBD3-PARENT-c0002__sp07,7,6,"[""FR-BBD3-PARENT-c0002__n00000"", ""FR-BBD3-PARENT-c0002__n00002"", ""FR-BBD3-PARENT-c0002__n00015"", ""FR-BBD3-PARENT-c0002__n00032"", ""FR-BBD3-PARENT-c0002__n00035"", ""FR-BBD3-PARENT-c0002__n00044"", ""FR-BBD3-PARENT-c0002__n00041""]","[""CCNc1nc(Cl)nc(NC(C)C)n1"", ""CCNc1nc(O)nc(NC(C)C)n1"", ""CC(C)Nc1nc(O)nc(O)n1"", ""Oc1nc(O)nc(O)n1"", ""NC(=O)NC(N)=O"", ""NC(N)=O"", ""N""]","[""MXWJVTOOROXGIU-UHFFFAOYSA-N"", ""NFMIMWNQWAWNDW-UHFFFAOYSA-N"", ""DBFMBHXVWIURSV-UHFFFAOYSA-N"", ""ZFSLODLOARCGLH-UHFFFAOYSA-N"", ""OHJMTUPIZMNBFR-UHFFFAOYSA-N"", ""XSQUKJJJFZCRTK-UHFFFAOYSA-N"", ""QGZKDVFQNNGYKY-UHFFFAOYSA-N""]","[""FR-BBD3-PARENT-c0002__e00002"", ""FR-BBD3-PARENT-c0002__e00015"", ""FR-BBD3-PARENT-c0002__e00037"", ""FR-BBD3-PARENT-c0002__e00042"", ""FR-BBD3-PARENT-c0002__e00054"", ""FR-BBD3-PARENT-c0002__e00057""]","[1.0, 1.0, 1.0, 1.0, 1.0, 1.0]","[""multi_generation_edge_probability"", ""multi_generation_edge_probability"", ""multi_generation_edge_probability"", ""multi_generation_edge_probability"", ""multi_generation_edge_probability"", ""multi_generation_edge_probability""]",1.0,path_probability_product,simple_acyclic_path,max_depth_reached,True,False,False,False,False,False,False,False
FR-BBD3-PARENT-c0002,scope_a_old83_compatible,Atrazine,triazine_herbicide,envipath_prediction,envipath_bbd_rules_multistep,False,FR-BBD3-PARENT-c0002__sp08,8,6,"[""FR-BBD3-PARENT-c0002__n00000"", ""FR-BBD3-PARENT-c0002__n00002"", ""FR-BBD3-PARENT-c0002__n00015"", ""FR-BBD3-PARENT-c0002__n00033"", ""FR-BBD3-PARENT-c0002__n00030"", ""FR-BBD3-PARENT-c0002__n00032"", ""FR-BBD3-PARENT-c0002__n00035""]","[""CCNc1nc(Cl)nc(NC(C)C)n1"", ""CCNc1nc(O)nc(NC(C)C)n1"", ""CC(C)Nc1nc(O)nc(O)n1"", ""CC(CO)Nc1nc(O)nc(O)n1"", ""Nc1nc(O)nc(O)n1"", ""Oc1nc(O)nc(O)n1"", ""NC(=O)NC(N)=O""]","[""MXWJVTOOROXGIU-UHFFFAOYSA-N"", ""NFMIMWNQWAWNDW-UHFFFAOYSA-N"", ""DBFMBHXVWIURSV-UHFFFAOYSA-N"", ""BTCAHIFXICIFGB-UHFFFAOYSA-N"", ""YSKUZVBSHIWEFK-UHFFFAOYSA-N"", ""ZFSLODLOARCGLH-UHFFFAOYSA-N"", ""OHJMTUPIZMNBFR-UHFFFAOYSA-N""]","[""FR-BBD3-PARENT-c0002__e00002"", ""FR-BBD3-PARENT-c0002__e00015"", ""FR-BBD3-PARENT-c0002__e00039"", ""FR-BBD3-PARENT-c0002__e00046"", ""FR-BBD3-PARENT-c0002__e00040"", ""FR-BBD3-PARENT-c0002__e00042""]","[1.0, 1.0, 1.0, 1.0, 1.0, 1.0]","[""multi_generation_edge_probability"", ""multi_generation_edge_probability"", ""multi_generation_edge_probability"", ""multi_generation_edge_probability"", ""multi_generation_edge_probability"", ""multi_generation_edge_probability""]",1.0,path_probability_product,simple_acyclic_path,max_depth_reached,True,False,False,False,False,False,False,False
FR-BBD3-PARENT-c0002,scope_a_old83_compatible,Atrazine,triazine_herbicide,envipath_prediction,envipath_bbd_rules_multistep,False,FR-BBD3-PARENT-c0002__sp09,9,5,"[""FR-BBD3-PARENT-c0002__n00000"", ""FR-BBD3-PARENT-c0002__n00002"", ""FR-BBD3-PARENT-c0002__n00015"", ""FR-BBD3-PARENT-c0002__n00032"", ""FR-BBD3-PARENT-c0002__n00035"", ""FR-BBD3-PARENT-c0002__n00042""]","[""CCNc1nc(Cl)nc(NC(C)C)n1"", ""CCNc1nc(O)nc(NC(C)C)n1"", ""CC(C)Nc1nc(O)nc(O)n1"", ""Oc1nc(O)nc(O)n1"", ""NC(=O)NC(N)=O"", ""NC(=O)O""]","[""MXWJVTOOROXGIU-UHFFFAOYSA-N"", ""NFMIMWNQWAWNDW-UHFFFAOYSA-N"", ""DBFMBHXVWIURSV-UHFFFAOYSA-N"", ""ZFSLODLOARCGLH-UHFFFAOYSA-N"", ""OHJMTUPIZMNBFR-UHFFFAOYSA-N"", ""KXDHJXZQYSOELW-UHFFFAOYSA-N""]","[""FR-BBD3-PARENT-c0002__e00002"", ""FR-BBD3-PARENT-c0002__e00015"", ""FR-BBD3-PARENT-c0002__e00037"", ""FR-BBD3-PARENT-c0002__e00042"", ""FR-BBD3-PARENT-c0002__e00052""]","[1.0, 1.0, 1.0, 1.0, 1.0]","[""multi_generation_edge_probability"", ""multi_generation_edge_probability"", ""multi_generation_edge_probability"", ""multi_generation_edge_probability"", ""multi_generation_edge_probability""]",1.0,path_probability_product,simple_acyclic_path,frontier_empty,True,False,False,False,False,False,False,False
FR-BBD3-PARENT-c0002,scope_a_old83_compatible,Atrazine,triazine_herbicide,envipath_prediction,envipath_bbd_rules_multistep,False,FR-BBD3-PARENT-c0002__sp10,10,5,"[""FR-BBD3-PARENT-c0002__n00000"", ""FR-BBD3-PARENT-c0002__n00002"", ""FR-BBD3-PARENT-c0002__n00015"", ""FR-BBD3-PARENT-c0002__n00033"", ""FR-BBD3-PARENT-c0002__n00036"", ""FR-BBD3-PARENT-c0002__n00041""]","[""CCNc1nc(Cl)nc(NC(C)C)n1"", ""CCNc1nc(O)nc(NC(C)C)n1"", ""CC(C)Nc1nc(O)nc(O)n1"", ""CC(CO)Nc1nc(O)nc(O)n1"", ""CC(N)CO"", ""N""]","[""MXWJVTOOROXGIU-UHFFFAOYSA-N"", ""NFMIMWNQWAWNDW-UHFFFAOYSA-N"", ""DBFMBHXVWIURSV-UHFFFAOYSA-N"", ""BTCAHIFXICIFGB-UHFFFAOYSA-N"", ""BKMMTJMQCTUHRP-UHFFFAOYSA-N"", ""QGZKDVFQNNGYKY-UHFFFAOYSA-N""]","[""FR-BBD3-PARENT-c0002__e00002"", ""FR-BBD3-PARENT-c0002__e00015"", ""FR-BBD3-PARENT-c0002__e00039"", ""FR-BBD3-PARENT-c0002__e00043"", ""FR-BBD3-PARENT-c0002__e00050""]","[1.0, 1.0, 1.0, 1.0, 1.0]","[""multi_generation_edge_probability"", ""multi_generation_edge_probability"", ""multi_generation_edge_probability"", ""multi_generation_edge_probability"", ""multi_generation_edge_probability""]",1.0,path_probability_product,simple_acyclic_path,frontier_empty,True,False,False,False,False,False,False,False
FR-BBD3-PARENT-c0006,scope_a_old83_compatible,Gallate,other_eawag_bbd_xenobiotic,envipath_prediction,envipath_bbd_rules_multistep,False,FR-BBD3-PARENT-c0006__sp01,1,5,"[""FR-BBD3-PARENT-c0006__n00000"", ""FR-BBD3-PARENT-c0006__n00003"", ""FR-BBD3-PARENT-c0006__n00006"", ""FR-BBD3-PARENT-c0006__n00001"", ""FR-BBD3-PARENT-c0006__n00004"", ""FR-BBD3-PARENT-c0006__n00013""]","[""O=C([O-])c1cc(O)c(O)c(O)c1"", ""Oc1cccc(O)c1O"", ""Oc1ccc(O)c(O)c1O"", ""Oc1cc(O)c(O)c(O)c1O"", ""O=C1C(O)=C(O)CC(O)C1O"", ""O=C1CC(O)=C(O)C(=O)C1O""]","[""LNTHITQWFMADLM-UHFFFAOYSA-M"", ""WQGWDDDVZFFDIG-UHFFFAOYSA-N"", ""VERMEZLHWFHDLK-UHFFFAOYSA-N"", ""RUFWIGMRKSSQJC-UHFFFAOYSA-N"", ""ZWVZELMXEUCRGC-UHFFFAOYSA-N"", ""JNRPSPHPJGQAHU-UHFFFAOYSA-N""]","[""FR-BBD3-PARENT-c0006__e00003"", ""FR-BBD3-PARENT-c0006__e00006"", ""FR-BBD3-PARENT-c0006__e00016"", ""FR-BBD3-PARENT-c0006__e00004"", ""FR-BBD3-PARENT-c0006__e00014""]","[1.0, 1.0, 1.0, 1.0, 1.0]","[""multi_generation_edge_probability"", ""multi_generation_edge_probability"", ""multi_generation_edge_probability"", ""multi_generation_edge_probability"", ""multi_generation_edge_probability""]",1.0,path_probability_product,simple_acyclic_path,frontier_empty,True,False,False,False,False,False,False,False
FR-BBD3-PARENT-c0006,scope_a_old83_compatible,Gallate,other_eawag_bbd_xenobiotic,envipath_prediction,envipath_bbd_rules_multistep,False,FR-BBD3-PARENT-c0006__sp02,2,5,"[""FR-BBD3-PARENT-c0006__n00000"", ""FR-BBD3-PARENT-c0006__n00003"", ""FR-BBD3-PARENT-c0006__n00006"", ""FR-BBD3-PARENT-c0006__n00001"", ""FR-BBD3-PARENT-c0006__n00004"", ""FR-BBD3-PARENT-c0006__n00017""]","[""O=C([O-])c1cc(O)c(O)c(O)c1"", ""Oc1cccc(O)c1O"", ""Oc1ccc(O)c(O)c1O"", ""Oc1cc(O)c(O)c(O)c1O"", ""O=C1C(O)=C(O)CC(O)C1O"", ""O=C1OC(O)=C(O)CC(O)C1O""]","[""LNTHITQWFMADLM-UHFFFAOYSA-M"", ""WQGWDDDVZFFDIG-UHFFFAOYSA-N"", ""VERMEZLHWFHDLK-UHFFFAOYSA-N"", ""RUFWIGMRKSSQJC-UHFFFAOYSA-N"", ""ZWVZELMXEUCRGC-UHFFFAOYSA-N"", ""WTLMHSPZCZBBAU-UHFFFAOYSA-N""]","[""FR-BBD3-PARENT-c0006__e00003"", ""FR-BBD3-PARENT-c0006__e00006"", ""FR-BBD3-PARENT-c0006__e00016"", ""FR-BBD3-PARENT-c0006__e00004"", ""FR-BBD3-PARENT-c0006__e00020""]","[1.0, 1.0, 1.0, 1.0, 1.0]","[""multi_generation_edge_probability"", ""multi_generation_edge_probability"", ""multi_generation_edge_probability"", ""multi_generation_edge_probability"", ""multi_generation_edge_probability""]",1.0,path_probability_product,simple_acyclic_path,frontier_empty,True,False,False,False,False,False,False,False
FR-BBD3-PARENT-c0006,scope_a_old83_compatible,Gallate,other_eawag_bbd_xenobiotic,envipath_prediction,envipath_bbd_rules_multistep,False,FR-BBD3-PARENT-c0006__sp03,3,5,"[""FR-BBD3-PARENT-c0006__n00000"", ""FR-BBD3-PARENT-c0006__n00003"", ""FR-BBD3-PARENT-c0006__n00006"", ""FR-BBD3-PARENT-c0006__n00001"", ""FR-BBD3-PARENT-c0006__n00004"", ""FR-BBD3-PARENT-c0006__n00021""]","[""O=C([O-])c1cc(O)c(O)c(O)c1"", ""Oc1cccc(O)c1O"", ""Oc1ccc(O)c(O)c1O"", ""Oc1cc(O)c(O)c(O)c1O"", ""O=C1C(O)=C(O)CC(O)C1O"", ""O=C1C(=O)C(O)CC(O)=C1O""]","[""LNTHITQWFMADLM-UHFFFAOYSA-M"", ""WQGWDDDVZFFDIG-UHFFFAOYSA-N"", ""VERMEZLHWFHDLK-UHFFFAOYSA-N"", ""RUFWIGMRKSSQJC-UHFFFAOYSA-N"", ""ZWVZELMXEUCRGC-UHFFFAOYSA-N"", ""VRLUOWBQHDRQKY-UHFFFAOYSA-N""]","[""FR-BBD3-PARENT-c0006__e00003"", ""FR-BBD3-PARENT-c0006__e00006"", ""FR-BBD3-PARENT-c0006__e00016"", ""FR-BBD3-PARENT-c0006__e00004"", ""FR-BBD3-PARENT-c0006__e00025""]","[1.0, 1.0, 1.0, 1.0, 1.0]","[""multi_generation_edge_probability"", ""multi_generation_edge_probability"", ""multi_generation_edge_probability"", ""multi_generation_edge_probability"", ""multi_generation_edge_probability""]",1.0,path_probability_product,simple_acyclic_path,frontier_empty,True,False,False,False,False,False,False,False
FR-BBD3-PARENT-c0006,scope_a_old83_compatible,Gallate,other_eawag_bbd_xenobiotic,envipath_prediction,envipath_bbd_rules_multistep,False,FR-BBD3-PARENT-c0006__sp04,4,5,"[""FR-BBD3-PARENT-c0006__n00000"", ""FR-BBD3-PARENT-c0006__n00003"", ""FR-BBD3-PARENT-c0006__n00006"", ""FR-BBD3-PARENT-c0006__n00001"", ""FR-BBD3-PARENT-c0006__n00004"", ""FR-BBD3-PARENT-c0006__n00025""]","[""O=C([O-])c1cc(O)c(O)c(O)c1"", ""Oc1cccc(O)c1O"", ""Oc1ccc(O)c(O)c1O"", ""Oc1cc(O)c(O)c(O)c1O"", ""O=C1C(O)=C(O)CC(O)C1O"", ""O=C1C(=O)C(O)C(O)CC1O""]","[""LNTHITQWFMADLM-UHFFFAOYSA-M"", ""WQGWDDDVZFFDIG-UHFFFAOYSA-N"", ""VERMEZLHWFHDLK-UHFFFAOYSA-N"", ""RUFWIGMRKSSQJC-UHFFFAOYSA-N"", ""ZWVZELMXEUCRGC-UHFFFAOYSA-N"", ""AMWPAUGSGLTTHG-UHFFFAOYSA-N""]","[""FR-BBD3-PARENT-c0006__e00003"", ""FR-BBD3-PARENT-c0006__e00006"", ""FR-BBD3-PARENT-c0006__e00016"", ""FR-BBD3-PARENT-c0006__e00004"", ""FR-BBD3-PARENT-c0006__e00029""]","[1.0, 1.0, 1.0, 1.0, 1.0]","[""multi_generation_edge_probability"", ""multi_generation_edge_probability"", ""multi_generation_edge_probability"", ""multi_generation_edge_probability"", ""multi_generation_edge_probability""]",1.0,path_probability_product,simple_acyclic_path,frontier_empty,True,False,False,False,False,False,False,False
FR-BBD3-PARENT-c0006,scope_a_old83_compatible,Gallate,other_eawag_bbd_xenobiotic,envipath_prediction,envipath_bbd_rules_multistep,False,FR-BBD3-PARENT-c0006__sp05,5,5,"[""FR-BBD3-PARENT-c0006__n00000"", ""FR-BBD3-PARENT-c0006__n00003"", ""FR-BBD3-PARENT-c0006__n00006"", ""FR-BBD3-PARENT-c0006__n00001"", ""FR-BBD3-PARENT-c0006__n00004"", ""FR-BBD3-PARENT-c0006__n00027""]","[""O=C([O-])c1cc(O)c(O)c(O)c1"", ""Oc1cccc(O)c1O"", ""Oc1ccc(O)c(O)c1O"", ""Oc1cc(O)c(O)c(O)c1O"", ""O=C1C(O)=C(O)CC(O)C1O"", ""O=C1C(O)C(O)CC(O)C1O""]","[""LNTHITQWFMADLM-UHFFFAOYSA-M"", ""WQGWDDDVZFFDIG-UHFFFAOYSA-N"", ""VERMEZLHWFHDLK-UHFFFAOYSA-N"", ""RUFWIGMRKSSQJC-UHFFFAOYSA-N"", ""ZWVZELMXEUCRGC-UHFFFAOYSA-N"", ""DNWNZFQXCIWUSQ-UHFFFAOYSA-N""]","[""FR-BBD3-PARENT-c0006__e00003"", ""FR-BBD3-PARENT-c0006__e00006"", ""FR-BBD3-PARENT-c0006__e00016"", ""FR-BBD3-PARENT-c0006__e00004"", ""FR-BBD3-PARENT-c0006__e00031""]","[1.0, 1.0, 1.0, 1.0, 1.0]","[""multi_generation_edge_probability"", ""multi_generation_edge_probability"", ""multi_generation_edge_probability"", ""multi_generation_edge_probability"", ""multi_generation_edge_probability""]",1.0,path_probability_product,simple_acyclic_path,frontier_empty,True,False,False,False,False,False,False,False
FR-BBD3-PARENT-c0006,scope_a_old83_compatible,Gallate,other_eawag_bbd_xenobiotic,envipath_prediction,envipath_bbd_rules_multistep,False,FR-BBD3-PARENT-c0006__sp06,6,5,"[""FR-BBD3-PARENT-c0006__n00000"", ""FR-BBD3-PARENT-c0006__n00003"", ""FR-BBD3-PARENT-c0006__n00006"", ""FR-BBD3-PARENT-c0006__n00001"", ""FR-BBD3-PARENT-c0006__n00004"", ""FR-BBD3-PARENT-c0006__n00029""]","[""O=C([O-])c1cc(O)c(O)c(O)c1"", ""Oc1cccc(O)c1O"", ""Oc1ccc(O)c(O)c1O"", ""Oc1cc(O)c(O)c(O)c1O"", ""O=C1C(O)=C(O)CC(O)C1O"", ""O=C1OC(O)C(O)CC(O)=C1O""]","[""LNTHITQWFMADLM-UHFFFAOYSA-M"", ""WQGWDDDVZFFDIG-UHFFFAOYSA-N"", ""VERMEZLHWFHDLK-UHFFFAOYSA-N"", ""RUFWIGMRKSSQJC-UHFFFAOYSA-N"", ""ZWVZELMXEUCRGC-UHFFFAOYSA-N"", ""MVXPAAXYCMMPSU-UHFFFAOYSA-N""]","[""FR-BBD3-PARENT-c0006__e00003"", ""FR-BBD3-PARENT-c0006__e00006"", ""FR-BBD3-PARENT-c0006__e00016"", ""FR-BBD3-PARENT-c0006__e00004"", ""FR-BBD3-PARENT-c0006__e00033""]","[1.0, 1.0, 1.0, 1.0, 1.0]","[""multi_generation_edge_probability"", ""multi_generation_edge_probability"", ""multi_generation_edge_probability"", ""multi_generation_edge_probability"", ""multi_generation_edge_probability""]",1.0,path_probability_product,simple_acyclic_path,frontier_empty,True,False,False,False,False,False,False,False
FR-BBD3-PARENT-c0006,scope_a_old83_compatible,Gallate,other_eawag_bbd_xenobiotic,envipath_prediction,envipath_bbd_rules_multistep,False,FR-BBD3-PARENT-c0006__sp07,7,5,"[""FR-BBD3-PARENT-c0006__n00000"", ""FR-BBD3-PARENT-c0006__n00003"", ""FR-BBD3-PARENT-c0006__n00006"", ""FR-BBD3-PARENT-c0006__n00001"", ""FR-BBD3-PARENT-c0006__n00004"", ""FR-BBD3-PARENT-c0006__n00031""]","[""O=C([O-])c1cc(O)c(O)c(O)c1"", ""Oc1cccc(O)c1O"", ""Oc1ccc(O)c(O)c1O"", ""Oc1cc(O)c(O)c(O)c1O"", ""O=C1C(O)=C(O)CC(O)C1O"", ""O=C1CC(O)C(O)C(=O)C1O""]","[""LNTHITQWFMADLM-UHFFFAOYSA-M"", ""WQGWDDDVZFFDIG-UHFFFAOYSA-N"", ""VERMEZLHWFHDLK-UHFFFAOYSA-N"", ""RUFWIGMRKSSQJC-UHFFFAOYSA-N"", ""ZWVZELMXEUCRGC-UHFFFAOYSA-N"", ""AHGKUKXHBMZGKI-UHFFFAOYSA-N""]","[""FR-BBD3-PARENT-c0006__e00003"", ""FR-BBD3-PARENT-c0006__e00006"", ""FR-BBD3-PARENT-c0006__e00016"", ""FR-BBD3-PARENT-c0006__e00004"", ""FR-BBD3-PARENT-c0006__e00035""]","[1.0, 1.0, 1.0, 1.0, 1.0]","[""multi_generation_edge_probability"", ""multi_generation_edge_probability"", ""multi_generation_edge_probability"", ""multi_generation_edge_probability"", ""multi_generation_edge_probability""]",1.0,path_probability_product,simple_acyclic_path,frontier_empty,True,False,False,False,False,False,False,False
FR-BBD3-PARENT-c0006,scope_a_old83_compatible,Gallate,other_eawag_bbd_xenobiotic,envipath_prediction,envipath_bbd_rules_multistep,False,FR-BBD3-PARENT-c0006__sp08,8,4,"[""FR-BBD3-PARENT-c0006__n00000"", ""FR-BBD3-PARENT-c0006__n00002"", ""FR-BBD3-PARENT-c0006__n00008"", ""FR-BBD3-PARENT-c0006__n00005"", ""FR-BBD3-PARENT-c0006__n00014""]","[""O=C([O-])c1cc(O)c(O)c(O)c1"", ""O=C(O)c1cc(O)c(O)c(O)c1O"", ""O=C(O)c1c(O)cc(O)c(O)c1O"", ""O=C(O)c1c(O)c(O)c(O)c(O)c1O"", ""O=C(O)C1=C(O)C(O)C(O)C(O)C1=O""]","[""LNTHITQWFMADLM-UHFFFAOYSA-M"", ""OZDWGFJBGUGKMY-UHFFFAOYSA-N"", ""FMQDZOFOPHKXLA-UHFFFAOYSA-N"", ""ZHDKFKAWPYRHSQ-UHFFFAOYSA-N"", ""VUHWCEGHLNBPMC-UHFFFAOYSA-N""]","[""FR-BBD3-PARENT-c0006__e00002"", ""FR-BBD3-PARENT-c0006__e00008"", ""FR-BBD3-PARENT-c0006__e00017"", ""FR-BBD3-PARENT-c0006__e00015""]","[1.0, 1.0, 1.0, 1.0]","[""multi_generation_edge_probability"", ""multi_generation_edge_probability"", ""multi_generation_edge_probability"", ""multi_generation_edge_probability""]",1.0,path_probability_product,simple_acyclic_path,frontier_empty,True,False,False,False,False,False,False,False
FR-BBD3-PARENT-c0006,scope_a_old83_compatible,Gallate,other_eawag_bbd_xenobiotic,envipath_prediction,envipath_bbd_rules_multistep,False,FR-BBD3-PARENT-c0006__sp09,9,4,"[""FR-BBD3-PARENT-c0006__n00000"", ""FR-BBD3-PARENT-c0006__n00002"", ""FR-BBD3-PARENT-c0006__n00008"", ""FR-BBD3-PARENT-c0006__n00005"", ""FR-BBD3-PARENT-c0006__n00018""]","[""O=C([O-])c1cc(O)c(O)c(O)c1"", ""O=C(O)c1cc(O)c(O)c(O)c1O"", ""O=C(O)c1c(O)cc(O)c(O)c1O"", ""O=C(O)c1c(O)c(O)c(O)c(O)c1O"", ""O=C1C(O)=C(O)C(C(=O)O)C(O)C1O""]","[""LNTHITQWFMADLM-UHFFFAOYSA-M"", ""OZDWGFJBGUGKMY-UHFFFAOYSA-N"", ""FMQDZOFOPHKXLA-UHFFFAOYSA-N"", ""ZHDKFKAWPYRHSQ-UHFFFAOYSA-N"", ""LJILCHLMDUZNLI-UHFFFAOYSA-N""]","[""FR-BBD3-PARENT-c0006__e00002"", ""FR-BBD3-PARENT-c0006__e00008"", ""FR-BBD3-PARENT-c0006__e00017"", ""FR-BBD3-PARENT-c0006__e00021""]","[1.0, 1.0, 1.0, 1.0]","[""multi_generation_edge_probability"", ""multi_generation_edge_probability"", ""multi_generation_edge_probability"", ""multi_generation_edge_probability""]",1.0,path_probability_product,simple_acyclic_path,frontier_empty,True,False,False,False,False,False,False,False
FR-BBD3-PARENT-c0006,scope_a_old83_compatible,Gallate,other_eawag_bbd_xenobiotic,envipath_prediction,envipath_bbd_rules_multistep,False,FR-BBD3-PARENT-c0006__sp10,10,4,"[""FR-BBD3-PARENT-c0006__n00000"", ""FR-BBD3-PARENT-c0006__n00002"", ""FR-BBD3-PARENT-c0006__n00008"", ""FR-BBD3-PARENT-c0006__n00005"", ""FR-BBD3-PARENT-c0006__n00022""]","[""O=C([O-])c1cc(O)c(O)c(O)c1"", ""O=C(O)c1cc(O)c(O)c(O)c1O"", ""O=C(O)c1c(O)cc(O)c(O)c1O"", ""O=C(O)c1c(O)c(O)c(O)c(O)c1O"", ""O=C(O)C1C(=O)C(O)=C(O)C(O)C1O""]","[""LNTHITQWFMADLM-UHFFFAOYSA-M"", ""OZDWGFJBGUGKMY-UHFFFAOYSA-N"", ""FMQDZOFOPHKXLA-UHFFFAOYSA-N"", ""ZHDKFKAWPYRHSQ-UHFFFAOYSA-N"", ""AMEJYQNWCSADAU-UHFFFAOYSA-N""]","[""FR-BBD3-PARENT-c0006__e00002"", ""FR-BBD3-PARENT-c0006__e00008"", ""FR-BBD3-PARENT-c0006__e00017"", ""FR-BBD3-PARENT-c0006__e00026""]","[1.0, 1.0, 1.0, 1.0]","[""multi_generation_edge_probability"", ""multi_generation_edge_probability"", ""multi_generation_edge_probability"", ""multi_generation_edge_probability""]",1.0,path_probability_product,simple_acyclic_path,frontier_empty,True,False,False,False,False,False,False,False
FR-BBD3-PARENT-c0018,scope_a_old83_compatible,"1,3-Dichloro-2-propanol",halogenated_compound,envipath_prediction,envipath_bbd_rules_multistep,False,FR-BBD3-PARENT-c0018__sp01,1,6,"[""FR-BBD3-PARENT-c0018__n00000"", ""FR-BBD3-PARENT-c0018__n00002"", ""FR-BBD3-PARENT-c0018__n00006"", ""FR-BBD3-PARENT-c0018__n00010"", ""FR-BBD3-PARENT-c0018__n00016"", ""FR-BBD3-PARENT-c0018__n00018"", ""FR-BBD3-PARENT-c0018__n00024""]","[""OC(CCl)CCl"", ""ClCC1CO1"", ""CC1CO1"", ""OCC1CO1"", ""O=CC1CO1"", ""O=CC(O)CO"", ""O=C(O)C(O)CO""]","[""DEWLEGDTCGBNGU-UHFFFAOYSA-N"", ""BRLQWZUYTZBJKN-UHFFFAOYSA-N"", ""GOOHAUXETOMSMM-UHFFFAOYSA-N"", ""CTKINSOISVBQLD-UHFFFAOYSA-N"", ""IWYRWIUNAVNFPE-UHFFFAOYSA-N"", ""MNQZXJOMYWMBOU-UHFFFAOYSA-N"", ""RBNPOMFGQQGHHO-UHFFFAOYSA-N""]","[""FR-BBD3-PARENT-c0018__e00002"", ""FR-BBD3-PARENT-c0018__e00006"", ""FR-BBD3-PARENT-c0018__e00021"", ""FR-BBD3-PARENT-c0018__e00019"", ""FR-BBD3-PARENT-c0018__e00029"", ""FR-BBD3-PARENT-c0018__e00030""]","[1.0, 1.0, 1.0, 1.0, 1.0, 1.0]","[""multi_generation_edge_probability"", ""multi_generation_edge_probability"", ""multi_generation_edge_probability"", ""multi_generation_edge_probability"", ""multi_generation_edge_probability"", ""multi_generation_edge_probability""]",1.0,path_probability_product,simple_acyclic_path,max_depth_reached,True,False,False,False,False,False,False,False
FR-BBD3-PARENT-c0018,scope_a_old83_compatible,"1,3-Dichloro-2-propanol",halogenated_compound,envipath_prediction,envipath_bbd_rules_multistep,False,FR-BBD3-PARENT-c0018__sp02,2,6,"[""FR-BBD3-PARENT-c0018__n00000"", ""FR-BBD3-PARENT-c0018__n00002"", ""FR-BBD3-PARENT-c0018__n00006"", ""FR-BBD3-PARENT-c0018__n00010"", ""FR-BBD3-PARENT-c0018__n00016"", ""FR-BBD3-PARENT-c0018__n00026"", ""FR-BBD3-PARENT-c0018__n00024""]","[""OC(CCl)CCl"", ""ClCC1CO1"", ""CC1CO1"", ""OCC1CO1"", ""O=CC1CO1"", ""O=C(O)C1CO1"", ""O=C(O)C(O)CO""]","[""DEWLEGDTCGBNGU-UHFFFAOYSA-N"", ""BRLQWZUYTZBJKN-UHFFFAOYSA-N"", ""GOOHAUXETOMSMM-UHFFFAOYSA-N"", ""CTKINSOISVBQLD-UHFFFAOYSA-N"", ""IWYRWIUNAVNFPE-UHFFFAOYSA-N"", ""OTGHWLKHGCENJV-UHFFFAOYSA-N"", ""RBNPOMFGQQGHHO-UHFFFAOYSA-N""]","[""FR-BBD3-PARENT-c0018__e00002"", ""FR-BBD3-PARENT-c0018__e00006"", ""FR-BBD3-PARENT-c0018__e00021"", ""FR-BBD3-PARENT-c0018__e00019"", ""FR-BBD3-PARENT-c0018__e00032"", ""FR-BBD3-PARENT-c0018__e00034""]","[1.0, 1.0, 1.0, 1.0, 1.0, 1.0]","[""multi_generation_edge_probability"", ""multi_generation_edge_probability"", ""multi_generation_edge_probability"", ""multi_generation_edge_probability"", ""multi_generation_edge_probability"", ""multi_generation_edge_probability""]",1.0,path_probability_product,simple_acyclic_path,max_depth_reached,True,False,False,False,False,False,False,False
FR-BBD3-PARENT-c0018,scope_a_old83_compatible,"1,3-Dichloro-2-propanol",halogenated_compound,envipath_prediction,envipath_bbd_rules_multistep,False,FR-BBD3-PARENT-c0018__sp03,3,6,"[""FR-BBD3-PARENT-c0018__n00000"", ""FR-BBD3-PARENT-c0018__n00002"", ""FR-BBD3-PARENT-c0018__n00006"", ""FR-BBD3-PARENT-c0018__n00010"", ""FR-BBD3-PARENT-c0018__n00008"", ""FR-BBD3-PARENT-c0018__n00014"", ""FR-BBD3-PARENT-c0018__n00023""]","[""OC(CCl)CCl"", ""ClCC1CO1"", ""CC1CO1"", ""OCC1CO1"", ""OCC(O)CO"", ""O=C(CO)CO"", ""O=CC(=O)CO""]","[""DEWLEGDTCGBNGU-UHFFFAOYSA-N"", ""BRLQWZUYTZBJKN-UHFFFAOYSA-N"", ""GOOHAUXETOMSMM-UHFFFAOYSA-N"", ""CTKINSOISVBQLD-UHFFFAOYSA-N"", ""PEDCQBHIVMGVHV-UHFFFAOYSA-N"", ""RXKJFZQQPQGTFL-UHFFFAOYSA-N"", ""JLPAWRLRMTZCSF-UHFFFAOYSA-N""]","[""FR-BBD3-PARENT-c0018__e00002"", ""FR-BBD3-PARENT-c0018__e00006"", ""FR-BBD3-PARENT-c0018__e00021"", ""FR-BBD3-PARENT-c0018__e00024"", ""FR-BBD3-PARENT-c0018__e00015"", ""FR-BBD3-PARENT-c0018__e00028""]","[1.0, 1.0, 1.0, 1.0, 1.0, 1.0]","[""multi_generation_edge_probability"", ""multi_generation_edge_probability"", ""multi_generation_edge_probability"", ""multi_generation_edge_probability"", ""multi_generation_edge_probability"", ""multi_generation_edge_probability""]",1.0,path_probability_product,simple_acyclic_path,max_depth_reached,True,False,False,False,False,False,False,False
FR-BBD3-PARENT-c0018,scope_a_old83_compatible,"1,3-Dichloro-2-propanol",halogenated_compound,envipath_prediction,envipath_bbd_rules_multistep,False,FR-BBD3-PARENT-c0018__sp04,4,6,"[""FR-BBD3-PARENT-c0018__n00000"", ""FR-BBD3-PARENT-c0018__n00002"", ""FR-BBD3-PARENT-c0018__n00006"", ""FR-BBD3-PARENT-c0018__n00010"", ""FR-BBD3-PARENT-c0018__n00008"", ""FR-BBD3-PARENT-c0018__n00018"", ""FR-BBD3-PARENT-c0018__n00024""]","[""OC(CCl)CCl"", ""ClCC1CO1"", ""CC1CO1"", ""OCC1CO1"", ""OCC(O)CO"", ""O=CC(O)CO"", ""O=C(O)C(O)CO""]","[""DEWLEGDTCGBNGU-UHFFFAOYSA-N"", ""BRLQWZUYTZBJKN-UHFFFAOYSA-N"", ""GOOHAUXETOMSMM-UHFFFAOYSA-N"", ""CTKINSOISVBQLD-UHFFFAOYSA-N"", ""PEDCQBHIVMGVHV-UHFFFAOYSA-N"", ""MNQZXJOMYWMBOU-UHFFFAOYSA-N"", ""RBNPOMFGQQGHHO-UHFFFAOYSA-N""]","[""FR-BBD3-PARENT-c0018__e00002"", ""FR-BBD3-PARENT-c0018__e00006"", ""FR-BBD3-PARENT-c0018__e00021"", ""FR-BBD3-PARENT-c0018__e00024"", ""FR-BBD3-PARENT-c0018__e00022"", ""FR-BBD3-PARENT-c0018__e00030""]","[1.0, 1.0, 1.0, 1.0, 1.0, 1.0]","[""multi_generation_edge_probability"", ""multi_generation_edge_probability"", ""multi_generation_edge_probability"", ""multi_generation_edge_probability"", ""multi_generation_edge_probability"", ""multi_generation_edge_probability""]",1.0,path_probability_product,simple_acyclic_path,max_depth_reached,True,False,False,False,False,False,False,False
FR-BBD3-PARENT-c0018,scope_a_old83_compatible,"1,3-Dichloro-2-propanol",halogenated_compound,envipath_prediction,envipath_bbd_rules_multistep,False,FR-BBD3-PARENT-c0018__sp05,5,6,"[""FR-BBD3-PARENT-c0018__n00000"", ""FR-BBD3-PARENT-c0018__n00002"", ""FR-BBD3-PARENT-c0018__n00004"", ""FR-BBD3-PARENT-c0018__n00008"", ""FR-BBD3-PARENT-c0018__n00014"", ""FR-BBD3-PARENT-c0018__n00023"", ""FR-BBD3-PARENT-c0018__n00027""]","[""OC(CCl)CCl"", ""ClCC1CO1"", ""OCC(O)CCl"", ""OCC(O)CO"", ""O=C(CO)CO"", ""O=CC(=O)CO"", ""O=C(O)C(=O)CO""]","[""DEWLEGDTCGBNGU-UHFFFAOYSA-N"", ""BRLQWZUYTZBJKN-UHFFFAOYSA-N"", ""SSZWWUDQMAHNAQ-UHFFFAOYSA-N"", ""PEDCQBHIVMGVHV-UHFFFAOYSA-N"", ""RXKJFZQQPQGTFL-UHFFFAOYSA-N"", ""JLPAWRLRMTZCSF-UHFFFAOYSA-N"", ""HHDDCCUIIUWNGJ-UHFFFAOYSA-N""]","[""FR-BBD3-PARENT-c0018__e00002"", ""FR-BBD3-PARENT-c0018__e00010"", ""FR-BBD3-PARENT-c0018__e00008"", ""FR-BBD3-PARENT-c0018__e00015"", ""FR-BBD3-PARENT-c0018__e00028"", ""FR-BBD3-PARENT-c0018__e00033""]","[1.0, 1.0, 1.0, 1.0, 1.0, 1.0]","[""multi_generation_edge_probability"", ""multi_generation_edge_probability"", ""multi_generation_edge_probability"", ""multi_generation_edge_probability"", ""multi_generation_edge_probability"", ""multi_generation_edge_probability""]",1.0,path_probability_product,simple_acyclic_path,max_depth_reached,True,False,False,False,False,False,False,False
FR-BBD3-PARENT-c0018,scope_a_old83_compatible,"1,3-Dichloro-2-propanol",halogenated_compound,envipath_prediction,envipath_bbd_rules_multistep,False,FR-BBD3-PARENT-c0018__sp06,6,6,"[""FR-BBD3-PARENT-c0018__n00000"", ""FR-BBD3-PARENT-c0018__n00002"", ""FR-BBD3-PARENT-c0018__n00004"", ""FR-BBD3-PARENT-c0018__n00010"", ""FR-BBD3-PARENT-c0018__n00016"", ""FR-BBD3-PARENT-c0018__n00018"", ""FR-BBD3-PARENT-c0018__n00024""]","[""OC(CCl)CCl"", ""ClCC1CO1"", ""OCC(O)CCl"", ""OCC1CO1"", ""O=CC1CO1"", ""O=CC(O)CO"", ""O=C(O)C(O)CO""]","[""DEWLEGDTCGBNGU-UHFFFAOYSA-N"", ""BRLQWZUYTZBJKN-UHFFFAOYSA-N"", ""SSZWWUDQMAHNAQ-UHFFFAOYSA-N"", ""CTKINSOISVBQLD-UHFFFAOYSA-N"", ""IWYRWIUNAVNFPE-UHFFFAOYSA-N"", ""MNQZXJOMYWMBOU-UHFFFAOYSA-N"", ""RBNPOMFGQQGHHO-UHFFFAOYSA-N""]","[""FR-BBD3-PARENT-c0018__e00002"", ""FR-BBD3-PARENT-c0018__e00010"", ""FR-BBD3-PARENT-c0018__e00011"", ""FR-BBD3-PARENT-c0018__e00019"", ""FR-BBD3-PARENT-c0018__e00029"", ""FR-BBD3-PARENT-c0018__e00030""]","[1.0, 1.0, 1.0, 1.0, 1.0, 1.0]","[""multi_generation_edge_probability"", ""multi_generation_edge_probability"", ""multi_generation_edge_probability"", ""multi_generation_edge_probability"", ""multi_generation_edge_probability"", ""multi_generation_edge_probability""]",1.0,path_probability_product,simple_acyclic_path,max_depth_reached,True,False,False,False,False,False,False,False
FR-BBD3-PARENT-c0018,scope_a_old83_compatible,"1,3-Dichloro-2-propanol",halogenated_compound,envipath_prediction,envipath_bbd_rules_multistep,False,FR-BBD3-PARENT-c0018__sp07,7,6,"[""FR-BBD3-PARENT-c0018__n00000"", ""FR-BBD3-PARENT-c0018__n00002"", ""FR-BBD3-PARENT-c0018__n00004"", ""FR-BBD3-PARENT-c0018__n00010"", ""FR-BBD3-PARENT-c0018__n00016"", ""FR-BBD3-PARENT-c0018__n00026"", ""FR-BBD3-PARENT-c0018__n00024""]","[""OC(CCl)CCl"", ""ClCC1CO1"", ""OCC(O)CCl"", ""OCC1CO1"", ""O=CC1CO1"", ""O=C(O)C1CO1"", ""O=C(O)C(O)CO""]","[""DEWLEGDTCGBNGU-UHFFFAOYSA-N"", ""BRLQWZUYTZBJKN-UHFFFAOYSA-N"", ""SSZWWUDQMAHNAQ-UHFFFAOYSA-N"", ""CTKINSOISVBQLD-UHFFFAOYSA-N"", ""IWYRWIUNAVNFPE-UHFFFAOYSA-N"", ""OTGHWLKHGCENJV-UHFFFAOYSA-N"", ""RBNPOMFGQQGHHO-UHFFFAOYSA-N""]","[""FR-BBD3-PARENT-c0018__e00002"", ""FR-BBD3-PARENT-c0018__e00010"", ""FR-BBD3-PARENT-c0018__e00011"", ""FR-BBD3-PARENT-c0018__e00019"", ""FR-BBD3-PARENT-c0018__e00032"", ""FR-BBD3-PARENT-c0018__e00034""]","[1.0, 1.0, 1.0, 1.0, 1.0, 1.0]","[""multi_generation_edge_probability"", ""multi_generation_edge_probability"", ""multi_generation_edge_probability"", ""multi_generation_edge_probability"", ""multi_generation_edge_probability"", ""multi_generation_edge_probability""]",1.0,path_probability_product,simple_acyclic_path,max_depth_reached,True,False,False,False,False,False,False,False
FR-BBD3-PARENT-c0018,scope_a_old83_compatible,"1,3-Dichloro-2-propanol",halogenated_compound,envipath_prediction,envipath_bbd_rules_multistep,False,FR-BBD3-PARENT-c0018__sp08,8,6,"[""FR-BBD3-PARENT-c0018__n00000"", ""FR-BBD3-PARENT-c0018__n00002"", ""FR-BBD3-PARENT-c0018__n00004"", ""FR-BBD3-PARENT-c0018__n00010"", ""FR-BBD3-PARENT-c0018__n00008"", ""FR-BBD3-PARENT-c0018__n00014"", ""FR-BBD3-PARENT-c0018__n00023""]","[""OC(CCl)CCl"", ""ClCC1CO1"", ""OCC(O)CCl"", ""OCC1CO1"", ""OCC(O)CO"", ""O=C(CO)CO"", ""O=CC(=O)CO""]","[""DEWLEGDTCGBNGU-UHFFFAOYSA-N"", ""BRLQWZUYTZBJKN-UHFFFAOYSA-N"", ""SSZWWUDQMAHNAQ-UHFFFAOYSA-N"", ""CTKINSOISVBQLD-UHFFFAOYSA-N"", ""PEDCQBHIVMGVHV-UHFFFAOYSA-N"", ""RXKJFZQQPQGTFL-UHFFFAOYSA-N"", ""JLPAWRLRMTZCSF-UHFFFAOYSA-N""]","[""FR-BBD3-PARENT-c0018__e00002"", ""FR-BBD3-PARENT-c0018__e00010"", ""FR-BBD3-PARENT-c0018__e00011"", ""FR-BBD3-PARENT-c0018__e00024"", ""FR-BBD3-PARENT-c0018__e00015"", ""FR-BBD3-PARENT-c0018__e00028""]","[1.0, 1.0, 1.0, 1.0, 1.0, 1.0]","[""multi_generation_edge_probability"", ""multi_generation_edge_probability"", ""multi_generation_edge_probability"", ""multi_generation_edge_probability"", ""multi_generation_edge_probability"", ""multi_generation_edge_probability""]",1.0,path_probability_product,simple_acyclic_path,max_depth_reached,True,False,False,False,False,False,False,False
FR-BBD3-PARENT-c0018,scope_a_old83_compatible,"1,3-Dichloro-2-propanol",halogenated_compound,envipath_prediction,envipath_bbd_rules_multistep,False,FR-BBD3-PARENT-c0018__sp09,9,6,"[""FR-BBD3-PARENT-c0018__n00000"", ""FR-BBD3-PARENT-c0018__n00002"", ""FR-BBD3-PARENT-c0018__n00004"", ""FR-BBD3-PARENT-c0018__n00010"", ""FR-BBD3-PARENT-c0018__n00008"", ""FR-BBD3-PARENT-c0018__n00018"", ""FR-BBD3-PARENT-c0018__n00024""]","[""OC(CCl)CCl"", ""ClCC1CO1"", ""OCC(O)CCl"", ""OCC1CO1"", ""OCC(O)CO"", ""O=CC(O)CO"", ""O=C(O)C(O)CO""]","[""DEWLEGDTCGBNGU-UHFFFAOYSA-N"", ""BRLQWZUYTZBJKN-UHFFFAOYSA-N"", ""SSZWWUDQMAHNAQ-UHFFFAOYSA-N"", ""CTKINSOISVBQLD-UHFFFAOYSA-N"", ""PEDCQBHIVMGVHV-UHFFFAOYSA-N"", ""MNQZXJOMYWMBOU-UHFFFAOYSA-N"", ""RBNPOMFGQQGHHO-UHFFFAOYSA-N""]","[""FR-BBD3-PARENT-c0018__e00002"", ""FR-BBD3-PARENT-c0018__e00010"", ""FR-BBD3-PARENT-c0018__e00011"", ""FR-BBD3-PARENT-c0018__e00024"", ""FR-BBD3-PARENT-c0018__e00022"", ""FR-BBD3-PARENT-c0018__e00030""]","[1.0, 1.0, 1.0, 1.0, 1.0, 1.0]","[""multi_generation_edge_probability"", ""multi_generation_edge_probability"", ""multi_generation_edge_probability"", ""multi_generation_edge_probability"", ""multi_generation_edge_probability"", ""multi_generation_edge_probability""]",1.0,path_probability_product,simple_acyclic_path,max_depth_reached,True,False,False,False,False,False,False,False
FR-BBD3-PARENT-c0018,scope_a_old83_compatible,"1,3-Dichloro-2-propanol",halogenated_compound,envipath_prediction,envipath_bbd_rules_multistep,False,FR-BBD3-PARENT-c0018__sp10,10,6,"[""FR-BBD3-PARENT-c0018__n00000"", ""FR-BBD3-PARENT-c0018__n00004"", ""FR-BBD3-PARENT-c0018__n00010"", ""FR-BBD3-PARENT-c0018__n00008"", ""FR-BBD3-PARENT-c0018__n00014"", ""FR-BBD3-PARENT-c0018__n00023"", ""FR-BBD3-PARENT-c0018__n00027""]","[""OC(CCl)CCl"", ""OCC(O)CCl"", ""OCC1CO1"", ""OCC(O)CO"", ""O=C(CO)CO"", ""O=CC(=O)CO"", ""O=C(O)C(=O)CO""]","[""DEWLEGDTCGBNGU-UHFFFAOYSA-N"", ""SSZWWUDQMAHNAQ-UHFFFAOYSA-N"", ""CTKINSOISVBQLD-UHFFFAOYSA-N"", ""PEDCQBHIVMGVHV-UHFFFAOYSA-N"", ""RXKJFZQQPQGTFL-UHFFFAOYSA-N"", ""JLPAWRLRMTZCSF-UHFFFAOYSA-N"", ""HHDDCCUIIUWNGJ-UHFFFAOYSA-N""]","[""FR-BBD3-PARENT-c0018__e00004"", ""FR-BBD3-PARENT-c0018__e00011"", ""FR-BBD3-PARENT-c0018__e00024"", ""FR-BBD3-PARENT-c0018__e00015"", ""FR-BBD3-PARENT-c0018__e00028"", ""FR-BBD3-PARENT-c0018__e00033""]","[1.0, 1.0, 1.0, 1.0, 1.0, 1.0]","[""multi_generation_edge_probability"", ""multi_generation_edge_probability"", ""multi_generation_edge_probability"", ""multi_generation_edge_probability"", ""multi_generation_edge_probability"", ""multi_generation_edge_probability""]",1.0,path_probability_product,simple_acyclic_path,max_depth_reached,True,False,False,False,False,False,False,False
FR-BBD3-PARENT-c0118,scope_a_old83_compatible,Dibenzothiophene,other_eawag_bbd_xenobiotic,envipath_prediction,envipath_bbd_rules_multistep,False,FR-BBD3-PARENT-c0118__sp01,1,1,"[""FR-BBD3-PARENT-c0118__n00000"", ""FR-BBD3-PARENT-c0118__n00001""]","[""c1ccc2c(c1)sc1ccccc12"", ""[O-][s+]1c2ccccc2c2ccccc21""]","[""IYYZUPMFVPLQIF-UHFFFAOYSA-N"", ""NGDPCAMPVQYGCW-UHFFFAOYSA-N""]","[""FR-BBD3-PARENT-c0118__e00001""]",[1.0],"[""multi_generation_edge_probability""]",1.0,path_probability_product,simple_acyclic_path,frontier_empty,True,False,False,False,False,False,False,False
FR-BBD3-PARENT-c0121,scope_a_old83_compatible,Benzoate,other_eawag_bbd_xenobiotic,envipath_prediction,envipath_bbd_rules_multistep,False,FR-BBD3-PARENT-c0121__sp01,1,6,"[""FR-BBD3-PARENT-c0121__n00000"", ""FR-BBD3-PARENT-c0121__n00003"", ""FR-BBD3-PARENT-c0121__n00013"", ""FR-BBD3-PARENT-c0121__n00024"", ""FR-BBD3-PARENT-c0121__n00028"", ""FR-BBD3-PARENT-c0121__n00031"", ""FR-BBD3-PARENT-c0121__n00040""]","[""O=C([O-])c1ccccc1"", ""O=C(O)c1cccc(O)c1O"", ""C=CC(C(=O)O)C(=O)C(=O)O"", ""CC(O)C(C(=O)O)C(=O)C(=O)O"", ""O=C(O)C(=O)C(C(=O)O)C(O)CO"", ""O=CC(O)C(C(=O)O)C(=O)C(=O)O"", ""O=CC(=O)C(C(=O)O)C(=O)C(=O)O""]","[""WPYMKLBDIGXBTP-UHFFFAOYSA-M"", ""GLDQAMYCGOIJDV-UHFFFAOYSA-N"", ""WKNRBAVEEBRFKH-UHFFFAOYSA-N"", ""LKOJLCZYDBUADY-UHFFFAOYSA-N"", ""CAAYJJZLGRKPLH-UHFFFAOYSA-N"", ""QTCDWMOECGNMSO-UHFFFAOYSA-N"", ""KHNQZVKSQAFIAY-UHFFFAOYSA-N""]","[""FR-BBD3-PARENT-c0121__e00003"", ""FR-BBD3-PARENT-c0121__e00013"", ""FR-BBD3-PARENT-c0121__e00025"", ""FR-BBD3-PARENT-c0121__e00029"", ""FR-BBD3-PARENT-c0121__e00032"", ""FR-BBD3-PARENT-c0121__e00042""]","[1.0, 1.0, 1.0, 1.0, 1.0, 1.0]","[""multi_generation_edge_probability"", ""multi_generation_edge_probability"", ""multi_generation_edge_probability"", ""multi_generation_edge_probability"", ""multi_generation_edge_probability"", ""multi_generation_edge_probability""]",1.0,path_probability_product,simple_acyclic_path,max_depth_reached,True,False,False,False,False,False,False,False
FR-BBD3-PARENT-c0121,scope_a_old83_compatible,Benzoate,other_eawag_bbd_xenobiotic,envipath_prediction,envipath_bbd_rules_multistep,False,FR-BBD3-PARENT-c0121__sp02,2,6,"[""FR-BBD3-PARENT-c0121__n00000"", ""FR-BBD3-PARENT-c0121__n00003"", ""FR-BBD3-PARENT-c0121__n00013"", ""FR-BBD3-PARENT-c0121__n00024"", ""FR-BBD3-PARENT-c0121__n00028"", ""FR-BBD3-PARENT-c0121__n00031"", ""FR-BBD3-PARENT-c0121__n00044""]","[""O=C([O-])c1ccccc1"", ""O=C(O)c1cccc(O)c1O"", ""C=CC(C(=O)O)C(=O)C(=O)O"", ""CC(O)C(C(=O)O)C(=O)C(=O)O"", ""O=C(O)C(=O)C(C(=O)O)C(O)CO"", ""O=CC(O)C(C(=O)O)C(=O)C(=O)O"", ""O=C(O)C(=O)C(C(=O)O)C(O)C(=O)O""]","[""WPYMKLBDIGXBTP-UHFFFAOYSA-M"", ""GLDQAMYCGOIJDV-UHFFFAOYSA-N"", ""WKNRBAVEEBRFKH-UHFFFAOYSA-N"", ""LKOJLCZYDBUADY-UHFFFAOYSA-N"", ""CAAYJJZLGRKPLH-UHFFFAOYSA-N"", ""QTCDWMOECGNMSO-UHFFFAOYSA-N"", ""YILAUJBAPQXZGM-UHFFFAOYSA-N""]","[""FR-BBD3-PARENT-c0121__e00003"", ""FR-BBD3-PARENT-c0121__e00013"", ""FR-BBD3-PARENT-c0121__e00025"", ""FR-BBD3-PARENT-c0121__e00029"", ""FR-BBD3-PARENT-c0121__e00032"", ""FR-BBD3-PARENT-c0121__e00048""]","[1.0, 1.0, 1.0, 1.0, 1.0, 1.0]","[""multi_generation_edge_probability"", ""multi_generation_edge_probability"", ""multi_generation_edge_probability"", ""multi_generation_edge_probability"", ""multi_generation_edge_probability"", ""multi_generation_edge_probability""]",1.0,path_probability_product,simple_acyclic_path,max_depth_reached,True,False,False,False,False,False,False,False
FR-BBD3-PARENT-c0121,scope_a_old83_compatible,Benzoate,other_eawag_bbd_xenobiotic,envipath_prediction,envipath_bbd_rules_multistep,False,FR-BBD3-PARENT-c0121__sp03,3,6,"[""FR-BBD3-PARENT-c0121__n00000"", ""FR-BBD3-PARENT-c0121__n00003"", ""FR-BBD3-PARENT-c0121__n00013"", ""FR-BBD3-PARENT-c0121__n00024"", ""FR-BBD3-PARENT-c0121__n00029"", ""FR-BBD3-PARENT-c0121__n00032"", ""FR-BBD3-PARENT-c0121__n00037""]","[""O=C([O-])c1ccccc1"", ""O=C(O)c1cccc(O)c1O"", ""C=CC(C(=O)O)C(=O)C(=O)O"", ""CC(O)C(C(=O)O)C(=O)C(=O)O"", ""CC(=O)C(C(=O)O)C(=O)C(=O)O"", ""O=C(O)C(=O)C(C(=O)O)C(=O)CO"", ""O=C(O)CC(=O)C(=O)O""]","[""WPYMKLBDIGXBTP-UHFFFAOYSA-M"", ""GLDQAMYCGOIJDV-UHFFFAOYSA-N"", ""WKNRBAVEEBRFKH-UHFFFAOYSA-N"", ""LKOJLCZYDBUADY-UHFFFAOYSA-N"", ""WJKYLTWEOXKUBX-UHFFFAOYSA-N"", ""RDXJPBMEJXNZIF-UHFFFAOYSA-N"", ""KHPXUQMNIQBQEV-UHFFFAOYSA-N""]","[""FR-BBD3-PARENT-c0121__e00003"", ""FR-BBD3-PARENT-c0121__e00013"", ""FR-BBD3-PARENT-c0121__e00025"", ""FR-BBD3-PARENT-c0121__e00030"", ""FR-BBD3-PARENT-c0121__e00033"", ""FR-BBD3-PARENT-c0121__e00044""]","[1.0, 1.0, 1.0, 1.0, 1.0, 1.0]","[""multi_generation_edge_probability"", ""multi_generation_edge_probability"", ""multi_generation_edge_probability"", ""multi_generation_edge_probability"", ""multi_generation_edge_probability"", ""multi_generation_edge_probability""]",1.0,path_probability_product,simple_acyclic_path,max_depth_reached,True,False,False,False,False,False,False,False
FR-BBD3-PARENT-c0121,scope_a_old83_compatible,Benzoate,other_eawag_bbd_xenobiotic,envipath_prediction,envipath_bbd_rules_multistep,False,FR-BBD3-PARENT-c0121__sp04,4,6,"[""FR-BBD3-PARENT-c0121__n00000"", ""FR-BBD3-PARENT-c0121__n00003"", ""FR-BBD3-PARENT-c0121__n00013"", ""FR-BBD3-PARENT-c0121__n00024"", ""FR-BBD3-PARENT-c0121__n00029"", ""FR-BBD3-PARENT-c0121__n00032"", ""FR-BBD3-PARENT-c0121__n00045""]","[""O=C([O-])c1ccccc1"", ""O=C(O)c1cccc(O)c1O"", ""C=CC(C(=O)O)C(=O)C(=O)O"", ""CC(O)C(C(=O)O)C(=O)C(=O)O"", ""CC(=O)C(C(=O)O)C(=O)C(=O)O"", ""O=C(O)C(=O)C(C(=O)O)C(=O)CO"", ""O=C(O)CO""]","[""WPYMKLBDIGXBTP-UHFFFAOYSA-M"", ""GLDQAMYCGOIJDV-UHFFFAOYSA-N"", ""WKNRBAVEEBRFKH-UHFFFAOYSA-N"", ""LKOJLCZYDBUADY-UHFFFAOYSA-N"", ""WJKYLTWEOXKUBX-UHFFFAOYSA-N"", ""RDXJPBMEJXNZIF-UHFFFAOYSA-N"", ""AEMRFAOFKBGASW-UHFFFAOYSA-N""]","[""FR-BBD3-PARENT-c0121__e00003"", ""FR-BBD3-PARENT-c0121__e00013"", ""FR-BBD3-PARENT-c0121__e00025"", ""FR-BBD3-PARENT-c0121__e00030"", ""FR-BBD3-PARENT-c0121__e00033"", ""FR-BBD3-PARENT-c0121__e00049""]","[1.0, 1.0, 1.0, 1.0, 1.0, 1.0]","[""multi_generation_edge_probability"", ""multi_generation_edge_probability"", ""multi_generation_edge_probability"", ""multi_generation_edge_probability"", ""multi_generation_edge_probability"", ""multi_generation_edge_probability""]",1.0,path_probability_product,simple_acyclic_path,max_depth_reached,True,False,False,False,False,False,False,False
FR-BBD3-PARENT-c0121,scope_a_old83_compatible,Benzoate,other_eawag_bbd_xenobiotic,envipath_prediction,envipath_bbd_rules_multistep,False,FR-BBD3-PARENT-c0121__sp05,5,6,"[""FR-BBD3-PARENT-c0121__n00000"", ""FR-BBD3-PARENT-c0121__n00003"", ""FR-BBD3-PARENT-c0121__n00013"", ""FR-BBD3-PARENT-c0121__n00024"", ""FR-BBD3-PARENT-c0121__n00029"", ""FR-BBD3-PARENT-c0121__n00032"", ""FR-BBD3-PARENT-c0121__n00048""]","[""O=C([O-])c1ccccc1"", ""O=C(O)c1cccc(O)c1O"", ""C=CC(C(=O)O)C(=O)C(=O)O"", ""CC(O)C(C(=O)O)C(=O)C(=O)O"", ""CC(=O)C(C(=O)O)C(=O)C(=O)O"", ""O=C(O)C(=O)C(C(=O)O)C(=O)CO"", ""O=C(O)CC(=O)CO""]","[""WPYMKLBDIGXBTP-UHFFFAOYSA-M"", ""GLDQAMYCGOIJDV-UHFFFAOYSA-N"", ""WKNRBAVEEBRFKH-UHFFFAOYSA-N"", ""LKOJLCZYDBUADY-UHFFFAOYSA-N"", ""WJKYLTWEOXKUBX-UHFFFAOYSA-N"", ""RDXJPBMEJXNZIF-UHFFFAOYSA-N"", ""JEZCMVCLPKSUOT-UHFFFAOYSA-N""]","[""FR-BBD3-PARENT-c0121__e00003"", ""FR-BBD3-PARENT-c0121__e00013"", ""FR-BBD3-PARENT-c0121__e00025"", ""FR-BBD3-PARENT-c0121__e00030"", ""FR-BBD3-PARENT-c0121__e00033"", ""FR-BBD3-PARENT-c0121__e00053""]","[1.0, 1.0, 1.0, 1.0, 1.0, 1.0]","[""multi_generation_edge_probability"", ""multi_generation_edge_probability"", ""multi_generation_edge_probability"", ""multi_generation_edge_probability"", ""multi_generation_edge_probability"", ""multi_generation_edge_probability""]",1.0,path_probability_product,simple_acyclic_path,max_depth_reached,True,False,False,False,False,False,False,False
FR-BBD3-PARENT-c0121,scope_a_old83_compatible,Benzoate,other_eawag_bbd_xenobiotic,envipath_prediction,envipath_bbd_rules_multistep,False,FR-BBD3-PARENT-c0121__sp06,6,6,"[""FR-BBD3-PARENT-c0121__n00000"", ""FR-BBD3-PARENT-c0121__n00003"", ""FR-BBD3-PARENT-c0121__n00013"", ""FR-BBD3-PARENT-c0121__n00024"", ""FR-BBD3-PARENT-c0121__n00029"", ""FR-BBD3-PARENT-c0121__n00037"", ""FR-BBD3-PARENT-c0121__n00043""]","[""O=C([O-])c1ccccc1"", ""O=C(O)c1cccc(O)c1O"", ""C=CC(C(=O)O)C(=O)C(=O)O"", ""CC(O)C(C(=O)O)C(=O)C(=O)O"", ""CC(=O)C(C(=O)O)C(=O)C(=O)O"", ""O=C(O)CC(=O)C(=O)O"", ""O=C(O)C(=O)C(O)C(=O)O""]","[""WPYMKLBDIGXBTP-UHFFFAOYSA-M"", ""GLDQAMYCGOIJDV-UHFFFAOYSA-N"", ""WKNRBAVEEBRFKH-UHFFFAOYSA-N"", ""LKOJLCZYDBUADY-UHFFFAOYSA-N"", ""WJKYLTWEOXKUBX-UHFFFAOYSA-N"", ""KHPXUQMNIQBQEV-UHFFFAOYSA-N"", ""RMHHUKGVZFVHED-UHFFFAOYSA-N""]","[""FR-BBD3-PARENT-c0121__e00003"", ""FR-BBD3-PARENT-c0121__e00013"", ""FR-BBD3-PARENT-c0121__e00025"", ""FR-BBD3-PARENT-c0121__e00030"", ""FR-BBD3-PARENT-c0121__e00039"", ""FR-BBD3-PARENT-c0121__e00047""]","[1.0, 1.0, 1.0, 1.0, 1.0, 1.0]","[""multi_generation_edge_probability"", ""multi_generation_edge_probability"", ""multi_generation_edge_probability"", ""multi_generation_edge_probability"", ""multi_generation_edge_probability"", ""multi_generation_edge_probability""]",1.0,path_probability_product,simple_acyclic_path,max_depth_reached,True,False,False,False,False,False,False,False
FR-BBD3-PARENT-c0121,scope_a_old83_compatible,Benzoate,other_eawag_bbd_xenobiotic,envipath_prediction,envipath_bbd_rules_multistep,False,FR-BBD3-PARENT-c0121__sp07,7,6,"[""FR-BBD3-PARENT-c0121__n00000"", ""FR-BBD3-PARENT-c0121__n00003"", ""FR-BBD3-PARENT-c0121__n00013"", ""FR-BBD3-PARENT-c0121__n00024"", ""FR-BBD3-PARENT-c0121__n00030"", ""FR-BBD3-PARENT-c0121__n00033"", ""FR-BBD3-PARENT-c0121__n00041""]","[""O=C([O-])c1ccccc1"", ""O=C(O)c1cccc(O)c1O"", ""C=CC(C(=O)O)C(=O)C(=O)O"", ""CC(O)C(C(=O)O)C(=O)C(=O)O"", ""CC(O)C(O)(C(=O)O)C(=O)C(=O)O"", ""O=C(O)C(=O)C(O)(C(=O)O)C(O)CO"", ""O=CC(O)C(O)(C(=O)O)C(=O)C(=O)O""]","[""WPYMKLBDIGXBTP-UHFFFAOYSA-M"", ""GLDQAMYCGOIJDV-UHFFFAOYSA-N"", ""WKNRBAVEEBRFKH-UHFFFAOYSA-N"", ""LKOJLCZYDBUADY-UHFFFAOYSA-N"", ""KZNPAWVBPXSZOP-UHFFFAOYSA-N"", ""CJCALRWKXZEZQC-UHFFFAOYSA-N"", ""NBIKNWGRXIUUTN-UHFFFAOYSA-N""]","[""FR-BBD3-PARENT-c0121__e00003"", ""FR-BBD3-PARENT-c0121__e00013"", ""FR-BBD3-PARENT-c0121__e00025"", ""FR-BBD3-PARENT-c0121__e00031"", ""FR-BBD3-PARENT-c0121__e00034"", ""FR-BBD3-PARENT-c0121__e00043""]","[1.0, 1.0, 1.0, 1.0, 1.0, 1.0]","[""multi_generation_edge_probability"", ""multi_generation_edge_probability"", ""multi_generation_edge_probability"", ""multi_generation_edge_probability"", ""multi_generation_edge_probability"", ""multi_generation_edge_probability""]",1.0,path_probability_product,simple_acyclic_path,max_depth_reached,True,False,False,False,False,False,False,False
FR-BBD3-PARENT-c0121,scope_a_old83_compatible,Benzoate,other_eawag_bbd_xenobiotic,envipath_prediction,envipath_bbd_rules_multistep,False,FR-BBD3-PARENT-c0121__sp08,8,6,"[""FR-BBD3-PARENT-c0121__n00000"", ""FR-BBD3-PARENT-c0121__n00003"", ""FR-BBD3-PARENT-c0121__n00013"", ""FR-BBD3-PARENT-c0121__n00024"", ""FR-BBD3-PARENT-c0121__n00030"", ""FR-BBD3-PARENT-c0121__n00033"", ""FR-BBD3-PARENT-c0121__n00046""]","[""O=C([O-])c1ccccc1"", ""O=C(O)c1cccc(O)c1O"", ""C=CC(C(=O)O)C(=O)C(=O)O"", ""CC(O)C(C(=O)O)C(=O)C(=O)O"", ""CC(O)C(O)(C(=O)O)C(=O)C(=O)O"", ""O=C(O)C(=O)C(O)(C(=O)O)C(O)CO"", ""O=C(O)C(=O)C(O)CO""]","[""WPYMKLBDIGXBTP-UHFFFAOYSA-M"", ""GLDQAMYCGOIJDV-UHFFFAOYSA-N"", ""WKNRBAVEEBRFKH-UHFFFAOYSA-N"", ""LKOJLCZYDBUADY-UHFFFAOYSA-N"", ""KZNPAWVBPXSZOP-UHFFFAOYSA-N"", ""CJCALRWKXZEZQC-UHFFFAOYSA-N"", ""CODPBKJMVNZFKR-UHFFFAOYSA-N""]","[""FR-BBD3-PARENT-c0121__e00003"", ""FR-BBD3-PARENT-c0121__e00013"", ""FR-BBD3-PARENT-c0121__e00025"", ""FR-BBD3-PARENT-c0121__e00031"", ""FR-BBD3-PARENT-c0121__e00034"", ""FR-BBD3-PARENT-c0121__e00050""]","[1.0, 1.0, 1.0, 1.0, 1.0, 1.0]","[""multi_generation_edge_probability"", ""multi_generation_edge_probability"", ""multi_generation_edge_probability"", ""multi_generation_edge_probability"", ""multi_generation_edge_probability"", ""multi_generation_edge_probability""]",1.0,path_probability_product,simple_acyclic_path,max_depth_reached,True,False,False,False,False,False,False,False
FR-BBD3-PARENT-c0121,scope_a_old83_compatible,Benzoate,other_eawag_bbd_xenobiotic,envipath_prediction,envipath_bbd_rules_multistep,False,FR-BBD3-PARENT-c0121__sp09,9,6,"[""FR-BBD3-PARENT-c0121__n00000"", ""FR-BBD3-PARENT-c0121__n00003"", ""FR-BBD3-PARENT-c0121__n00013"", ""FR-BBD3-PARENT-c0121__n00024"", ""FR-BBD3-PARENT-c0121__n00030"", ""FR-BBD3-PARENT-c0121__n00033"", ""FR-BBD3-PARENT-c0121__n00038""]","[""O=C([O-])c1ccccc1"", ""O=C(O)c1cccc(O)c1O"", ""C=CC(C(=O)O)C(=O)C(=O)O"", ""CC(O)C(C(=O)O)C(=O)C(=O)O"", ""CC(O)C(O)(C(=O)O)C(=O)C(=O)O"", ""O=C(O)C(=O)C(O)(C(=O)O)C(O)CO"", ""O=CC(=O)O""]","[""WPYMKLBDIGXBTP-UHFFFAOYSA-M"", ""GLDQAMYCGOIJDV-UHFFFAOYSA-N"", ""WKNRBAVEEBRFKH-UHFFFAOYSA-N"", ""LKOJLCZYDBUADY-UHFFFAOYSA-N"", ""KZNPAWVBPXSZOP-UHFFFAOYSA-N"", ""CJCALRWKXZEZQC-UHFFFAOYSA-N"", ""HHLFWLYXYJOTON-UHFFFAOYSA-N""]","[""FR-BBD3-PARENT-c0121__e00003"", ""FR-BBD3-PARENT-c0121__e00013"", ""FR-BBD3-PARENT-c0121__e00025"", ""FR-BBD3-PARENT-c0121__e00031"", ""FR-BBD3-PARENT-c0121__e00034"", ""FR-BBD3-PARENT-c0121__e00052""]","[1.0, 1.0, 1.0, 1.0, 1.0, 1.0]","[""multi_generation_edge_probability"", ""multi_generation_edge_probability"", ""multi_generation_edge_probability"", ""multi_generation_edge_probability"", ""multi_generation_edge_probability"", ""multi_generation_edge_probability""]",1.0,path_probability_product,simple_acyclic_path,max_depth_reached,True,False,False,False,False,False,False,False
FR-BBD3-PARENT-c0121,scope_a_old83_compatible,Benzoate,other_eawag_bbd_xenobiotic,envipath_prediction,envipath_bbd_rules_multistep,False,FR-BBD3-PARENT-c0121__sp10,10,6,"[""FR-BBD3-PARENT-c0121__n00000"", ""FR-BBD3-PARENT-c0121__n00003"", ""FR-BBD3-PARENT-c0121__n00013"", ""FR-BBD3-PARENT-c0121__n00024"", ""FR-BBD3-PARENT-c0121__n00030"", ""FR-BBD3-PARENT-c0121__n00035"", ""FR-BBD3-PARENT-c0121__n00042""]","[""O=C([O-])c1ccccc1"", ""O=C(O)c1cccc(O)c1O"", ""C=CC(C(=O)O)C(=O)C(=O)O"", ""CC(O)C(C(=O)O)C(=O)C(=O)O"", ""CC(O)C(O)(C(=O)O)C(=O)C(=O)O"", ""CC(=O)C(O)(C(=O)O)C(=O)C(=O)O"", ""O=C(O)C(=O)C(O)(C(=O)O)C(=O)CO""]","[""WPYMKLBDIGXBTP-UHFFFAOYSA-M"", ""GLDQAMYCGOIJDV-UHFFFAOYSA-N"", ""WKNRBAVEEBRFKH-UHFFFAOYSA-N"", ""LKOJLCZYDBUADY-UHFFFAOYSA-N"", ""KZNPAWVBPXSZOP-UHFFFAOYSA-N"", ""UKVAMEBHYTVPGP-UHFFFAOYSA-N"", ""AKPPFCLHVDVBQD-UHFFFAOYSA-N""]","[""FR-BBD3-PARENT-c0121__e00003"", ""FR-BBD3-PARENT-c0121__e00013"", ""FR-BBD3-PARENT-c0121__e00025"", ""FR-BBD3-PARENT-c0121__e00031"", ""FR-BBD3-PARENT-c0121__e00036"", ""FR-BBD3-PARENT-c0121__e00045""]","[1.0, 1.0, 1.0, 1.0, 1.0, 1.0]","[""multi_generation_edge_probability"", ""multi_generation_edge_probability"", ""multi_generation_edge_probability"", ""multi_generation_edge_probability"", ""multi_generation_edge_probability"", ""multi_generation_edge_probability""]",1.0,path_probability_product,simple_acyclic_path,max_depth_reached,True,False,False,False,False,False,False,False
FR-BBD3-PARENT-c0134,scope_a_old83_compatible,Glyphosate,pesticide_or_herbicide,envipath_prediction,envipath_bbd_rules_multistep,False,FR-BBD3-PARENT-c0134__sp01,1,6,"[""FR-BBD3-PARENT-c0134__n00000"", ""FR-BBD3-PARENT-c0134__n00002"", ""FR-BBD3-PARENT-c0134__n00007"", ""FR-BBD3-PARENT-c0134__n00013"", ""FR-BBD3-PARENT-c0134__n00016"", ""FR-BBD3-PARENT-c0134__n00012"", ""FR-BBD3-PARENT-c0134__n00010""]","[""O=C([O-])CNCP(=O)([O-])[O-]"", ""CNCC(=O)O"", ""CNC(O)C=O"", ""CNC(O)C(=O)O"", ""CNC(O)(O)C=O"", ""CN"", ""C=O""]","[""XDDAORKBJWWYJS-UHFFFAOYSA-K"", ""FSYKKLYZXJSNPZ-UHFFFAOYSA-N"", ""OVPZXCBZUDMISX-UHFFFAOYSA-N"", ""UFEVCHNDUJQYRK-UHFFFAOYSA-N"", ""RLKJIBZUDFLJJW-UHFFFAOYSA-N"", ""BAVYZALUXZFZLV-UHFFFAOYSA-N"", ""WSFSSNUMVMOOMR-UHFFFAOYSA-N""]","[""FR-BBD3-PARENT-c0134__e00002"", ""FR-BBD3-PARENT-c0134__e00007"", ""FR-BBD3-PARENT-c0134__e00016"", ""FR-BBD3-PARENT-c0134__e00028"", ""FR-BBD3-PARENT-c0134__e00035"", ""FR-BBD3-PARENT-c0134__e00020""]","[1.0, 1.0, 1.0, 1.0, 1.0, 1.0]","[""multi_generation_edge_probability"", ""multi_generation_edge_probability"", ""multi_generation_edge_probability"", ""multi_generation_edge_probability"", ""multi_generation_edge_probability"", ""multi_generation_edge_probability""]",1.0,path_probability_product,simple_acyclic_path,max_depth_reached,True,False,False,False,False,False,False,False
FR-BBD3-PARENT-c0134,scope_a_old83_compatible,Glyphosate,pesticide_or_herbicide,envipath_prediction,envipath_bbd_rules_multistep,False,FR-BBD3-PARENT-c0134__sp02,2,6,"[""FR-BBD3-PARENT-c0134__n00000"", ""FR-BBD3-PARENT-c0134__n00002"", ""FR-BBD3-PARENT-c0134__n00007"", ""FR-BBD3-PARENT-c0134__n00013"", ""FR-BBD3-PARENT-c0134__n00016"", ""FR-BBD3-PARENT-c0134__n00006"", ""FR-BBD3-PARENT-c0134__n00009""]","[""O=C([O-])CNCP(=O)([O-])[O-]"", ""CNCC(=O)O"", ""CNC(O)C=O"", ""CNC(O)C(=O)O"", ""CNC(O)(O)C=O"", ""O=CC(=O)O"", ""O=C(O)C(=O)O""]","[""XDDAORKBJWWYJS-UHFFFAOYSA-K"", ""FSYKKLYZXJSNPZ-UHFFFAOYSA-N"", ""OVPZXCBZUDMISX-UHFFFAOYSA-N"", ""UFEVCHNDUJQYRK-UHFFFAOYSA-N"", ""RLKJIBZUDFLJJW-UHFFFAOYSA-N"", ""HHLFWLYXYJOTON-UHFFFAOYSA-N"", ""MUBZPKHOEPUJKR-UHFFFAOYSA-N""]","[""FR-BBD3-PARENT-c0134__e00002"", ""FR-BBD3-PARENT-c0134__e00007"", ""FR-BBD3-PARENT-c0134__e00016"", ""FR-BBD3-PARENT-c0134__e00028"", ""FR-BBD3-PARENT-c0134__e00036"", ""FR-BBD3-PARENT-c0134__e00009""]","[1.0, 1.0, 1.0, 1.0, 1.0, 1.0]","[""multi_generation_edge_probability"", ""multi_generation_edge_probability"", ""multi_generation_edge_probability"", ""multi_generation_edge_probability"", ""multi_generation_edge_probability"", ""multi_generation_edge_probability""]",1.0,path_probability_product,simple_acyclic_path,max_depth_reached,True,False,False,False,False,False,False,False
FR-BBD3-PARENT-c0134,scope_a_old83_compatible,Glyphosate,pesticide_or_herbicide,envipath_prediction,envipath_bbd_rules_multistep,False,FR-BBD3-PARENT-c0134__sp03,3,6,"[""FR-BBD3-PARENT-c0134__n00000"", ""FR-BBD3-PARENT-c0134__n00002"", ""FR-BBD3-PARENT-c0134__n00007"", ""FR-BBD3-PARENT-c0134__n00011"", ""FR-BBD3-PARENT-c0134__n00014"", ""FR-BBD3-PARENT-c0134__n00006"", ""FR-BBD3-PARENT-c0134__n00009""]","[""O=C([O-])CNCP(=O)([O-])[O-]"", ""CNCC(=O)O"", ""CNC(O)C=O"", ""NC(O)C=O"", ""O=CC=O"", ""O=CC(=O)O"", ""O=C(O)C(=O)O""]","[""XDDAORKBJWWYJS-UHFFFAOYSA-K"", ""FSYKKLYZXJSNPZ-UHFFFAOYSA-N"", ""OVPZXCBZUDMISX-UHFFFAOYSA-N"", ""LMBNWNOCSFGYTI-UHFFFAOYSA-N"", ""LEQAOMBKQFMDFZ-UHFFFAOYSA-N"", ""HHLFWLYXYJOTON-UHFFFAOYSA-N"", ""MUBZPKHOEPUJKR-UHFFFAOYSA-N""]","[""FR-BBD3-PARENT-c0134__e00002"", ""FR-BBD3-PARENT-c0134__e00007"", ""FR-BBD3-PARENT-c0134__e00023"", ""FR-BBD3-PARENT-c0134__e00019"", ""FR-BBD3-PARENT-c0134__e00025"", ""FR-BBD3-PARENT-c0134__e00009""]","[1.0, 1.0, 1.0, 1.0, 1.0, 1.0]","[""multi_generation_edge_probability"", ""multi_generation_edge_probability"", ""multi_generation_edge_probability"", ""multi_generation_edge_probability"", ""multi_generation_edge_probability"", ""multi_generation_edge_probability""]",1.0,path_probability_product,simple_acyclic_path,max_depth_reached,True,False,False,False,False,False,False,False
FR-BBD3-PARENT-c0134,scope_a_old83_compatible,Glyphosate,pesticide_or_herbicide,envipath_prediction,envipath_bbd_rules_multistep,False,FR-BBD3-PARENT-c0134__sp04,4,6,"[""FR-BBD3-PARENT-c0134__n00000"", ""FR-BBD3-PARENT-c0134__n00002"", ""FR-BBD3-PARENT-c0134__n00003"", ""FR-BBD3-PARENT-c0134__n00011"", ""FR-BBD3-PARENT-c0134__n00014"", ""FR-BBD3-PARENT-c0134__n00006"", ""FR-BBD3-PARENT-c0134__n00009""]","[""O=C([O-])CNCP(=O)([O-])[O-]"", ""CNCC(=O)O"", ""NCC(=O)O"", ""NC(O)C=O"", ""O=CC=O"", ""O=CC(=O)O"", ""O=C(O)C(=O)O""]","[""XDDAORKBJWWYJS-UHFFFAOYSA-K"", ""FSYKKLYZXJSNPZ-UHFFFAOYSA-N"", ""DHMQDGOQFOQNFH-UHFFFAOYSA-N"", ""LMBNWNOCSFGYTI-UHFFFAOYSA-N"", ""LEQAOMBKQFMDFZ-UHFFFAOYSA-N"", ""HHLFWLYXYJOTON-UHFFFAOYSA-N"", ""MUBZPKHOEPUJKR-UHFFFAOYSA-N""]","[""FR-BBD3-PARENT-c0134__e00002"", ""FR-BBD3-PARENT-c0134__e00010"", ""FR-BBD3-PARENT-c0134__e00014"", ""FR-BBD3-PARENT-c0134__e00019"", ""FR-BBD3-PARENT-c0134__e00025"", ""FR-BBD3-PARENT-c0134__e00009""]","[1.0, 1.0, 1.0, 1.0, 1.0, 1.0]","[""multi_generation_edge_probability"", ""multi_generation_edge_probability"", ""multi_generation_edge_probability"", ""multi_generation_edge_probability"", ""multi_generation_edge_probability"", ""multi_generation_edge_probability""]",1.0,path_probability_product,simple_acyclic_path,max_depth_reached,True,False,False,False,False,False,False,False
FR-BBD3-PARENT-c0134,scope_a_old83_compatible,Glyphosate,pesticide_or_herbicide,envipath_prediction,envipath_bbd_rules_multistep,False,FR-BBD3-PARENT-c0134__sp05,5,5,"[""FR-BBD3-PARENT-c0134__n00000"", ""FR-BBD3-PARENT-c0134__n00002"", ""FR-BBD3-PARENT-c0134__n00007"", ""FR-BBD3-PARENT-c0134__n00013"", ""FR-BBD3-PARENT-c0134__n00012"", ""FR-BBD3-PARENT-c0134__n00010""]","[""O=C([O-])CNCP(=O)([O-])[O-]"", ""CNCC(=O)O"", ""CNC(O)C=O"", ""CNC(O)C(=O)O"", ""CN"", ""C=O""]","[""XDDAORKBJWWYJS-UHFFFAOYSA-K"", ""FSYKKLYZXJSNPZ-UHFFFAOYSA-N"", ""OVPZXCBZUDMISX-UHFFFAOYSA-N"", ""UFEVCHNDUJQYRK-UHFFFAOYSA-N"", ""BAVYZALUXZFZLV-UHFFFAOYSA-N"", ""WSFSSNUMVMOOMR-UHFFFAOYSA-N""]","[""FR-BBD3-PARENT-c0134__e00002"", ""FR-BBD3-PARENT-c0134__e00007"", ""FR-BBD3-PARENT-c0134__e00016"", ""FR-BBD3-PARENT-c0134__e00024"", ""FR-BBD3-PARENT-c0134__e00020""]","[1.0, 1.0, 1.0, 1.0, 1.0]","[""multi_generation_edge_probability"", ""multi_generation_edge_probability"", ""multi_generation_edge_probability"", ""multi_generation_edge_probability"", ""multi_generation_edge_probability""]",1.0,path_probability_product,simple_acyclic_path,frontier_empty,True,False,False,False,False,False,False,False
FR-BBD3-PARENT-c0134,scope_a_old83_compatible,Glyphosate,pesticide_or_herbicide,envipath_prediction,envipath_bbd_rules_multistep,False,FR-BBD3-PARENT-c0134__sp06,6,5,"[""FR-BBD3-PARENT-c0134__n00000"", ""FR-BBD3-PARENT-c0134__n00002"", ""FR-BBD3-PARENT-c0134__n00007"", ""FR-BBD3-PARENT-c0134__n00013"", ""FR-BBD3-PARENT-c0134__n00016"", ""FR-BBD3-PARENT-c0134__n00017""]","[""O=C([O-])CNCP(=O)([O-])[O-]"", ""CNCC(=O)O"", ""CNC(O)C=O"", ""CNC(O)C(=O)O"", ""CNC(O)(O)C=O"", ""NC(O)(O)C=O""]","[""XDDAORKBJWWYJS-UHFFFAOYSA-K"", ""FSYKKLYZXJSNPZ-UHFFFAOYSA-N"", ""OVPZXCBZUDMISX-UHFFFAOYSA-N"", ""UFEVCHNDUJQYRK-UHFFFAOYSA-N"", ""RLKJIBZUDFLJJW-UHFFFAOYSA-N"", ""NYWCWCDOPGMAQZ-UHFFFAOYSA-N""]","[""FR-BBD3-PARENT-c0134__e00002"", ""FR-BBD3-PARENT-c0134__e00007"", ""FR-BBD3-PARENT-c0134__e00016"", ""FR-BBD3-PARENT-c0134__e00028"", ""FR-BBD3-PARENT-c0134__e00032""]","[1.0, 1.0, 1.0, 1.0, 1.0]","[""multi_generation_edge_probability"", ""multi_generation_edge_probability"", ""multi_generation_edge_probability"", ""multi_generation_edge_probability"", ""multi_generation_edge_probability""]",1.0,path_probability_product,simple_acyclic_path,frontier_empty,True,False,False,False,False,False,False,False
FR-BBD3-PARENT-c0134,scope_a_old83_compatible,Glyphosate,pesticide_or_herbicide,envipath_prediction,envipath_bbd_rules_multistep,False,FR-BBD3-PARENT-c0134__sp07,7,5,"[""FR-BBD3-PARENT-c0134__n00000"", ""FR-BBD3-PARENT-c0134__n00002"", ""FR-BBD3-PARENT-c0134__n00007"", ""FR-BBD3-PARENT-c0134__n00013"", ""FR-BBD3-PARENT-c0134__n00016"", ""FR-BBD3-PARENT-c0134__n00010""]","[""O=C([O-])CNCP(=O)([O-])[O-]"", ""CNCC(=O)O"", ""CNC(O)C=O"", ""CNC(O)C(=O)O"", ""CNC(O)(O)C=O"", ""C=O""]","[""XDDAORKBJWWYJS-UHFFFAOYSA-K"", ""FSYKKLYZXJSNPZ-UHFFFAOYSA-N"", ""OVPZXCBZUDMISX-UHFFFAOYSA-N"", ""UFEVCHNDUJQYRK-UHFFFAOYSA-N"", ""RLKJIBZUDFLJJW-UHFFFAOYSA-N"", ""WSFSSNUMVMOOMR-UHFFFAOYSA-N""]","[""FR-BBD3-PARENT-c0134__e00002"", ""FR-BBD3-PARENT-c0134__e00007"", ""FR-BBD3-PARENT-c0134__e00016"", ""FR-BBD3-PARENT-c0134__e00028"", ""FR-BBD3-PARENT-c0134__e00033""]","[1.0, 1.0, 1.0, 1.0, 1.0]","[""multi_generation_edge_probability"", ""multi_generation_edge_probability"", ""multi_generation_edge_probability"", ""multi_generation_edge_probability"", ""multi_generation_edge_probability""]",1.0,path_probability_product,simple_acyclic_path,frontier_empty,True,False,False,False,False,False,False,False
FR-BBD3-PARENT-c0134,scope_a_old83_compatible,Glyphosate,pesticide_or_herbicide,envipath_prediction,envipath_bbd_rules_multistep,False,FR-BBD3-PARENT-c0134__sp08,8,5,"[""FR-BBD3-PARENT-c0134__n00000"", ""FR-BBD3-PARENT-c0134__n00002"", ""FR-BBD3-PARENT-c0134__n00007"", ""FR-BBD3-PARENT-c0134__n00013"", ""FR-BBD3-PARENT-c0134__n00016"", ""FR-BBD3-PARENT-c0134__n00018""]","[""O=C([O-])CNCP(=O)([O-])[O-]"", ""CNCC(=O)O"", ""CNC(O)C=O"", ""CNC(O)C(=O)O"", ""CNC(O)(O)C=O"", ""CNC(O)(O)C(=O)O""]","[""XDDAORKBJWWYJS-UHFFFAOYSA-K"", ""FSYKKLYZXJSNPZ-UHFFFAOYSA-N"", ""OVPZXCBZUDMISX-UHFFFAOYSA-N"", ""UFEVCHNDUJQYRK-UHFFFAOYSA-N"", ""RLKJIBZUDFLJJW-UHFFFAOYSA-N"", ""YKCSNTMMXNGKSJ-UHFFFAOYSA-N""]","[""FR-BBD3-PARENT-c0134__e00002"", ""FR-BBD3-PARENT-c0134__e00007"", ""FR-BBD3-PARENT-c0134__e00016"", ""FR-BBD3-PARENT-c0134__e00028"", ""FR-BBD3-PARENT-c0134__e00034""]","[1.0, 1.0, 1.0, 1.0, 1.0]","[""multi_generation_edge_probability"", ""multi_generation_edge_probability"", ""multi_generation_edge_probability"", ""multi_generation_edge_probability"", ""multi_generation_edge_probability""]",1.0,path_probability_product,simple_acyclic_path,frontier_empty,True,False,False,False,False,False,False,False
FR-BBD3-PARENT-c0134,scope_a_old83_compatible,Glyphosate,pesticide_or_herbicide,envipath_prediction,envipath_bbd_rules_multistep,False,FR-BBD3-PARENT-c0134__sp09,9,5,"[""FR-BBD3-PARENT-c0134__n00000"", ""FR-BBD3-PARENT-c0134__n00002"", ""FR-BBD3-PARENT-c0134__n00007"", ""FR-BBD3-PARENT-c0134__n00013"", ""FR-BBD3-PARENT-c0134__n00015"", ""FR-BBD3-PARENT-c0134__n00008""]","[""O=C([O-])CNCP(=O)([O-])[O-]"", ""CNCC(=O)O"", ""CNC(O)C=O"", ""CNC(O)C(=O)O"", ""NC(O)C(=O)O"", ""N""]","[""XDDAORKBJWWYJS-UHFFFAOYSA-K"", ""FSYKKLYZXJSNPZ-UHFFFAOYSA-N"", ""OVPZXCBZUDMISX-UHFFFAOYSA-N"", ""UFEVCHNDUJQYRK-UHFFFAOYSA-N"", ""ZHWLPDIRXJCEJY-UHFFFAOYSA-N"", ""QGZKDVFQNNGYKY-UHFFFAOYSA-N""]","[""FR-BBD3-PARENT-c0134__e00002"", ""FR-BBD3-PARENT-c0134__e00007"", ""FR-BBD3-PARENT-c0134__e00016"", ""FR-BBD3-PARENT-c0134__e00030"", ""FR-BBD3-PARENT-c0134__e00026""]","[1.0, 1.0, 1.0, 1.0, 1.0]","[""multi_generation_edge_probability"", ""multi_generation_edge_probability"", ""multi_generation_edge_probability"", ""multi_generation_edge_probability"", ""multi_generation_edge_probability""]",1.0,path_probability_product,simple_acyclic_path,frontier_empty,True,False,False,False,False,False,False,False
FR-BBD3-PARENT-c0134,scope_a_old83_compatible,Glyphosate,pesticide_or_herbicide,envipath_prediction,envipath_bbd_rules_multistep,False,FR-BBD3-PARENT-c0134__sp10,10,5,"[""FR-BBD3-PARENT-c0134__n00000"", ""FR-BBD3-PARENT-c0134__n00002"", ""FR-BBD3-PARENT-c0134__n00007"", ""FR-BBD3-PARENT-c0134__n00013"", ""FR-BBD3-PARENT-c0134__n00015"", ""FR-BBD3-PARENT-c0134__n00017""]","[""O=C([O-])CNCP(=O)([O-])[O-]"", ""CNCC(=O)O"", ""CNC(O)C=O"", ""CNC(O)C(=O)O"", ""NC(O)C(=O)O"", ""NC(O)(O)C=O""]","[""XDDAORKBJWWYJS-UHFFFAOYSA-K"", ""FSYKKLYZXJSNPZ-UHFFFAOYSA-N"", ""OVPZXCBZUDMISX-UHFFFAOYSA-N"", ""UFEVCHNDUJQYRK-UHFFFAOYSA-N"", ""ZHWLPDIRXJCEJY-UHFFFAOYSA-N"", ""NYWCWCDOPGMAQZ-UHFFFAOYSA-N""]","[""FR-BBD3-PARENT-c0134__e00002"", ""FR-BBD3-PARENT-c0134__e00007"", ""FR-BBD3-PARENT-c0134__e00016"", ""FR-BBD3-PARENT-c0134__e00030"", ""FR-BBD3-PARENT-c0134__e00029""]","[1.0, 1.0, 1.0, 1.0, 1.0]","[""multi_generation_edge_probability"", ""multi_generation_edge_probability"", ""multi_generation_edge_probability"", ""multi_generation_edge_probability"", ""multi_generation_edge_probability""]",1.0,path_probability_product,simple_acyclic_path,frontier_empty,True,False,False,False,False,False,False,False
FR-BBD3-PARENT-c0139,scope_a_old83_compatible,"beta -1,2,3,4,5,6-Hexachlorocyclohexane",halogenated_compound,envipath_prediction,envipath_bbd_rules_multistep,False,FR-BBD3-PARENT-c0139__sp01,1,4,"[""FR-BBD3-PARENT-c0139__n00000"", ""FR-BBD3-PARENT-c0139__n00001"", ""FR-BBD3-PARENT-c0139__n00008"", ""FR-BBD3-PARENT-c0139__n00004"", ""FR-BBD3-PARENT-c0139__n00011""]","[""Cl[C@H]1[C@H](Cl)[C@@H](Cl)[C@H](Cl)[C@@H](Cl)[C@@H]1Cl"", ""ClC1CC(Cl)C(Cl)C(Cl)C1Cl"", ""ClC1C=CCC(Cl)C1Cl"", ""ClC1C=CCCC1Cl"", ""ClC1CCCCC1Cl""]","[""JLYXXMFPNIAWKQ-CDRYSYESSA-N"", ""SCTBPPSXYXJCFE-UHFFFAOYSA-N"", ""DPMAWGACEOEKEO-UHFFFAOYSA-N"", ""XMRSWQWOEAGAPO-UHFFFAOYSA-N"", ""GZEZIBFVJYNETN-UHFFFAOYSA-N""]","[""FR-BBD3-PARENT-c0139__e00001"", ""FR-BBD3-PARENT-c0139__e00008"", ""FR-BBD3-PARENT-c0139__e00019"", ""FR-BBD3-PARENT-c0139__e00011""]","[1.0, 1.0, 1.0, 1.0]","[""multi_generation_edge_probability"", ""multi_generation_edge_probability"", ""multi_generation_edge_probability"", ""multi_generation_edge_probability""]",1.0,path_probability_product,simple_acyclic_path,frontier_empty,True,False,False,False,False,False,False,False
FR-BBD3-PARENT-c0139,scope_a_old83_compatible,"beta -1,2,3,4,5,6-Hexachlorocyclohexane",halogenated_compound,envipath_prediction,envipath_bbd_rules_multistep,False,FR-BBD3-PARENT-c0139__sp02,2,4,"[""FR-BBD3-PARENT-c0139__n00000"", ""FR-BBD3-PARENT-c0139__n00001"", ""FR-BBD3-PARENT-c0139__n00008"", ""FR-BBD3-PARENT-c0139__n00004"", ""FR-BBD3-PARENT-c0139__n00017""]","[""Cl[C@H]1[C@H](Cl)[C@@H](Cl)[C@H](Cl)[C@@H](Cl)[C@@H]1Cl"", ""ClC1CC(Cl)C(Cl)C(Cl)C1Cl"", ""ClC1C=CCC(Cl)C1Cl"", ""ClC1C=CCCC1Cl"", ""ClC1CC=CCC1""]","[""JLYXXMFPNIAWKQ-CDRYSYESSA-N"", ""SCTBPPSXYXJCFE-UHFFFAOYSA-N"", ""DPMAWGACEOEKEO-UHFFFAOYSA-N"", ""XMRSWQWOEAGAPO-UHFFFAOYSA-N"", ""NCDVDTXDSDVLPL-UHFFFAOYSA-N""]","[""FR-BBD3-PARENT-c0139__e00001"", ""FR-BBD3-PARENT-c0139__e00008"", ""FR-BBD3-PARENT-c0139__e00019"", ""FR-BBD3-PARENT-c0139__e00017""]","[1.0, 1.0, 1.0, 1.0]","[""multi_generation_edge_probability"", ""multi_generation_edge_probability"", ""multi_generation_edge_probability"", ""multi_generation_edge_probability""]",1.0,path_probability_product,simple_acyclic_path,frontier_empty,True,False,False,False,False,False,False,False
FR-BBD3-PARENT-c0139,scope_a_old83_compatible,"beta -1,2,3,4,5,6-Hexachlorocyclohexane",halogenated_compound,envipath_prediction,envipath_bbd_rules_multistep,False,FR-BBD3-PARENT-c0139__sp03,3,4,"[""FR-BBD3-PARENT-c0139__n00000"", ""FR-BBD3-PARENT-c0139__n00001"", ""FR-BBD3-PARENT-c0139__n00008"", ""FR-BBD3-PARENT-c0139__n00004"", ""FR-BBD3-PARENT-c0139__n00021""]","[""Cl[C@H]1[C@H](Cl)[C@@H](Cl)[C@H](Cl)[C@@H](Cl)[C@@H]1Cl"", ""ClC1CC(Cl)C(Cl)C(Cl)C1Cl"", ""ClC1C=CCC(Cl)C1Cl"", ""ClC1C=CCCC1Cl"", ""ClC1C=CCCC1""]","[""JLYXXMFPNIAWKQ-CDRYSYESSA-N"", ""SCTBPPSXYXJCFE-UHFFFAOYSA-N"", ""DPMAWGACEOEKEO-UHFFFAOYSA-N"", ""XMRSWQWOEAGAPO-UHFFFAOYSA-N"", ""LNGQLHZIYFQUIR-UHFFFAOYSA-N""]","[""FR-BBD3-PARENT-c0139__e00001"", ""FR-BBD3-PARENT-c0139__e00008"", ""FR-BBD3-PARENT-c0139__e00019"", ""FR-BBD3-PARENT-c0139__e00022""]","[1.0, 1.0, 1.0, 1.0]","[""multi_generation_edge_probability"", ""multi_generation_edge_probability"", ""multi_generation_edge_probability"", ""multi_generation_edge_probability""]",1.0,path_probability_product,simple_acyclic_path,frontier_empty,True,False,False,False,False,False,False,False
FR-BBD3-PARENT-c0139,scope_a_old83_compatible,"beta -1,2,3,4,5,6-Hexachlorocyclohexane",halogenated_compound,envipath_prediction,envipath_bbd_rules_multistep,False,FR-BBD3-PARENT-c0139__sp04,4,4,"[""FR-BBD3-PARENT-c0139__n00000"", ""FR-BBD3-PARENT-c0139__n00001"", ""FR-BBD3-PARENT-c0139__n00008"", ""FR-BBD3-PARENT-c0139__n00004"", ""FR-BBD3-PARENT-c0139__n00024""]","[""Cl[C@H]1[C@H](Cl)[C@@H](Cl)[C@H](Cl)[C@@H](Cl)[C@@H]1Cl"", ""ClC1CC(Cl)C(Cl)C(Cl)C1Cl"", ""ClC1C=CCC(Cl)C1Cl"", ""ClC1C=CCCC1Cl"", ""C1=CCCCC1""]","[""JLYXXMFPNIAWKQ-CDRYSYESSA-N"", ""SCTBPPSXYXJCFE-UHFFFAOYSA-N"", ""DPMAWGACEOEKEO-UHFFFAOYSA-N"", ""XMRSWQWOEAGAPO-UHFFFAOYSA-N"", ""HGCIXCUEYOPUTN-UHFFFAOYSA-N""]","[""FR-BBD3-PARENT-c0139__e00001"", ""FR-BBD3-PARENT-c0139__e00008"", ""FR-BBD3-PARENT-c0139__e00019"", ""FR-BBD3-PARENT-c0139__e00025""]","[1.0, 1.0, 1.0, 1.0]","[""multi_generation_edge_probability"", ""multi_generation_edge_probability"", ""multi_generation_edge_probability"", ""multi_generation_edge_probability""]",1.0,path_probability_product,simple_acyclic_path,frontier_empty,True,False,False,False,False,False,False,False
FR-BBD3-PARENT-c0139,scope_a_old83_compatible,"beta -1,2,3,4,5,6-Hexachlorocyclohexane",halogenated_compound,envipath_prediction,envipath_bbd_rules_multistep,False,FR-BBD3-PARENT-c0139__sp05,5,4,"[""FR-BBD3-PARENT-c0139__n00000"", ""FR-BBD3-PARENT-c0139__n00001"", ""FR-BBD3-PARENT-c0139__n00008"", ""FR-BBD3-PARENT-c0139__n00004"", ""FR-BBD3-PARENT-c0139__n00026""]","[""Cl[C@H]1[C@H](Cl)[C@@H](Cl)[C@H](Cl)[C@@H](Cl)[C@@H]1Cl"", ""ClC1CC(Cl)C(Cl)C(Cl)C1Cl"", ""ClC1C=CCC(Cl)C1Cl"", ""ClC1C=CCCC1Cl"", ""OC1C=CC(Cl)C(Cl)C1""]","[""JLYXXMFPNIAWKQ-CDRYSYESSA-N"", ""SCTBPPSXYXJCFE-UHFFFAOYSA-N"", ""DPMAWGACEOEKEO-UHFFFAOYSA-N"", ""XMRSWQWOEAGAPO-UHFFFAOYSA-N"", ""ZNVGYTPFMBCVTG-UHFFFAOYSA-N""]","[""FR-BBD3-PARENT-c0139__e00001"", ""FR-BBD3-PARENT-c0139__e00008"", ""FR-BBD3-PARENT-c0139__e00019"", ""FR-BBD3-PARENT-c0139__e00027""]","[1.0, 1.0, 1.0, 1.0]","[""multi_generation_edge_probability"", ""multi_generation_edge_probability"", ""multi_generation_edge_probability"", ""multi_generation_edge_probability""]",1.0,path_probability_product,simple_acyclic_path,frontier_empty,True,False,False,False,False,False,False,False
FR-BBD3-PARENT-c0139,scope_a_old83_compatible,"beta -1,2,3,4,5,6-Hexachlorocyclohexane",halogenated_compound,envipath_prediction,envipath_bbd_rules_multistep,False,FR-BBD3-PARENT-c0139__sp06,6,4,"[""FR-BBD3-PARENT-c0139__n00000"", ""FR-BBD3-PARENT-c0139__n00001"", ""FR-BBD3-PARENT-c0139__n00008"", ""FR-BBD3-PARENT-c0139__n00004"", ""FR-BBD3-PARENT-c0139__n00027""]","[""Cl[C@H]1[C@H](Cl)[C@@H](Cl)[C@H](Cl)[C@@H](Cl)[C@@H]1Cl"", ""ClC1CC(Cl)C(Cl)C(Cl)C1Cl"", ""ClC1C=CCC(Cl)C1Cl"", ""ClC1C=CCCC1Cl"", ""OC1CC=CC(Cl)C1Cl""]","[""JLYXXMFPNIAWKQ-CDRYSYESSA-N"", ""SCTBPPSXYXJCFE-UHFFFAOYSA-N"", ""DPMAWGACEOEKEO-UHFFFAOYSA-N"", ""XMRSWQWOEAGAPO-UHFFFAOYSA-N"", ""BPSCISMBUYRCGZ-UHFFFAOYSA-N""]","[""FR-BBD3-PARENT-c0139__e00001"", ""FR-BBD3-PARENT-c0139__e00008"", ""FR-BBD3-PARENT-c0139__e00019"", ""FR-BBD3-PARENT-c0139__e00028""]","[1.0, 1.0, 1.0, 1.0]","[""multi_generation_edge_probability"", ""multi_generation_edge_probability"", ""multi_generation_edge_probability"", ""multi_generation_edge_probability""]",1.0,path_probability_product,simple_acyclic_path,frontier_empty,True,False,False,False,False,False,False,False
FR-BBD3-PARENT-c0139,scope_a_old83_compatible,"beta -1,2,3,4,5,6-Hexachlorocyclohexane",halogenated_compound,envipath_prediction,envipath_bbd_rules_multistep,False,FR-BBD3-PARENT-c0139__sp07,7,3,"[""FR-BBD3-PARENT-c0139__n00000"", ""FR-BBD3-PARENT-c0139__n00001"", ""FR-BBD3-PARENT-c0139__n00003"", ""FR-BBD3-PARENT-c0139__n00010""]","[""Cl[C@H]1[C@H](Cl)[C@@H](Cl)[C@H](Cl)[C@@H](Cl)[C@@H]1Cl"", ""ClC1CC(Cl)C(Cl)C(Cl)C1Cl"", ""OC1C(Cl)C(Cl)C(Cl)C(Cl)C1Cl"", ""OC1CC(Cl)C(Cl)C(Cl)C1Cl""]","[""JLYXXMFPNIAWKQ-CDRYSYESSA-N"", ""SCTBPPSXYXJCFE-UHFFFAOYSA-N"", ""DOMHZVJNLCAZSA-UHFFFAOYSA-N"", ""JZRRNHONSBWJRX-UHFFFAOYSA-N""]","[""FR-BBD3-PARENT-c0139__e00001"", ""FR-BBD3-PARENT-c0139__e00003"", ""FR-BBD3-PARENT-c0139__e00010""]","[1.0, 1.0, 1.0]","[""multi_generation_edge_probability"", ""multi_generation_edge_probability"", ""multi_generation_edge_probability""]",1.0,path_probability_product,simple_acyclic_path,frontier_empty,True,False,False,False,False,False,False,False
FR-BBD3-PARENT-c0139,scope_a_old83_compatible,"beta -1,2,3,4,5,6-Hexachlorocyclohexane",halogenated_compound,envipath_prediction,envipath_bbd_rules_multistep,False,FR-BBD3-PARENT-c0139__sp08,8,3,"[""FR-BBD3-PARENT-c0139__n00000"", ""FR-BBD3-PARENT-c0139__n00001"", ""FR-BBD3-PARENT-c0139__n00003"", ""FR-BBD3-PARENT-c0139__n00015""]","[""Cl[C@H]1[C@H](Cl)[C@@H](Cl)[C@H](Cl)[C@@H](Cl)[C@@H]1Cl"", ""ClC1CC(Cl)C(Cl)C(Cl)C1Cl"", ""OC1C(Cl)C(Cl)C(Cl)C(Cl)C1Cl"", ""OC1C=CC(Cl)C(Cl)C1Cl""]","[""JLYXXMFPNIAWKQ-CDRYSYESSA-N"", ""SCTBPPSXYXJCFE-UHFFFAOYSA-N"", ""DOMHZVJNLCAZSA-UHFFFAOYSA-N"", ""PEUIZJGYLKLPJH-UHFFFAOYSA-N""]","[""FR-BBD3-PARENT-c0139__e00001"", ""FR-BBD3-PARENT-c0139__e00003"", ""FR-BBD3-PARENT-c0139__e00015""]","[1.0, 1.0, 1.0]","[""multi_generation_edge_probability"", ""multi_generation_edge_probability"", ""multi_generation_edge_probability""]",1.0,path_probability_product,simple_acyclic_path,frontier_empty,True,False,False,False,False,False,False,False
FR-BBD3-PARENT-c0139,scope_a_old83_compatible,"beta -1,2,3,4,5,6-Hexachlorocyclohexane",halogenated_compound,envipath_prediction,envipath_bbd_rules_multistep,False,FR-BBD3-PARENT-c0139__sp09,9,3,"[""FR-BBD3-PARENT-c0139__n00000"", ""FR-BBD3-PARENT-c0139__n00001"", ""FR-BBD3-PARENT-c0139__n00003"", ""FR-BBD3-PARENT-c0139__n00023""]","[""Cl[C@H]1[C@H](Cl)[C@@H](Cl)[C@H](Cl)[C@@H](Cl)[C@@H]1Cl"", ""ClC1CC(Cl)C(Cl)C(Cl)C1Cl"", ""OC1C(Cl)C(Cl)C(Cl)C(Cl)C1Cl"", ""O=C1C(Cl)C(Cl)C(Cl)C(Cl)C1Cl""]","[""JLYXXMFPNIAWKQ-CDRYSYESSA-N"", ""SCTBPPSXYXJCFE-UHFFFAOYSA-N"", ""DOMHZVJNLCAZSA-UHFFFAOYSA-N"", ""OVNYAIGTBBMGAQ-UHFFFAOYSA-N""]","[""FR-BBD3-PARENT-c0139__e00001"", ""FR-BBD3-PARENT-c0139__e00003"", ""FR-BBD3-PARENT-c0139__e00024""]","[1.0, 1.0, 1.0]","[""multi_generation_edge_probability"", ""multi_generation_edge_probability"", ""multi_generation_edge_probability""]",1.0,path_probability_product,simple_acyclic_path,frontier_empty,True,False,False,False,False,False,False,False
FR-BBD3-PARENT-c0139,scope_a_old83_compatible,"beta -1,2,3,4,5,6-Hexachlorocyclohexane",halogenated_compound,envipath_prediction,envipath_bbd_rules_multistep,False,FR-BBD3-PARENT-c0139__sp10,10,3,"[""FR-BBD3-PARENT-c0139__n00000"", ""FR-BBD3-PARENT-c0139__n00001"", ""FR-BBD3-PARENT-c0139__n00003"", ""FR-BBD3-PARENT-c0139__n00025""]","[""Cl[C@H]1[C@H](Cl)[C@@H](Cl)[C@H](Cl)[C@@H](Cl)[C@@H]1Cl"", ""ClC1CC(Cl)C(Cl)C(Cl)C1Cl"", ""OC1C(Cl)C(Cl)C(Cl)C(Cl)C1Cl"", ""OC1C(Cl)CC(Cl)C(Cl)C1Cl""]","[""JLYXXMFPNIAWKQ-CDRYSYESSA-N"", ""SCTBPPSXYXJCFE-UHFFFAOYSA-N"", ""DOMHZVJNLCAZSA-UHFFFAOYSA-N"", ""YJQLSAFGDJERDH-UHFFFAOYSA-N""]","[""FR-BBD3-PARENT-c0139__e00001"", ""FR-BBD3-PARENT-c0139__e00003"", ""FR-BBD3-PARENT-c0139__e00026""]","[1.0, 1.0, 1.0]","[""multi_generation_edge_probability"", ""multi_generation_edge_probability"", ""multi_generation_edge_probability""]",1.0,path_probability_product,simple_acyclic_path,frontier_empty,True,False,False,False,False,False,False,False
FR-BBD3-PARENT-c0148,scope_a_old83_compatible,Acrylonitrile,other_eawag_bbd_xenobiotic,envipath_prediction,envipath_bbd_rules_multistep,False,FR-BBD3-PARENT-c0148__sp01,1,6,"[""FR-BBD3-PARENT-c0148__n00000"", ""FR-BBD3-PARENT-c0148__n00001"", ""FR-BBD3-PARENT-c0148__n00007"", ""FR-BBD3-PARENT-c0148__n00004"", ""FR-BBD3-PARENT-c0148__n00010"", ""FR-BBD3-PARENT-c0148__n00019"", ""FR-BBD3-PARENT-c0148__n00029""]","[""C=CC#N"", ""C=CC(=O)O"", ""CCC(=O)O"", ""O=C(O)CCO"", ""O=CCC(=O)O"", ""O=CC(O)C(=O)O"", ""O=C(O)C(O)C(=O)O""]","[""NLHHRLWOUZZQLW-UHFFFAOYSA-N"", ""NIXOWILDQLNWCW-UHFFFAOYSA-N"", ""XBDQKXXYIPTUBI-UHFFFAOYSA-N"", ""ALRHLSYJTWAHJZ-UHFFFAOYSA-N"", ""OAKURXIZZOAYBC-UHFFFAOYSA-N"", ""QWBAFPFNGRFSFB-UHFFFAOYSA-N"", ""ROBFUDYVXSDBQM-UHFFFAOYSA-N""]","[""FR-BBD3-PARENT-c0148__e00001"", ""FR-BBD3-PARENT-c0148__e00007"", ""FR-BBD3-PARENT-c0148__e00013"", ""FR-BBD3-PARENT-c0148__e00010"", ""FR-BBD3-PARENT-c0148__e00021"", ""FR-BBD3-PARENT-c0148__e00035""]","[1.0, 1.0, 1.0, 1.0, 1.0, 1.0]","[""multi_generation_edge_probability"", ""multi_generation_edge_probability"", ""multi_generation_edge_probability"", ""multi_generation_edge_probability"", ""multi_generation_edge_probability"", ""multi_generation_edge_probability""]",1.0,path_probability_product,simple_acyclic_path,max_depth_reached,True,False,False,False,False,False,False,False
FR-BBD3-PARENT-c0148,scope_a_old83_compatible,Acrylonitrile,other_eawag_bbd_xenobiotic,envipath_prediction,envipath_bbd_rules_multistep,False,FR-BBD3-PARENT-c0148__sp02,2,6,"[""FR-BBD3-PARENT-c0148__n00000"", ""FR-BBD3-PARENT-c0148__n00001"", ""FR-BBD3-PARENT-c0148__n00007"", ""FR-BBD3-PARENT-c0148__n00004"", ""FR-BBD3-PARENT-c0148__n00010"", ""FR-BBD3-PARENT-c0148__n00019"", ""FR-BBD3-PARENT-c0148__n00031""]","[""C=CC#N"", ""C=CC(=O)O"", ""CCC(=O)O"", ""O=C(O)CCO"", ""O=CCC(=O)O"", ""O=CC(O)C(=O)O"", ""O=CC(=O)C(=O)O""]","[""NLHHRLWOUZZQLW-UHFFFAOYSA-N"", ""NIXOWILDQLNWCW-UHFFFAOYSA-N"", ""XBDQKXXYIPTUBI-UHFFFAOYSA-N"", ""ALRHLSYJTWAHJZ-UHFFFAOYSA-N"", ""OAKURXIZZOAYBC-UHFFFAOYSA-N"", ""QWBAFPFNGRFSFB-UHFFFAOYSA-N"", ""JSCNFEFJALUGBY-UHFFFAOYSA-N""]","[""FR-BBD3-PARENT-c0148__e00001"", ""FR-BBD3-PARENT-c0148__e00007"", ""FR-BBD3-PARENT-c0148__e00013"", ""FR-BBD3-PARENT-c0148__e00010"", ""FR-BBD3-PARENT-c0148__e00021"", ""FR-BBD3-PARENT-c0148__e00037""]","[1.0, 1.0, 1.0, 1.0, 1.0, 1.0]","[""multi_generation_edge_probability"", ""multi_generation_edge_probability"", ""multi_generation_edge_probability"", ""multi_generation_edge_probability"", ""multi_generation_edge_probability"", ""multi_generation_edge_probability""]",1.0,path_probability_product,simple_acyclic_path,max_depth_reached,True,False,False,False,False,False,False,False
FR-BBD3-PARENT-c0148,scope_a_old83_compatible,Acrylonitrile,other_eawag_bbd_xenobiotic,envipath_prediction,envipath_bbd_rules_multistep,False,FR-BBD3-PARENT-c0148__sp03,3,6,"[""FR-BBD3-PARENT-c0148__n00000"", ""FR-BBD3-PARENT-c0148__n00002"", ""FR-BBD3-PARENT-c0148__n00008"", ""FR-BBD3-PARENT-c0148__n00017"", ""FR-BBD3-PARENT-c0148__n00022"", ""FR-BBD3-PARENT-c0148__n00030"", ""FR-BBD3-PARENT-c0148__n00032""]","[""C=CC#N"", ""N#CC1CO1"", ""N#CC(O)CO"", ""O=CCO"", ""O=C(O)CO"", ""O=CC(=O)O"", ""O=C(O)C(=O)O""]","[""NLHHRLWOUZZQLW-UHFFFAOYSA-N"", ""RSHIVZARDAPEDE-UHFFFAOYSA-N"", ""GLZDDCMPOSSPQC-UHFFFAOYSA-N"", ""WGCNASOHLSPBMP-UHFFFAOYSA-N"", ""AEMRFAOFKBGASW-UHFFFAOYSA-N"", ""HHLFWLYXYJOTON-UHFFFAOYSA-N"", ""MUBZPKHOEPUJKR-UHFFFAOYSA-N""]","[""FR-BBD3-PARENT-c0148__e00002"", ""FR-BBD3-PARENT-c0148__e00008"", ""FR-BBD3-PARENT-c0148__e00019"", ""FR-BBD3-PARENT-c0148__e00026"", ""FR-BBD3-PARENT-c0148__e00036"", ""FR-BBD3-PARENT-c0148__e00038""]","[1.0, 1.0, 1.0, 1.0, 1.0, 1.0]","[""multi_generation_edge_probability"", ""multi_generation_edge_probability"", ""multi_generation_edge_probability"", ""multi_generation_edge_probability"", ""multi_generation_edge_probability"", ""multi_generation_edge_probability""]",1.0,path_probability_product,simple_acyclic_path,max_depth_reached,True,False,False,False,False,False,False,False
FR-BBD3-PARENT-c0148,scope_a_old83_compatible,Acrylonitrile,other_eawag_bbd_xenobiotic,envipath_prediction,envipath_bbd_rules_multistep,False,FR-BBD3-PARENT-c0148__sp04,4,6,"[""FR-BBD3-PARENT-c0148__n00000"", ""FR-BBD3-PARENT-c0148__n00003"", ""FR-BBD3-PARENT-c0148__n00006"", ""FR-BBD3-PARENT-c0148__n00008"", ""FR-BBD3-PARENT-c0148__n00017"", ""FR-BBD3-PARENT-c0148__n00022"", ""FR-BBD3-PARENT-c0148__n00030""]","[""C=CC#N"", ""CCC#N"", ""CC(O)C#N"", ""N#CC(O)CO"", ""O=CCO"", ""O=C(O)CO"", ""O=CC(=O)O""]","[""NLHHRLWOUZZQLW-UHFFFAOYSA-N"", ""FVSKHRXBFJPNKK-UHFFFAOYSA-N"", ""WOFDVDFSGLBFAC-UHFFFAOYSA-N"", ""GLZDDCMPOSSPQC-UHFFFAOYSA-N"", ""WGCNASOHLSPBMP-UHFFFAOYSA-N"", ""AEMRFAOFKBGASW-UHFFFAOYSA-N"", ""HHLFWLYXYJOTON-UHFFFAOYSA-N""]","[""FR-BBD3-PARENT-c0148__e00003"", ""FR-BBD3-PARENT-c0148__e00006"", ""FR-BBD3-PARENT-c0148__e00018"", ""FR-BBD3-PARENT-c0148__e00019"", ""FR-BBD3-PARENT-c0148__e00026"", ""FR-BBD3-PARENT-c0148__e00036""]","[1.0, 1.0, 1.0, 1.0, 1.0, 1.0]","[""multi_generation_edge_probability"", ""multi_generation_edge_probability"", ""multi_generation_edge_probability"", ""multi_generation_edge_probability"", ""multi_generation_edge_probability"", ""multi_generation_edge_probability""]",1.0,path_probability_product,simple_acyclic_path,max_depth_reached,True,False,False,False,False,False,False,False
FR-BBD3-PARENT-c0148,scope_a_old83_compatible,Acrylonitrile,other_eawag_bbd_xenobiotic,envipath_prediction,envipath_bbd_rules_multistep,False,FR-BBD3-PARENT-c0148__sp05,5,6,"[""FR-BBD3-PARENT-c0148__n00000"", ""FR-BBD3-PARENT-c0148__n00003"", ""FR-BBD3-PARENT-c0148__n00006"", ""FR-BBD3-PARENT-c0148__n00018"", ""FR-BBD3-PARENT-c0148__n00017"", ""FR-BBD3-PARENT-c0148__n00022"", ""FR-BBD3-PARENT-c0148__n00030""]","[""C=CC#N"", ""CCC#N"", ""CC(O)C#N"", ""CC=O"", ""O=CCO"", ""O=C(O)CO"", ""O=CC(=O)O""]","[""NLHHRLWOUZZQLW-UHFFFAOYSA-N"", ""FVSKHRXBFJPNKK-UHFFFAOYSA-N"", ""WOFDVDFSGLBFAC-UHFFFAOYSA-N"", ""IKHGUXGNUITLKF-UHFFFAOYSA-N"", ""WGCNASOHLSPBMP-UHFFFAOYSA-N"", ""AEMRFAOFKBGASW-UHFFFAOYSA-N"", ""HHLFWLYXYJOTON-UHFFFAOYSA-N""]","[""FR-BBD3-PARENT-c0148__e00003"", ""FR-BBD3-PARENT-c0148__e00006"", ""FR-BBD3-PARENT-c0148__e00020"", ""FR-BBD3-PARENT-c0148__e00032"", ""FR-BBD3-PARENT-c0148__e00026"", ""FR-BBD3-PARENT-c0148__e00036""]","[1.0, 1.0, 1.0, 1.0, 1.0, 1.0]","[""multi_generation_edge_probability"", ""multi_generation_edge_probability"", ""multi_generation_edge_probability"", ""multi_generation_edge_probability"", ""multi_generation_edge_probability"", ""multi_generation_edge_probability""]",1.0,path_probability_product,simple_acyclic_path,max_depth_reached,True,False,False,False,False,False,False,False
FR-BBD3-PARENT-c0148,scope_a_old83_compatible,Acrylonitrile,other_eawag_bbd_xenobiotic,envipath_prediction,envipath_bbd_rules_multistep,False,FR-BBD3-PARENT-c0148__sp06,6,6,"[""FR-BBD3-PARENT-c0148__n00000"", ""FR-BBD3-PARENT-c0148__n00003"", ""FR-BBD3-PARENT-c0148__n00009"", ""FR-BBD3-PARENT-c0148__n00014"", ""FR-BBD3-PARENT-c0148__n00010"", ""FR-BBD3-PARENT-c0148__n00019"", ""FR-BBD3-PARENT-c0148__n00029""]","[""C=CC#N"", ""CCC#N"", ""N#CCCO"", ""N#CCC=O"", ""O=CCC(=O)O"", ""O=CC(O)C(=O)O"", ""O=C(O)C(O)C(=O)O""]","[""NLHHRLWOUZZQLW-UHFFFAOYSA-N"", ""FVSKHRXBFJPNKK-UHFFFAOYSA-N"", ""WSGYTJNNHPZFKR-UHFFFAOYSA-N"", ""ZMMOYIXZGHJMNI-UHFFFAOYSA-N"", ""OAKURXIZZOAYBC-UHFFFAOYSA-N"", ""QWBAFPFNGRFSFB-UHFFFAOYSA-N"", ""ROBFUDYVXSDBQM-UHFFFAOYSA-N""]","[""FR-BBD3-PARENT-c0148__e00003"", ""FR-BBD3-PARENT-c0148__e00009"", ""FR-BBD3-PARENT-c0148__e00015"", ""FR-BBD3-PARENT-c0148__e00030"", ""FR-BBD3-PARENT-c0148__e00021"", ""FR-BBD3-PARENT-c0148__e00035""]","[1.0, 1.0, 1.0, 1.0, 1.0, 1.0]","[""multi_generation_edge_probability"", ""multi_generation_edge_probability"", ""multi_generation_edge_probability"", ""multi_generation_edge_probability"", ""multi_generation_edge_probability"", ""multi_generation_edge_probability""]",1.0,path_probability_product,simple_acyclic_path,max_depth_reached,True,False,False,False,False,False,False,False
FR-BBD3-PARENT-c0148,scope_a_old83_compatible,Acrylonitrile,other_eawag_bbd_xenobiotic,envipath_prediction,envipath_bbd_rules_multistep,False,FR-BBD3-PARENT-c0148__sp07,7,6,"[""FR-BBD3-PARENT-c0148__n00000"", ""FR-BBD3-PARENT-c0148__n00003"", ""FR-BBD3-PARENT-c0148__n00009"", ""FR-BBD3-PARENT-c0148__n00014"", ""FR-BBD3-PARENT-c0148__n00010"", ""FR-BBD3-PARENT-c0148__n00019"", ""FR-BBD3-PARENT-c0148__n00031""]","[""C=CC#N"", ""CCC#N"", ""N#CCCO"", ""N#CCC=O"", ""O=CCC(=O)O"", ""O=CC(O)C(=O)O"", ""O=CC(=O)C(=O)O""]","[""NLHHRLWOUZZQLW-UHFFFAOYSA-N"", ""FVSKHRXBFJPNKK-UHFFFAOYSA-N"", ""WSGYTJNNHPZFKR-UHFFFAOYSA-N"", ""ZMMOYIXZGHJMNI-UHFFFAOYSA-N"", ""OAKURXIZZOAYBC-UHFFFAOYSA-N"", ""QWBAFPFNGRFSFB-UHFFFAOYSA-N"", ""JSCNFEFJALUGBY-UHFFFAOYSA-N""]","[""FR-BBD3-PARENT-c0148__e00003"", ""FR-BBD3-PARENT-c0148__e00009"", ""FR-BBD3-PARENT-c0148__e00015"", ""FR-BBD3-PARENT-c0148__e00030"", ""FR-BBD3-PARENT-c0148__e00021"", ""FR-BBD3-PARENT-c0148__e00037""]","[1.0, 1.0, 1.0, 1.0, 1.0, 1.0]","[""multi_generation_edge_probability"", ""multi_generation_edge_probability"", ""multi_generation_edge_probability"", ""multi_generation_edge_probability"", ""multi_generation_edge_probability"", ""multi_generation_edge_probability""]",1.0,path_probability_product,simple_acyclic_path,max_depth_reached,True,False,False,False,False,False,False,False
FR-BBD3-PARENT-c0148,scope_a_old83_compatible,Acrylonitrile,other_eawag_bbd_xenobiotic,envipath_prediction,envipath_bbd_rules_multistep,False,FR-BBD3-PARENT-c0148__sp08,8,5,"[""FR-BBD3-PARENT-c0148__n00000"", ""FR-BBD3-PARENT-c0148__n00001"", ""FR-BBD3-PARENT-c0148__n00004"", ""FR-BBD3-PARENT-c0148__n00010"", ""FR-BBD3-PARENT-c0148__n00019"", ""FR-BBD3-PARENT-c0148__n00029""]","[""C=CC#N"", ""C=CC(=O)O"", ""O=C(O)CCO"", ""O=CCC(=O)O"", ""O=CC(O)C(=O)O"", ""O=C(O)C(O)C(=O)O""]","[""NLHHRLWOUZZQLW-UHFFFAOYSA-N"", ""NIXOWILDQLNWCW-UHFFFAOYSA-N"", ""ALRHLSYJTWAHJZ-UHFFFAOYSA-N"", ""OAKURXIZZOAYBC-UHFFFAOYSA-N"", ""QWBAFPFNGRFSFB-UHFFFAOYSA-N"", ""ROBFUDYVXSDBQM-UHFFFAOYSA-N""]","[""FR-BBD3-PARENT-c0148__e00001"", ""FR-BBD3-PARENT-c0148__e00004"", ""FR-BBD3-PARENT-c0148__e00010"", ""FR-BBD3-PARENT-c0148__e00021"", ""FR-BBD3-PARENT-c0148__e00035""]","[1.0, 1.0, 1.0, 1.0, 1.0]","[""multi_generation_edge_probability"", ""multi_generation_edge_probability"", ""multi_generation_edge_probability"", ""multi_generation_edge_probability"", ""multi_generation_edge_probability""]",1.0,path_probability_product,simple_acyclic_path,frontier_empty,True,False,False,False,False,False,False,False
FR-BBD3-PARENT-c0148,scope_a_old83_compatible,Acrylonitrile,other_eawag_bbd_xenobiotic,envipath_prediction,envipath_bbd_rules_multistep,False,FR-BBD3-PARENT-c0148__sp09,9,5,"[""FR-BBD3-PARENT-c0148__n00000"", ""FR-BBD3-PARENT-c0148__n00001"", ""FR-BBD3-PARENT-c0148__n00004"", ""FR-BBD3-PARENT-c0148__n00010"", ""FR-BBD3-PARENT-c0148__n00019"", ""FR-BBD3-PARENT-c0148__n00031""]","[""C=CC#N"", ""C=CC(=O)O"", ""O=C(O)CCO"", ""O=CCC(=O)O"", ""O=CC(O)C(=O)O"", ""O=CC(=O)C(=O)O""]","[""NLHHRLWOUZZQLW-UHFFFAOYSA-N"", ""NIXOWILDQLNWCW-UHFFFAOYSA-N"", ""ALRHLSYJTWAHJZ-UHFFFAOYSA-N"", ""OAKURXIZZOAYBC-UHFFFAOYSA-N"", ""QWBAFPFNGRFSFB-UHFFFAOYSA-N"", ""JSCNFEFJALUGBY-UHFFFAOYSA-N""]","[""FR-BBD3-PARENT-c0148__e00001"", ""FR-BBD3-PARENT-c0148__e00004"", ""FR-BBD3-PARENT-c0148__e00010"", ""FR-BBD3-PARENT-c0148__e00021"", ""FR-BBD3-PARENT-c0148__e00037""]","[1.0, 1.0, 1.0, 1.0, 1.0]","[""multi_generation_edge_probability"", ""multi_generation_edge_probability"", ""multi_generation_edge_probability"", ""multi_generation_edge_probability"", ""multi_generation_edge_probability""]",1.0,path_probability_product,simple_acyclic_path,frontier_empty,True,False,False,False,False,False,False,False
FR-BBD3-PARENT-c0148,scope_a_old83_compatible,Acrylonitrile,other_eawag_bbd_xenobiotic,envipath_prediction,envipath_bbd_rules_multistep,False,FR-BBD3-PARENT-c0148__sp10,10,5,"[""FR-BBD3-PARENT-c0148__n00000"", ""FR-BBD3-PARENT-c0148__n00001"", ""FR-BBD3-PARENT-c0148__n00007"", ""FR-BBD3-PARENT-c0148__n00004"", ""FR-BBD3-PARENT-c0148__n00010"", ""FR-BBD3-PARENT-c0148__n00024""]","[""C=CC#N"", ""C=CC(=O)O"", ""CCC(=O)O"", ""O=C(O)CCO"", ""O=CCC(=O)O"", ""O=C(O)CC(=O)O""]","[""NLHHRLWOUZZQLW-UHFFFAOYSA-N"", ""NIXOWILDQLNWCW-UHFFFAOYSA-N"", ""XBDQKXXYIPTUBI-UHFFFAOYSA-N"", ""ALRHLSYJTWAHJZ-UHFFFAOYSA-N"", ""OAKURXIZZOAYBC-UHFFFAOYSA-N"", ""OFOBLEOULBTSOW-UHFFFAOYSA-N""]","[""FR-BBD3-PARENT-c0148__e00001"", ""FR-BBD3-PARENT-c0148__e00007"", ""FR-BBD3-PARENT-c0148__e00013"", ""FR-BBD3-PARENT-c0148__e00010"", ""FR-BBD3-PARENT-c0148__e00028""]","[1.0, 1.0, 1.0, 1.0, 1.0]","[""multi_generation_edge_probability"", ""multi_generation_edge_probability"", ""multi_generation_edge_probability"", ""multi_generation_edge_probability"", ""multi_generation_edge_probability""]",1.0,path_probability_product,simple_acyclic_path,frontier_empty,True,False,False,False,False,False,False,False
FR-BBD3-PARENT-c0153,scope_a_old83_compatible,( R )-Mandelate,other_eawag_bbd_xenobiotic,envipath_prediction,envipath_bbd_rules_multistep,False,FR-BBD3-PARENT-c0153__sp01,1,6,"[""FR-BBD3-PARENT-c0153__n00000"", ""FR-BBD3-PARENT-c0153__n00004"", ""FR-BBD3-PARENT-c0153__n00008"", ""FR-BBD3-PARENT-c0153__n00011"", ""FR-BBD3-PARENT-c0153__n00024"", ""FR-BBD3-PARENT-c0153__n00027"", ""FR-BBD3-PARENT-c0153__n00035""]","[""O=C([O-])[C@H](O)c1ccccc1"", ""O=C(O)C(=O)c1ccccc1"", ""O=C(O)C(=O)c1cccc(O)c1O"", ""C=CC(C(=O)C(=O)O)C(=O)C(=O)O"", ""CC(O)C(C(=O)C(=O)O)C(=O)C(=O)O"", ""O=C(O)C(=O)C(C(=O)C(=O)O)C(O)CO"", ""O=C(O)C(=O)CC(O)CO""]","[""IWYDHOAUDWTVEP-SSDOTTSWSA-M"", ""FAQJJMHZNSSFSM-UHFFFAOYSA-N"", ""LXAQDPXOLYVMNR-UHFFFAOYSA-N"", ""UCIGMGATEFRTPV-UHFFFAOYSA-N"", ""LWICOQVAXOLDCK-UHFFFAOYSA-N"", ""AWZIFZRLDHPTGB-UHFFFAOYSA-N"", ""UQIGQRSJIKIPKZ-UHFFFAOYSA-N""]","[""FR-BBD3-PARENT-c0153__e00004"", ""FR-BBD3-PARENT-c0153__e00008"", ""FR-BBD3-PARENT-c0153__e00011"", ""FR-BBD3-PARENT-c0153__e00027"", ""FR-BBD3-PARENT-c0153__e00030"", ""FR-BBD3-PARENT-c0153__e00039""]","[1.0, 1.0, 1.0, 1.0, 1.0, 1.0]","[""multi_generation_edge_probability"", ""multi_generation_edge_probability"", ""multi_generation_edge_probability"", ""multi_generation_edge_probability"", ""multi_generation_edge_probability"", ""multi_generation_edge_probability""]",1.0,path_probability_product,simple_acyclic_path,max_depth_reached,True,False,False,False,False,False,False,False
FR-BBD3-PARENT-c0153,scope_a_old83_compatible,( R )-Mandelate,other_eawag_bbd_xenobiotic,envipath_prediction,envipath_bbd_rules_multistep,False,FR-BBD3-PARENT-c0153__sp02,2,6,"[""FR-BBD3-PARENT-c0153__n00000"", ""FR-BBD3-PARENT-c0153__n00004"", ""FR-BBD3-PARENT-c0153__n00008"", ""FR-BBD3-PARENT-c0153__n00011"", ""FR-BBD3-PARENT-c0153__n00024"", ""FR-BBD3-PARENT-c0153__n00027"", ""FR-BBD3-PARENT-c0153__n00022""]","[""O=C([O-])[C@H](O)c1ccccc1"", ""O=C(O)C(=O)c1ccccc1"", ""O=C(O)C(=O)c1cccc(O)c1O"", ""C=CC(C(=O)C(=O)O)C(=O)C(=O)O"", ""CC(O)C(C(=O)C(=O)O)C(=O)C(=O)O"", ""O=C(O)C(=O)C(C(=O)C(=O)O)C(O)CO"", ""O=C(O)C(=O)O""]","[""IWYDHOAUDWTVEP-SSDOTTSWSA-M"", ""FAQJJMHZNSSFSM-UHFFFAOYSA-N"", ""LXAQDPXOLYVMNR-UHFFFAOYSA-N"", ""UCIGMGATEFRTPV-UHFFFAOYSA-N"", ""LWICOQVAXOLDCK-UHFFFAOYSA-N"", ""AWZIFZRLDHPTGB-UHFFFAOYSA-N"", ""MUBZPKHOEPUJKR-UHFFFAOYSA-N""]","[""FR-BBD3-PARENT-c0153__e00004"", ""FR-BBD3-PARENT-c0153__e00008"", ""FR-BBD3-PARENT-c0153__e00011"", ""FR-BBD3-PARENT-c0153__e00027"", ""FR-BBD3-PARENT-c0153__e00030"", ""FR-BBD3-PARENT-c0153__e00042""]","[1.0, 1.0, 1.0, 1.0, 1.0, 1.0]","[""multi_generation_edge_probability"", ""multi_generation_edge_probability"", ""multi_generation_edge_probability"", ""multi_generation_edge_probability"", ""multi_generation_edge_probability"", ""multi_generation_edge_probability""]",1.0,path_probability_product,simple_acyclic_path,max_depth_reached,True,False,False,False,False,False,False,False
FR-BBD3-PARENT-c0153,scope_a_old83_compatible,( R )-Mandelate,other_eawag_bbd_xenobiotic,envipath_prediction,envipath_bbd_rules_multistep,False,FR-BBD3-PARENT-c0153__sp03,3,6,"[""FR-BBD3-PARENT-c0153__n00000"", ""FR-BBD3-PARENT-c0153__n00004"", ""FR-BBD3-PARENT-c0153__n00008"", ""FR-BBD3-PARENT-c0153__n00011"", ""FR-BBD3-PARENT-c0153__n00024"", ""FR-BBD3-PARENT-c0153__n00027"", ""FR-BBD3-PARENT-c0153__n00037""]","[""O=C([O-])[C@H](O)c1ccccc1"", ""O=C(O)C(=O)c1ccccc1"", ""O=C(O)C(=O)c1cccc(O)c1O"", ""C=CC(C(=O)C(=O)O)C(=O)C(=O)O"", ""CC(O)C(C(=O)C(=O)O)C(=O)C(=O)O"", ""O=C(O)C(=O)C(C(=O)C(=O)O)C(O)CO"", ""O=C(O)C(=O)C(C(=O)CO)C(=O)C(=O)O""]","[""IWYDHOAUDWTVEP-SSDOTTSWSA-M"", ""FAQJJMHZNSSFSM-UHFFFAOYSA-N"", ""LXAQDPXOLYVMNR-UHFFFAOYSA-N"", ""UCIGMGATEFRTPV-UHFFFAOYSA-N"", ""LWICOQVAXOLDCK-UHFFFAOYSA-N"", ""AWZIFZRLDHPTGB-UHFFFAOYSA-N"", ""JBXIZQWRSRKQNP-UHFFFAOYSA-N""]","[""FR-BBD3-PARENT-c0153__e00004"", ""FR-BBD3-PARENT-c0153__e00008"", ""FR-BBD3-PARENT-c0153__e00011"", ""FR-BBD3-PARENT-c0153__e00027"", ""FR-BBD3-PARENT-c0153__e00030"", ""FR-BBD3-PARENT-c0153__e00043""]","[1.0, 1.0, 1.0, 1.0, 1.0, 1.0]","[""multi_generation_edge_probability"", ""multi_generation_edge_probability"", ""multi_generation_edge_probability"", ""multi_generation_edge_probability"", ""multi_generation_edge_probability"", ""multi_generation_edge_probability""]",1.0,path_probability_product,simple_acyclic_path,max_depth_reached,True,False,False,False,False,False,False,False
FR-BBD3-PARENT-c0153,scope_a_old83_compatible,( R )-Mandelate,other_eawag_bbd_xenobiotic,envipath_prediction,envipath_bbd_rules_multistep,False,FR-BBD3-PARENT-c0153__sp04,4,6,"[""FR-BBD3-PARENT-c0153__n00000"", ""FR-BBD3-PARENT-c0153__n00004"", ""FR-BBD3-PARENT-c0153__n00008"", ""FR-BBD3-PARENT-c0153__n00011"", ""FR-BBD3-PARENT-c0153__n00024"", ""FR-BBD3-PARENT-c0153__n00027"", ""FR-BBD3-PARENT-c0153__n00039""]","[""O=C([O-])[C@H](O)c1ccccc1"", ""O=C(O)C(=O)c1ccccc1"", ""O=C(O)C(=O)c1cccc(O)c1O"", ""C=CC(C(=O)C(=O)O)C(=O)C(=O)O"", ""CC(O)C(C(=O)C(=O)O)C(=O)C(=O)O"", ""O=C(O)C(=O)C(C(=O)C(=O)O)C(O)CO"", ""O=CC(O)C(C(=O)C(=O)O)C(=O)C(=O)O""]","[""IWYDHOAUDWTVEP-SSDOTTSWSA-M"", ""FAQJJMHZNSSFSM-UHFFFAOYSA-N"", ""LXAQDPXOLYVMNR-UHFFFAOYSA-N"", ""UCIGMGATEFRTPV-UHFFFAOYSA-N"", ""LWICOQVAXOLDCK-UHFFFAOYSA-N"", ""AWZIFZRLDHPTGB-UHFFFAOYSA-N"", ""RSSRAFOWMOQLJO-UHFFFAOYSA-N""]","[""FR-BBD3-PARENT-c0153__e00004"", ""FR-BBD3-PARENT-c0153__e00008"", ""FR-BBD3-PARENT-c0153__e00011"", ""FR-BBD3-PARENT-c0153__e00027"", ""FR-BBD3-PARENT-c0153__e00030"", ""FR-BBD3-PARENT-c0153__e00045""]","[1.0, 1.0, 1.0, 1.0, 1.0, 1.0]","[""multi_generation_edge_probability"", ""multi_generation_edge_probability"", ""multi_generation_edge_probability"", ""multi_generation_edge_probability"", ""multi_generation_edge_probability"", ""multi_generation_edge_probability""]",1.0,path_probability_product,simple_acyclic_path,max_depth_reached,True,False,False,False,False,False,False,False
FR-BBD3-PARENT-c0153,scope_a_old83_compatible,( R )-Mandelate,other_eawag_bbd_xenobiotic,envipath_prediction,envipath_bbd_rules_multistep,False,FR-BBD3-PARENT-c0153__sp05,5,6,"[""FR-BBD3-PARENT-c0153__n00000"", ""FR-BBD3-PARENT-c0153__n00004"", ""FR-BBD3-PARENT-c0153__n00008"", ""FR-BBD3-PARENT-c0153__n00011"", ""FR-BBD3-PARENT-c0153__n00024"", ""FR-BBD3-PARENT-c0153__n00031"", ""FR-BBD3-PARENT-c0153__n00036""]","[""O=C([O-])[C@H](O)c1ccccc1"", ""O=C(O)C(=O)c1ccccc1"", ""O=C(O)C(=O)c1cccc(O)c1O"", ""C=CC(C(=O)C(=O)O)C(=O)C(=O)O"", ""CC(O)C(C(=O)C(=O)O)C(=O)C(=O)O"", ""CC(O)C(O)(C(=O)C(=O)O)C(=O)C(=O)O"", ""CC(O)C(O)C(=O)C(=O)O""]","[""IWYDHOAUDWTVEP-SSDOTTSWSA-M"", ""FAQJJMHZNSSFSM-UHFFFAOYSA-N"", ""LXAQDPXOLYVMNR-UHFFFAOYSA-N"", ""UCIGMGATEFRTPV-UHFFFAOYSA-N"", ""LWICOQVAXOLDCK-UHFFFAOYSA-N"", ""MCEBLJQZDIKMAB-UHFFFAOYSA-N"", ""AQECHFBKXAXPCW-UHFFFAOYSA-N""]","[""FR-BBD3-PARENT-c0153__e00004"", ""FR-BBD3-PARENT-c0153__e00008"", ""FR-BBD3-PARENT-c0153__e00011"", ""FR-BBD3-PARENT-c0153__e00027"", ""FR-BBD3-PARENT-c0153__e00035"", ""FR-BBD3-PARENT-c0153__e00040""]","[1.0, 1.0, 1.0, 1.0, 1.0, 1.0]","[""multi_generation_edge_probability"", ""multi_generation_edge_probability"", ""multi_generation_edge_probability"", ""multi_generation_edge_probability"", ""multi_generation_edge_probability"", ""multi_generation_edge_probability""]",1.0,path_probability_product,simple_acyclic_path,max_depth_reached,True,False,False,False,False,False,False,False
FR-BBD3-PARENT-c0153,scope_a_old83_compatible,( R )-Mandelate,other_eawag_bbd_xenobiotic,envipath_prediction,envipath_bbd_rules_multistep,False,FR-BBD3-PARENT-c0153__sp06,6,6,"[""FR-BBD3-PARENT-c0153__n00000"", ""FR-BBD3-PARENT-c0153__n00004"", ""FR-BBD3-PARENT-c0153__n00008"", ""FR-BBD3-PARENT-c0153__n00011"", ""FR-BBD3-PARENT-c0153__n00024"", ""FR-BBD3-PARENT-c0153__n00031"", ""FR-BBD3-PARENT-c0153__n00038""]","[""O=C([O-])[C@H](O)c1ccccc1"", ""O=C(O)C(=O)c1ccccc1"", ""O=C(O)C(=O)c1cccc(O)c1O"", ""C=CC(C(=O)C(=O)O)C(=O)C(=O)O"", ""CC(O)C(C(=O)C(=O)O)C(=O)C(=O)O"", ""CC(O)C(O)(C(=O)C(=O)O)C(=O)C(=O)O"", ""CC(=O)C(O)(C(=O)C(=O)O)C(=O)C(=O)O""]","[""IWYDHOAUDWTVEP-SSDOTTSWSA-M"", ""FAQJJMHZNSSFSM-UHFFFAOYSA-N"", ""LXAQDPXOLYVMNR-UHFFFAOYSA-N"", ""UCIGMGATEFRTPV-UHFFFAOYSA-N"", ""LWICOQVAXOLDCK-UHFFFAOYSA-N"", ""MCEBLJQZDIKMAB-UHFFFAOYSA-N"", ""NWYOLSARGXNMDH-UHFFFAOYSA-N""]","[""FR-BBD3-PARENT-c0153__e00004"", ""FR-BBD3-PARENT-c0153__e00008"", ""FR-BBD3-PARENT-c0153__e00011"", ""FR-BBD3-PARENT-c0153__e00027"", ""FR-BBD3-PARENT-c0153__e00035"", ""FR-BBD3-PARENT-c0153__e00044""]","[1.0, 1.0, 1.0, 1.0, 1.0, 1.0]","[""multi_generation_edge_probability"", ""multi_generation_edge_probability"", ""multi_generation_edge_probability"", ""multi_generation_edge_probability"", ""multi_generation_edge_probability"", ""multi_generation_edge_probability""]",1.0,path_probability_product,simple_acyclic_path,max_depth_reached,True,False,False,False,False,False,False,False
FR-BBD3-PARENT-c0153,scope_a_old83_compatible,( R )-Mandelate,other_eawag_bbd_xenobiotic,envipath_prediction,envipath_bbd_rules_multistep,False,FR-BBD3-PARENT-c0153__sp07,7,6,"[""FR-BBD3-PARENT-c0153__n00000"", ""FR-BBD3-PARENT-c0153__n00004"", ""FR-BBD3-PARENT-c0153__n00008"", ""FR-BBD3-PARENT-c0153__n00011"", ""FR-BBD3-PARENT-c0153__n00024"", ""FR-BBD3-PARENT-c0153__n00031"", ""FR-BBD3-PARENT-c0153__n00040""]","[""O=C([O-])[C@H](O)c1ccccc1"", ""O=C(O)C(=O)c1ccccc1"", ""O=C(O)C(=O)c1cccc(O)c1O"", ""C=CC(C(=O)C(=O)O)C(=O)C(=O)O"", ""CC(O)C(C(=O)C(=O)O)C(=O)C(=O)O"", ""CC(O)C(O)(C(=O)C(=O)O)C(=O)C(=O)O"", ""O=C(O)C(=O)C(O)(C(=O)C(=O)O)C(O)CO""]","[""IWYDHOAUDWTVEP-SSDOTTSWSA-M"", ""FAQJJMHZNSSFSM-UHFFFAOYSA-N"", ""LXAQDPXOLYVMNR-UHFFFAOYSA-N"", ""UCIGMGATEFRTPV-UHFFFAOYSA-N"", ""LWICOQVAXOLDCK-UHFFFAOYSA-N"", ""MCEBLJQZDIKMAB-UHFFFAOYSA-N"", ""AAUUJUGDMYRKOA-UHFFFAOYSA-N""]","[""FR-BBD3-PARENT-c0153__e00004"", ""FR-BBD3-PARENT-c0153__e00008"", ""FR-BBD3-PARENT-c0153__e00011"", ""FR-BBD3-PARENT-c0153__e00027"", ""FR-BBD3-PARENT-c0153__e00035"", ""FR-BBD3-PARENT-c0153__e00046""]","[1.0, 1.0, 1.0, 1.0, 1.0, 1.0]","[""multi_generation_edge_probability"", ""multi_generation_edge_probability"", ""multi_generation_edge_probability"", ""multi_generation_edge_probability"", ""multi_generation_edge_probability"", ""multi_generation_edge_probability""]",1.0,path_probability_product,simple_acyclic_path,max_depth_reached,True,False,False,False,False,False,False,False
FR-BBD3-PARENT-c0153,scope_a_old83_compatible,( R )-Mandelate,other_eawag_bbd_xenobiotic,envipath_prediction,envipath_bbd_rules_multistep,False,FR-BBD3-PARENT-c0153__sp08,8,6,"[""FR-BBD3-PARENT-c0153__n00000"", ""FR-BBD3-PARENT-c0153__n00004"", ""FR-BBD3-PARENT-c0153__n00008"", ""FR-BBD3-PARENT-c0153__n00011"", ""FR-BBD3-PARENT-c0153__n00024"", ""FR-BBD3-PARENT-c0153__n00031"", ""FR-BBD3-PARENT-c0153__n00041""]","[""O=C([O-])[C@H](O)c1ccccc1"", ""O=C(O)C(=O)c1ccccc1"", ""O=C(O)C(=O)c1cccc(O)c1O"", ""C=CC(C(=O)C(=O)O)C(=O)C(=O)O"", ""CC(O)C(C(=O)C(=O)O)C(=O)C(=O)O"", ""CC(O)C(O)(C(=O)C(=O)O)C(=O)C(=O)O"", ""CC(O)C(=O)C(=O)C(=O)O""]","[""IWYDHOAUDWTVEP-SSDOTTSWSA-M"", ""FAQJJMHZNSSFSM-UHFFFAOYSA-N"", ""LXAQDPXOLYVMNR-UHFFFAOYSA-N"", ""UCIGMGATEFRTPV-UHFFFAOYSA-N"", ""LWICOQVAXOLDCK-UHFFFAOYSA-N"", ""MCEBLJQZDIKMAB-UHFFFAOYSA-N"", ""QVYPDPWIRHWMQW-UHFFFAOYSA-N""]","[""FR-BBD3-PARENT-c0153__e00004"", ""FR-BBD3-PARENT-c0153__e00008"", ""FR-BBD3-PARENT-c0153__e00011"", ""FR-BBD3-PARENT-c0153__e00027"", ""FR-BBD3-PARENT-c0153__e00035"", ""FR-BBD3-PARENT-c0153__e00047""]","[1.0, 1.0, 1.0, 1.0, 1.0, 1.0]","[""multi_generation_edge_probability"", ""multi_generation_edge_probability"", ""multi_generation_edge_probability"", ""multi_generation_edge_probability"", ""multi_generation_edge_probability"", ""multi_generation_edge_probability""]",1.0,path_probability_product,simple_acyclic_path,max_depth_reached,True,False,False,False,False,False,False,False
FR-BBD3-PARENT-c0153,scope_a_old83_compatible,( R )-Mandelate,other_eawag_bbd_xenobiotic,envipath_prediction,envipath_bbd_rules_multistep,False,FR-BBD3-PARENT-c0153__sp09,9,6,"[""FR-BBD3-PARENT-c0153__n00000"", ""FR-BBD3-PARENT-c0153__n00004"", ""FR-BBD3-PARENT-c0153__n00008"", ""FR-BBD3-PARENT-c0153__n00011"", ""FR-BBD3-PARENT-c0153__n00024"", ""FR-BBD3-PARENT-c0153__n00031"", ""FR-BBD3-PARENT-c0153__n00043""]","[""O=C([O-])[C@H](O)c1ccccc1"", ""O=C(O)C(=O)c1ccccc1"", ""O=C(O)C(=O)c1cccc(O)c1O"", ""C=CC(C(=O)C(=O)O)C(=O)C(=O)O"", ""CC(O)C(C(=O)C(=O)O)C(=O)C(=O)O"", ""CC(O)C(O)(C(=O)C(=O)O)C(=O)C(=O)O"", ""O=CC(=O)O""]","[""IWYDHOAUDWTVEP-SSDOTTSWSA-M"", ""FAQJJMHZNSSFSM-UHFFFAOYSA-N"", ""LXAQDPXOLYVMNR-UHFFFAOYSA-N"", ""UCIGMGATEFRTPV-UHFFFAOYSA-N"", ""LWICOQVAXOLDCK-UHFFFAOYSA-N"", ""MCEBLJQZDIKMAB-UHFFFAOYSA-N"", ""HHLFWLYXYJOTON-UHFFFAOYSA-N""]","[""FR-BBD3-PARENT-c0153__e00004"", ""FR-BBD3-PARENT-c0153__e00008"", ""FR-BBD3-PARENT-c0153__e00011"", ""FR-BBD3-PARENT-c0153__e00027"", ""FR-BBD3-PARENT-c0153__e00035"", ""FR-BBD3-PARENT-c0153__e00049""]","[1.0, 1.0, 1.0, 1.0, 1.0, 1.0]","[""multi_generation_edge_probability"", ""multi_generation_edge_probability"", ""multi_generation_edge_probability"", ""multi_generation_edge_probability"", ""multi_generation_edge_probability"", ""multi_generation_edge_probability""]",1.0,path_probability_product,simple_acyclic_path,max_depth_reached,True,False,False,False,False,False,False,False
FR-BBD3-PARENT-c0153,scope_a_old83_compatible,( R )-Mandelate,other_eawag_bbd_xenobiotic,envipath_prediction,envipath_bbd_rules_multistep,False,FR-BBD3-PARENT-c0153__sp10,10,6,"[""FR-BBD3-PARENT-c0153__n00000"", ""FR-BBD3-PARENT-c0153__n00004"", ""FR-BBD3-PARENT-c0153__n00008"", ""FR-BBD3-PARENT-c0153__n00011"", ""FR-BBD3-PARENT-c0153__n00024"", ""FR-BBD3-PARENT-c0153__n00033"", ""FR-BBD3-PARENT-c0153__n00018""]","[""O=C([O-])[C@H](O)c1ccccc1"", ""O=C(O)C(=O)c1ccccc1"", ""O=C(O)C(=O)c1cccc(O)c1O"", ""C=CC(C(=O)C(=O)O)C(=O)C(=O)O"", ""CC(O)C(C(=O)C(=O)O)C(=O)C(=O)O"", ""CC(=O)C(C(=O)C(=O)O)C(=O)C(=O)O"", ""CC(=O)CC(=O)C(=O)O""]","[""IWYDHOAUDWTVEP-SSDOTTSWSA-M"", ""FAQJJMHZNSSFSM-UHFFFAOYSA-N"", ""LXAQDPXOLYVMNR-UHFFFAOYSA-N"", ""UCIGMGATEFRTPV-UHFFFAOYSA-N"", ""LWICOQVAXOLDCK-UHFFFAOYSA-N"", ""BCDPIMIURYIPTF-UHFFFAOYSA-N"", ""UNRQTHVKJQUDDF-UHFFFAOYSA-N""]","[""FR-BBD3-PARENT-c0153__e00004"", ""FR-BBD3-PARENT-c0153__e00008"", ""FR-BBD3-PARENT-c0153__e00011"", ""FR-BBD3-PARENT-c0153__e00027"", ""FR-BBD3-PARENT-c0153__e00037"", ""FR-BBD3-PARENT-c0153__e00041""]","[1.0, 1.0, 1.0, 1.0, 1.0, 1.0]","[""multi_generation_edge_probability"", ""multi_generation_edge_probability"", ""multi_generation_edge_probability"", ""multi_generation_edge_probability"", ""multi_generation_edge_probability"", ""multi_generation_edge_probability""]",1.0,path_probability_product,simple_acyclic_path,max_depth_reached,True,False,False,False,False,False,False,False
FR-BBD3-PARENT-c0163,scope_a_old83_compatible,Cyanuric acid,other_eawag_bbd_xenobiotic,envipath_prediction,envipath_bbd_rules_multistep,False,FR-BBD3-PARENT-c0163__sp01,1,3,"[""FR-BBD3-PARENT-c0163__n00000"", ""FR-BBD3-PARENT-c0163__n00001"", ""FR-BBD3-PARENT-c0163__n00002"", ""FR-BBD3-PARENT-c0163__n00004""]","[""Oc1nc(O)nc(O)n1"", ""NC(=O)NC(N)=O"", ""NC(=O)NC(=O)O"", ""NC(=O)O""]","[""ZFSLODLOARCGLH-UHFFFAOYSA-N"", ""OHJMTUPIZMNBFR-UHFFFAOYSA-N"", ""AVWRKZWQTYIKIY-UHFFFAOYSA-N"", ""KXDHJXZQYSOELW-UHFFFAOYSA-N""]","[""FR-BBD3-PARENT-c0163__e00001"", ""FR-BBD3-PARENT-c0163__e00002"", ""FR-BBD3-PARENT-c0163__e00006""]","[1.0, 1.0, 1.0]","[""multi_generation_edge_probability"", ""multi_generation_edge_probability"", ""multi_generation_edge_probability""]",1.0,path_probability_product,simple_acyclic_path,frontier_empty,True,False,False,False,False,False,False,False
FR-BBD3-PARENT-c0163,scope_a_old83_compatible,Cyanuric acid,other_eawag_bbd_xenobiotic,envipath_prediction,envipath_bbd_rules_multistep,False,FR-BBD3-PARENT-c0163__sp02,2,3,"[""FR-BBD3-PARENT-c0163__n00000"", ""FR-BBD3-PARENT-c0163__n00001"", ""FR-BBD3-PARENT-c0163__n00002"", ""FR-BBD3-PARENT-c0163__n00006""]","[""Oc1nc(O)nc(O)n1"", ""NC(=O)NC(N)=O"", ""NC(=O)NC(=O)O"", ""O=C(O)NC(=O)O""]","[""ZFSLODLOARCGLH-UHFFFAOYSA-N"", ""OHJMTUPIZMNBFR-UHFFFAOYSA-N"", ""AVWRKZWQTYIKIY-UHFFFAOYSA-N"", ""BUZRUIZTMOKRPB-UHFFFAOYSA-N""]","[""FR-BBD3-PARENT-c0163__e00001"", ""FR-BBD3-PARENT-c0163__e00002"", ""FR-BBD3-PARENT-c0163__e00008""]","[1.0, 1.0, 1.0]","[""multi_generation_edge_probability"", ""multi_generation_edge_probability"", ""multi_generation_edge_probability""]",1.0,path_probability_product,simple_acyclic_path,frontier_empty,True,False,False,False,False,False,False,False
FR-BBD3-PARENT-c0163,scope_a_old83_compatible,Cyanuric acid,other_eawag_bbd_xenobiotic,envipath_prediction,envipath_bbd_rules_multistep,False,FR-BBD3-PARENT-c0163__sp03,3,3,"[""FR-BBD3-PARENT-c0163__n00000"", ""FR-BBD3-PARENT-c0163__n00001"", ""FR-BBD3-PARENT-c0163__n00005"", ""FR-BBD3-PARENT-c0163__n00003""]","[""Oc1nc(O)nc(O)n1"", ""NC(=O)NC(N)=O"", ""NC(N)=O"", ""N""]","[""ZFSLODLOARCGLH-UHFFFAOYSA-N"", ""OHJMTUPIZMNBFR-UHFFFAOYSA-N"", ""XSQUKJJJFZCRTK-UHFFFAOYSA-N"", ""QGZKDVFQNNGYKY-UHFFFAOYSA-N""]","[""FR-BBD3-PARENT-c0163__e00001"", ""FR-BBD3-PARENT-c0163__e00005"", ""FR-BBD3-PARENT-c0163__e00007""]","[1.0, 1.0, 1.0]","[""multi_generation_edge_probability"", ""multi_generation_edge_probability"", ""multi_generation_edge_probability""]",1.0,path_probability_product,simple_acyclic_path,frontier_empty,True,False,False,False,False,False,False,False
FR-BBD3-PARENT-c0163,scope_a_old83_compatible,Cyanuric acid,other_eawag_bbd_xenobiotic,envipath_prediction,envipath_bbd_rules_multistep,False,FR-BBD3-PARENT-c0163__sp04,4,2,"[""FR-BBD3-PARENT-c0163__n00000"", ""FR-BBD3-PARENT-c0163__n00001"", ""FR-BBD3-PARENT-c0163__n00003""]","[""Oc1nc(O)nc(O)n1"", ""NC(=O)NC(N)=O"", ""N""]","[""ZFSLODLOARCGLH-UHFFFAOYSA-N"", ""OHJMTUPIZMNBFR-UHFFFAOYSA-N"", ""QGZKDVFQNNGYKY-UHFFFAOYSA-N""]","[""FR-BBD3-PARENT-c0163__e00001"", ""FR-BBD3-PARENT-c0163__e00003""]","[1.0, 1.0]","[""multi_generation_edge_probability"", ""multi_generation_edge_probability""]",1.0,path_probability_product,simple_acyclic_path,frontier_empty,True,False,False,False,False,False,False,False
FR-BBD3-PARENT-c0163,scope_a_old83_compatible,Cyanuric acid,other_eawag_bbd_xenobiotic,envipath_prediction,envipath_bbd_rules_multistep,False,FR-BBD3-PARENT-c0163__sp05,5,2,"[""FR-BBD3-PARENT-c0163__n00000"", ""FR-BBD3-PARENT-c0163__n00001"", ""FR-BBD3-PARENT-c0163__n00004""]","[""Oc1nc(O)nc(O)n1"", ""NC(=O)NC(N)=O"", ""NC(=O)O""]","[""ZFSLODLOARCGLH-UHFFFAOYSA-N"", ""OHJMTUPIZMNBFR-UHFFFAOYSA-N"", ""KXDHJXZQYSOELW-UHFFFAOYSA-N""]","[""FR-BBD3-PARENT-c0163__e00001"", ""FR-BBD3-PARENT-c0163__e00004""]","[1.0, 1.0]","[""multi_generation_edge_probability"", ""multi_generation_edge_probability""]",1.0,path_probability_product,simple_acyclic_path,frontier_empty,True,False,False,False,False,False,False,False
FR-BBD3-PARENT-c0177,scope_a_old83_compatible,4-Chlorobiphenyl,halogenated_compound,envipath_prediction,envipath_bbd_rules_multistep,False,FR-BBD3-PARENT-c0177__sp01,1,6,"[""FR-BBD3-PARENT-c0177__n00000"", ""FR-BBD3-PARENT-c0177__n00002"", ""FR-BBD3-PARENT-c0177__n00007"", ""FR-BBD3-PARENT-c0177__n00016"", ""FR-BBD3-PARENT-c0177__n00029"", ""FR-BBD3-PARENT-c0177__n00038"", ""FR-BBD3-PARENT-c0177__n00044""]","[""Clc1ccc(-c2ccccc2)cc1"", ""Oc1cccc(-c2ccc(Cl)cc2)c1"", ""Oc1cccc(-c2ccccc2)c1"", ""Oc1cccc(-c2cccc(O)c2O)c1"", ""Oc1cccc(-c2cc(O)cc(O)c2O)c1"", ""Oc1ccc(O)c(-c2cc(O)cc(O)c2O)c1"", ""Oc1ccc(O)c(-c2c(O)c(O)cc(O)c2O)c1""]","[""FPWNLURCHDRMHC-UHFFFAOYSA-N"", ""CIPDQYWUAVNLSD-UHFFFAOYSA-N"", ""UBXYXCRCOKCZIT-UHFFFAOYSA-N"", ""LTBDNNORKOKPFC-UHFFFAOYSA-N"", ""NJROQRWBBPKPFA-UHFFFAOYSA-N"", ""DURBXGRWLWHHMO-UHFFFAOYSA-N"", ""LCCGQOYVCPHATE-UHFFFAOYSA-N""]","[""FR-BBD3-PARENT-c0177__e00002"", ""FR-BBD3-PARENT-c0177__e00007"", ""FR-BBD3-PARENT-c0177__e00016"", ""FR-BBD3-PARENT-c0177__e00030"", ""FR-BBD3-PARENT-c0177__e00040"", ""FR-BBD3-PARENT-c0177__e00051""]","[1.0, 1.0, 1.0, 1.0, 1.0, 1.0]","[""multi_generation_edge_probability"", ""multi_generation_edge_probability"", ""multi_generation_edge_probability"", ""multi_generation_edge_probability"", ""multi_generation_edge_probability"", ""multi_generation_edge_probability""]",1.0,path_probability_product,simple_acyclic_path,max_depth_reached,True,False,False,False,False,False,False,False
FR-BBD3-PARENT-c0177,scope_a_old83_compatible,4-Chlorobiphenyl,halogenated_compound,envipath_prediction,envipath_bbd_rules_multistep,False,FR-BBD3-PARENT-c0177__sp02,2,6,"[""FR-BBD3-PARENT-c0177__n00000"", ""FR-BBD3-PARENT-c0177__n00002"", ""FR-BBD3-PARENT-c0177__n00007"", ""FR-BBD3-PARENT-c0177__n00016"", ""FR-BBD3-PARENT-c0177__n00029"", ""FR-BBD3-PARENT-c0177__n00038"", ""FR-BBD3-PARENT-c0177__n00019""]","[""Clc1ccc(-c2ccccc2)cc1"", ""Oc1cccc(-c2ccc(Cl)cc2)c1"", ""Oc1cccc(-c2ccccc2)c1"", ""Oc1cccc(-c2cccc(O)c2O)c1"", ""Oc1cccc(-c2cc(O)cc(O)c2O)c1"", ""Oc1ccc(O)c(-c2cc(O)cc(O)c2O)c1"", ""C=C(O)CC(=O)C(=O)O""]","[""FPWNLURCHDRMHC-UHFFFAOYSA-N"", ""CIPDQYWUAVNLSD-UHFFFAOYSA-N"", ""UBXYXCRCOKCZIT-UHFFFAOYSA-N"", ""LTBDNNORKOKPFC-UHFFFAOYSA-N"", ""NJROQRWBBPKPFA-UHFFFAOYSA-N"", ""DURBXGRWLWHHMO-UHFFFAOYSA-N"", ""QBWLDXSPOCMZLO-UHFFFAOYSA-N""]","[""FR-BBD3-PARENT-c0177__e00002"", ""FR-BBD3-PARENT-c0177__e00007"", ""FR-BBD3-PARENT-c0177__e00016"", ""FR-BBD3-PARENT-c0177__e00030"", ""FR-BBD3-PARENT-c0177__e00040"", ""FR-BBD3-PARENT-c0177__e00052""]","[1.0, 1.0, 1.0, 1.0, 1.0, 1.0]","[""multi_generation_edge_probability"", ""multi_generation_edge_probability"", ""multi_generation_edge_probability"", ""multi_generation_edge_probability"", ""multi_generation_edge_probability"", ""multi_generation_edge_probability""]",1.0,path_probability_product,simple_acyclic_path,max_depth_reached,True,False,False,False,False,False,False,False
FR-BBD3-PARENT-c0177,scope_a_old83_compatible,4-Chlorobiphenyl,halogenated_compound,envipath_prediction,envipath_bbd_rules_multistep,False,FR-BBD3-PARENT-c0177__sp03,3,6,"[""FR-BBD3-PARENT-c0177__n00000"", ""FR-BBD3-PARENT-c0177__n00002"", ""FR-BBD3-PARENT-c0177__n00007"", ""FR-BBD3-PARENT-c0177__n00016"", ""FR-BBD3-PARENT-c0177__n00029"", ""FR-BBD3-PARENT-c0177__n00038"", ""FR-BBD3-PARENT-c0177__n00041""]","[""Clc1ccc(-c2ccccc2)cc1"", ""Oc1cccc(-c2ccc(Cl)cc2)c1"", ""Oc1cccc(-c2ccccc2)c1"", ""Oc1cccc(-c2cccc(O)c2O)c1"", ""Oc1cccc(-c2cc(O)cc(O)c2O)c1"", ""Oc1ccc(O)c(-c2cc(O)cc(O)c2O)c1"", ""O=C(O)c1cc(O)ccc1O""]","[""FPWNLURCHDRMHC-UHFFFAOYSA-N"", ""CIPDQYWUAVNLSD-UHFFFAOYSA-N"", ""UBXYXCRCOKCZIT-UHFFFAOYSA-N"", ""LTBDNNORKOKPFC-UHFFFAOYSA-N"", ""NJROQRWBBPKPFA-UHFFFAOYSA-N"", ""DURBXGRWLWHHMO-UHFFFAOYSA-N"", ""WXTMDXOMEHJXQO-UHFFFAOYSA-N""]","[""FR-BBD3-PARENT-c0177__e00002"", ""FR-BBD3-PARENT-c0177__e00007"", ""FR-BBD3-PARENT-c0177__e00016"", ""FR-BBD3-PARENT-c0177__e00030"", ""FR-BBD3-PARENT-c0177__e00040"", ""FR-BBD3-PARENT-c0177__e00053""]","[1.0, 1.0, 1.0, 1.0, 1.0, 1.0]","[""multi_generation_edge_probability"", ""multi_generation_edge_probability"", ""multi_generation_edge_probability"", ""multi_generation_edge_probability"", ""multi_generation_edge_probability"", ""multi_generation_edge_probability""]",1.0,path_probability_product,simple_acyclic_path,max_depth_reached,True,False,False,False,False,False,False,False
FR-BBD3-PARENT-c0177,scope_a_old83_compatible,4-Chlorobiphenyl,halogenated_compound,envipath_prediction,envipath_bbd_rules_multistep,False,FR-BBD3-PARENT-c0177__sp04,4,6,"[""FR-BBD3-PARENT-c0177__n00000"", ""FR-BBD3-PARENT-c0177__n00002"", ""FR-BBD3-PARENT-c0177__n00007"", ""FR-BBD3-PARENT-c0177__n00016"", ""FR-BBD3-PARENT-c0177__n00029"", ""FR-BBD3-PARENT-c0177__n00038"", ""FR-BBD3-PARENT-c0177__n00027""]","[""Clc1ccc(-c2ccccc2)cc1"", ""Oc1cccc(-c2ccc(Cl)cc2)c1"", ""Oc1cccc(-c2ccccc2)c1"", ""Oc1cccc(-c2cccc(O)c2O)c1"", ""Oc1cccc(-c2cc(O)cc(O)c2O)c1"", ""Oc1ccc(O)c(-c2cc(O)cc(O)c2O)c1"", ""CC(=O)CC(=O)C(=O)O""]","[""FPWNLURCHDRMHC-UHFFFAOYSA-N"", ""CIPDQYWUAVNLSD-UHFFFAOYSA-N"", ""UBXYXCRCOKCZIT-UHFFFAOYSA-N"", ""LTBDNNORKOKPFC-UHFFFAOYSA-N"", ""NJROQRWBBPKPFA-UHFFFAOYSA-N"", ""DURBXGRWLWHHMO-UHFFFAOYSA-N"", ""UNRQTHVKJQUDDF-UHFFFAOYSA-N""]","[""FR-BBD3-PARENT-c0177__e00002"", ""FR-BBD3-PARENT-c0177__e00007"", ""FR-BBD3-PARENT-c0177__e00016"", ""FR-BBD3-PARENT-c0177__e00030"", ""FR-BBD3-PARENT-c0177__e00040"", ""FR-BBD3-PARENT-c0177__e00054""]","[1.0, 1.0, 1.0, 1.0, 1.0, 1.0]","[""multi_generation_edge_probability"", ""multi_generation_edge_probability"", ""multi_generation_edge_probability"", ""multi_generation_edge_probability"", ""multi_generation_edge_probability"", ""multi_generation_edge_probability""]",1.0,path_probability_product,simple_acyclic_path,max_depth_reached,True,False,False,False,False,False,False,False
FR-BBD3-PARENT-c0177,scope_a_old83_compatible,4-Chlorobiphenyl,halogenated_compound,envipath_prediction,envipath_bbd_rules_multistep,False,FR-BBD3-PARENT-c0177__sp05,5,6,"[""FR-BBD3-PARENT-c0177__n00000"", ""FR-BBD3-PARENT-c0177__n00002"", ""FR-BBD3-PARENT-c0177__n00007"", ""FR-BBD3-PARENT-c0177__n00016"", ""FR-BBD3-PARENT-c0177__n00029"", ""FR-BBD3-PARENT-c0177__n00033"", ""FR-BBD3-PARENT-c0177__n00041""]","[""Clc1ccc(-c2ccccc2)cc1"", ""Oc1cccc(-c2ccc(Cl)cc2)c1"", ""Oc1cccc(-c2ccccc2)c1"", ""Oc1cccc(-c2cccc(O)c2O)c1"", ""Oc1cccc(-c2cc(O)cc(O)c2O)c1"", ""O=C(O)c1cccc(O)c1"", ""O=C(O)c1cc(O)ccc1O""]","[""FPWNLURCHDRMHC-UHFFFAOYSA-N"", ""CIPDQYWUAVNLSD-UHFFFAOYSA-N"", ""UBXYXCRCOKCZIT-UHFFFAOYSA-N"", ""LTBDNNORKOKPFC-UHFFFAOYSA-N"", ""NJROQRWBBPKPFA-UHFFFAOYSA-N"", ""IJFXRHURBJZNAO-UHFFFAOYSA-N"", ""WXTMDXOMEHJXQO-UHFFFAOYSA-N""]","[""FR-BBD3-PARENT-c0177__e00002"", ""FR-BBD3-PARENT-c0177__e00007"", ""FR-BBD3-PARENT-c0177__e00016"", ""FR-BBD3-PARENT-c0177__e00030"", ""FR-BBD3-PARENT-c0177__e00049"", ""FR-BBD3-PARENT-c0177__e00043""]","[1.0, 1.0, 1.0, 1.0, 1.0, 1.0]","[""multi_generation_edge_probability"", ""multi_generation_edge_probability"", ""multi_generation_edge_probability"", ""multi_generation_edge_probability"", ""multi_generation_edge_probability"", ""multi_generation_edge_probability""]",1.0,path_probability_product,simple_acyclic_path,max_depth_reached,True,False,False,False,False,False,False,False
FR-BBD3-PARENT-c0177,scope_a_old83_compatible,4-Chlorobiphenyl,halogenated_compound,envipath_prediction,envipath_bbd_rules_multistep,False,FR-BBD3-PARENT-c0177__sp06,6,5,"[""FR-BBD3-PARENT-c0177__n00000"", ""FR-BBD3-PARENT-c0177__n00001"", ""FR-BBD3-PARENT-c0177__n00006"", ""FR-BBD3-PARENT-c0177__n00022"", ""FR-BBD3-PARENT-c0177__n00031"", ""FR-BBD3-PARENT-c0177__n00040""]","[""Clc1ccc(-c2ccccc2)cc1"", ""Oc1ccc(-c2ccc(Cl)cc2)cc1"", ""Oc1ccc(-c2ccccc2)cc1"", ""Oc1ccc(-c2cccc(O)c2O)cc1"", ""Oc1ccc(-c2cc(O)cc(O)c2O)cc1"", ""Oc1ccc(-c2c(O)c(O)cc(O)c2O)cc1""]","[""FPWNLURCHDRMHC-UHFFFAOYSA-N"", ""ICVFJPSNAUMFCW-UHFFFAOYSA-N"", ""YXVFYQXJAXKLAK-UHFFFAOYSA-N"", ""NPGGQLOIUYMASZ-UHFFFAOYSA-N"", ""NCFGDPVCYLPUTP-UHFFFAOYSA-N"", ""XIUIQMNJAOYJNQ-UHFFFAOYSA-N""]","[""FR-BBD3-PARENT-c0177__e00001"", ""FR-BBD3-PARENT-c0177__e00006"", ""FR-BBD3-PARENT-c0177__e00023"", ""FR-BBD3-PARENT-c0177__e00032"", ""FR-BBD3-PARENT-c0177__e00042""]","[1.0, 1.0, 1.0, 1.0, 1.0]","[""multi_generation_edge_probability"", ""multi_generation_edge_probability"", ""multi_generation_edge_probability"", ""multi_generation_edge_probability"", ""multi_generation_edge_probability""]",1.0,path_probability_product,simple_acyclic_path,frontier_empty,True,False,False,False,False,False,False,False
FR-BBD3-PARENT-c0177,scope_a_old83_compatible,4-Chlorobiphenyl,halogenated_compound,envipath_prediction,envipath_bbd_rules_multistep,False,FR-BBD3-PARENT-c0177__sp07,7,5,"[""FR-BBD3-PARENT-c0177__n00000"", ""FR-BBD3-PARENT-c0177__n00001"", ""FR-BBD3-PARENT-c0177__n00006"", ""FR-BBD3-PARENT-c0177__n00022"", ""FR-BBD3-PARENT-c0177__n00031"", ""FR-BBD3-PARENT-c0177__n00019""]","[""Clc1ccc(-c2ccccc2)cc1"", ""Oc1ccc(-c2ccc(Cl)cc2)cc1"", ""Oc1ccc(-c2ccccc2)cc1"", ""Oc1ccc(-c2cccc(O)c2O)cc1"", ""Oc1ccc(-c2cc(O)cc(O)c2O)cc1"", ""C=C(O)CC(=O)C(=O)O""]","[""FPWNLURCHDRMHC-UHFFFAOYSA-N"", ""ICVFJPSNAUMFCW-UHFFFAOYSA-N"", ""YXVFYQXJAXKLAK-UHFFFAOYSA-N"", ""NPGGQLOIUYMASZ-UHFFFAOYSA-N"", ""NCFGDPVCYLPUTP-UHFFFAOYSA-N"", ""QBWLDXSPOCMZLO-UHFFFAOYSA-N""]","[""FR-BBD3-PARENT-c0177__e00001"", ""FR-BBD3-PARENT-c0177__e00006"", ""FR-BBD3-PARENT-c0177__e00023"", ""FR-BBD3-PARENT-c0177__e00032"", ""FR-BBD3-PARENT-c0177__e00046""]","[1.0, 1.0, 1.0, 1.0, 1.0]","[""multi_generation_edge_probability"", ""multi_generation_edge_probability"", ""multi_generation_edge_probability"", ""multi_generation_edge_probability"", ""multi_generation_edge_probability""]",1.0,path_probability_product,simple_acyclic_path,frontier_empty,True,False,False,False,False,False,False,False
FR-BBD3-PARENT-c0177,scope_a_old83_compatible,4-Chlorobiphenyl,halogenated_compound,envipath_prediction,envipath_bbd_rules_multistep,False,FR-BBD3-PARENT-c0177__sp08,8,5,"[""FR-BBD3-PARENT-c0177__n00000"", ""FR-BBD3-PARENT-c0177__n00001"", ""FR-BBD3-PARENT-c0177__n00006"", ""FR-BBD3-PARENT-c0177__n00022"", ""FR-BBD3-PARENT-c0177__n00031"", ""FR-BBD3-PARENT-c0177__n00036""]","[""Clc1ccc(-c2ccccc2)cc1"", ""Oc1ccc(-c2ccc(Cl)cc2)cc1"", ""Oc1ccc(-c2ccccc2)cc1"", ""Oc1ccc(-c2cccc(O)c2O)cc1"", ""Oc1ccc(-c2cc(O)cc(O)c2O)cc1"", ""O=C(O)c1ccc(O)cc1""]","[""FPWNLURCHDRMHC-UHFFFAOYSA-N"", ""ICVFJPSNAUMFCW-UHFFFAOYSA-N"", ""YXVFYQXJAXKLAK-UHFFFAOYSA-N"", ""NPGGQLOIUYMASZ-UHFFFAOYSA-N"", ""NCFGDPVCYLPUTP-UHFFFAOYSA-N"", ""FJKROLUGYXJWQN-UHFFFAOYSA-N""]","[""FR-BBD3-PARENT-c0177__e00001"", ""FR-BBD3-PARENT-c0177__e00006"", ""FR-BBD3-PARENT-c0177__e00023"", ""FR-BBD3-PARENT-c0177__e00032"", ""FR-BBD3-PARENT-c0177__e00048""]","[1.0, 1.0, 1.0, 1.0, 1.0]","[""multi_generation_edge_probability"", ""multi_generation_edge_probability"", ""multi_generation_edge_probability"", ""multi_generation_edge_probability"", ""multi_generation_edge_probability""]",1.0,path_probability_product,simple_acyclic_path,frontier_empty,True,False,False,False,False,False,False,False
FR-BBD3-PARENT-c0177,scope_a_old83_compatible,4-Chlorobiphenyl,halogenated_compound,envipath_prediction,envipath_bbd_rules_multistep,False,FR-BBD3-PARENT-c0177__sp09,9,5,"[""FR-BBD3-PARENT-c0177__n00000"", ""FR-BBD3-PARENT-c0177__n00001"", ""FR-BBD3-PARENT-c0177__n00006"", ""FR-BBD3-PARENT-c0177__n00022"", ""FR-BBD3-PARENT-c0177__n00031"", ""FR-BBD3-PARENT-c0177__n00027""]","[""Clc1ccc(-c2ccccc2)cc1"", ""Oc1ccc(-c2ccc(Cl)cc2)cc1"", ""Oc1ccc(-c2ccccc2)cc1"", ""Oc1ccc(-c2cccc(O)c2O)cc1"", ""Oc1ccc(-c2cc(O)cc(O)c2O)cc1"", ""CC(=O)CC(=O)C(=O)O""]","[""FPWNLURCHDRMHC-UHFFFAOYSA-N"", ""ICVFJPSNAUMFCW-UHFFFAOYSA-N"", ""YXVFYQXJAXKLAK-UHFFFAOYSA-N"", ""NPGGQLOIUYMASZ-UHFFFAOYSA-N"", ""NCFGDPVCYLPUTP-UHFFFAOYSA-N"", ""UNRQTHVKJQUDDF-UHFFFAOYSA-N""]","[""FR-BBD3-PARENT-c0177__e00001"", ""FR-BBD3-PARENT-c0177__e00006"", ""FR-BBD3-PARENT-c0177__e00023"", ""FR-BBD3-PARENT-c0177__e00032"", ""FR-BBD3-PARENT-c0177__e00050""]","[1.0, 1.0, 1.0, 1.0, 1.0]","[""multi_generation_edge_probability"", ""multi_generation_edge_probability"", ""multi_generation_edge_probability"", ""multi_generation_edge_probability"", ""multi_generation_edge_probability""]",1.0,path_probability_product,simple_acyclic_path,frontier_empty,True,False,False,False,False,False,False,False
FR-BBD3-PARENT-c0177,scope_a_old83_compatible,4-Chlorobiphenyl,halogenated_compound,envipath_prediction,envipath_bbd_rules_multistep,False,FR-BBD3-PARENT-c0177__sp10,10,5,"[""FR-BBD3-PARENT-c0177__n00000"", ""FR-BBD3-PARENT-c0177__n00002"", ""FR-BBD3-PARENT-c0177__n00007"", ""FR-BBD3-PARENT-c0177__n00016"", ""FR-BBD3-PARENT-c0177__n00029"", ""FR-BBD3-PARENT-c0177__n00043""]","[""Clc1ccc(-c2ccccc2)cc1"", ""Oc1cccc(-c2ccc(Cl)cc2)c1"", ""Oc1cccc(-c2ccccc2)c1"", ""Oc1cccc(-c2cccc(O)c2O)c1"", ""Oc1cccc(-c2cc(O)cc(O)c2O)c1"", ""Oc1cccc(-c2c(O)c(O)cc(O)c2O)c1""]","[""FPWNLURCHDRMHC-UHFFFAOYSA-N"", ""CIPDQYWUAVNLSD-UHFFFAOYSA-N"", ""UBXYXCRCOKCZIT-UHFFFAOYSA-N"", ""LTBDNNORKOKPFC-UHFFFAOYSA-N"", ""NJROQRWBBPKPFA-UHFFFAOYSA-N"", ""XGGXGMINVFOMFX-UHFFFAOYSA-N""]","[""FR-BBD3-PARENT-c0177__e00002"", ""FR-BBD3-PARENT-c0177__e00007"", ""FR-BBD3-PARENT-c0177__e00016"", ""FR-BBD3-PARENT-c0177__e00030"", ""FR-BBD3-PARENT-c0177__e00045""]","[1.0, 1.0, 1.0, 1.0, 1.0]","[""multi_generation_edge_probability"", ""multi_generation_edge_probability"", ""multi_generation_edge_probability"", ""multi_generation_edge_probability"", ""multi_generation_edge_probability""]",1.0,path_probability_product,simple_acyclic_path,frontier_empty,True,False,False,False,False,False,False,False
FR-BBD3-PARENT-c0233,scope_a_old83_compatible,Dichloromethane,halogenated_compound,envipath_prediction,envipath_bbd_rules_multistep,False,FR-BBD3-PARENT-c0233__sp01,1,2,"[""FR-BBD3-PARENT-c0233__n00000"", ""FR-BBD3-PARENT-c0233__n00001"", ""FR-BBD3-PARENT-c0233__n00002""]","[""ClCCl"", ""CCl"", ""C""]","[""YMWUJEATGCHHMB-UHFFFAOYSA-N"", ""NEHMKBQYUWJMIP-UHFFFAOYSA-N"", ""VNWKTOKETHGBQD-UHFFFAOYSA-N""]","[""FR-BBD3-PARENT-c0233__e00001"", ""FR-BBD3-PARENT-c0233__e00002""]","[1.0, 1.0]","[""multi_generation_edge_probability"", ""multi_generation_edge_probability""]",1.0,path_probability_product,simple_acyclic_path,frontier_empty,True,False,False,False,False,False,False,False
FR-BBD3-PARENT-c0236,scope_a_old83_compatible,Dimethyl Sulfoxide,other_eawag_bbd_xenobiotic,envipath_prediction,envipath_bbd_rules_multistep,False,FR-BBD3-PARENT-c0236__sp01,1,1,"[""FR-BBD3-PARENT-c0236__n00000"", ""FR-BBD3-PARENT-c0236__n00001""]","[""CS(C)=O"", ""CS(C)(=O)=O""]","[""IAZDPXIOMUYVGZ-UHFFFAOYSA-N"", ""HHVIBTZHLRERCL-UHFFFAOYSA-N""]","[""FR-BBD3-PARENT-c0236__e00001""]",[1.0],"[""multi_generation_edge_probability""]",1.0,path_probability_product,simple_acyclic_path,frontier_empty,True,False,False,False,False,False,False,False
FR-BBD3-PARENT-c0245,scope_a_old83_compatible,2-Aminobenzenesulfonate,aromatic_xenobiotic,envipath_prediction,envipath_bbd_rules_multistep,False,FR-BBD3-PARENT-c0245__sp01,1,6,"[""FR-BBD3-PARENT-c0245__n00000"", ""FR-BBD3-PARENT-c0245__n00001"", ""FR-BBD3-PARENT-c0245__n00011"", ""FR-BBD3-PARENT-c0245__n00010"", ""FR-BBD3-PARENT-c0245__n00018"", ""FR-BBD3-PARENT-c0245__n00026"", ""FR-BBD3-PARENT-c0245__n00034""]","[""Nc1ccccc1S(=O)(=O)[O-]"", ""Nc1ccccc1O"", ""Oc1cccc(O)c1O"", ""Oc1ccc(O)c(O)c1O"", ""Oc1cc(O)c(O)c(O)c1O"", ""O=C1C(O)=C(O)CC(O)C1O"", ""O=C1CC(O)=C(O)C(=O)C1O""]","[""ZMCHBSMFKQYNKA-UHFFFAOYSA-M"", ""CDAWCLOXVUBKRW-UHFFFAOYSA-N"", ""WQGWDDDVZFFDIG-UHFFFAOYSA-N"", ""VERMEZLHWFHDLK-UHFFFAOYSA-N"", ""RUFWIGMRKSSQJC-UHFFFAOYSA-N"", ""ZWVZELMXEUCRGC-UHFFFAOYSA-N"", ""JNRPSPHPJGQAHU-UHFFFAOYSA-N""]","[""FR-BBD3-PARENT-c0245__e00001"", ""FR-BBD3-PARENT-c0245__e00011"", ""FR-BBD3-PARENT-c0245__e00021"", ""FR-BBD3-PARENT-c0245__e00019"", ""FR-BBD3-PARENT-c0245__e00033"", ""FR-BBD3-PARENT-c0245__e00043""]","[1.0, 1.0, 1.0, 1.0, 1.0, 1.0]","[""multi_generation_edge_probability"", ""multi_generation_edge_probability"", ""multi_generation_edge_probability"", ""multi_generation_edge_probability"", ""multi_generation_edge_probability"", ""multi_generation_edge_probability""]",1.0,path_probability_product,simple_acyclic_path,max_depth_reached,True,False,False,False,False,False,False,False
FR-BBD3-PARENT-c0245,scope_a_old83_compatible,2-Aminobenzenesulfonate,aromatic_xenobiotic,envipath_prediction,envipath_bbd_rules_multistep,False,FR-BBD3-PARENT-c0245__sp02,2,6,"[""FR-BBD3-PARENT-c0245__n00000"", ""FR-BBD3-PARENT-c0245__n00001"", ""FR-BBD3-PARENT-c0245__n00011"", ""FR-BBD3-PARENT-c0245__n00010"", ""FR-BBD3-PARENT-c0245__n00018"", ""FR-BBD3-PARENT-c0245__n00026"", ""FR-BBD3-PARENT-c0245__n00038""]","[""Nc1ccccc1S(=O)(=O)[O-]"", ""Nc1ccccc1O"", ""Oc1cccc(O)c1O"", ""Oc1ccc(O)c(O)c1O"", ""Oc1cc(O)c(O)c(O)c1O"", ""O=C1C(O)=C(O)CC(O)C1O"", ""O=C1OC(O)=C(O)CC(O)C1O""]","[""ZMCHBSMFKQYNKA-UHFFFAOYSA-M"", ""CDAWCLOXVUBKRW-UHFFFAOYSA-N"", ""WQGWDDDVZFFDIG-UHFFFAOYSA-N"", ""VERMEZLHWFHDLK-UHFFFAOYSA-N"", ""RUFWIGMRKSSQJC-UHFFFAOYSA-N"", ""ZWVZELMXEUCRGC-UHFFFAOYSA-N"", ""WTLMHSPZCZBBAU-UHFFFAOYSA-N""]","[""FR-BBD3-PARENT-c0245__e00001"", ""FR-BBD3-PARENT-c0245__e00011"", ""FR-BBD3-PARENT-c0245__e00021"", ""FR-BBD3-PARENT-c0245__e00019"", ""FR-BBD3-PARENT-c0245__e00033"", ""FR-BBD3-PARENT-c0245__e00047""]","[1.0, 1.0, 1.0, 1.0, 1.0, 1.0]","[""multi_generation_edge_probability"", ""multi_generation_edge_probability"", ""multi_generation_edge_probability"", ""multi_generation_edge_probability"", ""multi_generation_edge_probability"", ""multi_generation_edge_probability""]",1.0,path_probability_product,simple_acyclic_path,max_depth_reached,True,False,False,False,False,False,False,False
FR-BBD3-PARENT-c0245,scope_a_old83_compatible,2-Aminobenzenesulfonate,aromatic_xenobiotic,envipath_prediction,envipath_bbd_rules_multistep,False,FR-BBD3-PARENT-c0245__sp03,3,6,"[""FR-BBD3-PARENT-c0245__n00000"", ""FR-BBD3-PARENT-c0245__n00001"", ""FR-BBD3-PARENT-c0245__n00011"", ""FR-BBD3-PARENT-c0245__n00010"", ""FR-BBD3-PARENT-c0245__n00018"", ""FR-BBD3-PARENT-c0245__n00026"", ""FR-BBD3-PARENT-c0245__n00042""]","[""Nc1ccccc1S(=O)(=O)[O-]"", ""Nc1ccccc1O"", ""Oc1cccc(O)c1O"", ""Oc1ccc(O)c(O)c1O"", ""Oc1cc(O)c(O)c(O)c1O"", ""O=C1C(O)=C(O)CC(O)C1O"", ""O=C1C(=O)C(O)CC(O)=C1O""]","[""ZMCHBSMFKQYNKA-UHFFFAOYSA-M"", ""CDAWCLOXVUBKRW-UHFFFAOYSA-N"", ""WQGWDDDVZFFDIG-UHFFFAOYSA-N"", ""VERMEZLHWFHDLK-UHFFFAOYSA-N"", ""RUFWIGMRKSSQJC-UHFFFAOYSA-N"", ""ZWVZELMXEUCRGC-UHFFFAOYSA-N"", ""VRLUOWBQHDRQKY-UHFFFAOYSA-N""]","[""FR-BBD3-PARENT-c0245__e00001"", ""FR-BBD3-PARENT-c0245__e00011"", ""FR-BBD3-PARENT-c0245__e00021"", ""FR-BBD3-PARENT-c0245__e00019"", ""FR-BBD3-PARENT-c0245__e00033"", ""FR-BBD3-PARENT-c0245__e00051""]","[1.0, 1.0, 1.0, 1.0, 1.0, 1.0]","[""multi_generation_edge_probability"", ""multi_generation_edge_probability"", ""multi_generation_edge_probability"", ""multi_generation_edge_probability"", ""multi_generation_edge_probability"", ""multi_generation_edge_probability""]",1.0,path_probability_product,simple_acyclic_path,max_depth_reached,True,False,False,False,False,False,False,False
FR-BBD3-PARENT-c0245,scope_a_old83_compatible,2-Aminobenzenesulfonate,aromatic_xenobiotic,envipath_prediction,envipath_bbd_rules_multistep,False,FR-BBD3-PARENT-c0245__sp04,4,6,"[""FR-BBD3-PARENT-c0245__n00000"", ""FR-BBD3-PARENT-c0245__n00001"", ""FR-BBD3-PARENT-c0245__n00011"", ""FR-BBD3-PARENT-c0245__n00010"", ""FR-BBD3-PARENT-c0245__n00018"", ""FR-BBD3-PARENT-c0245__n00026"", ""FR-BBD3-PARENT-c0245__n00046""]","[""Nc1ccccc1S(=O)(=O)[O-]"", ""Nc1ccccc1O"", ""Oc1cccc(O)c1O"", ""Oc1ccc(O)c(O)c1O"", ""Oc1cc(O)c(O)c(O)c1O"", ""O=C1C(O)=C(O)CC(O)C1O"", ""O=C1C(=O)C(O)C(O)CC1O""]","[""ZMCHBSMFKQYNKA-UHFFFAOYSA-M"", ""CDAWCLOXVUBKRW-UHFFFAOYSA-N"", ""WQGWDDDVZFFDIG-UHFFFAOYSA-N"", ""VERMEZLHWFHDLK-UHFFFAOYSA-N"", ""RUFWIGMRKSSQJC-UHFFFAOYSA-N"", ""ZWVZELMXEUCRGC-UHFFFAOYSA-N"", ""AMWPAUGSGLTTHG-UHFFFAOYSA-N""]","[""FR-BBD3-PARENT-c0245__e00001"", ""FR-BBD3-PARENT-c0245__e00011"", ""FR-BBD3-PARENT-c0245__e00021"", ""FR-BBD3-PARENT-c0245__e00019"", ""FR-BBD3-PARENT-c0245__e00033"", ""FR-BBD3-PARENT-c0245__e00055""]","[1.0, 1.0, 1.0, 1.0, 1.0, 1.0]","[""multi_generation_edge_probability"", ""multi_generation_edge_probability"", ""multi_generation_edge_probability"", ""multi_generation_edge_probability"", ""multi_generation_edge_probability"", ""multi_generation_edge_probability""]",1.0,path_probability_product,simple_acyclic_path,max_depth_reached,True,False,False,False,False,False,False,False
FR-BBD3-PARENT-c0245,scope_a_old83_compatible,2-Aminobenzenesulfonate,aromatic_xenobiotic,envipath_prediction,envipath_bbd_rules_multistep,False,FR-BBD3-PARENT-c0245__sp05,5,6,"[""FR-BBD3-PARENT-c0245__n00000"", ""FR-BBD3-PARENT-c0245__n00001"", ""FR-BBD3-PARENT-c0245__n00011"", ""FR-BBD3-PARENT-c0245__n00010"", ""FR-BBD3-PARENT-c0245__n00018"", ""FR-BBD3-PARENT-c0245__n00026"", ""FR-BBD3-PARENT-c0245__n00050""]","[""Nc1ccccc1S(=O)(=O)[O-]"", ""Nc1ccccc1O"", ""Oc1cccc(O)c1O"", ""Oc1ccc(O)c(O)c1O"", ""Oc1cc(O)c(O)c(O)c1O"", ""O=C1C(O)=C(O)CC(O)C1O"", ""O=C1C(O)C(O)CC(O)C1O""]","[""ZMCHBSMFKQYNKA-UHFFFAOYSA-M"", ""CDAWCLOXVUBKRW-UHFFFAOYSA-N"", ""WQGWDDDVZFFDIG-UHFFFAOYSA-N"", ""VERMEZLHWFHDLK-UHFFFAOYSA-N"", ""RUFWIGMRKSSQJC-UHFFFAOYSA-N"", ""ZWVZELMXEUCRGC-UHFFFAOYSA-N"", ""DNWNZFQXCIWUSQ-UHFFFAOYSA-N""]","[""FR-BBD3-PARENT-c0245__e00001"", ""FR-BBD3-PARENT-c0245__e00011"", ""FR-BBD3-PARENT-c0245__e00021"", ""FR-BBD3-PARENT-c0245__e00019"", ""FR-BBD3-PARENT-c0245__e00033"", ""FR-BBD3-PARENT-c0245__e00059""]","[1.0, 1.0, 1.0, 1.0, 1.0, 1.0]","[""multi_generation_edge_probability"", ""multi_generation_edge_probability"", ""multi_generation_edge_probability"", ""multi_generation_edge_probability"", ""multi_generation_edge_probability"", ""multi_generation_edge_probability""]",1.0,path_probability_product,simple_acyclic_path,max_depth_reached,True,False,False,False,False,False,False,False
FR-BBD3-PARENT-c0245,scope_a_old83_compatible,2-Aminobenzenesulfonate,aromatic_xenobiotic,envipath_prediction,envipath_bbd_rules_multistep,False,FR-BBD3-PARENT-c0245__sp06,6,6,"[""FR-BBD3-PARENT-c0245__n00000"", ""FR-BBD3-PARENT-c0245__n00001"", ""FR-BBD3-PARENT-c0245__n00011"", ""FR-BBD3-PARENT-c0245__n00010"", ""FR-BBD3-PARENT-c0245__n00018"", ""FR-BBD3-PARENT-c0245__n00026"", ""FR-BBD3-PARENT-c0245__n00054""]","[""Nc1ccccc1S(=O)(=O)[O-]"", ""Nc1ccccc1O"", ""Oc1cccc(O)c1O"", ""Oc1ccc(O)c(O)c1O"", ""Oc1cc(O)c(O)c(O)c1O"", ""O=C1C(O)=C(O)CC(O)C1O"", ""O=C1OC(O)C(O)CC(O)=C1O""]","[""ZMCHBSMFKQYNKA-UHFFFAOYSA-M"", ""CDAWCLOXVUBKRW-UHFFFAOYSA-N"", ""WQGWDDDVZFFDIG-UHFFFAOYSA-N"", ""VERMEZLHWFHDLK-UHFFFAOYSA-N"", ""RUFWIGMRKSSQJC-UHFFFAOYSA-N"", ""ZWVZELMXEUCRGC-UHFFFAOYSA-N"", ""MVXPAAXYCMMPSU-UHFFFAOYSA-N""]","[""FR-BBD3-PARENT-c0245__e00001"", ""FR-BBD3-PARENT-c0245__e00011"", ""FR-BBD3-PARENT-c0245__e00021"", ""FR-BBD3-PARENT-c0245__e00019"", ""FR-BBD3-PARENT-c0245__e00033"", ""FR-BBD3-PARENT-c0245__e00063""]","[1.0, 1.0, 1.0, 1.0, 1.0, 1.0]","[""multi_generation_edge_probability"", ""multi_generation_edge_probability"", ""multi_generation_edge_probability"", ""multi_generation_edge_probability"", ""multi_generation_edge_probability"", ""multi_generation_edge_probability""]",1.0,path_probability_product,simple_acyclic_path,max_depth_reached,True,False,False,False,False,False,False,False
FR-BBD3-PARENT-c0245,scope_a_old83_compatible,2-Aminobenzenesulfonate,aromatic_xenobiotic,envipath_prediction,envipath_bbd_rules_multistep,False,FR-BBD3-PARENT-c0245__sp07,7,6,"[""FR-BBD3-PARENT-c0245__n00000"", ""FR-BBD3-PARENT-c0245__n00001"", ""FR-BBD3-PARENT-c0245__n00011"", ""FR-BBD3-PARENT-c0245__n00010"", ""FR-BBD3-PARENT-c0245__n00018"", ""FR-BBD3-PARENT-c0245__n00026"", ""FR-BBD3-PARENT-c0245__n00057""]","[""Nc1ccccc1S(=O)(=O)[O-]"", ""Nc1ccccc1O"", ""Oc1cccc(O)c1O"", ""Oc1ccc(O)c(O)c1O"", ""Oc1cc(O)c(O)c(O)c1O"", ""O=C1C(O)=C(O)CC(O)C1O"", ""O=C1CC(O)C(O)C(=O)C1O""]","[""ZMCHBSMFKQYNKA-UHFFFAOYSA-M"", ""CDAWCLOXVUBKRW-UHFFFAOYSA-N"", ""WQGWDDDVZFFDIG-UHFFFAOYSA-N"", ""VERMEZLHWFHDLK-UHFFFAOYSA-N"", ""RUFWIGMRKSSQJC-UHFFFAOYSA-N"", ""ZWVZELMXEUCRGC-UHFFFAOYSA-N"", ""AHGKUKXHBMZGKI-UHFFFAOYSA-N""]","[""FR-BBD3-PARENT-c0245__e00001"", ""FR-BBD3-PARENT-c0245__e00011"", ""FR-BBD3-PARENT-c0245__e00021"", ""FR-BBD3-PARENT-c0245__e00019"", ""FR-BBD3-PARENT-c0245__e00033"", ""FR-BBD3-PARENT-c0245__e00066""]","[1.0, 1.0, 1.0, 1.0, 1.0, 1.0]","[""multi_generation_edge_probability"", ""multi_generation_edge_probability"", ""multi_generation_edge_probability"", ""multi_generation_edge_probability"", ""multi_generation_edge_probability"", ""multi_generation_edge_probability""]",1.0,path_probability_product,simple_acyclic_path,max_depth_reached,True,False,False,False,False,False,False,False
FR-BBD3-PARENT-c0245,scope_a_old83_compatible,2-Aminobenzenesulfonate,aromatic_xenobiotic,envipath_prediction,envipath_bbd_rules_multistep,False,FR-BBD3-PARENT-c0245__sp08,8,6,"[""FR-BBD3-PARENT-c0245__n00000"", ""FR-BBD3-PARENT-c0245__n00001"", ""FR-BBD3-PARENT-c0245__n00011"", ""FR-BBD3-PARENT-c0245__n00023"", ""FR-BBD3-PARENT-c0245__n00028"", ""FR-BBD3-PARENT-c0245__n00036"", ""FR-BBD3-PARENT-c0245__n00060""]","[""Nc1ccccc1S(=O)(=O)[O-]"", ""Nc1ccccc1O"", ""Oc1cccc(O)c1O"", ""Oc1cc(O)cc(O)c1"", ""O=C1C=C(O)CC(O)C1"", ""O=C1CC(O)CC(O)C1"", ""O=C1CC(O)CC(O)CO1""]","[""ZMCHBSMFKQYNKA-UHFFFAOYSA-M"", ""CDAWCLOXVUBKRW-UHFFFAOYSA-N"", ""WQGWDDDVZFFDIG-UHFFFAOYSA-N"", ""QCDYQQDYXPDABM-UHFFFAOYSA-N"", ""JUOPGIRJUCFNBD-UHFFFAOYSA-N"", ""WTRJYFFVLSDQFC-UHFFFAOYSA-N"", ""XAJFTMJXDNTWQP-UHFFFAOYSA-N""]","[""FR-BBD3-PARENT-c0245__e00001"", ""FR-BBD3-PARENT-c0245__e00011"", ""FR-BBD3-PARENT-c0245__e00027"", ""FR-BBD3-PARENT-c0245__e00035"", ""FR-BBD3-PARENT-c0245__e00045"", ""FR-BBD3-PARENT-c0245__e00069""]","[1.0, 1.0, 1.0, 1.0, 1.0, 1.0]","[""multi_generation_edge_probability"", ""multi_generation_edge_probability"", ""multi_generation_edge_probability"", ""multi_generation_edge_probability"", ""multi_generation_edge_probability"", ""multi_generation_edge_probability""]",1.0,path_probability_product,simple_acyclic_path,max_depth_reached,True,False,False,False,False,False,False,False
FR-BBD3-PARENT-c0245,scope_a_old83_compatible,2-Aminobenzenesulfonate,aromatic_xenobiotic,envipath_prediction,envipath_bbd_rules_multistep,False,FR-BBD3-PARENT-c0245__sp09,9,6,"[""FR-BBD3-PARENT-c0245__n00000"", ""FR-BBD3-PARENT-c0245__n00001"", ""FR-BBD3-PARENT-c0245__n00011"", ""FR-BBD3-PARENT-c0245__n00023"", ""FR-BBD3-PARENT-c0245__n00028"", ""FR-BBD3-PARENT-c0245__n00036"", ""FR-BBD3-PARENT-c0245__n00040""]","[""Nc1ccccc1S(=O)(=O)[O-]"", ""Nc1ccccc1O"", ""Oc1cccc(O)c1O"", ""Oc1cc(O)cc(O)c1"", ""O=C1C=C(O)CC(O)C1"", ""O=C1CC(O)CC(O)C1"", ""O=C1CC(=O)CC(O)C1""]","[""ZMCHBSMFKQYNKA-UHFFFAOYSA-M"", ""CDAWCLOXVUBKRW-UHFFFAOYSA-N"", ""WQGWDDDVZFFDIG-UHFFFAOYSA-N"", ""QCDYQQDYXPDABM-UHFFFAOYSA-N"", ""JUOPGIRJUCFNBD-UHFFFAOYSA-N"", ""WTRJYFFVLSDQFC-UHFFFAOYSA-N"", ""ACRUCDPQQCIOID-UHFFFAOYSA-N""]","[""FR-BBD3-PARENT-c0245__e00001"", ""FR-BBD3-PARENT-c0245__e00011"", ""FR-BBD3-PARENT-c0245__e00027"", ""FR-BBD3-PARENT-c0245__e00035"", ""FR-BBD3-PARENT-c0245__e00045"", ""FR-BBD3-PARENT-c0245__e00078""]","[1.0, 1.0, 1.0, 1.0, 1.0, 1.0]","[""multi_generation_edge_probability"", ""multi_generation_edge_probability"", ""multi_generation_edge_probability"", ""multi_generation_edge_probability"", ""multi_generation_edge_probability"", ""multi_generation_edge_probability""]",1.0,path_probability_product,simple_acyclic_path,max_depth_reached,True,False,False,False,False,False,False,False
FR-BBD3-PARENT-c0245,scope_a_old83_compatible,2-Aminobenzenesulfonate,aromatic_xenobiotic,envipath_prediction,envipath_bbd_rules_multistep,False,FR-BBD3-PARENT-c0245__sp10,10,6,"[""FR-BBD3-PARENT-c0245__n00000"", ""FR-BBD3-PARENT-c0245__n00001"", ""FR-BBD3-PARENT-c0245__n00011"", ""FR-BBD3-PARENT-c0245__n00023"", ""FR-BBD3-PARENT-c0245__n00028"", ""FR-BBD3-PARENT-c0245__n00040"", ""FR-BBD3-PARENT-c0245__n00064""]","[""Nc1ccccc1S(=O)(=O)[O-]"", ""Nc1ccccc1O"", ""Oc1cccc(O)c1O"", ""Oc1cc(O)cc(O)c1"", ""O=C1C=C(O)CC(O)C1"", ""O=C1CC(=O)CC(O)C1"", ""O=C1CC(=O)CC(=O)C1""]","[""ZMCHBSMFKQYNKA-UHFFFAOYSA-M"", ""CDAWCLOXVUBKRW-UHFFFAOYSA-N"", ""WQGWDDDVZFFDIG-UHFFFAOYSA-N"", ""QCDYQQDYXPDABM-UHFFFAOYSA-N"", ""JUOPGIRJUCFNBD-UHFFFAOYSA-N"", ""ACRUCDPQQCIOID-UHFFFAOYSA-N"", ""GKSCYYCYSPXQFY-UHFFFAOYSA-N""]","[""FR-BBD3-PARENT-c0245__e00001"", ""FR-BBD3-PARENT-c0245__e00011"", ""FR-BBD3-PARENT-c0245__e00027"", ""FR-BBD3-PARENT-c0245__e00035"", ""FR-BBD3-PARENT-c0245__e00049"", ""FR-BBD3-PARENT-c0245__e00073""]","[1.0, 1.0, 1.0, 1.0, 1.0, 1.0]","[""multi_generation_edge_probability"", ""multi_generation_edge_probability"", ""multi_generation_edge_probability"", ""multi_generation_edge_probability"", ""multi_generation_edge_probability"", ""multi_generation_edge_probability""]",1.0,path_probability_product,simple_acyclic_path,max_depth_reached,True,False,False,False,False,False,False,False
FR-BBD3-PARENT-c0286,scope_a_old83_compatible,cis -3-Chloroacrylic acid,halogenated_compound,envipath_prediction,envipath_bbd_rules_multistep,False,FR-BBD3-PARENT-c0286__sp01,1,6,"[""FR-BBD3-PARENT-c0286__n00000"", ""FR-BBD3-PARENT-c0286__n00002"", ""FR-BBD3-PARENT-c0286__n00006"", ""FR-BBD3-PARENT-c0286__n00005"", ""FR-BBD3-PARENT-c0286__n00011"", ""FR-BBD3-PARENT-c0286__n00014"", ""FR-BBD3-PARENT-c0286__n00017""]","[""O=C([O-])/C=C\\Cl"", ""C=CC(=O)O"", ""CCC(=O)O"", ""O=C(O)CCO"", ""O=CCC(=O)O"", ""O=CC(O)C(=O)O"", ""O=C(O)C(O)C(=O)O""]","[""MHMUCYJKZUZMNJ-UPHRSURJSA-M"", ""NIXOWILDQLNWCW-UHFFFAOYSA-N"", ""XBDQKXXYIPTUBI-UHFFFAOYSA-N"", ""ALRHLSYJTWAHJZ-UHFFFAOYSA-N"", ""OAKURXIZZOAYBC-UHFFFAOYSA-N"", ""QWBAFPFNGRFSFB-UHFFFAOYSA-N"", ""ROBFUDYVXSDBQM-UHFFFAOYSA-N""]","[""FR-BBD3-PARENT-c0286__e00002"", ""FR-BBD3-PARENT-c0286__e00006"", ""FR-BBD3-PARENT-c0286__e00012"", ""FR-BBD3-PARENT-c0286__e00011"", ""FR-BBD3-PARENT-c0286__e00016"", ""FR-BBD3-PARENT-c0286__e00019""]","[1.0, 1.0, 1.0, 1.0, 1.0, 1.0]","[""multi_generation_edge_probability"", ""multi_generation_edge_probability"", ""multi_generation_edge_probability"", ""multi_generation_edge_probability"", ""multi_generation_edge_probability"", ""multi_generation_edge_probability""]",1.0,path_probability_product,simple_acyclic_path,max_depth_reached,True,False,False,False,False,False,False,False
FR-BBD3-PARENT-c0286,scope_a_old83_compatible,cis -3-Chloroacrylic acid,halogenated_compound,envipath_prediction,envipath_bbd_rules_multistep,False,FR-BBD3-PARENT-c0286__sp02,2,6,"[""FR-BBD3-PARENT-c0286__n00000"", ""FR-BBD3-PARENT-c0286__n00002"", ""FR-BBD3-PARENT-c0286__n00006"", ""FR-BBD3-PARENT-c0286__n00005"", ""FR-BBD3-PARENT-c0286__n00011"", ""FR-BBD3-PARENT-c0286__n00014"", ""FR-BBD3-PARENT-c0286__n00018""]","[""O=C([O-])/C=C\\Cl"", ""C=CC(=O)O"", ""CCC(=O)O"", ""O=C(O)CCO"", ""O=CCC(=O)O"", ""O=CC(O)C(=O)O"", ""O=CC(=O)C(=O)O""]","[""MHMUCYJKZUZMNJ-UPHRSURJSA-M"", ""NIXOWILDQLNWCW-UHFFFAOYSA-N"", ""XBDQKXXYIPTUBI-UHFFFAOYSA-N"", ""ALRHLSYJTWAHJZ-UHFFFAOYSA-N"", ""OAKURXIZZOAYBC-UHFFFAOYSA-N"", ""QWBAFPFNGRFSFB-UHFFFAOYSA-N"", ""JSCNFEFJALUGBY-UHFFFAOYSA-N""]","[""FR-BBD3-PARENT-c0286__e00002"", ""FR-BBD3-PARENT-c0286__e00006"", ""FR-BBD3-PARENT-c0286__e00012"", ""FR-BBD3-PARENT-c0286__e00011"", ""FR-BBD3-PARENT-c0286__e00016"", ""FR-BBD3-PARENT-c0286__e00020""]","[1.0, 1.0, 1.0, 1.0, 1.0, 1.0]","[""multi_generation_edge_probability"", ""multi_generation_edge_probability"", ""multi_generation_edge_probability"", ""multi_generation_edge_probability"", ""multi_generation_edge_probability"", ""multi_generation_edge_probability""]",1.0,path_probability_product,simple_acyclic_path,max_depth_reached,True,False,False,False,False,False,False,False
FR-BBD3-PARENT-c0286,scope_a_old83_compatible,cis -3-Chloroacrylic acid,halogenated_compound,envipath_prediction,envipath_bbd_rules_multistep,False,FR-BBD3-PARENT-c0286__sp03,3,5,"[""FR-BBD3-PARENT-c0286__n00000"", ""FR-BBD3-PARENT-c0286__n00002"", ""FR-BBD3-PARENT-c0286__n00005"", ""FR-BBD3-PARENT-c0286__n00011"", ""FR-BBD3-PARENT-c0286__n00014"", ""FR-BBD3-PARENT-c0286__n00017""]","[""O=C([O-])/C=C\\Cl"", ""C=CC(=O)O"", ""O=C(O)CCO"", ""O=CCC(=O)O"", ""O=CC(O)C(=O)O"", ""O=C(O)C(O)C(=O)O""]","[""MHMUCYJKZUZMNJ-UPHRSURJSA-M"", ""NIXOWILDQLNWCW-UHFFFAOYSA-N"", ""ALRHLSYJTWAHJZ-UHFFFAOYSA-N"", ""OAKURXIZZOAYBC-UHFFFAOYSA-N"", ""QWBAFPFNGRFSFB-UHFFFAOYSA-N"", ""ROBFUDYVXSDBQM-UHFFFAOYSA-N""]","[""FR-BBD3-PARENT-c0286__e00002"", ""FR-BBD3-PARENT-c0286__e00005"", ""FR-BBD3-PARENT-c0286__e00011"", ""FR-BBD3-PARENT-c0286__e00016"", ""FR-BBD3-PARENT-c0286__e00019""]","[1.0, 1.0, 1.0, 1.0, 1.0]","[""multi_generation_edge_probability"", ""multi_generation_edge_probability"", ""multi_generation_edge_probability"", ""multi_generation_edge_probability"", ""multi_generation_edge_probability""]",1.0,path_probability_product,simple_acyclic_path,frontier_empty,True,False,False,False,False,False,False,False
FR-BBD3-PARENT-c0286,scope_a_old83_compatible,cis -3-Chloroacrylic acid,halogenated_compound,envipath_prediction,envipath_bbd_rules_multistep,False,FR-BBD3-PARENT-c0286__sp04,4,5,"[""FR-BBD3-PARENT-c0286__n00000"", ""FR-BBD3-PARENT-c0286__n00002"", ""FR-BBD3-PARENT-c0286__n00005"", ""FR-BBD3-PARENT-c0286__n00011"", ""FR-BBD3-PARENT-c0286__n00014"", ""FR-BBD3-PARENT-c0286__n00018""]","[""O=C([O-])/C=C\\Cl"", ""C=CC(=O)O"", ""O=C(O)CCO"", ""O=CCC(=O)O"", ""O=CC(O)C(=O)O"", ""O=CC(=O)C(=O)O""]","[""MHMUCYJKZUZMNJ-UPHRSURJSA-M"", ""NIXOWILDQLNWCW-UHFFFAOYSA-N"", ""ALRHLSYJTWAHJZ-UHFFFAOYSA-N"", ""OAKURXIZZOAYBC-UHFFFAOYSA-N"", ""QWBAFPFNGRFSFB-UHFFFAOYSA-N"", ""JSCNFEFJALUGBY-UHFFFAOYSA-N""]","[""FR-BBD3-PARENT-c0286__e00002"", ""FR-BBD3-PARENT-c0286__e00005"", ""FR-BBD3-PARENT-c0286__e00011"", ""FR-BBD3-PARENT-c0286__e00016"", ""FR-BBD3-PARENT-c0286__e00020""]","[1.0, 1.0, 1.0, 1.0, 1.0]","[""multi_generation_edge_probability"", ""multi_generation_edge_probability"", ""multi_generation_edge_probability"", ""multi_generation_edge_probability"", ""multi_generation_edge_probability""]",1.0,path_probability_product,simple_acyclic_path,frontier_empty,True,False,False,False,False,False,False,False
FR-BBD3-PARENT-c0286,scope_a_old83_compatible,cis -3-Chloroacrylic acid,halogenated_compound,envipath_prediction,envipath_bbd_rules_multistep,False,FR-BBD3-PARENT-c0286__sp05,5,5,"[""FR-BBD3-PARENT-c0286__n00000"", ""FR-BBD3-PARENT-c0286__n00002"", ""FR-BBD3-PARENT-c0286__n00006"", ""FR-BBD3-PARENT-c0286__n00005"", ""FR-BBD3-PARENT-c0286__n00011"", ""FR-BBD3-PARENT-c0286__n00016""]","[""O=C([O-])/C=C\\Cl"", ""C=CC(=O)O"", ""CCC(=O)O"", ""O=C(O)CCO"", ""O=CCC(=O)O"", ""O=C(O)CC(=O)O""]","[""MHMUCYJKZUZMNJ-UPHRSURJSA-M"", ""NIXOWILDQLNWCW-UHFFFAOYSA-N"", ""XBDQKXXYIPTUBI-UHFFFAOYSA-N"", ""ALRHLSYJTWAHJZ-UHFFFAOYSA-N"", ""OAKURXIZZOAYBC-UHFFFAOYSA-N"", ""OFOBLEOULBTSOW-UHFFFAOYSA-N""]","[""FR-BBD3-PARENT-c0286__e00002"", ""FR-BBD3-PARENT-c0286__e00006"", ""FR-BBD3-PARENT-c0286__e00012"", ""FR-BBD3-PARENT-c0286__e00011"", ""FR-BBD3-PARENT-c0286__e00018""]","[1.0, 1.0, 1.0, 1.0, 1.0]","[""multi_generation_edge_probability"", ""multi_generation_edge_probability"", ""multi_generation_edge_probability"", ""multi_generation_edge_probability"", ""multi_generation_edge_probability""]",1.0,path_probability_product,simple_acyclic_path,frontier_empty,True,False,False,False,False,False,False,False
FR-BBD3-PARENT-c0286,scope_a_old83_compatible,cis -3-Chloroacrylic acid,halogenated_compound,envipath_prediction,envipath_bbd_rules_multistep,False,FR-BBD3-PARENT-c0286__sp06,6,4,"[""FR-BBD3-PARENT-c0286__n00000"", ""FR-BBD3-PARENT-c0286__n00001"", ""FR-BBD3-PARENT-c0286__n00004"", ""FR-BBD3-PARENT-c0286__n00008"", ""FR-BBD3-PARENT-c0286__n00010""]","[""O=C([O-])/C=C\\Cl"", ""O=C(O)CCCl"", ""O=C(O)C(O)CCl"", ""O=C(O)C1CO1"", ""O=C(O)C(O)CO""]","[""MHMUCYJKZUZMNJ-UPHRSURJSA-M"", ""QEYMMOKECZBKAC-UHFFFAOYSA-N"", ""OSLCJYYQMKPZHU-UHFFFAOYSA-N"", ""OTGHWLKHGCENJV-UHFFFAOYSA-N"", ""RBNPOMFGQQGHHO-UHFFFAOYSA-N""]","[""FR-BBD3-PARENT-c0286__e00001"", ""FR-BBD3-PARENT-c0286__e00004"", ""FR-BBD3-PARENT-c0286__e00015"", ""FR-BBD3-PARENT-c0286__e00010""]","[1.0, 1.0, 1.0, 1.0]","[""multi_generation_edge_probability"", ""multi_generation_edge_probability"", ""multi_generation_edge_probability"", ""multi_generation_edge_probability""]",1.0,path_probability_product,simple_acyclic_path,frontier_empty,True,False,False,False,False,False,False,False
FR-BBD3-PARENT-c0286,scope_a_old83_compatible,cis -3-Chloroacrylic acid,halogenated_compound,envipath_prediction,envipath_bbd_rules_multistep,False,FR-BBD3-PARENT-c0286__sp07,7,4,"[""FR-BBD3-PARENT-c0286__n00000"", ""FR-BBD3-PARENT-c0286__n00002"", ""FR-BBD3-PARENT-c0286__n00005"", ""FR-BBD3-PARENT-c0286__n00011"", ""FR-BBD3-PARENT-c0286__n00016""]","[""O=C([O-])/C=C\\Cl"", ""C=CC(=O)O"", ""O=C(O)CCO"", ""O=CCC(=O)O"", ""O=C(O)CC(=O)O""]","[""MHMUCYJKZUZMNJ-UPHRSURJSA-M"", ""NIXOWILDQLNWCW-UHFFFAOYSA-N"", ""ALRHLSYJTWAHJZ-UHFFFAOYSA-N"", ""OAKURXIZZOAYBC-UHFFFAOYSA-N"", ""OFOBLEOULBTSOW-UHFFFAOYSA-N""]","[""FR-BBD3-PARENT-c0286__e00002"", ""FR-BBD3-PARENT-c0286__e00005"", ""FR-BBD3-PARENT-c0286__e00011"", ""FR-BBD3-PARENT-c0286__e00018""]","[1.0, 1.0, 1.0, 1.0]","[""multi_generation_edge_probability"", ""multi_generation_edge_probability"", ""multi_generation_edge_probability"", ""multi_generation_edge_probability""]",1.0,path_probability_product,simple_acyclic_path,frontier_empty,True,False,False,False,False,False,False,False
FR-BBD3-PARENT-c0286,scope_a_old83_compatible,cis -3-Chloroacrylic acid,halogenated_compound,envipath_prediction,envipath_bbd_rules_multistep,False,FR-BBD3-PARENT-c0286__sp08,8,4,"[""FR-BBD3-PARENT-c0286__n00000"", ""FR-BBD3-PARENT-c0286__n00003"", ""FR-BBD3-PARENT-c0286__n00007"", ""FR-BBD3-PARENT-c0286__n00012"", ""FR-BBD3-PARENT-c0286__n00015""]","[""O=C([O-])/C=C\\Cl"", ""O=C(O)CC(O)Cl"", ""O=C(O)C(O)C(O)Cl"", ""O=C(O)C(=O)C(O)Cl"", ""O=C(O)C(=O)CO""]","[""MHMUCYJKZUZMNJ-UPHRSURJSA-M"", ""IONSDRDZYZUBSN-UHFFFAOYSA-N"", ""MMNQENQJKKWIJS-UHFFFAOYSA-N"", ""QYVBMUHUAIWPIU-UHFFFAOYSA-N"", ""HHDDCCUIIUWNGJ-UHFFFAOYSA-N""]","[""FR-BBD3-PARENT-c0286__e00003"", ""FR-BBD3-PARENT-c0286__e00007"", ""FR-BBD3-PARENT-c0286__e00013"", ""FR-BBD3-PARENT-c0286__e00017""]","[1.0, 1.0, 1.0, 1.0]","[""multi_generation_edge_probability"", ""multi_generation_edge_probability"", ""multi_generation_edge_probability"", ""multi_generation_edge_probability""]",1.0,path_probability_product,simple_acyclic_path,frontier_empty,True,False,False,False,False,False,False,False
FR-BBD3-PARENT-c0286,scope_a_old83_compatible,cis -3-Chloroacrylic acid,halogenated_compound,envipath_prediction,envipath_bbd_rules_multistep,False,FR-BBD3-PARENT-c0286__sp09,9,3,"[""FR-BBD3-PARENT-c0286__n00000"", ""FR-BBD3-PARENT-c0286__n00001"", ""FR-BBD3-PARENT-c0286__n00004"", ""FR-BBD3-PARENT-c0286__n00009""]","[""O=C([O-])/C=C\\Cl"", ""O=C(O)CCCl"", ""O=C(O)C(O)CCl"", ""O=C(O)C(=O)CCl""]","[""MHMUCYJKZUZMNJ-UPHRSURJSA-M"", ""QEYMMOKECZBKAC-UHFFFAOYSA-N"", ""OSLCJYYQMKPZHU-UHFFFAOYSA-N"", ""RCWFNCXDFSOVLG-UHFFFAOYSA-N""]","[""FR-BBD3-PARENT-c0286__e00001"", ""FR-BBD3-PARENT-c0286__e00004"", ""FR-BBD3-PARENT-c0286__e00009""]","[1.0, 1.0, 1.0]","[""multi_generation_edge_probability"", ""multi_generation_edge_probability"", ""multi_generation_edge_probability""]",1.0,path_probability_product,simple_acyclic_path,frontier_empty,True,False,False,False,False,False,False,False
FR-BBD3-PARENT-c0286,scope_a_old83_compatible,cis -3-Chloroacrylic acid,halogenated_compound,envipath_prediction,envipath_bbd_rules_multistep,False,FR-BBD3-PARENT-c0286__sp10,10,3,"[""FR-BBD3-PARENT-c0286__n00000"", ""FR-BBD3-PARENT-c0286__n00001"", ""FR-BBD3-PARENT-c0286__n00004"", ""FR-BBD3-PARENT-c0286__n00013""]","[""O=C([O-])/C=C\\Cl"", ""O=C(O)CCCl"", ""O=C(O)C(O)CCl"", ""CC(O)C(=O)O""]","[""MHMUCYJKZUZMNJ-UPHRSURJSA-M"", ""QEYMMOKECZBKAC-UHFFFAOYSA-N"", ""OSLCJYYQMKPZHU-UHFFFAOYSA-N"", ""JVTAAEKCZFNVCJ-UHFFFAOYSA-N""]","[""FR-BBD3-PARENT-c0286__e00001"", ""FR-BBD3-PARENT-c0286__e00004"", ""FR-BBD3-PARENT-c0286__e00014""]","[1.0, 1.0, 1.0]","[""multi_generation_edge_probability"", ""multi_generation_edge_probability"", ""multi_generation_edge_probability""]",1.0,path_probability_product,simple_acyclic_path,frontier_empty,True,False,False,False,False,False,False,False
FR-BBD3-PARENT-c0288,scope_a_old83_compatible,"2,4-Dichlorophenoxyacetic acid",halogenated_compound,envipath_prediction,envipath_bbd_rules_multistep,False,FR-BBD3-PARENT-c0288__sp01,1,6,"[""FR-BBD3-PARENT-c0288__n00000"", ""FR-BBD3-PARENT-c0288__n00001"", ""FR-BBD3-PARENT-c0288__n00005"", ""FR-BBD3-PARENT-c0288__n00013"", ""FR-BBD3-PARENT-c0288__n00012"", ""FR-BBD3-PARENT-c0288__n00014"", ""FR-BBD3-PARENT-c0288__n00017""]","[""O=C([O-])COc1ccc(Cl)cc1Cl"", ""O=C(O)COc1ccccc1Cl"", ""Oc1ccccc1Cl"", ""Oc1ccccc1"", ""Oc1ccc(O)cc1"", ""O=C(O)C=CC(=O)CC(=O)O"", ""O=C(O)CCC(=O)CC(=O)O""]","[""OVSKIKFHRZPJSS-UHFFFAOYSA-M"", ""OPQYFNRLWBWCST-UHFFFAOYSA-N"", ""ISPYQTSUDJAMAB-UHFFFAOYSA-N"", ""ISWSIDIOOBJBQZ-UHFFFAOYSA-N"", ""QIGBRXMKCJKVMJ-UHFFFAOYSA-N"", ""SOXXPQLIZIPMIZ-UHFFFAOYSA-N"", ""RTGHRDFWYQHVFW-UHFFFAOYSA-N""]","[""FR-BBD3-PARENT-c0288__e00001"", ""FR-BBD3-PARENT-c0288__e00005"", ""FR-BBD3-PARENT-c0288__e00015"", ""FR-BBD3-PARENT-c0288__e00021"", ""FR-BBD3-PARENT-c0288__e00020"", ""FR-BBD3-PARENT-c0288__e00022""]","[1.0, 1.0, 1.0, 1.0, 1.0, 1.0]","[""multi_generation_edge_probability"", ""multi_generation_edge_probability"", ""multi_generation_edge_probability"", ""multi_generation_edge_probability"", ""multi_generation_edge_probability"", ""multi_generation_edge_probability""]",1.0,path_probability_product,simple_acyclic_path,max_depth_reached,True,False,False,False,False,False,False,False
FR-BBD3-PARENT-c0288,scope_a_old83_compatible,"2,4-Dichlorophenoxyacetic acid",halogenated_compound,envipath_prediction,envipath_bbd_rules_multistep,False,FR-BBD3-PARENT-c0288__sp02,2,6,"[""FR-BBD3-PARENT-c0288__n00000"", ""FR-BBD3-PARENT-c0288__n00001"", ""FR-BBD3-PARENT-c0288__n00005"", ""FR-BBD3-PARENT-c0288__n00013"", ""FR-BBD3-PARENT-c0288__n00012"", ""FR-BBD3-PARENT-c0288__n00014"", ""FR-BBD3-PARENT-c0288__n00020""]","[""O=C([O-])COc1ccc(Cl)cc1Cl"", ""O=C(O)COc1ccccc1Cl"", ""Oc1ccccc1Cl"", ""Oc1ccccc1"", ""Oc1ccc(O)cc1"", ""O=C(O)C=CC(=O)CC(=O)O"", ""O=C(O)C=CC(=O)C(O)C(=O)O""]","[""OVSKIKFHRZPJSS-UHFFFAOYSA-M"", ""OPQYFNRLWBWCST-UHFFFAOYSA-N"", ""ISPYQTSUDJAMAB-UHFFFAOYSA-N"", ""ISWSIDIOOBJBQZ-UHFFFAOYSA-N"", ""QIGBRXMKCJKVMJ-UHFFFAOYSA-N"", ""SOXXPQLIZIPMIZ-UHFFFAOYSA-N"", ""ORWPOVSBUKTNPT-UHFFFAOYSA-N""]","[""FR-BBD3-PARENT-c0288__e00001"", ""FR-BBD3-PARENT-c0288__e00005"", ""FR-BBD3-PARENT-c0288__e00015"", ""FR-BBD3-PARENT-c0288__e00021"", ""FR-BBD3-PARENT-c0288__e00020"", ""FR-BBD3-PARENT-c0288__e00026""]","[1.0, 1.0, 1.0, 1.0, 1.0, 1.0]","[""multi_generation_edge_probability"", ""multi_generation_edge_probability"", ""multi_generation_edge_probability"", ""multi_generation_edge_probability"", ""multi_generation_edge_probability"", ""multi_generation_edge_probability""]",1.0,path_probability_product,simple_acyclic_path,max_depth_reached,True,False,False,False,False,False,False,False
FR-BBD3-PARENT-c0288,scope_a_old83_compatible,"2,4-Dichlorophenoxyacetic acid",halogenated_compound,envipath_prediction,envipath_bbd_rules_multistep,False,FR-BBD3-PARENT-c0288__sp03,3,6,"[""FR-BBD3-PARENT-c0288__n00000"", ""FR-BBD3-PARENT-c0288__n00001"", ""FR-BBD3-PARENT-c0288__n00005"", ""FR-BBD3-PARENT-c0288__n00013"", ""FR-BBD3-PARENT-c0288__n00012"", ""FR-BBD3-PARENT-c0288__n00014"", ""FR-BBD3-PARENT-c0288__n00024""]","[""O=C([O-])COc1ccc(Cl)cc1Cl"", ""O=C(O)COc1ccccc1Cl"", ""Oc1ccccc1Cl"", ""Oc1ccccc1"", ""Oc1ccc(O)cc1"", ""O=C(O)C=CC(=O)CC(=O)O"", ""O=C(O)CC(=O)C(O)CC(=O)O""]","[""OVSKIKFHRZPJSS-UHFFFAOYSA-M"", ""OPQYFNRLWBWCST-UHFFFAOYSA-N"", ""ISPYQTSUDJAMAB-UHFFFAOYSA-N"", ""ISWSIDIOOBJBQZ-UHFFFAOYSA-N"", ""QIGBRXMKCJKVMJ-UHFFFAOYSA-N"", ""SOXXPQLIZIPMIZ-UHFFFAOYSA-N"", ""PWBJJJTVKJNWGS-UHFFFAOYSA-N""]","[""FR-BBD3-PARENT-c0288__e00001"", ""FR-BBD3-PARENT-c0288__e00005"", ""FR-BBD3-PARENT-c0288__e00015"", ""FR-BBD3-PARENT-c0288__e00021"", ""FR-BBD3-PARENT-c0288__e00020"", ""FR-BBD3-PARENT-c0288__e00030""]","[1.0, 1.0, 1.0, 1.0, 1.0, 1.0]","[""multi_generation_edge_probability"", ""multi_generation_edge_probability"", ""multi_generation_edge_probability"", ""multi_generation_edge_probability"", ""multi_generation_edge_probability"", ""multi_generation_edge_probability""]",1.0,path_probability_product,simple_acyclic_path,max_depth_reached,True,False,False,False,False,False,False,False
FR-BBD3-PARENT-c0288,scope_a_old83_compatible,"2,4-Dichlorophenoxyacetic acid",halogenated_compound,envipath_prediction,envipath_bbd_rules_multistep,False,FR-BBD3-PARENT-c0288__sp04,4,6,"[""FR-BBD3-PARENT-c0288__n00000"", ""FR-BBD3-PARENT-c0288__n00001"", ""FR-BBD3-PARENT-c0288__n00005"", ""FR-BBD3-PARENT-c0288__n00013"", ""FR-BBD3-PARENT-c0288__n00012"", ""FR-BBD3-PARENT-c0288__n00014"", ""FR-BBD3-PARENT-c0288__n00026""]","[""O=C([O-])COc1ccc(Cl)cc1Cl"", ""O=C(O)COc1ccccc1Cl"", ""Oc1ccccc1Cl"", ""Oc1ccccc1"", ""Oc1ccc(O)cc1"", ""O=C(O)C=CC(=O)CC(=O)O"", ""O=C(O)CC(=O)CC(O)C(=O)O""]","[""OVSKIKFHRZPJSS-UHFFFAOYSA-M"", ""OPQYFNRLWBWCST-UHFFFAOYSA-N"", ""ISPYQTSUDJAMAB-UHFFFAOYSA-N"", ""ISWSIDIOOBJBQZ-UHFFFAOYSA-N"", ""QIGBRXMKCJKVMJ-UHFFFAOYSA-N"", ""SOXXPQLIZIPMIZ-UHFFFAOYSA-N"", ""IMJQBRXSCAFXSY-UHFFFAOYSA-N""]","[""FR-BBD3-PARENT-c0288__e00001"", ""FR-BBD3-PARENT-c0288__e00005"", ""FR-BBD3-PARENT-c0288__e00015"", ""FR-BBD3-PARENT-c0288__e00021"", ""FR-BBD3-PARENT-c0288__e00020"", ""FR-BBD3-PARENT-c0288__e00032""]","[1.0, 1.0, 1.0, 1.0, 1.0, 1.0]","[""multi_generation_edge_probability"", ""multi_generation_edge_probability"", ""multi_generation_edge_probability"", ""multi_generation_edge_probability"", ""multi_generation_edge_probability"", ""multi_generation_edge_probability""]",1.0,path_probability_product,simple_acyclic_path,max_depth_reached,True,False,False,False,False,False,False,False
FR-BBD3-PARENT-c0288,scope_a_old83_compatible,"2,4-Dichlorophenoxyacetic acid",halogenated_compound,envipath_prediction,envipath_bbd_rules_multistep,False,FR-BBD3-PARENT-c0288__sp05,5,6,"[""FR-BBD3-PARENT-c0288__n00000"", ""FR-BBD3-PARENT-c0288__n00004"", ""FR-BBD3-PARENT-c0288__n00006"", ""FR-BBD3-PARENT-c0288__n00010"", ""FR-BBD3-PARENT-c0288__n00015"", ""FR-BBD3-PARENT-c0288__n00028"", ""FR-BBD3-PARENT-c0288__n00032""]","[""O=C([O-])COc1ccc(Cl)cc1Cl"", ""O=C(O)COc1ccc(Cl)cc1"", ""O=C(O)COc1ccccc1"", ""O=C(O)COc1cccc(O)c1O"", ""Oc1cccc(O)c1O"", ""Oc1ccc(O)c(O)c1O"", ""Oc1cc(O)c(O)c(O)c1O""]","[""OVSKIKFHRZPJSS-UHFFFAOYSA-M"", ""SODPIMGUZLOIPE-UHFFFAOYSA-N"", ""LCPDWSOZIOUXRV-UHFFFAOYSA-N"", ""WXFBYQUBHSGBGX-UHFFFAOYSA-N"", ""WQGWDDDVZFFDIG-UHFFFAOYSA-N"", ""VERMEZLHWFHDLK-UHFFFAOYSA-N"", ""RUFWIGMRKSSQJC-UHFFFAOYSA-N""]","[""FR-BBD3-PARENT-c0288__e00004"", ""FR-BBD3-PARENT-c0288__e00006"", ""FR-BBD3-PARENT-c0288__e00012"", ""FR-BBD3-PARENT-c0288__e00018"", ""FR-BBD3-PARENT-c0288__e00034"", ""FR-BBD3-PARENT-c0288__e00039""]","[1.0, 1.0, 1.0, 1.0, 1.0, 1.0]","[""multi_generation_edge_probability"", ""multi_generation_edge_probability"", ""multi_generation_edge_probability"", ""multi_generation_edge_probability"", ""multi_generation_edge_probability"", ""multi_generation_edge_probability""]",1.0,path_probability_product,simple_acyclic_path,max_depth_reached,True,False,False,False,False,False,False,False
FR-BBD3-PARENT-c0288,scope_a_old83_compatible,"2,4-Dichlorophenoxyacetic acid",halogenated_compound,envipath_prediction,envipath_bbd_rules_multistep,False,FR-BBD3-PARENT-c0288__sp06,6,6,"[""FR-BBD3-PARENT-c0288__n00000"", ""FR-BBD3-PARENT-c0288__n00004"", ""FR-BBD3-PARENT-c0288__n00006"", ""FR-BBD3-PARENT-c0288__n00010"", ""FR-BBD3-PARENT-c0288__n00015"", ""FR-BBD3-PARENT-c0288__n00028"", ""FR-BBD3-PARENT-c0288__n00029""]","[""O=C([O-])COc1ccc(Cl)cc1Cl"", ""O=C(O)COc1ccc(Cl)cc1"", ""O=C(O)COc1ccccc1"", ""O=C(O)COc1cccc(O)c1O"", ""Oc1cccc(O)c1O"", ""Oc1ccc(O)c(O)c1O"", ""Oc1cc(O)c(O)c(O)c1""]","[""OVSKIKFHRZPJSS-UHFFFAOYSA-M"", ""SODPIMGUZLOIPE-UHFFFAOYSA-N"", ""LCPDWSOZIOUXRV-UHFFFAOYSA-N"", ""WXFBYQUBHSGBGX-UHFFFAOYSA-N"", ""WQGWDDDVZFFDIG-UHFFFAOYSA-N"", ""VERMEZLHWFHDLK-UHFFFAOYSA-N"", ""RDJUHLUBPADHNP-UHFFFAOYSA-N""]","[""FR-BBD3-PARENT-c0288__e00004"", ""FR-BBD3-PARENT-c0288__e00006"", ""FR-BBD3-PARENT-c0288__e00012"", ""FR-BBD3-PARENT-c0288__e00018"", ""FR-BBD3-PARENT-c0288__e00034"", ""FR-BBD3-PARENT-c0288__e00042""]","[1.0, 1.0, 1.0, 1.0, 1.0, 1.0]","[""multi_generation_edge_probability"", ""multi_generation_edge_probability"", ""multi_generation_edge_probability"", ""multi_generation_edge_probability"", ""multi_generation_edge_probability"", ""multi_generation_edge_probability""]",1.0,path_probability_product,simple_acyclic_path,max_depth_reached,True,False,False,False,False,False,False,False
FR-BBD3-PARENT-c0288,scope_a_old83_compatible,"2,4-Dichlorophenoxyacetic acid",halogenated_compound,envipath_prediction,envipath_bbd_rules_multistep,False,FR-BBD3-PARENT-c0288__sp07,7,6,"[""FR-BBD3-PARENT-c0288__n00000"", ""FR-BBD3-PARENT-c0288__n00004"", ""FR-BBD3-PARENT-c0288__n00006"", ""FR-BBD3-PARENT-c0288__n00010"", ""FR-BBD3-PARENT-c0288__n00015"", ""FR-BBD3-PARENT-c0288__n00029"", ""FR-BBD3-PARENT-c0288__n00033""]","[""O=C([O-])COc1ccc(Cl)cc1Cl"", ""O=C(O)COc1ccc(Cl)cc1"", ""O=C(O)COc1ccccc1"", ""O=C(O)COc1cccc(O)c1O"", ""Oc1cccc(O)c1O"", ""Oc1cc(O)c(O)c(O)c1"", ""O=C1C=C(O)C(O)C(O)C1""]","[""OVSKIKFHRZPJSS-UHFFFAOYSA-M"", ""SODPIMGUZLOIPE-UHFFFAOYSA-N"", ""LCPDWSOZIOUXRV-UHFFFAOYSA-N"", ""WXFBYQUBHSGBGX-UHFFFAOYSA-N"", ""WQGWDDDVZFFDIG-UHFFFAOYSA-N"", ""RDJUHLUBPADHNP-UHFFFAOYSA-N"", ""CIKOAFSJUYYUHE-UHFFFAOYSA-N""]","[""FR-BBD3-PARENT-c0288__e00004"", ""FR-BBD3-PARENT-c0288__e00006"", ""FR-BBD3-PARENT-c0288__e00012"", ""FR-BBD3-PARENT-c0288__e00018"", ""FR-BBD3-PARENT-c0288__e00036"", ""FR-BBD3-PARENT-c0288__e00040""]","[1.0, 1.0, 1.0, 1.0, 1.0, 1.0]","[""multi_generation_edge_probability"", ""multi_generation_edge_probability"", ""multi_generation_edge_probability"", ""multi_generation_edge_probability"", ""multi_generation_edge_probability"", ""multi_generation_edge_probability""]",1.0,path_probability_product,simple_acyclic_path,max_depth_reached,True,False,False,False,False,False,False,False
FR-BBD3-PARENT-c0288,scope_a_old83_compatible,"2,4-Dichlorophenoxyacetic acid",halogenated_compound,envipath_prediction,envipath_bbd_rules_multistep,False,FR-BBD3-PARENT-c0288__sp08,8,6,"[""FR-BBD3-PARENT-c0288__n00000"", ""FR-BBD3-PARENT-c0288__n00004"", ""FR-BBD3-PARENT-c0288__n00006"", ""FR-BBD3-PARENT-c0288__n00010"", ""FR-BBD3-PARENT-c0288__n00015"", ""FR-BBD3-PARENT-c0288__n00029"", ""FR-BBD3-PARENT-c0288__n00035""]","[""O=C([O-])COc1ccc(Cl)cc1Cl"", ""O=C(O)COc1ccc(Cl)cc1"", ""O=C(O)COc1ccccc1"", ""O=C(O)COc1cccc(O)c1O"", ""Oc1cccc(O)c1O"", ""Oc1cc(O)c(O)c(O)c1"", ""O=C1CC(O)CC(O)=C1O""]","[""OVSKIKFHRZPJSS-UHFFFAOYSA-M"", ""SODPIMGUZLOIPE-UHFFFAOYSA-N"", ""LCPDWSOZIOUXRV-UHFFFAOYSA-N"", ""WXFBYQUBHSGBGX-UHFFFAOYSA-N"", ""WQGWDDDVZFFDIG-UHFFFAOYSA-N"", ""RDJUHLUBPADHNP-UHFFFAOYSA-N"", ""WVVQJEHWIWNUTL-UHFFFAOYSA-N""]","[""FR-BBD3-PARENT-c0288__e00004"", ""FR-BBD3-PARENT-c0288__e00006"", ""FR-BBD3-PARENT-c0288__e00012"", ""FR-BBD3-PARENT-c0288__e00018"", ""FR-BBD3-PARENT-c0288__e00036"", ""FR-BBD3-PARENT-c0288__e00043""]","[1.0, 1.0, 1.0, 1.0, 1.0, 1.0]","[""multi_generation_edge_probability"", ""multi_generation_edge_probability"", ""multi_generation_edge_probability"", ""multi_generation_edge_probability"", ""multi_generation_edge_probability"", ""multi_generation_edge_probability""]",1.0,path_probability_product,simple_acyclic_path,max_depth_reached,True,False,False,False,False,False,False,False
FR-BBD3-PARENT-c0288,scope_a_old83_compatible,"2,4-Dichlorophenoxyacetic acid",halogenated_compound,envipath_prediction,envipath_bbd_rules_multistep,False,FR-BBD3-PARENT-c0288__sp09,9,6,"[""FR-BBD3-PARENT-c0288__n00000"", ""FR-BBD3-PARENT-c0288__n00004"", ""FR-BBD3-PARENT-c0288__n00006"", ""FR-BBD3-PARENT-c0288__n00010"", ""FR-BBD3-PARENT-c0288__n00015"", ""FR-BBD3-PARENT-c0288__n00029"", ""FR-BBD3-PARENT-c0288__n00036""]","[""O=C([O-])COc1ccc(Cl)cc1Cl"", ""O=C(O)COc1ccc(Cl)cc1"", ""O=C(O)COc1ccccc1"", ""O=C(O)COc1cccc(O)c1O"", ""Oc1cccc(O)c1O"", ""Oc1cc(O)c(O)c(O)c1"", ""O=C1C=C(O)CC(O)C1O""]","[""OVSKIKFHRZPJSS-UHFFFAOYSA-M"", ""SODPIMGUZLOIPE-UHFFFAOYSA-N"", ""LCPDWSOZIOUXRV-UHFFFAOYSA-N"", ""WXFBYQUBHSGBGX-UHFFFAOYSA-N"", ""WQGWDDDVZFFDIG-UHFFFAOYSA-N"", ""RDJUHLUBPADHNP-UHFFFAOYSA-N"", ""MPDVBUVTMMAQIU-UHFFFAOYSA-N""]","[""FR-BBD3-PARENT-c0288__e00004"", ""FR-BBD3-PARENT-c0288__e00006"", ""FR-BBD3-PARENT-c0288__e00012"", ""FR-BBD3-PARENT-c0288__e00018"", ""FR-BBD3-PARENT-c0288__e00036"", ""FR-BBD3-PARENT-c0288__e00044""]","[1.0, 1.0, 1.0, 1.0, 1.0, 1.0]","[""multi_generation_edge_probability"", ""multi_generation_edge_probability"", ""multi_generation_edge_probability"", ""multi_generation_edge_probability"", ""multi_generation_edge_probability"", ""multi_generation_edge_probability""]",1.0,path_probability_product,simple_acyclic_path,max_depth_reached,True,False,False,False,False,False,False,False
FR-BBD3-PARENT-c0288,scope_a_old83_compatible,"2,4-Dichlorophenoxyacetic acid",halogenated_compound,envipath_prediction,envipath_bbd_rules_multistep,False,FR-BBD3-PARENT-c0288__sp10,10,6,"[""FR-BBD3-PARENT-c0288__n00000"", ""FR-BBD3-PARENT-c0288__n00004"", ""FR-BBD3-PARENT-c0288__n00006"", ""FR-BBD3-PARENT-c0288__n00010"", ""FR-BBD3-PARENT-c0288__n00015"", ""FR-BBD3-PARENT-c0288__n00031"", ""FR-BBD3-PARENT-c0288__n00034""]","[""O=C([O-])COc1ccc(Cl)cc1Cl"", ""O=C(O)COc1ccc(Cl)cc1"", ""O=C(O)COc1ccccc1"", ""O=C(O)COc1cccc(O)c1O"", ""Oc1cccc(O)c1O"", ""Oc1cc(O)cc(O)c1"", ""O=C1C=C(O)CC(O)C1""]","[""OVSKIKFHRZPJSS-UHFFFAOYSA-M"", ""SODPIMGUZLOIPE-UHFFFAOYSA-N"", ""LCPDWSOZIOUXRV-UHFFFAOYSA-N"", ""WXFBYQUBHSGBGX-UHFFFAOYSA-N"", ""WQGWDDDVZFFDIG-UHFFFAOYSA-N"", ""QCDYQQDYXPDABM-UHFFFAOYSA-N"", ""JUOPGIRJUCFNBD-UHFFFAOYSA-N""]","[""FR-BBD3-PARENT-c0288__e00004"", ""FR-BBD3-PARENT-c0288__e00006"", ""FR-BBD3-PARENT-c0288__e00012"", ""FR-BBD3-PARENT-c0288__e00018"", ""FR-BBD3-PARENT-c0288__e00038"", ""FR-BBD3-PARENT-c0288__e00041""]","[1.0, 1.0, 1.0, 1.0, 1.0, 1.0]","[""multi_generation_edge_probability"", ""multi_generation_edge_probability"", ""multi_generation_edge_probability"", ""multi_generation_edge_probability"", ""multi_generation_edge_probability"", ""multi_generation_edge_probability""]",1.0,path_probability_product,simple_acyclic_path,max_depth_reached,True,False,False,False,False,False,False,False
FR-BBD3-PARENT-c0345,scope_a_old83_compatible,2-Aminobenzoate,other_eawag_bbd_xenobiotic,envipath_prediction,envipath_bbd_rules_multistep,False,FR-BBD3-PARENT-c0345__sp01,1,6,"[""FR-BBD3-PARENT-c0345__n00000"", ""FR-BBD3-PARENT-c0345__n00004"", ""FR-BBD3-PARENT-c0345__n00005"", ""FR-BBD3-PARENT-c0345__n00010"", ""FR-BBD3-PARENT-c0345__n00028"", ""FR-BBD3-PARENT-c0345__n00039"", ""FR-BBD3-PARENT-c0345__n00057""]","[""Nc1ccccc1C(=O)[O-]"", ""O=C(O)c1ccccc1"", ""O=C(O)c1cccc(O)c1O"", ""O=C(O)c1c(O)ccc(O)c1O"", ""C=C(O)C(C(=O)O)C(=O)C(=O)O"", ""C=C(O)C(O)(C(=O)O)C(=O)C(=O)O"", ""O=C(O)C(=O)C(O)(C(=O)O)C1(O)CO1""]","[""RWZYAGGXGHYGMB-UHFFFAOYSA-M"", ""WPYMKLBDIGXBTP-UHFFFAOYSA-N"", ""GLDQAMYCGOIJDV-UHFFFAOYSA-N"", ""ADUSGJRADQMJGN-UHFFFAOYSA-N"", ""ZMMWLZLHQQXZCB-UHFFFAOYSA-N"", ""NCBPEBYOHHQKGF-UHFFFAOYSA-N"", ""GXFXRJSOXAGYIT-UHFFFAOYSA-N""]","[""FR-BBD3-PARENT-c0345__e00004"", ""FR-BBD3-PARENT-c0345__e00011"", ""FR-BBD3-PARENT-c0345__e00012"", ""FR-BBD3-PARENT-c0345__e00031"", ""FR-BBD3-PARENT-c0345__e00046"", ""FR-BBD3-PARENT-c0345__e00067""]","[1.0, 1.0, 1.0, 1.0, 1.0, 1.0]","[""multi_generation_edge_probability"", ""multi_generation_edge_probability"", ""multi_generation_edge_probability"", ""multi_generation_edge_probability"", ""multi_generation_edge_probability"", ""multi_generation_edge_probability""]",1.0,path_probability_product,simple_acyclic_path,max_depth_reached,True,False,False,False,False,False,False,False
FR-BBD3-PARENT-c0345,scope_a_old83_compatible,2-Aminobenzoate,other_eawag_bbd_xenobiotic,envipath_prediction,envipath_bbd_rules_multistep,False,FR-BBD3-PARENT-c0345__sp02,2,6,"[""FR-BBD3-PARENT-c0345__n00000"", ""FR-BBD3-PARENT-c0345__n00004"", ""FR-BBD3-PARENT-c0345__n00005"", ""FR-BBD3-PARENT-c0345__n00010"", ""FR-BBD3-PARENT-c0345__n00028"", ""FR-BBD3-PARENT-c0345__n00039"", ""FR-BBD3-PARENT-c0345__n00064""]","[""Nc1ccccc1C(=O)[O-]"", ""O=C(O)c1ccccc1"", ""O=C(O)c1cccc(O)c1O"", ""O=C(O)c1c(O)ccc(O)c1O"", ""C=C(O)C(C(=O)O)C(=O)C(=O)O"", ""C=C(O)C(O)(C(=O)O)C(=O)C(=O)O"", ""CC(=O)C(O)(C(=O)O)C(=O)C(=O)O""]","[""RWZYAGGXGHYGMB-UHFFFAOYSA-M"", ""WPYMKLBDIGXBTP-UHFFFAOYSA-N"", ""GLDQAMYCGOIJDV-UHFFFAOYSA-N"", ""ADUSGJRADQMJGN-UHFFFAOYSA-N"", ""ZMMWLZLHQQXZCB-UHFFFAOYSA-N"", ""NCBPEBYOHHQKGF-UHFFFAOYSA-N"", ""UKVAMEBHYTVPGP-UHFFFAOYSA-N""]","[""FR-BBD3-PARENT-c0345__e00004"", ""FR-BBD3-PARENT-c0345__e00011"", ""FR-BBD3-PARENT-c0345__e00012"", ""FR-BBD3-PARENT-c0345__e00031"", ""FR-BBD3-PARENT-c0345__e00046"", ""FR-BBD3-PARENT-c0345__e00074""]","[1.0, 1.0, 1.0, 1.0, 1.0, 1.0]","[""multi_generation_edge_probability"", ""multi_generation_edge_probability"", ""multi_generation_edge_probability"", ""multi_generation_edge_probability"", ""multi_generation_edge_probability"", ""multi_generation_edge_probability""]",1.0,path_probability_product,simple_acyclic_path,max_depth_reached,True,False,False,False,False,False,False,False
FR-BBD3-PARENT-c0345,scope_a_old83_compatible,2-Aminobenzoate,other_eawag_bbd_xenobiotic,envipath_prediction,envipath_bbd_rules_multistep,False,FR-BBD3-PARENT-c0345__sp03,3,6,"[""FR-BBD3-PARENT-c0345__n00000"", ""FR-BBD3-PARENT-c0345__n00004"", ""FR-BBD3-PARENT-c0345__n00005"", ""FR-BBD3-PARENT-c0345__n00010"", ""FR-BBD3-PARENT-c0345__n00028"", ""FR-BBD3-PARENT-c0345__n00039"", ""FR-BBD3-PARENT-c0345__n00069""]","[""Nc1ccccc1C(=O)[O-]"", ""O=C(O)c1ccccc1"", ""O=C(O)c1cccc(O)c1O"", ""O=C(O)c1c(O)ccc(O)c1O"", ""C=C(O)C(C(=O)O)C(=O)C(=O)O"", ""C=C(O)C(O)(C(=O)O)C(=O)C(=O)O"", ""C=C(O)C(=O)C(=O)O""]","[""RWZYAGGXGHYGMB-UHFFFAOYSA-M"", ""WPYMKLBDIGXBTP-UHFFFAOYSA-N"", ""GLDQAMYCGOIJDV-UHFFFAOYSA-N"", ""ADUSGJRADQMJGN-UHFFFAOYSA-N"", ""ZMMWLZLHQQXZCB-UHFFFAOYSA-N"", ""NCBPEBYOHHQKGF-UHFFFAOYSA-N"", ""VYMVJKOJNANAHW-UHFFFAOYSA-N""]","[""FR-BBD3-PARENT-c0345__e00004"", ""FR-BBD3-PARENT-c0345__e00011"", ""FR-BBD3-PARENT-c0345__e00012"", ""FR-BBD3-PARENT-c0345__e00031"", ""FR-BBD3-PARENT-c0345__e00046"", ""FR-BBD3-PARENT-c0345__e00080""]","[1.0, 1.0, 1.0, 1.0, 1.0, 1.0]","[""multi_generation_edge_probability"", ""multi_generation_edge_probability"", ""multi_generation_edge_probability"", ""multi_generation_edge_probability"", ""multi_generation_edge_probability"", ""multi_generation_edge_probability""]",1.0,path_probability_product,simple_acyclic_path,max_depth_reached,True,False,False,False,False,False,False,False
FR-BBD3-PARENT-c0345,scope_a_old83_compatible,2-Aminobenzoate,other_eawag_bbd_xenobiotic,envipath_prediction,envipath_bbd_rules_multistep,False,FR-BBD3-PARENT-c0345__sp04,4,6,"[""FR-BBD3-PARENT-c0345__n00000"", ""FR-BBD3-PARENT-c0345__n00004"", ""FR-BBD3-PARENT-c0345__n00005"", ""FR-BBD3-PARENT-c0345__n00010"", ""FR-BBD3-PARENT-c0345__n00028"", ""FR-BBD3-PARENT-c0345__n00039"", ""FR-BBD3-PARENT-c0345__n00055""]","[""Nc1ccccc1C(=O)[O-]"", ""O=C(O)c1ccccc1"", ""O=C(O)c1cccc(O)c1O"", ""O=C(O)c1c(O)ccc(O)c1O"", ""C=C(O)C(C(=O)O)C(=O)C(=O)O"", ""C=C(O)C(O)(C(=O)O)C(=O)C(=O)O"", ""O=CC(=O)O""]","[""RWZYAGGXGHYGMB-UHFFFAOYSA-M"", ""WPYMKLBDIGXBTP-UHFFFAOYSA-N"", ""GLDQAMYCGOIJDV-UHFFFAOYSA-N"", ""ADUSGJRADQMJGN-UHFFFAOYSA-N"", ""ZMMWLZLHQQXZCB-UHFFFAOYSA-N"", ""NCBPEBYOHHQKGF-UHFFFAOYSA-N"", ""HHLFWLYXYJOTON-UHFFFAOYSA-N""]","[""FR-BBD3-PARENT-c0345__e00004"", ""FR-BBD3-PARENT-c0345__e00011"", ""FR-BBD3-PARENT-c0345__e00012"", ""FR-BBD3-PARENT-c0345__e00031"", ""FR-BBD3-PARENT-c0345__e00046"", ""FR-BBD3-PARENT-c0345__e00087""]","[1.0, 1.0, 1.0, 1.0, 1.0, 1.0]","[""multi_generation_edge_probability"", ""multi_generation_edge_probability"", ""multi_generation_edge_probability"", ""multi_generation_edge_probability"", ""multi_generation_edge_probability"", ""multi_generation_edge_probability""]",1.0,path_probability_product,simple_acyclic_path,max_depth_reached,True,False,False,False,False,False,False,False
FR-BBD3-PARENT-c0345,scope_a_old83_compatible,2-Aminobenzoate,other_eawag_bbd_xenobiotic,envipath_prediction,envipath_bbd_rules_multistep,False,FR-BBD3-PARENT-c0345__sp05,5,6,"[""FR-BBD3-PARENT-c0345__n00000"", ""FR-BBD3-PARENT-c0345__n00004"", ""FR-BBD3-PARENT-c0345__n00005"", ""FR-BBD3-PARENT-c0345__n00010"", ""FR-BBD3-PARENT-c0345__n00028"", ""FR-BBD3-PARENT-c0345__n00044"", ""FR-BBD3-PARENT-c0345__n00063""]","[""Nc1ccccc1C(=O)[O-]"", ""O=C(O)c1ccccc1"", ""O=C(O)c1cccc(O)c1O"", ""O=C(O)c1c(O)ccc(O)c1O"", ""C=C(O)C(C(=O)O)C(=O)C(=O)O"", ""O=C(O)C(=O)C(C(=O)O)C1(O)CO1"", ""O=C(O)C(=O)C(C(=O)O)C(O)(O)CO""]","[""RWZYAGGXGHYGMB-UHFFFAOYSA-M"", ""WPYMKLBDIGXBTP-UHFFFAOYSA-N"", ""GLDQAMYCGOIJDV-UHFFFAOYSA-N"", ""ADUSGJRADQMJGN-UHFFFAOYSA-N"", ""ZMMWLZLHQQXZCB-UHFFFAOYSA-N"", ""BPRAITNEZHOWHK-UHFFFAOYSA-N"", ""YWPIONFIGNMYFM-UHFFFAOYSA-N""]","[""FR-BBD3-PARENT-c0345__e00004"", ""FR-BBD3-PARENT-c0345__e00011"", ""FR-BBD3-PARENT-c0345__e00012"", ""FR-BBD3-PARENT-c0345__e00031"", ""FR-BBD3-PARENT-c0345__e00052"", ""FR-BBD3-PARENT-c0345__e00073""]","[1.0, 1.0, 1.0, 1.0, 1.0, 1.0]","[""multi_generation_edge_probability"", ""multi_generation_edge_probability"", ""multi_generation_edge_probability"", ""multi_generation_edge_probability"", ""multi_generation_edge_probability"", ""multi_generation_edge_probability""]",1.0,path_probability_product,simple_acyclic_path,max_depth_reached,True,False,False,False,False,False,False,False
FR-BBD3-PARENT-c0345,scope_a_old83_compatible,2-Aminobenzoate,other_eawag_bbd_xenobiotic,envipath_prediction,envipath_bbd_rules_multistep,False,FR-BBD3-PARENT-c0345__sp06,6,6,"[""FR-BBD3-PARENT-c0345__n00000"", ""FR-BBD3-PARENT-c0345__n00004"", ""FR-BBD3-PARENT-c0345__n00005"", ""FR-BBD3-PARENT-c0345__n00010"", ""FR-BBD3-PARENT-c0345__n00028"", ""FR-BBD3-PARENT-c0345__n00034"", ""FR-BBD3-PARENT-c0345__n00043""]","[""Nc1ccccc1C(=O)[O-]"", ""O=C(O)c1ccccc1"", ""O=C(O)c1cccc(O)c1O"", ""O=C(O)c1c(O)ccc(O)c1O"", ""C=C(O)C(C(=O)O)C(=O)C(=O)O"", ""CC(O)C(C(=O)O)C(=O)C(=O)O"", ""O=C(O)C(=O)C(C(=O)O)C(O)CO""]","[""RWZYAGGXGHYGMB-UHFFFAOYSA-M"", ""WPYMKLBDIGXBTP-UHFFFAOYSA-N"", ""GLDQAMYCGOIJDV-UHFFFAOYSA-N"", ""ADUSGJRADQMJGN-UHFFFAOYSA-N"", ""ZMMWLZLHQQXZCB-UHFFFAOYSA-N"", ""LKOJLCZYDBUADY-UHFFFAOYSA-N"", ""CAAYJJZLGRKPLH-UHFFFAOYSA-N""]","[""FR-BBD3-PARENT-c0345__e00004"", ""FR-BBD3-PARENT-c0345__e00011"", ""FR-BBD3-PARENT-c0345__e00012"", ""FR-BBD3-PARENT-c0345__e00031"", ""FR-BBD3-PARENT-c0345__e00063"", ""FR-BBD3-PARENT-c0345__e00051""]","[1.0, 1.0, 1.0, 1.0, 1.0, 1.0]","[""multi_generation_edge_probability"", ""multi_generation_edge_probability"", ""multi_generation_edge_probability"", ""multi_generation_edge_probability"", ""multi_generation_edge_probability"", ""multi_generation_edge_probability""]",1.0,path_probability_product,simple_acyclic_path,max_depth_reached,True,False,False,False,False,False,False,False
FR-BBD3-PARENT-c0345,scope_a_old83_compatible,2-Aminobenzoate,other_eawag_bbd_xenobiotic,envipath_prediction,envipath_bbd_rules_multistep,False,FR-BBD3-PARENT-c0345__sp07,7,6,"[""FR-BBD3-PARENT-c0345__n00000"", ""FR-BBD3-PARENT-c0345__n00004"", ""FR-BBD3-PARENT-c0345__n00005"", ""FR-BBD3-PARENT-c0345__n00010"", ""FR-BBD3-PARENT-c0345__n00028"", ""FR-BBD3-PARENT-c0345__n00034"", ""FR-BBD3-PARENT-c0345__n00045""]","[""Nc1ccccc1C(=O)[O-]"", ""O=C(O)c1ccccc1"", ""O=C(O)c1cccc(O)c1O"", ""O=C(O)c1c(O)ccc(O)c1O"", ""C=C(O)C(C(=O)O)C(=O)C(=O)O"", ""CC(O)C(C(=O)O)C(=O)C(=O)O"", ""CC(=O)C(C(=O)O)C(=O)C(=O)O""]","[""RWZYAGGXGHYGMB-UHFFFAOYSA-M"", ""WPYMKLBDIGXBTP-UHFFFAOYSA-N"", ""GLDQAMYCGOIJDV-UHFFFAOYSA-N"", ""ADUSGJRADQMJGN-UHFFFAOYSA-N"", ""ZMMWLZLHQQXZCB-UHFFFAOYSA-N"", ""LKOJLCZYDBUADY-UHFFFAOYSA-N"", ""WJKYLTWEOXKUBX-UHFFFAOYSA-N""]","[""FR-BBD3-PARENT-c0345__e00004"", ""FR-BBD3-PARENT-c0345__e00011"", ""FR-BBD3-PARENT-c0345__e00012"", ""FR-BBD3-PARENT-c0345__e00031"", ""FR-BBD3-PARENT-c0345__e00063"", ""FR-BBD3-PARENT-c0345__e00053""]","[1.0, 1.0, 1.0, 1.0, 1.0, 1.0]","[""multi_generation_edge_probability"", ""multi_generation_edge_probability"", ""multi_generation_edge_probability"", ""multi_generation_edge_probability"", ""multi_generation_edge_probability"", ""multi_generation_edge_probability""]",1.0,path_probability_product,simple_acyclic_path,max_depth_reached,True,False,False,False,False,False,False,False
FR-BBD3-PARENT-c0345,scope_a_old83_compatible,2-Aminobenzoate,other_eawag_bbd_xenobiotic,envipath_prediction,envipath_bbd_rules_multistep,False,FR-BBD3-PARENT-c0345__sp08,8,6,"[""FR-BBD3-PARENT-c0345__n00000"", ""FR-BBD3-PARENT-c0345__n00004"", ""FR-BBD3-PARENT-c0345__n00005"", ""FR-BBD3-PARENT-c0345__n00015"", ""FR-BBD3-PARENT-c0345__n00032"", ""FR-BBD3-PARENT-c0345__n00041"", ""FR-BBD3-PARENT-c0345__n00059""]","[""Nc1ccccc1C(=O)[O-]"", ""O=C(O)c1ccccc1"", ""O=C(O)c1cccc(O)c1O"", ""C=CC(C(=O)O)C(=O)C(=O)O"", ""CCC(C(=O)O)C(=O)C(=O)O"", ""CCC(O)(C(=O)O)C(=O)C(=O)O"", ""O=C(O)C(=O)C(O)(CCO)C(=O)O""]","[""RWZYAGGXGHYGMB-UHFFFAOYSA-M"", ""WPYMKLBDIGXBTP-UHFFFAOYSA-N"", ""GLDQAMYCGOIJDV-UHFFFAOYSA-N"", ""WKNRBAVEEBRFKH-UHFFFAOYSA-N"", ""OUGLPIHDPBRSID-UHFFFAOYSA-N"", ""MRPBXKYYRUSEKR-UHFFFAOYSA-N"", ""CWDLWHDDDPJUMV-UHFFFAOYSA-N""]","[""FR-BBD3-PARENT-c0345__e00004"", ""FR-BBD3-PARENT-c0345__e00011"", ""FR-BBD3-PARENT-c0345__e00018"", ""FR-BBD3-PARENT-c0345__e00035"", ""FR-BBD3-PARENT-c0345__e00049"", ""FR-BBD3-PARENT-c0345__e00069""]","[1.0, 1.0, 1.0, 1.0, 1.0, 1.0]","[""multi_generation_edge_probability"", ""multi_generation_edge_probability"", ""multi_generation_edge_probability"", ""multi_generation_edge_probability"", ""multi_generation_edge_probability"", ""multi_generation_edge_probability""]",1.0,path_probability_product,simple_acyclic_path,max_depth_reached,True,False,False,False,False,False,False,False
FR-BBD3-PARENT-c0345,scope_a_old83_compatible,2-Aminobenzoate,other_eawag_bbd_xenobiotic,envipath_prediction,envipath_bbd_rules_multistep,False,FR-BBD3-PARENT-c0345__sp09,9,6,"[""FR-BBD3-PARENT-c0345__n00000"", ""FR-BBD3-PARENT-c0345__n00004"", ""FR-BBD3-PARENT-c0345__n00005"", ""FR-BBD3-PARENT-c0345__n00015"", ""FR-BBD3-PARENT-c0345__n00032"", ""FR-BBD3-PARENT-c0345__n00041"", ""FR-BBD3-PARENT-c0345__n00050""]","[""Nc1ccccc1C(=O)[O-]"", ""O=C(O)c1ccccc1"", ""O=C(O)c1cccc(O)c1O"", ""C=CC(C(=O)O)C(=O)C(=O)O"", ""CCC(C(=O)O)C(=O)C(=O)O"", ""CCC(O)(C(=O)O)C(=O)C(=O)O"", ""CC(O)C(O)(C(=O)O)C(=O)C(=O)O""]","[""RWZYAGGXGHYGMB-UHFFFAOYSA-M"", ""WPYMKLBDIGXBTP-UHFFFAOYSA-N"", ""GLDQAMYCGOIJDV-UHFFFAOYSA-N"", ""WKNRBAVEEBRFKH-UHFFFAOYSA-N"", ""OUGLPIHDPBRSID-UHFFFAOYSA-N"", ""MRPBXKYYRUSEKR-UHFFFAOYSA-N"", ""KZNPAWVBPXSZOP-UHFFFAOYSA-N""]","[""FR-BBD3-PARENT-c0345__e00004"", ""FR-BBD3-PARENT-c0345__e00011"", ""FR-BBD3-PARENT-c0345__e00018"", ""FR-BBD3-PARENT-c0345__e00035"", ""FR-BBD3-PARENT-c0345__e00049"", ""FR-BBD3-PARENT-c0345__e00075""]","[1.0, 1.0, 1.0, 1.0, 1.0, 1.0]","[""multi_generation_edge_probability"", ""multi_generation_edge_probability"", ""multi_generation_edge_probability"", ""multi_generation_edge_probability"", ""multi_generation_edge_probability"", ""multi_generation_edge_probability""]",1.0,path_probability_product,simple_acyclic_path,max_depth_reached,True,False,False,False,False,False,False,False
FR-BBD3-PARENT-c0345,scope_a_old83_compatible,2-Aminobenzoate,other_eawag_bbd_xenobiotic,envipath_prediction,envipath_bbd_rules_multistep,False,FR-BBD3-PARENT-c0345__sp10,10,6,"[""FR-BBD3-PARENT-c0345__n00000"", ""FR-BBD3-PARENT-c0345__n00004"", ""FR-BBD3-PARENT-c0345__n00005"", ""FR-BBD3-PARENT-c0345__n00015"", ""FR-BBD3-PARENT-c0345__n00032"", ""FR-BBD3-PARENT-c0345__n00041"", ""FR-BBD3-PARENT-c0345__n00071""]","[""Nc1ccccc1C(=O)[O-]"", ""O=C(O)c1ccccc1"", ""O=C(O)c1cccc(O)c1O"", ""C=CC(C(=O)O)C(=O)C(=O)O"", ""CCC(C(=O)O)C(=O)C(=O)O"", ""CCC(O)(C(=O)O)C(=O)C(=O)O"", ""CCC(=O)C(=O)O""]","[""RWZYAGGXGHYGMB-UHFFFAOYSA-M"", ""WPYMKLBDIGXBTP-UHFFFAOYSA-N"", ""GLDQAMYCGOIJDV-UHFFFAOYSA-N"", ""WKNRBAVEEBRFKH-UHFFFAOYSA-N"", ""OUGLPIHDPBRSID-UHFFFAOYSA-N"", ""MRPBXKYYRUSEKR-UHFFFAOYSA-N"", ""TYEYBOSBBBHJIV-UHFFFAOYSA-N""]","[""FR-BBD3-PARENT-c0345__e00004"", ""FR-BBD3-PARENT-c0345__e00011"", ""FR-BBD3-PARENT-c0345__e00018"", ""FR-BBD3-PARENT-c0345__e00035"", ""FR-BBD3-PARENT-c0345__e00049"", ""FR-BBD3-PARENT-c0345__e00082""]","[1.0, 1.0, 1.0, 1.0, 1.0, 1.0]","[""multi_generation_edge_probability"", ""multi_generation_edge_probability"", ""multi_generation_edge_probability"", ""multi_generation_edge_probability"", ""multi_generation_edge_probability"", ""multi_generation_edge_probability""]",1.0,path_probability_product,simple_acyclic_path,max_depth_reached,True,False,False,False,False,False,False,False
FR-BBD3-PARENT-c0352,scope_a_old83_compatible,1-Aminocyclopropane-1-carboxylate,other_eawag_bbd_xenobiotic,envipath_prediction,envipath_bbd_rules_multistep,False,FR-BBD3-PARENT-c0352__sp01,1,6,"[""FR-BBD3-PARENT-c0352__n00000"", ""FR-BBD3-PARENT-c0352__n00001"", ""FR-BBD3-PARENT-c0352__n00002"", ""FR-BBD3-PARENT-c0352__n00004"", ""FR-BBD3-PARENT-c0352__n00014"", ""FR-BBD3-PARENT-c0352__n00023"", ""FR-BBD3-PARENT-c0352__n00008""]","[""NC1(C(=O)[O-])CC1"", ""CC=C(N)C(=O)O"", ""NC(=CCO)C(=O)O"", ""NC(=CC=O)C(=O)O"", ""NC(CC=O)C(=O)O"", ""NC(CC(=O)O)C(=O)O"", ""N""]","[""PAJPWUMXBYXFCZ-UHFFFAOYSA-M"", ""PAWSVPVNIXFKOS-UHFFFAOYSA-N"", ""BSMHSJVXSINGIV-UHFFFAOYSA-N"", ""RXNBOOZHJRLSER-UHFFFAOYSA-N"", ""HOSWPDPVFBCLSY-UHFFFAOYSA-N"", ""CKLJMWTZIZZHCS-UHFFFAOYSA-N"", ""QGZKDVFQNNGYKY-UHFFFAOYSA-N""]","[""FR-BBD3-PARENT-c0352__e00001"", ""FR-BBD3-PARENT-c0352__e00002"", ""FR-BBD3-PARENT-c0352__e00004"", ""FR-BBD3-PARENT-c0352__e00015"", ""FR-BBD3-PARENT-c0352__e00025"", ""FR-BBD3-PARENT-c0352__e00026""]","[1.0, 1.0, 1.0, 1.0, 1.0, 1.0]","[""multi_generation_edge_probability"", ""multi_generation_edge_probability"", ""multi_generation_edge_probability"", ""multi_generation_edge_probability"", ""multi_generation_edge_probability"", ""multi_generation_edge_probability""]",1.0,path_probability_product,simple_acyclic_path,max_depth_reached,True,False,False,False,False,False,False,False
FR-BBD3-PARENT-c0352,scope_a_old83_compatible,1-Aminocyclopropane-1-carboxylate,other_eawag_bbd_xenobiotic,envipath_prediction,envipath_bbd_rules_multistep,False,FR-BBD3-PARENT-c0352__sp02,2,6,"[""FR-BBD3-PARENT-c0352__n00000"", ""FR-BBD3-PARENT-c0352__n00001"", ""FR-BBD3-PARENT-c0352__n00002"", ""FR-BBD3-PARENT-c0352__n00004"", ""FR-BBD3-PARENT-c0352__n00014"", ""FR-BBD3-PARENT-c0352__n00023"", ""FR-BBD3-PARENT-c0352__n00024""]","[""NC1(C(=O)[O-])CC1"", ""CC=C(N)C(=O)O"", ""NC(=CCO)C(=O)O"", ""NC(=CC=O)C(=O)O"", ""NC(CC=O)C(=O)O"", ""NC(CC(=O)O)C(=O)O"", ""O=C(O)CC(=O)C(=O)O""]","[""PAJPWUMXBYXFCZ-UHFFFAOYSA-M"", ""PAWSVPVNIXFKOS-UHFFFAOYSA-N"", ""BSMHSJVXSINGIV-UHFFFAOYSA-N"", ""RXNBOOZHJRLSER-UHFFFAOYSA-N"", ""HOSWPDPVFBCLSY-UHFFFAOYSA-N"", ""CKLJMWTZIZZHCS-UHFFFAOYSA-N"", ""KHPXUQMNIQBQEV-UHFFFAOYSA-N""]","[""FR-BBD3-PARENT-c0352__e00001"", ""FR-BBD3-PARENT-c0352__e00002"", ""FR-BBD3-PARENT-c0352__e00004"", ""FR-BBD3-PARENT-c0352__e00015"", ""FR-BBD3-PARENT-c0352__e00025"", ""FR-BBD3-PARENT-c0352__e00027""]","[1.0, 1.0, 1.0, 1.0, 1.0, 1.0]","[""multi_generation_edge_probability"", ""multi_generation_edge_probability"", ""multi_generation_edge_probability"", ""multi_generation_edge_probability"", ""multi_generation_edge_probability"", ""multi_generation_edge_probability""]",1.0,path_probability_product,simple_acyclic_path,max_depth_reached,True,False,False,False,False,False,False,False
FR-BBD3-PARENT-c0352,scope_a_old83_compatible,1-Aminocyclopropane-1-carboxylate,other_eawag_bbd_xenobiotic,envipath_prediction,envipath_bbd_rules_multistep,False,FR-BBD3-PARENT-c0352__sp03,3,6,"[""FR-BBD3-PARENT-c0352__n00000"", ""FR-BBD3-PARENT-c0352__n00001"", ""FR-BBD3-PARENT-c0352__n00002"", ""FR-BBD3-PARENT-c0352__n00004"", ""FR-BBD3-PARENT-c0352__n00014"", ""FR-BBD3-PARENT-c0352__n00023"", ""FR-BBD3-PARENT-c0352__n00025""]","[""NC1(C(=O)[O-])CC1"", ""CC=C(N)C(=O)O"", ""NC(=CCO)C(=O)O"", ""NC(=CC=O)C(=O)O"", ""NC(CC=O)C(=O)O"", ""NC(CC(=O)O)C(=O)O"", ""NC(C(=O)O)C(O)C(=O)O""]","[""PAJPWUMXBYXFCZ-UHFFFAOYSA-M"", ""PAWSVPVNIXFKOS-UHFFFAOYSA-N"", ""BSMHSJVXSINGIV-UHFFFAOYSA-N"", ""RXNBOOZHJRLSER-UHFFFAOYSA-N"", ""HOSWPDPVFBCLSY-UHFFFAOYSA-N"", ""CKLJMWTZIZZHCS-UHFFFAOYSA-N"", ""YYLQUHNPNCGKJQ-UHFFFAOYSA-N""]","[""FR-BBD3-PARENT-c0352__e00001"", ""FR-BBD3-PARENT-c0352__e00002"", ""FR-BBD3-PARENT-c0352__e00004"", ""FR-BBD3-PARENT-c0352__e00015"", ""FR-BBD3-PARENT-c0352__e00025"", ""FR-BBD3-PARENT-c0352__e00028""]","[1.0, 1.0, 1.0, 1.0, 1.0, 1.0]","[""multi_generation_edge_probability"", ""multi_generation_edge_probability"", ""multi_generation_edge_probability"", ""multi_generation_edge_probability"", ""multi_generation_edge_probability"", ""multi_generation_edge_probability""]",1.0,path_probability_product,simple_acyclic_path,max_depth_reached,True,False,False,False,False,False,False,False
FR-BBD3-PARENT-c0352,scope_a_old83_compatible,1-Aminocyclopropane-1-carboxylate,other_eawag_bbd_xenobiotic,envipath_prediction,envipath_bbd_rules_multistep,False,FR-BBD3-PARENT-c0352__sp04,4,6,"[""FR-BBD3-PARENT-c0352__n00000"", ""FR-BBD3-PARENT-c0352__n00001"", ""FR-BBD3-PARENT-c0352__n00002"", ""FR-BBD3-PARENT-c0352__n00004"", ""FR-BBD3-PARENT-c0352__n00014"", ""FR-BBD3-PARENT-c0352__n00023"", ""FR-BBD3-PARENT-c0352__n00026""]","[""NC1(C(=O)[O-])CC1"", ""CC=C(N)C(=O)O"", ""NC(=CCO)C(=O)O"", ""NC(=CC=O)C(=O)O"", ""NC(CC=O)C(=O)O"", ""NC(CC(=O)O)C(=O)O"", ""NC(O)(C=O)CC(=O)O""]","[""PAJPWUMXBYXFCZ-UHFFFAOYSA-M"", ""PAWSVPVNIXFKOS-UHFFFAOYSA-N"", ""BSMHSJVXSINGIV-UHFFFAOYSA-N"", ""RXNBOOZHJRLSER-UHFFFAOYSA-N"", ""HOSWPDPVFBCLSY-UHFFFAOYSA-N"", ""CKLJMWTZIZZHCS-UHFFFAOYSA-N"", ""HQBPRSMVFIFZJH-UHFFFAOYSA-N""]","[""FR-BBD3-PARENT-c0352__e00001"", ""FR-BBD3-PARENT-c0352__e00002"", ""FR-BBD3-PARENT-c0352__e00004"", ""FR-BBD3-PARENT-c0352__e00015"", ""FR-BBD3-PARENT-c0352__e00025"", ""FR-BBD3-PARENT-c0352__e00029""]","[1.0, 1.0, 1.0, 1.0, 1.0, 1.0]","[""multi_generation_edge_probability"", ""multi_generation_edge_probability"", ""multi_generation_edge_probability"", ""multi_generation_edge_probability"", ""multi_generation_edge_probability"", ""multi_generation_edge_probability""]",1.0,path_probability_product,simple_acyclic_path,max_depth_reached,True,False,False,False,False,False,False,False
FR-BBD3-PARENT-c0352,scope_a_old83_compatible,1-Aminocyclopropane-1-carboxylate,other_eawag_bbd_xenobiotic,envipath_prediction,envipath_bbd_rules_multistep,False,FR-BBD3-PARENT-c0352__sp05,5,5,"[""FR-BBD3-PARENT-c0352__n00000"", ""FR-BBD3-PARENT-c0352__n00001"", ""FR-BBD3-PARENT-c0352__n00002"", ""FR-BBD3-PARENT-c0352__n00004"", ""FR-BBD3-PARENT-c0352__n00014"", ""FR-BBD3-PARENT-c0352__n00020""]","[""NC1(C(=O)[O-])CC1"", ""CC=C(N)C(=O)O"", ""NC(=CCO)C(=O)O"", ""NC(=CC=O)C(=O)O"", ""NC(CC=O)C(=O)O"", ""NC(C(=O)O)C(O)C=O""]","[""PAJPWUMXBYXFCZ-UHFFFAOYSA-M"", ""PAWSVPVNIXFKOS-UHFFFAOYSA-N"", ""BSMHSJVXSINGIV-UHFFFAOYSA-N"", ""RXNBOOZHJRLSER-UHFFFAOYSA-N"", ""HOSWPDPVFBCLSY-UHFFFAOYSA-N"", ""LRHFAIBMHJARNQ-UHFFFAOYSA-N""]","[""FR-BBD3-PARENT-c0352__e00001"", ""FR-BBD3-PARENT-c0352__e00002"", ""FR-BBD3-PARENT-c0352__e00004"", ""FR-BBD3-PARENT-c0352__e00015"", ""FR-BBD3-PARENT-c0352__e00021""]","[1.0, 1.0, 1.0, 1.0, 1.0]","[""multi_generation_edge_probability"", ""multi_generation_edge_probability"", ""multi_generation_edge_probability"", ""multi_generation_edge_probability"", ""multi_generation_edge_probability""]",1.0,path_probability_product,simple_acyclic_path,frontier_empty,True,False,False,False,False,False,False,False
FR-BBD3-PARENT-c0352,scope_a_old83_compatible,1-Aminocyclopropane-1-carboxylate,other_eawag_bbd_xenobiotic,envipath_prediction,envipath_bbd_rules_multistep,False,FR-BBD3-PARENT-c0352__sp06,6,5,"[""FR-BBD3-PARENT-c0352__n00000"", ""FR-BBD3-PARENT-c0352__n00001"", ""FR-BBD3-PARENT-c0352__n00002"", ""FR-BBD3-PARENT-c0352__n00004"", ""FR-BBD3-PARENT-c0352__n00014"", ""FR-BBD3-PARENT-c0352__n00008""]","[""NC1(C(=O)[O-])CC1"", ""CC=C(N)C(=O)O"", ""NC(=CCO)C(=O)O"", ""NC(=CC=O)C(=O)O"", ""NC(CC=O)C(=O)O"", ""N""]","[""PAJPWUMXBYXFCZ-UHFFFAOYSA-M"", ""PAWSVPVNIXFKOS-UHFFFAOYSA-N"", ""BSMHSJVXSINGIV-UHFFFAOYSA-N"", ""RXNBOOZHJRLSER-UHFFFAOYSA-N"", ""HOSWPDPVFBCLSY-UHFFFAOYSA-N"", ""QGZKDVFQNNGYKY-UHFFFAOYSA-N""]","[""FR-BBD3-PARENT-c0352__e00001"", ""FR-BBD3-PARENT-c0352__e00002"", ""FR-BBD3-PARENT-c0352__e00004"", ""FR-BBD3-PARENT-c0352__e00015"", ""FR-BBD3-PARENT-c0352__e00022""]","[1.0, 1.0, 1.0, 1.0, 1.0]","[""multi_generation_edge_probability"", ""multi_generation_edge_probability"", ""multi_generation_edge_probability"", ""multi_generation_edge_probability"", ""multi_generation_edge_probability""]",1.0,path_probability_product,simple_acyclic_path,frontier_empty,True,False,False,False,False,False,False,False
FR-BBD3-PARENT-c0352,scope_a_old83_compatible,1-Aminocyclopropane-1-carboxylate,other_eawag_bbd_xenobiotic,envipath_prediction,envipath_bbd_rules_multistep,False,FR-BBD3-PARENT-c0352__sp07,7,5,"[""FR-BBD3-PARENT-c0352__n00000"", ""FR-BBD3-PARENT-c0352__n00001"", ""FR-BBD3-PARENT-c0352__n00002"", ""FR-BBD3-PARENT-c0352__n00004"", ""FR-BBD3-PARENT-c0352__n00014"", ""FR-BBD3-PARENT-c0352__n00021""]","[""NC1(C(=O)[O-])CC1"", ""CC=C(N)C(=O)O"", ""NC(=CCO)C(=O)O"", ""NC(=CC=O)C(=O)O"", ""NC(CC=O)C(=O)O"", ""O=CCC(=O)C(=O)O""]","[""PAJPWUMXBYXFCZ-UHFFFAOYSA-M"", ""PAWSVPVNIXFKOS-UHFFFAOYSA-N"", ""BSMHSJVXSINGIV-UHFFFAOYSA-N"", ""RXNBOOZHJRLSER-UHFFFAOYSA-N"", ""HOSWPDPVFBCLSY-UHFFFAOYSA-N"", ""YEZSWHPLZBZVLH-UHFFFAOYSA-N""]","[""FR-BBD3-PARENT-c0352__e00001"", ""FR-BBD3-PARENT-c0352__e00002"", ""FR-BBD3-PARENT-c0352__e00004"", ""FR-BBD3-PARENT-c0352__e00015"", ""FR-BBD3-PARENT-c0352__e00023""]","[1.0, 1.0, 1.0, 1.0, 1.0]","[""multi_generation_edge_probability"", ""multi_generation_edge_probability"", ""multi_generation_edge_probability"", ""multi_generation_edge_probability"", ""multi_generation_edge_probability""]",1.0,path_probability_product,simple_acyclic_path,frontier_empty,True,False,False,False,False,False,False,False
FR-BBD3-PARENT-c0352,scope_a_old83_compatible,1-Aminocyclopropane-1-carboxylate,other_eawag_bbd_xenobiotic,envipath_prediction,envipath_bbd_rules_multistep,False,FR-BBD3-PARENT-c0352__sp08,8,5,"[""FR-BBD3-PARENT-c0352__n00000"", ""FR-BBD3-PARENT-c0352__n00001"", ""FR-BBD3-PARENT-c0352__n00002"", ""FR-BBD3-PARENT-c0352__n00004"", ""FR-BBD3-PARENT-c0352__n00014"", ""FR-BBD3-PARENT-c0352__n00022""]","[""NC1(C(=O)[O-])CC1"", ""CC=C(N)C(=O)O"", ""NC(=CCO)C(=O)O"", ""NC(=CC=O)C(=O)O"", ""NC(CC=O)C(=O)O"", ""NC(O)(C=O)CC=O""]","[""PAJPWUMXBYXFCZ-UHFFFAOYSA-M"", ""PAWSVPVNIXFKOS-UHFFFAOYSA-N"", ""BSMHSJVXSINGIV-UHFFFAOYSA-N"", ""RXNBOOZHJRLSER-UHFFFAOYSA-N"", ""HOSWPDPVFBCLSY-UHFFFAOYSA-N"", ""JYTHIVCCWNPHQX-UHFFFAOYSA-N""]","[""FR-BBD3-PARENT-c0352__e00001"", ""FR-BBD3-PARENT-c0352__e00002"", ""FR-BBD3-PARENT-c0352__e00004"", ""FR-BBD3-PARENT-c0352__e00015"", ""FR-BBD3-PARENT-c0352__e00024""]","[1.0, 1.0, 1.0, 1.0, 1.0]","[""multi_generation_edge_probability"", ""multi_generation_edge_probability"", ""multi_generation_edge_probability"", ""multi_generation_edge_probability"", ""multi_generation_edge_probability""]",1.0,path_probability_product,simple_acyclic_path,frontier_empty,True,False,False,False,False,False,False,False
FR-BBD3-PARENT-c0352,scope_a_old83_compatible,1-Aminocyclopropane-1-carboxylate,other_eawag_bbd_xenobiotic,envipath_prediction,envipath_bbd_rules_multistep,False,FR-BBD3-PARENT-c0352__sp09,9,4,"[""FR-BBD3-PARENT-c0352__n00000"", ""FR-BBD3-PARENT-c0352__n00001"", ""FR-BBD3-PARENT-c0352__n00002"", ""FR-BBD3-PARENT-c0352__n00004"", ""FR-BBD3-PARENT-c0352__n00010""]","[""NC1(C(=O)[O-])CC1"", ""CC=C(N)C(=O)O"", ""NC(=CCO)C(=O)O"", ""NC(=CC=O)C(=O)O"", ""NC(=CC(=O)O)C(=O)O""]","[""PAJPWUMXBYXFCZ-UHFFFAOYSA-M"", ""PAWSVPVNIXFKOS-UHFFFAOYSA-N"", ""BSMHSJVXSINGIV-UHFFFAOYSA-N"", ""RXNBOOZHJRLSER-UHFFFAOYSA-N"", ""ABZHGLSYGDUSDL-UHFFFAOYSA-N""]","[""FR-BBD3-PARENT-c0352__e00001"", ""FR-BBD3-PARENT-c0352__e00002"", ""FR-BBD3-PARENT-c0352__e00004"", ""FR-BBD3-PARENT-c0352__e00010""]","[1.0, 1.0, 1.0, 1.0]","[""multi_generation_edge_probability"", ""multi_generation_edge_probability"", ""multi_generation_edge_probability"", ""multi_generation_edge_probability""]",1.0,path_probability_product,simple_acyclic_path,frontier_empty,True,False,False,False,False,False,False,False
FR-BBD3-PARENT-c0352,scope_a_old83_compatible,1-Aminocyclopropane-1-carboxylate,other_eawag_bbd_xenobiotic,envipath_prediction,envipath_bbd_rules_multistep,False,FR-BBD3-PARENT-c0352__sp10,10,4,"[""FR-BBD3-PARENT-c0352__n00000"", ""FR-BBD3-PARENT-c0352__n00001"", ""FR-BBD3-PARENT-c0352__n00003"", ""FR-BBD3-PARENT-c0352__n00005"", ""FR-BBD3-PARENT-c0352__n00011""]","[""NC1(C(=O)[O-])CC1"", ""CC=C(N)C(=O)O"", ""CCC(N)C(=O)O"", ""NC(CCO)C(=O)O"", ""NC(O)(C=O)CCO""]","[""PAJPWUMXBYXFCZ-UHFFFAOYSA-M"", ""PAWSVPVNIXFKOS-UHFFFAOYSA-N"", ""QWCKQJZIFLGMSD-UHFFFAOYSA-N"", ""UKAUYVFTDYCKQA-UHFFFAOYSA-N"", ""GWDMYSBONWPDDI-UHFFFAOYSA-N""]","[""FR-BBD3-PARENT-c0352__e00001"", ""FR-BBD3-PARENT-c0352__e00003"", ""FR-BBD3-PARENT-c0352__e00005"", ""FR-BBD3-PARENT-c0352__e00011""]","[1.0, 1.0, 1.0, 1.0]","[""multi_generation_edge_probability"", ""multi_generation_edge_probability"", ""multi_generation_edge_probability"", ""multi_generation_edge_probability""]",1.0,path_probability_product,simple_acyclic_path,frontier_empty,True,False,False,False,False,False,False,False
FR-BBD3-PARENT-c0367,scope_a_old83_compatible,Benzonitrile,other_eawag_bbd_xenobiotic,envipath_prediction,envipath_bbd_rules_multistep,False,FR-BBD3-PARENT-c0367__sp01,1,6,"[""FR-BBD3-PARENT-c0367__n00000"", ""FR-BBD3-PARENT-c0367__n00005"", ""FR-BBD3-PARENT-c0367__n00009"", ""FR-BBD3-PARENT-c0367__n00024"", ""FR-BBD3-PARENT-c0367__n00032"", ""FR-BBD3-PARENT-c0367__n00043"", ""FR-BBD3-PARENT-c0367__n00053""]","[""N#Cc1ccccc1"", ""O=C(O)c1ccccc1"", ""O=C(O)c1cccc(O)c1O"", ""O=C(O)c1c(O)ccc(O)c1O"", ""C=C(O)C(C(=O)O)C(=O)C(=O)O"", ""C=C(O)C(O)(C(=O)O)C(=O)C(=O)O"", ""O=C(O)C(=O)C(O)(C(=O)O)C1(O)CO1""]","[""JFDZBHWFFUWGJE-UHFFFAOYSA-N"", ""WPYMKLBDIGXBTP-UHFFFAOYSA-N"", ""GLDQAMYCGOIJDV-UHFFFAOYSA-N"", ""ADUSGJRADQMJGN-UHFFFAOYSA-N"", ""ZMMWLZLHQQXZCB-UHFFFAOYSA-N"", ""NCBPEBYOHHQKGF-UHFFFAOYSA-N"", ""GXFXRJSOXAGYIT-UHFFFAOYSA-N""]","[""FR-BBD3-PARENT-c0367__e00005"", ""FR-BBD3-PARENT-c0367__e00009"", ""FR-BBD3-PARENT-c0367__e00024"", ""FR-BBD3-PARENT-c0367__e00035"", ""FR-BBD3-PARENT-c0367__e00048"", ""FR-BBD3-PARENT-c0367__e00059""]","[1.0, 1.0, 1.0, 1.0, 1.0, 1.0]","[""multi_generation_edge_probability"", ""multi_generation_edge_probability"", ""multi_generation_edge_probability"", ""multi_generation_edge_probability"", ""multi_generation_edge_probability"", ""multi_generation_edge_probability""]",1.0,path_probability_product,simple_acyclic_path,max_depth_reached,True,False,False,False,False,False,False,False
FR-BBD3-PARENT-c0367,scope_a_old83_compatible,Benzonitrile,other_eawag_bbd_xenobiotic,envipath_prediction,envipath_bbd_rules_multistep,False,FR-BBD3-PARENT-c0367__sp02,2,6,"[""FR-BBD3-PARENT-c0367__n00000"", ""FR-BBD3-PARENT-c0367__n00005"", ""FR-BBD3-PARENT-c0367__n00009"", ""FR-BBD3-PARENT-c0367__n00024"", ""FR-BBD3-PARENT-c0367__n00032"", ""FR-BBD3-PARENT-c0367__n00043"", ""FR-BBD3-PARENT-c0367__n00060""]","[""N#Cc1ccccc1"", ""O=C(O)c1ccccc1"", ""O=C(O)c1cccc(O)c1O"", ""O=C(O)c1c(O)ccc(O)c1O"", ""C=C(O)C(C(=O)O)C(=O)C(=O)O"", ""C=C(O)C(O)(C(=O)O)C(=O)C(=O)O"", ""CC(=O)C(O)(C(=O)O)C(=O)C(=O)O""]","[""JFDZBHWFFUWGJE-UHFFFAOYSA-N"", ""WPYMKLBDIGXBTP-UHFFFAOYSA-N"", ""GLDQAMYCGOIJDV-UHFFFAOYSA-N"", ""ADUSGJRADQMJGN-UHFFFAOYSA-N"", ""ZMMWLZLHQQXZCB-UHFFFAOYSA-N"", ""NCBPEBYOHHQKGF-UHFFFAOYSA-N"", ""UKVAMEBHYTVPGP-UHFFFAOYSA-N""]","[""FR-BBD3-PARENT-c0367__e00005"", ""FR-BBD3-PARENT-c0367__e00009"", ""FR-BBD3-PARENT-c0367__e00024"", ""FR-BBD3-PARENT-c0367__e00035"", ""FR-BBD3-PARENT-c0367__e00048"", ""FR-BBD3-PARENT-c0367__e00067""]","[1.0, 1.0, 1.0, 1.0, 1.0, 1.0]","[""multi_generation_edge_probability"", ""multi_generation_edge_probability"", ""multi_generation_edge_probability"", ""multi_generation_edge_probability"", ""multi_generation_edge_probability"", ""multi_generation_edge_probability""]",1.0,path_probability_product,simple_acyclic_path,max_depth_reached,True,False,False,False,False,False,False,False
FR-BBD3-PARENT-c0367,scope_a_old83_compatible,Benzonitrile,other_eawag_bbd_xenobiotic,envipath_prediction,envipath_bbd_rules_multistep,False,FR-BBD3-PARENT-c0367__sp03,3,6,"[""FR-BBD3-PARENT-c0367__n00000"", ""FR-BBD3-PARENT-c0367__n00005"", ""FR-BBD3-PARENT-c0367__n00009"", ""FR-BBD3-PARENT-c0367__n00024"", ""FR-BBD3-PARENT-c0367__n00032"", ""FR-BBD3-PARENT-c0367__n00043"", ""FR-BBD3-PARENT-c0367__n00065""]","[""N#Cc1ccccc1"", ""O=C(O)c1ccccc1"", ""O=C(O)c1cccc(O)c1O"", ""O=C(O)c1c(O)ccc(O)c1O"", ""C=C(O)C(C(=O)O)C(=O)C(=O)O"", ""C=C(O)C(O)(C(=O)O)C(=O)C(=O)O"", ""C=C(O)C(=O)C(=O)O""]","[""JFDZBHWFFUWGJE-UHFFFAOYSA-N"", ""WPYMKLBDIGXBTP-UHFFFAOYSA-N"", ""GLDQAMYCGOIJDV-UHFFFAOYSA-N"", ""ADUSGJRADQMJGN-UHFFFAOYSA-N"", ""ZMMWLZLHQQXZCB-UHFFFAOYSA-N"", ""NCBPEBYOHHQKGF-UHFFFAOYSA-N"", ""VYMVJKOJNANAHW-UHFFFAOYSA-N""]","[""FR-BBD3-PARENT-c0367__e00005"", ""FR-BBD3-PARENT-c0367__e00009"", ""FR-BBD3-PARENT-c0367__e00024"", ""FR-BBD3-PARENT-c0367__e00035"", ""FR-BBD3-PARENT-c0367__e00048"", ""FR-BBD3-PARENT-c0367__e00073""]","[1.0, 1.0, 1.0, 1.0, 1.0, 1.0]","[""multi_generation_edge_probability"", ""multi_generation_edge_probability"", ""multi_generation_edge_probability"", ""multi_generation_edge_probability"", ""multi_generation_edge_probability"", ""multi_generation_edge_probability""]",1.0,path_probability_product,simple_acyclic_path,max_depth_reached,True,False,False,False,False,False,False,False
FR-BBD3-PARENT-c0367,scope_a_old83_compatible,Benzonitrile,other_eawag_bbd_xenobiotic,envipath_prediction,envipath_bbd_rules_multistep,False,FR-BBD3-PARENT-c0367__sp04,4,6,"[""FR-BBD3-PARENT-c0367__n00000"", ""FR-BBD3-PARENT-c0367__n00005"", ""FR-BBD3-PARENT-c0367__n00009"", ""FR-BBD3-PARENT-c0367__n00024"", ""FR-BBD3-PARENT-c0367__n00032"", ""FR-BBD3-PARENT-c0367__n00046"", ""FR-BBD3-PARENT-c0367__n00059""]","[""N#Cc1ccccc1"", ""O=C(O)c1ccccc1"", ""O=C(O)c1cccc(O)c1O"", ""O=C(O)c1c(O)ccc(O)c1O"", ""C=C(O)C(C(=O)O)C(=O)C(=O)O"", ""O=C(O)C(=O)C(C(=O)O)C1(O)CO1"", ""O=C(O)C(=O)C(C(=O)O)C(O)(O)CO""]","[""JFDZBHWFFUWGJE-UHFFFAOYSA-N"", ""WPYMKLBDIGXBTP-UHFFFAOYSA-N"", ""GLDQAMYCGOIJDV-UHFFFAOYSA-N"", ""ADUSGJRADQMJGN-UHFFFAOYSA-N"", ""ZMMWLZLHQQXZCB-UHFFFAOYSA-N"", ""BPRAITNEZHOWHK-UHFFFAOYSA-N"", ""YWPIONFIGNMYFM-UHFFFAOYSA-N""]","[""FR-BBD3-PARENT-c0367__e00005"", ""FR-BBD3-PARENT-c0367__e00009"", ""FR-BBD3-PARENT-c0367__e00024"", ""FR-BBD3-PARENT-c0367__e00035"", ""FR-BBD3-PARENT-c0367__e00051"", ""FR-BBD3-PARENT-c0367__e00065""]","[1.0, 1.0, 1.0, 1.0, 1.0, 1.0]","[""multi_generation_edge_probability"", ""multi_generation_edge_probability"", ""multi_generation_edge_probability"", ""multi_generation_edge_probability"", ""multi_generation_edge_probability"", ""multi_generation_edge_probability""]",1.0,path_probability_product,simple_acyclic_path,max_depth_reached,True,False,False,False,False,False,False,False
FR-BBD3-PARENT-c0367,scope_a_old83_compatible,Benzonitrile,other_eawag_bbd_xenobiotic,envipath_prediction,envipath_bbd_rules_multistep,False,FR-BBD3-PARENT-c0367__sp05,5,6,"[""FR-BBD3-PARENT-c0367__n00000"", ""FR-BBD3-PARENT-c0367__n00005"", ""FR-BBD3-PARENT-c0367__n00009"", ""FR-BBD3-PARENT-c0367__n00024"", ""FR-BBD3-PARENT-c0367__n00032"", ""FR-BBD3-PARENT-c0367__n00036"", ""FR-BBD3-PARENT-c0367__n00045""]","[""N#Cc1ccccc1"", ""O=C(O)c1ccccc1"", ""O=C(O)c1cccc(O)c1O"", ""O=C(O)c1c(O)ccc(O)c1O"", ""C=C(O)C(C(=O)O)C(=O)C(=O)O"", ""CC(O)C(C(=O)O)C(=O)C(=O)O"", ""O=C(O)C(=O)C(C(=O)O)C(O)CO""]","[""JFDZBHWFFUWGJE-UHFFFAOYSA-N"", ""WPYMKLBDIGXBTP-UHFFFAOYSA-N"", ""GLDQAMYCGOIJDV-UHFFFAOYSA-N"", ""ADUSGJRADQMJGN-UHFFFAOYSA-N"", ""ZMMWLZLHQQXZCB-UHFFFAOYSA-N"", ""LKOJLCZYDBUADY-UHFFFAOYSA-N"", ""CAAYJJZLGRKPLH-UHFFFAOYSA-N""]","[""FR-BBD3-PARENT-c0367__e00005"", ""FR-BBD3-PARENT-c0367__e00009"", ""FR-BBD3-PARENT-c0367__e00024"", ""FR-BBD3-PARENT-c0367__e00035"", ""FR-BBD3-PARENT-c0367__e00056"", ""FR-BBD3-PARENT-c0367__e00050""]","[1.0, 1.0, 1.0, 1.0, 1.0, 1.0]","[""multi_generation_edge_probability"", ""multi_generation_edge_probability"", ""multi_generation_edge_probability"", ""multi_generation_edge_probability"", ""multi_generation_edge_probability"", ""multi_generation_edge_probability""]",1.0,path_probability_product,simple_acyclic_path,max_depth_reached,True,False,False,False,False,False,False,False
FR-BBD3-PARENT-c0367,scope_a_old83_compatible,Benzonitrile,other_eawag_bbd_xenobiotic,envipath_prediction,envipath_bbd_rules_multistep,False,FR-BBD3-PARENT-c0367__sp06,6,6,"[""FR-BBD3-PARENT-c0367__n00000"", ""FR-BBD3-PARENT-c0367__n00005"", ""FR-BBD3-PARENT-c0367__n00009"", ""FR-BBD3-PARENT-c0367__n00024"", ""FR-BBD3-PARENT-c0367__n00032"", ""FR-BBD3-PARENT-c0367__n00036"", ""FR-BBD3-PARENT-c0367__n00047""]","[""N#Cc1ccccc1"", ""O=C(O)c1ccccc1"", ""O=C(O)c1cccc(O)c1O"", ""O=C(O)c1c(O)ccc(O)c1O"", ""C=C(O)C(C(=O)O)C(=O)C(=O)O"", ""CC(O)C(C(=O)O)C(=O)C(=O)O"", ""CC(=O)C(C(=O)O)C(=O)C(=O)O""]","[""JFDZBHWFFUWGJE-UHFFFAOYSA-N"", ""WPYMKLBDIGXBTP-UHFFFAOYSA-N"", ""GLDQAMYCGOIJDV-UHFFFAOYSA-N"", ""ADUSGJRADQMJGN-UHFFFAOYSA-N"", ""ZMMWLZLHQQXZCB-UHFFFAOYSA-N"", ""LKOJLCZYDBUADY-UHFFFAOYSA-N"", ""WJKYLTWEOXKUBX-UHFFFAOYSA-N""]","[""FR-BBD3-PARENT-c0367__e00005"", ""FR-BBD3-PARENT-c0367__e00009"", ""FR-BBD3-PARENT-c0367__e00024"", ""FR-BBD3-PARENT-c0367__e00035"", ""FR-BBD3-PARENT-c0367__e00056"", ""FR-BBD3-PARENT-c0367__e00052""]","[1.0, 1.0, 1.0, 1.0, 1.0, 1.0]","[""multi_generation_edge_probability"", ""multi_generation_edge_probability"", ""multi_generation_edge_probability"", ""multi_generation_edge_probability"", ""multi_generation_edge_probability"", ""multi_generation_edge_probability""]",1.0,path_probability_product,simple_acyclic_path,max_depth_reached,True,False,False,False,False,False,False,False
FR-BBD3-PARENT-c0367,scope_a_old83_compatible,Benzonitrile,other_eawag_bbd_xenobiotic,envipath_prediction,envipath_bbd_rules_multistep,False,FR-BBD3-PARENT-c0367__sp07,7,6,"[""FR-BBD3-PARENT-c0367__n00000"", ""FR-BBD3-PARENT-c0367__n00005"", ""FR-BBD3-PARENT-c0367__n00009"", ""FR-BBD3-PARENT-c0367__n00026"", ""FR-BBD3-PARENT-c0367__n00034"", ""FR-BBD3-PARENT-c0367__n00044"", ""FR-BBD3-PARENT-c0367__n00054""]","[""N#Cc1ccccc1"", ""O=C(O)c1ccccc1"", ""O=C(O)c1cccc(O)c1O"", ""C=CC(C(=O)O)C(=O)C(=O)O"", ""CCC(C(=O)O)C(=O)C(=O)O"", ""CCC(O)(C(=O)O)C(=O)C(=O)O"", ""O=C(O)C(=O)C(O)(CCO)C(=O)O""]","[""JFDZBHWFFUWGJE-UHFFFAOYSA-N"", ""WPYMKLBDIGXBTP-UHFFFAOYSA-N"", ""GLDQAMYCGOIJDV-UHFFFAOYSA-N"", ""WKNRBAVEEBRFKH-UHFFFAOYSA-N"", ""OUGLPIHDPBRSID-UHFFFAOYSA-N"", ""MRPBXKYYRUSEKR-UHFFFAOYSA-N"", ""CWDLWHDDDPJUMV-UHFFFAOYSA-N""]","[""FR-BBD3-PARENT-c0367__e00005"", ""FR-BBD3-PARENT-c0367__e00009"", ""FR-BBD3-PARENT-c0367__e00028"", ""FR-BBD3-PARENT-c0367__e00037"", ""FR-BBD3-PARENT-c0367__e00049"", ""FR-BBD3-PARENT-c0367__e00060""]","[1.0, 1.0, 1.0, 1.0, 1.0, 1.0]","[""multi_generation_edge_probability"", ""multi_generation_edge_probability"", ""multi_generation_edge_probability"", ""multi_generation_edge_probability"", ""multi_generation_edge_probability"", ""multi_generation_edge_probability""]",1.0,path_probability_product,simple_acyclic_path,max_depth_reached,True,False,False,False,False,False,False,False
FR-BBD3-PARENT-c0367,scope_a_old83_compatible,Benzonitrile,other_eawag_bbd_xenobiotic,envipath_prediction,envipath_bbd_rules_multistep,False,FR-BBD3-PARENT-c0367__sp08,8,6,"[""FR-BBD3-PARENT-c0367__n00000"", ""FR-BBD3-PARENT-c0367__n00005"", ""FR-BBD3-PARENT-c0367__n00009"", ""FR-BBD3-PARENT-c0367__n00026"", ""FR-BBD3-PARENT-c0367__n00034"", ""FR-BBD3-PARENT-c0367__n00044"", ""FR-BBD3-PARENT-c0367__n00049""]","[""N#Cc1ccccc1"", ""O=C(O)c1ccccc1"", ""O=C(O)c1cccc(O)c1O"", ""C=CC(C(=O)O)C(=O)C(=O)O"", ""CCC(C(=O)O)C(=O)C(=O)O"", ""CCC(O)(C(=O)O)C(=O)C(=O)O"", ""CC(O)C(O)(C(=O)O)C(=O)C(=O)O""]","[""JFDZBHWFFUWGJE-UHFFFAOYSA-N"", ""WPYMKLBDIGXBTP-UHFFFAOYSA-N"", ""GLDQAMYCGOIJDV-UHFFFAOYSA-N"", ""WKNRBAVEEBRFKH-UHFFFAOYSA-N"", ""OUGLPIHDPBRSID-UHFFFAOYSA-N"", ""MRPBXKYYRUSEKR-UHFFFAOYSA-N"", ""KZNPAWVBPXSZOP-UHFFFAOYSA-N""]","[""FR-BBD3-PARENT-c0367__e00005"", ""FR-BBD3-PARENT-c0367__e00009"", ""FR-BBD3-PARENT-c0367__e00028"", ""FR-BBD3-PARENT-c0367__e00037"", ""FR-BBD3-PARENT-c0367__e00049"", ""FR-BBD3-PARENT-c0367__e00068""]","[1.0, 1.0, 1.0, 1.0, 1.0, 1.0]","[""multi_generation_edge_probability"", ""multi_generation_edge_probability"", ""multi_generation_edge_probability"", ""multi_generation_edge_probability"", ""multi_generation_edge_probability"", ""multi_generation_edge_probability""]",1.0,path_probability_product,simple_acyclic_path,max_depth_reached,True,False,False,False,False,False,False,False
FR-BBD3-PARENT-c0367,scope_a_old83_compatible,Benzonitrile,other_eawag_bbd_xenobiotic,envipath_prediction,envipath_bbd_rules_multistep,False,FR-BBD3-PARENT-c0367__sp09,9,6,"[""FR-BBD3-PARENT-c0367__n00000"", ""FR-BBD3-PARENT-c0367__n00005"", ""FR-BBD3-PARENT-c0367__n00009"", ""FR-BBD3-PARENT-c0367__n00026"", ""FR-BBD3-PARENT-c0367__n00034"", ""FR-BBD3-PARENT-c0367__n00048"", ""FR-BBD3-PARENT-c0367__n00062""]","[""N#Cc1ccccc1"", ""O=C(O)c1ccccc1"", ""O=C(O)c1cccc(O)c1O"", ""C=CC(C(=O)O)C(=O)C(=O)O"", ""CCC(C(=O)O)C(=O)C(=O)O"", ""O=C(O)C(=O)C(CCO)C(=O)O"", ""O=CCC(C(=O)O)C(=O)C(=O)O""]","[""JFDZBHWFFUWGJE-UHFFFAOYSA-N"", ""WPYMKLBDIGXBTP-UHFFFAOYSA-N"", ""GLDQAMYCGOIJDV-UHFFFAOYSA-N"", ""WKNRBAVEEBRFKH-UHFFFAOYSA-N"", ""OUGLPIHDPBRSID-UHFFFAOYSA-N"", ""FKERBAZMHCJATF-UHFFFAOYSA-N"", ""HKVOHFLMDNHOQQ-UHFFFAOYSA-N""]","[""FR-BBD3-PARENT-c0367__e00005"", ""FR-BBD3-PARENT-c0367__e00009"", ""FR-BBD3-PARENT-c0367__e00028"", ""FR-BBD3-PARENT-c0367__e00037"", ""FR-BBD3-PARENT-c0367__e00053"", ""FR-BBD3-PARENT-c0367__e00070""]","[1.0, 1.0, 1.0, 1.0, 1.0, 1.0]","[""multi_generation_edge_probability"", ""multi_generation_edge_probability"", ""multi_generation_edge_probability"", ""multi_generation_edge_probability"", ""multi_generation_edge_probability"", ""multi_generation_edge_probability""]",1.0,path_probability_product,simple_acyclic_path,max_depth_reached,True,False,False,False,False,False,False,False
FR-BBD3-PARENT-c0367,scope_a_old83_compatible,Benzonitrile,other_eawag_bbd_xenobiotic,envipath_prediction,envipath_bbd_rules_multistep,False,FR-BBD3-PARENT-c0367__sp10,10,6,"[""FR-BBD3-PARENT-c0367__n00000"", ""FR-BBD3-PARENT-c0367__n00005"", ""FR-BBD3-PARENT-c0367__n00009"", ""FR-BBD3-PARENT-c0367__n00026"", ""FR-BBD3-PARENT-c0367__n00034"", ""FR-BBD3-PARENT-c0367__n00048"", ""FR-BBD3-PARENT-c0367__n00045""]","[""N#Cc1ccccc1"", ""O=C(O)c1ccccc1"", ""O=C(O)c1cccc(O)c1O"", ""C=CC(C(=O)O)C(=O)C(=O)O"", ""CCC(C(=O)O)C(=O)C(=O)O"", ""O=C(O)C(=O)C(CCO)C(=O)O"", ""O=C(O)C(=O)C(C(=O)O)C(O)CO""]","[""JFDZBHWFFUWGJE-UHFFFAOYSA-N"", ""WPYMKLBDIGXBTP-UHFFFAOYSA-N"", ""GLDQAMYCGOIJDV-UHFFFAOYSA-N"", ""WKNRBAVEEBRFKH-UHFFFAOYSA-N"", ""OUGLPIHDPBRSID-UHFFFAOYSA-N"", ""FKERBAZMHCJATF-UHFFFAOYSA-N"", ""CAAYJJZLGRKPLH-UHFFFAOYSA-N""]","[""FR-BBD3-PARENT-c0367__e00005"", ""FR-BBD3-PARENT-c0367__e00009"", ""FR-BBD3-PARENT-c0367__e00028"", ""FR-BBD3-PARENT-c0367__e00037"", ""FR-BBD3-PARENT-c0367__e00053"", ""FR-BBD3-PARENT-c0367__e00075""]","[1.0, 1.0, 1.0, 1.0, 1.0, 1.0]","[""multi_generation_edge_probability"", ""multi_generation_edge_probability"", ""multi_generation_edge_probability"", ""multi_generation_edge_probability"", ""multi_generation_edge_probability"", ""multi_generation_edge_probability""]",1.0,path_probability_product,simple_acyclic_path,max_depth_reached,True,False,False,False,False,False,False,False
FR-BBD3-PARENT-c0371,scope_a_old83_compatible,Biphenyl,other_eawag_bbd_xenobiotic,envipath_prediction,envipath_bbd_rules_multistep,False,FR-BBD3-PARENT-c0371__sp01,1,4,"[""FR-BBD3-PARENT-c0371__n00000"", ""FR-BBD3-PARENT-c0371__n00002"", ""FR-BBD3-PARENT-c0371__n00005"", ""FR-BBD3-PARENT-c0371__n00020"", ""FR-BBD3-PARENT-c0371__n00024""]","[""c1ccc(-c2ccccc2)cc1"", ""Oc1cccc(-c2ccccc2)c1"", ""Oc1cccc(-c2cccc(O)c2O)c1"", ""O=C(O)c1cccc(O)c1"", ""O=C(O)c1cc(O)ccc1O""]","[""ZUOUZKKEUPVFJK-UHFFFAOYSA-N"", ""UBXYXCRCOKCZIT-UHFFFAOYSA-N"", ""LTBDNNORKOKPFC-UHFFFAOYSA-N"", ""IJFXRHURBJZNAO-UHFFFAOYSA-N"", ""WXTMDXOMEHJXQO-UHFFFAOYSA-N""]","[""FR-BBD3-PARENT-c0371__e00002"", ""FR-BBD3-PARENT-c0371__e00005"", ""FR-BBD3-PARENT-c0371__e00020"", ""FR-BBD3-PARENT-c0371__e00024""]","[1.0, 1.0, 1.0, 1.0]","[""multi_generation_edge_probability"", ""multi_generation_edge_probability"", ""multi_generation_edge_probability"", ""multi_generation_edge_probability""]",1.0,path_probability_product,simple_acyclic_path,frontier_empty,True,False,False,False,False,False,False,False
FR-BBD3-PARENT-c0371,scope_a_old83_compatible,Biphenyl,other_eawag_bbd_xenobiotic,envipath_prediction,envipath_bbd_rules_multistep,False,FR-BBD3-PARENT-c0371__sp02,2,3,"[""FR-BBD3-PARENT-c0371__n00000"", ""FR-BBD3-PARENT-c0371__n00002"", ""FR-BBD3-PARENT-c0371__n00005"", ""FR-BBD3-PARENT-c0371__n00013""]","[""c1ccc(-c2ccccc2)cc1"", ""Oc1cccc(-c2ccccc2)c1"", ""Oc1cccc(-c2cccc(O)c2O)c1"", ""Oc1cccc(-c2cc(O)cc(O)c2O)c1""]","[""ZUOUZKKEUPVFJK-UHFFFAOYSA-N"", ""UBXYXCRCOKCZIT-UHFFFAOYSA-N"", ""LTBDNNORKOKPFC-UHFFFAOYSA-N"", ""NJROQRWBBPKPFA-UHFFFAOYSA-N""]","[""FR-BBD3-PARENT-c0371__e00002"", ""FR-BBD3-PARENT-c0371__e00005"", ""FR-BBD3-PARENT-c0371__e00013""]","[1.0, 1.0, 1.0]","[""multi_generation_edge_probability"", ""multi_generation_edge_probability"", ""multi_generation_edge_probability""]",1.0,path_probability_product,simple_acyclic_path,frontier_empty,True,False,False,False,False,False,False,False
FR-BBD3-PARENT-c0371,scope_a_old83_compatible,Biphenyl,other_eawag_bbd_xenobiotic,envipath_prediction,envipath_bbd_rules_multistep,False,FR-BBD3-PARENT-c0371__sp03,3,3,"[""FR-BBD3-PARENT-c0371__n00000"", ""FR-BBD3-PARENT-c0371__n00002"", ""FR-BBD3-PARENT-c0371__n00005"", ""FR-BBD3-PARENT-c0371__n00018""]","[""c1ccc(-c2ccccc2)cc1"", ""Oc1cccc(-c2ccccc2)c1"", ""Oc1cccc(-c2cccc(O)c2O)c1"", ""C=CCC(=O)C(=O)O""]","[""ZUOUZKKEUPVFJK-UHFFFAOYSA-N"", ""UBXYXCRCOKCZIT-UHFFFAOYSA-N"", ""LTBDNNORKOKPFC-UHFFFAOYSA-N"", ""NOXRYJAWRSNUJD-UHFFFAOYSA-N""]","[""FR-BBD3-PARENT-c0371__e00002"", ""FR-BBD3-PARENT-c0371__e00005"", ""FR-BBD3-PARENT-c0371__e00018""]","[1.0, 1.0, 1.0]","[""multi_generation_edge_probability"", ""multi_generation_edge_probability"", ""multi_generation_edge_probability""]",1.0,path_probability_product,simple_acyclic_path,frontier_empty,True,False,False,False,False,False,False,False
FR-BBD3-PARENT-c0371,scope_a_old83_compatible,Biphenyl,other_eawag_bbd_xenobiotic,envipath_prediction,envipath_bbd_rules_multistep,False,FR-BBD3-PARENT-c0371__sp04,4,3,"[""FR-BBD3-PARENT-c0371__n00000"", ""FR-BBD3-PARENT-c0371__n00002"", ""FR-BBD3-PARENT-c0371__n00005"", ""FR-BBD3-PARENT-c0371__n00021""]","[""c1ccc(-c2ccccc2)cc1"", ""Oc1cccc(-c2ccccc2)c1"", ""Oc1cccc(-c2cccc(O)c2O)c1"", ""Oc1ccc(O)c(-c2cccc(O)c2O)c1""]","[""ZUOUZKKEUPVFJK-UHFFFAOYSA-N"", ""UBXYXCRCOKCZIT-UHFFFAOYSA-N"", ""LTBDNNORKOKPFC-UHFFFAOYSA-N"", ""LYBWLITYLDZMEY-UHFFFAOYSA-N""]","[""FR-BBD3-PARENT-c0371__e00002"", ""FR-BBD3-PARENT-c0371__e00005"", ""FR-BBD3-PARENT-c0371__e00021""]","[1.0, 1.0, 1.0]","[""multi_generation_edge_probability"", ""multi_generation_edge_probability"", ""multi_generation_edge_probability""]",1.0,path_probability_product,simple_acyclic_path,frontier_empty,True,False,False,False,False,False,False,False
FR-BBD3-PARENT-c0371,scope_a_old83_compatible,Biphenyl,other_eawag_bbd_xenobiotic,envipath_prediction,envipath_bbd_rules_multistep,False,FR-BBD3-PARENT-c0371__sp05,5,3,"[""FR-BBD3-PARENT-c0371__n00000"", ""FR-BBD3-PARENT-c0371__n00002"", ""FR-BBD3-PARENT-c0371__n00005"", ""FR-BBD3-PARENT-c0371__n00023""]","[""c1ccc(-c2ccccc2)cc1"", ""Oc1cccc(-c2ccccc2)c1"", ""Oc1cccc(-c2cccc(O)c2O)c1"", ""Oc1cccc(-c2c(O)ccc(O)c2O)c1""]","[""ZUOUZKKEUPVFJK-UHFFFAOYSA-N"", ""UBXYXCRCOKCZIT-UHFFFAOYSA-N"", ""LTBDNNORKOKPFC-UHFFFAOYSA-N"", ""FBZZPPHCCNXZAY-UHFFFAOYSA-N""]","[""FR-BBD3-PARENT-c0371__e00002"", ""FR-BBD3-PARENT-c0371__e00005"", ""FR-BBD3-PARENT-c0371__e00023""]","[1.0, 1.0, 1.0]","[""multi_generation_edge_probability"", ""multi_generation_edge_probability"", ""multi_generation_edge_probability""]",1.0,path_probability_product,simple_acyclic_path,frontier_empty,True,False,False,False,False,False,False,False
FR-BBD3-PARENT-c0371,scope_a_old83_compatible,Biphenyl,other_eawag_bbd_xenobiotic,envipath_prediction,envipath_bbd_rules_multistep,False,FR-BBD3-PARENT-c0371__sp06,6,3,"[""FR-BBD3-PARENT-c0371__n00000"", ""FR-BBD3-PARENT-c0371__n00002"", ""FR-BBD3-PARENT-c0371__n00008"", ""FR-BBD3-PARENT-c0371__n00015""]","[""c1ccc(-c2ccccc2)cc1"", ""Oc1cccc(-c2ccccc2)c1"", ""Oc1ccc(O)c(-c2ccccc2)c1"", ""Oc1ccc(O)c(-c2ccccc2O)c1""]","[""ZUOUZKKEUPVFJK-UHFFFAOYSA-N"", ""UBXYXCRCOKCZIT-UHFFFAOYSA-N"", ""XCZKKZXWDBOGPA-UHFFFAOYSA-N"", ""FDFCKUXJPTYABM-UHFFFAOYSA-N""]","[""FR-BBD3-PARENT-c0371__e00002"", ""FR-BBD3-PARENT-c0371__e00008"", ""FR-BBD3-PARENT-c0371__e00015""]","[1.0, 1.0, 1.0]","[""multi_generation_edge_probability"", ""multi_generation_edge_probability"", ""multi_generation_edge_probability""]",1.0,path_probability_product,simple_acyclic_path,frontier_empty,True,False,False,False,False,False,False,False
FR-BBD3-PARENT-c0371,scope_a_old83_compatible,Biphenyl,other_eawag_bbd_xenobiotic,envipath_prediction,envipath_bbd_rules_multistep,False,FR-BBD3-PARENT-c0371__sp07,7,3,"[""FR-BBD3-PARENT-c0371__n00000"", ""FR-BBD3-PARENT-c0371__n00002"", ""FR-BBD3-PARENT-c0371__n00012"", ""FR-BBD3-PARENT-c0371__n00016""]","[""c1ccc(-c2ccccc2)cc1"", ""Oc1cccc(-c2ccccc2)c1"", ""Oc1cccc(-c2cccc(O)c2)c1"", ""Oc1cccc(-c2cc(O)ccc2O)c1""]","[""ZUOUZKKEUPVFJK-UHFFFAOYSA-N"", ""UBXYXCRCOKCZIT-UHFFFAOYSA-N"", ""VZQSBJKDSWXLKX-UHFFFAOYSA-N"", ""ICJJBAAGLLZMLX-UHFFFAOYSA-N""]","[""FR-BBD3-PARENT-c0371__e00002"", ""FR-BBD3-PARENT-c0371__e00012"", ""FR-BBD3-PARENT-c0371__e00016""]","[1.0, 1.0, 1.0]","[""multi_generation_edge_probability"", ""multi_generation_edge_probability"", ""multi_generation_edge_probability""]",1.0,path_probability_product,simple_acyclic_path,frontier_empty,True,False,False,False,False,False,False,False
FR-BBD3-PARENT-c0371,scope_a_old83_compatible,Biphenyl,other_eawag_bbd_xenobiotic,envipath_prediction,envipath_bbd_rules_multistep,False,FR-BBD3-PARENT-c0371__sp08,8,3,"[""FR-BBD3-PARENT-c0371__n00000"", ""FR-BBD3-PARENT-c0371__n00003"", ""FR-BBD3-PARENT-c0371__n00006"", ""FR-BBD3-PARENT-c0371__n00014""]","[""c1ccc(-c2ccccc2)cc1"", ""Oc1ccc(-c2ccccc2)cc1"", ""Oc1ccc(-c2ccccc2O)cc1"", ""Oc1ccc(-c2cc(O)ccc2O)cc1""]","[""ZUOUZKKEUPVFJK-UHFFFAOYSA-N"", ""YXVFYQXJAXKLAK-UHFFFAOYSA-N"", ""JHOPNNNTBHXSHY-UHFFFAOYSA-N"", ""JFNWQOHVPQHYQL-UHFFFAOYSA-N""]","[""FR-BBD3-PARENT-c0371__e00003"", ""FR-BBD3-PARENT-c0371__e00006"", ""FR-BBD3-PARENT-c0371__e00014""]","[1.0, 1.0, 1.0]","[""multi_generation_edge_probability"", ""multi_generation_edge_probability"", ""multi_generation_edge_probability""]",1.0,path_probability_product,simple_acyclic_path,frontier_empty,True,False,False,False,False,False,False,False
FR-BBD3-PARENT-c0371,scope_a_old83_compatible,Biphenyl,other_eawag_bbd_xenobiotic,envipath_prediction,envipath_bbd_rules_multistep,False,FR-BBD3-PARENT-c0371__sp09,9,3,"[""FR-BBD3-PARENT-c0371__n00000"", ""FR-BBD3-PARENT-c0371__n00003"", ""FR-BBD3-PARENT-c0371__n00009"", ""FR-BBD3-PARENT-c0371__n00017""]","[""c1ccc(-c2ccccc2)cc1"", ""Oc1ccc(-c2ccccc2)cc1"", ""Oc1ccc(-c2cccc(O)c2O)cc1"", ""Oc1ccc(-c2cc(O)cc(O)c2O)cc1""]","[""ZUOUZKKEUPVFJK-UHFFFAOYSA-N"", ""YXVFYQXJAXKLAK-UHFFFAOYSA-N"", ""NPGGQLOIUYMASZ-UHFFFAOYSA-N"", ""NCFGDPVCYLPUTP-UHFFFAOYSA-N""]","[""FR-BBD3-PARENT-c0371__e00003"", ""FR-BBD3-PARENT-c0371__e00009"", ""FR-BBD3-PARENT-c0371__e00017""]","[1.0, 1.0, 1.0]","[""multi_generation_edge_probability"", ""multi_generation_edge_probability"", ""multi_generation_edge_probability""]",1.0,path_probability_product,simple_acyclic_path,frontier_empty,True,False,False,False,False,False,False,False
FR-BBD3-PARENT-c0371,scope_a_old83_compatible,Biphenyl,other_eawag_bbd_xenobiotic,envipath_prediction,envipath_bbd_rules_multistep,False,FR-BBD3-PARENT-c0371__sp10,10,3,"[""FR-BBD3-PARENT-c0371__n00000"", ""FR-BBD3-PARENT-c0371__n00003"", ""FR-BBD3-PARENT-c0371__n00009"", ""FR-BBD3-PARENT-c0371__n00019""]","[""c1ccc(-c2ccccc2)cc1"", ""Oc1ccc(-c2ccccc2)cc1"", ""Oc1ccc(-c2cccc(O)c2O)cc1"", ""Oc1ccc(-c2c(O)ccc(O)c2O)cc1""]","[""ZUOUZKKEUPVFJK-UHFFFAOYSA-N"", ""YXVFYQXJAXKLAK-UHFFFAOYSA-N"", ""NPGGQLOIUYMASZ-UHFFFAOYSA-N"", ""DXYPBWJMQQHMOA-UHFFFAOYSA-N""]","[""FR-BBD3-PARENT-c0371__e00003"", ""FR-BBD3-PARENT-c0371__e00009"", ""FR-BBD3-PARENT-c0371__e00019""]","[1.0, 1.0, 1.0]","[""multi_generation_edge_probability"", ""multi_generation_edge_probability"", ""multi_generation_edge_probability""]",1.0,path_probability_product,simple_acyclic_path,frontier_empty,True,False,False,False,False,False,False,False
FR-BBD3-PARENT-c0375,scope_a_old83_compatible,p -Cymene,other_eawag_bbd_xenobiotic,envipath_prediction,envipath_bbd_rules_multistep,False,FR-BBD3-PARENT-c0375__sp01,1,3,"[""FR-BBD3-PARENT-c0375__n00000"", ""FR-BBD3-PARENT-c0375__n00001"", ""FR-BBD3-PARENT-c0375__n00005"", ""FR-BBD3-PARENT-c0375__n00014""]","[""Cc1ccc(C(C)C)cc1"", ""Cc1ccc(C(C)CO)cc1"", ""CC(CO)c1ccc(CC(CC(=O)O)C(=O)O)cc1"", ""CC(CO)c1ccc(CC(O)(CC(=O)O)C(=O)O)cc1""]","[""HFPZCAJZSCWRBC-UHFFFAOYSA-N"", ""CLFDIFDNDWRHJF-UHFFFAOYSA-N"", ""RJKSHMQVFCCMFM-UHFFFAOYSA-N"", ""XWOORCGERSHZKQ-UHFFFAOYSA-N""]","[""FR-BBD3-PARENT-c0375__e00001"", ""FR-BBD3-PARENT-c0375__e00005"", ""FR-BBD3-PARENT-c0375__e00014""]","[1.0, 1.0, 1.0]","[""multi_generation_edge_probability"", ""multi_generation_edge_probability"", ""multi_generation_edge_probability""]",1.0,path_probability_product,simple_acyclic_path,frontier_empty,True,False,False,False,False,False,False,False
FR-BBD3-PARENT-c0375,scope_a_old83_compatible,p -Cymene,other_eawag_bbd_xenobiotic,envipath_prediction,envipath_bbd_rules_multistep,False,FR-BBD3-PARENT-c0375__sp02,2,3,"[""FR-BBD3-PARENT-c0375__n00000"", ""FR-BBD3-PARENT-c0375__n00001"", ""FR-BBD3-PARENT-c0375__n00005"", ""FR-BBD3-PARENT-c0375__n00025""]","[""Cc1ccc(C(C)C)cc1"", ""Cc1ccc(C(C)CO)cc1"", ""CC(CO)c1ccc(CC(CC(=O)O)C(=O)O)cc1"", ""CC(CO)c1ccc(C(O)C(CC(=O)O)C(=O)O)cc1""]","[""HFPZCAJZSCWRBC-UHFFFAOYSA-N"", ""CLFDIFDNDWRHJF-UHFFFAOYSA-N"", ""RJKSHMQVFCCMFM-UHFFFAOYSA-N"", ""DQLVSCZCUOOHMG-UHFFFAOYSA-N""]","[""FR-BBD3-PARENT-c0375__e00001"", ""FR-BBD3-PARENT-c0375__e00005"", ""FR-BBD3-PARENT-c0375__e00025""]","[1.0, 1.0, 1.0]","[""multi_generation_edge_probability"", ""multi_generation_edge_probability"", ""multi_generation_edge_probability""]",1.0,path_probability_product,simple_acyclic_path,frontier_empty,True,False,False,False,False,False,False,False
FR-BBD3-PARENT-c0375,scope_a_old83_compatible,p -Cymene,other_eawag_bbd_xenobiotic,envipath_prediction,envipath_bbd_rules_multistep,False,FR-BBD3-PARENT-c0375__sp03,3,3,"[""FR-BBD3-PARENT-c0375__n00000"", ""FR-BBD3-PARENT-c0375__n00001"", ""FR-BBD3-PARENT-c0375__n00005"", ""FR-BBD3-PARENT-c0375__n00029""]","[""Cc1ccc(C(C)C)cc1"", ""Cc1ccc(C(C)CO)cc1"", ""CC(CO)c1ccc(CC(CC(=O)O)C(=O)O)cc1"", ""CC(CO)c1ccc(CC(C(=O)O)C(O)C(=O)O)cc1""]","[""HFPZCAJZSCWRBC-UHFFFAOYSA-N"", ""CLFDIFDNDWRHJF-UHFFFAOYSA-N"", ""RJKSHMQVFCCMFM-UHFFFAOYSA-N"", ""FHVQRTYWVCQHJE-UHFFFAOYSA-N""]","[""FR-BBD3-PARENT-c0375__e00001"", ""FR-BBD3-PARENT-c0375__e00005"", ""FR-BBD3-PARENT-c0375__e00029""]","[1.0, 1.0, 1.0]","[""multi_generation_edge_probability"", ""multi_generation_edge_probability"", ""multi_generation_edge_probability""]",1.0,path_probability_product,simple_acyclic_path,frontier_empty,True,False,False,False,False,False,False,False
FR-BBD3-PARENT-c0375,scope_a_old83_compatible,p -Cymene,other_eawag_bbd_xenobiotic,envipath_prediction,envipath_bbd_rules_multistep,False,FR-BBD3-PARENT-c0375__sp04,4,3,"[""FR-BBD3-PARENT-c0375__n00000"", ""FR-BBD3-PARENT-c0375__n00001"", ""FR-BBD3-PARENT-c0375__n00009"", ""FR-BBD3-PARENT-c0375__n00015""]","[""Cc1ccc(C(C)C)cc1"", ""Cc1ccc(C(C)CO)cc1"", ""Cc1ccc(C(C)(O)CO)cc1"", ""CC(O)(CO)c1ccc(CC(CC(=O)O)C(=O)O)cc1""]","[""HFPZCAJZSCWRBC-UHFFFAOYSA-N"", ""CLFDIFDNDWRHJF-UHFFFAOYSA-N"", ""JVSJDMWWPVKLEI-UHFFFAOYSA-N"", ""HDXWYXNFIZNWBS-UHFFFAOYSA-N""]","[""FR-BBD3-PARENT-c0375__e00001"", ""FR-BBD3-PARENT-c0375__e00009"", ""FR-BBD3-PARENT-c0375__e00015""]","[1.0, 1.0, 1.0]","[""multi_generation_edge_probability"", ""multi_generation_edge_probability"", ""multi_generation_edge_probability""]",1.0,path_probability_product,simple_acyclic_path,frontier_empty,True,False,False,False,False,False,False,False
FR-BBD3-PARENT-c0375,scope_a_old83_compatible,p -Cymene,other_eawag_bbd_xenobiotic,envipath_prediction,envipath_bbd_rules_multistep,False,FR-BBD3-PARENT-c0375__sp05,5,3,"[""FR-BBD3-PARENT-c0375__n00000"", ""FR-BBD3-PARENT-c0375__n00001"", ""FR-BBD3-PARENT-c0375__n00009"", ""FR-BBD3-PARENT-c0375__n00022""]","[""Cc1ccc(C(C)C)cc1"", ""Cc1ccc(C(C)CO)cc1"", ""Cc1ccc(C(C)(O)CO)cc1"", ""Cc1ccc(C(C)(O)C=O)cc1""]","[""HFPZCAJZSCWRBC-UHFFFAOYSA-N"", ""CLFDIFDNDWRHJF-UHFFFAOYSA-N"", ""JVSJDMWWPVKLEI-UHFFFAOYSA-N"", ""LTTAROMURXPIFV-UHFFFAOYSA-N""]","[""FR-BBD3-PARENT-c0375__e00001"", ""FR-BBD3-PARENT-c0375__e00009"", ""FR-BBD3-PARENT-c0375__e00022""]","[1.0, 1.0, 1.0]","[""multi_generation_edge_probability"", ""multi_generation_edge_probability"", ""multi_generation_edge_probability""]",1.0,path_probability_product,simple_acyclic_path,frontier_empty,True,False,False,False,False,False,False,False
FR-BBD3-PARENT-c0375,scope_a_old83_compatible,p -Cymene,other_eawag_bbd_xenobiotic,envipath_prediction,envipath_bbd_rules_multistep,False,FR-BBD3-PARENT-c0375__sp06,6,3,"[""FR-BBD3-PARENT-c0375__n00000"", ""FR-BBD3-PARENT-c0375__n00001"", ""FR-BBD3-PARENT-c0375__n00011"", ""FR-BBD3-PARENT-c0375__n00016""]","[""Cc1ccc(C(C)C)cc1"", ""Cc1ccc(C(C)CO)cc1"", ""Cc1ccc(C(C)C=O)cc1"", ""CC(C=O)c1ccc(CC(CC(=O)O)C(=O)O)cc1""]","[""HFPZCAJZSCWRBC-UHFFFAOYSA-N"", ""CLFDIFDNDWRHJF-UHFFFAOYSA-N"", ""JTZWVKUZBNHSSW-UHFFFAOYSA-N"", ""JNIHBTLUWOEMAC-UHFFFAOYSA-N""]","[""FR-BBD3-PARENT-c0375__e00001"", ""FR-BBD3-PARENT-c0375__e00011"", ""FR-BBD3-PARENT-c0375__e00016""]","[1.0, 1.0, 1.0]","[""multi_generation_edge_probability"", ""multi_generation_edge_probability"", ""multi_generation_edge_probability""]",1.0,path_probability_product,simple_acyclic_path,frontier_empty,True,False,False,False,False,False,False,False
FR-BBD3-PARENT-c0375,scope_a_old83_compatible,p -Cymene,other_eawag_bbd_xenobiotic,envipath_prediction,envipath_bbd_rules_multistep,False,FR-BBD3-PARENT-c0375__sp07,7,3,"[""FR-BBD3-PARENT-c0375__n00000"", ""FR-BBD3-PARENT-c0375__n00001"", ""FR-BBD3-PARENT-c0375__n00011"", ""FR-BBD3-PARENT-c0375__n00024""]","[""Cc1ccc(C(C)C)cc1"", ""Cc1ccc(C(C)CO)cc1"", ""Cc1ccc(C(C)C=O)cc1"", ""CC(C=O)c1ccc(CO)cc1""]","[""HFPZCAJZSCWRBC-UHFFFAOYSA-N"", ""CLFDIFDNDWRHJF-UHFFFAOYSA-N"", ""JTZWVKUZBNHSSW-UHFFFAOYSA-N"", ""ZDEYWNQVQOKAPZ-UHFFFAOYSA-N""]","[""FR-BBD3-PARENT-c0375__e00001"", ""FR-BBD3-PARENT-c0375__e00011"", ""FR-BBD3-PARENT-c0375__e00024""]","[1.0, 1.0, 1.0]","[""multi_generation_edge_probability"", ""multi_generation_edge_probability"", ""multi_generation_edge_probability""]",1.0,path_probability_product,simple_acyclic_path,frontier_empty,True,False,False,False,False,False,False,False
FR-BBD3-PARENT-c0375,scope_a_old83_compatible,p -Cymene,other_eawag_bbd_xenobiotic,envipath_prediction,envipath_bbd_rules_multistep,False,FR-BBD3-PARENT-c0375__sp08,8,3,"[""FR-BBD3-PARENT-c0375__n00000"", ""FR-BBD3-PARENT-c0375__n00001"", ""FR-BBD3-PARENT-c0375__n00011"", ""FR-BBD3-PARENT-c0375__n00027""]","[""Cc1ccc(C(C)C)cc1"", ""Cc1ccc(C(C)CO)cc1"", ""Cc1ccc(C(C)C=O)cc1"", ""Cc1ccc(C(C)C(=O)O)cc1""]","[""HFPZCAJZSCWRBC-UHFFFAOYSA-N"", ""CLFDIFDNDWRHJF-UHFFFAOYSA-N"", ""JTZWVKUZBNHSSW-UHFFFAOYSA-N"", ""KDYOFXPLHVSIHS-UHFFFAOYSA-N""]","[""FR-BBD3-PARENT-c0375__e00001"", ""FR-BBD3-PARENT-c0375__e00011"", ""FR-BBD3-PARENT-c0375__e00027""]","[1.0, 1.0, 1.0]","[""multi_generation_edge_probability"", ""multi_generation_edge_probability"", ""multi_generation_edge_probability""]",1.0,path_probability_product,simple_acyclic_path,frontier_empty,True,False,False,False,False,False,False,False
FR-BBD3-PARENT-c0375,scope_a_old83_compatible,p -Cymene,other_eawag_bbd_xenobiotic,envipath_prediction,envipath_bbd_rules_multistep,False,FR-BBD3-PARENT-c0375__sp09,9,3,"[""FR-BBD3-PARENT-c0375__n00000"", ""FR-BBD3-PARENT-c0375__n00001"", ""FR-BBD3-PARENT-c0375__n00011"", ""FR-BBD3-PARENT-c0375__n00030""]","[""Cc1ccc(C(C)C)cc1"", ""Cc1ccc(C(C)CO)cc1"", ""Cc1ccc(C(C)C=O)cc1"", ""Cc1ccc(C(C=O)CO)cc1""]","[""HFPZCAJZSCWRBC-UHFFFAOYSA-N"", ""CLFDIFDNDWRHJF-UHFFFAOYSA-N"", ""JTZWVKUZBNHSSW-UHFFFAOYSA-N"", ""MGCOBGWLRPRGBM-UHFFFAOYSA-N""]","[""FR-BBD3-PARENT-c0375__e00001"", ""FR-BBD3-PARENT-c0375__e00011"", ""FR-BBD3-PARENT-c0375__e00030""]","[1.0, 1.0, 1.0]","[""multi_generation_edge_probability"", ""multi_generation_edge_probability"", ""multi_generation_edge_probability""]",1.0,path_probability_product,simple_acyclic_path,frontier_empty,True,False,False,False,False,False,False,False
FR-BBD3-PARENT-c0375,scope_a_old83_compatible,p -Cymene,other_eawag_bbd_xenobiotic,envipath_prediction,envipath_bbd_rules_multistep,False,FR-BBD3-PARENT-c0375__sp10,10,3,"[""FR-BBD3-PARENT-c0375__n00000"", ""FR-BBD3-PARENT-c0375__n00002"", ""FR-BBD3-PARENT-c0375__n00006"", ""FR-BBD3-PARENT-c0375__n00017""]","[""Cc1ccc(C(C)C)cc1"", ""Cc1ccc(C(C)(C)O)cc1"", ""CC(C)(O)c1ccc(CC(CC(=O)O)C(=O)O)cc1"", ""CC(C)(O)c1ccc(CC(O)(CC(=O)O)C(=O)O)cc1""]","[""HFPZCAJZSCWRBC-UHFFFAOYSA-N"", ""XLPDVYGDNRIQFV-UHFFFAOYSA-N"", ""PMDXMMMMZNAQTJ-UHFFFAOYSA-N"", ""OYGJOXMPBIRENS-UHFFFAOYSA-N""]","[""FR-BBD3-PARENT-c0375__e00002"", ""FR-BBD3-PARENT-c0375__e00006"", ""FR-BBD3-PARENT-c0375__e00017""]","[1.0, 1.0, 1.0]","[""multi_generation_edge_probability"", ""multi_generation_edge_probability"", ""multi_generation_edge_probability""]",1.0,path_probability_product,simple_acyclic_path,frontier_empty,True,False,False,False,False,False,False,False
FR-BBD3-PARENT-c0388,scope_a_old83_compatible,Fluorene,other_eawag_bbd_xenobiotic,envipath_prediction,envipath_bbd_rules_multistep,False,FR-BBD3-PARENT-c0388__sp01,1,2,"[""FR-BBD3-PARENT-c0388__n00000"", ""FR-BBD3-PARENT-c0388__n00001"", ""FR-BBD3-PARENT-c0388__n00002""]","[""c1ccc2c(c1)Cc1ccccc1-2"", ""OC1c2ccccc2-c2ccccc21"", ""O=C1c2ccccc2-c2ccccc21""]","[""NIHNNTQXNPWCJQ-UHFFFAOYSA-N"", ""AFMVESZOYKHDBJ-UHFFFAOYSA-N"", ""YLQWCDOCJODRMT-UHFFFAOYSA-N""]","[""FR-BBD3-PARENT-c0388__e00001"", ""FR-BBD3-PARENT-c0388__e00002""]","[1.0, 1.0]","[""multi_generation_edge_probability"", ""multi_generation_edge_probability""]",1.0,path_probability_product,simple_acyclic_path,frontier_empty,True,False,False,False,False,False,False,False
FR-BBD3-PARENT-c0407,scope_a_old83_compatible,(+)-Camphor,other_eawag_bbd_xenobiotic,envipath_prediction,envipath_bbd_rules_multistep,False,FR-BBD3-PARENT-c0407__sp01,1,3,"[""FR-BBD3-PARENT-c0407__n00000"", ""FR-BBD3-PARENT-c0407__n00002"", ""FR-BBD3-PARENT-c0407__n00009"", ""FR-BBD3-PARENT-c0407__n00027""]","[""CC12CCC(CC1=O)C2(C)C"", ""CC12CCC(O)(CC1=O)C2(C)C"", ""CC(=O)C1(C)CCC(=O)C1(C)C"", ""CC(=O)C1(C)CCC(=O)C1(C)CO""]","[""DSSYKIVIOFKYAU-UHFFFAOYSA-N"", ""LPXAUISIPHHSCA-UHFFFAOYSA-N"", ""PWEPIQXFLHXYDV-UHFFFAOYSA-N"", ""BSYJWESJCGBVHZ-UHFFFAOYSA-N""]","[""FR-BBD3-PARENT-c0407__e00002"", ""FR-BBD3-PARENT-c0407__e00009"", ""FR-BBD3-PARENT-c0407__e00027""]","[1.0, 1.0, 1.0]","[""multi_generation_edge_probability"", ""multi_generation_edge_probability"", ""multi_generation_edge_probability""]",1.0,path_probability_product,simple_acyclic_path,frontier_empty,True,False,False,False,False,False,False,False
FR-BBD3-PARENT-c0407,scope_a_old83_compatible,(+)-Camphor,other_eawag_bbd_xenobiotic,envipath_prediction,envipath_bbd_rules_multistep,False,FR-BBD3-PARENT-c0407__sp02,2,3,"[""FR-BBD3-PARENT-c0407__n00000"", ""FR-BBD3-PARENT-c0407__n00002"", ""FR-BBD3-PARENT-c0407__n00009"", ""FR-BBD3-PARENT-c0407__n00028""]","[""CC12CCC(CC1=O)C2(C)C"", ""CC12CCC(O)(CC1=O)C2(C)C"", ""CC(=O)C1(C)CCC(=O)C1(C)C"", ""CC1(C)C(=O)CCC1(C)C(=O)CO""]","[""DSSYKIVIOFKYAU-UHFFFAOYSA-N"", ""LPXAUISIPHHSCA-UHFFFAOYSA-N"", ""PWEPIQXFLHXYDV-UHFFFAOYSA-N"", ""ZHIHHIHLVIYVQE-UHFFFAOYSA-N""]","[""FR-BBD3-PARENT-c0407__e00002"", ""FR-BBD3-PARENT-c0407__e00009"", ""FR-BBD3-PARENT-c0407__e00028""]","[1.0, 1.0, 1.0]","[""multi_generation_edge_probability"", ""multi_generation_edge_probability"", ""multi_generation_edge_probability""]",1.0,path_probability_product,simple_acyclic_path,frontier_empty,True,False,False,False,False,False,False,False
FR-BBD3-PARENT-c0407,scope_a_old83_compatible,(+)-Camphor,other_eawag_bbd_xenobiotic,envipath_prediction,envipath_bbd_rules_multistep,False,FR-BBD3-PARENT-c0407__sp03,3,3,"[""FR-BBD3-PARENT-c0407__n00000"", ""FR-BBD3-PARENT-c0407__n00002"", ""FR-BBD3-PARENT-c0407__n00009"", ""FR-BBD3-PARENT-c0407__n00029""]","[""CC12CCC(CC1=O)C2(C)C"", ""CC12CCC(O)(CC1=O)C2(C)C"", ""CC(=O)C1(C)CCC(=O)C1(C)C"", ""CC(=O)C1(C)CCOC(=O)C1(C)C""]","[""DSSYKIVIOFKYAU-UHFFFAOYSA-N"", ""LPXAUISIPHHSCA-UHFFFAOYSA-N"", ""PWEPIQXFLHXYDV-UHFFFAOYSA-N"", ""KTXALPMUSWAIGH-UHFFFAOYSA-N""]","[""FR-BBD3-PARENT-c0407__e00002"", ""FR-BBD3-PARENT-c0407__e00009"", ""FR-BBD3-PARENT-c0407__e00029""]","[1.0, 1.0, 1.0]","[""multi_generation_edge_probability"", ""multi_generation_edge_probability"", ""multi_generation_edge_probability""]",1.0,path_probability_product,simple_acyclic_path,frontier_empty,True,False,False,False,False,False,False,False
FR-BBD3-PARENT-c0407,scope_a_old83_compatible,(+)-Camphor,other_eawag_bbd_xenobiotic,envipath_prediction,envipath_bbd_rules_multistep,False,FR-BBD3-PARENT-c0407__sp04,4,3,"[""FR-BBD3-PARENT-c0407__n00000"", ""FR-BBD3-PARENT-c0407__n00002"", ""FR-BBD3-PARENT-c0407__n00009"", ""FR-BBD3-PARENT-c0407__n00030""]","[""CC12CCC(CC1=O)C2(C)C"", ""CC12CCC(O)(CC1=O)C2(C)C"", ""CC(=O)C1(C)CCC(=O)C1(C)C"", ""CC(=O)C1(C)C(O)CC(=O)C1(C)C""]","[""DSSYKIVIOFKYAU-UHFFFAOYSA-N"", ""LPXAUISIPHHSCA-UHFFFAOYSA-N"", ""PWEPIQXFLHXYDV-UHFFFAOYSA-N"", ""BAKHTSLIWVTQEG-UHFFFAOYSA-N""]","[""FR-BBD3-PARENT-c0407__e00002"", ""FR-BBD3-PARENT-c0407__e00009"", ""FR-BBD3-PARENT-c0407__e00030""]","[1.0, 1.0, 1.0]","[""multi_generation_edge_probability"", ""multi_generation_edge_probability"", ""multi_generation_edge_probability""]",1.0,path_probability_product,simple_acyclic_path,frontier_empty,True,False,False,False,False,False,False,False
FR-BBD3-PARENT-c0407,scope_a_old83_compatible,(+)-Camphor,other_eawag_bbd_xenobiotic,envipath_prediction,envipath_bbd_rules_multistep,False,FR-BBD3-PARENT-c0407__sp05,5,3,"[""FR-BBD3-PARENT-c0407__n00000"", ""FR-BBD3-PARENT-c0407__n00002"", ""FR-BBD3-PARENT-c0407__n00009"", ""FR-BBD3-PARENT-c0407__n00031""]","[""CC12CCC(CC1=O)C2(C)C"", ""CC12CCC(O)(CC1=O)C2(C)C"", ""CC(=O)C1(C)CCC(=O)C1(C)C"", ""CC(=O)C1(C)CCC(=O)OC1(C)C""]","[""DSSYKIVIOFKYAU-UHFFFAOYSA-N"", ""LPXAUISIPHHSCA-UHFFFAOYSA-N"", ""PWEPIQXFLHXYDV-UHFFFAOYSA-N"", ""LHIDEIFGHWTFMU-UHFFFAOYSA-N""]","[""FR-BBD3-PARENT-c0407__e00002"", ""FR-BBD3-PARENT-c0407__e00009"", ""FR-BBD3-PARENT-c0407__e00031""]","[1.0, 1.0, 1.0]","[""multi_generation_edge_probability"", ""multi_generation_edge_probability"", ""multi_generation_edge_probability""]",1.0,path_probability_product,simple_acyclic_path,frontier_empty,True,False,False,False,False,False,False,False
FR-BBD3-PARENT-c0407,scope_a_old83_compatible,(+)-Camphor,other_eawag_bbd_xenobiotic,envipath_prediction,envipath_bbd_rules_multistep,False,FR-BBD3-PARENT-c0407__sp06,6,2,"[""FR-BBD3-PARENT-c0407__n00000"", ""FR-BBD3-PARENT-c0407__n00001"", ""FR-BBD3-PARENT-c0407__n00007""]","[""CC12CCC(CC1=O)C2(C)C"", ""CC12CCC(COC1=O)C2(C)C"", ""CC1(C(=O)O)CCC(CO)C1(C)C""]","[""DSSYKIVIOFKYAU-UHFFFAOYSA-N"", ""RRAKNOYKYSYKGN-UHFFFAOYSA-N"", ""ORQPIOOHEXFMEL-UHFFFAOYSA-N""]","[""FR-BBD3-PARENT-c0407__e00001"", ""FR-BBD3-PARENT-c0407__e00007""]","[1.0, 1.0]","[""multi_generation_edge_probability"", ""multi_generation_edge_probability""]",1.0,path_probability_product,simple_acyclic_path,frontier_empty,True,False,False,False,False,False,False,False
FR-BBD3-PARENT-c0407,scope_a_old83_compatible,(+)-Camphor,other_eawag_bbd_xenobiotic,envipath_prediction,envipath_bbd_rules_multistep,False,FR-BBD3-PARENT-c0407__sp07,7,2,"[""FR-BBD3-PARENT-c0407__n00000"", ""FR-BBD3-PARENT-c0407__n00001"", ""FR-BBD3-PARENT-c0407__n00013""]","[""CC12CCC(CC1=O)C2(C)C"", ""CC12CCC(COC1=O)C2(C)C"", ""CC12CCC(O)(COC1=O)C2(C)C""]","[""DSSYKIVIOFKYAU-UHFFFAOYSA-N"", ""RRAKNOYKYSYKGN-UHFFFAOYSA-N"", ""BHPFBBXZXSPNOB-UHFFFAOYSA-N""]","[""FR-BBD3-PARENT-c0407__e00001"", ""FR-BBD3-PARENT-c0407__e00013""]","[1.0, 1.0]","[""multi_generation_edge_probability"", ""multi_generation_edge_probability""]",1.0,path_probability_product,simple_acyclic_path,frontier_empty,True,False,False,False,False,False,False,False
FR-BBD3-PARENT-c0407,scope_a_old83_compatible,(+)-Camphor,other_eawag_bbd_xenobiotic,envipath_prediction,envipath_bbd_rules_multistep,False,FR-BBD3-PARENT-c0407__sp08,8,2,"[""FR-BBD3-PARENT-c0407__n00000"", ""FR-BBD3-PARENT-c0407__n00001"", ""FR-BBD3-PARENT-c0407__n00017""]","[""CC12CCC(CC1=O)C2(C)C"", ""CC12CCC(COC1=O)C2(C)C"", ""CC1(C)C2COC(=O)C1(C)C(O)C2""]","[""DSSYKIVIOFKYAU-UHFFFAOYSA-N"", ""RRAKNOYKYSYKGN-UHFFFAOYSA-N"", ""YJQRIEVFLAOMDV-UHFFFAOYSA-N""]","[""FR-BBD3-PARENT-c0407__e00001"", ""FR-BBD3-PARENT-c0407__e00017""]","[1.0, 1.0]","[""multi_generation_edge_probability"", ""multi_generation_edge_probability""]",1.0,path_probability_product,simple_acyclic_path,frontier_empty,True,False,False,False,False,False,False,False
FR-BBD3-PARENT-c0407,scope_a_old83_compatible,(+)-Camphor,other_eawag_bbd_xenobiotic,envipath_prediction,envipath_bbd_rules_multistep,False,FR-BBD3-PARENT-c0407__sp09,9,2,"[""FR-BBD3-PARENT-c0407__n00000"", ""FR-BBD3-PARENT-c0407__n00001"", ""FR-BBD3-PARENT-c0407__n00022""]","[""CC12CCC(CC1=O)C2(C)C"", ""CC12CCC(COC1=O)C2(C)C"", ""CC12CC(O)C(COC1=O)C2(C)C""]","[""DSSYKIVIOFKYAU-UHFFFAOYSA-N"", ""RRAKNOYKYSYKGN-UHFFFAOYSA-N"", ""YNTNKDBKKSTIDW-UHFFFAOYSA-N""]","[""FR-BBD3-PARENT-c0407__e00001"", ""FR-BBD3-PARENT-c0407__e00022""]","[1.0, 1.0]","[""multi_generation_edge_probability"", ""multi_generation_edge_probability""]",1.0,path_probability_product,simple_acyclic_path,frontier_empty,True,False,False,False,False,False,False,False
FR-BBD3-PARENT-c0407,scope_a_old83_compatible,(+)-Camphor,other_eawag_bbd_xenobiotic,envipath_prediction,envipath_bbd_rules_multistep,False,FR-BBD3-PARENT-c0407__sp10,10,2,"[""FR-BBD3-PARENT-c0407__n00000"", ""FR-BBD3-PARENT-c0407__n00001"", ""FR-BBD3-PARENT-c0407__n00025""]","[""CC12CCC(CC1=O)C2(C)C"", ""CC12CCC(COC1=O)C2(C)C"", ""CC12CCC(C(O)OC1=O)C2(C)C""]","[""DSSYKIVIOFKYAU-UHFFFAOYSA-N"", ""RRAKNOYKYSYKGN-UHFFFAOYSA-N"", ""IKOMPDHCMRLNEN-UHFFFAOYSA-N""]","[""FR-BBD3-PARENT-c0407__e00001"", ""FR-BBD3-PARENT-c0407__e00025""]","[1.0, 1.0]","[""multi_generation_edge_probability"", ""multi_generation_edge_probability""]",1.0,path_probability_product,simple_acyclic_path,frontier_empty,True,False,False,False,False,False,False,False
FR-BBD3-PARENT-c0426,scope_a_old83_compatible,Dibenzo-p-dioxin,other_eawag_bbd_xenobiotic,envipath_prediction,envipath_bbd_rules_multistep,False,FR-BBD3-PARENT-c0426__sp01,1,6,"[""FR-BBD3-PARENT-c0426__n00000"", ""FR-BBD3-PARENT-c0426__n00001"", ""FR-BBD3-PARENT-c0426__n00003"", ""FR-BBD3-PARENT-c0426__n00009"", ""FR-BBD3-PARENT-c0426__n00017"", ""FR-BBD3-PARENT-c0426__n00026"", ""FR-BBD3-PARENT-c0426__n00054""]","[""c1ccc2c(c1)Oc1ccccc1O2"", ""Oc1ccccc1Oc1cccc(O)c1O"", ""Oc1ccc(O)c(O)c1O"", ""Oc1cc(O)c(O)c(O)c1O"", ""O=C1C(O)=C(O)CC(O)C1O"", ""O=C1CC(O)=C(O)C(=O)C1O"", ""O=C1CC(O)=C(O)C(=O)C1=O""]","[""NFBOHOGPQUYFRF-UHFFFAOYSA-N"", ""XEAZDMSYJLCYDK-UHFFFAOYSA-N"", ""VERMEZLHWFHDLK-UHFFFAOYSA-N"", ""RUFWIGMRKSSQJC-UHFFFAOYSA-N"", ""ZWVZELMXEUCRGC-UHFFFAOYSA-N"", ""JNRPSPHPJGQAHU-UHFFFAOYSA-N"", ""DWBKWEWLTQOELQ-UHFFFAOYSA-N""]","[""FR-BBD3-PARENT-c0426__e00001"", ""FR-BBD3-PARENT-c0426__e00003"", ""FR-BBD3-PARENT-c0426__e00009"", ""FR-BBD3-PARENT-c0426__e00020"", ""FR-BBD3-PARENT-c0426__e00034"", ""FR-BBD3-PARENT-c0426__e00062""]","[1.0, 1.0, 1.0, 1.0, 1.0, 1.0]","[""multi_generation_edge_probability"", ""multi_generation_edge_probability"", ""multi_generation_edge_probability"", ""multi_generation_edge_probability"", ""multi_generation_edge_probability"", ""multi_generation_edge_probability""]",1.0,path_probability_product,simple_acyclic_path,max_depth_reached,True,False,False,False,False,False,False,False
FR-BBD3-PARENT-c0426,scope_a_old83_compatible,Dibenzo-p-dioxin,other_eawag_bbd_xenobiotic,envipath_prediction,envipath_bbd_rules_multistep,False,FR-BBD3-PARENT-c0426__sp02,2,6,"[""FR-BBD3-PARENT-c0426__n00000"", ""FR-BBD3-PARENT-c0426__n00001"", ""FR-BBD3-PARENT-c0426__n00003"", ""FR-BBD3-PARENT-c0426__n00009"", ""FR-BBD3-PARENT-c0426__n00017"", ""FR-BBD3-PARENT-c0426__n00026"", ""FR-BBD3-PARENT-c0426__n00063""]","[""c1ccc2c(c1)Oc1ccccc1O2"", ""Oc1ccccc1Oc1cccc(O)c1O"", ""Oc1ccc(O)c(O)c1O"", ""Oc1cc(O)c(O)c(O)c1O"", ""O=C1C(O)=C(O)CC(O)C1O"", ""O=C1CC(O)=C(O)C(=O)C1O"", ""O=C1CC(=O)C(O)C(=O)C1O""]","[""NFBOHOGPQUYFRF-UHFFFAOYSA-N"", ""XEAZDMSYJLCYDK-UHFFFAOYSA-N"", ""VERMEZLHWFHDLK-UHFFFAOYSA-N"", ""RUFWIGMRKSSQJC-UHFFFAOYSA-N"", ""ZWVZELMXEUCRGC-UHFFFAOYSA-N"", ""JNRPSPHPJGQAHU-UHFFFAOYSA-N"", ""HPEWUFUASYAYCN-UHFFFAOYSA-N""]","[""FR-BBD3-PARENT-c0426__e00001"", ""FR-BBD3-PARENT-c0426__e00003"", ""FR-BBD3-PARENT-c0426__e00009"", ""FR-BBD3-PARENT-c0426__e00020"", ""FR-BBD3-PARENT-c0426__e00034"", ""FR-BBD3-PARENT-c0426__e00072""]","[1.0, 1.0, 1.0, 1.0, 1.0, 1.0]","[""multi_generation_edge_probability"", ""multi_generation_edge_probability"", ""multi_generation_edge_probability"", ""multi_generation_edge_probability"", ""multi_generation_edge_probability"", ""multi_generation_edge_probability""]",1.0,path_probability_product,simple_acyclic_path,max_depth_reached,True,False,False,False,False,False,False,False
FR-BBD3-PARENT-c0426,scope_a_old83_compatible,Dibenzo-p-dioxin,other_eawag_bbd_xenobiotic,envipath_prediction,envipath_bbd_rules_multistep,False,FR-BBD3-PARENT-c0426__sp03,3,6,"[""FR-BBD3-PARENT-c0426__n00000"", ""FR-BBD3-PARENT-c0426__n00001"", ""FR-BBD3-PARENT-c0426__n00003"", ""FR-BBD3-PARENT-c0426__n00009"", ""FR-BBD3-PARENT-c0426__n00017"", ""FR-BBD3-PARENT-c0426__n00026"", ""FR-BBD3-PARENT-c0426__n00071""]","[""c1ccc2c(c1)Oc1ccccc1O2"", ""Oc1ccccc1Oc1cccc(O)c1O"", ""Oc1ccc(O)c(O)c1O"", ""Oc1cc(O)c(O)c(O)c1O"", ""O=C1C(O)=C(O)CC(O)C1O"", ""O=C1CC(O)=C(O)C(=O)C1O"", ""O=C(CO)CC(O)=C(O)C(=O)O""]","[""NFBOHOGPQUYFRF-UHFFFAOYSA-N"", ""XEAZDMSYJLCYDK-UHFFFAOYSA-N"", ""VERMEZLHWFHDLK-UHFFFAOYSA-N"", ""RUFWIGMRKSSQJC-UHFFFAOYSA-N"", ""ZWVZELMXEUCRGC-UHFFFAOYSA-N"", ""JNRPSPHPJGQAHU-UHFFFAOYSA-N"", ""RYRVUBUXQORSGK-UHFFFAOYSA-N""]","[""FR-BBD3-PARENT-c0426__e00001"", ""FR-BBD3-PARENT-c0426__e00003"", ""FR-BBD3-PARENT-c0426__e00009"", ""FR-BBD3-PARENT-c0426__e00020"", ""FR-BBD3-PARENT-c0426__e00034"", ""FR-BBD3-PARENT-c0426__e00082""]","[1.0, 1.0, 1.0, 1.0, 1.0, 1.0]","[""multi_generation_edge_probability"", ""multi_generation_edge_probability"", ""multi_generation_edge_probability"", ""multi_generation_edge_probability"", ""multi_generation_edge_probability"", ""multi_generation_edge_probability""]",1.0,path_probability_product,simple_acyclic_path,max_depth_reached,True,False,False,False,False,False,False,False
FR-BBD3-PARENT-c0426,scope_a_old83_compatible,Dibenzo-p-dioxin,other_eawag_bbd_xenobiotic,envipath_prediction,envipath_bbd_rules_multistep,False,FR-BBD3-PARENT-c0426__sp04,4,6,"[""FR-BBD3-PARENT-c0426__n00000"", ""FR-BBD3-PARENT-c0426__n00001"", ""FR-BBD3-PARENT-c0426__n00003"", ""FR-BBD3-PARENT-c0426__n00009"", ""FR-BBD3-PARENT-c0426__n00017"", ""FR-BBD3-PARENT-c0426__n00026"", ""FR-BBD3-PARENT-c0426__n00078""]","[""c1ccc2c(c1)Oc1ccccc1O2"", ""Oc1ccccc1Oc1cccc(O)c1O"", ""Oc1ccc(O)c(O)c1O"", ""Oc1cc(O)c(O)c(O)c1O"", ""O=C1C(O)=C(O)CC(O)C1O"", ""O=C1CC(O)=C(O)C(=O)C1O"", ""O=C(O)CC(O)=C(O)C(=O)CO""]","[""NFBOHOGPQUYFRF-UHFFFAOYSA-N"", ""XEAZDMSYJLCYDK-UHFFFAOYSA-N"", ""VERMEZLHWFHDLK-UHFFFAOYSA-N"", ""RUFWIGMRKSSQJC-UHFFFAOYSA-N"", ""ZWVZELMXEUCRGC-UHFFFAOYSA-N"", ""JNRPSPHPJGQAHU-UHFFFAOYSA-N"", ""MQBRKVNQUPGMKN-UHFFFAOYSA-N""]","[""FR-BBD3-PARENT-c0426__e00001"", ""FR-BBD3-PARENT-c0426__e00003"", ""FR-BBD3-PARENT-c0426__e00009"", ""FR-BBD3-PARENT-c0426__e00020"", ""FR-BBD3-PARENT-c0426__e00034"", ""FR-BBD3-PARENT-c0426__e00090""]","[1.0, 1.0, 1.0, 1.0, 1.0, 1.0]","[""multi_generation_edge_probability"", ""multi_generation_edge_probability"", ""multi_generation_edge_probability"", ""multi_generation_edge_probability"", ""multi_generation_edge_probability"", ""multi_generation_edge_probability""]",1.0,path_probability_product,simple_acyclic_path,max_depth_reached,True,False,False,False,False,False,False,False
FR-BBD3-PARENT-c0426,scope_a_old83_compatible,Dibenzo-p-dioxin,other_eawag_bbd_xenobiotic,envipath_prediction,envipath_bbd_rules_multistep,False,FR-BBD3-PARENT-c0426__sp05,5,6,"[""FR-BBD3-PARENT-c0426__n00000"", ""FR-BBD3-PARENT-c0426__n00001"", ""FR-BBD3-PARENT-c0426__n00003"", ""FR-BBD3-PARENT-c0426__n00009"", ""FR-BBD3-PARENT-c0426__n00017"", ""FR-BBD3-PARENT-c0426__n00026"", ""FR-BBD3-PARENT-c0426__n00053""]","[""c1ccc2c(c1)Oc1ccccc1O2"", ""Oc1ccccc1Oc1cccc(O)c1O"", ""Oc1ccc(O)c(O)c1O"", ""Oc1cc(O)c(O)c(O)c1O"", ""O=C1C(O)=C(O)CC(O)C1O"", ""O=C1CC(O)=C(O)C(=O)C1O"", ""O=C1CC(O)C(O)C(=O)C1O""]","[""NFBOHOGPQUYFRF-UHFFFAOYSA-N"", ""XEAZDMSYJLCYDK-UHFFFAOYSA-N"", ""VERMEZLHWFHDLK-UHFFFAOYSA-N"", ""RUFWIGMRKSSQJC-UHFFFAOYSA-N"", ""ZWVZELMXEUCRGC-UHFFFAOYSA-N"", ""JNRPSPHPJGQAHU-UHFFFAOYSA-N"", ""AHGKUKXHBMZGKI-UHFFFAOYSA-N""]","[""FR-BBD3-PARENT-c0426__e00001"", ""FR-BBD3-PARENT-c0426__e00003"", ""FR-BBD3-PARENT-c0426__e00009"", ""FR-BBD3-PARENT-c0426__e00020"", ""FR-BBD3-PARENT-c0426__e00034"", ""FR-BBD3-PARENT-c0426__e00097""]","[1.0, 1.0, 1.0, 1.0, 1.0, 1.0]","[""multi_generation_edge_probability"", ""multi_generation_edge_probability"", ""multi_generation_edge_probability"", ""multi_generation_edge_probability"", ""multi_generation_edge_probability"", ""multi_generation_edge_probability""]",1.0,path_probability_product,simple_acyclic_path,max_depth_reached,True,False,False,False,False,False,False,False
FR-BBD3-PARENT-c0426,scope_a_old83_compatible,Dibenzo-p-dioxin,other_eawag_bbd_xenobiotic,envipath_prediction,envipath_bbd_rules_multistep,False,FR-BBD3-PARENT-c0426__sp06,6,6,"[""FR-BBD3-PARENT-c0426__n00000"", ""FR-BBD3-PARENT-c0426__n00001"", ""FR-BBD3-PARENT-c0426__n00003"", ""FR-BBD3-PARENT-c0426__n00009"", ""FR-BBD3-PARENT-c0426__n00017"", ""FR-BBD3-PARENT-c0426__n00026"", ""FR-BBD3-PARENT-c0426__n00088""]","[""c1ccc2c(c1)Oc1ccccc1O2"", ""Oc1ccccc1Oc1cccc(O)c1O"", ""Oc1ccc(O)c(O)c1O"", ""Oc1cc(O)c(O)c(O)c1O"", ""O=C1C(O)=C(O)CC(O)C1O"", ""O=C1CC(O)=C(O)C(=O)C1O"", ""O=C1C(=O)C(O)C(=O)CC1O""]","[""NFBOHOGPQUYFRF-UHFFFAOYSA-N"", ""XEAZDMSYJLCYDK-UHFFFAOYSA-N"", ""VERMEZLHWFHDLK-UHFFFAOYSA-N"", ""RUFWIGMRKSSQJC-UHFFFAOYSA-N"", ""ZWVZELMXEUCRGC-UHFFFAOYSA-N"", ""JNRPSPHPJGQAHU-UHFFFAOYSA-N"", ""TWORMWBVSZNTHO-UHFFFAOYSA-N""]","[""FR-BBD3-PARENT-c0426__e00001"", ""FR-BBD3-PARENT-c0426__e00003"", ""FR-BBD3-PARENT-c0426__e00009"", ""FR-BBD3-PARENT-c0426__e00020"", ""FR-BBD3-PARENT-c0426__e00034"", ""FR-BBD3-PARENT-c0426__e00102""]","[1.0, 1.0, 1.0, 1.0, 1.0, 1.0]","[""multi_generation_edge_probability"", ""multi_generation_edge_probability"", ""multi_generation_edge_probability"", ""multi_generation_edge_probability"", ""multi_generation_edge_probability"", ""multi_generation_edge_probability""]",1.0,path_probability_product,simple_acyclic_path,max_depth_reached,True,False,False,False,False,False,False,False
FR-BBD3-PARENT-c0426,scope_a_old83_compatible,Dibenzo-p-dioxin,other_eawag_bbd_xenobiotic,envipath_prediction,envipath_bbd_rules_multistep,False,FR-BBD3-PARENT-c0426__sp07,7,6,"[""FR-BBD3-PARENT-c0426__n00000"", ""FR-BBD3-PARENT-c0426__n00001"", ""FR-BBD3-PARENT-c0426__n00003"", ""FR-BBD3-PARENT-c0426__n00009"", ""FR-BBD3-PARENT-c0426__n00017"", ""FR-BBD3-PARENT-c0426__n00031"", ""FR-BBD3-PARENT-c0426__n00059""]","[""c1ccc2c(c1)Oc1ccccc1O2"", ""Oc1ccccc1Oc1cccc(O)c1O"", ""Oc1ccc(O)c(O)c1O"", ""Oc1cc(O)c(O)c(O)c1O"", ""O=C1C(O)=C(O)CC(O)C1O"", ""O=C1OC(O)=C(O)CC(O)C1O"", ""O=C1OC(=O)C(O)C(O)CC1O""]","[""NFBOHOGPQUYFRF-UHFFFAOYSA-N"", ""XEAZDMSYJLCYDK-UHFFFAOYSA-N"", ""VERMEZLHWFHDLK-UHFFFAOYSA-N"", ""RUFWIGMRKSSQJC-UHFFFAOYSA-N"", ""ZWVZELMXEUCRGC-UHFFFAOYSA-N"", ""WTLMHSPZCZBBAU-UHFFFAOYSA-N"", ""HZEOXCWMVUKWNX-UHFFFAOYSA-N""]","[""FR-BBD3-PARENT-c0426__e00001"", ""FR-BBD3-PARENT-c0426__e00003"", ""FR-BBD3-PARENT-c0426__e00009"", ""FR-BBD3-PARENT-c0426__e00020"", ""FR-BBD3-PARENT-c0426__e00039"", ""FR-BBD3-PARENT-c0426__e00067""]","[1.0, 1.0, 1.0, 1.0, 1.0, 1.0]","[""multi_generation_edge_probability"", ""multi_generation_edge_probability"", ""multi_generation_edge_probability"", ""multi_generation_edge_probability"", ""multi_generation_edge_probability"", ""multi_generation_edge_probability""]",1.0,path_probability_product,simple_acyclic_path,max_depth_reached,True,False,False,False,False,False,False,False
FR-BBD3-PARENT-c0426,scope_a_old83_compatible,Dibenzo-p-dioxin,other_eawag_bbd_xenobiotic,envipath_prediction,envipath_bbd_rules_multistep,False,FR-BBD3-PARENT-c0426__sp08,8,6,"[""FR-BBD3-PARENT-c0426__n00000"", ""FR-BBD3-PARENT-c0426__n00001"", ""FR-BBD3-PARENT-c0426__n00003"", ""FR-BBD3-PARENT-c0426__n00009"", ""FR-BBD3-PARENT-c0426__n00017"", ""FR-BBD3-PARENT-c0426__n00031"", ""FR-BBD3-PARENT-c0426__n00067""]","[""c1ccc2c(c1)Oc1ccccc1O2"", ""Oc1ccccc1Oc1cccc(O)c1O"", ""Oc1ccc(O)c(O)c1O"", ""Oc1cc(O)c(O)c(O)c1O"", ""O=C1C(O)=C(O)CC(O)C1O"", ""O=C1OC(O)=C(O)CC(O)C1O"", ""O=C1OC(O)C(O)CC(O)C1O""]","[""NFBOHOGPQUYFRF-UHFFFAOYSA-N"", ""XEAZDMSYJLCYDK-UHFFFAOYSA-N"", ""VERMEZLHWFHDLK-UHFFFAOYSA-N"", ""RUFWIGMRKSSQJC-UHFFFAOYSA-N"", ""ZWVZELMXEUCRGC-UHFFFAOYSA-N"", ""WTLMHSPZCZBBAU-UHFFFAOYSA-N"", ""AXYZVKOVJXUGMC-UHFFFAOYSA-N""]","[""FR-BBD3-PARENT-c0426__e00001"", ""FR-BBD3-PARENT-c0426__e00003"", ""FR-BBD3-PARENT-c0426__e00009"", ""FR-BBD3-PARENT-c0426__e00020"", ""FR-BBD3-PARENT-c0426__e00039"", ""FR-BBD3-PARENT-c0426__e00077""]","[1.0, 1.0, 1.0, 1.0, 1.0, 1.0]","[""multi_generation_edge_probability"", ""multi_generation_edge_probability"", ""multi_generation_edge_probability"", ""multi_generation_edge_probability"", ""multi_generation_edge_probability"", ""multi_generation_edge_probability""]",1.0,path_probability_product,simple_acyclic_path,max_depth_reached,True,False,False,False,False,False,False,False
FR-BBD3-PARENT-c0426,scope_a_old83_compatible,Dibenzo-p-dioxin,other_eawag_bbd_xenobiotic,envipath_prediction,envipath_bbd_rules_multistep,False,FR-BBD3-PARENT-c0426__sp09,9,6,"[""FR-BBD3-PARENT-c0426__n00000"", ""FR-BBD3-PARENT-c0426__n00001"", ""FR-BBD3-PARENT-c0426__n00003"", ""FR-BBD3-PARENT-c0426__n00009"", ""FR-BBD3-PARENT-c0426__n00017"", ""FR-BBD3-PARENT-c0426__n00031"", ""FR-BBD3-PARENT-c0426__n00075""]","[""c1ccc2c(c1)Oc1ccccc1O2"", ""Oc1ccccc1Oc1cccc(O)c1O"", ""Oc1ccc(O)c(O)c1O"", ""Oc1cc(O)c(O)c(O)c1O"", ""O=C1C(O)=C(O)CC(O)C1O"", ""O=C1OC(O)=C(O)CC(O)C1O"", ""O=C1CC(O)=C(O)OC(=O)C1O""]","[""NFBOHOGPQUYFRF-UHFFFAOYSA-N"", ""XEAZDMSYJLCYDK-UHFFFAOYSA-N"", ""VERMEZLHWFHDLK-UHFFFAOYSA-N"", ""RUFWIGMRKSSQJC-UHFFFAOYSA-N"", ""ZWVZELMXEUCRGC-UHFFFAOYSA-N"", ""WTLMHSPZCZBBAU-UHFFFAOYSA-N"", ""PPJMJHNXFWWVOC-UHFFFAOYSA-N""]","[""FR-BBD3-PARENT-c0426__e00001"", ""FR-BBD3-PARENT-c0426__e00003"", ""FR-BBD3-PARENT-c0426__e00009"", ""FR-BBD3-PARENT-c0426__e00020"", ""FR-BBD3-PARENT-c0426__e00039"", ""FR-BBD3-PARENT-c0426__e00087""]","[1.0, 1.0, 1.0, 1.0, 1.0, 1.0]","[""multi_generation_edge_probability"", ""multi_generation_edge_probability"", ""multi_generation_edge_probability"", ""multi_generation_edge_probability"", ""multi_generation_edge_probability"", ""multi_generation_edge_probability""]",1.0,path_probability_product,simple_acyclic_path,max_depth_reached,True,False,False,False,False,False,False,False
FR-BBD3-PARENT-c0426,scope_a_old83_compatible,Dibenzo-p-dioxin,other_eawag_bbd_xenobiotic,envipath_prediction,envipath_bbd_rules_multistep,False,FR-BBD3-PARENT-c0426__sp10,10,6,"[""FR-BBD3-PARENT-c0426__n00000"", ""FR-BBD3-PARENT-c0426__n00001"", ""FR-BBD3-PARENT-c0426__n00003"", ""FR-BBD3-PARENT-c0426__n00009"", ""FR-BBD3-PARENT-c0426__n00017"", ""FR-BBD3-PARENT-c0426__n00031"", ""FR-BBD3-PARENT-c0426__n00081""]","[""c1ccc2c(c1)Oc1ccccc1O2"", ""Oc1ccccc1Oc1cccc(O)c1O"", ""Oc1ccc(O)c(O)c1O"", ""Oc1cc(O)c(O)c(O)c1O"", ""O=C1C(O)=C(O)CC(O)C1O"", ""O=C1OC(O)=C(O)CC(O)C1O"", ""O=C(O)C(O)C(O)CC(O)=C(O)O""]","[""NFBOHOGPQUYFRF-UHFFFAOYSA-N"", ""XEAZDMSYJLCYDK-UHFFFAOYSA-N"", ""VERMEZLHWFHDLK-UHFFFAOYSA-N"", ""RUFWIGMRKSSQJC-UHFFFAOYSA-N"", ""ZWVZELMXEUCRGC-UHFFFAOYSA-N"", ""WTLMHSPZCZBBAU-UHFFFAOYSA-N"", ""PRPOMFXBKFFJIU-UHFFFAOYSA-N""]","[""FR-BBD3-PARENT-c0426__e00001"", ""FR-BBD3-PARENT-c0426__e00003"", ""FR-BBD3-PARENT-c0426__e00009"", ""FR-BBD3-PARENT-c0426__e00020"", ""FR-BBD3-PARENT-c0426__e00039"", ""FR-BBD3-PARENT-c0426__e00093""]","[1.0, 1.0, 1.0, 1.0, 1.0, 1.0]","[""multi_generation_edge_probability"", ""multi_generation_edge_probability"", ""multi_generation_edge_probability"", ""multi_generation_edge_probability"", ""multi_generation_edge_probability"", ""multi_generation_edge_probability""]",1.0,path_probability_product,simple_acyclic_path,max_depth_reached,True,False,False,False,False,False,False,False
FR-BBD3-PARENT-c0432,scope_a_old83_compatible,epsilon -Caprolactam,other_eawag_bbd_xenobiotic,envipath_prediction,envipath_bbd_rules_multistep,False,FR-BBD3-PARENT-c0432__sp01,1,3,"[""FR-BBD3-PARENT-c0432__n00000"", ""FR-BBD3-PARENT-c0432__n00001"", ""FR-BBD3-PARENT-c0432__n00004"", ""FR-BBD3-PARENT-c0432__n00006""]","[""O=C1CCCCCN1"", ""O=C1CC(O)CCCN1"", ""NCCCC(O)CC(=O)O"", ""N""]","[""JBKVHLHDHHXQEQ-UHFFFAOYSA-N"", ""XVDBDDBVVSJTIF-UHFFFAOYSA-N"", ""QAMKYKJQNLRRAJ-UHFFFAOYSA-N"", ""QGZKDVFQNNGYKY-UHFFFAOYSA-N""]","[""FR-BBD3-PARENT-c0432__e00001"", ""FR-BBD3-PARENT-c0432__e00004"", ""FR-BBD3-PARENT-c0432__e00012""]","[1.0, 1.0, 1.0]","[""multi_generation_edge_probability"", ""multi_generation_edge_probability"", ""multi_generation_edge_probability""]",1.0,path_probability_product,simple_acyclic_path,frontier_empty,True,False,False,False,False,False,False,False
FR-BBD3-PARENT-c0432,scope_a_old83_compatible,epsilon -Caprolactam,other_eawag_bbd_xenobiotic,envipath_prediction,envipath_bbd_rules_multistep,False,FR-BBD3-PARENT-c0432__sp02,2,3,"[""FR-BBD3-PARENT-c0432__n00000"", ""FR-BBD3-PARENT-c0432__n00001"", ""FR-BBD3-PARENT-c0432__n00004"", ""FR-BBD3-PARENT-c0432__n00017""]","[""O=C1CCCCCN1"", ""O=C1CC(O)CCCN1"", ""NCCCC(O)CC(=O)O"", ""O=CCCC(O)CC(=O)O""]","[""JBKVHLHDHHXQEQ-UHFFFAOYSA-N"", ""XVDBDDBVVSJTIF-UHFFFAOYSA-N"", ""QAMKYKJQNLRRAJ-UHFFFAOYSA-N"", ""NIVGPRREFKECGM-UHFFFAOYSA-N""]","[""FR-BBD3-PARENT-c0432__e00001"", ""FR-BBD3-PARENT-c0432__e00004"", ""FR-BBD3-PARENT-c0432__e00018""]","[1.0, 1.0, 1.0]","[""multi_generation_edge_probability"", ""multi_generation_edge_probability"", ""multi_generation_edge_probability""]",1.0,path_probability_product,simple_acyclic_path,frontier_empty,True,False,False,False,False,False,False,False
FR-BBD3-PARENT-c0432,scope_a_old83_compatible,epsilon -Caprolactam,other_eawag_bbd_xenobiotic,envipath_prediction,envipath_bbd_rules_multistep,False,FR-BBD3-PARENT-c0432__sp03,3,3,"[""FR-BBD3-PARENT-c0432__n00000"", ""FR-BBD3-PARENT-c0432__n00001"", ""FR-BBD3-PARENT-c0432__n00004"", ""FR-BBD3-PARENT-c0432__n00022""]","[""O=C1CCCCCN1"", ""O=C1CC(O)CCCN1"", ""NCCCC(O)CC(=O)O"", ""NCCC(O)C(O)CC(=O)O""]","[""JBKVHLHDHHXQEQ-UHFFFAOYSA-N"", ""XVDBDDBVVSJTIF-UHFFFAOYSA-N"", ""QAMKYKJQNLRRAJ-UHFFFAOYSA-N"", ""LJXVHPSFRDKRTJ-UHFFFAOYSA-N""]","[""FR-BBD3-PARENT-c0432__e00001"", ""FR-BBD3-PARENT-c0432__e00004"", ""FR-BBD3-PARENT-c0432__e00023""]","[1.0, 1.0, 1.0]","[""multi_generation_edge_probability"", ""multi_generation_edge_probability"", ""multi_generation_edge_probability""]",1.0,path_probability_product,simple_acyclic_path,frontier_empty,True,False,False,False,False,False,False,False
FR-BBD3-PARENT-c0432,scope_a_old83_compatible,epsilon -Caprolactam,other_eawag_bbd_xenobiotic,envipath_prediction,envipath_bbd_rules_multistep,False,FR-BBD3-PARENT-c0432__sp04,4,3,"[""FR-BBD3-PARENT-c0432__n00000"", ""FR-BBD3-PARENT-c0432__n00001"", ""FR-BBD3-PARENT-c0432__n00004"", ""FR-BBD3-PARENT-c0432__n00026""]","[""O=C1CCCCCN1"", ""O=C1CC(O)CCCN1"", ""NCCCC(O)CC(=O)O"", ""NCC(O)CC(O)CC(=O)O""]","[""JBKVHLHDHHXQEQ-UHFFFAOYSA-N"", ""XVDBDDBVVSJTIF-UHFFFAOYSA-N"", ""QAMKYKJQNLRRAJ-UHFFFAOYSA-N"", ""HREZNCLHFYGGIK-UHFFFAOYSA-N""]","[""FR-BBD3-PARENT-c0432__e00001"", ""FR-BBD3-PARENT-c0432__e00004"", ""FR-BBD3-PARENT-c0432__e00027""]","[1.0, 1.0, 1.0]","[""multi_generation_edge_probability"", ""multi_generation_edge_probability"", ""multi_generation_edge_probability""]",1.0,path_probability_product,simple_acyclic_path,frontier_empty,True,False,False,False,False,False,False,False
FR-BBD3-PARENT-c0432,scope_a_old83_compatible,epsilon -Caprolactam,other_eawag_bbd_xenobiotic,envipath_prediction,envipath_bbd_rules_multistep,False,FR-BBD3-PARENT-c0432__sp05,5,3,"[""FR-BBD3-PARENT-c0432__n00000"", ""FR-BBD3-PARENT-c0432__n00001"", ""FR-BBD3-PARENT-c0432__n00007"", ""FR-BBD3-PARENT-c0432__n00012""]","[""O=C1CCCCCN1"", ""O=C1CC(O)CCCN1"", ""O=C1CCCNC(=O)C1"", ""NCCCC(=O)CC(=O)O""]","[""JBKVHLHDHHXQEQ-UHFFFAOYSA-N"", ""XVDBDDBVVSJTIF-UHFFFAOYSA-N"", ""IRSLHFZTRANCOL-UHFFFAOYSA-N"", ""PUIRLTLMCJRHFF-UHFFFAOYSA-N""]","[""FR-BBD3-PARENT-c0432__e00001"", ""FR-BBD3-PARENT-c0432__e00007"", ""FR-BBD3-PARENT-c0432__e00013""]","[1.0, 1.0, 1.0]","[""multi_generation_edge_probability"", ""multi_generation_edge_probability"", ""multi_generation_edge_probability""]",1.0,path_probability_product,simple_acyclic_path,frontier_empty,True,False,False,False,False,False,False,False
FR-BBD3-PARENT-c0432,scope_a_old83_compatible,epsilon -Caprolactam,other_eawag_bbd_xenobiotic,envipath_prediction,envipath_bbd_rules_multistep,False,FR-BBD3-PARENT-c0432__sp06,6,3,"[""FR-BBD3-PARENT-c0432__n00000"", ""FR-BBD3-PARENT-c0432__n00002"", ""FR-BBD3-PARENT-c0432__n00005"", ""FR-BBD3-PARENT-c0432__n00013""]","[""O=C1CCCCCN1"", ""O=C1CCC(O)CCN1"", ""O=C1CCNC(=O)CC1"", ""O=C1CCOC(=O)CCN1""]","[""JBKVHLHDHHXQEQ-UHFFFAOYSA-N"", ""XBDAMCICMBRGSN-UHFFFAOYSA-N"", ""LXHOPZDMESSDCP-UHFFFAOYSA-N"", ""RBEDHYCPERDRDY-UHFFFAOYSA-N""]","[""FR-BBD3-PARENT-c0432__e00002"", ""FR-BBD3-PARENT-c0432__e00005"", ""FR-BBD3-PARENT-c0432__e00014""]","[1.0, 1.0, 1.0]","[""multi_generation_edge_probability"", ""multi_generation_edge_probability"", ""multi_generation_edge_probability""]",1.0,path_probability_product,simple_acyclic_path,frontier_empty,True,False,False,False,False,False,False,False
FR-BBD3-PARENT-c0432,scope_a_old83_compatible,epsilon -Caprolactam,other_eawag_bbd_xenobiotic,envipath_prediction,envipath_bbd_rules_multistep,False,FR-BBD3-PARENT-c0432__sp07,7,3,"[""FR-BBD3-PARENT-c0432__n00000"", ""FR-BBD3-PARENT-c0432__n00002"", ""FR-BBD3-PARENT-c0432__n00005"", ""FR-BBD3-PARENT-c0432__n00018""]","[""O=C1CCCCCN1"", ""O=C1CCC(O)CCN1"", ""O=C1CCNC(=O)CC1"", ""O=C1CCC(=O)OCCN1""]","[""JBKVHLHDHHXQEQ-UHFFFAOYSA-N"", ""XBDAMCICMBRGSN-UHFFFAOYSA-N"", ""LXHOPZDMESSDCP-UHFFFAOYSA-N"", ""VETDMDKGJCLMLR-UHFFFAOYSA-N""]","[""FR-BBD3-PARENT-c0432__e00002"", ""FR-BBD3-PARENT-c0432__e00005"", ""FR-BBD3-PARENT-c0432__e00019""]","[1.0, 1.0, 1.0]","[""multi_generation_edge_probability"", ""multi_generation_edge_probability"", ""multi_generation_edge_probability""]",1.0,path_probability_product,simple_acyclic_path,frontier_empty,True,False,False,False,False,False,False,False
FR-BBD3-PARENT-c0432,scope_a_old83_compatible,epsilon -Caprolactam,other_eawag_bbd_xenobiotic,envipath_prediction,envipath_bbd_rules_multistep,False,FR-BBD3-PARENT-c0432__sp08,8,3,"[""FR-BBD3-PARENT-c0432__n00000"", ""FR-BBD3-PARENT-c0432__n00002"", ""FR-BBD3-PARENT-c0432__n00005"", ""FR-BBD3-PARENT-c0432__n00023""]","[""O=C1CCCCCN1"", ""O=C1CCC(O)CCN1"", ""O=C1CCNC(=O)CC1"", ""NCCC(=O)CCC(=O)O""]","[""JBKVHLHDHHXQEQ-UHFFFAOYSA-N"", ""XBDAMCICMBRGSN-UHFFFAOYSA-N"", ""LXHOPZDMESSDCP-UHFFFAOYSA-N"", ""ASOARLMYRNQLIL-UHFFFAOYSA-N""]","[""FR-BBD3-PARENT-c0432__e00002"", ""FR-BBD3-PARENT-c0432__e00005"", ""FR-BBD3-PARENT-c0432__e00024""]","[1.0, 1.0, 1.0]","[""multi_generation_edge_probability"", ""multi_generation_edge_probability"", ""multi_generation_edge_probability""]",1.0,path_probability_product,simple_acyclic_path,frontier_empty,True,False,False,False,False,False,False,False
FR-BBD3-PARENT-c0432,scope_a_old83_compatible,epsilon -Caprolactam,other_eawag_bbd_xenobiotic,envipath_prediction,envipath_bbd_rules_multistep,False,FR-BBD3-PARENT-c0432__sp09,9,3,"[""FR-BBD3-PARENT-c0432__n00000"", ""FR-BBD3-PARENT-c0432__n00002"", ""FR-BBD3-PARENT-c0432__n00008"", ""FR-BBD3-PARENT-c0432__n00019""]","[""O=C1CCCCCN1"", ""O=C1CCC(O)CCN1"", ""NCCC(O)CCC(=O)O"", ""O=CCC(O)CCC(=O)O""]","[""JBKVHLHDHHXQEQ-UHFFFAOYSA-N"", ""XBDAMCICMBRGSN-UHFFFAOYSA-N"", ""HLSZGDRVQUSUIE-UHFFFAOYSA-N"", ""PWKUZLQTVKQBBE-UHFFFAOYSA-N""]","[""FR-BBD3-PARENT-c0432__e00002"", ""FR-BBD3-PARENT-c0432__e00008"", ""FR-BBD3-PARENT-c0432__e00020""]","[1.0, 1.0, 1.0]","[""multi_generation_edge_probability"", ""multi_generation_edge_probability"", ""multi_generation_edge_probability""]",1.0,path_probability_product,simple_acyclic_path,frontier_empty,True,False,False,False,False,False,False,False
FR-BBD3-PARENT-c0432,scope_a_old83_compatible,epsilon -Caprolactam,other_eawag_bbd_xenobiotic,envipath_prediction,envipath_bbd_rules_multistep,False,FR-BBD3-PARENT-c0432__sp10,10,3,"[""FR-BBD3-PARENT-c0432__n00000"", ""FR-BBD3-PARENT-c0432__n00002"", ""FR-BBD3-PARENT-c0432__n00008"", ""FR-BBD3-PARENT-c0432__n00029""]","[""O=C1CCCCCN1"", ""O=C1CCC(O)CCN1"", ""NCCC(O)CCC(=O)O"", ""NCCC(O)CC(O)C(=O)O""]","[""JBKVHLHDHHXQEQ-UHFFFAOYSA-N"", ""XBDAMCICMBRGSN-UHFFFAOYSA-N"", ""HLSZGDRVQUSUIE-UHFFFAOYSA-N"", ""OFKRFBDIJDHCFL-UHFFFAOYSA-N""]","[""FR-BBD3-PARENT-c0432__e00002"", ""FR-BBD3-PARENT-c0432__e00008"", ""FR-BBD3-PARENT-c0432__e00030""]","[1.0, 1.0, 1.0]","[""multi_generation_edge_probability"", ""multi_generation_edge_probability"", ""multi_generation_edge_probability""]",1.0,path_probability_product,simple_acyclic_path,frontier_empty,True,False,False,False,False,False,False,False
FR-BBD3-PARENT-c0480,scope_a_old83_compatible,Bromoxynil,halogenated_compound,envipath_prediction,envipath_bbd_rules_multistep,False,FR-BBD3-PARENT-c0480__sp01,1,6,"[""FR-BBD3-PARENT-c0480__n00000"", ""FR-BBD3-PARENT-c0480__n00001"", ""FR-BBD3-PARENT-c0480__n00004"", ""FR-BBD3-PARENT-c0480__n00006"", ""FR-BBD3-PARENT-c0480__n00011"", ""FR-BBD3-PARENT-c0480__n00014"", ""FR-BBD3-PARENT-c0480__n00016""]","[""N#Cc1cc(Br)c(O)c(Br)c1"", ""N#Cc1ccc(O)c(Br)c1"", ""Oc1ccc(O)c(Br)c1"", ""O=C(O)CC(=O)C=C(Br)C(=O)O"", ""O=C(O)CC(=O)CC(Br)C(=O)O"", ""O=C(O)CC(=O)C(O)C(Br)C(=O)O"", ""O=C(O)CC(=O)C(O)CC(=O)O""]","[""UPMXNNIRAGDFEH-UHFFFAOYSA-N"", ""HLHNOIAOWQFNGW-UHFFFAOYSA-N"", ""REFDOIWRJDGBHY-UHFFFAOYSA-N"", ""BUEHDPHFFMWTBP-UHFFFAOYSA-N"", ""AYPDGXYKJWGICY-UHFFFAOYSA-N"", ""ZUWBYCQMAVZIPY-UHFFFAOYSA-N"", ""PWBJJJTVKJNWGS-UHFFFAOYSA-N""]","[""FR-BBD3-PARENT-c0480__e00001"", ""FR-BBD3-PARENT-c0480__e00004"", ""FR-BBD3-PARENT-c0480__e00013"", ""FR-BBD3-PARENT-c0480__e00011"", ""FR-BBD3-PARENT-c0480__e00023"", ""FR-BBD3-PARENT-c0480__e00017""]","[1.0, 1.0, 1.0, 1.0, 1.0, 1.0]","[""multi_generation_edge_probability"", ""multi_generation_edge_probability"", ""multi_generation_edge_probability"", ""multi_generation_edge_probability"", ""multi_generation_edge_probability"", ""multi_generation_edge_probability""]",1.0,path_probability_product,simple_acyclic_path,max_depth_reached,True,False,False,False,False,False,False,False
FR-BBD3-PARENT-c0480,scope_a_old83_compatible,Bromoxynil,halogenated_compound,envipath_prediction,envipath_bbd_rules_multistep,False,FR-BBD3-PARENT-c0480__sp02,2,6,"[""FR-BBD3-PARENT-c0480__n00000"", ""FR-BBD3-PARENT-c0480__n00001"", ""FR-BBD3-PARENT-c0480__n00004"", ""FR-BBD3-PARENT-c0480__n00006"", ""FR-BBD3-PARENT-c0480__n00011"", ""FR-BBD3-PARENT-c0480__n00014"", ""FR-BBD3-PARENT-c0480__n00021""]","[""N#Cc1cc(Br)c(O)c(Br)c1"", ""N#Cc1ccc(O)c(Br)c1"", ""Oc1ccc(O)c(Br)c1"", ""O=C(O)CC(=O)C=C(Br)C(=O)O"", ""O=C(O)CC(=O)CC(Br)C(=O)O"", ""O=C(O)CC(=O)C(O)C(Br)C(=O)O"", ""O=C(O)CC(=O)C(=O)C(Br)C(=O)O""]","[""UPMXNNIRAGDFEH-UHFFFAOYSA-N"", ""HLHNOIAOWQFNGW-UHFFFAOYSA-N"", ""REFDOIWRJDGBHY-UHFFFAOYSA-N"", ""BUEHDPHFFMWTBP-UHFFFAOYSA-N"", ""AYPDGXYKJWGICY-UHFFFAOYSA-N"", ""ZUWBYCQMAVZIPY-UHFFFAOYSA-N"", ""ZTHYWJYXHXVODE-UHFFFAOYSA-N""]","[""FR-BBD3-PARENT-c0480__e00001"", ""FR-BBD3-PARENT-c0480__e00004"", ""FR-BBD3-PARENT-c0480__e00013"", ""FR-BBD3-PARENT-c0480__e00011"", ""FR-BBD3-PARENT-c0480__e00023"", ""FR-BBD3-PARENT-c0480__e00024""]","[1.0, 1.0, 1.0, 1.0, 1.0, 1.0]","[""multi_generation_edge_probability"", ""multi_generation_edge_probability"", ""multi_generation_edge_probability"", ""multi_generation_edge_probability"", ""multi_generation_edge_probability"", ""multi_generation_edge_probability""]",1.0,path_probability_product,simple_acyclic_path,max_depth_reached,True,False,False,False,False,False,False,False
FR-BBD3-PARENT-c0480,scope_a_old83_compatible,Bromoxynil,halogenated_compound,envipath_prediction,envipath_bbd_rules_multistep,False,FR-BBD3-PARENT-c0480__sp03,3,5,"[""FR-BBD3-PARENT-c0480__n00000"", ""FR-BBD3-PARENT-c0480__n00001"", ""FR-BBD3-PARENT-c0480__n00004"", ""FR-BBD3-PARENT-c0480__n00006"", ""FR-BBD3-PARENT-c0480__n00011"", ""FR-BBD3-PARENT-c0480__n00022""]","[""N#Cc1cc(Br)c(O)c(Br)c1"", ""N#Cc1ccc(O)c(Br)c1"", ""Oc1ccc(O)c(Br)c1"", ""O=C(O)CC(=O)C=C(Br)C(=O)O"", ""O=C(O)CC(=O)CC(Br)C(=O)O"", ""O=C(O)C(Br)CC(=O)C(O)C(=O)O""]","[""UPMXNNIRAGDFEH-UHFFFAOYSA-N"", ""HLHNOIAOWQFNGW-UHFFFAOYSA-N"", ""REFDOIWRJDGBHY-UHFFFAOYSA-N"", ""BUEHDPHFFMWTBP-UHFFFAOYSA-N"", ""AYPDGXYKJWGICY-UHFFFAOYSA-N"", ""NDHZLHDTUHSBAU-UHFFFAOYSA-N""]","[""FR-BBD3-PARENT-c0480__e00001"", ""FR-BBD3-PARENT-c0480__e00004"", ""FR-BBD3-PARENT-c0480__e00013"", ""FR-BBD3-PARENT-c0480__e00011"", ""FR-BBD3-PARENT-c0480__e00025""]","[1.0, 1.0, 1.0, 1.0, 1.0]","[""multi_generation_edge_probability"", ""multi_generation_edge_probability"", ""multi_generation_edge_probability"", ""multi_generation_edge_probability"", ""multi_generation_edge_probability""]",1.0,path_probability_product,simple_acyclic_path,frontier_empty,True,False,False,False,False,False,False,False
FR-BBD3-PARENT-c0480,scope_a_old83_compatible,Bromoxynil,halogenated_compound,envipath_prediction,envipath_bbd_rules_multistep,False,FR-BBD3-PARENT-c0480__sp04,4,5,"[""FR-BBD3-PARENT-c0480__n00000"", ""FR-BBD3-PARENT-c0480__n00001"", ""FR-BBD3-PARENT-c0480__n00004"", ""FR-BBD3-PARENT-c0480__n00006"", ""FR-BBD3-PARENT-c0480__n00012"", ""FR-BBD3-PARENT-c0480__n00017""]","[""N#Cc1cc(Br)c(O)c(Br)c1"", ""N#Cc1ccc(O)c(Br)c1"", ""Oc1ccc(O)c(Br)c1"", ""O=C(O)CC(=O)C=C(Br)C(=O)O"", ""O=C(O)CC(=O)CC(O)(Br)C(=O)O"", ""O=C(O)CC(=O)C(O)C(O)(Br)C(=O)O""]","[""UPMXNNIRAGDFEH-UHFFFAOYSA-N"", ""HLHNOIAOWQFNGW-UHFFFAOYSA-N"", ""REFDOIWRJDGBHY-UHFFFAOYSA-N"", ""BUEHDPHFFMWTBP-UHFFFAOYSA-N"", ""MAYLWJZUALFZCB-UHFFFAOYSA-N"", ""RSNZTMCGENUSHF-UHFFFAOYSA-N""]","[""FR-BBD3-PARENT-c0480__e00001"", ""FR-BBD3-PARENT-c0480__e00004"", ""FR-BBD3-PARENT-c0480__e00013"", ""FR-BBD3-PARENT-c0480__e00012"", ""FR-BBD3-PARENT-c0480__e00019""]","[1.0, 1.0, 1.0, 1.0, 1.0]","[""multi_generation_edge_probability"", ""multi_generation_edge_probability"", ""multi_generation_edge_probability"", ""multi_generation_edge_probability"", ""multi_generation_edge_probability""]",1.0,path_probability_product,simple_acyclic_path,frontier_empty,True,False,False,False,False,False,False,False
FR-BBD3-PARENT-c0480,scope_a_old83_compatible,Bromoxynil,halogenated_compound,envipath_prediction,envipath_bbd_rules_multistep,False,FR-BBD3-PARENT-c0480__sp05,5,5,"[""FR-BBD3-PARENT-c0480__n00000"", ""FR-BBD3-PARENT-c0480__n00001"", ""FR-BBD3-PARENT-c0480__n00004"", ""FR-BBD3-PARENT-c0480__n00006"", ""FR-BBD3-PARENT-c0480__n00012"", ""FR-BBD3-PARENT-c0480__n00020""]","[""N#Cc1cc(Br)c(O)c(Br)c1"", ""N#Cc1ccc(O)c(Br)c1"", ""Oc1ccc(O)c(Br)c1"", ""O=C(O)CC(=O)C=C(Br)C(=O)O"", ""O=C(O)CC(=O)CC(O)(Br)C(=O)O"", ""O=C(O)CC(=O)CC(O)C(=O)O""]","[""UPMXNNIRAGDFEH-UHFFFAOYSA-N"", ""HLHNOIAOWQFNGW-UHFFFAOYSA-N"", ""REFDOIWRJDGBHY-UHFFFAOYSA-N"", ""BUEHDPHFFMWTBP-UHFFFAOYSA-N"", ""MAYLWJZUALFZCB-UHFFFAOYSA-N"", ""IMJQBRXSCAFXSY-UHFFFAOYSA-N""]","[""FR-BBD3-PARENT-c0480__e00001"", ""FR-BBD3-PARENT-c0480__e00004"", ""FR-BBD3-PARENT-c0480__e00013"", ""FR-BBD3-PARENT-c0480__e00012"", ""FR-BBD3-PARENT-c0480__e00022""]","[1.0, 1.0, 1.0, 1.0, 1.0]","[""multi_generation_edge_probability"", ""multi_generation_edge_probability"", ""multi_generation_edge_probability"", ""multi_generation_edge_probability"", ""multi_generation_edge_probability""]",1.0,path_probability_product,simple_acyclic_path,frontier_empty,True,False,False,False,False,False,False,False
FR-BBD3-PARENT-c0480,scope_a_old83_compatible,Bromoxynil,halogenated_compound,envipath_prediction,envipath_bbd_rules_multistep,False,FR-BBD3-PARENT-c0480__sp06,6,5,"[""FR-BBD3-PARENT-c0480__n00000"", ""FR-BBD3-PARENT-c0480__n00001"", ""FR-BBD3-PARENT-c0480__n00004"", ""FR-BBD3-PARENT-c0480__n00006"", ""FR-BBD3-PARENT-c0480__n00012"", ""FR-BBD3-PARENT-c0480__n00023""]","[""N#Cc1cc(Br)c(O)c(Br)c1"", ""N#Cc1ccc(O)c(Br)c1"", ""Oc1ccc(O)c(Br)c1"", ""O=C(O)CC(=O)C=C(Br)C(=O)O"", ""O=C(O)CC(=O)CC(O)(Br)C(=O)O"", ""O=C(O)C(O)C(=O)CC(O)(Br)C(=O)O""]","[""UPMXNNIRAGDFEH-UHFFFAOYSA-N"", ""HLHNOIAOWQFNGW-UHFFFAOYSA-N"", ""REFDOIWRJDGBHY-UHFFFAOYSA-N"", ""BUEHDPHFFMWTBP-UHFFFAOYSA-N"", ""MAYLWJZUALFZCB-UHFFFAOYSA-N"", ""ZMUJHOSEQUTAOU-UHFFFAOYSA-N""]","[""FR-BBD3-PARENT-c0480__e00001"", ""FR-BBD3-PARENT-c0480__e00004"", ""FR-BBD3-PARENT-c0480__e00013"", ""FR-BBD3-PARENT-c0480__e00012"", ""FR-BBD3-PARENT-c0480__e00026""]","[1.0, 1.0, 1.0, 1.0, 1.0]","[""multi_generation_edge_probability"", ""multi_generation_edge_probability"", ""multi_generation_edge_probability"", ""multi_generation_edge_probability"", ""multi_generation_edge_probability""]",1.0,path_probability_product,simple_acyclic_path,frontier_empty,True,False,False,False,False,False,False,False
FR-BBD3-PARENT-c0480,scope_a_old83_compatible,Bromoxynil,halogenated_compound,envipath_prediction,envipath_bbd_rules_multistep,False,FR-BBD3-PARENT-c0480__sp07,7,5,"[""FR-BBD3-PARENT-c0480__n00000"", ""FR-BBD3-PARENT-c0480__n00001"", ""FR-BBD3-PARENT-c0480__n00004"", ""FR-BBD3-PARENT-c0480__n00006"", ""FR-BBD3-PARENT-c0480__n00013"", ""FR-BBD3-PARENT-c0480__n00018""]","[""N#Cc1cc(Br)c(O)c(Br)c1"", ""N#Cc1ccc(O)c(Br)c1"", ""Oc1ccc(O)c(Br)c1"", ""O=C(O)CC(=O)C=C(Br)C(=O)O"", ""O=C(O)C(Br)=CC(=O)C(O)C(=O)O"", ""O=C(O)C(O)C(=O)C(O)C(Br)C(=O)O""]","[""UPMXNNIRAGDFEH-UHFFFAOYSA-N"", ""HLHNOIAOWQFNGW-UHFFFAOYSA-N"", ""REFDOIWRJDGBHY-UHFFFAOYSA-N"", ""BUEHDPHFFMWTBP-UHFFFAOYSA-N"", ""CDLJSNCVAKTDED-UHFFFAOYSA-N"", ""KPQLVKKONQQUAE-UHFFFAOYSA-N""]","[""FR-BBD3-PARENT-c0480__e00001"", ""FR-BBD3-PARENT-c0480__e00004"", ""FR-BBD3-PARENT-c0480__e00013"", ""FR-BBD3-PARENT-c0480__e00014"", ""FR-BBD3-PARENT-c0480__e00020""]","[1.0, 1.0, 1.0, 1.0, 1.0]","[""multi_generation_edge_probability"", ""multi_generation_edge_probability"", ""multi_generation_edge_probability"", ""multi_generation_edge_probability"", ""multi_generation_edge_probability""]",1.0,path_probability_product,simple_acyclic_path,frontier_empty,True,False,False,False,False,False,False,False
FR-BBD3-PARENT-c0480,scope_a_old83_compatible,Bromoxynil,halogenated_compound,envipath_prediction,envipath_bbd_rules_multistep,False,FR-BBD3-PARENT-c0480__sp08,8,5,"[""FR-BBD3-PARENT-c0480__n00000"", ""FR-BBD3-PARENT-c0480__n00001"", ""FR-BBD3-PARENT-c0480__n00004"", ""FR-BBD3-PARENT-c0480__n00006"", ""FR-BBD3-PARENT-c0480__n00013"", ""FR-BBD3-PARENT-c0480__n00024""]","[""N#Cc1cc(Br)c(O)c(Br)c1"", ""N#Cc1ccc(O)c(Br)c1"", ""Oc1ccc(O)c(Br)c1"", ""O=C(O)CC(=O)C=C(Br)C(=O)O"", ""O=C(O)C(Br)=CC(=O)C(O)C(=O)O"", ""O=C(O)C(=O)C(=O)C=C(Br)C(=O)O""]","[""UPMXNNIRAGDFEH-UHFFFAOYSA-N"", ""HLHNOIAOWQFNGW-UHFFFAOYSA-N"", ""REFDOIWRJDGBHY-UHFFFAOYSA-N"", ""BUEHDPHFFMWTBP-UHFFFAOYSA-N"", ""CDLJSNCVAKTDED-UHFFFAOYSA-N"", ""NTJNEELQTOBROQ-UHFFFAOYSA-N""]","[""FR-BBD3-PARENT-c0480__e00001"", ""FR-BBD3-PARENT-c0480__e00004"", ""FR-BBD3-PARENT-c0480__e00013"", ""FR-BBD3-PARENT-c0480__e00014"", ""FR-BBD3-PARENT-c0480__e00027""]","[1.0, 1.0, 1.0, 1.0, 1.0]","[""multi_generation_edge_probability"", ""multi_generation_edge_probability"", ""multi_generation_edge_probability"", ""multi_generation_edge_probability"", ""multi_generation_edge_probability""]",1.0,path_probability_product,simple_acyclic_path,frontier_empty,True,False,False,False,False,False,False,False
FR-BBD3-PARENT-c0480,scope_a_old83_compatible,Bromoxynil,halogenated_compound,envipath_prediction,envipath_bbd_rules_multistep,False,FR-BBD3-PARENT-c0480__sp09,9,5,"[""FR-BBD3-PARENT-c0480__n00000"", ""FR-BBD3-PARENT-c0480__n00001"", ""FR-BBD3-PARENT-c0480__n00004"", ""FR-BBD3-PARENT-c0480__n00006"", ""FR-BBD3-PARENT-c0480__n00014"", ""FR-BBD3-PARENT-c0480__n00016""]","[""N#Cc1cc(Br)c(O)c(Br)c1"", ""N#Cc1ccc(O)c(Br)c1"", ""Oc1ccc(O)c(Br)c1"", ""O=C(O)CC(=O)C=C(Br)C(=O)O"", ""O=C(O)CC(=O)C(O)C(Br)C(=O)O"", ""O=C(O)CC(=O)C(O)CC(=O)O""]","[""UPMXNNIRAGDFEH-UHFFFAOYSA-N"", ""HLHNOIAOWQFNGW-UHFFFAOYSA-N"", ""REFDOIWRJDGBHY-UHFFFAOYSA-N"", ""BUEHDPHFFMWTBP-UHFFFAOYSA-N"", ""ZUWBYCQMAVZIPY-UHFFFAOYSA-N"", ""PWBJJJTVKJNWGS-UHFFFAOYSA-N""]","[""FR-BBD3-PARENT-c0480__e00001"", ""FR-BBD3-PARENT-c0480__e00004"", ""FR-BBD3-PARENT-c0480__e00013"", ""FR-BBD3-PARENT-c0480__e00015"", ""FR-BBD3-PARENT-c0480__e00017""]","[1.0, 1.0, 1.0, 1.0, 1.0]","[""multi_generation_edge_probability"", ""multi_generation_edge_probability"", ""multi_generation_edge_probability"", ""multi_generation_edge_probability"", ""multi_generation_edge_probability""]",1.0,path_probability_product,simple_acyclic_path,frontier_empty,True,False,False,False,False,False,False,False
FR-BBD3-PARENT-c0480,scope_a_old83_compatible,Bromoxynil,halogenated_compound,envipath_prediction,envipath_bbd_rules_multistep,False,FR-BBD3-PARENT-c0480__sp10,10,5,"[""FR-BBD3-PARENT-c0480__n00000"", ""FR-BBD3-PARENT-c0480__n00001"", ""FR-BBD3-PARENT-c0480__n00004"", ""FR-BBD3-PARENT-c0480__n00006"", ""FR-BBD3-PARENT-c0480__n00014"", ""FR-BBD3-PARENT-c0480__n00021""]","[""N#Cc1cc(Br)c(O)c(Br)c1"", ""N#Cc1ccc(O)c(Br)c1"", ""Oc1ccc(O)c(Br)c1"", ""O=C(O)CC(=O)C=C(Br)C(=O)O"", ""O=C(O)CC(=O)C(O)C(Br)C(=O)O"", ""O=C(O)CC(=O)C(=O)C(Br)C(=O)O""]","[""UPMXNNIRAGDFEH-UHFFFAOYSA-N"", ""HLHNOIAOWQFNGW-UHFFFAOYSA-N"", ""REFDOIWRJDGBHY-UHFFFAOYSA-N"", ""BUEHDPHFFMWTBP-UHFFFAOYSA-N"", ""ZUWBYCQMAVZIPY-UHFFFAOYSA-N"", ""ZTHYWJYXHXVODE-UHFFFAOYSA-N""]","[""FR-BBD3-PARENT-c0480__e00001"", ""FR-BBD3-PARENT-c0480__e00004"", ""FR-BBD3-PARENT-c0480__e00013"", ""FR-BBD3-PARENT-c0480__e00015"", ""FR-BBD3-PARENT-c0480__e00024""]","[1.0, 1.0, 1.0, 1.0, 1.0]","[""multi_generation_edge_probability"", ""multi_generation_edge_probability"", ""multi_generation_edge_probability"", ""multi_generation_edge_probability"", ""multi_generation_edge_probability""]",1.0,path_probability_product,simple_acyclic_path,frontier_empty,True,False,False,False,False,False,False,False
FR-BBD3-PARENT-c0486,scope_a_old83_compatible,Carbon Tetrachloride,halogenated_compound,envipath_prediction,envipath_bbd_rules_multistep,False,FR-BBD3-PARENT-c0486__sp01,1,4,"[""FR-BBD3-PARENT-c0486__n00000"", ""FR-BBD3-PARENT-c0486__n00001"", ""FR-BBD3-PARENT-c0486__n00002"", ""FR-BBD3-PARENT-c0486__n00003"", ""FR-BBD3-PARENT-c0486__n00004""]","[""ClC(Cl)(Cl)Cl"", ""ClC(Cl)Cl"", ""ClCCl"", ""CCl"", ""C""]","[""VZGDMQKNWNREIO-UHFFFAOYSA-N"", ""HEDRZPFGACZZDS-UHFFFAOYSA-N"", ""YMWUJEATGCHHMB-UHFFFAOYSA-N"", ""NEHMKBQYUWJMIP-UHFFFAOYSA-N"", ""VNWKTOKETHGBQD-UHFFFAOYSA-N""]","[""FR-BBD3-PARENT-c0486__e00001"", ""FR-BBD3-PARENT-c0486__e00002"", ""FR-BBD3-PARENT-c0486__e00003"", ""FR-BBD3-PARENT-c0486__e00004""]","[1.0, 1.0, 1.0, 1.0]","[""multi_generation_edge_probability"", ""multi_generation_edge_probability"", ""multi_generation_edge_probability"", ""multi_generation_edge_probability""]",1.0,path_probability_product,simple_acyclic_path,frontier_empty,True,False,False,False,False,False,False,False
FR-BBD3-PARENT-c0526,scope_a_old83_compatible,Acetylene,other_eawag_bbd_xenobiotic,envipath_prediction,envipath_bbd_rules_multistep,False,FR-BBD3-PARENT-c0526__sp01,1,6,"[""FR-BBD3-PARENT-c0526__n00000"", ""FR-BBD3-PARENT-c0526__n00001"", ""FR-BBD3-PARENT-c0526__n00005"", ""FR-BBD3-PARENT-c0526__n00007"", ""FR-BBD3-PARENT-c0526__n00006"", ""FR-BBD3-PARENT-c0526__n00008"", ""FR-BBD3-PARENT-c0526__n00009""]","[""C#C"", ""C=C"", ""C1CO1"", ""OCCO"", ""O=CCO"", ""O=C(O)CO"", ""O=CC(=O)O""]","[""HSFWRNGVRCDJHI-UHFFFAOYSA-N"", ""VGGSQFUCUMXWEO-UHFFFAOYSA-N"", ""IAYPIBMASNFSPL-UHFFFAOYSA-N"", ""LYCAIKOWRPUZTN-UHFFFAOYSA-N"", ""WGCNASOHLSPBMP-UHFFFAOYSA-N"", ""AEMRFAOFKBGASW-UHFFFAOYSA-N"", ""HHLFWLYXYJOTON-UHFFFAOYSA-N""]","[""FR-BBD3-PARENT-c0526__e00001"", ""FR-BBD3-PARENT-c0526__e00005"", ""FR-BBD3-PARENT-c0526__e00007"", ""FR-BBD3-PARENT-c0526__e00009"", ""FR-BBD3-PARENT-c0526__e00008"", ""FR-BBD3-PARENT-c0526__e00010""]","[1.0, 1.0, 1.0, 1.0, 1.0, 1.0]","[""multi_generation_edge_probability"", ""multi_generation_edge_probability"", ""multi_generation_edge_probability"", ""multi_generation_edge_probability"", ""multi_generation_edge_probability"", ""multi_generation_edge_probability""]",1.0,path_probability_product,simple_acyclic_path,max_depth_reached,True,False,False,False,False,False,False,False
FR-BBD3-PARENT-c0526,scope_a_old83_compatible,Acetylene,other_eawag_bbd_xenobiotic,envipath_prediction,envipath_bbd_rules_multistep,False,FR-BBD3-PARENT-c0526__sp02,2,5,"[""FR-BBD3-PARENT-c0526__n00000"", ""FR-BBD3-PARENT-c0526__n00002"", ""FR-BBD3-PARENT-c0526__n00006"", ""FR-BBD3-PARENT-c0526__n00008"", ""FR-BBD3-PARENT-c0526__n00009"", ""FR-BBD3-PARENT-c0526__n00010""]","[""C#C"", ""CC=O"", ""O=CCO"", ""O=C(O)CO"", ""O=CC(=O)O"", ""O=C(O)C(=O)O""]","[""HSFWRNGVRCDJHI-UHFFFAOYSA-N"", ""IKHGUXGNUITLKF-UHFFFAOYSA-N"", ""WGCNASOHLSPBMP-UHFFFAOYSA-N"", ""AEMRFAOFKBGASW-UHFFFAOYSA-N"", ""HHLFWLYXYJOTON-UHFFFAOYSA-N"", ""MUBZPKHOEPUJKR-UHFFFAOYSA-N""]","[""FR-BBD3-PARENT-c0526__e00002"", ""FR-BBD3-PARENT-c0526__e00006"", ""FR-BBD3-PARENT-c0526__e00008"", ""FR-BBD3-PARENT-c0526__e00010"", ""FR-BBD3-PARENT-c0526__e00011""]","[1.0, 1.0, 1.0, 1.0, 1.0]","[""multi_generation_edge_probability"", ""multi_generation_edge_probability"", ""multi_generation_edge_probability"", ""multi_generation_edge_probability"", ""multi_generation_edge_probability""]",1.0,path_probability_product,simple_acyclic_path,frontier_empty,True,False,False,False,False,False,False,False
FR-BBD3-PARENT-c0526,scope_a_old83_compatible,Acetylene,other_eawag_bbd_xenobiotic,envipath_prediction,envipath_bbd_rules_multistep,False,FR-BBD3-PARENT-c0526__sp03,3,2,"[""FR-BBD3-PARENT-c0526__n00000"", ""FR-BBD3-PARENT-c0526__n00001"", ""FR-BBD3-PARENT-c0526__n00003""]","[""C#C"", ""C=C"", ""CC""]","[""HSFWRNGVRCDJHI-UHFFFAOYSA-N"", ""VGGSQFUCUMXWEO-UHFFFAOYSA-N"", ""OTMSDBZUPAUEDD-UHFFFAOYSA-N""]","[""FR-BBD3-PARENT-c0526__e00001"", ""FR-BBD3-PARENT-c0526__e00003""]","[1.0, 1.0]","[""multi_generation_edge_probability"", ""multi_generation_edge_probability""]",1.0,path_probability_product,simple_acyclic_path,frontier_empty,True,False,False,False,False,False,False,False
FR-BBD3-PARENT-c0526,scope_a_old83_compatible,Acetylene,other_eawag_bbd_xenobiotic,envipath_prediction,envipath_bbd_rules_multistep,False,FR-BBD3-PARENT-c0526__sp04,4,2,"[""FR-BBD3-PARENT-c0526__n00000"", ""FR-BBD3-PARENT-c0526__n00002"", ""FR-BBD3-PARENT-c0526__n00004""]","[""C#C"", ""CC=O"", ""CC(=O)O""]","[""HSFWRNGVRCDJHI-UHFFFAOYSA-N"", ""IKHGUXGNUITLKF-UHFFFAOYSA-N"", ""QTBSBXVTEAMEQO-UHFFFAOYSA-N""]","[""FR-BBD3-PARENT-c0526__e00002"", ""FR-BBD3-PARENT-c0526__e00004""]","[1.0, 1.0]","[""multi_generation_edge_probability"", ""multi_generation_edge_probability""]",1.0,path_probability_product,simple_acyclic_path,frontier_empty,True,False,False,False,False,False,False,False
FR-BBD3-PARENT-c0563,scope_a_old83_compatible,Dodecyl sulfate,other_eawag_bbd_xenobiotic,envipath_prediction,envipath_bbd_rules_multistep,False,FR-BBD3-PARENT-c0563__sp01,1,3,"[""FR-BBD3-PARENT-c0563__n00000"", ""FR-BBD3-PARENT-c0563__n00001"", ""FR-BBD3-PARENT-c0563__n00010"", ""FR-BBD3-PARENT-c0563__n00020""]","[""CCCCCCCCCCCCOS(=O)(=O)[O-]"", ""CCCCCCCCCCC(O)COS(=O)(=O)O"", ""O=S(=O)(O)OCC(O)CCCCCCCCCCO"", ""O=S(=O)(O)OCC(O)CCCCCCCCC(O)CO""]","[""MOTZDAYCYVMXPC-UHFFFAOYSA-M"", ""GIBUJWBKWSEMQA-UHFFFAOYSA-N"", ""JNLYFDIMKDYIDW-UHFFFAOYSA-N"", ""QUIZGEYJASVWTO-UHFFFAOYSA-N""]","[""FR-BBD3-PARENT-c0563__e00001"", ""FR-BBD3-PARENT-c0563__e00010"", ""FR-BBD3-PARENT-c0563__e00021""]","[1.0, 1.0, 1.0]","[""multi_generation_edge_probability"", ""multi_generation_edge_probability"", ""multi_generation_edge_probability""]",1.0,path_probability_product,simple_acyclic_path,frontier_empty,True,False,False,False,False,False,False,False
FR-BBD3-PARENT-c0563,scope_a_old83_compatible,Dodecyl sulfate,other_eawag_bbd_xenobiotic,envipath_prediction,envipath_bbd_rules_multistep,False,FR-BBD3-PARENT-c0563__sp02,2,3,"[""FR-BBD3-PARENT-c0563__n00000"", ""FR-BBD3-PARENT-c0563__n00001"", ""FR-BBD3-PARENT-c0563__n00010"", ""FR-BBD3-PARENT-c0563__n00021""]","[""CCCCCCCCCCCCOS(=O)(=O)[O-]"", ""CCCCCCCCCCC(O)COS(=O)(=O)O"", ""O=S(=O)(O)OCC(O)CCCCCCCCCCO"", ""O=S(=O)(O)OCC(O)C(O)CCCCCCCCCO""]","[""MOTZDAYCYVMXPC-UHFFFAOYSA-M"", ""GIBUJWBKWSEMQA-UHFFFAOYSA-N"", ""JNLYFDIMKDYIDW-UHFFFAOYSA-N"", ""VKCBRLHGYZDZIS-UHFFFAOYSA-N""]","[""FR-BBD3-PARENT-c0563__e00001"", ""FR-BBD3-PARENT-c0563__e00010"", ""FR-BBD3-PARENT-c0563__e00022""]","[1.0, 1.0, 1.0]","[""multi_generation_edge_probability"", ""multi_generation_edge_probability"", ""multi_generation_edge_probability""]",1.0,path_probability_product,simple_acyclic_path,frontier_empty,True,False,False,False,False,False,False,False
FR-BBD3-PARENT-c0563,scope_a_old83_compatible,Dodecyl sulfate,other_eawag_bbd_xenobiotic,envipath_prediction,envipath_bbd_rules_multistep,False,FR-BBD3-PARENT-c0563__sp03,3,3,"[""FR-BBD3-PARENT-c0563__n00000"", ""FR-BBD3-PARENT-c0563__n00001"", ""FR-BBD3-PARENT-c0563__n00010"", ""FR-BBD3-PARENT-c0563__n00022""]","[""CCCCCCCCCCCCOS(=O)(=O)[O-]"", ""CCCCCCCCCCC(O)COS(=O)(=O)O"", ""O=S(=O)(O)OCC(O)CCCCCCCCCCO"", ""O=CCCCCCCCCCC(O)COS(=O)(=O)O""]","[""MOTZDAYCYVMXPC-UHFFFAOYSA-M"", ""GIBUJWBKWSEMQA-UHFFFAOYSA-N"", ""JNLYFDIMKDYIDW-UHFFFAOYSA-N"", ""HDWUMHXEEQEYHP-UHFFFAOYSA-N""]","[""FR-BBD3-PARENT-c0563__e00001"", ""FR-BBD3-PARENT-c0563__e00010"", ""FR-BBD3-PARENT-c0563__e00023""]","[1.0, 1.0, 1.0]","[""multi_generation_edge_probability"", ""multi_generation_edge_probability"", ""multi_generation_edge_probability""]",1.0,path_probability_product,simple_acyclic_path,frontier_empty,True,False,False,False,False,False,False,False
FR-BBD3-PARENT-c0563,scope_a_old83_compatible,Dodecyl sulfate,other_eawag_bbd_xenobiotic,envipath_prediction,envipath_bbd_rules_multistep,False,FR-BBD3-PARENT-c0563__sp04,4,3,"[""FR-BBD3-PARENT-c0563__n00000"", ""FR-BBD3-PARENT-c0563__n00001"", ""FR-BBD3-PARENT-c0563__n00010"", ""FR-BBD3-PARENT-c0563__n00023""]","[""CCCCCCCCCCCCOS(=O)(=O)[O-]"", ""CCCCCCCCCCC(O)COS(=O)(=O)O"", ""O=S(=O)(O)OCC(O)CCCCCCCCCCO"", ""OCCCCCCCCCCC(O)CO""]","[""MOTZDAYCYVMXPC-UHFFFAOYSA-M"", ""GIBUJWBKWSEMQA-UHFFFAOYSA-N"", ""JNLYFDIMKDYIDW-UHFFFAOYSA-N"", ""ADIXXDHOZJANAJ-UHFFFAOYSA-N""]","[""FR-BBD3-PARENT-c0563__e00001"", ""FR-BBD3-PARENT-c0563__e00010"", ""FR-BBD3-PARENT-c0563__e00024""]","[1.0, 1.0, 1.0]","[""multi_generation_edge_probability"", ""multi_generation_edge_probability"", ""multi_generation_edge_probability""]",1.0,path_probability_product,simple_acyclic_path,frontier_empty,True,False,False,False,False,False,False,False
FR-BBD3-PARENT-c0563,scope_a_old83_compatible,Dodecyl sulfate,other_eawag_bbd_xenobiotic,envipath_prediction,envipath_bbd_rules_multistep,False,FR-BBD3-PARENT-c0563__sp05,5,3,"[""FR-BBD3-PARENT-c0563__n00000"", ""FR-BBD3-PARENT-c0563__n00001"", ""FR-BBD3-PARENT-c0563__n00010"", ""FR-BBD3-PARENT-c0563__n00004""]","[""CCCCCCCCCCCCOS(=O)(=O)[O-]"", ""CCCCCCCCCCC(O)COS(=O)(=O)O"", ""O=S(=O)(O)OCC(O)CCCCCCCCCCO"", ""O=S(=O)(O)O""]","[""MOTZDAYCYVMXPC-UHFFFAOYSA-M"", ""GIBUJWBKWSEMQA-UHFFFAOYSA-N"", ""JNLYFDIMKDYIDW-UHFFFAOYSA-N"", ""QAOWNCQODCNURD-UHFFFAOYSA-N""]","[""FR-BBD3-PARENT-c0563__e00001"", ""FR-BBD3-PARENT-c0563__e00010"", ""FR-BBD3-PARENT-c0563__e00025""]","[1.0, 1.0, 1.0]","[""multi_generation_edge_probability"", ""multi_generation_edge_probability"", ""multi_generation_edge_probability""]",1.0,path_probability_product,simple_acyclic_path,frontier_empty,True,False,False,False,False,False,False,False
FR-BBD3-PARENT-c0563,scope_a_old83_compatible,Dodecyl sulfate,other_eawag_bbd_xenobiotic,envipath_prediction,envipath_bbd_rules_multistep,False,FR-BBD3-PARENT-c0563__sp06,6,3,"[""FR-BBD3-PARENT-c0563__n00000"", ""FR-BBD3-PARENT-c0563__n00001"", ""FR-BBD3-PARENT-c0563__n00010"", ""FR-BBD3-PARENT-c0563__n00024""]","[""CCCCCCCCCCCCOS(=O)(=O)[O-]"", ""CCCCCCCCCCC(O)COS(=O)(=O)O"", ""O=S(=O)(O)OCC(O)CCCCCCCCCCO"", ""O=C(CCCCCCCCCCO)COS(=O)(=O)O""]","[""MOTZDAYCYVMXPC-UHFFFAOYSA-M"", ""GIBUJWBKWSEMQA-UHFFFAOYSA-N"", ""JNLYFDIMKDYIDW-UHFFFAOYSA-N"", ""HIXZAVVRGFYUGD-UHFFFAOYSA-N""]","[""FR-BBD3-PARENT-c0563__e00001"", ""FR-BBD3-PARENT-c0563__e00010"", ""FR-BBD3-PARENT-c0563__e00026""]","[1.0, 1.0, 1.0]","[""multi_generation_edge_probability"", ""multi_generation_edge_probability"", ""multi_generation_edge_probability""]",1.0,path_probability_product,simple_acyclic_path,frontier_empty,True,False,False,False,False,False,False,False
FR-BBD3-PARENT-c0563,scope_a_old83_compatible,Dodecyl sulfate,other_eawag_bbd_xenobiotic,envipath_prediction,envipath_bbd_rules_multistep,False,FR-BBD3-PARENT-c0563__sp07,7,2,"[""FR-BBD3-PARENT-c0563__n00000"", ""FR-BBD3-PARENT-c0563__n00001"", ""FR-BBD3-PARENT-c0563__n00006""]","[""CCCCCCCCCCCCOS(=O)(=O)[O-]"", ""CCCCCCCCCCC(O)COS(=O)(=O)O"", ""CCCCCCCCCCC(=O)COS(=O)(=O)O""]","[""MOTZDAYCYVMXPC-UHFFFAOYSA-M"", ""GIBUJWBKWSEMQA-UHFFFAOYSA-N"", ""ZASWSLFDPJGXAQ-UHFFFAOYSA-N""]","[""FR-BBD3-PARENT-c0563__e00001"", ""FR-BBD3-PARENT-c0563__e00006""]","[1.0, 1.0]","[""multi_generation_edge_probability"", ""multi_generation_edge_probability""]",1.0,path_probability_product,simple_acyclic_path,frontier_empty,True,False,False,False,False,False,False,False
FR-BBD3-PARENT-c0563,scope_a_old83_compatible,Dodecyl sulfate,other_eawag_bbd_xenobiotic,envipath_prediction,envipath_bbd_rules_multistep,False,FR-BBD3-PARENT-c0563__sp08,8,2,"[""FR-BBD3-PARENT-c0563__n00000"", ""FR-BBD3-PARENT-c0563__n00001"", ""FR-BBD3-PARENT-c0563__n00013""]","[""CCCCCCCCCCCCOS(=O)(=O)[O-]"", ""CCCCCCCCCCC(O)COS(=O)(=O)O"", ""CCCCCCCCCC(O)C(O)COS(=O)(=O)O""]","[""MOTZDAYCYVMXPC-UHFFFAOYSA-M"", ""GIBUJWBKWSEMQA-UHFFFAOYSA-N"", ""NNEFKYJLBAMFOP-UHFFFAOYSA-N""]","[""FR-BBD3-PARENT-c0563__e00001"", ""FR-BBD3-PARENT-c0563__e00014""]","[1.0, 1.0]","[""multi_generation_edge_probability"", ""multi_generation_edge_probability""]",1.0,path_probability_product,simple_acyclic_path,frontier_empty,True,False,False,False,False,False,False,False
FR-BBD3-PARENT-c0563,scope_a_old83_compatible,Dodecyl sulfate,other_eawag_bbd_xenobiotic,envipath_prediction,envipath_bbd_rules_multistep,False,FR-BBD3-PARENT-c0563__sp09,9,2,"[""FR-BBD3-PARENT-c0563__n00000"", ""FR-BBD3-PARENT-c0563__n00001"", ""FR-BBD3-PARENT-c0563__n00017""]","[""CCCCCCCCCCCCOS(=O)(=O)[O-]"", ""CCCCCCCCCCC(O)COS(=O)(=O)O"", ""CC(CCCCCCCCC(O)COS(=O)(=O)O)C(CC(=O)O)C(=O)O""]","[""MOTZDAYCYVMXPC-UHFFFAOYSA-M"", ""GIBUJWBKWSEMQA-UHFFFAOYSA-N"", ""BMRZVBVOTDRBEJ-UHFFFAOYSA-N""]","[""FR-BBD3-PARENT-c0563__e00001"", ""FR-BBD3-PARENT-c0563__e00018""]","[1.0, 1.0]","[""multi_generation_edge_probability"", ""multi_generation_edge_probability""]",1.0,path_probability_product,simple_acyclic_path,frontier_empty,True,False,False,False,False,False,False,False
FR-BBD3-PARENT-c0563,scope_a_old83_compatible,Dodecyl sulfate,other_eawag_bbd_xenobiotic,envipath_prediction,envipath_bbd_rules_multistep,False,FR-BBD3-PARENT-c0563__sp10,10,2,"[""FR-BBD3-PARENT-c0563__n00000"", ""FR-BBD3-PARENT-c0563__n00002"", ""FR-BBD3-PARENT-c0563__n00007""]","[""CCCCCCCCCCCCOS(=O)(=O)[O-]"", ""CC(CCCCCCCCCCOS(=O)(=O)O)C(CC(=O)O)C(=O)O"", ""O=C(O)CC(C(=O)O)C(CO)CCCCCCCCCCOS(=O)(=O)O""]","[""MOTZDAYCYVMXPC-UHFFFAOYSA-M"", ""ALAAKDYJEWRXCG-UHFFFAOYSA-N"", ""YZNPXUFEGJWMQN-UHFFFAOYSA-N""]","[""FR-BBD3-PARENT-c0563__e00002"", ""FR-BBD3-PARENT-c0563__e00007""]","[1.0, 1.0]","[""multi_generation_edge_probability"", ""multi_generation_edge_probability""]",1.0,path_probability_product,simple_acyclic_path,frontier_empty,True,False,False,False,False,False,False,False
FR-BBD3-PARENT-c0593,scope_a_old83_compatible,"1,4-Dichlorobenzene",halogenated_compound,envipath_prediction,envipath_bbd_rules_multistep,False,FR-BBD3-PARENT-c0593__sp01,1,5,"[""FR-BBD3-PARENT-c0593__n00000"", ""FR-BBD3-PARENT-c0593__n00001"", ""FR-BBD3-PARENT-c0593__n00002"", ""FR-BBD3-PARENT-c0593__n00004"", ""FR-BBD3-PARENT-c0593__n00009"", ""FR-BBD3-PARENT-c0593__n00016""]","[""Clc1ccc(Cl)cc1"", ""Clc1ccccc1"", ""Oc1cccc(Cl)c1O"", ""Oc1cc(O)c(O)c(Cl)c1"", ""Oc1cc(O)c(O)c(Cl)c1O"", ""Oc1cc(O)c(O)cc1O""]","[""OCJBOOLMMGQPQU-UHFFFAOYSA-N"", ""MVPPADPHJFYWMZ-UHFFFAOYSA-N"", ""GQKDZDYQXPOXEM-UHFFFAOYSA-N"", ""GVZRJQSQNLOFNR-UHFFFAOYSA-N"", ""PJYZHRNZADIBBI-UHFFFAOYSA-N"", ""UYQMSQMCIYSXOW-UHFFFAOYSA-N""]","[""FR-BBD3-PARENT-c0593__e00001"", ""FR-BBD3-PARENT-c0593__e00002"", ""FR-BBD3-PARENT-c0593__e00004"", ""FR-BBD3-PARENT-c0593__e00009"", ""FR-BBD3-PARENT-c0593__e00017""]","[1.0, 1.0, 1.0, 1.0, 1.0]","[""multi_generation_edge_probability"", ""multi_generation_edge_probability"", ""multi_generation_edge_probability"", ""multi_generation_edge_probability"", ""multi_generation_edge_probability""]",1.0,path_probability_product,simple_acyclic_path,frontier_empty,True,False,False,False,False,False,False,False
FR-BBD3-PARENT-c0593,scope_a_old83_compatible,"1,4-Dichlorobenzene",halogenated_compound,envipath_prediction,envipath_bbd_rules_multistep,False,FR-BBD3-PARENT-c0593__sp02,2,4,"[""FR-BBD3-PARENT-c0593__n00000"", ""FR-BBD3-PARENT-c0593__n00001"", ""FR-BBD3-PARENT-c0593__n00002"", ""FR-BBD3-PARENT-c0593__n00004"", ""FR-BBD3-PARENT-c0593__n00013""]","[""Clc1ccc(Cl)cc1"", ""Clc1ccccc1"", ""Oc1cccc(Cl)c1O"", ""Oc1cc(O)c(O)c(Cl)c1"", ""Oc1ccc(O)c(O)c1""]","[""OCJBOOLMMGQPQU-UHFFFAOYSA-N"", ""MVPPADPHJFYWMZ-UHFFFAOYSA-N"", ""GQKDZDYQXPOXEM-UHFFFAOYSA-N"", ""GVZRJQSQNLOFNR-UHFFFAOYSA-N"", ""GGNQRNBDZQJCCN-UHFFFAOYSA-N""]","[""FR-BBD3-PARENT-c0593__e00001"", ""FR-BBD3-PARENT-c0593__e00002"", ""FR-BBD3-PARENT-c0593__e00004"", ""FR-BBD3-PARENT-c0593__e00013""]","[1.0, 1.0, 1.0, 1.0]","[""multi_generation_edge_probability"", ""multi_generation_edge_probability"", ""multi_generation_edge_probability"", ""multi_generation_edge_probability""]",1.0,path_probability_product,simple_acyclic_path,frontier_empty,True,False,False,False,False,False,False,False
FR-BBD3-PARENT-c0593,scope_a_old83_compatible,"1,4-Dichlorobenzene",halogenated_compound,envipath_prediction,envipath_bbd_rules_multistep,False,FR-BBD3-PARENT-c0593__sp03,3,4,"[""FR-BBD3-PARENT-c0593__n00000"", ""FR-BBD3-PARENT-c0593__n00001"", ""FR-BBD3-PARENT-c0593__n00002"", ""FR-BBD3-PARENT-c0593__n00005"", ""FR-BBD3-PARENT-c0593__n00010""]","[""Clc1ccc(Cl)cc1"", ""Clc1ccccc1"", ""Oc1cccc(Cl)c1O"", ""Oc1ccccc1O"", ""C=CCC(=O)C(=O)O""]","[""OCJBOOLMMGQPQU-UHFFFAOYSA-N"", ""MVPPADPHJFYWMZ-UHFFFAOYSA-N"", ""GQKDZDYQXPOXEM-UHFFFAOYSA-N"", ""YCIMNLLNPGFGHC-UHFFFAOYSA-N"", ""NOXRYJAWRSNUJD-UHFFFAOYSA-N""]","[""FR-BBD3-PARENT-c0593__e00001"", ""FR-BBD3-PARENT-c0593__e00002"", ""FR-BBD3-PARENT-c0593__e00005"", ""FR-BBD3-PARENT-c0593__e00010""]","[1.0, 1.0, 1.0, 1.0]","[""multi_generation_edge_probability"", ""multi_generation_edge_probability"", ""multi_generation_edge_probability"", ""multi_generation_edge_probability""]",1.0,path_probability_product,simple_acyclic_path,frontier_empty,True,False,False,False,False,False,False,False
FR-BBD3-PARENT-c0593,scope_a_old83_compatible,"1,4-Dichlorobenzene",halogenated_compound,envipath_prediction,envipath_bbd_rules_multistep,False,FR-BBD3-PARENT-c0593__sp04,4,4,"[""FR-BBD3-PARENT-c0593__n00000"", ""FR-BBD3-PARENT-c0593__n00001"", ""FR-BBD3-PARENT-c0593__n00002"", ""FR-BBD3-PARENT-c0593__n00005"", ""FR-BBD3-PARENT-c0593__n00008""]","[""Clc1ccc(Cl)cc1"", ""Clc1ccccc1"", ""Oc1cccc(Cl)c1O"", ""Oc1ccccc1O"", ""O=CO""]","[""OCJBOOLMMGQPQU-UHFFFAOYSA-N"", ""MVPPADPHJFYWMZ-UHFFFAOYSA-N"", ""GQKDZDYQXPOXEM-UHFFFAOYSA-N"", ""YCIMNLLNPGFGHC-UHFFFAOYSA-N"", ""BDAGIHXWWSANSR-UHFFFAOYSA-N""]","[""FR-BBD3-PARENT-c0593__e00001"", ""FR-BBD3-PARENT-c0593__e00002"", ""FR-BBD3-PARENT-c0593__e00005"", ""FR-BBD3-PARENT-c0593__e00014""]","[1.0, 1.0, 1.0, 1.0]","[""multi_generation_edge_probability"", ""multi_generation_edge_probability"", ""multi_generation_edge_probability"", ""multi_generation_edge_probability""]",1.0,path_probability_product,simple_acyclic_path,frontier_empty,True,False,False,False,False,False,False,False
FR-BBD3-PARENT-c0593,scope_a_old83_compatible,"1,4-Dichlorobenzene",halogenated_compound,envipath_prediction,envipath_bbd_rules_multistep,False,FR-BBD3-PARENT-c0593__sp05,5,4,"[""FR-BBD3-PARENT-c0593__n00000"", ""FR-BBD3-PARENT-c0593__n00001"", ""FR-BBD3-PARENT-c0593__n00002"", ""FR-BBD3-PARENT-c0593__n00006"", ""FR-BBD3-PARENT-c0593__n00011""]","[""Clc1ccc(Cl)cc1"", ""Clc1ccccc1"", ""Oc1cccc(Cl)c1O"", ""Oc1ccc(O)c(Cl)c1O"", ""C=C(O)C(Cl)C(=O)C(=O)O""]","[""OCJBOOLMMGQPQU-UHFFFAOYSA-N"", ""MVPPADPHJFYWMZ-UHFFFAOYSA-N"", ""GQKDZDYQXPOXEM-UHFFFAOYSA-N"", ""ABLFWMWVDNPOAX-UHFFFAOYSA-N"", ""GQYWZXVCEYAKNC-UHFFFAOYSA-N""]","[""FR-BBD3-PARENT-c0593__e00001"", ""FR-BBD3-PARENT-c0593__e00002"", ""FR-BBD3-PARENT-c0593__e00006"", ""FR-BBD3-PARENT-c0593__e00011""]","[1.0, 1.0, 1.0, 1.0]","[""multi_generation_edge_probability"", ""multi_generation_edge_probability"", ""multi_generation_edge_probability"", ""multi_generation_edge_probability""]",1.0,path_probability_product,simple_acyclic_path,frontier_empty,True,False,False,False,False,False,False,False
FR-BBD3-PARENT-c0593,scope_a_old83_compatible,"1,4-Dichlorobenzene",halogenated_compound,envipath_prediction,envipath_bbd_rules_multistep,False,FR-BBD3-PARENT-c0593__sp06,6,4,"[""FR-BBD3-PARENT-c0593__n00000"", ""FR-BBD3-PARENT-c0593__n00001"", ""FR-BBD3-PARENT-c0593__n00002"", ""FR-BBD3-PARENT-c0593__n00007"", ""FR-BBD3-PARENT-c0593__n00012""]","[""Clc1ccc(Cl)cc1"", ""Clc1ccccc1"", ""Oc1cccc(Cl)c1O"", ""C=CC(Cl)C(=O)C(=O)O"", ""O=C(O)C(=O)C(Cl)C1CO1""]","[""OCJBOOLMMGQPQU-UHFFFAOYSA-N"", ""MVPPADPHJFYWMZ-UHFFFAOYSA-N"", ""GQKDZDYQXPOXEM-UHFFFAOYSA-N"", ""FXRRVXIBZDSYFY-UHFFFAOYSA-N"", ""NLSZAZCHHAFIPC-UHFFFAOYSA-N""]","[""FR-BBD3-PARENT-c0593__e00001"", ""FR-BBD3-PARENT-c0593__e00002"", ""FR-BBD3-PARENT-c0593__e00007"", ""FR-BBD3-PARENT-c0593__e00012""]","[1.0, 1.0, 1.0, 1.0]","[""multi_generation_edge_probability"", ""multi_generation_edge_probability"", ""multi_generation_edge_probability"", ""multi_generation_edge_probability""]",1.0,path_probability_product,simple_acyclic_path,frontier_empty,True,False,False,False,False,False,False,False
FR-BBD3-PARENT-c0593,scope_a_old83_compatible,"1,4-Dichlorobenzene",halogenated_compound,envipath_prediction,envipath_bbd_rules_multistep,False,FR-BBD3-PARENT-c0593__sp07,7,4,"[""FR-BBD3-PARENT-c0593__n00000"", ""FR-BBD3-PARENT-c0593__n00001"", ""FR-BBD3-PARENT-c0593__n00002"", ""FR-BBD3-PARENT-c0593__n00007"", ""FR-BBD3-PARENT-c0593__n00014""]","[""Clc1ccc(Cl)cc1"", ""Clc1ccccc1"", ""Oc1cccc(Cl)c1O"", ""C=CC(Cl)C(=O)C(=O)O"", ""CCC(Cl)C(=O)C(=O)O""]","[""OCJBOOLMMGQPQU-UHFFFAOYSA-N"", ""MVPPADPHJFYWMZ-UHFFFAOYSA-N"", ""GQKDZDYQXPOXEM-UHFFFAOYSA-N"", ""FXRRVXIBZDSYFY-UHFFFAOYSA-N"", ""DOVWZAHPBVXVKP-UHFFFAOYSA-N""]","[""FR-BBD3-PARENT-c0593__e00001"", ""FR-BBD3-PARENT-c0593__e00002"", ""FR-BBD3-PARENT-c0593__e00007"", ""FR-BBD3-PARENT-c0593__e00015""]","[1.0, 1.0, 1.0, 1.0]","[""multi_generation_edge_probability"", ""multi_generation_edge_probability"", ""multi_generation_edge_probability"", ""multi_generation_edge_probability""]",1.0,path_probability_product,simple_acyclic_path,frontier_empty,True,False,False,False,False,False,False,False
FR-BBD3-PARENT-c0593,scope_a_old83_compatible,"1,4-Dichlorobenzene",halogenated_compound,envipath_prediction,envipath_bbd_rules_multistep,False,FR-BBD3-PARENT-c0593__sp08,8,4,"[""FR-BBD3-PARENT-c0593__n00000"", ""FR-BBD3-PARENT-c0593__n00001"", ""FR-BBD3-PARENT-c0593__n00002"", ""FR-BBD3-PARENT-c0593__n00007"", ""FR-BBD3-PARENT-c0593__n00015""]","[""Clc1ccc(Cl)cc1"", ""Clc1ccccc1"", ""Oc1cccc(Cl)c1O"", ""C=CC(Cl)C(=O)C(=O)O"", ""CC(O)C(Cl)C(=O)C(=O)O""]","[""OCJBOOLMMGQPQU-UHFFFAOYSA-N"", ""MVPPADPHJFYWMZ-UHFFFAOYSA-N"", ""GQKDZDYQXPOXEM-UHFFFAOYSA-N"", ""FXRRVXIBZDSYFY-UHFFFAOYSA-N"", ""BIJVDISFXJNDSY-UHFFFAOYSA-N""]","[""FR-BBD3-PARENT-c0593__e00001"", ""FR-BBD3-PARENT-c0593__e00002"", ""FR-BBD3-PARENT-c0593__e00007"", ""FR-BBD3-PARENT-c0593__e00016""]","[1.0, 1.0, 1.0, 1.0]","[""multi_generation_edge_probability"", ""multi_generation_edge_probability"", ""multi_generation_edge_probability"", ""multi_generation_edge_probability""]",1.0,path_probability_product,simple_acyclic_path,frontier_empty,True,False,False,False,False,False,False,False
FR-BBD3-PARENT-c0593,scope_a_old83_compatible,"1,4-Dichlorobenzene",halogenated_compound,envipath_prediction,envipath_bbd_rules_multistep,False,FR-BBD3-PARENT-c0593__sp09,9,3,"[""FR-BBD3-PARENT-c0593__n00000"", ""FR-BBD3-PARENT-c0593__n00001"", ""FR-BBD3-PARENT-c0593__n00002"", ""FR-BBD3-PARENT-c0593__n00008""]","[""Clc1ccc(Cl)cc1"", ""Clc1ccccc1"", ""Oc1cccc(Cl)c1O"", ""O=CO""]","[""OCJBOOLMMGQPQU-UHFFFAOYSA-N"", ""MVPPADPHJFYWMZ-UHFFFAOYSA-N"", ""GQKDZDYQXPOXEM-UHFFFAOYSA-N"", ""BDAGIHXWWSANSR-UHFFFAOYSA-N""]","[""FR-BBD3-PARENT-c0593__e00001"", ""FR-BBD3-PARENT-c0593__e00002"", ""FR-BBD3-PARENT-c0593__e00008""]","[1.0, 1.0, 1.0]","[""multi_generation_edge_probability"", ""multi_generation_edge_probability"", ""multi_generation_edge_probability""]",1.0,path_probability_product,simple_acyclic_path,frontier_empty,True,False,False,False,False,False,False,False
FR-BBD3-PARENT-c0593,scope_a_old83_compatible,"1,4-Dichlorobenzene",halogenated_compound,envipath_prediction,envipath_bbd_rules_multistep,False,FR-BBD3-PARENT-c0593__sp10,10,2,"[""FR-BBD3-PARENT-c0593__n00000"", ""FR-BBD3-PARENT-c0593__n00001"", ""FR-BBD3-PARENT-c0593__n00003""]","[""Clc1ccc(Cl)cc1"", ""Clc1ccccc1"", ""c1ccccc1""]","[""OCJBOOLMMGQPQU-UHFFFAOYSA-N"", ""MVPPADPHJFYWMZ-UHFFFAOYSA-N"", ""UHOVQNZJYSORNB-UHFFFAOYSA-N""]","[""FR-BBD3-PARENT-c0593__e00001"", ""FR-BBD3-PARENT-c0593__e00003""]","[1.0, 1.0]","[""multi_generation_edge_probability"", ""multi_generation_edge_probability""]",1.0,path_probability_product,simple_acyclic_path,frontier_empty,True,False,False,False,False,False,False,False
FR-BBD3-PARENT-c0597,scope_a_old83_compatible,Cyanamide,other_eawag_bbd_xenobiotic,envipath_prediction,envipath_bbd_rules_multistep,False,FR-BBD3-PARENT-c0597__sp01,1,2,"[""FR-BBD3-PARENT-c0597__n00000"", ""FR-BBD3-PARENT-c0597__n00001"", ""FR-BBD3-PARENT-c0597__n00002""]","[""N#CN"", ""NC(N)=O"", ""NC(=O)O""]","[""XZMCDFZZKTWFGF-UHFFFAOYSA-N"", ""XSQUKJJJFZCRTK-UHFFFAOYSA-N"", ""KXDHJXZQYSOELW-UHFFFAOYSA-N""]","[""FR-BBD3-PARENT-c0597__e00001"", ""FR-BBD3-PARENT-c0597__e00002""]","[1.0, 1.0]","[""multi_generation_edge_probability"", ""multi_generation_edge_probability""]",1.0,path_probability_product,simple_acyclic_path,frontier_empty,True,False,False,False,False,False,False,False
FR-BBD3-PARENT-c0597,scope_a_old83_compatible,Cyanamide,other_eawag_bbd_xenobiotic,envipath_prediction,envipath_bbd_rules_multistep,False,FR-BBD3-PARENT-c0597__sp02,2,2,"[""FR-BBD3-PARENT-c0597__n00000"", ""FR-BBD3-PARENT-c0597__n00001"", ""FR-BBD3-PARENT-c0597__n00003""]","[""N#CN"", ""NC(N)=O"", ""N""]","[""XZMCDFZZKTWFGF-UHFFFAOYSA-N"", ""XSQUKJJJFZCRTK-UHFFFAOYSA-N"", ""QGZKDVFQNNGYKY-UHFFFAOYSA-N""]","[""FR-BBD3-PARENT-c0597__e00001"", ""FR-BBD3-PARENT-c0597__e00003""]","[1.0, 1.0]","[""multi_generation_edge_probability"", ""multi_generation_edge_probability""]",1.0,path_probability_product,simple_acyclic_path,frontier_empty,True,False,False,False,False,False,False,False
FR-BBD3-PARENT-c0604,scope_a_old83_compatible,Adamantanone,other_eawag_bbd_xenobiotic,envipath_prediction,envipath_bbd_rules_multistep,False,FR-BBD3-PARENT-c0604__sp01,1,4,"[""FR-BBD3-PARENT-c0604__n00000"", ""FR-BBD3-PARENT-c0604__n00001"", ""FR-BBD3-PARENT-c0604__n00004"", ""FR-BBD3-PARENT-c0604__n00011"", ""FR-BBD3-PARENT-c0604__n00022""]","[""O=C1C2CC3CC(C2)CC1C3"", ""O=C1OC2CC3CC(C2)CC1C3"", ""O=C1OC2CC3CC(C2)CC1(O)C3"", ""O=C1OC2CC3CC(O)(C2)CC1(O)C3"", ""O=C(O)C1(O)CC2CC(O)CC(O)(C2)C1""]","[""IYKFYARMMIESOX-UHFFFAOYSA-N"", ""ZSCDRSWJZRRPGN-UHFFFAOYSA-N"", ""FNMMKSZJQGYUOQ-UHFFFAOYSA-N"", ""LWCSCEJNQUJJSX-UHFFFAOYSA-N"", ""XAFCVTBXAVTXMO-UHFFFAOYSA-N""]","[""FR-BBD3-PARENT-c0604__e00001"", ""FR-BBD3-PARENT-c0604__e00004"", ""FR-BBD3-PARENT-c0604__e00011"", ""FR-BBD3-PARENT-c0604__e00022""]","[1.0, 1.0, 1.0, 1.0]","[""multi_generation_edge_probability"", ""multi_generation_edge_probability"", ""multi_generation_edge_probability"", ""multi_generation_edge_probability""]",1.0,path_probability_product,simple_acyclic_path,frontier_empty,True,False,False,False,False,False,False,False
FR-BBD3-PARENT-c0604,scope_a_old83_compatible,Adamantanone,other_eawag_bbd_xenobiotic,envipath_prediction,envipath_bbd_rules_multistep,False,FR-BBD3-PARENT-c0604__sp02,2,4,"[""FR-BBD3-PARENT-c0604__n00000"", ""FR-BBD3-PARENT-c0604__n00002"", ""FR-BBD3-PARENT-c0604__n00005"", ""FR-BBD3-PARENT-c0604__n00013"", ""FR-BBD3-PARENT-c0604__n00024""]","[""O=C1C2CC3CC(C2)CC1C3"", ""O=C1C2CC3CC1CC(O)(C3)C2"", ""O=C1C2CC3(O)CC1CC(O)(C2)C3"", ""O=C1OC2CC3(O)CC1CC(O)(C2)C3"", ""O=C(O)C1CC2(O)CC(O)CC(O)(C1)C2""]","[""IYKFYARMMIESOX-UHFFFAOYSA-N"", ""TZBDEVBNMSLVKT-UHFFFAOYSA-N"", ""VZHFKEKICMAGLO-UHFFFAOYSA-N"", ""IUBFAQMRXXXHMA-UHFFFAOYSA-N"", ""QEBLZJPYKUBFCO-UHFFFAOYSA-N""]","[""FR-BBD3-PARENT-c0604__e00002"", ""FR-BBD3-PARENT-c0604__e00005"", ""FR-BBD3-PARENT-c0604__e00013"", ""FR-BBD3-PARENT-c0604__e00024""]","[1.0, 1.0, 1.0, 1.0]","[""multi_generation_edge_probability"", ""multi_generation_edge_probability"", ""multi_generation_edge_probability"", ""multi_generation_edge_probability""]",1.0,path_probability_product,simple_acyclic_path,frontier_empty,True,False,False,False,False,False,False,False
FR-BBD3-PARENT-c0604,scope_a_old83_compatible,Adamantanone,other_eawag_bbd_xenobiotic,envipath_prediction,envipath_bbd_rules_multistep,False,FR-BBD3-PARENT-c0604__sp03,3,4,"[""FR-BBD3-PARENT-c0604__n00000"", ""FR-BBD3-PARENT-c0604__n00002"", ""FR-BBD3-PARENT-c0604__n00005"", ""FR-BBD3-PARENT-c0604__n00016"", ""FR-BBD3-PARENT-c0604__n00023""]","[""O=C1C2CC3CC(C2)CC1C3"", ""O=C1C2CC3CC1CC(O)(C3)C2"", ""O=C1C2CC3(O)CC1CC(O)(C2)C3"", ""O=C1C2CC3(O)CC(O)(C2)CC1(O)C3"", ""O=C1OC2CC3(O)CC(O)(C2)CC1(O)C3""]","[""IYKFYARMMIESOX-UHFFFAOYSA-N"", ""TZBDEVBNMSLVKT-UHFFFAOYSA-N"", ""VZHFKEKICMAGLO-UHFFFAOYSA-N"", ""GRDDSVAHZCAMHX-UHFFFAOYSA-N"", ""XRHBXPOABDHEHG-UHFFFAOYSA-N""]","[""FR-BBD3-PARENT-c0604__e00002"", ""FR-BBD3-PARENT-c0604__e00005"", ""FR-BBD3-PARENT-c0604__e00016"", ""FR-BBD3-PARENT-c0604__e00023""]","[1.0, 1.0, 1.0, 1.0]","[""multi_generation_edge_probability"", ""multi_generation_edge_probability"", ""multi_generation_edge_probability"", ""multi_generation_edge_probability""]",1.0,path_probability_product,simple_acyclic_path,frontier_empty,True,False,False,False,False,False,False,False
FR-BBD3-PARENT-c0604,scope_a_old83_compatible,Adamantanone,other_eawag_bbd_xenobiotic,envipath_prediction,envipath_bbd_rules_multistep,False,FR-BBD3-PARENT-c0604__sp04,4,4,"[""FR-BBD3-PARENT-c0604__n00000"", ""FR-BBD3-PARENT-c0604__n00002"", ""FR-BBD3-PARENT-c0604__n00005"", ""FR-BBD3-PARENT-c0604__n00016"", ""FR-BBD3-PARENT-c0604__n00028""]","[""O=C1C2CC3CC(C2)CC1C3"", ""O=C1C2CC3CC1CC(O)(C3)C2"", ""O=C1C2CC3(O)CC1CC(O)(C2)C3"", ""O=C1C2CC3(O)CC(O)(C2)CC1(O)C3"", ""O=C1OC2(O)CC3(O)CC1CC(O)(C3)C2""]","[""IYKFYARMMIESOX-UHFFFAOYSA-N"", ""TZBDEVBNMSLVKT-UHFFFAOYSA-N"", ""VZHFKEKICMAGLO-UHFFFAOYSA-N"", ""GRDDSVAHZCAMHX-UHFFFAOYSA-N"", ""RZAZHQSOIOLMCH-UHFFFAOYSA-N""]","[""FR-BBD3-PARENT-c0604__e00002"", ""FR-BBD3-PARENT-c0604__e00005"", ""FR-BBD3-PARENT-c0604__e00016"", ""FR-BBD3-PARENT-c0604__e00028""]","[1.0, 1.0, 1.0, 1.0]","[""multi_generation_edge_probability"", ""multi_generation_edge_probability"", ""multi_generation_edge_probability"", ""multi_generation_edge_probability""]",1.0,path_probability_product,simple_acyclic_path,frontier_empty,True,False,False,False,False,False,False,False
FR-BBD3-PARENT-c0604,scope_a_old83_compatible,Adamantanone,other_eawag_bbd_xenobiotic,envipath_prediction,envipath_bbd_rules_multistep,False,FR-BBD3-PARENT-c0604__sp05,5,4,"[""FR-BBD3-PARENT-c0604__n00000"", ""FR-BBD3-PARENT-c0604__n00003"", ""FR-BBD3-PARENT-c0604__n00008"", ""FR-BBD3-PARENT-c0604__n00015"", ""FR-BBD3-PARENT-c0604__n00025""]","[""O=C1C2CC3CC(C2)CC1C3"", ""O=C1C2CC3CC(C2)CC1(O)C3"", ""O=C1C2CC3CC(O)(C2)CC1(O)C3"", ""O=C1C2(O)CC3CC(O)(C2)CC1(O)C3"", ""O=C1C2(O)CC3(O)CC(O)(C2)CC1(O)C3""]","[""IYKFYARMMIESOX-UHFFFAOYSA-N"", ""XRDNWHRYHHULRF-UHFFFAOYSA-N"", ""NSXDEOMPQQZIIZ-UHFFFAOYSA-N"", ""NTDIRMVFRSMGEJ-UHFFFAOYSA-N"", ""HGMASXLLRNXJPC-UHFFFAOYSA-N""]","[""FR-BBD3-PARENT-c0604__e00003"", ""FR-BBD3-PARENT-c0604__e00008"", ""FR-BBD3-PARENT-c0604__e00015"", ""FR-BBD3-PARENT-c0604__e00025""]","[1.0, 1.0, 1.0, 1.0]","[""multi_generation_edge_probability"", ""multi_generation_edge_probability"", ""multi_generation_edge_probability"", ""multi_generation_edge_probability""]",1.0,path_probability_product,simple_acyclic_path,frontier_empty,True,False,False,False,False,False,False,False
FR-BBD3-PARENT-c0604,scope_a_old83_compatible,Adamantanone,other_eawag_bbd_xenobiotic,envipath_prediction,envipath_bbd_rules_multistep,False,FR-BBD3-PARENT-c0604__sp06,6,4,"[""FR-BBD3-PARENT-c0604__n00000"", ""FR-BBD3-PARENT-c0604__n00003"", ""FR-BBD3-PARENT-c0604__n00008"", ""FR-BBD3-PARENT-c0604__n00015"", ""FR-BBD3-PARENT-c0604__n00027""]","[""O=C1C2CC3CC(C2)CC1C3"", ""O=C1C2CC3CC(C2)CC1(O)C3"", ""O=C1C2CC3CC(O)(C2)CC1(O)C3"", ""O=C1C2(O)CC3CC(O)(C2)CC1(O)C3"", ""O=C1OC2(O)CC3CC(O)(C2)CC1(O)C3""]","[""IYKFYARMMIESOX-UHFFFAOYSA-N"", ""XRDNWHRYHHULRF-UHFFFAOYSA-N"", ""NSXDEOMPQQZIIZ-UHFFFAOYSA-N"", ""NTDIRMVFRSMGEJ-UHFFFAOYSA-N"", ""ZLTPSADAARHJKP-UHFFFAOYSA-N""]","[""FR-BBD3-PARENT-c0604__e00003"", ""FR-BBD3-PARENT-c0604__e00008"", ""FR-BBD3-PARENT-c0604__e00015"", ""FR-BBD3-PARENT-c0604__e00027""]","[1.0, 1.0, 1.0, 1.0]","[""multi_generation_edge_probability"", ""multi_generation_edge_probability"", ""multi_generation_edge_probability"", ""multi_generation_edge_probability""]",1.0,path_probability_product,simple_acyclic_path,frontier_empty,True,False,False,False,False,False,False,False
FR-BBD3-PARENT-c0604,scope_a_old83_compatible,Adamantanone,other_eawag_bbd_xenobiotic,envipath_prediction,envipath_bbd_rules_multistep,False,FR-BBD3-PARENT-c0604__sp07,7,4,"[""FR-BBD3-PARENT-c0604__n00000"", ""FR-BBD3-PARENT-c0604__n00003"", ""FR-BBD3-PARENT-c0604__n00008"", ""FR-BBD3-PARENT-c0604__n00020"", ""FR-BBD3-PARENT-c0604__n00026""]","[""O=C1C2CC3CC(C2)CC1C3"", ""O=C1C2CC3CC(C2)CC1(O)C3"", ""O=C1C2CC3CC(O)(C2)CC1(O)C3"", ""O=C1OC2(O)CC3CC1CC(O)(C3)C2"", ""O=C1CC2CC(C(=O)O)CC(O)(C1)C2""]","[""IYKFYARMMIESOX-UHFFFAOYSA-N"", ""XRDNWHRYHHULRF-UHFFFAOYSA-N"", ""NSXDEOMPQQZIIZ-UHFFFAOYSA-N"", ""XZJQTPPPYKZQRI-UHFFFAOYSA-N"", ""HVOJEZHTIRHQHU-UHFFFAOYSA-N""]","[""FR-BBD3-PARENT-c0604__e00003"", ""FR-BBD3-PARENT-c0604__e00008"", ""FR-BBD3-PARENT-c0604__e00020"", ""FR-BBD3-PARENT-c0604__e00026""]","[1.0, 1.0, 1.0, 1.0]","[""multi_generation_edge_probability"", ""multi_generation_edge_probability"", ""multi_generation_edge_probability"", ""multi_generation_edge_probability""]",1.0,path_probability_product,simple_acyclic_path,frontier_empty,True,False,False,False,False,False,False,False
FR-BBD3-PARENT-c0604,scope_a_old83_compatible,Adamantanone,other_eawag_bbd_xenobiotic,envipath_prediction,envipath_bbd_rules_multistep,False,FR-BBD3-PARENT-c0604__sp08,8,4,"[""FR-BBD3-PARENT-c0604__n00000"", ""FR-BBD3-PARENT-c0604__n00003"", ""FR-BBD3-PARENT-c0604__n00008"", ""FR-BBD3-PARENT-c0604__n00020"", ""FR-BBD3-PARENT-c0604__n00029""]","[""O=C1C2CC3CC(C2)CC1C3"", ""O=C1C2CC3CC(C2)CC1(O)C3"", ""O=C1C2CC3CC(O)(C2)CC1(O)C3"", ""O=C1OC2(O)CC3CC1CC(O)(C3)C2"", ""O=C(O)C1CC2CC(O)(O)CC(O)(C2)C1""]","[""IYKFYARMMIESOX-UHFFFAOYSA-N"", ""XRDNWHRYHHULRF-UHFFFAOYSA-N"", ""NSXDEOMPQQZIIZ-UHFFFAOYSA-N"", ""XZJQTPPPYKZQRI-UHFFFAOYSA-N"", ""XDTPZKNPTHZWDA-UHFFFAOYSA-N""]","[""FR-BBD3-PARENT-c0604__e00003"", ""FR-BBD3-PARENT-c0604__e00008"", ""FR-BBD3-PARENT-c0604__e00020"", ""FR-BBD3-PARENT-c0604__e00029""]","[1.0, 1.0, 1.0, 1.0]","[""multi_generation_edge_probability"", ""multi_generation_edge_probability"", ""multi_generation_edge_probability"", ""multi_generation_edge_probability""]",1.0,path_probability_product,simple_acyclic_path,frontier_empty,True,False,False,False,False,False,False,False
FR-BBD3-PARENT-c0604,scope_a_old83_compatible,Adamantanone,other_eawag_bbd_xenobiotic,envipath_prediction,envipath_bbd_rules_multistep,False,FR-BBD3-PARENT-c0604__sp09,9,3,"[""FR-BBD3-PARENT-c0604__n00000"", ""FR-BBD3-PARENT-c0604__n00001"", ""FR-BBD3-PARENT-c0604__n00009"", ""FR-BBD3-PARENT-c0604__n00012""]","[""O=C1C2CC3CC(C2)CC1C3"", ""O=C1OC2CC3CC(C2)CC1C3"", ""O=C(O)C1CC2CC(O)CC(C2)C1"", ""O=C(O)C1(O)CC2CC(O)CC(C2)C1""]","[""IYKFYARMMIESOX-UHFFFAOYSA-N"", ""ZSCDRSWJZRRPGN-UHFFFAOYSA-N"", ""TZVSMPPJRSCITQ-UHFFFAOYSA-N"", ""RLHJCKVEGIOXLE-UHFFFAOYSA-N""]","[""FR-BBD3-PARENT-c0604__e00001"", ""FR-BBD3-PARENT-c0604__e00009"", ""FR-BBD3-PARENT-c0604__e00012""]","[1.0, 1.0, 1.0]","[""multi_generation_edge_probability"", ""multi_generation_edge_probability"", ""multi_generation_edge_probability""]",1.0,path_probability_product,simple_acyclic_path,frontier_empty,True,False,False,False,False,False,False,False
FR-BBD3-PARENT-c0604,scope_a_old83_compatible,Adamantanone,other_eawag_bbd_xenobiotic,envipath_prediction,envipath_bbd_rules_multistep,False,FR-BBD3-PARENT-c0604__sp10,10,3,"[""FR-BBD3-PARENT-c0604__n00000"", ""FR-BBD3-PARENT-c0604__n00001"", ""FR-BBD3-PARENT-c0604__n00009"", ""FR-BBD3-PARENT-c0604__n00018""]","[""O=C1C2CC3CC(C2)CC1C3"", ""O=C1OC2CC3CC(C2)CC1C3"", ""O=C(O)C1CC2CC(O)CC(C2)C1"", ""O=C(O)C1CC2CC(O)CC(O)(C2)C1""]","[""IYKFYARMMIESOX-UHFFFAOYSA-N"", ""ZSCDRSWJZRRPGN-UHFFFAOYSA-N"", ""TZVSMPPJRSCITQ-UHFFFAOYSA-N"", ""UCDFCDRZGOGPBE-UHFFFAOYSA-N""]","[""FR-BBD3-PARENT-c0604__e00001"", ""FR-BBD3-PARENT-c0604__e00009"", ""FR-BBD3-PARENT-c0604__e00018""]","[1.0, 1.0, 1.0]","[""multi_generation_edge_probability"", ""multi_generation_edge_probability"", ""multi_generation_edge_probability""]",1.0,path_probability_product,simple_acyclic_path,frontier_empty,True,False,False,False,False,False,False,False
FR-BBD3-PARENT-c0612,scope_a_old83_compatible,"cis -1,3-Dichloropropene",halogenated_compound,envipath_prediction,envipath_bbd_rules_multistep,False,FR-BBD3-PARENT-c0612__sp01,1,6,"[""FR-BBD3-PARENT-c0612__n00000"", ""FR-BBD3-PARENT-c0612__n00001"", ""FR-BBD3-PARENT-c0612__n00005"", ""FR-BBD3-PARENT-c0612__n00015"", ""FR-BBD3-PARENT-c0612__n00021"", ""FR-BBD3-PARENT-c0612__n00030"", ""FR-BBD3-PARENT-c0612__n00040""]","[""Cl/C=C\\CCl"", ""C=CCCl"", ""C=CCO"", ""OCC1CO1"", ""O=CC1CO1"", ""O=CC(O)CO"", ""O=C(O)C(O)CO""]","[""UOORRWUZONOOLO-UPHRSURJSA-N"", ""OSDWBNJEKMUWAV-UHFFFAOYSA-N"", ""XXROGKLTLUQVRX-UHFFFAOYSA-N"", ""CTKINSOISVBQLD-UHFFFAOYSA-N"", ""IWYRWIUNAVNFPE-UHFFFAOYSA-N"", ""MNQZXJOMYWMBOU-UHFFFAOYSA-N"", ""RBNPOMFGQQGHHO-UHFFFAOYSA-N""]","[""FR-BBD3-PARENT-c0612__e00001"", ""FR-BBD3-PARENT-c0612__e00005"", ""FR-BBD3-PARENT-c0612__e00018"", ""FR-BBD3-PARENT-c0612__e00024"", ""FR-BBD3-PARENT-c0612__e00034"", ""FR-BBD3-PARENT-c0612__e00045""]","[1.0, 1.0, 1.0, 1.0, 1.0, 1.0]","[""multi_generation_edge_probability"", ""multi_generation_edge_probability"", ""multi_generation_edge_probability"", ""multi_generation_edge_probability"", ""multi_generation_edge_probability"", ""multi_generation_edge_probability""]",1.0,path_probability_product,simple_acyclic_path,max_depth_reached,True,False,False,False,False,False,False,False
FR-BBD3-PARENT-c0612,scope_a_old83_compatible,"cis -1,3-Dichloropropene",halogenated_compound,envipath_prediction,envipath_bbd_rules_multistep,False,FR-BBD3-PARENT-c0612__sp02,2,6,"[""FR-BBD3-PARENT-c0612__n00000"", ""FR-BBD3-PARENT-c0612__n00001"", ""FR-BBD3-PARENT-c0612__n00008"", ""FR-BBD3-PARENT-c0612__n00014"", ""FR-BBD3-PARENT-c0612__n00025"", ""FR-BBD3-PARENT-c0612__n00034"", ""FR-BBD3-PARENT-c0612__n00044""]","[""Cl/C=C\\CCl"", ""C=CCCl"", ""ClCC1CO1"", ""CC1CO1"", ""CC(O)CO"", ""CC(O)C=O"", ""CC(=O)C=O""]","[""UOORRWUZONOOLO-UPHRSURJSA-N"", ""OSDWBNJEKMUWAV-UHFFFAOYSA-N"", ""BRLQWZUYTZBJKN-UHFFFAOYSA-N"", ""GOOHAUXETOMSMM-UHFFFAOYSA-N"", ""DNIAPMSPPWPWGF-UHFFFAOYSA-N"", ""BSABBBMNWQWLLU-UHFFFAOYSA-N"", ""AIJULSRZWUXGPQ-UHFFFAOYSA-N""]","[""FR-BBD3-PARENT-c0612__e00001"", ""FR-BBD3-PARENT-c0612__e00008"", ""FR-BBD3-PARENT-c0612__e00016"", ""FR-BBD3-PARENT-c0612__e00028"", ""FR-BBD3-PARENT-c0612__e00038"", ""FR-BBD3-PARENT-c0612__e00049""]","[1.0, 1.0, 1.0, 1.0, 1.0, 1.0]","[""multi_generation_edge_probability"", ""multi_generation_edge_probability"", ""multi_generation_edge_probability"", ""multi_generation_edge_probability"", ""multi_generation_edge_probability"", ""multi_generation_edge_probability""]",1.0,path_probability_product,simple_acyclic_path,max_depth_reached,True,False,False,False,False,False,False,False
FR-BBD3-PARENT-c0612,scope_a_old83_compatible,"cis -1,3-Dichloropropene",halogenated_compound,envipath_prediction,envipath_bbd_rules_multistep,False,FR-BBD3-PARENT-c0612__sp03,3,6,"[""FR-BBD3-PARENT-c0612__n00000"", ""FR-BBD3-PARENT-c0612__n00001"", ""FR-BBD3-PARENT-c0612__n00008"", ""FR-BBD3-PARENT-c0612__n00014"", ""FR-BBD3-PARENT-c0612__n00025"", ""FR-BBD3-PARENT-c0612__n00034"", ""FR-BBD3-PARENT-c0612__n00030""]","[""Cl/C=C\\CCl"", ""C=CCCl"", ""ClCC1CO1"", ""CC1CO1"", ""CC(O)CO"", ""CC(O)C=O"", ""O=CC(O)CO""]","[""UOORRWUZONOOLO-UPHRSURJSA-N"", ""OSDWBNJEKMUWAV-UHFFFAOYSA-N"", ""BRLQWZUYTZBJKN-UHFFFAOYSA-N"", ""GOOHAUXETOMSMM-UHFFFAOYSA-N"", ""DNIAPMSPPWPWGF-UHFFFAOYSA-N"", ""BSABBBMNWQWLLU-UHFFFAOYSA-N"", ""MNQZXJOMYWMBOU-UHFFFAOYSA-N""]","[""FR-BBD3-PARENT-c0612__e00001"", ""FR-BBD3-PARENT-c0612__e00008"", ""FR-BBD3-PARENT-c0612__e00016"", ""FR-BBD3-PARENT-c0612__e00028"", ""FR-BBD3-PARENT-c0612__e00038"", ""FR-BBD3-PARENT-c0612__e00054""]","[1.0, 1.0, 1.0, 1.0, 1.0, 1.0]","[""multi_generation_edge_probability"", ""multi_generation_edge_probability"", ""multi_generation_edge_probability"", ""multi_generation_edge_probability"", ""multi_generation_edge_probability"", ""multi_generation_edge_probability""]",1.0,path_probability_product,simple_acyclic_path,max_depth_reached,True,False,False,False,False,False,False,False
FR-BBD3-PARENT-c0612,scope_a_old83_compatible,"cis -1,3-Dichloropropene",halogenated_compound,envipath_prediction,envipath_bbd_rules_multistep,False,FR-BBD3-PARENT-c0612__sp04,4,6,"[""FR-BBD3-PARENT-c0612__n00000"", ""FR-BBD3-PARENT-c0612__n00001"", ""FR-BBD3-PARENT-c0612__n00008"", ""FR-BBD3-PARENT-c0612__n00014"", ""FR-BBD3-PARENT-c0612__n00015"", ""FR-BBD3-PARENT-c0612__n00021"", ""FR-BBD3-PARENT-c0612__n00030""]","[""Cl/C=C\\CCl"", ""C=CCCl"", ""ClCC1CO1"", ""CC1CO1"", ""OCC1CO1"", ""O=CC1CO1"", ""O=CC(O)CO""]","[""UOORRWUZONOOLO-UPHRSURJSA-N"", ""OSDWBNJEKMUWAV-UHFFFAOYSA-N"", ""BRLQWZUYTZBJKN-UHFFFAOYSA-N"", ""GOOHAUXETOMSMM-UHFFFAOYSA-N"", ""CTKINSOISVBQLD-UHFFFAOYSA-N"", ""IWYRWIUNAVNFPE-UHFFFAOYSA-N"", ""MNQZXJOMYWMBOU-UHFFFAOYSA-N""]","[""FR-BBD3-PARENT-c0612__e00001"", ""FR-BBD3-PARENT-c0612__e00008"", ""FR-BBD3-PARENT-c0612__e00016"", ""FR-BBD3-PARENT-c0612__e00031"", ""FR-BBD3-PARENT-c0612__e00024"", ""FR-BBD3-PARENT-c0612__e00034""]","[1.0, 1.0, 1.0, 1.0, 1.0, 1.0]","[""multi_generation_edge_probability"", ""multi_generation_edge_probability"", ""multi_generation_edge_probability"", ""multi_generation_edge_probability"", ""multi_generation_edge_probability"", ""multi_generation_edge_probability""]",1.0,path_probability_product,simple_acyclic_path,max_depth_reached,True,False,False,False,False,False,False,False
FR-BBD3-PARENT-c0612,scope_a_old83_compatible,"cis -1,3-Dichloropropene",halogenated_compound,envipath_prediction,envipath_bbd_rules_multistep,False,FR-BBD3-PARENT-c0612__sp05,5,6,"[""FR-BBD3-PARENT-c0612__n00000"", ""FR-BBD3-PARENT-c0612__n00001"", ""FR-BBD3-PARENT-c0612__n00008"", ""FR-BBD3-PARENT-c0612__n00014"", ""FR-BBD3-PARENT-c0612__n00015"", ""FR-BBD3-PARENT-c0612__n00021"", ""FR-BBD3-PARENT-c0612__n00036""]","[""Cl/C=C\\CCl"", ""C=CCCl"", ""ClCC1CO1"", ""CC1CO1"", ""OCC1CO1"", ""O=CC1CO1"", ""O=C(O)C1CO1""]","[""UOORRWUZONOOLO-UPHRSURJSA-N"", ""OSDWBNJEKMUWAV-UHFFFAOYSA-N"", ""BRLQWZUYTZBJKN-UHFFFAOYSA-N"", ""GOOHAUXETOMSMM-UHFFFAOYSA-N"", ""CTKINSOISVBQLD-UHFFFAOYSA-N"", ""IWYRWIUNAVNFPE-UHFFFAOYSA-N"", ""OTGHWLKHGCENJV-UHFFFAOYSA-N""]","[""FR-BBD3-PARENT-c0612__e00001"", ""FR-BBD3-PARENT-c0612__e00008"", ""FR-BBD3-PARENT-c0612__e00016"", ""FR-BBD3-PARENT-c0612__e00031"", ""FR-BBD3-PARENT-c0612__e00024"", ""FR-BBD3-PARENT-c0612__e00040""]","[1.0, 1.0, 1.0, 1.0, 1.0, 1.0]","[""multi_generation_edge_probability"", ""multi_generation_edge_probability"", ""multi_generation_edge_probability"", ""multi_generation_edge_probability"", ""multi_generation_edge_probability"", ""multi_generation_edge_probability""]",1.0,path_probability_product,simple_acyclic_path,max_depth_reached,True,False,False,False,False,False,False,False
FR-BBD3-PARENT-c0612,scope_a_old83_compatible,"cis -1,3-Dichloropropene",halogenated_compound,envipath_prediction,envipath_bbd_rules_multistep,False,FR-BBD3-PARENT-c0612__sp06,6,6,"[""FR-BBD3-PARENT-c0612__n00000"", ""FR-BBD3-PARENT-c0612__n00001"", ""FR-BBD3-PARENT-c0612__n00008"", ""FR-BBD3-PARENT-c0612__n00018"", ""FR-BBD3-PARENT-c0612__n00023"", ""FR-BBD3-PARENT-c0612__n00032"", ""FR-BBD3-PARENT-c0612__n00041""]","[""Cl/C=C\\CCl"", ""C=CCCl"", ""ClCC1CO1"", ""OCC(O)CCl"", ""OCC(O)CO"", ""O=C(CO)CO"", ""O=CC(=O)CO""]","[""UOORRWUZONOOLO-UPHRSURJSA-N"", ""OSDWBNJEKMUWAV-UHFFFAOYSA-N"", ""BRLQWZUYTZBJKN-UHFFFAOYSA-N"", ""SSZWWUDQMAHNAQ-UHFFFAOYSA-N"", ""PEDCQBHIVMGVHV-UHFFFAOYSA-N"", ""RXKJFZQQPQGTFL-UHFFFAOYSA-N"", ""JLPAWRLRMTZCSF-UHFFFAOYSA-N""]","[""FR-BBD3-PARENT-c0612__e00001"", ""FR-BBD3-PARENT-c0612__e00008"", ""FR-BBD3-PARENT-c0612__e00021"", ""FR-BBD3-PARENT-c0612__e00026"", ""FR-BBD3-PARENT-c0612__e00036"", ""FR-BBD3-PARENT-c0612__e00046""]","[1.0, 1.0, 1.0, 1.0, 1.0, 1.0]","[""multi_generation_edge_probability"", ""multi_generation_edge_probability"", ""multi_generation_edge_probability"", ""multi_generation_edge_probability"", ""multi_generation_edge_probability"", ""multi_generation_edge_probability""]",1.0,path_probability_product,simple_acyclic_path,max_depth_reached,True,False,False,False,False,False,False,False
FR-BBD3-PARENT-c0612,scope_a_old83_compatible,"cis -1,3-Dichloropropene",halogenated_compound,envipath_prediction,envipath_bbd_rules_multistep,False,FR-BBD3-PARENT-c0612__sp07,7,6,"[""FR-BBD3-PARENT-c0612__n00000"", ""FR-BBD3-PARENT-c0612__n00002"", ""FR-BBD3-PARENT-c0612__n00006"", ""FR-BBD3-PARENT-c0612__n00007"", ""FR-BBD3-PARENT-c0612__n00012"", ""FR-BBD3-PARENT-c0612__n00022"", ""FR-BBD3-PARENT-c0612__n00031""]","[""Cl/C=C\\CCl"", ""CC=CCl"", ""CCCCl"", ""OCCCCl"", ""OCCCO"", ""O=CCCO"", ""O=C(O)CCO""]","[""UOORRWUZONOOLO-UPHRSURJSA-N"", ""OWXJKYNZGFSVRC-UHFFFAOYSA-N"", ""SNMVRZFUUCLYTO-UHFFFAOYSA-N"", ""LAMUXTNQCICZQX-UHFFFAOYSA-N"", ""YPFDHNVEDLHUCE-UHFFFAOYSA-N"", ""AKXKFZDCRYJKTF-UHFFFAOYSA-N"", ""ALRHLSYJTWAHJZ-UHFFFAOYSA-N""]","[""FR-BBD3-PARENT-c0612__e00002"", ""FR-BBD3-PARENT-c0612__e00006"", ""FR-BBD3-PARENT-c0612__e00013"", ""FR-BBD3-PARENT-c0612__e00014"", ""FR-BBD3-PARENT-c0612__e00025"", ""FR-BBD3-PARENT-c0612__e00035""]","[1.0, 1.0, 1.0, 1.0, 1.0, 1.0]","[""multi_generation_edge_probability"", ""multi_generation_edge_probability"", ""multi_generation_edge_probability"", ""multi_generation_edge_probability"", ""multi_generation_edge_probability"", ""multi_generation_edge_probability""]",1.0,path_probability_product,simple_acyclic_path,max_depth_reached,True,False,False,False,False,False,False,False
FR-BBD3-PARENT-c0612,scope_a_old83_compatible,"cis -1,3-Dichloropropene",halogenated_compound,envipath_prediction,envipath_bbd_rules_multistep,False,FR-BBD3-PARENT-c0612__sp08,8,6,"[""FR-BBD3-PARENT-c0612__n00000"", ""FR-BBD3-PARENT-c0612__n00002"", ""FR-BBD3-PARENT-c0612__n00009"", ""FR-BBD3-PARENT-c0612__n00005"", ""FR-BBD3-PARENT-c0612__n00015"", ""FR-BBD3-PARENT-c0612__n00021"", ""FR-BBD3-PARENT-c0612__n00030""]","[""Cl/C=C\\CCl"", ""CC=CCl"", ""C=CC"", ""C=CCO"", ""OCC1CO1"", ""O=CC1CO1"", ""O=CC(O)CO""]","[""UOORRWUZONOOLO-UPHRSURJSA-N"", ""OWXJKYNZGFSVRC-UHFFFAOYSA-N"", ""QQONPFPTGQHPMA-UHFFFAOYSA-N"", ""XXROGKLTLUQVRX-UHFFFAOYSA-N"", ""CTKINSOISVBQLD-UHFFFAOYSA-N"", ""IWYRWIUNAVNFPE-UHFFFAOYSA-N"", ""MNQZXJOMYWMBOU-UHFFFAOYSA-N""]","[""FR-BBD3-PARENT-c0612__e00002"", ""FR-BBD3-PARENT-c0612__e00009"", ""FR-BBD3-PARENT-c0612__e00017"", ""FR-BBD3-PARENT-c0612__e00018"", ""FR-BBD3-PARENT-c0612__e00024"", ""FR-BBD3-PARENT-c0612__e00034""]","[1.0, 1.0, 1.0, 1.0, 1.0, 1.0]","[""multi_generation_edge_probability"", ""multi_generation_edge_probability"", ""multi_generation_edge_probability"", ""multi_generation_edge_probability"", ""multi_generation_edge_probability"", ""multi_generation_edge_probability""]",1.0,path_probability_product,simple_acyclic_path,max_depth_reached,True,False,False,False,False,False,False,False
FR-BBD3-PARENT-c0612,scope_a_old83_compatible,"cis -1,3-Dichloropropene",halogenated_compound,envipath_prediction,envipath_bbd_rules_multistep,False,FR-BBD3-PARENT-c0612__sp09,9,6,"[""FR-BBD3-PARENT-c0612__n00000"", ""FR-BBD3-PARENT-c0612__n00002"", ""FR-BBD3-PARENT-c0612__n00009"", ""FR-BBD3-PARENT-c0612__n00005"", ""FR-BBD3-PARENT-c0612__n00015"", ""FR-BBD3-PARENT-c0612__n00021"", ""FR-BBD3-PARENT-c0612__n00036""]","[""Cl/C=C\\CCl"", ""CC=CCl"", ""C=CC"", ""C=CCO"", ""OCC1CO1"", ""O=CC1CO1"", ""O=C(O)C1CO1""]","[""UOORRWUZONOOLO-UPHRSURJSA-N"", ""OWXJKYNZGFSVRC-UHFFFAOYSA-N"", ""QQONPFPTGQHPMA-UHFFFAOYSA-N"", ""XXROGKLTLUQVRX-UHFFFAOYSA-N"", ""CTKINSOISVBQLD-UHFFFAOYSA-N"", ""IWYRWIUNAVNFPE-UHFFFAOYSA-N"", ""OTGHWLKHGCENJV-UHFFFAOYSA-N""]","[""FR-BBD3-PARENT-c0612__e00002"", ""FR-BBD3-PARENT-c0612__e00009"", ""FR-BBD3-PARENT-c0612__e00017"", ""FR-BBD3-PARENT-c0612__e00018"", ""FR-BBD3-PARENT-c0612__e00024"", ""FR-BBD3-PARENT-c0612__e00040""]","[1.0, 1.0, 1.0, 1.0, 1.0, 1.0]","[""multi_generation_edge_probability"", ""multi_generation_edge_probability"", ""multi_generation_edge_probability"", ""multi_generation_edge_probability"", ""multi_generation_edge_probability"", ""multi_generation_edge_probability""]",1.0,path_probability_product,simple_acyclic_path,max_depth_reached,True,False,False,False,False,False,False,False
FR-BBD3-PARENT-c0612,scope_a_old83_compatible,"cis -1,3-Dichloropropene",halogenated_compound,envipath_prediction,envipath_bbd_rules_multistep,False,FR-BBD3-PARENT-c0612__sp10,10,6,"[""FR-BBD3-PARENT-c0612__n00000"", ""FR-BBD3-PARENT-c0612__n00002"", ""FR-BBD3-PARENT-c0612__n00004"", ""FR-BBD3-PARENT-c0612__n00010"", ""FR-BBD3-PARENT-c0612__n00013"", ""FR-BBD3-PARENT-c0612__n00027"", ""FR-BBD3-PARENT-c0612__n00035""]","[""Cl/C=C\\CCl"", ""CC=CCl"", ""OCC=CCl"", ""O=CC=CCl"", ""O=CCCCl"", ""O=CC(O)CCl"", ""O=CC(=O)CCl""]","[""UOORRWUZONOOLO-UPHRSURJSA-N"", ""OWXJKYNZGFSVRC-UHFFFAOYSA-N"", ""HJGHXDNIPAWLLE-UHFFFAOYSA-N"", ""ZSOPPQGHWJVKJB-UHFFFAOYSA-N"", ""FFDNRFMIOVQZMT-UHFFFAOYSA-N"", ""DLVHCNKXFJLECF-UHFFFAOYSA-N"", ""KRYUFSWXHZJLMT-UHFFFAOYSA-N""]","[""FR-BBD3-PARENT-c0612__e00002"", ""FR-BBD3-PARENT-c0612__e00011"", ""FR-BBD3-PARENT-c0612__e00010"", ""FR-BBD3-PARENT-c0612__e00015"", ""FR-BBD3-PARENT-c0612__e00030"", ""FR-BBD3-PARENT-c0612__e00039""]","[1.0, 1.0, 1.0, 1.0, 1.0, 1.0]","[""multi_generation_edge_probability"", ""multi_generation_edge_probability"", ""multi_generation_edge_probability"", ""multi_generation_edge_probability"", ""multi_generation_edge_probability"", ""multi_generation_edge_probability""]",1.0,path_probability_product,simple_acyclic_path,max_depth_reached,True,False,False,False,False,False,False,False
FR-BBD3-PARENT-c0626,scope_a_old83_compatible,Limonene,other_eawag_bbd_xenobiotic,envipath_prediction,envipath_bbd_rules_multistep,False,FR-BBD3-PARENT-c0626__sp01,1,2,"[""FR-BBD3-PARENT-c0626__n00000"", ""FR-BBD3-PARENT-c0626__n00002"", ""FR-BBD3-PARENT-c0626__n00010""]","[""C=C(C)C1CC=C(C)CC1"", ""CC1=CCC(C(C)C)CC1"", ""CC1CCC(C(C)C)CC1""]","[""XMGQYMWWDOXHJM-UHFFFAOYSA-N"", ""FAMJUFMHYAFYNU-UHFFFAOYSA-N"", ""CFJYNSNXFXLKNS-UHFFFAOYSA-N""]","[""FR-BBD3-PARENT-c0626__e00002"", ""FR-BBD3-PARENT-c0626__e00010""]","[1.0, 1.0]","[""multi_generation_edge_probability"", ""multi_generation_edge_probability""]",1.0,path_probability_product,simple_acyclic_path,frontier_empty,True,False,False,False,False,False,False,False
FR-BBD3-PARENT-c0626,scope_a_old83_compatible,Limonene,other_eawag_bbd_xenobiotic,envipath_prediction,envipath_bbd_rules_multistep,False,FR-BBD3-PARENT-c0626__sp02,2,2,"[""FR-BBD3-PARENT-c0626__n00000"", ""FR-BBD3-PARENT-c0626__n00002"", ""FR-BBD3-PARENT-c0626__n00014""]","[""C=C(C)C1CC=C(C)CC1"", ""CC1=CCC(C(C)C)CC1"", ""CC1=CC(O)C(C(C)C)CC1""]","[""XMGQYMWWDOXHJM-UHFFFAOYSA-N"", ""FAMJUFMHYAFYNU-UHFFFAOYSA-N"", ""HPOHAUWWDDPHRS-UHFFFAOYSA-N""]","[""FR-BBD3-PARENT-c0626__e00002"", ""FR-BBD3-PARENT-c0626__e00014""]","[1.0, 1.0]","[""multi_generation_edge_probability"", ""multi_generation_edge_probability""]",1.0,path_probability_product,simple_acyclic_path,frontier_empty,True,False,False,False,False,False,False,False
FR-BBD3-PARENT-c0626,scope_a_old83_compatible,Limonene,other_eawag_bbd_xenobiotic,envipath_prediction,envipath_bbd_rules_multistep,False,FR-BBD3-PARENT-c0626__sp03,3,2,"[""FR-BBD3-PARENT-c0626__n00000"", ""FR-BBD3-PARENT-c0626__n00002"", ""FR-BBD3-PARENT-c0626__n00017""]","[""C=C(C)C1CC=C(C)CC1"", ""CC1=CCC(C(C)C)CC1"", ""CC1=CCC(C(C)C)CC1O""]","[""XMGQYMWWDOXHJM-UHFFFAOYSA-N"", ""FAMJUFMHYAFYNU-UHFFFAOYSA-N"", ""FZXLDENMTYEVAD-UHFFFAOYSA-N""]","[""FR-BBD3-PARENT-c0626__e00002"", ""FR-BBD3-PARENT-c0626__e00017""]","[1.0, 1.0]","[""multi_generation_edge_probability"", ""multi_generation_edge_probability""]",1.0,path_probability_product,simple_acyclic_path,frontier_empty,True,False,False,False,False,False,False,False
FR-BBD3-PARENT-c0626,scope_a_old83_compatible,Limonene,other_eawag_bbd_xenobiotic,envipath_prediction,envipath_bbd_rules_multistep,False,FR-BBD3-PARENT-c0626__sp04,4,2,"[""FR-BBD3-PARENT-c0626__n00000"", ""FR-BBD3-PARENT-c0626__n00002"", ""FR-BBD3-PARENT-c0626__n00020""]","[""C=C(C)C1CC=C(C)CC1"", ""CC1=CCC(C(C)C)CC1"", ""CC1=CCC(C(C)C)C(O)C1""]","[""XMGQYMWWDOXHJM-UHFFFAOYSA-N"", ""FAMJUFMHYAFYNU-UHFFFAOYSA-N"", ""UDQXLNRIDGDFAR-UHFFFAOYSA-N""]","[""FR-BBD3-PARENT-c0626__e00002"", ""FR-BBD3-PARENT-c0626__e00020""]","[1.0, 1.0]","[""multi_generation_edge_probability"", ""multi_generation_edge_probability""]",1.0,path_probability_product,simple_acyclic_path,frontier_empty,True,False,False,False,False,False,False,False
FR-BBD3-PARENT-c0626,scope_a_old83_compatible,Limonene,other_eawag_bbd_xenobiotic,envipath_prediction,envipath_bbd_rules_multistep,False,FR-BBD3-PARENT-c0626__sp05,5,2,"[""FR-BBD3-PARENT-c0626__n00000"", ""FR-BBD3-PARENT-c0626__n00002"", ""FR-BBD3-PARENT-c0626__n00023""]","[""C=C(C)C1CC=C(C)CC1"", ""CC1=CCC(C(C)C)CC1"", ""CC1=CCC(C(C)(C)O)CC1""]","[""XMGQYMWWDOXHJM-UHFFFAOYSA-N"", ""FAMJUFMHYAFYNU-UHFFFAOYSA-N"", ""WUOACPNHFRMFPN-UHFFFAOYSA-N""]","[""FR-BBD3-PARENT-c0626__e00002"", ""FR-BBD3-PARENT-c0626__e00023""]","[1.0, 1.0]","[""multi_generation_edge_probability"", ""multi_generation_edge_probability""]",1.0,path_probability_product,simple_acyclic_path,frontier_empty,True,False,False,False,False,False,False,False
FR-BBD3-PARENT-c0626,scope_a_old83_compatible,Limonene,other_eawag_bbd_xenobiotic,envipath_prediction,envipath_bbd_rules_multistep,False,FR-BBD3-PARENT-c0626__sp06,6,2,"[""FR-BBD3-PARENT-c0626__n00000"", ""FR-BBD3-PARENT-c0626__n00002"", ""FR-BBD3-PARENT-c0626__n00029""]","[""C=C(C)C1CC=C(C)CC1"", ""CC1=CCC(C(C)C)CC1"", ""CC(C)C1CC=C(CO)CC1""]","[""XMGQYMWWDOXHJM-UHFFFAOYSA-N"", ""FAMJUFMHYAFYNU-UHFFFAOYSA-N"", ""FFOYLHBMVUGHSX-UHFFFAOYSA-N""]","[""FR-BBD3-PARENT-c0626__e00002"", ""FR-BBD3-PARENT-c0626__e00029""]","[1.0, 1.0]","[""multi_generation_edge_probability"", ""multi_generation_edge_probability""]",1.0,path_probability_product,simple_acyclic_path,frontier_empty,True,False,False,False,False,False,False,False
FR-BBD3-PARENT-c0626,scope_a_old83_compatible,Limonene,other_eawag_bbd_xenobiotic,envipath_prediction,envipath_bbd_rules_multistep,False,FR-BBD3-PARENT-c0626__sp07,7,2,"[""FR-BBD3-PARENT-c0626__n00000"", ""FR-BBD3-PARENT-c0626__n00002"", ""FR-BBD3-PARENT-c0626__n00032""]","[""C=C(C)C1CC=C(C)CC1"", ""CC1=CCC(C(C)C)CC1"", ""CC(C)C1CCC2(C)OC2C1""]","[""XMGQYMWWDOXHJM-UHFFFAOYSA-N"", ""FAMJUFMHYAFYNU-UHFFFAOYSA-N"", ""WSHVHJSDSVPPIV-UHFFFAOYSA-N""]","[""FR-BBD3-PARENT-c0626__e00002"", ""FR-BBD3-PARENT-c0626__e00032""]","[1.0, 1.0]","[""multi_generation_edge_probability"", ""multi_generation_edge_probability""]",1.0,path_probability_product,simple_acyclic_path,frontier_empty,True,False,False,False,False,False,False,False
FR-BBD3-PARENT-c0626,scope_a_old83_compatible,Limonene,other_eawag_bbd_xenobiotic,envipath_prediction,envipath_bbd_rules_multistep,False,FR-BBD3-PARENT-c0626__sp08,8,2,"[""FR-BBD3-PARENT-c0626__n00000"", ""FR-BBD3-PARENT-c0626__n00002"", ""FR-BBD3-PARENT-c0626__n00033""]","[""C=C(C)C1CC=C(C)CC1"", ""CC1=CCC(C(C)C)CC1"", ""CC1=CCC(C(C)CO)CC1""]","[""XMGQYMWWDOXHJM-UHFFFAOYSA-N"", ""FAMJUFMHYAFYNU-UHFFFAOYSA-N"", ""ZTYHGIAOVUPAAH-UHFFFAOYSA-N""]","[""FR-BBD3-PARENT-c0626__e00002"", ""FR-BBD3-PARENT-c0626__e00033""]","[1.0, 1.0]","[""multi_generation_edge_probability"", ""multi_generation_edge_probability""]",1.0,path_probability_product,simple_acyclic_path,frontier_empty,True,False,False,False,False,False,False,False
FR-BBD3-PARENT-c0626,scope_a_old83_compatible,Limonene,other_eawag_bbd_xenobiotic,envipath_prediction,envipath_bbd_rules_multistep,False,FR-BBD3-PARENT-c0626__sp09,9,2,"[""FR-BBD3-PARENT-c0626__n00000"", ""FR-BBD3-PARENT-c0626__n00006"", ""FR-BBD3-PARENT-c0626__n00011""]","[""C=C(C)C1CC=C(C)CC1"", ""C=C(C)C1(O)CC=C(C)CC1"", ""C=C(C)C1(O)CCC(C)CC1""]","[""XMGQYMWWDOXHJM-UHFFFAOYSA-N"", ""OVKDFILSBMEKLT-UHFFFAOYSA-N"", ""GYFBVNNKDMVYLE-UHFFFAOYSA-N""]","[""FR-BBD3-PARENT-c0626__e00006"", ""FR-BBD3-PARENT-c0626__e00011""]","[1.0, 1.0]","[""multi_generation_edge_probability"", ""multi_generation_edge_probability""]",1.0,path_probability_product,simple_acyclic_path,frontier_empty,True,False,False,False,False,False,False,False
FR-BBD3-PARENT-c0626,scope_a_old83_compatible,Limonene,other_eawag_bbd_xenobiotic,envipath_prediction,envipath_bbd_rules_multistep,False,FR-BBD3-PARENT-c0626__sp10,10,2,"[""FR-BBD3-PARENT-c0626__n00000"", ""FR-BBD3-PARENT-c0626__n00006"", ""FR-BBD3-PARENT-c0626__n00015""]","[""C=C(C)C1CC=C(C)CC1"", ""C=C(C)C1(O)CC=C(C)CC1"", ""C=C(C)C1(O)CC=C(CO)CC1""]","[""XMGQYMWWDOXHJM-UHFFFAOYSA-N"", ""OVKDFILSBMEKLT-UHFFFAOYSA-N"", ""GHGLSAJHSILZNZ-UHFFFAOYSA-N""]","[""FR-BBD3-PARENT-c0626__e00006"", ""FR-BBD3-PARENT-c0626__e00015""]","[1.0, 1.0]","[""multi_generation_edge_probability"", ""multi_generation_edge_probability""]",1.0,path_probability_product,simple_acyclic_path,frontier_empty,True,False,False,False,False,False,False,False
FR-BBD3-PARENT-c0639,scope_a_old83_compatible,"Hexahydro-1,3,5-trinitro-1,3,5-triazine",triazine_herbicide,envipath_prediction,envipath_bbd_rules_multistep,False,FR-BBD3-PARENT-c0639__sp01,1,4,"[""FR-BBD3-PARENT-c0639__n00000"", ""FR-BBD3-PARENT-c0639__n00001"", ""FR-BBD3-PARENT-c0639__n00005"", ""FR-BBD3-PARENT-c0639__n00009"", ""FR-BBD3-PARENT-c0639__n00015""]","[""O=[N+]([O-])N1CN([N+](=O)[O-])CN([N+](=O)[O-])C1"", ""O=[N+]([O-])N1C=NCN([N+](=O)[O-])C1"", ""O=[N+]([O-])N1C=NC=NC1"", ""O=[N+]([O-])N1CNC(O)NC1O"", ""NC(O)NC(O)N(C=O)[N+](=O)[O-]""]","[""XTFIVUDBNACUBN-UHFFFAOYSA-N"", ""VYWPLBFUPOGEQG-UHFFFAOYSA-N"", ""BBKITNQUCNTOHU-UHFFFAOYSA-N"", ""JMWWDTMNMNLJEV-UHFFFAOYSA-N"", ""BVKFMHFKGNHUGZ-UHFFFAOYSA-N""]","[""FR-BBD3-PARENT-c0639__e00001"", ""FR-BBD3-PARENT-c0639__e00005"", ""FR-BBD3-PARENT-c0639__e00009"", ""FR-BBD3-PARENT-c0639__e00015""]","[1.0, 1.0, 1.0, 1.0]","[""multi_generation_edge_probability"", ""multi_generation_edge_probability"", ""multi_generation_edge_probability"", ""multi_generation_edge_probability""]",1.0,path_probability_product,simple_acyclic_path,frontier_empty,True,False,False,False,False,False,False,False
FR-BBD3-PARENT-c0639,scope_a_old83_compatible,"Hexahydro-1,3,5-trinitro-1,3,5-triazine",triazine_herbicide,envipath_prediction,envipath_bbd_rules_multistep,False,FR-BBD3-PARENT-c0639__sp02,2,4,"[""FR-BBD3-PARENT-c0639__n00000"", ""FR-BBD3-PARENT-c0639__n00001"", ""FR-BBD3-PARENT-c0639__n00005"", ""FR-BBD3-PARENT-c0639__n00009"", ""FR-BBD3-PARENT-c0639__n00017""]","[""O=[N+]([O-])N1CN([N+](=O)[O-])CN([N+](=O)[O-])C1"", ""O=[N+]([O-])N1C=NCN([N+](=O)[O-])C1"", ""O=[N+]([O-])N1C=NC=NC1"", ""O=[N+]([O-])N1CNC(O)NC1O"", ""NC(O)NCN(C(=O)O)[N+](=O)[O-]""]","[""XTFIVUDBNACUBN-UHFFFAOYSA-N"", ""VYWPLBFUPOGEQG-UHFFFAOYSA-N"", ""BBKITNQUCNTOHU-UHFFFAOYSA-N"", ""JMWWDTMNMNLJEV-UHFFFAOYSA-N"", ""OHNLSKKARUMRSP-UHFFFAOYSA-N""]","[""FR-BBD3-PARENT-c0639__e00001"", ""FR-BBD3-PARENT-c0639__e00005"", ""FR-BBD3-PARENT-c0639__e00009"", ""FR-BBD3-PARENT-c0639__e00018""]","[1.0, 1.0, 1.0, 1.0]","[""multi_generation_edge_probability"", ""multi_generation_edge_probability"", ""multi_generation_edge_probability"", ""multi_generation_edge_probability""]",1.0,path_probability_product,simple_acyclic_path,frontier_empty,True,False,False,False,False,False,False,False
FR-BBD3-PARENT-c0639,scope_a_old83_compatible,"Hexahydro-1,3,5-trinitro-1,3,5-triazine",triazine_herbicide,envipath_prediction,envipath_bbd_rules_multistep,False,FR-BBD3-PARENT-c0639__sp03,3,4,"[""FR-BBD3-PARENT-c0639__n00000"", ""FR-BBD3-PARENT-c0639__n00001"", ""FR-BBD3-PARENT-c0639__n00005"", ""FR-BBD3-PARENT-c0639__n00009"", ""FR-BBD3-PARENT-c0639__n00020""]","[""O=[N+]([O-])N1CN([N+](=O)[O-])CN([N+](=O)[O-])C1"", ""O=[N+]([O-])N1C=NCN([N+](=O)[O-])C1"", ""O=[N+]([O-])N1C=NC=NC1"", ""O=[N+]([O-])N1CNC(O)NC1O"", ""NCN(C(O)NC(=O)O)[N+](=O)[O-]""]","[""XTFIVUDBNACUBN-UHFFFAOYSA-N"", ""VYWPLBFUPOGEQG-UHFFFAOYSA-N"", ""BBKITNQUCNTOHU-UHFFFAOYSA-N"", ""JMWWDTMNMNLJEV-UHFFFAOYSA-N"", ""NCXFNFKRMZSZCT-UHFFFAOYSA-N""]","[""FR-BBD3-PARENT-c0639__e00001"", ""FR-BBD3-PARENT-c0639__e00005"", ""FR-BBD3-PARENT-c0639__e00009"", ""FR-BBD3-PARENT-c0639__e00021""]","[1.0, 1.0, 1.0, 1.0]","[""multi_generation_edge_probability"", ""multi_generation_edge_probability"", ""multi_generation_edge_probability"", ""multi_generation_edge_probability""]",1.0,path_probability_product,simple_acyclic_path,frontier_empty,True,False,False,False,False,False,False,False
FR-BBD3-PARENT-c0639,scope_a_old83_compatible,"Hexahydro-1,3,5-trinitro-1,3,5-triazine",triazine_herbicide,envipath_prediction,envipath_bbd_rules_multistep,False,FR-BBD3-PARENT-c0639__sp04,4,4,"[""FR-BBD3-PARENT-c0639__n00000"", ""FR-BBD3-PARENT-c0639__n00001"", ""FR-BBD3-PARENT-c0639__n00005"", ""FR-BBD3-PARENT-c0639__n00009"", ""FR-BBD3-PARENT-c0639__n00022""]","[""O=[N+]([O-])N1CN([N+](=O)[O-])CN([N+](=O)[O-])C1"", ""O=[N+]([O-])N1C=NCN([N+](=O)[O-])C1"", ""O=[N+]([O-])N1C=NC=NC1"", ""O=[N+]([O-])N1CNC(O)NC1O"", ""NC(O)N(CNC(=O)O)[N+](=O)[O-]""]","[""XTFIVUDBNACUBN-UHFFFAOYSA-N"", ""VYWPLBFUPOGEQG-UHFFFAOYSA-N"", ""BBKITNQUCNTOHU-UHFFFAOYSA-N"", ""JMWWDTMNMNLJEV-UHFFFAOYSA-N"", ""KPDOCMNFJZJJFQ-UHFFFAOYSA-N""]","[""FR-BBD3-PARENT-c0639__e00001"", ""FR-BBD3-PARENT-c0639__e00005"", ""FR-BBD3-PARENT-c0639__e00009"", ""FR-BBD3-PARENT-c0639__e00023""]","[1.0, 1.0, 1.0, 1.0]","[""multi_generation_edge_probability"", ""multi_generation_edge_probability"", ""multi_generation_edge_probability"", ""multi_generation_edge_probability""]",1.0,path_probability_product,simple_acyclic_path,frontier_empty,True,False,False,False,False,False,False,False
FR-BBD3-PARENT-c0639,scope_a_old83_compatible,"Hexahydro-1,3,5-trinitro-1,3,5-triazine",triazine_herbicide,envipath_prediction,envipath_bbd_rules_multistep,False,FR-BBD3-PARENT-c0639__sp05,5,4,"[""FR-BBD3-PARENT-c0639__n00000"", ""FR-BBD3-PARENT-c0639__n00001"", ""FR-BBD3-PARENT-c0639__n00005"", ""FR-BBD3-PARENT-c0639__n00009"", ""FR-BBD3-PARENT-c0639__n00023""]","[""O=[N+]([O-])N1CN([N+](=O)[O-])CN([N+](=O)[O-])C1"", ""O=[N+]([O-])N1C=NCN([N+](=O)[O-])C1"", ""O=[N+]([O-])N1C=NC=NC1"", ""O=[N+]([O-])N1CNC(O)NC1O"", ""O=NN1CNC(O)NC1O""]","[""XTFIVUDBNACUBN-UHFFFAOYSA-N"", ""VYWPLBFUPOGEQG-UHFFFAOYSA-N"", ""BBKITNQUCNTOHU-UHFFFAOYSA-N"", ""JMWWDTMNMNLJEV-UHFFFAOYSA-N"", ""LVKFONNLDIKGQS-UHFFFAOYSA-N""]","[""FR-BBD3-PARENT-c0639__e00001"", ""FR-BBD3-PARENT-c0639__e00005"", ""FR-BBD3-PARENT-c0639__e00009"", ""FR-BBD3-PARENT-c0639__e00025""]","[1.0, 1.0, 1.0, 1.0]","[""multi_generation_edge_probability"", ""multi_generation_edge_probability"", ""multi_generation_edge_probability"", ""multi_generation_edge_probability""]",1.0,path_probability_product,simple_acyclic_path,frontier_empty,True,False,False,False,False,False,False,False
FR-BBD3-PARENT-c0639,scope_a_old83_compatible,"Hexahydro-1,3,5-trinitro-1,3,5-triazine",triazine_herbicide,envipath_prediction,envipath_bbd_rules_multistep,False,FR-BBD3-PARENT-c0639__sp06,6,4,"[""FR-BBD3-PARENT-c0639__n00000"", ""FR-BBD3-PARENT-c0639__n00001"", ""FR-BBD3-PARENT-c0639__n00005"", ""FR-BBD3-PARENT-c0639__n00009"", ""FR-BBD3-PARENT-c0639__n00024""]","[""O=[N+]([O-])N1CN([N+](=O)[O-])CN([N+](=O)[O-])C1"", ""O=[N+]([O-])N1C=NCN([N+](=O)[O-])C1"", ""O=[N+]([O-])N1C=NC=NC1"", ""O=[N+]([O-])N1CNC(O)NC1O"", ""O=CNC(O)NCN[N+](=O)[O-]""]","[""XTFIVUDBNACUBN-UHFFFAOYSA-N"", ""VYWPLBFUPOGEQG-UHFFFAOYSA-N"", ""BBKITNQUCNTOHU-UHFFFAOYSA-N"", ""JMWWDTMNMNLJEV-UHFFFAOYSA-N"", ""AJGCBSSZZAKJEX-UHFFFAOYSA-N""]","[""FR-BBD3-PARENT-c0639__e00001"", ""FR-BBD3-PARENT-c0639__e00005"", ""FR-BBD3-PARENT-c0639__e00009"", ""FR-BBD3-PARENT-c0639__e00026""]","[1.0, 1.0, 1.0, 1.0]","[""multi_generation_edge_probability"", ""multi_generation_edge_probability"", ""multi_generation_edge_probability"", ""multi_generation_edge_probability""]",1.0,path_probability_product,simple_acyclic_path,frontier_empty,True,False,False,False,False,False,False,False
FR-BBD3-PARENT-c0639,scope_a_old83_compatible,"Hexahydro-1,3,5-trinitro-1,3,5-triazine",triazine_herbicide,envipath_prediction,envipath_bbd_rules_multistep,False,FR-BBD3-PARENT-c0639__sp07,7,4,"[""FR-BBD3-PARENT-c0639__n00000"", ""FR-BBD3-PARENT-c0639__n00001"", ""FR-BBD3-PARENT-c0639__n00005"", ""FR-BBD3-PARENT-c0639__n00009"", ""FR-BBD3-PARENT-c0639__n00026""]","[""O=[N+]([O-])N1CN([N+](=O)[O-])CN([N+](=O)[O-])C1"", ""O=[N+]([O-])N1C=NCN([N+](=O)[O-])C1"", ""O=[N+]([O-])N1C=NC=NC1"", ""O=[N+]([O-])N1CNC(O)NC1O"", ""NC(O)N(CNC=O)[N+](=O)[O-]""]","[""XTFIVUDBNACUBN-UHFFFAOYSA-N"", ""VYWPLBFUPOGEQG-UHFFFAOYSA-N"", ""BBKITNQUCNTOHU-UHFFFAOYSA-N"", ""JMWWDTMNMNLJEV-UHFFFAOYSA-N"", ""YQYQTVPKOAMLGA-UHFFFAOYSA-N""]","[""FR-BBD3-PARENT-c0639__e00001"", ""FR-BBD3-PARENT-c0639__e00005"", ""FR-BBD3-PARENT-c0639__e00009"", ""FR-BBD3-PARENT-c0639__e00028""]","[1.0, 1.0, 1.0, 1.0]","[""multi_generation_edge_probability"", ""multi_generation_edge_probability"", ""multi_generation_edge_probability"", ""multi_generation_edge_probability""]",1.0,path_probability_product,simple_acyclic_path,frontier_empty,True,False,False,False,False,False,False,False
FR-BBD3-PARENT-c0639,scope_a_old83_compatible,"Hexahydro-1,3,5-trinitro-1,3,5-triazine",triazine_herbicide,envipath_prediction,envipath_bbd_rules_multistep,False,FR-BBD3-PARENT-c0639__sp08,8,4,"[""FR-BBD3-PARENT-c0639__n00000"", ""FR-BBD3-PARENT-c0639__n00001"", ""FR-BBD3-PARENT-c0639__n00005"", ""FR-BBD3-PARENT-c0639__n00009"", ""FR-BBD3-PARENT-c0639__n00028""]","[""O=[N+]([O-])N1CN([N+](=O)[O-])CN([N+](=O)[O-])C1"", ""O=[N+]([O-])N1C=NCN([N+](=O)[O-])C1"", ""O=[N+]([O-])N1C=NC=NC1"", ""O=[N+]([O-])N1CNC(O)NC1O"", ""NC(O)NCN(C=O)[N+](=O)[O-]""]","[""XTFIVUDBNACUBN-UHFFFAOYSA-N"", ""VYWPLBFUPOGEQG-UHFFFAOYSA-N"", ""BBKITNQUCNTOHU-UHFFFAOYSA-N"", ""JMWWDTMNMNLJEV-UHFFFAOYSA-N"", ""ZZSKAWRRZOLDJX-UHFFFAOYSA-N""]","[""FR-BBD3-PARENT-c0639__e00001"", ""FR-BBD3-PARENT-c0639__e00005"", ""FR-BBD3-PARENT-c0639__e00009"", ""FR-BBD3-PARENT-c0639__e00030""]","[1.0, 1.0, 1.0, 1.0]","[""multi_generation_edge_probability"", ""multi_generation_edge_probability"", ""multi_generation_edge_probability"", ""multi_generation_edge_probability""]",1.0,path_probability_product,simple_acyclic_path,frontier_empty,True,False,False,False,False,False,False,False
FR-BBD3-PARENT-c0639,scope_a_old83_compatible,"Hexahydro-1,3,5-trinitro-1,3,5-triazine",triazine_herbicide,envipath_prediction,envipath_bbd_rules_multistep,False,FR-BBD3-PARENT-c0639__sp09,9,4,"[""FR-BBD3-PARENT-c0639__n00000"", ""FR-BBD3-PARENT-c0639__n00001"", ""FR-BBD3-PARENT-c0639__n00005"", ""FR-BBD3-PARENT-c0639__n00009"", ""FR-BBD3-PARENT-c0639__n00029""]","[""O=[N+]([O-])N1CN([N+](=O)[O-])CN([N+](=O)[O-])C1"", ""O=[N+]([O-])N1C=NCN([N+](=O)[O-])C1"", ""O=[N+]([O-])N1C=NC=NC1"", ""O=[N+]([O-])N1CNC(O)NC1O"", ""NCN(C(O)NC=O)[N+](=O)[O-]""]","[""XTFIVUDBNACUBN-UHFFFAOYSA-N"", ""VYWPLBFUPOGEQG-UHFFFAOYSA-N"", ""BBKITNQUCNTOHU-UHFFFAOYSA-N"", ""JMWWDTMNMNLJEV-UHFFFAOYSA-N"", ""RBBDVEYUFANMPC-UHFFFAOYSA-N""]","[""FR-BBD3-PARENT-c0639__e00001"", ""FR-BBD3-PARENT-c0639__e00005"", ""FR-BBD3-PARENT-c0639__e00009"", ""FR-BBD3-PARENT-c0639__e00031""]","[1.0, 1.0, 1.0, 1.0]","[""multi_generation_edge_probability"", ""multi_generation_edge_probability"", ""multi_generation_edge_probability"", ""multi_generation_edge_probability""]",1.0,path_probability_product,simple_acyclic_path,frontier_empty,True,False,False,False,False,False,False,False
FR-BBD3-PARENT-c0639,scope_a_old83_compatible,"Hexahydro-1,3,5-trinitro-1,3,5-triazine",triazine_herbicide,envipath_prediction,envipath_bbd_rules_multistep,False,FR-BBD3-PARENT-c0639__sp10,10,4,"[""FR-BBD3-PARENT-c0639__n00000"", ""FR-BBD3-PARENT-c0639__n00001"", ""FR-BBD3-PARENT-c0639__n00005"", ""FR-BBD3-PARENT-c0639__n00012"", ""FR-BBD3-PARENT-c0639__n00016""]","[""O=[N+]([O-])N1CN([N+](=O)[O-])CN([N+](=O)[O-])C1"", ""O=[N+]([O-])N1C=NCN([N+](=O)[O-])C1"", ""O=[N+]([O-])N1C=NC=NC1"", ""O=CNC=NCN[N+](=O)[O-]"", ""O=CNCN[N+](=O)[O-]""]","[""XTFIVUDBNACUBN-UHFFFAOYSA-N"", ""VYWPLBFUPOGEQG-UHFFFAOYSA-N"", ""BBKITNQUCNTOHU-UHFFFAOYSA-N"", ""BJERBPNEEJJCAL-UHFFFAOYSA-N"", ""RUQJXYVDASXZMO-UHFFFAOYSA-N""]","[""FR-BBD3-PARENT-c0639__e00001"", ""FR-BBD3-PARENT-c0639__e00005"", ""FR-BBD3-PARENT-c0639__e00012"", ""FR-BBD3-PARENT-c0639__e00017""]","[1.0, 1.0, 1.0, 1.0]","[""multi_generation_edge_probability"", ""multi_generation_edge_probability"", ""multi_generation_edge_probability"", ""multi_generation_edge_probability""]",1.0,path_probability_product,simple_acyclic_path,frontier_empty,True,False,False,False,False,False,False,False
FR-BBD3-PARENT-c0653,scope_a_old83_compatible,2-Chloro-N-isopropylacetanilide,halogenated_compound,envipath_prediction,envipath_bbd_rules_multistep,False,FR-BBD3-PARENT-c0653__sp01,1,6,"[""FR-BBD3-PARENT-c0653__n00000"", ""FR-BBD3-PARENT-c0653__n00002"", ""FR-BBD3-PARENT-c0653__n00007"", ""FR-BBD3-PARENT-c0653__n00003"", ""FR-BBD3-PARENT-c0653__n00012"", ""FR-BBD3-PARENT-c0653__n00034"", ""FR-BBD3-PARENT-c0653__n00036""]","[""CC(C)N(C(=O)CCl)c1ccccc1"", ""CC(CO)N(C(=O)CCl)c1ccccc1"", ""O=C(CCl)Nc1ccccc1"", ""O=C(O)CCl"", ""O=C(O)CO"", ""O=CC(=O)O"", ""O=C(O)C(=O)O""]","[""MFOUDYKPLGXPGO-UHFFFAOYSA-N"", ""VWMJJHCPXWIHSB-UHFFFAOYSA-N"", ""VONWPEXRCLHKRJ-UHFFFAOYSA-N"", ""FOCAUTSVDIKZOP-UHFFFAOYSA-N"", ""AEMRFAOFKBGASW-UHFFFAOYSA-N"", ""HHLFWLYXYJOTON-UHFFFAOYSA-N"", ""MUBZPKHOEPUJKR-UHFFFAOYSA-N""]","[""FR-BBD3-PARENT-c0653__e00002"", ""FR-BBD3-PARENT-c0653__e00028"", ""FR-BBD3-PARENT-c0653__e00016"", ""FR-BBD3-PARENT-c0653__e00012"", ""FR-BBD3-PARENT-c0653__e00038"", ""FR-BBD3-PARENT-c0653__e00043""]","[1.0, 1.0, 1.0, 1.0, 1.0, 1.0]","[""multi_generation_edge_probability"", ""multi_generation_edge_probability"", ""multi_generation_edge_probability"", ""multi_generation_edge_probability"", ""multi_generation_edge_probability"", ""multi_generation_edge_probability""]",1.0,path_probability_product,simple_acyclic_path,max_depth_reached,True,False,False,False,False,False,False,False
FR-BBD3-PARENT-c0653,scope_a_old83_compatible,2-Chloro-N-isopropylacetanilide,halogenated_compound,envipath_prediction,envipath_bbd_rules_multistep,False,FR-BBD3-PARENT-c0653__sp02,2,5,"[""FR-BBD3-PARENT-c0653__n00000"", ""FR-BBD3-PARENT-c0653__n00002"", ""FR-BBD3-PARENT-c0653__n00007"", ""FR-BBD3-PARENT-c0653__n00014"", ""FR-BBD3-PARENT-c0653__n00009"", ""FR-BBD3-PARENT-c0653__n00018""]","[""CC(C)N(C(=O)CCl)c1ccccc1"", ""CC(CO)N(C(=O)CCl)c1ccccc1"", ""O=C(CCl)Nc1ccccc1"", ""CC(=O)Nc1ccccc1"", ""Oc1ccccc1O"", ""O=CO""]","[""MFOUDYKPLGXPGO-UHFFFAOYSA-N"", ""VWMJJHCPXWIHSB-UHFFFAOYSA-N"", ""VONWPEXRCLHKRJ-UHFFFAOYSA-N"", ""FZERHIULMFGESH-UHFFFAOYSA-N"", ""YCIMNLLNPGFGHC-UHFFFAOYSA-N"", ""BDAGIHXWWSANSR-UHFFFAOYSA-N""]","[""FR-BBD3-PARENT-c0653__e00002"", ""FR-BBD3-PARENT-c0653__e00028"", ""FR-BBD3-PARENT-c0653__e00014"", ""FR-BBD3-PARENT-c0653__e00039"", ""FR-BBD3-PARENT-c0653__e00019""]","[1.0, 1.0, 1.0, 1.0, 1.0]","[""multi_generation_edge_probability"", ""multi_generation_edge_probability"", ""multi_generation_edge_probability"", ""multi_generation_edge_probability"", ""multi_generation_edge_probability""]",1.0,path_probability_product,simple_acyclic_path,frontier_empty,True,False,False,False,False,False,False,False
FR-BBD3-PARENT-c0653,scope_a_old83_compatible,2-Chloro-N-isopropylacetanilide,halogenated_compound,envipath_prediction,envipath_bbd_rules_multistep,False,FR-BBD3-PARENT-c0653__sp03,3,5,"[""FR-BBD3-PARENT-c0653__n00000"", ""FR-BBD3-PARENT-c0653__n00002"", ""FR-BBD3-PARENT-c0653__n00007"", ""FR-BBD3-PARENT-c0653__n00014"", ""FR-BBD3-PARENT-c0653__n00009"", ""FR-BBD3-PARENT-c0653__n00022""]","[""CC(C)N(C(=O)CCl)c1ccccc1"", ""CC(CO)N(C(=O)CCl)c1ccccc1"", ""O=C(CCl)Nc1ccccc1"", ""CC(=O)Nc1ccccc1"", ""Oc1ccccc1O"", ""Oc1ccc(O)c(O)c1""]","[""MFOUDYKPLGXPGO-UHFFFAOYSA-N"", ""VWMJJHCPXWIHSB-UHFFFAOYSA-N"", ""VONWPEXRCLHKRJ-UHFFFAOYSA-N"", ""FZERHIULMFGESH-UHFFFAOYSA-N"", ""YCIMNLLNPGFGHC-UHFFFAOYSA-N"", ""GGNQRNBDZQJCCN-UHFFFAOYSA-N""]","[""FR-BBD3-PARENT-c0653__e00002"", ""FR-BBD3-PARENT-c0653__e00028"", ""FR-BBD3-PARENT-c0653__e00014"", ""FR-BBD3-PARENT-c0653__e00039"", ""FR-BBD3-PARENT-c0653__e00023""]","[1.0, 1.0, 1.0, 1.0, 1.0]","[""multi_generation_edge_probability"", ""multi_generation_edge_probability"", ""multi_generation_edge_probability"", ""multi_generation_edge_probability"", ""multi_generation_edge_probability""]",1.0,path_probability_product,simple_acyclic_path,frontier_empty,True,False,False,False,False,False,False,False
FR-BBD3-PARENT-c0653,scope_a_old83_compatible,2-Chloro-N-isopropylacetanilide,halogenated_compound,envipath_prediction,envipath_bbd_rules_multistep,False,FR-BBD3-PARENT-c0653__sp04,4,5,"[""FR-BBD3-PARENT-c0653__n00000"", ""FR-BBD3-PARENT-c0653__n00007"", ""FR-BBD3-PARENT-c0653__n00003"", ""FR-BBD3-PARENT-c0653__n00012"", ""FR-BBD3-PARENT-c0653__n00034"", ""FR-BBD3-PARENT-c0653__n00036""]","[""CC(C)N(C(=O)CCl)c1ccccc1"", ""O=C(CCl)Nc1ccccc1"", ""O=C(O)CCl"", ""O=C(O)CO"", ""O=CC(=O)O"", ""O=C(O)C(=O)O""]","[""MFOUDYKPLGXPGO-UHFFFAOYSA-N"", ""VONWPEXRCLHKRJ-UHFFFAOYSA-N"", ""FOCAUTSVDIKZOP-UHFFFAOYSA-N"", ""AEMRFAOFKBGASW-UHFFFAOYSA-N"", ""HHLFWLYXYJOTON-UHFFFAOYSA-N"", ""MUBZPKHOEPUJKR-UHFFFAOYSA-N""]","[""FR-BBD3-PARENT-c0653__e00007"", ""FR-BBD3-PARENT-c0653__e00016"", ""FR-BBD3-PARENT-c0653__e00012"", ""FR-BBD3-PARENT-c0653__e00038"", ""FR-BBD3-PARENT-c0653__e00043""]","[1.0, 1.0, 1.0, 1.0, 1.0]","[""multi_generation_edge_probability"", ""multi_generation_edge_probability"", ""multi_generation_edge_probability"", ""multi_generation_edge_probability"", ""multi_generation_edge_probability""]",1.0,path_probability_product,simple_acyclic_path,frontier_empty,True,False,False,False,False,False,False,False
FR-BBD3-PARENT-c0653,scope_a_old83_compatible,2-Chloro-N-isopropylacetanilide,halogenated_compound,envipath_prediction,envipath_bbd_rules_multistep,False,FR-BBD3-PARENT-c0653__sp05,5,4,"[""FR-BBD3-PARENT-c0653__n00000"", ""FR-BBD3-PARENT-c0653__n00002"", ""FR-BBD3-PARENT-c0653__n00007"", ""FR-BBD3-PARENT-c0653__n00014"", ""FR-BBD3-PARENT-c0653__n00035""]","[""CC(C)N(C(=O)CCl)c1ccccc1"", ""CC(CO)N(C(=O)CCl)c1ccccc1"", ""O=C(CCl)Nc1ccccc1"", ""CC(=O)Nc1ccccc1"", ""CC(N)=O""]","[""MFOUDYKPLGXPGO-UHFFFAOYSA-N"", ""VWMJJHCPXWIHSB-UHFFFAOYSA-N"", ""VONWPEXRCLHKRJ-UHFFFAOYSA-N"", ""FZERHIULMFGESH-UHFFFAOYSA-N"", ""DLFVBJFMPXGRIB-UHFFFAOYSA-N""]","[""FR-BBD3-PARENT-c0653__e00002"", ""FR-BBD3-PARENT-c0653__e00028"", ""FR-BBD3-PARENT-c0653__e00014"", ""FR-BBD3-PARENT-c0653__e00040""]","[1.0, 1.0, 1.0, 1.0]","[""multi_generation_edge_probability"", ""multi_generation_edge_probability"", ""multi_generation_edge_probability"", ""multi_generation_edge_probability""]",1.0,path_probability_product,simple_acyclic_path,frontier_empty,True,False,False,False,False,False,False,False
FR-BBD3-PARENT-c0653,scope_a_old83_compatible,2-Chloro-N-isopropylacetanilide,halogenated_compound,envipath_prediction,envipath_bbd_rules_multistep,False,FR-BBD3-PARENT-c0653__sp06,6,4,"[""FR-BBD3-PARENT-c0653__n00000"", ""FR-BBD3-PARENT-c0653__n00002"", ""FR-BBD3-PARENT-c0653__n00007"", ""FR-BBD3-PARENT-c0653__n00014"", ""FR-BBD3-PARENT-c0653__n00016""]","[""CC(C)N(C(=O)CCl)c1ccccc1"", ""CC(CO)N(C(=O)CCl)c1ccccc1"", ""O=C(CCl)Nc1ccccc1"", ""CC(=O)Nc1ccccc1"", ""CC(=O)O""]","[""MFOUDYKPLGXPGO-UHFFFAOYSA-N"", ""VWMJJHCPXWIHSB-UHFFFAOYSA-N"", ""VONWPEXRCLHKRJ-UHFFFAOYSA-N"", ""FZERHIULMFGESH-UHFFFAOYSA-N"", ""QTBSBXVTEAMEQO-UHFFFAOYSA-N""]","[""FR-BBD3-PARENT-c0653__e00002"", ""FR-BBD3-PARENT-c0653__e00028"", ""FR-BBD3-PARENT-c0653__e00014"", ""FR-BBD3-PARENT-c0653__e00041""]","[1.0, 1.0, 1.0, 1.0]","[""multi_generation_edge_probability"", ""multi_generation_edge_probability"", ""multi_generation_edge_probability"", ""multi_generation_edge_probability""]",1.0,path_probability_product,simple_acyclic_path,frontier_empty,True,False,False,False,False,False,False,False
FR-BBD3-PARENT-c0653,scope_a_old83_compatible,2-Chloro-N-isopropylacetanilide,halogenated_compound,envipath_prediction,envipath_bbd_rules_multistep,False,FR-BBD3-PARENT-c0653__sp07,7,4,"[""FR-BBD3-PARENT-c0653__n00000"", ""FR-BBD3-PARENT-c0653__n00002"", ""FR-BBD3-PARENT-c0653__n00007"", ""FR-BBD3-PARENT-c0653__n00014"", ""FR-BBD3-PARENT-c0653__n00021""]","[""CC(C)N(C(=O)CCl)c1ccccc1"", ""CC(CO)N(C(=O)CCl)c1ccccc1"", ""O=C(CCl)Nc1ccccc1"", ""CC(=O)Nc1ccccc1"", ""Nc1ccccc1""]","[""MFOUDYKPLGXPGO-UHFFFAOYSA-N"", ""VWMJJHCPXWIHSB-UHFFFAOYSA-N"", ""VONWPEXRCLHKRJ-UHFFFAOYSA-N"", ""FZERHIULMFGESH-UHFFFAOYSA-N"", ""PAYRUJLWNCNPSJ-UHFFFAOYSA-N""]","[""FR-BBD3-PARENT-c0653__e00002"", ""FR-BBD3-PARENT-c0653__e00028"", ""FR-BBD3-PARENT-c0653__e00014"", ""FR-BBD3-PARENT-c0653__e00042""]","[1.0, 1.0, 1.0, 1.0]","[""multi_generation_edge_probability"", ""multi_generation_edge_probability"", ""multi_generation_edge_probability"", ""multi_generation_edge_probability""]",1.0,path_probability_product,simple_acyclic_path,frontier_empty,True,False,False,False,False,False,False,False
FR-BBD3-PARENT-c0653,scope_a_old83_compatible,2-Chloro-N-isopropylacetanilide,halogenated_compound,envipath_prediction,envipath_bbd_rules_multistep,False,FR-BBD3-PARENT-c0653__sp08,8,4,"[""FR-BBD3-PARENT-c0653__n00000"", ""FR-BBD3-PARENT-c0653__n00002"", ""FR-BBD3-PARENT-c0653__n00007"", ""FR-BBD3-PARENT-c0653__n00003"", ""FR-BBD3-PARENT-c0653__n00016""]","[""CC(C)N(C(=O)CCl)c1ccccc1"", ""CC(CO)N(C(=O)CCl)c1ccccc1"", ""O=C(CCl)Nc1ccccc1"", ""O=C(O)CCl"", ""CC(=O)O""]","[""MFOUDYKPLGXPGO-UHFFFAOYSA-N"", ""VWMJJHCPXWIHSB-UHFFFAOYSA-N"", ""VONWPEXRCLHKRJ-UHFFFAOYSA-N"", ""FOCAUTSVDIKZOP-UHFFFAOYSA-N"", ""QTBSBXVTEAMEQO-UHFFFAOYSA-N""]","[""FR-BBD3-PARENT-c0653__e00002"", ""FR-BBD3-PARENT-c0653__e00028"", ""FR-BBD3-PARENT-c0653__e00016"", ""FR-BBD3-PARENT-c0653__e00017""]","[1.0, 1.0, 1.0, 1.0]","[""multi_generation_edge_probability"", ""multi_generation_edge_probability"", ""multi_generation_edge_probability"", ""multi_generation_edge_probability""]",1.0,path_probability_product,simple_acyclic_path,frontier_empty,True,False,False,False,False,False,False,False
FR-BBD3-PARENT-c0653,scope_a_old83_compatible,2-Chloro-N-isopropylacetanilide,halogenated_compound,envipath_prediction,envipath_bbd_rules_multistep,False,FR-BBD3-PARENT-c0653__sp09,9,4,"[""FR-BBD3-PARENT-c0653__n00000"", ""FR-BBD3-PARENT-c0653__n00003"", ""FR-BBD3-PARENT-c0653__n00012"", ""FR-BBD3-PARENT-c0653__n00034"", ""FR-BBD3-PARENT-c0653__n00036""]","[""CC(C)N(C(=O)CCl)c1ccccc1"", ""O=C(O)CCl"", ""O=C(O)CO"", ""O=CC(=O)O"", ""O=C(O)C(=O)O""]","[""MFOUDYKPLGXPGO-UHFFFAOYSA-N"", ""FOCAUTSVDIKZOP-UHFFFAOYSA-N"", ""AEMRFAOFKBGASW-UHFFFAOYSA-N"", ""HHLFWLYXYJOTON-UHFFFAOYSA-N"", ""MUBZPKHOEPUJKR-UHFFFAOYSA-N""]","[""FR-BBD3-PARENT-c0653__e00003"", ""FR-BBD3-PARENT-c0653__e00012"", ""FR-BBD3-PARENT-c0653__e00038"", ""FR-BBD3-PARENT-c0653__e00043""]","[1.0, 1.0, 1.0, 1.0]","[""multi_generation_edge_probability"", ""multi_generation_edge_probability"", ""multi_generation_edge_probability"", ""multi_generation_edge_probability""]",1.0,path_probability_product,simple_acyclic_path,frontier_empty,True,False,False,False,False,False,False,False
FR-BBD3-PARENT-c0653,scope_a_old83_compatible,2-Chloro-N-isopropylacetanilide,halogenated_compound,envipath_prediction,envipath_bbd_rules_multistep,False,FR-BBD3-PARENT-c0653__sp10,10,4,"[""FR-BBD3-PARENT-c0653__n00000"", ""FR-BBD3-PARENT-c0653__n00007"", ""FR-BBD3-PARENT-c0653__n00014"", ""FR-BBD3-PARENT-c0653__n00009"", ""FR-BBD3-PARENT-c0653__n00018""]","[""CC(C)N(C(=O)CCl)c1ccccc1"", ""O=C(CCl)Nc1ccccc1"", ""CC(=O)Nc1ccccc1"", ""Oc1ccccc1O"", ""O=CO""]","[""MFOUDYKPLGXPGO-UHFFFAOYSA-N"", ""VONWPEXRCLHKRJ-UHFFFAOYSA-N"", ""FZERHIULMFGESH-UHFFFAOYSA-N"", ""YCIMNLLNPGFGHC-UHFFFAOYSA-N"", ""BDAGIHXWWSANSR-UHFFFAOYSA-N""]","[""FR-BBD3-PARENT-c0653__e00007"", ""FR-BBD3-PARENT-c0653__e00014"", ""FR-BBD3-PARENT-c0653__e00039"", ""FR-BBD3-PARENT-c0653__e00019""]","[1.0, 1.0, 1.0, 1.0]","[""multi_generation_edge_probability"", ""multi_generation_edge_probability"", ""multi_generation_edge_probability"", ""multi_generation_edge_probability""]",1.0,path_probability_product,simple_acyclic_path,frontier_empty,True,False,False,False,False,False,False,False
FR-BBD3-PARENT-c0689,scope_a_old83_compatible,Cyclohexylsulfamate,other_eawag_bbd_xenobiotic,envipath_prediction,envipath_bbd_rules_multistep,False,FR-BBD3-PARENT-c0689__sp01,1,6,"[""FR-BBD3-PARENT-c0689__n00000"", ""FR-BBD3-PARENT-c0689__n00001"", ""FR-BBD3-PARENT-c0689__n00005"", ""FR-BBD3-PARENT-c0689__n00012"", ""FR-BBD3-PARENT-c0689__n00024"", ""FR-BBD3-PARENT-c0689__n00031"", ""FR-BBD3-PARENT-c0689__n00033""]","[""O=S(=O)([O-])NC1CCCCC1"", ""O=S(=O)(O)NC1CCCC(O)C1"", ""O=S(=O)(O)NC1CC(O)CC(O)C1"", ""NC1CC(O)CC(O)C1"", ""O=C1CC(O)CC(O)C1"", ""O=C1CC(O)CC(O)CO1"", ""O=C1CC(=O)OCC(O)C1""]","[""HCAJEUSONLESMK-UHFFFAOYSA-M"", ""PTTIBHHPAAAACE-UHFFFAOYSA-N"", ""CVSGOMSBLIDEFP-UHFFFAOYSA-N"", ""PGNSUKXFADEHNM-UHFFFAOYSA-N"", ""WTRJYFFVLSDQFC-UHFFFAOYSA-N"", ""XAJFTMJXDNTWQP-UHFFFAOYSA-N"", ""QXLWKBFDVKWASD-UHFFFAOYSA-N""]","[""FR-BBD3-PARENT-c0689__e00001"", ""FR-BBD3-PARENT-c0689__e00005"", ""FR-BBD3-PARENT-c0689__e00013"", ""FR-BBD3-PARENT-c0689__e00028"", ""FR-BBD3-PARENT-c0689__e00035"", ""FR-BBD3-PARENT-c0689__e00037""]","[1.0, 1.0, 1.0, 1.0, 1.0, 1.0]","[""multi_generation_edge_probability"", ""multi_generation_edge_probability"", ""multi_generation_edge_probability"", ""multi_generation_edge_probability"", ""multi_generation_edge_probability"", ""multi_generation_edge_probability""]",1.0,path_probability_product,simple_acyclic_path,max_depth_reached,True,False,False,False,False,False,False,False
FR-BBD3-PARENT-c0689,scope_a_old83_compatible,Cyclohexylsulfamate,other_eawag_bbd_xenobiotic,envipath_prediction,envipath_bbd_rules_multistep,False,FR-BBD3-PARENT-c0689__sp02,2,6,"[""FR-BBD3-PARENT-c0689__n00000"", ""FR-BBD3-PARENT-c0689__n00001"", ""FR-BBD3-PARENT-c0689__n00005"", ""FR-BBD3-PARENT-c0689__n00012"", ""FR-BBD3-PARENT-c0689__n00024"", ""FR-BBD3-PARENT-c0689__n00031"", ""FR-BBD3-PARENT-c0689__n00035""]","[""O=S(=O)([O-])NC1CCCCC1"", ""O=S(=O)(O)NC1CCCC(O)C1"", ""O=S(=O)(O)NC1CC(O)CC(O)C1"", ""NC1CC(O)CC(O)C1"", ""O=C1CC(O)CC(O)C1"", ""O=C1CC(O)CC(O)CO1"", ""O=C(O)CC(O)CC(O)CO""]","[""HCAJEUSONLESMK-UHFFFAOYSA-M"", ""PTTIBHHPAAAACE-UHFFFAOYSA-N"", ""CVSGOMSBLIDEFP-UHFFFAOYSA-N"", ""PGNSUKXFADEHNM-UHFFFAOYSA-N"", ""WTRJYFFVLSDQFC-UHFFFAOYSA-N"", ""XAJFTMJXDNTWQP-UHFFFAOYSA-N"", ""IBMKUBQFLWTZDC-UHFFFAOYSA-N""]","[""FR-BBD3-PARENT-c0689__e00001"", ""FR-BBD3-PARENT-c0689__e00005"", ""FR-BBD3-PARENT-c0689__e00013"", ""FR-BBD3-PARENT-c0689__e00028"", ""FR-BBD3-PARENT-c0689__e00035"", ""FR-BBD3-PARENT-c0689__e00039""]","[1.0, 1.0, 1.0, 1.0, 1.0, 1.0]","[""multi_generation_edge_probability"", ""multi_generation_edge_probability"", ""multi_generation_edge_probability"", ""multi_generation_edge_probability"", ""multi_generation_edge_probability"", ""multi_generation_edge_probability""]",1.0,path_probability_product,simple_acyclic_path,max_depth_reached,True,False,False,False,False,False,False,False
FR-BBD3-PARENT-c0689,scope_a_old83_compatible,Cyclohexylsulfamate,other_eawag_bbd_xenobiotic,envipath_prediction,envipath_bbd_rules_multistep,False,FR-BBD3-PARENT-c0689__sp03,3,6,"[""FR-BBD3-PARENT-c0689__n00000"", ""FR-BBD3-PARENT-c0689__n00001"", ""FR-BBD3-PARENT-c0689__n00005"", ""FR-BBD3-PARENT-c0689__n00012"", ""FR-BBD3-PARENT-c0689__n00024"", ""FR-BBD3-PARENT-c0689__n00031"", ""FR-BBD3-PARENT-c0689__n00037""]","[""O=S(=O)([O-])NC1CCCCC1"", ""O=S(=O)(O)NC1CCCC(O)C1"", ""O=S(=O)(O)NC1CC(O)CC(O)C1"", ""NC1CC(O)CC(O)C1"", ""O=C1CC(O)CC(O)C1"", ""O=C1CC(O)CC(O)CO1"", ""O=C1COC(=O)CC(O)C1""]","[""HCAJEUSONLESMK-UHFFFAOYSA-M"", ""PTTIBHHPAAAACE-UHFFFAOYSA-N"", ""CVSGOMSBLIDEFP-UHFFFAOYSA-N"", ""PGNSUKXFADEHNM-UHFFFAOYSA-N"", ""WTRJYFFVLSDQFC-UHFFFAOYSA-N"", ""XAJFTMJXDNTWQP-UHFFFAOYSA-N"", ""OCFCFMSOOVNHFJ-UHFFFAOYSA-N""]","[""FR-BBD3-PARENT-c0689__e00001"", ""FR-BBD3-PARENT-c0689__e00005"", ""FR-BBD3-PARENT-c0689__e00013"", ""FR-BBD3-PARENT-c0689__e00028"", ""FR-BBD3-PARENT-c0689__e00035"", ""FR-BBD3-PARENT-c0689__e00041""]","[1.0, 1.0, 1.0, 1.0, 1.0, 1.0]","[""multi_generation_edge_probability"", ""multi_generation_edge_probability"", ""multi_generation_edge_probability"", ""multi_generation_edge_probability"", ""multi_generation_edge_probability"", ""multi_generation_edge_probability""]",1.0,path_probability_product,simple_acyclic_path,max_depth_reached,True,False,False,False,False,False,False,False
FR-BBD3-PARENT-c0689,scope_a_old83_compatible,Cyclohexylsulfamate,other_eawag_bbd_xenobiotic,envipath_prediction,envipath_bbd_rules_multistep,False,FR-BBD3-PARENT-c0689__sp04,4,6,"[""FR-BBD3-PARENT-c0689__n00000"", ""FR-BBD3-PARENT-c0689__n00001"", ""FR-BBD3-PARENT-c0689__n00005"", ""FR-BBD3-PARENT-c0689__n00012"", ""FR-BBD3-PARENT-c0689__n00024"", ""FR-BBD3-PARENT-c0689__n00031"", ""FR-BBD3-PARENT-c0689__n00038""]","[""O=S(=O)([O-])NC1CCCCC1"", ""O=S(=O)(O)NC1CCCC(O)C1"", ""O=S(=O)(O)NC1CC(O)CC(O)C1"", ""NC1CC(O)CC(O)C1"", ""O=C1CC(O)CC(O)C1"", ""O=C1CC(O)CC(O)CO1"", ""O=C1CC(O)CC(O)C(O)O1""]","[""HCAJEUSONLESMK-UHFFFAOYSA-M"", ""PTTIBHHPAAAACE-UHFFFAOYSA-N"", ""CVSGOMSBLIDEFP-UHFFFAOYSA-N"", ""PGNSUKXFADEHNM-UHFFFAOYSA-N"", ""WTRJYFFVLSDQFC-UHFFFAOYSA-N"", ""XAJFTMJXDNTWQP-UHFFFAOYSA-N"", ""WRSDOBRQDPKZCW-UHFFFAOYSA-N""]","[""FR-BBD3-PARENT-c0689__e00001"", ""FR-BBD3-PARENT-c0689__e00005"", ""FR-BBD3-PARENT-c0689__e00013"", ""FR-BBD3-PARENT-c0689__e00028"", ""FR-BBD3-PARENT-c0689__e00035"", ""FR-BBD3-PARENT-c0689__e00042""]","[1.0, 1.0, 1.0, 1.0, 1.0, 1.0]","[""multi_generation_edge_probability"", ""multi_generation_edge_probability"", ""multi_generation_edge_probability"", ""multi_generation_edge_probability"", ""multi_generation_edge_probability"", ""multi_generation_edge_probability""]",1.0,path_probability_product,simple_acyclic_path,max_depth_reached,True,False,False,False,False,False,False,False
FR-BBD3-PARENT-c0689,scope_a_old83_compatible,Cyclohexylsulfamate,other_eawag_bbd_xenobiotic,envipath_prediction,envipath_bbd_rules_multistep,False,FR-BBD3-PARENT-c0689__sp05,5,6,"[""FR-BBD3-PARENT-c0689__n00000"", ""FR-BBD3-PARENT-c0689__n00001"", ""FR-BBD3-PARENT-c0689__n00005"", ""FR-BBD3-PARENT-c0689__n00012"", ""FR-BBD3-PARENT-c0689__n00024"", ""FR-BBD3-PARENT-c0689__n00032"", ""FR-BBD3-PARENT-c0689__n00034""]","[""O=S(=O)([O-])NC1CCCCC1"", ""O=S(=O)(O)NC1CCCC(O)C1"", ""O=S(=O)(O)NC1CC(O)CC(O)C1"", ""NC1CC(O)CC(O)C1"", ""O=C1CC(O)CC(O)C1"", ""O=C1CC(=O)CC(O)C1"", ""O=C1CC(=O)CC(=O)C1""]","[""HCAJEUSONLESMK-UHFFFAOYSA-M"", ""PTTIBHHPAAAACE-UHFFFAOYSA-N"", ""CVSGOMSBLIDEFP-UHFFFAOYSA-N"", ""PGNSUKXFADEHNM-UHFFFAOYSA-N"", ""WTRJYFFVLSDQFC-UHFFFAOYSA-N"", ""ACRUCDPQQCIOID-UHFFFAOYSA-N"", ""GKSCYYCYSPXQFY-UHFFFAOYSA-N""]","[""FR-BBD3-PARENT-c0689__e00001"", ""FR-BBD3-PARENT-c0689__e00005"", ""FR-BBD3-PARENT-c0689__e00013"", ""FR-BBD3-PARENT-c0689__e00028"", ""FR-BBD3-PARENT-c0689__e00036"", ""FR-BBD3-PARENT-c0689__e00038""]","[1.0, 1.0, 1.0, 1.0, 1.0, 1.0]","[""multi_generation_edge_probability"", ""multi_generation_edge_probability"", ""multi_generation_edge_probability"", ""multi_generation_edge_probability"", ""multi_generation_edge_probability"", ""multi_generation_edge_probability""]",1.0,path_probability_product,simple_acyclic_path,max_depth_reached,True,False,False,False,False,False,False,False
FR-BBD3-PARENT-c0689,scope_a_old83_compatible,Cyclohexylsulfamate,other_eawag_bbd_xenobiotic,envipath_prediction,envipath_bbd_rules_multistep,False,FR-BBD3-PARENT-c0689__sp06,6,6,"[""FR-BBD3-PARENT-c0689__n00000"", ""FR-BBD3-PARENT-c0689__n00001"", ""FR-BBD3-PARENT-c0689__n00005"", ""FR-BBD3-PARENT-c0689__n00012"", ""FR-BBD3-PARENT-c0689__n00024"", ""FR-BBD3-PARENT-c0689__n00032"", ""FR-BBD3-PARENT-c0689__n00036""]","[""O=S(=O)([O-])NC1CCCCC1"", ""O=S(=O)(O)NC1CCCC(O)C1"", ""O=S(=O)(O)NC1CC(O)CC(O)C1"", ""NC1CC(O)CC(O)C1"", ""O=C1CC(O)CC(O)C1"", ""O=C1CC(=O)CC(O)C1"", ""CC(=O)CC(O)CC(=O)O""]","[""HCAJEUSONLESMK-UHFFFAOYSA-M"", ""PTTIBHHPAAAACE-UHFFFAOYSA-N"", ""CVSGOMSBLIDEFP-UHFFFAOYSA-N"", ""PGNSUKXFADEHNM-UHFFFAOYSA-N"", ""WTRJYFFVLSDQFC-UHFFFAOYSA-N"", ""ACRUCDPQQCIOID-UHFFFAOYSA-N"", ""APWDZEIBFNZVND-UHFFFAOYSA-N""]","[""FR-BBD3-PARENT-c0689__e00001"", ""FR-BBD3-PARENT-c0689__e00005"", ""FR-BBD3-PARENT-c0689__e00013"", ""FR-BBD3-PARENT-c0689__e00028"", ""FR-BBD3-PARENT-c0689__e00036"", ""FR-BBD3-PARENT-c0689__e00040""]","[1.0, 1.0, 1.0, 1.0, 1.0, 1.0]","[""multi_generation_edge_probability"", ""multi_generation_edge_probability"", ""multi_generation_edge_probability"", ""multi_generation_edge_probability"", ""multi_generation_edge_probability"", ""multi_generation_edge_probability""]",1.0,path_probability_product,simple_acyclic_path,max_depth_reached,True,False,False,False,False,False,False,False
FR-BBD3-PARENT-c0689,scope_a_old83_compatible,Cyclohexylsulfamate,other_eawag_bbd_xenobiotic,envipath_prediction,envipath_bbd_rules_multistep,False,FR-BBD3-PARENT-c0689__sp07,7,4,"[""FR-BBD3-PARENT-c0689__n00000"", ""FR-BBD3-PARENT-c0689__n00001"", ""FR-BBD3-PARENT-c0689__n00005"", ""FR-BBD3-PARENT-c0689__n00012"", ""FR-BBD3-PARENT-c0689__n00007""]","[""O=S(=O)([O-])NC1CCCCC1"", ""O=S(=O)(O)NC1CCCC(O)C1"", ""O=S(=O)(O)NC1CC(O)CC(O)C1"", ""NC1CC(O)CC(O)C1"", ""N""]","[""HCAJEUSONLESMK-UHFFFAOYSA-M"", ""PTTIBHHPAAAACE-UHFFFAOYSA-N"", ""CVSGOMSBLIDEFP-UHFFFAOYSA-N"", ""PGNSUKXFADEHNM-UHFFFAOYSA-N"", ""QGZKDVFQNNGYKY-UHFFFAOYSA-N""]","[""FR-BBD3-PARENT-c0689__e00001"", ""FR-BBD3-PARENT-c0689__e00005"", ""FR-BBD3-PARENT-c0689__e00013"", ""FR-BBD3-PARENT-c0689__e00025""]","[1.0, 1.0, 1.0, 1.0]","[""multi_generation_edge_probability"", ""multi_generation_edge_probability"", ""multi_generation_edge_probability"", ""multi_generation_edge_probability""]",1.0,path_probability_product,simple_acyclic_path,frontier_empty,True,False,False,False,False,False,False,False
FR-BBD3-PARENT-c0689,scope_a_old83_compatible,Cyclohexylsulfamate,other_eawag_bbd_xenobiotic,envipath_prediction,envipath_bbd_rules_multistep,False,FR-BBD3-PARENT-c0689__sp08,8,4,"[""FR-BBD3-PARENT-c0689__n00000"", ""FR-BBD3-PARENT-c0689__n00001"", ""FR-BBD3-PARENT-c0689__n00005"", ""FR-BBD3-PARENT-c0689__n00012"", ""FR-BBD3-PARENT-c0689__n00027""]","[""O=S(=O)([O-])NC1CCCCC1"", ""O=S(=O)(O)NC1CCCC(O)C1"", ""O=S(=O)(O)NC1CC(O)CC(O)C1"", ""NC1CC(O)CC(O)C1"", ""NC1CC(=O)CC(O)C1""]","[""HCAJEUSONLESMK-UHFFFAOYSA-M"", ""PTTIBHHPAAAACE-UHFFFAOYSA-N"", ""CVSGOMSBLIDEFP-UHFFFAOYSA-N"", ""PGNSUKXFADEHNM-UHFFFAOYSA-N"", ""QNTHSOHLAHINER-UHFFFAOYSA-N""]","[""FR-BBD3-PARENT-c0689__e00001"", ""FR-BBD3-PARENT-c0689__e00005"", ""FR-BBD3-PARENT-c0689__e00013"", ""FR-BBD3-PARENT-c0689__e00031""]","[1.0, 1.0, 1.0, 1.0]","[""multi_generation_edge_probability"", ""multi_generation_edge_probability"", ""multi_generation_edge_probability"", ""multi_generation_edge_probability""]",1.0,path_probability_product,simple_acyclic_path,frontier_empty,True,False,False,False,False,False,False,False
FR-BBD3-PARENT-c0689,scope_a_old83_compatible,Cyclohexylsulfamate,other_eawag_bbd_xenobiotic,envipath_prediction,envipath_bbd_rules_multistep,False,FR-BBD3-PARENT-c0689__sp09,9,4,"[""FR-BBD3-PARENT-c0689__n00000"", ""FR-BBD3-PARENT-c0689__n00001"", ""FR-BBD3-PARENT-c0689__n00010"", ""FR-BBD3-PARENT-c0689__n00019"", ""FR-BBD3-PARENT-c0689__n00022""]","[""O=S(=O)([O-])NC1CCCCC1"", ""O=S(=O)(O)NC1CCCC(O)C1"", ""NC1CCCC(O)C1"", ""O=C1CCCC(O)C1"", ""O=C1CC(O)CCCO1""]","[""HCAJEUSONLESMK-UHFFFAOYSA-M"", ""PTTIBHHPAAAACE-UHFFFAOYSA-N"", ""NIQIPYGXPZUDDP-UHFFFAOYSA-N"", ""TWEVQGUWCLBRMJ-UHFFFAOYSA-N"", ""COSLPQQFRUMWQX-UHFFFAOYSA-N""]","[""FR-BBD3-PARENT-c0689__e00001"", ""FR-BBD3-PARENT-c0689__e00011"", ""FR-BBD3-PARENT-c0689__e00022"", ""FR-BBD3-PARENT-c0689__e00026""]","[1.0, 1.0, 1.0, 1.0]","[""multi_generation_edge_probability"", ""multi_generation_edge_probability"", ""multi_generation_edge_probability"", ""multi_generation_edge_probability""]",1.0,path_probability_product,simple_acyclic_path,frontier_empty,True,False,False,False,False,False,False,False
FR-BBD3-PARENT-c0689,scope_a_old83_compatible,Cyclohexylsulfamate,other_eawag_bbd_xenobiotic,envipath_prediction,envipath_bbd_rules_multistep,False,FR-BBD3-PARENT-c0689__sp10,10,4,"[""FR-BBD3-PARENT-c0689__n00000"", ""FR-BBD3-PARENT-c0689__n00001"", ""FR-BBD3-PARENT-c0689__n00010"", ""FR-BBD3-PARENT-c0689__n00019"", ""FR-BBD3-PARENT-c0689__n00026""]","[""O=S(=O)([O-])NC1CCCCC1"", ""O=S(=O)(O)NC1CCCC(O)C1"", ""NC1CCCC(O)C1"", ""O=C1CCCC(O)C1"", ""O=C1CCCC(=O)C1""]","[""HCAJEUSONLESMK-UHFFFAOYSA-M"", ""PTTIBHHPAAAACE-UHFFFAOYSA-N"", ""NIQIPYGXPZUDDP-UHFFFAOYSA-N"", ""TWEVQGUWCLBRMJ-UHFFFAOYSA-N"", ""HJSLFCCWAKVHIW-UHFFFAOYSA-N""]","[""FR-BBD3-PARENT-c0689__e00001"", ""FR-BBD3-PARENT-c0689__e00011"", ""FR-BBD3-PARENT-c0689__e00022"", ""FR-BBD3-PARENT-c0689__e00030""]","[1.0, 1.0, 1.0, 1.0]","[""multi_generation_edge_probability"", ""multi_generation_edge_probability"", ""multi_generation_edge_probability"", ""multi_generation_edge_probability""]",1.0,path_probability_product,simple_acyclic_path,frontier_empty,True,False,False,False,False,False,False,False
FR-BBD3-PARENT-c0691,scope_a_old83_compatible,Dimethylphosphinate,other_eawag_bbd_xenobiotic,envipath_prediction,envipath_bbd_rules_multistep,False,FR-BBD3-PARENT-c0691__sp01,1,1,"[""FR-BBD3-PARENT-c0691__n00000"", ""FR-BBD3-PARENT-c0691__n00001""]","[""CP(C)(=O)[O-]"", ""CP(=O)(O)O""]","[""GOJNABIZVJCYFL-UHFFFAOYSA-M"", ""YACKEPLHDIMKIO-UHFFFAOYSA-N""]","[""FR-BBD3-PARENT-c0691__e00001""]",[1.0],"[""multi_generation_edge_probability""]",1.0,path_probability_product,simple_acyclic_path,frontier_empty,True,False,False,False,False,False,False,False
FR-BBD3-PARENT-c0691,scope_a_old83_compatible,Dimethylphosphinate,other_eawag_bbd_xenobiotic,envipath_prediction,envipath_bbd_rules_multistep,False,FR-BBD3-PARENT-c0691__sp02,2,1,"[""FR-BBD3-PARENT-c0691__n00000"", ""FR-BBD3-PARENT-c0691__n00002""]","[""CP(C)(=O)[O-]"", ""C""]","[""GOJNABIZVJCYFL-UHFFFAOYSA-M"", ""VNWKTOKETHGBQD-UHFFFAOYSA-N""]","[""FR-BBD3-PARENT-c0691__e00002""]",[1.0],"[""multi_generation_edge_probability""]",1.0,path_probability_product,simple_acyclic_path,frontier_empty,True,False,False,False,False,False,False,False
FR-BBD3-PARENT-c0694,scope_a_old83_compatible,4-Hydroxyacetophenone,other_eawag_bbd_xenobiotic,envipath_prediction,envipath_bbd_rules_multistep,False,FR-BBD3-PARENT-c0694__sp01,1,4,"[""FR-BBD3-PARENT-c0694__n00000"", ""FR-BBD3-PARENT-c0694__n00001"", ""FR-BBD3-PARENT-c0694__n00003"", ""FR-BBD3-PARENT-c0694__n00006"", ""FR-BBD3-PARENT-c0694__n00008""]","[""CC(=O)c1ccc(O)cc1"", ""CC(=O)Oc1ccc(O)cc1"", ""Oc1ccc(O)cc1"", ""O=C(O)C=CC(=O)CC(=O)O"", ""O=C(O)CCC(=O)CC(=O)O""]","[""TXFPEBPIARQUIG-UHFFFAOYSA-N"", ""HBMCQTHGYMTCOF-UHFFFAOYSA-N"", ""QIGBRXMKCJKVMJ-UHFFFAOYSA-N"", ""SOXXPQLIZIPMIZ-UHFFFAOYSA-N"", ""RTGHRDFWYQHVFW-UHFFFAOYSA-N""]","[""FR-BBD3-PARENT-c0694__e00001"", ""FR-BBD3-PARENT-c0694__e00003"", ""FR-BBD3-PARENT-c0694__e00006"", ""FR-BBD3-PARENT-c0694__e00008""]","[1.0, 1.0, 1.0, 1.0]","[""multi_generation_edge_probability"", ""multi_generation_edge_probability"", ""multi_generation_edge_probability"", ""multi_generation_edge_probability""]",1.0,path_probability_product,simple_acyclic_path,frontier_empty,True,False,False,False,False,False,False,False
FR-BBD3-PARENT-c0694,scope_a_old83_compatible,4-Hydroxyacetophenone,other_eawag_bbd_xenobiotic,envipath_prediction,envipath_bbd_rules_multistep,False,FR-BBD3-PARENT-c0694__sp02,2,4,"[""FR-BBD3-PARENT-c0694__n00000"", ""FR-BBD3-PARENT-c0694__n00001"", ""FR-BBD3-PARENT-c0694__n00003"", ""FR-BBD3-PARENT-c0694__n00006"", ""FR-BBD3-PARENT-c0694__n00009""]","[""CC(=O)c1ccc(O)cc1"", ""CC(=O)Oc1ccc(O)cc1"", ""Oc1ccc(O)cc1"", ""O=C(O)C=CC(=O)CC(=O)O"", ""O=C(O)C=CC(=O)C(O)C(=O)O""]","[""TXFPEBPIARQUIG-UHFFFAOYSA-N"", ""HBMCQTHGYMTCOF-UHFFFAOYSA-N"", ""QIGBRXMKCJKVMJ-UHFFFAOYSA-N"", ""SOXXPQLIZIPMIZ-UHFFFAOYSA-N"", ""ORWPOVSBUKTNPT-UHFFFAOYSA-N""]","[""FR-BBD3-PARENT-c0694__e00001"", ""FR-BBD3-PARENT-c0694__e00003"", ""FR-BBD3-PARENT-c0694__e00006"", ""FR-BBD3-PARENT-c0694__e00009""]","[1.0, 1.0, 1.0, 1.0]","[""multi_generation_edge_probability"", ""multi_generation_edge_probability"", ""multi_generation_edge_probability"", ""multi_generation_edge_probability""]",1.0,path_probability_product,simple_acyclic_path,frontier_empty,True,False,False,False,False,False,False,False
FR-BBD3-PARENT-c0694,scope_a_old83_compatible,4-Hydroxyacetophenone,other_eawag_bbd_xenobiotic,envipath_prediction,envipath_bbd_rules_multistep,False,FR-BBD3-PARENT-c0694__sp03,3,4,"[""FR-BBD3-PARENT-c0694__n00000"", ""FR-BBD3-PARENT-c0694__n00001"", ""FR-BBD3-PARENT-c0694__n00003"", ""FR-BBD3-PARENT-c0694__n00006"", ""FR-BBD3-PARENT-c0694__n00010""]","[""CC(=O)c1ccc(O)cc1"", ""CC(=O)Oc1ccc(O)cc1"", ""Oc1ccc(O)cc1"", ""O=C(O)C=CC(=O)CC(=O)O"", ""O=C(O)CC(=O)C(O)CC(=O)O""]","[""TXFPEBPIARQUIG-UHFFFAOYSA-N"", ""HBMCQTHGYMTCOF-UHFFFAOYSA-N"", ""QIGBRXMKCJKVMJ-UHFFFAOYSA-N"", ""SOXXPQLIZIPMIZ-UHFFFAOYSA-N"", ""PWBJJJTVKJNWGS-UHFFFAOYSA-N""]","[""FR-BBD3-PARENT-c0694__e00001"", ""FR-BBD3-PARENT-c0694__e00003"", ""FR-BBD3-PARENT-c0694__e00006"", ""FR-BBD3-PARENT-c0694__e00010""]","[1.0, 1.0, 1.0, 1.0]","[""multi_generation_edge_probability"", ""multi_generation_edge_probability"", ""multi_generation_edge_probability"", ""multi_generation_edge_probability""]",1.0,path_probability_product,simple_acyclic_path,frontier_empty,True,False,False,False,False,False,False,False
FR-BBD3-PARENT-c0694,scope_a_old83_compatible,4-Hydroxyacetophenone,other_eawag_bbd_xenobiotic,envipath_prediction,envipath_bbd_rules_multistep,False,FR-BBD3-PARENT-c0694__sp04,4,4,"[""FR-BBD3-PARENT-c0694__n00000"", ""FR-BBD3-PARENT-c0694__n00001"", ""FR-BBD3-PARENT-c0694__n00003"", ""FR-BBD3-PARENT-c0694__n00006"", ""FR-BBD3-PARENT-c0694__n00011""]","[""CC(=O)c1ccc(O)cc1"", ""CC(=O)Oc1ccc(O)cc1"", ""Oc1ccc(O)cc1"", ""O=C(O)C=CC(=O)CC(=O)O"", ""O=C(O)CC(=O)CC(O)C(=O)O""]","[""TXFPEBPIARQUIG-UHFFFAOYSA-N"", ""HBMCQTHGYMTCOF-UHFFFAOYSA-N"", ""QIGBRXMKCJKVMJ-UHFFFAOYSA-N"", ""SOXXPQLIZIPMIZ-UHFFFAOYSA-N"", ""IMJQBRXSCAFXSY-UHFFFAOYSA-N""]","[""FR-BBD3-PARENT-c0694__e00001"", ""FR-BBD3-PARENT-c0694__e00003"", ""FR-BBD3-PARENT-c0694__e00006"", ""FR-BBD3-PARENT-c0694__e00011""]","[1.0, 1.0, 1.0, 1.0]","[""multi_generation_edge_probability"", ""multi_generation_edge_probability"", ""multi_generation_edge_probability"", ""multi_generation_edge_probability""]",1.0,path_probability_product,simple_acyclic_path,frontier_empty,True,False,False,False,False,False,False,False
FR-BBD3-PARENT-c0694,scope_a_old83_compatible,4-Hydroxyacetophenone,other_eawag_bbd_xenobiotic,envipath_prediction,envipath_bbd_rules_multistep,False,FR-BBD3-PARENT-c0694__sp05,5,3,"[""FR-BBD3-PARENT-c0694__n00000"", ""FR-BBD3-PARENT-c0694__n00002"", ""FR-BBD3-PARENT-c0694__n00004"", ""FR-BBD3-PARENT-c0694__n00007""]","[""CC(=O)c1ccc(O)cc1"", ""O=C(O)CC(=O)c1ccc(O)cc1"", ""O=C(O)C(O)C(=O)c1ccc(O)cc1"", ""O=C(O)C(=O)C(=O)c1ccc(O)cc1""]","[""TXFPEBPIARQUIG-UHFFFAOYSA-N"", ""HRXAQVGNCWFWTL-UHFFFAOYSA-N"", ""CAJYRJZKMPKNDA-UHFFFAOYSA-N"", ""FPYGNLPIXAXZJM-UHFFFAOYSA-N""]","[""FR-BBD3-PARENT-c0694__e00002"", ""FR-BBD3-PARENT-c0694__e00004"", ""FR-BBD3-PARENT-c0694__e00007""]","[1.0, 1.0, 1.0]","[""multi_generation_edge_probability"", ""multi_generation_edge_probability"", ""multi_generation_edge_probability""]",1.0,path_probability_product,simple_acyclic_path,frontier_empty,True,False,False,False,False,False,False,False
FR-BBD3-PARENT-c0694,scope_a_old83_compatible,4-Hydroxyacetophenone,other_eawag_bbd_xenobiotic,envipath_prediction,envipath_bbd_rules_multistep,False,FR-BBD3-PARENT-c0694__sp06,6,2,"[""FR-BBD3-PARENT-c0694__n00000"", ""FR-BBD3-PARENT-c0694__n00001"", ""FR-BBD3-PARENT-c0694__n00005""]","[""CC(=O)c1ccc(O)cc1"", ""CC(=O)Oc1ccc(O)cc1"", ""CC(=O)O""]","[""TXFPEBPIARQUIG-UHFFFAOYSA-N"", ""HBMCQTHGYMTCOF-UHFFFAOYSA-N"", ""QTBSBXVTEAMEQO-UHFFFAOYSA-N""]","[""FR-BBD3-PARENT-c0694__e00001"", ""FR-BBD3-PARENT-c0694__e00005""]","[1.0, 1.0]","[""multi_generation_edge_probability"", ""multi_generation_edge_probability""]",1.0,path_probability_product,simple_acyclic_path,frontier_empty,True,False,False,False,False,False,False,False
FR-BBD3-PARENT-c0764,scope_a_old83_compatible,Bisphenol A,plasticizer_flame_retardant_endocrine,envipath_prediction,envipath_bbd_rules_multistep,False,FR-BBD3-PARENT-c0764__sp01,1,5,"[""FR-BBD3-PARENT-c0764__n00000"", ""FR-BBD3-PARENT-c0764__n00004"", ""FR-BBD3-PARENT-c0764__n00010"", ""FR-BBD3-PARENT-c0764__n00002"", ""FR-BBD3-PARENT-c0764__n00006"", ""FR-BBD3-PARENT-c0764__n00012""]","[""CC(C)(c1ccc(O)cc1)c1ccc(O)cc1"", ""CC(CO)(c1ccc(O)cc1)c1ccc(O)cc1"", ""CC(C=O)(c1ccc(O)cc1)c1ccc(O)cc1"", ""Oc1ccc(O)cc1"", ""O=C(O)C=CC(=O)CC(=O)O"", ""O=C(O)CCC(=O)CC(=O)O""]","[""IISBACLAFKSPIT-UHFFFAOYSA-N"", ""HHOUSCIEKLBSGQ-UHFFFAOYSA-N"", ""XWRYUFJCAZIZPO-UHFFFAOYSA-N"", ""QIGBRXMKCJKVMJ-UHFFFAOYSA-N"", ""SOXXPQLIZIPMIZ-UHFFFAOYSA-N"", ""RTGHRDFWYQHVFW-UHFFFAOYSA-N""]","[""FR-BBD3-PARENT-c0764__e00004"", ""FR-BBD3-PARENT-c0764__e00011"", ""FR-BBD3-PARENT-c0764__e00025"", ""FR-BBD3-PARENT-c0764__e00006"", ""FR-BBD3-PARENT-c0764__e00013""]","[1.0, 1.0, 1.0, 1.0, 1.0]","[""multi_generation_edge_probability"", ""multi_generation_edge_probability"", ""multi_generation_edge_probability"", ""multi_generation_edge_probability"", ""multi_generation_edge_probability""]",1.0,path_probability_product,simple_acyclic_path,frontier_empty,True,False,False,False,False,False,False,False
FR-BBD3-PARENT-c0764,scope_a_old83_compatible,Bisphenol A,plasticizer_flame_retardant_endocrine,envipath_prediction,envipath_bbd_rules_multistep,False,FR-BBD3-PARENT-c0764__sp02,2,5,"[""FR-BBD3-PARENT-c0764__n00000"", ""FR-BBD3-PARENT-c0764__n00004"", ""FR-BBD3-PARENT-c0764__n00010"", ""FR-BBD3-PARENT-c0764__n00002"", ""FR-BBD3-PARENT-c0764__n00006"", ""FR-BBD3-PARENT-c0764__n00018""]","[""CC(C)(c1ccc(O)cc1)c1ccc(O)cc1"", ""CC(CO)(c1ccc(O)cc1)c1ccc(O)cc1"", ""CC(C=O)(c1ccc(O)cc1)c1ccc(O)cc1"", ""Oc1ccc(O)cc1"", ""O=C(O)C=CC(=O)CC(=O)O"", ""O=C(O)C=CC(=O)C(O)C(=O)O""]","[""IISBACLAFKSPIT-UHFFFAOYSA-N"", ""HHOUSCIEKLBSGQ-UHFFFAOYSA-N"", ""XWRYUFJCAZIZPO-UHFFFAOYSA-N"", ""QIGBRXMKCJKVMJ-UHFFFAOYSA-N"", ""SOXXPQLIZIPMIZ-UHFFFAOYSA-N"", ""ORWPOVSBUKTNPT-UHFFFAOYSA-N""]","[""FR-BBD3-PARENT-c0764__e00004"", ""FR-BBD3-PARENT-c0764__e00011"", ""FR-BBD3-PARENT-c0764__e00025"", ""FR-BBD3-PARENT-c0764__e00006"", ""FR-BBD3-PARENT-c0764__e00019""]","[1.0, 1.0, 1.0, 1.0, 1.0]","[""multi_generation_edge_probability"", ""multi_generation_edge_probability"", ""multi_generation_edge_probability"", ""multi_generation_edge_probability"", ""multi_generation_edge_probability""]",1.0,path_probability_product,simple_acyclic_path,frontier_empty,True,False,False,False,False,False,False,False
FR-BBD3-PARENT-c0764,scope_a_old83_compatible,Bisphenol A,plasticizer_flame_retardant_endocrine,envipath_prediction,envipath_bbd_rules_multistep,False,FR-BBD3-PARENT-c0764__sp03,3,5,"[""FR-BBD3-PARENT-c0764__n00000"", ""FR-BBD3-PARENT-c0764__n00004"", ""FR-BBD3-PARENT-c0764__n00010"", ""FR-BBD3-PARENT-c0764__n00002"", ""FR-BBD3-PARENT-c0764__n00006"", ""FR-BBD3-PARENT-c0764__n00022""]","[""CC(C)(c1ccc(O)cc1)c1ccc(O)cc1"", ""CC(CO)(c1ccc(O)cc1)c1ccc(O)cc1"", ""CC(C=O)(c1ccc(O)cc1)c1ccc(O)cc1"", ""Oc1ccc(O)cc1"", ""O=C(O)C=CC(=O)CC(=O)O"", ""O=C(O)CC(=O)C(O)CC(=O)O""]","[""IISBACLAFKSPIT-UHFFFAOYSA-N"", ""HHOUSCIEKLBSGQ-UHFFFAOYSA-N"", ""XWRYUFJCAZIZPO-UHFFFAOYSA-N"", ""QIGBRXMKCJKVMJ-UHFFFAOYSA-N"", ""SOXXPQLIZIPMIZ-UHFFFAOYSA-N"", ""PWBJJJTVKJNWGS-UHFFFAOYSA-N""]","[""FR-BBD3-PARENT-c0764__e00004"", ""FR-BBD3-PARENT-c0764__e00011"", ""FR-BBD3-PARENT-c0764__e00025"", ""FR-BBD3-PARENT-c0764__e00006"", ""FR-BBD3-PARENT-c0764__e00023""]","[1.0, 1.0, 1.0, 1.0, 1.0]","[""multi_generation_edge_probability"", ""multi_generation_edge_probability"", ""multi_generation_edge_probability"", ""multi_generation_edge_probability"", ""multi_generation_edge_probability""]",1.0,path_probability_product,simple_acyclic_path,frontier_empty,True,False,False,False,False,False,False,False
FR-BBD3-PARENT-c0764,scope_a_old83_compatible,Bisphenol A,plasticizer_flame_retardant_endocrine,envipath_prediction,envipath_bbd_rules_multistep,False,FR-BBD3-PARENT-c0764__sp04,4,5,"[""FR-BBD3-PARENT-c0764__n00000"", ""FR-BBD3-PARENT-c0764__n00004"", ""FR-BBD3-PARENT-c0764__n00010"", ""FR-BBD3-PARENT-c0764__n00002"", ""FR-BBD3-PARENT-c0764__n00006"", ""FR-BBD3-PARENT-c0764__n00024""]","[""CC(C)(c1ccc(O)cc1)c1ccc(O)cc1"", ""CC(CO)(c1ccc(O)cc1)c1ccc(O)cc1"", ""CC(C=O)(c1ccc(O)cc1)c1ccc(O)cc1"", ""Oc1ccc(O)cc1"", ""O=C(O)C=CC(=O)CC(=O)O"", ""O=C(O)CC(=O)CC(O)C(=O)O""]","[""IISBACLAFKSPIT-UHFFFAOYSA-N"", ""HHOUSCIEKLBSGQ-UHFFFAOYSA-N"", ""XWRYUFJCAZIZPO-UHFFFAOYSA-N"", ""QIGBRXMKCJKVMJ-UHFFFAOYSA-N"", ""SOXXPQLIZIPMIZ-UHFFFAOYSA-N"", ""IMJQBRXSCAFXSY-UHFFFAOYSA-N""]","[""FR-BBD3-PARENT-c0764__e00004"", ""FR-BBD3-PARENT-c0764__e00011"", ""FR-BBD3-PARENT-c0764__e00025"", ""FR-BBD3-PARENT-c0764__e00006"", ""FR-BBD3-PARENT-c0764__e00026""]","[1.0, 1.0, 1.0, 1.0, 1.0]","[""multi_generation_edge_probability"", ""multi_generation_edge_probability"", ""multi_generation_edge_probability"", ""multi_generation_edge_probability"", ""multi_generation_edge_probability""]",1.0,path_probability_product,simple_acyclic_path,frontier_empty,True,False,False,False,False,False,False,False
FR-BBD3-PARENT-c0764,scope_a_old83_compatible,Bisphenol A,plasticizer_flame_retardant_endocrine,envipath_prediction,envipath_bbd_rules_multistep,False,FR-BBD3-PARENT-c0764__sp05,5,4,"[""FR-BBD3-PARENT-c0764__n00000"", ""FR-BBD3-PARENT-c0764__n00001"", ""FR-BBD3-PARENT-c0764__n00008"", ""FR-BBD3-PARENT-c0764__n00014"", ""FR-BBD3-PARENT-c0764__n00025""]","[""CC(C)(c1ccc(O)cc1)c1ccc(O)cc1"", ""CC(O)(Cc1ccc(O)cc1)c1ccc(O)cc1"", ""CC(=Cc1ccc(O)cc1)c1ccc(O)cc1"", ""O=Cc1ccc(O)cc1"", ""O=C(O)c1ccc(O)cc1""]","[""IISBACLAFKSPIT-UHFFFAOYSA-N"", ""ODPHPWGPPAECAJ-UHFFFAOYSA-N"", ""PMNXCGMIMVLCRP-UHFFFAOYSA-N"", ""RGHHSNMVTDWUBI-UHFFFAOYSA-N"", ""FJKROLUGYXJWQN-UHFFFAOYSA-N""]","[""FR-BBD3-PARENT-c0764__e00001"", ""FR-BBD3-PARENT-c0764__e00008"", ""FR-BBD3-PARENT-c0764__e00015"", ""FR-BBD3-PARENT-c0764__e00027""]","[1.0, 1.0, 1.0, 1.0]","[""multi_generation_edge_probability"", ""multi_generation_edge_probability"", ""multi_generation_edge_probability"", ""multi_generation_edge_probability""]",1.0,path_probability_product,simple_acyclic_path,frontier_empty,True,False,False,False,False,False,False,False
FR-BBD3-PARENT-c0764,scope_a_old83_compatible,Bisphenol A,plasticizer_flame_retardant_endocrine,envipath_prediction,envipath_bbd_rules_multistep,False,FR-BBD3-PARENT-c0764__sp06,6,4,"[""FR-BBD3-PARENT-c0764__n00000"", ""FR-BBD3-PARENT-c0764__n00004"", ""FR-BBD3-PARENT-c0764__n00002"", ""FR-BBD3-PARENT-c0764__n00006"", ""FR-BBD3-PARENT-c0764__n00012""]","[""CC(C)(c1ccc(O)cc1)c1ccc(O)cc1"", ""CC(CO)(c1ccc(O)cc1)c1ccc(O)cc1"", ""Oc1ccc(O)cc1"", ""O=C(O)C=CC(=O)CC(=O)O"", ""O=C(O)CCC(=O)CC(=O)O""]","[""IISBACLAFKSPIT-UHFFFAOYSA-N"", ""HHOUSCIEKLBSGQ-UHFFFAOYSA-N"", ""QIGBRXMKCJKVMJ-UHFFFAOYSA-N"", ""SOXXPQLIZIPMIZ-UHFFFAOYSA-N"", ""RTGHRDFWYQHVFW-UHFFFAOYSA-N""]","[""FR-BBD3-PARENT-c0764__e00004"", ""FR-BBD3-PARENT-c0764__e00009"", ""FR-BBD3-PARENT-c0764__e00006"", ""FR-BBD3-PARENT-c0764__e00013""]","[1.0, 1.0, 1.0, 1.0]","[""multi_generation_edge_probability"", ""multi_generation_edge_probability"", ""multi_generation_edge_probability"", ""multi_generation_edge_probability""]",1.0,path_probability_product,simple_acyclic_path,frontier_empty,True,False,False,False,False,False,False,False
FR-BBD3-PARENT-c0764,scope_a_old83_compatible,Bisphenol A,plasticizer_flame_retardant_endocrine,envipath_prediction,envipath_bbd_rules_multistep,False,FR-BBD3-PARENT-c0764__sp07,7,4,"[""FR-BBD3-PARENT-c0764__n00000"", ""FR-BBD3-PARENT-c0764__n00004"", ""FR-BBD3-PARENT-c0764__n00002"", ""FR-BBD3-PARENT-c0764__n00006"", ""FR-BBD3-PARENT-c0764__n00018""]","[""CC(C)(c1ccc(O)cc1)c1ccc(O)cc1"", ""CC(CO)(c1ccc(O)cc1)c1ccc(O)cc1"", ""Oc1ccc(O)cc1"", ""O=C(O)C=CC(=O)CC(=O)O"", ""O=C(O)C=CC(=O)C(O)C(=O)O""]","[""IISBACLAFKSPIT-UHFFFAOYSA-N"", ""HHOUSCIEKLBSGQ-UHFFFAOYSA-N"", ""QIGBRXMKCJKVMJ-UHFFFAOYSA-N"", ""SOXXPQLIZIPMIZ-UHFFFAOYSA-N"", ""ORWPOVSBUKTNPT-UHFFFAOYSA-N""]","[""FR-BBD3-PARENT-c0764__e00004"", ""FR-BBD3-PARENT-c0764__e00009"", ""FR-BBD3-PARENT-c0764__e00006"", ""FR-BBD3-PARENT-c0764__e00019""]","[1.0, 1.0, 1.0, 1.0]","[""multi_generation_edge_probability"", ""multi_generation_edge_probability"", ""multi_generation_edge_probability"", ""multi_generation_edge_probability""]",1.0,path_probability_product,simple_acyclic_path,frontier_empty,True,False,False,False,False,False,False,False
FR-BBD3-PARENT-c0764,scope_a_old83_compatible,Bisphenol A,plasticizer_flame_retardant_endocrine,envipath_prediction,envipath_bbd_rules_multistep,False,FR-BBD3-PARENT-c0764__sp08,8,4,"[""FR-BBD3-PARENT-c0764__n00000"", ""FR-BBD3-PARENT-c0764__n00004"", ""FR-BBD3-PARENT-c0764__n00002"", ""FR-BBD3-PARENT-c0764__n00006"", ""FR-BBD3-PARENT-c0764__n00022""]","[""CC(C)(c1ccc(O)cc1)c1ccc(O)cc1"", ""CC(CO)(c1ccc(O)cc1)c1ccc(O)cc1"", ""Oc1ccc(O)cc1"", ""O=C(O)C=CC(=O)CC(=O)O"", ""O=C(O)CC(=O)C(O)CC(=O)O""]","[""IISBACLAFKSPIT-UHFFFAOYSA-N"", ""HHOUSCIEKLBSGQ-UHFFFAOYSA-N"", ""QIGBRXMKCJKVMJ-UHFFFAOYSA-N"", ""SOXXPQLIZIPMIZ-UHFFFAOYSA-N"", ""PWBJJJTVKJNWGS-UHFFFAOYSA-N""]","[""FR-BBD3-PARENT-c0764__e00004"", ""FR-BBD3-PARENT-c0764__e00009"", ""FR-BBD3-PARENT-c0764__e00006"", ""FR-BBD3-PARENT-c0764__e00023""]","[1.0, 1.0, 1.0, 1.0]","[""multi_generation_edge_probability"", ""multi_generation_edge_probability"", ""multi_generation_edge_probability"", ""multi_generation_edge_probability""]",1.0,path_probability_product,simple_acyclic_path,frontier_empty,True,False,False,False,False,False,False,False
FR-BBD3-PARENT-c0764,scope_a_old83_compatible,Bisphenol A,plasticizer_flame_retardant_endocrine,envipath_prediction,envipath_bbd_rules_multistep,False,FR-BBD3-PARENT-c0764__sp09,9,4,"[""FR-BBD3-PARENT-c0764__n00000"", ""FR-BBD3-PARENT-c0764__n00004"", ""FR-BBD3-PARENT-c0764__n00002"", ""FR-BBD3-PARENT-c0764__n00006"", ""FR-BBD3-PARENT-c0764__n00024""]","[""CC(C)(c1ccc(O)cc1)c1ccc(O)cc1"", ""CC(CO)(c1ccc(O)cc1)c1ccc(O)cc1"", ""Oc1ccc(O)cc1"", ""O=C(O)C=CC(=O)CC(=O)O"", ""O=C(O)CC(=O)CC(O)C(=O)O""]","[""IISBACLAFKSPIT-UHFFFAOYSA-N"", ""HHOUSCIEKLBSGQ-UHFFFAOYSA-N"", ""QIGBRXMKCJKVMJ-UHFFFAOYSA-N"", ""SOXXPQLIZIPMIZ-UHFFFAOYSA-N"", ""IMJQBRXSCAFXSY-UHFFFAOYSA-N""]","[""FR-BBD3-PARENT-c0764__e00004"", ""FR-BBD3-PARENT-c0764__e00009"", ""FR-BBD3-PARENT-c0764__e00006"", ""FR-BBD3-PARENT-c0764__e00026""]","[1.0, 1.0, 1.0, 1.0]","[""multi_generation_edge_probability"", ""multi_generation_edge_probability"", ""multi_generation_edge_probability"", ""multi_generation_edge_probability""]",1.0,path_probability_product,simple_acyclic_path,frontier_empty,True,False,False,False,False,False,False,False
FR-BBD3-PARENT-c0764,scope_a_old83_compatible,Bisphenol A,plasticizer_flame_retardant_endocrine,envipath_prediction,envipath_bbd_rules_multistep,False,FR-BBD3-PARENT-c0764__sp10,10,3,"[""FR-BBD3-PARENT-c0764__n00000"", ""FR-BBD3-PARENT-c0764__n00001"", ""FR-BBD3-PARENT-c0764__n00005"", ""FR-BBD3-PARENT-c0764__n00011""]","[""CC(C)(c1ccc(O)cc1)c1ccc(O)cc1"", ""CC(O)(Cc1ccc(O)cc1)c1ccc(O)cc1"", ""CC(O)(c1ccc(O)cc1)C(O)c1ccc(O)cc1"", ""CC(O)(C(=O)c1ccc(O)cc1)c1ccc(O)cc1""]","[""IISBACLAFKSPIT-UHFFFAOYSA-N"", ""ODPHPWGPPAECAJ-UHFFFAOYSA-N"", ""NTQHBBDWBRQLIA-UHFFFAOYSA-N"", ""SMZHTALXLZUCHI-UHFFFAOYSA-N""]","[""FR-BBD3-PARENT-c0764__e00001"", ""FR-BBD3-PARENT-c0764__e00005"", ""FR-BBD3-PARENT-c0764__e00012""]","[1.0, 1.0, 1.0]","[""multi_generation_edge_probability"", ""multi_generation_edge_probability"", ""multi_generation_edge_probability""]",1.0,path_probability_product,simple_acyclic_path,frontier_empty,True,False,False,False,False,False,False,False
FR-BBD3-PARENT-c0765,scope_a_old83_compatible,"2,4-Dichloroaniline",halogenated_compound,envipath_prediction,envipath_bbd_rules_multistep,False,FR-BBD3-PARENT-c0765__sp01,1,5,"[""FR-BBD3-PARENT-c0765__n00000"", ""FR-BBD3-PARENT-c0765__n00001"", ""FR-BBD3-PARENT-c0765__n00005"", ""FR-BBD3-PARENT-c0765__n00009"", ""FR-BBD3-PARENT-c0765__n00017"", ""FR-BBD3-PARENT-c0765__n00022""]","[""Nc1ccc(Cl)cc1Cl"", ""Nc1ccccc1Cl"", ""Oc1cccc(Cl)c1O"", ""Oc1cc(O)c(O)c(Cl)c1"", ""Oc1cc(O)c(O)c(Cl)c1O"", ""Oc1cc(O)c(O)cc1O""]","[""KQCMTOWTPBNWDB-UHFFFAOYSA-N"", ""AKCRQHGQIJBRMN-UHFFFAOYSA-N"", ""GQKDZDYQXPOXEM-UHFFFAOYSA-N"", ""GVZRJQSQNLOFNR-UHFFFAOYSA-N"", ""PJYZHRNZADIBBI-UHFFFAOYSA-N"", ""UYQMSQMCIYSXOW-UHFFFAOYSA-N""]","[""FR-BBD3-PARENT-c0765__e00001"", ""FR-BBD3-PARENT-c0765__e00005"", ""FR-BBD3-PARENT-c0765__e00009"", ""FR-BBD3-PARENT-c0765__e00019"", ""FR-BBD3-PARENT-c0765__e00034""]","[1.0, 1.0, 1.0, 1.0, 1.0]","[""multi_generation_edge_probability"", ""multi_generation_edge_probability"", ""multi_generation_edge_probability"", ""multi_generation_edge_probability"", ""multi_generation_edge_probability""]",1.0,path_probability_product,simple_acyclic_path,frontier_empty,True,False,False,False,False,False,False,False
FR-BBD3-PARENT-c0765,scope_a_old83_compatible,"2,4-Dichloroaniline",halogenated_compound,envipath_prediction,envipath_bbd_rules_multistep,False,FR-BBD3-PARENT-c0765__sp02,2,4,"[""FR-BBD3-PARENT-c0765__n00000"", ""FR-BBD3-PARENT-c0765__n00001"", ""FR-BBD3-PARENT-c0765__n00003"", ""FR-BBD3-PARENT-c0765__n00007"", ""FR-BBD3-PARENT-c0765__n00016""]","[""Nc1ccc(Cl)cc1Cl"", ""Nc1ccccc1Cl"", ""Nc1ccccc1"", ""Oc1ccccc1O"", ""C=CCC(=O)C(=O)O""]","[""KQCMTOWTPBNWDB-UHFFFAOYSA-N"", ""AKCRQHGQIJBRMN-UHFFFAOYSA-N"", ""PAYRUJLWNCNPSJ-UHFFFAOYSA-N"", ""YCIMNLLNPGFGHC-UHFFFAOYSA-N"", ""NOXRYJAWRSNUJD-UHFFFAOYSA-N""]","[""FR-BBD3-PARENT-c0765__e00001"", ""FR-BBD3-PARENT-c0765__e00003"", ""FR-BBD3-PARENT-c0765__e00007"", ""FR-BBD3-PARENT-c0765__e00017""]","[1.0, 1.0, 1.0, 1.0]","[""multi_generation_edge_probability"", ""multi_generation_edge_probability"", ""multi_generation_edge_probability"", ""multi_generation_edge_probability""]",1.0,path_probability_product,simple_acyclic_path,frontier_empty,True,False,False,False,False,False,False,False
FR-BBD3-PARENT-c0765,scope_a_old83_compatible,"2,4-Dichloroaniline",halogenated_compound,envipath_prediction,envipath_bbd_rules_multistep,False,FR-BBD3-PARENT-c0765__sp03,3,4,"[""FR-BBD3-PARENT-c0765__n00000"", ""FR-BBD3-PARENT-c0765__n00001"", ""FR-BBD3-PARENT-c0765__n00003"", ""FR-BBD3-PARENT-c0765__n00007"", ""FR-BBD3-PARENT-c0765__n00011""]","[""Nc1ccc(Cl)cc1Cl"", ""Nc1ccccc1Cl"", ""Nc1ccccc1"", ""Oc1ccccc1O"", ""O=CO""]","[""KQCMTOWTPBNWDB-UHFFFAOYSA-N"", ""AKCRQHGQIJBRMN-UHFFFAOYSA-N"", ""PAYRUJLWNCNPSJ-UHFFFAOYSA-N"", ""YCIMNLLNPGFGHC-UHFFFAOYSA-N"", ""BDAGIHXWWSANSR-UHFFFAOYSA-N""]","[""FR-BBD3-PARENT-c0765__e00001"", ""FR-BBD3-PARENT-c0765__e00003"", ""FR-BBD3-PARENT-c0765__e00007"", ""FR-BBD3-PARENT-c0765__e00023""]","[1.0, 1.0, 1.0, 1.0]","[""multi_generation_edge_probability"", ""multi_generation_edge_probability"", ""multi_generation_edge_probability"", ""multi_generation_edge_probability""]",1.0,path_probability_product,simple_acyclic_path,frontier_empty,True,False,False,False,False,False,False,False
FR-BBD3-PARENT-c0765,scope_a_old83_compatible,"2,4-Dichloroaniline",halogenated_compound,envipath_prediction,envipath_bbd_rules_multistep,False,FR-BBD3-PARENT-c0765__sp04,4,4,"[""FR-BBD3-PARENT-c0765__n00000"", ""FR-BBD3-PARENT-c0765__n00001"", ""FR-BBD3-PARENT-c0765__n00005"", ""FR-BBD3-PARENT-c0765__n00012"", ""FR-BBD3-PARENT-c0765__n00019""]","[""Nc1ccc(Cl)cc1Cl"", ""Nc1ccccc1Cl"", ""Oc1cccc(Cl)c1O"", ""Oc1ccc(O)c(Cl)c1O"", ""C=C(O)C(Cl)C(=O)C(=O)O""]","[""KQCMTOWTPBNWDB-UHFFFAOYSA-N"", ""AKCRQHGQIJBRMN-UHFFFAOYSA-N"", ""GQKDZDYQXPOXEM-UHFFFAOYSA-N"", ""ABLFWMWVDNPOAX-UHFFFAOYSA-N"", ""GQYWZXVCEYAKNC-UHFFFAOYSA-N""]","[""FR-BBD3-PARENT-c0765__e00001"", ""FR-BBD3-PARENT-c0765__e00005"", ""FR-BBD3-PARENT-c0765__e00013"", ""FR-BBD3-PARENT-c0765__e00021""]","[1.0, 1.0, 1.0, 1.0]","[""multi_generation_edge_probability"", ""multi_generation_edge_probability"", ""multi_generation_edge_probability"", ""multi_generation_edge_probability""]",1.0,path_probability_product,simple_acyclic_path,frontier_empty,True,False,False,False,False,False,False,False
FR-BBD3-PARENT-c0765,scope_a_old83_compatible,"2,4-Dichloroaniline",halogenated_compound,envipath_prediction,envipath_bbd_rules_multistep,False,FR-BBD3-PARENT-c0765__sp05,5,4,"[""FR-BBD3-PARENT-c0765__n00000"", ""FR-BBD3-PARENT-c0765__n00001"", ""FR-BBD3-PARENT-c0765__n00005"", ""FR-BBD3-PARENT-c0765__n00014"", ""FR-BBD3-PARENT-c0765__n00020""]","[""Nc1ccc(Cl)cc1Cl"", ""Nc1ccccc1Cl"", ""Oc1cccc(Cl)c1O"", ""C=CC(Cl)C(=O)C(=O)O"", ""O=C(O)C(=O)C(Cl)C1CO1""]","[""KQCMTOWTPBNWDB-UHFFFAOYSA-N"", ""AKCRQHGQIJBRMN-UHFFFAOYSA-N"", ""GQKDZDYQXPOXEM-UHFFFAOYSA-N"", ""FXRRVXIBZDSYFY-UHFFFAOYSA-N"", ""NLSZAZCHHAFIPC-UHFFFAOYSA-N""]","[""FR-BBD3-PARENT-c0765__e00001"", ""FR-BBD3-PARENT-c0765__e00005"", ""FR-BBD3-PARENT-c0765__e00015"", ""FR-BBD3-PARENT-c0765__e00022""]","[1.0, 1.0, 1.0, 1.0]","[""multi_generation_edge_probability"", ""multi_generation_edge_probability"", ""multi_generation_edge_probability"", ""multi_generation_edge_probability""]",1.0,path_probability_product,simple_acyclic_path,frontier_empty,True,False,False,False,False,False,False,False
FR-BBD3-PARENT-c0765,scope_a_old83_compatible,"2,4-Dichloroaniline",halogenated_compound,envipath_prediction,envipath_bbd_rules_multistep,False,FR-BBD3-PARENT-c0765__sp06,6,4,"[""FR-BBD3-PARENT-c0765__n00000"", ""FR-BBD3-PARENT-c0765__n00001"", ""FR-BBD3-PARENT-c0765__n00005"", ""FR-BBD3-PARENT-c0765__n00014"", ""FR-BBD3-PARENT-c0765__n00025""]","[""Nc1ccc(Cl)cc1Cl"", ""Nc1ccccc1Cl"", ""Oc1cccc(Cl)c1O"", ""C=CC(Cl)C(=O)C(=O)O"", ""CCC(Cl)C(=O)C(=O)O""]","[""KQCMTOWTPBNWDB-UHFFFAOYSA-N"", ""AKCRQHGQIJBRMN-UHFFFAOYSA-N"", ""GQKDZDYQXPOXEM-UHFFFAOYSA-N"", ""FXRRVXIBZDSYFY-UHFFFAOYSA-N"", ""DOVWZAHPBVXVKP-UHFFFAOYSA-N""]","[""FR-BBD3-PARENT-c0765__e00001"", ""FR-BBD3-PARENT-c0765__e00005"", ""FR-BBD3-PARENT-c0765__e00015"", ""FR-BBD3-PARENT-c0765__e00028""]","[1.0, 1.0, 1.0, 1.0]","[""multi_generation_edge_probability"", ""multi_generation_edge_probability"", ""multi_generation_edge_probability"", ""multi_generation_edge_probability""]",1.0,path_probability_product,simple_acyclic_path,frontier_empty,True,False,False,False,False,False,False,False
FR-BBD3-PARENT-c0765,scope_a_old83_compatible,"2,4-Dichloroaniline",halogenated_compound,envipath_prediction,envipath_bbd_rules_multistep,False,FR-BBD3-PARENT-c0765__sp07,7,4,"[""FR-BBD3-PARENT-c0765__n00000"", ""FR-BBD3-PARENT-c0765__n00001"", ""FR-BBD3-PARENT-c0765__n00005"", ""FR-BBD3-PARENT-c0765__n00014"", ""FR-BBD3-PARENT-c0765__n00029""]","[""Nc1ccc(Cl)cc1Cl"", ""Nc1ccccc1Cl"", ""Oc1cccc(Cl)c1O"", ""C=CC(Cl)C(=O)C(=O)O"", ""CC(O)C(Cl)C(=O)C(=O)O""]","[""KQCMTOWTPBNWDB-UHFFFAOYSA-N"", ""AKCRQHGQIJBRMN-UHFFFAOYSA-N"", ""GQKDZDYQXPOXEM-UHFFFAOYSA-N"", ""FXRRVXIBZDSYFY-UHFFFAOYSA-N"", ""BIJVDISFXJNDSY-UHFFFAOYSA-N""]","[""FR-BBD3-PARENT-c0765__e00001"", ""FR-BBD3-PARENT-c0765__e00005"", ""FR-BBD3-PARENT-c0765__e00015"", ""FR-BBD3-PARENT-c0765__e00032""]","[1.0, 1.0, 1.0, 1.0]","[""multi_generation_edge_probability"", ""multi_generation_edge_probability"", ""multi_generation_edge_probability"", ""multi_generation_edge_probability""]",1.0,path_probability_product,simple_acyclic_path,frontier_empty,True,False,False,False,False,False,False,False
FR-BBD3-PARENT-c0765,scope_a_old83_compatible,"2,4-Dichloroaniline",halogenated_compound,envipath_prediction,envipath_bbd_rules_multistep,False,FR-BBD3-PARENT-c0765__sp08,8,4,"[""FR-BBD3-PARENT-c0765__n00000"", ""FR-BBD3-PARENT-c0765__n00002"", ""FR-BBD3-PARENT-c0765__n00004"", ""FR-BBD3-PARENT-c0765__n00010"", ""FR-BBD3-PARENT-c0765__n00018""]","[""Nc1ccc(Cl)cc1Cl"", ""Nc1ccc(Cl)cc1"", ""Oc1ccc(Cl)cc1O"", ""C=C(Cl)CC(=O)C(=O)O"", ""CC(O)(Cl)CC(=O)C(=O)O""]","[""KQCMTOWTPBNWDB-UHFFFAOYSA-N"", ""QSNSCYSYFYORTR-UHFFFAOYSA-N"", ""WWOBYPKUYODHDG-UHFFFAOYSA-N"", ""NFCWTVKCDJVLNZ-UHFFFAOYSA-N"", ""WWXDXBZHWDJCGM-UHFFFAOYSA-N""]","[""FR-BBD3-PARENT-c0765__e00002"", ""FR-BBD3-PARENT-c0765__e00004"", ""FR-BBD3-PARENT-c0765__e00011"", ""FR-BBD3-PARENT-c0765__e00020""]","[1.0, 1.0, 1.0, 1.0]","[""multi_generation_edge_probability"", ""multi_generation_edge_probability"", ""multi_generation_edge_probability"", ""multi_generation_edge_probability""]",1.0,path_probability_product,simple_acyclic_path,frontier_empty,True,False,False,False,False,False,False,False
FR-BBD3-PARENT-c0765,scope_a_old83_compatible,"2,4-Dichloroaniline",halogenated_compound,envipath_prediction,envipath_bbd_rules_multistep,False,FR-BBD3-PARENT-c0765__sp09,9,4,"[""FR-BBD3-PARENT-c0765__n00000"", ""FR-BBD3-PARENT-c0765__n00002"", ""FR-BBD3-PARENT-c0765__n00004"", ""FR-BBD3-PARENT-c0765__n00010"", ""FR-BBD3-PARENT-c0765__n00023""]","[""Nc1ccc(Cl)cc1Cl"", ""Nc1ccc(Cl)cc1"", ""Oc1ccc(Cl)cc1O"", ""C=C(Cl)CC(=O)C(=O)O"", ""CC(Cl)CC(=O)C(=O)O""]","[""KQCMTOWTPBNWDB-UHFFFAOYSA-N"", ""QSNSCYSYFYORTR-UHFFFAOYSA-N"", ""WWOBYPKUYODHDG-UHFFFAOYSA-N"", ""NFCWTVKCDJVLNZ-UHFFFAOYSA-N"", ""KUSUUEHQQHEGMN-UHFFFAOYSA-N""]","[""FR-BBD3-PARENT-c0765__e00002"", ""FR-BBD3-PARENT-c0765__e00004"", ""FR-BBD3-PARENT-c0765__e00011"", ""FR-BBD3-PARENT-c0765__e00026""]","[1.0, 1.0, 1.0, 1.0]","[""multi_generation_edge_probability"", ""multi_generation_edge_probability"", ""multi_generation_edge_probability"", ""multi_generation_edge_probability""]",1.0,path_probability_product,simple_acyclic_path,frontier_empty,True,False,False,False,False,False,False,False
FR-BBD3-PARENT-c0765,scope_a_old83_compatible,"2,4-Dichloroaniline",halogenated_compound,envipath_prediction,envipath_bbd_rules_multistep,False,FR-BBD3-PARENT-c0765__sp10,10,4,"[""FR-BBD3-PARENT-c0765__n00000"", ""FR-BBD3-PARENT-c0765__n00002"", ""FR-BBD3-PARENT-c0765__n00004"", ""FR-BBD3-PARENT-c0765__n00010"", ""FR-BBD3-PARENT-c0765__n00027""]","[""Nc1ccc(Cl)cc1Cl"", ""Nc1ccc(Cl)cc1"", ""Oc1ccc(Cl)cc1O"", ""C=C(Cl)CC(=O)C(=O)O"", ""C=C(Cl)C(O)C(=O)C(=O)O""]","[""KQCMTOWTPBNWDB-UHFFFAOYSA-N"", ""QSNSCYSYFYORTR-UHFFFAOYSA-N"", ""WWOBYPKUYODHDG-UHFFFAOYSA-N"", ""NFCWTVKCDJVLNZ-UHFFFAOYSA-N"", ""BMAZPYHWNSQGDL-UHFFFAOYSA-N""]","[""FR-BBD3-PARENT-c0765__e00002"", ""FR-BBD3-PARENT-c0765__e00004"", ""FR-BBD3-PARENT-c0765__e00011"", ""FR-BBD3-PARENT-c0765__e00030""]","[1.0, 1.0, 1.0, 1.0]","[""multi_generation_edge_probability"", ""multi_generation_edge_probability"", ""multi_generation_edge_probability"", ""multi_generation_edge_probability""]",1.0,path_probability_product,simple_acyclic_path,frontier_empty,True,False,False,False,False,False,False,False
FR-BBD3-PARENT-c0865,scope_a_old83_compatible,"2,4-Dichlorotoluene",halogenated_compound,envipath_prediction,envipath_bbd_rules_multistep,False,FR-BBD3-PARENT-c0865__sp01,1,6,"[""FR-BBD3-PARENT-c0865__n00000"", ""FR-BBD3-PARENT-c0865__n00001"", ""FR-BBD3-PARENT-c0865__n00004"", ""FR-BBD3-PARENT-c0865__n00011"", ""FR-BBD3-PARENT-c0865__n00019"", ""FR-BBD3-PARENT-c0865__n00033"", ""FR-BBD3-PARENT-c0865__n00040""]","[""Cc1ccc(Cl)cc1Cl"", ""OCc1ccc(Cl)cc1Cl"", ""OCc1ccc(Cl)cc1"", ""OCc1ccccc1"", ""OCc1cccc(O)c1"", ""OCc1cc(O)ccc1O"", ""O=Cc1cc(O)ccc1O""]","[""FUNUTBJJKQIVSY-UHFFFAOYSA-N"", ""DBHODFSFBXJZNY-UHFFFAOYSA-N"", ""PTHGDVCPCZKZKR-UHFFFAOYSA-N"", ""WVDDGKGOMKODPV-UHFFFAOYSA-N"", ""OKVJCVWFVRATSG-UHFFFAOYSA-N"", ""PUZSUVGRVHEUQO-UHFFFAOYSA-N"", ""CLFRCXCBWIQVRN-UHFFFAOYSA-N""]","[""FR-BBD3-PARENT-c0865__e00001"", ""FR-BBD3-PARENT-c0865__e00004"", ""FR-BBD3-PARENT-c0865__e00011"", ""FR-BBD3-PARENT-c0865__e00019"", ""FR-BBD3-PARENT-c0865__e00033"", ""FR-BBD3-PARENT-c0865__e00040""]","[1.0, 1.0, 1.0, 1.0, 1.0, 1.0]","[""multi_generation_edge_probability"", ""multi_generation_edge_probability"", ""multi_generation_edge_probability"", ""multi_generation_edge_probability"", ""multi_generation_edge_probability"", ""multi_generation_edge_probability""]",1.0,path_probability_product,simple_acyclic_path,max_depth_reached,True,False,False,False,False,False,False,False
FR-BBD3-PARENT-c0865,scope_a_old83_compatible,"2,4-Dichlorotoluene",halogenated_compound,envipath_prediction,envipath_bbd_rules_multistep,False,FR-BBD3-PARENT-c0865__sp02,2,6,"[""FR-BBD3-PARENT-c0865__n00000"", ""FR-BBD3-PARENT-c0865__n00001"", ""FR-BBD3-PARENT-c0865__n00004"", ""FR-BBD3-PARENT-c0865__n00011"", ""FR-BBD3-PARENT-c0865__n00019"", ""FR-BBD3-PARENT-c0865__n00036"", ""FR-BBD3-PARENT-c0865__n00048""]","[""Cc1ccc(Cl)cc1Cl"", ""OCc1ccc(Cl)cc1Cl"", ""OCc1ccc(Cl)cc1"", ""OCc1ccccc1"", ""OCc1cccc(O)c1"", ""O=Cc1cccc(O)c1"", ""O=C(O)c1cccc(O)c1""]","[""FUNUTBJJKQIVSY-UHFFFAOYSA-N"", ""DBHODFSFBXJZNY-UHFFFAOYSA-N"", ""PTHGDVCPCZKZKR-UHFFFAOYSA-N"", ""WVDDGKGOMKODPV-UHFFFAOYSA-N"", ""OKVJCVWFVRATSG-UHFFFAOYSA-N"", ""IAVREABSGIHHMO-UHFFFAOYSA-N"", ""IJFXRHURBJZNAO-UHFFFAOYSA-N""]","[""FR-BBD3-PARENT-c0865__e00001"", ""FR-BBD3-PARENT-c0865__e00004"", ""FR-BBD3-PARENT-c0865__e00011"", ""FR-BBD3-PARENT-c0865__e00019"", ""FR-BBD3-PARENT-c0865__e00036"", ""FR-BBD3-PARENT-c0865__e00048""]","[1.0, 1.0, 1.0, 1.0, 1.0, 1.0]","[""multi_generation_edge_probability"", ""multi_generation_edge_probability"", ""multi_generation_edge_probability"", ""multi_generation_edge_probability"", ""multi_generation_edge_probability"", ""multi_generation_edge_probability""]",1.0,path_probability_product,simple_acyclic_path,max_depth_reached,True,False,False,False,False,False,False,False
FR-BBD3-PARENT-c0865,scope_a_old83_compatible,"2,4-Dichlorotoluene",halogenated_compound,envipath_prediction,envipath_bbd_rules_multistep,False,FR-BBD3-PARENT-c0865__sp03,3,6,"[""FR-BBD3-PARENT-c0865__n00000"", ""FR-BBD3-PARENT-c0865__n00002"", ""FR-BBD3-PARENT-c0865__n00005"", ""FR-BBD3-PARENT-c0865__n00009"", ""FR-BBD3-PARENT-c0865__n00023"", ""FR-BBD3-PARENT-c0865__n00035"", ""FR-BBD3-PARENT-c0865__n00043""]","[""Cc1ccc(Cl)cc1Cl"", ""Cc1ccccc1Cl"", ""OCc1ccccc1Cl"", ""O=Cc1ccccc1Cl"", ""O=C(O)c1ccccc1Cl"", ""O=C(O)c1ccccc1"", ""O=C(O)c1cccc(O)c1O""]","[""FUNUTBJJKQIVSY-UHFFFAOYSA-N"", ""IBSQPLPBRSHTTG-UHFFFAOYSA-N"", ""MBYQPPXEXWRMQC-UHFFFAOYSA-N"", ""FPYUJUBAXZAQNL-UHFFFAOYSA-N"", ""IKCLCGXPQILATA-UHFFFAOYSA-N"", ""WPYMKLBDIGXBTP-UHFFFAOYSA-N"", ""GLDQAMYCGOIJDV-UHFFFAOYSA-N""]","[""FR-BBD3-PARENT-c0865__e00002"", ""FR-BBD3-PARENT-c0865__e00005"", ""FR-BBD3-PARENT-c0865__e00009"", ""FR-BBD3-PARENT-c0865__e00023"", ""FR-BBD3-PARENT-c0865__e00035"", ""FR-BBD3-PARENT-c0865__e00043""]","[1.0, 1.0, 1.0, 1.0, 1.0, 1.0]","[""multi_generation_edge_probability"", ""multi_generation_edge_probability"", ""multi_generation_edge_probability"", ""multi_generation_edge_probability"", ""multi_generation_edge_probability"", ""multi_generation_edge_probability""]",1.0,path_probability_product,simple_acyclic_path,max_depth_reached,True,False,False,False,False,False,False,False
FR-BBD3-PARENT-c0865,scope_a_old83_compatible,"2,4-Dichlorotoluene",halogenated_compound,envipath_prediction,envipath_bbd_rules_multistep,False,FR-BBD3-PARENT-c0865__sp04,4,6,"[""FR-BBD3-PARENT-c0865__n00000"", ""FR-BBD3-PARENT-c0865__n00002"", ""FR-BBD3-PARENT-c0865__n00005"", ""FR-BBD3-PARENT-c0865__n00009"", ""FR-BBD3-PARENT-c0865__n00023"", ""FR-BBD3-PARENT-c0865__n00035"", ""FR-BBD3-PARENT-c0865__n00047""]","[""Cc1ccc(Cl)cc1Cl"", ""Cc1ccccc1Cl"", ""OCc1ccccc1Cl"", ""O=Cc1ccccc1Cl"", ""O=C(O)c1ccccc1Cl"", ""O=C(O)c1ccccc1"", ""O=C(O)c1ccccc1O""]","[""FUNUTBJJKQIVSY-UHFFFAOYSA-N"", ""IBSQPLPBRSHTTG-UHFFFAOYSA-N"", ""MBYQPPXEXWRMQC-UHFFFAOYSA-N"", ""FPYUJUBAXZAQNL-UHFFFAOYSA-N"", ""IKCLCGXPQILATA-UHFFFAOYSA-N"", ""WPYMKLBDIGXBTP-UHFFFAOYSA-N"", ""YGSDEFSMJLZEOE-UHFFFAOYSA-N""]","[""FR-BBD3-PARENT-c0865__e00002"", ""FR-BBD3-PARENT-c0865__e00005"", ""FR-BBD3-PARENT-c0865__e00009"", ""FR-BBD3-PARENT-c0865__e00023"", ""FR-BBD3-PARENT-c0865__e00035"", ""FR-BBD3-PARENT-c0865__e00047""]","[1.0, 1.0, 1.0, 1.0, 1.0, 1.0]","[""multi_generation_edge_probability"", ""multi_generation_edge_probability"", ""multi_generation_edge_probability"", ""multi_generation_edge_probability"", ""multi_generation_edge_probability"", ""multi_generation_edge_probability""]",1.0,path_probability_product,simple_acyclic_path,max_depth_reached,True,False,False,False,False,False,False,False
FR-BBD3-PARENT-c0865,scope_a_old83_compatible,"2,4-Dichlorotoluene",halogenated_compound,envipath_prediction,envipath_bbd_rules_multistep,False,FR-BBD3-PARENT-c0865__sp05,5,6,"[""FR-BBD3-PARENT-c0865__n00000"", ""FR-BBD3-PARENT-c0865__n00002"", ""FR-BBD3-PARENT-c0865__n00005"", ""FR-BBD3-PARENT-c0865__n00009"", ""FR-BBD3-PARENT-c0865__n00023"", ""FR-BBD3-PARENT-c0865__n00035"", ""FR-BBD3-PARENT-c0865__n00052""]","[""Cc1ccc(Cl)cc1Cl"", ""Cc1ccccc1Cl"", ""OCc1ccccc1Cl"", ""O=Cc1ccccc1Cl"", ""O=C(O)c1ccccc1Cl"", ""O=C(O)c1ccccc1"", ""O=C(O)c1ccc(O)cc1""]","[""FUNUTBJJKQIVSY-UHFFFAOYSA-N"", ""IBSQPLPBRSHTTG-UHFFFAOYSA-N"", ""MBYQPPXEXWRMQC-UHFFFAOYSA-N"", ""FPYUJUBAXZAQNL-UHFFFAOYSA-N"", ""IKCLCGXPQILATA-UHFFFAOYSA-N"", ""WPYMKLBDIGXBTP-UHFFFAOYSA-N"", ""FJKROLUGYXJWQN-UHFFFAOYSA-N""]","[""FR-BBD3-PARENT-c0865__e00002"", ""FR-BBD3-PARENT-c0865__e00005"", ""FR-BBD3-PARENT-c0865__e00009"", ""FR-BBD3-PARENT-c0865__e00023"", ""FR-BBD3-PARENT-c0865__e00035"", ""FR-BBD3-PARENT-c0865__e00052""]","[1.0, 1.0, 1.0, 1.0, 1.0, 1.0]","[""multi_generation_edge_probability"", ""multi_generation_edge_probability"", ""multi_generation_edge_probability"", ""multi_generation_edge_probability"", ""multi_generation_edge_probability"", ""multi_generation_edge_probability""]",1.0,path_probability_product,simple_acyclic_path,max_depth_reached,True,False,False,False,False,False,False,False
FR-BBD3-PARENT-c0865,scope_a_old83_compatible,"2,4-Dichlorotoluene",halogenated_compound,envipath_prediction,envipath_bbd_rules_multistep,False,FR-BBD3-PARENT-c0865__sp06,6,6,"[""FR-BBD3-PARENT-c0865__n00000"", ""FR-BBD3-PARENT-c0865__n00003"", ""FR-BBD3-PARENT-c0865__n00006"", ""FR-BBD3-PARENT-c0865__n00015"", ""FR-BBD3-PARENT-c0865__n00021"", ""FR-BBD3-PARENT-c0865__n00034"", ""FR-BBD3-PARENT-c0865__n00041""]","[""Cc1ccc(Cl)cc1Cl"", ""Cc1ccc(Cl)cc1"", ""Cc1ccccc1"", ""Cc1cccc(O)c1"", ""O=C(O)CC(Cc1cccc(O)c1)C(=O)O"", ""O=C(O)C(O)C(Cc1cccc(O)c1)C(=O)O"", ""O=C(O)C(O)C(O)(Cc1cccc(O)c1)C(=O)O""]","[""FUNUTBJJKQIVSY-UHFFFAOYSA-N"", ""NPDACUSDTOMAMK-UHFFFAOYSA-N"", ""YXFVVABEGXRONW-UHFFFAOYSA-N"", ""RLSSMJSEOOYNOY-UHFFFAOYSA-N"", ""LTJBCAXNCIKFQK-UHFFFAOYSA-N"", ""GXQXYFBNKBTYGI-UHFFFAOYSA-N"", ""GFWGVPFVKHAXEG-UHFFFAOYSA-N""]","[""FR-BBD3-PARENT-c0865__e00003"", ""FR-BBD3-PARENT-c0865__e00006"", ""FR-BBD3-PARENT-c0865__e00015"", ""FR-BBD3-PARENT-c0865__e00021"", ""FR-BBD3-PARENT-c0865__e00034"", ""FR-BBD3-PARENT-c0865__e00041""]","[1.0, 1.0, 1.0, 1.0, 1.0, 1.0]","[""multi_generation_edge_probability"", ""multi_generation_edge_probability"", ""multi_generation_edge_probability"", ""multi_generation_edge_probability"", ""multi_generation_edge_probability"", ""multi_generation_edge_probability""]",1.0,path_probability_product,simple_acyclic_path,max_depth_reached,True,False,False,False,False,False,False,False
FR-BBD3-PARENT-c0865,scope_a_old83_compatible,"2,4-Dichlorotoluene",halogenated_compound,envipath_prediction,envipath_bbd_rules_multistep,False,FR-BBD3-PARENT-c0865__sp07,7,6,"[""FR-BBD3-PARENT-c0865__n00000"", ""FR-BBD3-PARENT-c0865__n00003"", ""FR-BBD3-PARENT-c0865__n00006"", ""FR-BBD3-PARENT-c0865__n00015"", ""FR-BBD3-PARENT-c0865__n00021"", ""FR-BBD3-PARENT-c0865__n00034"", ""FR-BBD3-PARENT-c0865__n00046""]","[""Cc1ccc(Cl)cc1Cl"", ""Cc1ccc(Cl)cc1"", ""Cc1ccccc1"", ""Cc1cccc(O)c1"", ""O=C(O)CC(Cc1cccc(O)c1)C(=O)O"", ""O=C(O)C(O)C(Cc1cccc(O)c1)C(=O)O"", ""O=C(O)C(O)C(C(=O)O)C(O)c1cccc(O)c1""]","[""FUNUTBJJKQIVSY-UHFFFAOYSA-N"", ""NPDACUSDTOMAMK-UHFFFAOYSA-N"", ""YXFVVABEGXRONW-UHFFFAOYSA-N"", ""RLSSMJSEOOYNOY-UHFFFAOYSA-N"", ""LTJBCAXNCIKFQK-UHFFFAOYSA-N"", ""GXQXYFBNKBTYGI-UHFFFAOYSA-N"", ""MGUTVHJIWQYZCI-UHFFFAOYSA-N""]","[""FR-BBD3-PARENT-c0865__e00003"", ""FR-BBD3-PARENT-c0865__e00006"", ""FR-BBD3-PARENT-c0865__e00015"", ""FR-BBD3-PARENT-c0865__e00021"", ""FR-BBD3-PARENT-c0865__e00034"", ""FR-BBD3-PARENT-c0865__e00046""]","[1.0, 1.0, 1.0, 1.0, 1.0, 1.0]","[""multi_generation_edge_probability"", ""multi_generation_edge_probability"", ""multi_generation_edge_probability"", ""multi_generation_edge_probability"", ""multi_generation_edge_probability"", ""multi_generation_edge_probability""]",1.0,path_probability_product,simple_acyclic_path,max_depth_reached,True,False,False,False,False,False,False,False
FR-BBD3-PARENT-c0865,scope_a_old83_compatible,"2,4-Dichlorotoluene",halogenated_compound,envipath_prediction,envipath_bbd_rules_multistep,False,FR-BBD3-PARENT-c0865__sp08,8,6,"[""FR-BBD3-PARENT-c0865__n00000"", ""FR-BBD3-PARENT-c0865__n00003"", ""FR-BBD3-PARENT-c0865__n00006"", ""FR-BBD3-PARENT-c0865__n00015"", ""FR-BBD3-PARENT-c0865__n00021"", ""FR-BBD3-PARENT-c0865__n00034"", ""FR-BBD3-PARENT-c0865__n00049""]","[""Cc1ccc(Cl)cc1Cl"", ""Cc1ccc(Cl)cc1"", ""Cc1ccccc1"", ""Cc1cccc(O)c1"", ""O=C(O)CC(Cc1cccc(O)c1)C(=O)O"", ""O=C(O)C(O)C(Cc1cccc(O)c1)C(=O)O"", ""O=C(O)C(=O)C(Cc1cccc(O)c1)C(=O)O""]","[""FUNUTBJJKQIVSY-UHFFFAOYSA-N"", ""NPDACUSDTOMAMK-UHFFFAOYSA-N"", ""YXFVVABEGXRONW-UHFFFAOYSA-N"", ""RLSSMJSEOOYNOY-UHFFFAOYSA-N"", ""LTJBCAXNCIKFQK-UHFFFAOYSA-N"", ""GXQXYFBNKBTYGI-UHFFFAOYSA-N"", ""ATYBLARXOOSGLL-UHFFFAOYSA-N""]","[""FR-BBD3-PARENT-c0865__e00003"", ""FR-BBD3-PARENT-c0865__e00006"", ""FR-BBD3-PARENT-c0865__e00015"", ""FR-BBD3-PARENT-c0865__e00021"", ""FR-BBD3-PARENT-c0865__e00034"", ""FR-BBD3-PARENT-c0865__e00049""]","[1.0, 1.0, 1.0, 1.0, 1.0, 1.0]","[""multi_generation_edge_probability"", ""multi_generation_edge_probability"", ""multi_generation_edge_probability"", ""multi_generation_edge_probability"", ""multi_generation_edge_probability"", ""multi_generation_edge_probability""]",1.0,path_probability_product,simple_acyclic_path,max_depth_reached,True,False,False,False,False,False,False,False
FR-BBD3-PARENT-c0865,scope_a_old83_compatible,"2,4-Dichlorotoluene",halogenated_compound,envipath_prediction,envipath_bbd_rules_multistep,False,FR-BBD3-PARENT-c0865__sp09,9,6,"[""FR-BBD3-PARENT-c0865__n00000"", ""FR-BBD3-PARENT-c0865__n00003"", ""FR-BBD3-PARENT-c0865__n00006"", ""FR-BBD3-PARENT-c0865__n00015"", ""FR-BBD3-PARENT-c0865__n00021"", ""FR-BBD3-PARENT-c0865__n00037"", ""FR-BBD3-PARENT-c0865__n00044""]","[""Cc1ccc(Cl)cc1Cl"", ""Cc1ccc(Cl)cc1"", ""Cc1ccccc1"", ""Cc1cccc(O)c1"", ""O=C(O)CC(Cc1cccc(O)c1)C(=O)O"", ""O=C(O)CC(O)(Cc1cccc(O)c1)C(=O)O"", ""O=C(O)CC(O)(Cc1cc(O)ccc1O)C(=O)O""]","[""FUNUTBJJKQIVSY-UHFFFAOYSA-N"", ""NPDACUSDTOMAMK-UHFFFAOYSA-N"", ""YXFVVABEGXRONW-UHFFFAOYSA-N"", ""RLSSMJSEOOYNOY-UHFFFAOYSA-N"", ""LTJBCAXNCIKFQK-UHFFFAOYSA-N"", ""DEKMTMCITJYFET-UHFFFAOYSA-N"", ""KIUAHJAFRBPSMW-UHFFFAOYSA-N""]","[""FR-BBD3-PARENT-c0865__e00003"", ""FR-BBD3-PARENT-c0865__e00006"", ""FR-BBD3-PARENT-c0865__e00015"", ""FR-BBD3-PARENT-c0865__e00021"", ""FR-BBD3-PARENT-c0865__e00037"", ""FR-BBD3-PARENT-c0865__e00044""]","[1.0, 1.0, 1.0, 1.0, 1.0, 1.0]","[""multi_generation_edge_probability"", ""multi_generation_edge_probability"", ""multi_generation_edge_probability"", ""multi_generation_edge_probability"", ""multi_generation_edge_probability"", ""multi_generation_edge_probability""]",1.0,path_probability_product,simple_acyclic_path,max_depth_reached,True,False,False,False,False,False,False,False
FR-BBD3-PARENT-c0865,scope_a_old83_compatible,"2,4-Dichlorotoluene",halogenated_compound,envipath_prediction,envipath_bbd_rules_multistep,False,FR-BBD3-PARENT-c0865__sp10,10,6,"[""FR-BBD3-PARENT-c0865__n00000"", ""FR-BBD3-PARENT-c0865__n00003"", ""FR-BBD3-PARENT-c0865__n00006"", ""FR-BBD3-PARENT-c0865__n00015"", ""FR-BBD3-PARENT-c0865__n00021"", ""FR-BBD3-PARENT-c0865__n00037"", ""FR-BBD3-PARENT-c0865__n00050""]","[""Cc1ccc(Cl)cc1Cl"", ""Cc1ccc(Cl)cc1"", ""Cc1ccccc1"", ""Cc1cccc(O)c1"", ""O=C(O)CC(Cc1cccc(O)c1)C(=O)O"", ""O=C(O)CC(O)(Cc1cccc(O)c1)C(=O)O"", ""O=C(O)C(=O)Cc1cccc(O)c1""]","[""FUNUTBJJKQIVSY-UHFFFAOYSA-N"", ""NPDACUSDTOMAMK-UHFFFAOYSA-N"", ""YXFVVABEGXRONW-UHFFFAOYSA-N"", ""RLSSMJSEOOYNOY-UHFFFAOYSA-N"", ""LTJBCAXNCIKFQK-UHFFFAOYSA-N"", ""DEKMTMCITJYFET-UHFFFAOYSA-N"", ""PNYWALDMLUDDTA-UHFFFAOYSA-N""]","[""FR-BBD3-PARENT-c0865__e00003"", ""FR-BBD3-PARENT-c0865__e00006"", ""FR-BBD3-PARENT-c0865__e00015"", ""FR-BBD3-PARENT-c0865__e00021"", ""FR-BBD3-PARENT-c0865__e00037"", ""FR-BBD3-PARENT-c0865__e00050""]","[1.0, 1.0, 1.0, 1.0, 1.0, 1.0]","[""multi_generation_edge_probability"", ""multi_generation_edge_probability"", ""multi_generation_edge_probability"", ""multi_generation_edge_probability"", ""multi_generation_edge_probability"", ""multi_generation_edge_probability""]",1.0,path_probability_product,simple_acyclic_path,max_depth_reached,True,False,False,False,False,False,False,False
FR-BBD3-PARENT-c0897,scope_a_old83_compatible,Benzyl sulfide,other_eawag_bbd_xenobiotic,envipath_prediction,envipath_bbd_rules_multistep,False,FR-BBD3-PARENT-c0897__sp01,1,2,"[""FR-BBD3-PARENT-c0897__n00000"", ""FR-BBD3-PARENT-c0897__n00002"", ""FR-BBD3-PARENT-c0897__n00008""]","[""c1ccc(CSCc2ccccc2)cc1"", ""Oc1cccc(CSCc2ccccc2)c1"", ""Oc1cccc(CSCc2ccccc2O)c1""]","[""LUFPJJNWMYZRQE-UHFFFAOYSA-N"", ""VLDQYZJMKININL-UHFFFAOYSA-N"", ""ZKVDKCPLNATULF-UHFFFAOYSA-N""]","[""FR-BBD3-PARENT-c0897__e00002"", ""FR-BBD3-PARENT-c0897__e00008""]","[1.0, 1.0]","[""multi_generation_edge_probability"", ""multi_generation_edge_probability""]",1.0,path_probability_product,simple_acyclic_path,frontier_empty,True,False,False,False,False,False,False,False
FR-BBD3-PARENT-c0897,scope_a_old83_compatible,Benzyl sulfide,other_eawag_bbd_xenobiotic,envipath_prediction,envipath_bbd_rules_multistep,False,FR-BBD3-PARENT-c0897__sp02,2,2,"[""FR-BBD3-PARENT-c0897__n00000"", ""FR-BBD3-PARENT-c0897__n00002"", ""FR-BBD3-PARENT-c0897__n00013""]","[""c1ccc(CSCc2ccccc2)cc1"", ""Oc1cccc(CSCc2ccccc2)c1"", ""Oc1ccc(CSCc2cccc(O)c2)cc1""]","[""LUFPJJNWMYZRQE-UHFFFAOYSA-N"", ""VLDQYZJMKININL-UHFFFAOYSA-N"", ""RHNHYDMGPHQHLH-UHFFFAOYSA-N""]","[""FR-BBD3-PARENT-c0897__e00002"", ""FR-BBD3-PARENT-c0897__e00014""]","[1.0, 1.0]","[""multi_generation_edge_probability"", ""multi_generation_edge_probability""]",1.0,path_probability_product,simple_acyclic_path,frontier_empty,True,False,False,False,False,False,False,False
FR-BBD3-PARENT-c0897,scope_a_old83_compatible,Benzyl sulfide,other_eawag_bbd_xenobiotic,envipath_prediction,envipath_bbd_rules_multistep,False,FR-BBD3-PARENT-c0897__sp03,3,2,"[""FR-BBD3-PARENT-c0897__n00000"", ""FR-BBD3-PARENT-c0897__n00002"", ""FR-BBD3-PARENT-c0897__n00015""]","[""c1ccc(CSCc2ccccc2)cc1"", ""Oc1cccc(CSCc2ccccc2)c1"", ""Oc1ccc(O)c(CSCc2ccccc2)c1""]","[""LUFPJJNWMYZRQE-UHFFFAOYSA-N"", ""VLDQYZJMKININL-UHFFFAOYSA-N"", ""GQGVSLCBJMUNSL-UHFFFAOYSA-N""]","[""FR-BBD3-PARENT-c0897__e00002"", ""FR-BBD3-PARENT-c0897__e00016""]","[1.0, 1.0]","[""multi_generation_edge_probability"", ""multi_generation_edge_probability""]",1.0,path_probability_product,simple_acyclic_path,frontier_empty,True,False,False,False,False,False,False,False
FR-BBD3-PARENT-c0897,scope_a_old83_compatible,Benzyl sulfide,other_eawag_bbd_xenobiotic,envipath_prediction,envipath_bbd_rules_multistep,False,FR-BBD3-PARENT-c0897__sp04,4,2,"[""FR-BBD3-PARENT-c0897__n00000"", ""FR-BBD3-PARENT-c0897__n00002"", ""FR-BBD3-PARENT-c0897__n00019""]","[""c1ccc(CSCc2ccccc2)cc1"", ""Oc1cccc(CSCc2ccccc2)c1"", ""O=Cc1cccc(O)c1""]","[""LUFPJJNWMYZRQE-UHFFFAOYSA-N"", ""VLDQYZJMKININL-UHFFFAOYSA-N"", ""IAVREABSGIHHMO-UHFFFAOYSA-N""]","[""FR-BBD3-PARENT-c0897__e00002"", ""FR-BBD3-PARENT-c0897__e00020""]","[1.0, 1.0]","[""multi_generation_edge_probability"", ""multi_generation_edge_probability""]",1.0,path_probability_product,simple_acyclic_path,frontier_empty,True,False,False,False,False,False,False,False
FR-BBD3-PARENT-c0897,scope_a_old83_compatible,Benzyl sulfide,other_eawag_bbd_xenobiotic,envipath_prediction,envipath_bbd_rules_multistep,False,FR-BBD3-PARENT-c0897__sp05,5,2,"[""FR-BBD3-PARENT-c0897__n00000"", ""FR-BBD3-PARENT-c0897__n00002"", ""FR-BBD3-PARENT-c0897__n00005""]","[""c1ccc(CSCc2ccccc2)cc1"", ""Oc1cccc(CSCc2ccccc2)c1"", ""SCc1ccccc1""]","[""LUFPJJNWMYZRQE-UHFFFAOYSA-N"", ""VLDQYZJMKININL-UHFFFAOYSA-N"", ""UENWRTRMUIOCKN-UHFFFAOYSA-N""]","[""FR-BBD3-PARENT-c0897__e00002"", ""FR-BBD3-PARENT-c0897__e00022""]","[1.0, 1.0]","[""multi_generation_edge_probability"", ""multi_generation_edge_probability""]",1.0,path_probability_product,simple_acyclic_path,frontier_empty,True,False,False,False,False,False,False,False
FR-BBD3-PARENT-c0897,scope_a_old83_compatible,Benzyl sulfide,other_eawag_bbd_xenobiotic,envipath_prediction,envipath_bbd_rules_multistep,False,FR-BBD3-PARENT-c0897__sp06,6,2,"[""FR-BBD3-PARENT-c0897__n00000"", ""FR-BBD3-PARENT-c0897__n00002"", ""FR-BBD3-PARENT-c0897__n00024""]","[""c1ccc(CSCc2ccccc2)cc1"", ""Oc1cccc(CSCc2ccccc2)c1"", ""Oc1cccc(CS)c1""]","[""LUFPJJNWMYZRQE-UHFFFAOYSA-N"", ""VLDQYZJMKININL-UHFFFAOYSA-N"", ""XSHPNRUFIUTBAP-UHFFFAOYSA-N""]","[""FR-BBD3-PARENT-c0897__e00002"", ""FR-BBD3-PARENT-c0897__e00026""]","[1.0, 1.0]","[""multi_generation_edge_probability"", ""multi_generation_edge_probability""]",1.0,path_probability_product,simple_acyclic_path,frontier_empty,True,False,False,False,False,False,False,False
FR-BBD3-PARENT-c0897,scope_a_old83_compatible,Benzyl sulfide,other_eawag_bbd_xenobiotic,envipath_prediction,envipath_bbd_rules_multistep,False,FR-BBD3-PARENT-c0897__sp07,7,2,"[""FR-BBD3-PARENT-c0897__n00000"", ""FR-BBD3-PARENT-c0897__n00002"", ""FR-BBD3-PARENT-c0897__n00027""]","[""c1ccc(CSCc2ccccc2)cc1"", ""Oc1cccc(CSCc2ccccc2)c1"", ""Oc1cccc(CSCc2cccc(O)c2)c1""]","[""LUFPJJNWMYZRQE-UHFFFAOYSA-N"", ""VLDQYZJMKININL-UHFFFAOYSA-N"", ""JUOSJCDYTGQZQI-UHFFFAOYSA-N""]","[""FR-BBD3-PARENT-c0897__e00002"", ""FR-BBD3-PARENT-c0897__e00029""]","[1.0, 1.0]","[""multi_generation_edge_probability"", ""multi_generation_edge_probability""]",1.0,path_probability_product,simple_acyclic_path,frontier_empty,True,False,False,False,False,False,False,False
FR-BBD3-PARENT-c0897,scope_a_old83_compatible,Benzyl sulfide,other_eawag_bbd_xenobiotic,envipath_prediction,envipath_bbd_rules_multistep,False,FR-BBD3-PARENT-c0897__sp08,8,2,"[""FR-BBD3-PARENT-c0897__n00000"", ""FR-BBD3-PARENT-c0897__n00002"", ""FR-BBD3-PARENT-c0897__n00029""]","[""c1ccc(CSCc2ccccc2)cc1"", ""Oc1cccc(CSCc2ccccc2)c1"", ""Oc1cccc(CSCc2cccc(O)c2O)c1""]","[""LUFPJJNWMYZRQE-UHFFFAOYSA-N"", ""VLDQYZJMKININL-UHFFFAOYSA-N"", ""DBOXVRHXRITOET-UHFFFAOYSA-N""]","[""FR-BBD3-PARENT-c0897__e00002"", ""FR-BBD3-PARENT-c0897__e00031""]","[1.0, 1.0]","[""multi_generation_edge_probability"", ""multi_generation_edge_probability""]",1.0,path_probability_product,simple_acyclic_path,frontier_empty,True,False,False,False,False,False,False,False
FR-BBD3-PARENT-c0897,scope_a_old83_compatible,Benzyl sulfide,other_eawag_bbd_xenobiotic,envipath_prediction,envipath_bbd_rules_multistep,False,FR-BBD3-PARENT-c0897__sp09,9,2,"[""FR-BBD3-PARENT-c0897__n00000"", ""FR-BBD3-PARENT-c0897__n00003"", ""FR-BBD3-PARENT-c0897__n00009""]","[""c1ccc(CSCc2ccccc2)cc1"", ""[O-][S+](Cc1ccccc1)Cc1ccccc1"", ""[O-][S+](Cc1ccccc1)Cc1cccc(O)c1""]","[""LUFPJJNWMYZRQE-UHFFFAOYSA-N"", ""HTMQZWFSTJVJEQ-UHFFFAOYSA-N"", ""LAAJETZQJHBUEV-UHFFFAOYSA-N""]","[""FR-BBD3-PARENT-c0897__e00003"", ""FR-BBD3-PARENT-c0897__e00009""]","[1.0, 1.0]","[""multi_generation_edge_probability"", ""multi_generation_edge_probability""]",1.0,path_probability_product,simple_acyclic_path,frontier_empty,True,False,False,False,False,False,False,False
FR-BBD3-PARENT-c0897,scope_a_old83_compatible,Benzyl sulfide,other_eawag_bbd_xenobiotic,envipath_prediction,envipath_bbd_rules_multistep,False,FR-BBD3-PARENT-c0897__sp10,10,2,"[""FR-BBD3-PARENT-c0897__n00000"", ""FR-BBD3-PARENT-c0897__n00003"", ""FR-BBD3-PARENT-c0897__n00012""]","[""c1ccc(CSCc2ccccc2)cc1"", ""[O-][S+](Cc1ccccc1)Cc1ccccc1"", ""[O-][S+](Cc1ccccc1)Cc1ccccc1O""]","[""LUFPJJNWMYZRQE-UHFFFAOYSA-N"", ""HTMQZWFSTJVJEQ-UHFFFAOYSA-N"", ""KFCMTSOQFLVPDN-UHFFFAOYSA-N""]","[""FR-BBD3-PARENT-c0897__e00003"", ""FR-BBD3-PARENT-c0897__e00013""]","[1.0, 1.0]","[""multi_generation_edge_probability"", ""multi_generation_edge_probability""]",1.0,path_probability_product,simple_acyclic_path,frontier_empty,True,False,False,False,False,False,False,False
FR-BBD3-PARENT-c0908,scope_a_old83_compatible,N-Cyclohexylisocyanide,other_eawag_bbd_xenobiotic,envipath_prediction,envipath_bbd_rules_multistep,False,FR-BBD3-PARENT-c0908__sp01,1,5,"[""FR-BBD3-PARENT-c0908__n00000"", ""FR-BBD3-PARENT-c0908__n00002"", ""FR-BBD3-PARENT-c0908__n00007"", ""FR-BBD3-PARENT-c0908__n00011"", ""FR-BBD3-PARENT-c0908__n00018"", ""FR-BBD3-PARENT-c0908__n00029""]","[""C#[N+]C1CCCCC1"", ""O=C[N+]C1CCCCC1"", ""O=C[N+]C1CCCC(O)C1"", ""O=C[N+]C1CC(O)CC(O)C1"", ""O=C[N+]C1CC(=O)CC(O)C1"", ""O=C[N+]C1CC(=O)OCC(O)C1""]","[""CUAGXVQIGHFUSI-UHFFFAOYSA-N"", ""SLYOPXSQNPJSQG-UHFFFAOYSA-N"", ""CYKGTKUMTXJLRC-UHFFFAOYSA-N"", ""UKBORYMHRPDAPK-UHFFFAOYSA-N"", ""ZVIYANLXYAQICL-UHFFFAOYSA-N"", ""JYSDJGIWXXVSGF-UHFFFAOYSA-N""]","[""FR-BBD3-PARENT-c0908__e00002"", ""FR-BBD3-PARENT-c0908__e00007"", ""FR-BBD3-PARENT-c0908__e00011"", ""FR-BBD3-PARENT-c0908__e00018"", ""FR-BBD3-PARENT-c0908__e00029""]","[1.0, 1.0, 1.0, 1.0, 1.0]","[""multi_generation_edge_probability"", ""multi_generation_edge_probability"", ""multi_generation_edge_probability"", ""multi_generation_edge_probability"", ""multi_generation_edge_probability""]",1.0,path_probability_product,simple_acyclic_path,frontier_empty,True,False,False,False,False,False,False,False
FR-BBD3-PARENT-c0908,scope_a_old83_compatible,N-Cyclohexylisocyanide,other_eawag_bbd_xenobiotic,envipath_prediction,envipath_bbd_rules_multistep,False,FR-BBD3-PARENT-c0908__sp02,2,5,"[""FR-BBD3-PARENT-c0908__n00000"", ""FR-BBD3-PARENT-c0908__n00002"", ""FR-BBD3-PARENT-c0908__n00007"", ""FR-BBD3-PARENT-c0908__n00011"", ""FR-BBD3-PARENT-c0908__n00018"", ""FR-BBD3-PARENT-c0908__n00030""]","[""C#[N+]C1CCCCC1"", ""O=C[N+]C1CCCCC1"", ""O=C[N+]C1CCCC(O)C1"", ""O=C[N+]C1CC(O)CC(O)C1"", ""O=C[N+]C1CC(=O)CC(O)C1"", ""O=C[N+]C1COC(=O)CC(O)C1""]","[""CUAGXVQIGHFUSI-UHFFFAOYSA-N"", ""SLYOPXSQNPJSQG-UHFFFAOYSA-N"", ""CYKGTKUMTXJLRC-UHFFFAOYSA-N"", ""UKBORYMHRPDAPK-UHFFFAOYSA-N"", ""ZVIYANLXYAQICL-UHFFFAOYSA-N"", ""JLXMNDUXAYENSU-UHFFFAOYSA-N""]","[""FR-BBD3-PARENT-c0908__e00002"", ""FR-BBD3-PARENT-c0908__e00007"", ""FR-BBD3-PARENT-c0908__e00011"", ""FR-BBD3-PARENT-c0908__e00018"", ""FR-BBD3-PARENT-c0908__e00030""]","[1.0, 1.0, 1.0, 1.0, 1.0]","[""multi_generation_edge_probability"", ""multi_generation_edge_probability"", ""multi_generation_edge_probability"", ""multi_generation_edge_probability"", ""multi_generation_edge_probability""]",1.0,path_probability_product,simple_acyclic_path,frontier_empty,True,False,False,False,False,False,False,False
FR-BBD3-PARENT-c0908,scope_a_old83_compatible,N-Cyclohexylisocyanide,other_eawag_bbd_xenobiotic,envipath_prediction,envipath_bbd_rules_multistep,False,FR-BBD3-PARENT-c0908__sp03,3,5,"[""FR-BBD3-PARENT-c0908__n00000"", ""FR-BBD3-PARENT-c0908__n00002"", ""FR-BBD3-PARENT-c0908__n00007"", ""FR-BBD3-PARENT-c0908__n00011"", ""FR-BBD3-PARENT-c0908__n00018"", ""FR-BBD3-PARENT-c0908__n00031""]","[""C#[N+]C1CCCCC1"", ""O=C[N+]C1CCCCC1"", ""O=C[N+]C1CCCC(O)C1"", ""O=C[N+]C1CC(O)CC(O)C1"", ""O=C[N+]C1CC(=O)CC(O)C1"", ""O=C[N+]C1CC(=O)CC(=O)C1""]","[""CUAGXVQIGHFUSI-UHFFFAOYSA-N"", ""SLYOPXSQNPJSQG-UHFFFAOYSA-N"", ""CYKGTKUMTXJLRC-UHFFFAOYSA-N"", ""UKBORYMHRPDAPK-UHFFFAOYSA-N"", ""ZVIYANLXYAQICL-UHFFFAOYSA-N"", ""JZKYTYZKYQJTFD-UHFFFAOYSA-N""]","[""FR-BBD3-PARENT-c0908__e00002"", ""FR-BBD3-PARENT-c0908__e00007"", ""FR-BBD3-PARENT-c0908__e00011"", ""FR-BBD3-PARENT-c0908__e00018"", ""FR-BBD3-PARENT-c0908__e00031""]","[1.0, 1.0, 1.0, 1.0, 1.0]","[""multi_generation_edge_probability"", ""multi_generation_edge_probability"", ""multi_generation_edge_probability"", ""multi_generation_edge_probability"", ""multi_generation_edge_probability""]",1.0,path_probability_product,simple_acyclic_path,frontier_empty,True,False,False,False,False,False,False,False
FR-BBD3-PARENT-c0908,scope_a_old83_compatible,N-Cyclohexylisocyanide,other_eawag_bbd_xenobiotic,envipath_prediction,envipath_bbd_rules_multistep,False,FR-BBD3-PARENT-c0908__sp04,4,4,"[""FR-BBD3-PARENT-c0908__n00000"", ""FR-BBD3-PARENT-c0908__n00001"", ""FR-BBD3-PARENT-c0908__n00004"", ""FR-BBD3-PARENT-c0908__n00009"", ""FR-BBD3-PARENT-c0908__n00016""]","[""C#[N+]C1CCCCC1"", ""C#[N+]C1CCC(O)CC1"", ""C#[N+]C1CCC(=O)CC1"", ""O=C[N+]C1CCC(=O)CC1"", ""O=C[N+]C1CCOC(=O)CC1""]","[""CUAGXVQIGHFUSI-UHFFFAOYSA-N"", ""OQGFYZQELZSHKY-UHFFFAOYSA-N"", ""MNNDDENDKALWBN-UHFFFAOYSA-N"", ""ROHKDFHXIDWRKE-UHFFFAOYSA-N"", ""IEYVXDMFOAOJLO-UHFFFAOYSA-N""]","[""FR-BBD3-PARENT-c0908__e00001"", ""FR-BBD3-PARENT-c0908__e00004"", ""FR-BBD3-PARENT-c0908__e00009"", ""FR-BBD3-PARENT-c0908__e00016""]","[1.0, 1.0, 1.0, 1.0]","[""multi_generation_edge_probability"", ""multi_generation_edge_probability"", ""multi_generation_edge_probability"", ""multi_generation_edge_probability""]",1.0,path_probability_product,simple_acyclic_path,frontier_empty,True,False,False,False,False,False,False,False
FR-BBD3-PARENT-c0908,scope_a_old83_compatible,N-Cyclohexylisocyanide,other_eawag_bbd_xenobiotic,envipath_prediction,envipath_bbd_rules_multistep,False,FR-BBD3-PARENT-c0908__sp05,5,4,"[""FR-BBD3-PARENT-c0908__n00000"", ""FR-BBD3-PARENT-c0908__n00001"", ""FR-BBD3-PARENT-c0908__n00004"", ""FR-BBD3-PARENT-c0908__n00012"", ""FR-BBD3-PARENT-c0908__n00019""]","[""C#[N+]C1CCCCC1"", ""C#[N+]C1CCC(O)CC1"", ""C#[N+]C1CCC(=O)CC1"", ""C#[N+]C1CCOC(=O)CC1"", ""C#[N+]C1CCC(=O)OC(O)C1""]","[""CUAGXVQIGHFUSI-UHFFFAOYSA-N"", ""OQGFYZQELZSHKY-UHFFFAOYSA-N"", ""MNNDDENDKALWBN-UHFFFAOYSA-N"", ""XKBLKFKPQKQATC-UHFFFAOYSA-N"", ""QOXHDSRILYVWOD-UHFFFAOYSA-N""]","[""FR-BBD3-PARENT-c0908__e00001"", ""FR-BBD3-PARENT-c0908__e00004"", ""FR-BBD3-PARENT-c0908__e00012"", ""FR-BBD3-PARENT-c0908__e00019""]","[1.0, 1.0, 1.0, 1.0]","[""multi_generation_edge_probability"", ""multi_generation_edge_probability"", ""multi_generation_edge_probability"", ""multi_generation_edge_probability""]",1.0,path_probability_product,simple_acyclic_path,frontier_empty,True,False,False,False,False,False,False,False
FR-BBD3-PARENT-c0908,scope_a_old83_compatible,N-Cyclohexylisocyanide,other_eawag_bbd_xenobiotic,envipath_prediction,envipath_bbd_rules_multistep,False,FR-BBD3-PARENT-c0908__sp06,6,4,"[""FR-BBD3-PARENT-c0908__n00000"", ""FR-BBD3-PARENT-c0908__n00001"", ""FR-BBD3-PARENT-c0908__n00004"", ""FR-BBD3-PARENT-c0908__n00012"", ""FR-BBD3-PARENT-c0908__n00024""]","[""C#[N+]C1CCCCC1"", ""C#[N+]C1CCC(O)CC1"", ""C#[N+]C1CCC(=O)CC1"", ""C#[N+]C1CCOC(=O)CC1"", ""C#[N+]C(CCO)CCC(=O)[O-]""]","[""CUAGXVQIGHFUSI-UHFFFAOYSA-N"", ""OQGFYZQELZSHKY-UHFFFAOYSA-N"", ""MNNDDENDKALWBN-UHFFFAOYSA-N"", ""XKBLKFKPQKQATC-UHFFFAOYSA-N"", ""RFMKLOZDERMAIW-UHFFFAOYSA-N""]","[""FR-BBD3-PARENT-c0908__e00001"", ""FR-BBD3-PARENT-c0908__e00004"", ""FR-BBD3-PARENT-c0908__e00012"", ""FR-BBD3-PARENT-c0908__e00024""]","[1.0, 1.0, 1.0, 1.0]","[""multi_generation_edge_probability"", ""multi_generation_edge_probability"", ""multi_generation_edge_probability"", ""multi_generation_edge_probability""]",1.0,path_probability_product,simple_acyclic_path,frontier_empty,True,False,False,False,False,False,False,False
FR-BBD3-PARENT-c0908,scope_a_old83_compatible,N-Cyclohexylisocyanide,other_eawag_bbd_xenobiotic,envipath_prediction,envipath_bbd_rules_multistep,False,FR-BBD3-PARENT-c0908__sp07,7,4,"[""FR-BBD3-PARENT-c0908__n00000"", ""FR-BBD3-PARENT-c0908__n00002"", ""FR-BBD3-PARENT-c0908__n00007"", ""FR-BBD3-PARENT-c0908__n00014"", ""FR-BBD3-PARENT-c0908__n00021""]","[""C#[N+]C1CCCCC1"", ""O=C[N+]C1CCCCC1"", ""O=C[N+]C1CCCC(O)C1"", ""O=C[N+]C1CCCC(=O)C1"", ""O=C[N+]C1CCCC(=O)OC1""]","[""CUAGXVQIGHFUSI-UHFFFAOYSA-N"", ""SLYOPXSQNPJSQG-UHFFFAOYSA-N"", ""CYKGTKUMTXJLRC-UHFFFAOYSA-N"", ""KRVPWMUDVDGTCU-UHFFFAOYSA-N"", ""HAHRPTKNCRUWHQ-UHFFFAOYSA-N""]","[""FR-BBD3-PARENT-c0908__e00002"", ""FR-BBD3-PARENT-c0908__e00007"", ""FR-BBD3-PARENT-c0908__e00014"", ""FR-BBD3-PARENT-c0908__e00021""]","[1.0, 1.0, 1.0, 1.0]","[""multi_generation_edge_probability"", ""multi_generation_edge_probability"", ""multi_generation_edge_probability"", ""multi_generation_edge_probability""]",1.0,path_probability_product,simple_acyclic_path,frontier_empty,True,False,False,False,False,False,False,False
FR-BBD3-PARENT-c0908,scope_a_old83_compatible,N-Cyclohexylisocyanide,other_eawag_bbd_xenobiotic,envipath_prediction,envipath_bbd_rules_multistep,False,FR-BBD3-PARENT-c0908__sp08,8,4,"[""FR-BBD3-PARENT-c0908__n00000"", ""FR-BBD3-PARENT-c0908__n00003"", ""FR-BBD3-PARENT-c0908__n00006"", ""FR-BBD3-PARENT-c0908__n00010"", ""FR-BBD3-PARENT-c0908__n00017""]","[""C#[N+]C1CCCCC1"", ""C#[N+]C1CCCC(O)C1"", ""C#[N+]C1CCCC(=O)C1"", ""C#[N+]C1CCCOC(=O)C1"", ""C#[N+]C(CCCO)CC(=O)[O-]""]","[""CUAGXVQIGHFUSI-UHFFFAOYSA-N"", ""TZGFIHQBODMFCL-UHFFFAOYSA-N"", ""CKJPWIYIGDGBIW-UHFFFAOYSA-N"", ""AHEQIBHHLYNMOI-UHFFFAOYSA-N"", ""NVGMJAYXRJBDPY-UHFFFAOYSA-N""]","[""FR-BBD3-PARENT-c0908__e00003"", ""FR-BBD3-PARENT-c0908__e00006"", ""FR-BBD3-PARENT-c0908__e00010"", ""FR-BBD3-PARENT-c0908__e00017""]","[1.0, 1.0, 1.0, 1.0]","[""multi_generation_edge_probability"", ""multi_generation_edge_probability"", ""multi_generation_edge_probability"", ""multi_generation_edge_probability""]",1.0,path_probability_product,simple_acyclic_path,frontier_empty,True,False,False,False,False,False,False,False
FR-BBD3-PARENT-c0908,scope_a_old83_compatible,N-Cyclohexylisocyanide,other_eawag_bbd_xenobiotic,envipath_prediction,envipath_bbd_rules_multistep,False,FR-BBD3-PARENT-c0908__sp09,9,4,"[""FR-BBD3-PARENT-c0908__n00000"", ""FR-BBD3-PARENT-c0908__n00003"", ""FR-BBD3-PARENT-c0908__n00006"", ""FR-BBD3-PARENT-c0908__n00010"", ""FR-BBD3-PARENT-c0908__n00023""]","[""C#[N+]C1CCCCC1"", ""C#[N+]C1CCCC(O)C1"", ""C#[N+]C1CCCC(=O)C1"", ""C#[N+]C1CCCOC(=O)C1"", ""O=C[N+]C1CCCOC(=O)C1""]","[""CUAGXVQIGHFUSI-UHFFFAOYSA-N"", ""TZGFIHQBODMFCL-UHFFFAOYSA-N"", ""CKJPWIYIGDGBIW-UHFFFAOYSA-N"", ""AHEQIBHHLYNMOI-UHFFFAOYSA-N"", ""BPSSVMARJWJXNR-UHFFFAOYSA-N""]","[""FR-BBD3-PARENT-c0908__e00003"", ""FR-BBD3-PARENT-c0908__e00006"", ""FR-BBD3-PARENT-c0908__e00010"", ""FR-BBD3-PARENT-c0908__e00023""]","[1.0, 1.0, 1.0, 1.0]","[""multi_generation_edge_probability"", ""multi_generation_edge_probability"", ""multi_generation_edge_probability"", ""multi_generation_edge_probability""]",1.0,path_probability_product,simple_acyclic_path,frontier_empty,True,False,False,False,False,False,False,False
FR-BBD3-PARENT-c0908,scope_a_old83_compatible,N-Cyclohexylisocyanide,other_eawag_bbd_xenobiotic,envipath_prediction,envipath_bbd_rules_multistep,False,FR-BBD3-PARENT-c0908__sp10,10,4,"[""FR-BBD3-PARENT-c0908__n00000"", ""FR-BBD3-PARENT-c0908__n00003"", ""FR-BBD3-PARENT-c0908__n00006"", ""FR-BBD3-PARENT-c0908__n00010"", ""FR-BBD3-PARENT-c0908__n00026""]","[""C#[N+]C1CCCCC1"", ""C#[N+]C1CCCC(O)C1"", ""C#[N+]C1CCCC(=O)C1"", ""C#[N+]C1CCCOC(=O)C1"", ""C#[N+]C1CCC(O)OC(=O)C1""]","[""CUAGXVQIGHFUSI-UHFFFAOYSA-N"", ""TZGFIHQBODMFCL-UHFFFAOYSA-N"", ""CKJPWIYIGDGBIW-UHFFFAOYSA-N"", ""AHEQIBHHLYNMOI-UHFFFAOYSA-N"", ""LNDYQAOSGLEZRN-UHFFFAOYSA-N""]","[""FR-BBD3-PARENT-c0908__e00003"", ""FR-BBD3-PARENT-c0908__e00006"", ""FR-BBD3-PARENT-c0908__e00010"", ""FR-BBD3-PARENT-c0908__e00026""]","[1.0, 1.0, 1.0, 1.0]","[""multi_generation_edge_probability"", ""multi_generation_edge_probability"", ""multi_generation_edge_probability"", ""multi_generation_edge_probability""]",1.0,path_probability_product,simple_acyclic_path,frontier_empty,True,False,False,False,False,False,False,False
FR-BBD3-PARENT-c0941,scope_a_old83_compatible,Cyclohexane,other_eawag_bbd_xenobiotic,envipath_prediction,envipath_bbd_rules_multistep,False,FR-BBD3-PARENT-c0941__sp01,1,6,"[""FR-BBD3-PARENT-c0941__n00000"", ""FR-BBD3-PARENT-c0941__n00001"", ""FR-BBD3-PARENT-c0941__n00004"", ""FR-BBD3-PARENT-c0941__n00006"", ""FR-BBD3-PARENT-c0941__n00009"", ""FR-BBD3-PARENT-c0941__n00013"", ""FR-BBD3-PARENT-c0941__n00015""]","[""C1CCCCC1"", ""OC1CCCCC1"", ""OC1CCCC(O)C1"", ""OC1CC(O)CC(O)C1"", ""O=C1CC(O)CC(O)C1"", ""O=C1CC(O)CC(O)CO1"", ""O=C1CC(=O)OCC(O)C1""]","[""XDTMQSROBMDMFD-UHFFFAOYSA-N"", ""HPXRVTGHNJAIIH-UHFFFAOYSA-N"", ""RLMGYIOTPQVQJR-UHFFFAOYSA-N"", ""FSDSKERRNURGGO-UHFFFAOYSA-N"", ""WTRJYFFVLSDQFC-UHFFFAOYSA-N"", ""XAJFTMJXDNTWQP-UHFFFAOYSA-N"", ""QXLWKBFDVKWASD-UHFFFAOYSA-N""]","[""FR-BBD3-PARENT-c0941__e00001"", ""FR-BBD3-PARENT-c0941__e00004"", ""FR-BBD3-PARENT-c0941__e00006"", ""FR-BBD3-PARENT-c0941__e00009"", ""FR-BBD3-PARENT-c0941__e00013"", ""FR-BBD3-PARENT-c0941__e00015""]","[1.0, 1.0, 1.0, 1.0, 1.0, 1.0]","[""multi_generation_edge_probability"", ""multi_generation_edge_probability"", ""multi_generation_edge_probability"", ""multi_generation_edge_probability"", ""multi_generation_edge_probability"", ""multi_generation_edge_probability""]",1.0,path_probability_product,simple_acyclic_path,max_depth_reached,True,False,False,False,False,False,False,False
FR-BBD3-PARENT-c0941,scope_a_old83_compatible,Cyclohexane,other_eawag_bbd_xenobiotic,envipath_prediction,envipath_bbd_rules_multistep,False,FR-BBD3-PARENT-c0941__sp02,2,6,"[""FR-BBD3-PARENT-c0941__n00000"", ""FR-BBD3-PARENT-c0941__n00001"", ""FR-BBD3-PARENT-c0941__n00004"", ""FR-BBD3-PARENT-c0941__n00006"", ""FR-BBD3-PARENT-c0941__n00009"", ""FR-BBD3-PARENT-c0941__n00013"", ""FR-BBD3-PARENT-c0941__n00017""]","[""C1CCCCC1"", ""OC1CCCCC1"", ""OC1CCCC(O)C1"", ""OC1CC(O)CC(O)C1"", ""O=C1CC(O)CC(O)C1"", ""O=C1CC(O)CC(O)CO1"", ""O=C(O)CC(O)CC(O)CO""]","[""XDTMQSROBMDMFD-UHFFFAOYSA-N"", ""HPXRVTGHNJAIIH-UHFFFAOYSA-N"", ""RLMGYIOTPQVQJR-UHFFFAOYSA-N"", ""FSDSKERRNURGGO-UHFFFAOYSA-N"", ""WTRJYFFVLSDQFC-UHFFFAOYSA-N"", ""XAJFTMJXDNTWQP-UHFFFAOYSA-N"", ""IBMKUBQFLWTZDC-UHFFFAOYSA-N""]","[""FR-BBD3-PARENT-c0941__e00001"", ""FR-BBD3-PARENT-c0941__e00004"", ""FR-BBD3-PARENT-c0941__e00006"", ""FR-BBD3-PARENT-c0941__e00009"", ""FR-BBD3-PARENT-c0941__e00013"", ""FR-BBD3-PARENT-c0941__e00017""]","[1.0, 1.0, 1.0, 1.0, 1.0, 1.0]","[""multi_generation_edge_probability"", ""multi_generation_edge_probability"", ""multi_generation_edge_probability"", ""multi_generation_edge_probability"", ""multi_generation_edge_probability"", ""multi_generation_edge_probability""]",1.0,path_probability_product,simple_acyclic_path,max_depth_reached,True,False,False,False,False,False,False,False
FR-BBD3-PARENT-c0941,scope_a_old83_compatible,Cyclohexane,other_eawag_bbd_xenobiotic,envipath_prediction,envipath_bbd_rules_multistep,False,FR-BBD3-PARENT-c0941__sp03,3,6,"[""FR-BBD3-PARENT-c0941__n00000"", ""FR-BBD3-PARENT-c0941__n00001"", ""FR-BBD3-PARENT-c0941__n00004"", ""FR-BBD3-PARENT-c0941__n00006"", ""FR-BBD3-PARENT-c0941__n00009"", ""FR-BBD3-PARENT-c0941__n00013"", ""FR-BBD3-PARENT-c0941__n00019""]","[""C1CCCCC1"", ""OC1CCCCC1"", ""OC1CCCC(O)C1"", ""OC1CC(O)CC(O)C1"", ""O=C1CC(O)CC(O)C1"", ""O=C1CC(O)CC(O)CO1"", ""O=C1COC(=O)CC(O)C1""]","[""XDTMQSROBMDMFD-UHFFFAOYSA-N"", ""HPXRVTGHNJAIIH-UHFFFAOYSA-N"", ""RLMGYIOTPQVQJR-UHFFFAOYSA-N"", ""FSDSKERRNURGGO-UHFFFAOYSA-N"", ""WTRJYFFVLSDQFC-UHFFFAOYSA-N"", ""XAJFTMJXDNTWQP-UHFFFAOYSA-N"", ""OCFCFMSOOVNHFJ-UHFFFAOYSA-N""]","[""FR-BBD3-PARENT-c0941__e00001"", ""FR-BBD3-PARENT-c0941__e00004"", ""FR-BBD3-PARENT-c0941__e00006"", ""FR-BBD3-PARENT-c0941__e00009"", ""FR-BBD3-PARENT-c0941__e00013"", ""FR-BBD3-PARENT-c0941__e00019""]","[1.0, 1.0, 1.0, 1.0, 1.0, 1.0]","[""multi_generation_edge_probability"", ""multi_generation_edge_probability"", ""multi_generation_edge_probability"", ""multi_generation_edge_probability"", ""multi_generation_edge_probability"", ""multi_generation_edge_probability""]",1.0,path_probability_product,simple_acyclic_path,max_depth_reached,True,False,False,False,False,False,False,False
FR-BBD3-PARENT-c0941,scope_a_old83_compatible,Cyclohexane,other_eawag_bbd_xenobiotic,envipath_prediction,envipath_bbd_rules_multistep,False,FR-BBD3-PARENT-c0941__sp04,4,6,"[""FR-BBD3-PARENT-c0941__n00000"", ""FR-BBD3-PARENT-c0941__n00001"", ""FR-BBD3-PARENT-c0941__n00004"", ""FR-BBD3-PARENT-c0941__n00006"", ""FR-BBD3-PARENT-c0941__n00009"", ""FR-BBD3-PARENT-c0941__n00013"", ""FR-BBD3-PARENT-c0941__n00020""]","[""C1CCCCC1"", ""OC1CCCCC1"", ""OC1CCCC(O)C1"", ""OC1CC(O)CC(O)C1"", ""O=C1CC(O)CC(O)C1"", ""O=C1CC(O)CC(O)CO1"", ""O=C1CC(O)CC(O)C(O)O1""]","[""XDTMQSROBMDMFD-UHFFFAOYSA-N"", ""HPXRVTGHNJAIIH-UHFFFAOYSA-N"", ""RLMGYIOTPQVQJR-UHFFFAOYSA-N"", ""FSDSKERRNURGGO-UHFFFAOYSA-N"", ""WTRJYFFVLSDQFC-UHFFFAOYSA-N"", ""XAJFTMJXDNTWQP-UHFFFAOYSA-N"", ""WRSDOBRQDPKZCW-UHFFFAOYSA-N""]","[""FR-BBD3-PARENT-c0941__e00001"", ""FR-BBD3-PARENT-c0941__e00004"", ""FR-BBD3-PARENT-c0941__e00006"", ""FR-BBD3-PARENT-c0941__e00009"", ""FR-BBD3-PARENT-c0941__e00013"", ""FR-BBD3-PARENT-c0941__e00020""]","[1.0, 1.0, 1.0, 1.0, 1.0, 1.0]","[""multi_generation_edge_probability"", ""multi_generation_edge_probability"", ""multi_generation_edge_probability"", ""multi_generation_edge_probability"", ""multi_generation_edge_probability"", ""multi_generation_edge_probability""]",1.0,path_probability_product,simple_acyclic_path,max_depth_reached,True,False,False,False,False,False,False,False
FR-BBD3-PARENT-c0941,scope_a_old83_compatible,Cyclohexane,other_eawag_bbd_xenobiotic,envipath_prediction,envipath_bbd_rules_multistep,False,FR-BBD3-PARENT-c0941__sp05,5,6,"[""FR-BBD3-PARENT-c0941__n00000"", ""FR-BBD3-PARENT-c0941__n00001"", ""FR-BBD3-PARENT-c0941__n00004"", ""FR-BBD3-PARENT-c0941__n00006"", ""FR-BBD3-PARENT-c0941__n00009"", ""FR-BBD3-PARENT-c0941__n00014"", ""FR-BBD3-PARENT-c0941__n00016""]","[""C1CCCCC1"", ""OC1CCCCC1"", ""OC1CCCC(O)C1"", ""OC1CC(O)CC(O)C1"", ""O=C1CC(O)CC(O)C1"", ""O=C1CC(=O)CC(O)C1"", ""O=C1CC(=O)CC(=O)C1""]","[""XDTMQSROBMDMFD-UHFFFAOYSA-N"", ""HPXRVTGHNJAIIH-UHFFFAOYSA-N"", ""RLMGYIOTPQVQJR-UHFFFAOYSA-N"", ""FSDSKERRNURGGO-UHFFFAOYSA-N"", ""WTRJYFFVLSDQFC-UHFFFAOYSA-N"", ""ACRUCDPQQCIOID-UHFFFAOYSA-N"", ""GKSCYYCYSPXQFY-UHFFFAOYSA-N""]","[""FR-BBD3-PARENT-c0941__e00001"", ""FR-BBD3-PARENT-c0941__e00004"", ""FR-BBD3-PARENT-c0941__e00006"", ""FR-BBD3-PARENT-c0941__e00009"", ""FR-BBD3-PARENT-c0941__e00014"", ""FR-BBD3-PARENT-c0941__e00016""]","[1.0, 1.0, 1.0, 1.0, 1.0, 1.0]","[""multi_generation_edge_probability"", ""multi_generation_edge_probability"", ""multi_generation_edge_probability"", ""multi_generation_edge_probability"", ""multi_generation_edge_probability"", ""multi_generation_edge_probability""]",1.0,path_probability_product,simple_acyclic_path,max_depth_reached,True,False,False,False,False,False,False,False
FR-BBD3-PARENT-c0941,scope_a_old83_compatible,Cyclohexane,other_eawag_bbd_xenobiotic,envipath_prediction,envipath_bbd_rules_multistep,False,FR-BBD3-PARENT-c0941__sp06,6,6,"[""FR-BBD3-PARENT-c0941__n00000"", ""FR-BBD3-PARENT-c0941__n00001"", ""FR-BBD3-PARENT-c0941__n00004"", ""FR-BBD3-PARENT-c0941__n00006"", ""FR-BBD3-PARENT-c0941__n00009"", ""FR-BBD3-PARENT-c0941__n00014"", ""FR-BBD3-PARENT-c0941__n00018""]","[""C1CCCCC1"", ""OC1CCCCC1"", ""OC1CCCC(O)C1"", ""OC1CC(O)CC(O)C1"", ""O=C1CC(O)CC(O)C1"", ""O=C1CC(=O)CC(O)C1"", ""CC(=O)CC(O)CC(=O)O""]","[""XDTMQSROBMDMFD-UHFFFAOYSA-N"", ""HPXRVTGHNJAIIH-UHFFFAOYSA-N"", ""RLMGYIOTPQVQJR-UHFFFAOYSA-N"", ""FSDSKERRNURGGO-UHFFFAOYSA-N"", ""WTRJYFFVLSDQFC-UHFFFAOYSA-N"", ""ACRUCDPQQCIOID-UHFFFAOYSA-N"", ""APWDZEIBFNZVND-UHFFFAOYSA-N""]","[""FR-BBD3-PARENT-c0941__e00001"", ""FR-BBD3-PARENT-c0941__e00004"", ""FR-BBD3-PARENT-c0941__e00006"", ""FR-BBD3-PARENT-c0941__e00009"", ""FR-BBD3-PARENT-c0941__e00014"", ""FR-BBD3-PARENT-c0941__e00018""]","[1.0, 1.0, 1.0, 1.0, 1.0, 1.0]","[""multi_generation_edge_probability"", ""multi_generation_edge_probability"", ""multi_generation_edge_probability"", ""multi_generation_edge_probability"", ""multi_generation_edge_probability"", ""multi_generation_edge_probability""]",1.0,path_probability_product,simple_acyclic_path,max_depth_reached,True,False,False,False,False,False,False,False
FR-BBD3-PARENT-c0941,scope_a_old83_compatible,Cyclohexane,other_eawag_bbd_xenobiotic,envipath_prediction,envipath_bbd_rules_multistep,False,FR-BBD3-PARENT-c0941__sp07,7,4,"[""FR-BBD3-PARENT-c0941__n00000"", ""FR-BBD3-PARENT-c0941__n00001"", ""FR-BBD3-PARENT-c0941__n00004"", ""FR-BBD3-PARENT-c0941__n00008"", ""FR-BBD3-PARENT-c0941__n00010""]","[""C1CCCCC1"", ""OC1CCCCC1"", ""OC1CCCC(O)C1"", ""O=C1CCCC(O)C1"", ""O=C1CC(O)CCCO1""]","[""XDTMQSROBMDMFD-UHFFFAOYSA-N"", ""HPXRVTGHNJAIIH-UHFFFAOYSA-N"", ""RLMGYIOTPQVQJR-UHFFFAOYSA-N"", ""TWEVQGUWCLBRMJ-UHFFFAOYSA-N"", ""COSLPQQFRUMWQX-UHFFFAOYSA-N""]","[""FR-BBD3-PARENT-c0941__e00001"", ""FR-BBD3-PARENT-c0941__e00004"", ""FR-BBD3-PARENT-c0941__e00008"", ""FR-BBD3-PARENT-c0941__e00010""]","[1.0, 1.0, 1.0, 1.0]","[""multi_generation_edge_probability"", ""multi_generation_edge_probability"", ""multi_generation_edge_probability"", ""multi_generation_edge_probability""]",1.0,path_probability_product,simple_acyclic_path,frontier_empty,True,False,False,False,False,False,False,False
FR-BBD3-PARENT-c0941,scope_a_old83_compatible,Cyclohexane,other_eawag_bbd_xenobiotic,envipath_prediction,envipath_bbd_rules_multistep,False,FR-BBD3-PARENT-c0941__sp08,8,4,"[""FR-BBD3-PARENT-c0941__n00000"", ""FR-BBD3-PARENT-c0941__n00001"", ""FR-BBD3-PARENT-c0941__n00004"", ""FR-BBD3-PARENT-c0941__n00008"", ""FR-BBD3-PARENT-c0941__n00011""]","[""C1CCCCC1"", ""OC1CCCCC1"", ""OC1CCCC(O)C1"", ""O=C1CCCC(O)C1"", ""O=C1CCCC(=O)C1""]","[""XDTMQSROBMDMFD-UHFFFAOYSA-N"", ""HPXRVTGHNJAIIH-UHFFFAOYSA-N"", ""RLMGYIOTPQVQJR-UHFFFAOYSA-N"", ""TWEVQGUWCLBRMJ-UHFFFAOYSA-N"", ""HJSLFCCWAKVHIW-UHFFFAOYSA-N""]","[""FR-BBD3-PARENT-c0941__e00001"", ""FR-BBD3-PARENT-c0941__e00004"", ""FR-BBD3-PARENT-c0941__e00008"", ""FR-BBD3-PARENT-c0941__e00011""]","[1.0, 1.0, 1.0, 1.0]","[""multi_generation_edge_probability"", ""multi_generation_edge_probability"", ""multi_generation_edge_probability"", ""multi_generation_edge_probability""]",1.0,path_probability_product,simple_acyclic_path,frontier_empty,True,False,False,False,False,False,False,False
FR-BBD3-PARENT-c0941,scope_a_old83_compatible,Cyclohexane,other_eawag_bbd_xenobiotic,envipath_prediction,envipath_bbd_rules_multistep,False,FR-BBD3-PARENT-c0941__sp09,9,4,"[""FR-BBD3-PARENT-c0941__n00000"", ""FR-BBD3-PARENT-c0941__n00001"", ""FR-BBD3-PARENT-c0941__n00004"", ""FR-BBD3-PARENT-c0941__n00008"", ""FR-BBD3-PARENT-c0941__n00012""]","[""C1CCCCC1"", ""OC1CCCCC1"", ""OC1CCCC(O)C1"", ""O=C1CCCC(O)C1"", ""O=C1CCCC(O)CO1""]","[""XDTMQSROBMDMFD-UHFFFAOYSA-N"", ""HPXRVTGHNJAIIH-UHFFFAOYSA-N"", ""RLMGYIOTPQVQJR-UHFFFAOYSA-N"", ""TWEVQGUWCLBRMJ-UHFFFAOYSA-N"", ""DKGRNUAHQCWLCV-UHFFFAOYSA-N""]","[""FR-BBD3-PARENT-c0941__e00001"", ""FR-BBD3-PARENT-c0941__e00004"", ""FR-BBD3-PARENT-c0941__e00008"", ""FR-BBD3-PARENT-c0941__e00012""]","[1.0, 1.0, 1.0, 1.0]","[""multi_generation_edge_probability"", ""multi_generation_edge_probability"", ""multi_generation_edge_probability"", ""multi_generation_edge_probability""]",1.0,path_probability_product,simple_acyclic_path,frontier_empty,True,False,False,False,False,False,False,False
FR-BBD3-PARENT-c0941,scope_a_old83_compatible,Cyclohexane,other_eawag_bbd_xenobiotic,envipath_prediction,envipath_bbd_rules_multistep,False,FR-BBD3-PARENT-c0941__sp10,10,3,"[""FR-BBD3-PARENT-c0941__n00000"", ""FR-BBD3-PARENT-c0941__n00001"", ""FR-BBD3-PARENT-c0941__n00002"", ""FR-BBD3-PARENT-c0941__n00005""]","[""C1CCCCC1"", ""OC1CCCCC1"", ""OC1CCC(O)CC1"", ""O=C1CCC(O)CC1""]","[""XDTMQSROBMDMFD-UHFFFAOYSA-N"", ""HPXRVTGHNJAIIH-UHFFFAOYSA-N"", ""VKONPUDBRVKQLM-UHFFFAOYSA-N"", ""BXBJZYXQHHPVGO-UHFFFAOYSA-N""]","[""FR-BBD3-PARENT-c0941__e00001"", ""FR-BBD3-PARENT-c0941__e00002"", ""FR-BBD3-PARENT-c0941__e00005""]","[1.0, 1.0, 1.0]","[""multi_generation_edge_probability"", ""multi_generation_edge_probability"", ""multi_generation_edge_probability""]",1.0,path_probability_product,simple_acyclic_path,frontier_empty,True,False,False,False,False,False,False,False
FR-BBD3-PARENT-c0946,scope_a_old83_compatible,Branched-chain dodecylbenzene sulfonate,aromatic_xenobiotic,envipath_prediction,envipath_bbd_rules_multistep,False,FR-BBD3-PARENT-c0946__sp01,1,3,"[""FR-BBD3-PARENT-c0946__n00000"", ""FR-BBD3-PARENT-c0946__n00005"", ""FR-BBD3-PARENT-c0946__n00009"", ""FR-BBD3-PARENT-c0946__n00026""]","[""CCCCCCCCCCCCc1ccc(S(=O)(=O)[O-])cc1"", ""O=S(=O)(O)c1ccc(CCCCCCCCCCCCO)cc1"", ""O=S(=O)(O)c1ccc(C(O)CCCCCCCCCCCO)cc1"", ""O=C(CCCCCCCCCCCO)c1ccc(S(=O)(=O)O)cc1""]","[""KWXICGTUELOLSQ-UHFFFAOYSA-M"", ""IGWAWSYFTDMMMD-UHFFFAOYSA-N"", ""ZEMYJJULLDJBDI-UHFFFAOYSA-N"", ""QHUZLSLJTDSUQL-UHFFFAOYSA-N""]","[""FR-BBD3-PARENT-c0946__e00005"", ""FR-BBD3-PARENT-c0946__e00009"", ""FR-BBD3-PARENT-c0946__e00026""]","[1.0, 1.0, 1.0]","[""multi_generation_edge_probability"", ""multi_generation_edge_probability"", ""multi_generation_edge_probability""]",1.0,path_probability_product,simple_acyclic_path,frontier_empty,True,False,False,False,False,False,False,False
FR-BBD3-PARENT-c0946,scope_a_old83_compatible,Branched-chain dodecylbenzene sulfonate,aromatic_xenobiotic,envipath_prediction,envipath_bbd_rules_multistep,False,FR-BBD3-PARENT-c0946__sp02,2,3,"[""FR-BBD3-PARENT-c0946__n00000"", ""FR-BBD3-PARENT-c0946__n00005"", ""FR-BBD3-PARENT-c0946__n00009"", ""FR-BBD3-PARENT-c0946__n00028""]","[""CCCCCCCCCCCCc1ccc(S(=O)(=O)[O-])cc1"", ""O=S(=O)(O)c1ccc(CCCCCCCCCCCCO)cc1"", ""O=S(=O)(O)c1ccc(C(O)CCCCCCCCCCCO)cc1"", ""O=CCCCCCCCCCCC(O)c1ccc(S(=O)(=O)O)cc1""]","[""KWXICGTUELOLSQ-UHFFFAOYSA-M"", ""IGWAWSYFTDMMMD-UHFFFAOYSA-N"", ""ZEMYJJULLDJBDI-UHFFFAOYSA-N"", ""DRBCQWDIDTWFND-UHFFFAOYSA-N""]","[""FR-BBD3-PARENT-c0946__e00005"", ""FR-BBD3-PARENT-c0946__e00009"", ""FR-BBD3-PARENT-c0946__e00028""]","[1.0, 1.0, 1.0]","[""multi_generation_edge_probability"", ""multi_generation_edge_probability"", ""multi_generation_edge_probability""]",1.0,path_probability_product,simple_acyclic_path,frontier_empty,True,False,False,False,False,False,False,False
FR-BBD3-PARENT-c0946,scope_a_old83_compatible,Branched-chain dodecylbenzene sulfonate,aromatic_xenobiotic,envipath_prediction,envipath_bbd_rules_multistep,False,FR-BBD3-PARENT-c0946__sp03,3,3,"[""FR-BBD3-PARENT-c0946__n00000"", ""FR-BBD3-PARENT-c0946__n00005"", ""FR-BBD3-PARENT-c0946__n00009"", ""FR-BBD3-PARENT-c0946__n00030""]","[""CCCCCCCCCCCCc1ccc(S(=O)(=O)[O-])cc1"", ""O=S(=O)(O)c1ccc(CCCCCCCCCCCCO)cc1"", ""O=S(=O)(O)c1ccc(C(O)CCCCCCCCCCCO)cc1"", ""O=S(=O)(O)c1ccc(C(O)CCCCCCCCCC(O)CO)cc1""]","[""KWXICGTUELOLSQ-UHFFFAOYSA-M"", ""IGWAWSYFTDMMMD-UHFFFAOYSA-N"", ""ZEMYJJULLDJBDI-UHFFFAOYSA-N"", ""GKLNIPFHZXBEBZ-UHFFFAOYSA-N""]","[""FR-BBD3-PARENT-c0946__e00005"", ""FR-BBD3-PARENT-c0946__e00009"", ""FR-BBD3-PARENT-c0946__e00030""]","[1.0, 1.0, 1.0]","[""multi_generation_edge_probability"", ""multi_generation_edge_probability"", ""multi_generation_edge_probability""]",1.0,path_probability_product,simple_acyclic_path,frontier_empty,True,False,False,False,False,False,False,False
FR-BBD3-PARENT-c0946,scope_a_old83_compatible,Branched-chain dodecylbenzene sulfonate,aromatic_xenobiotic,envipath_prediction,envipath_bbd_rules_multistep,False,FR-BBD3-PARENT-c0946__sp04,4,3,"[""FR-BBD3-PARENT-c0946__n00000"", ""FR-BBD3-PARENT-c0946__n00005"", ""FR-BBD3-PARENT-c0946__n00009"", ""FR-BBD3-PARENT-c0946__n00031""]","[""CCCCCCCCCCCCc1ccc(S(=O)(=O)[O-])cc1"", ""O=S(=O)(O)c1ccc(CCCCCCCCCCCCO)cc1"", ""O=S(=O)(O)c1ccc(C(O)CCCCCCCCCCCO)cc1"", ""O=S(=O)(O)c1ccc(C(O)C(O)CCCCCCCCCCO)cc1""]","[""KWXICGTUELOLSQ-UHFFFAOYSA-M"", ""IGWAWSYFTDMMMD-UHFFFAOYSA-N"", ""ZEMYJJULLDJBDI-UHFFFAOYSA-N"", ""SQKLWAIXTHXPQL-UHFFFAOYSA-N""]","[""FR-BBD3-PARENT-c0946__e00005"", ""FR-BBD3-PARENT-c0946__e00009"", ""FR-BBD3-PARENT-c0946__e00031""]","[1.0, 1.0, 1.0]","[""multi_generation_edge_probability"", ""multi_generation_edge_probability"", ""multi_generation_edge_probability""]",1.0,path_probability_product,simple_acyclic_path,frontier_empty,True,False,False,False,False,False,False,False
FR-BBD3-PARENT-c0946,scope_a_old83_compatible,Branched-chain dodecylbenzene sulfonate,aromatic_xenobiotic,envipath_prediction,envipath_bbd_rules_multistep,False,FR-BBD3-PARENT-c0946__sp05,5,3,"[""FR-BBD3-PARENT-c0946__n00000"", ""FR-BBD3-PARENT-c0946__n00005"", ""FR-BBD3-PARENT-c0946__n00014"", ""FR-BBD3-PARENT-c0946__n00027""]","[""CCCCCCCCCCCCc1ccc(S(=O)(=O)[O-])cc1"", ""O=S(=O)(O)c1ccc(CCCCCCCCCCCCO)cc1"", ""O=CCCCCCCCCCCCc1ccc(S(=O)(=O)O)cc1"", ""O=CC(O)CCCCCCCCCCc1ccc(S(=O)(=O)O)cc1""]","[""KWXICGTUELOLSQ-UHFFFAOYSA-M"", ""IGWAWSYFTDMMMD-UHFFFAOYSA-N"", ""MLOVOVGIUXFIAS-UHFFFAOYSA-N"", ""BMQKCQCUIBJZTD-UHFFFAOYSA-N""]","[""FR-BBD3-PARENT-c0946__e00005"", ""FR-BBD3-PARENT-c0946__e00014"", ""FR-BBD3-PARENT-c0946__e00027""]","[1.0, 1.0, 1.0]","[""multi_generation_edge_probability"", ""multi_generation_edge_probability"", ""multi_generation_edge_probability""]",1.0,path_probability_product,simple_acyclic_path,frontier_empty,True,False,False,False,False,False,False,False
FR-BBD3-PARENT-c0946,scope_a_old83_compatible,Branched-chain dodecylbenzene sulfonate,aromatic_xenobiotic,envipath_prediction,envipath_bbd_rules_multistep,False,FR-BBD3-PARENT-c0946__sp06,6,3,"[""FR-BBD3-PARENT-c0946__n00000"", ""FR-BBD3-PARENT-c0946__n00005"", ""FR-BBD3-PARENT-c0946__n00014"", ""FR-BBD3-PARENT-c0946__n00029""]","[""CCCCCCCCCCCCc1ccc(S(=O)(=O)[O-])cc1"", ""O=S(=O)(O)c1ccc(CCCCCCCCCCCCO)cc1"", ""O=CCCCCCCCCCCCc1ccc(S(=O)(=O)O)cc1"", ""O=C(O)CCCCCCCCCCCc1ccc(S(=O)(=O)O)cc1""]","[""KWXICGTUELOLSQ-UHFFFAOYSA-M"", ""IGWAWSYFTDMMMD-UHFFFAOYSA-N"", ""MLOVOVGIUXFIAS-UHFFFAOYSA-N"", ""GITQZEZNMGYVCC-UHFFFAOYSA-N""]","[""FR-BBD3-PARENT-c0946__e00005"", ""FR-BBD3-PARENT-c0946__e00014"", ""FR-BBD3-PARENT-c0946__e00029""]","[1.0, 1.0, 1.0]","[""multi_generation_edge_probability"", ""multi_generation_edge_probability"", ""multi_generation_edge_probability""]",1.0,path_probability_product,simple_acyclic_path,frontier_empty,True,False,False,False,False,False,False,False
FR-BBD3-PARENT-c0946,scope_a_old83_compatible,Branched-chain dodecylbenzene sulfonate,aromatic_xenobiotic,envipath_prediction,envipath_bbd_rules_multistep,False,FR-BBD3-PARENT-c0946__sp07,7,2,"[""FR-BBD3-PARENT-c0946__n00000"", ""FR-BBD3-PARENT-c0946__n00001"", ""FR-BBD3-PARENT-c0946__n00006""]","[""CCCCCCCCCCCCc1ccc(S(=O)(=O)[O-])cc1"", ""CCCCCCCCCCCCc1ccc(O)cc1"", ""CCCCCCCCCCCC(O)c1ccc(O)cc1""]","[""KWXICGTUELOLSQ-UHFFFAOYSA-M"", ""KJWMCPYEODZESQ-UHFFFAOYSA-N"", ""FBYKTQWJFLIDIX-UHFFFAOYSA-N""]","[""FR-BBD3-PARENT-c0946__e00001"", ""FR-BBD3-PARENT-c0946__e00006""]","[1.0, 1.0]","[""multi_generation_edge_probability"", ""multi_generation_edge_probability""]",1.0,path_probability_product,simple_acyclic_path,frontier_empty,True,False,False,False,False,False,False,False
FR-BBD3-PARENT-c0946,scope_a_old83_compatible,Branched-chain dodecylbenzene sulfonate,aromatic_xenobiotic,envipath_prediction,envipath_bbd_rules_multistep,False,FR-BBD3-PARENT-c0946__sp08,8,2,"[""FR-BBD3-PARENT-c0946__n00000"", ""FR-BBD3-PARENT-c0946__n00001"", ""FR-BBD3-PARENT-c0946__n00011""]","[""CCCCCCCCCCCCc1ccc(S(=O)(=O)[O-])cc1"", ""CCCCCCCCCCCCc1ccc(O)cc1"", ""OCCCCCCCCCCCCc1ccc(O)cc1""]","[""KWXICGTUELOLSQ-UHFFFAOYSA-M"", ""KJWMCPYEODZESQ-UHFFFAOYSA-N"", ""PRRCYLFNBQFHIF-UHFFFAOYSA-N""]","[""FR-BBD3-PARENT-c0946__e00001"", ""FR-BBD3-PARENT-c0946__e00011""]","[1.0, 1.0]","[""multi_generation_edge_probability"", ""multi_generation_edge_probability""]",1.0,path_probability_product,simple_acyclic_path,frontier_empty,True,False,False,False,False,False,False,False
FR-BBD3-PARENT-c0946,scope_a_old83_compatible,Branched-chain dodecylbenzene sulfonate,aromatic_xenobiotic,envipath_prediction,envipath_bbd_rules_multistep,False,FR-BBD3-PARENT-c0946__sp09,9,2,"[""FR-BBD3-PARENT-c0946__n00000"", ""FR-BBD3-PARENT-c0946__n00001"", ""FR-BBD3-PARENT-c0946__n00015""]","[""CCCCCCCCCCCCc1ccc(S(=O)(=O)[O-])cc1"", ""CCCCCCCCCCCCc1ccc(O)cc1"", ""CC(CCCCCCCCCCc1ccc(O)cc1)C(CC(=O)O)C(=O)O""]","[""KWXICGTUELOLSQ-UHFFFAOYSA-M"", ""KJWMCPYEODZESQ-UHFFFAOYSA-N"", ""XJNAMGHYFWTVFG-UHFFFAOYSA-N""]","[""FR-BBD3-PARENT-c0946__e00001"", ""FR-BBD3-PARENT-c0946__e00015""]","[1.0, 1.0]","[""multi_generation_edge_probability"", ""multi_generation_edge_probability""]",1.0,path_probability_product,simple_acyclic_path,frontier_empty,True,False,False,False,False,False,False,False
FR-BBD3-PARENT-c0946,scope_a_old83_compatible,Branched-chain dodecylbenzene sulfonate,aromatic_xenobiotic,envipath_prediction,envipath_bbd_rules_multistep,False,FR-BBD3-PARENT-c0946__sp10,10,2,"[""FR-BBD3-PARENT-c0946__n00000"", ""FR-BBD3-PARENT-c0946__n00002"", ""FR-BBD3-PARENT-c0946__n00007""]","[""CCCCCCCCCCCCc1ccc(S(=O)(=O)[O-])cc1"", ""CCCCCCCCCCCCc1ccc(O)c(O)c1"", ""CCCCCCCCCCCCc1cc(O)c(O)cc1O""]","[""KWXICGTUELOLSQ-UHFFFAOYSA-M"", ""IGLIUFGSGJRAQF-UHFFFAOYSA-N"", ""XBPCVHCCTWDARG-UHFFFAOYSA-N""]","[""FR-BBD3-PARENT-c0946__e00002"", ""FR-BBD3-PARENT-c0946__e00007""]","[1.0, 1.0]","[""multi_generation_edge_probability"", ""multi_generation_edge_probability""]",1.0,path_probability_product,simple_acyclic_path,frontier_empty,True,False,False,False,False,False,False,False
FR-BBD3-PARENT-c0991,scope_a_old83_compatible,Anthracene,polycyclic_aromatic_hydrocarbon,envipath_prediction,envipath_bbd_rules_multistep,False,FR-BBD3-PARENT-c0991__sp01,1,1,"[""FR-BBD3-PARENT-c0991__n00000"", ""FR-BBD3-PARENT-c0991__n00001""]","[""c1ccc2cc3ccccc3cc2c1"", ""Oc1ccc2cc3ccccc3cc2c1O""]","[""MWPLVEDNUUSJAV-UHFFFAOYSA-N"", ""UTCOUOISVRSLSH-UHFFFAOYSA-N""]","[""FR-BBD3-PARENT-c0991__e00001""]",[1.0],"[""multi_generation_edge_probability""]",1.0,path_probability_product,simple_acyclic_path,frontier_empty,True,False,False,False,False,False,False,False
FR-BBD3-PARENT-c1013,scope_a_old83_compatible,Citronellol,other_eawag_bbd_xenobiotic,envipath_prediction,envipath_bbd_rules_multistep,False,FR-BBD3-PARENT-c1013__sp01,1,3,"[""FR-BBD3-PARENT-c1013__n00000"", ""FR-BBD3-PARENT-c1013__n00001"", ""FR-BBD3-PARENT-c1013__n00015"", ""FR-BBD3-PARENT-c1013__n00024""]","[""CC(C)=CCCC(C)CCO"", ""CC(C)=CCCC(C)CC=O"", ""CC(C)=CCCC(C)(O)CC=O"", ""CC(C)=CC(O)CC(C)(O)CC=O""]","[""QMVPMAAFGQKVCJ-UHFFFAOYSA-N"", ""NEHNMFOYXAPHSD-UHFFFAOYSA-N"", ""DUSOFANQAJQCRP-UHFFFAOYSA-N"", ""MUUXQFXOHWROCL-UHFFFAOYSA-N""]","[""FR-BBD3-PARENT-c1013__e00001"", ""FR-BBD3-PARENT-c1013__e00015"", ""FR-BBD3-PARENT-c1013__e00024""]","[1.0, 1.0, 1.0]","[""multi_generation_edge_probability"", ""multi_generation_edge_probability"", ""multi_generation_edge_probability""]",1.0,path_probability_product,simple_acyclic_path,frontier_empty,True,False,False,False,False,False,False,False
FR-BBD3-PARENT-c1013,scope_a_old83_compatible,Citronellol,other_eawag_bbd_xenobiotic,envipath_prediction,envipath_bbd_rules_multistep,False,FR-BBD3-PARENT-c1013__sp02,2,3,"[""FR-BBD3-PARENT-c1013__n00000"", ""FR-BBD3-PARENT-c1013__n00001"", ""FR-BBD3-PARENT-c1013__n00015"", ""FR-BBD3-PARENT-c1013__n00026""]","[""CC(C)=CCCC(C)CCO"", ""CC(C)=CCCC(C)CC=O"", ""CC(C)=CCCC(C)(O)CC=O"", ""CC(C)=CCC(O)C(C)(O)CC=O""]","[""QMVPMAAFGQKVCJ-UHFFFAOYSA-N"", ""NEHNMFOYXAPHSD-UHFFFAOYSA-N"", ""DUSOFANQAJQCRP-UHFFFAOYSA-N"", ""KALVOOKLFBAWKB-UHFFFAOYSA-N""]","[""FR-BBD3-PARENT-c1013__e00001"", ""FR-BBD3-PARENT-c1013__e00015"", ""FR-BBD3-PARENT-c1013__e00026""]","[1.0, 1.0, 1.0]","[""multi_generation_edge_probability"", ""multi_generation_edge_probability"", ""multi_generation_edge_probability""]",1.0,path_probability_product,simple_acyclic_path,frontier_empty,True,False,False,False,False,False,False,False
FR-BBD3-PARENT-c1013,scope_a_old83_compatible,Citronellol,other_eawag_bbd_xenobiotic,envipath_prediction,envipath_bbd_rules_multistep,False,FR-BBD3-PARENT-c1013__sp03,3,3,"[""FR-BBD3-PARENT-c1013__n00000"", ""FR-BBD3-PARENT-c1013__n00001"", ""FR-BBD3-PARENT-c1013__n00015"", ""FR-BBD3-PARENT-c1013__n00029""]","[""CC(C)=CCCC(C)CCO"", ""CC(C)=CCCC(C)CC=O"", ""CC(C)=CCCC(C)(O)CC=O"", ""CC(C)=CCCC(C)(O)CC(=O)O""]","[""QMVPMAAFGQKVCJ-UHFFFAOYSA-N"", ""NEHNMFOYXAPHSD-UHFFFAOYSA-N"", ""DUSOFANQAJQCRP-UHFFFAOYSA-N"", ""BGEHAKLYDDCRJH-UHFFFAOYSA-N""]","[""FR-BBD3-PARENT-c1013__e00001"", ""FR-BBD3-PARENT-c1013__e00015"", ""FR-BBD3-PARENT-c1013__e00029""]","[1.0, 1.0, 1.0]","[""multi_generation_edge_probability"", ""multi_generation_edge_probability"", ""multi_generation_edge_probability""]",1.0,path_probability_product,simple_acyclic_path,frontier_empty,True,False,False,False,False,False,False,False
FR-BBD3-PARENT-c1013,scope_a_old83_compatible,Citronellol,other_eawag_bbd_xenobiotic,envipath_prediction,envipath_bbd_rules_multistep,False,FR-BBD3-PARENT-c1013__sp04,4,3,"[""FR-BBD3-PARENT-c1013__n00000"", ""FR-BBD3-PARENT-c1013__n00001"", ""FR-BBD3-PARENT-c1013__n00015"", ""FR-BBD3-PARENT-c1013__n00030""]","[""CC(C)=CCCC(C)CCO"", ""CC(C)=CCCC(C)CC=O"", ""CC(C)=CCCC(C)(O)CC=O"", ""CC(C)=CCCC(C)(O)C(O)C=O""]","[""QMVPMAAFGQKVCJ-UHFFFAOYSA-N"", ""NEHNMFOYXAPHSD-UHFFFAOYSA-N"", ""DUSOFANQAJQCRP-UHFFFAOYSA-N"", ""SQPYJHBXPWBUAL-UHFFFAOYSA-N""]","[""FR-BBD3-PARENT-c1013__e00001"", ""FR-BBD3-PARENT-c1013__e00015"", ""FR-BBD3-PARENT-c1013__e00030""]","[1.0, 1.0, 1.0]","[""multi_generation_edge_probability"", ""multi_generation_edge_probability"", ""multi_generation_edge_probability""]",1.0,path_probability_product,simple_acyclic_path,frontier_empty,True,False,False,False,False,False,False,False
FR-BBD3-PARENT-c1013,scope_a_old83_compatible,Citronellol,other_eawag_bbd_xenobiotic,envipath_prediction,envipath_bbd_rules_multistep,False,FR-BBD3-PARENT-c1013__sp05,5,3,"[""FR-BBD3-PARENT-c1013__n00000"", ""FR-BBD3-PARENT-c1013__n00003"", ""FR-BBD3-PARENT-c1013__n00008"", ""FR-BBD3-PARENT-c1013__n00023""]","[""CC(C)=CCCC(C)CCO"", ""CC(C)=CCCC(C)(O)CCO"", ""CC(C)CCCC(C)(O)CCO"", ""CC(C)(O)CCCC(C)(O)CCO""]","[""QMVPMAAFGQKVCJ-UHFFFAOYSA-N"", ""ALSCIJYFFHQRBX-UHFFFAOYSA-N"", ""LTCZAAUBVPCAHG-UHFFFAOYSA-N"", ""LXOFVLHCIMSTNG-UHFFFAOYSA-N""]","[""FR-BBD3-PARENT-c1013__e00003"", ""FR-BBD3-PARENT-c1013__e00008"", ""FR-BBD3-PARENT-c1013__e00023""]","[1.0, 1.0, 1.0]","[""multi_generation_edge_probability"", ""multi_generation_edge_probability"", ""multi_generation_edge_probability""]",1.0,path_probability_product,simple_acyclic_path,frontier_empty,True,False,False,False,False,False,False,False
FR-BBD3-PARENT-c1013,scope_a_old83_compatible,Citronellol,other_eawag_bbd_xenobiotic,envipath_prediction,envipath_bbd_rules_multistep,False,FR-BBD3-PARENT-c1013__sp06,6,3,"[""FR-BBD3-PARENT-c1013__n00000"", ""FR-BBD3-PARENT-c1013__n00003"", ""FR-BBD3-PARENT-c1013__n00008"", ""FR-BBD3-PARENT-c1013__n00025""]","[""CC(C)=CCCC(C)CCO"", ""CC(C)=CCCC(C)(O)CCO"", ""CC(C)CCCC(C)(O)CCO"", ""CC(C)CCCC(C)(O)CC=O""]","[""QMVPMAAFGQKVCJ-UHFFFAOYSA-N"", ""ALSCIJYFFHQRBX-UHFFFAOYSA-N"", ""LTCZAAUBVPCAHG-UHFFFAOYSA-N"", ""ZDMHSXYVVJNGQT-UHFFFAOYSA-N""]","[""FR-BBD3-PARENT-c1013__e00003"", ""FR-BBD3-PARENT-c1013__e00008"", ""FR-BBD3-PARENT-c1013__e00025""]","[1.0, 1.0, 1.0]","[""multi_generation_edge_probability"", ""multi_generation_edge_probability"", ""multi_generation_edge_probability""]",1.0,path_probability_product,simple_acyclic_path,frontier_empty,True,False,False,False,False,False,False,False
FR-BBD3-PARENT-c1013,scope_a_old83_compatible,Citronellol,other_eawag_bbd_xenobiotic,envipath_prediction,envipath_bbd_rules_multistep,False,FR-BBD3-PARENT-c1013__sp07,7,3,"[""FR-BBD3-PARENT-c1013__n00000"", ""FR-BBD3-PARENT-c1013__n00003"", ""FR-BBD3-PARENT-c1013__n00008"", ""FR-BBD3-PARENT-c1013__n00027""]","[""CC(C)=CCCC(C)CCO"", ""CC(C)=CCCC(C)(O)CCO"", ""CC(C)CCCC(C)(O)CCO"", ""CC(C)CCC(O)C(C)(O)CCO""]","[""QMVPMAAFGQKVCJ-UHFFFAOYSA-N"", ""ALSCIJYFFHQRBX-UHFFFAOYSA-N"", ""LTCZAAUBVPCAHG-UHFFFAOYSA-N"", ""HPPRYCPVOVHOHL-UHFFFAOYSA-N""]","[""FR-BBD3-PARENT-c1013__e00003"", ""FR-BBD3-PARENT-c1013__e00008"", ""FR-BBD3-PARENT-c1013__e00027""]","[1.0, 1.0, 1.0]","[""multi_generation_edge_probability"", ""multi_generation_edge_probability"", ""multi_generation_edge_probability""]",1.0,path_probability_product,simple_acyclic_path,frontier_empty,True,False,False,False,False,False,False,False
FR-BBD3-PARENT-c1013,scope_a_old83_compatible,Citronellol,other_eawag_bbd_xenobiotic,envipath_prediction,envipath_bbd_rules_multistep,False,FR-BBD3-PARENT-c1013__sp08,8,3,"[""FR-BBD3-PARENT-c1013__n00000"", ""FR-BBD3-PARENT-c1013__n00003"", ""FR-BBD3-PARENT-c1013__n00008"", ""FR-BBD3-PARENT-c1013__n00028""]","[""CC(C)=CCCC(C)CCO"", ""CC(C)=CCCC(C)(O)CCO"", ""CC(C)CCCC(C)(O)CCO"", ""CC(C)CCCC(C)(O)C(O)CO""]","[""QMVPMAAFGQKVCJ-UHFFFAOYSA-N"", ""ALSCIJYFFHQRBX-UHFFFAOYSA-N"", ""LTCZAAUBVPCAHG-UHFFFAOYSA-N"", ""AXSMBYNAYXIVCP-UHFFFAOYSA-N""]","[""FR-BBD3-PARENT-c1013__e00003"", ""FR-BBD3-PARENT-c1013__e00008"", ""FR-BBD3-PARENT-c1013__e00028""]","[1.0, 1.0, 1.0]","[""multi_generation_edge_probability"", ""multi_generation_edge_probability"", ""multi_generation_edge_probability""]",1.0,path_probability_product,simple_acyclic_path,frontier_empty,True,False,False,False,False,False,False,False
FR-BBD3-PARENT-c1013,scope_a_old83_compatible,Citronellol,other_eawag_bbd_xenobiotic,envipath_prediction,envipath_bbd_rules_multistep,False,FR-BBD3-PARENT-c1013__sp09,9,2,"[""FR-BBD3-PARENT-c1013__n00000"", ""FR-BBD3-PARENT-c1013__n00001"", ""FR-BBD3-PARENT-c1013__n00006""]","[""CC(C)=CCCC(C)CCO"", ""CC(C)=CCCC(C)CC=O"", ""CC(C)=CCCC(C)CC(=O)O""]","[""QMVPMAAFGQKVCJ-UHFFFAOYSA-N"", ""NEHNMFOYXAPHSD-UHFFFAOYSA-N"", ""GJWSUKYXUMVMGX-UHFFFAOYSA-N""]","[""FR-BBD3-PARENT-c1013__e00001"", ""FR-BBD3-PARENT-c1013__e00006""]","[1.0, 1.0]","[""multi_generation_edge_probability"", ""multi_generation_edge_probability""]",1.0,path_probability_product,simple_acyclic_path,frontier_empty,True,False,False,False,False,False,False,False
FR-BBD3-PARENT-c1013,scope_a_old83_compatible,Citronellol,other_eawag_bbd_xenobiotic,envipath_prediction,envipath_bbd_rules_multistep,False,FR-BBD3-PARENT-c1013__sp10,10,2,"[""FR-BBD3-PARENT-c1013__n00000"", ""FR-BBD3-PARENT-c1013__n00001"", ""FR-BBD3-PARENT-c1013__n00011""]","[""CC(C)=CCCC(C)CCO"", ""CC(C)=CCCC(C)CC=O"", ""CC(C)CCCC(C)CC=O""]","[""QMVPMAAFGQKVCJ-UHFFFAOYSA-N"", ""NEHNMFOYXAPHSD-UHFFFAOYSA-N"", ""UCSIFMPORANABL-UHFFFAOYSA-N""]","[""FR-BBD3-PARENT-c1013__e00001"", ""FR-BBD3-PARENT-c1013__e00011""]","[1.0, 1.0]","[""multi_generation_edge_probability"", ""multi_generation_edge_probability""]",1.0,path_probability_product,simple_acyclic_path,frontier_empty,True,False,False,False,False,False,False,False
FR-BBD3-PARENT-c1019,scope_a_old83_compatible,2-Mercaptobenzothiazole,other_eawag_bbd_xenobiotic,envipath_prediction,envipath_bbd_rules_multistep,False,FR-BBD3-PARENT-c1019__sp01,1,2,"[""FR-BBD3-PARENT-c1019__n00000"", ""FR-BBD3-PARENT-c1019__n00001"", ""FR-BBD3-PARENT-c1019__n00002""]","[""Sc1nc2ccccc2s1"", ""O=S(O)c1nc2ccccc2s1"", ""c1ccc2scnc2c1""]","[""YXIWHUQXZSMYRE-UHFFFAOYSA-N"", ""RZUZUEOXSOLCSD-UHFFFAOYSA-N"", ""IOJUPLGTWVMSFF-UHFFFAOYSA-N""]","[""FR-BBD3-PARENT-c1019__e00001"", ""FR-BBD3-PARENT-c1019__e00002""]","[1.0, 1.0]","[""multi_generation_edge_probability"", ""multi_generation_edge_probability""]",1.0,path_probability_product,simple_acyclic_path,frontier_empty,True,False,False,False,False,False,False,False
FR-BBD3-PARENT-c1019,scope_a_old83_compatible,2-Mercaptobenzothiazole,other_eawag_bbd_xenobiotic,envipath_prediction,envipath_bbd_rules_multistep,False,FR-BBD3-PARENT-c1019__sp02,2,2,"[""FR-BBD3-PARENT-c1019__n00000"", ""FR-BBD3-PARENT-c1019__n00001"", ""FR-BBD3-PARENT-c1019__n00003""]","[""Sc1nc2ccccc2s1"", ""O=S(O)c1nc2ccccc2s1"", ""O=S(=O)(O)c1nc2ccccc2s1""]","[""YXIWHUQXZSMYRE-UHFFFAOYSA-N"", ""RZUZUEOXSOLCSD-UHFFFAOYSA-N"", ""ZCXGMSGCBDSEOY-UHFFFAOYSA-N""]","[""FR-BBD3-PARENT-c1019__e00001"", ""FR-BBD3-PARENT-c1019__e00003""]","[1.0, 1.0]","[""multi_generation_edge_probability"", ""multi_generation_edge_probability""]",1.0,path_probability_product,simple_acyclic_path,frontier_empty,True,False,False,False,False,False,False,False
FR-BBD3-PARENT-c1039,scope_a_old83_compatible,4-Fluorobenzoate,halogenated_compound,envipath_prediction,envipath_bbd_rules_multistep,False,FR-BBD3-PARENT-c1039__sp01,1,4,"[""FR-BBD3-PARENT-c1039__n00000"", ""FR-BBD3-PARENT-c1039__n00001"", ""FR-BBD3-PARENT-c1039__n00008"", ""FR-BBD3-PARENT-c1039__n00015"", ""FR-BBD3-PARENT-c1039__n00023""]","[""O=C([O-])c1ccc(F)cc1"", ""Oc1ccc(F)cc1O"", ""Oc1cc(O)c(F)cc1O"", ""O=C(O)C(=O)CC(O)=CF"", ""O=C(O)C(=O)C(O)C(O)=CF""]","[""BBYDXOIZLAWGSL-UHFFFAOYSA-M"", ""NFWGQJUHSAGJBE-UHFFFAOYSA-N"", ""YMDPSPBJTFOMRB-UHFFFAOYSA-N"", ""KWGWSMPFEDLBJE-UHFFFAOYSA-N"", ""MDWCKJLGPRPZGC-UHFFFAOYSA-N""]","[""FR-BBD3-PARENT-c1039__e00001"", ""FR-BBD3-PARENT-c1039__e00008"", ""FR-BBD3-PARENT-c1039__e00016"", ""FR-BBD3-PARENT-c1039__e00024""]","[1.0, 1.0, 1.0, 1.0]","[""multi_generation_edge_probability"", ""multi_generation_edge_probability"", ""multi_generation_edge_probability"", ""multi_generation_edge_probability""]",1.0,path_probability_product,simple_acyclic_path,frontier_empty,True,False,False,False,False,False,False,False
FR-BBD3-PARENT-c1039,scope_a_old83_compatible,4-Fluorobenzoate,halogenated_compound,envipath_prediction,envipath_bbd_rules_multistep,False,FR-BBD3-PARENT-c1039__sp02,2,4,"[""FR-BBD3-PARENT-c1039__n00000"", ""FR-BBD3-PARENT-c1039__n00001"", ""FR-BBD3-PARENT-c1039__n00008"", ""FR-BBD3-PARENT-c1039__n00015"", ""FR-BBD3-PARENT-c1039__n00026""]","[""O=C([O-])c1ccc(F)cc1"", ""Oc1ccc(F)cc1O"", ""Oc1cc(O)c(F)cc1O"", ""O=C(O)C(=O)CC(O)=CF"", ""O=C(CF)CC(=O)C(=O)O""]","[""BBYDXOIZLAWGSL-UHFFFAOYSA-M"", ""NFWGQJUHSAGJBE-UHFFFAOYSA-N"", ""YMDPSPBJTFOMRB-UHFFFAOYSA-N"", ""KWGWSMPFEDLBJE-UHFFFAOYSA-N"", ""BJAVXULVASGFDY-UHFFFAOYSA-N""]","[""FR-BBD3-PARENT-c1039__e00001"", ""FR-BBD3-PARENT-c1039__e00008"", ""FR-BBD3-PARENT-c1039__e00016"", ""FR-BBD3-PARENT-c1039__e00027""]","[1.0, 1.0, 1.0, 1.0]","[""multi_generation_edge_probability"", ""multi_generation_edge_probability"", ""multi_generation_edge_probability"", ""multi_generation_edge_probability""]",1.0,path_probability_product,simple_acyclic_path,frontier_empty,True,False,False,False,False,False,False,False
FR-BBD3-PARENT-c1039,scope_a_old83_compatible,4-Fluorobenzoate,halogenated_compound,envipath_prediction,envipath_bbd_rules_multistep,False,FR-BBD3-PARENT-c1039__sp03,3,4,"[""FR-BBD3-PARENT-c1039__n00000"", ""FR-BBD3-PARENT-c1039__n00001"", ""FR-BBD3-PARENT-c1039__n00008"", ""FR-BBD3-PARENT-c1039__n00015"", ""FR-BBD3-PARENT-c1039__n00013""]","[""O=C([O-])c1ccc(F)cc1"", ""Oc1ccc(F)cc1O"", ""Oc1cc(O)c(F)cc1O"", ""O=C(O)C(=O)CC(O)=CF"", ""O=C(O)C(=O)CC(O)CF""]","[""BBYDXOIZLAWGSL-UHFFFAOYSA-M"", ""NFWGQJUHSAGJBE-UHFFFAOYSA-N"", ""YMDPSPBJTFOMRB-UHFFFAOYSA-N"", ""KWGWSMPFEDLBJE-UHFFFAOYSA-N"", ""VTOVMRWJWPGDNS-UHFFFAOYSA-N""]","[""FR-BBD3-PARENT-c1039__e00001"", ""FR-BBD3-PARENT-c1039__e00008"", ""FR-BBD3-PARENT-c1039__e00016"", ""FR-BBD3-PARENT-c1039__e00030""]","[1.0, 1.0, 1.0, 1.0]","[""multi_generation_edge_probability"", ""multi_generation_edge_probability"", ""multi_generation_edge_probability"", ""multi_generation_edge_probability""]",1.0,path_probability_product,simple_acyclic_path,frontier_empty,True,False,False,False,False,False,False,False
FR-BBD3-PARENT-c1039,scope_a_old83_compatible,4-Fluorobenzoate,halogenated_compound,envipath_prediction,envipath_bbd_rules_multistep,False,FR-BBD3-PARENT-c1039__sp04,4,4,"[""FR-BBD3-PARENT-c1039__n00000"", ""FR-BBD3-PARENT-c1039__n00002"", ""FR-BBD3-PARENT-c1039__n00005"", ""FR-BBD3-PARENT-c1039__n00010"", ""FR-BBD3-PARENT-c1039__n00022""]","[""O=C([O-])c1ccc(F)cc1"", ""Fc1ccccc1"", ""Oc1cccc(F)c1O"", ""C=CC(F)C(=O)C(=O)O"", ""CC(O)C(F)C(=O)C(=O)O""]","[""BBYDXOIZLAWGSL-UHFFFAOYSA-M"", ""PYLWMHQQBFSUBP-UHFFFAOYSA-N"", ""DXOSJQLIRGXWCF-UHFFFAOYSA-N"", ""TZZRARURUPDWGT-UHFFFAOYSA-N"", ""VFABCDOTUYGZMT-UHFFFAOYSA-N""]","[""FR-BBD3-PARENT-c1039__e00002"", ""FR-BBD3-PARENT-c1039__e00005"", ""FR-BBD3-PARENT-c1039__e00010"", ""FR-BBD3-PARENT-c1039__e00023""]","[1.0, 1.0, 1.0, 1.0]","[""multi_generation_edge_probability"", ""multi_generation_edge_probability"", ""multi_generation_edge_probability"", ""multi_generation_edge_probability""]",1.0,path_probability_product,simple_acyclic_path,frontier_empty,True,False,False,False,False,False,False,False
FR-BBD3-PARENT-c1039,scope_a_old83_compatible,4-Fluorobenzoate,halogenated_compound,envipath_prediction,envipath_bbd_rules_multistep,False,FR-BBD3-PARENT-c1039__sp05,5,4,"[""FR-BBD3-PARENT-c1039__n00000"", ""FR-BBD3-PARENT-c1039__n00002"", ""FR-BBD3-PARENT-c1039__n00005"", ""FR-BBD3-PARENT-c1039__n00010"", ""FR-BBD3-PARENT-c1039__n00025""]","[""O=C([O-])c1ccc(F)cc1"", ""Fc1ccccc1"", ""Oc1cccc(F)c1O"", ""C=CC(F)C(=O)C(=O)O"", ""CCC(F)C(=O)C(=O)O""]","[""BBYDXOIZLAWGSL-UHFFFAOYSA-M"", ""PYLWMHQQBFSUBP-UHFFFAOYSA-N"", ""DXOSJQLIRGXWCF-UHFFFAOYSA-N"", ""TZZRARURUPDWGT-UHFFFAOYSA-N"", ""SFENMAWDQWVDEW-UHFFFAOYSA-N""]","[""FR-BBD3-PARENT-c1039__e00002"", ""FR-BBD3-PARENT-c1039__e00005"", ""FR-BBD3-PARENT-c1039__e00010"", ""FR-BBD3-PARENT-c1039__e00026""]","[1.0, 1.0, 1.0, 1.0]","[""multi_generation_edge_probability"", ""multi_generation_edge_probability"", ""multi_generation_edge_probability"", ""multi_generation_edge_probability""]",1.0,path_probability_product,simple_acyclic_path,frontier_empty,True,False,False,False,False,False,False,False
FR-BBD3-PARENT-c1039,scope_a_old83_compatible,4-Fluorobenzoate,halogenated_compound,envipath_prediction,envipath_bbd_rules_multistep,False,FR-BBD3-PARENT-c1039__sp06,6,4,"[""FR-BBD3-PARENT-c1039__n00000"", ""FR-BBD3-PARENT-c1039__n00002"", ""FR-BBD3-PARENT-c1039__n00005"", ""FR-BBD3-PARENT-c1039__n00010"", ""FR-BBD3-PARENT-c1039__n00028""]","[""O=C([O-])c1ccc(F)cc1"", ""Fc1ccccc1"", ""Oc1cccc(F)c1O"", ""C=CC(F)C(=O)C(=O)O"", ""O=C(O)C(=O)C(F)C1CO1""]","[""BBYDXOIZLAWGSL-UHFFFAOYSA-M"", ""PYLWMHQQBFSUBP-UHFFFAOYSA-N"", ""DXOSJQLIRGXWCF-UHFFFAOYSA-N"", ""TZZRARURUPDWGT-UHFFFAOYSA-N"", ""YDQQBBWBIGDCRW-UHFFFAOYSA-N""]","[""FR-BBD3-PARENT-c1039__e00002"", ""FR-BBD3-PARENT-c1039__e00005"", ""FR-BBD3-PARENT-c1039__e00010"", ""FR-BBD3-PARENT-c1039__e00029""]","[1.0, 1.0, 1.0, 1.0]","[""multi_generation_edge_probability"", ""multi_generation_edge_probability"", ""multi_generation_edge_probability"", ""multi_generation_edge_probability""]",1.0,path_probability_product,simple_acyclic_path,frontier_empty,True,False,False,False,False,False,False,False
FR-BBD3-PARENT-c1039,scope_a_old83_compatible,4-Fluorobenzoate,halogenated_compound,envipath_prediction,envipath_bbd_rules_multistep,False,FR-BBD3-PARENT-c1039__sp07,7,4,"[""FR-BBD3-PARENT-c1039__n00000"", ""FR-BBD3-PARENT-c1039__n00002"", ""FR-BBD3-PARENT-c1039__n00005"", ""FR-BBD3-PARENT-c1039__n00017"", ""FR-BBD3-PARENT-c1039__n00024""]","[""O=C([O-])c1ccc(F)cc1"", ""Fc1ccccc1"", ""Oc1cccc(F)c1O"", ""Oc1ccc(O)c(F)c1O"", ""Oc1cc(O)c(O)c(F)c1O""]","[""BBYDXOIZLAWGSL-UHFFFAOYSA-M"", ""PYLWMHQQBFSUBP-UHFFFAOYSA-N"", ""DXOSJQLIRGXWCF-UHFFFAOYSA-N"", ""DWWOSNZJDVYSFF-UHFFFAOYSA-N"", ""NNXAKZXNFYGGDQ-UHFFFAOYSA-N""]","[""FR-BBD3-PARENT-c1039__e00002"", ""FR-BBD3-PARENT-c1039__e00005"", ""FR-BBD3-PARENT-c1039__e00018"", ""FR-BBD3-PARENT-c1039__e00025""]","[1.0, 1.0, 1.0, 1.0]","[""multi_generation_edge_probability"", ""multi_generation_edge_probability"", ""multi_generation_edge_probability"", ""multi_generation_edge_probability""]",1.0,path_probability_product,simple_acyclic_path,frontier_empty,True,False,False,False,False,False,False,False
FR-BBD3-PARENT-c1039,scope_a_old83_compatible,4-Fluorobenzoate,halogenated_compound,envipath_prediction,envipath_bbd_rules_multistep,False,FR-BBD3-PARENT-c1039__sp08,8,4,"[""FR-BBD3-PARENT-c1039__n00000"", ""FR-BBD3-PARENT-c1039__n00002"", ""FR-BBD3-PARENT-c1039__n00005"", ""FR-BBD3-PARENT-c1039__n00017"", ""FR-BBD3-PARENT-c1039__n00027""]","[""O=C([O-])c1ccc(F)cc1"", ""Fc1ccccc1"", ""Oc1cccc(F)c1O"", ""Oc1ccc(O)c(F)c1O"", ""C=C(O)C(F)C(=O)C(=O)O""]","[""BBYDXOIZLAWGSL-UHFFFAOYSA-M"", ""PYLWMHQQBFSUBP-UHFFFAOYSA-N"", ""DXOSJQLIRGXWCF-UHFFFAOYSA-N"", ""DWWOSNZJDVYSFF-UHFFFAOYSA-N"", ""NLBVIDPDIDJJPG-UHFFFAOYSA-N""]","[""FR-BBD3-PARENT-c1039__e00002"", ""FR-BBD3-PARENT-c1039__e00005"", ""FR-BBD3-PARENT-c1039__e00018"", ""FR-BBD3-PARENT-c1039__e00028""]","[1.0, 1.0, 1.0, 1.0]","[""multi_generation_edge_probability"", ""multi_generation_edge_probability"", ""multi_generation_edge_probability"", ""multi_generation_edge_probability""]",1.0,path_probability_product,simple_acyclic_path,frontier_empty,True,False,False,False,False,False,False,False
FR-BBD3-PARENT-c1039,scope_a_old83_compatible,4-Fluorobenzoate,halogenated_compound,envipath_prediction,envipath_bbd_rules_multistep,False,FR-BBD3-PARENT-c1039__sp09,9,4,"[""FR-BBD3-PARENT-c1039__n00000"", ""FR-BBD3-PARENT-c1039__n00002"", ""FR-BBD3-PARENT-c1039__n00005"", ""FR-BBD3-PARENT-c1039__n00017"", ""FR-BBD3-PARENT-c1039__n00007""]","[""O=C([O-])c1ccc(F)cc1"", ""Fc1ccccc1"", ""Oc1cccc(F)c1O"", ""Oc1ccc(O)c(F)c1O"", ""O=CO""]","[""BBYDXOIZLAWGSL-UHFFFAOYSA-M"", ""PYLWMHQQBFSUBP-UHFFFAOYSA-N"", ""DXOSJQLIRGXWCF-UHFFFAOYSA-N"", ""DWWOSNZJDVYSFF-UHFFFAOYSA-N"", ""BDAGIHXWWSANSR-UHFFFAOYSA-N""]","[""FR-BBD3-PARENT-c1039__e00002"", ""FR-BBD3-PARENT-c1039__e00005"", ""FR-BBD3-PARENT-c1039__e00018"", ""FR-BBD3-PARENT-c1039__e00031""]","[1.0, 1.0, 1.0, 1.0]","[""multi_generation_edge_probability"", ""multi_generation_edge_probability"", ""multi_generation_edge_probability"", ""multi_generation_edge_probability""]",1.0,path_probability_product,simple_acyclic_path,frontier_empty,True,False,False,False,False,False,False,False
FR-BBD3-PARENT-c1039,scope_a_old83_compatible,4-Fluorobenzoate,halogenated_compound,envipath_prediction,envipath_bbd_rules_multistep,False,FR-BBD3-PARENT-c1039__sp10,10,3,"[""FR-BBD3-PARENT-c1039__n00000"", ""FR-BBD3-PARENT-c1039__n00001"", ""FR-BBD3-PARENT-c1039__n00006"", ""FR-BBD3-PARENT-c1039__n00011""]","[""O=C([O-])c1ccc(F)cc1"", ""Oc1ccc(F)cc1O"", ""C=C(F)CC(=O)C(=O)O"", ""CC(O)(F)CC(=O)C(=O)O""]","[""BBYDXOIZLAWGSL-UHFFFAOYSA-M"", ""NFWGQJUHSAGJBE-UHFFFAOYSA-N"", ""DYSVYVMKAUFLQQ-UHFFFAOYSA-N"", ""FLALBZGNFSVVCL-UHFFFAOYSA-N""]","[""FR-BBD3-PARENT-c1039__e00001"", ""FR-BBD3-PARENT-c1039__e00006"", ""FR-BBD3-PARENT-c1039__e00011""]","[1.0, 1.0, 1.0]","[""multi_generation_edge_probability"", ""multi_generation_edge_probability"", ""multi_generation_edge_probability""]",1.0,path_probability_product,simple_acyclic_path,frontier_empty,True,False,False,False,False,False,False,False
FR-BBD3-PARENT-c1043,scope_a_old83_compatible,Geraniol,other_eawag_bbd_xenobiotic,envipath_prediction,envipath_bbd_rules_multistep,False,FR-BBD3-PARENT-c1043__sp01,1,6,"[""FR-BBD3-PARENT-c1043__n00000"", ""FR-BBD3-PARENT-c1043__n00002"", ""FR-BBD3-PARENT-c1043__n00008"", ""FR-BBD3-PARENT-c1043__n00027"", ""FR-BBD3-PARENT-c1043__n00040"", ""FR-BBD3-PARENT-c1043__n00044"", ""FR-BBD3-PARENT-c1043__n00056""]","[""CC(C)=CCC/C(C)=C/CO"", ""CC(=CCO)CCCC(C)C"", ""CC(C)CCCC(C)CCO"", ""CC(C)CCCC(C)(O)CCO"", ""CC(C)(O)CCCC(C)(O)CCO"", ""CC(C)(O)CCCC(C)(O)CC=O"", ""CC(C)(O)CCCC(C)(O)C(O)C=O""]","[""GLZPCOQZEFWAFX-JXMROGBWSA-N"", ""JNAWJUOCXKIHHG-UHFFFAOYSA-N"", ""PRNCMAKCNVRZFX-UHFFFAOYSA-N"", ""LTCZAAUBVPCAHG-UHFFFAOYSA-N"", ""LXOFVLHCIMSTNG-UHFFFAOYSA-N"", ""WFCQIKIIGMTLEE-UHFFFAOYSA-N"", ""NZKMELREQGJIHD-UHFFFAOYSA-N""]","[""FR-BBD3-PARENT-c1043__e00002"", ""FR-BBD3-PARENT-c1043__e00008"", ""FR-BBD3-PARENT-c1043__e00027"", ""FR-BBD3-PARENT-c1043__e00040"", ""FR-BBD3-PARENT-c1043__e00044"", ""FR-BBD3-PARENT-c1043__e00056""]","[1.0, 1.0, 1.0, 1.0, 1.0, 1.0]","[""multi_generation_edge_probability"", ""multi_generation_edge_probability"", ""multi_generation_edge_probability"", ""multi_generation_edge_probability"", ""multi_generation_edge_probability"", ""multi_generation_edge_probability""]",1.0,path_probability_product,simple_acyclic_path,max_depth_reached,True,False,False,False,False,False,False,False
FR-BBD3-PARENT-c1043,scope_a_old83_compatible,Geraniol,other_eawag_bbd_xenobiotic,envipath_prediction,envipath_bbd_rules_multistep,False,FR-BBD3-PARENT-c1043__sp02,2,6,"[""FR-BBD3-PARENT-c1043__n00000"", ""FR-BBD3-PARENT-c1043__n00002"", ""FR-BBD3-PARENT-c1043__n00008"", ""FR-BBD3-PARENT-c1043__n00027"", ""FR-BBD3-PARENT-c1043__n00040"", ""FR-BBD3-PARENT-c1043__n00044"", ""FR-BBD3-PARENT-c1043__n00065""]","[""CC(C)=CCC/C(C)=C/CO"", ""CC(=CCO)CCCC(C)C"", ""CC(C)CCCC(C)CCO"", ""CC(C)CCCC(C)(O)CCO"", ""CC(C)(O)CCCC(C)(O)CCO"", ""CC(C)(O)CCCC(C)(O)CC=O"", ""CC(O)(CO)CCCC(C)(O)CC=O""]","[""GLZPCOQZEFWAFX-JXMROGBWSA-N"", ""JNAWJUOCXKIHHG-UHFFFAOYSA-N"", ""PRNCMAKCNVRZFX-UHFFFAOYSA-N"", ""LTCZAAUBVPCAHG-UHFFFAOYSA-N"", ""LXOFVLHCIMSTNG-UHFFFAOYSA-N"", ""WFCQIKIIGMTLEE-UHFFFAOYSA-N"", ""XVUNEIACQJLIBN-UHFFFAOYSA-N""]","[""FR-BBD3-PARENT-c1043__e00002"", ""FR-BBD3-PARENT-c1043__e00008"", ""FR-BBD3-PARENT-c1043__e00027"", ""FR-BBD3-PARENT-c1043__e00040"", ""FR-BBD3-PARENT-c1043__e00044"", ""FR-BBD3-PARENT-c1043__e00065""]","[1.0, 1.0, 1.0, 1.0, 1.0, 1.0]","[""multi_generation_edge_probability"", ""multi_generation_edge_probability"", ""multi_generation_edge_probability"", ""multi_generation_edge_probability"", ""multi_generation_edge_probability"", ""multi_generation_edge_probability""]",1.0,path_probability_product,simple_acyclic_path,max_depth_reached,True,False,False,False,False,False,False,False
FR-BBD3-PARENT-c1043,scope_a_old83_compatible,Geraniol,other_eawag_bbd_xenobiotic,envipath_prediction,envipath_bbd_rules_multistep,False,FR-BBD3-PARENT-c1043__sp03,3,6,"[""FR-BBD3-PARENT-c1043__n00000"", ""FR-BBD3-PARENT-c1043__n00002"", ""FR-BBD3-PARENT-c1043__n00008"", ""FR-BBD3-PARENT-c1043__n00027"", ""FR-BBD3-PARENT-c1043__n00040"", ""FR-BBD3-PARENT-c1043__n00044"", ""FR-BBD3-PARENT-c1043__n00072""]","[""CC(C)=CCC/C(C)=C/CO"", ""CC(=CCO)CCCC(C)C"", ""CC(C)CCCC(C)CCO"", ""CC(C)CCCC(C)(O)CCO"", ""CC(C)(O)CCCC(C)(O)CCO"", ""CC(C)(O)CCCC(C)(O)CC=O"", ""CC(O)(CC=O)CCC(O)C(C)(C)O""]","[""GLZPCOQZEFWAFX-JXMROGBWSA-N"", ""JNAWJUOCXKIHHG-UHFFFAOYSA-N"", ""PRNCMAKCNVRZFX-UHFFFAOYSA-N"", ""LTCZAAUBVPCAHG-UHFFFAOYSA-N"", ""LXOFVLHCIMSTNG-UHFFFAOYSA-N"", ""WFCQIKIIGMTLEE-UHFFFAOYSA-N"", ""POKJIMFNCJZREK-UHFFFAOYSA-N""]","[""FR-BBD3-PARENT-c1043__e00002"", ""FR-BBD3-PARENT-c1043__e00008"", ""FR-BBD3-PARENT-c1043__e00027"", ""FR-BBD3-PARENT-c1043__e00040"", ""FR-BBD3-PARENT-c1043__e00044"", ""FR-BBD3-PARENT-c1043__e00072""]","[1.0, 1.0, 1.0, 1.0, 1.0, 1.0]","[""multi_generation_edge_probability"", ""multi_generation_edge_probability"", ""multi_generation_edge_probability"", ""multi_generation_edge_probability"", ""multi_generation_edge_probability"", ""multi_generation_edge_probability""]",1.0,path_probability_product,simple_acyclic_path,max_depth_reached,True,False,False,False,False,False,False,False
FR-BBD3-PARENT-c1043,scope_a_old83_compatible,Geraniol,other_eawag_bbd_xenobiotic,envipath_prediction,envipath_bbd_rules_multistep,False,FR-BBD3-PARENT-c1043__sp04,4,6,"[""FR-BBD3-PARENT-c1043__n00000"", ""FR-BBD3-PARENT-c1043__n00002"", ""FR-BBD3-PARENT-c1043__n00008"", ""FR-BBD3-PARENT-c1043__n00027"", ""FR-BBD3-PARENT-c1043__n00040"", ""FR-BBD3-PARENT-c1043__n00044"", ""FR-BBD3-PARENT-c1043__n00081""]","[""CC(C)=CCC/C(C)=C/CO"", ""CC(=CCO)CCCC(C)C"", ""CC(C)CCCC(C)CCO"", ""CC(C)CCCC(C)(O)CCO"", ""CC(C)(O)CCCC(C)(O)CCO"", ""CC(C)(O)CCCC(C)(O)CC=O"", ""CC(C)(O)CCCC(C)(O)CC(=O)O""]","[""GLZPCOQZEFWAFX-JXMROGBWSA-N"", ""JNAWJUOCXKIHHG-UHFFFAOYSA-N"", ""PRNCMAKCNVRZFX-UHFFFAOYSA-N"", ""LTCZAAUBVPCAHG-UHFFFAOYSA-N"", ""LXOFVLHCIMSTNG-UHFFFAOYSA-N"", ""WFCQIKIIGMTLEE-UHFFFAOYSA-N"", ""XEMLQTUQUBRUKS-UHFFFAOYSA-N""]","[""FR-BBD3-PARENT-c1043__e00002"", ""FR-BBD3-PARENT-c1043__e00008"", ""FR-BBD3-PARENT-c1043__e00027"", ""FR-BBD3-PARENT-c1043__e00040"", ""FR-BBD3-PARENT-c1043__e00044"", ""FR-BBD3-PARENT-c1043__e00081""]","[1.0, 1.0, 1.0, 1.0, 1.0, 1.0]","[""multi_generation_edge_probability"", ""multi_generation_edge_probability"", ""multi_generation_edge_probability"", ""multi_generation_edge_probability"", ""multi_generation_edge_probability"", ""multi_generation_edge_probability""]",1.0,path_probability_product,simple_acyclic_path,max_depth_reached,True,False,False,False,False,False,False,False
FR-BBD3-PARENT-c1043,scope_a_old83_compatible,Geraniol,other_eawag_bbd_xenobiotic,envipath_prediction,envipath_bbd_rules_multistep,False,FR-BBD3-PARENT-c1043__sp05,5,6,"[""FR-BBD3-PARENT-c1043__n00000"", ""FR-BBD3-PARENT-c1043__n00002"", ""FR-BBD3-PARENT-c1043__n00008"", ""FR-BBD3-PARENT-c1043__n00027"", ""FR-BBD3-PARENT-c1043__n00040"", ""FR-BBD3-PARENT-c1043__n00050"", ""FR-BBD3-PARENT-c1043__n00063""]","[""CC(C)=CCC/C(C)=C/CO"", ""CC(=CCO)CCCC(C)C"", ""CC(C)CCCC(C)CCO"", ""CC(C)CCCC(C)(O)CCO"", ""CC(C)(O)CCCC(C)(O)CCO"", ""CC(O)(CCO)CCC(O)C(C)(C)O"", ""CC(O)(CCO)CC(O)C(O)C(C)(C)O""]","[""GLZPCOQZEFWAFX-JXMROGBWSA-N"", ""JNAWJUOCXKIHHG-UHFFFAOYSA-N"", ""PRNCMAKCNVRZFX-UHFFFAOYSA-N"", ""LTCZAAUBVPCAHG-UHFFFAOYSA-N"", ""LXOFVLHCIMSTNG-UHFFFAOYSA-N"", ""BDYCWANQFZXLEV-UHFFFAOYSA-N"", ""MRSHAFLEKCUXDE-UHFFFAOYSA-N""]","[""FR-BBD3-PARENT-c1043__e00002"", ""FR-BBD3-PARENT-c1043__e00008"", ""FR-BBD3-PARENT-c1043__e00027"", ""FR-BBD3-PARENT-c1043__e00040"", ""FR-BBD3-PARENT-c1043__e00050"", ""FR-BBD3-PARENT-c1043__e00063""]","[1.0, 1.0, 1.0, 1.0, 1.0, 1.0]","[""multi_generation_edge_probability"", ""multi_generation_edge_probability"", ""multi_generation_edge_probability"", ""multi_generation_edge_probability"", ""multi_generation_edge_probability"", ""multi_generation_edge_probability""]",1.0,path_probability_product,simple_acyclic_path,max_depth_reached,True,False,False,False,False,False,False,False
FR-BBD3-PARENT-c1043,scope_a_old83_compatible,Geraniol,other_eawag_bbd_xenobiotic,envipath_prediction,envipath_bbd_rules_multistep,False,FR-BBD3-PARENT-c1043__sp06,6,6,"[""FR-BBD3-PARENT-c1043__n00000"", ""FR-BBD3-PARENT-c1043__n00002"", ""FR-BBD3-PARENT-c1043__n00008"", ""FR-BBD3-PARENT-c1043__n00027"", ""FR-BBD3-PARENT-c1043__n00040"", ""FR-BBD3-PARENT-c1043__n00050"", ""FR-BBD3-PARENT-c1043__n00070""]","[""CC(C)=CCC/C(C)=C/CO"", ""CC(=CCO)CCCC(C)C"", ""CC(C)CCCC(C)CCO"", ""CC(C)CCCC(C)(O)CCO"", ""CC(C)(O)CCCC(C)(O)CCO"", ""CC(O)(CCO)CCC(O)C(C)(C)O"", ""CC(O)(CCO)CCC(=O)C(C)(C)O""]","[""GLZPCOQZEFWAFX-JXMROGBWSA-N"", ""JNAWJUOCXKIHHG-UHFFFAOYSA-N"", ""PRNCMAKCNVRZFX-UHFFFAOYSA-N"", ""LTCZAAUBVPCAHG-UHFFFAOYSA-N"", ""LXOFVLHCIMSTNG-UHFFFAOYSA-N"", ""BDYCWANQFZXLEV-UHFFFAOYSA-N"", ""GPGGDBFOFOPISB-UHFFFAOYSA-N""]","[""FR-BBD3-PARENT-c1043__e00002"", ""FR-BBD3-PARENT-c1043__e00008"", ""FR-BBD3-PARENT-c1043__e00027"", ""FR-BBD3-PARENT-c1043__e00040"", ""FR-BBD3-PARENT-c1043__e00050"", ""FR-BBD3-PARENT-c1043__e00070""]","[1.0, 1.0, 1.0, 1.0, 1.0, 1.0]","[""multi_generation_edge_probability"", ""multi_generation_edge_probability"", ""multi_generation_edge_probability"", ""multi_generation_edge_probability"", ""multi_generation_edge_probability"", ""multi_generation_edge_probability""]",1.0,path_probability_product,simple_acyclic_path,max_depth_reached,True,False,False,False,False,False,False,False
FR-BBD3-PARENT-c1043,scope_a_old83_compatible,Geraniol,other_eawag_bbd_xenobiotic,envipath_prediction,envipath_bbd_rules_multistep,False,FR-BBD3-PARENT-c1043__sp07,7,6,"[""FR-BBD3-PARENT-c1043__n00000"", ""FR-BBD3-PARENT-c1043__n00002"", ""FR-BBD3-PARENT-c1043__n00008"", ""FR-BBD3-PARENT-c1043__n00027"", ""FR-BBD3-PARENT-c1043__n00040"", ""FR-BBD3-PARENT-c1043__n00053"", ""FR-BBD3-PARENT-c1043__n00064""]","[""CC(C)=CCC/C(C)=C/CO"", ""CC(=CCO)CCCC(C)C"", ""CC(C)CCCC(C)CCO"", ""CC(C)CCCC(C)(O)CCO"", ""CC(C)(O)CCCC(C)(O)CCO"", ""CC(C)(O)CCCC(C)(O)C(O)CO"", ""CC(C)(O)C(O)CCC(C)(O)C(O)CO""]","[""GLZPCOQZEFWAFX-JXMROGBWSA-N"", ""JNAWJUOCXKIHHG-UHFFFAOYSA-N"", ""PRNCMAKCNVRZFX-UHFFFAOYSA-N"", ""LTCZAAUBVPCAHG-UHFFFAOYSA-N"", ""LXOFVLHCIMSTNG-UHFFFAOYSA-N"", ""UWRGONHVPULUGX-UHFFFAOYSA-N"", ""NMCNZWQWMDVRMJ-UHFFFAOYSA-N""]","[""FR-BBD3-PARENT-c1043__e00002"", ""FR-BBD3-PARENT-c1043__e00008"", ""FR-BBD3-PARENT-c1043__e00027"", ""FR-BBD3-PARENT-c1043__e00040"", ""FR-BBD3-PARENT-c1043__e00053"", ""FR-BBD3-PARENT-c1043__e00064""]","[1.0, 1.0, 1.0, 1.0, 1.0, 1.0]","[""multi_generation_edge_probability"", ""multi_generation_edge_probability"", ""multi_generation_edge_probability"", ""multi_generation_edge_probability"", ""multi_generation_edge_probability"", ""multi_generation_edge_probability""]",1.0,path_probability_product,simple_acyclic_path,max_depth_reached,True,False,False,False,False,False,False,False
FR-BBD3-PARENT-c1043,scope_a_old83_compatible,Geraniol,other_eawag_bbd_xenobiotic,envipath_prediction,envipath_bbd_rules_multistep,False,FR-BBD3-PARENT-c1043__sp08,8,6,"[""FR-BBD3-PARENT-c1043__n00000"", ""FR-BBD3-PARENT-c1043__n00002"", ""FR-BBD3-PARENT-c1043__n00008"", ""FR-BBD3-PARENT-c1043__n00027"", ""FR-BBD3-PARENT-c1043__n00041"", ""FR-BBD3-PARENT-c1043__n00046"", ""FR-BBD3-PARENT-c1043__n00059""]","[""CC(C)=CCC/C(C)=C/CO"", ""CC(=CCO)CCCC(C)C"", ""CC(C)CCCC(C)CCO"", ""CC(C)CCCC(C)(O)CCO"", ""CC(C)CCCC(C)(O)CC=O"", ""CC(C)CCCC(C)(O)CC(=O)O"", ""CC(CO)CCCC(C)(O)CC(=O)O""]","[""GLZPCOQZEFWAFX-JXMROGBWSA-N"", ""JNAWJUOCXKIHHG-UHFFFAOYSA-N"", ""PRNCMAKCNVRZFX-UHFFFAOYSA-N"", ""LTCZAAUBVPCAHG-UHFFFAOYSA-N"", ""ZDMHSXYVVJNGQT-UHFFFAOYSA-N"", ""SYFNHUXHPYZAEZ-UHFFFAOYSA-N"", ""HDNSFKWHJCFAPW-UHFFFAOYSA-N""]","[""FR-BBD3-PARENT-c1043__e00002"", ""FR-BBD3-PARENT-c1043__e00008"", ""FR-BBD3-PARENT-c1043__e00027"", ""FR-BBD3-PARENT-c1043__e00041"", ""FR-BBD3-PARENT-c1043__e00046"", ""FR-BBD3-PARENT-c1043__e00059""]","[1.0, 1.0, 1.0, 1.0, 1.0, 1.0]","[""multi_generation_edge_probability"", ""multi_generation_edge_probability"", ""multi_generation_edge_probability"", ""multi_generation_edge_probability"", ""multi_generation_edge_probability"", ""multi_generation_edge_probability""]",1.0,path_probability_product,simple_acyclic_path,max_depth_reached,True,False,False,False,False,False,False,False
FR-BBD3-PARENT-c1043,scope_a_old83_compatible,Geraniol,other_eawag_bbd_xenobiotic,envipath_prediction,envipath_bbd_rules_multistep,False,FR-BBD3-PARENT-c1043__sp09,9,6,"[""FR-BBD3-PARENT-c1043__n00000"", ""FR-BBD3-PARENT-c1043__n00002"", ""FR-BBD3-PARENT-c1043__n00008"", ""FR-BBD3-PARENT-c1043__n00027"", ""FR-BBD3-PARENT-c1043__n00041"", ""FR-BBD3-PARENT-c1043__n00046"", ""FR-BBD3-PARENT-c1043__n00068""]","[""CC(C)=CCC/C(C)=C/CO"", ""CC(=CCO)CCCC(C)C"", ""CC(C)CCCC(C)CCO"", ""CC(C)CCCC(C)(O)CCO"", ""CC(C)CCCC(C)(O)CC=O"", ""CC(C)CCCC(C)(O)CC(=O)O"", ""CC(C)CCC(O)C(C)(O)CC(=O)O""]","[""GLZPCOQZEFWAFX-JXMROGBWSA-N"", ""JNAWJUOCXKIHHG-UHFFFAOYSA-N"", ""PRNCMAKCNVRZFX-UHFFFAOYSA-N"", ""LTCZAAUBVPCAHG-UHFFFAOYSA-N"", ""ZDMHSXYVVJNGQT-UHFFFAOYSA-N"", ""SYFNHUXHPYZAEZ-UHFFFAOYSA-N"", ""YQWWSBWTCBSQGJ-UHFFFAOYSA-N""]","[""FR-BBD3-PARENT-c1043__e00002"", ""FR-BBD3-PARENT-c1043__e00008"", ""FR-BBD3-PARENT-c1043__e00027"", ""FR-BBD3-PARENT-c1043__e00041"", ""FR-BBD3-PARENT-c1043__e00046"", ""FR-BBD3-PARENT-c1043__e00068""]","[1.0, 1.0, 1.0, 1.0, 1.0, 1.0]","[""multi_generation_edge_probability"", ""multi_generation_edge_probability"", ""multi_generation_edge_probability"", ""multi_generation_edge_probability"", ""multi_generation_edge_probability"", ""multi_generation_edge_probability""]",1.0,path_probability_product,simple_acyclic_path,max_depth_reached,True,False,False,False,False,False,False,False
FR-BBD3-PARENT-c1043,scope_a_old83_compatible,Geraniol,other_eawag_bbd_xenobiotic,envipath_prediction,envipath_bbd_rules_multistep,False,FR-BBD3-PARENT-c1043__sp10,10,6,"[""FR-BBD3-PARENT-c1043__n00000"", ""FR-BBD3-PARENT-c1043__n00002"", ""FR-BBD3-PARENT-c1043__n00008"", ""FR-BBD3-PARENT-c1043__n00027"", ""FR-BBD3-PARENT-c1043__n00041"", ""FR-BBD3-PARENT-c1043__n00046"", ""FR-BBD3-PARENT-c1043__n00074""]","[""CC(C)=CCC/C(C)=C/CO"", ""CC(=CCO)CCCC(C)C"", ""CC(C)CCCC(C)CCO"", ""CC(C)CCCC(C)(O)CCO"", ""CC(C)CCCC(C)(O)CC=O"", ""CC(C)CCCC(C)(O)CC(=O)O"", ""CC(=O)CCCC(C)C""]","[""GLZPCOQZEFWAFX-JXMROGBWSA-N"", ""JNAWJUOCXKIHHG-UHFFFAOYSA-N"", ""PRNCMAKCNVRZFX-UHFFFAOYSA-N"", ""LTCZAAUBVPCAHG-UHFFFAOYSA-N"", ""ZDMHSXYVVJNGQT-UHFFFAOYSA-N"", ""SYFNHUXHPYZAEZ-UHFFFAOYSA-N"", ""DPLGXGDPPMLJHN-UHFFFAOYSA-N""]","[""FR-BBD3-PARENT-c1043__e00002"", ""FR-BBD3-PARENT-c1043__e00008"", ""FR-BBD3-PARENT-c1043__e00027"", ""FR-BBD3-PARENT-c1043__e00041"", ""FR-BBD3-PARENT-c1043__e00046"", ""FR-BBD3-PARENT-c1043__e00074""]","[1.0, 1.0, 1.0, 1.0, 1.0, 1.0]","[""multi_generation_edge_probability"", ""multi_generation_edge_probability"", ""multi_generation_edge_probability"", ""multi_generation_edge_probability"", ""multi_generation_edge_probability"", ""multi_generation_edge_probability""]",1.0,path_probability_product,simple_acyclic_path,max_depth_reached,True,False,False,False,False,False,False,False
FR-BBD3-PARENT-c1066,scope_a_old83_compatible,"(-)-(1 R ,2 S ,5 R )-Menthol",other_eawag_bbd_xenobiotic,envipath_prediction,envipath_bbd_rules_multistep,False,FR-BBD3-PARENT-c1066__sp01,1,2,"[""FR-BBD3-PARENT-c1066__n00000"", ""FR-BBD3-PARENT-c1066__n00002"", ""FR-BBD3-PARENT-c1066__n00009""]","[""CC(C)[C@@H]1CC[C@@H](C)CC1O"", ""CC1CCC(C(C)(C)O)C(O)C1"", ""CC1(O)CCC(C(C)(C)O)C(O)C1""]","[""NOOLISFMXDJSKH-ZDGBYWQASA-N"", ""LMXFTMYMHGYJEI-UHFFFAOYSA-N"", ""JRNAYJOJYCECDH-UHFFFAOYSA-N""]","[""FR-BBD3-PARENT-c1066__e00002"", ""FR-BBD3-PARENT-c1066__e00009""]","[1.0, 1.0]","[""multi_generation_edge_probability"", ""multi_generation_edge_probability""]",1.0,path_probability_product,simple_acyclic_path,frontier_empty,True,False,False,False,False,False,False,False
FR-BBD3-PARENT-c1066,scope_a_old83_compatible,"(-)-(1 R ,2 S ,5 R )-Menthol",other_eawag_bbd_xenobiotic,envipath_prediction,envipath_bbd_rules_multistep,False,FR-BBD3-PARENT-c1066__sp02,2,2,"[""FR-BBD3-PARENT-c1066__n00000"", ""FR-BBD3-PARENT-c1066__n00002"", ""FR-BBD3-PARENT-c1066__n00018""]","[""CC(C)[C@@H]1CC[C@@H](C)CC1O"", ""CC1CCC(C(C)(C)O)C(O)C1"", ""CC1CC(O)C(C(C)(C)O)C(O)C1""]","[""NOOLISFMXDJSKH-ZDGBYWQASA-N"", ""LMXFTMYMHGYJEI-UHFFFAOYSA-N"", ""MKIBSGHGHQEGOF-UHFFFAOYSA-N""]","[""FR-BBD3-PARENT-c1066__e00002"", ""FR-BBD3-PARENT-c1066__e00018""]","[1.0, 1.0]","[""multi_generation_edge_probability"", ""multi_generation_edge_probability""]",1.0,path_probability_product,simple_acyclic_path,frontier_empty,True,False,False,False,False,False,False,False
FR-BBD3-PARENT-c1066,scope_a_old83_compatible,"(-)-(1 R ,2 S ,5 R )-Menthol",other_eawag_bbd_xenobiotic,envipath_prediction,envipath_bbd_rules_multistep,False,FR-BBD3-PARENT-c1066__sp03,3,2,"[""FR-BBD3-PARENT-c1066__n00000"", ""FR-BBD3-PARENT-c1066__n00002"", ""FR-BBD3-PARENT-c1066__n00023""]","[""CC(C)[C@@H]1CC[C@@H](C)CC1O"", ""CC1CCC(C(C)(C)O)C(O)C1"", ""CC(C)(O)C1CCC(CO)CC1O""]","[""NOOLISFMXDJSKH-ZDGBYWQASA-N"", ""LMXFTMYMHGYJEI-UHFFFAOYSA-N"", ""WZABJPOZADRUAU-UHFFFAOYSA-N""]","[""FR-BBD3-PARENT-c1066__e00002"", ""FR-BBD3-PARENT-c1066__e00023""]","[1.0, 1.0]","[""multi_generation_edge_probability"", ""multi_generation_edge_probability""]",1.0,path_probability_product,simple_acyclic_path,frontier_empty,True,False,False,False,False,False,False,False
FR-BBD3-PARENT-c1066,scope_a_old83_compatible,"(-)-(1 R ,2 S ,5 R )-Menthol",other_eawag_bbd_xenobiotic,envipath_prediction,envipath_bbd_rules_multistep,False,FR-BBD3-PARENT-c1066__sp04,4,2,"[""FR-BBD3-PARENT-c1066__n00000"", ""FR-BBD3-PARENT-c1066__n00002"", ""FR-BBD3-PARENT-c1066__n00026""]","[""CC(C)[C@@H]1CC[C@@H](C)CC1O"", ""CC1CCC(C(C)(C)O)C(O)C1"", ""CC1CCC(C(C)(C)O)C(=O)C1""]","[""NOOLISFMXDJSKH-ZDGBYWQASA-N"", ""LMXFTMYMHGYJEI-UHFFFAOYSA-N"", ""QNZZGEDTDYWNFN-UHFFFAOYSA-N""]","[""FR-BBD3-PARENT-c1066__e00002"", ""FR-BBD3-PARENT-c1066__e00026""]","[1.0, 1.0]","[""multi_generation_edge_probability"", ""multi_generation_edge_probability""]",1.0,path_probability_product,simple_acyclic_path,frontier_empty,True,False,False,False,False,False,False,False
FR-BBD3-PARENT-c1066,scope_a_old83_compatible,"(-)-(1 R ,2 S ,5 R )-Menthol",other_eawag_bbd_xenobiotic,envipath_prediction,envipath_bbd_rules_multistep,False,FR-BBD3-PARENT-c1066__sp05,5,2,"[""FR-BBD3-PARENT-c1066__n00000"", ""FR-BBD3-PARENT-c1066__n00002"", ""FR-BBD3-PARENT-c1066__n00029""]","[""CC(C)[C@@H]1CC[C@@H](C)CC1O"", ""CC1CCC(C(C)(C)O)C(O)C1"", ""CC1CC(O)C(C(C)(C)O)CC1O""]","[""NOOLISFMXDJSKH-ZDGBYWQASA-N"", ""LMXFTMYMHGYJEI-UHFFFAOYSA-N"", ""MHLWSTQCJLVWDG-UHFFFAOYSA-N""]","[""FR-BBD3-PARENT-c1066__e00002"", ""FR-BBD3-PARENT-c1066__e00029""]","[1.0, 1.0]","[""multi_generation_edge_probability"", ""multi_generation_edge_probability""]",1.0,path_probability_product,simple_acyclic_path,frontier_empty,True,False,False,False,False,False,False,False
FR-BBD3-PARENT-c1066,scope_a_old83_compatible,"(-)-(1 R ,2 S ,5 R )-Menthol",other_eawag_bbd_xenobiotic,envipath_prediction,envipath_bbd_rules_multistep,False,FR-BBD3-PARENT-c1066__sp06,6,2,"[""FR-BBD3-PARENT-c1066__n00000"", ""FR-BBD3-PARENT-c1066__n00002"", ""FR-BBD3-PARENT-c1066__n00032""]","[""CC(C)[C@@H]1CC[C@@H](C)CC1O"", ""CC1CCC(C(C)(C)O)C(O)C1"", ""CC1CCC(C(C)(O)CO)C(O)C1""]","[""NOOLISFMXDJSKH-ZDGBYWQASA-N"", ""LMXFTMYMHGYJEI-UHFFFAOYSA-N"", ""RNBVRFKCBCNIRI-UHFFFAOYSA-N""]","[""FR-BBD3-PARENT-c1066__e00002"", ""FR-BBD3-PARENT-c1066__e00032""]","[1.0, 1.0]","[""multi_generation_edge_probability"", ""multi_generation_edge_probability""]",1.0,path_probability_product,simple_acyclic_path,frontier_empty,True,False,False,False,False,False,False,False
FR-BBD3-PARENT-c1066,scope_a_old83_compatible,"(-)-(1 R ,2 S ,5 R )-Menthol",other_eawag_bbd_xenobiotic,envipath_prediction,envipath_bbd_rules_multistep,False,FR-BBD3-PARENT-c1066__sp07,7,2,"[""FR-BBD3-PARENT-c1066__n00000"", ""FR-BBD3-PARENT-c1066__n00003"", ""FR-BBD3-PARENT-c1066__n00010""]","[""CC(C)[C@@H]1CC[C@@H](C)CC1O"", ""CC1CCC(O)(C(C)C)C(O)C1"", ""CC1CCC(O)(C(C)(C)O)C(O)C1""]","[""NOOLISFMXDJSKH-ZDGBYWQASA-N"", ""OOJJEXXELQNXDL-UHFFFAOYSA-N"", ""QIKXVFVTCIITGK-UHFFFAOYSA-N""]","[""FR-BBD3-PARENT-c1066__e00003"", ""FR-BBD3-PARENT-c1066__e00010""]","[1.0, 1.0]","[""multi_generation_edge_probability"", ""multi_generation_edge_probability""]",1.0,path_probability_product,simple_acyclic_path,frontier_empty,True,False,False,False,False,False,False,False
FR-BBD3-PARENT-c1066,scope_a_old83_compatible,"(-)-(1 R ,2 S ,5 R )-Menthol",other_eawag_bbd_xenobiotic,envipath_prediction,envipath_bbd_rules_multistep,False,FR-BBD3-PARENT-c1066__sp08,8,2,"[""FR-BBD3-PARENT-c1066__n00000"", ""FR-BBD3-PARENT-c1066__n00003"", ""FR-BBD3-PARENT-c1066__n00014""]","[""CC(C)[C@@H]1CC[C@@H](C)CC1O"", ""CC1CCC(O)(C(C)C)C(O)C1"", ""CC1CCC(O)(C(C)C)C(=O)C1""]","[""NOOLISFMXDJSKH-ZDGBYWQASA-N"", ""OOJJEXXELQNXDL-UHFFFAOYSA-N"", ""FIPCVTLYVPYVMZ-UHFFFAOYSA-N""]","[""FR-BBD3-PARENT-c1066__e00003"", ""FR-BBD3-PARENT-c1066__e00014""]","[1.0, 1.0]","[""multi_generation_edge_probability"", ""multi_generation_edge_probability""]",1.0,path_probability_product,simple_acyclic_path,frontier_empty,True,False,False,False,False,False,False,False
FR-BBD3-PARENT-c1066,scope_a_old83_compatible,"(-)-(1 R ,2 S ,5 R )-Menthol",other_eawag_bbd_xenobiotic,envipath_prediction,envipath_bbd_rules_multistep,False,FR-BBD3-PARENT-c1066__sp09,9,2,"[""FR-BBD3-PARENT-c1066__n00000"", ""FR-BBD3-PARENT-c1066__n00003"", ""FR-BBD3-PARENT-c1066__n00019""]","[""CC(C)[C@@H]1CC[C@@H](C)CC1O"", ""CC1CCC(O)(C(C)C)C(O)C1"", ""CC1CC(O)C(O)(C(C)C)CC1O""]","[""NOOLISFMXDJSKH-ZDGBYWQASA-N"", ""OOJJEXXELQNXDL-UHFFFAOYSA-N"", ""KVJTUADOUJZYKS-UHFFFAOYSA-N""]","[""FR-BBD3-PARENT-c1066__e00003"", ""FR-BBD3-PARENT-c1066__e00019""]","[1.0, 1.0]","[""multi_generation_edge_probability"", ""multi_generation_edge_probability""]",1.0,path_probability_product,simple_acyclic_path,frontier_empty,True,False,False,False,False,False,False,False
FR-BBD3-PARENT-c1066,scope_a_old83_compatible,"(-)-(1 R ,2 S ,5 R )-Menthol",other_eawag_bbd_xenobiotic,envipath_prediction,envipath_bbd_rules_multistep,False,FR-BBD3-PARENT-c1066__sp10,10,2,"[""FR-BBD3-PARENT-c1066__n00000"", ""FR-BBD3-PARENT-c1066__n00003"", ""FR-BBD3-PARENT-c1066__n00024""]","[""CC(C)[C@@H]1CC[C@@H](C)CC1O"", ""CC1CCC(O)(C(C)C)C(O)C1"", ""CC1CCC(O)(C(C)CO)C(O)C1""]","[""NOOLISFMXDJSKH-ZDGBYWQASA-N"", ""OOJJEXXELQNXDL-UHFFFAOYSA-N"", ""KCRNFNUSEJPPMM-UHFFFAOYSA-N""]","[""FR-BBD3-PARENT-c1066__e00003"", ""FR-BBD3-PARENT-c1066__e00024""]","[1.0, 1.0]","[""multi_generation_edge_probability"", ""multi_generation_edge_probability""]",1.0,path_probability_product,simple_acyclic_path,frontier_empty,True,False,False,False,False,False,False,False
FR-BBD3-PARENT-c1072,scope_a_old83_compatible,3-Fluorobenzoate,halogenated_compound,envipath_prediction,envipath_bbd_rules_multistep,False,FR-BBD3-PARENT-c1072__sp01,1,6,"[""FR-BBD3-PARENT-c1072__n00000"", ""FR-BBD3-PARENT-c1072__n00003"", ""FR-BBD3-PARENT-c1072__n00010"", ""FR-BBD3-PARENT-c1072__n00020"", ""FR-BBD3-PARENT-c1072__n00026"", ""FR-BBD3-PARENT-c1072__n00028"", ""FR-BBD3-PARENT-c1072__n00036""]","[""O=C([O-])c1cccc(F)c1"", ""Oc1ccc(F)cc1O"", ""Oc1cc(O)c(F)cc1O"", ""O=C(O)C(=O)CC(O)=CF"", ""O=C(O)C(=O)C(O)C(O)=CF"", ""O=C(O)C(=O)C(O)C(O)CF"", ""O=C(O)C(=O)C(O)C1CO1""]","[""MXNBDFWNYRNIBH-UHFFFAOYSA-M"", ""NFWGQJUHSAGJBE-UHFFFAOYSA-N"", ""YMDPSPBJTFOMRB-UHFFFAOYSA-N"", ""KWGWSMPFEDLBJE-UHFFFAOYSA-N"", ""MDWCKJLGPRPZGC-UHFFFAOYSA-N"", ""QTJGPTALTGYUSG-UHFFFAOYSA-N"", ""PRJVLJZHELCYOH-UHFFFAOYSA-N""]","[""FR-BBD3-PARENT-c1072__e00003"", ""FR-BBD3-PARENT-c1072__e00011"", ""FR-BBD3-PARENT-c1072__e00021"", ""FR-BBD3-PARENT-c1072__e00028"", ""FR-BBD3-PARENT-c1072__e00031"", ""FR-BBD3-PARENT-c1072__e00039""]","[1.0, 1.0, 1.0, 1.0, 1.0, 1.0]","[""multi_generation_edge_probability"", ""multi_generation_edge_probability"", ""multi_generation_edge_probability"", ""multi_generation_edge_probability"", ""multi_generation_edge_probability"", ""multi_generation_edge_probability""]",1.0,path_probability_product,simple_acyclic_path,max_depth_reached,True,False,False,False,False,False,False,False
FR-BBD3-PARENT-c1072,scope_a_old83_compatible,3-Fluorobenzoate,halogenated_compound,envipath_prediction,envipath_bbd_rules_multistep,False,FR-BBD3-PARENT-c1072__sp02,2,6,"[""FR-BBD3-PARENT-c1072__n00000"", ""FR-BBD3-PARENT-c1072__n00003"", ""FR-BBD3-PARENT-c1072__n00010"", ""FR-BBD3-PARENT-c1072__n00020"", ""FR-BBD3-PARENT-c1072__n00026"", ""FR-BBD3-PARENT-c1072__n00028"", ""FR-BBD3-PARENT-c1072__n00040""]","[""O=C([O-])c1cccc(F)c1"", ""Oc1ccc(F)cc1O"", ""Oc1cc(O)c(F)cc1O"", ""O=C(O)C(=O)CC(O)=CF"", ""O=C(O)C(=O)C(O)C(O)=CF"", ""O=C(O)C(=O)C(O)C(O)CF"", ""O=C(O)C(=O)C(O)C(O)CO""]","[""MXNBDFWNYRNIBH-UHFFFAOYSA-M"", ""NFWGQJUHSAGJBE-UHFFFAOYSA-N"", ""YMDPSPBJTFOMRB-UHFFFAOYSA-N"", ""KWGWSMPFEDLBJE-UHFFFAOYSA-N"", ""MDWCKJLGPRPZGC-UHFFFAOYSA-N"", ""QTJGPTALTGYUSG-UHFFFAOYSA-N"", ""NKOHBIIOWAKHMF-UHFFFAOYSA-N""]","[""FR-BBD3-PARENT-c1072__e00003"", ""FR-BBD3-PARENT-c1072__e00011"", ""FR-BBD3-PARENT-c1072__e00021"", ""FR-BBD3-PARENT-c1072__e00028"", ""FR-BBD3-PARENT-c1072__e00031"", ""FR-BBD3-PARENT-c1072__e00043""]","[1.0, 1.0, 1.0, 1.0, 1.0, 1.0]","[""multi_generation_edge_probability"", ""multi_generation_edge_probability"", ""multi_generation_edge_probability"", ""multi_generation_edge_probability"", ""multi_generation_edge_probability"", ""multi_generation_edge_probability""]",1.0,path_probability_product,simple_acyclic_path,max_depth_reached,True,False,False,False,False,False,False,False
FR-BBD3-PARENT-c1072,scope_a_old83_compatible,3-Fluorobenzoate,halogenated_compound,envipath_prediction,envipath_bbd_rules_multistep,False,FR-BBD3-PARENT-c1072__sp03,3,6,"[""FR-BBD3-PARENT-c1072__n00000"", ""FR-BBD3-PARENT-c1072__n00003"", ""FR-BBD3-PARENT-c1072__n00010"", ""FR-BBD3-PARENT-c1072__n00020"", ""FR-BBD3-PARENT-c1072__n00026"", ""FR-BBD3-PARENT-c1072__n00028"", ""FR-BBD3-PARENT-c1072__n00030""]","[""O=C([O-])c1cccc(F)c1"", ""Oc1ccc(F)cc1O"", ""Oc1cc(O)c(F)cc1O"", ""O=C(O)C(=O)CC(O)=CF"", ""O=C(O)C(=O)C(O)C(O)=CF"", ""O=C(O)C(=O)C(O)C(O)CF"", ""O=C(O)C(=O)C(O)C(=O)CF""]","[""MXNBDFWNYRNIBH-UHFFFAOYSA-M"", ""NFWGQJUHSAGJBE-UHFFFAOYSA-N"", ""YMDPSPBJTFOMRB-UHFFFAOYSA-N"", ""KWGWSMPFEDLBJE-UHFFFAOYSA-N"", ""MDWCKJLGPRPZGC-UHFFFAOYSA-N"", ""QTJGPTALTGYUSG-UHFFFAOYSA-N"", ""JDGMUDNEJLDHHA-UHFFFAOYSA-N""]","[""FR-BBD3-PARENT-c1072__e00003"", ""FR-BBD3-PARENT-c1072__e00011"", ""FR-BBD3-PARENT-c1072__e00021"", ""FR-BBD3-PARENT-c1072__e00028"", ""FR-BBD3-PARENT-c1072__e00031"", ""FR-BBD3-PARENT-c1072__e00047""]","[1.0, 1.0, 1.0, 1.0, 1.0, 1.0]","[""multi_generation_edge_probability"", ""multi_generation_edge_probability"", ""multi_generation_edge_probability"", ""multi_generation_edge_probability"", ""multi_generation_edge_probability"", ""multi_generation_edge_probability""]",1.0,path_probability_product,simple_acyclic_path,max_depth_reached,True,False,False,False,False,False,False,False
FR-BBD3-PARENT-c1072,scope_a_old83_compatible,3-Fluorobenzoate,halogenated_compound,envipath_prediction,envipath_bbd_rules_multistep,False,FR-BBD3-PARENT-c1072__sp04,4,6,"[""FR-BBD3-PARENT-c1072__n00000"", ""FR-BBD3-PARENT-c1072__n00003"", ""FR-BBD3-PARENT-c1072__n00010"", ""FR-BBD3-PARENT-c1072__n00020"", ""FR-BBD3-PARENT-c1072__n00026"", ""FR-BBD3-PARENT-c1072__n00030"", ""FR-BBD3-PARENT-c1072__n00037""]","[""O=C([O-])c1cccc(F)c1"", ""Oc1ccc(F)cc1O"", ""Oc1cc(O)c(F)cc1O"", ""O=C(O)C(=O)CC(O)=CF"", ""O=C(O)C(=O)C(O)C(O)=CF"", ""O=C(O)C(=O)C(O)C(=O)CF"", ""O=C(CO)CF""]","[""MXNBDFWNYRNIBH-UHFFFAOYSA-M"", ""NFWGQJUHSAGJBE-UHFFFAOYSA-N"", ""YMDPSPBJTFOMRB-UHFFFAOYSA-N"", ""KWGWSMPFEDLBJE-UHFFFAOYSA-N"", ""MDWCKJLGPRPZGC-UHFFFAOYSA-N"", ""JDGMUDNEJLDHHA-UHFFFAOYSA-N"", ""NNYGNUHHXCUDFL-UHFFFAOYSA-N""]","[""FR-BBD3-PARENT-c1072__e00003"", ""FR-BBD3-PARENT-c1072__e00011"", ""FR-BBD3-PARENT-c1072__e00021"", ""FR-BBD3-PARENT-c1072__e00028"", ""FR-BBD3-PARENT-c1072__e00033"", ""FR-BBD3-PARENT-c1072__e00040""]","[1.0, 1.0, 1.0, 1.0, 1.0, 1.0]","[""multi_generation_edge_probability"", ""multi_generation_edge_probability"", ""multi_generation_edge_probability"", ""multi_generation_edge_probability"", ""multi_generation_edge_probability"", ""multi_generation_edge_probability""]",1.0,path_probability_product,simple_acyclic_path,max_depth_reached,True,False,False,False,False,False,False,False
FR-BBD3-PARENT-c1072,scope_a_old83_compatible,3-Fluorobenzoate,halogenated_compound,envipath_prediction,envipath_bbd_rules_multistep,False,FR-BBD3-PARENT-c1072__sp05,5,6,"[""FR-BBD3-PARENT-c1072__n00000"", ""FR-BBD3-PARENT-c1072__n00003"", ""FR-BBD3-PARENT-c1072__n00010"", ""FR-BBD3-PARENT-c1072__n00020"", ""FR-BBD3-PARENT-c1072__n00026"", ""FR-BBD3-PARENT-c1072__n00030"", ""FR-BBD3-PARENT-c1072__n00035""]","[""O=C([O-])c1cccc(F)c1"", ""Oc1ccc(F)cc1O"", ""Oc1cc(O)c(F)cc1O"", ""O=C(O)C(=O)CC(O)=CF"", ""O=C(O)C(=O)C(O)C(O)=CF"", ""O=C(O)C(=O)C(O)C(=O)CF"", ""O=C(O)C(=O)O""]","[""MXNBDFWNYRNIBH-UHFFFAOYSA-M"", ""NFWGQJUHSAGJBE-UHFFFAOYSA-N"", ""YMDPSPBJTFOMRB-UHFFFAOYSA-N"", ""KWGWSMPFEDLBJE-UHFFFAOYSA-N"", ""MDWCKJLGPRPZGC-UHFFFAOYSA-N"", ""JDGMUDNEJLDHHA-UHFFFAOYSA-N"", ""MUBZPKHOEPUJKR-UHFFFAOYSA-N""]","[""FR-BBD3-PARENT-c1072__e00003"", ""FR-BBD3-PARENT-c1072__e00011"", ""FR-BBD3-PARENT-c1072__e00021"", ""FR-BBD3-PARENT-c1072__e00028"", ""FR-BBD3-PARENT-c1072__e00033"", ""FR-BBD3-PARENT-c1072__e00045""]","[1.0, 1.0, 1.0, 1.0, 1.0, 1.0]","[""multi_generation_edge_probability"", ""multi_generation_edge_probability"", ""multi_generation_edge_probability"", ""multi_generation_edge_probability"", ""multi_generation_edge_probability"", ""multi_generation_edge_probability""]",1.0,path_probability_product,simple_acyclic_path,max_depth_reached,True,False,False,False,False,False,False,False
FR-BBD3-PARENT-c1072,scope_a_old83_compatible,3-Fluorobenzoate,halogenated_compound,envipath_prediction,envipath_bbd_rules_multistep,False,FR-BBD3-PARENT-c1072__sp06,6,6,"[""FR-BBD3-PARENT-c1072__n00000"", ""FR-BBD3-PARENT-c1072__n00003"", ""FR-BBD3-PARENT-c1072__n00010"", ""FR-BBD3-PARENT-c1072__n00020"", ""FR-BBD3-PARENT-c1072__n00026"", ""FR-BBD3-PARENT-c1072__n00030"", ""FR-BBD3-PARENT-c1072__n00043""]","[""O=C([O-])c1cccc(F)c1"", ""Oc1ccc(F)cc1O"", ""Oc1cc(O)c(F)cc1O"", ""O=C(O)C(=O)CC(O)=CF"", ""O=C(O)C(=O)C(O)C(O)=CF"", ""O=C(O)C(=O)C(O)C(=O)CF"", ""O=C(O)C(=O)C(O)C(=O)CO""]","[""MXNBDFWNYRNIBH-UHFFFAOYSA-M"", ""NFWGQJUHSAGJBE-UHFFFAOYSA-N"", ""YMDPSPBJTFOMRB-UHFFFAOYSA-N"", ""KWGWSMPFEDLBJE-UHFFFAOYSA-N"", ""MDWCKJLGPRPZGC-UHFFFAOYSA-N"", ""JDGMUDNEJLDHHA-UHFFFAOYSA-N"", ""SKUYXPTVXSWXCD-UHFFFAOYSA-N""]","[""FR-BBD3-PARENT-c1072__e00003"", ""FR-BBD3-PARENT-c1072__e00011"", ""FR-BBD3-PARENT-c1072__e00021"", ""FR-BBD3-PARENT-c1072__e00028"", ""FR-BBD3-PARENT-c1072__e00033"", ""FR-BBD3-PARENT-c1072__e00048""]","[1.0, 1.0, 1.0, 1.0, 1.0, 1.0]","[""multi_generation_edge_probability"", ""multi_generation_edge_probability"", ""multi_generation_edge_probability"", ""multi_generation_edge_probability"", ""multi_generation_edge_probability"", ""multi_generation_edge_probability""]",1.0,path_probability_product,simple_acyclic_path,max_depth_reached,True,False,False,False,False,False,False,False
FR-BBD3-PARENT-c1072,scope_a_old83_compatible,3-Fluorobenzoate,halogenated_compound,envipath_prediction,envipath_bbd_rules_multistep,False,FR-BBD3-PARENT-c1072__sp07,7,6,"[""FR-BBD3-PARENT-c1072__n00000"", ""FR-BBD3-PARENT-c1072__n00003"", ""FR-BBD3-PARENT-c1072__n00010"", ""FR-BBD3-PARENT-c1072__n00020"", ""FR-BBD3-PARENT-c1072__n00026"", ""FR-BBD3-PARENT-c1072__n00030"", ""FR-BBD3-PARENT-c1072__n00045""]","[""O=C([O-])c1cccc(F)c1"", ""Oc1ccc(F)cc1O"", ""Oc1cc(O)c(F)cc1O"", ""O=C(O)C(=O)CC(O)=CF"", ""O=C(O)C(=O)C(O)C(O)=CF"", ""O=C(O)C(=O)C(O)C(=O)CF"", ""O=C(O)C(=O)CO""]","[""MXNBDFWNYRNIBH-UHFFFAOYSA-M"", ""NFWGQJUHSAGJBE-UHFFFAOYSA-N"", ""YMDPSPBJTFOMRB-UHFFFAOYSA-N"", ""KWGWSMPFEDLBJE-UHFFFAOYSA-N"", ""MDWCKJLGPRPZGC-UHFFFAOYSA-N"", ""JDGMUDNEJLDHHA-UHFFFAOYSA-N"", ""HHDDCCUIIUWNGJ-UHFFFAOYSA-N""]","[""FR-BBD3-PARENT-c1072__e00003"", ""FR-BBD3-PARENT-c1072__e00011"", ""FR-BBD3-PARENT-c1072__e00021"", ""FR-BBD3-PARENT-c1072__e00028"", ""FR-BBD3-PARENT-c1072__e00033"", ""FR-BBD3-PARENT-c1072__e00050""]","[1.0, 1.0, 1.0, 1.0, 1.0, 1.0]","[""multi_generation_edge_probability"", ""multi_generation_edge_probability"", ""multi_generation_edge_probability"", ""multi_generation_edge_probability"", ""multi_generation_edge_probability"", ""multi_generation_edge_probability""]",1.0,path_probability_product,simple_acyclic_path,max_depth_reached,True,False,False,False,False,False,False,False
FR-BBD3-PARENT-c1072,scope_a_old83_compatible,3-Fluorobenzoate,halogenated_compound,envipath_prediction,envipath_bbd_rules_multistep,False,FR-BBD3-PARENT-c1072__sp08,8,6,"[""FR-BBD3-PARENT-c1072__n00000"", ""FR-BBD3-PARENT-c1072__n00003"", ""FR-BBD3-PARENT-c1072__n00010"", ""FR-BBD3-PARENT-c1072__n00020"", ""FR-BBD3-PARENT-c1072__n00026"", ""FR-BBD3-PARENT-c1072__n00030"", ""FR-BBD3-PARENT-c1072__n00033""]","[""O=C([O-])c1cccc(F)c1"", ""Oc1ccc(F)cc1O"", ""Oc1cc(O)c(F)cc1O"", ""O=C(O)C(=O)CC(O)=CF"", ""O=C(O)C(=O)C(O)C(O)=CF"", ""O=C(O)C(=O)C(O)C(=O)CF"", ""O=C(O)CF""]","[""MXNBDFWNYRNIBH-UHFFFAOYSA-M"", ""NFWGQJUHSAGJBE-UHFFFAOYSA-N"", ""YMDPSPBJTFOMRB-UHFFFAOYSA-N"", ""KWGWSMPFEDLBJE-UHFFFAOYSA-N"", ""MDWCKJLGPRPZGC-UHFFFAOYSA-N"", ""JDGMUDNEJLDHHA-UHFFFAOYSA-N"", ""QEWYKACRFQMRMB-UHFFFAOYSA-N""]","[""FR-BBD3-PARENT-c1072__e00003"", ""FR-BBD3-PARENT-c1072__e00011"", ""FR-BBD3-PARENT-c1072__e00021"", ""FR-BBD3-PARENT-c1072__e00028"", ""FR-BBD3-PARENT-c1072__e00033"", ""FR-BBD3-PARENT-c1072__e00051""]","[1.0, 1.0, 1.0, 1.0, 1.0, 1.0]","[""multi_generation_edge_probability"", ""multi_generation_edge_probability"", ""multi_generation_edge_probability"", ""multi_generation_edge_probability"", ""multi_generation_edge_probability"", ""multi_generation_edge_probability""]",1.0,path_probability_product,simple_acyclic_path,max_depth_reached,True,False,False,False,False,False,False,False
FR-BBD3-PARENT-c1072,scope_a_old83_compatible,3-Fluorobenzoate,halogenated_compound,envipath_prediction,envipath_bbd_rules_multistep,False,FR-BBD3-PARENT-c1072__sp09,9,6,"[""FR-BBD3-PARENT-c1072__n00000"", ""FR-BBD3-PARENT-c1072__n00003"", ""FR-BBD3-PARENT-c1072__n00010"", ""FR-BBD3-PARENT-c1072__n00020"", ""FR-BBD3-PARENT-c1072__n00026"", ""FR-BBD3-PARENT-c1072__n00032"", ""FR-BBD3-PARENT-c1072__n00038""]","[""O=C([O-])c1cccc(F)c1"", ""Oc1ccc(F)cc1O"", ""Oc1cc(O)c(F)cc1O"", ""O=C(O)C(=O)CC(O)=CF"", ""O=C(O)C(=O)C(O)C(O)=CF"", ""O=C(O)C(=O)C(=O)C(O)=CF"", ""O=C(O)C(=O)C(=O)C(O)C(O)F""]","[""MXNBDFWNYRNIBH-UHFFFAOYSA-M"", ""NFWGQJUHSAGJBE-UHFFFAOYSA-N"", ""YMDPSPBJTFOMRB-UHFFFAOYSA-N"", ""KWGWSMPFEDLBJE-UHFFFAOYSA-N"", ""MDWCKJLGPRPZGC-UHFFFAOYSA-N"", ""WEOLZWVGZMYUQU-UHFFFAOYSA-N"", ""MQGODXZYYQXXRK-UHFFFAOYSA-N""]","[""FR-BBD3-PARENT-c1072__e00003"", ""FR-BBD3-PARENT-c1072__e00011"", ""FR-BBD3-PARENT-c1072__e00021"", ""FR-BBD3-PARENT-c1072__e00028"", ""FR-BBD3-PARENT-c1072__e00035"", ""FR-BBD3-PARENT-c1072__e00041""]","[1.0, 1.0, 1.0, 1.0, 1.0, 1.0]","[""multi_generation_edge_probability"", ""multi_generation_edge_probability"", ""multi_generation_edge_probability"", ""multi_generation_edge_probability"", ""multi_generation_edge_probability"", ""multi_generation_edge_probability""]",1.0,path_probability_product,simple_acyclic_path,max_depth_reached,True,False,False,False,False,False,False,False
FR-BBD3-PARENT-c1072,scope_a_old83_compatible,3-Fluorobenzoate,halogenated_compound,envipath_prediction,envipath_bbd_rules_multistep,False,FR-BBD3-PARENT-c1072__sp10,10,6,"[""FR-BBD3-PARENT-c1072__n00000"", ""FR-BBD3-PARENT-c1072__n00003"", ""FR-BBD3-PARENT-c1072__n00010"", ""FR-BBD3-PARENT-c1072__n00020"", ""FR-BBD3-PARENT-c1072__n00026"", ""FR-BBD3-PARENT-c1072__n00032"", ""FR-BBD3-PARENT-c1072__n00041""]","[""O=C([O-])c1cccc(F)c1"", ""Oc1ccc(F)cc1O"", ""Oc1cc(O)c(F)cc1O"", ""O=C(O)C(=O)CC(O)=CF"", ""O=C(O)C(=O)C(O)C(O)=CF"", ""O=C(O)C(=O)C(=O)C(O)=CF"", ""O=C(O)C(=O)C(=O)C(O)CF""]","[""MXNBDFWNYRNIBH-UHFFFAOYSA-M"", ""NFWGQJUHSAGJBE-UHFFFAOYSA-N"", ""YMDPSPBJTFOMRB-UHFFFAOYSA-N"", ""KWGWSMPFEDLBJE-UHFFFAOYSA-N"", ""MDWCKJLGPRPZGC-UHFFFAOYSA-N"", ""WEOLZWVGZMYUQU-UHFFFAOYSA-N"", ""KMCMSNPESAGSTG-UHFFFAOYSA-N""]","[""FR-BBD3-PARENT-c1072__e00003"", ""FR-BBD3-PARENT-c1072__e00011"", ""FR-BBD3-PARENT-c1072__e00021"", ""FR-BBD3-PARENT-c1072__e00028"", ""FR-BBD3-PARENT-c1072__e00035"", ""FR-BBD3-PARENT-c1072__e00044""]","[1.0, 1.0, 1.0, 1.0, 1.0, 1.0]","[""multi_generation_edge_probability"", ""multi_generation_edge_probability"", ""multi_generation_edge_probability"", ""multi_generation_edge_probability"", ""multi_generation_edge_probability"", ""multi_generation_edge_probability""]",1.0,path_probability_product,simple_acyclic_path,max_depth_reached,True,False,False,False,False,False,False,False
FR-BBD3-PARENT-c1078,scope_a_old83_compatible,Isooctane,other_eawag_bbd_xenobiotic,envipath_prediction,envipath_bbd_rules_multistep,False,FR-BBD3-PARENT-c1078__sp01,1,4,"[""FR-BBD3-PARENT-c1078__n00000"", ""FR-BBD3-PARENT-c1078__n00001"", ""FR-BBD3-PARENT-c1078__n00004"", ""FR-BBD3-PARENT-c1078__n00009"", ""FR-BBD3-PARENT-c1078__n00020""]","[""CC(C)CC(C)(C)C"", ""CC(C)CC(C)(C)CO"", ""CC(C)(O)CC(C)(C)CO"", ""CC(C)(O)CC(C)(C)C=O"", ""CC(C)(O)CC(C)(C)C(=O)O""]","[""NHTMVDHEPJAVLT-UHFFFAOYSA-N"", ""CWPPDTVYIJETDF-UHFFFAOYSA-N"", ""UPQBAPMBTTWGMM-UHFFFAOYSA-N"", ""HBBPRPVKRROESO-UHFFFAOYSA-N"", ""AWPJUXYUCSPYAC-UHFFFAOYSA-N""]","[""FR-BBD3-PARENT-c1078__e00001"", ""FR-BBD3-PARENT-c1078__e00004"", ""FR-BBD3-PARENT-c1078__e00009"", ""FR-BBD3-PARENT-c1078__e00020""]","[1.0, 1.0, 1.0, 1.0]","[""multi_generation_edge_probability"", ""multi_generation_edge_probability"", ""multi_generation_edge_probability"", ""multi_generation_edge_probability""]",1.0,path_probability_product,simple_acyclic_path,frontier_empty,True,False,False,False,False,False,False,False
FR-BBD3-PARENT-c1078,scope_a_old83_compatible,Isooctane,other_eawag_bbd_xenobiotic,envipath_prediction,envipath_bbd_rules_multistep,False,FR-BBD3-PARENT-c1078__sp02,2,4,"[""FR-BBD3-PARENT-c1078__n00000"", ""FR-BBD3-PARENT-c1078__n00001"", ""FR-BBD3-PARENT-c1078__n00004"", ""FR-BBD3-PARENT-c1078__n00009"", ""FR-BBD3-PARENT-c1078__n00026""]","[""CC(C)CC(C)(C)C"", ""CC(C)CC(C)(C)CO"", ""CC(C)(O)CC(C)(C)CO"", ""CC(C)(O)CC(C)(C)C=O"", ""CC(C)(O)CC(C)(C=O)CO""]","[""NHTMVDHEPJAVLT-UHFFFAOYSA-N"", ""CWPPDTVYIJETDF-UHFFFAOYSA-N"", ""UPQBAPMBTTWGMM-UHFFFAOYSA-N"", ""HBBPRPVKRROESO-UHFFFAOYSA-N"", ""YHBLJIIPVUPJNS-UHFFFAOYSA-N""]","[""FR-BBD3-PARENT-c1078__e00001"", ""FR-BBD3-PARENT-c1078__e00004"", ""FR-BBD3-PARENT-c1078__e00009"", ""FR-BBD3-PARENT-c1078__e00026""]","[1.0, 1.0, 1.0, 1.0]","[""multi_generation_edge_probability"", ""multi_generation_edge_probability"", ""multi_generation_edge_probability"", ""multi_generation_edge_probability""]",1.0,path_probability_product,simple_acyclic_path,frontier_empty,True,False,False,False,False,False,False,False
FR-BBD3-PARENT-c1078,scope_a_old83_compatible,Isooctane,other_eawag_bbd_xenobiotic,envipath_prediction,envipath_bbd_rules_multistep,False,FR-BBD3-PARENT-c1078__sp03,3,4,"[""FR-BBD3-PARENT-c1078__n00000"", ""FR-BBD3-PARENT-c1078__n00001"", ""FR-BBD3-PARENT-c1078__n00004"", ""FR-BBD3-PARENT-c1078__n00009"", ""FR-BBD3-PARENT-c1078__n00030""]","[""CC(C)CC(C)(C)C"", ""CC(C)CC(C)(C)CO"", ""CC(C)(O)CC(C)(C)CO"", ""CC(C)(O)CC(C)(C)C=O"", ""CC(C)(C=O)CC(C)(O)CO""]","[""NHTMVDHEPJAVLT-UHFFFAOYSA-N"", ""CWPPDTVYIJETDF-UHFFFAOYSA-N"", ""UPQBAPMBTTWGMM-UHFFFAOYSA-N"", ""HBBPRPVKRROESO-UHFFFAOYSA-N"", ""JMOPFLMAPWVNHI-UHFFFAOYSA-N""]","[""FR-BBD3-PARENT-c1078__e00001"", ""FR-BBD3-PARENT-c1078__e00004"", ""FR-BBD3-PARENT-c1078__e00009"", ""FR-BBD3-PARENT-c1078__e00030""]","[1.0, 1.0, 1.0, 1.0]","[""multi_generation_edge_probability"", ""multi_generation_edge_probability"", ""multi_generation_edge_probability"", ""multi_generation_edge_probability""]",1.0,path_probability_product,simple_acyclic_path,frontier_empty,True,False,False,False,False,False,False,False
FR-BBD3-PARENT-c1078,scope_a_old83_compatible,Isooctane,other_eawag_bbd_xenobiotic,envipath_prediction,envipath_bbd_rules_multistep,False,FR-BBD3-PARENT-c1078__sp04,4,4,"[""FR-BBD3-PARENT-c1078__n00000"", ""FR-BBD3-PARENT-c1078__n00001"", ""FR-BBD3-PARENT-c1078__n00004"", ""FR-BBD3-PARENT-c1078__n00014"", ""FR-BBD3-PARENT-c1078__n00021""]","[""CC(C)CC(C)(C)C"", ""CC(C)CC(C)(C)CO"", ""CC(C)(O)CC(C)(C)CO"", ""CC(C)(O)C(O)C(C)(C)CO"", ""CC(C)(O)C(O)C(C)(C)C=O""]","[""NHTMVDHEPJAVLT-UHFFFAOYSA-N"", ""CWPPDTVYIJETDF-UHFFFAOYSA-N"", ""UPQBAPMBTTWGMM-UHFFFAOYSA-N"", ""ZHJKVLINQHYTBS-UHFFFAOYSA-N"", ""QQYSXBITGPIHMW-UHFFFAOYSA-N""]","[""FR-BBD3-PARENT-c1078__e00001"", ""FR-BBD3-PARENT-c1078__e00004"", ""FR-BBD3-PARENT-c1078__e00014"", ""FR-BBD3-PARENT-c1078__e00021""]","[1.0, 1.0, 1.0, 1.0]","[""multi_generation_edge_probability"", ""multi_generation_edge_probability"", ""multi_generation_edge_probability"", ""multi_generation_edge_probability""]",1.0,path_probability_product,simple_acyclic_path,frontier_empty,True,False,False,False,False,False,False,False
FR-BBD3-PARENT-c1078,scope_a_old83_compatible,Isooctane,other_eawag_bbd_xenobiotic,envipath_prediction,envipath_bbd_rules_multistep,False,FR-BBD3-PARENT-c1078__sp05,5,4,"[""FR-BBD3-PARENT-c1078__n00000"", ""FR-BBD3-PARENT-c1078__n00001"", ""FR-BBD3-PARENT-c1078__n00004"", ""FR-BBD3-PARENT-c1078__n00014"", ""FR-BBD3-PARENT-c1078__n00028""]","[""CC(C)CC(C)(C)C"", ""CC(C)CC(C)(C)CO"", ""CC(C)(O)CC(C)(C)CO"", ""CC(C)(O)C(O)C(C)(C)CO"", ""CC(C)(O)C(=O)C(C)(C)CO""]","[""NHTMVDHEPJAVLT-UHFFFAOYSA-N"", ""CWPPDTVYIJETDF-UHFFFAOYSA-N"", ""UPQBAPMBTTWGMM-UHFFFAOYSA-N"", ""ZHJKVLINQHYTBS-UHFFFAOYSA-N"", ""PQIQEXHSVJQLSE-UHFFFAOYSA-N""]","[""FR-BBD3-PARENT-c1078__e00001"", ""FR-BBD3-PARENT-c1078__e00004"", ""FR-BBD3-PARENT-c1078__e00014"", ""FR-BBD3-PARENT-c1078__e00028""]","[1.0, 1.0, 1.0, 1.0]","[""multi_generation_edge_probability"", ""multi_generation_edge_probability"", ""multi_generation_edge_probability"", ""multi_generation_edge_probability""]",1.0,path_probability_product,simple_acyclic_path,frontier_empty,True,False,False,False,False,False,False,False
FR-BBD3-PARENT-c1078,scope_a_old83_compatible,Isooctane,other_eawag_bbd_xenobiotic,envipath_prediction,envipath_bbd_rules_multistep,False,FR-BBD3-PARENT-c1078__sp06,6,4,"[""FR-BBD3-PARENT-c1078__n00000"", ""FR-BBD3-PARENT-c1078__n00002"", ""FR-BBD3-PARENT-c1078__n00007"", ""FR-BBD3-PARENT-c1078__n00011"", ""FR-BBD3-PARENT-c1078__n00022""]","[""CC(C)CC(C)(C)C"", ""CC(C)(C)CC(C)(C)O"", ""CC(C)(C)CC(C)(O)CO"", ""CC(C)(C)CC(C)(O)C=O"", ""CC(O)(C=O)CC(C)(C)CO""]","[""NHTMVDHEPJAVLT-UHFFFAOYSA-N"", ""BSYJHYLAMMJNRC-UHFFFAOYSA-N"", ""GPORQXXDDLVISL-UHFFFAOYSA-N"", ""NGSGQLXNRIBANX-UHFFFAOYSA-N"", ""OUNTXCZGOXZYNF-UHFFFAOYSA-N""]","[""FR-BBD3-PARENT-c1078__e00002"", ""FR-BBD3-PARENT-c1078__e00007"", ""FR-BBD3-PARENT-c1078__e00011"", ""FR-BBD3-PARENT-c1078__e00022""]","[1.0, 1.0, 1.0, 1.0]","[""multi_generation_edge_probability"", ""multi_generation_edge_probability"", ""multi_generation_edge_probability"", ""multi_generation_edge_probability""]",1.0,path_probability_product,simple_acyclic_path,frontier_empty,True,False,False,False,False,False,False,False
FR-BBD3-PARENT-c1078,scope_a_old83_compatible,Isooctane,other_eawag_bbd_xenobiotic,envipath_prediction,envipath_bbd_rules_multistep,False,FR-BBD3-PARENT-c1078__sp07,7,4,"[""FR-BBD3-PARENT-c1078__n00000"", ""FR-BBD3-PARENT-c1078__n00002"", ""FR-BBD3-PARENT-c1078__n00007"", ""FR-BBD3-PARENT-c1078__n00011"", ""FR-BBD3-PARENT-c1078__n00027""]","[""CC(C)CC(C)(C)C"", ""CC(C)(C)CC(C)(C)O"", ""CC(C)(C)CC(C)(O)CO"", ""CC(C)(C)CC(C)(O)C=O"", ""CC(C)(C)CC(C)(O)C(=O)O""]","[""NHTMVDHEPJAVLT-UHFFFAOYSA-N"", ""BSYJHYLAMMJNRC-UHFFFAOYSA-N"", ""GPORQXXDDLVISL-UHFFFAOYSA-N"", ""NGSGQLXNRIBANX-UHFFFAOYSA-N"", ""ZRGZOSVVPXKTRS-UHFFFAOYSA-N""]","[""FR-BBD3-PARENT-c1078__e00002"", ""FR-BBD3-PARENT-c1078__e00007"", ""FR-BBD3-PARENT-c1078__e00011"", ""FR-BBD3-PARENT-c1078__e00027""]","[1.0, 1.0, 1.0, 1.0]","[""multi_generation_edge_probability"", ""multi_generation_edge_probability"", ""multi_generation_edge_probability"", ""multi_generation_edge_probability""]",1.0,path_probability_product,simple_acyclic_path,frontier_empty,True,False,False,False,False,False,False,False
FR-BBD3-PARENT-c1078,scope_a_old83_compatible,Isooctane,other_eawag_bbd_xenobiotic,envipath_prediction,envipath_bbd_rules_multistep,False,FR-BBD3-PARENT-c1078__sp08,8,4,"[""FR-BBD3-PARENT-c1078__n00000"", ""FR-BBD3-PARENT-c1078__n00002"", ""FR-BBD3-PARENT-c1078__n00008"", ""FR-BBD3-PARENT-c1078__n00013"", ""FR-BBD3-PARENT-c1078__n00023""]","[""CC(C)CC(C)(C)C"", ""CC(C)(C)CC(C)(C)O"", ""CC(C)(C)C(O)C(C)(C)O"", ""CC(C)(C)C(O)C(C)(O)CO"", ""CC(C)(C)C(O)C(C)(O)C=O""]","[""NHTMVDHEPJAVLT-UHFFFAOYSA-N"", ""BSYJHYLAMMJNRC-UHFFFAOYSA-N"", ""JDYWKAYETKZYIF-UHFFFAOYSA-N"", ""JRECFDVKOOYYRY-UHFFFAOYSA-N"", ""OUCVKOOQCAPJMW-UHFFFAOYSA-N""]","[""FR-BBD3-PARENT-c1078__e00002"", ""FR-BBD3-PARENT-c1078__e00008"", ""FR-BBD3-PARENT-c1078__e00013"", ""FR-BBD3-PARENT-c1078__e00023""]","[1.0, 1.0, 1.0, 1.0]","[""multi_generation_edge_probability"", ""multi_generation_edge_probability"", ""multi_generation_edge_probability"", ""multi_generation_edge_probability""]",1.0,path_probability_product,simple_acyclic_path,frontier_empty,True,False,False,False,False,False,False,False
FR-BBD3-PARENT-c1078,scope_a_old83_compatible,Isooctane,other_eawag_bbd_xenobiotic,envipath_prediction,envipath_bbd_rules_multistep,False,FR-BBD3-PARENT-c1078__sp09,9,4,"[""FR-BBD3-PARENT-c1078__n00000"", ""FR-BBD3-PARENT-c1078__n00002"", ""FR-BBD3-PARENT-c1078__n00008"", ""FR-BBD3-PARENT-c1078__n00017"", ""FR-BBD3-PARENT-c1078__n00024""]","[""CC(C)CC(C)(C)C"", ""CC(C)(C)CC(C)(C)O"", ""CC(C)(C)C(O)C(C)(C)O"", ""CC(C)(C)C(=O)C(C)(C)O"", ""CC(C)(C)C(=O)C(C)(O)CO""]","[""NHTMVDHEPJAVLT-UHFFFAOYSA-N"", ""BSYJHYLAMMJNRC-UHFFFAOYSA-N"", ""JDYWKAYETKZYIF-UHFFFAOYSA-N"", ""OZYZMDZCGQDZQN-UHFFFAOYSA-N"", ""MNDRNPHRXSFWOF-UHFFFAOYSA-N""]","[""FR-BBD3-PARENT-c1078__e00002"", ""FR-BBD3-PARENT-c1078__e00008"", ""FR-BBD3-PARENT-c1078__e00017"", ""FR-BBD3-PARENT-c1078__e00024""]","[1.0, 1.0, 1.0, 1.0]","[""multi_generation_edge_probability"", ""multi_generation_edge_probability"", ""multi_generation_edge_probability"", ""multi_generation_edge_probability""]",1.0,path_probability_product,simple_acyclic_path,frontier_empty,True,False,False,False,False,False,False,False
FR-BBD3-PARENT-c1078,scope_a_old83_compatible,Isooctane,other_eawag_bbd_xenobiotic,envipath_prediction,envipath_bbd_rules_multistep,False,FR-BBD3-PARENT-c1078__sp10,10,4,"[""FR-BBD3-PARENT-c1078__n00000"", ""FR-BBD3-PARENT-c1078__n00003"", ""FR-BBD3-PARENT-c1078__n00005"", ""FR-BBD3-PARENT-c1078__n00015"", ""FR-BBD3-PARENT-c1078__n00025""]","[""CC(C)CC(C)(C)C"", ""CC(CO)CC(C)(C)C"", ""CC(C=O)CC(C)(C)C"", ""CC(C)(C)CC(C=O)CO"", ""CC(C)(C)CC(O)(C=O)CO""]","[""NHTMVDHEPJAVLT-UHFFFAOYSA-N"", ""ZNRVRWHPZZOTIE-UHFFFAOYSA-N"", ""PJLOOIXLBYOPHW-UHFFFAOYSA-N"", ""PUWLJMDPQAHPLP-UHFFFAOYSA-N"", ""KUMZATHKMGSJSH-UHFFFAOYSA-N""]","[""FR-BBD3-PARENT-c1078__e00003"", ""FR-BBD3-PARENT-c1078__e00005"", ""FR-BBD3-PARENT-c1078__e00015"", ""FR-BBD3-PARENT-c1078__e00025""]","[1.0, 1.0, 1.0, 1.0]","[""multi_generation_edge_probability"", ""multi_generation_edge_probability"", ""multi_generation_edge_probability"", ""multi_generation_edge_probability""]",1.0,path_probability_product,simple_acyclic_path,frontier_empty,True,False,False,False,False,False,False,False
FR-BBD3-PARENT-c1094,scope_a_old83_compatible,Caffeine,pharmaceutical_or_personal_care,envipath_prediction,envipath_bbd_rules_multistep,False,FR-BBD3-PARENT-c1094__sp01,1,4,"[""FR-BBD3-PARENT-c1094__n00000"", ""FR-BBD3-PARENT-c1094__n00001"", ""FR-BBD3-PARENT-c1094__n00006"", ""FR-BBD3-PARENT-c1094__n00012"", ""FR-BBD3-PARENT-c1094__n00016""]","[""Cn1c(=O)c2c(ncn2C)n(C)c1=O"", ""Cn1c(=O)[nH]c2ncn(C)c2c1=O"", ""Cn1cnc2[nH]c(=O)[nH]c(=O)c21"", ""O=c1[nH]c(=O)c2[nH]cnc2[nH]1"", ""O=c1[nH]c(=O)c2[nH]c(=O)[nH]c2[nH]1""]","[""RYYVLZVUVIJVGH-UHFFFAOYSA-N"", ""QUNWUDVFRNGTCO-UHFFFAOYSA-N"", ""PFWLFWPASULGAN-UHFFFAOYSA-N"", ""LRFVTYWOQMYALW-UHFFFAOYSA-N"", ""LEHOTFFKMJEONL-UHFFFAOYSA-N""]","[""FR-BBD3-PARENT-c1094__e00001"", ""FR-BBD3-PARENT-c1094__e00006"", ""FR-BBD3-PARENT-c1094__e00013"", ""FR-BBD3-PARENT-c1094__e00018""]","[1.0, 1.0, 1.0, 1.0]","[""multi_generation_edge_probability"", ""multi_generation_edge_probability"", ""multi_generation_edge_probability"", ""multi_generation_edge_probability""]",1.0,path_probability_product,simple_acyclic_path,frontier_empty,True,False,False,False,False,False,False,False
FR-BBD3-PARENT-c1094,scope_a_old83_compatible,Caffeine,pharmaceutical_or_personal_care,envipath_prediction,envipath_bbd_rules_multistep,False,FR-BBD3-PARENT-c1094__sp02,2,4,"[""FR-BBD3-PARENT-c1094__n00000"", ""FR-BBD3-PARENT-c1094__n00005"", ""FR-BBD3-PARENT-c1094__n00011"", ""FR-BBD3-PARENT-c1094__n00013"", ""FR-BBD3-PARENT-c1094__n00002""]","[""Cn1c(=O)c2c(ncn2C)n(C)c1=O"", ""Cn1c(=O)c2c([nH]c(=O)n2C)n(C)c1=O"", ""Cn1c(=O)[nH]c2[nH]c(=O)n(C)c2c1=O"", ""Cn1c(=O)[nH]c2[nH]c(=O)[nH]c(=O)c21"", ""C=O""]","[""RYYVLZVUVIJVGH-UHFFFAOYSA-N"", ""BYXCFUMGEBZDDI-UHFFFAOYSA-N"", ""NOFNCLGCUJJPKU-UHFFFAOYSA-N"", ""YHNNPKUFPWLTOP-UHFFFAOYSA-N"", ""WSFSSNUMVMOOMR-UHFFFAOYSA-N""]","[""FR-BBD3-PARENT-c1094__e00005"", ""FR-BBD3-PARENT-c1094__e00012"", ""FR-BBD3-PARENT-c1094__e00014"", ""FR-BBD3-PARENT-c1094__e00019""]","[1.0, 1.0, 1.0, 1.0]","[""multi_generation_edge_probability"", ""multi_generation_edge_probability"", ""multi_generation_edge_probability"", ""multi_generation_edge_probability""]",1.0,path_probability_product,simple_acyclic_path,frontier_empty,True,False,False,False,False,False,False,False
FR-BBD3-PARENT-c1094,scope_a_old83_compatible,Caffeine,pharmaceutical_or_personal_care,envipath_prediction,envipath_bbd_rules_multistep,False,FR-BBD3-PARENT-c1094__sp03,3,3,"[""FR-BBD3-PARENT-c1094__n00000"", ""FR-BBD3-PARENT-c1094__n00001"", ""FR-BBD3-PARENT-c1094__n00006"", ""FR-BBD3-PARENT-c1094__n00002""]","[""Cn1c(=O)c2c(ncn2C)n(C)c1=O"", ""Cn1c(=O)[nH]c2ncn(C)c2c1=O"", ""Cn1cnc2[nH]c(=O)[nH]c(=O)c21"", ""C=O""]","[""RYYVLZVUVIJVGH-UHFFFAOYSA-N"", ""QUNWUDVFRNGTCO-UHFFFAOYSA-N"", ""PFWLFWPASULGAN-UHFFFAOYSA-N"", ""WSFSSNUMVMOOMR-UHFFFAOYSA-N""]","[""FR-BBD3-PARENT-c1094__e00001"", ""FR-BBD3-PARENT-c1094__e00006"", ""FR-BBD3-PARENT-c1094__e00017""]","[1.0, 1.0, 1.0]","[""multi_generation_edge_probability"", ""multi_generation_edge_probability"", ""multi_generation_edge_probability""]",1.0,path_probability_product,simple_acyclic_path,frontier_empty,True,False,False,False,False,False,False,False
FR-BBD3-PARENT-c1094,scope_a_old83_compatible,Caffeine,pharmaceutical_or_personal_care,envipath_prediction,envipath_bbd_rules_multistep,False,FR-BBD3-PARENT-c1094__sp04,4,3,"[""FR-BBD3-PARENT-c1094__n00000"", ""FR-BBD3-PARENT-c1094__n00004"", ""FR-BBD3-PARENT-c1094__n00007"", ""FR-BBD3-PARENT-c1094__n00014""]","[""Cn1c(=O)c2c(ncn2C)n(C)c1=O"", ""Cn1c(=O)c2[nH]cnc2n(C)c1=O"", ""Cn1c(=O)[nH]c2nc[nH]c2c1=O"", ""Cn1c(=O)[nH]c2[nH]c(=O)[nH]c2c1=O""]","[""RYYVLZVUVIJVGH-UHFFFAOYSA-N"", ""ZFXYFBGIUFBOJW-UHFFFAOYSA-N"", ""MVOYJPOZRLFTCP-UHFFFAOYSA-N"", ""QFDRTQONISXGJA-UHFFFAOYSA-N""]","[""FR-BBD3-PARENT-c1094__e00004"", ""FR-BBD3-PARENT-c1094__e00007"", ""FR-BBD3-PARENT-c1094__e00015""]","[1.0, 1.0, 1.0]","[""multi_generation_edge_probability"", ""multi_generation_edge_probability"", ""multi_generation_edge_probability""]",1.0,path_probability_product,simple_acyclic_path,frontier_empty,True,False,False,False,False,False,False,False
FR-BBD3-PARENT-c1094,scope_a_old83_compatible,Caffeine,pharmaceutical_or_personal_care,envipath_prediction,envipath_bbd_rules_multistep,False,FR-BBD3-PARENT-c1094__sp05,5,3,"[""FR-BBD3-PARENT-c1094__n00000"", ""FR-BBD3-PARENT-c1094__n00005"", ""FR-BBD3-PARENT-c1094__n00008"", ""FR-BBD3-PARENT-c1094__n00015""]","[""Cn1c(=O)c2c(ncn2C)n(C)c1=O"", ""Cn1c(=O)c2c([nH]c(=O)n2C)n(C)c1=O"", ""Cn1c(=O)[nH]c(=O)c2c1[nH]c(=O)n2C"", ""Cn1c(=O)[nH]c(=O)c2[nH]c(=O)[nH]c21""]","[""RYYVLZVUVIJVGH-UHFFFAOYSA-N"", ""BYXCFUMGEBZDDI-UHFFFAOYSA-N"", ""HMLZLHKHNBLLJD-UHFFFAOYSA-N"", ""ODCYDGXXCHTFIR-UHFFFAOYSA-N""]","[""FR-BBD3-PARENT-c1094__e00005"", ""FR-BBD3-PARENT-c1094__e00008"", ""FR-BBD3-PARENT-c1094__e00016""]","[1.0, 1.0, 1.0]","[""multi_generation_edge_probability"", ""multi_generation_edge_probability"", ""multi_generation_edge_probability""]",1.0,path_probability_product,simple_acyclic_path,frontier_empty,True,False,False,False,False,False,False,False
FR-BBD3-PARENT-c1094,scope_a_old83_compatible,Caffeine,pharmaceutical_or_personal_care,envipath_prediction,envipath_bbd_rules_multistep,False,FR-BBD3-PARENT-c1094__sp06,6,2,"[""FR-BBD3-PARENT-c1094__n00000"", ""FR-BBD3-PARENT-c1094__n00001"", ""FR-BBD3-PARENT-c1094__n00002""]","[""Cn1c(=O)c2c(ncn2C)n(C)c1=O"", ""Cn1c(=O)[nH]c2ncn(C)c2c1=O"", ""C=O""]","[""RYYVLZVUVIJVGH-UHFFFAOYSA-N"", ""QUNWUDVFRNGTCO-UHFFFAOYSA-N"", ""WSFSSNUMVMOOMR-UHFFFAOYSA-N""]","[""FR-BBD3-PARENT-c1094__e00001"", ""FR-BBD3-PARENT-c1094__e00009""]","[1.0, 1.0]","[""multi_generation_edge_probability"", ""multi_generation_edge_probability""]",1.0,path_probability_product,simple_acyclic_path,frontier_empty,True,False,False,False,False,False,False,False
FR-BBD3-PARENT-c1094,scope_a_old83_compatible,Caffeine,pharmaceutical_or_personal_care,envipath_prediction,envipath_bbd_rules_multistep,False,FR-BBD3-PARENT-c1094__sp07,7,2,"[""FR-BBD3-PARENT-c1094__n00000"", ""FR-BBD3-PARENT-c1094__n00004"", ""FR-BBD3-PARENT-c1094__n00009""]","[""Cn1c(=O)c2c(ncn2C)n(C)c1=O"", ""Cn1c(=O)c2[nH]cnc2n(C)c1=O"", ""Cn1c(=O)[nH]c(=O)c2[nH]cnc21""]","[""RYYVLZVUVIJVGH-UHFFFAOYSA-N"", ""ZFXYFBGIUFBOJW-UHFFFAOYSA-N"", ""GMSNIKWWOQHZGF-UHFFFAOYSA-N""]","[""FR-BBD3-PARENT-c1094__e00004"", ""FR-BBD3-PARENT-c1094__e00010""]","[1.0, 1.0]","[""multi_generation_edge_probability"", ""multi_generation_edge_probability""]",1.0,path_probability_product,simple_acyclic_path,frontier_empty,True,False,False,False,False,False,False,False
FR-BBD3-PARENT-c1094,scope_a_old83_compatible,Caffeine,pharmaceutical_or_personal_care,envipath_prediction,envipath_bbd_rules_multistep,False,FR-BBD3-PARENT-c1094__sp08,8,2,"[""FR-BBD3-PARENT-c1094__n00000"", ""FR-BBD3-PARENT-c1094__n00005"", ""FR-BBD3-PARENT-c1094__n00010""]","[""Cn1c(=O)c2c(ncn2C)n(C)c1=O"", ""Cn1c(=O)c2c([nH]c(=O)n2C)n(C)c1=O"", ""Cn1c(=O)c2[nH]c(=O)[nH]c2n(C)c1=O""]","[""RYYVLZVUVIJVGH-UHFFFAOYSA-N"", ""BYXCFUMGEBZDDI-UHFFFAOYSA-N"", ""OTSBKHHWSQYEHK-UHFFFAOYSA-N""]","[""FR-BBD3-PARENT-c1094__e00005"", ""FR-BBD3-PARENT-c1094__e00011""]","[1.0, 1.0]","[""multi_generation_edge_probability"", ""multi_generation_edge_probability""]",1.0,path_probability_product,simple_acyclic_path,frontier_empty,True,False,False,False,False,False,False,False
FR-BBD3-PARENT-c1094,scope_a_old83_compatible,Caffeine,pharmaceutical_or_personal_care,envipath_prediction,envipath_bbd_rules_multistep,False,FR-BBD3-PARENT-c1094__sp09,9,1,"[""FR-BBD3-PARENT-c1094__n00000"", ""FR-BBD3-PARENT-c1094__n00002""]","[""Cn1c(=O)c2c(ncn2C)n(C)c1=O"", ""C=O""]","[""RYYVLZVUVIJVGH-UHFFFAOYSA-N"", ""WSFSSNUMVMOOMR-UHFFFAOYSA-N""]","[""FR-BBD3-PARENT-c1094__e00002""]",[1.0],"[""multi_generation_edge_probability""]",1.0,path_probability_product,simple_acyclic_path,frontier_empty,True,False,False,False,False,False,False,False
FR-BBD3-PARENT-c1094,scope_a_old83_compatible,Caffeine,pharmaceutical_or_personal_care,envipath_prediction,envipath_bbd_rules_multistep,False,FR-BBD3-PARENT-c1094__sp10,10,1,"[""FR-BBD3-PARENT-c1094__n00000"", ""FR-BBD3-PARENT-c1094__n00003""]","[""Cn1c(=O)c2c(ncn2C)n(C)c1=O"", ""Cn1cnc2c1c(=O)[nH]c(=O)n2C""]","[""RYYVLZVUVIJVGH-UHFFFAOYSA-N"", ""YAPQBXQYLJRXSA-UHFFFAOYSA-N""]","[""FR-BBD3-PARENT-c1094__e00003""]",[1.0],"[""multi_generation_edge_probability""]",1.0,path_probability_product,simple_acyclic_path,frontier_empty,True,False,False,False,False,False,False,False
FR-BBD3-PARENT-c1161,scope_a_old83_compatible,Isoniazid,other_eawag_bbd_xenobiotic,envipath_prediction,envipath_bbd_rules_multistep,False,FR-BBD3-PARENT-c1161__sp01,1,4,"[""FR-BBD3-PARENT-c1161__n00000"", ""FR-BBD3-PARENT-c1161__n00001"", ""FR-BBD3-PARENT-c1161__n00004"", ""FR-BBD3-PARENT-c1161__n00006"", ""FR-BBD3-PARENT-c1161__n00008""]","[""NNC(=O)c1ccncc1"", ""O=C(O)c1ccncc1"", ""O=C(O)c1ccnc(O)c1"", ""O=C(O)c1cc(O)nc(O)c1"", ""O=C(O)c1cc(O)nc(O)c1O""]","[""QRXWMOHMRWLFEY-UHFFFAOYSA-N"", ""TWBYWOBDOCUKOW-UHFFFAOYSA-N"", ""BXHCJLRTXPHUGH-UHFFFAOYSA-N"", ""CSGQJHQYWJLPKY-UHFFFAOYSA-N"", ""PBDMREJMHMSSCD-UHFFFAOYSA-N""]","[""FR-BBD3-PARENT-c1161__e00001"", ""FR-BBD3-PARENT-c1161__e00004"", ""FR-BBD3-PARENT-c1161__e00007"", ""FR-BBD3-PARENT-c1161__e00010""]","[1.0, 1.0, 1.0, 1.0]","[""multi_generation_edge_probability"", ""multi_generation_edge_probability"", ""multi_generation_edge_probability"", ""multi_generation_edge_probability""]",1.0,path_probability_product,simple_acyclic_path,frontier_empty,True,False,False,False,False,False,False,False
FR-BBD3-PARENT-c1161,scope_a_old83_compatible,Isoniazid,other_eawag_bbd_xenobiotic,envipath_prediction,envipath_bbd_rules_multistep,False,FR-BBD3-PARENT-c1161__sp02,2,4,"[""FR-BBD3-PARENT-c1161__n00000"", ""FR-BBD3-PARENT-c1161__n00003"", ""FR-BBD3-PARENT-c1161__n00005"", ""FR-BBD3-PARENT-c1161__n00007"", ""FR-BBD3-PARENT-c1161__n00002""]","[""NNC(=O)c1ccncc1"", ""NNC(=O)c1ccnc(O)c1"", ""NNC(=O)c1cc(O)nc(O)c1"", ""NNC(=O)c1cc(O)nc(O)c1O"", ""NN""]","[""QRXWMOHMRWLFEY-UHFFFAOYSA-N"", ""DZPNPAQQKFNTQP-UHFFFAOYSA-N"", ""ACCRFCDWVNCILL-UHFFFAOYSA-N"", ""UYPOJWRVDOGFAF-UHFFFAOYSA-N"", ""OAKJQQAXSVQMHS-UHFFFAOYSA-N""]","[""FR-BBD3-PARENT-c1161__e00003"", ""FR-BBD3-PARENT-c1161__e00005"", ""FR-BBD3-PARENT-c1161__e00008"", ""FR-BBD3-PARENT-c1161__e00011""]","[1.0, 1.0, 1.0, 1.0]","[""multi_generation_edge_probability"", ""multi_generation_edge_probability"", ""multi_generation_edge_probability"", ""multi_generation_edge_probability""]",1.0,path_probability_product,simple_acyclic_path,frontier_empty,True,False,False,False,False,False,False,False
FR-BBD3-PARENT-c1161,scope_a_old83_compatible,Isoniazid,other_eawag_bbd_xenobiotic,envipath_prediction,envipath_bbd_rules_multistep,False,FR-BBD3-PARENT-c1161__sp03,3,3,"[""FR-BBD3-PARENT-c1161__n00000"", ""FR-BBD3-PARENT-c1161__n00003"", ""FR-BBD3-PARENT-c1161__n00005"", ""FR-BBD3-PARENT-c1161__n00002""]","[""NNC(=O)c1ccncc1"", ""NNC(=O)c1ccnc(O)c1"", ""NNC(=O)c1cc(O)nc(O)c1"", ""NN""]","[""QRXWMOHMRWLFEY-UHFFFAOYSA-N"", ""DZPNPAQQKFNTQP-UHFFFAOYSA-N"", ""ACCRFCDWVNCILL-UHFFFAOYSA-N"", ""OAKJQQAXSVQMHS-UHFFFAOYSA-N""]","[""FR-BBD3-PARENT-c1161__e00003"", ""FR-BBD3-PARENT-c1161__e00005"", ""FR-BBD3-PARENT-c1161__e00009""]","[1.0, 1.0, 1.0]","[""multi_generation_edge_probability"", ""multi_generation_edge_probability"", ""multi_generation_edge_probability""]",1.0,path_probability_product,simple_acyclic_path,frontier_empty,True,False,False,False,False,False,False,False
FR-BBD3-PARENT-c1161,scope_a_old83_compatible,Isoniazid,other_eawag_bbd_xenobiotic,envipath_prediction,envipath_bbd_rules_multistep,False,FR-BBD3-PARENT-c1161__sp04,4,2,"[""FR-BBD3-PARENT-c1161__n00000"", ""FR-BBD3-PARENT-c1161__n00003"", ""FR-BBD3-PARENT-c1161__n00002""]","[""NNC(=O)c1ccncc1"", ""NNC(=O)c1ccnc(O)c1"", ""NN""]","[""QRXWMOHMRWLFEY-UHFFFAOYSA-N"", ""DZPNPAQQKFNTQP-UHFFFAOYSA-N"", ""OAKJQQAXSVQMHS-UHFFFAOYSA-N""]","[""FR-BBD3-PARENT-c1161__e00003"", ""FR-BBD3-PARENT-c1161__e00006""]","[1.0, 1.0]","[""multi_generation_edge_probability"", ""multi_generation_edge_probability""]",1.0,path_probability_product,simple_acyclic_path,frontier_empty,True,False,False,False,False,False,False,False
FR-BBD3-PARENT-c1161,scope_a_old83_compatible,Isoniazid,other_eawag_bbd_xenobiotic,envipath_prediction,envipath_bbd_rules_multistep,False,FR-BBD3-PARENT-c1161__sp05,5,1,"[""FR-BBD3-PARENT-c1161__n00000"", ""FR-BBD3-PARENT-c1161__n00002""]","[""NNC(=O)c1ccncc1"", ""NN""]","[""QRXWMOHMRWLFEY-UHFFFAOYSA-N"", ""OAKJQQAXSVQMHS-UHFFFAOYSA-N""]","[""FR-BBD3-PARENT-c1161__e00002""]",[1.0],"[""multi_generation_edge_probability""]",1.0,path_probability_product,simple_acyclic_path,frontier_empty,True,False,False,False,False,False,False,False
FR-BBD3-PARENT-c1182,scope_a_old83_compatible,Furfural,other_eawag_bbd_xenobiotic,envipath_prediction,envipath_bbd_rules_multistep,False,FR-BBD3-PARENT-c1182__sp01,1,5,"[""FR-BBD3-PARENT-c1182__n00000"", ""FR-BBD3-PARENT-c1182__n00001"", ""FR-BBD3-PARENT-c1182__n00003"", ""FR-BBD3-PARENT-c1182__n00005"", ""FR-BBD3-PARENT-c1182__n00008"", ""FR-BBD3-PARENT-c1182__n00013""]","[""O=Cc1ccco1"", ""O=Cc1ccc(O)o1"", ""O=CC(=O)CCC(=O)O"", ""O=CC(=O)CC(O)C(=O)O"", ""O=CC(=O)C(O)C(O)C(=O)O"", ""O=C(O)C(=O)C(O)C(O)C(=O)O""]","[""HYBBIBNJHNGZAN-UHFFFAOYSA-N"", ""QVYAWBLDJPTXHS-UHFFFAOYSA-N"", ""YHUFRVYVNKGICT-UHFFFAOYSA-N"", ""KNDIXNNKZAPZAO-UHFFFAOYSA-N"", ""DCEFPVTVBKKAFY-UHFFFAOYSA-N"", ""XRFRWSQHMJJNME-UHFFFAOYSA-N""]","[""FR-BBD3-PARENT-c1182__e00001"", ""FR-BBD3-PARENT-c1182__e00003"", ""FR-BBD3-PARENT-c1182__e00005"", ""FR-BBD3-PARENT-c1182__e00008"", ""FR-BBD3-PARENT-c1182__e00013""]","[1.0, 1.0, 1.0, 1.0, 1.0]","[""multi_generation_edge_probability"", ""multi_generation_edge_probability"", ""multi_generation_edge_probability"", ""multi_generation_edge_probability"", ""multi_generation_edge_probability""]",1.0,path_probability_product,simple_acyclic_path,frontier_empty,True,False,False,False,False,False,False,False
FR-BBD3-PARENT-c1182,scope_a_old83_compatible,Furfural,other_eawag_bbd_xenobiotic,envipath_prediction,envipath_bbd_rules_multistep,False,FR-BBD3-PARENT-c1182__sp02,2,5,"[""FR-BBD3-PARENT-c1182__n00000"", ""FR-BBD3-PARENT-c1182__n00001"", ""FR-BBD3-PARENT-c1182__n00003"", ""FR-BBD3-PARENT-c1182__n00005"", ""FR-BBD3-PARENT-c1182__n00008"", ""FR-BBD3-PARENT-c1182__n00014""]","[""O=Cc1ccco1"", ""O=Cc1ccc(O)o1"", ""O=CC(=O)CCC(=O)O"", ""O=CC(=O)CC(O)C(=O)O"", ""O=CC(=O)C(O)C(O)C(=O)O"", ""O=CC(=O)C(=O)C(O)C(=O)O""]","[""HYBBIBNJHNGZAN-UHFFFAOYSA-N"", ""QVYAWBLDJPTXHS-UHFFFAOYSA-N"", ""YHUFRVYVNKGICT-UHFFFAOYSA-N"", ""KNDIXNNKZAPZAO-UHFFFAOYSA-N"", ""DCEFPVTVBKKAFY-UHFFFAOYSA-N"", ""CXXYYNJLYMMRSE-UHFFFAOYSA-N""]","[""FR-BBD3-PARENT-c1182__e00001"", ""FR-BBD3-PARENT-c1182__e00003"", ""FR-BBD3-PARENT-c1182__e00005"", ""FR-BBD3-PARENT-c1182__e00008"", ""FR-BBD3-PARENT-c1182__e00014""]","[1.0, 1.0, 1.0, 1.0, 1.0]","[""multi_generation_edge_probability"", ""multi_generation_edge_probability"", ""multi_generation_edge_probability"", ""multi_generation_edge_probability"", ""multi_generation_edge_probability""]",1.0,path_probability_product,simple_acyclic_path,frontier_empty,True,False,False,False,False,False,False,False
FR-BBD3-PARENT-c1182,scope_a_old83_compatible,Furfural,other_eawag_bbd_xenobiotic,envipath_prediction,envipath_bbd_rules_multistep,False,FR-BBD3-PARENT-c1182__sp03,3,5,"[""FR-BBD3-PARENT-c1182__n00000"", ""FR-BBD3-PARENT-c1182__n00001"", ""FR-BBD3-PARENT-c1182__n00003"", ""FR-BBD3-PARENT-c1182__n00005"", ""FR-BBD3-PARENT-c1182__n00008"", ""FR-BBD3-PARENT-c1182__n00015""]","[""O=Cc1ccco1"", ""O=Cc1ccc(O)o1"", ""O=CC(=O)CCC(=O)O"", ""O=CC(=O)CC(O)C(=O)O"", ""O=CC(=O)C(O)C(O)C(=O)O"", ""O=CC(=O)C(O)C(=O)C(=O)O""]","[""HYBBIBNJHNGZAN-UHFFFAOYSA-N"", ""QVYAWBLDJPTXHS-UHFFFAOYSA-N"", ""YHUFRVYVNKGICT-UHFFFAOYSA-N"", ""KNDIXNNKZAPZAO-UHFFFAOYSA-N"", ""DCEFPVTVBKKAFY-UHFFFAOYSA-N"", ""NQZUOVFPCIHZMM-UHFFFAOYSA-N""]","[""FR-BBD3-PARENT-c1182__e00001"", ""FR-BBD3-PARENT-c1182__e00003"", ""FR-BBD3-PARENT-c1182__e00005"", ""FR-BBD3-PARENT-c1182__e00008"", ""FR-BBD3-PARENT-c1182__e00015""]","[1.0, 1.0, 1.0, 1.0, 1.0]","[""multi_generation_edge_probability"", ""multi_generation_edge_probability"", ""multi_generation_edge_probability"", ""multi_generation_edge_probability"", ""multi_generation_edge_probability""]",1.0,path_probability_product,simple_acyclic_path,frontier_empty,True,False,False,False,False,False,False,False
FR-BBD3-PARENT-c1182,scope_a_old83_compatible,Furfural,other_eawag_bbd_xenobiotic,envipath_prediction,envipath_bbd_rules_multistep,False,FR-BBD3-PARENT-c1182__sp04,4,4,"[""FR-BBD3-PARENT-c1182__n00000"", ""FR-BBD3-PARENT-c1182__n00001"", ""FR-BBD3-PARENT-c1182__n00003"", ""FR-BBD3-PARENT-c1182__n00005"", ""FR-BBD3-PARENT-c1182__n00011""]","[""O=Cc1ccco1"", ""O=Cc1ccc(O)o1"", ""O=CC(=O)CCC(=O)O"", ""O=CC(=O)CC(O)C(=O)O"", ""O=CC(=O)CC(=O)C(=O)O""]","[""HYBBIBNJHNGZAN-UHFFFAOYSA-N"", ""QVYAWBLDJPTXHS-UHFFFAOYSA-N"", ""YHUFRVYVNKGICT-UHFFFAOYSA-N"", ""KNDIXNNKZAPZAO-UHFFFAOYSA-N"", ""KMPFAIDOQHJJSE-UHFFFAOYSA-N""]","[""FR-BBD3-PARENT-c1182__e00001"", ""FR-BBD3-PARENT-c1182__e00003"", ""FR-BBD3-PARENT-c1182__e00005"", ""FR-BBD3-PARENT-c1182__e00011""]","[1.0, 1.0, 1.0, 1.0]","[""multi_generation_edge_probability"", ""multi_generation_edge_probability"", ""multi_generation_edge_probability"", ""multi_generation_edge_probability""]",1.0,path_probability_product,simple_acyclic_path,frontier_empty,True,False,False,False,False,False,False,False
FR-BBD3-PARENT-c1182,scope_a_old83_compatible,Furfural,other_eawag_bbd_xenobiotic,envipath_prediction,envipath_bbd_rules_multistep,False,FR-BBD3-PARENT-c1182__sp05,5,4,"[""FR-BBD3-PARENT-c1182__n00000"", ""FR-BBD3-PARENT-c1182__n00001"", ""FR-BBD3-PARENT-c1182__n00003"", ""FR-BBD3-PARENT-c1182__n00007"", ""FR-BBD3-PARENT-c1182__n00012""]","[""O=Cc1ccco1"", ""O=Cc1ccc(O)o1"", ""O=CC(=O)CCC(=O)O"", ""O=CC(=O)C(O)CC(=O)O"", ""O=CC(=O)C(=O)CC(=O)O""]","[""HYBBIBNJHNGZAN-UHFFFAOYSA-N"", ""QVYAWBLDJPTXHS-UHFFFAOYSA-N"", ""YHUFRVYVNKGICT-UHFFFAOYSA-N"", ""QFOOPZJCCSKMTP-UHFFFAOYSA-N"", ""MOJALHCCTMANBS-UHFFFAOYSA-N""]","[""FR-BBD3-PARENT-c1182__e00001"", ""FR-BBD3-PARENT-c1182__e00003"", ""FR-BBD3-PARENT-c1182__e00007"", ""FR-BBD3-PARENT-c1182__e00012""]","[1.0, 1.0, 1.0, 1.0]","[""multi_generation_edge_probability"", ""multi_generation_edge_probability"", ""multi_generation_edge_probability"", ""multi_generation_edge_probability""]",1.0,path_probability_product,simple_acyclic_path,frontier_empty,True,False,False,False,False,False,False,False
FR-BBD3-PARENT-c1182,scope_a_old83_compatible,Furfural,other_eawag_bbd_xenobiotic,envipath_prediction,envipath_bbd_rules_multistep,False,FR-BBD3-PARENT-c1182__sp06,6,4,"[""FR-BBD3-PARENT-c1182__n00000"", ""FR-BBD3-PARENT-c1182__n00002"", ""FR-BBD3-PARENT-c1182__n00004"", ""FR-BBD3-PARENT-c1182__n00006"", ""FR-BBD3-PARENT-c1182__n00009""]","[""O=Cc1ccco1"", ""O=C(O)c1ccco1"", ""O=C(O)c1ccc(O)o1"", ""O=C(O)CCC(=O)C(=O)O"", ""O=C(O)C(=O)CC(O)C(=O)O""]","[""HYBBIBNJHNGZAN-UHFFFAOYSA-N"", ""SMNDYUVBFMFKNZ-UHFFFAOYSA-N"", ""JVUTYZQGCHCOPB-UHFFFAOYSA-N"", ""KPGXRSRHYNQIFN-UHFFFAOYSA-N"", ""WXSKVKPSMAHCSG-UHFFFAOYSA-N""]","[""FR-BBD3-PARENT-c1182__e00002"", ""FR-BBD3-PARENT-c1182__e00004"", ""FR-BBD3-PARENT-c1182__e00006"", ""FR-BBD3-PARENT-c1182__e00009""]","[1.0, 1.0, 1.0, 1.0]","[""multi_generation_edge_probability"", ""multi_generation_edge_probability"", ""multi_generation_edge_probability"", ""multi_generation_edge_probability""]",1.0,path_probability_product,simple_acyclic_path,frontier_empty,True,False,False,False,False,False,False,False
FR-BBD3-PARENT-c1182,scope_a_old83_compatible,Furfural,other_eawag_bbd_xenobiotic,envipath_prediction,envipath_bbd_rules_multistep,False,FR-BBD3-PARENT-c1182__sp07,7,4,"[""FR-BBD3-PARENT-c1182__n00000"", ""FR-BBD3-PARENT-c1182__n00002"", ""FR-BBD3-PARENT-c1182__n00004"", ""FR-BBD3-PARENT-c1182__n00006"", ""FR-BBD3-PARENT-c1182__n00010""]","[""O=Cc1ccco1"", ""O=C(O)c1ccco1"", ""O=C(O)c1ccc(O)o1"", ""O=C(O)CCC(=O)C(=O)O"", ""O=C(O)CC(O)C(=O)C(=O)O""]","[""HYBBIBNJHNGZAN-UHFFFAOYSA-N"", ""SMNDYUVBFMFKNZ-UHFFFAOYSA-N"", ""JVUTYZQGCHCOPB-UHFFFAOYSA-N"", ""KPGXRSRHYNQIFN-UHFFFAOYSA-N"", ""LMTGIVAHAVTTBJ-UHFFFAOYSA-N""]","[""FR-BBD3-PARENT-c1182__e00002"", ""FR-BBD3-PARENT-c1182__e00004"", ""FR-BBD3-PARENT-c1182__e00006"", ""FR-BBD3-PARENT-c1182__e00010""]","[1.0, 1.0, 1.0, 1.0]","[""multi_generation_edge_probability"", ""multi_generation_edge_probability"", ""multi_generation_edge_probability"", ""multi_generation_edge_probability""]",1.0,path_probability_product,simple_acyclic_path,frontier_empty,True,False,False,False,False,False,False,False
FR-BBD3-PARENT-c1188,scope_a_old83_compatible,Endosulfan,other_eawag_bbd_xenobiotic,envipath_prediction,envipath_bbd_rules_multistep,False,FR-BBD3-PARENT-c1188__sp01,1,2,"[""FR-BBD3-PARENT-c1188__n00000"", ""FR-BBD3-PARENT-c1188__n00001"", ""FR-BBD3-PARENT-c1188__n00007""]","[""O=S1OCC2C(CO1)C1(Cl)C(Cl)=C(Cl)C2(Cl)C1(Cl)Cl"", ""O=S1OCC2C(CO1)C1(Cl)C(Cl)C(Cl)C2(Cl)C1(Cl)Cl"", ""O=S1OCC2C3C(Cl)C(Cl)C(Cl)(C2CO1)C3(Cl)Cl""]","[""RDYMFSUJUZBWLH-UHFFFAOYSA-N"", ""OJDRIPAJQYZBPA-UHFFFAOYSA-N"", ""RXIBOETZZDCVJK-UHFFFAOYSA-N""]","[""FR-BBD3-PARENT-c1188__e00001"", ""FR-BBD3-PARENT-c1188__e00007""]","[1.0, 1.0]","[""multi_generation_edge_probability"", ""multi_generation_edge_probability""]",1.0,path_probability_product,simple_acyclic_path,frontier_empty,True,False,False,False,False,False,False,False
FR-BBD3-PARENT-c1188,scope_a_old83_compatible,Endosulfan,other_eawag_bbd_xenobiotic,envipath_prediction,envipath_bbd_rules_multistep,False,FR-BBD3-PARENT-c1188__sp02,2,2,"[""FR-BBD3-PARENT-c1188__n00000"", ""FR-BBD3-PARENT-c1188__n00001"", ""FR-BBD3-PARENT-c1188__n00011""]","[""O=S1OCC2C(CO1)C1(Cl)C(Cl)=C(Cl)C2(Cl)C1(Cl)Cl"", ""O=S1OCC2C(CO1)C1(Cl)C(Cl)C(Cl)C2(Cl)C1(Cl)Cl"", ""O=S1OCC2C(CO1)C1(Cl)C=CC2(Cl)C1(Cl)Cl""]","[""RDYMFSUJUZBWLH-UHFFFAOYSA-N"", ""OJDRIPAJQYZBPA-UHFFFAOYSA-N"", ""HBKUDUHZJFYZBD-UHFFFAOYSA-N""]","[""FR-BBD3-PARENT-c1188__e00001"", ""FR-BBD3-PARENT-c1188__e00011""]","[1.0, 1.0]","[""multi_generation_edge_probability"", ""multi_generation_edge_probability""]",1.0,path_probability_product,simple_acyclic_path,frontier_empty,True,False,False,False,False,False,False,False
FR-BBD3-PARENT-c1188,scope_a_old83_compatible,Endosulfan,other_eawag_bbd_xenobiotic,envipath_prediction,envipath_bbd_rules_multistep,False,FR-BBD3-PARENT-c1188__sp03,3,2,"[""FR-BBD3-PARENT-c1188__n00000"", ""FR-BBD3-PARENT-c1188__n00001"", ""FR-BBD3-PARENT-c1188__n00015""]","[""O=S1OCC2C(CO1)C1(Cl)C(Cl)=C(Cl)C2(Cl)C1(Cl)Cl"", ""O=S1OCC2C(CO1)C1(Cl)C(Cl)C(Cl)C2(Cl)C1(Cl)Cl"", ""O=S1(=O)OCC2C(CO1)C1(Cl)C(Cl)C(Cl)C2(Cl)C1(Cl)Cl""]","[""RDYMFSUJUZBWLH-UHFFFAOYSA-N"", ""OJDRIPAJQYZBPA-UHFFFAOYSA-N"", ""NRHPSRPPSRYOTP-UHFFFAOYSA-N""]","[""FR-BBD3-PARENT-c1188__e00001"", ""FR-BBD3-PARENT-c1188__e00015""]","[1.0, 1.0]","[""multi_generation_edge_probability"", ""multi_generation_edge_probability""]",1.0,path_probability_product,simple_acyclic_path,frontier_empty,True,False,False,False,False,False,False,False
FR-BBD3-PARENT-c1188,scope_a_old83_compatible,Endosulfan,other_eawag_bbd_xenobiotic,envipath_prediction,envipath_bbd_rules_multistep,False,FR-BBD3-PARENT-c1188__sp04,4,2,"[""FR-BBD3-PARENT-c1188__n00000"", ""FR-BBD3-PARENT-c1188__n00001"", ""FR-BBD3-PARENT-c1188__n00019""]","[""O=S1OCC2C(CO1)C1(Cl)C(Cl)=C(Cl)C2(Cl)C1(Cl)Cl"", ""O=S1OCC2C(CO1)C1(Cl)C(Cl)C(Cl)C2(Cl)C1(Cl)Cl"", ""O=S1OCC2C(CO1)C1(Cl)C(Cl)C(Cl)C2(Cl)C1Cl""]","[""RDYMFSUJUZBWLH-UHFFFAOYSA-N"", ""OJDRIPAJQYZBPA-UHFFFAOYSA-N"", ""CQNYOGZKOAWJDS-UHFFFAOYSA-N""]","[""FR-BBD3-PARENT-c1188__e00001"", ""FR-BBD3-PARENT-c1188__e00019""]","[1.0, 1.0]","[""multi_generation_edge_probability"", ""multi_generation_edge_probability""]",1.0,path_probability_product,simple_acyclic_path,frontier_empty,True,False,False,False,False,False,False,False
FR-BBD3-PARENT-c1188,scope_a_old83_compatible,Endosulfan,other_eawag_bbd_xenobiotic,envipath_prediction,envipath_bbd_rules_multistep,False,FR-BBD3-PARENT-c1188__sp05,5,2,"[""FR-BBD3-PARENT-c1188__n00000"", ""FR-BBD3-PARENT-c1188__n00001"", ""FR-BBD3-PARENT-c1188__n00023""]","[""O=S1OCC2C(CO1)C1(Cl)C(Cl)=C(Cl)C2(Cl)C1(Cl)Cl"", ""O=S1OCC2C(CO1)C1(Cl)C(Cl)C(Cl)C2(Cl)C1(Cl)Cl"", ""O=S1OCC2C(CO1)C1(Cl)C(Cl)CC2(Cl)C1(Cl)Cl""]","[""RDYMFSUJUZBWLH-UHFFFAOYSA-N"", ""OJDRIPAJQYZBPA-UHFFFAOYSA-N"", ""AZGTZICNXUCMHT-UHFFFAOYSA-N""]","[""FR-BBD3-PARENT-c1188__e00001"", ""FR-BBD3-PARENT-c1188__e00023""]","[1.0, 1.0]","[""multi_generation_edge_probability"", ""multi_generation_edge_probability""]",1.0,path_probability_product,simple_acyclic_path,frontier_empty,True,False,False,False,False,False,False,False
FR-BBD3-PARENT-c1188,scope_a_old83_compatible,Endosulfan,other_eawag_bbd_xenobiotic,envipath_prediction,envipath_bbd_rules_multistep,False,FR-BBD3-PARENT-c1188__sp06,6,2,"[""FR-BBD3-PARENT-c1188__n00000"", ""FR-BBD3-PARENT-c1188__n00001"", ""FR-BBD3-PARENT-c1188__n00026""]","[""O=S1OCC2C(CO1)C1(Cl)C(Cl)=C(Cl)C2(Cl)C1(Cl)Cl"", ""O=S1OCC2C(CO1)C1(Cl)C(Cl)C(Cl)C2(Cl)C1(Cl)Cl"", ""O=S1OCC2C(O)(CO1)C1(Cl)C(Cl)C(Cl)C2(Cl)C1(Cl)Cl""]","[""RDYMFSUJUZBWLH-UHFFFAOYSA-N"", ""OJDRIPAJQYZBPA-UHFFFAOYSA-N"", ""RZMGSLHLWRTHIL-UHFFFAOYSA-N""]","[""FR-BBD3-PARENT-c1188__e00001"", ""FR-BBD3-PARENT-c1188__e00026""]","[1.0, 1.0]","[""multi_generation_edge_probability"", ""multi_generation_edge_probability""]",1.0,path_probability_product,simple_acyclic_path,frontier_empty,True,False,False,False,False,False,False,False
FR-BBD3-PARENT-c1188,scope_a_old83_compatible,Endosulfan,other_eawag_bbd_xenobiotic,envipath_prediction,envipath_bbd_rules_multistep,False,FR-BBD3-PARENT-c1188__sp07,7,2,"[""FR-BBD3-PARENT-c1188__n00000"", ""FR-BBD3-PARENT-c1188__n00002"", ""FR-BBD3-PARENT-c1188__n00008""]","[""O=S1OCC2C(CO1)C1(Cl)C(Cl)=C(Cl)C2(Cl)C1(Cl)Cl"", ""O=S1(=O)OCC2C(CO1)C1(Cl)C(Cl)=C(Cl)C2(Cl)C1(Cl)Cl"", ""O=S1(=O)OCC2C(O)(CO1)C1(Cl)C(Cl)=C(Cl)C2(Cl)C1(Cl)Cl""]","[""RDYMFSUJUZBWLH-UHFFFAOYSA-N"", ""AAPVQEMYVNZIOO-UHFFFAOYSA-N"", ""RBGMENMBVJSQJE-UHFFFAOYSA-N""]","[""FR-BBD3-PARENT-c1188__e00002"", ""FR-BBD3-PARENT-c1188__e00008""]","[1.0, 1.0]","[""multi_generation_edge_probability"", ""multi_generation_edge_probability""]",1.0,path_probability_product,simple_acyclic_path,frontier_empty,True,False,False,False,False,False,False,False
FR-BBD3-PARENT-c1188,scope_a_old83_compatible,Endosulfan,other_eawag_bbd_xenobiotic,envipath_prediction,envipath_bbd_rules_multistep,False,FR-BBD3-PARENT-c1188__sp08,8,2,"[""FR-BBD3-PARENT-c1188__n00000"", ""FR-BBD3-PARENT-c1188__n00002"", ""FR-BBD3-PARENT-c1188__n00012""]","[""O=S1OCC2C(CO1)C1(Cl)C(Cl)=C(Cl)C2(Cl)C1(Cl)Cl"", ""O=S1(=O)OCC2C(CO1)C1(Cl)C(Cl)=C(Cl)C2(Cl)C1(Cl)Cl"", ""O=S1(=O)OCC2C(CO1)C1(Cl)C(Cl)=C(Cl)C2(Cl)C1Cl""]","[""RDYMFSUJUZBWLH-UHFFFAOYSA-N"", ""AAPVQEMYVNZIOO-UHFFFAOYSA-N"", ""YJYSMDWLLMBICR-UHFFFAOYSA-N""]","[""FR-BBD3-PARENT-c1188__e00002"", ""FR-BBD3-PARENT-c1188__e00012""]","[1.0, 1.0]","[""multi_generation_edge_probability"", ""multi_generation_edge_probability""]",1.0,path_probability_product,simple_acyclic_path,frontier_empty,True,False,False,False,False,False,False,False
FR-BBD3-PARENT-c1188,scope_a_old83_compatible,Endosulfan,other_eawag_bbd_xenobiotic,envipath_prediction,envipath_bbd_rules_multistep,False,FR-BBD3-PARENT-c1188__sp09,9,2,"[""FR-BBD3-PARENT-c1188__n00000"", ""FR-BBD3-PARENT-c1188__n00002"", ""FR-BBD3-PARENT-c1188__n00016""]","[""O=S1OCC2C(CO1)C1(Cl)C(Cl)=C(Cl)C2(Cl)C1(Cl)Cl"", ""O=S1(=O)OCC2C(CO1)C1(Cl)C(Cl)=C(Cl)C2(Cl)C1(Cl)Cl"", ""O=S1(=O)OCC2C3C(Cl)=C(Cl)C(Cl)(C2CO1)C3(Cl)Cl""]","[""RDYMFSUJUZBWLH-UHFFFAOYSA-N"", ""AAPVQEMYVNZIOO-UHFFFAOYSA-N"", ""NEINAXOIGGHVGR-UHFFFAOYSA-N""]","[""FR-BBD3-PARENT-c1188__e00002"", ""FR-BBD3-PARENT-c1188__e00016""]","[1.0, 1.0]","[""multi_generation_edge_probability"", ""multi_generation_edge_probability""]",1.0,path_probability_product,simple_acyclic_path,frontier_empty,True,False,False,False,False,False,False,False
FR-BBD3-PARENT-c1188,scope_a_old83_compatible,Endosulfan,other_eawag_bbd_xenobiotic,envipath_prediction,envipath_bbd_rules_multistep,False,FR-BBD3-PARENT-c1188__sp10,10,2,"[""FR-BBD3-PARENT-c1188__n00000"", ""FR-BBD3-PARENT-c1188__n00002"", ""FR-BBD3-PARENT-c1188__n00024""]","[""O=S1OCC2C(CO1)C1(Cl)C(Cl)=C(Cl)C2(Cl)C1(Cl)Cl"", ""O=S1(=O)OCC2C(CO1)C1(Cl)C(Cl)=C(Cl)C2(Cl)C1(Cl)Cl"", ""O=S(=O)(O)OCC1C(CO)C2(Cl)C(Cl)=C(Cl)C1(Cl)C2(Cl)Cl""]","[""RDYMFSUJUZBWLH-UHFFFAOYSA-N"", ""AAPVQEMYVNZIOO-UHFFFAOYSA-N"", ""RUOUHQUFHRZCHA-UHFFFAOYSA-N""]","[""FR-BBD3-PARENT-c1188__e00002"", ""FR-BBD3-PARENT-c1188__e00024""]","[1.0, 1.0]","[""multi_generation_edge_probability"", ""multi_generation_edge_probability""]",1.0,path_probability_product,simple_acyclic_path,frontier_empty,True,False,False,False,False,False,False,False
FR-BBD3-PARENT-c1263,scope_a_old83_compatible,Asulam,other_eawag_bbd_xenobiotic,envipath_prediction,envipath_bbd_rules_multistep,False,FR-BBD3-PARENT-c1263__sp01,1,4,"[""FR-BBD3-PARENT-c1263__n00000"", ""FR-BBD3-PARENT-c1263__n00003"", ""FR-BBD3-PARENT-c1263__n00008"", ""FR-BBD3-PARENT-c1263__n00011"", ""FR-BBD3-PARENT-c1263__n00004""]","[""COC(=O)NS(=O)(=O)c1ccc(N)cc1"", ""COC(=O)NS(=O)(=O)c1ccc(O)c(O)c1"", ""COC(=O)NS(=O)(=O)c1cc(O)c(O)cc1O"", ""NS(=O)(=O)c1cc(O)c(O)cc1O"", ""N""]","[""VGPYEHKOIGNJKV-UHFFFAOYSA-N"", ""YPGNBEFGJYOJDU-UHFFFAOYSA-N"", ""UPOLSSRBWXMCJR-UHFFFAOYSA-N"", ""QBMUREYRZBNDAX-UHFFFAOYSA-N"", ""QGZKDVFQNNGYKY-UHFFFAOYSA-N""]","[""FR-BBD3-PARENT-c1263__e00003"", ""FR-BBD3-PARENT-c1263__e00009"", ""FR-BBD3-PARENT-c1263__e00015"", ""FR-BBD3-PARENT-c1263__e00020""]","[1.0, 1.0, 1.0, 1.0]","[""multi_generation_edge_probability"", ""multi_generation_edge_probability"", ""multi_generation_edge_probability"", ""multi_generation_edge_probability""]",1.0,path_probability_product,simple_acyclic_path,frontier_empty,True,False,False,False,False,False,False,False
FR-BBD3-PARENT-c1263,scope_a_old83_compatible,Asulam,other_eawag_bbd_xenobiotic,envipath_prediction,envipath_bbd_rules_multistep,False,FR-BBD3-PARENT-c1263__sp02,2,4,"[""FR-BBD3-PARENT-c1263__n00000"", ""FR-BBD3-PARENT-c1263__n00003"", ""FR-BBD3-PARENT-c1263__n00008"", ""FR-BBD3-PARENT-c1263__n00011"", ""FR-BBD3-PARENT-c1263__n00010""]","[""COC(=O)NS(=O)(=O)c1ccc(N)cc1"", ""COC(=O)NS(=O)(=O)c1ccc(O)c(O)c1"", ""COC(=O)NS(=O)(=O)c1cc(O)c(O)cc1O"", ""NS(=O)(=O)c1cc(O)c(O)cc1O"", ""O=S(=O)(O)c1cc(O)c(O)cc1O""]","[""VGPYEHKOIGNJKV-UHFFFAOYSA-N"", ""YPGNBEFGJYOJDU-UHFFFAOYSA-N"", ""UPOLSSRBWXMCJR-UHFFFAOYSA-N"", ""QBMUREYRZBNDAX-UHFFFAOYSA-N"", ""UTONEBGRZQYUKQ-UHFFFAOYSA-N""]","[""FR-BBD3-PARENT-c1263__e00003"", ""FR-BBD3-PARENT-c1263__e00009"", ""FR-BBD3-PARENT-c1263__e00015"", ""FR-BBD3-PARENT-c1263__e00021""]","[1.0, 1.0, 1.0, 1.0]","[""multi_generation_edge_probability"", ""multi_generation_edge_probability"", ""multi_generation_edge_probability"", ""multi_generation_edge_probability""]",1.0,path_probability_product,simple_acyclic_path,frontier_empty,True,False,False,False,False,False,False,False
FR-BBD3-PARENT-c1263,scope_a_old83_compatible,Asulam,other_eawag_bbd_xenobiotic,envipath_prediction,envipath_bbd_rules_multistep,False,FR-BBD3-PARENT-c1263__sp03,3,4,"[""FR-BBD3-PARENT-c1263__n00000"", ""FR-BBD3-PARENT-c1263__n00003"", ""FR-BBD3-PARENT-c1263__n00009"", ""FR-BBD3-PARENT-c1263__n00007"", ""FR-BBD3-PARENT-c1263__n00010""]","[""COC(=O)NS(=O)(=O)c1ccc(N)cc1"", ""COC(=O)NS(=O)(=O)c1ccc(O)c(O)c1"", ""NS(=O)(=O)c1ccc(O)c(O)c1"", ""O=S(=O)(O)c1ccc(O)c(O)c1"", ""O=S(=O)(O)c1cc(O)c(O)cc1O""]","[""VGPYEHKOIGNJKV-UHFFFAOYSA-N"", ""YPGNBEFGJYOJDU-UHFFFAOYSA-N"", ""YDBLXRHSQQMFBX-UHFFFAOYSA-N"", ""LTPDITOEDOAWRU-UHFFFAOYSA-N"", ""UTONEBGRZQYUKQ-UHFFFAOYSA-N""]","[""FR-BBD3-PARENT-c1263__e00003"", ""FR-BBD3-PARENT-c1263__e00010"", ""FR-BBD3-PARENT-c1263__e00018"", ""FR-BBD3-PARENT-c1263__e00014""]","[1.0, 1.0, 1.0, 1.0]","[""multi_generation_edge_probability"", ""multi_generation_edge_probability"", ""multi_generation_edge_probability"", ""multi_generation_edge_probability""]",1.0,path_probability_product,simple_acyclic_path,frontier_empty,True,False,False,False,False,False,False,False
FR-BBD3-PARENT-c1263,scope_a_old83_compatible,Asulam,other_eawag_bbd_xenobiotic,envipath_prediction,envipath_bbd_rules_multistep,False,FR-BBD3-PARENT-c1263__sp04,4,4,"[""FR-BBD3-PARENT-c1263__n00000"", ""FR-BBD3-PARENT-c1263__n00005"", ""FR-BBD3-PARENT-c1263__n00002"", ""FR-BBD3-PARENT-c1263__n00007"", ""FR-BBD3-PARENT-c1263__n00010""]","[""COC(=O)NS(=O)(=O)c1ccc(N)cc1"", ""Nc1ccc(S(N)(=O)=O)cc1"", ""Nc1ccc(S(=O)(=O)O)cc1"", ""O=S(=O)(O)c1ccc(O)c(O)c1"", ""O=S(=O)(O)c1cc(O)c(O)cc1O""]","[""VGPYEHKOIGNJKV-UHFFFAOYSA-N"", ""FDDDEECHVMSUSB-UHFFFAOYSA-N"", ""HVBSAKJJOYLTQU-UHFFFAOYSA-N"", ""LTPDITOEDOAWRU-UHFFFAOYSA-N"", ""UTONEBGRZQYUKQ-UHFFFAOYSA-N""]","[""FR-BBD3-PARENT-c1263__e00005"", ""FR-BBD3-PARENT-c1263__e00011"", ""FR-BBD3-PARENT-c1263__e00007"", ""FR-BBD3-PARENT-c1263__e00014""]","[1.0, 1.0, 1.0, 1.0]","[""multi_generation_edge_probability"", ""multi_generation_edge_probability"", ""multi_generation_edge_probability"", ""multi_generation_edge_probability""]",1.0,path_probability_product,simple_acyclic_path,frontier_empty,True,False,False,False,False,False,False,False
FR-BBD3-PARENT-c1263,scope_a_old83_compatible,Asulam,other_eawag_bbd_xenobiotic,envipath_prediction,envipath_bbd_rules_multistep,False,FR-BBD3-PARENT-c1263__sp05,5,3,"[""FR-BBD3-PARENT-c1263__n00000"", ""FR-BBD3-PARENT-c1263__n00002"", ""FR-BBD3-PARENT-c1263__n00007"", ""FR-BBD3-PARENT-c1263__n00010""]","[""COC(=O)NS(=O)(=O)c1ccc(N)cc1"", ""Nc1ccc(S(=O)(=O)O)cc1"", ""O=S(=O)(O)c1ccc(O)c(O)c1"", ""O=S(=O)(O)c1cc(O)c(O)cc1O""]","[""VGPYEHKOIGNJKV-UHFFFAOYSA-N"", ""HVBSAKJJOYLTQU-UHFFFAOYSA-N"", ""LTPDITOEDOAWRU-UHFFFAOYSA-N"", ""UTONEBGRZQYUKQ-UHFFFAOYSA-N""]","[""FR-BBD3-PARENT-c1263__e00002"", ""FR-BBD3-PARENT-c1263__e00007"", ""FR-BBD3-PARENT-c1263__e00014""]","[1.0, 1.0, 1.0]","[""multi_generation_edge_probability"", ""multi_generation_edge_probability"", ""multi_generation_edge_probability""]",1.0,path_probability_product,simple_acyclic_path,frontier_empty,True,False,False,False,False,False,False,False
FR-BBD3-PARENT-c1263,scope_a_old83_compatible,Asulam,other_eawag_bbd_xenobiotic,envipath_prediction,envipath_bbd_rules_multistep,False,FR-BBD3-PARENT-c1263__sp06,6,3,"[""FR-BBD3-PARENT-c1263__n00000"", ""FR-BBD3-PARENT-c1263__n00003"", ""FR-BBD3-PARENT-c1263__n00008"", ""FR-BBD3-PARENT-c1263__n00006""]","[""COC(=O)NS(=O)(=O)c1ccc(N)cc1"", ""COC(=O)NS(=O)(=O)c1ccc(O)c(O)c1"", ""COC(=O)NS(=O)(=O)c1cc(O)c(O)cc1O"", ""COC(=O)O""]","[""VGPYEHKOIGNJKV-UHFFFAOYSA-N"", ""YPGNBEFGJYOJDU-UHFFFAOYSA-N"", ""UPOLSSRBWXMCJR-UHFFFAOYSA-N"", ""CXHHBNMLPJOKQD-UHFFFAOYSA-N""]","[""FR-BBD3-PARENT-c1263__e00003"", ""FR-BBD3-PARENT-c1263__e00009"", ""FR-BBD3-PARENT-c1263__e00017""]","[1.0, 1.0, 1.0]","[""multi_generation_edge_probability"", ""multi_generation_edge_probability"", ""multi_generation_edge_probability""]",1.0,path_probability_product,simple_acyclic_path,frontier_empty,True,False,False,False,False,False,False,False
FR-BBD3-PARENT-c1263,scope_a_old83_compatible,Asulam,other_eawag_bbd_xenobiotic,envipath_prediction,envipath_bbd_rules_multistep,False,FR-BBD3-PARENT-c1263__sp07,7,3,"[""FR-BBD3-PARENT-c1263__n00000"", ""FR-BBD3-PARENT-c1263__n00003"", ""FR-BBD3-PARENT-c1263__n00008"", ""FR-BBD3-PARENT-c1263__n00001""]","[""COC(=O)NS(=O)(=O)c1ccc(N)cc1"", ""COC(=O)NS(=O)(=O)c1ccc(O)c(O)c1"", ""COC(=O)NS(=O)(=O)c1cc(O)c(O)cc1O"", ""COC(N)=O""]","[""VGPYEHKOIGNJKV-UHFFFAOYSA-N"", ""YPGNBEFGJYOJDU-UHFFFAOYSA-N"", ""UPOLSSRBWXMCJR-UHFFFAOYSA-N"", ""GTCAXTIRRLKXRU-UHFFFAOYSA-N""]","[""FR-BBD3-PARENT-c1263__e00003"", ""FR-BBD3-PARENT-c1263__e00009"", ""FR-BBD3-PARENT-c1263__e00019""]","[1.0, 1.0, 1.0]","[""multi_generation_edge_probability"", ""multi_generation_edge_probability"", ""multi_generation_edge_probability""]",1.0,path_probability_product,simple_acyclic_path,frontier_empty,True,False,False,False,False,False,False,False
FR-BBD3-PARENT-c1263,scope_a_old83_compatible,Asulam,other_eawag_bbd_xenobiotic,envipath_prediction,envipath_bbd_rules_multistep,False,FR-BBD3-PARENT-c1263__sp08,8,3,"[""FR-BBD3-PARENT-c1263__n00000"", ""FR-BBD3-PARENT-c1263__n00003"", ""FR-BBD3-PARENT-c1263__n00009"", ""FR-BBD3-PARENT-c1263__n00004""]","[""COC(=O)NS(=O)(=O)c1ccc(N)cc1"", ""COC(=O)NS(=O)(=O)c1ccc(O)c(O)c1"", ""NS(=O)(=O)c1ccc(O)c(O)c1"", ""N""]","[""VGPYEHKOIGNJKV-UHFFFAOYSA-N"", ""YPGNBEFGJYOJDU-UHFFFAOYSA-N"", ""YDBLXRHSQQMFBX-UHFFFAOYSA-N"", ""QGZKDVFQNNGYKY-UHFFFAOYSA-N""]","[""FR-BBD3-PARENT-c1263__e00003"", ""FR-BBD3-PARENT-c1263__e00010"", ""FR-BBD3-PARENT-c1263__e00016""]","[1.0, 1.0, 1.0]","[""multi_generation_edge_probability"", ""multi_generation_edge_probability"", ""multi_generation_edge_probability""]",1.0,path_probability_product,simple_acyclic_path,frontier_empty,True,False,False,False,False,False,False,False
FR-BBD3-PARENT-c1263,scope_a_old83_compatible,Asulam,other_eawag_bbd_xenobiotic,envipath_prediction,envipath_bbd_rules_multistep,False,FR-BBD3-PARENT-c1263__sp09,9,2,"[""FR-BBD3-PARENT-c1263__n00000"", ""FR-BBD3-PARENT-c1263__n00003"", ""FR-BBD3-PARENT-c1263__n00006""]","[""COC(=O)NS(=O)(=O)c1ccc(N)cc1"", ""COC(=O)NS(=O)(=O)c1ccc(O)c(O)c1"", ""COC(=O)O""]","[""VGPYEHKOIGNJKV-UHFFFAOYSA-N"", ""YPGNBEFGJYOJDU-UHFFFAOYSA-N"", ""CXHHBNMLPJOKQD-UHFFFAOYSA-N""]","[""FR-BBD3-PARENT-c1263__e00003"", ""FR-BBD3-PARENT-c1263__e00012""]","[1.0, 1.0]","[""multi_generation_edge_probability"", ""multi_generation_edge_probability""]",1.0,path_probability_product,simple_acyclic_path,frontier_empty,True,False,False,False,False,False,False,False
FR-BBD3-PARENT-c1263,scope_a_old83_compatible,Asulam,other_eawag_bbd_xenobiotic,envipath_prediction,envipath_bbd_rules_multistep,False,FR-BBD3-PARENT-c1263__sp10,10,2,"[""FR-BBD3-PARENT-c1263__n00000"", ""FR-BBD3-PARENT-c1263__n00003"", ""FR-BBD3-PARENT-c1263__n00001""]","[""COC(=O)NS(=O)(=O)c1ccc(N)cc1"", ""COC(=O)NS(=O)(=O)c1ccc(O)c(O)c1"", ""COC(N)=O""]","[""VGPYEHKOIGNJKV-UHFFFAOYSA-N"", ""YPGNBEFGJYOJDU-UHFFFAOYSA-N"", ""GTCAXTIRRLKXRU-UHFFFAOYSA-N""]","[""FR-BBD3-PARENT-c1263__e00003"", ""FR-BBD3-PARENT-c1263__e00013""]","[1.0, 1.0]","[""multi_generation_edge_probability"", ""multi_generation_edge_probability""]",1.0,path_probability_product,simple_acyclic_path,frontier_empty,True,False,False,False,False,False,False,False
FR-BBD3-PARENT-c1266,scope_a_old83_compatible,Bisphenol F,plasticizer_flame_retardant_endocrine,envipath_prediction,envipath_bbd_rules_multistep,False,FR-BBD3-PARENT-c1266__sp01,1,2,"[""FR-BBD3-PARENT-c1266__n00000"", ""FR-BBD3-PARENT-c1266__n00001"", ""FR-BBD3-PARENT-c1266__n00002""]","[""Oc1ccc(Cc2ccc(O)cc2)cc1"", ""Oc1ccc(C(O)c2ccc(O)cc2)cc1"", ""O=C(c1ccc(O)cc1)c1ccc(O)cc1""]","[""PXKLMJQFEQBVLD-UHFFFAOYSA-N"", ""CIDJXBNFIKRPHX-UHFFFAOYSA-N"", ""RXNYJUSEXLAVNQ-UHFFFAOYSA-N""]","[""FR-BBD3-PARENT-c1266__e00001"", ""FR-BBD3-PARENT-c1266__e00002""]","[1.0, 1.0]","[""multi_generation_edge_probability"", ""multi_generation_edge_probability""]",1.0,path_probability_product,simple_acyclic_path,frontier_empty,True,False,False,False,False,False,False,False
FR-BBD3-PARENT-c1267,scope_a_old83_compatible,Dimethyl isophthalate,plasticizer_flame_retardant_endocrine,envipath_prediction,envipath_bbd_rules_multistep,False,FR-BBD3-PARENT-c1267__sp01,1,3,"[""FR-BBD3-PARENT-c1267__n00000"", ""FR-BBD3-PARENT-c1267__n00002"", ""FR-BBD3-PARENT-c1267__n00001"", ""FR-BBD3-PARENT-c1267__n00003""]","[""COC(=O)c1cccc(C(=O)OC)c1"", ""COC(=O)c1cccc(C(=O)O)c1"", ""CO"", ""C=O""]","[""VNGOYPQMJFJDLV-UHFFFAOYSA-N"", ""WMZNGTSLFSJHMZ-UHFFFAOYSA-N"", ""OKKJLVBELUTLKV-UHFFFAOYSA-N"", ""WSFSSNUMVMOOMR-UHFFFAOYSA-N""]","[""FR-BBD3-PARENT-c1267__e00002"", ""FR-BBD3-PARENT-c1267__e00004"", ""FR-BBD3-PARENT-c1267__e00003""]","[1.0, 1.0, 1.0]","[""multi_generation_edge_probability"", ""multi_generation_edge_probability"", ""multi_generation_edge_probability""]",1.0,path_probability_product,simple_acyclic_path,frontier_empty,True,False,False,False,False,False,False,False
FR-BBD3-PARENT-c1267,scope_a_old83_compatible,Dimethyl isophthalate,plasticizer_flame_retardant_endocrine,envipath_prediction,envipath_bbd_rules_multistep,False,FR-BBD3-PARENT-c1267__sp02,2,2,"[""FR-BBD3-PARENT-c1267__n00000"", ""FR-BBD3-PARENT-c1267__n00001"", ""FR-BBD3-PARENT-c1267__n00003""]","[""COC(=O)c1cccc(C(=O)OC)c1"", ""CO"", ""C=O""]","[""VNGOYPQMJFJDLV-UHFFFAOYSA-N"", ""OKKJLVBELUTLKV-UHFFFAOYSA-N"", ""WSFSSNUMVMOOMR-UHFFFAOYSA-N""]","[""FR-BBD3-PARENT-c1267__e00001"", ""FR-BBD3-PARENT-c1267__e00003""]","[1.0, 1.0]","[""multi_generation_edge_probability"", ""multi_generation_edge_probability""]",1.0,path_probability_product,simple_acyclic_path,frontier_empty,True,False,False,False,False,False,False,False
FR-BBD3-PARENT-c1267,scope_a_old83_compatible,Dimethyl isophthalate,plasticizer_flame_retardant_endocrine,envipath_prediction,envipath_bbd_rules_multistep,False,FR-BBD3-PARENT-c1267__sp03,3,2,"[""FR-BBD3-PARENT-c1267__n00000"", ""FR-BBD3-PARENT-c1267__n00002"", ""FR-BBD3-PARENT-c1267__n00004""]","[""COC(=O)c1cccc(C(=O)OC)c1"", ""COC(=O)c1cccc(C(=O)O)c1"", ""O=C(O)c1cccc(C(=O)O)c1""]","[""VNGOYPQMJFJDLV-UHFFFAOYSA-N"", ""WMZNGTSLFSJHMZ-UHFFFAOYSA-N"", ""QQVIHTHCMHWDBS-UHFFFAOYSA-N""]","[""FR-BBD3-PARENT-c1267__e00002"", ""FR-BBD3-PARENT-c1267__e00005""]","[1.0, 1.0]","[""multi_generation_edge_probability"", ""multi_generation_edge_probability""]",1.0,path_probability_product,simple_acyclic_path,frontier_empty,True,False,False,False,False,False,False,False
FR-BBD3-PARENT-c1285,scope_a_old83_compatible,Carbofuran,carbamate_pesticide,envipath_prediction,envipath_bbd_rules_multistep,False,FR-BBD3-PARENT-c1285__sp01,1,3,"[""FR-BBD3-PARENT-c1285__n00000"", ""FR-BBD3-PARENT-c1285__n00001"", ""FR-BBD3-PARENT-c1285__n00007"", ""FR-BBD3-PARENT-c1285__n00021""]","[""CNC(=O)Oc1cccc2c1OC(C)(C)C2"", ""CNC(=O)Oc1cccc2c1OC(C)(CO)C2"", ""CC1(CO)Cc2cccc(O)c2O1"", ""CC1(C=O)Cc2cccc(O)c2O1""]","[""DUEPRVBVGDRKAG-UHFFFAOYSA-N"", ""WOCBIFVGGRBZBI-UHFFFAOYSA-N"", ""TTYOEVJJUCFWQY-UHFFFAOYSA-N"", ""VYOFZCFHSLNKGO-UHFFFAOYSA-N""]","[""FR-BBD3-PARENT-c1285__e00001"", ""FR-BBD3-PARENT-c1285__e00007"", ""FR-BBD3-PARENT-c1285__e00022""]","[1.0, 1.0, 1.0]","[""multi_generation_edge_probability"", ""multi_generation_edge_probability"", ""multi_generation_edge_probability""]",1.0,path_probability_product,simple_acyclic_path,frontier_empty,True,False,False,False,False,False,False,False
FR-BBD3-PARENT-c1285,scope_a_old83_compatible,Carbofuran,carbamate_pesticide,envipath_prediction,envipath_bbd_rules_multistep,False,FR-BBD3-PARENT-c1285__sp02,2,3,"[""FR-BBD3-PARENT-c1285__n00000"", ""FR-BBD3-PARENT-c1285__n00001"", ""FR-BBD3-PARENT-c1285__n00007"", ""FR-BBD3-PARENT-c1285__n00023""]","[""CNC(=O)Oc1cccc2c1OC(C)(C)C2"", ""CNC(=O)Oc1cccc2c1OC(C)(CO)C2"", ""CC1(CO)Cc2cccc(O)c2O1"", ""CC1(CO)Oc2c(O)cccc2C1O""]","[""DUEPRVBVGDRKAG-UHFFFAOYSA-N"", ""WOCBIFVGGRBZBI-UHFFFAOYSA-N"", ""TTYOEVJJUCFWQY-UHFFFAOYSA-N"", ""CANWPLGCRUTKCF-UHFFFAOYSA-N""]","[""FR-BBD3-PARENT-c1285__e00001"", ""FR-BBD3-PARENT-c1285__e00007"", ""FR-BBD3-PARENT-c1285__e00024""]","[1.0, 1.0, 1.0]","[""multi_generation_edge_probability"", ""multi_generation_edge_probability"", ""multi_generation_edge_probability""]",1.0,path_probability_product,simple_acyclic_path,frontier_empty,True,False,False,False,False,False,False,False
FR-BBD3-PARENT-c1285,scope_a_old83_compatible,Carbofuran,carbamate_pesticide,envipath_prediction,envipath_bbd_rules_multistep,False,FR-BBD3-PARENT-c1285__sp03,3,3,"[""FR-BBD3-PARENT-c1285__n00000"", ""FR-BBD3-PARENT-c1285__n00001"", ""FR-BBD3-PARENT-c1285__n00007"", ""FR-BBD3-PARENT-c1285__n00025""]","[""CNC(=O)Oc1cccc2c1OC(C)(C)C2"", ""CNC(=O)Oc1cccc2c1OC(C)(CO)C2"", ""CC1(CO)Cc2cccc(O)c2O1"", ""CC(O)(CO)Cc1cccc(O)c1O""]","[""DUEPRVBVGDRKAG-UHFFFAOYSA-N"", ""WOCBIFVGGRBZBI-UHFFFAOYSA-N"", ""TTYOEVJJUCFWQY-UHFFFAOYSA-N"", ""DIWBXBUAUPYXAE-UHFFFAOYSA-N""]","[""FR-BBD3-PARENT-c1285__e00001"", ""FR-BBD3-PARENT-c1285__e00007"", ""FR-BBD3-PARENT-c1285__e00026""]","[1.0, 1.0, 1.0]","[""multi_generation_edge_probability"", ""multi_generation_edge_probability"", ""multi_generation_edge_probability""]",1.0,path_probability_product,simple_acyclic_path,frontier_empty,True,False,False,False,False,False,False,False
FR-BBD3-PARENT-c1285,scope_a_old83_compatible,Carbofuran,carbamate_pesticide,envipath_prediction,envipath_bbd_rules_multistep,False,FR-BBD3-PARENT-c1285__sp04,4,3,"[""FR-BBD3-PARENT-c1285__n00000"", ""FR-BBD3-PARENT-c1285__n00001"", ""FR-BBD3-PARENT-c1285__n00004"", ""FR-BBD3-PARENT-c1285__n00011""]","[""CNC(=O)Oc1cccc2c1OC(C)(C)C2"", ""CNC(=O)Oc1cccc2c1OC(C)(CO)C2"", ""CN"", ""N""]","[""DUEPRVBVGDRKAG-UHFFFAOYSA-N"", ""WOCBIFVGGRBZBI-UHFFFAOYSA-N"", ""BAVYZALUXZFZLV-UHFFFAOYSA-N"", ""QGZKDVFQNNGYKY-UHFFFAOYSA-N""]","[""FR-BBD3-PARENT-c1285__e00001"", ""FR-BBD3-PARENT-c1285__e00012"", ""FR-BBD3-PARENT-c1285__e00011""]","[1.0, 1.0, 1.0]","[""multi_generation_edge_probability"", ""multi_generation_edge_probability"", ""multi_generation_edge_probability""]",1.0,path_probability_product,simple_acyclic_path,frontier_empty,True,False,False,False,False,False,False,False
FR-BBD3-PARENT-c1285,scope_a_old83_compatible,Carbofuran,carbamate_pesticide,envipath_prediction,envipath_bbd_rules_multistep,False,FR-BBD3-PARENT-c1285__sp05,5,3,"[""FR-BBD3-PARENT-c1285__n00000"", ""FR-BBD3-PARENT-c1285__n00001"", ""FR-BBD3-PARENT-c1285__n00004"", ""FR-BBD3-PARENT-c1285__n00014""]","[""CNC(=O)Oc1cccc2c1OC(C)(C)C2"", ""CNC(=O)Oc1cccc2c1OC(C)(CO)C2"", ""CN"", ""C=O""]","[""DUEPRVBVGDRKAG-UHFFFAOYSA-N"", ""WOCBIFVGGRBZBI-UHFFFAOYSA-N"", ""BAVYZALUXZFZLV-UHFFFAOYSA-N"", ""WSFSSNUMVMOOMR-UHFFFAOYSA-N""]","[""FR-BBD3-PARENT-c1285__e00001"", ""FR-BBD3-PARENT-c1285__e00012"", ""FR-BBD3-PARENT-c1285__e00015""]","[1.0, 1.0, 1.0]","[""multi_generation_edge_probability"", ""multi_generation_edge_probability"", ""multi_generation_edge_probability""]",1.0,path_probability_product,simple_acyclic_path,frontier_empty,True,False,False,False,False,False,False,False
FR-BBD3-PARENT-c1285,scope_a_old83_compatible,Carbofuran,carbamate_pesticide,envipath_prediction,envipath_bbd_rules_multistep,False,FR-BBD3-PARENT-c1285__sp06,6,3,"[""FR-BBD3-PARENT-c1285__n00000"", ""FR-BBD3-PARENT-c1285__n00006"", ""FR-BBD3-PARENT-c1285__n00013"", ""FR-BBD3-PARENT-c1285__n00022""]","[""CNC(=O)Oc1cccc2c1OC(C)(C)C2"", ""CC1(C)Cc2cccc(O)c2O1"", ""CC(C)(O)Cc1cccc(O)c1O"", ""CC(C)(O)Cc1c(O)ccc(O)c1O""]","[""DUEPRVBVGDRKAG-UHFFFAOYSA-N"", ""WJGPNUBJBMCRQH-UHFFFAOYSA-N"", ""YQXXRXLETZYUKJ-UHFFFAOYSA-N"", ""WLRWSTPNMQWFAS-UHFFFAOYSA-N""]","[""FR-BBD3-PARENT-c1285__e00006"", ""FR-BBD3-PARENT-c1285__e00014"", ""FR-BBD3-PARENT-c1285__e00023""]","[1.0, 1.0, 1.0]","[""multi_generation_edge_probability"", ""multi_generation_edge_probability"", ""multi_generation_edge_probability""]",1.0,path_probability_product,simple_acyclic_path,frontier_empty,True,False,False,False,False,False,False,False
FR-BBD3-PARENT-c1285,scope_a_old83_compatible,Carbofuran,carbamate_pesticide,envipath_prediction,envipath_bbd_rules_multistep,False,FR-BBD3-PARENT-c1285__sp07,7,3,"[""FR-BBD3-PARENT-c1285__n00000"", ""FR-BBD3-PARENT-c1285__n00006"", ""FR-BBD3-PARENT-c1285__n00013"", ""FR-BBD3-PARENT-c1285__n00024""]","[""CNC(=O)Oc1cccc2c1OC(C)(C)C2"", ""CC1(C)Cc2cccc(O)c2O1"", ""CC(C)(O)Cc1cccc(O)c1O"", ""C=CCC(=O)C(=O)O""]","[""DUEPRVBVGDRKAG-UHFFFAOYSA-N"", ""WJGPNUBJBMCRQH-UHFFFAOYSA-N"", ""YQXXRXLETZYUKJ-UHFFFAOYSA-N"", ""NOXRYJAWRSNUJD-UHFFFAOYSA-N""]","[""FR-BBD3-PARENT-c1285__e00006"", ""FR-BBD3-PARENT-c1285__e00014"", ""FR-BBD3-PARENT-c1285__e00025""]","[1.0, 1.0, 1.0]","[""multi_generation_edge_probability"", ""multi_generation_edge_probability"", ""multi_generation_edge_probability""]",1.0,path_probability_product,simple_acyclic_path,frontier_empty,True,False,False,False,False,False,False,False
FR-BBD3-PARENT-c1285,scope_a_old83_compatible,Carbofuran,carbamate_pesticide,envipath_prediction,envipath_bbd_rules_multistep,False,FR-BBD3-PARENT-c1285__sp08,8,3,"[""FR-BBD3-PARENT-c1285__n00000"", ""FR-BBD3-PARENT-c1285__n00006"", ""FR-BBD3-PARENT-c1285__n00013"", ""FR-BBD3-PARENT-c1285__n00026""]","[""CNC(=O)Oc1cccc2c1OC(C)(C)C2"", ""CC1(C)Cc2cccc(O)c2O1"", ""CC(C)(O)Cc1cccc(O)c1O"", ""CC(C)(O)CC(=O)O""]","[""DUEPRVBVGDRKAG-UHFFFAOYSA-N"", ""WJGPNUBJBMCRQH-UHFFFAOYSA-N"", ""YQXXRXLETZYUKJ-UHFFFAOYSA-N"", ""AXFYFNCPONWUHW-UHFFFAOYSA-N""]","[""FR-BBD3-PARENT-c1285__e00006"", ""FR-BBD3-PARENT-c1285__e00014"", ""FR-BBD3-PARENT-c1285__e00027""]","[1.0, 1.0, 1.0]","[""multi_generation_edge_probability"", ""multi_generation_edge_probability"", ""multi_generation_edge_probability""]",1.0,path_probability_product,simple_acyclic_path,frontier_empty,True,False,False,False,False,False,False,False
FR-BBD3-PARENT-c1285,scope_a_old83_compatible,Carbofuran,carbamate_pesticide,envipath_prediction,envipath_bbd_rules_multistep,False,FR-BBD3-PARENT-c1285__sp09,9,3,"[""FR-BBD3-PARENT-c1285__n00000"", ""FR-BBD3-PARENT-c1285__n00006"", ""FR-BBD3-PARENT-c1285__n00013"", ""FR-BBD3-PARENT-c1285__n00027""]","[""CNC(=O)Oc1cccc2c1OC(C)(C)C2"", ""CC1(C)Cc2cccc(O)c2O1"", ""CC(C)(O)Cc1cccc(O)c1O"", ""C=CC(CC(C)(C)O)C(=O)C(=O)O""]","[""DUEPRVBVGDRKAG-UHFFFAOYSA-N"", ""WJGPNUBJBMCRQH-UHFFFAOYSA-N"", ""YQXXRXLETZYUKJ-UHFFFAOYSA-N"", ""KHCOMCBILOXZLP-UHFFFAOYSA-N""]","[""FR-BBD3-PARENT-c1285__e00006"", ""FR-BBD3-PARENT-c1285__e00014"", ""FR-BBD3-PARENT-c1285__e00028""]","[1.0, 1.0, 1.0]","[""multi_generation_edge_probability"", ""multi_generation_edge_probability"", ""multi_generation_edge_probability""]",1.0,path_probability_product,simple_acyclic_path,frontier_empty,True,False,False,False,False,False,False,False
FR-BBD3-PARENT-c1285,scope_a_old83_compatible,Carbofuran,carbamate_pesticide,envipath_prediction,envipath_bbd_rules_multistep,False,FR-BBD3-PARENT-c1285__sp10,10,3,"[""FR-BBD3-PARENT-c1285__n00000"", ""FR-BBD3-PARENT-c1285__n00006"", ""FR-BBD3-PARENT-c1285__n00013"", ""FR-BBD3-PARENT-c1285__n00028""]","[""CNC(=O)Oc1cccc2c1OC(C)(C)C2"", ""CC1(C)Cc2cccc(O)c2O1"", ""CC(C)(O)Cc1cccc(O)c1O"", ""O=CO""]","[""DUEPRVBVGDRKAG-UHFFFAOYSA-N"", ""WJGPNUBJBMCRQH-UHFFFAOYSA-N"", ""YQXXRXLETZYUKJ-UHFFFAOYSA-N"", ""BDAGIHXWWSANSR-UHFFFAOYSA-N""]","[""FR-BBD3-PARENT-c1285__e00006"", ""FR-BBD3-PARENT-c1285__e00014"", ""FR-BBD3-PARENT-c1285__e00029""]","[1.0, 1.0, 1.0]","[""multi_generation_edge_probability"", ""multi_generation_edge_probability"", ""multi_generation_edge_probability""]",1.0,path_probability_product,simple_acyclic_path,frontier_empty,True,False,False,False,False,False,False,False
FR-BBD3-PARENT-c1296,scope_a_old83_compatible,Metamitron,other_eawag_bbd_xenobiotic,envipath_prediction,envipath_bbd_rules_multistep,False,FR-BBD3-PARENT-c1296__sp01,1,6,"[""FR-BBD3-PARENT-c1296__n00000"", ""FR-BBD3-PARENT-c1296__n00002"", ""FR-BBD3-PARENT-c1296__n00004"", ""FR-BBD3-PARENT-c1296__n00011"", ""FR-BBD3-PARENT-c1296__n00032"", ""FR-BBD3-PARENT-c1296__n00034"", ""FR-BBD3-PARENT-c1296__n00038""]","[""Cc1nnc(-c2ccccc2)c(=O)n1N"", ""Cc1nnc(-c2ccccc2)c(=O)[nH]1"", ""CC(=O)NN=C(C(=O)O)c1ccccc1"", ""CC(=O)NN=C(C(=O)O)c1cccc(O)c1O"", ""NN=C(C(=O)O)c1cccc(O)c1O"", ""NN=C(C(=O)O)c1cc(O)cc(O)c1O"", ""C=C(O)CC(=O)C(=O)O""]","[""VHCNQEUWZYOAEV-UHFFFAOYSA-N"", ""OUSYWCQYMPDAEO-UHFFFAOYSA-N"", ""FINCVADLYATHML-UHFFFAOYSA-N"", ""MWBDERNUIVHXIQ-UHFFFAOYSA-N"", ""GUXALTRFKHTJOU-UHFFFAOYSA-N"", ""OXRPHOPBGMTKJB-UHFFFAOYSA-N"", ""QBWLDXSPOCMZLO-UHFFFAOYSA-N""]","[""FR-BBD3-PARENT-c1296__e00002"", ""FR-BBD3-PARENT-c1296__e00026"", ""FR-BBD3-PARENT-c1296__e00011"", ""FR-BBD3-PARENT-c1296__e00035"", ""FR-BBD3-PARENT-c1296__e00037"", ""FR-BBD3-PARENT-c1296__e00043""]","[1.0, 1.0, 1.0, 1.0, 1.0, 1.0]","[""multi_generation_edge_probability"", ""multi_generation_edge_probability"", ""multi_generation_edge_probability"", ""multi_generation_edge_probability"", ""multi_generation_edge_probability"", ""multi_generation_edge_probability""]",1.0,path_probability_product,simple_acyclic_path,max_depth_reached,True,False,False,False,False,False,False,False
FR-BBD3-PARENT-c1296,scope_a_old83_compatible,Metamitron,other_eawag_bbd_xenobiotic,envipath_prediction,envipath_bbd_rules_multistep,False,FR-BBD3-PARENT-c1296__sp02,2,6,"[""FR-BBD3-PARENT-c1296__n00000"", ""FR-BBD3-PARENT-c1296__n00002"", ""FR-BBD3-PARENT-c1296__n00004"", ""FR-BBD3-PARENT-c1296__n00011"", ""FR-BBD3-PARENT-c1296__n00032"", ""FR-BBD3-PARENT-c1296__n00034"", ""FR-BBD3-PARENT-c1296__n00037""]","[""Cc1nnc(-c2ccccc2)c(=O)n1N"", ""Cc1nnc(-c2ccccc2)c(=O)[nH]1"", ""CC(=O)NN=C(C(=O)O)c1ccccc1"", ""CC(=O)NN=C(C(=O)O)c1cccc(O)c1O"", ""NN=C(C(=O)O)c1cccc(O)c1O"", ""NN=C(C(=O)O)c1cc(O)cc(O)c1O"", ""NN=C(C(=O)O)C(=O)O""]","[""VHCNQEUWZYOAEV-UHFFFAOYSA-N"", ""OUSYWCQYMPDAEO-UHFFFAOYSA-N"", ""FINCVADLYATHML-UHFFFAOYSA-N"", ""MWBDERNUIVHXIQ-UHFFFAOYSA-N"", ""GUXALTRFKHTJOU-UHFFFAOYSA-N"", ""OXRPHOPBGMTKJB-UHFFFAOYSA-N"", ""ITURULXXLNSMEE-UHFFFAOYSA-N""]","[""FR-BBD3-PARENT-c1296__e00002"", ""FR-BBD3-PARENT-c1296__e00026"", ""FR-BBD3-PARENT-c1296__e00011"", ""FR-BBD3-PARENT-c1296__e00035"", ""FR-BBD3-PARENT-c1296__e00037"", ""FR-BBD3-PARENT-c1296__e00044""]","[1.0, 1.0, 1.0, 1.0, 1.0, 1.0]","[""multi_generation_edge_probability"", ""multi_generation_edge_probability"", ""multi_generation_edge_probability"", ""multi_generation_edge_probability"", ""multi_generation_edge_probability"", ""multi_generation_edge_probability""]",1.0,path_probability_product,simple_acyclic_path,max_depth_reached,True,False,False,False,False,False,False,False
FR-BBD3-PARENT-c1296,scope_a_old83_compatible,Metamitron,other_eawag_bbd_xenobiotic,envipath_prediction,envipath_bbd_rules_multistep,False,FR-BBD3-PARENT-c1296__sp03,3,6,"[""FR-BBD3-PARENT-c1296__n00000"", ""FR-BBD3-PARENT-c1296__n00002"", ""FR-BBD3-PARENT-c1296__n00004"", ""FR-BBD3-PARENT-c1296__n00011"", ""FR-BBD3-PARENT-c1296__n00032"", ""FR-BBD3-PARENT-c1296__n00034"", ""FR-BBD3-PARENT-c1296__n00039""]","[""Cc1nnc(-c2ccccc2)c(=O)n1N"", ""Cc1nnc(-c2ccccc2)c(=O)[nH]1"", ""CC(=O)NN=C(C(=O)O)c1ccccc1"", ""CC(=O)NN=C(C(=O)O)c1cccc(O)c1O"", ""NN=C(C(=O)O)c1cccc(O)c1O"", ""NN=C(C(=O)O)c1cc(O)cc(O)c1O"", ""CC(=O)CC(=O)C(=O)O""]","[""VHCNQEUWZYOAEV-UHFFFAOYSA-N"", ""OUSYWCQYMPDAEO-UHFFFAOYSA-N"", ""FINCVADLYATHML-UHFFFAOYSA-N"", ""MWBDERNUIVHXIQ-UHFFFAOYSA-N"", ""GUXALTRFKHTJOU-UHFFFAOYSA-N"", ""OXRPHOPBGMTKJB-UHFFFAOYSA-N"", ""UNRQTHVKJQUDDF-UHFFFAOYSA-N""]","[""FR-BBD3-PARENT-c1296__e00002"", ""FR-BBD3-PARENT-c1296__e00026"", ""FR-BBD3-PARENT-c1296__e00011"", ""FR-BBD3-PARENT-c1296__e00035"", ""FR-BBD3-PARENT-c1296__e00037"", ""FR-BBD3-PARENT-c1296__e00045""]","[1.0, 1.0, 1.0, 1.0, 1.0, 1.0]","[""multi_generation_edge_probability"", ""multi_generation_edge_probability"", ""multi_generation_edge_probability"", ""multi_generation_edge_probability"", ""multi_generation_edge_probability"", ""multi_generation_edge_probability""]",1.0,path_probability_product,simple_acyclic_path,max_depth_reached,True,False,False,False,False,False,False,False
FR-BBD3-PARENT-c1296,scope_a_old83_compatible,Metamitron,other_eawag_bbd_xenobiotic,envipath_prediction,envipath_bbd_rules_multistep,False,FR-BBD3-PARENT-c1296__sp04,4,6,"[""FR-BBD3-PARENT-c1296__n00000"", ""FR-BBD3-PARENT-c1296__n00002"", ""FR-BBD3-PARENT-c1296__n00004"", ""FR-BBD3-PARENT-c1296__n00011"", ""FR-BBD3-PARENT-c1296__n00032"", ""FR-BBD3-PARENT-c1296__n00034"", ""FR-BBD3-PARENT-c1296__n00040""]","[""Cc1nnc(-c2ccccc2)c(=O)n1N"", ""Cc1nnc(-c2ccccc2)c(=O)[nH]1"", ""CC(=O)NN=C(C(=O)O)c1ccccc1"", ""CC(=O)NN=C(C(=O)O)c1cccc(O)c1O"", ""NN=C(C(=O)O)c1cccc(O)c1O"", ""NN=C(C(=O)O)c1cc(O)cc(O)c1O"", ""NN=C(C(=O)O)c1c(O)c(O)cc(O)c1O""]","[""VHCNQEUWZYOAEV-UHFFFAOYSA-N"", ""OUSYWCQYMPDAEO-UHFFFAOYSA-N"", ""FINCVADLYATHML-UHFFFAOYSA-N"", ""MWBDERNUIVHXIQ-UHFFFAOYSA-N"", ""GUXALTRFKHTJOU-UHFFFAOYSA-N"", ""OXRPHOPBGMTKJB-UHFFFAOYSA-N"", ""MSIQJIVXPLIWKO-UHFFFAOYSA-N""]","[""FR-BBD3-PARENT-c1296__e00002"", ""FR-BBD3-PARENT-c1296__e00026"", ""FR-BBD3-PARENT-c1296__e00011"", ""FR-BBD3-PARENT-c1296__e00035"", ""FR-BBD3-PARENT-c1296__e00037"", ""FR-BBD3-PARENT-c1296__e00046""]","[1.0, 1.0, 1.0, 1.0, 1.0, 1.0]","[""multi_generation_edge_probability"", ""multi_generation_edge_probability"", ""multi_generation_edge_probability"", ""multi_generation_edge_probability"", ""multi_generation_edge_probability"", ""multi_generation_edge_probability""]",1.0,path_probability_product,simple_acyclic_path,max_depth_reached,True,False,False,False,False,False,False,False
FR-BBD3-PARENT-c1296,scope_a_old83_compatible,Metamitron,other_eawag_bbd_xenobiotic,envipath_prediction,envipath_bbd_rules_multistep,False,FR-BBD3-PARENT-c1296__sp05,5,6,"[""FR-BBD3-PARENT-c1296__n00000"", ""FR-BBD3-PARENT-c1296__n00004"", ""FR-BBD3-PARENT-c1296__n00011"", ""FR-BBD3-PARENT-c1296__n00032"", ""FR-BBD3-PARENT-c1296__n00034"", ""FR-BBD3-PARENT-c1296__n00039"", ""FR-BBD3-PARENT-c1296__n00041""]","[""Cc1nnc(-c2ccccc2)c(=O)n1N"", ""CC(=O)NN=C(C(=O)O)c1ccccc1"", ""CC(=O)NN=C(C(=O)O)c1cccc(O)c1O"", ""NN=C(C(=O)O)c1cccc(O)c1O"", ""NN=C(C(=O)O)c1cc(O)cc(O)c1O"", ""CC(=O)CC(=O)C(=O)O"", ""CC(=O)C(=O)O""]","[""VHCNQEUWZYOAEV-UHFFFAOYSA-N"", ""FINCVADLYATHML-UHFFFAOYSA-N"", ""MWBDERNUIVHXIQ-UHFFFAOYSA-N"", ""GUXALTRFKHTJOU-UHFFFAOYSA-N"", ""OXRPHOPBGMTKJB-UHFFFAOYSA-N"", ""UNRQTHVKJQUDDF-UHFFFAOYSA-N"", ""LCTONWCANYUPML-UHFFFAOYSA-N""]","[""FR-BBD3-PARENT-c1296__e00004"", ""FR-BBD3-PARENT-c1296__e00011"", ""FR-BBD3-PARENT-c1296__e00035"", ""FR-BBD3-PARENT-c1296__e00037"", ""FR-BBD3-PARENT-c1296__e00045"", ""FR-BBD3-PARENT-c1296__e00047""]","[1.0, 1.0, 1.0, 1.0, 1.0, 1.0]","[""multi_generation_edge_probability"", ""multi_generation_edge_probability"", ""multi_generation_edge_probability"", ""multi_generation_edge_probability"", ""multi_generation_edge_probability"", ""multi_generation_edge_probability""]",1.0,path_probability_product,simple_acyclic_path,max_depth_reached,True,False,False,False,False,False,False,False
FR-BBD3-PARENT-c1296,scope_a_old83_compatible,Metamitron,other_eawag_bbd_xenobiotic,envipath_prediction,envipath_bbd_rules_multistep,False,FR-BBD3-PARENT-c1296__sp06,6,6,"[""FR-BBD3-PARENT-c1296__n00000"", ""FR-BBD3-PARENT-c1296__n00004"", ""FR-BBD3-PARENT-c1296__n00011"", ""FR-BBD3-PARENT-c1296__n00032"", ""FR-BBD3-PARENT-c1296__n00034"", ""FR-BBD3-PARENT-c1296__n00039"", ""FR-BBD3-PARENT-c1296__n00020""]","[""Cc1nnc(-c2ccccc2)c(=O)n1N"", ""CC(=O)NN=C(C(=O)O)c1ccccc1"", ""CC(=O)NN=C(C(=O)O)c1cccc(O)c1O"", ""NN=C(C(=O)O)c1cccc(O)c1O"", ""NN=C(C(=O)O)c1cc(O)cc(O)c1O"", ""CC(=O)CC(=O)C(=O)O"", ""CC(=O)O""]","[""VHCNQEUWZYOAEV-UHFFFAOYSA-N"", ""FINCVADLYATHML-UHFFFAOYSA-N"", ""MWBDERNUIVHXIQ-UHFFFAOYSA-N"", ""GUXALTRFKHTJOU-UHFFFAOYSA-N"", ""OXRPHOPBGMTKJB-UHFFFAOYSA-N"", ""UNRQTHVKJQUDDF-UHFFFAOYSA-N"", ""QTBSBXVTEAMEQO-UHFFFAOYSA-N""]","[""FR-BBD3-PARENT-c1296__e00004"", ""FR-BBD3-PARENT-c1296__e00011"", ""FR-BBD3-PARENT-c1296__e00035"", ""FR-BBD3-PARENT-c1296__e00037"", ""FR-BBD3-PARENT-c1296__e00045"", ""FR-BBD3-PARENT-c1296__e00048""]","[1.0, 1.0, 1.0, 1.0, 1.0, 1.0]","[""multi_generation_edge_probability"", ""multi_generation_edge_probability"", ""multi_generation_edge_probability"", ""multi_generation_edge_probability"", ""multi_generation_edge_probability"", ""multi_generation_edge_probability""]",1.0,path_probability_product,simple_acyclic_path,max_depth_reached,True,False,False,False,False,False,False,False
FR-BBD3-PARENT-c1296,scope_a_old83_compatible,Metamitron,other_eawag_bbd_xenobiotic,envipath_prediction,envipath_bbd_rules_multistep,False,FR-BBD3-PARENT-c1296__sp07,7,6,"[""FR-BBD3-PARENT-c1296__n00000"", ""FR-BBD3-PARENT-c1296__n00004"", ""FR-BBD3-PARENT-c1296__n00011"", ""FR-BBD3-PARENT-c1296__n00032"", ""FR-BBD3-PARENT-c1296__n00034"", ""FR-BBD3-PARENT-c1296__n00039"", ""FR-BBD3-PARENT-c1296__n00042""]","[""Cc1nnc(-c2ccccc2)c(=O)n1N"", ""CC(=O)NN=C(C(=O)O)c1ccccc1"", ""CC(=O)NN=C(C(=O)O)c1cccc(O)c1O"", ""NN=C(C(=O)O)c1cccc(O)c1O"", ""NN=C(C(=O)O)c1cc(O)cc(O)c1O"", ""CC(=O)CC(=O)C(=O)O"", ""CC(C)=O""]","[""VHCNQEUWZYOAEV-UHFFFAOYSA-N"", ""FINCVADLYATHML-UHFFFAOYSA-N"", ""MWBDERNUIVHXIQ-UHFFFAOYSA-N"", ""GUXALTRFKHTJOU-UHFFFAOYSA-N"", ""OXRPHOPBGMTKJB-UHFFFAOYSA-N"", ""UNRQTHVKJQUDDF-UHFFFAOYSA-N"", ""CSCPPACGZOOCGX-UHFFFAOYSA-N""]","[""FR-BBD3-PARENT-c1296__e00004"", ""FR-BBD3-PARENT-c1296__e00011"", ""FR-BBD3-PARENT-c1296__e00035"", ""FR-BBD3-PARENT-c1296__e00037"", ""FR-BBD3-PARENT-c1296__e00045"", ""FR-BBD3-PARENT-c1296__e00049""]","[1.0, 1.0, 1.0, 1.0, 1.0, 1.0]","[""multi_generation_edge_probability"", ""multi_generation_edge_probability"", ""multi_generation_edge_probability"", ""multi_generation_edge_probability"", ""multi_generation_edge_probability"", ""multi_generation_edge_probability""]",1.0,path_probability_product,simple_acyclic_path,max_depth_reached,True,False,False,False,False,False,False,False
FR-BBD3-PARENT-c1296,scope_a_old83_compatible,Metamitron,other_eawag_bbd_xenobiotic,envipath_prediction,envipath_bbd_rules_multistep,False,FR-BBD3-PARENT-c1296__sp08,8,6,"[""FR-BBD3-PARENT-c1296__n00000"", ""FR-BBD3-PARENT-c1296__n00004"", ""FR-BBD3-PARENT-c1296__n00011"", ""FR-BBD3-PARENT-c1296__n00032"", ""FR-BBD3-PARENT-c1296__n00034"", ""FR-BBD3-PARENT-c1296__n00039"", ""FR-BBD3-PARENT-c1296__n00043""]","[""Cc1nnc(-c2ccccc2)c(=O)n1N"", ""CC(=O)NN=C(C(=O)O)c1ccccc1"", ""CC(=O)NN=C(C(=O)O)c1cccc(O)c1O"", ""NN=C(C(=O)O)c1cccc(O)c1O"", ""NN=C(C(=O)O)c1cc(O)cc(O)c1O"", ""CC(=O)CC(=O)C(=O)O"", ""O=C(O)C(=O)O""]","[""VHCNQEUWZYOAEV-UHFFFAOYSA-N"", ""FINCVADLYATHML-UHFFFAOYSA-N"", ""MWBDERNUIVHXIQ-UHFFFAOYSA-N"", ""GUXALTRFKHTJOU-UHFFFAOYSA-N"", ""OXRPHOPBGMTKJB-UHFFFAOYSA-N"", ""UNRQTHVKJQUDDF-UHFFFAOYSA-N"", ""MUBZPKHOEPUJKR-UHFFFAOYSA-N""]","[""FR-BBD3-PARENT-c1296__e00004"", ""FR-BBD3-PARENT-c1296__e00011"", ""FR-BBD3-PARENT-c1296__e00035"", ""FR-BBD3-PARENT-c1296__e00037"", ""FR-BBD3-PARENT-c1296__e00045"", ""FR-BBD3-PARENT-c1296__e00050""]","[1.0, 1.0, 1.0, 1.0, 1.0, 1.0]","[""multi_generation_edge_probability"", ""multi_generation_edge_probability"", ""multi_generation_edge_probability"", ""multi_generation_edge_probability"", ""multi_generation_edge_probability"", ""multi_generation_edge_probability""]",1.0,path_probability_product,simple_acyclic_path,max_depth_reached,True,False,False,False,False,False,False,False
FR-BBD3-PARENT-c1296,scope_a_old83_compatible,Metamitron,other_eawag_bbd_xenobiotic,envipath_prediction,envipath_bbd_rules_multistep,False,FR-BBD3-PARENT-c1296__sp09,9,6,"[""FR-BBD3-PARENT-c1296__n00000"", ""FR-BBD3-PARENT-c1296__n00004"", ""FR-BBD3-PARENT-c1296__n00011"", ""FR-BBD3-PARENT-c1296__n00032"", ""FR-BBD3-PARENT-c1296__n00034"", ""FR-BBD3-PARENT-c1296__n00039"", ""FR-BBD3-PARENT-c1296__n00044""]","[""Cc1nnc(-c2ccccc2)c(=O)n1N"", ""CC(=O)NN=C(C(=O)O)c1ccccc1"", ""CC(=O)NN=C(C(=O)O)c1cccc(O)c1O"", ""NN=C(C(=O)O)c1cccc(O)c1O"", ""NN=C(C(=O)O)c1cc(O)cc(O)c1O"", ""CC(=O)CC(=O)C(=O)O"", ""CC(=O)C(O)C(=O)C(=O)O""]","[""VHCNQEUWZYOAEV-UHFFFAOYSA-N"", ""FINCVADLYATHML-UHFFFAOYSA-N"", ""MWBDERNUIVHXIQ-UHFFFAOYSA-N"", ""GUXALTRFKHTJOU-UHFFFAOYSA-N"", ""OXRPHOPBGMTKJB-UHFFFAOYSA-N"", ""UNRQTHVKJQUDDF-UHFFFAOYSA-N"", ""BAIJTZYEQSTSHZ-UHFFFAOYSA-N""]","[""FR-BBD3-PARENT-c1296__e00004"", ""FR-BBD3-PARENT-c1296__e00011"", ""FR-BBD3-PARENT-c1296__e00035"", ""FR-BBD3-PARENT-c1296__e00037"", ""FR-BBD3-PARENT-c1296__e00045"", ""FR-BBD3-PARENT-c1296__e00051""]","[1.0, 1.0, 1.0, 1.0, 1.0, 1.0]","[""multi_generation_edge_probability"", ""multi_generation_edge_probability"", ""multi_generation_edge_probability"", ""multi_generation_edge_probability"", ""multi_generation_edge_probability"", ""multi_generation_edge_probability""]",1.0,path_probability_product,simple_acyclic_path,max_depth_reached,True,False,False,False,False,False,False,False
FR-BBD3-PARENT-c1296,scope_a_old83_compatible,Metamitron,other_eawag_bbd_xenobiotic,envipath_prediction,envipath_bbd_rules_multistep,False,FR-BBD3-PARENT-c1296__sp10,10,6,"[""FR-BBD3-PARENT-c1296__n00000"", ""FR-BBD3-PARENT-c1296__n00004"", ""FR-BBD3-PARENT-c1296__n00011"", ""FR-BBD3-PARENT-c1296__n00032"", ""FR-BBD3-PARENT-c1296__n00034"", ""FR-BBD3-PARENT-c1296__n00039"", ""FR-BBD3-PARENT-c1296__n00045""]","[""Cc1nnc(-c2ccccc2)c(=O)n1N"", ""CC(=O)NN=C(C(=O)O)c1ccccc1"", ""CC(=O)NN=C(C(=O)O)c1cccc(O)c1O"", ""NN=C(C(=O)O)c1cccc(O)c1O"", ""NN=C(C(=O)O)c1cc(O)cc(O)c1O"", ""CC(=O)CC(=O)C(=O)O"", ""O=C(CO)CC(=O)C(=O)O""]","[""VHCNQEUWZYOAEV-UHFFFAOYSA-N"", ""FINCVADLYATHML-UHFFFAOYSA-N"", ""MWBDERNUIVHXIQ-UHFFFAOYSA-N"", ""GUXALTRFKHTJOU-UHFFFAOYSA-N"", ""OXRPHOPBGMTKJB-UHFFFAOYSA-N"", ""UNRQTHVKJQUDDF-UHFFFAOYSA-N"", ""PHPQIPPBBQUFII-UHFFFAOYSA-N""]","[""FR-BBD3-PARENT-c1296__e00004"", ""FR-BBD3-PARENT-c1296__e00011"", ""FR-BBD3-PARENT-c1296__e00035"", ""FR-BBD3-PARENT-c1296__e00037"", ""FR-BBD3-PARENT-c1296__e00045"", ""FR-BBD3-PARENT-c1296__e00052""]","[1.0, 1.0, 1.0, 1.0, 1.0, 1.0]","[""multi_generation_edge_probability"", ""multi_generation_edge_probability"", ""multi_generation_edge_probability"", ""multi_generation_edge_probability"", ""multi_generation_edge_probability"", ""multi_generation_edge_probability""]",1.0,path_probability_product,simple_acyclic_path,max_depth_reached,True,False,False,False,False,False,False,False
FR-BBD3-PARENT-c1313,scope_a_old83_compatible,"2,4-Dinitrotoluene",nitroaromatic,envipath_prediction,envipath_bbd_rules_multistep,False,FR-BBD3-PARENT-c1313__sp01,1,6,"[""FR-BBD3-PARENT-c1313__n00000"", ""FR-BBD3-PARENT-c1313__n00002"", ""FR-BBD3-PARENT-c1313__n00001"", ""FR-BBD3-PARENT-c1313__n00004"", ""FR-BBD3-PARENT-c1313__n00012"", ""FR-BBD3-PARENT-c1313__n00032"", ""FR-BBD3-PARENT-c1313__n00046""]","[""Cc1ccc([N+](=O)[O-])cc1[N+](=O)[O-]"", ""Cc1ccc(NO)cc1[N+](=O)[O-]"", ""Cc1ccc(N)cc1[N+](=O)[O-]"", ""Cc1ccc(O)c(O)c1[N+](=O)[O-]"", ""Cc1ccc(O)c(O)c1N"", ""C=CC(C)C(=O)C(=O)O"", ""CC(O)C(C)C(=O)C(=O)O""]","[""RMBFBMJGBANMMK-UHFFFAOYSA-N"", ""AJABDGUPMVJPGF-UHFFFAOYSA-N"", ""GDIIPKWHAQGCJF-UHFFFAOYSA-N"", ""JNHOFPQUTOBFOM-UHFFFAOYSA-N"", ""MTZMSOXMQYSEJZ-UHFFFAOYSA-N"", ""HHJQRIOBHKYWKQ-UHFFFAOYSA-N"", ""LWHINZJANGNUBR-UHFFFAOYSA-N""]","[""FR-BBD3-PARENT-c1313__e00002"", ""FR-BBD3-PARENT-c1313__e00009"", ""FR-BBD3-PARENT-c1313__e00008"", ""FR-BBD3-PARENT-c1313__e00016"", ""FR-BBD3-PARENT-c1313__e00038"", ""FR-BBD3-PARENT-c1313__e00053""]","[1.0, 1.0, 1.0, 1.0, 1.0, 1.0]","[""multi_generation_edge_probability"", ""multi_generation_edge_probability"", ""multi_generation_edge_probability"", ""multi_generation_edge_probability"", ""multi_generation_edge_probability"", ""multi_generation_edge_probability""]",1.0,path_probability_product,simple_acyclic_path,max_depth_reached,True,False,False,False,False,False,False,False
FR-BBD3-PARENT-c1313,scope_a_old83_compatible,"2,4-Dinitrotoluene",nitroaromatic,envipath_prediction,envipath_bbd_rules_multistep,False,FR-BBD3-PARENT-c1313__sp02,2,6,"[""FR-BBD3-PARENT-c1313__n00000"", ""FR-BBD3-PARENT-c1313__n00002"", ""FR-BBD3-PARENT-c1313__n00001"", ""FR-BBD3-PARENT-c1313__n00004"", ""FR-BBD3-PARENT-c1313__n00012"", ""FR-BBD3-PARENT-c1313__n00032"", ""FR-BBD3-PARENT-c1313__n00049""]","[""Cc1ccc([N+](=O)[O-])cc1[N+](=O)[O-]"", ""Cc1ccc(NO)cc1[N+](=O)[O-]"", ""Cc1ccc(N)cc1[N+](=O)[O-]"", ""Cc1ccc(O)c(O)c1[N+](=O)[O-]"", ""Cc1ccc(O)c(O)c1N"", ""C=CC(C)C(=O)C(=O)O"", ""CCC(C)C(=O)C(=O)O""]","[""RMBFBMJGBANMMK-UHFFFAOYSA-N"", ""AJABDGUPMVJPGF-UHFFFAOYSA-N"", ""GDIIPKWHAQGCJF-UHFFFAOYSA-N"", ""JNHOFPQUTOBFOM-UHFFFAOYSA-N"", ""MTZMSOXMQYSEJZ-UHFFFAOYSA-N"", ""HHJQRIOBHKYWKQ-UHFFFAOYSA-N"", ""JVQYSWDUAOAHFM-UHFFFAOYSA-N""]","[""FR-BBD3-PARENT-c1313__e00002"", ""FR-BBD3-PARENT-c1313__e00009"", ""FR-BBD3-PARENT-c1313__e00008"", ""FR-BBD3-PARENT-c1313__e00016"", ""FR-BBD3-PARENT-c1313__e00038"", ""FR-BBD3-PARENT-c1313__e00057""]","[1.0, 1.0, 1.0, 1.0, 1.0, 1.0]","[""multi_generation_edge_probability"", ""multi_generation_edge_probability"", ""multi_generation_edge_probability"", ""multi_generation_edge_probability"", ""multi_generation_edge_probability"", ""multi_generation_edge_probability""]",1.0,path_probability_product,simple_acyclic_path,max_depth_reached,True,False,False,False,False,False,False,False
FR-BBD3-PARENT-c1313,scope_a_old83_compatible,"2,4-Dinitrotoluene",nitroaromatic,envipath_prediction,envipath_bbd_rules_multistep,False,FR-BBD3-PARENT-c1313__sp03,3,6,"[""FR-BBD3-PARENT-c1313__n00000"", ""FR-BBD3-PARENT-c1313__n00002"", ""FR-BBD3-PARENT-c1313__n00001"", ""FR-BBD3-PARENT-c1313__n00004"", ""FR-BBD3-PARENT-c1313__n00012"", ""FR-BBD3-PARENT-c1313__n00032"", ""FR-BBD3-PARENT-c1313__n00053""]","[""Cc1ccc([N+](=O)[O-])cc1[N+](=O)[O-]"", ""Cc1ccc(NO)cc1[N+](=O)[O-]"", ""Cc1ccc(N)cc1[N+](=O)[O-]"", ""Cc1ccc(O)c(O)c1[N+](=O)[O-]"", ""Cc1ccc(O)c(O)c1N"", ""C=CC(C)C(=O)C(=O)O"", ""CC(C(=O)C(=O)O)C1CO1""]","[""RMBFBMJGBANMMK-UHFFFAOYSA-N"", ""AJABDGUPMVJPGF-UHFFFAOYSA-N"", ""GDIIPKWHAQGCJF-UHFFFAOYSA-N"", ""JNHOFPQUTOBFOM-UHFFFAOYSA-N"", ""MTZMSOXMQYSEJZ-UHFFFAOYSA-N"", ""HHJQRIOBHKYWKQ-UHFFFAOYSA-N"", ""GBWVQNLHUZVUNX-UHFFFAOYSA-N""]","[""FR-BBD3-PARENT-c1313__e00002"", ""FR-BBD3-PARENT-c1313__e00009"", ""FR-BBD3-PARENT-c1313__e00008"", ""FR-BBD3-PARENT-c1313__e00016"", ""FR-BBD3-PARENT-c1313__e00038"", ""FR-BBD3-PARENT-c1313__e00061""]","[1.0, 1.0, 1.0, 1.0, 1.0, 1.0]","[""multi_generation_edge_probability"", ""multi_generation_edge_probability"", ""multi_generation_edge_probability"", ""multi_generation_edge_probability"", ""multi_generation_edge_probability"", ""multi_generation_edge_probability""]",1.0,path_probability_product,simple_acyclic_path,max_depth_reached,True,False,False,False,False,False,False,False
FR-BBD3-PARENT-c1313,scope_a_old83_compatible,"2,4-Dinitrotoluene",nitroaromatic,envipath_prediction,envipath_bbd_rules_multistep,False,FR-BBD3-PARENT-c1313__sp04,4,6,"[""FR-BBD3-PARENT-c1313__n00000"", ""FR-BBD3-PARENT-c1313__n00002"", ""FR-BBD3-PARENT-c1313__n00001"", ""FR-BBD3-PARENT-c1313__n00004"", ""FR-BBD3-PARENT-c1313__n00012"", ""FR-BBD3-PARENT-c1313__n00032"", ""FR-BBD3-PARENT-c1313__n00055""]","[""Cc1ccc([N+](=O)[O-])cc1[N+](=O)[O-]"", ""Cc1ccc(NO)cc1[N+](=O)[O-]"", ""Cc1ccc(N)cc1[N+](=O)[O-]"", ""Cc1ccc(O)c(O)c1[N+](=O)[O-]"", ""Cc1ccc(O)c(O)c1N"", ""C=CC(C)C(=O)C(=O)O"", ""C=CC(CO)C(=O)C(=O)O""]","[""RMBFBMJGBANMMK-UHFFFAOYSA-N"", ""AJABDGUPMVJPGF-UHFFFAOYSA-N"", ""GDIIPKWHAQGCJF-UHFFFAOYSA-N"", ""JNHOFPQUTOBFOM-UHFFFAOYSA-N"", ""MTZMSOXMQYSEJZ-UHFFFAOYSA-N"", ""HHJQRIOBHKYWKQ-UHFFFAOYSA-N"", ""QQIGVZHNGFRRJR-UHFFFAOYSA-N""]","[""FR-BBD3-PARENT-c1313__e00002"", ""FR-BBD3-PARENT-c1313__e00009"", ""FR-BBD3-PARENT-c1313__e00008"", ""FR-BBD3-PARENT-c1313__e00016"", ""FR-BBD3-PARENT-c1313__e00038"", ""FR-BBD3-PARENT-c1313__e00063""]","[1.0, 1.0, 1.0, 1.0, 1.0, 1.0]","[""multi_generation_edge_probability"", ""multi_generation_edge_probability"", ""multi_generation_edge_probability"", ""multi_generation_edge_probability"", ""multi_generation_edge_probability"", ""multi_generation_edge_probability""]",1.0,path_probability_product,simple_acyclic_path,max_depth_reached,True,False,False,False,False,False,False,False
FR-BBD3-PARENT-c1313,scope_a_old83_compatible,"2,4-Dinitrotoluene",nitroaromatic,envipath_prediction,envipath_bbd_rules_multistep,False,FR-BBD3-PARENT-c1313__sp05,5,6,"[""FR-BBD3-PARENT-c1313__n00000"", ""FR-BBD3-PARENT-c1313__n00002"", ""FR-BBD3-PARENT-c1313__n00001"", ""FR-BBD3-PARENT-c1313__n00004"", ""FR-BBD3-PARENT-c1313__n00012"", ""FR-BBD3-PARENT-c1313__n00032"", ""FR-BBD3-PARENT-c1313__n00057""]","[""Cc1ccc([N+](=O)[O-])cc1[N+](=O)[O-]"", ""Cc1ccc(NO)cc1[N+](=O)[O-]"", ""Cc1ccc(N)cc1[N+](=O)[O-]"", ""Cc1ccc(O)c(O)c1[N+](=O)[O-]"", ""Cc1ccc(O)c(O)c1N"", ""C=CC(C)C(=O)C(=O)O"", ""C=CC(C)(O)C(=O)C(=O)O""]","[""RMBFBMJGBANMMK-UHFFFAOYSA-N"", ""AJABDGUPMVJPGF-UHFFFAOYSA-N"", ""GDIIPKWHAQGCJF-UHFFFAOYSA-N"", ""JNHOFPQUTOBFOM-UHFFFAOYSA-N"", ""MTZMSOXMQYSEJZ-UHFFFAOYSA-N"", ""HHJQRIOBHKYWKQ-UHFFFAOYSA-N"", ""FAGDAIBDAFOFJG-UHFFFAOYSA-N""]","[""FR-BBD3-PARENT-c1313__e00002"", ""FR-BBD3-PARENT-c1313__e00009"", ""FR-BBD3-PARENT-c1313__e00008"", ""FR-BBD3-PARENT-c1313__e00016"", ""FR-BBD3-PARENT-c1313__e00038"", ""FR-BBD3-PARENT-c1313__e00065""]","[1.0, 1.0, 1.0, 1.0, 1.0, 1.0]","[""multi_generation_edge_probability"", ""multi_generation_edge_probability"", ""multi_generation_edge_probability"", ""multi_generation_edge_probability"", ""multi_generation_edge_probability"", ""multi_generation_edge_probability""]",1.0,path_probability_product,simple_acyclic_path,max_depth_reached,True,False,False,False,False,False,False,False
FR-BBD3-PARENT-c1313,scope_a_old83_compatible,"2,4-Dinitrotoluene",nitroaromatic,envipath_prediction,envipath_bbd_rules_multistep,False,FR-BBD3-PARENT-c1313__sp06,6,6,"[""FR-BBD3-PARENT-c1313__n00000"", ""FR-BBD3-PARENT-c1313__n00003"", ""FR-BBD3-PARENT-c1313__n00005"", ""FR-BBD3-PARENT-c1313__n00007"", ""FR-BBD3-PARENT-c1313__n00013"", ""FR-BBD3-PARENT-c1313__n00031"", ""FR-BBD3-PARENT-c1313__n00045""]","[""Cc1ccc([N+](=O)[O-])cc1[N+](=O)[O-]"", ""Cc1ccc([N+](=O)[O-])cc1NO"", ""Cc1ccc([N+](=O)[O-])cc1N"", ""Cc1ccc([N+](=O)[O-])c(O)c1O"", ""Cc1cc(O)c(O)c(O)c1O"", ""OCc1cc(O)c(O)c(O)c1O"", ""OCc1c(O)c(O)c(O)c(O)c1O""]","[""RMBFBMJGBANMMK-UHFFFAOYSA-N"", ""DVEIIIDPYMUIIO-UHFFFAOYSA-N"", ""DSBIJCMXAIKKKI-UHFFFAOYSA-N"", ""DPKDSDOOIONLAG-UHFFFAOYSA-N"", ""YTNUOGWCFLMGLF-UHFFFAOYSA-N"", ""YSTGEDNGOKZOFE-UHFFFAOYSA-N"", ""UXUOXGKVSCGCFS-UHFFFAOYSA-N""]","[""FR-BBD3-PARENT-c1313__e00003"", ""FR-BBD3-PARENT-c1313__e00010"", ""FR-BBD3-PARENT-c1313__e00012"", ""FR-BBD3-PARENT-c1313__e00017"", ""FR-BBD3-PARENT-c1313__e00036"", ""FR-BBD3-PARENT-c1313__e00052""]","[1.0, 1.0, 1.0, 1.0, 1.0, 1.0]","[""multi_generation_edge_probability"", ""multi_generation_edge_probability"", ""multi_generation_edge_probability"", ""multi_generation_edge_probability"", ""multi_generation_edge_probability"", ""multi_generation_edge_probability""]",1.0,path_probability_product,simple_acyclic_path,max_depth_reached,True,False,False,False,False,False,False,False
FR-BBD3-PARENT-c1313,scope_a_old83_compatible,"2,4-Dinitrotoluene",nitroaromatic,envipath_prediction,envipath_bbd_rules_multistep,False,FR-BBD3-PARENT-c1313__sp07,7,6,"[""FR-BBD3-PARENT-c1313__n00000"", ""FR-BBD3-PARENT-c1313__n00003"", ""FR-BBD3-PARENT-c1313__n00005"", ""FR-BBD3-PARENT-c1313__n00007"", ""FR-BBD3-PARENT-c1313__n00013"", ""FR-BBD3-PARENT-c1313__n00031"", ""FR-BBD3-PARENT-c1313__n00048""]","[""Cc1ccc([N+](=O)[O-])cc1[N+](=O)[O-]"", ""Cc1ccc([N+](=O)[O-])cc1NO"", ""Cc1ccc([N+](=O)[O-])cc1N"", ""Cc1ccc([N+](=O)[O-])c(O)c1O"", ""Cc1cc(O)c(O)c(O)c1O"", ""OCc1cc(O)c(O)c(O)c1O"", ""OCc1c(O)cc(O)c(O)c1O""]","[""RMBFBMJGBANMMK-UHFFFAOYSA-N"", ""DVEIIIDPYMUIIO-UHFFFAOYSA-N"", ""DSBIJCMXAIKKKI-UHFFFAOYSA-N"", ""DPKDSDOOIONLAG-UHFFFAOYSA-N"", ""YTNUOGWCFLMGLF-UHFFFAOYSA-N"", ""YSTGEDNGOKZOFE-UHFFFAOYSA-N"", ""NXGWXXSXHOAPAW-UHFFFAOYSA-N""]","[""FR-BBD3-PARENT-c1313__e00003"", ""FR-BBD3-PARENT-c1313__e00010"", ""FR-BBD3-PARENT-c1313__e00012"", ""FR-BBD3-PARENT-c1313__e00017"", ""FR-BBD3-PARENT-c1313__e00036"", ""FR-BBD3-PARENT-c1313__e00056""]","[1.0, 1.0, 1.0, 1.0, 1.0, 1.0]","[""multi_generation_edge_probability"", ""multi_generation_edge_probability"", ""multi_generation_edge_probability"", ""multi_generation_edge_probability"", ""multi_generation_edge_probability"", ""multi_generation_edge_probability""]",1.0,path_probability_product,simple_acyclic_path,max_depth_reached,True,False,False,False,False,False,False,False
FR-BBD3-PARENT-c1313,scope_a_old83_compatible,"2,4-Dinitrotoluene",nitroaromatic,envipath_prediction,envipath_bbd_rules_multistep,False,FR-BBD3-PARENT-c1313__sp08,8,6,"[""FR-BBD3-PARENT-c1313__n00000"", ""FR-BBD3-PARENT-c1313__n00003"", ""FR-BBD3-PARENT-c1313__n00005"", ""FR-BBD3-PARENT-c1313__n00007"", ""FR-BBD3-PARENT-c1313__n00013"", ""FR-BBD3-PARENT-c1313__n00031"", ""FR-BBD3-PARENT-c1313__n00052""]","[""Cc1ccc([N+](=O)[O-])cc1[N+](=O)[O-]"", ""Cc1ccc([N+](=O)[O-])cc1NO"", ""Cc1ccc([N+](=O)[O-])cc1N"", ""Cc1ccc([N+](=O)[O-])c(O)c1O"", ""Cc1cc(O)c(O)c(O)c1O"", ""OCc1cc(O)c(O)c(O)c1O"", ""O=Cc1cc(O)c(O)c(O)c1O""]","[""RMBFBMJGBANMMK-UHFFFAOYSA-N"", ""DVEIIIDPYMUIIO-UHFFFAOYSA-N"", ""DSBIJCMXAIKKKI-UHFFFAOYSA-N"", ""DPKDSDOOIONLAG-UHFFFAOYSA-N"", ""YTNUOGWCFLMGLF-UHFFFAOYSA-N"", ""YSTGEDNGOKZOFE-UHFFFAOYSA-N"", ""VHJJXHDMYTUESO-UHFFFAOYSA-N""]","[""FR-BBD3-PARENT-c1313__e00003"", ""FR-BBD3-PARENT-c1313__e00010"", ""FR-BBD3-PARENT-c1313__e00012"", ""FR-BBD3-PARENT-c1313__e00017"", ""FR-BBD3-PARENT-c1313__e00036"", ""FR-BBD3-PARENT-c1313__e00060""]","[1.0, 1.0, 1.0, 1.0, 1.0, 1.0]","[""multi_generation_edge_probability"", ""multi_generation_edge_probability"", ""multi_generation_edge_probability"", ""multi_generation_edge_probability"", ""multi_generation_edge_probability"", ""multi_generation_edge_probability""]",1.0,path_probability_product,simple_acyclic_path,max_depth_reached,True,False,False,False,False,False,False,False
FR-BBD3-PARENT-c1313,scope_a_old83_compatible,"2,4-Dinitrotoluene",nitroaromatic,envipath_prediction,envipath_bbd_rules_multistep,False,FR-BBD3-PARENT-c1313__sp09,9,6,"[""FR-BBD3-PARENT-c1313__n00000"", ""FR-BBD3-PARENT-c1313__n00003"", ""FR-BBD3-PARENT-c1313__n00005"", ""FR-BBD3-PARENT-c1313__n00007"", ""FR-BBD3-PARENT-c1313__n00013"", ""FR-BBD3-PARENT-c1313__n00033"", ""FR-BBD3-PARENT-c1313__n00036""]","[""Cc1ccc([N+](=O)[O-])cc1[N+](=O)[O-]"", ""Cc1ccc([N+](=O)[O-])cc1NO"", ""Cc1ccc([N+](=O)[O-])cc1N"", ""Cc1ccc([N+](=O)[O-])c(O)c1O"", ""Cc1cc(O)c(O)c(O)c1O"", ""Cc1c(O)cc(O)c(O)c1O"", ""Cc1c(O)c(O)c(O)c(O)c1O""]","[""RMBFBMJGBANMMK-UHFFFAOYSA-N"", ""DVEIIIDPYMUIIO-UHFFFAOYSA-N"", ""DSBIJCMXAIKKKI-UHFFFAOYSA-N"", ""DPKDSDOOIONLAG-UHFFFAOYSA-N"", ""YTNUOGWCFLMGLF-UHFFFAOYSA-N"", ""BXZMYXFIMCKTTQ-UHFFFAOYSA-N"", ""HURLFWBGJPSIKK-UHFFFAOYSA-N""]","[""FR-BBD3-PARENT-c1313__e00003"", ""FR-BBD3-PARENT-c1313__e00010"", ""FR-BBD3-PARENT-c1313__e00012"", ""FR-BBD3-PARENT-c1313__e00017"", ""FR-BBD3-PARENT-c1313__e00039"", ""FR-BBD3-PARENT-c1313__e00054""]","[1.0, 1.0, 1.0, 1.0, 1.0, 1.0]","[""multi_generation_edge_probability"", ""multi_generation_edge_probability"", ""multi_generation_edge_probability"", ""multi_generation_edge_probability"", ""multi_generation_edge_probability"", ""multi_generation_edge_probability""]",1.0,path_probability_product,simple_acyclic_path,max_depth_reached,True,False,False,False,False,False,False,False
FR-BBD3-PARENT-c1313,scope_a_old83_compatible,"2,4-Dinitrotoluene",nitroaromatic,envipath_prediction,envipath_bbd_rules_multistep,False,FR-BBD3-PARENT-c1313__sp10,10,6,"[""FR-BBD3-PARENT-c1313__n00000"", ""FR-BBD3-PARENT-c1313__n00003"", ""FR-BBD3-PARENT-c1313__n00005"", ""FR-BBD3-PARENT-c1313__n00007"", ""FR-BBD3-PARENT-c1313__n00013"", ""FR-BBD3-PARENT-c1313__n00033"", ""FR-BBD3-PARENT-c1313__n00050""]","[""Cc1ccc([N+](=O)[O-])cc1[N+](=O)[O-]"", ""Cc1ccc([N+](=O)[O-])cc1NO"", ""Cc1ccc([N+](=O)[O-])cc1N"", ""Cc1ccc([N+](=O)[O-])c(O)c1O"", ""Cc1cc(O)c(O)c(O)c1O"", ""Cc1c(O)cc(O)c(O)c1O"", ""CC1C(O)=C(O)C(=O)CC1O""]","[""RMBFBMJGBANMMK-UHFFFAOYSA-N"", ""DVEIIIDPYMUIIO-UHFFFAOYSA-N"", ""DSBIJCMXAIKKKI-UHFFFAOYSA-N"", ""DPKDSDOOIONLAG-UHFFFAOYSA-N"", ""YTNUOGWCFLMGLF-UHFFFAOYSA-N"", ""BXZMYXFIMCKTTQ-UHFFFAOYSA-N"", ""BIHNVQPPVNFMRP-UHFFFAOYSA-N""]","[""FR-BBD3-PARENT-c1313__e00003"", ""FR-BBD3-PARENT-c1313__e00010"", ""FR-BBD3-PARENT-c1313__e00012"", ""FR-BBD3-PARENT-c1313__e00017"", ""FR-BBD3-PARENT-c1313__e00039"", ""FR-BBD3-PARENT-c1313__e00058""]","[1.0, 1.0, 1.0, 1.0, 1.0, 1.0]","[""multi_generation_edge_probability"", ""multi_generation_edge_probability"", ""multi_generation_edge_probability"", ""multi_generation_edge_probability"", ""multi_generation_edge_probability"", ""multi_generation_edge_probability""]",1.0,path_probability_product,simple_acyclic_path,max_depth_reached,True,False,False,False,False,False,False,False
FR-BBD3-PARENT-c1350,scope_a_old83_compatible,"3,3'-Dithiodipropionate",other_eawag_bbd_xenobiotic,envipath_prediction,envipath_bbd_rules_multistep,False,FR-BBD3-PARENT-c1350__sp01,1,6,"[""FR-BBD3-PARENT-c1350__n00000"", ""FR-BBD3-PARENT-c1350__n00001"", ""FR-BBD3-PARENT-c1350__n00003"", ""FR-BBD3-PARENT-c1350__n00010"", ""FR-BBD3-PARENT-c1350__n00004"", ""FR-BBD3-PARENT-c1350__n00015"", ""FR-BBD3-PARENT-c1350__n00020""]","[""O=C([O-])CCSSCCC(=O)[O-]"", ""O=C(O)CCSSCC(O)C(=O)O"", ""O=C(O)CCSSCC(=O)C(=O)O"", ""O=C(O)C(=O)CSSCC(O)C(=O)O"", ""O=C(O)C(O)CS"", ""O=C(O)C(O)CS(=O)O"", ""O=C(O)C(O)CS(=O)(=O)O""]","[""YCLSOMLVSHPPFV-UHFFFAOYSA-L"", ""MXKGKDNOBIMPIS-UHFFFAOYSA-N"", ""CYXAMJCDDMKSGZ-UHFFFAOYSA-N"", ""CBSLVZJUIYBIGQ-UHFFFAOYSA-N"", ""OLQOVQTWRIJPRE-UHFFFAOYSA-N"", ""BKEZNIFOORQAPK-UHFFFAOYSA-N"", ""CQQGIWJSICOUON-UHFFFAOYSA-N""]","[""FR-BBD3-PARENT-c1350__e00001"", ""FR-BBD3-PARENT-c1350__e00003"", ""FR-BBD3-PARENT-c1350__e00011"", ""FR-BBD3-PARENT-c1350__e00023"", ""FR-BBD3-PARENT-c1350__e00017"", ""FR-BBD3-PARENT-c1350__e00027""]","[1.0, 1.0, 1.0, 1.0, 1.0, 1.0]","[""multi_generation_edge_probability"", ""multi_generation_edge_probability"", ""multi_generation_edge_probability"", ""multi_generation_edge_probability"", ""multi_generation_edge_probability"", ""multi_generation_edge_probability""]",1.0,path_probability_product,simple_acyclic_path,max_depth_reached,True,False,False,False,False,False,False,False
FR-BBD3-PARENT-c1350,scope_a_old83_compatible,"3,3'-Dithiodipropionate",other_eawag_bbd_xenobiotic,envipath_prediction,envipath_bbd_rules_multistep,False,FR-BBD3-PARENT-c1350__sp02,2,6,"[""FR-BBD3-PARENT-c1350__n00000"", ""FR-BBD3-PARENT-c1350__n00001"", ""FR-BBD3-PARENT-c1350__n00003"", ""FR-BBD3-PARENT-c1350__n00010"", ""FR-BBD3-PARENT-c1350__n00004"", ""FR-BBD3-PARENT-c1350__n00015"", ""FR-BBD3-PARENT-c1350__n00011""]","[""O=C([O-])CCSSCCC(=O)[O-]"", ""O=C(O)CCSSCC(O)C(=O)O"", ""O=C(O)CCSSCC(=O)C(=O)O"", ""O=C(O)C(=O)CSSCC(O)C(=O)O"", ""O=C(O)C(O)CS"", ""O=C(O)C(O)CS(=O)O"", ""CC(O)C(=O)O""]","[""YCLSOMLVSHPPFV-UHFFFAOYSA-L"", ""MXKGKDNOBIMPIS-UHFFFAOYSA-N"", ""CYXAMJCDDMKSGZ-UHFFFAOYSA-N"", ""CBSLVZJUIYBIGQ-UHFFFAOYSA-N"", ""OLQOVQTWRIJPRE-UHFFFAOYSA-N"", ""BKEZNIFOORQAPK-UHFFFAOYSA-N"", ""JVTAAEKCZFNVCJ-UHFFFAOYSA-N""]","[""FR-BBD3-PARENT-c1350__e00001"", ""FR-BBD3-PARENT-c1350__e00003"", ""FR-BBD3-PARENT-c1350__e00011"", ""FR-BBD3-PARENT-c1350__e00023"", ""FR-BBD3-PARENT-c1350__e00017"", ""FR-BBD3-PARENT-c1350__e00032""]","[1.0, 1.0, 1.0, 1.0, 1.0, 1.0]","[""multi_generation_edge_probability"", ""multi_generation_edge_probability"", ""multi_generation_edge_probability"", ""multi_generation_edge_probability"", ""multi_generation_edge_probability"", ""multi_generation_edge_probability""]",1.0,path_probability_product,simple_acyclic_path,max_depth_reached,True,False,False,False,False,False,False,False
FR-BBD3-PARENT-c1350,scope_a_old83_compatible,"3,3'-Dithiodipropionate",other_eawag_bbd_xenobiotic,envipath_prediction,envipath_bbd_rules_multistep,False,FR-BBD3-PARENT-c1350__sp03,3,6,"[""FR-BBD3-PARENT-c1350__n00000"", ""FR-BBD3-PARENT-c1350__n00001"", ""FR-BBD3-PARENT-c1350__n00003"", ""FR-BBD3-PARENT-c1350__n00002"", ""FR-BBD3-PARENT-c1350__n00004"", ""FR-BBD3-PARENT-c1350__n00015"", ""FR-BBD3-PARENT-c1350__n00020""]","[""O=C([O-])CCSSCCC(=O)[O-]"", ""O=C(O)CCSSCC(O)C(=O)O"", ""O=C(O)CCSSCC(=O)C(=O)O"", ""O=C(O)CCS"", ""O=C(O)C(O)CS"", ""O=C(O)C(O)CS(=O)O"", ""O=C(O)C(O)CS(=O)(=O)O""]","[""YCLSOMLVSHPPFV-UHFFFAOYSA-L"", ""MXKGKDNOBIMPIS-UHFFFAOYSA-N"", ""CYXAMJCDDMKSGZ-UHFFFAOYSA-N"", ""DKIDEFUBRARXTE-UHFFFAOYSA-N"", ""OLQOVQTWRIJPRE-UHFFFAOYSA-N"", ""BKEZNIFOORQAPK-UHFFFAOYSA-N"", ""CQQGIWJSICOUON-UHFFFAOYSA-N""]","[""FR-BBD3-PARENT-c1350__e00001"", ""FR-BBD3-PARENT-c1350__e00003"", ""FR-BBD3-PARENT-c1350__e00021"", ""FR-BBD3-PARENT-c1350__e00004"", ""FR-BBD3-PARENT-c1350__e00017"", ""FR-BBD3-PARENT-c1350__e00027""]","[1.0, 1.0, 1.0, 1.0, 1.0, 1.0]","[""multi_generation_edge_probability"", ""multi_generation_edge_probability"", ""multi_generation_edge_probability"", ""multi_generation_edge_probability"", ""multi_generation_edge_probability"", ""multi_generation_edge_probability""]",1.0,path_probability_product,simple_acyclic_path,max_depth_reached,True,False,False,False,False,False,False,False
FR-BBD3-PARENT-c1350,scope_a_old83_compatible,"3,3'-Dithiodipropionate",other_eawag_bbd_xenobiotic,envipath_prediction,envipath_bbd_rules_multistep,False,FR-BBD3-PARENT-c1350__sp04,4,6,"[""FR-BBD3-PARENT-c1350__n00000"", ""FR-BBD3-PARENT-c1350__n00001"", ""FR-BBD3-PARENT-c1350__n00003"", ""FR-BBD3-PARENT-c1350__n00002"", ""FR-BBD3-PARENT-c1350__n00004"", ""FR-BBD3-PARENT-c1350__n00015"", ""FR-BBD3-PARENT-c1350__n00011""]","[""O=C([O-])CCSSCCC(=O)[O-]"", ""O=C(O)CCSSCC(O)C(=O)O"", ""O=C(O)CCSSCC(=O)C(=O)O"", ""O=C(O)CCS"", ""O=C(O)C(O)CS"", ""O=C(O)C(O)CS(=O)O"", ""CC(O)C(=O)O""]","[""YCLSOMLVSHPPFV-UHFFFAOYSA-L"", ""MXKGKDNOBIMPIS-UHFFFAOYSA-N"", ""CYXAMJCDDMKSGZ-UHFFFAOYSA-N"", ""DKIDEFUBRARXTE-UHFFFAOYSA-N"", ""OLQOVQTWRIJPRE-UHFFFAOYSA-N"", ""BKEZNIFOORQAPK-UHFFFAOYSA-N"", ""JVTAAEKCZFNVCJ-UHFFFAOYSA-N""]","[""FR-BBD3-PARENT-c1350__e00001"", ""FR-BBD3-PARENT-c1350__e00003"", ""FR-BBD3-PARENT-c1350__e00021"", ""FR-BBD3-PARENT-c1350__e00004"", ""FR-BBD3-PARENT-c1350__e00017"", ""FR-BBD3-PARENT-c1350__e00032""]","[1.0, 1.0, 1.0, 1.0, 1.0, 1.0]","[""multi_generation_edge_probability"", ""multi_generation_edge_probability"", ""multi_generation_edge_probability"", ""multi_generation_edge_probability"", ""multi_generation_edge_probability"", ""multi_generation_edge_probability""]",1.0,path_probability_product,simple_acyclic_path,max_depth_reached,True,False,False,False,False,False,False,False
FR-BBD3-PARENT-c1350,scope_a_old83_compatible,"3,3'-Dithiodipropionate",other_eawag_bbd_xenobiotic,envipath_prediction,envipath_bbd_rules_multistep,False,FR-BBD3-PARENT-c1350__sp05,5,6,"[""FR-BBD3-PARENT-c1350__n00000"", ""FR-BBD3-PARENT-c1350__n00001"", ""FR-BBD3-PARENT-c1350__n00003"", ""FR-BBD3-PARENT-c1350__n00002"", ""FR-BBD3-PARENT-c1350__n00006"", ""FR-BBD3-PARENT-c1350__n00009"", ""FR-BBD3-PARENT-c1350__n00013""]","[""O=C([O-])CCSSCCC(=O)[O-]"", ""O=C(O)CCSSCC(O)C(=O)O"", ""O=C(O)CCSSCC(=O)C(=O)O"", ""O=C(O)CCS"", ""O=C(O)CCS(=O)O"", ""CCC(=O)O"", ""O=C(O)CCO""]","[""YCLSOMLVSHPPFV-UHFFFAOYSA-L"", ""MXKGKDNOBIMPIS-UHFFFAOYSA-N"", ""CYXAMJCDDMKSGZ-UHFFFAOYSA-N"", ""DKIDEFUBRARXTE-UHFFFAOYSA-N"", ""GBHSTQUVJWQJOK-UHFFFAOYSA-N"", ""XBDQKXXYIPTUBI-UHFFFAOYSA-N"", ""ALRHLSYJTWAHJZ-UHFFFAOYSA-N""]","[""FR-BBD3-PARENT-c1350__e00001"", ""FR-BBD3-PARENT-c1350__e00003"", ""FR-BBD3-PARENT-c1350__e00021"", ""FR-BBD3-PARENT-c1350__e00006"", ""FR-BBD3-PARENT-c1350__e00014"", ""FR-BBD3-PARENT-c1350__e00015""]","[1.0, 1.0, 1.0, 1.0, 1.0, 1.0]","[""multi_generation_edge_probability"", ""multi_generation_edge_probability"", ""multi_generation_edge_probability"", ""multi_generation_edge_probability"", ""multi_generation_edge_probability"", ""multi_generation_edge_probability""]",1.0,path_probability_product,simple_acyclic_path,max_depth_reached,True,False,False,False,False,False,False,False
FR-BBD3-PARENT-c1350,scope_a_old83_compatible,"3,3'-Dithiodipropionate",other_eawag_bbd_xenobiotic,envipath_prediction,envipath_bbd_rules_multistep,False,FR-BBD3-PARENT-c1350__sp06,6,6,"[""FR-BBD3-PARENT-c1350__n00000"", ""FR-BBD3-PARENT-c1350__n00001"", ""FR-BBD3-PARENT-c1350__n00003"", ""FR-BBD3-PARENT-c1350__n00002"", ""FR-BBD3-PARENT-c1350__n00006"", ""FR-BBD3-PARENT-c1350__n00016"", ""FR-BBD3-PARENT-c1350__n00025""]","[""O=C([O-])CCSSCCC(=O)[O-]"", ""O=C(O)CCSSCC(O)C(=O)O"", ""O=C(O)CCSSCC(=O)C(=O)O"", ""O=C(O)CCS"", ""O=C(O)CCS(=O)O"", ""O=C(O)CCS(=O)(=O)O"", ""O=S(O)O""]","[""YCLSOMLVSHPPFV-UHFFFAOYSA-L"", ""MXKGKDNOBIMPIS-UHFFFAOYSA-N"", ""CYXAMJCDDMKSGZ-UHFFFAOYSA-N"", ""DKIDEFUBRARXTE-UHFFFAOYSA-N"", ""GBHSTQUVJWQJOK-UHFFFAOYSA-N"", ""OURSFPZPOXNNKX-UHFFFAOYSA-N"", ""LSNNMFCWUKXFEE-UHFFFAOYSA-N""]","[""FR-BBD3-PARENT-c1350__e00001"", ""FR-BBD3-PARENT-c1350__e00003"", ""FR-BBD3-PARENT-c1350__e00021"", ""FR-BBD3-PARENT-c1350__e00006"", ""FR-BBD3-PARENT-c1350__e00019"", ""FR-BBD3-PARENT-c1350__e00034""]","[1.0, 1.0, 1.0, 1.0, 1.0, 1.0]","[""multi_generation_edge_probability"", ""multi_generation_edge_probability"", ""multi_generation_edge_probability"", ""multi_generation_edge_probability"", ""multi_generation_edge_probability"", ""multi_generation_edge_probability""]",1.0,path_probability_product,simple_acyclic_path,max_depth_reached,True,False,False,False,False,False,False,False
FR-BBD3-PARENT-c1350,scope_a_old83_compatible,"3,3'-Dithiodipropionate",other_eawag_bbd_xenobiotic,envipath_prediction,envipath_bbd_rules_multistep,False,FR-BBD3-PARENT-c1350__sp07,7,6,"[""FR-BBD3-PARENT-c1350__n00000"", ""FR-BBD3-PARENT-c1350__n00001"", ""FR-BBD3-PARENT-c1350__n00003"", ""FR-BBD3-PARENT-c1350__n00002"", ""FR-BBD3-PARENT-c1350__n00007"", ""FR-BBD3-PARENT-c1350__n00012"", ""FR-BBD3-PARENT-c1350__n00018""]","[""O=C([O-])CCSSCCC(=O)[O-]"", ""O=C(O)CCSSCC(O)C(=O)O"", ""O=C(O)CCSSCC(=O)C(=O)O"", ""O=C(O)CCS"", ""O=CCC(=O)O"", ""O=CC(O)C(=O)O"", ""O=C(O)C(O)C(=O)O""]","[""YCLSOMLVSHPPFV-UHFFFAOYSA-L"", ""MXKGKDNOBIMPIS-UHFFFAOYSA-N"", ""CYXAMJCDDMKSGZ-UHFFFAOYSA-N"", ""DKIDEFUBRARXTE-UHFFFAOYSA-N"", ""OAKURXIZZOAYBC-UHFFFAOYSA-N"", ""QWBAFPFNGRFSFB-UHFFFAOYSA-N"", ""ROBFUDYVXSDBQM-UHFFFAOYSA-N""]","[""FR-BBD3-PARENT-c1350__e00001"", ""FR-BBD3-PARENT-c1350__e00003"", ""FR-BBD3-PARENT-c1350__e00021"", ""FR-BBD3-PARENT-c1350__e00007"", ""FR-BBD3-PARENT-c1350__e00013"", ""FR-BBD3-PARENT-c1350__e00024""]","[1.0, 1.0, 1.0, 1.0, 1.0, 1.0]","[""multi_generation_edge_probability"", ""multi_generation_edge_probability"", ""multi_generation_edge_probability"", ""multi_generation_edge_probability"", ""multi_generation_edge_probability"", ""multi_generation_edge_probability""]",1.0,path_probability_product,simple_acyclic_path,max_depth_reached,True,False,False,False,False,False,False,False
FR-BBD3-PARENT-c1350,scope_a_old83_compatible,"3,3'-Dithiodipropionate",other_eawag_bbd_xenobiotic,envipath_prediction,envipath_bbd_rules_multistep,False,FR-BBD3-PARENT-c1350__sp08,8,6,"[""FR-BBD3-PARENT-c1350__n00000"", ""FR-BBD3-PARENT-c1350__n00001"", ""FR-BBD3-PARENT-c1350__n00003"", ""FR-BBD3-PARENT-c1350__n00002"", ""FR-BBD3-PARENT-c1350__n00007"", ""FR-BBD3-PARENT-c1350__n00012"", ""FR-BBD3-PARENT-c1350__n00021""]","[""O=C([O-])CCSSCCC(=O)[O-]"", ""O=C(O)CCSSCC(O)C(=O)O"", ""O=C(O)CCSSCC(=O)C(=O)O"", ""O=C(O)CCS"", ""O=CCC(=O)O"", ""O=CC(O)C(=O)O"", ""O=CC(=O)C(=O)O""]","[""YCLSOMLVSHPPFV-UHFFFAOYSA-L"", ""MXKGKDNOBIMPIS-UHFFFAOYSA-N"", ""CYXAMJCDDMKSGZ-UHFFFAOYSA-N"", ""DKIDEFUBRARXTE-UHFFFAOYSA-N"", ""OAKURXIZZOAYBC-UHFFFAOYSA-N"", ""QWBAFPFNGRFSFB-UHFFFAOYSA-N"", ""JSCNFEFJALUGBY-UHFFFAOYSA-N""]","[""FR-BBD3-PARENT-c1350__e00001"", ""FR-BBD3-PARENT-c1350__e00003"", ""FR-BBD3-PARENT-c1350__e00021"", ""FR-BBD3-PARENT-c1350__e00007"", ""FR-BBD3-PARENT-c1350__e00013"", ""FR-BBD3-PARENT-c1350__e00029""]","[1.0, 1.0, 1.0, 1.0, 1.0, 1.0]","[""multi_generation_edge_probability"", ""multi_generation_edge_probability"", ""multi_generation_edge_probability"", ""multi_generation_edge_probability"", ""multi_generation_edge_probability"", ""multi_generation_edge_probability""]",1.0,path_probability_product,simple_acyclic_path,max_depth_reached,True,False,False,False,False,False,False,False
FR-BBD3-PARENT-c1350,scope_a_old83_compatible,"3,3'-Dithiodipropionate",other_eawag_bbd_xenobiotic,envipath_prediction,envipath_bbd_rules_multistep,False,FR-BBD3-PARENT-c1350__sp09,9,6,"[""FR-BBD3-PARENT-c1350__n00000"", ""FR-BBD3-PARENT-c1350__n00001"", ""FR-BBD3-PARENT-c1350__n00003"", ""FR-BBD3-PARENT-c1350__n00002"", ""FR-BBD3-PARENT-c1350__n00009"", ""FR-BBD3-PARENT-c1350__n00013"", ""FR-BBD3-PARENT-c1350__n00007""]","[""O=C([O-])CCSSCCC(=O)[O-]"", ""O=C(O)CCSSCC(O)C(=O)O"", ""O=C(O)CCSSCC(=O)C(=O)O"", ""O=C(O)CCS"", ""CCC(=O)O"", ""O=C(O)CCO"", ""O=CCC(=O)O""]","[""YCLSOMLVSHPPFV-UHFFFAOYSA-L"", ""MXKGKDNOBIMPIS-UHFFFAOYSA-N"", ""CYXAMJCDDMKSGZ-UHFFFAOYSA-N"", ""DKIDEFUBRARXTE-UHFFFAOYSA-N"", ""XBDQKXXYIPTUBI-UHFFFAOYSA-N"", ""ALRHLSYJTWAHJZ-UHFFFAOYSA-N"", ""OAKURXIZZOAYBC-UHFFFAOYSA-N""]","[""FR-BBD3-PARENT-c1350__e00001"", ""FR-BBD3-PARENT-c1350__e00003"", ""FR-BBD3-PARENT-c1350__e00021"", ""FR-BBD3-PARENT-c1350__e00010"", ""FR-BBD3-PARENT-c1350__e00015"", ""FR-BBD3-PARENT-c1350__e00025""]","[1.0, 1.0, 1.0, 1.0, 1.0, 1.0]","[""multi_generation_edge_probability"", ""multi_generation_edge_probability"", ""multi_generation_edge_probability"", ""multi_generation_edge_probability"", ""multi_generation_edge_probability"", ""multi_generation_edge_probability""]",1.0,path_probability_product,simple_acyclic_path,max_depth_reached,True,False,False,False,False,False,False,False
FR-BBD3-PARENT-c1350,scope_a_old83_compatible,"3,3'-Dithiodipropionate",other_eawag_bbd_xenobiotic,envipath_prediction,envipath_bbd_rules_multistep,False,FR-BBD3-PARENT-c1350__sp10,10,6,"[""FR-BBD3-PARENT-c1350__n00000"", ""FR-BBD3-PARENT-c1350__n00001"", ""FR-BBD3-PARENT-c1350__n00003"", ""FR-BBD3-PARENT-c1350__n00002"", ""FR-BBD3-PARENT-c1350__n00009"", ""FR-BBD3-PARENT-c1350__n00013"", ""FR-BBD3-PARENT-c1350__n00022""]","[""O=C([O-])CCSSCCC(=O)[O-]"", ""O=C(O)CCSSCC(O)C(=O)O"", ""O=C(O)CCSSCC(=O)C(=O)O"", ""O=C(O)CCS"", ""CCC(=O)O"", ""O=C(O)CCO"", ""O=C(O)C(O)CO""]","[""YCLSOMLVSHPPFV-UHFFFAOYSA-L"", ""MXKGKDNOBIMPIS-UHFFFAOYSA-N"", ""CYXAMJCDDMKSGZ-UHFFFAOYSA-N"", ""DKIDEFUBRARXTE-UHFFFAOYSA-N"", ""XBDQKXXYIPTUBI-UHFFFAOYSA-N"", ""ALRHLSYJTWAHJZ-UHFFFAOYSA-N"", ""RBNPOMFGQQGHHO-UHFFFAOYSA-N""]","[""FR-BBD3-PARENT-c1350__e00001"", ""FR-BBD3-PARENT-c1350__e00003"", ""FR-BBD3-PARENT-c1350__e00021"", ""FR-BBD3-PARENT-c1350__e00010"", ""FR-BBD3-PARENT-c1350__e00015"", ""FR-BBD3-PARENT-c1350__e00030""]","[1.0, 1.0, 1.0, 1.0, 1.0, 1.0]","[""multi_generation_edge_probability"", ""multi_generation_edge_probability"", ""multi_generation_edge_probability"", ""multi_generation_edge_probability"", ""multi_generation_edge_probability"", ""multi_generation_edge_probability""]",1.0,path_probability_product,simple_acyclic_path,max_depth_reached,True,False,False,False,False,False,False,False
FR-BBD3-PARENT-c1352,scope_a_old83_compatible,"N,N-Diethyl-m-toluamide",other_eawag_bbd_xenobiotic,envipath_prediction,envipath_bbd_rules_multistep,False,FR-BBD3-PARENT-c1352__sp01,1,6,"[""FR-BBD3-PARENT-c1352__n00000"", ""FR-BBD3-PARENT-c1352__n00002"", ""FR-BBD3-PARENT-c1352__n00005"", ""FR-BBD3-PARENT-c1352__n00014"", ""FR-BBD3-PARENT-c1352__n00025"", ""FR-BBD3-PARENT-c1352__n00026"", ""FR-BBD3-PARENT-c1352__n00027""]","[""CCN(CC)C(=O)c1cccc(C)c1"", ""CCNCC"", ""CC=O"", ""O=CCO"", ""O=C(O)CO"", ""O=CC(=O)O"", ""O=C(O)C(=O)O""]","[""MMOXZBCLCQITDF-UHFFFAOYSA-N"", ""HPNMFZURTQLUMO-UHFFFAOYSA-N"", ""IKHGUXGNUITLKF-UHFFFAOYSA-N"", ""WGCNASOHLSPBMP-UHFFFAOYSA-N"", ""AEMRFAOFKBGASW-UHFFFAOYSA-N"", ""HHLFWLYXYJOTON-UHFFFAOYSA-N"", ""MUBZPKHOEPUJKR-UHFFFAOYSA-N""]","[""FR-BBD3-PARENT-c1352__e00002"", ""FR-BBD3-PARENT-c1352__e00017"", ""FR-BBD3-PARENT-c1352__e00015"", ""FR-BBD3-PARENT-c1352__e00029"", ""FR-BBD3-PARENT-c1352__e00030"", ""FR-BBD3-PARENT-c1352__e00031""]","[1.0, 1.0, 1.0, 1.0, 1.0, 1.0]","[""multi_generation_edge_probability"", ""multi_generation_edge_probability"", ""multi_generation_edge_probability"", ""multi_generation_edge_probability"", ""multi_generation_edge_probability"", ""multi_generation_edge_probability""]",1.0,path_probability_product,simple_acyclic_path,max_depth_reached,True,False,False,False,False,False,False,False
FR-BBD3-PARENT-c1352,scope_a_old83_compatible,"N,N-Diethyl-m-toluamide",other_eawag_bbd_xenobiotic,envipath_prediction,envipath_bbd_rules_multistep,False,FR-BBD3-PARENT-c1352__sp02,2,6,"[""FR-BBD3-PARENT-c1352__n00000"", ""FR-BBD3-PARENT-c1352__n00006"", ""FR-BBD3-PARENT-c1352__n00002"", ""FR-BBD3-PARENT-c1352__n00005"", ""FR-BBD3-PARENT-c1352__n00014"", ""FR-BBD3-PARENT-c1352__n00025"", ""FR-BBD3-PARENT-c1352__n00026""]","[""CCN(CC)C(=O)c1cccc(C)c1"", ""CCN(CC)C(=O)c1cccc(CC(CC(=O)O)C(=O)O)c1"", ""CCNCC"", ""CC=O"", ""O=CCO"", ""O=C(O)CO"", ""O=CC(=O)O""]","[""MMOXZBCLCQITDF-UHFFFAOYSA-N"", ""KDUQFYFIEIWMFX-UHFFFAOYSA-N"", ""HPNMFZURTQLUMO-UHFFFAOYSA-N"", ""IKHGUXGNUITLKF-UHFFFAOYSA-N"", ""WGCNASOHLSPBMP-UHFFFAOYSA-N"", ""AEMRFAOFKBGASW-UHFFFAOYSA-N"", ""HHLFWLYXYJOTON-UHFFFAOYSA-N""]","[""FR-BBD3-PARENT-c1352__e00006"", ""FR-BBD3-PARENT-c1352__e00016"", ""FR-BBD3-PARENT-c1352__e00017"", ""FR-BBD3-PARENT-c1352__e00015"", ""FR-BBD3-PARENT-c1352__e00029"", ""FR-BBD3-PARENT-c1352__e00030""]","[1.0, 1.0, 1.0, 1.0, 1.0, 1.0]","[""multi_generation_edge_probability"", ""multi_generation_edge_probability"", ""multi_generation_edge_probability"", ""multi_generation_edge_probability"", ""multi_generation_edge_probability"", ""multi_generation_edge_probability""]",1.0,path_probability_product,simple_acyclic_path,max_depth_reached,True,False,False,False,False,False,False,False
FR-BBD3-PARENT-c1352,scope_a_old83_compatible,"N,N-Diethyl-m-toluamide",other_eawag_bbd_xenobiotic,envipath_prediction,envipath_bbd_rules_multistep,False,FR-BBD3-PARENT-c1352__sp03,3,5,"[""FR-BBD3-PARENT-c1352__n00000"", ""FR-BBD3-PARENT-c1352__n00005"", ""FR-BBD3-PARENT-c1352__n00014"", ""FR-BBD3-PARENT-c1352__n00025"", ""FR-BBD3-PARENT-c1352__n00026"", ""FR-BBD3-PARENT-c1352__n00027""]","[""CCN(CC)C(=O)c1cccc(C)c1"", ""CC=O"", ""O=CCO"", ""O=C(O)CO"", ""O=CC(=O)O"", ""O=C(O)C(=O)O""]","[""MMOXZBCLCQITDF-UHFFFAOYSA-N"", ""IKHGUXGNUITLKF-UHFFFAOYSA-N"", ""WGCNASOHLSPBMP-UHFFFAOYSA-N"", ""AEMRFAOFKBGASW-UHFFFAOYSA-N"", ""HHLFWLYXYJOTON-UHFFFAOYSA-N"", ""MUBZPKHOEPUJKR-UHFFFAOYSA-N""]","[""FR-BBD3-PARENT-c1352__e00005"", ""FR-BBD3-PARENT-c1352__e00015"", ""FR-BBD3-PARENT-c1352__e00029"", ""FR-BBD3-PARENT-c1352__e00030"", ""FR-BBD3-PARENT-c1352__e00031""]","[1.0, 1.0, 1.0, 1.0, 1.0]","[""multi_generation_edge_probability"", ""multi_generation_edge_probability"", ""multi_generation_edge_probability"", ""multi_generation_edge_probability"", ""multi_generation_edge_probability""]",1.0,path_probability_product,simple_acyclic_path,frontier_empty,True,False,False,False,False,False,False,False
FR-BBD3-PARENT-c1352,scope_a_old83_compatible,"N,N-Diethyl-m-toluamide",other_eawag_bbd_xenobiotic,envipath_prediction,envipath_bbd_rules_multistep,False,FR-BBD3-PARENT-c1352__sp04,4,4,"[""FR-BBD3-PARENT-c1352__n00000"", ""FR-BBD3-PARENT-c1352__n00006"", ""FR-BBD3-PARENT-c1352__n00002"", ""FR-BBD3-PARENT-c1352__n00005"", ""FR-BBD3-PARENT-c1352__n00012""]","[""CCN(CC)C(=O)c1cccc(C)c1"", ""CCN(CC)C(=O)c1cccc(CC(CC(=O)O)C(=O)O)c1"", ""CCNCC"", ""CC=O"", ""CC(=O)O""]","[""MMOXZBCLCQITDF-UHFFFAOYSA-N"", ""KDUQFYFIEIWMFX-UHFFFAOYSA-N"", ""HPNMFZURTQLUMO-UHFFFAOYSA-N"", ""IKHGUXGNUITLKF-UHFFFAOYSA-N"", ""QTBSBXVTEAMEQO-UHFFFAOYSA-N""]","[""FR-BBD3-PARENT-c1352__e00006"", ""FR-BBD3-PARENT-c1352__e00016"", ""FR-BBD3-PARENT-c1352__e00017"", ""FR-BBD3-PARENT-c1352__e00013""]","[1.0, 1.0, 1.0, 1.0]","[""multi_generation_edge_probability"", ""multi_generation_edge_probability"", ""multi_generation_edge_probability"", ""multi_generation_edge_probability""]",1.0,path_probability_product,simple_acyclic_path,frontier_empty,True,False,False,False,False,False,False,False
FR-BBD3-PARENT-c1352,scope_a_old83_compatible,"N,N-Diethyl-m-toluamide",other_eawag_bbd_xenobiotic,envipath_prediction,envipath_bbd_rules_multistep,False,FR-BBD3-PARENT-c1352__sp05,5,3,"[""FR-BBD3-PARENT-c1352__n00000"", ""FR-BBD3-PARENT-c1352__n00002"", ""FR-BBD3-PARENT-c1352__n00005"", ""FR-BBD3-PARENT-c1352__n00012""]","[""CCN(CC)C(=O)c1cccc(C)c1"", ""CCNCC"", ""CC=O"", ""CC(=O)O""]","[""MMOXZBCLCQITDF-UHFFFAOYSA-N"", ""HPNMFZURTQLUMO-UHFFFAOYSA-N"", ""IKHGUXGNUITLKF-UHFFFAOYSA-N"", ""QTBSBXVTEAMEQO-UHFFFAOYSA-N""]","[""FR-BBD3-PARENT-c1352__e00002"", ""FR-BBD3-PARENT-c1352__e00017"", ""FR-BBD3-PARENT-c1352__e00013""]","[1.0, 1.0, 1.0]","[""multi_generation_edge_probability"", ""multi_generation_edge_probability"", ""multi_generation_edge_probability""]",1.0,path_probability_product,simple_acyclic_path,frontier_empty,True,False,False,False,False,False,False,False
FR-BBD3-PARENT-c1352,scope_a_old83_compatible,"N,N-Diethyl-m-toluamide",other_eawag_bbd_xenobiotic,envipath_prediction,envipath_bbd_rules_multistep,False,FR-BBD3-PARENT-c1352__sp06,6,3,"[""FR-BBD3-PARENT-c1352__n00000"", ""FR-BBD3-PARENT-c1352__n00003"", ""FR-BBD3-PARENT-c1352__n00001"", ""FR-BBD3-PARENT-c1352__n00008""]","[""CCN(CC)C(=O)c1cccc(C)c1"", ""CCN(CCO)C(=O)c1cccc(C)c1"", ""Cc1cccc(C(=O)O)c1"", ""O=C(O)c1cccc(CO)c1""]","[""MMOXZBCLCQITDF-UHFFFAOYSA-N"", ""KVTUZBGZTRABBQ-UHFFFAOYSA-N"", ""GPSDUZXPYCFOSQ-UHFFFAOYSA-N"", ""UOKBFIOAEPCADP-UHFFFAOYSA-N""]","[""FR-BBD3-PARENT-c1352__e00003"", ""FR-BBD3-PARENT-c1352__e00011"", ""FR-BBD3-PARENT-c1352__e00008""]","[1.0, 1.0, 1.0]","[""multi_generation_edge_probability"", ""multi_generation_edge_probability"", ""multi_generation_edge_probability""]",1.0,path_probability_product,simple_acyclic_path,frontier_empty,True,False,False,False,False,False,False,False
FR-BBD3-PARENT-c1352,scope_a_old83_compatible,"N,N-Diethyl-m-toluamide",other_eawag_bbd_xenobiotic,envipath_prediction,envipath_bbd_rules_multistep,False,FR-BBD3-PARENT-c1352__sp07,7,3,"[""FR-BBD3-PARENT-c1352__n00000"", ""FR-BBD3-PARENT-c1352__n00003"", ""FR-BBD3-PARENT-c1352__n00004"", ""FR-BBD3-PARENT-c1352__n00011""]","[""CCN(CC)C(=O)c1cccc(C)c1"", ""CCN(CCO)C(=O)c1cccc(C)c1"", ""CCNC(=O)c1cccc(C)c1"", ""CCNC(=O)c1cccc(CC(CC(=O)O)C(=O)O)c1""]","[""MMOXZBCLCQITDF-UHFFFAOYSA-N"", ""KVTUZBGZTRABBQ-UHFFFAOYSA-N"", ""FPINATACRXASTP-UHFFFAOYSA-N"", ""ITGLHUHPHUZNPP-UHFFFAOYSA-N""]","[""FR-BBD3-PARENT-c1352__e00003"", ""FR-BBD3-PARENT-c1352__e00023"", ""FR-BBD3-PARENT-c1352__e00012""]","[1.0, 1.0, 1.0]","[""multi_generation_edge_probability"", ""multi_generation_edge_probability"", ""multi_generation_edge_probability""]",1.0,path_probability_product,simple_acyclic_path,frontier_empty,True,False,False,False,False,False,False,False
FR-BBD3-PARENT-c1352,scope_a_old83_compatible,"N,N-Diethyl-m-toluamide",other_eawag_bbd_xenobiotic,envipath_prediction,envipath_bbd_rules_multistep,False,FR-BBD3-PARENT-c1352__sp08,8,3,"[""FR-BBD3-PARENT-c1352__n00000"", ""FR-BBD3-PARENT-c1352__n00003"", ""FR-BBD3-PARENT-c1352__n00004"", ""FR-BBD3-PARENT-c1352__n00018""]","[""CCN(CC)C(=O)c1cccc(C)c1"", ""CCN(CCO)C(=O)c1cccc(C)c1"", ""CCNC(=O)c1cccc(C)c1"", ""Cc1cccc(C(N)=O)c1""]","[""MMOXZBCLCQITDF-UHFFFAOYSA-N"", ""KVTUZBGZTRABBQ-UHFFFAOYSA-N"", ""FPINATACRXASTP-UHFFFAOYSA-N"", ""WGRPQCFFBRDZFV-UHFFFAOYSA-N""]","[""FR-BBD3-PARENT-c1352__e00003"", ""FR-BBD3-PARENT-c1352__e00023"", ""FR-BBD3-PARENT-c1352__e00021""]","[1.0, 1.0, 1.0]","[""multi_generation_edge_probability"", ""multi_generation_edge_probability"", ""multi_generation_edge_probability""]",1.0,path_probability_product,simple_acyclic_path,frontier_empty,True,False,False,False,False,False,False,False
FR-BBD3-PARENT-c1352,scope_a_old83_compatible,"N,N-Diethyl-m-toluamide",other_eawag_bbd_xenobiotic,envipath_prediction,envipath_bbd_rules_multistep,False,FR-BBD3-PARENT-c1352__sp09,9,3,"[""FR-BBD3-PARENT-c1352__n00000"", ""FR-BBD3-PARENT-c1352__n00006"", ""FR-BBD3-PARENT-c1352__n00002"", ""FR-BBD3-PARENT-c1352__n00010""]","[""CCN(CC)C(=O)c1cccc(C)c1"", ""CCN(CC)C(=O)c1cccc(CC(CC(=O)O)C(=O)O)c1"", ""CCNCC"", ""CCNCCO""]","[""MMOXZBCLCQITDF-UHFFFAOYSA-N"", ""KDUQFYFIEIWMFX-UHFFFAOYSA-N"", ""HPNMFZURTQLUMO-UHFFFAOYSA-N"", ""MIJDSYMOBYNHOT-UHFFFAOYSA-N""]","[""FR-BBD3-PARENT-c1352__e00006"", ""FR-BBD3-PARENT-c1352__e00016"", ""FR-BBD3-PARENT-c1352__e00010""]","[1.0, 1.0, 1.0]","[""multi_generation_edge_probability"", ""multi_generation_edge_probability"", ""multi_generation_edge_probability""]",1.0,path_probability_product,simple_acyclic_path,frontier_empty,True,False,False,False,False,False,False,False
FR-BBD3-PARENT-c1352,scope_a_old83_compatible,"N,N-Diethyl-m-toluamide",other_eawag_bbd_xenobiotic,envipath_prediction,envipath_bbd_rules_multistep,False,FR-BBD3-PARENT-c1352__sp10,10,3,"[""FR-BBD3-PARENT-c1352__n00000"", ""FR-BBD3-PARENT-c1352__n00006"", ""FR-BBD3-PARENT-c1352__n00002"", ""FR-BBD3-PARENT-c1352__n00013""]","[""CCN(CC)C(=O)c1cccc(C)c1"", ""CCN(CC)C(=O)c1cccc(CC(CC(=O)O)C(=O)O)c1"", ""CCNCC"", ""CCN""]","[""MMOXZBCLCQITDF-UHFFFAOYSA-N"", ""KDUQFYFIEIWMFX-UHFFFAOYSA-N"", ""HPNMFZURTQLUMO-UHFFFAOYSA-N"", ""QUSNBJAOOMFDIB-UHFFFAOYSA-N""]","[""FR-BBD3-PARENT-c1352__e00006"", ""FR-BBD3-PARENT-c1352__e00016"", ""FR-BBD3-PARENT-c1352__e00014""]","[1.0, 1.0, 1.0]","[""multi_generation_edge_probability"", ""multi_generation_edge_probability"", ""multi_generation_edge_probability""]",1.0,path_probability_product,simple_acyclic_path,frontier_empty,True,False,False,False,False,False,False,False
FR-BBD3-PARENT-c1354,scope_a_old83_compatible,"1,4-Dioxane",other_eawag_bbd_xenobiotic,envipath_prediction,envipath_bbd_rules_multistep,False,FR-BBD3-PARENT-c1354__sp01,1,6,"[""FR-BBD3-PARENT-c1354__n00000"", ""FR-BBD3-PARENT-c1354__n00001"", ""FR-BBD3-PARENT-c1354__n00004"", ""FR-BBD3-PARENT-c1354__n00010"", ""FR-BBD3-PARENT-c1354__n00023"", ""FR-BBD3-PARENT-c1354__n00020"", ""FR-BBD3-PARENT-c1354__n00030""]","[""C1COCCO1"", ""OC1COCCO1"", ""O=CCOCCO"", ""O=C(O)COCCO"", ""O=C(O)CO"", ""O=CC(=O)O"", ""O=C(O)C(=O)O""]","[""RYHBNJHYFVUHQT-UHFFFAOYSA-N"", ""RNQWXOKSUCPOFS-UHFFFAOYSA-N"", ""DSGGHBUAHUMMHN-UHFFFAOYSA-N"", ""VDNMIIDPBBCMTM-UHFFFAOYSA-N"", ""AEMRFAOFKBGASW-UHFFFAOYSA-N"", ""HHLFWLYXYJOTON-UHFFFAOYSA-N"", ""MUBZPKHOEPUJKR-UHFFFAOYSA-N""]","[""FR-BBD3-PARENT-c1354__e00001"", ""FR-BBD3-PARENT-c1354__e00004"", ""FR-BBD3-PARENT-c1354__e00010"", ""FR-BBD3-PARENT-c1354__e00024"", ""FR-BBD3-PARENT-c1354__e00033"", ""FR-BBD3-PARENT-c1354__e00032""]","[1.0, 1.0, 1.0, 1.0, 1.0, 1.0]","[""multi_generation_edge_probability"", ""multi_generation_edge_probability"", ""multi_generation_edge_probability"", ""multi_generation_edge_probability"", ""multi_generation_edge_probability"", ""multi_generation_edge_probability""]",1.0,path_probability_product,simple_acyclic_path,max_depth_reached,True,False,False,False,False,False,False,False
FR-BBD3-PARENT-c1354,scope_a_old83_compatible,"1,4-Dioxane",other_eawag_bbd_xenobiotic,envipath_prediction,envipath_bbd_rules_multistep,False,FR-BBD3-PARENT-c1354__sp02,2,5,"[""FR-BBD3-PARENT-c1354__n00000"", ""FR-BBD3-PARENT-c1354__n00001"", ""FR-BBD3-PARENT-c1354__n00004"", ""FR-BBD3-PARENT-c1354__n00010"", ""FR-BBD3-PARENT-c1354__n00014"", ""FR-BBD3-PARENT-c1354__n00017""]","[""C1COCCO1"", ""OC1COCCO1"", ""O=CCOCCO"", ""O=C(O)COCCO"", ""OCCO"", ""O=CCO""]","[""RYHBNJHYFVUHQT-UHFFFAOYSA-N"", ""RNQWXOKSUCPOFS-UHFFFAOYSA-N"", ""DSGGHBUAHUMMHN-UHFFFAOYSA-N"", ""VDNMIIDPBBCMTM-UHFFFAOYSA-N"", ""LYCAIKOWRPUZTN-UHFFFAOYSA-N"", ""WGCNASOHLSPBMP-UHFFFAOYSA-N""]","[""FR-BBD3-PARENT-c1354__e00001"", ""FR-BBD3-PARENT-c1354__e00004"", ""FR-BBD3-PARENT-c1354__e00010"", ""FR-BBD3-PARENT-c1354__e00027"", ""FR-BBD3-PARENT-c1354__e00020""]","[1.0, 1.0, 1.0, 1.0, 1.0]","[""multi_generation_edge_probability"", ""multi_generation_edge_probability"", ""multi_generation_edge_probability"", ""multi_generation_edge_probability"", ""multi_generation_edge_probability""]",1.0,path_probability_product,simple_acyclic_path,frontier_empty,True,False,False,False,False,False,False,False
FR-BBD3-PARENT-c1354,scope_a_old83_compatible,"1,4-Dioxane",other_eawag_bbd_xenobiotic,envipath_prediction,envipath_bbd_rules_multistep,False,FR-BBD3-PARENT-c1354__sp03,3,5,"[""FR-BBD3-PARENT-c1354__n00000"", ""FR-BBD3-PARENT-c1354__n00001"", ""FR-BBD3-PARENT-c1354__n00004"", ""FR-BBD3-PARENT-c1354__n00015"", ""FR-BBD3-PARENT-c1354__n00020"", ""FR-BBD3-PARENT-c1354__n00030""]","[""C1COCCO1"", ""OC1COCCO1"", ""O=CCOCCO"", ""O=CC=O"", ""O=CC(=O)O"", ""O=C(O)C(=O)O""]","[""RYHBNJHYFVUHQT-UHFFFAOYSA-N"", ""RNQWXOKSUCPOFS-UHFFFAOYSA-N"", ""DSGGHBUAHUMMHN-UHFFFAOYSA-N"", ""LEQAOMBKQFMDFZ-UHFFFAOYSA-N"", ""HHLFWLYXYJOTON-UHFFFAOYSA-N"", ""MUBZPKHOEPUJKR-UHFFFAOYSA-N""]","[""FR-BBD3-PARENT-c1354__e00001"", ""FR-BBD3-PARENT-c1354__e00004"", ""FR-BBD3-PARENT-c1354__e00015"", ""FR-BBD3-PARENT-c1354__e00021"", ""FR-BBD3-PARENT-c1354__e00032""]","[1.0, 1.0, 1.0, 1.0, 1.0]","[""multi_generation_edge_probability"", ""multi_generation_edge_probability"", ""multi_generation_edge_probability"", ""multi_generation_edge_probability"", ""multi_generation_edge_probability""]",1.0,path_probability_product,simple_acyclic_path,frontier_empty,True,False,False,False,False,False,False,False
FR-BBD3-PARENT-c1354,scope_a_old83_compatible,"1,4-Dioxane",other_eawag_bbd_xenobiotic,envipath_prediction,envipath_bbd_rules_multistep,False,FR-BBD3-PARENT-c1354__sp04,4,4,"[""FR-BBD3-PARENT-c1354__n00000"", ""FR-BBD3-PARENT-c1354__n00001"", ""FR-BBD3-PARENT-c1354__n00004"", ""FR-BBD3-PARENT-c1354__n00010"", ""FR-BBD3-PARENT-c1354__n00019""]","[""C1COCCO1"", ""OC1COCCO1"", ""O=CCOCCO"", ""O=C(O)COCCO"", ""O=CCOCC(=O)O""]","[""RYHBNJHYFVUHQT-UHFFFAOYSA-N"", ""RNQWXOKSUCPOFS-UHFFFAOYSA-N"", ""DSGGHBUAHUMMHN-UHFFFAOYSA-N"", ""VDNMIIDPBBCMTM-UHFFFAOYSA-N"", ""DNQIKJLNGVXFBP-UHFFFAOYSA-N""]","[""FR-BBD3-PARENT-c1354__e00001"", ""FR-BBD3-PARENT-c1354__e00004"", ""FR-BBD3-PARENT-c1354__e00010"", ""FR-BBD3-PARENT-c1354__e00019""]","[1.0, 1.0, 1.0, 1.0]","[""multi_generation_edge_probability"", ""multi_generation_edge_probability"", ""multi_generation_edge_probability"", ""multi_generation_edge_probability""]",1.0,path_probability_product,simple_acyclic_path,frontier_empty,True,False,False,False,False,False,False,False
FR-BBD3-PARENT-c1354,scope_a_old83_compatible,"1,4-Dioxane",other_eawag_bbd_xenobiotic,envipath_prediction,envipath_bbd_rules_multistep,False,FR-BBD3-PARENT-c1354__sp05,5,4,"[""FR-BBD3-PARENT-c1354__n00000"", ""FR-BBD3-PARENT-c1354__n00001"", ""FR-BBD3-PARENT-c1354__n00004"", ""FR-BBD3-PARENT-c1354__n00014"", ""FR-BBD3-PARENT-c1354__n00017""]","[""C1COCCO1"", ""OC1COCCO1"", ""O=CCOCCO"", ""OCCO"", ""O=CCO""]","[""RYHBNJHYFVUHQT-UHFFFAOYSA-N"", ""RNQWXOKSUCPOFS-UHFFFAOYSA-N"", ""DSGGHBUAHUMMHN-UHFFFAOYSA-N"", ""LYCAIKOWRPUZTN-UHFFFAOYSA-N"", ""WGCNASOHLSPBMP-UHFFFAOYSA-N""]","[""FR-BBD3-PARENT-c1354__e00001"", ""FR-BBD3-PARENT-c1354__e00004"", ""FR-BBD3-PARENT-c1354__e00014"", ""FR-BBD3-PARENT-c1354__e00020""]","[1.0, 1.0, 1.0, 1.0]","[""multi_generation_edge_probability"", ""multi_generation_edge_probability"", ""multi_generation_edge_probability"", ""multi_generation_edge_probability""]",1.0,path_probability_product,simple_acyclic_path,frontier_empty,True,False,False,False,False,False,False,False
FR-BBD3-PARENT-c1354,scope_a_old83_compatible,"1,4-Dioxane",other_eawag_bbd_xenobiotic,envipath_prediction,envipath_bbd_rules_multistep,False,FR-BBD3-PARENT-c1354__sp06,6,4,"[""FR-BBD3-PARENT-c1354__n00000"", ""FR-BBD3-PARENT-c1354__n00001"", ""FR-BBD3-PARENT-c1354__n00006"", ""FR-BBD3-PARENT-c1354__n00008"", ""FR-BBD3-PARENT-c1354__n00018""]","[""C1COCCO1"", ""OC1COCCO1"", ""OC1COC(O)CO1"", ""OC1COC(O)C(O)O1"", ""O=C1OC(O)COC1O""]","[""RYHBNJHYFVUHQT-UHFFFAOYSA-N"", ""RNQWXOKSUCPOFS-UHFFFAOYSA-N"", ""ATFVTAOSZBVGHC-UHFFFAOYSA-N"", ""OWNIBHCDXMYUIS-UHFFFAOYSA-N"", ""PABFAKJYZMWKRN-UHFFFAOYSA-N""]","[""FR-BBD3-PARENT-c1354__e00001"", ""FR-BBD3-PARENT-c1354__e00006"", ""FR-BBD3-PARENT-c1354__e00008"", ""FR-BBD3-PARENT-c1354__e00018""]","[1.0, 1.0, 1.0, 1.0]","[""multi_generation_edge_probability"", ""multi_generation_edge_probability"", ""multi_generation_edge_probability"", ""multi_generation_edge_probability""]",1.0,path_probability_product,simple_acyclic_path,frontier_empty,True,False,False,False,False,False,False,False
FR-BBD3-PARENT-c1354,scope_a_old83_compatible,"1,4-Dioxane",other_eawag_bbd_xenobiotic,envipath_prediction,envipath_bbd_rules_multistep,False,FR-BBD3-PARENT-c1354__sp07,7,4,"[""FR-BBD3-PARENT-c1354__n00000"", ""FR-BBD3-PARENT-c1354__n00001"", ""FR-BBD3-PARENT-c1354__n00006"", ""FR-BBD3-PARENT-c1354__n00008"", ""FR-BBD3-PARENT-c1354__n00022""]","[""C1COCCO1"", ""OC1COCCO1"", ""OC1COC(O)CO1"", ""OC1COC(O)C(O)O1"", ""O=C1COC(O)C(O)O1""]","[""RYHBNJHYFVUHQT-UHFFFAOYSA-N"", ""RNQWXOKSUCPOFS-UHFFFAOYSA-N"", ""ATFVTAOSZBVGHC-UHFFFAOYSA-N"", ""OWNIBHCDXMYUIS-UHFFFAOYSA-N"", ""UXABHCVPMDSBQM-UHFFFAOYSA-N""]","[""FR-BBD3-PARENT-c1354__e00001"", ""FR-BBD3-PARENT-c1354__e00006"", ""FR-BBD3-PARENT-c1354__e00008"", ""FR-BBD3-PARENT-c1354__e00023""]","[1.0, 1.0, 1.0, 1.0]","[""multi_generation_edge_probability"", ""multi_generation_edge_probability"", ""multi_generation_edge_probability"", ""multi_generation_edge_probability""]",1.0,path_probability_product,simple_acyclic_path,frontier_empty,True,False,False,False,False,False,False,False
FR-BBD3-PARENT-c1354,scope_a_old83_compatible,"1,4-Dioxane",other_eawag_bbd_xenobiotic,envipath_prediction,envipath_bbd_rules_multistep,False,FR-BBD3-PARENT-c1354__sp08,8,4,"[""FR-BBD3-PARENT-c1354__n00000"", ""FR-BBD3-PARENT-c1354__n00001"", ""FR-BBD3-PARENT-c1354__n00006"", ""FR-BBD3-PARENT-c1354__n00008"", ""FR-BBD3-PARENT-c1354__n00024""]","[""C1COCCO1"", ""OC1COCCO1"", ""OC1COC(O)CO1"", ""OC1COC(O)C(O)O1"", ""O=C1OCC(O)OC1O""]","[""RYHBNJHYFVUHQT-UHFFFAOYSA-N"", ""RNQWXOKSUCPOFS-UHFFFAOYSA-N"", ""ATFVTAOSZBVGHC-UHFFFAOYSA-N"", ""OWNIBHCDXMYUIS-UHFFFAOYSA-N"", ""CBPZSNSVGVAQST-UHFFFAOYSA-N""]","[""FR-BBD3-PARENT-c1354__e00001"", ""FR-BBD3-PARENT-c1354__e00006"", ""FR-BBD3-PARENT-c1354__e00008"", ""FR-BBD3-PARENT-c1354__e00025""]","[1.0, 1.0, 1.0, 1.0]","[""multi_generation_edge_probability"", ""multi_generation_edge_probability"", ""multi_generation_edge_probability"", ""multi_generation_edge_probability""]",1.0,path_probability_product,simple_acyclic_path,frontier_empty,True,False,False,False,False,False,False,False
FR-BBD3-PARENT-c1354,scope_a_old83_compatible,"1,4-Dioxane",other_eawag_bbd_xenobiotic,envipath_prediction,envipath_bbd_rules_multistep,False,FR-BBD3-PARENT-c1354__sp09,9,4,"[""FR-BBD3-PARENT-c1354__n00000"", ""FR-BBD3-PARENT-c1354__n00001"", ""FR-BBD3-PARENT-c1354__n00006"", ""FR-BBD3-PARENT-c1354__n00008"", ""FR-BBD3-PARENT-c1354__n00025""]","[""C1COCCO1"", ""OC1COCCO1"", ""OC1COC(O)CO1"", ""OC1COC(O)C(O)O1"", ""O=CC(O)OCC(O)O""]","[""RYHBNJHYFVUHQT-UHFFFAOYSA-N"", ""RNQWXOKSUCPOFS-UHFFFAOYSA-N"", ""ATFVTAOSZBVGHC-UHFFFAOYSA-N"", ""OWNIBHCDXMYUIS-UHFFFAOYSA-N"", ""UNTUPXLGJZRVTN-UHFFFAOYSA-N""]","[""FR-BBD3-PARENT-c1354__e00001"", ""FR-BBD3-PARENT-c1354__e00006"", ""FR-BBD3-PARENT-c1354__e00008"", ""FR-BBD3-PARENT-c1354__e00026""]","[1.0, 1.0, 1.0, 1.0]","[""multi_generation_edge_probability"", ""multi_generation_edge_probability"", ""multi_generation_edge_probability"", ""multi_generation_edge_probability""]",1.0,path_probability_product,simple_acyclic_path,frontier_empty,True,False,False,False,False,False,False,False
FR-BBD3-PARENT-c1354,scope_a_old83_compatible,"1,4-Dioxane",other_eawag_bbd_xenobiotic,envipath_prediction,envipath_bbd_rules_multistep,False,FR-BBD3-PARENT-c1354__sp10,10,4,"[""FR-BBD3-PARENT-c1354__n00000"", ""FR-BBD3-PARENT-c1354__n00001"", ""FR-BBD3-PARENT-c1354__n00006"", ""FR-BBD3-PARENT-c1354__n00008"", ""FR-BBD3-PARENT-c1354__n00027""]","[""C1COCCO1"", ""OC1COCCO1"", ""OC1COC(O)CO1"", ""OC1COC(O)C(O)O1"", ""OC1OC(O)C(O)OC1O""]","[""RYHBNJHYFVUHQT-UHFFFAOYSA-N"", ""RNQWXOKSUCPOFS-UHFFFAOYSA-N"", ""ATFVTAOSZBVGHC-UHFFFAOYSA-N"", ""OWNIBHCDXMYUIS-UHFFFAOYSA-N"", ""VRRBPTMUVZYKNY-UHFFFAOYSA-N""]","[""FR-BBD3-PARENT-c1354__e00001"", ""FR-BBD3-PARENT-c1354__e00006"", ""FR-BBD3-PARENT-c1354__e00008"", ""FR-BBD3-PARENT-c1354__e00029""]","[1.0, 1.0, 1.0, 1.0]","[""multi_generation_edge_probability"", ""multi_generation_edge_probability"", ""multi_generation_edge_probability"", ""multi_generation_edge_probability""]",1.0,path_probability_product,simple_acyclic_path,frontier_empty,True,False,False,False,False,False,False,False
FR-BBD3-PARENT-c1383,scope_a_old83_compatible,Benzothiophene,other_eawag_bbd_xenobiotic,envipath_prediction,envipath_bbd_rules_multistep,False,FR-BBD3-PARENT-c1383__sp01,1,5,"[""FR-BBD3-PARENT-c1383__n00000"", ""FR-BBD3-PARENT-c1383__n00002"", ""FR-BBD3-PARENT-c1383__n00004"", ""FR-BBD3-PARENT-c1383__n00007"", ""FR-BBD3-PARENT-c1383__n00012"", ""FR-BBD3-PARENT-c1383__n00019""]","[""c1ccc2sccc2c1"", ""[O-][s+]1ccc2ccccc21"", ""[O-][S+]1c2ccccc2C(O)C1O"", ""O=C1c2ccccc2[S+]([O-])C1O"", ""O=C1OC(O)[S+]([O-])c2ccccc21"", ""O=C(O)c1ccccc1[S+]([O-])C(O)O""]","[""FCEHBMOGCRZNNI-UHFFFAOYSA-N"", ""TVBBBGXDQQURHJ-UHFFFAOYSA-N"", ""PFEWGMAYJOHWFL-UHFFFAOYSA-N"", ""QODPJKBCXONBQS-UHFFFAOYSA-N"", ""SYEWAMIOUMCOBU-UHFFFAOYSA-N"", ""YZPVDLIEOZBKFS-UHFFFAOYSA-N""]","[""FR-BBD3-PARENT-c1383__e00002"", ""FR-BBD3-PARENT-c1383__e00004"", ""FR-BBD3-PARENT-c1383__e00007"", ""FR-BBD3-PARENT-c1383__e00012"", ""FR-BBD3-PARENT-c1383__e00019""]","[1.0, 1.0, 1.0, 1.0, 1.0]","[""multi_generation_edge_probability"", ""multi_generation_edge_probability"", ""multi_generation_edge_probability"", ""multi_generation_edge_probability"", ""multi_generation_edge_probability""]",1.0,path_probability_product,simple_acyclic_path,frontier_empty,True,False,False,False,False,False,False,False
FR-BBD3-PARENT-c1383,scope_a_old83_compatible,Benzothiophene,other_eawag_bbd_xenobiotic,envipath_prediction,envipath_bbd_rules_multistep,False,FR-BBD3-PARENT-c1383__sp02,2,4,"[""FR-BBD3-PARENT-c1383__n00000"", ""FR-BBD3-PARENT-c1383__n00001"", ""FR-BBD3-PARENT-c1383__n00003"", ""FR-BBD3-PARENT-c1383__n00006"", ""FR-BBD3-PARENT-c1383__n00011""]","[""c1ccc2sccc2c1"", ""OC1Sc2ccccc2C1O"", ""O=C(O)C(O)c1ccccc1S"", ""O=C(O)C(=O)c1ccccc1S"", ""O=C(O)C(=O)c1ccccc1S(=O)O""]","[""FCEHBMOGCRZNNI-UHFFFAOYSA-N"", ""DKESIAVLOMKDEV-UHFFFAOYSA-N"", ""WECMJASCEMITBH-UHFFFAOYSA-N"", ""QAZZLGCIPWJVRJ-UHFFFAOYSA-N"", ""CUUOESOPPDWVBJ-UHFFFAOYSA-N""]","[""FR-BBD3-PARENT-c1383__e00001"", ""FR-BBD3-PARENT-c1383__e00003"", ""FR-BBD3-PARENT-c1383__e00006"", ""FR-BBD3-PARENT-c1383__e00011""]","[1.0, 1.0, 1.0, 1.0]","[""multi_generation_edge_probability"", ""multi_generation_edge_probability"", ""multi_generation_edge_probability"", ""multi_generation_edge_probability""]",1.0,path_probability_product,simple_acyclic_path,frontier_empty,True,False,False,False,False,False,False,False
FR-BBD3-PARENT-c1383,scope_a_old83_compatible,Benzothiophene,other_eawag_bbd_xenobiotic,envipath_prediction,envipath_bbd_rules_multistep,False,FR-BBD3-PARENT-c1383__sp03,3,4,"[""FR-BBD3-PARENT-c1383__n00000"", ""FR-BBD3-PARENT-c1383__n00001"", ""FR-BBD3-PARENT-c1383__n00003"", ""FR-BBD3-PARENT-c1383__n00009"", ""FR-BBD3-PARENT-c1383__n00015""]","[""c1ccc2sccc2c1"", ""OC1Sc2ccccc2C1O"", ""O=C(O)C(O)c1ccccc1S"", ""O=C(O)C(O)c1ccccc1S(=O)O"", ""O=C(O)C(O)c1ccccc1""]","[""FCEHBMOGCRZNNI-UHFFFAOYSA-N"", ""DKESIAVLOMKDEV-UHFFFAOYSA-N"", ""WECMJASCEMITBH-UHFFFAOYSA-N"", ""YTIMNCPJBNBBBP-UHFFFAOYSA-N"", ""IWYDHOAUDWTVEP-UHFFFAOYSA-N""]","[""FR-BBD3-PARENT-c1383__e00001"", ""FR-BBD3-PARENT-c1383__e00003"", ""FR-BBD3-PARENT-c1383__e00009"", ""FR-BBD3-PARENT-c1383__e00015""]","[1.0, 1.0, 1.0, 1.0]","[""multi_generation_edge_probability"", ""multi_generation_edge_probability"", ""multi_generation_edge_probability"", ""multi_generation_edge_probability""]",1.0,path_probability_product,simple_acyclic_path,frontier_empty,True,False,False,False,False,False,False,False
FR-BBD3-PARENT-c1383,scope_a_old83_compatible,Benzothiophene,other_eawag_bbd_xenobiotic,envipath_prediction,envipath_bbd_rules_multistep,False,FR-BBD3-PARENT-c1383__sp04,4,4,"[""FR-BBD3-PARENT-c1383__n00000"", ""FR-BBD3-PARENT-c1383__n00001"", ""FR-BBD3-PARENT-c1383__n00003"", ""FR-BBD3-PARENT-c1383__n00009"", ""FR-BBD3-PARENT-c1383__n00016""]","[""c1ccc2sccc2c1"", ""OC1Sc2ccccc2C1O"", ""O=C(O)C(O)c1ccccc1S"", ""O=C(O)C(O)c1ccccc1S(=O)O"", ""O=C(O)C(O)c1ccccc1S(=O)(=O)O""]","[""FCEHBMOGCRZNNI-UHFFFAOYSA-N"", ""DKESIAVLOMKDEV-UHFFFAOYSA-N"", ""WECMJASCEMITBH-UHFFFAOYSA-N"", ""YTIMNCPJBNBBBP-UHFFFAOYSA-N"", ""CYLHVXOODLDSNK-UHFFFAOYSA-N""]","[""FR-BBD3-PARENT-c1383__e00001"", ""FR-BBD3-PARENT-c1383__e00003"", ""FR-BBD3-PARENT-c1383__e00009"", ""FR-BBD3-PARENT-c1383__e00016""]","[1.0, 1.0, 1.0, 1.0]","[""multi_generation_edge_probability"", ""multi_generation_edge_probability"", ""multi_generation_edge_probability"", ""multi_generation_edge_probability""]",1.0,path_probability_product,simple_acyclic_path,frontier_empty,True,False,False,False,False,False,False,False
FR-BBD3-PARENT-c1383,scope_a_old83_compatible,Benzothiophene,other_eawag_bbd_xenobiotic,envipath_prediction,envipath_bbd_rules_multistep,False,FR-BBD3-PARENT-c1383__sp05,5,4,"[""FR-BBD3-PARENT-c1383__n00000"", ""FR-BBD3-PARENT-c1383__n00001"", ""FR-BBD3-PARENT-c1383__n00005"", ""FR-BBD3-PARENT-c1383__n00008"", ""FR-BBD3-PARENT-c1383__n00014""]","[""c1ccc2sccc2c1"", ""OC1Sc2ccccc2C1O"", ""O=C1c2ccccc2SC1O"", ""O=C1OC(O)Sc2ccccc21"", ""O=C(O)c1ccccc1SC(O)O""]","[""FCEHBMOGCRZNNI-UHFFFAOYSA-N"", ""DKESIAVLOMKDEV-UHFFFAOYSA-N"", ""QYGSXWOPJZEHSD-UHFFFAOYSA-N"", ""PQQHFOFQIRQDTN-UHFFFAOYSA-N"", ""AQGYBCFRVHRNEO-UHFFFAOYSA-N""]","[""FR-BBD3-PARENT-c1383__e00001"", ""FR-BBD3-PARENT-c1383__e00005"", ""FR-BBD3-PARENT-c1383__e00008"", ""FR-BBD3-PARENT-c1383__e00014""]","[1.0, 1.0, 1.0, 1.0]","[""multi_generation_edge_probability"", ""multi_generation_edge_probability"", ""multi_generation_edge_probability"", ""multi_generation_edge_probability""]",1.0,path_probability_product,simple_acyclic_path,frontier_empty,True,False,False,False,False,False,False,False
FR-BBD3-PARENT-c1383,scope_a_old83_compatible,Benzothiophene,other_eawag_bbd_xenobiotic,envipath_prediction,envipath_bbd_rules_multistep,False,FR-BBD3-PARENT-c1383__sp06,6,4,"[""FR-BBD3-PARENT-c1383__n00000"", ""FR-BBD3-PARENT-c1383__n00001"", ""FR-BBD3-PARENT-c1383__n00005"", ""FR-BBD3-PARENT-c1383__n00010"", ""FR-BBD3-PARENT-c1383__n00013""]","[""c1ccc2sccc2c1"", ""OC1Sc2ccccc2C1O"", ""O=C1c2ccccc2SC1O"", ""O=C1Oc2ccccc2SC1O"", ""O=C1Oc2ccccc2[S+]([O-])C1O""]","[""FCEHBMOGCRZNNI-UHFFFAOYSA-N"", ""DKESIAVLOMKDEV-UHFFFAOYSA-N"", ""QYGSXWOPJZEHSD-UHFFFAOYSA-N"", ""HYVXXQXSLPCDRV-UHFFFAOYSA-N"", ""OWNNHPHKBOMRSF-UHFFFAOYSA-N""]","[""FR-BBD3-PARENT-c1383__e00001"", ""FR-BBD3-PARENT-c1383__e00005"", ""FR-BBD3-PARENT-c1383__e00010"", ""FR-BBD3-PARENT-c1383__e00013""]","[1.0, 1.0, 1.0, 1.0]","[""multi_generation_edge_probability"", ""multi_generation_edge_probability"", ""multi_generation_edge_probability"", ""multi_generation_edge_probability""]",1.0,path_probability_product,simple_acyclic_path,frontier_empty,True,False,False,False,False,False,False,False
FR-BBD3-PARENT-c1383,scope_a_old83_compatible,Benzothiophene,other_eawag_bbd_xenobiotic,envipath_prediction,envipath_bbd_rules_multistep,False,FR-BBD3-PARENT-c1383__sp07,7,4,"[""FR-BBD3-PARENT-c1383__n00000"", ""FR-BBD3-PARENT-c1383__n00001"", ""FR-BBD3-PARENT-c1383__n00005"", ""FR-BBD3-PARENT-c1383__n00010"", ""FR-BBD3-PARENT-c1383__n00017""]","[""c1ccc2sccc2c1"", ""OC1Sc2ccccc2C1O"", ""O=C1c2ccccc2SC1O"", ""O=C1Oc2ccccc2SC1O"", ""O=C(O)C(=O)Oc1ccccc1S""]","[""FCEHBMOGCRZNNI-UHFFFAOYSA-N"", ""DKESIAVLOMKDEV-UHFFFAOYSA-N"", ""QYGSXWOPJZEHSD-UHFFFAOYSA-N"", ""HYVXXQXSLPCDRV-UHFFFAOYSA-N"", ""DOVOPYJJJOOKAQ-UHFFFAOYSA-N""]","[""FR-BBD3-PARENT-c1383__e00001"", ""FR-BBD3-PARENT-c1383__e00005"", ""FR-BBD3-PARENT-c1383__e00010"", ""FR-BBD3-PARENT-c1383__e00017""]","[1.0, 1.0, 1.0, 1.0]","[""multi_generation_edge_probability"", ""multi_generation_edge_probability"", ""multi_generation_edge_probability"", ""multi_generation_edge_probability""]",1.0,path_probability_product,simple_acyclic_path,frontier_empty,True,False,False,False,False,False,False,False
FR-BBD3-PARENT-c1383,scope_a_old83_compatible,Benzothiophene,other_eawag_bbd_xenobiotic,envipath_prediction,envipath_bbd_rules_multistep,False,FR-BBD3-PARENT-c1383__sp08,8,4,"[""FR-BBD3-PARENT-c1383__n00000"", ""FR-BBD3-PARENT-c1383__n00001"", ""FR-BBD3-PARENT-c1383__n00005"", ""FR-BBD3-PARENT-c1383__n00010"", ""FR-BBD3-PARENT-c1383__n00018""]","[""c1ccc2sccc2c1"", ""OC1Sc2ccccc2C1O"", ""O=C1c2ccccc2SC1O"", ""O=C1Oc2ccccc2SC1O"", ""O=C(O)C(O)Sc1ccccc1O""]","[""FCEHBMOGCRZNNI-UHFFFAOYSA-N"", ""DKESIAVLOMKDEV-UHFFFAOYSA-N"", ""QYGSXWOPJZEHSD-UHFFFAOYSA-N"", ""HYVXXQXSLPCDRV-UHFFFAOYSA-N"", ""JOJOHOQXVGKBJG-UHFFFAOYSA-N""]","[""FR-BBD3-PARENT-c1383__e00001"", ""FR-BBD3-PARENT-c1383__e00005"", ""FR-BBD3-PARENT-c1383__e00010"", ""FR-BBD3-PARENT-c1383__e00018""]","[1.0, 1.0, 1.0, 1.0]","[""multi_generation_edge_probability"", ""multi_generation_edge_probability"", ""multi_generation_edge_probability"", ""multi_generation_edge_probability""]",1.0,path_probability_product,simple_acyclic_path,frontier_empty,True,False,False,False,False,False,False,False
FR-BBD3-PARENT-c1391,scope_a_old83_compatible,Cinnamate,other_eawag_bbd_xenobiotic,envipath_prediction,envipath_bbd_rules_multistep,False,FR-BBD3-PARENT-c1391__sp01,1,6,"[""FR-BBD3-PARENT-c1391__n00000"", ""FR-BBD3-PARENT-c1391__n00003"", ""FR-BBD3-PARENT-c1391__n00006"", ""FR-BBD3-PARENT-c1391__n00013"", ""FR-BBD3-PARENT-c1391__n00023"", ""FR-BBD3-PARENT-c1391__n00031"", ""FR-BBD3-PARENT-c1391__n00045""]","[""O=C([O-])/C=C/c1ccccc1"", ""O=C(O)c1ccccc1"", ""O=C(O)c1cccc(O)c1O"", ""O=C(O)c1c(O)ccc(O)c1O"", ""C=C(O)C(C(=O)O)C(=O)C(=O)O"", ""C=C(O)C(O)(C(=O)O)C(=O)C(=O)O"", ""O=C(O)C(=O)C(O)(C(=O)O)C1(O)CO1""]","[""WBYWAXJHAXSJNI-VOTSOKGWSA-M"", ""WPYMKLBDIGXBTP-UHFFFAOYSA-N"", ""GLDQAMYCGOIJDV-UHFFFAOYSA-N"", ""ADUSGJRADQMJGN-UHFFFAOYSA-N"", ""ZMMWLZLHQQXZCB-UHFFFAOYSA-N"", ""NCBPEBYOHHQKGF-UHFFFAOYSA-N"", ""GXFXRJSOXAGYIT-UHFFFAOYSA-N""]","[""FR-BBD3-PARENT-c1391__e00003"", ""FR-BBD3-PARENT-c1391__e00006"", ""FR-BBD3-PARENT-c1391__e00014"", ""FR-BBD3-PARENT-c1391__e00025"", ""FR-BBD3-PARENT-c1391__e00035"", ""FR-BBD3-PARENT-c1391__e00052""]","[1.0, 1.0, 1.0, 1.0, 1.0, 1.0]","[""multi_generation_edge_probability"", ""multi_generation_edge_probability"", ""multi_generation_edge_probability"", ""multi_generation_edge_probability"", ""multi_generation_edge_probability"", ""multi_generation_edge_probability""]",1.0,path_probability_product,simple_acyclic_path,max_depth_reached,True,False,False,False,False,False,False,False
FR-BBD3-PARENT-c1391,scope_a_old83_compatible,Cinnamate,other_eawag_bbd_xenobiotic,envipath_prediction,envipath_bbd_rules_multistep,False,FR-BBD3-PARENT-c1391__sp02,2,6,"[""FR-BBD3-PARENT-c1391__n00000"", ""FR-BBD3-PARENT-c1391__n00003"", ""FR-BBD3-PARENT-c1391__n00006"", ""FR-BBD3-PARENT-c1391__n00013"", ""FR-BBD3-PARENT-c1391__n00023"", ""FR-BBD3-PARENT-c1391__n00031"", ""FR-BBD3-PARENT-c1391__n00052""]","[""O=C([O-])/C=C/c1ccccc1"", ""O=C(O)c1ccccc1"", ""O=C(O)c1cccc(O)c1O"", ""O=C(O)c1c(O)ccc(O)c1O"", ""C=C(O)C(C(=O)O)C(=O)C(=O)O"", ""C=C(O)C(O)(C(=O)O)C(=O)C(=O)O"", ""CC(=O)C(O)(C(=O)O)C(=O)C(=O)O""]","[""WBYWAXJHAXSJNI-VOTSOKGWSA-M"", ""WPYMKLBDIGXBTP-UHFFFAOYSA-N"", ""GLDQAMYCGOIJDV-UHFFFAOYSA-N"", ""ADUSGJRADQMJGN-UHFFFAOYSA-N"", ""ZMMWLZLHQQXZCB-UHFFFAOYSA-N"", ""NCBPEBYOHHQKGF-UHFFFAOYSA-N"", ""UKVAMEBHYTVPGP-UHFFFAOYSA-N""]","[""FR-BBD3-PARENT-c1391__e00003"", ""FR-BBD3-PARENT-c1391__e00006"", ""FR-BBD3-PARENT-c1391__e00014"", ""FR-BBD3-PARENT-c1391__e00025"", ""FR-BBD3-PARENT-c1391__e00035"", ""FR-BBD3-PARENT-c1391__e00059""]","[1.0, 1.0, 1.0, 1.0, 1.0, 1.0]","[""multi_generation_edge_probability"", ""multi_generation_edge_probability"", ""multi_generation_edge_probability"", ""multi_generation_edge_probability"", ""multi_generation_edge_probability"", ""multi_generation_edge_probability""]",1.0,path_probability_product,simple_acyclic_path,max_depth_reached,True,False,False,False,False,False,False,False
FR-BBD3-PARENT-c1391,scope_a_old83_compatible,Cinnamate,other_eawag_bbd_xenobiotic,envipath_prediction,envipath_bbd_rules_multistep,False,FR-BBD3-PARENT-c1391__sp03,3,6,"[""FR-BBD3-PARENT-c1391__n00000"", ""FR-BBD3-PARENT-c1391__n00003"", ""FR-BBD3-PARENT-c1391__n00006"", ""FR-BBD3-PARENT-c1391__n00013"", ""FR-BBD3-PARENT-c1391__n00023"", ""FR-BBD3-PARENT-c1391__n00031"", ""FR-BBD3-PARENT-c1391__n00057""]","[""O=C([O-])/C=C/c1ccccc1"", ""O=C(O)c1ccccc1"", ""O=C(O)c1cccc(O)c1O"", ""O=C(O)c1c(O)ccc(O)c1O"", ""C=C(O)C(C(=O)O)C(=O)C(=O)O"", ""C=C(O)C(O)(C(=O)O)C(=O)C(=O)O"", ""C=C(O)C(=O)C(=O)O""]","[""WBYWAXJHAXSJNI-VOTSOKGWSA-M"", ""WPYMKLBDIGXBTP-UHFFFAOYSA-N"", ""GLDQAMYCGOIJDV-UHFFFAOYSA-N"", ""ADUSGJRADQMJGN-UHFFFAOYSA-N"", ""ZMMWLZLHQQXZCB-UHFFFAOYSA-N"", ""NCBPEBYOHHQKGF-UHFFFAOYSA-N"", ""VYMVJKOJNANAHW-UHFFFAOYSA-N""]","[""FR-BBD3-PARENT-c1391__e00003"", ""FR-BBD3-PARENT-c1391__e00006"", ""FR-BBD3-PARENT-c1391__e00014"", ""FR-BBD3-PARENT-c1391__e00025"", ""FR-BBD3-PARENT-c1391__e00035"", ""FR-BBD3-PARENT-c1391__e00065""]","[1.0, 1.0, 1.0, 1.0, 1.0, 1.0]","[""multi_generation_edge_probability"", ""multi_generation_edge_probability"", ""multi_generation_edge_probability"", ""multi_generation_edge_probability"", ""multi_generation_edge_probability"", ""multi_generation_edge_probability""]",1.0,path_probability_product,simple_acyclic_path,max_depth_reached,True,False,False,False,False,False,False,False
FR-BBD3-PARENT-c1391,scope_a_old83_compatible,Cinnamate,other_eawag_bbd_xenobiotic,envipath_prediction,envipath_bbd_rules_multistep,False,FR-BBD3-PARENT-c1391__sp04,4,6,"[""FR-BBD3-PARENT-c1391__n00000"", ""FR-BBD3-PARENT-c1391__n00003"", ""FR-BBD3-PARENT-c1391__n00006"", ""FR-BBD3-PARENT-c1391__n00013"", ""FR-BBD3-PARENT-c1391__n00023"", ""FR-BBD3-PARENT-c1391__n00036"", ""FR-BBD3-PARENT-c1391__n00051""]","[""O=C([O-])/C=C/c1ccccc1"", ""O=C(O)c1ccccc1"", ""O=C(O)c1cccc(O)c1O"", ""O=C(O)c1c(O)ccc(O)c1O"", ""C=C(O)C(C(=O)O)C(=O)C(=O)O"", ""O=C(O)C(=O)C(C(=O)O)C1(O)CO1"", ""O=C(O)C(=O)C(C(=O)O)C(O)(O)CO""]","[""WBYWAXJHAXSJNI-VOTSOKGWSA-M"", ""WPYMKLBDIGXBTP-UHFFFAOYSA-N"", ""GLDQAMYCGOIJDV-UHFFFAOYSA-N"", ""ADUSGJRADQMJGN-UHFFFAOYSA-N"", ""ZMMWLZLHQQXZCB-UHFFFAOYSA-N"", ""BPRAITNEZHOWHK-UHFFFAOYSA-N"", ""YWPIONFIGNMYFM-UHFFFAOYSA-N""]","[""FR-BBD3-PARENT-c1391__e00003"", ""FR-BBD3-PARENT-c1391__e00006"", ""FR-BBD3-PARENT-c1391__e00014"", ""FR-BBD3-PARENT-c1391__e00025"", ""FR-BBD3-PARENT-c1391__e00040"", ""FR-BBD3-PARENT-c1391__e00058""]","[1.0, 1.0, 1.0, 1.0, 1.0, 1.0]","[""multi_generation_edge_probability"", ""multi_generation_edge_probability"", ""multi_generation_edge_probability"", ""multi_generation_edge_probability"", ""multi_generation_edge_probability"", ""multi_generation_edge_probability""]",1.0,path_probability_product,simple_acyclic_path,max_depth_reached,True,False,False,False,False,False,False,False
FR-BBD3-PARENT-c1391,scope_a_old83_compatible,Cinnamate,other_eawag_bbd_xenobiotic,envipath_prediction,envipath_bbd_rules_multistep,False,FR-BBD3-PARENT-c1391__sp05,5,6,"[""FR-BBD3-PARENT-c1391__n00000"", ""FR-BBD3-PARENT-c1391__n00003"", ""FR-BBD3-PARENT-c1391__n00006"", ""FR-BBD3-PARENT-c1391__n00013"", ""FR-BBD3-PARENT-c1391__n00023"", ""FR-BBD3-PARENT-c1391__n00026"", ""FR-BBD3-PARENT-c1391__n00033""]","[""O=C([O-])/C=C/c1ccccc1"", ""O=C(O)c1ccccc1"", ""O=C(O)c1cccc(O)c1O"", ""O=C(O)c1c(O)ccc(O)c1O"", ""C=C(O)C(C(=O)O)C(=O)C(=O)O"", ""CC(O)C(C(=O)O)C(=O)C(=O)O"", ""O=C(O)C(=O)C(C(=O)O)C(O)CO""]","[""WBYWAXJHAXSJNI-VOTSOKGWSA-M"", ""WPYMKLBDIGXBTP-UHFFFAOYSA-N"", ""GLDQAMYCGOIJDV-UHFFFAOYSA-N"", ""ADUSGJRADQMJGN-UHFFFAOYSA-N"", ""ZMMWLZLHQQXZCB-UHFFFAOYSA-N"", ""LKOJLCZYDBUADY-UHFFFAOYSA-N"", ""CAAYJJZLGRKPLH-UHFFFAOYSA-N""]","[""FR-BBD3-PARENT-c1391__e00003"", ""FR-BBD3-PARENT-c1391__e00006"", ""FR-BBD3-PARENT-c1391__e00014"", ""FR-BBD3-PARENT-c1391__e00025"", ""FR-BBD3-PARENT-c1391__e00047"", ""FR-BBD3-PARENT-c1391__e00037""]","[1.0, 1.0, 1.0, 1.0, 1.0, 1.0]","[""multi_generation_edge_probability"", ""multi_generation_edge_probability"", ""multi_generation_edge_probability"", ""multi_generation_edge_probability"", ""multi_generation_edge_probability"", ""multi_generation_edge_probability""]",1.0,path_probability_product,simple_acyclic_path,max_depth_reached,True,False,False,False,False,False,False,False
FR-BBD3-PARENT-c1391,scope_a_old83_compatible,Cinnamate,other_eawag_bbd_xenobiotic,envipath_prediction,envipath_bbd_rules_multistep,False,FR-BBD3-PARENT-c1391__sp06,6,6,"[""FR-BBD3-PARENT-c1391__n00000"", ""FR-BBD3-PARENT-c1391__n00003"", ""FR-BBD3-PARENT-c1391__n00006"", ""FR-BBD3-PARENT-c1391__n00013"", ""FR-BBD3-PARENT-c1391__n00023"", ""FR-BBD3-PARENT-c1391__n00026"", ""FR-BBD3-PARENT-c1391__n00037""]","[""O=C([O-])/C=C/c1ccccc1"", ""O=C(O)c1ccccc1"", ""O=C(O)c1cccc(O)c1O"", ""O=C(O)c1c(O)ccc(O)c1O"", ""C=C(O)C(C(=O)O)C(=O)C(=O)O"", ""CC(O)C(C(=O)O)C(=O)C(=O)O"", ""CC(=O)C(C(=O)O)C(=O)C(=O)O""]","[""WBYWAXJHAXSJNI-VOTSOKGWSA-M"", ""WPYMKLBDIGXBTP-UHFFFAOYSA-N"", ""GLDQAMYCGOIJDV-UHFFFAOYSA-N"", ""ADUSGJRADQMJGN-UHFFFAOYSA-N"", ""ZMMWLZLHQQXZCB-UHFFFAOYSA-N"", ""LKOJLCZYDBUADY-UHFFFAOYSA-N"", ""WJKYLTWEOXKUBX-UHFFFAOYSA-N""]","[""FR-BBD3-PARENT-c1391__e00003"", ""FR-BBD3-PARENT-c1391__e00006"", ""FR-BBD3-PARENT-c1391__e00014"", ""FR-BBD3-PARENT-c1391__e00025"", ""FR-BBD3-PARENT-c1391__e00047"", ""FR-BBD3-PARENT-c1391__e00041""]","[1.0, 1.0, 1.0, 1.0, 1.0, 1.0]","[""multi_generation_edge_probability"", ""multi_generation_edge_probability"", ""multi_generation_edge_probability"", ""multi_generation_edge_probability"", ""multi_generation_edge_probability"", ""multi_generation_edge_probability""]",1.0,path_probability_product,simple_acyclic_path,max_depth_reached,True,False,False,False,False,False,False,False
FR-BBD3-PARENT-c1391,scope_a_old83_compatible,Cinnamate,other_eawag_bbd_xenobiotic,envipath_prediction,envipath_bbd_rules_multistep,False,FR-BBD3-PARENT-c1391__sp07,7,6,"[""FR-BBD3-PARENT-c1391__n00000"", ""FR-BBD3-PARENT-c1391__n00003"", ""FR-BBD3-PARENT-c1391__n00006"", ""FR-BBD3-PARENT-c1391__n00015"", ""FR-BBD3-PARENT-c1391__n00025"", ""FR-BBD3-PARENT-c1391__n00032"", ""FR-BBD3-PARENT-c1391__n00046""]","[""O=C([O-])/C=C/c1ccccc1"", ""O=C(O)c1ccccc1"", ""O=C(O)c1cccc(O)c1O"", ""C=CC(C(=O)O)C(=O)C(=O)O"", ""CCC(C(=O)O)C(=O)C(=O)O"", ""CCC(O)(C(=O)O)C(=O)C(=O)O"", ""O=C(O)C(=O)C(O)(CCO)C(=O)O""]","[""WBYWAXJHAXSJNI-VOTSOKGWSA-M"", ""WPYMKLBDIGXBTP-UHFFFAOYSA-N"", ""GLDQAMYCGOIJDV-UHFFFAOYSA-N"", ""WKNRBAVEEBRFKH-UHFFFAOYSA-N"", ""OUGLPIHDPBRSID-UHFFFAOYSA-N"", ""MRPBXKYYRUSEKR-UHFFFAOYSA-N"", ""CWDLWHDDDPJUMV-UHFFFAOYSA-N""]","[""FR-BBD3-PARENT-c1391__e00003"", ""FR-BBD3-PARENT-c1391__e00006"", ""FR-BBD3-PARENT-c1391__e00017"", ""FR-BBD3-PARENT-c1391__e00027"", ""FR-BBD3-PARENT-c1391__e00036"", ""FR-BBD3-PARENT-c1391__e00053""]","[1.0, 1.0, 1.0, 1.0, 1.0, 1.0]","[""multi_generation_edge_probability"", ""multi_generation_edge_probability"", ""multi_generation_edge_probability"", ""multi_generation_edge_probability"", ""multi_generation_edge_probability"", ""multi_generation_edge_probability""]",1.0,path_probability_product,simple_acyclic_path,max_depth_reached,True,False,False,False,False,False,False,False
FR-BBD3-PARENT-c1391,scope_a_old83_compatible,Cinnamate,other_eawag_bbd_xenobiotic,envipath_prediction,envipath_bbd_rules_multistep,False,FR-BBD3-PARENT-c1391__sp08,8,6,"[""FR-BBD3-PARENT-c1391__n00000"", ""FR-BBD3-PARENT-c1391__n00003"", ""FR-BBD3-PARENT-c1391__n00006"", ""FR-BBD3-PARENT-c1391__n00015"", ""FR-BBD3-PARENT-c1391__n00025"", ""FR-BBD3-PARENT-c1391__n00032"", ""FR-BBD3-PARENT-c1391__n00039""]","[""O=C([O-])/C=C/c1ccccc1"", ""O=C(O)c1ccccc1"", ""O=C(O)c1cccc(O)c1O"", ""C=CC(C(=O)O)C(=O)C(=O)O"", ""CCC(C(=O)O)C(=O)C(=O)O"", ""CCC(O)(C(=O)O)C(=O)C(=O)O"", ""CC(O)C(O)(C(=O)O)C(=O)C(=O)O""]","[""WBYWAXJHAXSJNI-VOTSOKGWSA-M"", ""WPYMKLBDIGXBTP-UHFFFAOYSA-N"", ""GLDQAMYCGOIJDV-UHFFFAOYSA-N"", ""WKNRBAVEEBRFKH-UHFFFAOYSA-N"", ""OUGLPIHDPBRSID-UHFFFAOYSA-N"", ""MRPBXKYYRUSEKR-UHFFFAOYSA-N"", ""KZNPAWVBPXSZOP-UHFFFAOYSA-N""]","[""FR-BBD3-PARENT-c1391__e00003"", ""FR-BBD3-PARENT-c1391__e00006"", ""FR-BBD3-PARENT-c1391__e00017"", ""FR-BBD3-PARENT-c1391__e00027"", ""FR-BBD3-PARENT-c1391__e00036"", ""FR-BBD3-PARENT-c1391__e00060""]","[1.0, 1.0, 1.0, 1.0, 1.0, 1.0]","[""multi_generation_edge_probability"", ""multi_generation_edge_probability"", ""multi_generation_edge_probability"", ""multi_generation_edge_probability"", ""multi_generation_edge_probability"", ""multi_generation_edge_probability""]",1.0,path_probability_product,simple_acyclic_path,max_depth_reached,True,False,False,False,False,False,False,False
FR-BBD3-PARENT-c1391,scope_a_old83_compatible,Cinnamate,other_eawag_bbd_xenobiotic,envipath_prediction,envipath_bbd_rules_multistep,False,FR-BBD3-PARENT-c1391__sp09,9,6,"[""FR-BBD3-PARENT-c1391__n00000"", ""FR-BBD3-PARENT-c1391__n00003"", ""FR-BBD3-PARENT-c1391__n00006"", ""FR-BBD3-PARENT-c1391__n00015"", ""FR-BBD3-PARENT-c1391__n00025"", ""FR-BBD3-PARENT-c1391__n00038"", ""FR-BBD3-PARENT-c1391__n00055""]","[""O=C([O-])/C=C/c1ccccc1"", ""O=C(O)c1ccccc1"", ""O=C(O)c1cccc(O)c1O"", ""C=CC(C(=O)O)C(=O)C(=O)O"", ""CCC(C(=O)O)C(=O)C(=O)O"", ""O=C(O)C(=O)C(CCO)C(=O)O"", ""O=CCC(C(=O)O)C(=O)C(=O)O""]","[""WBYWAXJHAXSJNI-VOTSOKGWSA-M"", ""WPYMKLBDIGXBTP-UHFFFAOYSA-N"", ""GLDQAMYCGOIJDV-UHFFFAOYSA-N"", ""WKNRBAVEEBRFKH-UHFFFAOYSA-N"", ""OUGLPIHDPBRSID-UHFFFAOYSA-N"", ""FKERBAZMHCJATF-UHFFFAOYSA-N"", ""HKVOHFLMDNHOQQ-UHFFFAOYSA-N""]","[""FR-BBD3-PARENT-c1391__e00003"", ""FR-BBD3-PARENT-c1391__e00006"", ""FR-BBD3-PARENT-c1391__e00017"", ""FR-BBD3-PARENT-c1391__e00027"", ""FR-BBD3-PARENT-c1391__e00042"", ""FR-BBD3-PARENT-c1391__e00063""]","[1.0, 1.0, 1.0, 1.0, 1.0, 1.0]","[""multi_generation_edge_probability"", ""multi_generation_edge_probability"", ""multi_generation_edge_probability"", ""multi_generation_edge_probability"", ""multi_generation_edge_probability"", ""multi_generation_edge_probability""]",1.0,path_probability_product,simple_acyclic_path,max_depth_reached,True,False,False,False,False,False,False,False
FR-BBD3-PARENT-c1391,scope_a_old83_compatible,Cinnamate,other_eawag_bbd_xenobiotic,envipath_prediction,envipath_bbd_rules_multistep,False,FR-BBD3-PARENT-c1391__sp10,10,6,"[""FR-BBD3-PARENT-c1391__n00000"", ""FR-BBD3-PARENT-c1391__n00003"", ""FR-BBD3-PARENT-c1391__n00006"", ""FR-BBD3-PARENT-c1391__n00015"", ""FR-BBD3-PARENT-c1391__n00025"", ""FR-BBD3-PARENT-c1391__n00038"", ""FR-BBD3-PARENT-c1391__n00033""]","[""O=C([O-])/C=C/c1ccccc1"", ""O=C(O)c1ccccc1"", ""O=C(O)c1cccc(O)c1O"", ""C=CC(C(=O)O)C(=O)C(=O)O"", ""CCC(C(=O)O)C(=O)C(=O)O"", ""O=C(O)C(=O)C(CCO)C(=O)O"", ""O=C(O)C(=O)C(C(=O)O)C(O)CO""]","[""WBYWAXJHAXSJNI-VOTSOKGWSA-M"", ""WPYMKLBDIGXBTP-UHFFFAOYSA-N"", ""GLDQAMYCGOIJDV-UHFFFAOYSA-N"", ""WKNRBAVEEBRFKH-UHFFFAOYSA-N"", ""OUGLPIHDPBRSID-UHFFFAOYSA-N"", ""FKERBAZMHCJATF-UHFFFAOYSA-N"", ""CAAYJJZLGRKPLH-UHFFFAOYSA-N""]","[""FR-BBD3-PARENT-c1391__e00003"", ""FR-BBD3-PARENT-c1391__e00006"", ""FR-BBD3-PARENT-c1391__e00017"", ""FR-BBD3-PARENT-c1391__e00027"", ""FR-BBD3-PARENT-c1391__e00042"", ""FR-BBD3-PARENT-c1391__e00068""]","[1.0, 1.0, 1.0, 1.0, 1.0, 1.0]","[""multi_generation_edge_probability"", ""multi_generation_edge_probability"", ""multi_generation_edge_probability"", ""multi_generation_edge_probability"", ""multi_generation_edge_probability"", ""multi_generation_edge_probability""]",1.0,path_probability_product,simple_acyclic_path,max_depth_reached,True,False,False,False,False,False,False,False
FR-BBD3-PARENT-c1412,scope_a_old83_compatible,Ketoprofen,other_eawag_bbd_xenobiotic,envipath_prediction,envipath_bbd_rules_multistep,False,FR-BBD3-PARENT-c1412__sp01,1,5,"[""FR-BBD3-PARENT-c1412__n00000"", ""FR-BBD3-PARENT-c1412__n00002"", ""FR-BBD3-PARENT-c1412__n00010"", ""FR-BBD3-PARENT-c1412__n00032"", ""FR-BBD3-PARENT-c1412__n00034"", ""FR-BBD3-PARENT-c1412__n00036""]","[""CC(C(=O)[O-])c1cccc(C(=O)c2ccccc2)c1"", ""CCC(=O)O"", ""O=C(O)CCO"", ""O=CCC(=O)O"", ""O=CC(O)C(=O)O"", ""O=C(O)C(O)C(=O)O""]","[""DKYWVDODHFEZIM-UHFFFAOYSA-M"", ""XBDQKXXYIPTUBI-UHFFFAOYSA-N"", ""ALRHLSYJTWAHJZ-UHFFFAOYSA-N"", ""OAKURXIZZOAYBC-UHFFFAOYSA-N"", ""QWBAFPFNGRFSFB-UHFFFAOYSA-N"", ""ROBFUDYVXSDBQM-UHFFFAOYSA-N""]","[""FR-BBD3-PARENT-c1412__e00002"", ""FR-BBD3-PARENT-c1412__e00010"", ""FR-BBD3-PARENT-c1412__e00032"", ""FR-BBD3-PARENT-c1412__e00034"", ""FR-BBD3-PARENT-c1412__e00036""]","[1.0, 1.0, 1.0, 1.0, 1.0]","[""multi_generation_edge_probability"", ""multi_generation_edge_probability"", ""multi_generation_edge_probability"", ""multi_generation_edge_probability"", ""multi_generation_edge_probability""]",1.0,path_probability_product,simple_acyclic_path,frontier_empty,True,False,False,False,False,False,False,False
FR-BBD3-PARENT-c1412,scope_a_old83_compatible,Ketoprofen,other_eawag_bbd_xenobiotic,envipath_prediction,envipath_bbd_rules_multistep,False,FR-BBD3-PARENT-c1412__sp02,2,5,"[""FR-BBD3-PARENT-c1412__n00000"", ""FR-BBD3-PARENT-c1412__n00002"", ""FR-BBD3-PARENT-c1412__n00010"", ""FR-BBD3-PARENT-c1412__n00032"", ""FR-BBD3-PARENT-c1412__n00034"", ""FR-BBD3-PARENT-c1412__n00037""]","[""CC(C(=O)[O-])c1cccc(C(=O)c2ccccc2)c1"", ""CCC(=O)O"", ""O=C(O)CCO"", ""O=CCC(=O)O"", ""O=CC(O)C(=O)O"", ""O=CC(=O)C(=O)O""]","[""DKYWVDODHFEZIM-UHFFFAOYSA-M"", ""XBDQKXXYIPTUBI-UHFFFAOYSA-N"", ""ALRHLSYJTWAHJZ-UHFFFAOYSA-N"", ""OAKURXIZZOAYBC-UHFFFAOYSA-N"", ""QWBAFPFNGRFSFB-UHFFFAOYSA-N"", ""JSCNFEFJALUGBY-UHFFFAOYSA-N""]","[""FR-BBD3-PARENT-c1412__e00002"", ""FR-BBD3-PARENT-c1412__e00010"", ""FR-BBD3-PARENT-c1412__e00032"", ""FR-BBD3-PARENT-c1412__e00034"", ""FR-BBD3-PARENT-c1412__e00037""]","[1.0, 1.0, 1.0, 1.0, 1.0]","[""multi_generation_edge_probability"", ""multi_generation_edge_probability"", ""multi_generation_edge_probability"", ""multi_generation_edge_probability"", ""multi_generation_edge_probability""]",1.0,path_probability_product,simple_acyclic_path,frontier_empty,True,False,False,False,False,False,False,False
FR-BBD3-PARENT-c1412,scope_a_old83_compatible,Ketoprofen,other_eawag_bbd_xenobiotic,envipath_prediction,envipath_bbd_rules_multistep,False,FR-BBD3-PARENT-c1412__sp03,3,4,"[""FR-BBD3-PARENT-c1412__n00000"", ""FR-BBD3-PARENT-c1412__n00002"", ""FR-BBD3-PARENT-c1412__n00010"", ""FR-BBD3-PARENT-c1412__n00032"", ""FR-BBD3-PARENT-c1412__n00035""]","[""CC(C(=O)[O-])c1cccc(C(=O)c2ccccc2)c1"", ""CCC(=O)O"", ""O=C(O)CCO"", ""O=CCC(=O)O"", ""O=C(O)CC(=O)O""]","[""DKYWVDODHFEZIM-UHFFFAOYSA-M"", ""XBDQKXXYIPTUBI-UHFFFAOYSA-N"", ""ALRHLSYJTWAHJZ-UHFFFAOYSA-N"", ""OAKURXIZZOAYBC-UHFFFAOYSA-N"", ""OFOBLEOULBTSOW-UHFFFAOYSA-N""]","[""FR-BBD3-PARENT-c1412__e00002"", ""FR-BBD3-PARENT-c1412__e00010"", ""FR-BBD3-PARENT-c1412__e00032"", ""FR-BBD3-PARENT-c1412__e00035""]","[1.0, 1.0, 1.0, 1.0]","[""multi_generation_edge_probability"", ""multi_generation_edge_probability"", ""multi_generation_edge_probability"", ""multi_generation_edge_probability""]",1.0,path_probability_product,simple_acyclic_path,frontier_empty,True,False,False,False,False,False,False,False
FR-BBD3-PARENT-c1412,scope_a_old83_compatible,Ketoprofen,other_eawag_bbd_xenobiotic,envipath_prediction,envipath_bbd_rules_multistep,False,FR-BBD3-PARENT-c1412__sp04,4,3,"[""FR-BBD3-PARENT-c1412__n00000"", ""FR-BBD3-PARENT-c1412__n00002"", ""FR-BBD3-PARENT-c1412__n00010"", ""FR-BBD3-PARENT-c1412__n00033""]","[""CC(C(=O)[O-])c1cccc(C(=O)c2ccccc2)c1"", ""CCC(=O)O"", ""O=C(O)CCO"", ""O=C(O)C(O)CO""]","[""DKYWVDODHFEZIM-UHFFFAOYSA-M"", ""XBDQKXXYIPTUBI-UHFFFAOYSA-N"", ""ALRHLSYJTWAHJZ-UHFFFAOYSA-N"", ""RBNPOMFGQQGHHO-UHFFFAOYSA-N""]","[""FR-BBD3-PARENT-c1412__e00002"", ""FR-BBD3-PARENT-c1412__e00010"", ""FR-BBD3-PARENT-c1412__e00033""]","[1.0, 1.0, 1.0]","[""multi_generation_edge_probability"", ""multi_generation_edge_probability"", ""multi_generation_edge_probability""]",1.0,path_probability_product,simple_acyclic_path,frontier_empty,True,False,False,False,False,False,False,False
FR-BBD3-PARENT-c1412,scope_a_old83_compatible,Ketoprofen,other_eawag_bbd_xenobiotic,envipath_prediction,envipath_bbd_rules_multistep,False,FR-BBD3-PARENT-c1412__sp05,5,2,"[""FR-BBD3-PARENT-c1412__n00000"", ""FR-BBD3-PARENT-c1412__n00002"", ""FR-BBD3-PARENT-c1412__n00017""]","[""CC(C(=O)[O-])c1cccc(C(=O)c2ccccc2)c1"", ""CCC(=O)O"", ""CC(O)C(=O)O""]","[""DKYWVDODHFEZIM-UHFFFAOYSA-M"", ""XBDQKXXYIPTUBI-UHFFFAOYSA-N"", ""JVTAAEKCZFNVCJ-UHFFFAOYSA-N""]","[""FR-BBD3-PARENT-c1412__e00002"", ""FR-BBD3-PARENT-c1412__e00017""]","[1.0, 1.0]","[""multi_generation_edge_probability"", ""multi_generation_edge_probability""]",1.0,path_probability_product,simple_acyclic_path,frontier_empty,True,False,False,False,False,False,False,False
FR-BBD3-PARENT-c1412,scope_a_old83_compatible,Ketoprofen,other_eawag_bbd_xenobiotic,envipath_prediction,envipath_bbd_rules_multistep,False,FR-BBD3-PARENT-c1412__sp06,6,2,"[""FR-BBD3-PARENT-c1412__n00000"", ""FR-BBD3-PARENT-c1412__n00003"", ""FR-BBD3-PARENT-c1412__n00011""]","[""CC(C(=O)[O-])c1cccc(C(=O)c2ccccc2)c1"", ""CCc1cccc(C(=O)c2ccccc2)c1"", ""CCc1cccc(C(=O)c2cccc(O)c2O)c1""]","[""DKYWVDODHFEZIM-UHFFFAOYSA-M"", ""FVSYHKJWZIKKDM-UHFFFAOYSA-N"", ""RBYCDJZDFZAQHE-UHFFFAOYSA-N""]","[""FR-BBD3-PARENT-c1412__e00003"", ""FR-BBD3-PARENT-c1412__e00011""]","[1.0, 1.0]","[""multi_generation_edge_probability"", ""multi_generation_edge_probability""]",1.0,path_probability_product,simple_acyclic_path,frontier_empty,True,False,False,False,False,False,False,False
FR-BBD3-PARENT-c1412,scope_a_old83_compatible,Ketoprofen,other_eawag_bbd_xenobiotic,envipath_prediction,envipath_bbd_rules_multistep,False,FR-BBD3-PARENT-c1412__sp07,7,2,"[""FR-BBD3-PARENT-c1412__n00000"", ""FR-BBD3-PARENT-c1412__n00003"", ""FR-BBD3-PARENT-c1412__n00018""]","[""CC(C(=O)[O-])c1cccc(C(=O)c2ccccc2)c1"", ""CCc1cccc(C(=O)c2ccccc2)c1"", ""CCc1cccc(C(=O)c2ccc(O)cc2)c1""]","[""DKYWVDODHFEZIM-UHFFFAOYSA-M"", ""FVSYHKJWZIKKDM-UHFFFAOYSA-N"", ""ZYULWLHGBMJTEL-UHFFFAOYSA-N""]","[""FR-BBD3-PARENT-c1412__e00003"", ""FR-BBD3-PARENT-c1412__e00018""]","[1.0, 1.0]","[""multi_generation_edge_probability"", ""multi_generation_edge_probability""]",1.0,path_probability_product,simple_acyclic_path,frontier_empty,True,False,False,False,False,False,False,False
FR-BBD3-PARENT-c1412,scope_a_old83_compatible,Ketoprofen,other_eawag_bbd_xenobiotic,envipath_prediction,envipath_bbd_rules_multistep,False,FR-BBD3-PARENT-c1412__sp08,8,2,"[""FR-BBD3-PARENT-c1412__n00000"", ""FR-BBD3-PARENT-c1412__n00003"", ""FR-BBD3-PARENT-c1412__n00022""]","[""CC(C(=O)[O-])c1cccc(C(=O)c2ccccc2)c1"", ""CCc1cccc(C(=O)c2ccccc2)c1"", ""CCc1cccc(C(=O)c2cccc(O)c2)c1""]","[""DKYWVDODHFEZIM-UHFFFAOYSA-M"", ""FVSYHKJWZIKKDM-UHFFFAOYSA-N"", ""PZPPCIOHKTUCDC-UHFFFAOYSA-N""]","[""FR-BBD3-PARENT-c1412__e00003"", ""FR-BBD3-PARENT-c1412__e00022""]","[1.0, 1.0]","[""multi_generation_edge_probability"", ""multi_generation_edge_probability""]",1.0,path_probability_product,simple_acyclic_path,frontier_empty,True,False,False,False,False,False,False,False
FR-BBD3-PARENT-c1412,scope_a_old83_compatible,Ketoprofen,other_eawag_bbd_xenobiotic,envipath_prediction,envipath_bbd_rules_multistep,False,FR-BBD3-PARENT-c1412__sp09,9,2,"[""FR-BBD3-PARENT-c1412__n00000"", ""FR-BBD3-PARENT-c1412__n00003"", ""FR-BBD3-PARENT-c1412__n00026""]","[""CC(C(=O)[O-])c1cccc(C(=O)c2ccccc2)c1"", ""CCc1cccc(C(=O)c2ccccc2)c1"", ""CC(O)c1cccc(C(=O)c2ccccc2)c1""]","[""DKYWVDODHFEZIM-UHFFFAOYSA-M"", ""FVSYHKJWZIKKDM-UHFFFAOYSA-N"", ""VIGLCJZNAGRKFZ-UHFFFAOYSA-N""]","[""FR-BBD3-PARENT-c1412__e00003"", ""FR-BBD3-PARENT-c1412__e00026""]","[1.0, 1.0]","[""multi_generation_edge_probability"", ""multi_generation_edge_probability""]",1.0,path_probability_product,simple_acyclic_path,frontier_empty,True,False,False,False,False,False,False,False
FR-BBD3-PARENT-c1412,scope_a_old83_compatible,Ketoprofen,other_eawag_bbd_xenobiotic,envipath_prediction,envipath_bbd_rules_multistep,False,FR-BBD3-PARENT-c1412__sp10,10,2,"[""FR-BBD3-PARENT-c1412__n00000"", ""FR-BBD3-PARENT-c1412__n00003"", ""FR-BBD3-PARENT-c1412__n00028""]","[""CC(C(=O)[O-])c1cccc(C(=O)c2ccccc2)c1"", ""CCc1cccc(C(=O)c2ccccc2)c1"", ""O=C(c1ccccc1)c1cccc(CCO)c1""]","[""DKYWVDODHFEZIM-UHFFFAOYSA-M"", ""FVSYHKJWZIKKDM-UHFFFAOYSA-N"", ""WKFHMHHGUOWDPP-UHFFFAOYSA-N""]","[""FR-BBD3-PARENT-c1412__e00003"", ""FR-BBD3-PARENT-c1412__e00028""]","[1.0, 1.0]","[""multi_generation_edge_probability"", ""multi_generation_edge_probability""]",1.0,path_probability_product,simple_acyclic_path,frontier_empty,True,False,False,False,False,False,False,False
FR-BBD3-PARENT-c1441,scope_a_old83_compatible,Alachlor,halogenated_compound,envipath_prediction,envipath_bbd_rules_multistep,False,FR-BBD3-PARENT-c1441__sp01,1,6,"[""FR-BBD3-PARENT-c1441__n00000"", ""FR-BBD3-PARENT-c1441__n00004"", ""FR-BBD3-PARENT-c1441__n00005"", ""FR-BBD3-PARENT-c1441__n00018"", ""FR-BBD3-PARENT-c1441__n00034"", ""FR-BBD3-PARENT-c1441__n00040"", ""FR-BBD3-PARENT-c1441__n00046""]","[""CCc1cccc(CC)c1N(COC)C(=O)CCl"", ""CCc1cccc(CC)c1N(C=O)C(=O)CCl"", ""CCc1cccc(CC)c1NC(=O)CCl"", ""CCc1cccc(CCO)c1NC(=O)CCl"", ""CCc1cccc(CCO)c1NC(C)=O"", ""CCc1cccc(C(O)CO)c1NC(C)=O"", ""CCc1cccc(C(=O)CO)c1NC(C)=O""]","[""XCSGPAVHZFQHGE-UHFFFAOYSA-N"", ""FUNRBZRUWGLXTD-UHFFFAOYSA-N"", ""LBJVHMAYBNQJBK-UHFFFAOYSA-N"", ""VSUXBQCBOGMBHP-UHFFFAOYSA-N"", ""BONCFGGVHKWRNT-UHFFFAOYSA-N"", ""XEIHEVHLGHTKQO-UHFFFAOYSA-N"", ""CIPPQYWZJLMIAT-UHFFFAOYSA-N""]","[""FR-BBD3-PARENT-c1441__e00004"", ""FR-BBD3-PARENT-c1441__e00031"", ""FR-BBD3-PARENT-c1441__e00019"", ""FR-BBD3-PARENT-c1441__e00038"", ""FR-BBD3-PARENT-c1441__e00045"", ""FR-BBD3-PARENT-c1441__e00053""]","[1.0, 1.0, 1.0, 1.0, 1.0, 1.0]","[""multi_generation_edge_probability"", ""multi_generation_edge_probability"", ""multi_generation_edge_probability"", ""multi_generation_edge_probability"", ""multi_generation_edge_probability"", ""multi_generation_edge_probability""]",1.0,path_probability_product,simple_acyclic_path,max_depth_reached,True,False,False,False,False,False,False,False
FR-BBD3-PARENT-c1441,scope_a_old83_compatible,Alachlor,halogenated_compound,envipath_prediction,envipath_bbd_rules_multistep,False,FR-BBD3-PARENT-c1441__sp02,2,6,"[""FR-BBD3-PARENT-c1441__n00000"", ""FR-BBD3-PARENT-c1441__n00004"", ""FR-BBD3-PARENT-c1441__n00005"", ""FR-BBD3-PARENT-c1441__n00018"", ""FR-BBD3-PARENT-c1441__n00034"", ""FR-BBD3-PARENT-c1441__n00040"", ""FR-BBD3-PARENT-c1441__n00049""]","[""CCc1cccc(CC)c1N(COC)C(=O)CCl"", ""CCc1cccc(CC)c1N(C=O)C(=O)CCl"", ""CCc1cccc(CC)c1NC(=O)CCl"", ""CCc1cccc(CCO)c1NC(=O)CCl"", ""CCc1cccc(CCO)c1NC(C)=O"", ""CCc1cccc(C(O)CO)c1NC(C)=O"", ""CCc1cccc(C(O)C=O)c1NC(C)=O""]","[""XCSGPAVHZFQHGE-UHFFFAOYSA-N"", ""FUNRBZRUWGLXTD-UHFFFAOYSA-N"", ""LBJVHMAYBNQJBK-UHFFFAOYSA-N"", ""VSUXBQCBOGMBHP-UHFFFAOYSA-N"", ""BONCFGGVHKWRNT-UHFFFAOYSA-N"", ""XEIHEVHLGHTKQO-UHFFFAOYSA-N"", ""FUNPRLNQFLNFOW-UHFFFAOYSA-N""]","[""FR-BBD3-PARENT-c1441__e00004"", ""FR-BBD3-PARENT-c1441__e00031"", ""FR-BBD3-PARENT-c1441__e00019"", ""FR-BBD3-PARENT-c1441__e00038"", ""FR-BBD3-PARENT-c1441__e00045"", ""FR-BBD3-PARENT-c1441__e00056""]","[1.0, 1.0, 1.0, 1.0, 1.0, 1.0]","[""multi_generation_edge_probability"", ""multi_generation_edge_probability"", ""multi_generation_edge_probability"", ""multi_generation_edge_probability"", ""multi_generation_edge_probability"", ""multi_generation_edge_probability""]",1.0,path_probability_product,simple_acyclic_path,max_depth_reached,True,False,False,False,False,False,False,False
FR-BBD3-PARENT-c1441,scope_a_old83_compatible,Alachlor,halogenated_compound,envipath_prediction,envipath_bbd_rules_multistep,False,FR-BBD3-PARENT-c1441__sp03,3,6,"[""FR-BBD3-PARENT-c1441__n00000"", ""FR-BBD3-PARENT-c1441__n00004"", ""FR-BBD3-PARENT-c1441__n00005"", ""FR-BBD3-PARENT-c1441__n00018"", ""FR-BBD3-PARENT-c1441__n00034"", ""FR-BBD3-PARENT-c1441__n00040"", ""FR-BBD3-PARENT-c1441__n00051""]","[""CCc1cccc(CC)c1N(COC)C(=O)CCl"", ""CCc1cccc(CC)c1N(C=O)C(=O)CCl"", ""CCc1cccc(CC)c1NC(=O)CCl"", ""CCc1cccc(CCO)c1NC(=O)CCl"", ""CCc1cccc(CCO)c1NC(C)=O"", ""CCc1cccc(C(O)CO)c1NC(C)=O"", ""CC(=O)Nc1c(C(C)O)cccc1C(O)CO""]","[""XCSGPAVHZFQHGE-UHFFFAOYSA-N"", ""FUNRBZRUWGLXTD-UHFFFAOYSA-N"", ""LBJVHMAYBNQJBK-UHFFFAOYSA-N"", ""VSUXBQCBOGMBHP-UHFFFAOYSA-N"", ""BONCFGGVHKWRNT-UHFFFAOYSA-N"", ""XEIHEVHLGHTKQO-UHFFFAOYSA-N"", ""QMMVXECFPXFVND-UHFFFAOYSA-N""]","[""FR-BBD3-PARENT-c1441__e00004"", ""FR-BBD3-PARENT-c1441__e00031"", ""FR-BBD3-PARENT-c1441__e00019"", ""FR-BBD3-PARENT-c1441__e00038"", ""FR-BBD3-PARENT-c1441__e00045"", ""FR-BBD3-PARENT-c1441__e00058""]","[1.0, 1.0, 1.0, 1.0, 1.0, 1.0]","[""multi_generation_edge_probability"", ""multi_generation_edge_probability"", ""multi_generation_edge_probability"", ""multi_generation_edge_probability"", ""multi_generation_edge_probability"", ""multi_generation_edge_probability""]",1.0,path_probability_product,simple_acyclic_path,max_depth_reached,True,False,False,False,False,False,False,False
FR-BBD3-PARENT-c1441,scope_a_old83_compatible,Alachlor,halogenated_compound,envipath_prediction,envipath_bbd_rules_multistep,False,FR-BBD3-PARENT-c1441__sp04,4,6,"[""FR-BBD3-PARENT-c1441__n00000"", ""FR-BBD3-PARENT-c1441__n00004"", ""FR-BBD3-PARENT-c1441__n00005"", ""FR-BBD3-PARENT-c1441__n00018"", ""FR-BBD3-PARENT-c1441__n00034"", ""FR-BBD3-PARENT-c1441__n00040"", ""FR-BBD3-PARENT-c1441__n00041""]","[""CCc1cccc(CC)c1N(COC)C(=O)CCl"", ""CCc1cccc(CC)c1N(C=O)C(=O)CCl"", ""CCc1cccc(CC)c1NC(=O)CCl"", ""CCc1cccc(CCO)c1NC(=O)CCl"", ""CCc1cccc(CCO)c1NC(C)=O"", ""CCc1cccc(C(O)CO)c1NC(C)=O"", ""CCc1cccc(C(O)CO)c1N""]","[""XCSGPAVHZFQHGE-UHFFFAOYSA-N"", ""FUNRBZRUWGLXTD-UHFFFAOYSA-N"", ""LBJVHMAYBNQJBK-UHFFFAOYSA-N"", ""VSUXBQCBOGMBHP-UHFFFAOYSA-N"", ""BONCFGGVHKWRNT-UHFFFAOYSA-N"", ""XEIHEVHLGHTKQO-UHFFFAOYSA-N"", ""UFSDXFGOGKSNAZ-UHFFFAOYSA-N""]","[""FR-BBD3-PARENT-c1441__e00004"", ""FR-BBD3-PARENT-c1441__e00031"", ""FR-BBD3-PARENT-c1441__e00019"", ""FR-BBD3-PARENT-c1441__e00038"", ""FR-BBD3-PARENT-c1441__e00045"", ""FR-BBD3-PARENT-c1441__e00062""]","[1.0, 1.0, 1.0, 1.0, 1.0, 1.0]","[""multi_generation_edge_probability"", ""multi_generation_edge_probability"", ""multi_generation_edge_probability"", ""multi_generation_edge_probability"", ""multi_generation_edge_probability"", ""multi_generation_edge_probability""]",1.0,path_probability_product,simple_acyclic_path,max_depth_reached,True,False,False,False,False,False,False,False
FR-BBD3-PARENT-c1441,scope_a_old83_compatible,Alachlor,halogenated_compound,envipath_prediction,envipath_bbd_rules_multistep,False,FR-BBD3-PARENT-c1441__sp05,5,6,"[""FR-BBD3-PARENT-c1441__n00000"", ""FR-BBD3-PARENT-c1441__n00004"", ""FR-BBD3-PARENT-c1441__n00005"", ""FR-BBD3-PARENT-c1441__n00018"", ""FR-BBD3-PARENT-c1441__n00034"", ""FR-BBD3-PARENT-c1441__n00037"", ""FR-BBD3-PARENT-c1441__n00041""]","[""CCc1cccc(CC)c1N(COC)C(=O)CCl"", ""CCc1cccc(CC)c1N(C=O)C(=O)CCl"", ""CCc1cccc(CC)c1NC(=O)CCl"", ""CCc1cccc(CCO)c1NC(=O)CCl"", ""CCc1cccc(CCO)c1NC(C)=O"", ""CCc1cccc(CCO)c1N"", ""CCc1cccc(C(O)CO)c1N""]","[""XCSGPAVHZFQHGE-UHFFFAOYSA-N"", ""FUNRBZRUWGLXTD-UHFFFAOYSA-N"", ""LBJVHMAYBNQJBK-UHFFFAOYSA-N"", ""VSUXBQCBOGMBHP-UHFFFAOYSA-N"", ""BONCFGGVHKWRNT-UHFFFAOYSA-N"", ""GDVHIWCJULBLBL-UHFFFAOYSA-N"", ""UFSDXFGOGKSNAZ-UHFFFAOYSA-N""]","[""FR-BBD3-PARENT-c1441__e00004"", ""FR-BBD3-PARENT-c1441__e00031"", ""FR-BBD3-PARENT-c1441__e00019"", ""FR-BBD3-PARENT-c1441__e00038"", ""FR-BBD3-PARENT-c1441__e00049"", ""FR-BBD3-PARENT-c1441__e00046""]","[1.0, 1.0, 1.0, 1.0, 1.0, 1.0]","[""multi_generation_edge_probability"", ""multi_generation_edge_probability"", ""multi_generation_edge_probability"", ""multi_generation_edge_probability"", ""multi_generation_edge_probability"", ""multi_generation_edge_probability""]",1.0,path_probability_product,simple_acyclic_path,max_depth_reached,True,False,False,False,False,False,False,False
FR-BBD3-PARENT-c1441,scope_a_old83_compatible,Alachlor,halogenated_compound,envipath_prediction,envipath_bbd_rules_multistep,False,FR-BBD3-PARENT-c1441__sp06,6,6,"[""FR-BBD3-PARENT-c1441__n00000"", ""FR-BBD3-PARENT-c1441__n00004"", ""FR-BBD3-PARENT-c1441__n00005"", ""FR-BBD3-PARENT-c1441__n00018"", ""FR-BBD3-PARENT-c1441__n00034"", ""FR-BBD3-PARENT-c1441__n00037"", ""FR-BBD3-PARENT-c1441__n00042""]","[""CCc1cccc(CC)c1N(COC)C(=O)CCl"", ""CCc1cccc(CC)c1N(C=O)C(=O)CCl"", ""CCc1cccc(CC)c1NC(=O)CCl"", ""CCc1cccc(CCO)c1NC(=O)CCl"", ""CCc1cccc(CCO)c1NC(C)=O"", ""CCc1cccc(CCO)c1N"", ""CC(O)c1cccc(CCO)c1N""]","[""XCSGPAVHZFQHGE-UHFFFAOYSA-N"", ""FUNRBZRUWGLXTD-UHFFFAOYSA-N"", ""LBJVHMAYBNQJBK-UHFFFAOYSA-N"", ""VSUXBQCBOGMBHP-UHFFFAOYSA-N"", ""BONCFGGVHKWRNT-UHFFFAOYSA-N"", ""GDVHIWCJULBLBL-UHFFFAOYSA-N"", ""JESXKWHLSGFYCF-UHFFFAOYSA-N""]","[""FR-BBD3-PARENT-c1441__e00004"", ""FR-BBD3-PARENT-c1441__e00031"", ""FR-BBD3-PARENT-c1441__e00019"", ""FR-BBD3-PARENT-c1441__e00038"", ""FR-BBD3-PARENT-c1441__e00049"", ""FR-BBD3-PARENT-c1441__e00048""]","[1.0, 1.0, 1.0, 1.0, 1.0, 1.0]","[""multi_generation_edge_probability"", ""multi_generation_edge_probability"", ""multi_generation_edge_probability"", ""multi_generation_edge_probability"", ""multi_generation_edge_probability"", ""multi_generation_edge_probability""]",1.0,path_probability_product,simple_acyclic_path,max_depth_reached,True,False,False,False,False,False,False,False
FR-BBD3-PARENT-c1441,scope_a_old83_compatible,Alachlor,halogenated_compound,envipath_prediction,envipath_bbd_rules_multistep,False,FR-BBD3-PARENT-c1441__sp07,7,6,"[""FR-BBD3-PARENT-c1441__n00000"", ""FR-BBD3-PARENT-c1441__n00004"", ""FR-BBD3-PARENT-c1441__n00005"", ""FR-BBD3-PARENT-c1441__n00018"", ""FR-BBD3-PARENT-c1441__n00034"", ""FR-BBD3-PARENT-c1441__n00037"", ""FR-BBD3-PARENT-c1441__n00043""]","[""CCc1cccc(CC)c1N(COC)C(=O)CCl"", ""CCc1cccc(CC)c1N(C=O)C(=O)CCl"", ""CCc1cccc(CC)c1NC(=O)CCl"", ""CCc1cccc(CCO)c1NC(=O)CCl"", ""CCc1cccc(CCO)c1NC(C)=O"", ""CCc1cccc(CCO)c1N"", ""CCc1cccc(CC=O)c1N""]","[""XCSGPAVHZFQHGE-UHFFFAOYSA-N"", ""FUNRBZRUWGLXTD-UHFFFAOYSA-N"", ""LBJVHMAYBNQJBK-UHFFFAOYSA-N"", ""VSUXBQCBOGMBHP-UHFFFAOYSA-N"", ""BONCFGGVHKWRNT-UHFFFAOYSA-N"", ""GDVHIWCJULBLBL-UHFFFAOYSA-N"", ""PGCDSPMBVCXGQP-UHFFFAOYSA-N""]","[""FR-BBD3-PARENT-c1441__e00004"", ""FR-BBD3-PARENT-c1441__e00031"", ""FR-BBD3-PARENT-c1441__e00019"", ""FR-BBD3-PARENT-c1441__e00038"", ""FR-BBD3-PARENT-c1441__e00049"", ""FR-BBD3-PARENT-c1441__e00050""]","[1.0, 1.0, 1.0, 1.0, 1.0, 1.0]","[""multi_generation_edge_probability"", ""multi_generation_edge_probability"", ""multi_generation_edge_probability"", ""multi_generation_edge_probability"", ""multi_generation_edge_probability"", ""multi_generation_edge_probability""]",1.0,path_probability_product,simple_acyclic_path,max_depth_reached,True,False,False,False,False,False,False,False
FR-BBD3-PARENT-c1441,scope_a_old83_compatible,Alachlor,halogenated_compound,envipath_prediction,envipath_bbd_rules_multistep,False,FR-BBD3-PARENT-c1441__sp08,8,6,"[""FR-BBD3-PARENT-c1441__n00000"", ""FR-BBD3-PARENT-c1441__n00004"", ""FR-BBD3-PARENT-c1441__n00005"", ""FR-BBD3-PARENT-c1441__n00018"", ""FR-BBD3-PARENT-c1441__n00034"", ""FR-BBD3-PARENT-c1441__n00044"", ""FR-BBD3-PARENT-c1441__n00047""]","[""CCc1cccc(CC)c1N(COC)C(=O)CCl"", ""CCc1cccc(CC)c1N(C=O)C(=O)CCl"", ""CCc1cccc(CC)c1NC(=O)CCl"", ""CCc1cccc(CCO)c1NC(=O)CCl"", ""CCc1cccc(CCO)c1NC(C)=O"", ""CCc1cccc(CC=O)c1NC(C)=O"", ""CCc1cccc(CC(=O)O)c1NC(C)=O""]","[""XCSGPAVHZFQHGE-UHFFFAOYSA-N"", ""FUNRBZRUWGLXTD-UHFFFAOYSA-N"", ""LBJVHMAYBNQJBK-UHFFFAOYSA-N"", ""VSUXBQCBOGMBHP-UHFFFAOYSA-N"", ""BONCFGGVHKWRNT-UHFFFAOYSA-N"", ""AYGKSHFXJBEKAP-UHFFFAOYSA-N"", ""BCIUMQZOPDPCKG-UHFFFAOYSA-N""]","[""FR-BBD3-PARENT-c1441__e00004"", ""FR-BBD3-PARENT-c1441__e00031"", ""FR-BBD3-PARENT-c1441__e00019"", ""FR-BBD3-PARENT-c1441__e00038"", ""FR-BBD3-PARENT-c1441__e00051"", ""FR-BBD3-PARENT-c1441__e00054""]","[1.0, 1.0, 1.0, 1.0, 1.0, 1.0]","[""multi_generation_edge_probability"", ""multi_generation_edge_probability"", ""multi_generation_edge_probability"", ""multi_generation_edge_probability"", ""multi_generation_edge_probability"", ""multi_generation_edge_probability""]",1.0,path_probability_product,simple_acyclic_path,max_depth_reached,True,False,False,False,False,False,False,False
FR-BBD3-PARENT-c1441,scope_a_old83_compatible,Alachlor,halogenated_compound,envipath_prediction,envipath_bbd_rules_multistep,False,FR-BBD3-PARENT-c1441__sp09,9,6,"[""FR-BBD3-PARENT-c1441__n00000"", ""FR-BBD3-PARENT-c1441__n00004"", ""FR-BBD3-PARENT-c1441__n00005"", ""FR-BBD3-PARENT-c1441__n00018"", ""FR-BBD3-PARENT-c1441__n00034"", ""FR-BBD3-PARENT-c1441__n00044"", ""FR-BBD3-PARENT-c1441__n00050""]","[""CCc1cccc(CC)c1N(COC)C(=O)CCl"", ""CCc1cccc(CC)c1N(C=O)C(=O)CCl"", ""CCc1cccc(CC)c1NC(=O)CCl"", ""CCc1cccc(CCO)c1NC(=O)CCl"", ""CCc1cccc(CCO)c1NC(C)=O"", ""CCc1cccc(CC=O)c1NC(C)=O"", ""CC(=O)Nc1c(CC=O)cccc1C(C)O""]","[""XCSGPAVHZFQHGE-UHFFFAOYSA-N"", ""FUNRBZRUWGLXTD-UHFFFAOYSA-N"", ""LBJVHMAYBNQJBK-UHFFFAOYSA-N"", ""VSUXBQCBOGMBHP-UHFFFAOYSA-N"", ""BONCFGGVHKWRNT-UHFFFAOYSA-N"", ""AYGKSHFXJBEKAP-UHFFFAOYSA-N"", ""YLMOLQUCPMCLBM-UHFFFAOYSA-N""]","[""FR-BBD3-PARENT-c1441__e00004"", ""FR-BBD3-PARENT-c1441__e00031"", ""FR-BBD3-PARENT-c1441__e00019"", ""FR-BBD3-PARENT-c1441__e00038"", ""FR-BBD3-PARENT-c1441__e00051"", ""FR-BBD3-PARENT-c1441__e00057""]","[1.0, 1.0, 1.0, 1.0, 1.0, 1.0]","[""multi_generation_edge_probability"", ""multi_generation_edge_probability"", ""multi_generation_edge_probability"", ""multi_generation_edge_probability"", ""multi_generation_edge_probability"", ""multi_generation_edge_probability""]",1.0,path_probability_product,simple_acyclic_path,max_depth_reached,True,False,False,False,False,False,False,False
FR-BBD3-PARENT-c1441,scope_a_old83_compatible,Alachlor,halogenated_compound,envipath_prediction,envipath_bbd_rules_multistep,False,FR-BBD3-PARENT-c1441__sp10,10,6,"[""FR-BBD3-PARENT-c1441__n00000"", ""FR-BBD3-PARENT-c1441__n00004"", ""FR-BBD3-PARENT-c1441__n00005"", ""FR-BBD3-PARENT-c1441__n00018"", ""FR-BBD3-PARENT-c1441__n00034"", ""FR-BBD3-PARENT-c1441__n00044"", ""FR-BBD3-PARENT-c1441__n00052""]","[""CCc1cccc(CC)c1N(COC)C(=O)CCl"", ""CCc1cccc(CC)c1N(C=O)C(=O)CCl"", ""CCc1cccc(CC)c1NC(=O)CCl"", ""CCc1cccc(CCO)c1NC(=O)CCl"", ""CCc1cccc(CCO)c1NC(C)=O"", ""CCc1cccc(CC=O)c1NC(C)=O"", ""CC(=O)Nc1c(CC=O)cccc1CCO""]","[""XCSGPAVHZFQHGE-UHFFFAOYSA-N"", ""FUNRBZRUWGLXTD-UHFFFAOYSA-N"", ""LBJVHMAYBNQJBK-UHFFFAOYSA-N"", ""VSUXBQCBOGMBHP-UHFFFAOYSA-N"", ""BONCFGGVHKWRNT-UHFFFAOYSA-N"", ""AYGKSHFXJBEKAP-UHFFFAOYSA-N"", ""HDMOMDZZDUHNJI-UHFFFAOYSA-N""]","[""FR-BBD3-PARENT-c1441__e00004"", ""FR-BBD3-PARENT-c1441__e00031"", ""FR-BBD3-PARENT-c1441__e00019"", ""FR-BBD3-PARENT-c1441__e00038"", ""FR-BBD3-PARENT-c1441__e00051"", ""FR-BBD3-PARENT-c1441__e00060""]","[1.0, 1.0, 1.0, 1.0, 1.0, 1.0]","[""multi_generation_edge_probability"", ""multi_generation_edge_probability"", ""multi_generation_edge_probability"", ""multi_generation_edge_probability"", ""multi_generation_edge_probability"", ""multi_generation_edge_probability""]",1.0,path_probability_product,simple_acyclic_path,max_depth_reached,True,False,False,False,False,False,False,False
FR-BBD3-PARENT-c1457,scope_a_old83_compatible,Malathion,organophosphorus_pesticide,envipath_prediction,envipath_bbd_rules_multistep,False,FR-BBD3-PARENT-c1457__sp01,1,6,"[""FR-BBD3-PARENT-c1457__n00000"", ""FR-BBD3-PARENT-c1457__n00007"", ""FR-BBD3-PARENT-c1457__n00017"", ""FR-BBD3-PARENT-c1457__n00034"", ""FR-BBD3-PARENT-c1457__n00035"", ""FR-BBD3-PARENT-c1457__n00036"", ""FR-BBD3-PARENT-c1457__n00037""]","[""CCOC(=O)CC(SP(=S)(OC)OC)C(=O)OCC"", ""CCOC(=O)CC(SP(=S)(OC)OC)C(=O)OCCO"", ""OCCO"", ""O=CCO"", ""O=C(O)CO"", ""O=CC(=O)O"", ""O=C(O)C(=O)O""]","[""JXSJBGJIGXNWCI-UHFFFAOYSA-N"", ""NVKQAPLSVJTQQQ-UHFFFAOYSA-N"", ""LYCAIKOWRPUZTN-UHFFFAOYSA-N"", ""WGCNASOHLSPBMP-UHFFFAOYSA-N"", ""AEMRFAOFKBGASW-UHFFFAOYSA-N"", ""HHLFWLYXYJOTON-UHFFFAOYSA-N"", ""MUBZPKHOEPUJKR-UHFFFAOYSA-N""]","[""FR-BBD3-PARENT-c1457__e00007"", ""FR-BBD3-PARENT-c1457__e00018"", ""FR-BBD3-PARENT-c1457__e00037"", ""FR-BBD3-PARENT-c1457__e00038"", ""FR-BBD3-PARENT-c1457__e00039"", ""FR-BBD3-PARENT-c1457__e00040""]","[1.0, 1.0, 1.0, 1.0, 1.0, 1.0]","[""multi_generation_edge_probability"", ""multi_generation_edge_probability"", ""multi_generation_edge_probability"", ""multi_generation_edge_probability"", ""multi_generation_edge_probability"", ""multi_generation_edge_probability""]",1.0,path_probability_product,simple_acyclic_path,max_depth_reached,True,False,False,False,False,False,False,False
FR-BBD3-PARENT-c1457,scope_a_old83_compatible,Malathion,organophosphorus_pesticide,envipath_prediction,envipath_bbd_rules_multistep,False,FR-BBD3-PARENT-c1457__sp02,2,4,"[""FR-BBD3-PARENT-c1457__n00000"", ""FR-BBD3-PARENT-c1457__n00006"", ""FR-BBD3-PARENT-c1457__n00001"", ""FR-BBD3-PARENT-c1457__n00011"", ""FR-BBD3-PARENT-c1457__n00033""]","[""CCOC(=O)CC(SP(=S)(OC)OC)C(=O)OCC"", ""CCOC(=O)C(CC(=O)OCCO)SP(=S)(OC)OC"", ""CCO"", ""CC=O"", ""CC(=O)O""]","[""JXSJBGJIGXNWCI-UHFFFAOYSA-N"", ""PYLKMXOZAJVZGT-UHFFFAOYSA-N"", ""LFQSCWFLJHTTHZ-UHFFFAOYSA-N"", ""IKHGUXGNUITLKF-UHFFFAOYSA-N"", ""QTBSBXVTEAMEQO-UHFFFAOYSA-N""]","[""FR-BBD3-PARENT-c1457__e00006"", ""FR-BBD3-PARENT-c1457__e00014"", ""FR-BBD3-PARENT-c1457__e00011"", ""FR-BBD3-PARENT-c1457__e00036""]","[1.0, 1.0, 1.0, 1.0]","[""multi_generation_edge_probability"", ""multi_generation_edge_probability"", ""multi_generation_edge_probability"", ""multi_generation_edge_probability""]",1.0,path_probability_product,simple_acyclic_path,frontier_empty,True,False,False,False,False,False,False,False
FR-BBD3-PARENT-c1457,scope_a_old83_compatible,Malathion,organophosphorus_pesticide,envipath_prediction,envipath_bbd_rules_multistep,False,FR-BBD3-PARENT-c1457__sp03,3,3,"[""FR-BBD3-PARENT-c1457__n00000"", ""FR-BBD3-PARENT-c1457__n00001"", ""FR-BBD3-PARENT-c1457__n00011"", ""FR-BBD3-PARENT-c1457__n00033""]","[""CCOC(=O)CC(SP(=S)(OC)OC)C(=O)OCC"", ""CCO"", ""CC=O"", ""CC(=O)O""]","[""JXSJBGJIGXNWCI-UHFFFAOYSA-N"", ""LFQSCWFLJHTTHZ-UHFFFAOYSA-N"", ""IKHGUXGNUITLKF-UHFFFAOYSA-N"", ""QTBSBXVTEAMEQO-UHFFFAOYSA-N""]","[""FR-BBD3-PARENT-c1457__e00001"", ""FR-BBD3-PARENT-c1457__e00011"", ""FR-BBD3-PARENT-c1457__e00036""]","[1.0, 1.0, 1.0]","[""multi_generation_edge_probability"", ""multi_generation_edge_probability"", ""multi_generation_edge_probability""]",1.0,path_probability_product,simple_acyclic_path,frontier_empty,True,False,False,False,False,False,False,False
FR-BBD3-PARENT-c1457,scope_a_old83_compatible,Malathion,organophosphorus_pesticide,envipath_prediction,envipath_bbd_rules_multistep,False,FR-BBD3-PARENT-c1457__sp04,4,2,"[""FR-BBD3-PARENT-c1457__n00000"", ""FR-BBD3-PARENT-c1457__n00004"", ""FR-BBD3-PARENT-c1457__n00012""]","[""CCOC(=O)CC(SP(=S)(OC)OC)C(=O)OCC"", ""CO"", ""C=O""]","[""JXSJBGJIGXNWCI-UHFFFAOYSA-N"", ""OKKJLVBELUTLKV-UHFFFAOYSA-N"", ""WSFSSNUMVMOOMR-UHFFFAOYSA-N""]","[""FR-BBD3-PARENT-c1457__e00004"", ""FR-BBD3-PARENT-c1457__e00012""]","[1.0, 1.0]","[""multi_generation_edge_probability"", ""multi_generation_edge_probability""]",1.0,path_probability_product,simple_acyclic_path,frontier_empty,True,False,False,False,False,False,False,False
FR-BBD3-PARENT-c1457,scope_a_old83_compatible,Malathion,organophosphorus_pesticide,envipath_prediction,envipath_bbd_rules_multistep,False,FR-BBD3-PARENT-c1457__sp05,5,2,"[""FR-BBD3-PARENT-c1457__n00000"", ""FR-BBD3-PARENT-c1457__n00005"", ""FR-BBD3-PARENT-c1457__n00013""]","[""CCOC(=O)CC(SP(=S)(OC)OC)C(=O)OCC"", ""CCOC(=O)CC(SP(=O)(OC)OC)C(=O)OCC"", ""CCOC(=O)CC(SP(=O)(OC)OC)C(=O)OCCO""]","[""JXSJBGJIGXNWCI-UHFFFAOYSA-N"", ""WSORODGWGUUOBO-UHFFFAOYSA-N"", ""GHUMDMNTOIMDFZ-UHFFFAOYSA-N""]","[""FR-BBD3-PARENT-c1457__e00005"", ""FR-BBD3-PARENT-c1457__e00013""]","[1.0, 1.0]","[""multi_generation_edge_probability"", ""multi_generation_edge_probability""]",1.0,path_probability_product,simple_acyclic_path,frontier_empty,True,False,False,False,False,False,False,False
FR-BBD3-PARENT-c1457,scope_a_old83_compatible,Malathion,organophosphorus_pesticide,envipath_prediction,envipath_bbd_rules_multistep,False,FR-BBD3-PARENT-c1457__sp06,6,2,"[""FR-BBD3-PARENT-c1457__n00000"", ""FR-BBD3-PARENT-c1457__n00005"", ""FR-BBD3-PARENT-c1457__n00015""]","[""CCOC(=O)CC(SP(=S)(OC)OC)C(=O)OCC"", ""CCOC(=O)CC(SP(=O)(OC)OC)C(=O)OCC"", ""CCOC(=O)CC(=O)C(=O)OCC""]","[""JXSJBGJIGXNWCI-UHFFFAOYSA-N"", ""WSORODGWGUUOBO-UHFFFAOYSA-N"", ""JDXYSCUOABNLIR-UHFFFAOYSA-N""]","[""FR-BBD3-PARENT-c1457__e00005"", ""FR-BBD3-PARENT-c1457__e00016""]","[1.0, 1.0]","[""multi_generation_edge_probability"", ""multi_generation_edge_probability""]",1.0,path_probability_product,simple_acyclic_path,frontier_empty,True,False,False,False,False,False,False,False
FR-BBD3-PARENT-c1457,scope_a_old83_compatible,Malathion,organophosphorus_pesticide,envipath_prediction,envipath_bbd_rules_multistep,False,FR-BBD3-PARENT-c1457__sp07,7,2,"[""FR-BBD3-PARENT-c1457__n00000"", ""FR-BBD3-PARENT-c1457__n00005"", ""FR-BBD3-PARENT-c1457__n00018""]","[""CCOC(=O)CC(SP(=S)(OC)OC)C(=O)OCC"", ""CCOC(=O)CC(SP(=O)(OC)OC)C(=O)OCC"", ""COP(=O)(S)OC""]","[""JXSJBGJIGXNWCI-UHFFFAOYSA-N"", ""WSORODGWGUUOBO-UHFFFAOYSA-N"", ""WWJJVKAEQGGYHJ-UHFFFAOYSA-N""]","[""FR-BBD3-PARENT-c1457__e00005"", ""FR-BBD3-PARENT-c1457__e00019""]","[1.0, 1.0]","[""multi_generation_edge_probability"", ""multi_generation_edge_probability""]",1.0,path_probability_product,simple_acyclic_path,frontier_empty,True,False,False,False,False,False,False,False
FR-BBD3-PARENT-c1457,scope_a_old83_compatible,Malathion,organophosphorus_pesticide,envipath_prediction,envipath_bbd_rules_multistep,False,FR-BBD3-PARENT-c1457__sp08,8,2,"[""FR-BBD3-PARENT-c1457__n00000"", ""FR-BBD3-PARENT-c1457__n00005"", ""FR-BBD3-PARENT-c1457__n00021""]","[""CCOC(=O)CC(SP(=S)(OC)OC)C(=O)OCC"", ""CCOC(=O)CC(SP(=O)(OC)OC)C(=O)OCC"", ""CCOC(=O)CC(SP(=O)(OC)OC)C(=O)O""]","[""JXSJBGJIGXNWCI-UHFFFAOYSA-N"", ""WSORODGWGUUOBO-UHFFFAOYSA-N"", ""SUUPKGXVEGHUMW-UHFFFAOYSA-N""]","[""FR-BBD3-PARENT-c1457__e00005"", ""FR-BBD3-PARENT-c1457__e00023""]","[1.0, 1.0]","[""multi_generation_edge_probability"", ""multi_generation_edge_probability""]",1.0,path_probability_product,simple_acyclic_path,frontier_empty,True,False,False,False,False,False,False,False
FR-BBD3-PARENT-c1457,scope_a_old83_compatible,Malathion,organophosphorus_pesticide,envipath_prediction,envipath_bbd_rules_multistep,False,FR-BBD3-PARENT-c1457__sp09,9,2,"[""FR-BBD3-PARENT-c1457__n00000"", ""FR-BBD3-PARENT-c1457__n00005"", ""FR-BBD3-PARENT-c1457__n00024""]","[""CCOC(=O)CC(SP(=S)(OC)OC)C(=O)OCC"", ""CCOC(=O)CC(SP(=O)(OC)OC)C(=O)OCC"", ""CCOC(=O)C(CC(=O)O)SP(=O)(OC)OC""]","[""JXSJBGJIGXNWCI-UHFFFAOYSA-N"", ""WSORODGWGUUOBO-UHFFFAOYSA-N"", ""RAUDOPOWMNPFNF-UHFFFAOYSA-N""]","[""FR-BBD3-PARENT-c1457__e00005"", ""FR-BBD3-PARENT-c1457__e00026""]","[1.0, 1.0]","[""multi_generation_edge_probability"", ""multi_generation_edge_probability""]",1.0,path_probability_product,simple_acyclic_path,frontier_empty,True,False,False,False,False,False,False,False
FR-BBD3-PARENT-c1457,scope_a_old83_compatible,Malathion,organophosphorus_pesticide,envipath_prediction,envipath_bbd_rules_multistep,False,FR-BBD3-PARENT-c1457__sp10,10,2,"[""FR-BBD3-PARENT-c1457__n00000"", ""FR-BBD3-PARENT-c1457__n00005"", ""FR-BBD3-PARENT-c1457__n00026""]","[""CCOC(=O)CC(SP(=S)(OC)OC)C(=O)OCC"", ""CCOC(=O)CC(SP(=O)(OC)OC)C(=O)OCC"", ""CCOC(=O)C(O)C(SP(=O)(OC)OC)C(=O)OCC""]","[""JXSJBGJIGXNWCI-UHFFFAOYSA-N"", ""WSORODGWGUUOBO-UHFFFAOYSA-N"", ""ZSHBOZKCWVWEKV-UHFFFAOYSA-N""]","[""FR-BBD3-PARENT-c1457__e00005"", ""FR-BBD3-PARENT-c1457__e00029""]","[1.0, 1.0]","[""multi_generation_edge_probability"", ""multi_generation_edge_probability""]",1.0,path_probability_product,simple_acyclic_path,frontier_empty,True,False,False,False,False,False,False,False
FR-BBD3-PARENT-c1481,scope_a_old83_compatible,Methamidophos,other_eawag_bbd_xenobiotic,envipath_prediction,envipath_bbd_rules_multistep,False,FR-BBD3-PARENT-c1481__sp01,1,6,"[""FR-BBD3-PARENT-c1481__n00000"", ""FR-BBD3-PARENT-c1481__n00003"", ""FR-BBD3-PARENT-c1481__n00008"", ""FR-BBD3-PARENT-c1481__n00006"", ""FR-BBD3-PARENT-c1481__n00013"", ""FR-BBD3-PARENT-c1481__n00017"", ""FR-BBD3-PARENT-c1481__n00001""]","[""COP(N)(=O)SC"", ""COP(=O)(O)SC"", ""CSP(=O)(O)O"", ""CS"", ""CS(=O)O"", ""CS(=O)(=O)O"", ""C=O""]","[""NNKVPIKMPCQWCG-UHFFFAOYSA-N"", ""UBRYVVDAYNKOOR-UHFFFAOYSA-N"", ""BTQRRZXJCYXRHL-UHFFFAOYSA-N"", ""LSDPWZHWYPCBBB-UHFFFAOYSA-N"", ""XNEFVTBPCXGIRX-UHFFFAOYSA-N"", ""AFVFQIVMOAPDHO-UHFFFAOYSA-N"", ""WSFSSNUMVMOOMR-UHFFFAOYSA-N""]","[""FR-BBD3-PARENT-c1481__e00003"", ""FR-BBD3-PARENT-c1481__e00008"", ""FR-BBD3-PARENT-c1481__e00023"", ""FR-BBD3-PARENT-c1481__e00016"", ""FR-BBD3-PARENT-c1481__e00025"", ""FR-BBD3-PARENT-c1481__e00029""]","[1.0, 1.0, 1.0, 1.0, 1.0, 1.0]","[""multi_generation_edge_probability"", ""multi_generation_edge_probability"", ""multi_generation_edge_probability"", ""multi_generation_edge_probability"", ""multi_generation_edge_probability"", ""multi_generation_edge_probability""]",1.0,path_probability_product,simple_acyclic_path,max_depth_reached,True,False,False,False,False,False,False,False
FR-BBD3-PARENT-c1481,scope_a_old83_compatible,Methamidophos,other_eawag_bbd_xenobiotic,envipath_prediction,envipath_bbd_rules_multistep,False,FR-BBD3-PARENT-c1481__sp02,2,6,"[""FR-BBD3-PARENT-c1481__n00000"", ""FR-BBD3-PARENT-c1481__n00003"", ""FR-BBD3-PARENT-c1481__n00008"", ""FR-BBD3-PARENT-c1481__n00006"", ""FR-BBD3-PARENT-c1481__n00013"", ""FR-BBD3-PARENT-c1481__n00017"", ""FR-BBD3-PARENT-c1481__n00018""]","[""COP(N)(=O)SC"", ""COP(=O)(O)SC"", ""CSP(=O)(O)O"", ""CS"", ""CS(=O)O"", ""CS(=O)(=O)O"", ""O=S(O)O""]","[""NNKVPIKMPCQWCG-UHFFFAOYSA-N"", ""UBRYVVDAYNKOOR-UHFFFAOYSA-N"", ""BTQRRZXJCYXRHL-UHFFFAOYSA-N"", ""LSDPWZHWYPCBBB-UHFFFAOYSA-N"", ""XNEFVTBPCXGIRX-UHFFFAOYSA-N"", ""AFVFQIVMOAPDHO-UHFFFAOYSA-N"", ""LSNNMFCWUKXFEE-UHFFFAOYSA-N""]","[""FR-BBD3-PARENT-c1481__e00003"", ""FR-BBD3-PARENT-c1481__e00008"", ""FR-BBD3-PARENT-c1481__e00023"", ""FR-BBD3-PARENT-c1481__e00016"", ""FR-BBD3-PARENT-c1481__e00025"", ""FR-BBD3-PARENT-c1481__e00030""]","[1.0, 1.0, 1.0, 1.0, 1.0, 1.0]","[""multi_generation_edge_probability"", ""multi_generation_edge_probability"", ""multi_generation_edge_probability"", ""multi_generation_edge_probability"", ""multi_generation_edge_probability"", ""multi_generation_edge_probability""]",1.0,path_probability_product,simple_acyclic_path,max_depth_reached,True,False,False,False,False,False,False,False
FR-BBD3-PARENT-c1481,scope_a_old83_compatible,Methamidophos,other_eawag_bbd_xenobiotic,envipath_prediction,envipath_bbd_rules_multistep,False,FR-BBD3-PARENT-c1481__sp03,3,5,"[""FR-BBD3-PARENT-c1481__n00000"", ""FR-BBD3-PARENT-c1481__n00003"", ""FR-BBD3-PARENT-c1481__n00008"", ""FR-BBD3-PARENT-c1481__n00006"", ""FR-BBD3-PARENT-c1481__n00013"", ""FR-BBD3-PARENT-c1481__n00016""]","[""COP(N)(=O)SC"", ""COP(=O)(O)SC"", ""CSP(=O)(O)O"", ""CS"", ""CS(=O)O"", ""C""]","[""NNKVPIKMPCQWCG-UHFFFAOYSA-N"", ""UBRYVVDAYNKOOR-UHFFFAOYSA-N"", ""BTQRRZXJCYXRHL-UHFFFAOYSA-N"", ""LSDPWZHWYPCBBB-UHFFFAOYSA-N"", ""XNEFVTBPCXGIRX-UHFFFAOYSA-N"", ""VNWKTOKETHGBQD-UHFFFAOYSA-N""]","[""FR-BBD3-PARENT-c1481__e00003"", ""FR-BBD3-PARENT-c1481__e00008"", ""FR-BBD3-PARENT-c1481__e00023"", ""FR-BBD3-PARENT-c1481__e00016"", ""FR-BBD3-PARENT-c1481__e00021""]","[1.0, 1.0, 1.0, 1.0, 1.0]","[""multi_generation_edge_probability"", ""multi_generation_edge_probability"", ""multi_generation_edge_probability"", ""multi_generation_edge_probability"", ""multi_generation_edge_probability""]",1.0,path_probability_product,simple_acyclic_path,frontier_empty,True,False,False,False,False,False,False,False
FR-BBD3-PARENT-c1481,scope_a_old83_compatible,Methamidophos,other_eawag_bbd_xenobiotic,envipath_prediction,envipath_bbd_rules_multistep,False,FR-BBD3-PARENT-c1481__sp04,4,5,"[""FR-BBD3-PARENT-c1481__n00000"", ""FR-BBD3-PARENT-c1481__n00003"", ""FR-BBD3-PARENT-c1481__n00006"", ""FR-BBD3-PARENT-c1481__n00013"", ""FR-BBD3-PARENT-c1481__n00017"", ""FR-BBD3-PARENT-c1481__n00001""]","[""COP(N)(=O)SC"", ""COP(=O)(O)SC"", ""CS"", ""CS(=O)O"", ""CS(=O)(=O)O"", ""C=O""]","[""NNKVPIKMPCQWCG-UHFFFAOYSA-N"", ""UBRYVVDAYNKOOR-UHFFFAOYSA-N"", ""LSDPWZHWYPCBBB-UHFFFAOYSA-N"", ""XNEFVTBPCXGIRX-UHFFFAOYSA-N"", ""AFVFQIVMOAPDHO-UHFFFAOYSA-N"", ""WSFSSNUMVMOOMR-UHFFFAOYSA-N""]","[""FR-BBD3-PARENT-c1481__e00003"", ""FR-BBD3-PARENT-c1481__e00017"", ""FR-BBD3-PARENT-c1481__e00016"", ""FR-BBD3-PARENT-c1481__e00025"", ""FR-BBD3-PARENT-c1481__e00029""]","[1.0, 1.0, 1.0, 1.0, 1.0]","[""multi_generation_edge_probability"", ""multi_generation_edge_probability"", ""multi_generation_edge_probability"", ""multi_generation_edge_probability"", ""multi_generation_edge_probability""]",1.0,path_probability_product,simple_acyclic_path,frontier_empty,True,False,False,False,False,False,False,False
FR-BBD3-PARENT-c1481,scope_a_old83_compatible,Methamidophos,other_eawag_bbd_xenobiotic,envipath_prediction,envipath_bbd_rules_multistep,False,FR-BBD3-PARENT-c1481__sp05,5,5,"[""FR-BBD3-PARENT-c1481__n00000"", ""FR-BBD3-PARENT-c1481__n00003"", ""FR-BBD3-PARENT-c1481__n00006"", ""FR-BBD3-PARENT-c1481__n00013"", ""FR-BBD3-PARENT-c1481__n00017"", ""FR-BBD3-PARENT-c1481__n00018""]","[""COP(N)(=O)SC"", ""COP(=O)(O)SC"", ""CS"", ""CS(=O)O"", ""CS(=O)(=O)O"", ""O=S(O)O""]","[""NNKVPIKMPCQWCG-UHFFFAOYSA-N"", ""UBRYVVDAYNKOOR-UHFFFAOYSA-N"", ""LSDPWZHWYPCBBB-UHFFFAOYSA-N"", ""XNEFVTBPCXGIRX-UHFFFAOYSA-N"", ""AFVFQIVMOAPDHO-UHFFFAOYSA-N"", ""LSNNMFCWUKXFEE-UHFFFAOYSA-N""]","[""FR-BBD3-PARENT-c1481__e00003"", ""FR-BBD3-PARENT-c1481__e00017"", ""FR-BBD3-PARENT-c1481__e00016"", ""FR-BBD3-PARENT-c1481__e00025"", ""FR-BBD3-PARENT-c1481__e00030""]","[1.0, 1.0, 1.0, 1.0, 1.0]","[""multi_generation_edge_probability"", ""multi_generation_edge_probability"", ""multi_generation_edge_probability"", ""multi_generation_edge_probability"", ""multi_generation_edge_probability""]",1.0,path_probability_product,simple_acyclic_path,frontier_empty,True,False,False,False,False,False,False,False
FR-BBD3-PARENT-c1481,scope_a_old83_compatible,Methamidophos,other_eawag_bbd_xenobiotic,envipath_prediction,envipath_bbd_rules_multistep,False,FR-BBD3-PARENT-c1481__sp06,6,4,"[""FR-BBD3-PARENT-c1481__n00000"", ""FR-BBD3-PARENT-c1481__n00002"", ""FR-BBD3-PARENT-c1481__n00007"", ""FR-BBD3-PARENT-c1481__n00014"", ""FR-BBD3-PARENT-c1481__n00015""]","[""COP(N)(=O)SC"", ""COP(N)(=O)S"", ""COP(=O)(O)S"", ""O=P(O)(O)S"", ""O=P(O)(O)O""]","[""NNKVPIKMPCQWCG-UHFFFAOYSA-N"", ""WPEVVXOGSYZQDP-UHFFFAOYSA-N"", ""BOKOVLFWCAFYHP-UHFFFAOYSA-N"", ""RYYWUUFWQRZTIU-UHFFFAOYSA-N"", ""NBIIXXVUZAFLBC-UHFFFAOYSA-N""]","[""FR-BBD3-PARENT-c1481__e00002"", ""FR-BBD3-PARENT-c1481__e00007"", ""FR-BBD3-PARENT-c1481__e00018"", ""FR-BBD3-PARENT-c1481__e00028""]","[1.0, 1.0, 1.0, 1.0]","[""multi_generation_edge_probability"", ""multi_generation_edge_probability"", ""multi_generation_edge_probability"", ""multi_generation_edge_probability""]",1.0,path_probability_product,simple_acyclic_path,frontier_empty,True,False,False,False,False,False,False,False
FR-BBD3-PARENT-c1481,scope_a_old83_compatible,Methamidophos,other_eawag_bbd_xenobiotic,envipath_prediction,envipath_bbd_rules_multistep,False,FR-BBD3-PARENT-c1481__sp07,7,4,"[""FR-BBD3-PARENT-c1481__n00000"", ""FR-BBD3-PARENT-c1481__n00002"", ""FR-BBD3-PARENT-c1481__n00007"", ""FR-BBD3-PARENT-c1481__n00014"", ""FR-BBD3-PARENT-c1481__n00010""]","[""COP(N)(=O)SC"", ""COP(N)(=O)S"", ""COP(=O)(O)S"", ""O=P(O)(O)S"", ""S""]","[""NNKVPIKMPCQWCG-UHFFFAOYSA-N"", ""WPEVVXOGSYZQDP-UHFFFAOYSA-N"", ""BOKOVLFWCAFYHP-UHFFFAOYSA-N"", ""RYYWUUFWQRZTIU-UHFFFAOYSA-N"", ""RWSOTUBLDIXVET-UHFFFAOYSA-N""]","[""FR-BBD3-PARENT-c1481__e00002"", ""FR-BBD3-PARENT-c1481__e00007"", ""FR-BBD3-PARENT-c1481__e00018"", ""FR-BBD3-PARENT-c1481__e00031""]","[1.0, 1.0, 1.0, 1.0]","[""multi_generation_edge_probability"", ""multi_generation_edge_probability"", ""multi_generation_edge_probability"", ""multi_generation_edge_probability""]",1.0,path_probability_product,simple_acyclic_path,frontier_empty,True,False,False,False,False,False,False,False
FR-BBD3-PARENT-c1481,scope_a_old83_compatible,Methamidophos,other_eawag_bbd_xenobiotic,envipath_prediction,envipath_bbd_rules_multistep,False,FR-BBD3-PARENT-c1481__sp08,8,4,"[""FR-BBD3-PARENT-c1481__n00000"", ""FR-BBD3-PARENT-c1481__n00002"", ""FR-BBD3-PARENT-c1481__n00007"", ""FR-BBD3-PARENT-c1481__n00011"", ""FR-BBD3-PARENT-c1481__n00001""]","[""COP(N)(=O)SC"", ""COP(N)(=O)S"", ""COP(=O)(O)S"", ""CO"", ""C=O""]","[""NNKVPIKMPCQWCG-UHFFFAOYSA-N"", ""WPEVVXOGSYZQDP-UHFFFAOYSA-N"", ""BOKOVLFWCAFYHP-UHFFFAOYSA-N"", ""OKKJLVBELUTLKV-UHFFFAOYSA-N"", ""WSFSSNUMVMOOMR-UHFFFAOYSA-N""]","[""FR-BBD3-PARENT-c1481__e00002"", ""FR-BBD3-PARENT-c1481__e00007"", ""FR-BBD3-PARENT-c1481__e00022"", ""FR-BBD3-PARENT-c1481__e00020""]","[1.0, 1.0, 1.0, 1.0]","[""multi_generation_edge_probability"", ""multi_generation_edge_probability"", ""multi_generation_edge_probability"", ""multi_generation_edge_probability""]",1.0,path_probability_product,simple_acyclic_path,frontier_empty,True,False,False,False,False,False,False,False
FR-BBD3-PARENT-c1481,scope_a_old83_compatible,Methamidophos,other_eawag_bbd_xenobiotic,envipath_prediction,envipath_bbd_rules_multistep,False,FR-BBD3-PARENT-c1481__sp09,9,4,"[""FR-BBD3-PARENT-c1481__n00000"", ""FR-BBD3-PARENT-c1481__n00002"", ""FR-BBD3-PARENT-c1481__n00005"", ""FR-BBD3-PARENT-c1481__n00009"", ""FR-BBD3-PARENT-c1481__n00004""]","[""COP(N)(=O)SC"", ""COP(N)(=O)S"", ""COP(N)(=O)O"", ""NP(=O)(O)O"", ""N""]","[""NNKVPIKMPCQWCG-UHFFFAOYSA-N"", ""WPEVVXOGSYZQDP-UHFFFAOYSA-N"", ""ZQAUNTSBAZCVIO-UHFFFAOYSA-N"", ""PTMHPRAIXMAOOB-UHFFFAOYSA-N"", ""QGZKDVFQNNGYKY-UHFFFAOYSA-N""]","[""FR-BBD3-PARENT-c1481__e00002"", ""FR-BBD3-PARENT-c1481__e00014"", ""FR-BBD3-PARENT-c1481__e00010"", ""FR-BBD3-PARENT-c1481__e00024""]","[1.0, 1.0, 1.0, 1.0]","[""multi_generation_edge_probability"", ""multi_generation_edge_probability"", ""multi_generation_edge_probability"", ""multi_generation_edge_probability""]",1.0,path_probability_product,simple_acyclic_path,frontier_empty,True,False,False,False,False,False,False,False
FR-BBD3-PARENT-c1481,scope_a_old83_compatible,Methamidophos,other_eawag_bbd_xenobiotic,envipath_prediction,envipath_bbd_rules_multistep,False,FR-BBD3-PARENT-c1481__sp10,10,4,"[""FR-BBD3-PARENT-c1481__n00000"", ""FR-BBD3-PARENT-c1481__n00003"", ""FR-BBD3-PARENT-c1481__n00008"", ""FR-BBD3-PARENT-c1481__n00006"", ""FR-BBD3-PARENT-c1481__n00001""]","[""COP(N)(=O)SC"", ""COP(=O)(O)SC"", ""CSP(=O)(O)O"", ""CS"", ""C=O""]","[""NNKVPIKMPCQWCG-UHFFFAOYSA-N"", ""UBRYVVDAYNKOOR-UHFFFAOYSA-N"", ""BTQRRZXJCYXRHL-UHFFFAOYSA-N"", ""LSDPWZHWYPCBBB-UHFFFAOYSA-N"", ""WSFSSNUMVMOOMR-UHFFFAOYSA-N""]","[""FR-BBD3-PARENT-c1481__e00003"", ""FR-BBD3-PARENT-c1481__e00008"", ""FR-BBD3-PARENT-c1481__e00023"", ""FR-BBD3-PARENT-c1481__e00009""]","[1.0, 1.0, 1.0, 1.0]","[""multi_generation_edge_probability"", ""multi_generation_edge_probability"", ""multi_generation_edge_probability"", ""multi_generation_edge_probability""]",1.0,path_probability_product,simple_acyclic_path,frontier_empty,True,False,False,False,False,False,False,False
FR-BBD3-PARENT-c1524,scope_a_old83_compatible,Diazepam,other_eawag_bbd_xenobiotic,envipath_prediction,envipath_bbd_rules_multistep,False,FR-BBD3-PARENT-c1524__sp01,1,2,"[""FR-BBD3-PARENT-c1524__n00000"", ""FR-BBD3-PARENT-c1524__n00001"", ""FR-BBD3-PARENT-c1524__n00009""]","[""CN1C(=O)CN=C(c2ccccc2)c2cc(Cl)ccc21"", ""CN1C(=O)CN=C(c2cccc(O)c2O)c2cc(Cl)ccc21"", ""CN1C(=O)CN=C(c2cc(O)cc(O)c2O)c2cc(Cl)ccc21""]","[""AAOVKJBEBIDNHE-UHFFFAOYSA-N"", ""SUAYCNZZODARMS-UHFFFAOYSA-N"", ""BDFCESWSNDOAAY-UHFFFAOYSA-N""]","[""FR-BBD3-PARENT-c1524__e00001"", ""FR-BBD3-PARENT-c1524__e00009""]","[1.0, 1.0]","[""multi_generation_edge_probability"", ""multi_generation_edge_probability""]",1.0,path_probability_product,simple_acyclic_path,frontier_empty,True,False,False,False,False,False,False,False
FR-BBD3-PARENT-c1524,scope_a_old83_compatible,Diazepam,other_eawag_bbd_xenobiotic,envipath_prediction,envipath_bbd_rules_multistep,False,FR-BBD3-PARENT-c1524__sp02,2,2,"[""FR-BBD3-PARENT-c1524__n00000"", ""FR-BBD3-PARENT-c1524__n00001"", ""FR-BBD3-PARENT-c1524__n00013""]","[""CN1C(=O)CN=C(c2ccccc2)c2cc(Cl)ccc21"", ""CN1C(=O)CN=C(c2cccc(O)c2O)c2cc(Cl)ccc21"", ""C=CC(C(=O)C(=O)O)C1=NCC(=O)N(C)c2ccc(Cl)cc21""]","[""AAOVKJBEBIDNHE-UHFFFAOYSA-N"", ""SUAYCNZZODARMS-UHFFFAOYSA-N"", ""JLEXHJFZWIBCFX-UHFFFAOYSA-N""]","[""FR-BBD3-PARENT-c1524__e00001"", ""FR-BBD3-PARENT-c1524__e00013""]","[1.0, 1.0]","[""multi_generation_edge_probability"", ""multi_generation_edge_probability""]",1.0,path_probability_product,simple_acyclic_path,frontier_empty,True,False,False,False,False,False,False,False
FR-BBD3-PARENT-c1524,scope_a_old83_compatible,Diazepam,other_eawag_bbd_xenobiotic,envipath_prediction,envipath_bbd_rules_multistep,False,FR-BBD3-PARENT-c1524__sp03,3,2,"[""FR-BBD3-PARENT-c1524__n00000"", ""FR-BBD3-PARENT-c1524__n00001"", ""FR-BBD3-PARENT-c1524__n00017""]","[""CN1C(=O)CN=C(c2ccccc2)c2cc(Cl)ccc21"", ""CN1C(=O)CN=C(c2cccc(O)c2O)c2cc(Cl)ccc21"", ""O=CO""]","[""AAOVKJBEBIDNHE-UHFFFAOYSA-N"", ""SUAYCNZZODARMS-UHFFFAOYSA-N"", ""BDAGIHXWWSANSR-UHFFFAOYSA-N""]","[""FR-BBD3-PARENT-c1524__e00001"", ""FR-BBD3-PARENT-c1524__e00018""]","[1.0, 1.0]","[""multi_generation_edge_probability"", ""multi_generation_edge_probability""]",1.0,path_probability_product,simple_acyclic_path,frontier_empty,True,False,False,False,False,False,False,False
FR-BBD3-PARENT-c1524,scope_a_old83_compatible,Diazepam,other_eawag_bbd_xenobiotic,envipath_prediction,envipath_bbd_rules_multistep,False,FR-BBD3-PARENT-c1524__sp04,4,2,"[""FR-BBD3-PARENT-c1524__n00000"", ""FR-BBD3-PARENT-c1524__n00001"", ""FR-BBD3-PARENT-c1524__n00020""]","[""CN1C(=O)CN=C(c2ccccc2)c2cc(Cl)ccc21"", ""CN1C(=O)CN=C(c2cccc(O)c2O)c2cc(Cl)ccc21"", ""CNc1ccc(Cl)cc1C(=NCC(=O)O)c1cccc(O)c1O""]","[""AAOVKJBEBIDNHE-UHFFFAOYSA-N"", ""SUAYCNZZODARMS-UHFFFAOYSA-N"", ""NBJSLXVWHOJBJX-UHFFFAOYSA-N""]","[""FR-BBD3-PARENT-c1524__e00001"", ""FR-BBD3-PARENT-c1524__e00021""]","[1.0, 1.0]","[""multi_generation_edge_probability"", ""multi_generation_edge_probability""]",1.0,path_probability_product,simple_acyclic_path,frontier_empty,True,False,False,False,False,False,False,False
FR-BBD3-PARENT-c1524,scope_a_old83_compatible,Diazepam,other_eawag_bbd_xenobiotic,envipath_prediction,envipath_bbd_rules_multistep,False,FR-BBD3-PARENT-c1524__sp05,5,2,"[""FR-BBD3-PARENT-c1524__n00000"", ""FR-BBD3-PARENT-c1524__n00001"", ""FR-BBD3-PARENT-c1524__n00024""]","[""CN1C(=O)CN=C(c2ccccc2)c2cc(Cl)ccc21"", ""CN1C(=O)CN=C(c2cccc(O)c2O)c2cc(Cl)ccc21"", ""C=CCC(=O)C(=O)O""]","[""AAOVKJBEBIDNHE-UHFFFAOYSA-N"", ""SUAYCNZZODARMS-UHFFFAOYSA-N"", ""NOXRYJAWRSNUJD-UHFFFAOYSA-N""]","[""FR-BBD3-PARENT-c1524__e00001"", ""FR-BBD3-PARENT-c1524__e00025""]","[1.0, 1.0]","[""multi_generation_edge_probability"", ""multi_generation_edge_probability""]",1.0,path_probability_product,simple_acyclic_path,frontier_empty,True,False,False,False,False,False,False,False
FR-BBD3-PARENT-c1524,scope_a_old83_compatible,Diazepam,other_eawag_bbd_xenobiotic,envipath_prediction,envipath_bbd_rules_multistep,False,FR-BBD3-PARENT-c1524__sp06,6,2,"[""FR-BBD3-PARENT-c1524__n00000"", ""FR-BBD3-PARENT-c1524__n00001"", ""FR-BBD3-PARENT-c1524__n00028""]","[""CN1C(=O)CN=C(c2ccccc2)c2cc(Cl)ccc21"", ""CN1C(=O)CN=C(c2cccc(O)c2O)c2cc(Cl)ccc21"", ""CN1C(=O)CN=C(C(=O)O)c2cc(Cl)ccc21""]","[""AAOVKJBEBIDNHE-UHFFFAOYSA-N"", ""SUAYCNZZODARMS-UHFFFAOYSA-N"", ""WVIASQLPJFMPMF-UHFFFAOYSA-N""]","[""FR-BBD3-PARENT-c1524__e00001"", ""FR-BBD3-PARENT-c1524__e00029""]","[1.0, 1.0]","[""multi_generation_edge_probability"", ""multi_generation_edge_probability""]",1.0,path_probability_product,simple_acyclic_path,frontier_empty,True,False,False,False,False,False,False,False
FR-BBD3-PARENT-c1524,scope_a_old83_compatible,Diazepam,other_eawag_bbd_xenobiotic,envipath_prediction,envipath_bbd_rules_multistep,False,FR-BBD3-PARENT-c1524__sp07,7,2,"[""FR-BBD3-PARENT-c1524__n00000"", ""FR-BBD3-PARENT-c1524__n00001"", ""FR-BBD3-PARENT-c1524__n00030""]","[""CN1C(=O)CN=C(c2ccccc2)c2cc(Cl)ccc21"", ""CN1C(=O)CN=C(c2cccc(O)c2O)c2cc(Cl)ccc21"", ""CN(C(=O)CN)c1ccc(Cl)cc1C(=O)c1cccc(O)c1O""]","[""AAOVKJBEBIDNHE-UHFFFAOYSA-N"", ""SUAYCNZZODARMS-UHFFFAOYSA-N"", ""QWOYEQBPTLDHSL-UHFFFAOYSA-N""]","[""FR-BBD3-PARENT-c1524__e00001"", ""FR-BBD3-PARENT-c1524__e00031""]","[1.0, 1.0]","[""multi_generation_edge_probability"", ""multi_generation_edge_probability""]",1.0,path_probability_product,simple_acyclic_path,frontier_empty,True,False,False,False,False,False,False,False
FR-BBD3-PARENT-c1524,scope_a_old83_compatible,Diazepam,other_eawag_bbd_xenobiotic,envipath_prediction,envipath_bbd_rules_multistep,False,FR-BBD3-PARENT-c1524__sp08,8,2,"[""FR-BBD3-PARENT-c1524__n00000"", ""FR-BBD3-PARENT-c1524__n00001"", ""FR-BBD3-PARENT-c1524__n00033""]","[""CN1C(=O)CN=C(c2ccccc2)c2cc(Cl)ccc21"", ""CN1C(=O)CN=C(c2cccc(O)c2O)c2cc(Cl)ccc21"", ""CN1C(=O)CN=C(c2c(O)ccc(O)c2O)c2cc(Cl)ccc21""]","[""AAOVKJBEBIDNHE-UHFFFAOYSA-N"", ""SUAYCNZZODARMS-UHFFFAOYSA-N"", ""JSVUJJQDZGNBHG-UHFFFAOYSA-N""]","[""FR-BBD3-PARENT-c1524__e00001"", ""FR-BBD3-PARENT-c1524__e00034""]","[1.0, 1.0]","[""multi_generation_edge_probability"", ""multi_generation_edge_probability""]",1.0,path_probability_product,simple_acyclic_path,frontier_empty,True,False,False,False,False,False,False,False
FR-BBD3-PARENT-c1524,scope_a_old83_compatible,Diazepam,other_eawag_bbd_xenobiotic,envipath_prediction,envipath_bbd_rules_multistep,False,FR-BBD3-PARENT-c1524__sp09,9,2,"[""FR-BBD3-PARENT-c1524__n00000"", ""FR-BBD3-PARENT-c1524__n00002"", ""FR-BBD3-PARENT-c1524__n00010""]","[""CN1C(=O)CN=C(c2ccccc2)c2cc(Cl)ccc21"", ""CN(C(=O)CN)c1ccc(Cl)cc1C(=O)c1ccccc1"", ""NCC(=O)Nc1ccc(Cl)cc1C(=O)c1ccccc1""]","[""AAOVKJBEBIDNHE-UHFFFAOYSA-N"", ""HQJSGBKPXYZTRN-UHFFFAOYSA-N"", ""GIBRATRQHFFRHE-UHFFFAOYSA-N""]","[""FR-BBD3-PARENT-c1524__e00002"", ""FR-BBD3-PARENT-c1524__e00010""]","[1.0, 1.0]","[""multi_generation_edge_probability"", ""multi_generation_edge_probability""]",1.0,path_probability_product,simple_acyclic_path,frontier_empty,True,False,False,False,False,False,False,False
FR-BBD3-PARENT-c1524,scope_a_old83_compatible,Diazepam,other_eawag_bbd_xenobiotic,envipath_prediction,envipath_bbd_rules_multistep,False,FR-BBD3-PARENT-c1524__sp10,10,2,"[""FR-BBD3-PARENT-c1524__n00000"", ""FR-BBD3-PARENT-c1524__n00002"", ""FR-BBD3-PARENT-c1524__n00006""]","[""CN1C(=O)CN=C(c2ccccc2)c2cc(Cl)ccc21"", ""CN(C(=O)CN)c1ccc(Cl)cc1C(=O)c1ccccc1"", ""C=O""]","[""AAOVKJBEBIDNHE-UHFFFAOYSA-N"", ""HQJSGBKPXYZTRN-UHFFFAOYSA-N"", ""WSFSSNUMVMOOMR-UHFFFAOYSA-N""]","[""FR-BBD3-PARENT-c1524__e00002"", ""FR-BBD3-PARENT-c1524__e00014""]","[1.0, 1.0]","[""multi_generation_edge_probability"", ""multi_generation_edge_probability""]",1.0,path_probability_product,simple_acyclic_path,frontier_empty,True,False,False,False,False,False,False,False
FR-BBD3-PARENT-c1531,scope_a_old83_compatible,Acenaphthylene,polycyclic_aromatic_hydrocarbon,envipath_prediction,envipath_bbd_rules_multistep,False,FR-BBD3-PARENT-c1531__sp01,1,6,"[""FR-BBD3-PARENT-c1531__n00000"", ""FR-BBD3-PARENT-c1531__n00002"", ""FR-BBD3-PARENT-c1531__n00006"", ""FR-BBD3-PARENT-c1531__n00010"", ""FR-BBD3-PARENT-c1531__n00019"", ""FR-BBD3-PARENT-c1531__n00020"", ""FR-BBD3-PARENT-c1531__n00024""]","[""C1=Cc2cccc3cccc1c23"", ""c1cc2c3c(cccc3c1)CC2"", ""Oc1cc2c3c(cccc3c1O)CC2"", ""O=C(O)C=C1CCc2cccc(C(=O)O)c21"", ""O=C(O)CC1(O)CCc2cccc(C(=O)O)c21"", ""O=C(O)c1cccc2c1C(=O)CC2"", ""O=C(O)c1cccc2c1C(=O)OCC2""]","[""HXGDTGSAIMULJN-UHFFFAOYSA-N"", ""CWRYPZZKDGJXCA-UHFFFAOYSA-N"", ""BFSBTUCKUMLTLZ-UHFFFAOYSA-N"", ""NIBWQTNNDKVXLZ-UHFFFAOYSA-N"", ""AOCSALTZRWTWCD-UHFFFAOYSA-N"", ""PHXDJUCKRPYDTG-UHFFFAOYSA-N"", ""MSNBNYSJJCDAIF-UHFFFAOYSA-N""]","[""FR-BBD3-PARENT-c1531__e00002"", ""FR-BBD3-PARENT-c1531__e00006"", ""FR-BBD3-PARENT-c1531__e00012"", ""FR-BBD3-PARENT-c1531__e00022"", ""FR-BBD3-PARENT-c1531__e00023"", ""FR-BBD3-PARENT-c1531__e00027""]","[1.0, 1.0, 1.0, 1.0, 1.0, 1.0]","[""multi_generation_edge_probability"", ""multi_generation_edge_probability"", ""multi_generation_edge_probability"", ""multi_generation_edge_probability"", ""multi_generation_edge_probability"", ""multi_generation_edge_probability""]",1.0,path_probability_product,simple_acyclic_path,max_depth_reached,True,False,False,False,False,False,False,False
FR-BBD3-PARENT-c1531,scope_a_old83_compatible,Acenaphthylene,polycyclic_aromatic_hydrocarbon,envipath_prediction,envipath_bbd_rules_multistep,False,FR-BBD3-PARENT-c1531__sp02,2,6,"[""FR-BBD3-PARENT-c1531__n00000"", ""FR-BBD3-PARENT-c1531__n00002"", ""FR-BBD3-PARENT-c1531__n00006"", ""FR-BBD3-PARENT-c1531__n00010"", ""FR-BBD3-PARENT-c1531__n00019"", ""FR-BBD3-PARENT-c1531__n00020"", ""FR-BBD3-PARENT-c1531__n00027""]","[""C1=Cc2cccc3cccc1c23"", ""c1cc2c3c(cccc3c1)CC2"", ""Oc1cc2c3c(cccc3c1O)CC2"", ""O=C(O)C=C1CCc2cccc(C(=O)O)c21"", ""O=C(O)CC1(O)CCc2cccc(C(=O)O)c21"", ""O=C(O)c1cccc2c1C(=O)CC2"", ""O=C1CCc2cccc(C(=O)O)c2O1""]","[""HXGDTGSAIMULJN-UHFFFAOYSA-N"", ""CWRYPZZKDGJXCA-UHFFFAOYSA-N"", ""BFSBTUCKUMLTLZ-UHFFFAOYSA-N"", ""NIBWQTNNDKVXLZ-UHFFFAOYSA-N"", ""AOCSALTZRWTWCD-UHFFFAOYSA-N"", ""PHXDJUCKRPYDTG-UHFFFAOYSA-N"", ""OAQRHEFFKISZSB-UHFFFAOYSA-N""]","[""FR-BBD3-PARENT-c1531__e00002"", ""FR-BBD3-PARENT-c1531__e00006"", ""FR-BBD3-PARENT-c1531__e00012"", ""FR-BBD3-PARENT-c1531__e00022"", ""FR-BBD3-PARENT-c1531__e00023"", ""FR-BBD3-PARENT-c1531__e00030""]","[1.0, 1.0, 1.0, 1.0, 1.0, 1.0]","[""multi_generation_edge_probability"", ""multi_generation_edge_probability"", ""multi_generation_edge_probability"", ""multi_generation_edge_probability"", ""multi_generation_edge_probability"", ""multi_generation_edge_probability""]",1.0,path_probability_product,simple_acyclic_path,max_depth_reached,True,False,False,False,False,False,False,False
FR-BBD3-PARENT-c1531,scope_a_old83_compatible,Acenaphthylene,polycyclic_aromatic_hydrocarbon,envipath_prediction,envipath_bbd_rules_multistep,False,FR-BBD3-PARENT-c1531__sp03,3,6,"[""FR-BBD3-PARENT-c1531__n00000"", ""FR-BBD3-PARENT-c1531__n00002"", ""FR-BBD3-PARENT-c1531__n00006"", ""FR-BBD3-PARENT-c1531__n00010"", ""FR-BBD3-PARENT-c1531__n00019"", ""FR-BBD3-PARENT-c1531__n00020"", ""FR-BBD3-PARENT-c1531__n00029""]","[""C1=Cc2cccc3cccc1c23"", ""c1cc2c3c(cccc3c1)CC2"", ""Oc1cc2c3c(cccc3c1O)CC2"", ""O=C(O)C=C1CCc2cccc(C(=O)O)c21"", ""O=C(O)CC1(O)CCc2cccc(C(=O)O)c21"", ""O=C(O)c1cccc2c1C(=O)CC2"", ""O=C(O)c1cccc2c1C(=O)CC2O""]","[""HXGDTGSAIMULJN-UHFFFAOYSA-N"", ""CWRYPZZKDGJXCA-UHFFFAOYSA-N"", ""BFSBTUCKUMLTLZ-UHFFFAOYSA-N"", ""NIBWQTNNDKVXLZ-UHFFFAOYSA-N"", ""AOCSALTZRWTWCD-UHFFFAOYSA-N"", ""PHXDJUCKRPYDTG-UHFFFAOYSA-N"", ""RKUMAUHZIKTUBM-UHFFFAOYSA-N""]","[""FR-BBD3-PARENT-c1531__e00002"", ""FR-BBD3-PARENT-c1531__e00006"", ""FR-BBD3-PARENT-c1531__e00012"", ""FR-BBD3-PARENT-c1531__e00022"", ""FR-BBD3-PARENT-c1531__e00023"", ""FR-BBD3-PARENT-c1531__e00032""]","[1.0, 1.0, 1.0, 1.0, 1.0, 1.0]","[""multi_generation_edge_probability"", ""multi_generation_edge_probability"", ""multi_generation_edge_probability"", ""multi_generation_edge_probability"", ""multi_generation_edge_probability"", ""multi_generation_edge_probability""]",1.0,path_probability_product,simple_acyclic_path,max_depth_reached,True,False,False,False,False,False,False,False
FR-BBD3-PARENT-c1531,scope_a_old83_compatible,Acenaphthylene,polycyclic_aromatic_hydrocarbon,envipath_prediction,envipath_bbd_rules_multistep,False,FR-BBD3-PARENT-c1531__sp04,4,6,"[""FR-BBD3-PARENT-c1531__n00000"", ""FR-BBD3-PARENT-c1531__n00002"", ""FR-BBD3-PARENT-c1531__n00006"", ""FR-BBD3-PARENT-c1531__n00010"", ""FR-BBD3-PARENT-c1531__n00019"", ""FR-BBD3-PARENT-c1531__n00022"", ""FR-BBD3-PARENT-c1531__n00025""]","[""C1=Cc2cccc3cccc1c23"", ""c1cc2c3c(cccc3c1)CC2"", ""Oc1cc2c3c(cccc3c1O)CC2"", ""O=C(O)C=C1CCc2cccc(C(=O)O)c21"", ""O=C(O)CC1(O)CCc2cccc(C(=O)O)c21"", ""O=C(O)CC1(O)CC(O)c2cccc(C(=O)O)c21"", ""O=C(O)CC1(O)CC(=O)c2cccc(C(=O)O)c21""]","[""HXGDTGSAIMULJN-UHFFFAOYSA-N"", ""CWRYPZZKDGJXCA-UHFFFAOYSA-N"", ""BFSBTUCKUMLTLZ-UHFFFAOYSA-N"", ""NIBWQTNNDKVXLZ-UHFFFAOYSA-N"", ""AOCSALTZRWTWCD-UHFFFAOYSA-N"", ""KCBLUYJYFURRNY-UHFFFAOYSA-N"", ""LEWJPERTPQYINM-UHFFFAOYSA-N""]","[""FR-BBD3-PARENT-c1531__e00002"", ""FR-BBD3-PARENT-c1531__e00006"", ""FR-BBD3-PARENT-c1531__e00012"", ""FR-BBD3-PARENT-c1531__e00022"", ""FR-BBD3-PARENT-c1531__e00025"", ""FR-BBD3-PARENT-c1531__e00028""]","[1.0, 1.0, 1.0, 1.0, 1.0, 1.0]","[""multi_generation_edge_probability"", ""multi_generation_edge_probability"", ""multi_generation_edge_probability"", ""multi_generation_edge_probability"", ""multi_generation_edge_probability"", ""multi_generation_edge_probability""]",1.0,path_probability_product,simple_acyclic_path,max_depth_reached,True,False,False,False,False,False,False,False
FR-BBD3-PARENT-c1531,scope_a_old83_compatible,Acenaphthylene,polycyclic_aromatic_hydrocarbon,envipath_prediction,envipath_bbd_rules_multistep,False,FR-BBD3-PARENT-c1531__sp05,5,6,"[""FR-BBD3-PARENT-c1531__n00000"", ""FR-BBD3-PARENT-c1531__n00002"", ""FR-BBD3-PARENT-c1531__n00006"", ""FR-BBD3-PARENT-c1531__n00010"", ""FR-BBD3-PARENT-c1531__n00019"", ""FR-BBD3-PARENT-c1531__n00022"", ""FR-BBD3-PARENT-c1531__n00021""]","[""C1=Cc2cccc3cccc1c23"", ""c1cc2c3c(cccc3c1)CC2"", ""Oc1cc2c3c(cccc3c1O)CC2"", ""O=C(O)C=C1CCc2cccc(C(=O)O)c21"", ""O=C(O)CC1(O)CCc2cccc(C(=O)O)c21"", ""O=C(O)CC1(O)CC(O)c2cccc(C(=O)O)c21"", ""CC(=O)O""]","[""HXGDTGSAIMULJN-UHFFFAOYSA-N"", ""CWRYPZZKDGJXCA-UHFFFAOYSA-N"", ""BFSBTUCKUMLTLZ-UHFFFAOYSA-N"", ""NIBWQTNNDKVXLZ-UHFFFAOYSA-N"", ""AOCSALTZRWTWCD-UHFFFAOYSA-N"", ""KCBLUYJYFURRNY-UHFFFAOYSA-N"", ""QTBSBXVTEAMEQO-UHFFFAOYSA-N""]","[""FR-BBD3-PARENT-c1531__e00002"", ""FR-BBD3-PARENT-c1531__e00006"", ""FR-BBD3-PARENT-c1531__e00012"", ""FR-BBD3-PARENT-c1531__e00022"", ""FR-BBD3-PARENT-c1531__e00025"", ""FR-BBD3-PARENT-c1531__e00034""]","[1.0, 1.0, 1.0, 1.0, 1.0, 1.0]","[""multi_generation_edge_probability"", ""multi_generation_edge_probability"", ""multi_generation_edge_probability"", ""multi_generation_edge_probability"", ""multi_generation_edge_probability"", ""multi_generation_edge_probability""]",1.0,path_probability_product,simple_acyclic_path,max_depth_reached,True,False,False,False,False,False,False,False
FR-BBD3-PARENT-c1531,scope_a_old83_compatible,Acenaphthylene,polycyclic_aromatic_hydrocarbon,envipath_prediction,envipath_bbd_rules_multistep,False,FR-BBD3-PARENT-c1531__sp06,6,6,"[""FR-BBD3-PARENT-c1531__n00000"", ""FR-BBD3-PARENT-c1531__n00002"", ""FR-BBD3-PARENT-c1531__n00006"", ""FR-BBD3-PARENT-c1531__n00010"", ""FR-BBD3-PARENT-c1531__n00019"", ""FR-BBD3-PARENT-c1531__n00023"", ""FR-BBD3-PARENT-c1531__n00026""]","[""C1=Cc2cccc3cccc1c23"", ""c1cc2c3c(cccc3c1)CC2"", ""Oc1cc2c3c(cccc3c1O)CC2"", ""O=C(O)C=C1CCc2cccc(C(=O)O)c21"", ""O=C(O)CC1(O)CCc2cccc(C(=O)O)c21"", ""O=C(O)c1cccc2c1C(O)(C(O)C(=O)O)CC2"", ""O=C(O)c1cccc2c1C(O)(C(O)C(=O)O)CC2O""]","[""HXGDTGSAIMULJN-UHFFFAOYSA-N"", ""CWRYPZZKDGJXCA-UHFFFAOYSA-N"", ""BFSBTUCKUMLTLZ-UHFFFAOYSA-N"", ""NIBWQTNNDKVXLZ-UHFFFAOYSA-N"", ""AOCSALTZRWTWCD-UHFFFAOYSA-N"", ""VOEMWZGXPQSJHZ-UHFFFAOYSA-N"", ""SIXVIOFAFLIINI-UHFFFAOYSA-N""]","[""FR-BBD3-PARENT-c1531__e00002"", ""FR-BBD3-PARENT-c1531__e00006"", ""FR-BBD3-PARENT-c1531__e00012"", ""FR-BBD3-PARENT-c1531__e00022"", ""FR-BBD3-PARENT-c1531__e00026"", ""FR-BBD3-PARENT-c1531__e00029""]","[1.0, 1.0, 1.0, 1.0, 1.0, 1.0]","[""multi_generation_edge_probability"", ""multi_generation_edge_probability"", ""multi_generation_edge_probability"", ""multi_generation_edge_probability"", ""multi_generation_edge_probability"", ""multi_generation_edge_probability""]",1.0,path_probability_product,simple_acyclic_path,max_depth_reached,True,False,False,False,False,False,False,False
FR-BBD3-PARENT-c1531,scope_a_old83_compatible,Acenaphthylene,polycyclic_aromatic_hydrocarbon,envipath_prediction,envipath_bbd_rules_multistep,False,FR-BBD3-PARENT-c1531__sp07,7,6,"[""FR-BBD3-PARENT-c1531__n00000"", ""FR-BBD3-PARENT-c1531__n00002"", ""FR-BBD3-PARENT-c1531__n00006"", ""FR-BBD3-PARENT-c1531__n00010"", ""FR-BBD3-PARENT-c1531__n00019"", ""FR-BBD3-PARENT-c1531__n00023"", ""FR-BBD3-PARENT-c1531__n00028""]","[""C1=Cc2cccc3cccc1c23"", ""c1cc2c3c(cccc3c1)CC2"", ""Oc1cc2c3c(cccc3c1O)CC2"", ""O=C(O)C=C1CCc2cccc(C(=O)O)c21"", ""O=C(O)CC1(O)CCc2cccc(C(=O)O)c21"", ""O=C(O)c1cccc2c1C(O)(C(O)C(=O)O)CC2"", ""O=C(O)C(=O)C1(O)CCc2cccc(C(=O)O)c21""]","[""HXGDTGSAIMULJN-UHFFFAOYSA-N"", ""CWRYPZZKDGJXCA-UHFFFAOYSA-N"", ""BFSBTUCKUMLTLZ-UHFFFAOYSA-N"", ""NIBWQTNNDKVXLZ-UHFFFAOYSA-N"", ""AOCSALTZRWTWCD-UHFFFAOYSA-N"", ""VOEMWZGXPQSJHZ-UHFFFAOYSA-N"", ""JFRWYSDHUNOYDL-UHFFFAOYSA-N""]","[""FR-BBD3-PARENT-c1531__e00002"", ""FR-BBD3-PARENT-c1531__e00006"", ""FR-BBD3-PARENT-c1531__e00012"", ""FR-BBD3-PARENT-c1531__e00022"", ""FR-BBD3-PARENT-c1531__e00026"", ""FR-BBD3-PARENT-c1531__e00031""]","[1.0, 1.0, 1.0, 1.0, 1.0, 1.0]","[""multi_generation_edge_probability"", ""multi_generation_edge_probability"", ""multi_generation_edge_probability"", ""multi_generation_edge_probability"", ""multi_generation_edge_probability"", ""multi_generation_edge_probability""]",1.0,path_probability_product,simple_acyclic_path,max_depth_reached,True,False,False,False,False,False,False,False
FR-BBD3-PARENT-c1531,scope_a_old83_compatible,Acenaphthylene,polycyclic_aromatic_hydrocarbon,envipath_prediction,envipath_bbd_rules_multistep,False,FR-BBD3-PARENT-c1531__sp08,8,6,"[""FR-BBD3-PARENT-c1531__n00000"", ""FR-BBD3-PARENT-c1531__n00002"", ""FR-BBD3-PARENT-c1531__n00006"", ""FR-BBD3-PARENT-c1531__n00010"", ""FR-BBD3-PARENT-c1531__n00019"", ""FR-BBD3-PARENT-c1531__n00023"", ""FR-BBD3-PARENT-c1531__n00020""]","[""C1=Cc2cccc3cccc1c23"", ""c1cc2c3c(cccc3c1)CC2"", ""Oc1cc2c3c(cccc3c1O)CC2"", ""O=C(O)C=C1CCc2cccc(C(=O)O)c21"", ""O=C(O)CC1(O)CCc2cccc(C(=O)O)c21"", ""O=C(O)c1cccc2c1C(O)(C(O)C(=O)O)CC2"", ""O=C(O)c1cccc2c1C(=O)CC2""]","[""HXGDTGSAIMULJN-UHFFFAOYSA-N"", ""CWRYPZZKDGJXCA-UHFFFAOYSA-N"", ""BFSBTUCKUMLTLZ-UHFFFAOYSA-N"", ""NIBWQTNNDKVXLZ-UHFFFAOYSA-N"", ""AOCSALTZRWTWCD-UHFFFAOYSA-N"", ""VOEMWZGXPQSJHZ-UHFFFAOYSA-N"", ""PHXDJUCKRPYDTG-UHFFFAOYSA-N""]","[""FR-BBD3-PARENT-c1531__e00002"", ""FR-BBD3-PARENT-c1531__e00006"", ""FR-BBD3-PARENT-c1531__e00012"", ""FR-BBD3-PARENT-c1531__e00022"", ""FR-BBD3-PARENT-c1531__e00026"", ""FR-BBD3-PARENT-c1531__e00033""]","[1.0, 1.0, 1.0, 1.0, 1.0, 1.0]","[""multi_generation_edge_probability"", ""multi_generation_edge_probability"", ""multi_generation_edge_probability"", ""multi_generation_edge_probability"", ""multi_generation_edge_probability"", ""multi_generation_edge_probability""]",1.0,path_probability_product,simple_acyclic_path,max_depth_reached,True,False,False,False,False,False,False,False
FR-BBD3-PARENT-c1531,scope_a_old83_compatible,Acenaphthylene,polycyclic_aromatic_hydrocarbon,envipath_prediction,envipath_bbd_rules_multistep,False,FR-BBD3-PARENT-c1531__sp09,9,6,"[""FR-BBD3-PARENT-c1531__n00000"", ""FR-BBD3-PARENT-c1531__n00002"", ""FR-BBD3-PARENT-c1531__n00006"", ""FR-BBD3-PARENT-c1531__n00010"", ""FR-BBD3-PARENT-c1531__n00019"", ""FR-BBD3-PARENT-c1531__n00023"", ""FR-BBD3-PARENT-c1531__n00030""]","[""C1=Cc2cccc3cccc1c23"", ""c1cc2c3c(cccc3c1)CC2"", ""Oc1cc2c3c(cccc3c1O)CC2"", ""O=C(O)C=C1CCc2cccc(C(=O)O)c21"", ""O=C(O)CC1(O)CCc2cccc(C(=O)O)c21"", ""O=C(O)c1cccc2c1C(O)(C(O)C(=O)O)CC2"", ""O=C(O)CO""]","[""HXGDTGSAIMULJN-UHFFFAOYSA-N"", ""CWRYPZZKDGJXCA-UHFFFAOYSA-N"", ""BFSBTUCKUMLTLZ-UHFFFAOYSA-N"", ""NIBWQTNNDKVXLZ-UHFFFAOYSA-N"", ""AOCSALTZRWTWCD-UHFFFAOYSA-N"", ""VOEMWZGXPQSJHZ-UHFFFAOYSA-N"", ""AEMRFAOFKBGASW-UHFFFAOYSA-N""]","[""FR-BBD3-PARENT-c1531__e00002"", ""FR-BBD3-PARENT-c1531__e00006"", ""FR-BBD3-PARENT-c1531__e00012"", ""FR-BBD3-PARENT-c1531__e00022"", ""FR-BBD3-PARENT-c1531__e00026"", ""FR-BBD3-PARENT-c1531__e00035""]","[1.0, 1.0, 1.0, 1.0, 1.0, 1.0]","[""multi_generation_edge_probability"", ""multi_generation_edge_probability"", ""multi_generation_edge_probability"", ""multi_generation_edge_probability"", ""multi_generation_edge_probability"", ""multi_generation_edge_probability""]",1.0,path_probability_product,simple_acyclic_path,max_depth_reached,True,False,False,False,False,False,False,False
FR-BBD3-PARENT-c1531,scope_a_old83_compatible,Acenaphthylene,polycyclic_aromatic_hydrocarbon,envipath_prediction,envipath_bbd_rules_multistep,False,FR-BBD3-PARENT-c1531__sp10,10,5,"[""FR-BBD3-PARENT-c1531__n00000"", ""FR-BBD3-PARENT-c1531__n00002"", ""FR-BBD3-PARENT-c1531__n00004"", ""FR-BBD3-PARENT-c1531__n00001"", ""FR-BBD3-PARENT-c1531__n00003"", ""FR-BBD3-PARENT-c1531__n00005""]","[""C1=Cc2cccc3cccc1c23"", ""c1cc2c3c(cccc3c1)CC2"", ""OC1Cc2cccc3cccc1c23"", ""OC1c2cccc3cccc(c23)C1O"", ""OC1=C(O)c2cccc3cccc1c23"", ""O=C1c2cccc3cccc(c23)C1O""]","[""HXGDTGSAIMULJN-UHFFFAOYSA-N"", ""CWRYPZZKDGJXCA-UHFFFAOYSA-N"", ""MXUCIEHYJYRTLT-UHFFFAOYSA-N"", ""ARGFAPRYULRPAN-UHFFFAOYSA-N"", ""NSBCFWWGIUOFIF-UHFFFAOYSA-N"", ""WREJKEDFEUAPKX-UHFFFAOYSA-N""]","[""FR-BBD3-PARENT-c1531__e00002"", ""FR-BBD3-PARENT-c1531__e00004"", ""FR-BBD3-PARENT-c1531__e00008"", ""FR-BBD3-PARENT-c1531__e00003"", ""FR-BBD3-PARENT-c1531__e00007""]","[1.0, 1.0, 1.0, 1.0, 1.0]","[""multi_generation_edge_probability"", ""multi_generation_edge_probability"", ""multi_generation_edge_probability"", ""multi_generation_edge_probability"", ""multi_generation_edge_probability""]",1.0,path_probability_product,simple_acyclic_path,frontier_empty,True,False,False,False,False,False,False,False
FR-BBD3-PARENT-c1549,scope_a_old83_compatible,"1,5-Anhydro-D-fructose",other_eawag_bbd_xenobiotic,envipath_prediction,envipath_bbd_rules_multistep,False,FR-BBD3-PARENT-c1549__sp01,1,2,"[""FR-BBD3-PARENT-c1549__n00000"", ""FR-BBD3-PARENT-c1549__n00001"", ""FR-BBD3-PARENT-c1549__n00007""]","[""O=C1CO[C@H](CO)[C@@H](O)[C@@H]1O"", ""O=C1COC(CO)C(O)C(O)O1"", ""O=C1COC(CO)C(=O)C(O)O1""]","[""OCLOLUFOLJIQDC-HSUXUTPPSA-N"", ""SRNYQKMQSZZJTB-UHFFFAOYSA-N"", ""COEIOSLUHPKZNS-UHFFFAOYSA-N""]","[""FR-BBD3-PARENT-c1549__e00001"", ""FR-BBD3-PARENT-c1549__e00007""]","[1.0, 1.0]","[""multi_generation_edge_probability"", ""multi_generation_edge_probability""]",1.0,path_probability_product,simple_acyclic_path,frontier_empty,True,False,False,False,False,False,False,False
FR-BBD3-PARENT-c1549,scope_a_old83_compatible,"1,5-Anhydro-D-fructose",other_eawag_bbd_xenobiotic,envipath_prediction,envipath_bbd_rules_multistep,False,FR-BBD3-PARENT-c1549__sp02,2,2,"[""FR-BBD3-PARENT-c1549__n00000"", ""FR-BBD3-PARENT-c1549__n00001"", ""FR-BBD3-PARENT-c1549__n00013""]","[""O=C1CO[C@H](CO)[C@@H](O)[C@@H]1O"", ""O=C1COC(CO)C(O)C(O)O1"", ""O=CC1OCC(=O)OC(O)C1O""]","[""OCLOLUFOLJIQDC-HSUXUTPPSA-N"", ""SRNYQKMQSZZJTB-UHFFFAOYSA-N"", ""ICKKRFLLRZUIAV-UHFFFAOYSA-N""]","[""FR-BBD3-PARENT-c1549__e00001"", ""FR-BBD3-PARENT-c1549__e00013""]","[1.0, 1.0]","[""multi_generation_edge_probability"", ""multi_generation_edge_probability""]",1.0,path_probability_product,simple_acyclic_path,frontier_empty,True,False,False,False,False,False,False,False
FR-BBD3-PARENT-c1549,scope_a_old83_compatible,"1,5-Anhydro-D-fructose",other_eawag_bbd_xenobiotic,envipath_prediction,envipath_bbd_rules_multistep,False,FR-BBD3-PARENT-c1549__sp03,3,2,"[""FR-BBD3-PARENT-c1549__n00000"", ""FR-BBD3-PARENT-c1549__n00001"", ""FR-BBD3-PARENT-c1549__n00018""]","[""O=C1CO[C@H](CO)[C@@H](O)[C@@H]1O"", ""O=C1COC(CO)C(O)C(O)O1"", ""O=C(O)COC(CO)C(O)C(O)O""]","[""OCLOLUFOLJIQDC-HSUXUTPPSA-N"", ""SRNYQKMQSZZJTB-UHFFFAOYSA-N"", ""UJSILGLFLBKTKD-UHFFFAOYSA-N""]","[""FR-BBD3-PARENT-c1549__e00001"", ""FR-BBD3-PARENT-c1549__e00018""]","[1.0, 1.0]","[""multi_generation_edge_probability"", ""multi_generation_edge_probability""]",1.0,path_probability_product,simple_acyclic_path,frontier_empty,True,False,False,False,False,False,False,False
FR-BBD3-PARENT-c1549,scope_a_old83_compatible,"1,5-Anhydro-D-fructose",other_eawag_bbd_xenobiotic,envipath_prediction,envipath_bbd_rules_multistep,False,FR-BBD3-PARENT-c1549__sp04,4,2,"[""FR-BBD3-PARENT-c1549__n00000"", ""FR-BBD3-PARENT-c1549__n00001"", ""FR-BBD3-PARENT-c1549__n00021""]","[""O=C1CO[C@H](CO)[C@@H](O)[C@@H]1O"", ""O=C1COC(CO)C(O)C(O)O1"", ""O=C1OC(O)C(O)C(CO)OC1O""]","[""OCLOLUFOLJIQDC-HSUXUTPPSA-N"", ""SRNYQKMQSZZJTB-UHFFFAOYSA-N"", ""RQNPKEGKBNAWDR-UHFFFAOYSA-N""]","[""FR-BBD3-PARENT-c1549__e00001"", ""FR-BBD3-PARENT-c1549__e00021""]","[1.0, 1.0]","[""multi_generation_edge_probability"", ""multi_generation_edge_probability""]",1.0,path_probability_product,simple_acyclic_path,frontier_empty,True,False,False,False,False,False,False,False
FR-BBD3-PARENT-c1549,scope_a_old83_compatible,"1,5-Anhydro-D-fructose",other_eawag_bbd_xenobiotic,envipath_prediction,envipath_bbd_rules_multistep,False,FR-BBD3-PARENT-c1549__sp05,5,2,"[""FR-BBD3-PARENT-c1549__n00000"", ""FR-BBD3-PARENT-c1549__n00001"", ""FR-BBD3-PARENT-c1549__n00024""]","[""O=C1CO[C@H](CO)[C@@H](O)[C@@H]1O"", ""O=C1COC(CO)C(O)C(O)O1"", ""O=CC(O)C(CO)OCC(=O)O""]","[""OCLOLUFOLJIQDC-HSUXUTPPSA-N"", ""SRNYQKMQSZZJTB-UHFFFAOYSA-N"", ""NZCPXQYBHORGPW-UHFFFAOYSA-N""]","[""FR-BBD3-PARENT-c1549__e00001"", ""FR-BBD3-PARENT-c1549__e00024""]","[1.0, 1.0]","[""multi_generation_edge_probability"", ""multi_generation_edge_probability""]",1.0,path_probability_product,simple_acyclic_path,frontier_empty,True,False,False,False,False,False,False,False
FR-BBD3-PARENT-c1549,scope_a_old83_compatible,"1,5-Anhydro-D-fructose",other_eawag_bbd_xenobiotic,envipath_prediction,envipath_bbd_rules_multistep,False,FR-BBD3-PARENT-c1549__sp06,6,2,"[""FR-BBD3-PARENT-c1549__n00000"", ""FR-BBD3-PARENT-c1549__n00002"", ""FR-BBD3-PARENT-c1549__n00009""]","[""O=C1CO[C@H](CO)[C@@H](O)[C@@H]1O"", ""O=C1C(O)OC(CO)C(O)C1O"", ""O=CC1OC(O)C(=O)C(O)C1O""]","[""OCLOLUFOLJIQDC-HSUXUTPPSA-N"", ""FYWIDDXZIOQEQU-UHFFFAOYSA-N"", ""MITVRNNSEXRQDA-UHFFFAOYSA-N""]","[""FR-BBD3-PARENT-c1549__e00002"", ""FR-BBD3-PARENT-c1549__e00009""]","[1.0, 1.0]","[""multi_generation_edge_probability"", ""multi_generation_edge_probability""]",1.0,path_probability_product,simple_acyclic_path,frontier_empty,True,False,False,False,False,False,False,False
FR-BBD3-PARENT-c1549,scope_a_old83_compatible,"1,5-Anhydro-D-fructose",other_eawag_bbd_xenobiotic,envipath_prediction,envipath_bbd_rules_multistep,False,FR-BBD3-PARENT-c1549__sp07,7,2,"[""FR-BBD3-PARENT-c1549__n00000"", ""FR-BBD3-PARENT-c1549__n00002"", ""FR-BBD3-PARENT-c1549__n00014""]","[""O=C1CO[C@H](CO)[C@@H](O)[C@@H]1O"", ""O=C1C(O)OC(CO)C(O)C1O"", ""O=C1OC(CO)C(O)C(O)C1=O""]","[""OCLOLUFOLJIQDC-HSUXUTPPSA-N"", ""FYWIDDXZIOQEQU-UHFFFAOYSA-N"", ""JOGPHXUZRSLSAS-UHFFFAOYSA-N""]","[""FR-BBD3-PARENT-c1549__e00002"", ""FR-BBD3-PARENT-c1549__e00014""]","[1.0, 1.0]","[""multi_generation_edge_probability"", ""multi_generation_edge_probability""]",1.0,path_probability_product,simple_acyclic_path,frontier_empty,True,False,False,False,False,False,False,False
FR-BBD3-PARENT-c1549,scope_a_old83_compatible,"1,5-Anhydro-D-fructose",other_eawag_bbd_xenobiotic,envipath_prediction,envipath_bbd_rules_multistep,False,FR-BBD3-PARENT-c1549__sp08,8,2,"[""FR-BBD3-PARENT-c1549__n00000"", ""FR-BBD3-PARENT-c1549__n00002"", ""FR-BBD3-PARENT-c1549__n00025""]","[""O=C1CO[C@H](CO)[C@@H](O)[C@@H]1O"", ""O=C1C(O)OC(CO)C(O)C1O"", ""O=C1C(=O)C(O)C(CO)OC1O""]","[""OCLOLUFOLJIQDC-HSUXUTPPSA-N"", ""FYWIDDXZIOQEQU-UHFFFAOYSA-N"", ""HWTWYYQIKNSYOA-UHFFFAOYSA-N""]","[""FR-BBD3-PARENT-c1549__e00002"", ""FR-BBD3-PARENT-c1549__e00025""]","[1.0, 1.0]","[""multi_generation_edge_probability"", ""multi_generation_edge_probability""]",1.0,path_probability_product,simple_acyclic_path,frontier_empty,True,False,False,False,False,False,False,False
FR-BBD3-PARENT-c1549,scope_a_old83_compatible,"1,5-Anhydro-D-fructose",other_eawag_bbd_xenobiotic,envipath_prediction,envipath_bbd_rules_multistep,False,FR-BBD3-PARENT-c1549__sp09,9,2,"[""FR-BBD3-PARENT-c1549__n00000"", ""FR-BBD3-PARENT-c1549__n00002"", ""FR-BBD3-PARENT-c1549__n00028""]","[""O=C1CO[C@H](CO)[C@@H](O)[C@@H]1O"", ""O=C1C(O)OC(CO)C(O)C1O"", ""O=CC(=O)C(O)C(O)C(O)CO""]","[""OCLOLUFOLJIQDC-HSUXUTPPSA-N"", ""FYWIDDXZIOQEQU-UHFFFAOYSA-N"", ""DCNMIDLYWOTSGK-UHFFFAOYSA-N""]","[""FR-BBD3-PARENT-c1549__e00002"", ""FR-BBD3-PARENT-c1549__e00028""]","[1.0, 1.0]","[""multi_generation_edge_probability"", ""multi_generation_edge_probability""]",1.0,path_probability_product,simple_acyclic_path,frontier_empty,True,False,False,False,False,False,False,False
FR-BBD3-PARENT-c1549,scope_a_old83_compatible,"1,5-Anhydro-D-fructose",other_eawag_bbd_xenobiotic,envipath_prediction,envipath_bbd_rules_multistep,False,FR-BBD3-PARENT-c1549__sp10,10,2,"[""FR-BBD3-PARENT-c1549__n00000"", ""FR-BBD3-PARENT-c1549__n00002"", ""FR-BBD3-PARENT-c1549__n00029""]","[""O=C1CO[C@H](CO)[C@@H](O)[C@@H]1O"", ""O=C1C(O)OC(CO)C(O)C1O"", ""O=C1OC(O)OC(CO)C(O)C1O""]","[""OCLOLUFOLJIQDC-HSUXUTPPSA-N"", ""FYWIDDXZIOQEQU-UHFFFAOYSA-N"", ""AFZPYXICAVMNEB-UHFFFAOYSA-N""]","[""FR-BBD3-PARENT-c1549__e00002"", ""FR-BBD3-PARENT-c1549__e00029""]","[1.0, 1.0]","[""multi_generation_edge_probability"", ""multi_generation_edge_probability""]",1.0,path_probability_product,simple_acyclic_path,frontier_empty,True,False,False,False,False,False,False,False
FR-BBD3-PARENT-c1586,scope_a_old83_compatible,Atenolol,other_eawag_bbd_xenobiotic,envipath_prediction,envipath_bbd_rules_multistep,False,FR-BBD3-PARENT-c1586__sp01,1,5,"[""FR-BBD3-PARENT-c1586__n00000"", ""FR-BBD3-PARENT-c1586__n00002"", ""FR-BBD3-PARENT-c1586__n00019"", ""FR-BBD3-PARENT-c1586__n00017"", ""FR-BBD3-PARENT-c1586__n00026"", ""FR-BBD3-PARENT-c1586__n00032""]","[""CC(C)NCC(O)COc1ccc(CC(N)=O)cc1"", ""CC(C)NCC(O)C=O"", ""NCC(O)C=O"", ""O=CC(O)C=O"", ""O=CC(O)C(=O)O"", ""O=C(O)C(O)C(=O)O""]","[""METKIMKYRPQLGS-UHFFFAOYSA-N"", ""ZHLXGCCCUUAPJK-UHFFFAOYSA-N"", ""VVEOHAVMQFFHBK-UHFFFAOYSA-N"", ""NVXLIZQNSVLKPO-UHFFFAOYSA-N"", ""QWBAFPFNGRFSFB-UHFFFAOYSA-N"", ""ROBFUDYVXSDBQM-UHFFFAOYSA-N""]","[""FR-BBD3-PARENT-c1586__e00002"", ""FR-BBD3-PARENT-c1586__e00021"", ""FR-BBD3-PARENT-c1586__e00037"", ""FR-BBD3-PARENT-c1586__e00031"", ""FR-BBD3-PARENT-c1586__e00038""]","[1.0, 1.0, 1.0, 1.0, 1.0]","[""multi_generation_edge_probability"", ""multi_generation_edge_probability"", ""multi_generation_edge_probability"", ""multi_generation_edge_probability"", ""multi_generation_edge_probability""]",1.0,path_probability_product,simple_acyclic_path,frontier_empty,True,False,False,False,False,False,False,False
FR-BBD3-PARENT-c1586,scope_a_old83_compatible,Atenolol,other_eawag_bbd_xenobiotic,envipath_prediction,envipath_bbd_rules_multistep,False,FR-BBD3-PARENT-c1586__sp02,2,5,"[""FR-BBD3-PARENT-c1586__n00000"", ""FR-BBD3-PARENT-c1586__n00002"", ""FR-BBD3-PARENT-c1586__n00019"", ""FR-BBD3-PARENT-c1586__n00017"", ""FR-BBD3-PARENT-c1586__n00026"", ""FR-BBD3-PARENT-c1586__n00033""]","[""CC(C)NCC(O)COc1ccc(CC(N)=O)cc1"", ""CC(C)NCC(O)C=O"", ""NCC(O)C=O"", ""O=CC(O)C=O"", ""O=CC(O)C(=O)O"", ""O=CC(=O)C(=O)O""]","[""METKIMKYRPQLGS-UHFFFAOYSA-N"", ""ZHLXGCCCUUAPJK-UHFFFAOYSA-N"", ""VVEOHAVMQFFHBK-UHFFFAOYSA-N"", ""NVXLIZQNSVLKPO-UHFFFAOYSA-N"", ""QWBAFPFNGRFSFB-UHFFFAOYSA-N"", ""JSCNFEFJALUGBY-UHFFFAOYSA-N""]","[""FR-BBD3-PARENT-c1586__e00002"", ""FR-BBD3-PARENT-c1586__e00021"", ""FR-BBD3-PARENT-c1586__e00037"", ""FR-BBD3-PARENT-c1586__e00031"", ""FR-BBD3-PARENT-c1586__e00039""]","[1.0, 1.0, 1.0, 1.0, 1.0]","[""multi_generation_edge_probability"", ""multi_generation_edge_probability"", ""multi_generation_edge_probability"", ""multi_generation_edge_probability"", ""multi_generation_edge_probability""]",1.0,path_probability_product,simple_acyclic_path,frontier_empty,True,False,False,False,False,False,False,False
FR-BBD3-PARENT-c1586,scope_a_old83_compatible,Atenolol,other_eawag_bbd_xenobiotic,envipath_prediction,envipath_bbd_rules_multistep,False,FR-BBD3-PARENT-c1586__sp03,3,4,"[""FR-BBD3-PARENT-c1586__n00000"", ""FR-BBD3-PARENT-c1586__n00002"", ""FR-BBD3-PARENT-c1586__n00017"", ""FR-BBD3-PARENT-c1586__n00026"", ""FR-BBD3-PARENT-c1586__n00032""]","[""CC(C)NCC(O)COc1ccc(CC(N)=O)cc1"", ""CC(C)NCC(O)C=O"", ""O=CC(O)C=O"", ""O=CC(O)C(=O)O"", ""O=C(O)C(O)C(=O)O""]","[""METKIMKYRPQLGS-UHFFFAOYSA-N"", ""ZHLXGCCCUUAPJK-UHFFFAOYSA-N"", ""NVXLIZQNSVLKPO-UHFFFAOYSA-N"", ""QWBAFPFNGRFSFB-UHFFFAOYSA-N"", ""ROBFUDYVXSDBQM-UHFFFAOYSA-N""]","[""FR-BBD3-PARENT-c1586__e00002"", ""FR-BBD3-PARENT-c1586__e00019"", ""FR-BBD3-PARENT-c1586__e00031"", ""FR-BBD3-PARENT-c1586__e00038""]","[1.0, 1.0, 1.0, 1.0]","[""multi_generation_edge_probability"", ""multi_generation_edge_probability"", ""multi_generation_edge_probability"", ""multi_generation_edge_probability""]",1.0,path_probability_product,simple_acyclic_path,frontier_empty,True,False,False,False,False,False,False,False
FR-BBD3-PARENT-c1586,scope_a_old83_compatible,Atenolol,other_eawag_bbd_xenobiotic,envipath_prediction,envipath_bbd_rules_multistep,False,FR-BBD3-PARENT-c1586__sp04,4,4,"[""FR-BBD3-PARENT-c1586__n00000"", ""FR-BBD3-PARENT-c1586__n00002"", ""FR-BBD3-PARENT-c1586__n00017"", ""FR-BBD3-PARENT-c1586__n00026"", ""FR-BBD3-PARENT-c1586__n00033""]","[""CC(C)NCC(O)COc1ccc(CC(N)=O)cc1"", ""CC(C)NCC(O)C=O"", ""O=CC(O)C=O"", ""O=CC(O)C(=O)O"", ""O=CC(=O)C(=O)O""]","[""METKIMKYRPQLGS-UHFFFAOYSA-N"", ""ZHLXGCCCUUAPJK-UHFFFAOYSA-N"", ""NVXLIZQNSVLKPO-UHFFFAOYSA-N"", ""QWBAFPFNGRFSFB-UHFFFAOYSA-N"", ""JSCNFEFJALUGBY-UHFFFAOYSA-N""]","[""FR-BBD3-PARENT-c1586__e00002"", ""FR-BBD3-PARENT-c1586__e00019"", ""FR-BBD3-PARENT-c1586__e00031"", ""FR-BBD3-PARENT-c1586__e00039""]","[1.0, 1.0, 1.0, 1.0]","[""multi_generation_edge_probability"", ""multi_generation_edge_probability"", ""multi_generation_edge_probability"", ""multi_generation_edge_probability""]",1.0,path_probability_product,simple_acyclic_path,frontier_empty,True,False,False,False,False,False,False,False
FR-BBD3-PARENT-c1586,scope_a_old83_compatible,Atenolol,other_eawag_bbd_xenobiotic,envipath_prediction,envipath_bbd_rules_multistep,False,FR-BBD3-PARENT-c1586__sp05,5,4,"[""FR-BBD3-PARENT-c1586__n00000"", ""FR-BBD3-PARENT-c1586__n00002"", ""FR-BBD3-PARENT-c1586__n00019"", ""FR-BBD3-PARENT-c1586__n00017"", ""FR-BBD3-PARENT-c1586__n00028""]","[""CC(C)NCC(O)COc1ccc(CC(N)=O)cc1"", ""CC(C)NCC(O)C=O"", ""NCC(O)C=O"", ""O=CC(O)C=O"", ""O=CC(=O)C=O""]","[""METKIMKYRPQLGS-UHFFFAOYSA-N"", ""ZHLXGCCCUUAPJK-UHFFFAOYSA-N"", ""VVEOHAVMQFFHBK-UHFFFAOYSA-N"", ""NVXLIZQNSVLKPO-UHFFFAOYSA-N"", ""ICQNCHSXWNQIHC-UHFFFAOYSA-N""]","[""FR-BBD3-PARENT-c1586__e00002"", ""FR-BBD3-PARENT-c1586__e00021"", ""FR-BBD3-PARENT-c1586__e00037"", ""FR-BBD3-PARENT-c1586__e00033""]","[1.0, 1.0, 1.0, 1.0]","[""multi_generation_edge_probability"", ""multi_generation_edge_probability"", ""multi_generation_edge_probability"", ""multi_generation_edge_probability""]",1.0,path_probability_product,simple_acyclic_path,frontier_empty,True,False,False,False,False,False,False,False
FR-BBD3-PARENT-c1586,scope_a_old83_compatible,Atenolol,other_eawag_bbd_xenobiotic,envipath_prediction,envipath_bbd_rules_multistep,False,FR-BBD3-PARENT-c1586__sp06,6,3,"[""FR-BBD3-PARENT-c1586__n00000"", ""FR-BBD3-PARENT-c1586__n00002"", ""FR-BBD3-PARENT-c1586__n00017"", ""FR-BBD3-PARENT-c1586__n00028""]","[""CC(C)NCC(O)COc1ccc(CC(N)=O)cc1"", ""CC(C)NCC(O)C=O"", ""O=CC(O)C=O"", ""O=CC(=O)C=O""]","[""METKIMKYRPQLGS-UHFFFAOYSA-N"", ""ZHLXGCCCUUAPJK-UHFFFAOYSA-N"", ""NVXLIZQNSVLKPO-UHFFFAOYSA-N"", ""ICQNCHSXWNQIHC-UHFFFAOYSA-N""]","[""FR-BBD3-PARENT-c1586__e00002"", ""FR-BBD3-PARENT-c1586__e00019"", ""FR-BBD3-PARENT-c1586__e00033""]","[1.0, 1.0, 1.0]","[""multi_generation_edge_probability"", ""multi_generation_edge_probability"", ""multi_generation_edge_probability""]",1.0,path_probability_product,simple_acyclic_path,frontier_empty,True,False,False,False,False,False,False,False
FR-BBD3-PARENT-c1586,scope_a_old83_compatible,Atenolol,other_eawag_bbd_xenobiotic,envipath_prediction,envipath_bbd_rules_multistep,False,FR-BBD3-PARENT-c1586__sp07,7,3,"[""FR-BBD3-PARENT-c1586__n00000"", ""FR-BBD3-PARENT-c1586__n00002"", ""FR-BBD3-PARENT-c1586__n00019"", ""FR-BBD3-PARENT-c1586__n00027""]","[""CC(C)NCC(O)COc1ccc(CC(N)=O)cc1"", ""CC(C)NCC(O)C=O"", ""NCC(O)C=O"", ""NCC(O)C(=O)O""]","[""METKIMKYRPQLGS-UHFFFAOYSA-N"", ""ZHLXGCCCUUAPJK-UHFFFAOYSA-N"", ""VVEOHAVMQFFHBK-UHFFFAOYSA-N"", ""BMYNFMYTOJXKLE-UHFFFAOYSA-N""]","[""FR-BBD3-PARENT-c1586__e00002"", ""FR-BBD3-PARENT-c1586__e00021"", ""FR-BBD3-PARENT-c1586__e00032""]","[1.0, 1.0, 1.0]","[""multi_generation_edge_probability"", ""multi_generation_edge_probability"", ""multi_generation_edge_probability""]",1.0,path_probability_product,simple_acyclic_path,frontier_empty,True,False,False,False,False,False,False,False
FR-BBD3-PARENT-c1586,scope_a_old83_compatible,Atenolol,other_eawag_bbd_xenobiotic,envipath_prediction,envipath_bbd_rules_multistep,False,FR-BBD3-PARENT-c1586__sp08,8,3,"[""FR-BBD3-PARENT-c1586__n00000"", ""FR-BBD3-PARENT-c1586__n00002"", ""FR-BBD3-PARENT-c1586__n00019"", ""FR-BBD3-PARENT-c1586__n00029""]","[""CC(C)NCC(O)COc1ccc(CC(N)=O)cc1"", ""CC(C)NCC(O)C=O"", ""NCC(O)C=O"", ""NC(O)CC=O""]","[""METKIMKYRPQLGS-UHFFFAOYSA-N"", ""ZHLXGCCCUUAPJK-UHFFFAOYSA-N"", ""VVEOHAVMQFFHBK-UHFFFAOYSA-N"", ""MEOVAASUGLDOFP-UHFFFAOYSA-N""]","[""FR-BBD3-PARENT-c1586__e00002"", ""FR-BBD3-PARENT-c1586__e00021"", ""FR-BBD3-PARENT-c1586__e00034""]","[1.0, 1.0, 1.0]","[""multi_generation_edge_probability"", ""multi_generation_edge_probability"", ""multi_generation_edge_probability""]",1.0,path_probability_product,simple_acyclic_path,frontier_empty,True,False,False,False,False,False,False,False
FR-BBD3-PARENT-c1586,scope_a_old83_compatible,Atenolol,other_eawag_bbd_xenobiotic,envipath_prediction,envipath_bbd_rules_multistep,False,FR-BBD3-PARENT-c1586__sp09,9,3,"[""FR-BBD3-PARENT-c1586__n00000"", ""FR-BBD3-PARENT-c1586__n00002"", ""FR-BBD3-PARENT-c1586__n00019"", ""FR-BBD3-PARENT-c1586__n00030""]","[""CC(C)NCC(O)COc1ccc(CC(N)=O)cc1"", ""CC(C)NCC(O)C=O"", ""NCC(O)C=O"", ""NCC(=O)C=O""]","[""METKIMKYRPQLGS-UHFFFAOYSA-N"", ""ZHLXGCCCUUAPJK-UHFFFAOYSA-N"", ""VVEOHAVMQFFHBK-UHFFFAOYSA-N"", ""RFXSYFDMVZZXMK-UHFFFAOYSA-N""]","[""FR-BBD3-PARENT-c1586__e00002"", ""FR-BBD3-PARENT-c1586__e00021"", ""FR-BBD3-PARENT-c1586__e00035""]","[1.0, 1.0, 1.0]","[""multi_generation_edge_probability"", ""multi_generation_edge_probability"", ""multi_generation_edge_probability""]",1.0,path_probability_product,simple_acyclic_path,frontier_empty,True,False,False,False,False,False,False,False
FR-BBD3-PARENT-c1586,scope_a_old83_compatible,Atenolol,other_eawag_bbd_xenobiotic,envipath_prediction,envipath_bbd_rules_multistep,False,FR-BBD3-PARENT-c1586__sp10,10,3,"[""FR-BBD3-PARENT-c1586__n00000"", ""FR-BBD3-PARENT-c1586__n00002"", ""FR-BBD3-PARENT-c1586__n00019"", ""FR-BBD3-PARENT-c1586__n00031""]","[""CC(C)NCC(O)COc1ccc(CC(N)=O)cc1"", ""CC(C)NCC(O)C=O"", ""NCC(O)C=O"", ""N""]","[""METKIMKYRPQLGS-UHFFFAOYSA-N"", ""ZHLXGCCCUUAPJK-UHFFFAOYSA-N"", ""VVEOHAVMQFFHBK-UHFFFAOYSA-N"", ""QGZKDVFQNNGYKY-UHFFFAOYSA-N""]","[""FR-BBD3-PARENT-c1586__e00002"", ""FR-BBD3-PARENT-c1586__e00021"", ""FR-BBD3-PARENT-c1586__e00036""]","[1.0, 1.0, 1.0]","[""multi_generation_edge_probability"", ""multi_generation_edge_probability"", ""multi_generation_edge_probability""]",1.0,path_probability_product,simple_acyclic_path,frontier_empty,True,False,False,False,False,False,False,False
