full_route_case_id,tool_id,k,total_input_edge_rows_for_tool,invalid_rows_removed_for_case,self_loop_parent_copy_rows_removed_for_case,total_input_edge_rows_for_case,edges_after_cleaning,predicted_nodes_excluding_root,cap_hit,unreachable_true_node_count,status
FR-BBD3-PARENT-c0001,biotransformer_envmicro,1,8069,17,2,98,79,6,False,0,SCORED
FR-BBD3-PARENT-c0002,biotransformer_envmicro,1,8069,4,0,69,65,2,False,0,SCORED
FR-BBD3-PARENT-c0006,biotransformer_envmicro,1,8069,0,0,83,83,6,False,3,SCORED
FR-BBD3-PARENT-c0018,biotransformer_envmicro,1,8069,0,2,98,96,6,False,0,SCORED
FR-BBD3-PARENT-c0039,biotransformer_envmicro,1,8069,1,0,1,0,0,False,0,NO_PREDICTION
FR-BBD3-PARENT-c0116,biotransformer_envmicro,1,8069,11,0,142,131,6,False,0,SCORED
FR-BBD3-PARENT-c0118,biotransformer_envmicro,1,8069,11,1,173,161,6,False,0,SCORED
FR-BBD3-PARENT-c0121,biotransformer_envmicro,1,8069,8,0,130,122,6,False,6,SCORED
FR-BBD3-PARENT-c0134,biotransformer_envmicro,1,8069,9,1,86,76,6,False,0,SCORED
FR-BBD3-PARENT-c0139,biotransformer_envmicro,1,8069,2,0,19,17,6,False,0,SCORED
FR-BBD3-PARENT-c0148,biotransformer_envmicro,1,8069,1,0,45,44,6,False,0,SCORED
FR-BBD3-PARENT-c0153,biotransformer_envmicro,1,8069,11,0,144,133,4,False,0,SCORED
FR-BBD3-PARENT-c0163,biotransformer_envmicro,1,8069,9,0,111,102,6,False,0,SCORED
FR-BBD3-PARENT-c0177,biotransformer_envmicro,1,8069,19,0,227,208,6,False,0,SCORED
FR-BBD3-PARENT-c0233,biotransformer_envmicro,1,8069,0,1,3,2,2,False,4,SCORED
FR-BBD3-PARENT-c0236,biotransformer_envmicro,1,8069,0,1,3,2,2,False,0,SCORED
FR-BBD3-PARENT-c0245,biotransformer_envmicro,1,8069,12,0,174,162,6,False,0,SCORED
FR-BBD3-PARENT-c0286,biotransformer_envmicro,1,8069,1,0,41,40,6,False,0,SCORED
FR-BBD3-PARENT-c0288,biotransformer_envmicro,1,8069,8,0,95,87,6,False,3,SCORED
FR-BBD3-PARENT-c0345,biotransformer_envmicro,1,8069,14,1,151,136,6,False,0,SCORED
FR-BBD3-PARENT-c0352,biotransformer_envmicro,1,8069,1,0,1,0,0,False,0,NO_PREDICTION
FR-BBD3-PARENT-c0367,biotransformer_envmicro,1,8069,14,0,124,110,6,False,0,SCORED
FR-BBD3-PARENT-c0371,biotransformer_envmicro,1,8069,14,0,165,151,6,False,0,SCORED
FR-BBD3-PARENT-c0375,biotransformer_envmicro,1,8069,6,0,110,104,6,False,3,SCORED
FR-BBD3-PARENT-c0388,biotransformer_envmicro,1,8069,16,1,165,148,6,False,1,SCORED
FR-BBD3-PARENT-c0407,biotransformer_envmicro,1,8069,1,1,30,28,6,False,0,SCORED
FR-BBD3-PARENT-c0426,biotransformer_envmicro,1,8069,1,0,1,0,0,False,0,NO_PREDICTION
FR-BBD3-PARENT-c0432,biotransformer_envmicro,1,8069,0,0,42,42,6,False,0,SCORED
FR-BBD3-PARENT-c0444,biotransformer_envmicro,1,8069,1,0,1,0,0,False,0,NO_PREDICTION
FR-BBD3-PARENT-c0480,biotransformer_envmicro,1,8069,22,0,144,122,6,False,0,SCORED
FR-BBD3-PARENT-c0486,biotransformer_envmicro,1,8069,0,1,5,4,4,False,0,SCORED
FR-BBD3-PARENT-c0526,biotransformer_envmicro,1,8069,1,0,1,0,0,False,0,NO_PREDICTION
FR-BBD3-PARENT-c0563,biotransformer_envmicro,1,8069,0,0,24,24,6,False,0,SCORED
FR-BBD3-PARENT-c0593,biotransformer_envmicro,1,8069,7,0,119,112,6,False,0,SCORED
FR-BBD3-PARENT-c0597,biotransformer_envmicro,1,8069,7,0,79,72,6,False,0,SCORED
FR-BBD3-PARENT-c0604,biotransformer_envmicro,1,8069,0,0,35,35,6,False,0,SCORED
FR-BBD3-PARENT-c0612,biotransformer_envmicro,1,8069,0,1,43,42,6,False,0,SCORED
FR-BBD3-PARENT-c0626,biotransformer_envmicro,1,8069,5,7,115,103,6,False,1,SCORED
FR-BBD3-PARENT-c0639,biotransformer_envmicro,1,8069,0,2,14,12,6,False,0,SCORED
FR-BBD3-PARENT-c0653,biotransformer_envmicro,1,8069,5,1,128,122,5,False,0,SCORED
FR-BBD3-PARENT-c0689,biotransformer_envmicro,1,8069,0,0,15,15,6,False,0,SCORED
FR-BBD3-PARENT-c0691,biotransformer_envmicro,1,8069,0,0,3,3,2,False,0,SCORED
FR-BBD3-PARENT-c0694,biotransformer_envmicro,1,8069,10,0,113,103,6,False,0,SCORED
FR-BBD3-PARENT-c0764,biotransformer_envmicro,1,8069,9,0,55,46,6,False,0,SCORED
FR-BBD3-PARENT-c0765,biotransformer_envmicro,1,8069,13,1,178,164,6,False,0,SCORED
FR-BBD3-PARENT-c0865,biotransformer_envmicro,1,8069,13,0,152,139,6,False,1,SCORED
FR-BBD3-PARENT-c0897,biotransformer_envmicro,1,8069,12,0,107,95,6,False,0,SCORED
FR-BBD3-PARENT-c0908,biotransformer_envmicro,1,8069,7,0,80,73,6,False,0,SCORED
FR-BBD3-PARENT-c0939,biotransformer_envmicro,1,8069,1,0,1,0,0,False,0,NO_PREDICTION
FR-BBD3-PARENT-c0941,biotransformer_envmicro,1,8069,0,0,15,15,6,False,4,SCORED
FR-BBD3-PARENT-c0946,biotransformer_envmicro,1,8069,5,0,127,122,6,False,0,SCORED
FR-BBD3-PARENT-c0991,biotransformer_envmicro,1,8069,30,1,138,107,6,False,0,SCORED
FR-BBD3-PARENT-c1013,biotransformer_envmicro,1,8069,3,0,75,72,6,False,7,SCORED
FR-BBD3-PARENT-c1019,biotransformer_envmicro,1,8069,0,0,94,94,6,False,0,SCORED
FR-BBD3-PARENT-c1039,biotransformer_envmicro,1,8069,2,0,2,0,0,False,0,NO_PREDICTION
FR-BBD3-PARENT-c1043,biotransformer_envmicro,1,8069,3,0,77,74,5,False,0,SCORED
FR-BBD3-PARENT-c1066,biotransformer_envmicro,1,8069,2,0,18,16,6,False,0,SCORED
FR-BBD3-PARENT-c1072,biotransformer_envmicro,1,8069,8,0,117,109,6,False,0,SCORED
FR-BBD3-PARENT-c1078,biotransformer_envmicro,1,8069,0,0,52,52,6,False,9,SCORED
FR-BBD3-PARENT-c1094,biotransformer_envmicro,1,8069,0,0,22,22,6,False,0,SCORED
FR-BBD3-PARENT-c1161,biotransformer_envmicro,1,8069,2,0,26,24,6,False,0,SCORED
FR-BBD3-PARENT-c1182,biotransformer_envmicro,1,8069,0,1,11,10,6,False,0,SCORED
FR-BBD3-PARENT-c1188,biotransformer_envmicro,1,8069,0,0,142,142,6,False,0,SCORED
FR-BBD3-PARENT-c1201,biotransformer_envmicro,1,8069,3,0,5,2,2,False,0,SCORED
FR-BBD3-PARENT-c1263,biotransformer_envmicro,1,8069,9,0,154,145,6,False,0,SCORED
FR-BBD3-PARENT-c1266,biotransformer_envmicro,1,8069,14,0,111,97,6,False,0,SCORED
FR-BBD3-PARENT-c1267,biotransformer_envmicro,1,8069,19,0,141,122,6,False,0,SCORED
FR-BBD3-PARENT-c1285,biotransformer_envmicro,1,8069,17,0,150,133,3,False,0,SCORED
FR-BBD3-PARENT-c1296,biotransformer_envmicro,1,8069,8,0,184,176,6,False,0,SCORED
FR-BBD3-PARENT-c1313,biotransformer_envmicro,1,8069,15,0,172,157,6,False,0,SCORED
FR-BBD3-PARENT-c1350,biotransformer_envmicro,1,8069,7,0,83,76,6,False,0,SCORED
FR-BBD3-PARENT-c1352,biotransformer_envmicro,1,8069,14,0,137,123,5,False,0,SCORED
FR-BBD3-PARENT-c1354,biotransformer_envmicro,1,8069,0,0,56,56,6,False,0,SCORED
FR-BBD3-PARENT-c1383,biotransformer_envmicro,1,8069,6,1,128,121,6,False,0,SCORED
FR-BBD3-PARENT-c1391,biotransformer_envmicro,1,8069,9,0,152,143,6,False,0,SCORED
FR-BBD3-PARENT-c1412,biotransformer_envmicro,1,8069,18,0,223,205,6,False,0,SCORED
FR-BBD3-PARENT-c1441,biotransformer_envmicro,1,8069,0,0,154,154,6,False,0,SCORED
FR-BBD3-PARENT-c1457,biotransformer_envmicro,1,8069,1,1,133,131,3,False,1,SCORED
FR-BBD3-PARENT-c1481,biotransformer_envmicro,1,8069,3,1,81,77,6,False,0,SCORED
FR-BBD3-PARENT-c1524,biotransformer_envmicro,1,8069,10,0,205,195,6,False,0,SCORED
FR-BBD3-PARENT-c1531,biotransformer_envmicro,1,8069,5,1,158,152,6,False,0,SCORED
FR-BBD3-PARENT-c1549,biotransformer_envmicro,1,8069,0,0,107,107,6,False,0,SCORED
FR-BBD3-PARENT-c1586,biotransformer_envmicro,1,8069,5,1,121,115,6,False,0,SCORED
FR-BBD3-CAND-c0620,biotransformer_envmicro,1,8069,1,0,41,40,6,False,0,SCORED
FR-BBD3-CAND-c0611,biotransformer_envmicro,1,8069,0,1,43,42,6,False,0,SCORED
FR-BBD3-CAND-c0282,biotransformer_envmicro,1,8069,10,0,146,136,6,False,0,SCORED
FR-BBD3-CAND-c0257,biotransformer_envmicro,1,8069,3,0,42,39,6,False,0,SCORED
FR-BBD3-CAND-c1376,biotransformer_envmicro,1,8069,18,0,132,114,6,False,0,SCORED
FR-BBD3-CAND-c0971,biotransformer_envmicro,1,8069,0,0,12,12,6,False,0,SCORED
FR-BBD3-CAND-c0141,biotransformer_envmicro,1,8069,2,0,21,19,6,False,1,SCORED
FR-BBD3-CAND-c1570,biotransformer_envmicro,1,8069,2,0,21,19,6,False,0,SCORED
FR-BBD3-CAND-c0347,biotransformer_envmicro,1,8069,2,0,2,0,0,False,0,NO_PREDICTION
FR-BBD3-PARENT-c0001,biotransformer_envmicro,3,8069,17,2,98,79,50,False,0,SCORED
FR-BBD3-PARENT-c0002,biotransformer_envmicro,3,8069,4,0,69,65,17,False,0,SCORED
FR-BBD3-PARENT-c0006,biotransformer_envmicro,3,8069,0,0,83,83,62,False,3,SCORED
FR-BBD3-PARENT-c0018,biotransformer_envmicro,3,8069,0,2,98,96,38,False,0,SCORED
FR-BBD3-PARENT-c0039,biotransformer_envmicro,3,8069,1,0,1,0,0,False,0,NO_PREDICTION
FR-BBD3-PARENT-c0116,biotransformer_envmicro,3,8069,11,0,142,131,79,False,0,SCORED
FR-BBD3-PARENT-c0118,biotransformer_envmicro,3,8069,11,1,173,161,83,False,0,SCORED
FR-BBD3-PARENT-c0121,biotransformer_envmicro,3,8069,8,0,130,122,82,False,6,SCORED
FR-BBD3-PARENT-c0134,biotransformer_envmicro,3,8069,9,1,86,76,55,False,0,SCORED
FR-BBD3-PARENT-c0139,biotransformer_envmicro,3,8069,2,0,19,17,14,False,0,SCORED
FR-BBD3-PARENT-c0148,biotransformer_envmicro,3,8069,1,0,45,44,33,False,0,SCORED
FR-BBD3-PARENT-c0153,biotransformer_envmicro,3,8069,11,0,144,133,90,False,0,SCORED
FR-BBD3-PARENT-c0163,biotransformer_envmicro,3,8069,9,0,111,102,37,False,0,SCORED
FR-BBD3-PARENT-c0177,biotransformer_envmicro,3,8069,19,0,227,208,97,False,0,SCORED
FR-BBD3-PARENT-c0233,biotransformer_envmicro,3,8069,0,1,3,2,2,False,4,SCORED
FR-BBD3-PARENT-c0236,biotransformer_envmicro,3,8069,0,1,3,2,2,False,0,SCORED
FR-BBD3-PARENT-c0245,biotransformer_envmicro,3,8069,12,0,174,162,86,False,0,SCORED
FR-BBD3-PARENT-c0286,biotransformer_envmicro,3,8069,1,0,41,40,30,False,0,SCORED
FR-BBD3-PARENT-c0288,biotransformer_envmicro,3,8069,8,0,95,87,59,False,3,SCORED
FR-BBD3-PARENT-c0345,biotransformer_envmicro,3,8069,14,1,151,136,83,False,0,SCORED
FR-BBD3-PARENT-c0352,biotransformer_envmicro,3,8069,1,0,1,0,0,False,0,NO_PREDICTION
FR-BBD3-PARENT-c0367,biotransformer_envmicro,3,8069,14,0,124,110,83,False,0,SCORED
FR-BBD3-PARENT-c0371,biotransformer_envmicro,3,8069,14,0,165,151,95,False,0,SCORED
FR-BBD3-PARENT-c0375,biotransformer_envmicro,3,8069,6,0,110,104,53,False,3,SCORED
FR-BBD3-PARENT-c0388,biotransformer_envmicro,3,8069,16,1,165,148,99,False,1,SCORED
FR-BBD3-PARENT-c0407,biotransformer_envmicro,3,8069,1,1,30,28,28,False,0,SCORED
FR-BBD3-PARENT-c0426,biotransformer_envmicro,3,8069,1,0,1,0,0,False,0,NO_PREDICTION
FR-BBD3-PARENT-c0432,biotransformer_envmicro,3,8069,0,0,42,42,25,False,0,SCORED
FR-BBD3-PARENT-c0444,biotransformer_envmicro,3,8069,1,0,1,0,0,False,0,NO_PREDICTION
FR-BBD3-PARENT-c0480,biotransformer_envmicro,3,8069,22,0,144,122,67,False,0,SCORED
FR-BBD3-PARENT-c0486,biotransformer_envmicro,3,8069,0,1,5,4,4,False,0,SCORED
FR-BBD3-PARENT-c0526,biotransformer_envmicro,3,8069,1,0,1,0,0,False,0,NO_PREDICTION
FR-BBD3-PARENT-c0563,biotransformer_envmicro,3,8069,0,0,24,24,20,False,0,SCORED
FR-BBD3-PARENT-c0593,biotransformer_envmicro,3,8069,7,0,119,112,80,False,0,SCORED
FR-BBD3-PARENT-c0597,biotransformer_envmicro,3,8069,7,0,79,72,57,False,0,SCORED
FR-BBD3-PARENT-c0604,biotransformer_envmicro,3,8069,0,0,35,35,22,False,0,SCORED
FR-BBD3-PARENT-c0612,biotransformer_envmicro,3,8069,0,1,43,42,34,False,0,SCORED
FR-BBD3-PARENT-c0626,biotransformer_envmicro,3,8069,5,7,115,103,51,False,1,SCORED
FR-BBD3-PARENT-c0639,biotransformer_envmicro,3,8069,0,2,14,12,12,False,0,SCORED
FR-BBD3-PARENT-c0653,biotransformer_envmicro,3,8069,5,1,128,122,51,False,0,SCORED
FR-BBD3-PARENT-c0689,biotransformer_envmicro,3,8069,0,0,15,15,14,False,0,SCORED
FR-BBD3-PARENT-c0691,biotransformer_envmicro,3,8069,0,0,3,3,2,False,0,SCORED
FR-BBD3-PARENT-c0694,biotransformer_envmicro,3,8069,10,0,113,103,71,False,0,SCORED
FR-BBD3-PARENT-c0764,biotransformer_envmicro,3,8069,9,0,55,46,40,False,0,SCORED
FR-BBD3-PARENT-c0765,biotransformer_envmicro,3,8069,13,1,178,164,87,False,0,SCORED
FR-BBD3-PARENT-c0865,biotransformer_envmicro,3,8069,13,0,152,139,97,False,1,SCORED
FR-BBD3-PARENT-c0897,biotransformer_envmicro,3,8069,12,0,107,95,70,False,0,SCORED
FR-BBD3-PARENT-c0908,biotransformer_envmicro,3,8069,7,0,80,73,55,False,0,SCORED
FR-BBD3-PARENT-c0939,biotransformer_envmicro,3,8069,1,0,1,0,0,False,0,NO_PREDICTION
FR-BBD3-PARENT-c0941,biotransformer_envmicro,3,8069,0,0,15,15,14,False,4,SCORED
FR-BBD3-PARENT-c0946,biotransformer_envmicro,3,8069,5,0,127,122,90,False,0,SCORED
FR-BBD3-PARENT-c0991,biotransformer_envmicro,3,8069,30,1,138,107,77,False,0,SCORED
FR-BBD3-PARENT-c1013,biotransformer_envmicro,3,8069,3,0,75,72,61,False,7,SCORED
FR-BBD3-PARENT-c1019,biotransformer_envmicro,3,8069,0,0,94,94,62,False,0,SCORED
FR-BBD3-PARENT-c1039,biotransformer_envmicro,3,8069,2,0,2,0,0,False,0,NO_PREDICTION
FR-BBD3-PARENT-c1043,biotransformer_envmicro,3,8069,3,0,77,74,63,False,0,SCORED
FR-BBD3-PARENT-c1066,biotransformer_envmicro,3,8069,2,0,18,16,13,False,0,SCORED
FR-BBD3-PARENT-c1072,biotransformer_envmicro,3,8069,8,0,117,109,83,False,0,SCORED
FR-BBD3-PARENT-c1078,biotransformer_envmicro,3,8069,0,0,52,52,50,False,9,SCORED
FR-BBD3-PARENT-c1094,biotransformer_envmicro,3,8069,0,0,22,22,20,False,0,SCORED
FR-BBD3-PARENT-c1161,biotransformer_envmicro,3,8069,2,0,26,24,21,False,0,SCORED
FR-BBD3-PARENT-c1182,biotransformer_envmicro,3,8069,0,1,11,10,10,False,0,SCORED
FR-BBD3-PARENT-c1188,biotransformer_envmicro,3,8069,0,0,142,142,47,False,0,SCORED
FR-BBD3-PARENT-c1201,biotransformer_envmicro,3,8069,3,0,5,2,2,False,0,SCORED
FR-BBD3-PARENT-c1263,biotransformer_envmicro,3,8069,9,0,154,145,64,False,0,SCORED
FR-BBD3-PARENT-c1266,biotransformer_envmicro,3,8069,14,0,111,97,51,False,0,SCORED
FR-BBD3-PARENT-c1267,biotransformer_envmicro,3,8069,19,0,141,122,78,False,0,SCORED
FR-BBD3-PARENT-c1285,biotransformer_envmicro,3,8069,17,0,150,133,83,False,0,SCORED
FR-BBD3-PARENT-c1296,biotransformer_envmicro,3,8069,8,0,184,176,104,False,0,SCORED
FR-BBD3-PARENT-c1313,biotransformer_envmicro,3,8069,15,0,172,157,63,False,0,SCORED
FR-BBD3-PARENT-c1350,biotransformer_envmicro,3,8069,7,0,83,76,56,False,0,SCORED
FR-BBD3-PARENT-c1352,biotransformer_envmicro,3,8069,14,0,137,123,37,False,0,SCORED
FR-BBD3-PARENT-c1354,biotransformer_envmicro,3,8069,0,0,56,56,43,False,0,SCORED
FR-BBD3-PARENT-c1383,biotransformer_envmicro,3,8069,6,1,128,121,63,False,0,SCORED
FR-BBD3-PARENT-c1391,biotransformer_envmicro,3,8069,9,0,152,143,90,False,0,SCORED
FR-BBD3-PARENT-c1412,biotransformer_envmicro,3,8069,18,0,223,205,93,False,0,SCORED
FR-BBD3-PARENT-c1441,biotransformer_envmicro,3,8069,0,0,154,154,43,False,0,SCORED
FR-BBD3-PARENT-c1457,biotransformer_envmicro,3,8069,1,1,133,131,35,False,1,SCORED
FR-BBD3-PARENT-c1481,biotransformer_envmicro,3,8069,3,1,81,77,37,False,0,SCORED
FR-BBD3-PARENT-c1524,biotransformer_envmicro,3,8069,10,0,205,195,44,False,0,SCORED
FR-BBD3-PARENT-c1531,biotransformer_envmicro,3,8069,5,1,158,152,45,False,0,SCORED
FR-BBD3-PARENT-c1549,biotransformer_envmicro,3,8069,0,0,107,107,42,False,0,SCORED
FR-BBD3-PARENT-c1586,biotransformer_envmicro,3,8069,5,1,121,115,42,False,0,SCORED
FR-BBD3-CAND-c0620,biotransformer_envmicro,3,8069,1,0,41,40,30,False,0,SCORED
FR-BBD3-CAND-c0611,biotransformer_envmicro,3,8069,0,1,43,42,34,False,0,SCORED
FR-BBD3-CAND-c0282,biotransformer_envmicro,3,8069,10,0,146,136,94,False,0,SCORED
FR-BBD3-CAND-c0257,biotransformer_envmicro,3,8069,3,0,42,39,25,False,0,SCORED
FR-BBD3-CAND-c1376,biotransformer_envmicro,3,8069,18,0,132,114,68,False,0,SCORED
FR-BBD3-CAND-c0971,biotransformer_envmicro,3,8069,0,0,12,12,8,False,0,SCORED
FR-BBD3-CAND-c0141,biotransformer_envmicro,3,8069,2,0,21,19,14,False,1,SCORED
FR-BBD3-CAND-c1570,biotransformer_envmicro,3,8069,2,0,21,19,15,False,0,SCORED
FR-BBD3-CAND-c0347,biotransformer_envmicro,3,8069,2,0,2,0,0,False,0,NO_PREDICTION
FR-BBD3-PARENT-c0001,biotransformer_envmicro,5,8069,17,2,98,79,65,False,0,SCORED
FR-BBD3-PARENT-c0002,biotransformer_envmicro,5,8069,4,0,69,65,37,False,0,SCORED
FR-BBD3-PARENT-c0006,biotransformer_envmicro,5,8069,0,0,83,83,68,False,3,SCORED
FR-BBD3-PARENT-c0018,biotransformer_envmicro,5,8069,0,2,98,96,58,False,0,SCORED
FR-BBD3-PARENT-c0039,biotransformer_envmicro,5,8069,1,0,1,0,0,False,0,NO_PREDICTION
FR-BBD3-PARENT-c0116,biotransformer_envmicro,5,8069,11,0,142,131,112,False,0,SCORED
FR-BBD3-PARENT-c0118,biotransformer_envmicro,5,8069,11,1,173,161,149,False,0,SCORED
FR-BBD3-PARENT-c0121,biotransformer_envmicro,5,8069,8,0,130,122,99,False,6,SCORED
FR-BBD3-PARENT-c0134,biotransformer_envmicro,5,8069,9,1,86,76,65,False,0,SCORED
FR-BBD3-PARENT-c0139,biotransformer_envmicro,5,8069,2,0,19,17,15,False,0,SCORED
FR-BBD3-PARENT-c0148,biotransformer_envmicro,5,8069,1,0,45,44,39,False,0,SCORED
FR-BBD3-PARENT-c0153,biotransformer_envmicro,5,8069,11,0,144,133,112,False,0,SCORED
FR-BBD3-PARENT-c0163,biotransformer_envmicro,5,8069,9,0,111,102,86,False,0,SCORED
FR-BBD3-PARENT-c0177,biotransformer_envmicro,5,8069,19,0,227,208,147,False,0,SCORED
FR-BBD3-PARENT-c0233,biotransformer_envmicro,5,8069,0,1,3,2,2,False,4,SCORED
FR-BBD3-PARENT-c0236,biotransformer_envmicro,5,8069,0,1,3,2,2,False,0,SCORED
FR-BBD3-PARENT-c0245,biotransformer_envmicro,5,8069,12,0,174,162,144,False,0,SCORED
FR-BBD3-PARENT-c0286,biotransformer_envmicro,5,8069,1,0,41,40,36,False,0,SCORED
FR-BBD3-PARENT-c0288,biotransformer_envmicro,5,8069,8,0,95,87,78,False,3,SCORED
FR-BBD3-PARENT-c0345,biotransformer_envmicro,5,8069,14,1,151,136,115,False,0,SCORED
FR-BBD3-PARENT-c0352,biotransformer_envmicro,5,8069,1,0,1,0,0,False,0,NO_PREDICTION
FR-BBD3-PARENT-c0367,biotransformer_envmicro,5,8069,14,0,124,110,94,False,0,SCORED
FR-BBD3-PARENT-c0371,biotransformer_envmicro,5,8069,14,0,165,151,118,False,0,SCORED
FR-BBD3-PARENT-c0375,biotransformer_envmicro,5,8069,6,0,110,104,83,False,3,SCORED
FR-BBD3-PARENT-c0388,biotransformer_envmicro,5,8069,16,1,165,148,129,False,1,SCORED
FR-BBD3-PARENT-c0407,biotransformer_envmicro,5,8069,1,1,30,28,28,False,0,SCORED
FR-BBD3-PARENT-c0426,biotransformer_envmicro,5,8069,1,0,1,0,0,False,0,NO_PREDICTION
FR-BBD3-PARENT-c0432,biotransformer_envmicro,5,8069,0,0,42,42,35,False,0,SCORED
FR-BBD3-PARENT-c0444,biotransformer_envmicro,5,8069,1,0,1,0,0,False,0,NO_PREDICTION
FR-BBD3-PARENT-c0480,biotransformer_envmicro,5,8069,22,0,144,122,104,False,0,SCORED
FR-BBD3-PARENT-c0486,biotransformer_envmicro,5,8069,0,1,5,4,4,False,0,SCORED
FR-BBD3-PARENT-c0526,biotransformer_envmicro,5,8069,1,0,1,0,0,False,0,NO_PREDICTION
FR-BBD3-PARENT-c0563,biotransformer_envmicro,5,8069,0,0,24,24,22,False,0,SCORED
FR-BBD3-PARENT-c0593,biotransformer_envmicro,5,8069,7,0,119,112,97,False,0,SCORED
FR-BBD3-PARENT-c0597,biotransformer_envmicro,5,8069,7,0,79,72,64,False,0,SCORED
FR-BBD3-PARENT-c0604,biotransformer_envmicro,5,8069,0,0,35,35,28,False,0,SCORED
FR-BBD3-PARENT-c0612,biotransformer_envmicro,5,8069,0,1,43,42,34,False,0,SCORED
FR-BBD3-PARENT-c0626,biotransformer_envmicro,5,8069,5,7,115,103,102,False,1,SCORED
FR-BBD3-PARENT-c0639,biotransformer_envmicro,5,8069,0,2,14,12,12,False,0,SCORED
FR-BBD3-PARENT-c0653,biotransformer_envmicro,5,8069,5,1,128,122,68,False,0,SCORED
FR-BBD3-PARENT-c0689,biotransformer_envmicro,5,8069,0,0,15,15,14,False,0,SCORED
FR-BBD3-PARENT-c0691,biotransformer_envmicro,5,8069,0,0,3,3,2,False,0,SCORED
FR-BBD3-PARENT-c0694,biotransformer_envmicro,5,8069,10,0,113,103,86,False,0,SCORED
FR-BBD3-PARENT-c0764,biotransformer_envmicro,5,8069,9,0,55,46,45,False,0,SCORED
FR-BBD3-PARENT-c0765,biotransformer_envmicro,5,8069,13,1,178,164,145,False,0,SCORED
FR-BBD3-PARENT-c0865,biotransformer_envmicro,5,8069,13,0,152,139,123,False,1,SCORED
FR-BBD3-PARENT-c0897,biotransformer_envmicro,5,8069,12,0,107,95,86,False,0,SCORED
FR-BBD3-PARENT-c0908,biotransformer_envmicro,5,8069,7,0,80,73,68,False,0,SCORED
FR-BBD3-PARENT-c0939,biotransformer_envmicro,5,8069,1,0,1,0,0,False,0,NO_PREDICTION
FR-BBD3-PARENT-c0941,biotransformer_envmicro,5,8069,0,0,15,15,14,False,4,SCORED
FR-BBD3-PARENT-c0946,biotransformer_envmicro,5,8069,5,0,127,122,104,False,0,SCORED
FR-BBD3-PARENT-c0991,biotransformer_envmicro,5,8069,30,1,138,107,95,False,0,SCORED
FR-BBD3-PARENT-c1013,biotransformer_envmicro,5,8069,3,0,75,72,65,False,7,SCORED
FR-BBD3-PARENT-c1019,biotransformer_envmicro,5,8069,0,0,94,94,94,False,0,SCORED
FR-BBD3-PARENT-c1039,biotransformer_envmicro,5,8069,2,0,2,0,0,False,0,NO_PREDICTION
FR-BBD3-PARENT-c1043,biotransformer_envmicro,5,8069,3,0,77,74,66,False,0,SCORED
FR-BBD3-PARENT-c1066,biotransformer_envmicro,5,8069,2,0,18,16,16,False,0,SCORED
FR-BBD3-PARENT-c1072,biotransformer_envmicro,5,8069,8,0,117,109,92,False,0,SCORED
FR-BBD3-PARENT-c1078,biotransformer_envmicro,5,8069,0,0,52,52,51,False,9,SCORED
FR-BBD3-PARENT-c1094,biotransformer_envmicro,5,8069,0,0,22,22,20,False,0,SCORED
FR-BBD3-PARENT-c1161,biotransformer_envmicro,5,8069,2,0,26,24,21,False,0,SCORED
FR-BBD3-PARENT-c1182,biotransformer_envmicro,5,8069,0,1,11,10,10,False,0,SCORED
FR-BBD3-PARENT-c1188,biotransformer_envmicro,5,8069,0,0,142,142,137,False,0,SCORED
FR-BBD3-PARENT-c1201,biotransformer_envmicro,5,8069,3,0,5,2,2,False,0,SCORED
FR-BBD3-PARENT-c1263,biotransformer_envmicro,5,8069,9,0,154,145,116,False,0,SCORED
FR-BBD3-PARENT-c1266,biotransformer_envmicro,5,8069,14,0,111,97,86,False,0,SCORED
FR-BBD3-PARENT-c1267,biotransformer_envmicro,5,8069,19,0,141,122,104,False,0,SCORED
FR-BBD3-PARENT-c1285,biotransformer_envmicro,5,8069,17,0,150,133,115,False,0,SCORED
FR-BBD3-PARENT-c1296,biotransformer_envmicro,5,8069,8,0,184,176,143,False,0,SCORED
FR-BBD3-PARENT-c1313,biotransformer_envmicro,5,8069,15,0,172,157,121,False,0,SCORED
FR-BBD3-PARENT-c1350,biotransformer_envmicro,5,8069,7,0,83,76,71,False,0,SCORED
FR-BBD3-PARENT-c1352,biotransformer_envmicro,5,8069,14,0,137,123,93,False,0,SCORED
FR-BBD3-PARENT-c1354,biotransformer_envmicro,5,8069,0,0,56,56,54,False,0,SCORED
FR-BBD3-PARENT-c1383,biotransformer_envmicro,5,8069,6,1,128,121,115,False,0,SCORED
FR-BBD3-PARENT-c1391,biotransformer_envmicro,5,8069,9,0,152,143,120,False,0,SCORED
FR-BBD3-PARENT-c1412,biotransformer_envmicro,5,8069,18,0,223,205,150,False,0,SCORED
FR-BBD3-PARENT-c1441,biotransformer_envmicro,5,8069,0,0,154,154,83,False,0,SCORED
FR-BBD3-PARENT-c1457,biotransformer_envmicro,5,8069,1,1,133,131,63,False,1,SCORED
FR-BBD3-PARENT-c1481,biotransformer_envmicro,5,8069,3,1,81,77,55,False,0,SCORED
FR-BBD3-PARENT-c1524,biotransformer_envmicro,5,8069,10,0,205,195,121,False,0,SCORED
FR-BBD3-PARENT-c1531,biotransformer_envmicro,5,8069,5,1,158,152,130,False,0,SCORED
FR-BBD3-PARENT-c1549,biotransformer_envmicro,5,8069,0,0,107,107,103,False,0,SCORED
FR-BBD3-PARENT-c1586,biotransformer_envmicro,5,8069,5,1,121,115,55,False,0,SCORED
FR-BBD3-CAND-c0620,biotransformer_envmicro,5,8069,1,0,41,40,36,False,0,SCORED
FR-BBD3-CAND-c0611,biotransformer_envmicro,5,8069,0,1,43,42,34,False,0,SCORED
FR-BBD3-CAND-c0282,biotransformer_envmicro,5,8069,10,0,146,136,112,False,0,SCORED
FR-BBD3-CAND-c0257,biotransformer_envmicro,5,8069,3,0,42,39,33,False,0,SCORED
FR-BBD3-CAND-c1376,biotransformer_envmicro,5,8069,18,0,132,114,97,False,0,SCORED
FR-BBD3-CAND-c0971,biotransformer_envmicro,5,8069,0,0,12,12,10,False,0,SCORED
FR-BBD3-CAND-c0141,biotransformer_envmicro,5,8069,2,0,21,19,15,False,1,SCORED
FR-BBD3-CAND-c1570,biotransformer_envmicro,5,8069,2,0,21,19,16,False,0,SCORED
FR-BBD3-CAND-c0347,biotransformer_envmicro,5,8069,2,0,2,0,0,False,0,NO_PREDICTION
FR-BBD3-PARENT-c0001,biotransformer_envmicro,10,8069,17,2,98,79,70,False,0,SCORED
FR-BBD3-PARENT-c0002,biotransformer_envmicro,10,8069,4,0,69,65,49,False,0,SCORED
FR-BBD3-PARENT-c0006,biotransformer_envmicro,10,8069,0,0,83,83,69,False,3,SCORED
FR-BBD3-PARENT-c0018,biotransformer_envmicro,10,8069,0,2,98,96,76,False,0,SCORED
FR-BBD3-PARENT-c0039,biotransformer_envmicro,10,8069,1,0,1,0,0,False,0,NO_PREDICTION
FR-BBD3-PARENT-c0116,biotransformer_envmicro,10,8069,11,0,142,131,117,False,0,SCORED
FR-BBD3-PARENT-c0118,biotransformer_envmicro,10,8069,11,1,173,161,156,False,0,SCORED
FR-BBD3-PARENT-c0121,biotransformer_envmicro,10,8069,8,0,130,122,104,False,6,SCORED
FR-BBD3-PARENT-c0134,biotransformer_envmicro,10,8069,9,1,86,76,68,False,0,SCORED
FR-BBD3-PARENT-c0139,biotransformer_envmicro,10,8069,2,0,19,17,15,False,0,SCORED
FR-BBD3-PARENT-c0148,biotransformer_envmicro,10,8069,1,0,45,44,41,False,0,SCORED
FR-BBD3-PARENT-c0153,biotransformer_envmicro,10,8069,11,0,144,133,117,False,0,SCORED
FR-BBD3-PARENT-c0163,biotransformer_envmicro,10,8069,9,0,111,102,88,False,0,SCORED
FR-BBD3-PARENT-c0177,biotransformer_envmicro,10,8069,19,0,227,208,192,False,0,SCORED
FR-BBD3-PARENT-c0233,biotransformer_envmicro,10,8069,0,1,3,2,2,False,4,SCORED
FR-BBD3-PARENT-c0236,biotransformer_envmicro,10,8069,0,1,3,2,2,False,0,SCORED
FR-BBD3-PARENT-c0245,biotransformer_envmicro,10,8069,12,0,174,162,150,False,0,SCORED
FR-BBD3-PARENT-c0286,biotransformer_envmicro,10,8069,1,0,41,40,38,False,0,SCORED
FR-BBD3-PARENT-c0288,biotransformer_envmicro,10,8069,8,0,95,87,78,False,3,SCORED
FR-BBD3-PARENT-c0345,biotransformer_envmicro,10,8069,14,1,151,136,122,False,0,SCORED
FR-BBD3-PARENT-c0352,biotransformer_envmicro,10,8069,1,0,1,0,0,False,0,NO_PREDICTION
FR-BBD3-PARENT-c0367,biotransformer_envmicro,10,8069,14,0,124,110,98,False,0,SCORED
FR-BBD3-PARENT-c0371,biotransformer_envmicro,10,8069,14,0,165,151,143,False,0,SCORED
FR-BBD3-PARENT-c0375,biotransformer_envmicro,10,8069,6,0,110,104,91,False,3,SCORED
FR-BBD3-PARENT-c0388,biotransformer_envmicro,10,8069,16,1,165,148,137,False,1,SCORED
FR-BBD3-PARENT-c0407,biotransformer_envmicro,10,8069,1,1,30,28,28,False,0,SCORED
FR-BBD3-PARENT-c0426,biotransformer_envmicro,10,8069,1,0,1,0,0,False,0,NO_PREDICTION
FR-BBD3-PARENT-c0432,biotransformer_envmicro,10,8069,0,0,42,42,36,False,0,SCORED
FR-BBD3-PARENT-c0444,biotransformer_envmicro,10,8069,1,0,1,0,0,False,0,NO_PREDICTION
FR-BBD3-PARENT-c0480,biotransformer_envmicro,10,8069,22,0,144,122,112,False,0,SCORED
FR-BBD3-PARENT-c0486,biotransformer_envmicro,10,8069,0,1,5,4,4,False,0,SCORED
FR-BBD3-PARENT-c0526,biotransformer_envmicro,10,8069,1,0,1,0,0,False,0,NO_PREDICTION
FR-BBD3-PARENT-c0563,biotransformer_envmicro,10,8069,0,0,24,24,23,False,0,SCORED
FR-BBD3-PARENT-c0593,biotransformer_envmicro,10,8069,7,0,119,112,99,False,0,SCORED
FR-BBD3-PARENT-c0597,biotransformer_envmicro,10,8069,7,0,79,72,66,False,0,SCORED
FR-BBD3-PARENT-c0604,biotransformer_envmicro,10,8069,0,0,35,35,28,False,0,SCORED
FR-BBD3-PARENT-c0612,biotransformer_envmicro,10,8069,0,1,43,42,34,False,0,SCORED
FR-BBD3-PARENT-c0626,biotransformer_envmicro,10,8069,5,7,115,103,103,False,1,SCORED
FR-BBD3-PARENT-c0639,biotransformer_envmicro,10,8069,0,2,14,12,12,False,0,SCORED
FR-BBD3-PARENT-c0653,biotransformer_envmicro,10,8069,5,1,128,122,92,False,0,SCORED
FR-BBD3-PARENT-c0689,biotransformer_envmicro,10,8069,0,0,15,15,14,False,0,SCORED
FR-BBD3-PARENT-c0691,biotransformer_envmicro,10,8069,0,0,3,3,2,False,0,SCORED
FR-BBD3-PARENT-c0694,biotransformer_envmicro,10,8069,10,0,113,103,90,False,0,SCORED
FR-BBD3-PARENT-c0764,biotransformer_envmicro,10,8069,9,0,55,46,45,False,0,SCORED
FR-BBD3-PARENT-c0765,biotransformer_envmicro,10,8069,13,1,178,164,149,False,0,SCORED
FR-BBD3-PARENT-c0865,biotransformer_envmicro,10,8069,13,0,152,139,129,False,1,SCORED
FR-BBD3-PARENT-c0897,biotransformer_envmicro,10,8069,12,0,107,95,90,False,0,SCORED
FR-BBD3-PARENT-c0908,biotransformer_envmicro,10,8069,7,0,80,73,71,False,0,SCORED
FR-BBD3-PARENT-c0939,biotransformer_envmicro,10,8069,1,0,1,0,0,False,0,NO_PREDICTION
FR-BBD3-PARENT-c0941,biotransformer_envmicro,10,8069,0,0,15,15,14,False,4,SCORED
FR-BBD3-PARENT-c0946,biotransformer_envmicro,10,8069,5,0,127,122,112,False,0,SCORED
FR-BBD3-PARENT-c0991,biotransformer_envmicro,10,8069,30,1,138,107,100,False,0,SCORED
FR-BBD3-PARENT-c1013,biotransformer_envmicro,10,8069,3,0,75,72,65,False,7,SCORED
FR-BBD3-PARENT-c1019,biotransformer_envmicro,10,8069,0,0,94,94,94,False,0,SCORED
FR-BBD3-PARENT-c1039,biotransformer_envmicro,10,8069,2,0,2,0,0,False,0,NO_PREDICTION
FR-BBD3-PARENT-c1043,biotransformer_envmicro,10,8069,3,0,77,74,66,False,0,SCORED
FR-BBD3-PARENT-c1066,biotransformer_envmicro,10,8069,2,0,18,16,16,False,0,SCORED
FR-BBD3-PARENT-c1072,biotransformer_envmicro,10,8069,8,0,117,109,96,False,0,SCORED
FR-BBD3-PARENT-c1078,biotransformer_envmicro,10,8069,0,0,52,52,51,False,9,SCORED
FR-BBD3-PARENT-c1094,biotransformer_envmicro,10,8069,0,0,22,22,20,False,0,SCORED
FR-BBD3-PARENT-c1161,biotransformer_envmicro,10,8069,2,0,26,24,21,False,0,SCORED
FR-BBD3-PARENT-c1182,biotransformer_envmicro,10,8069,0,1,11,10,10,False,0,SCORED
FR-BBD3-PARENT-c1188,biotransformer_envmicro,10,8069,0,0,142,142,142,False,0,SCORED
FR-BBD3-PARENT-c1201,biotransformer_envmicro,10,8069,3,0,5,2,2,False,0,SCORED
FR-BBD3-PARENT-c1263,biotransformer_envmicro,10,8069,9,0,154,145,125,False,0,SCORED
FR-BBD3-PARENT-c1266,biotransformer_envmicro,10,8069,14,0,111,97,90,False,0,SCORED
FR-BBD3-PARENT-c1267,biotransformer_envmicro,10,8069,19,0,141,122,111,False,0,SCORED
FR-BBD3-PARENT-c1285,biotransformer_envmicro,10,8069,17,0,150,133,127,False,0,SCORED
FR-BBD3-PARENT-c1296,biotransformer_envmicro,10,8069,8,0,184,176,154,False,0,SCORED
FR-BBD3-PARENT-c1313,biotransformer_envmicro,10,8069,15,0,172,157,141,False,0,SCORED
FR-BBD3-PARENT-c1350,biotransformer_envmicro,10,8069,7,0,83,76,74,False,0,SCORED
FR-BBD3-PARENT-c1352,biotransformer_envmicro,10,8069,14,0,137,123,103,False,0,SCORED
FR-BBD3-PARENT-c1354,biotransformer_envmicro,10,8069,0,0,56,56,54,False,0,SCORED
FR-BBD3-PARENT-c1383,biotransformer_envmicro,10,8069,6,1,128,121,116,False,0,SCORED
FR-BBD3-PARENT-c1391,biotransformer_envmicro,10,8069,9,0,152,143,128,False,0,SCORED
FR-BBD3-PARENT-c1412,biotransformer_envmicro,10,8069,18,0,223,205,183,False,0,SCORED
FR-BBD3-PARENT-c1441,biotransformer_envmicro,10,8069,0,0,154,154,118,False,0,SCORED
FR-BBD3-PARENT-c1457,biotransformer_envmicro,10,8069,1,1,133,131,83,False,1,SCORED
FR-BBD3-PARENT-c1481,biotransformer_envmicro,10,8069,3,1,81,77,56,False,0,SCORED
FR-BBD3-PARENT-c1524,biotransformer_envmicro,10,8069,10,0,205,195,166,False,0,SCORED
FR-BBD3-PARENT-c1531,biotransformer_envmicro,10,8069,5,1,158,152,152,False,0,SCORED
FR-BBD3-PARENT-c1549,biotransformer_envmicro,10,8069,0,0,107,107,104,False,0,SCORED
FR-BBD3-PARENT-c1586,biotransformer_envmicro,10,8069,5,1,121,115,87,False,0,SCORED
FR-BBD3-CAND-c0620,biotransformer_envmicro,10,8069,1,0,41,40,38,False,0,SCORED
FR-BBD3-CAND-c0611,biotransformer_envmicro,10,8069,0,1,43,42,34,False,0,SCORED
FR-BBD3-CAND-c0282,biotransformer_envmicro,10,8069,10,0,146,136,119,False,0,SCORED
FR-BBD3-CAND-c0257,biotransformer_envmicro,10,8069,3,0,42,39,33,False,0,SCORED
FR-BBD3-CAND-c1376,biotransformer_envmicro,10,8069,18,0,132,114,100,False,0,SCORED
FR-BBD3-CAND-c0971,biotransformer_envmicro,10,8069,0,0,12,12,12,False,0,SCORED
FR-BBD3-CAND-c0141,biotransformer_envmicro,10,8069,2,0,21,19,15,False,1,SCORED
FR-BBD3-CAND-c1570,biotransformer_envmicro,10,8069,2,0,21,19,16,False,0,SCORED
FR-BBD3-CAND-c0347,biotransformer_envmicro,10,8069,2,0,2,0,0,False,0,NO_PREDICTION
FR-BBD3-PARENT-c0001,envipath_prediction,1,2932,0,0,15,15,2,False,0,SCORED
FR-BBD3-PARENT-c0002,envipath_prediction,1,2932,0,0,58,58,2,False,0,SCORED
FR-BBD3-PARENT-c0006,envipath_prediction,1,2932,0,1,36,35,3,False,3,SCORED
FR-BBD3-PARENT-c0018,envipath_prediction,1,2932,0,0,34,34,4,False,0,SCORED
FR-BBD3-PARENT-c0039,envipath_prediction,1,2932,0,0,0,0,0,False,0,NO_PREDICTION
FR-BBD3-PARENT-c0116,envipath_prediction,1,2932,0,0,0,0,0,False,0,NO_PREDICTION
FR-BBD3-PARENT-c0118,envipath_prediction,1,2932,0,0,1,1,1,False,0,SCORED
FR-BBD3-PARENT-c0121,envipath_prediction,1,2932,0,0,55,55,2,False,6,SCORED
FR-BBD3-PARENT-c0134,envipath_prediction,1,2932,0,0,36,36,1,False,0,SCORED
FR-BBD3-PARENT-c0139,envipath_prediction,1,2932,0,0,28,28,3,False,0,SCORED
FR-BBD3-PARENT-c0148,envipath_prediction,1,2932,0,0,38,38,5,False,0,SCORED
FR-BBD3-PARENT-c0153,envipath_prediction,1,2932,0,0,50,50,3,False,0,SCORED
FR-BBD3-PARENT-c0163,envipath_prediction,1,2932,0,0,8,8,3,False,0,SCORED
FR-BBD3-PARENT-c0177,envipath_prediction,1,2932,0,0,54,54,4,False,0,SCORED
FR-BBD3-PARENT-c0233,envipath_prediction,1,2932,0,0,2,2,2,False,4,SCORED
FR-BBD3-PARENT-c0236,envipath_prediction,1,2932,0,0,1,1,1,False,0,SCORED
FR-BBD3-PARENT-c0245,envipath_prediction,1,2932,0,0,112,112,2,False,0,SCORED
FR-BBD3-PARENT-c0286,envipath_prediction,1,2932,0,0,20,20,3,False,0,SCORED
FR-BBD3-PARENT-c0288,envipath_prediction,1,2932,0,0,44,44,5,False,3,SCORED
FR-BBD3-PARENT-c0345,envipath_prediction,1,2932,0,0,139,139,2,False,0,SCORED
FR-BBD3-PARENT-c0352,envipath_prediction,1,2932,0,0,29,29,4,False,0,SCORED
FR-BBD3-PARENT-c0367,envipath_prediction,1,2932,0,0,78,78,4,False,0,SCORED
FR-BBD3-PARENT-c0371,envipath_prediction,1,2932,0,0,24,24,1,False,0,SCORED
FR-BBD3-PARENT-c0375,envipath_prediction,1,2932,0,0,32,32,3,False,3,SCORED
FR-BBD3-PARENT-c0388,envipath_prediction,1,2932,0,0,2,2,2,False,1,SCORED
FR-BBD3-PARENT-c0407,envipath_prediction,1,2932,0,0,31,31,2,False,0,SCORED
FR-BBD3-PARENT-c0426,envipath_prediction,1,2932,0,0,106,106,3,False,0,SCORED
FR-BBD3-PARENT-c0432,envipath_prediction,1,2932,0,0,30,30,3,False,0,SCORED
FR-BBD3-PARENT-c0444,envipath_prediction,1,2932,0,0,0,0,0,False,0,NO_PREDICTION
FR-BBD3-PARENT-c0480,envipath_prediction,1,2932,0,0,27,27,4,False,0,SCORED
FR-BBD3-PARENT-c0486,envipath_prediction,1,2932,0,0,4,4,4,False,0,SCORED
FR-BBD3-PARENT-c0526,envipath_prediction,1,2932,0,0,11,11,2,False,0,SCORED
FR-BBD3-PARENT-c0563,envipath_prediction,1,2932,0,0,26,26,2,False,0,SCORED
FR-BBD3-PARENT-c0593,envipath_prediction,1,2932,0,0,17,17,5,False,0,SCORED
FR-BBD3-PARENT-c0597,envipath_prediction,1,2932,0,0,3,3,2,False,0,SCORED
FR-BBD3-PARENT-c0604,envipath_prediction,1,2932,0,0,29,29,4,False,0,SCORED
FR-BBD3-PARENT-c0612,envipath_prediction,1,2932,0,0,54,54,4,False,0,SCORED
FR-BBD3-PARENT-c0626,envipath_prediction,1,2932,0,0,33,33,1,False,1,SCORED
FR-BBD3-PARENT-c0639,envipath_prediction,1,2932,0,0,31,31,3,False,0,SCORED
FR-BBD3-PARENT-c0653,envipath_prediction,1,2932,0,0,43,43,1,False,0,SCORED
FR-BBD3-PARENT-c0689,envipath_prediction,1,2932,0,0,42,42,4,False,0,SCORED
FR-BBD3-PARENT-c0691,envipath_prediction,1,2932,0,0,2,2,1,False,0,SCORED
FR-BBD3-PARENT-c0694,envipath_prediction,1,2932,0,0,11,11,4,False,0,SCORED
FR-BBD3-PARENT-c0764,envipath_prediction,1,2932,0,0,27,27,3,False,0,SCORED
FR-BBD3-PARENT-c0765,envipath_prediction,1,2932,0,0,34,34,4,False,0,SCORED
FR-BBD3-PARENT-c0865,envipath_prediction,1,2932,0,0,54,54,4,False,1,SCORED
FR-BBD3-PARENT-c0897,envipath_prediction,1,2932,0,0,32,32,1,False,0,SCORED
FR-BBD3-PARENT-c0908,envipath_prediction,1,2932,0,0,31,31,4,False,0,SCORED
FR-BBD3-PARENT-c0939,envipath_prediction,1,2932,0,0,0,0,0,False,0,NO_PREDICTION
FR-BBD3-PARENT-c0941,envipath_prediction,1,2932,0,0,20,20,3,False,4,SCORED
FR-BBD3-PARENT-c0946,envipath_prediction,1,2932,0,0,31,31,2,False,0,SCORED
FR-BBD3-PARENT-c0991,envipath_prediction,1,2932,0,0,1,1,1,False,0,SCORED
FR-BBD3-PARENT-c1013,envipath_prediction,1,2932,0,0,30,30,2,False,7,SCORED
FR-BBD3-PARENT-c1019,envipath_prediction,1,2932,0,0,3,3,2,False,0,SCORED
FR-BBD3-PARENT-c1039,envipath_prediction,1,2932,0,0,31,31,2,False,0,SCORED
FR-BBD3-PARENT-c1043,envipath_prediction,1,2932,0,0,82,82,3,False,0,SCORED
FR-BBD3-PARENT-c1066,envipath_prediction,1,2932,0,0,32,32,1,False,0,SCORED
FR-BBD3-PARENT-c1072,envipath_prediction,1,2932,0,0,51,51,4,False,0,SCORED
FR-BBD3-PARENT-c1078,envipath_prediction,1,2932,0,0,30,30,4,False,9,SCORED
FR-BBD3-PARENT-c1094,envipath_prediction,1,2932,0,0,19,19,4,False,0,SCORED
FR-BBD3-PARENT-c1161,envipath_prediction,1,2932,0,0,11,11,4,False,0,SCORED
FR-BBD3-PARENT-c1182,envipath_prediction,1,2932,0,0,15,15,5,False,0,SCORED
FR-BBD3-PARENT-c1188,envipath_prediction,1,2932,0,0,29,29,2,False,0,SCORED
FR-BBD3-PARENT-c1201,envipath_prediction,1,2932,0,0,0,0,0,False,0,NO_PREDICTION
FR-BBD3-PARENT-c1263,envipath_prediction,1,2932,0,0,21,21,1,False,0,SCORED
FR-BBD3-PARENT-c1266,envipath_prediction,1,2932,0,0,2,2,2,False,0,SCORED
FR-BBD3-PARENT-c1267,envipath_prediction,1,2932,0,0,5,5,2,False,0,SCORED
FR-BBD3-PARENT-c1285,envipath_prediction,1,2932,0,0,31,31,3,False,0,SCORED
FR-BBD3-PARENT-c1296,envipath_prediction,1,2932,0,0,52,52,1,False,0,SCORED
FR-BBD3-PARENT-c1313,envipath_prediction,1,2932,0,0,69,69,3,False,0,SCORED
FR-BBD3-PARENT-c1350,envipath_prediction,1,2932,0,0,38,38,5,False,0,SCORED
FR-BBD3-PARENT-c1352,envipath_prediction,1,2932,0,0,31,31,2,False,0,SCORED
FR-BBD3-PARENT-c1354,envipath_prediction,1,2932,0,0,33,33,3,False,0,SCORED
FR-BBD3-PARENT-c1383,envipath_prediction,1,2932,0,0,19,19,4,False,0,SCORED
FR-BBD3-PARENT-c1391,envipath_prediction,1,2932,0,0,71,71,4,False,0,SCORED
FR-BBD3-PARENT-c1412,envipath_prediction,1,2932,0,0,37,37,1,False,0,SCORED
FR-BBD3-PARENT-c1441,envipath_prediction,1,2932,0,0,63,62,1,False,0,SCORED
FR-BBD3-PARENT-c1457,envipath_prediction,1,2932,0,0,40,40,3,False,1,SCORED
FR-BBD3-PARENT-c1481,envipath_prediction,1,2932,0,0,31,31,1,False,0,SCORED
FR-BBD3-PARENT-c1524,envipath_prediction,1,2932,0,0,35,35,2,False,0,SCORED
FR-BBD3-PARENT-c1531,envipath_prediction,1,2932,0,0,35,35,3,False,0,SCORED
FR-BBD3-PARENT-c1549,envipath_prediction,1,2932,0,0,29,29,2,False,0,SCORED
FR-BBD3-PARENT-c1586,envipath_prediction,1,2932,0,0,39,39,2,False,0,SCORED
FR-BBD3-CAND-c0620,envipath_prediction,1,2932,0,0,20,20,3,False,0,SCORED
FR-BBD3-CAND-c0611,envipath_prediction,1,2932,0,0,55,55,6,False,0,SCORED
FR-BBD3-CAND-c0282,envipath_prediction,1,2932,0,0,33,33,5,False,0,SCORED
FR-BBD3-CAND-c0257,envipath_prediction,1,2932,0,0,31,31,6,False,0,SCORED
FR-BBD3-CAND-c1376,envipath_prediction,1,2932,0,0,56,56,6,False,0,SCORED
FR-BBD3-CAND-c0971,envipath_prediction,1,2932,0,0,11,11,5,False,0,SCORED
FR-BBD3-CAND-c0141,envipath_prediction,1,2932,0,0,28,28,3,False,1,SCORED
FR-BBD3-CAND-c1570,envipath_prediction,1,2932,0,0,40,40,2,False,0,SCORED
FR-BBD3-CAND-c0347,envipath_prediction,1,2932,0,0,2,2,1,False,0,SCORED
FR-BBD3-PARENT-c0001,envipath_prediction,3,2932,0,0,15,15,13,False,0,SCORED
FR-BBD3-PARENT-c0002,envipath_prediction,3,2932,0,0,58,58,23,False,0,SCORED
FR-BBD3-PARENT-c0006,envipath_prediction,3,2932,0,1,36,35,23,False,3,SCORED
FR-BBD3-PARENT-c0018,envipath_prediction,3,2932,0,0,34,34,27,False,0,SCORED
FR-BBD3-PARENT-c0039,envipath_prediction,3,2932,0,0,0,0,0,False,0,NO_PREDICTION
FR-BBD3-PARENT-c0116,envipath_prediction,3,2932,0,0,0,0,0,False,0,NO_PREDICTION
FR-BBD3-PARENT-c0118,envipath_prediction,3,2932,0,0,1,1,1,False,0,SCORED
FR-BBD3-PARENT-c0121,envipath_prediction,3,2932,0,0,55,55,37,False,6,SCORED
FR-BBD3-PARENT-c0134,envipath_prediction,3,2932,0,0,36,36,15,False,0,SCORED
FR-BBD3-PARENT-c0139,envipath_prediction,3,2932,0,0,28,28,19,False,0,SCORED
FR-BBD3-PARENT-c0148,envipath_prediction,3,2932,0,0,38,38,30,False,0,SCORED
FR-BBD3-PARENT-c0153,envipath_prediction,3,2932,0,0,50,50,8,False,0,SCORED
FR-BBD3-PARENT-c0163,envipath_prediction,3,2932,0,0,8,8,5,False,0,SCORED
FR-BBD3-PARENT-c0177,envipath_prediction,3,2932,0,0,54,54,33,False,0,SCORED
FR-BBD3-PARENT-c0233,envipath_prediction,3,2932,0,0,2,2,2,False,4,SCORED
FR-BBD3-PARENT-c0236,envipath_prediction,3,2932,0,0,1,1,1,False,0,SCORED
FR-BBD3-PARENT-c0245,envipath_prediction,3,2932,0,0,112,112,35,False,0,SCORED
FR-BBD3-PARENT-c0286,envipath_prediction,3,2932,0,0,20,20,18,False,0,SCORED
FR-BBD3-PARENT-c0288,envipath_prediction,3,2932,0,0,44,44,19,False,3,SCORED
FR-BBD3-PARENT-c0345,envipath_prediction,3,2932,0,0,139,139,10,False,0,SCORED
FR-BBD3-PARENT-c0352,envipath_prediction,3,2932,0,0,29,29,19,False,0,SCORED
FR-BBD3-PARENT-c0367,envipath_prediction,3,2932,0,0,78,78,19,False,0,SCORED
FR-BBD3-PARENT-c0371,envipath_prediction,3,2932,0,0,24,24,18,False,0,SCORED
FR-BBD3-PARENT-c0375,envipath_prediction,3,2932,0,0,32,32,23,False,3,SCORED
FR-BBD3-PARENT-c0388,envipath_prediction,3,2932,0,0,2,2,2,False,1,SCORED
FR-BBD3-PARENT-c0407,envipath_prediction,3,2932,0,0,31,31,15,False,0,SCORED
FR-BBD3-PARENT-c0426,envipath_prediction,3,2932,0,0,106,106,58,False,0,SCORED
FR-BBD3-PARENT-c0432,envipath_prediction,3,2932,0,0,30,30,24,False,0,SCORED
FR-BBD3-PARENT-c0444,envipath_prediction,3,2932,0,0,0,0,0,False,0,NO_PREDICTION
FR-BBD3-PARENT-c0480,envipath_prediction,3,2932,0,0,27,27,24,False,0,SCORED
FR-BBD3-PARENT-c0486,envipath_prediction,3,2932,0,0,4,4,4,False,0,SCORED
FR-BBD3-PARENT-c0526,envipath_prediction,3,2932,0,0,11,11,10,False,0,SCORED
FR-BBD3-PARENT-c0563,envipath_prediction,3,2932,0,0,26,26,15,False,0,SCORED
FR-BBD3-PARENT-c0593,envipath_prediction,3,2932,0,0,17,17,12,False,0,SCORED
FR-BBD3-PARENT-c0597,envipath_prediction,3,2932,0,0,3,3,3,False,0,SCORED
FR-BBD3-PARENT-c0604,envipath_prediction,3,2932,0,0,29,29,29,False,0,SCORED
FR-BBD3-PARENT-c0612,envipath_prediction,3,2932,0,0,54,54,43,False,0,SCORED
FR-BBD3-PARENT-c0626,envipath_prediction,3,2932,0,0,33,33,6,False,1,SCORED
FR-BBD3-PARENT-c0639,envipath_prediction,3,2932,0,0,31,31,21,False,0,SCORED
FR-BBD3-PARENT-c0653,envipath_prediction,3,2932,0,0,43,43,10,False,0,SCORED
FR-BBD3-PARENT-c0689,envipath_prediction,3,2932,0,0,42,42,37,False,0,SCORED
FR-BBD3-PARENT-c0691,envipath_prediction,3,2932,0,0,2,2,2,False,0,SCORED
FR-BBD3-PARENT-c0694,envipath_prediction,3,2932,0,0,11,11,10,False,0,SCORED
FR-BBD3-PARENT-c0764,envipath_prediction,3,2932,0,0,27,27,15,False,0,SCORED
FR-BBD3-PARENT-c0765,envipath_prediction,3,2932,0,0,34,34,23,False,0,SCORED
FR-BBD3-PARENT-c0865,envipath_prediction,3,2932,0,0,54,54,29,False,1,SCORED
FR-BBD3-PARENT-c0897,envipath_prediction,3,2932,0,0,32,32,9,False,0,SCORED
FR-BBD3-PARENT-c0908,envipath_prediction,3,2932,0,0,31,31,31,False,0,SCORED
FR-BBD3-PARENT-c0939,envipath_prediction,3,2932,0,0,0,0,0,False,0,NO_PREDICTION
FR-BBD3-PARENT-c0941,envipath_prediction,3,2932,0,0,20,20,19,False,4,SCORED
FR-BBD3-PARENT-c0946,envipath_prediction,3,2932,0,0,31,31,12,False,0,SCORED
FR-BBD3-PARENT-c0991,envipath_prediction,3,2932,0,0,1,1,1,False,0,SCORED
FR-BBD3-PARENT-c1013,envipath_prediction,3,2932,0,0,30,30,16,False,7,SCORED
FR-BBD3-PARENT-c1019,envipath_prediction,3,2932,0,0,3,3,3,False,0,SCORED
FR-BBD3-PARENT-c1039,envipath_prediction,3,2932,0,0,31,31,17,False,0,SCORED
FR-BBD3-PARENT-c1043,envipath_prediction,3,2932,0,0,82,82,52,False,0,SCORED
FR-BBD3-PARENT-c1066,envipath_prediction,3,2932,0,0,32,32,9,False,0,SCORED
FR-BBD3-PARENT-c1072,envipath_prediction,3,2932,0,0,51,51,37,False,0,SCORED
FR-BBD3-PARENT-c1078,envipath_prediction,3,2932,0,0,30,30,30,False,9,SCORED
FR-BBD3-PARENT-c1094,envipath_prediction,3,2932,0,0,19,19,6,False,0,SCORED
FR-BBD3-PARENT-c1161,envipath_prediction,3,2932,0,0,11,11,8,False,0,SCORED
FR-BBD3-PARENT-c1182,envipath_prediction,3,2932,0,0,15,15,15,False,0,SCORED
FR-BBD3-PARENT-c1188,envipath_prediction,3,2932,0,0,29,29,12,False,0,SCORED
FR-BBD3-PARENT-c1201,envipath_prediction,3,2932,0,0,0,0,0,False,0,NO_PREDICTION
FR-BBD3-PARENT-c1263,envipath_prediction,3,2932,0,0,21,21,10,False,0,SCORED
FR-BBD3-PARENT-c1266,envipath_prediction,3,2932,0,0,2,2,2,False,0,SCORED
FR-BBD3-PARENT-c1267,envipath_prediction,3,2932,0,0,5,5,4,False,0,SCORED
FR-BBD3-PARENT-c1285,envipath_prediction,3,2932,0,0,31,31,16,False,0,SCORED
FR-BBD3-PARENT-c1296,envipath_prediction,3,2932,0,0,52,52,8,False,0,SCORED
FR-BBD3-PARENT-c1313,envipath_prediction,3,2932,0,0,69,69,39,False,0,SCORED
FR-BBD3-PARENT-c1350,envipath_prediction,3,2932,0,0,38,38,26,False,0,SCORED
FR-BBD3-PARENT-c1352,envipath_prediction,3,2932,0,0,31,31,16,False,0,SCORED
FR-BBD3-PARENT-c1354,envipath_prediction,3,2932,0,0,33,33,16,False,0,SCORED
FR-BBD3-PARENT-c1383,envipath_prediction,3,2932,0,0,19,19,19,False,0,SCORED
FR-BBD3-PARENT-c1391,envipath_prediction,3,2932,0,0,71,71,41,False,0,SCORED
FR-BBD3-PARENT-c1412,envipath_prediction,3,2932,0,0,37,37,14,False,0,SCORED
FR-BBD3-PARENT-c1441,envipath_prediction,3,2932,0,0,63,62,4,False,0,SCORED
FR-BBD3-PARENT-c1457,envipath_prediction,3,2932,0,0,40,40,5,False,1,SCORED
FR-BBD3-PARENT-c1481,envipath_prediction,3,2932,0,0,31,31,18,False,0,SCORED
FR-BBD3-PARENT-c1524,envipath_prediction,3,2932,0,0,35,35,9,False,0,SCORED
FR-BBD3-PARENT-c1531,envipath_prediction,3,2932,0,0,35,35,26,False,0,SCORED
FR-BBD3-PARENT-c1549,envipath_prediction,3,2932,0,0,29,29,12,False,0,SCORED
FR-BBD3-PARENT-c1586,envipath_prediction,3,2932,0,0,39,39,8,False,0,SCORED
FR-BBD3-CAND-c0620,envipath_prediction,3,2932,0,0,20,20,18,False,0,SCORED
FR-BBD3-CAND-c0611,envipath_prediction,3,2932,0,0,55,55,34,False,0,SCORED
FR-BBD3-CAND-c0282,envipath_prediction,3,2932,0,0,33,33,26,False,0,SCORED
FR-BBD3-CAND-c0257,envipath_prediction,3,2932,0,0,31,31,24,False,0,SCORED
FR-BBD3-CAND-c1376,envipath_prediction,3,2932,0,0,56,56,41,False,0,SCORED
FR-BBD3-CAND-c0971,envipath_prediction,3,2932,0,0,11,11,11,False,0,SCORED
FR-BBD3-CAND-c0141,envipath_prediction,3,2932,0,0,28,28,19,False,1,SCORED
FR-BBD3-CAND-c1570,envipath_prediction,3,2932,0,0,40,40,14,False,0,SCORED
FR-BBD3-CAND-c0347,envipath_prediction,3,2932,0,0,2,2,2,False,0,SCORED
FR-BBD3-PARENT-c0001,envipath_prediction,5,2932,0,0,15,15,13,False,0,SCORED
FR-BBD3-PARENT-c0002,envipath_prediction,5,2932,0,0,58,58,35,False,0,SCORED
FR-BBD3-PARENT-c0006,envipath_prediction,5,2932,0,1,36,35,28,False,3,SCORED
FR-BBD3-PARENT-c0018,envipath_prediction,5,2932,0,0,34,34,27,False,0,SCORED
FR-BBD3-PARENT-c0039,envipath_prediction,5,2932,0,0,0,0,0,False,0,NO_PREDICTION
FR-BBD3-PARENT-c0116,envipath_prediction,5,2932,0,0,0,0,0,False,0,NO_PREDICTION
FR-BBD3-PARENT-c0118,envipath_prediction,5,2932,0,0,1,1,1,False,0,SCORED
FR-BBD3-PARENT-c0121,envipath_prediction,5,2932,0,0,55,55,46,False,6,SCORED
FR-BBD3-PARENT-c0134,envipath_prediction,5,2932,0,0,36,36,18,False,0,SCORED
FR-BBD3-PARENT-c0139,envipath_prediction,5,2932,0,0,28,28,26,False,0,SCORED
FR-BBD3-PARENT-c0148,envipath_prediction,5,2932,0,0,38,38,32,False,0,SCORED
FR-BBD3-PARENT-c0153,envipath_prediction,5,2932,0,0,50,50,42,False,0,SCORED
FR-BBD3-PARENT-c0163,envipath_prediction,5,2932,0,0,8,8,6,False,0,SCORED
FR-BBD3-PARENT-c0177,envipath_prediction,5,2932,0,0,54,54,44,False,0,SCORED
FR-BBD3-PARENT-c0233,envipath_prediction,5,2932,0,0,2,2,2,False,4,SCORED
FR-BBD3-PARENT-c0236,envipath_prediction,5,2932,0,0,1,1,1,False,0,SCORED
FR-BBD3-PARENT-c0245,envipath_prediction,5,2932,0,0,112,112,91,False,0,SCORED
FR-BBD3-PARENT-c0286,envipath_prediction,5,2932,0,0,20,20,18,False,0,SCORED
FR-BBD3-PARENT-c0288,envipath_prediction,5,2932,0,0,44,44,36,False,3,SCORED
FR-BBD3-PARENT-c0345,envipath_prediction,5,2932,0,0,139,139,63,False,0,SCORED
FR-BBD3-PARENT-c0352,envipath_prediction,5,2932,0,0,29,29,26,False,0,SCORED
FR-BBD3-PARENT-c0367,envipath_prediction,5,2932,0,0,78,78,64,False,0,SCORED
FR-BBD3-PARENT-c0371,envipath_prediction,5,2932,0,0,24,24,24,False,0,SCORED
FR-BBD3-PARENT-c0375,envipath_prediction,5,2932,0,0,32,32,32,False,3,SCORED
FR-BBD3-PARENT-c0388,envipath_prediction,5,2932,0,0,2,2,2,False,1,SCORED
FR-BBD3-PARENT-c0407,envipath_prediction,5,2932,0,0,31,31,28,False,0,SCORED
FR-BBD3-PARENT-c0426,envipath_prediction,5,2932,0,0,106,106,85,False,0,SCORED
FR-BBD3-PARENT-c0432,envipath_prediction,5,2932,0,0,30,30,29,False,0,SCORED
FR-BBD3-PARENT-c0444,envipath_prediction,5,2932,0,0,0,0,0,False,0,NO_PREDICTION
FR-BBD3-PARENT-c0480,envipath_prediction,5,2932,0,0,27,27,24,False,0,SCORED
FR-BBD3-PARENT-c0486,envipath_prediction,5,2932,0,0,4,4,4,False,0,SCORED
FR-BBD3-PARENT-c0526,envipath_prediction,5,2932,0,0,11,11,10,False,0,SCORED
FR-BBD3-PARENT-c0563,envipath_prediction,5,2932,0,0,26,26,23,False,0,SCORED
FR-BBD3-PARENT-c0593,envipath_prediction,5,2932,0,0,17,17,16,False,0,SCORED
FR-BBD3-PARENT-c0597,envipath_prediction,5,2932,0,0,3,3,3,False,0,SCORED
FR-BBD3-PARENT-c0604,envipath_prediction,5,2932,0,0,29,29,29,False,0,SCORED
FR-BBD3-PARENT-c0612,envipath_prediction,5,2932,0,0,54,54,46,False,0,SCORED
FR-BBD3-PARENT-c0626,envipath_prediction,5,2932,0,0,33,33,10,False,1,SCORED
FR-BBD3-PARENT-c0639,envipath_prediction,5,2932,0,0,31,31,24,False,0,SCORED
FR-BBD3-PARENT-c0653,envipath_prediction,5,2932,0,0,43,43,16,False,0,SCORED
FR-BBD3-PARENT-c0689,envipath_prediction,5,2932,0,0,42,42,38,False,0,SCORED
FR-BBD3-PARENT-c0691,envipath_prediction,5,2932,0,0,2,2,2,False,0,SCORED
FR-BBD3-PARENT-c0694,envipath_prediction,5,2932,0,0,11,11,11,False,0,SCORED
FR-BBD3-PARENT-c0764,envipath_prediction,5,2932,0,0,27,27,25,False,0,SCORED
FR-BBD3-PARENT-c0765,envipath_prediction,5,2932,0,0,34,34,30,False,0,SCORED
FR-BBD3-PARENT-c0865,envipath_prediction,5,2932,0,0,54,54,51,False,1,SCORED
FR-BBD3-PARENT-c0897,envipath_prediction,5,2932,0,0,32,32,12,False,0,SCORED
FR-BBD3-PARENT-c0908,envipath_prediction,5,2932,0,0,31,31,31,False,0,SCORED
FR-BBD3-PARENT-c0939,envipath_prediction,5,2932,0,0,0,0,0,False,0,NO_PREDICTION
FR-BBD3-PARENT-c0941,envipath_prediction,5,2932,0,0,20,20,20,False,4,SCORED
FR-BBD3-PARENT-c0946,envipath_prediction,5,2932,0,0,31,31,29,False,0,SCORED
FR-BBD3-PARENT-c0991,envipath_prediction,5,2932,0,0,1,1,1,False,0,SCORED
FR-BBD3-PARENT-c1013,envipath_prediction,5,2932,0,0,30,30,30,False,7,SCORED
FR-BBD3-PARENT-c1019,envipath_prediction,5,2932,0,0,3,3,3,False,0,SCORED
FR-BBD3-PARENT-c1039,envipath_prediction,5,2932,0,0,31,31,28,False,0,SCORED
FR-BBD3-PARENT-c1043,envipath_prediction,5,2932,0,0,82,82,81,False,0,SCORED
FR-BBD3-PARENT-c1066,envipath_prediction,5,2932,0,0,32,32,19,False,0,SCORED
FR-BBD3-PARENT-c1072,envipath_prediction,5,2932,0,0,51,51,45,False,0,SCORED
FR-BBD3-PARENT-c1078,envipath_prediction,5,2932,0,0,30,30,30,False,9,SCORED
FR-BBD3-PARENT-c1094,envipath_prediction,5,2932,0,0,19,19,16,False,0,SCORED
FR-BBD3-PARENT-c1161,envipath_prediction,5,2932,0,0,11,11,8,False,0,SCORED
FR-BBD3-PARENT-c1182,envipath_prediction,5,2932,0,0,15,15,15,False,0,SCORED
FR-BBD3-PARENT-c1188,envipath_prediction,5,2932,0,0,29,29,27,False,0,SCORED
FR-BBD3-PARENT-c1201,envipath_prediction,5,2932,0,0,0,0,0,False,0,NO_PREDICTION
FR-BBD3-PARENT-c1263,envipath_prediction,5,2932,0,0,21,21,11,False,0,SCORED
FR-BBD3-PARENT-c1266,envipath_prediction,5,2932,0,0,2,2,2,False,0,SCORED
FR-BBD3-PARENT-c1267,envipath_prediction,5,2932,0,0,5,5,4,False,0,SCORED
FR-BBD3-PARENT-c1285,envipath_prediction,5,2932,0,0,31,31,21,False,0,SCORED
FR-BBD3-PARENT-c1296,envipath_prediction,5,2932,0,0,52,52,22,False,0,SCORED
FR-BBD3-PARENT-c1313,envipath_prediction,5,2932,0,0,69,69,53,False,0,SCORED
FR-BBD3-PARENT-c1350,envipath_prediction,5,2932,0,0,38,38,26,False,0,SCORED
FR-BBD3-PARENT-c1352,envipath_prediction,5,2932,0,0,31,31,18,False,0,SCORED
FR-BBD3-PARENT-c1354,envipath_prediction,5,2932,0,0,33,33,28,False,0,SCORED
FR-BBD3-PARENT-c1383,envipath_prediction,5,2932,0,0,19,19,19,False,0,SCORED
FR-BBD3-PARENT-c1391,envipath_prediction,5,2932,0,0,71,71,58,False,0,SCORED
FR-BBD3-PARENT-c1412,envipath_prediction,5,2932,0,0,37,37,22,False,0,SCORED
FR-BBD3-PARENT-c1441,envipath_prediction,5,2932,0,0,63,62,39,False,0,SCORED
FR-BBD3-PARENT-c1457,envipath_prediction,5,2932,0,0,40,40,13,False,1,SCORED
FR-BBD3-PARENT-c1481,envipath_prediction,5,2932,0,0,31,31,18,False,0,SCORED
FR-BBD3-PARENT-c1524,envipath_prediction,5,2932,0,0,35,35,22,False,0,SCORED
FR-BBD3-PARENT-c1531,envipath_prediction,5,2932,0,0,35,35,30,False,0,SCORED
FR-BBD3-PARENT-c1549,envipath_prediction,5,2932,0,0,29,29,24,False,0,SCORED
FR-BBD3-PARENT-c1586,envipath_prediction,5,2932,0,0,39,39,26,False,0,SCORED
FR-BBD3-CAND-c0620,envipath_prediction,5,2932,0,0,20,20,18,False,0,SCORED
FR-BBD3-CAND-c0611,envipath_prediction,5,2932,0,0,55,55,46,False,0,SCORED
FR-BBD3-CAND-c0282,envipath_prediction,5,2932,0,0,33,33,31,False,0,SCORED
FR-BBD3-CAND-c0257,envipath_prediction,5,2932,0,0,31,31,25,False,0,SCORED
FR-BBD3-CAND-c1376,envipath_prediction,5,2932,0,0,56,56,48,False,0,SCORED
FR-BBD3-CAND-c0971,envipath_prediction,5,2932,0,0,11,11,11,False,0,SCORED
FR-BBD3-CAND-c0141,envipath_prediction,5,2932,0,0,28,28,26,False,1,SCORED
FR-BBD3-CAND-c1570,envipath_prediction,5,2932,0,0,40,40,33,False,0,SCORED
FR-BBD3-CAND-c0347,envipath_prediction,5,2932,0,0,2,2,2,False,0,SCORED
FR-BBD3-PARENT-c0001,envipath_prediction,10,2932,0,0,15,15,13,False,0,SCORED
FR-BBD3-PARENT-c0002,envipath_prediction,10,2932,0,0,58,58,46,False,0,SCORED
FR-BBD3-PARENT-c0006,envipath_prediction,10,2932,0,1,36,35,32,False,3,SCORED
FR-BBD3-PARENT-c0018,envipath_prediction,10,2932,0,0,34,34,27,False,0,SCORED
FR-BBD3-PARENT-c0039,envipath_prediction,10,2932,0,0,0,0,0,False,0,NO_PREDICTION
FR-BBD3-PARENT-c0116,envipath_prediction,10,2932,0,0,0,0,0,False,0,NO_PREDICTION
FR-BBD3-PARENT-c0118,envipath_prediction,10,2932,0,0,1,1,1,False,0,SCORED
FR-BBD3-PARENT-c0121,envipath_prediction,10,2932,0,0,55,55,49,False,6,SCORED
FR-BBD3-PARENT-c0134,envipath_prediction,10,2932,0,0,36,36,18,False,0,SCORED
FR-BBD3-PARENT-c0139,envipath_prediction,10,2932,0,0,28,28,27,False,0,SCORED
FR-BBD3-PARENT-c0148,envipath_prediction,10,2932,0,0,38,38,32,False,0,SCORED
FR-BBD3-PARENT-c0153,envipath_prediction,10,2932,0,0,50,50,43,False,0,SCORED
FR-BBD3-PARENT-c0163,envipath_prediction,10,2932,0,0,8,8,6,False,0,SCORED
FR-BBD3-PARENT-c0177,envipath_prediction,10,2932,0,0,54,54,44,False,0,SCORED
FR-BBD3-PARENT-c0233,envipath_prediction,10,2932,0,0,2,2,2,False,4,SCORED
FR-BBD3-PARENT-c0236,envipath_prediction,10,2932,0,0,1,1,1,False,0,SCORED
FR-BBD3-PARENT-c0245,envipath_prediction,10,2932,0,0,112,112,96,False,0,SCORED
FR-BBD3-PARENT-c0286,envipath_prediction,10,2932,0,0,20,20,18,False,0,SCORED
FR-BBD3-PARENT-c0288,envipath_prediction,10,2932,0,0,44,44,36,False,3,SCORED
FR-BBD3-PARENT-c0345,envipath_prediction,10,2932,0,0,139,139,119,False,0,SCORED
FR-BBD3-PARENT-c0352,envipath_prediction,10,2932,0,0,29,29,26,False,0,SCORED
FR-BBD3-PARENT-c0367,envipath_prediction,10,2932,0,0,78,78,68,False,0,SCORED
FR-BBD3-PARENT-c0371,envipath_prediction,10,2932,0,0,24,24,24,False,0,SCORED
FR-BBD3-PARENT-c0375,envipath_prediction,10,2932,0,0,32,32,32,False,3,SCORED
FR-BBD3-PARENT-c0388,envipath_prediction,10,2932,0,0,2,2,2,False,1,SCORED
FR-BBD3-PARENT-c0407,envipath_prediction,10,2932,0,0,31,31,31,False,0,SCORED
FR-BBD3-PARENT-c0426,envipath_prediction,10,2932,0,0,106,106,92,False,0,SCORED
FR-BBD3-PARENT-c0432,envipath_prediction,10,2932,0,0,30,30,29,False,0,SCORED
FR-BBD3-PARENT-c0444,envipath_prediction,10,2932,0,0,0,0,0,False,0,NO_PREDICTION
FR-BBD3-PARENT-c0480,envipath_prediction,10,2932,0,0,27,27,24,False,0,SCORED
FR-BBD3-PARENT-c0486,envipath_prediction,10,2932,0,0,4,4,4,False,0,SCORED
FR-BBD3-PARENT-c0526,envipath_prediction,10,2932,0,0,11,11,10,False,0,SCORED
FR-BBD3-PARENT-c0563,envipath_prediction,10,2932,0,0,26,26,24,False,0,SCORED
FR-BBD3-PARENT-c0593,envipath_prediction,10,2932,0,0,17,17,16,False,0,SCORED
FR-BBD3-PARENT-c0597,envipath_prediction,10,2932,0,0,3,3,3,False,0,SCORED
FR-BBD3-PARENT-c0604,envipath_prediction,10,2932,0,0,29,29,29,False,0,SCORED
FR-BBD3-PARENT-c0612,envipath_prediction,10,2932,0,0,54,54,46,False,0,SCORED
FR-BBD3-PARENT-c0626,envipath_prediction,10,2932,0,0,33,33,33,False,1,SCORED
FR-BBD3-PARENT-c0639,envipath_prediction,10,2932,0,0,31,31,29,False,0,SCORED
FR-BBD3-PARENT-c0653,envipath_prediction,10,2932,0,0,43,43,36,False,0,SCORED
FR-BBD3-PARENT-c0689,envipath_prediction,10,2932,0,0,42,42,38,False,0,SCORED
FR-BBD3-PARENT-c0691,envipath_prediction,10,2932,0,0,2,2,2,False,0,SCORED
FR-BBD3-PARENT-c0694,envipath_prediction,10,2932,0,0,11,11,11,False,0,SCORED
FR-BBD3-PARENT-c0764,envipath_prediction,10,2932,0,0,27,27,25,False,0,SCORED
FR-BBD3-PARENT-c0765,envipath_prediction,10,2932,0,0,34,34,30,False,0,SCORED
FR-BBD3-PARENT-c0865,envipath_prediction,10,2932,0,0,54,54,53,False,1,SCORED
FR-BBD3-PARENT-c0897,envipath_prediction,10,2932,0,0,32,32,30,False,0,SCORED
FR-BBD3-PARENT-c0908,envipath_prediction,10,2932,0,0,31,31,31,False,0,SCORED
FR-BBD3-PARENT-c0939,envipath_prediction,10,2932,0,0,0,0,0,False,0,NO_PREDICTION
FR-BBD3-PARENT-c0941,envipath_prediction,10,2932,0,0,20,20,20,False,4,SCORED
FR-BBD3-PARENT-c0946,envipath_prediction,10,2932,0,0,31,31,31,False,0,SCORED
FR-BBD3-PARENT-c0991,envipath_prediction,10,2932,0,0,1,1,1,False,0,SCORED
FR-BBD3-PARENT-c1013,envipath_prediction,10,2932,0,0,30,30,30,False,7,SCORED
FR-BBD3-PARENT-c1019,envipath_prediction,10,2932,0,0,3,3,3,False,0,SCORED
FR-BBD3-PARENT-c1039,envipath_prediction,10,2932,0,0,31,31,28,False,0,SCORED
FR-BBD3-PARENT-c1043,envipath_prediction,10,2932,0,0,82,82,82,False,0,SCORED
FR-BBD3-PARENT-c1066,envipath_prediction,10,2932,0,0,32,32,32,False,0,SCORED
FR-BBD3-PARENT-c1072,envipath_prediction,10,2932,0,0,51,51,45,False,0,SCORED
FR-BBD3-PARENT-c1078,envipath_prediction,10,2932,0,0,30,30,30,False,9,SCORED
FR-BBD3-PARENT-c1094,envipath_prediction,10,2932,0,0,19,19,16,False,0,SCORED
FR-BBD3-PARENT-c1161,envipath_prediction,10,2932,0,0,11,11,8,False,0,SCORED
FR-BBD3-PARENT-c1182,envipath_prediction,10,2932,0,0,15,15,15,False,0,SCORED
FR-BBD3-PARENT-c1188,envipath_prediction,10,2932,0,0,29,29,29,False,0,SCORED
FR-BBD3-PARENT-c1201,envipath_prediction,10,2932,0,0,0,0,0,False,0,NO_PREDICTION
FR-BBD3-PARENT-c1263,envipath_prediction,10,2932,0,0,21,21,11,False,0,SCORED
FR-BBD3-PARENT-c1266,envipath_prediction,10,2932,0,0,2,2,2,False,0,SCORED
FR-BBD3-PARENT-c1267,envipath_prediction,10,2932,0,0,5,5,4,False,0,SCORED
FR-BBD3-PARENT-c1285,envipath_prediction,10,2932,0,0,31,31,30,False,0,SCORED
FR-BBD3-PARENT-c1296,envipath_prediction,10,2932,0,0,52,52,45,False,0,SCORED
FR-BBD3-PARENT-c1313,envipath_prediction,10,2932,0,0,69,69,61,False,0,SCORED
FR-BBD3-PARENT-c1350,envipath_prediction,10,2932,0,0,38,38,26,False,0,SCORED
FR-BBD3-PARENT-c1352,envipath_prediction,10,2932,0,0,31,31,27,False,0,SCORED
FR-BBD3-PARENT-c1354,envipath_prediction,10,2932,0,0,33,33,30,False,0,SCORED
FR-BBD3-PARENT-c1383,envipath_prediction,10,2932,0,0,19,19,19,False,0,SCORED
FR-BBD3-PARENT-c1391,envipath_prediction,10,2932,0,0,71,71,59,False,0,SCORED
FR-BBD3-PARENT-c1412,envipath_prediction,10,2932,0,0,37,37,37,False,0,SCORED
FR-BBD3-PARENT-c1441,envipath_prediction,10,2932,0,0,63,62,51,False,0,SCORED
FR-BBD3-PARENT-c1457,envipath_prediction,10,2932,0,0,40,40,37,False,1,SCORED
FR-BBD3-PARENT-c1481,envipath_prediction,10,2932,0,0,31,31,18,False,0,SCORED
FR-BBD3-PARENT-c1524,envipath_prediction,10,2932,0,0,35,35,34,False,0,SCORED
FR-BBD3-PARENT-c1531,envipath_prediction,10,2932,0,0,35,35,30,False,0,SCORED
FR-BBD3-PARENT-c1549,envipath_prediction,10,2932,0,0,29,29,29,False,0,SCORED
FR-BBD3-PARENT-c1586,envipath_prediction,10,2932,0,0,39,39,33,False,0,SCORED
FR-BBD3-CAND-c0620,envipath_prediction,10,2932,0,0,20,20,18,False,0,SCORED
FR-BBD3-CAND-c0611,envipath_prediction,10,2932,0,0,55,55,46,False,0,SCORED
FR-BBD3-CAND-c0282,envipath_prediction,10,2932,0,0,33,33,31,False,0,SCORED
FR-BBD3-CAND-c0257,envipath_prediction,10,2932,0,0,31,31,25,False,0,SCORED
FR-BBD3-CAND-c1376,envipath_prediction,10,2932,0,0,56,56,50,False,0,SCORED
FR-BBD3-CAND-c0971,envipath_prediction,10,2932,0,0,11,11,11,False,0,SCORED
FR-BBD3-CAND-c0141,envipath_prediction,10,2932,0,0,28,28,27,False,1,SCORED
FR-BBD3-CAND-c1570,envipath_prediction,10,2932,0,0,40,40,33,False,0,SCORED
FR-BBD3-CAND-c0347,envipath_prediction,10,2932,0,0,2,2,2,False,0,SCORED
FR-BBD3-PARENT-c0001,eclipse_predec,1,29530,0,46,296,248,3,False,0,SCORED
FR-BBD3-PARENT-c0002,eclipse_predec,1,29530,0,38,275,236,2,False,0,SCORED
FR-BBD3-PARENT-c0006,eclipse_predec,1,29530,0,52,320,268,4,False,3,SCORED
FR-BBD3-PARENT-c0018,eclipse_predec,1,29530,0,36,214,176,4,False,0,SCORED
FR-BBD3-PARENT-c0039,eclipse_predec,1,29530,0,51,381,330,5,False,0,SCORED
FR-BBD3-PARENT-c0116,eclipse_predec,1,29530,0,42,345,303,2,False,0,SCORED
FR-BBD3-PARENT-c0118,eclipse_predec,1,29530,0,41,329,288,3,False,0,SCORED
FR-BBD3-PARENT-c0121,eclipse_predec,1,29530,0,56,339,283,3,False,6,SCORED
FR-BBD3-PARENT-c0134,eclipse_predec,1,29530,0,40,276,236,4,False,0,SCORED
FR-BBD3-PARENT-c0139,eclipse_predec,1,29530,0,49,386,337,4,False,0,SCORED
FR-BBD3-PARENT-c0148,eclipse_predec,1,29530,0,25,321,296,5,False,0,SCORED
FR-BBD3-PARENT-c0153,eclipse_predec,1,29530,0,54,348,294,6,False,0,SCORED
FR-BBD3-PARENT-c0163,eclipse_predec,1,29530,0,30,266,233,6,False,0,SCORED
FR-BBD3-PARENT-c0177,eclipse_predec,1,29530,0,60,400,340,6,False,0,SCORED
FR-BBD3-PARENT-c0233,eclipse_predec,1,29530,0,33,297,260,5,False,4,SCORED
FR-BBD3-PARENT-c0236,eclipse_predec,1,29530,0,53,317,262,4,False,0,SCORED
FR-BBD3-PARENT-c0245,eclipse_predec,1,29530,0,53,326,273,5,False,0,SCORED
FR-BBD3-PARENT-c0286,eclipse_predec,1,29530,0,45,306,261,3,False,0,SCORED
FR-BBD3-PARENT-c0288,eclipse_predec,1,29530,0,55,358,303,6,False,3,SCORED
FR-BBD3-PARENT-c0345,eclipse_predec,1,29530,0,58,349,291,2,False,0,SCORED
FR-BBD3-PARENT-c0352,eclipse_predec,1,29530,0,48,308,259,6,False,0,SCORED
FR-BBD3-PARENT-c0367,eclipse_predec,1,29530,0,50,284,234,4,False,0,SCORED
FR-BBD3-PARENT-c0371,eclipse_predec,1,29530,0,56,335,279,3,False,0,SCORED
FR-BBD3-PARENT-c0375,eclipse_predec,1,29530,0,54,324,270,5,False,3,SCORED
FR-BBD3-PARENT-c0388,eclipse_predec,1,29530,0,50,331,281,6,False,1,SCORED
FR-BBD3-PARENT-c0407,eclipse_predec,1,29530,0,60,333,273,3,False,0,SCORED
FR-BBD3-PARENT-c0426,eclipse_predec,1,29530,0,63,374,311,3,False,0,SCORED
FR-BBD3-PARENT-c0432,eclipse_predec,1,29530,0,39,237,198,3,False,0,SCORED
FR-BBD3-PARENT-c0444,eclipse_predec,1,29530,0,53,344,291,6,False,0,SCORED
FR-BBD3-PARENT-c0480,eclipse_predec,1,29530,0,37,284,247,3,False,0,SCORED
FR-BBD3-PARENT-c0486,eclipse_predec,1,29530,0,30,274,241,2,False,0,SCORED
FR-BBD3-PARENT-c0526,eclipse_predec,1,29530,0,35,340,303,3,False,0,SCORED
FR-BBD3-PARENT-c0563,eclipse_predec,1,29530,0,32,348,316,4,False,0,SCORED
FR-BBD3-PARENT-c0593,eclipse_predec,1,29530,0,56,372,316,6,False,0,SCORED
FR-BBD3-PARENT-c0597,eclipse_predec,1,29530,0,37,335,295,4,False,0,SCORED
FR-BBD3-PARENT-c0604,eclipse_predec,1,29530,0,100,360,260,2,False,0,SCORED
FR-BBD3-PARENT-c0612,eclipse_predec,1,29530,0,41,235,194,5,False,0,SCORED
FR-BBD3-PARENT-c0626,eclipse_predec,1,29530,0,87,344,257,3,False,1,SCORED
FR-BBD3-PARENT-c0639,eclipse_predec,1,29530,0,37,299,260,6,False,0,SCORED
FR-BBD3-PARENT-c0653,eclipse_predec,1,29530,0,40,363,323,4,False,0,SCORED
FR-BBD3-PARENT-c0689,eclipse_predec,1,29530,0,52,312,260,4,False,0,SCORED
FR-BBD3-PARENT-c0691,eclipse_predec,1,29530,0,40,306,264,2,False,0,SCORED
FR-BBD3-PARENT-c0694,eclipse_predec,1,29530,0,46,342,296,5,False,0,SCORED
FR-BBD3-PARENT-c0764,eclipse_predec,1,29530,0,33,281,248,4,False,0,SCORED
FR-BBD3-PARENT-c0765,eclipse_predec,1,29530,0,41,313,272,3,False,0,SCORED
FR-BBD3-PARENT-c0865,eclipse_predec,1,29530,0,44,335,291,2,False,1,SCORED
FR-BBD3-PARENT-c0897,eclipse_predec,1,29530,0,37,344,307,3,False,0,SCORED
FR-BBD3-PARENT-c0908,eclipse_predec,1,29530,0,48,282,232,5,False,0,SCORED
FR-BBD3-PARENT-c0939,eclipse_predec,1,29530,0,45,296,249,3,False,0,SCORED
FR-BBD3-PARENT-c0941,eclipse_predec,1,29530,0,54,301,247,6,False,4,SCORED
FR-BBD3-PARENT-c0946,eclipse_predec,1,29530,0,54,377,323,2,False,0,SCORED
FR-BBD3-PARENT-c0991,eclipse_predec,1,29530,0,45,331,286,3,False,0,SCORED
FR-BBD3-PARENT-c1013,eclipse_predec,1,29530,0,43,320,277,5,False,7,SCORED
FR-BBD3-PARENT-c1019,eclipse_predec,1,29530,0,44,328,284,3,False,0,SCORED
FR-BBD3-PARENT-c1039,eclipse_predec,1,29530,0,61,363,302,6,False,0,SCORED
FR-BBD3-PARENT-c1043,eclipse_predec,1,29530,0,39,312,273,4,False,0,SCORED
FR-BBD3-PARENT-c1066,eclipse_predec,1,29530,0,66,272,206,1,False,0,SCORED
FR-BBD3-PARENT-c1072,eclipse_predec,1,29530,0,51,335,284,3,False,0,SCORED
FR-BBD3-PARENT-c1078,eclipse_predec,1,29530,0,36,360,324,2,False,9,SCORED
FR-BBD3-PARENT-c1094,eclipse_predec,1,29530,0,35,257,222,3,False,0,SCORED
FR-BBD3-PARENT-c1161,eclipse_predec,1,29530,0,34,268,234,4,False,0,SCORED
FR-BBD3-PARENT-c1182,eclipse_predec,1,29530,0,45,343,298,2,False,0,SCORED
FR-BBD3-PARENT-c1188,eclipse_predec,1,29530,0,57,345,288,6,False,0,SCORED
FR-BBD3-PARENT-c1201,eclipse_predec,1,29530,0,55,308,253,6,False,0,SCORED
FR-BBD3-PARENT-c1263,eclipse_predec,1,29530,0,35,277,242,5,False,0,SCORED
FR-BBD3-PARENT-c1266,eclipse_predec,1,29530,0,43,356,313,4,False,0,SCORED
FR-BBD3-PARENT-c1267,eclipse_predec,1,29530,0,48,276,228,4,False,0,SCORED
FR-BBD3-PARENT-c1285,eclipse_predec,1,29530,0,43,351,308,5,False,0,SCORED
FR-BBD3-PARENT-c1296,eclipse_predec,1,29530,0,50,333,283,6,False,0,SCORED
FR-BBD3-PARENT-c1313,eclipse_predec,1,29530,0,29,260,231,6,False,0,SCORED
FR-BBD3-PARENT-c1350,eclipse_predec,1,29530,0,38,328,290,2,False,0,SCORED
FR-BBD3-PARENT-c1352,eclipse_predec,1,29530,0,46,310,264,3,False,0,SCORED
FR-BBD3-PARENT-c1354,eclipse_predec,1,29530,0,37,281,241,2,False,0,SCORED
FR-BBD3-PARENT-c1383,eclipse_predec,1,29530,0,54,398,344,4,False,0,SCORED
FR-BBD3-PARENT-c1391,eclipse_predec,1,29530,0,62,355,293,1,False,0,SCORED
FR-BBD3-PARENT-c1412,eclipse_predec,1,29530,0,54,334,280,3,False,0,SCORED
FR-BBD3-PARENT-c1441,eclipse_predec,1,29530,0,33,324,291,3,False,0,SCORED
FR-BBD3-PARENT-c1457,eclipse_predec,1,29530,0,41,320,279,4,False,1,SCORED
FR-BBD3-PARENT-c1481,eclipse_predec,1,29530,0,30,292,260,3,False,0,SCORED
FR-BBD3-PARENT-c1524,eclipse_predec,1,29530,0,43,342,298,6,False,0,SCORED
FR-BBD3-PARENT-c1531,eclipse_predec,1,29530,0,36,314,278,5,False,0,SCORED
FR-BBD3-PARENT-c1549,eclipse_predec,1,29530,0,88,288,200,2,False,0,SCORED
FR-BBD3-PARENT-c1586,eclipse_predec,1,29530,0,33,295,262,3,False,0,SCORED
FR-BBD3-CAND-c0620,eclipse_predec,1,29530,0,43,308,263,3,False,0,SCORED
FR-BBD3-CAND-c0611,eclipse_predec,1,29530,0,49,242,193,6,False,0,SCORED
FR-BBD3-CAND-c0282,eclipse_predec,1,29530,0,52,269,217,3,False,0,SCORED
FR-BBD3-CAND-c0257,eclipse_predec,1,29530,0,41,237,195,6,False,0,SCORED
FR-BBD3-CAND-c1376,eclipse_predec,1,29530,0,43,331,288,6,False,0,SCORED
FR-BBD3-CAND-c0971,eclipse_predec,1,29530,0,34,274,240,4,False,0,SCORED
FR-BBD3-CAND-c0141,eclipse_predec,1,29530,0,54,388,334,5,False,1,SCORED
FR-BBD3-CAND-c1570,eclipse_predec,1,29530,0,62,331,269,2,False,0,SCORED
FR-BBD3-CAND-c0347,eclipse_predec,1,29530,0,35,273,234,2,False,0,SCORED
FR-BBD3-PARENT-c0001,eclipse_predec,3,29530,0,46,296,248,20,False,0,SCORED
FR-BBD3-PARENT-c0002,eclipse_predec,3,29530,0,38,275,236,75,False,0,SCORED
FR-BBD3-PARENT-c0006,eclipse_predec,3,29530,0,52,320,268,62,False,3,SCORED
FR-BBD3-PARENT-c0018,eclipse_predec,3,29530,0,36,214,176,64,False,0,SCORED
FR-BBD3-PARENT-c0039,eclipse_predec,3,29530,0,51,381,330,46,False,0,SCORED
FR-BBD3-PARENT-c0116,eclipse_predec,3,29530,0,42,345,303,26,False,0,SCORED
FR-BBD3-PARENT-c0118,eclipse_predec,3,29530,0,41,329,288,67,False,0,SCORED
FR-BBD3-PARENT-c0121,eclipse_predec,3,29530,0,56,339,283,53,False,6,SCORED
FR-BBD3-PARENT-c0134,eclipse_predec,3,29530,0,40,276,236,31,False,0,SCORED
FR-BBD3-PARENT-c0139,eclipse_predec,3,29530,0,49,386,337,56,False,0,SCORED
FR-BBD3-PARENT-c0148,eclipse_predec,3,29530,0,25,321,296,72,False,0,SCORED
FR-BBD3-PARENT-c0153,eclipse_predec,3,29530,0,54,348,294,94,False,0,SCORED
FR-BBD3-PARENT-c0163,eclipse_predec,3,29530,0,30,266,233,47,False,0,SCORED
FR-BBD3-PARENT-c0177,eclipse_predec,3,29530,0,60,400,340,65,False,0,SCORED
FR-BBD3-PARENT-c0233,eclipse_predec,3,29530,0,33,297,260,45,False,4,SCORED
FR-BBD3-PARENT-c0236,eclipse_predec,3,29530,0,53,317,262,78,False,0,SCORED
FR-BBD3-PARENT-c0245,eclipse_predec,3,29530,0,53,326,273,66,False,0,SCORED
FR-BBD3-PARENT-c0286,eclipse_predec,3,29530,0,45,306,261,55,False,0,SCORED
FR-BBD3-PARENT-c0288,eclipse_predec,3,29530,0,55,358,303,34,False,3,SCORED
FR-BBD3-PARENT-c0345,eclipse_predec,3,29530,0,58,349,291,52,False,0,SCORED
FR-BBD3-PARENT-c0352,eclipse_predec,3,29530,0,48,308,259,68,False,0,SCORED
FR-BBD3-PARENT-c0367,eclipse_predec,3,29530,0,50,284,234,74,False,0,SCORED
FR-BBD3-PARENT-c0371,eclipse_predec,3,29530,0,56,335,279,40,False,0,SCORED
FR-BBD3-PARENT-c0375,eclipse_predec,3,29530,0,54,324,270,35,False,3,SCORED
FR-BBD3-PARENT-c0388,eclipse_predec,3,29530,0,50,331,281,64,False,1,SCORED
FR-BBD3-PARENT-c0407,eclipse_predec,3,29530,0,60,333,273,75,False,0,SCORED
FR-BBD3-PARENT-c0426,eclipse_predec,3,29530,0,63,374,311,47,False,0,SCORED
FR-BBD3-PARENT-c0432,eclipse_predec,3,29530,0,39,237,198,70,False,0,SCORED
FR-BBD3-PARENT-c0444,eclipse_predec,3,29530,0,53,344,291,35,False,0,SCORED
FR-BBD3-PARENT-c0480,eclipse_predec,3,29530,0,37,284,247,86,False,0,SCORED
FR-BBD3-PARENT-c0486,eclipse_predec,3,29530,0,30,274,241,66,False,0,SCORED
FR-BBD3-PARENT-c0526,eclipse_predec,3,29530,0,35,340,303,32,False,0,SCORED
FR-BBD3-PARENT-c0563,eclipse_predec,3,29530,0,32,348,316,21,False,0,SCORED
FR-BBD3-PARENT-c0593,eclipse_predec,3,29530,0,56,372,316,73,False,0,SCORED
FR-BBD3-PARENT-c0597,eclipse_predec,3,29530,0,37,335,295,15,False,0,SCORED
FR-BBD3-PARENT-c0604,eclipse_predec,3,29530,0,100,360,260,47,False,0,SCORED
FR-BBD3-PARENT-c0612,eclipse_predec,3,29530,0,41,235,194,72,False,0,SCORED
FR-BBD3-PARENT-c0626,eclipse_predec,3,29530,0,87,344,257,9,False,1,SCORED
FR-BBD3-PARENT-c0639,eclipse_predec,3,29530,0,37,299,260,86,False,0,SCORED
FR-BBD3-PARENT-c0653,eclipse_predec,3,29530,0,40,363,323,31,False,0,SCORED
FR-BBD3-PARENT-c0689,eclipse_predec,3,29530,0,52,312,260,66,False,0,SCORED
FR-BBD3-PARENT-c0691,eclipse_predec,3,29530,0,40,306,264,17,False,0,SCORED
FR-BBD3-PARENT-c0694,eclipse_predec,3,29530,0,46,342,296,74,False,0,SCORED
FR-BBD3-PARENT-c0764,eclipse_predec,3,29530,0,33,281,248,92,False,0,SCORED
FR-BBD3-PARENT-c0765,eclipse_predec,3,29530,0,41,313,272,63,False,0,SCORED
FR-BBD3-PARENT-c0865,eclipse_predec,3,29530,0,44,335,291,32,False,1,SCORED
FR-BBD3-PARENT-c0897,eclipse_predec,3,29530,0,37,344,307,17,False,0,SCORED
FR-BBD3-PARENT-c0908,eclipse_predec,3,29530,0,48,282,232,50,False,0,SCORED
FR-BBD3-PARENT-c0939,eclipse_predec,3,29530,0,45,296,249,10,False,0,SCORED
FR-BBD3-PARENT-c0941,eclipse_predec,3,29530,0,54,301,247,74,False,4,SCORED
FR-BBD3-PARENT-c0946,eclipse_predec,3,29530,0,54,377,323,63,False,0,SCORED
FR-BBD3-PARENT-c0991,eclipse_predec,3,29530,0,45,331,286,97,False,0,SCORED
FR-BBD3-PARENT-c1013,eclipse_predec,3,29530,0,43,320,277,48,False,7,SCORED
FR-BBD3-PARENT-c1019,eclipse_predec,3,29530,0,44,328,284,49,False,0,SCORED
FR-BBD3-PARENT-c1039,eclipse_predec,3,29530,0,61,363,302,62,False,0,SCORED
FR-BBD3-PARENT-c1043,eclipse_predec,3,29530,0,39,312,273,90,False,0,SCORED
FR-BBD3-PARENT-c1066,eclipse_predec,3,29530,0,66,272,206,72,False,0,SCORED
FR-BBD3-PARENT-c1072,eclipse_predec,3,29530,0,51,335,284,43,False,0,SCORED
FR-BBD3-PARENT-c1078,eclipse_predec,3,29530,0,36,360,324,55,False,9,SCORED
FR-BBD3-PARENT-c1094,eclipse_predec,3,29530,0,35,257,222,79,False,0,SCORED
FR-BBD3-PARENT-c1161,eclipse_predec,3,29530,0,34,268,234,71,False,0,SCORED
FR-BBD3-PARENT-c1182,eclipse_predec,3,29530,0,45,343,298,34,False,0,SCORED
FR-BBD3-PARENT-c1188,eclipse_predec,3,29530,0,57,345,288,18,False,0,SCORED
FR-BBD3-PARENT-c1201,eclipse_predec,3,29530,0,55,308,253,52,False,0,SCORED
FR-BBD3-PARENT-c1263,eclipse_predec,3,29530,0,35,277,242,83,False,0,SCORED
FR-BBD3-PARENT-c1266,eclipse_predec,3,29530,0,43,356,313,64,False,0,SCORED
FR-BBD3-PARENT-c1267,eclipse_predec,3,29530,0,48,276,228,69,False,0,SCORED
FR-BBD3-PARENT-c1285,eclipse_predec,3,29530,0,43,351,308,47,False,0,SCORED
FR-BBD3-PARENT-c1296,eclipse_predec,3,29530,0,50,333,283,78,False,0,SCORED
FR-BBD3-PARENT-c1313,eclipse_predec,3,29530,0,29,260,231,38,False,0,SCORED
FR-BBD3-PARENT-c1350,eclipse_predec,3,29530,0,38,328,290,41,False,0,SCORED
FR-BBD3-PARENT-c1352,eclipse_predec,3,29530,0,46,310,264,72,False,0,SCORED
FR-BBD3-PARENT-c1354,eclipse_predec,3,29530,0,37,281,241,52,False,0,SCORED
FR-BBD3-PARENT-c1383,eclipse_predec,3,29530,0,54,398,344,67,False,0,SCORED
FR-BBD3-PARENT-c1391,eclipse_predec,3,29530,0,62,355,293,33,False,0,SCORED
FR-BBD3-PARENT-c1412,eclipse_predec,3,29530,0,54,334,280,48,False,0,SCORED
FR-BBD3-PARENT-c1441,eclipse_predec,3,29530,0,33,324,291,34,False,0,SCORED
FR-BBD3-PARENT-c1457,eclipse_predec,3,29530,0,41,320,279,48,False,1,SCORED
FR-BBD3-PARENT-c1481,eclipse_predec,3,29530,0,30,292,260,66,False,0,SCORED
FR-BBD3-PARENT-c1524,eclipse_predec,3,29530,0,43,342,298,82,False,0,SCORED
FR-BBD3-PARENT-c1531,eclipse_predec,3,29530,0,36,314,278,87,False,0,SCORED
FR-BBD3-PARENT-c1549,eclipse_predec,3,29530,0,88,288,200,30,False,0,SCORED
FR-BBD3-PARENT-c1586,eclipse_predec,3,29530,0,33,295,262,91,False,0,SCORED
FR-BBD3-CAND-c0620,eclipse_predec,3,29530,0,43,308,263,89,False,0,SCORED
FR-BBD3-CAND-c0611,eclipse_predec,3,29530,0,49,242,193,73,False,0,SCORED
FR-BBD3-CAND-c0282,eclipse_predec,3,29530,0,52,269,217,58,False,0,SCORED
FR-BBD3-CAND-c0257,eclipse_predec,3,29530,0,41,237,195,61,False,0,SCORED
FR-BBD3-CAND-c1376,eclipse_predec,3,29530,0,43,331,288,86,False,0,SCORED
FR-BBD3-CAND-c0971,eclipse_predec,3,29530,0,34,274,240,67,False,0,SCORED
FR-BBD3-CAND-c0141,eclipse_predec,3,29530,0,54,388,334,43,False,1,SCORED
FR-BBD3-CAND-c1570,eclipse_predec,3,29530,0,62,331,269,24,False,0,SCORED
FR-BBD3-CAND-c0347,eclipse_predec,3,29530,0,35,273,234,17,False,0,SCORED
FR-BBD3-PARENT-c0001,eclipse_predec,5,29530,0,46,296,248,64,False,0,SCORED
FR-BBD3-PARENT-c0002,eclipse_predec,5,29530,0,38,275,236,128,False,0,SCORED
FR-BBD3-PARENT-c0006,eclipse_predec,5,29530,0,52,320,268,134,False,3,SCORED
FR-BBD3-PARENT-c0018,eclipse_predec,5,29530,0,36,214,176,108,False,0,SCORED
FR-BBD3-PARENT-c0039,eclipse_predec,5,29530,0,51,381,330,87,False,0,SCORED
FR-BBD3-PARENT-c0116,eclipse_predec,5,29530,0,42,345,303,123,False,0,SCORED
FR-BBD3-PARENT-c0118,eclipse_predec,5,29530,0,41,329,288,132,False,0,SCORED
FR-BBD3-PARENT-c0121,eclipse_predec,5,29530,0,56,339,283,125,False,6,SCORED
FR-BBD3-PARENT-c0134,eclipse_predec,5,29530,0,40,276,236,105,False,0,SCORED
FR-BBD3-PARENT-c0139,eclipse_predec,5,29530,0,49,386,337,93,False,0,SCORED
FR-BBD3-PARENT-c0148,eclipse_predec,5,29530,0,25,321,296,143,False,0,SCORED
FR-BBD3-PARENT-c0153,eclipse_predec,5,29530,0,54,348,294,154,False,0,SCORED
FR-BBD3-PARENT-c0163,eclipse_predec,5,29530,0,30,266,233,148,False,0,SCORED
FR-BBD3-PARENT-c0177,eclipse_predec,5,29530,0,60,400,340,113,False,0,SCORED
FR-BBD3-PARENT-c0233,eclipse_predec,5,29530,0,33,297,260,120,False,4,SCORED
FR-BBD3-PARENT-c0236,eclipse_predec,5,29530,0,53,317,262,145,False,0,SCORED
FR-BBD3-PARENT-c0245,eclipse_predec,5,29530,0,53,326,273,147,False,0,SCORED
FR-BBD3-PARENT-c0286,eclipse_predec,5,29530,0,45,306,261,89,False,0,SCORED
FR-BBD3-PARENT-c0288,eclipse_predec,5,29530,0,55,358,303,128,False,3,SCORED
FR-BBD3-PARENT-c0345,eclipse_predec,5,29530,0,58,349,291,135,False,0,SCORED
FR-BBD3-PARENT-c0352,eclipse_predec,5,29530,0,48,308,259,139,False,0,SCORED
FR-BBD3-PARENT-c0367,eclipse_predec,5,29530,0,50,284,234,126,False,0,SCORED
FR-BBD3-PARENT-c0371,eclipse_predec,5,29530,0,56,335,279,152,False,0,SCORED
FR-BBD3-PARENT-c0375,eclipse_predec,5,29530,0,54,324,270,103,False,3,SCORED
FR-BBD3-PARENT-c0388,eclipse_predec,5,29530,0,50,331,281,155,False,1,SCORED
FR-BBD3-PARENT-c0407,eclipse_predec,5,29530,0,60,333,273,154,False,0,SCORED
FR-BBD3-PARENT-c0426,eclipse_predec,5,29530,0,63,374,311,105,False,0,SCORED
FR-BBD3-PARENT-c0432,eclipse_predec,5,29530,0,39,237,198,130,False,0,SCORED
FR-BBD3-PARENT-c0444,eclipse_predec,5,29530,0,53,344,291,112,False,0,SCORED
FR-BBD3-PARENT-c0480,eclipse_predec,5,29530,0,37,284,247,141,False,0,SCORED
FR-BBD3-PARENT-c0486,eclipse_predec,5,29530,0,30,274,241,142,False,0,SCORED
FR-BBD3-PARENT-c0526,eclipse_predec,5,29530,0,35,340,303,52,False,0,SCORED
FR-BBD3-PARENT-c0563,eclipse_predec,5,29530,0,32,348,316,93,False,0,SCORED
FR-BBD3-PARENT-c0593,eclipse_predec,5,29530,0,56,372,316,143,False,0,SCORED
FR-BBD3-PARENT-c0597,eclipse_predec,5,29530,0,37,335,295,81,False,0,SCORED
FR-BBD3-PARENT-c0604,eclipse_predec,5,29530,0,100,360,260,106,False,0,SCORED
FR-BBD3-PARENT-c0612,eclipse_predec,5,29530,0,41,235,194,119,False,0,SCORED
FR-BBD3-PARENT-c0626,eclipse_predec,5,29530,0,87,344,257,17,False,1,SCORED
FR-BBD3-PARENT-c0639,eclipse_predec,5,29530,0,37,299,260,168,False,0,SCORED
FR-BBD3-PARENT-c0653,eclipse_predec,5,29530,0,40,363,323,127,False,0,SCORED
FR-BBD3-PARENT-c0689,eclipse_predec,5,29530,0,52,312,260,134,False,0,SCORED
FR-BBD3-PARENT-c0691,eclipse_predec,5,29530,0,40,306,264,61,False,0,SCORED
FR-BBD3-PARENT-c0694,eclipse_predec,5,29530,0,46,342,296,155,False,0,SCORED
FR-BBD3-PARENT-c0764,eclipse_predec,5,29530,0,33,281,248,144,False,0,SCORED
FR-BBD3-PARENT-c0765,eclipse_predec,5,29530,0,41,313,272,148,False,0,SCORED
FR-BBD3-PARENT-c0865,eclipse_predec,5,29530,0,44,335,291,101,False,1,SCORED
FR-BBD3-PARENT-c0897,eclipse_predec,5,29530,0,37,344,307,100,False,0,SCORED
FR-BBD3-PARENT-c0908,eclipse_predec,5,29530,0,48,282,232,90,False,0,SCORED
FR-BBD3-PARENT-c0939,eclipse_predec,5,29530,0,45,296,249,75,False,0,SCORED
FR-BBD3-PARENT-c0941,eclipse_predec,5,29530,0,54,301,247,120,False,4,SCORED
FR-BBD3-PARENT-c0946,eclipse_predec,5,29530,0,54,377,323,110,False,0,SCORED
FR-BBD3-PARENT-c0991,eclipse_predec,5,29530,0,45,331,286,169,False,0,SCORED
FR-BBD3-PARENT-c1013,eclipse_predec,5,29530,0,43,320,277,143,False,7,SCORED
FR-BBD3-PARENT-c1019,eclipse_predec,5,29530,0,44,328,284,130,False,0,SCORED
FR-BBD3-PARENT-c1039,eclipse_predec,5,29530,0,61,363,302,129,False,0,SCORED
FR-BBD3-PARENT-c1043,eclipse_predec,5,29530,0,39,312,273,150,False,0,SCORED
FR-BBD3-PARENT-c1066,eclipse_predec,5,29530,0,66,272,206,120,False,0,SCORED
FR-BBD3-PARENT-c1072,eclipse_predec,5,29530,0,51,335,284,152,False,0,SCORED
FR-BBD3-PARENT-c1078,eclipse_predec,5,29530,0,36,360,324,107,False,9,SCORED
FR-BBD3-PARENT-c1094,eclipse_predec,5,29530,0,35,257,222,152,False,0,SCORED
FR-BBD3-PARENT-c1161,eclipse_predec,5,29530,0,34,268,234,149,False,0,SCORED
FR-BBD3-PARENT-c1182,eclipse_predec,5,29530,0,45,343,298,83,False,0,SCORED
FR-BBD3-PARENT-c1188,eclipse_predec,5,29530,0,57,345,288,39,False,0,SCORED
FR-BBD3-PARENT-c1201,eclipse_predec,5,29530,0,55,308,253,146,False,0,SCORED
FR-BBD3-PARENT-c1263,eclipse_predec,5,29530,0,35,277,242,141,False,0,SCORED
FR-BBD3-PARENT-c1266,eclipse_predec,5,29530,0,43,356,313,135,False,0,SCORED
FR-BBD3-PARENT-c1267,eclipse_predec,5,29530,0,48,276,228,141,False,0,SCORED
FR-BBD3-PARENT-c1285,eclipse_predec,5,29530,0,43,351,308,88,False,0,SCORED
FR-BBD3-PARENT-c1296,eclipse_predec,5,29530,0,50,333,283,154,False,0,SCORED
FR-BBD3-PARENT-c1313,eclipse_predec,5,29530,0,29,260,231,146,False,0,SCORED
FR-BBD3-PARENT-c1350,eclipse_predec,5,29530,0,38,328,290,76,False,0,SCORED
FR-BBD3-PARENT-c1352,eclipse_predec,5,29530,0,46,310,264,161,False,0,SCORED
FR-BBD3-PARENT-c1354,eclipse_predec,5,29530,0,37,281,241,124,False,0,SCORED
FR-BBD3-PARENT-c1383,eclipse_predec,5,29530,0,54,398,344,167,False,0,SCORED
FR-BBD3-PARENT-c1391,eclipse_predec,5,29530,0,62,355,293,114,False,0,SCORED
FR-BBD3-PARENT-c1412,eclipse_predec,5,29530,0,54,334,280,103,False,0,SCORED
FR-BBD3-PARENT-c1441,eclipse_predec,5,29530,0,33,324,291,100,False,0,SCORED
FR-BBD3-PARENT-c1457,eclipse_predec,5,29530,0,41,320,279,87,False,1,SCORED
FR-BBD3-PARENT-c1481,eclipse_predec,5,29530,0,30,292,260,133,False,0,SCORED
FR-BBD3-PARENT-c1524,eclipse_predec,5,29530,0,43,342,298,168,False,0,SCORED
FR-BBD3-PARENT-c1531,eclipse_predec,5,29530,0,36,314,278,174,False,0,SCORED
FR-BBD3-PARENT-c1549,eclipse_predec,5,29530,0,88,288,200,71,False,0,SCORED
FR-BBD3-PARENT-c1586,eclipse_predec,5,29530,0,33,295,262,166,False,0,SCORED
FR-BBD3-CAND-c0620,eclipse_predec,5,29530,0,43,308,263,136,False,0,SCORED
FR-BBD3-CAND-c0611,eclipse_predec,5,29530,0,49,242,193,105,False,0,SCORED
FR-BBD3-CAND-c0282,eclipse_predec,5,29530,0,52,269,217,129,False,0,SCORED
FR-BBD3-CAND-c0257,eclipse_predec,5,29530,0,41,237,195,134,False,0,SCORED
FR-BBD3-CAND-c1376,eclipse_predec,5,29530,0,43,331,288,152,False,0,SCORED
FR-BBD3-CAND-c0971,eclipse_predec,5,29530,0,34,274,240,136,False,0,SCORED
FR-BBD3-CAND-c0141,eclipse_predec,5,29530,0,54,388,334,116,False,1,SCORED
FR-BBD3-CAND-c1570,eclipse_predec,5,29530,0,62,331,269,56,False,0,SCORED
FR-BBD3-CAND-c0347,eclipse_predec,5,29530,0,35,273,234,59,False,0,SCORED
FR-BBD3-PARENT-c0001,eclipse_predec,10,29530,0,46,296,248,184,False,0,SCORED
FR-BBD3-PARENT-c0002,eclipse_predec,10,29530,0,38,275,236,172,False,0,SCORED
FR-BBD3-PARENT-c0006,eclipse_predec,10,29530,0,52,320,268,186,False,3,SCORED
FR-BBD3-PARENT-c0018,eclipse_predec,10,29530,0,36,214,176,123,False,0,SCORED
FR-BBD3-PARENT-c0039,eclipse_predec,10,29530,0,51,381,330,228,False,0,SCORED
FR-BBD3-PARENT-c0116,eclipse_predec,10,29530,0,42,345,303,227,False,0,SCORED
FR-BBD3-PARENT-c0118,eclipse_predec,10,29530,0,41,329,288,222,False,0,SCORED
FR-BBD3-PARENT-c0121,eclipse_predec,10,29530,0,56,339,283,207,False,6,SCORED
FR-BBD3-PARENT-c0134,eclipse_predec,10,29530,0,40,276,236,170,False,0,SCORED
FR-BBD3-PARENT-c0139,eclipse_predec,10,29530,0,49,386,337,182,False,0,SCORED
FR-BBD3-PARENT-c0148,eclipse_predec,10,29530,0,25,321,296,210,False,0,SCORED
FR-BBD3-PARENT-c0153,eclipse_predec,10,29530,0,54,348,294,207,False,0,SCORED
FR-BBD3-PARENT-c0163,eclipse_predec,10,29530,0,30,266,233,170,False,0,SCORED
FR-BBD3-PARENT-c0177,eclipse_predec,10,29530,0,60,400,340,261,False,0,SCORED
FR-BBD3-PARENT-c0233,eclipse_predec,10,29530,0,33,297,260,181,False,4,SCORED
FR-BBD3-PARENT-c0236,eclipse_predec,10,29530,0,53,317,262,181,False,0,SCORED
FR-BBD3-PARENT-c0245,eclipse_predec,10,29530,0,53,326,273,196,False,0,SCORED
FR-BBD3-PARENT-c0286,eclipse_predec,10,29530,0,45,306,261,186,False,0,SCORED
FR-BBD3-PARENT-c0288,eclipse_predec,10,29530,0,55,358,303,230,False,3,SCORED
FR-BBD3-PARENT-c0345,eclipse_predec,10,29530,0,58,349,291,192,False,0,SCORED
FR-BBD3-PARENT-c0352,eclipse_predec,10,29530,0,48,308,259,194,False,0,SCORED
FR-BBD3-PARENT-c0367,eclipse_predec,10,29530,0,50,284,234,158,False,0,SCORED
FR-BBD3-PARENT-c0371,eclipse_predec,10,29530,0,56,335,279,194,False,0,SCORED
FR-BBD3-PARENT-c0375,eclipse_predec,10,29530,0,54,324,270,210,False,3,SCORED
FR-BBD3-PARENT-c0388,eclipse_predec,10,29530,0,50,331,281,213,False,1,SCORED
FR-BBD3-PARENT-c0407,eclipse_predec,10,29530,0,60,333,273,233,False,0,SCORED
FR-BBD3-PARENT-c0426,eclipse_predec,10,29530,0,63,374,311,201,False,0,SCORED
FR-BBD3-PARENT-c0432,eclipse_predec,10,29530,0,39,237,198,156,False,0,SCORED
FR-BBD3-PARENT-c0444,eclipse_predec,10,29530,0,53,344,291,234,False,0,SCORED
FR-BBD3-PARENT-c0480,eclipse_predec,10,29530,0,37,284,247,166,False,0,SCORED
FR-BBD3-PARENT-c0486,eclipse_predec,10,29530,0,30,274,241,177,False,0,SCORED
FR-BBD3-PARENT-c0526,eclipse_predec,10,29530,0,35,340,303,216,False,0,SCORED
FR-BBD3-PARENT-c0563,eclipse_predec,10,29530,0,32,348,316,260,False,0,SCORED
FR-BBD3-PARENT-c0593,eclipse_predec,10,29530,0,56,372,316,231,False,0,SCORED
FR-BBD3-PARENT-c0597,eclipse_predec,10,29530,0,37,335,295,228,False,0,SCORED
FR-BBD3-PARENT-c0604,eclipse_predec,10,29530,0,100,360,260,162,False,0,SCORED
FR-BBD3-PARENT-c0612,eclipse_predec,10,29530,0,41,235,194,148,False,0,SCORED
FR-BBD3-PARENT-c0626,eclipse_predec,10,29530,0,87,344,257,148,False,1,SCORED
FR-BBD3-PARENT-c0639,eclipse_predec,10,29530,0,37,299,260,222,False,0,SCORED
FR-BBD3-PARENT-c0653,eclipse_predec,10,29530,0,40,363,323,255,False,0,SCORED
FR-BBD3-PARENT-c0689,eclipse_predec,10,29530,0,52,312,260,187,False,0,SCORED
FR-BBD3-PARENT-c0691,eclipse_predec,10,29530,0,40,306,264,192,False,0,SCORED
FR-BBD3-PARENT-c0694,eclipse_predec,10,29530,0,46,342,296,217,False,0,SCORED
FR-BBD3-PARENT-c0764,eclipse_predec,10,29530,0,33,281,248,183,False,0,SCORED
FR-BBD3-PARENT-c0765,eclipse_predec,10,29530,0,41,313,272,187,False,0,SCORED
FR-BBD3-PARENT-c0865,eclipse_predec,10,29530,0,44,335,291,216,False,1,SCORED
FR-BBD3-PARENT-c0897,eclipse_predec,10,29530,0,37,344,307,235,False,0,SCORED
FR-BBD3-PARENT-c0908,eclipse_predec,10,29530,0,48,282,232,165,False,0,SCORED
FR-BBD3-PARENT-c0939,eclipse_predec,10,29530,0,45,296,249,189,False,0,SCORED
FR-BBD3-PARENT-c0941,eclipse_predec,10,29530,0,54,301,247,159,False,4,SCORED
FR-BBD3-PARENT-c0946,eclipse_predec,10,29530,0,54,377,323,254,False,0,SCORED
FR-BBD3-PARENT-c0991,eclipse_predec,10,29530,0,45,331,286,225,False,0,SCORED
FR-BBD3-PARENT-c1013,eclipse_predec,10,29530,0,43,320,277,218,False,7,SCORED
FR-BBD3-PARENT-c1019,eclipse_predec,10,29530,0,44,328,284,224,False,0,SCORED
FR-BBD3-PARENT-c1039,eclipse_predec,10,29530,0,61,363,302,211,False,0,SCORED
FR-BBD3-PARENT-c1043,eclipse_predec,10,29530,0,39,312,273,205,False,0,SCORED
FR-BBD3-PARENT-c1066,eclipse_predec,10,29530,0,66,272,206,145,False,0,SCORED
FR-BBD3-PARENT-c1072,eclipse_predec,10,29530,0,51,335,284,197,False,0,SCORED
FR-BBD3-PARENT-c1078,eclipse_predec,10,29530,0,36,360,324,248,False,9,SCORED
FR-BBD3-PARENT-c1094,eclipse_predec,10,29530,0,35,257,222,183,False,0,SCORED
FR-BBD3-PARENT-c1161,eclipse_predec,10,29530,0,34,268,234,175,False,0,SCORED
FR-BBD3-PARENT-c1182,eclipse_predec,10,29530,0,45,343,298,220,False,0,SCORED
FR-BBD3-PARENT-c1188,eclipse_predec,10,29530,0,57,345,288,213,False,0,SCORED
FR-BBD3-PARENT-c1201,eclipse_predec,10,29530,0,55,308,253,184,False,0,SCORED
FR-BBD3-PARENT-c1263,eclipse_predec,10,29530,0,35,277,242,173,False,0,SCORED
FR-BBD3-PARENT-c1266,eclipse_predec,10,29530,0,43,356,313,238,False,0,SCORED
FR-BBD3-PARENT-c1267,eclipse_predec,10,29530,0,48,276,228,172,False,0,SCORED
FR-BBD3-PARENT-c1285,eclipse_predec,10,29530,0,43,351,308,249,False,0,SCORED
FR-BBD3-PARENT-c1296,eclipse_predec,10,29530,0,50,333,283,222,False,0,SCORED
FR-BBD3-PARENT-c1313,eclipse_predec,10,29530,0,29,260,231,170,False,0,SCORED
FR-BBD3-PARENT-c1350,eclipse_predec,10,29530,0,38,328,290,220,False,0,SCORED
FR-BBD3-PARENT-c1352,eclipse_predec,10,29530,0,46,310,264,201,False,0,SCORED
FR-BBD3-PARENT-c1354,eclipse_predec,10,29530,0,37,281,241,173,False,0,SCORED
FR-BBD3-PARENT-c1383,eclipse_predec,10,29530,0,54,398,344,280,False,0,SCORED
FR-BBD3-PARENT-c1391,eclipse_predec,10,29530,0,62,355,293,194,False,0,SCORED
FR-BBD3-PARENT-c1412,eclipse_predec,10,29530,0,54,334,280,217,False,0,SCORED
FR-BBD3-PARENT-c1441,eclipse_predec,10,29530,0,33,324,291,229,False,0,SCORED
FR-BBD3-PARENT-c1457,eclipse_predec,10,29530,0,41,320,279,223,False,1,SCORED
FR-BBD3-PARENT-c1481,eclipse_predec,10,29530,0,30,292,260,189,False,0,SCORED
FR-BBD3-PARENT-c1524,eclipse_predec,10,29530,0,43,342,298,252,False,0,SCORED
FR-BBD3-PARENT-c1531,eclipse_predec,10,29530,0,36,314,278,234,False,0,SCORED
FR-BBD3-PARENT-c1549,eclipse_predec,10,29530,0,88,288,200,118,False,0,SCORED
FR-BBD3-PARENT-c1586,eclipse_predec,10,29530,0,33,295,262,209,False,0,SCORED
FR-BBD3-CAND-c0620,eclipse_predec,10,29530,0,43,308,263,180,False,0,SCORED
FR-BBD3-CAND-c0611,eclipse_predec,10,29530,0,49,242,193,129,False,0,SCORED
FR-BBD3-CAND-c0282,eclipse_predec,10,29530,0,52,269,217,160,False,0,SCORED
FR-BBD3-CAND-c0257,eclipse_predec,10,29530,0,41,237,195,154,False,0,SCORED
FR-BBD3-CAND-c1376,eclipse_predec,10,29530,0,43,331,288,208,False,0,SCORED
FR-BBD3-CAND-c0971,eclipse_predec,10,29530,0,34,274,240,172,False,0,SCORED
FR-BBD3-CAND-c0141,eclipse_predec,10,29530,0,54,388,334,227,False,1,SCORED
FR-BBD3-CAND-c1570,eclipse_predec,10,29530,0,62,331,269,114,False,0,SCORED
FR-BBD3-CAND-c0347,eclipse_predec,10,29530,0,35,273,234,162,False,0,SCORED
FR-BBD3-PARENT-c0001,eclipse_noec,1,15197,0,28,187,158,4,False,0,SCORED
FR-BBD3-PARENT-c0002,eclipse_noec,1,15197,0,19,154,135,3,False,0,SCORED
FR-BBD3-PARENT-c0006,eclipse_noec,1,15197,0,26,179,153,4,False,3,SCORED
FR-BBD3-PARENT-c0018,eclipse_noec,1,15197,0,31,151,120,2,False,0,SCORED
FR-BBD3-PARENT-c0039,eclipse_noec,1,15197,0,30,206,176,2,False,0,SCORED
FR-BBD3-PARENT-c0116,eclipse_noec,1,15197,0,28,196,166,4,False,0,SCORED
FR-BBD3-PARENT-c0118,eclipse_noec,1,15197,0,24,148,124,3,False,0,SCORED
FR-BBD3-PARENT-c0121,eclipse_noec,1,15197,0,49,183,134,4,False,6,SCORED
FR-BBD3-PARENT-c0134,eclipse_noec,1,15197,0,20,130,110,5,False,0,SCORED
FR-BBD3-PARENT-c0139,eclipse_noec,1,15197,0,21,101,80,5,False,0,SCORED
FR-BBD3-PARENT-c0148,eclipse_noec,1,15197,0,27,195,168,4,False,0,SCORED
FR-BBD3-PARENT-c0153,eclipse_noec,1,15197,0,44,187,141,2,False,0,SCORED
FR-BBD3-PARENT-c0163,eclipse_noec,1,15197,0,22,130,105,2,False,0,SCORED
FR-BBD3-PARENT-c0177,eclipse_noec,1,15197,0,29,185,156,2,False,0,SCORED
FR-BBD3-PARENT-c0233,eclipse_noec,1,15197,0,28,167,139,2,False,4,SCORED
FR-BBD3-PARENT-c0236,eclipse_noec,1,15197,0,16,154,136,3,False,0,SCORED
FR-BBD3-PARENT-c0245,eclipse_noec,1,15197,0,32,153,121,2,False,0,SCORED
FR-BBD3-PARENT-c0286,eclipse_noec,1,15197,0,33,188,155,2,False,0,SCORED
FR-BBD3-PARENT-c0288,eclipse_noec,1,15197,0,21,174,153,3,False,3,SCORED
FR-BBD3-PARENT-c0345,eclipse_noec,1,15197,0,35,151,116,4,False,0,SCORED
FR-BBD3-PARENT-c0352,eclipse_noec,1,15197,0,28,179,151,4,False,0,SCORED
FR-BBD3-PARENT-c0367,eclipse_noec,1,15197,0,23,164,141,3,False,0,SCORED
FR-BBD3-PARENT-c0371,eclipse_noec,1,15197,0,31,192,161,3,False,0,SCORED
FR-BBD3-PARENT-c0375,eclipse_noec,1,15197,0,25,120,95,4,False,3,SCORED
FR-BBD3-PARENT-c0388,eclipse_noec,1,15197,0,37,161,124,3,False,1,SCORED
FR-BBD3-PARENT-c0407,eclipse_noec,1,15197,0,80,207,127,3,False,0,SCORED
FR-BBD3-PARENT-c0426,eclipse_noec,1,15197,0,39,225,186,3,False,0,SCORED
FR-BBD3-PARENT-c0432,eclipse_noec,1,15197,0,24,146,122,4,False,0,SCORED
FR-BBD3-PARENT-c0444,eclipse_noec,1,15197,0,31,215,184,2,False,0,SCORED
FR-BBD3-PARENT-c0480,eclipse_noec,1,15197,0,22,139,117,4,False,0,SCORED
FR-BBD3-PARENT-c0486,eclipse_noec,1,15197,0,24,141,115,4,False,0,SCORED
FR-BBD3-PARENT-c0526,eclipse_noec,1,15197,0,27,240,212,4,False,0,SCORED
FR-BBD3-PARENT-c0563,eclipse_noec,1,15197,0,13,189,176,6,False,0,SCORED
FR-BBD3-PARENT-c0593,eclipse_noec,1,15197,0,23,142,119,6,False,0,SCORED
FR-BBD3-PARENT-c0597,eclipse_noec,1,15197,0,20,213,193,2,False,0,SCORED
FR-BBD3-PARENT-c0604,eclipse_noec,1,15197,0,62,159,97,4,False,0,SCORED
FR-BBD3-PARENT-c0612,eclipse_noec,1,15197,0,29,141,112,3,False,0,SCORED
FR-BBD3-PARENT-c0626,eclipse_noec,1,15197,0,62,142,80,3,False,1,SCORED
FR-BBD3-PARENT-c0639,eclipse_noec,1,15197,0,15,197,182,3,False,0,SCORED
FR-BBD3-PARENT-c0653,eclipse_noec,1,15197,0,22,205,183,4,False,0,SCORED
FR-BBD3-PARENT-c0689,eclipse_noec,1,15197,0,20,102,82,4,False,0,SCORED
FR-BBD3-PARENT-c0691,eclipse_noec,1,15197,0,21,159,137,4,False,0,SCORED
FR-BBD3-PARENT-c0694,eclipse_noec,1,15197,0,37,198,161,2,False,0,SCORED
FR-BBD3-PARENT-c0764,eclipse_noec,1,15197,0,40,135,95,4,False,0,SCORED
FR-BBD3-PARENT-c0765,eclipse_noec,1,15197,0,27,146,119,4,False,0,SCORED
FR-BBD3-PARENT-c0865,eclipse_noec,1,15197,0,23,121,98,4,False,1,SCORED
FR-BBD3-PARENT-c0897,eclipse_noec,1,15197,0,24,147,123,4,False,0,SCORED
FR-BBD3-PARENT-c0908,eclipse_noec,1,15197,0,25,178,151,2,False,0,SCORED
FR-BBD3-PARENT-c0939,eclipse_noec,1,15197,0,16,163,146,5,False,0,SCORED
FR-BBD3-PARENT-c0941,eclipse_noec,1,15197,0,27,176,149,4,False,4,SCORED
FR-BBD3-PARENT-c0946,eclipse_noec,1,15197,0,32,197,165,3,False,0,SCORED
FR-BBD3-PARENT-c0991,eclipse_noec,1,15197,0,37,151,114,3,False,0,SCORED
FR-BBD3-PARENT-c1013,eclipse_noec,1,15197,0,20,172,152,4,False,7,SCORED
FR-BBD3-PARENT-c1019,eclipse_noec,1,15197,0,19,140,121,2,False,0,SCORED
FR-BBD3-PARENT-c1039,eclipse_noec,1,15197,0,41,147,106,4,False,0,SCORED
FR-BBD3-PARENT-c1043,eclipse_noec,1,15197,0,19,151,132,6,False,0,SCORED
FR-BBD3-PARENT-c1066,eclipse_noec,1,15197,0,41,122,81,1,False,0,SCORED
FR-BBD3-PARENT-c1072,eclipse_noec,1,15197,0,39,153,114,6,False,0,SCORED
FR-BBD3-PARENT-c1078,eclipse_noec,1,15197,0,22,135,111,3,False,9,SCORED
FR-BBD3-PARENT-c1094,eclipse_noec,1,15197,0,22,140,118,2,False,0,SCORED
FR-BBD3-PARENT-c1161,eclipse_noec,1,15197,0,18,145,127,4,False,0,SCORED
FR-BBD3-PARENT-c1182,eclipse_noec,1,15197,0,29,187,158,2,False,0,SCORED
FR-BBD3-PARENT-c1188,eclipse_noec,1,15197,0,52,158,106,3,False,0,SCORED
FR-BBD3-PARENT-c1201,eclipse_noec,1,15197,0,33,175,142,2,False,0,SCORED
FR-BBD3-PARENT-c1263,eclipse_noec,1,15197,0,21,123,102,4,False,0,SCORED
FR-BBD3-PARENT-c1266,eclipse_noec,1,15197,0,32,192,160,2,False,0,SCORED
FR-BBD3-PARENT-c1267,eclipse_noec,1,15197,0,18,126,108,3,False,0,SCORED
FR-BBD3-PARENT-c1285,eclipse_noec,1,15197,0,25,193,167,2,False,0,SCORED
FR-BBD3-PARENT-c1296,eclipse_noec,1,15197,0,20,126,106,2,False,0,SCORED
FR-BBD3-PARENT-c1313,eclipse_noec,1,15197,0,14,134,120,3,False,0,SCORED
FR-BBD3-PARENT-c1350,eclipse_noec,1,15197,0,21,179,156,4,False,0,SCORED
FR-BBD3-PARENT-c1352,eclipse_noec,1,15197,0,32,232,200,4,False,0,SCORED
FR-BBD3-PARENT-c1354,eclipse_noec,1,15197,0,18,173,153,2,False,0,SCORED
FR-BBD3-PARENT-c1383,eclipse_noec,1,15197,0,24,204,180,4,False,0,SCORED
FR-BBD3-PARENT-c1391,eclipse_noec,1,15197,0,31,166,135,4,False,0,SCORED
FR-BBD3-PARENT-c1412,eclipse_noec,1,15197,0,23,163,140,6,False,0,SCORED
FR-BBD3-PARENT-c1441,eclipse_noec,1,15197,0,24,190,166,2,False,0,SCORED
FR-BBD3-PARENT-c1457,eclipse_noec,1,15197,0,26,147,121,2,False,1,SCORED
FR-BBD3-PARENT-c1481,eclipse_noec,1,15197,0,13,141,127,5,False,0,SCORED
FR-BBD3-PARENT-c1524,eclipse_noec,1,15197,0,24,180,156,3,False,0,SCORED
FR-BBD3-PARENT-c1531,eclipse_noec,1,15197,0,39,154,115,5,False,0,SCORED
FR-BBD3-PARENT-c1549,eclipse_noec,1,15197,0,45,208,163,2,False,0,SCORED
FR-BBD3-PARENT-c1586,eclipse_noec,1,15197,0,25,97,72,4,False,0,SCORED
FR-BBD3-CAND-c0620,eclipse_noec,1,15197,0,31,179,148,2,False,0,SCORED
FR-BBD3-CAND-c0611,eclipse_noec,1,15197,0,33,134,101,4,False,0,SCORED
FR-BBD3-CAND-c0282,eclipse_noec,1,15197,0,24,149,125,4,False,0,SCORED
FR-BBD3-CAND-c0257,eclipse_noec,1,15197,0,24,100,76,4,False,0,SCORED
FR-BBD3-CAND-c1376,eclipse_noec,1,15197,0,18,159,141,5,False,0,SCORED
FR-BBD3-CAND-c0971,eclipse_noec,1,15197,0,26,190,163,2,False,0,SCORED
FR-BBD3-CAND-c0141,eclipse_noec,1,15197,0,24,111,87,5,False,1,SCORED
FR-BBD3-CAND-c1570,eclipse_noec,1,15197,0,37,139,102,3,False,0,SCORED
FR-BBD3-CAND-c0347,eclipse_noec,1,15197,0,19,198,177,3,False,0,SCORED
FR-BBD3-PARENT-c0001,eclipse_noec,3,15197,0,28,187,158,42,False,0,SCORED
FR-BBD3-PARENT-c0002,eclipse_noec,3,15197,0,19,154,135,52,False,0,SCORED
FR-BBD3-PARENT-c0006,eclipse_noec,3,15197,0,26,179,153,23,False,3,SCORED
FR-BBD3-PARENT-c0018,eclipse_noec,3,15197,0,31,151,120,36,False,0,SCORED
FR-BBD3-PARENT-c0039,eclipse_noec,3,15197,0,30,206,176,33,False,0,SCORED
FR-BBD3-PARENT-c0116,eclipse_noec,3,15197,0,28,196,166,27,False,0,SCORED
FR-BBD3-PARENT-c0118,eclipse_noec,3,15197,0,24,148,124,41,False,0,SCORED
FR-BBD3-PARENT-c0121,eclipse_noec,3,15197,0,49,183,134,31,False,6,SCORED
FR-BBD3-PARENT-c0134,eclipse_noec,3,15197,0,20,130,110,43,False,0,SCORED
FR-BBD3-PARENT-c0139,eclipse_noec,3,15197,0,21,101,80,32,False,0,SCORED
FR-BBD3-PARENT-c0148,eclipse_noec,3,15197,0,27,195,168,48,False,0,SCORED
FR-BBD3-PARENT-c0153,eclipse_noec,3,15197,0,44,187,141,10,False,0,SCORED
FR-BBD3-PARENT-c0163,eclipse_noec,3,15197,0,22,130,105,44,False,0,SCORED
FR-BBD3-PARENT-c0177,eclipse_noec,3,15197,0,29,185,156,26,False,0,SCORED
FR-BBD3-PARENT-c0233,eclipse_noec,3,15197,0,28,167,139,49,False,4,SCORED
FR-BBD3-PARENT-c0236,eclipse_noec,3,15197,0,16,154,136,47,False,0,SCORED
FR-BBD3-PARENT-c0245,eclipse_noec,3,15197,0,32,153,121,34,False,0,SCORED
FR-BBD3-PARENT-c0286,eclipse_noec,3,15197,0,33,188,155,26,False,0,SCORED
FR-BBD3-PARENT-c0288,eclipse_noec,3,15197,0,21,174,153,43,False,3,SCORED
FR-BBD3-PARENT-c0345,eclipse_noec,3,15197,0,35,151,116,36,False,0,SCORED
FR-BBD3-PARENT-c0352,eclipse_noec,3,15197,0,28,179,151,39,False,0,SCORED
FR-BBD3-PARENT-c0367,eclipse_noec,3,15197,0,23,164,141,37,False,0,SCORED
FR-BBD3-PARENT-c0371,eclipse_noec,3,15197,0,31,192,161,33,False,0,SCORED
FR-BBD3-PARENT-c0375,eclipse_noec,3,15197,0,25,120,95,40,False,3,SCORED
FR-BBD3-PARENT-c0388,eclipse_noec,3,15197,0,37,161,124,42,False,1,SCORED
FR-BBD3-PARENT-c0407,eclipse_noec,3,15197,0,80,207,127,19,False,0,SCORED
FR-BBD3-PARENT-c0426,eclipse_noec,3,15197,0,39,225,186,43,False,0,SCORED
FR-BBD3-PARENT-c0432,eclipse_noec,3,15197,0,24,146,122,44,False,0,SCORED
FR-BBD3-PARENT-c0444,eclipse_noec,3,15197,0,31,215,184,33,False,0,SCORED
FR-BBD3-PARENT-c0480,eclipse_noec,3,15197,0,22,139,117,56,False,0,SCORED
FR-BBD3-PARENT-c0486,eclipse_noec,3,15197,0,24,141,115,23,False,0,SCORED
FR-BBD3-PARENT-c0526,eclipse_noec,3,15197,0,27,240,212,41,False,0,SCORED
FR-BBD3-PARENT-c0563,eclipse_noec,3,15197,0,13,189,176,25,False,0,SCORED
FR-BBD3-PARENT-c0593,eclipse_noec,3,15197,0,23,142,119,34,False,0,SCORED
FR-BBD3-PARENT-c0597,eclipse_noec,3,15197,0,20,213,193,35,False,0,SCORED
FR-BBD3-PARENT-c0604,eclipse_noec,3,15197,0,62,159,97,16,False,0,SCORED
FR-BBD3-PARENT-c0612,eclipse_noec,3,15197,0,29,141,112,28,False,0,SCORED
FR-BBD3-PARENT-c0626,eclipse_noec,3,15197,0,62,142,80,22,False,1,SCORED
FR-BBD3-PARENT-c0639,eclipse_noec,3,15197,0,15,197,182,40,False,0,SCORED
FR-BBD3-PARENT-c0653,eclipse_noec,3,15197,0,22,205,183,28,False,0,SCORED
FR-BBD3-PARENT-c0689,eclipse_noec,3,15197,0,20,102,82,46,False,0,SCORED
FR-BBD3-PARENT-c0691,eclipse_noec,3,15197,0,21,159,137,43,False,0,SCORED
FR-BBD3-PARENT-c0694,eclipse_noec,3,15197,0,37,198,161,11,False,0,SCORED
FR-BBD3-PARENT-c0764,eclipse_noec,3,15197,0,40,135,95,31,False,0,SCORED
FR-BBD3-PARENT-c0765,eclipse_noec,3,15197,0,27,146,119,32,False,0,SCORED
FR-BBD3-PARENT-c0865,eclipse_noec,3,15197,0,23,121,98,25,False,1,SCORED
FR-BBD3-PARENT-c0897,eclipse_noec,3,15197,0,24,147,123,23,False,0,SCORED
FR-BBD3-PARENT-c0908,eclipse_noec,3,15197,0,25,178,151,23,False,0,SCORED
FR-BBD3-PARENT-c0939,eclipse_noec,3,15197,0,16,163,146,31,False,0,SCORED
FR-BBD3-PARENT-c0941,eclipse_noec,3,15197,0,27,176,149,27,False,4,SCORED
FR-BBD3-PARENT-c0946,eclipse_noec,3,15197,0,32,197,165,40,False,0,SCORED
FR-BBD3-PARENT-c0991,eclipse_noec,3,15197,0,37,151,114,33,False,0,SCORED
FR-BBD3-PARENT-c1013,eclipse_noec,3,15197,0,20,172,152,37,False,7,SCORED
FR-BBD3-PARENT-c1019,eclipse_noec,3,15197,0,19,140,121,36,False,0,SCORED
FR-BBD3-PARENT-c1039,eclipse_noec,3,15197,0,41,147,106,40,False,0,SCORED
FR-BBD3-PARENT-c1043,eclipse_noec,3,15197,0,19,151,132,35,False,0,SCORED
FR-BBD3-PARENT-c1066,eclipse_noec,3,15197,0,41,122,81,29,False,0,SCORED
FR-BBD3-PARENT-c1072,eclipse_noec,3,15197,0,39,153,114,42,False,0,SCORED
FR-BBD3-PARENT-c1078,eclipse_noec,3,15197,0,22,135,111,44,False,9,SCORED
FR-BBD3-PARENT-c1094,eclipse_noec,3,15197,0,22,140,118,51,False,0,SCORED
FR-BBD3-PARENT-c1161,eclipse_noec,3,15197,0,18,145,127,40,False,0,SCORED
FR-BBD3-PARENT-c1182,eclipse_noec,3,15197,0,29,187,158,45,False,0,SCORED
FR-BBD3-PARENT-c1188,eclipse_noec,3,15197,0,52,158,106,41,False,0,SCORED
FR-BBD3-PARENT-c1201,eclipse_noec,3,15197,0,33,175,142,19,False,0,SCORED
FR-BBD3-PARENT-c1263,eclipse_noec,3,15197,0,21,123,102,44,False,0,SCORED
FR-BBD3-PARENT-c1266,eclipse_noec,3,15197,0,32,192,160,29,False,0,SCORED
FR-BBD3-PARENT-c1267,eclipse_noec,3,15197,0,18,126,108,32,False,0,SCORED
FR-BBD3-PARENT-c1285,eclipse_noec,3,15197,0,25,193,167,42,False,0,SCORED
FR-BBD3-PARENT-c1296,eclipse_noec,3,15197,0,20,126,106,51,False,0,SCORED
FR-BBD3-PARENT-c1313,eclipse_noec,3,15197,0,14,134,120,35,False,0,SCORED
FR-BBD3-PARENT-c1350,eclipse_noec,3,15197,0,21,179,156,65,False,0,SCORED
FR-BBD3-PARENT-c1352,eclipse_noec,3,15197,0,32,232,200,36,False,0,SCORED
FR-BBD3-PARENT-c1354,eclipse_noec,3,15197,0,18,173,153,17,False,0,SCORED
FR-BBD3-PARENT-c1383,eclipse_noec,3,15197,0,24,204,180,44,False,0,SCORED
FR-BBD3-PARENT-c1391,eclipse_noec,3,15197,0,31,166,135,39,False,0,SCORED
FR-BBD3-PARENT-c1412,eclipse_noec,3,15197,0,23,163,140,47,False,0,SCORED
FR-BBD3-PARENT-c1441,eclipse_noec,3,15197,0,24,190,166,21,False,0,SCORED
FR-BBD3-PARENT-c1457,eclipse_noec,3,15197,0,26,147,121,34,False,1,SCORED
FR-BBD3-PARENT-c1481,eclipse_noec,3,15197,0,13,141,127,39,False,0,SCORED
FR-BBD3-PARENT-c1524,eclipse_noec,3,15197,0,24,180,156,44,False,0,SCORED
FR-BBD3-PARENT-c1531,eclipse_noec,3,15197,0,39,154,115,32,False,0,SCORED
FR-BBD3-PARENT-c1549,eclipse_noec,3,15197,0,45,208,163,35,False,0,SCORED
FR-BBD3-PARENT-c1586,eclipse_noec,3,15197,0,25,97,72,32,False,0,SCORED
FR-BBD3-CAND-c0620,eclipse_noec,3,15197,0,31,179,148,47,False,0,SCORED
FR-BBD3-CAND-c0611,eclipse_noec,3,15197,0,33,134,101,32,False,0,SCORED
FR-BBD3-CAND-c0282,eclipse_noec,3,15197,0,24,149,125,38,False,0,SCORED
FR-BBD3-CAND-c0257,eclipse_noec,3,15197,0,24,100,76,29,False,0,SCORED
FR-BBD3-CAND-c1376,eclipse_noec,3,15197,0,18,159,141,40,False,0,SCORED
FR-BBD3-CAND-c0971,eclipse_noec,3,15197,0,26,190,163,42,False,0,SCORED
FR-BBD3-CAND-c0141,eclipse_noec,3,15197,0,24,111,87,28,False,1,SCORED
FR-BBD3-CAND-c1570,eclipse_noec,3,15197,0,37,139,102,31,False,0,SCORED
FR-BBD3-CAND-c0347,eclipse_noec,3,15197,0,19,198,177,25,False,0,SCORED
FR-BBD3-PARENT-c0001,eclipse_noec,5,15197,0,28,187,158,95,False,0,SCORED
FR-BBD3-PARENT-c0002,eclipse_noec,5,15197,0,19,154,135,102,False,0,SCORED
FR-BBD3-PARENT-c0006,eclipse_noec,5,15197,0,26,179,153,79,False,3,SCORED
FR-BBD3-PARENT-c0018,eclipse_noec,5,15197,0,31,151,120,81,False,0,SCORED
FR-BBD3-PARENT-c0039,eclipse_noec,5,15197,0,30,206,176,79,False,0,SCORED
FR-BBD3-PARENT-c0116,eclipse_noec,5,15197,0,28,196,166,69,False,0,SCORED
FR-BBD3-PARENT-c0118,eclipse_noec,5,15197,0,24,148,124,92,False,0,SCORED
FR-BBD3-PARENT-c0121,eclipse_noec,5,15197,0,49,183,134,72,False,6,SCORED
FR-BBD3-PARENT-c0134,eclipse_noec,5,15197,0,20,130,110,74,False,0,SCORED
FR-BBD3-PARENT-c0139,eclipse_noec,5,15197,0,21,101,80,42,False,0,SCORED
FR-BBD3-PARENT-c0148,eclipse_noec,5,15197,0,27,195,168,105,False,0,SCORED
FR-BBD3-PARENT-c0153,eclipse_noec,5,15197,0,44,187,141,33,False,0,SCORED
FR-BBD3-PARENT-c0163,eclipse_noec,5,15197,0,22,130,105,72,False,0,SCORED
FR-BBD3-PARENT-c0177,eclipse_noec,5,15197,0,29,185,156,62,False,0,SCORED
FR-BBD3-PARENT-c0233,eclipse_noec,5,15197,0,28,167,139,97,False,4,SCORED
FR-BBD3-PARENT-c0236,eclipse_noec,5,15197,0,16,154,136,80,False,0,SCORED
FR-BBD3-PARENT-c0245,eclipse_noec,5,15197,0,32,153,121,84,False,0,SCORED
FR-BBD3-PARENT-c0286,eclipse_noec,5,15197,0,33,188,155,62,False,0,SCORED
FR-BBD3-PARENT-c0288,eclipse_noec,5,15197,0,21,174,153,87,False,3,SCORED
FR-BBD3-PARENT-c0345,eclipse_noec,5,15197,0,35,151,116,89,False,0,SCORED
FR-BBD3-PARENT-c0352,eclipse_noec,5,15197,0,28,179,151,90,False,0,SCORED
FR-BBD3-PARENT-c0367,eclipse_noec,5,15197,0,23,164,141,94,False,0,SCORED
FR-BBD3-PARENT-c0371,eclipse_noec,5,15197,0,31,192,161,53,False,0,SCORED
FR-BBD3-PARENT-c0375,eclipse_noec,5,15197,0,25,120,95,72,False,3,SCORED
FR-BBD3-PARENT-c0388,eclipse_noec,5,15197,0,37,161,124,74,False,1,SCORED
FR-BBD3-PARENT-c0407,eclipse_noec,5,15197,0,80,207,127,46,False,0,SCORED
FR-BBD3-PARENT-c0426,eclipse_noec,5,15197,0,39,225,186,67,False,0,SCORED
FR-BBD3-PARENT-c0432,eclipse_noec,5,15197,0,24,146,122,91,False,0,SCORED
FR-BBD3-PARENT-c0444,eclipse_noec,5,15197,0,31,215,184,80,False,0,SCORED
FR-BBD3-PARENT-c0480,eclipse_noec,5,15197,0,22,139,117,97,False,0,SCORED
FR-BBD3-PARENT-c0486,eclipse_noec,5,15197,0,24,141,115,77,False,0,SCORED
FR-BBD3-PARENT-c0526,eclipse_noec,5,15197,0,27,240,212,101,False,0,SCORED
FR-BBD3-PARENT-c0563,eclipse_noec,5,15197,0,13,189,176,52,False,0,SCORED
FR-BBD3-PARENT-c0593,eclipse_noec,5,15197,0,23,142,119,88,False,0,SCORED
FR-BBD3-PARENT-c0597,eclipse_noec,5,15197,0,20,213,193,85,False,0,SCORED
FR-BBD3-PARENT-c0604,eclipse_noec,5,15197,0,62,159,97,55,False,0,SCORED
FR-BBD3-PARENT-c0612,eclipse_noec,5,15197,0,29,141,112,62,False,0,SCORED
FR-BBD3-PARENT-c0626,eclipse_noec,5,15197,0,62,142,80,35,False,1,SCORED
FR-BBD3-PARENT-c0639,eclipse_noec,5,15197,0,15,197,182,64,False,0,SCORED
FR-BBD3-PARENT-c0653,eclipse_noec,5,15197,0,22,205,183,63,False,0,SCORED
FR-BBD3-PARENT-c0689,eclipse_noec,5,15197,0,20,102,82,60,False,0,SCORED
FR-BBD3-PARENT-c0691,eclipse_noec,5,15197,0,21,159,137,93,False,0,SCORED
FR-BBD3-PARENT-c0694,eclipse_noec,5,15197,0,37,198,161,40,False,0,SCORED
FR-BBD3-PARENT-c0764,eclipse_noec,5,15197,0,40,135,95,66,False,0,SCORED
FR-BBD3-PARENT-c0765,eclipse_noec,5,15197,0,27,146,119,91,False,0,SCORED
FR-BBD3-PARENT-c0865,eclipse_noec,5,15197,0,23,121,98,76,False,1,SCORED
FR-BBD3-PARENT-c0897,eclipse_noec,5,15197,0,24,147,123,51,False,0,SCORED
FR-BBD3-PARENT-c0908,eclipse_noec,5,15197,0,25,178,151,49,False,0,SCORED
FR-BBD3-PARENT-c0939,eclipse_noec,5,15197,0,16,163,146,84,False,0,SCORED
FR-BBD3-PARENT-c0941,eclipse_noec,5,15197,0,27,176,149,52,False,4,SCORED
FR-BBD3-PARENT-c0946,eclipse_noec,5,15197,0,32,197,165,100,False,0,SCORED
FR-BBD3-PARENT-c0991,eclipse_noec,5,15197,0,37,151,114,56,False,0,SCORED
FR-BBD3-PARENT-c1013,eclipse_noec,5,15197,0,20,172,152,82,False,7,SCORED
FR-BBD3-PARENT-c1019,eclipse_noec,5,15197,0,19,140,121,81,False,0,SCORED
FR-BBD3-PARENT-c1039,eclipse_noec,5,15197,0,41,147,106,68,False,0,SCORED
FR-BBD3-PARENT-c1043,eclipse_noec,5,15197,0,19,151,132,66,False,0,SCORED
FR-BBD3-PARENT-c1066,eclipse_noec,5,15197,0,41,122,81,56,False,0,SCORED
FR-BBD3-PARENT-c1072,eclipse_noec,5,15197,0,39,153,114,74,False,0,SCORED
FR-BBD3-PARENT-c1078,eclipse_noec,5,15197,0,22,135,111,72,False,9,SCORED
FR-BBD3-PARENT-c1094,eclipse_noec,5,15197,0,22,140,118,84,False,0,SCORED
FR-BBD3-PARENT-c1161,eclipse_noec,5,15197,0,18,145,127,82,False,0,SCORED
FR-BBD3-PARENT-c1182,eclipse_noec,5,15197,0,29,187,158,82,False,0,SCORED
FR-BBD3-PARENT-c1188,eclipse_noec,5,15197,0,52,158,106,57,False,0,SCORED
FR-BBD3-PARENT-c1201,eclipse_noec,5,15197,0,33,175,142,58,False,0,SCORED
FR-BBD3-PARENT-c1263,eclipse_noec,5,15197,0,21,123,102,76,False,0,SCORED
FR-BBD3-PARENT-c1266,eclipse_noec,5,15197,0,32,192,160,75,False,0,SCORED
FR-BBD3-PARENT-c1267,eclipse_noec,5,15197,0,18,126,108,63,False,0,SCORED
FR-BBD3-PARENT-c1285,eclipse_noec,5,15197,0,25,193,167,91,False,0,SCORED
FR-BBD3-PARENT-c1296,eclipse_noec,5,15197,0,20,126,106,86,False,0,SCORED
FR-BBD3-PARENT-c1313,eclipse_noec,5,15197,0,14,134,120,67,False,0,SCORED
FR-BBD3-PARENT-c1350,eclipse_noec,5,15197,0,21,179,156,99,False,0,SCORED
FR-BBD3-PARENT-c1352,eclipse_noec,5,15197,0,32,232,200,74,False,0,SCORED
FR-BBD3-PARENT-c1354,eclipse_noec,5,15197,0,18,173,153,77,False,0,SCORED
FR-BBD3-PARENT-c1383,eclipse_noec,5,15197,0,24,204,180,82,False,0,SCORED
FR-BBD3-PARENT-c1391,eclipse_noec,5,15197,0,31,166,135,67,False,0,SCORED
FR-BBD3-PARENT-c1412,eclipse_noec,5,15197,0,23,163,140,97,False,0,SCORED
FR-BBD3-PARENT-c1441,eclipse_noec,5,15197,0,24,190,166,82,False,0,SCORED
FR-BBD3-PARENT-c1457,eclipse_noec,5,15197,0,26,147,121,81,False,1,SCORED
FR-BBD3-PARENT-c1481,eclipse_noec,5,15197,0,13,141,127,79,False,0,SCORED
FR-BBD3-PARENT-c1524,eclipse_noec,5,15197,0,24,180,156,94,False,0,SCORED
FR-BBD3-PARENT-c1531,eclipse_noec,5,15197,0,39,154,115,68,False,0,SCORED
FR-BBD3-PARENT-c1549,eclipse_noec,5,15197,0,45,208,163,55,False,0,SCORED
FR-BBD3-PARENT-c1586,eclipse_noec,5,15197,0,25,97,72,45,False,0,SCORED
FR-BBD3-CAND-c0620,eclipse_noec,5,15197,0,31,179,148,71,False,0,SCORED
FR-BBD3-CAND-c0611,eclipse_noec,5,15197,0,33,134,101,74,False,0,SCORED
FR-BBD3-CAND-c0282,eclipse_noec,5,15197,0,24,149,125,88,False,0,SCORED
FR-BBD3-CAND-c0257,eclipse_noec,5,15197,0,24,100,76,58,False,0,SCORED
FR-BBD3-CAND-c1376,eclipse_noec,5,15197,0,18,159,141,77,False,0,SCORED
FR-BBD3-CAND-c0971,eclipse_noec,5,15197,0,26,190,163,77,False,0,SCORED
FR-BBD3-CAND-c0141,eclipse_noec,5,15197,0,24,111,87,47,False,1,SCORED
FR-BBD3-CAND-c1570,eclipse_noec,5,15197,0,37,139,102,64,False,0,SCORED
FR-BBD3-CAND-c0347,eclipse_noec,5,15197,0,19,198,177,58,False,0,SCORED
FR-BBD3-PARENT-c0001,eclipse_noec,10,15197,0,28,187,158,145,False,0,SCORED
FR-BBD3-PARENT-c0002,eclipse_noec,10,15197,0,19,154,135,128,False,0,SCORED
FR-BBD3-PARENT-c0006,eclipse_noec,10,15197,0,26,179,153,116,False,3,SCORED
FR-BBD3-PARENT-c0018,eclipse_noec,10,15197,0,31,151,120,104,False,0,SCORED
FR-BBD3-PARENT-c0039,eclipse_noec,10,15197,0,30,206,176,149,False,0,SCORED
FR-BBD3-PARENT-c0116,eclipse_noec,10,15197,0,28,196,166,130,False,0,SCORED
FR-BBD3-PARENT-c0118,eclipse_noec,10,15197,0,24,148,124,109,False,0,SCORED
FR-BBD3-PARENT-c0121,eclipse_noec,10,15197,0,49,183,134,101,False,6,SCORED
FR-BBD3-PARENT-c0134,eclipse_noec,10,15197,0,20,130,110,85,False,0,SCORED
FR-BBD3-PARENT-c0139,eclipse_noec,10,15197,0,21,101,80,63,False,0,SCORED
FR-BBD3-PARENT-c0148,eclipse_noec,10,15197,0,27,195,168,154,False,0,SCORED
FR-BBD3-PARENT-c0153,eclipse_noec,10,15197,0,44,187,141,102,False,0,SCORED
FR-BBD3-PARENT-c0163,eclipse_noec,10,15197,0,22,130,105,74,False,0,SCORED
FR-BBD3-PARENT-c0177,eclipse_noec,10,15197,0,29,185,156,126,False,0,SCORED
FR-BBD3-PARENT-c0233,eclipse_noec,10,15197,0,28,167,139,119,False,4,SCORED
FR-BBD3-PARENT-c0236,eclipse_noec,10,15197,0,16,154,136,112,False,0,SCORED
FR-BBD3-PARENT-c0245,eclipse_noec,10,15197,0,32,153,121,102,False,0,SCORED
FR-BBD3-PARENT-c0286,eclipse_noec,10,15197,0,33,188,155,98,False,0,SCORED
FR-BBD3-PARENT-c0288,eclipse_noec,10,15197,0,21,174,153,119,False,3,SCORED
FR-BBD3-PARENT-c0345,eclipse_noec,10,15197,0,35,151,116,97,False,0,SCORED
FR-BBD3-PARENT-c0352,eclipse_noec,10,15197,0,28,179,151,124,False,0,SCORED
FR-BBD3-PARENT-c0367,eclipse_noec,10,15197,0,23,164,141,119,False,0,SCORED
FR-BBD3-PARENT-c0371,eclipse_noec,10,15197,0,31,192,161,133,False,0,SCORED
FR-BBD3-PARENT-c0375,eclipse_noec,10,15197,0,25,120,95,78,False,3,SCORED
FR-BBD3-PARENT-c0388,eclipse_noec,10,15197,0,37,161,124,94,False,1,SCORED
FR-BBD3-PARENT-c0407,eclipse_noec,10,15197,0,80,207,127,70,False,0,SCORED
FR-BBD3-PARENT-c0426,eclipse_noec,10,15197,0,39,225,186,160,False,0,SCORED
FR-BBD3-PARENT-c0432,eclipse_noec,10,15197,0,24,146,122,103,False,0,SCORED
FR-BBD3-PARENT-c0444,eclipse_noec,10,15197,0,31,215,184,157,False,0,SCORED
FR-BBD3-PARENT-c0480,eclipse_noec,10,15197,0,22,139,117,102,False,0,SCORED
FR-BBD3-PARENT-c0486,eclipse_noec,10,15197,0,24,141,115,94,False,0,SCORED
FR-BBD3-PARENT-c0526,eclipse_noec,10,15197,0,27,240,212,176,False,0,SCORED
FR-BBD3-PARENT-c0563,eclipse_noec,10,15197,0,13,189,176,137,False,0,SCORED
FR-BBD3-PARENT-c0593,eclipse_noec,10,15197,0,23,142,119,97,False,0,SCORED
FR-BBD3-PARENT-c0597,eclipse_noec,10,15197,0,20,213,193,180,False,0,SCORED
FR-BBD3-PARENT-c0604,eclipse_noec,10,15197,0,62,159,97,69,False,0,SCORED
FR-BBD3-PARENT-c0612,eclipse_noec,10,15197,0,29,141,112,101,False,0,SCORED
FR-BBD3-PARENT-c0626,eclipse_noec,10,15197,0,62,142,80,48,False,1,SCORED
FR-BBD3-PARENT-c0639,eclipse_noec,10,15197,0,15,197,182,158,False,0,SCORED
FR-BBD3-PARENT-c0653,eclipse_noec,10,15197,0,22,205,183,156,False,0,SCORED
FR-BBD3-PARENT-c0689,eclipse_noec,10,15197,0,20,102,82,62,False,0,SCORED
FR-BBD3-PARENT-c0691,eclipse_noec,10,15197,0,21,159,137,106,False,0,SCORED
FR-BBD3-PARENT-c0694,eclipse_noec,10,15197,0,37,198,161,134,False,0,SCORED
FR-BBD3-PARENT-c0764,eclipse_noec,10,15197,0,40,135,95,76,False,0,SCORED
FR-BBD3-PARENT-c0765,eclipse_noec,10,15197,0,27,146,119,101,False,0,SCORED
FR-BBD3-PARENT-c0865,eclipse_noec,10,15197,0,23,121,98,80,False,1,SCORED
FR-BBD3-PARENT-c0897,eclipse_noec,10,15197,0,24,147,123,102,False,0,SCORED
FR-BBD3-PARENT-c0908,eclipse_noec,10,15197,0,25,178,151,122,False,0,SCORED
FR-BBD3-PARENT-c0939,eclipse_noec,10,15197,0,16,163,146,108,False,0,SCORED
FR-BBD3-PARENT-c0941,eclipse_noec,10,15197,0,27,176,149,124,False,4,SCORED
FR-BBD3-PARENT-c0946,eclipse_noec,10,15197,0,32,197,165,150,False,0,SCORED
FR-BBD3-PARENT-c0991,eclipse_noec,10,15197,0,37,151,114,90,False,0,SCORED
FR-BBD3-PARENT-c1013,eclipse_noec,10,15197,0,20,172,152,128,False,7,SCORED
FR-BBD3-PARENT-c1019,eclipse_noec,10,15197,0,19,140,121,104,False,0,SCORED
FR-BBD3-PARENT-c1039,eclipse_noec,10,15197,0,41,147,106,81,False,0,SCORED
FR-BBD3-PARENT-c1043,eclipse_noec,10,15197,0,19,151,132,89,False,0,SCORED
FR-BBD3-PARENT-c1066,eclipse_noec,10,15197,0,41,122,81,62,False,0,SCORED
FR-BBD3-PARENT-c1072,eclipse_noec,10,15197,0,39,153,114,90,False,0,SCORED
FR-BBD3-PARENT-c1078,eclipse_noec,10,15197,0,22,135,111,85,False,9,SCORED
FR-BBD3-PARENT-c1094,eclipse_noec,10,15197,0,22,140,118,98,False,0,SCORED
FR-BBD3-PARENT-c1161,eclipse_noec,10,15197,0,18,145,127,99,False,0,SCORED
FR-BBD3-PARENT-c1182,eclipse_noec,10,15197,0,29,187,158,119,False,0,SCORED
FR-BBD3-PARENT-c1188,eclipse_noec,10,15197,0,52,158,106,75,False,0,SCORED
FR-BBD3-PARENT-c1201,eclipse_noec,10,15197,0,33,175,142,121,False,0,SCORED
FR-BBD3-PARENT-c1263,eclipse_noec,10,15197,0,21,123,102,91,False,0,SCORED
FR-BBD3-PARENT-c1266,eclipse_noec,10,15197,0,32,192,160,131,False,0,SCORED
FR-BBD3-PARENT-c1267,eclipse_noec,10,15197,0,18,126,108,77,False,0,SCORED
FR-BBD3-PARENT-c1285,eclipse_noec,10,15197,0,25,193,167,148,False,0,SCORED
FR-BBD3-PARENT-c1296,eclipse_noec,10,15197,0,20,126,106,92,False,0,SCORED
FR-BBD3-PARENT-c1313,eclipse_noec,10,15197,0,14,134,120,106,False,0,SCORED
FR-BBD3-PARENT-c1350,eclipse_noec,10,15197,0,21,179,156,129,False,0,SCORED
FR-BBD3-PARENT-c1352,eclipse_noec,10,15197,0,32,232,200,175,False,0,SCORED
FR-BBD3-PARENT-c1354,eclipse_noec,10,15197,0,18,173,153,118,False,0,SCORED
FR-BBD3-PARENT-c1383,eclipse_noec,10,15197,0,24,204,180,155,False,0,SCORED
FR-BBD3-PARENT-c1391,eclipse_noec,10,15197,0,31,166,135,95,False,0,SCORED
FR-BBD3-PARENT-c1412,eclipse_noec,10,15197,0,23,163,140,122,False,0,SCORED
FR-BBD3-PARENT-c1441,eclipse_noec,10,15197,0,24,190,166,147,False,0,SCORED
FR-BBD3-PARENT-c1457,eclipse_noec,10,15197,0,26,147,121,99,False,1,SCORED
FR-BBD3-PARENT-c1481,eclipse_noec,10,15197,0,13,141,127,102,False,0,SCORED
FR-BBD3-PARENT-c1524,eclipse_noec,10,15197,0,24,180,156,140,False,0,SCORED
FR-BBD3-PARENT-c1531,eclipse_noec,10,15197,0,39,154,115,88,False,0,SCORED
FR-BBD3-PARENT-c1549,eclipse_noec,10,15197,0,45,208,163,87,False,0,SCORED
FR-BBD3-PARENT-c1586,eclipse_noec,10,15197,0,25,97,72,55,False,0,SCORED
FR-BBD3-CAND-c0620,eclipse_noec,10,15197,0,31,179,148,99,False,0,SCORED
FR-BBD3-CAND-c0611,eclipse_noec,10,15197,0,33,134,101,90,False,0,SCORED
FR-BBD3-CAND-c0282,eclipse_noec,10,15197,0,24,149,125,105,False,0,SCORED
FR-BBD3-CAND-c0257,eclipse_noec,10,15197,0,24,100,76,68,False,0,SCORED
FR-BBD3-CAND-c1376,eclipse_noec,10,15197,0,18,159,141,124,False,0,SCORED
FR-BBD3-CAND-c0971,eclipse_noec,10,15197,0,26,190,163,123,False,0,SCORED
FR-BBD3-CAND-c0141,eclipse_noec,10,15197,0,24,111,87,69,False,1,SCORED
FR-BBD3-CAND-c1570,eclipse_noec,10,15197,0,37,139,102,82,False,0,SCORED
FR-BBD3-CAND-c0347,eclipse_noec,10,15197,0,19,198,177,136,False,0,SCORED
