full_route_case_id,pollutant_name,pollutant_category,tool_id,k,status,reference_node_count_excluding_root,predicted_node_count_excluding_root,reference_max_depth,predicted_max_depth,weighted_tp,weighted_fp,weighted_fn,weighted_precision,weighted_recall,weighted_jaccard,unweighted_tp_node_count,unweighted_fp_node_count,unweighted_fn_node_count,intermediate_node_count,removed_self_loop_edge_count,invalid_prediction_row_count,notes
FR-BBD3-PARENT-c0001,"1,2-Dichloroethane",scope_a_old83_compatible,biotransformer_envmicro,1,SCORED,4,6,4,6,0.9375,0.046875,0,0.952381,1.0,0.952381,4,2,0,0,2,17,
FR-BBD3-PARENT-c0002,Atrazine,scope_a_old83_compatible,biotransformer_envmicro,1,SCORED,11,2,4,2,0,0.75,2.9375,0.0,0.0,0.0,0,2,11,0,0,4,
FR-BBD3-PARENT-c0006,Gallate,scope_a_old83_compatible,biotransformer_envmicro,1,SCORED,7,6,6,6,0,0.984375,1.484375,0.0,0.0,0.0,0,6,7,0,0,0, has_unreachable_true_nodes
FR-BBD3-PARENT-c0018,"1,3-Dichloro-2-propanol",scope_a_old83_compatible,biotransformer_envmicro,1,SCORED,4,6,4,6,0.25,0.484375,0.6875,0.340426,0.266667,0.175824,1,5,3,0,2,0,
FR-BBD3-PARENT-c0039,Dibenzofuran,scope_a_old83_compatible,biotransformer_envmicro,1,NO_PREDICTION,4,0,3,0,0,0,1.0,0.0,0.0,0.0,0,0,4,0,0,1,no_prediction_after_topk
FR-BBD3-PARENT-c0116,Ethylbenzene,scope_a_old83_compatible,biotransformer_envmicro,1,SCORED,16,6,6,6,0.375,0.234375,2.3125,0.615385,0.139535,0.128342,2,4,14,0,0,11,
FR-BBD3-PARENT-c0118,Dibenzothiophene,scope_a_old83_compatible,biotransformer_envmicro,1,SCORED,6,6,4,6,0,0.984375,1.6875,0.0,0.0,0.0,0,6,6,0,1,11,
FR-BBD3-PARENT-c0121,Benzoate,scope_a_old83_compatible,biotransformer_envmicro,1,SCORED,14,6,6,6,0,0.984375,2.734375,0.0,0.0,0.0,0,6,14,0,0,8, has_unreachable_true_nodes
FR-BBD3-PARENT-c0134,Glyphosate,scope_a_old83_compatible,biotransformer_envmicro,1,SCORED,5,6,3,6,0.5,0.484375,1.375,0.507937,0.266667,0.211921,1,5,4,0,1,9,
FR-BBD3-PARENT-c0139,"beta -1,2,3,4,5,6-Hexachlorocyclohexane",scope_a_old83_compatible,biotransformer_envmicro,1,SCORED,6,6,4,6,0.8125,0.046875,0.875,0.945455,0.481481,0.468468,3,2,3,1,0,2,
FR-BBD3-PARENT-c0148,Acrylonitrile,scope_a_old83_compatible,biotransformer_envmicro,1,SCORED,5,6,4,6,0.5,0.484375,0.9375,0.507937,0.347826,0.260163,1,5,4,0,0,1,
FR-BBD3-PARENT-c0153,( R )-Mandelate,scope_a_old83_compatible,biotransformer_envmicro,1,SCORED,2,4,2,4,0.5,0.4375,0.25,0.533333,0.666667,0.421053,1,3,1,0,0,11,
FR-BBD3-PARENT-c0163,Cyanuric acid,scope_a_old83_compatible,biotransformer_envmicro,1,SCORED,2,6,2,6,0.5,0.484375,0.25,0.507937,0.666667,0.405063,1,5,1,0,0,9,
FR-BBD3-PARENT-c0177,4-Chlorobiphenyl,scope_a_old83_compatible,biotransformer_envmicro,1,SCORED,8,6,6,6,0,0.984375,1.0625,0.0,0.0,0.0,0,6,8,0,0,19,
FR-BBD3-PARENT-c0233,Dichloromethane,scope_a_old83_compatible,biotransformer_envmicro,1,SCORED,3,2,2,2,0.75,0,0.5,1.0,0.6,0.6,2,0,1,0,1,0, has_unreachable_true_nodes
FR-BBD3-PARENT-c0236,Dimethyl Sulfoxide,scope_a_old83_compatible,biotransformer_envmicro,1,SCORED,4,2,3,2,0,0.75,1.125,0.0,0.0,0.0,0,2,4,0,1,0,
FR-BBD3-PARENT-c0245,2-Aminobenzenesulfonate,scope_a_old83_compatible,biotransformer_envmicro,1,SCORED,2,6,2,6,0,0.984375,0.75,0.0,0.0,0.0,0,6,2,0,0,12,
FR-BBD3-PARENT-c0286,cis -3-Chloroacrylic acid,scope_a_old83_compatible,biotransformer_envmicro,1,SCORED,2,6,2,6,0.5,0.109375,0.25,0.820513,0.666667,0.581818,1,3,1,2,0,1,
FR-BBD3-PARENT-c0288,"2,4-Dichlorophenoxyacetic acid",scope_a_old83_compatible,biotransformer_envmicro,1,SCORED,18,6,6,6,0.5,0.484375,2.140625,0.507937,0.189349,0.16,1,5,17,0,0,8, has_unreachable_true_nodes
FR-BBD3-PARENT-c0345,2-Aminobenzoate,scope_a_old83_compatible,biotransformer_envmicro,1,SCORED,4,6,2,6,0,0.984375,1.75,0.0,0.0,0.0,0,6,4,0,1,14,
FR-BBD3-PARENT-c0352,1-Aminocyclopropane-1-carboxylate,scope_a_old83_compatible,biotransformer_envmicro,1,NO_PREDICTION,2,0,2,0,0,0,0.75,0.0,0.0,0.0,0,0,2,0,0,1,no_prediction_after_topk
FR-BBD3-PARENT-c0367,Benzonitrile,scope_a_old83_compatible,biotransformer_envmicro,1,SCORED,2,6,1,6,0.5,0.484375,0.5,0.507937,0.5,0.336842,1,5,1,0,0,14,
FR-BBD3-PARENT-c0371,Biphenyl,scope_a_old83_compatible,biotransformer_envmicro,1,SCORED,5,6,4,6,0,0.984375,1.0,0.0,0.0,0.0,0,6,5,0,0,14,
FR-BBD3-PARENT-c0375,p -Cymene,scope_a_old83_compatible,biotransformer_envmicro,1,SCORED,6,6,6,6,0,0.984375,0.984375,0.0,0.0,0.0,0,6,6,0,0,6, has_unreachable_true_nodes
FR-BBD3-PARENT-c0388,Fluorene,scope_a_old83_compatible,biotransformer_envmicro,1,SCORED,24,6,6,6,0.625,0.234375,3.1875,0.727273,0.163934,0.15444,2,4,22,0,1,16, has_unreachable_true_nodes
FR-BBD3-PARENT-c0407,(+)-Camphor,scope_a_old83_compatible,biotransformer_envmicro,1,SCORED,7,6,6,6,0.75,0.234375,0.25,0.761905,0.75,0.607595,2,4,5,0,1,1,
FR-BBD3-PARENT-c0426,Dibenzo-p-dioxin,scope_a_old83_compatible,biotransformer_envmicro,1,NO_PREDICTION,4,0,3,0,0,0,1.0,0.0,0.0,0.0,0,0,4,0,0,1,no_prediction_after_topk
FR-BBD3-PARENT-c0432,epsilon -Caprolactam,scope_a_old83_compatible,biotransformer_envmicro,1,SCORED,2,6,2,6,0,0.984375,0.75,0.0,0.0,0.0,0,6,2,0,0,0,
FR-BBD3-PARENT-c0444,Carbazole,scope_a_old83_compatible,biotransformer_envmicro,1,NO_PREDICTION,4,0,3,0,0,0,1.0,0.0,0.0,0.0,0,0,4,0,0,1,no_prediction_after_topk
FR-BBD3-PARENT-c0480,Bromoxynil,scope_a_old83_compatible,biotransformer_envmicro,1,SCORED,7,6,4,6,0,0.984375,2.1875,0.0,0.0,0.0,0,6,7,0,0,22,
FR-BBD3-PARENT-c0486,Carbon Tetrachloride,scope_a_old83_compatible,biotransformer_envmicro,1,SCORED,6,4,4,4,0.9375,0,1.0,1.0,0.483871,0.483871,4,0,2,0,1,0,
FR-BBD3-PARENT-c0526,Acetylene,scope_a_old83_compatible,biotransformer_envmicro,1,NO_PREDICTION,5,0,3,0,0,0,1.5,0.0,0.0,0.0,0,0,5,0,0,1,no_prediction_after_topk
FR-BBD3-PARENT-c0563,Dodecyl sulfate,scope_a_old83_compatible,biotransformer_envmicro,1,SCORED,4,6,4,6,0.875,0.109375,0.0625,0.888889,0.933333,0.835821,3,3,1,0,0,0,
FR-BBD3-PARENT-c0593,"1,4-Dichlorobenzene",scope_a_old83_compatible,biotransformer_envmicro,1,SCORED,5,6,4,6,0.25,0.484375,1.1875,0.340426,0.173913,0.130081,1,5,4,0,0,7,
FR-BBD3-PARENT-c0597,Cyanamide,scope_a_old83_compatible,biotransformer_envmicro,1,SCORED,1,6,1,6,0.5,0.484375,0,0.507937,1.0,0.507937,1,5,0,0,0,7,
FR-BBD3-PARENT-c0604,Adamantanone,scope_a_old83_compatible,biotransformer_envmicro,1,SCORED,3,6,2,6,0.5,0.484375,0.75,0.507937,0.4,0.288288,1,5,2,0,0,0,
FR-BBD3-PARENT-c0612,"cis -1,3-Dichloropropene",scope_a_old83_compatible,biotransformer_envmicro,1,SCORED,3,6,3,6,0.875,0.109375,0,0.888889,1.0,0.888889,3,3,0,0,1,0,
FR-BBD3-PARENT-c0626,Limonene,scope_a_old83_compatible,biotransformer_envmicro,1,SCORED,12,6,6,6,0,0.984375,3.109375,0.0,0.0,0.0,0,6,12,0,7,5, has_unreachable_true_nodes
FR-BBD3-PARENT-c0639,"Hexahydro-1,3,5-trinitro-1,3,5-triazine",scope_a_old83_compatible,biotransformer_envmicro,1,SCORED,15,6,5,6,0.875,0.109375,2.90625,0.888889,0.231405,0.2249,3,3,12,0,2,0,
FR-BBD3-PARENT-c0653,2-Chloro-N-isopropylacetanilide,scope_a_old83_compatible,biotransformer_envmicro,1,SCORED,7,5,2,5,0,0.96875,2.5,0.0,0.0,0.0,0,5,7,0,1,5,
FR-BBD3-PARENT-c0689,Cyclohexylsulfamate,scope_a_old83_compatible,biotransformer_envmicro,1,SCORED,2,6,2,6,0.75,0.234375,0,0.761905,1.0,0.761905,2,4,0,0,0,0,
FR-BBD3-PARENT-c0691,Dimethylphosphinate,scope_a_old83_compatible,biotransformer_envmicro,1,SCORED,2,2,2,2,0,0.75,0.75,0.0,0.0,0.0,0,2,2,0,0,0,
FR-BBD3-PARENT-c0694,4-Hydroxyacetophenone,scope_a_old83_compatible,biotransformer_envmicro,1,SCORED,3,6,2,6,0.25,0.921875,0.75,0.213333,0.25,0.130081,1,5,2,0,0,10,
FR-BBD3-PARENT-c0764,Bisphenol A,scope_a_old83_compatible,biotransformer_envmicro,1,SCORED,16,6,5,6,0.875,0.109375,2.875,0.888889,0.233333,0.226721,3,3,13,0,0,9,
FR-BBD3-PARENT-c0765,"2,4-Dichloroaniline",scope_a_old83_compatible,biotransformer_envmicro,1,SCORED,2,6,2,6,0,0.984375,0.75,0.0,0.0,0.0,0,6,2,0,1,13,
FR-BBD3-PARENT-c0865,"2,4-Dichlorotoluene",scope_a_old83_compatible,biotransformer_envmicro,1,SCORED,9,6,6,6,0.25,0.484375,0.84375,0.340426,0.228571,0.158416,1,5,8,0,0,13, has_unreachable_true_nodes
FR-BBD3-PARENT-c0897,Benzyl sulfide,scope_a_old83_compatible,biotransformer_envmicro,1,SCORED,5,6,2,6,0.75,0.234375,1.25,0.761905,0.375,0.335664,2,4,3,0,0,12,
FR-BBD3-PARENT-c0908,N-Cyclohexylisocyanide,scope_a_old83_compatible,biotransformer_envmicro,1,SCORED,3,6,2,6,0.5,0.484375,0.5,0.507937,0.5,0.336842,1,5,2,0,0,7,
FR-BBD3-PARENT-c0939,Hypophosphite,scope_a_old83_compatible,biotransformer_envmicro,1,NO_PREDICTION,2,0,2,0,0,0,0.75,0.0,0.0,0.0,0,0,2,0,0,1,no_prediction_after_topk
FR-BBD3-PARENT-c0941,Cyclohexane,scope_a_old83_compatible,biotransformer_envmicro,1,SCORED,6,6,6,6,0.984375,0,0,1.0,1.0,1.0,6,0,0,0,0,0, has_unreachable_true_nodes
FR-BBD3-PARENT-c0946,Branched-chain dodecylbenzene sulfonate,scope_a_old83_compatible,biotransformer_envmicro,1,SCORED,4,6,3,6,0,0.984375,1.125,0.0,0.0,0.0,0,6,4,0,0,5,
FR-BBD3-PARENT-c0991,Anthracene,scope_a_old83_compatible,biotransformer_envmicro,1,SCORED,10,6,5,6,0,0.984375,2.53125,0.0,0.0,0.0,0,6,10,0,1,30,
FR-BBD3-PARENT-c1013,Citronellol,scope_a_old83_compatible,biotransformer_envmicro,1,SCORED,6,6,6,6,0.75,0.234375,0.234375,0.761905,0.761905,0.615385,2,4,4,0,0,3, has_unreachable_true_nodes
FR-BBD3-PARENT-c1019,2-Mercaptobenzothiazole,scope_a_old83_compatible,biotransformer_envmicro,1,SCORED,11,6,4,6,0,0.984375,3.9375,0.0,0.0,0.0,0,6,11,0,0,0,
FR-BBD3-PARENT-c1039,4-Fluorobenzoate,scope_a_old83_compatible,biotransformer_envmicro,1,NO_PREDICTION,7,0,5,0,0,0,1.71875,0.0,0.0,0.0,0,0,7,0,0,2,no_prediction_after_topk
FR-BBD3-PARENT-c1043,Geraniol,scope_a_old83_compatible,biotransformer_envmicro,1,SCORED,3,5,3,5,0.75,0.21875,0.125,0.774194,0.857143,0.685714,2,3,1,0,0,3,
FR-BBD3-PARENT-c1066,"(-)-(1 R ,2 S ,5 R )-Menthol",scope_a_old83_compatible,biotransformer_envmicro,1,SCORED,5,6,5,6,0.5,0.484375,0.46875,0.507937,0.516129,0.344086,1,5,4,0,0,2,
FR-BBD3-PARENT-c1072,3-Fluorobenzoate,scope_a_old83_compatible,biotransformer_envmicro,1,SCORED,5,6,3,6,0,0.984375,1.625,0.0,0.0,0.0,0,6,5,0,0,8,
FR-BBD3-PARENT-c1078,Isooctane,scope_a_old83_compatible,biotransformer_envmicro,1,SCORED,6,6,6,6,0,0.984375,0.984375,0.0,0.0,0.0,0,6,6,0,0,0, has_unreachable_true_nodes
FR-BBD3-PARENT-c1094,Caffeine,scope_a_old83_compatible,biotransformer_envmicro,1,SCORED,15,6,3,6,0.875,0.109375,3.25,0.888889,0.212121,0.206642,3,3,12,0,0,0,
FR-BBD3-PARENT-c1161,Isoniazid,scope_a_old83_compatible,biotransformer_envmicro,1,SCORED,11,6,5,6,0,0.984375,2.1875,0.0,0.0,0.0,0,6,11,0,0,2,
FR-BBD3-PARENT-c1182,Furfural,scope_a_old83_compatible,biotransformer_envmicro,1,SCORED,5,6,4,6,0.5,0.484375,0.9375,0.507937,0.347826,0.260163,1,5,4,0,1,0,
FR-BBD3-PARENT-c1188,Endosulfan,scope_a_old83_compatible,biotransformer_envmicro,1,SCORED,9,6,3,6,0,0.984375,3.375,0.0,0.0,0.0,0,6,9,0,0,0,
FR-BBD3-PARENT-c1201,4-Hydroxypyridine,scope_a_old83_compatible,biotransformer_envmicro,1,SCORED,6,2,5,2,0.5,0.25,0.59375,0.666667,0.457143,0.372093,1,1,5,0,0,3,
FR-BBD3-PARENT-c1263,Asulam,scope_a_old83_compatible,biotransformer_envmicro,1,SCORED,8,6,6,6,0,0.984375,1.171875,0.0,0.0,0.0,0,6,8,0,0,9,
FR-BBD3-PARENT-c1266,Bisphenol F,scope_a_old83_compatible,biotransformer_envmicro,1,SCORED,5,6,4,6,0,0.984375,1.0,0.0,0.0,0.0,0,6,5,0,0,14,
FR-BBD3-PARENT-c1267,Dimethyl isophthalate,scope_a_old83_compatible,biotransformer_envmicro,1,SCORED,4,6,4,6,0,0.984375,0.9375,0.0,0.0,0.0,0,6,4,0,0,19,
FR-BBD3-PARENT-c1285,Carbofuran,scope_a_old83_compatible,biotransformer_envmicro,1,SCORED,8,3,2,3,1.0,0,2.5,1.0,0.285714,0.285714,2,0,6,1,0,17,
FR-BBD3-PARENT-c1296,Metamitron,scope_a_old83_compatible,biotransformer_envmicro,1,SCORED,7,6,4,6,0.25,0.484375,1.5,0.340426,0.142857,0.111888,1,5,6,0,0,8,
FR-BBD3-PARENT-c1313,"2,4-Dinitrotoluene",scope_a_old83_compatible,biotransformer_envmicro,1,SCORED,8,6,5,6,0,0.984375,2.21875,0.0,0.0,0.0,0,6,8,0,0,15,
FR-BBD3-PARENT-c1350,"3,3'-Dithiodipropionate",scope_a_old83_compatible,biotransformer_envmicro,1,SCORED,4,6,4,6,0.5,0.484375,0.4375,0.507937,0.533333,0.351648,1,5,3,0,0,7,
FR-BBD3-PARENT-c1352,"N,N-Diethyl-m-toluamide",scope_a_old83_compatible,biotransformer_envmicro,1,SCORED,8,5,3,5,1.0,0.09375,1.875,0.914286,0.347826,0.336842,3,2,5,0,0,14,
FR-BBD3-PARENT-c1354,"1,4-Dioxane",scope_a_old83_compatible,biotransformer_envmicro,1,SCORED,8,6,4,6,0.8125,0.09375,0.875,0.896552,0.481481,0.45614,3,2,5,1,0,0,
FR-BBD3-PARENT-c1383,Benzothiophene,scope_a_old83_compatible,biotransformer_envmicro,1,SCORED,5,6,4,6,0,0.984375,1.0,0.0,0.0,0.0,0,6,5,0,1,6,
FR-BBD3-PARENT-c1391,Cinnamate,scope_a_old83_compatible,biotransformer_envmicro,1,SCORED,5,6,4,6,0.375,0.234375,0.625,0.615385,0.375,0.303797,2,4,3,0,0,9,
FR-BBD3-PARENT-c1412,Ketoprofen,scope_a_old83_compatible,biotransformer_envmicro,1,SCORED,1,6,1,6,0,0.984375,0.5,0.0,0.0,0.0,0,6,1,0,0,18,
FR-BBD3-PARENT-c1441,Alachlor,scope_a_old83_compatible,biotransformer_envmicro,1,SCORED,15,6,4,6,0.5,0.484375,3.75,0.507937,0.117647,0.105611,1,5,14,0,0,0,
FR-BBD3-PARENT-c1457,Malathion,scope_a_old83_compatible,biotransformer_envmicro,1,SCORED,20,3,6,3,0,0.875,4.203125,0.0,0.0,0.0,0,3,20,0,1,1, has_unreachable_true_nodes
FR-BBD3-PARENT-c1481,Methamidophos,scope_a_old83_compatible,biotransformer_envmicro,1,SCORED,6,6,3,6,0.25,0.921875,1.375,0.213333,0.153846,0.09816,1,5,5,0,1,3,
FR-BBD3-PARENT-c1524,Diazepam,scope_a_old83_compatible,biotransformer_envmicro,1,SCORED,3,6,2,6,0,0.984375,1.25,0.0,0.0,0.0,0,6,3,0,0,10,
FR-BBD3-PARENT-c1531,Acenaphthylene,scope_a_old83_compatible,biotransformer_envmicro,1,SCORED,5,6,5,6,0,0.984375,0.96875,0.0,0.0,0.0,0,6,5,0,1,5,
FR-BBD3-PARENT-c1549,"1,5-Anhydro-D-fructose",scope_a_old83_compatible,biotransformer_envmicro,1,SCORED,8,6,4,6,0,0.984375,2.0,0.0,0.0,0.0,0,6,8,0,0,0,
FR-BBD3-PARENT-c1586,Atenolol,scope_a_old83_compatible,biotransformer_envmicro,1,SCORED,1,6,1,6,0,0.984375,0.5,0.0,0.0,0.0,0,6,1,0,1,5,
FR-BBD3-CAND-c0620,trans-3-Chloroacrylic acid,scope_b_v0_3_candidate,biotransformer_envmicro,1,SCORED,2,6,2,6,0.5,0.109375,0.25,0.820513,0.666667,0.581818,1,3,1,2,0,1,
FR-BBD3-CAND-c0611,"trans-1,3-Dichloropropene",scope_b_v0_3_candidate,biotransformer_envmicro,1,SCORED,3,6,3,6,0.875,0.109375,0,0.888889,1.0,0.888889,3,3,0,0,1,0,
FR-BBD3-CAND-c0282,3-Hydroxytoluene (m-Cresol),scope_b_v0_3_candidate,biotransformer_envmicro,1,SCORED,5,6,4,6,0,0.984375,1.0,0.0,0.0,0.0,0,6,5,0,0,10,
FR-BBD3-CAND-c0257,Cyromazine (N-Cyclopropylmelamine),scope_b_v0_3_candidate,biotransformer_envmicro,1,SCORED,4,6,3,6,0.125,0.921875,0.875,0.119403,0.125,0.065041,1,5,3,0,0,3,
FR-BBD3-CAND-c1376,"2,6-Dichlorobenzonitrile (Dichlobenil)",scope_b_v0_3_candidate,biotransformer_envmicro,1,SCORED,5,6,4,6,0.0625,0.859375,1.125,0.067797,0.052632,0.030534,1,5,4,0,0,18,
FR-BBD3-CAND-c0971,Fosfomycin,scope_b_v0_3_candidate,biotransformer_envmicro,1,SCORED,3,6,1,6,0.5,0.484375,1.0,0.507937,0.333333,0.251969,1,5,2,0,0,0,
FR-BBD3-CAND-c0141,gamma-Hexachlorocyclohexane,scope_b_v0_3_candidate,biotransformer_envmicro,1,SCORED,9,6,6,6,0,0.984375,1.546875,0.0,0.0,0.0,0,6,9,0,0,2, has_unreachable_true_nodes
FR-BBD3-CAND-c1570,"(R,R)-Iminodisuccinate",scope_b_v0_3_candidate,biotransformer_envmicro,1,SCORED,2,6,1,6,0,0.984375,1.0,0.0,0.0,0.0,0,6,2,0,0,2,
FR-BBD3-CAND-c0347,Methanesulfonate,scope_b_v0_3_candidate,biotransformer_envmicro,1,NO_PREDICTION,2,0,1,0,0,0,1.0,0.0,0.0,0.0,0,0,2,0,0,2,no_prediction_after_topk
FR-BBD3-PARENT-c0001,"1,2-Dichloroethane",scope_a_old83_compatible,biotransformer_envmicro,3,SCORED,4,50,4,6,0.9375,2.71875,0,0.25641,1.0,0.25641,4,46,0,0,2,17,
FR-BBD3-PARENT-c0002,Atrazine,scope_a_old83_compatible,biotransformer_envmicro,3,SCORED,11,17,4,6,0.875,1.9375,2.0625,0.311111,0.297872,0.179487,3,14,8,0,0,4,
FR-BBD3-PARENT-c0006,Gallate,scope_a_old83_compatible,biotransformer_envmicro,3,SCORED,7,62,6,6,0,6.609375,1.484375,0.0,0.0,0.0,0,62,7,0,0,0, has_unreachable_true_nodes
FR-BBD3-PARENT-c0018,"1,3-Dichloro-2-propanol",scope_a_old83_compatible,biotransformer_envmicro,3,SCORED,4,38,4,6,0.9375,2.96875,0,0.24,1.0,0.24,4,34,0,0,2,0,
FR-BBD3-PARENT-c0039,Dibenzofuran,scope_a_old83_compatible,biotransformer_envmicro,3,NO_PREDICTION,4,0,3,0,0,0,1.0,0.0,0.0,0.0,0,0,4,0,0,1,no_prediction_after_topk
FR-BBD3-PARENT-c0116,Ethylbenzene,scope_a_old83_compatible,biotransformer_envmicro,3,SCORED,16,79,6,6,1.328125,5.25,1.359375,0.2019,0.494186,0.167323,7,72,9,0,0,11,
FR-BBD3-PARENT-c0118,Dibenzothiophene,scope_a_old83_compatible,biotransformer_envmicro,3,SCORED,6,83,4,6,0.25,6.390625,1.4375,0.037647,0.148148,0.030948,1,82,5,0,1,11,
FR-BBD3-PARENT-c0121,Benzoate,scope_a_old83_compatible,biotransformer_envmicro,3,SCORED,14,82,6,6,0,6.671875,2.734375,0.0,0.0,0.0,0,82,14,0,0,8, has_unreachable_true_nodes
FR-BBD3-PARENT-c0134,Glyphosate,scope_a_old83_compatible,biotransformer_envmicro,3,SCORED,5,55,3,6,1.25,2.6875,0.625,0.31746,0.666667,0.273973,3,52,2,0,1,9,
FR-BBD3-PARENT-c0139,"beta -1,2,3,4,5,6-Hexachlorocyclohexane",scope_a_old83_compatible,biotransformer_envmicro,3,SCORED,6,14,4,6,0.8125,0.203125,0.875,0.8,0.481481,0.429752,3,10,3,1,0,2,
FR-BBD3-PARENT-c0148,Acrylonitrile,scope_a_old83_compatible,biotransformer_envmicro,3,SCORED,5,33,4,6,0.5625,2.5625,0.875,0.18,0.391304,0.140625,2,31,3,0,0,1,
FR-BBD3-PARENT-c0153,( R )-Mandelate,scope_a_old83_compatible,biotransformer_envmicro,3,SCORED,2,90,2,6,0.5,7.375,0.25,0.063492,0.666667,0.061538,1,89,1,0,0,11,
FR-BBD3-PARENT-c0163,Cyanuric acid,scope_a_old83_compatible,biotransformer_envmicro,3,SCORED,2,37,2,6,0.5,2.359375,0.25,0.174863,0.666667,0.160804,1,36,1,0,0,9,
FR-BBD3-PARENT-c0177,4-Chlorobiphenyl,scope_a_old83_compatible,biotransformer_envmicro,3,SCORED,8,97,6,6,0.328125,7.265625,0.734375,0.04321,0.308824,0.0394,3,94,5,0,0,19,
FR-BBD3-PARENT-c0233,Dichloromethane,scope_a_old83_compatible,biotransformer_envmicro,3,SCORED,3,2,2,2,0.75,0,0.5,1.0,0.6,0.6,2,0,1,0,1,0, has_unreachable_true_nodes
FR-BBD3-PARENT-c0236,Dimethyl Sulfoxide,scope_a_old83_compatible,biotransformer_envmicro,3,SCORED,4,2,3,2,0,0.75,1.125,0.0,0.0,0.0,0,2,4,0,1,0,
FR-BBD3-PARENT-c0245,2-Aminobenzenesulfonate,scope_a_old83_compatible,biotransformer_envmicro,3,SCORED,2,86,2,6,0,8.0625,0.75,0.0,0.0,0.0,0,86,2,0,0,12,
FR-BBD3-PARENT-c0286,cis -3-Chloroacrylic acid,scope_a_old83_compatible,biotransformer_envmicro,3,SCORED,2,30,2,6,0.5,1.875,0.25,0.210526,0.666667,0.190476,1,27,1,2,0,1,
FR-BBD3-PARENT-c0288,"2,4-Dichlorophenoxyacetic acid",scope_a_old83_compatible,biotransformer_envmicro,3,SCORED,18,59,6,6,2.15625,2.71875,0.484375,0.442308,0.816568,0.402332,7,52,11,0,0,8, has_unreachable_true_nodes
FR-BBD3-PARENT-c0345,2-Aminobenzoate,scope_a_old83_compatible,biotransformer_envmicro,3,SCORED,4,83,2,6,0,7.484375,1.75,0.0,0.0,0.0,0,83,4,0,1,14,
FR-BBD3-PARENT-c0352,1-Aminocyclopropane-1-carboxylate,scope_a_old83_compatible,biotransformer_envmicro,3,NO_PREDICTION,2,0,2,0,0,0,0.75,0.0,0.0,0.0,0,0,2,0,0,1,no_prediction_after_topk
FR-BBD3-PARENT-c0367,Benzonitrile,scope_a_old83_compatible,biotransformer_envmicro,3,SCORED,2,83,1,6,0.5,5.953125,0.5,0.077482,0.5,0.07191,1,82,1,0,0,14,
FR-BBD3-PARENT-c0371,Biphenyl,scope_a_old83_compatible,biotransformer_envmicro,3,SCORED,5,95,4,6,0.3125,6.109375,0.6875,0.048662,0.3125,0.043956,2,93,3,0,0,14,
FR-BBD3-PARENT-c0375,p -Cymene,scope_a_old83_compatible,biotransformer_envmicro,3,SCORED,6,53,6,6,0,3.578125,0.984375,0.0,0.0,0.0,0,53,6,0,0,6, has_unreachable_true_nodes
FR-BBD3-PARENT-c0388,Fluorene,scope_a_old83_compatible,biotransformer_envmicro,3,SCORED,24,99,6,6,1.625,5.765625,2.1875,0.219873,0.42623,0.169657,5,93,19,1,1,16, has_unreachable_true_nodes
FR-BBD3-PARENT-c0407,(+)-Camphor,scope_a_old83_compatible,biotransformer_envmicro,3,SCORED,7,28,6,6,0.75,1.265625,0.25,0.372093,0.75,0.331034,2,26,5,0,1,1,
FR-BBD3-PARENT-c0426,Dibenzo-p-dioxin,scope_a_old83_compatible,biotransformer_envmicro,3,NO_PREDICTION,4,0,3,0,0,0,1.0,0.0,0.0,0.0,0,0,4,0,0,1,no_prediction_after_topk
FR-BBD3-PARENT-c0432,epsilon -Caprolactam,scope_a_old83_compatible,biotransformer_envmicro,3,SCORED,2,25,2,6,0,2.125,0.75,0.0,0.0,0.0,0,25,2,0,0,0,
FR-BBD3-PARENT-c0444,Carbazole,scope_a_old83_compatible,biotransformer_envmicro,3,NO_PREDICTION,4,0,3,0,0,0,1.0,0.0,0.0,0.0,0,0,4,0,0,1,no_prediction_after_topk
FR-BBD3-PARENT-c0480,Bromoxynil,scope_a_old83_compatible,biotransformer_envmicro,3,SCORED,7,67,4,6,1.0,4.21875,1.1875,0.191617,0.457143,0.156098,2,65,5,0,0,22,
FR-BBD3-PARENT-c0486,Carbon Tetrachloride,scope_a_old83_compatible,biotransformer_envmicro,3,SCORED,6,4,4,4,0.9375,0,1.0,1.0,0.483871,0.483871,4,0,2,0,1,0,
FR-BBD3-PARENT-c0526,Acetylene,scope_a_old83_compatible,biotransformer_envmicro,3,NO_PREDICTION,5,0,3,0,0,0,1.5,0.0,0.0,0.0,0,0,5,0,0,1,no_prediction_after_topk
FR-BBD3-PARENT-c0563,Dodecyl sulfate,scope_a_old83_compatible,biotransformer_envmicro,3,SCORED,4,20,4,6,0.875,0.8125,0.0625,0.518519,0.933333,0.5,3,17,1,0,0,0,
FR-BBD3-PARENT-c0593,"1,4-Dichlorobenzene",scope_a_old83_compatible,biotransformer_envmicro,3,SCORED,5,80,4,6,0.75,4.734375,0.6875,0.136752,0.521739,0.121519,2,78,3,0,0,7,
FR-BBD3-PARENT-c0597,Cyanamide,scope_a_old83_compatible,biotransformer_envmicro,3,SCORED,1,57,1,6,0.5,3.03125,0,0.141593,1.0,0.141593,1,56,0,0,0,7,
FR-BBD3-PARENT-c0604,Adamantanone,scope_a_old83_compatible,biotransformer_envmicro,3,SCORED,3,22,2,6,0.5,0.90625,0.75,0.355556,0.4,0.231884,1,21,2,0,0,0,
FR-BBD3-PARENT-c0612,"cis -1,3-Dichloropropene",scope_a_old83_compatible,biotransformer_envmicro,3,SCORED,3,34,3,6,0.875,3.671875,0,0.19244,1.0,0.19244,3,31,0,0,1,0,
FR-BBD3-PARENT-c0626,Limonene,scope_a_old83_compatible,biotransformer_envmicro,3,SCORED,12,51,6,6,0.125,5.265625,2.984375,0.023188,0.040201,0.014925,1,50,11,0,7,5, has_unreachable_true_nodes
FR-BBD3-PARENT-c0639,"Hexahydro-1,3,5-trinitro-1,3,5-triazine",scope_a_old83_compatible,biotransformer_envmicro,3,SCORED,15,12,5,6,0.875,0.28125,2.90625,0.756757,0.231405,0.215385,3,9,12,0,2,0,
FR-BBD3-PARENT-c0653,2-Chloro-N-isopropylacetanilide,scope_a_old83_compatible,biotransformer_envmicro,3,SCORED,7,51,2,6,2.25,3.8125,0.25,0.371134,0.9,0.356436,6,39,1,6,1,5,
FR-BBD3-PARENT-c0689,Cyclohexylsulfamate,scope_a_old83_compatible,biotransformer_envmicro,3,SCORED,2,14,2,6,0.75,0.46875,0,0.615385,1.0,0.615385,2,12,0,0,0,0,
FR-BBD3-PARENT-c0691,Dimethylphosphinate,scope_a_old83_compatible,biotransformer_envmicro,3,SCORED,2,2,2,1,0,1.0,0.75,0.0,0.0,0.0,0,2,2,0,0,0,
FR-BBD3-PARENT-c0694,4-Hydroxyacetophenone,scope_a_old83_compatible,biotransformer_envmicro,3,SCORED,3,71,2,6,1.0,5.296875,0,0.158809,1.0,0.158809,3,68,0,0,0,10,
FR-BBD3-PARENT-c0764,Bisphenol A,scope_a_old83_compatible,biotransformer_envmicro,3,SCORED,16,40,5,6,1.625,1.03125,2.125,0.611765,0.433333,0.339869,6,34,10,0,0,9,
FR-BBD3-PARENT-c0765,"2,4-Dichloroaniline",scope_a_old83_compatible,biotransformer_envmicro,3,SCORED,2,87,2,6,0.5,7.5,0.25,0.0625,0.666667,0.060606,1,86,1,0,1,13,
FR-BBD3-PARENT-c0865,"2,4-Dichlorotoluene",scope_a_old83_compatible,biotransformer_envmicro,3,SCORED,9,97,6,6,0.25,7.484375,0.84375,0.032323,0.228571,0.029144,1,96,8,0,0,13, has_unreachable_true_nodes
FR-BBD3-PARENT-c0897,Benzyl sulfide,scope_a_old83_compatible,biotransformer_envmicro,3,SCORED,5,70,2,6,1.75,2.78125,0.25,0.386207,0.875,0.366013,4,66,1,0,0,12,
FR-BBD3-PARENT-c0908,N-Cyclohexylisocyanide,scope_a_old83_compatible,biotransformer_envmicro,3,SCORED,3,55,2,6,1.0,1.53125,0,0.395062,1.0,0.395062,3,50,0,2,0,7,
FR-BBD3-PARENT-c0939,Hypophosphite,scope_a_old83_compatible,biotransformer_envmicro,3,NO_PREDICTION,2,0,2,0,0,0,0.75,0.0,0.0,0.0,0,0,2,0,0,1,no_prediction_after_topk
FR-BBD3-PARENT-c0941,Cyclohexane,scope_a_old83_compatible,biotransformer_envmicro,3,SCORED,6,14,6,6,0.984375,0.234375,0,0.807692,1.0,0.807692,6,8,0,0,0,0, has_unreachable_true_nodes
FR-BBD3-PARENT-c0946,Branched-chain dodecylbenzene sulfonate,scope_a_old83_compatible,biotransformer_envmicro,3,SCORED,4,90,3,6,0.5,7.140625,0.625,0.06544,0.444444,0.060491,1,89,3,0,0,5,
FR-BBD3-PARENT-c0991,Anthracene,scope_a_old83_compatible,biotransformer_envmicro,3,SCORED,10,77,5,6,0.25,5.15625,2.28125,0.046243,0.098765,0.03252,1,76,9,0,1,30,
FR-BBD3-PARENT-c1013,Citronellol,scope_a_old83_compatible,biotransformer_envmicro,3,SCORED,6,61,6,6,0.75,5.171875,0.234375,0.126649,0.761905,0.121827,2,59,4,0,0,3, has_unreachable_true_nodes
FR-BBD3-PARENT-c1019,2-Mercaptobenzothiazole,scope_a_old83_compatible,biotransformer_envmicro,3,SCORED,11,62,4,6,0.25,5.234375,3.6875,0.045584,0.063492,0.027257,1,61,10,0,0,0,
FR-BBD3-PARENT-c1039,4-Fluorobenzoate,scope_a_old83_compatible,biotransformer_envmicro,3,NO_PREDICTION,7,0,5,0,0,0,1.71875,0.0,0.0,0.0,0,0,7,0,0,2,no_prediction_after_topk
FR-BBD3-PARENT-c1043,Geraniol,scope_a_old83_compatible,biotransformer_envmicro,3,SCORED,3,63,3,6,0.75,5.265625,0.125,0.124675,0.857143,0.122137,2,61,1,0,0,3,
FR-BBD3-PARENT-c1066,"(-)-(1 R ,2 S ,5 R )-Menthol",scope_a_old83_compatible,biotransformer_envmicro,3,SCORED,5,13,5,6,0.5,0.625,0.46875,0.444444,0.516129,0.313725,1,12,4,0,0,2,
FR-BBD3-PARENT-c1072,3-Fluorobenzoate,scope_a_old83_compatible,biotransformer_envmicro,3,SCORED,5,83,3,6,0,6.921875,1.625,0.0,0.0,0.0,0,83,5,0,0,8,
FR-BBD3-PARENT-c1078,Isooctane,scope_a_old83_compatible,biotransformer_envmicro,3,SCORED,6,50,6,6,0.875,3.3125,0.109375,0.208955,0.888889,0.203636,3,47,3,0,0,0, has_unreachable_true_nodes
FR-BBD3-PARENT-c1094,Caffeine,scope_a_old83_compatible,biotransformer_envmicro,3,SCORED,15,20,3,6,2.375,0.59375,1.75,0.8,0.575758,0.503311,7,13,8,0,0,0,
FR-BBD3-PARENT-c1161,Isoniazid,scope_a_old83_compatible,biotransformer_envmicro,3,SCORED,11,21,5,6,0,2.84375,2.1875,0.0,0.0,0.0,0,21,11,0,0,2,
FR-BBD3-PARENT-c1182,Furfural,scope_a_old83_compatible,biotransformer_envmicro,3,SCORED,5,10,4,6,0.5,0.625,0.9375,0.444444,0.347826,0.242424,1,9,4,0,1,0,
FR-BBD3-PARENT-c1188,Endosulfan,scope_a_old83_compatible,biotransformer_envmicro,3,SCORED,9,47,3,6,0,5.890625,3.375,0.0,0.0,0.0,0,47,9,0,0,0,
FR-BBD3-PARENT-c1201,4-Hydroxypyridine,scope_a_old83_compatible,biotransformer_envmicro,3,SCORED,6,2,5,2,0.5,0.25,0.59375,0.666667,0.457143,0.372093,1,1,5,0,0,3,
FR-BBD3-PARENT-c1263,Asulam,scope_a_old83_compatible,biotransformer_envmicro,3,SCORED,8,64,6,6,0.3125,4.515625,0.859375,0.064725,0.266667,0.054945,2,62,6,0,0,9,
FR-BBD3-PARENT-c1266,Bisphenol F,scope_a_old83_compatible,biotransformer_envmicro,3,SCORED,5,51,4,6,0,3.640625,1.0,0.0,0.0,0.0,0,51,5,0,0,14,
FR-BBD3-PARENT-c1267,Dimethyl isophthalate,scope_a_old83_compatible,biotransformer_envmicro,3,SCORED,4,78,4,6,0.8125,4.90625,0.125,0.142077,0.866667,0.139037,3,75,1,0,0,19,
FR-BBD3-PARENT-c1285,Carbofuran,scope_a_old83_compatible,biotransformer_envmicro,3,SCORED,8,83,2,6,1.75,3.78125,1.75,0.316384,0.5,0.240343,4,79,4,0,0,17,
FR-BBD3-PARENT-c1296,Metamitron,scope_a_old83_compatible,biotransformer_envmicro,3,SCORED,7,104,4,6,0.25,8.34375,1.5,0.029091,0.142857,0.024768,1,103,6,0,0,8,
FR-BBD3-PARENT-c1313,"2,4-Dinitrotoluene",scope_a_old83_compatible,biotransformer_envmicro,3,SCORED,8,63,5,6,0.625,6.234375,1.59375,0.091116,0.28169,0.073937,2,61,6,0,0,15,
FR-BBD3-PARENT-c1350,"3,3'-Dithiodipropionate",scope_a_old83_compatible,biotransformer_envmicro,3,SCORED,4,56,4,6,0.5,2.25,0.4375,0.181818,0.533333,0.156863,1,55,3,0,0,7,
FR-BBD3-PARENT-c1352,"N,N-Diethyl-m-toluamide",scope_a_old83_compatible,biotransformer_envmicro,3,SCORED,8,37,3,6,1.5,2.375,1.375,0.387097,0.521739,0.285714,4,33,4,0,0,14,
FR-BBD3-PARENT-c1354,"1,4-Dioxane",scope_a_old83_compatible,biotransformer_envmicro,3,SCORED,8,43,4,6,1.625,1.390625,0.0625,0.53886,0.962963,0.527919,7,31,1,5,0,0,
FR-BBD3-PARENT-c1383,Benzothiophene,scope_a_old83_compatible,biotransformer_envmicro,3,SCORED,5,63,4,6,0,6.46875,1.0,0.0,0.0,0.0,0,63,5,0,1,6,
FR-BBD3-PARENT-c1391,Cinnamate,scope_a_old83_compatible,biotransformer_envmicro,3,SCORED,5,90,4,6,0.4375,6.75,0.5625,0.06087,0.4375,0.056452,3,87,2,0,0,9,
FR-BBD3-PARENT-c1412,Ketoprofen,scope_a_old83_compatible,biotransformer_envmicro,3,SCORED,1,93,1,6,0,8.484375,0.5,0.0,0.0,0.0,0,93,1,0,0,18,
FR-BBD3-PARENT-c1441,Alachlor,scope_a_old83_compatible,biotransformer_envmicro,3,SCORED,15,43,4,6,2.0,3.8125,2.25,0.344086,0.470588,0.248062,5,34,10,4,0,0,
FR-BBD3-PARENT-c1457,Malathion,scope_a_old83_compatible,biotransformer_envmicro,3,SCORED,20,35,6,6,0.625,3.921875,3.578125,0.137457,0.148699,0.076923,2,32,18,1,1,1, has_unreachable_true_nodes
FR-BBD3-PARENT-c1481,Methamidophos,scope_a_old83_compatible,biotransformer_envmicro,3,SCORED,6,37,3,6,0.5,2.9375,1.125,0.145455,0.307692,0.109589,2,35,4,0,1,3,
FR-BBD3-PARENT-c1524,Diazepam,scope_a_old83_compatible,biotransformer_envmicro,3,SCORED,3,44,2,6,0,4.671875,1.25,0.0,0.0,0.0,0,44,3,0,0,10,
FR-BBD3-PARENT-c1531,Acenaphthylene,scope_a_old83_compatible,biotransformer_envmicro,3,SCORED,5,45,5,6,0,4.421875,0.96875,0.0,0.0,0.0,0,45,5,0,1,5,
FR-BBD3-PARENT-c1549,"1,5-Anhydro-D-fructose",scope_a_old83_compatible,biotransformer_envmicro,3,SCORED,8,42,4,6,0,4.875,2.0,0.0,0.0,0.0,0,42,8,0,0,0,
FR-BBD3-PARENT-c1586,Atenolol,scope_a_old83_compatible,biotransformer_envmicro,3,SCORED,1,42,1,6,0,3.796875,0.5,0.0,0.0,0.0,0,42,1,0,1,5,
FR-BBD3-CAND-c0620,trans-3-Chloroacrylic acid,scope_b_v0_3_candidate,biotransformer_envmicro,3,SCORED,2,30,2,6,0.5,1.875,0.25,0.210526,0.666667,0.190476,1,27,1,2,0,1,
FR-BBD3-CAND-c0611,"trans-1,3-Dichloropropene",scope_b_v0_3_candidate,biotransformer_envmicro,3,SCORED,3,34,3,6,0.875,3.671875,0,0.19244,1.0,0.19244,3,31,0,0,1,0,
FR-BBD3-CAND-c0282,3-Hydroxytoluene (m-Cresol),scope_b_v0_3_candidate,biotransformer_envmicro,3,SCORED,5,94,4,6,0,7.875,1.0,0.0,0.0,0.0,0,94,5,0,0,10,
FR-BBD3-CAND-c0257,Cyromazine (N-Cyclopropylmelamine),scope_b_v0_3_candidate,biotransformer_envmicro,3,SCORED,4,25,3,6,0.75,2.5,0.25,0.230769,0.75,0.214286,3,22,1,0,0,3,
FR-BBD3-CAND-c1376,"2,6-Dichlorobenzonitrile (Dichlobenil)",scope_b_v0_3_candidate,biotransformer_envmicro,3,SCORED,5,68,4,6,0.4375,4.421875,0.75,0.090032,0.368421,0.077994,3,65,2,0,0,18,
FR-BBD3-CAND-c0971,Fosfomycin,scope_b_v0_3_candidate,biotransformer_envmicro,3,SCORED,3,8,1,6,0.5,0.515625,1.0,0.492308,0.333333,0.248062,1,7,2,0,0,0,
FR-BBD3-CAND-c0141,gamma-Hexachlorocyclohexane,scope_b_v0_3_candidate,biotransformer_envmicro,3,SCORED,9,14,6,6,0,1.140625,1.546875,0.0,0.0,0.0,0,14,9,0,0,2, has_unreachable_true_nodes
FR-BBD3-CAND-c1570,"(R,R)-Iminodisuccinate",scope_b_v0_3_candidate,biotransformer_envmicro,3,SCORED,2,15,1,6,0.5,1.140625,0.5,0.304762,0.5,0.233577,1,14,1,0,0,2,
FR-BBD3-CAND-c0347,Methanesulfonate,scope_b_v0_3_candidate,biotransformer_envmicro,3,NO_PREDICTION,2,0,1,0,0,0,1.0,0.0,0.0,0.0,0,0,2,0,0,2,no_prediction_after_topk
FR-BBD3-PARENT-c0001,"1,2-Dichloroethane",scope_a_old83_compatible,biotransformer_envmicro,5,SCORED,4,65,4,6,0.9375,3.09375,0,0.232558,1.0,0.232558,4,61,0,0,2,17,
FR-BBD3-PARENT-c0002,Atrazine,scope_a_old83_compatible,biotransformer_envmicro,5,SCORED,11,37,4,6,2.4375,3.828125,0.5,0.389027,0.829787,0.360277,10,27,1,0,0,4,
FR-BBD3-PARENT-c0006,Gallate,scope_a_old83_compatible,biotransformer_envmicro,5,SCORED,7,68,6,6,0,7.90625,1.484375,0.0,0.0,0.0,0,68,7,0,0,0, has_unreachable_true_nodes
FR-BBD3-PARENT-c0018,"1,3-Dichloro-2-propanol",scope_a_old83_compatible,biotransformer_envmicro,5,SCORED,4,58,4,6,0.9375,3.78125,0,0.198675,1.0,0.198675,4,54,0,0,2,0,
FR-BBD3-PARENT-c0039,Dibenzofuran,scope_a_old83_compatible,biotransformer_envmicro,5,NO_PREDICTION,4,0,3,0,0,0,1.0,0.0,0.0,0.0,0,0,4,0,0,1,no_prediction_after_topk
FR-BBD3-PARENT-c0116,Ethylbenzene,scope_a_old83_compatible,biotransformer_envmicro,5,SCORED,16,112,6,6,1.328125,8.359375,1.359375,0.137097,0.494186,0.120226,7,105,9,0,0,11,
FR-BBD3-PARENT-c0118,Dibenzothiophene,scope_a_old83_compatible,biotransformer_envmicro,5,SCORED,6,149,4,6,0.75,10.171875,0.9375,0.06867,0.444444,0.063241,2,147,4,0,1,11,
FR-BBD3-PARENT-c0121,Benzoate,scope_a_old83_compatible,biotransformer_envmicro,5,SCORED,14,99,6,6,0,7.75,2.734375,0.0,0.0,0.0,0,99,14,0,0,8, has_unreachable_true_nodes
FR-BBD3-PARENT-c0134,Glyphosate,scope_a_old83_compatible,biotransformer_envmicro,5,SCORED,5,65,3,6,1.75,3.140625,0.125,0.357827,0.933333,0.34891,4,61,1,0,1,9,
FR-BBD3-PARENT-c0139,"beta -1,2,3,4,5,6-Hexachlorocyclohexane",scope_a_old83_compatible,biotransformer_envmicro,5,SCORED,6,15,4,6,0.8125,0.21875,0.875,0.787879,0.481481,0.42623,3,11,3,1,0,2,
FR-BBD3-PARENT-c0148,Acrylonitrile,scope_a_old83_compatible,biotransformer_envmicro,5,SCORED,5,39,4,6,0.5625,2.65625,0.875,0.174757,0.391304,0.137405,2,37,3,0,0,1,
FR-BBD3-PARENT-c0153,( R )-Mandelate,scope_a_old83_compatible,biotransformer_envmicro,5,SCORED,2,112,2,6,0.5,8.84375,0.25,0.053512,0.666667,0.052117,1,111,1,0,0,11,
FR-BBD3-PARENT-c0163,Cyanuric acid,scope_a_old83_compatible,biotransformer_envmicro,5,SCORED,2,86,2,6,0.5,5.171875,0.25,0.088154,0.666667,0.084433,1,85,1,0,0,9,
FR-BBD3-PARENT-c0177,4-Chlorobiphenyl,scope_a_old83_compatible,biotransformer_envmicro,5,SCORED,8,147,6,6,0.328125,10.921875,0.734375,0.029167,0.308824,0.027379,3,144,5,0,0,19,
FR-BBD3-PARENT-c0233,Dichloromethane,scope_a_old83_compatible,biotransformer_envmicro,5,SCORED,3,2,2,2,0.75,0,0.5,1.0,0.6,0.6,2,0,1,0,1,0, has_unreachable_true_nodes
FR-BBD3-PARENT-c0236,Dimethyl Sulfoxide,scope_a_old83_compatible,biotransformer_envmicro,5,SCORED,4,2,3,2,0,0.75,1.125,0.0,0.0,0.0,0,2,4,0,1,0,
FR-BBD3-PARENT-c0245,2-Aminobenzenesulfonate,scope_a_old83_compatible,biotransformer_envmicro,5,SCORED,2,144,2,6,0.25,13.140625,0.5,0.01867,0.333333,0.017998,1,143,1,0,0,12,
FR-BBD3-PARENT-c0286,cis -3-Chloroacrylic acid,scope_a_old83_compatible,biotransformer_envmicro,5,SCORED,2,36,2,6,0.5,1.96875,0.25,0.202532,0.666667,0.183908,1,33,1,2,0,1,
FR-BBD3-PARENT-c0288,"2,4-Dichlorophenoxyacetic acid",scope_a_old83_compatible,biotransformer_envmicro,5,SCORED,18,78,6,6,2.15625,4.390625,0.484375,0.329356,0.816568,0.306667,7,71,11,0,0,8, has_unreachable_true_nodes
FR-BBD3-PARENT-c0345,2-Aminobenzoate,scope_a_old83_compatible,biotransformer_envmicro,5,SCORED,4,115,2,6,0.5,10.90625,1.25,0.043836,0.285714,0.039506,1,114,3,0,1,14,
FR-BBD3-PARENT-c0352,1-Aminocyclopropane-1-carboxylate,scope_a_old83_compatible,biotransformer_envmicro,5,NO_PREDICTION,2,0,2,0,0,0,0.75,0.0,0.0,0.0,0,0,2,0,0,1,no_prediction_after_topk
FR-BBD3-PARENT-c0367,Benzonitrile,scope_a_old83_compatible,biotransformer_envmicro,5,SCORED,2,94,1,6,0.5,6.5,0.5,0.071429,0.5,0.066667,1,93,1,0,0,14,
FR-BBD3-PARENT-c0371,Biphenyl,scope_a_old83_compatible,biotransformer_envmicro,5,SCORED,5,118,4,6,0.3125,7.265625,0.6875,0.041237,0.3125,0.037807,2,116,3,0,0,14,
FR-BBD3-PARENT-c0375,p -Cymene,scope_a_old83_compatible,biotransformer_envmicro,5,SCORED,6,83,6,6,0,5.203125,0.984375,0.0,0.0,0.0,0,83,6,0,0,6, has_unreachable_true_nodes
FR-BBD3-PARENT-c0388,Fluorene,scope_a_old83_compatible,biotransformer_envmicro,5,SCORED,24,129,6,6,1.75,7.28125,2.0625,0.193772,0.459016,0.157746,6,121,18,2,1,16, has_unreachable_true_nodes
FR-BBD3-PARENT-c0407,(+)-Camphor,scope_a_old83_compatible,biotransformer_envmicro,5,SCORED,7,28,6,6,0.75,1.265625,0.25,0.372093,0.75,0.331034,2,26,5,0,1,1,
FR-BBD3-PARENT-c0426,Dibenzo-p-dioxin,scope_a_old83_compatible,biotransformer_envmicro,5,NO_PREDICTION,4,0,3,0,0,0,1.0,0.0,0.0,0.0,0,0,4,0,0,1,no_prediction_after_topk
FR-BBD3-PARENT-c0432,epsilon -Caprolactam,scope_a_old83_compatible,biotransformer_envmicro,5,SCORED,2,35,2,6,0,2.3125,0.75,0.0,0.0,0.0,0,35,2,0,0,0,
FR-BBD3-PARENT-c0444,Carbazole,scope_a_old83_compatible,biotransformer_envmicro,5,NO_PREDICTION,4,0,3,0,0,0,1.0,0.0,0.0,0.0,0,0,4,0,0,1,no_prediction_after_topk
FR-BBD3-PARENT-c0480,Bromoxynil,scope_a_old83_compatible,biotransformer_envmicro,5,SCORED,7,104,4,6,1.0,7.046875,1.1875,0.124272,0.457143,0.108291,2,102,5,0,0,22,
FR-BBD3-PARENT-c0486,Carbon Tetrachloride,scope_a_old83_compatible,biotransformer_envmicro,5,SCORED,6,4,4,4,0.9375,0,1.0,1.0,0.483871,0.483871,4,0,2,0,1,0,
FR-BBD3-PARENT-c0526,Acetylene,scope_a_old83_compatible,biotransformer_envmicro,5,NO_PREDICTION,5,0,3,0,0,0,1.5,0.0,0.0,0.0,0,0,5,0,0,1,no_prediction_after_topk
FR-BBD3-PARENT-c0563,Dodecyl sulfate,scope_a_old83_compatible,biotransformer_envmicro,5,SCORED,4,22,4,6,0.875,0.84375,0.0625,0.509091,0.933333,0.491228,3,19,1,0,0,0,
FR-BBD3-PARENT-c0593,"1,4-Dichlorobenzene",scope_a_old83_compatible,biotransformer_envmicro,5,SCORED,5,97,4,6,0.75,5.5,0.6875,0.12,0.521739,0.108108,2,95,3,0,0,7,
FR-BBD3-PARENT-c0597,Cyanamide,scope_a_old83_compatible,biotransformer_envmicro,5,SCORED,1,64,1,6,0.5,3.296875,0,0.131687,1.0,0.131687,1,63,0,0,0,7,
FR-BBD3-PARENT-c0604,Adamantanone,scope_a_old83_compatible,biotransformer_envmicro,5,SCORED,3,28,2,6,0.5,1.109375,0.75,0.31068,0.4,0.211921,1,27,2,0,0,0,
FR-BBD3-PARENT-c0612,"cis -1,3-Dichloropropene",scope_a_old83_compatible,biotransformer_envmicro,5,SCORED,3,34,3,6,0.875,3.671875,0,0.19244,1.0,0.19244,3,31,0,0,1,0,
FR-BBD3-PARENT-c0626,Limonene,scope_a_old83_compatible,biotransformer_envmicro,5,SCORED,12,102,6,6,0.625,10.59375,2.484375,0.05571,0.201005,0.04561,2,99,10,1,7,5, has_unreachable_true_nodes
FR-BBD3-PARENT-c0639,"Hexahydro-1,3,5-trinitro-1,3,5-triazine",scope_a_old83_compatible,biotransformer_envmicro,5,SCORED,15,12,5,6,0.875,0.28125,2.90625,0.756757,0.231405,0.215385,3,9,12,0,2,0,
FR-BBD3-PARENT-c0653,2-Chloro-N-isopropylacetanilide,scope_a_old83_compatible,biotransformer_envmicro,5,SCORED,7,68,2,6,2.25,5.203125,0.25,0.301887,0.9,0.292089,6,56,1,6,1,5,
FR-BBD3-PARENT-c0689,Cyclohexylsulfamate,scope_a_old83_compatible,biotransformer_envmicro,5,SCORED,2,14,2,6,0.75,0.46875,0,0.615385,1.0,0.615385,2,12,0,0,0,0,
FR-BBD3-PARENT-c0691,Dimethylphosphinate,scope_a_old83_compatible,biotransformer_envmicro,5,SCORED,2,2,2,1,0,1.0,0.75,0.0,0.0,0.0,0,2,2,0,0,0,
FR-BBD3-PARENT-c0694,4-Hydroxyacetophenone,scope_a_old83_compatible,biotransformer_envmicro,5,SCORED,3,86,2,6,1.0,6.140625,0,0.140044,1.0,0.140044,3,83,0,0,0,10,
FR-BBD3-PARENT-c0764,Bisphenol A,scope_a_old83_compatible,biotransformer_envmicro,5,SCORED,16,45,5,6,1.625,1.109375,2.125,0.594286,0.433333,0.334405,6,39,10,0,0,9,
FR-BBD3-PARENT-c0765,"2,4-Dichloroaniline",scope_a_old83_compatible,biotransformer_envmicro,5,SCORED,2,145,2,6,0.5,11.3125,0.25,0.042328,0.666667,0.041451,1,144,1,0,1,13,
FR-BBD3-PARENT-c0865,"2,4-Dichlorotoluene",scope_a_old83_compatible,biotransformer_envmicro,5,SCORED,9,123,6,6,0.25,8.765625,0.84375,0.02773,0.228571,0.025357,1,122,8,0,0,13, has_unreachable_true_nodes
FR-BBD3-PARENT-c0897,Benzyl sulfide,scope_a_old83_compatible,biotransformer_envmicro,5,SCORED,5,86,2,6,1.75,3.171875,0.25,0.355556,0.875,0.338369,4,82,1,0,0,12,
FR-BBD3-PARENT-c0908,N-Cyclohexylisocyanide,scope_a_old83_compatible,biotransformer_envmicro,5,SCORED,3,68,2,6,1.0,1.84375,0,0.351648,1.0,0.351648,3,63,0,2,0,7,
FR-BBD3-PARENT-c0939,Hypophosphite,scope_a_old83_compatible,biotransformer_envmicro,5,NO_PREDICTION,2,0,2,0,0,0,0.75,0.0,0.0,0.0,0,0,2,0,0,1,no_prediction_after_topk
FR-BBD3-PARENT-c0941,Cyclohexane,scope_a_old83_compatible,biotransformer_envmicro,5,SCORED,6,14,6,6,0.984375,0.234375,0,0.807692,1.0,0.807692,6,8,0,0,0,0, has_unreachable_true_nodes
FR-BBD3-PARENT-c0946,Branched-chain dodecylbenzene sulfonate,scope_a_old83_compatible,biotransformer_envmicro,5,SCORED,4,104,3,6,0.5,8.0625,0.625,0.058394,0.444444,0.054422,1,103,3,0,0,5,
FR-BBD3-PARENT-c0991,Anthracene,scope_a_old83_compatible,biotransformer_envmicro,5,SCORED,10,95,5,6,0.25,6.28125,2.28125,0.038278,0.098765,0.028369,1,94,9,0,1,30,
FR-BBD3-PARENT-c1013,Citronellol,scope_a_old83_compatible,biotransformer_envmicro,5,SCORED,6,65,6,6,0.75,5.34375,0.234375,0.123077,0.761905,0.118519,2,63,4,0,0,3, has_unreachable_true_nodes
FR-BBD3-PARENT-c1019,2-Mercaptobenzothiazole,scope_a_old83_compatible,biotransformer_envmicro,5,SCORED,11,94,4,6,0.25,7.75,3.6875,0.03125,0.063492,0.02139,1,93,10,0,0,0,
FR-BBD3-PARENT-c1039,4-Fluorobenzoate,scope_a_old83_compatible,biotransformer_envmicro,5,NO_PREDICTION,7,0,5,0,0,0,1.71875,0.0,0.0,0.0,0,0,7,0,0,2,no_prediction_after_topk
FR-BBD3-PARENT-c1043,Geraniol,scope_a_old83_compatible,biotransformer_envmicro,5,SCORED,3,66,3,6,0.75,5.34375,0.125,0.123077,0.857143,0.120603,2,64,1,0,0,3,
FR-BBD3-PARENT-c1066,"(-)-(1 R ,2 S ,5 R )-Menthol",scope_a_old83_compatible,biotransformer_envmicro,5,SCORED,5,16,5,6,0.5,0.6875,0.46875,0.421053,0.516129,0.301887,1,15,4,0,0,2,
FR-BBD3-PARENT-c1072,3-Fluorobenzoate,scope_a_old83_compatible,biotransformer_envmicro,5,SCORED,5,92,3,6,0,7.828125,1.625,0.0,0.0,0.0,0,92,5,0,0,8,
FR-BBD3-PARENT-c1078,Isooctane,scope_a_old83_compatible,biotransformer_envmicro,5,SCORED,6,51,6,6,0.875,3.34375,0.109375,0.207407,0.888889,0.202166,3,48,3,0,0,0, has_unreachable_true_nodes
FR-BBD3-PARENT-c1094,Caffeine,scope_a_old83_compatible,biotransformer_envmicro,5,SCORED,15,20,3,6,2.375,0.84375,1.75,0.737864,0.575758,0.477987,7,13,8,0,0,0,
FR-BBD3-PARENT-c1161,Isoniazid,scope_a_old83_compatible,biotransformer_envmicro,5,SCORED,11,21,5,6,0,2.84375,2.1875,0.0,0.0,0.0,0,21,11,0,0,2,
FR-BBD3-PARENT-c1182,Furfural,scope_a_old83_compatible,biotransformer_envmicro,5,SCORED,5,10,4,6,0.5,0.625,0.9375,0.444444,0.347826,0.242424,1,9,4,0,1,0,
FR-BBD3-PARENT-c1188,Endosulfan,scope_a_old83_compatible,biotransformer_envmicro,5,SCORED,9,137,3,6,0.5,13.453125,2.875,0.035834,0.148148,0.029712,1,136,8,0,0,0,
FR-BBD3-PARENT-c1201,4-Hydroxypyridine,scope_a_old83_compatible,biotransformer_envmicro,5,SCORED,6,2,5,2,0.5,0.25,0.59375,0.666667,0.457143,0.372093,1,1,5,0,0,3,
FR-BBD3-PARENT-c1263,Asulam,scope_a_old83_compatible,biotransformer_envmicro,5,SCORED,8,116,6,6,0.8125,8.421875,0.359375,0.087986,0.693333,0.084691,3,113,5,0,0,9,
FR-BBD3-PARENT-c1266,Bisphenol F,scope_a_old83_compatible,biotransformer_envmicro,5,SCORED,5,86,4,6,0,5.265625,1.0,0.0,0.0,0.0,0,86,5,0,0,14,
FR-BBD3-PARENT-c1267,Dimethyl isophthalate,scope_a_old83_compatible,biotransformer_envmicro,5,SCORED,4,104,4,6,0.8125,6.03125,0.125,0.118721,0.866667,0.116592,3,101,1,0,0,19,
FR-BBD3-PARENT-c1285,Carbofuran,scope_a_old83_compatible,biotransformer_envmicro,5,SCORED,8,115,2,6,1.75,4.890625,1.75,0.263529,0.5,0.208566,4,111,4,0,0,17,
FR-BBD3-PARENT-c1296,Metamitron,scope_a_old83_compatible,biotransformer_envmicro,5,SCORED,7,143,4,6,0.25,11.5,1.5,0.021277,0.142857,0.018868,1,142,6,0,0,8,
FR-BBD3-PARENT-c1313,"2,4-Dinitrotoluene",scope_a_old83_compatible,biotransformer_envmicro,5,SCORED,8,121,5,6,1.125,12.25,1.09375,0.084112,0.507042,0.077754,3,118,5,0,0,15,
FR-BBD3-PARENT-c1350,"3,3'-Dithiodipropionate",scope_a_old83_compatible,biotransformer_envmicro,5,SCORED,4,71,4,6,0.5,2.609375,0.4375,0.160804,0.533333,0.140969,1,70,3,0,0,7,
FR-BBD3-PARENT-c1352,"N,N-Diethyl-m-toluamide",scope_a_old83_compatible,biotransformer_envmicro,5,SCORED,8,93,3,6,2.0,5.609375,0.875,0.262834,0.695652,0.235727,5,88,3,0,0,14,
FR-BBD3-PARENT-c1354,"1,4-Dioxane",scope_a_old83_compatible,biotransformer_envmicro,5,SCORED,8,54,4,6,1.625,2.046875,0.0625,0.442553,0.962963,0.435146,7,42,1,5,0,0,
FR-BBD3-PARENT-c1383,Benzothiophene,scope_a_old83_compatible,biotransformer_envmicro,5,SCORED,5,115,4,6,0.5,10.71875,0.5,0.044568,0.5,0.042667,1,114,4,0,1,6,
FR-BBD3-PARENT-c1391,Cinnamate,scope_a_old83_compatible,biotransformer_envmicro,5,SCORED,5,120,4,6,0.4375,9.703125,0.5625,0.043143,0.4375,0.040876,3,117,2,0,0,9,
FR-BBD3-PARENT-c1412,Ketoprofen,scope_a_old83_compatible,biotransformer_envmicro,5,SCORED,1,150,1,6,0,12.734375,0.5,0.0,0.0,0.0,0,150,1,0,0,18,
FR-BBD3-PARENT-c1441,Alachlor,scope_a_old83_compatible,biotransformer_envmicro,5,SCORED,15,83,4,6,2.625,7.625,1.625,0.256098,0.617647,0.221053,7,71,8,5,0,0,
FR-BBD3-PARENT-c1457,Malathion,scope_a_old83_compatible,biotransformer_envmicro,5,SCORED,20,63,6,6,1.6875,5.953125,2.515625,0.220859,0.401487,0.166154,5,53,15,5,1,1, has_unreachable_true_nodes
FR-BBD3-PARENT-c1481,Methamidophos,scope_a_old83_compatible,biotransformer_envmicro,5,SCORED,6,55,3,6,0.5,3.53125,1.125,0.124031,0.307692,0.09697,2,53,4,0,1,3,
FR-BBD3-PARENT-c1524,Diazepam,scope_a_old83_compatible,biotransformer_envmicro,5,SCORED,3,121,2,6,1.25,10.796875,0,0.103761,1.0,0.103761,3,118,0,0,0,10,
FR-BBD3-PARENT-c1531,Acenaphthylene,scope_a_old83_compatible,biotransformer_envmicro,5,SCORED,5,130,5,6,0.5,10.328125,0.46875,0.046176,0.516129,0.04426,1,129,4,0,1,5,
FR-BBD3-PARENT-c1549,"1,5-Anhydro-D-fructose",scope_a_old83_compatible,biotransformer_envmicro,5,SCORED,8,103,4,6,0,11.21875,2.0,0.0,0.0,0.0,0,103,8,0,0,0,
FR-BBD3-PARENT-c1586,Atenolol,scope_a_old83_compatible,biotransformer_envmicro,5,SCORED,1,55,1,6,0.5,6.484375,0,0.071588,1.0,0.071588,1,54,0,0,1,5,
FR-BBD3-CAND-c0620,trans-3-Chloroacrylic acid,scope_b_v0_3_candidate,biotransformer_envmicro,5,SCORED,2,36,2,6,0.5,1.96875,0.25,0.202532,0.666667,0.183908,1,33,1,2,0,1,
FR-BBD3-CAND-c0611,"trans-1,3-Dichloropropene",scope_b_v0_3_candidate,biotransformer_envmicro,5,SCORED,3,34,3,6,0.875,3.671875,0,0.19244,1.0,0.19244,3,31,0,0,1,0,
FR-BBD3-CAND-c0282,3-Hydroxytoluene (m-Cresol),scope_b_v0_3_candidate,biotransformer_envmicro,5,SCORED,5,112,4,6,0,9.078125,1.0,0.0,0.0,0.0,0,112,5,0,0,10,
FR-BBD3-CAND-c0257,Cyromazine (N-Cyclopropylmelamine),scope_b_v0_3_candidate,biotransformer_envmicro,5,SCORED,4,33,3,6,1.0,2.625,0,0.275862,1.0,0.275862,4,29,0,0,0,3,
FR-BBD3-CAND-c1376,"2,6-Dichlorobenzonitrile (Dichlobenil)",scope_b_v0_3_candidate,biotransformer_envmicro,5,SCORED,5,97,4,6,0.4375,6.71875,0.75,0.061135,0.368421,0.055336,3,94,2,0,0,18,
FR-BBD3-CAND-c0971,Fosfomycin,scope_b_v0_3_candidate,biotransformer_envmicro,5,SCORED,3,10,1,6,0.5,0.546875,1.0,0.477612,0.333333,0.244275,1,9,2,0,0,0,
FR-BBD3-CAND-c0141,gamma-Hexachlorocyclohexane,scope_b_v0_3_candidate,biotransformer_envmicro,5,SCORED,9,15,6,6,0,1.15625,1.546875,0.0,0.0,0.0,0,15,9,0,0,2, has_unreachable_true_nodes
FR-BBD3-CAND-c1570,"(R,R)-Iminodisuccinate",scope_b_v0_3_candidate,biotransformer_envmicro,5,SCORED,2,16,1,6,0.5,1.15625,0.5,0.301887,0.5,0.231884,1,15,1,0,0,2,
FR-BBD3-CAND-c0347,Methanesulfonate,scope_b_v0_3_candidate,biotransformer_envmicro,5,NO_PREDICTION,2,0,1,0,0,0,1.0,0.0,0.0,0.0,0,0,2,0,0,2,no_prediction_after_topk
FR-BBD3-PARENT-c0001,"1,2-Dichloroethane",scope_a_old83_compatible,biotransformer_envmicro,10,SCORED,4,70,4,6,0.9375,3.171875,0,0.228137,1.0,0.228137,4,66,0,0,2,17,
FR-BBD3-PARENT-c0002,Atrazine,scope_a_old83_compatible,biotransformer_envmicro,10,SCORED,11,49,4,6,2.9375,4.28125,0,0.406926,1.0,0.406926,11,38,0,0,0,4,
FR-BBD3-PARENT-c0006,Gallate,scope_a_old83_compatible,biotransformer_envmicro,10,SCORED,7,69,6,6,0,8.03125,1.484375,0.0,0.0,0.0,0,69,7,0,0,0, has_unreachable_true_nodes
FR-BBD3-PARENT-c0018,"1,3-Dichloro-2-propanol",scope_a_old83_compatible,biotransformer_envmicro,10,SCORED,4,76,4,6,0.9375,4.5625,0,0.170455,1.0,0.170455,4,72,0,0,2,0,
FR-BBD3-PARENT-c0039,Dibenzofuran,scope_a_old83_compatible,biotransformer_envmicro,10,NO_PREDICTION,4,0,3,0,0,0,1.0,0.0,0.0,0.0,0,0,4,0,0,1,no_prediction_after_topk
FR-BBD3-PARENT-c0116,Ethylbenzene,scope_a_old83_compatible,biotransformer_envmicro,10,SCORED,16,117,6,6,1.328125,8.625,1.359375,0.133438,0.494186,0.117403,7,110,9,0,0,11,
FR-BBD3-PARENT-c0118,Dibenzothiophene,scope_a_old83_compatible,biotransformer_envmicro,10,SCORED,6,156,4,6,0.75,10.578125,0.9375,0.066207,0.444444,0.061146,2,154,4,0,1,11,
FR-BBD3-PARENT-c0121,Benzoate,scope_a_old83_compatible,biotransformer_envmicro,10,SCORED,14,104,6,6,0,8.140625,2.734375,0.0,0.0,0.0,0,104,14,0,0,8, has_unreachable_true_nodes
FR-BBD3-PARENT-c0134,Glyphosate,scope_a_old83_compatible,biotransformer_envmicro,10,SCORED,5,68,3,6,1.75,3.203125,0.125,0.353312,0.933333,0.344615,4,64,1,0,1,9,
FR-BBD3-PARENT-c0139,"beta -1,2,3,4,5,6-Hexachlorocyclohexane",scope_a_old83_compatible,biotransformer_envmicro,10,SCORED,6,15,4,6,0.8125,0.21875,0.875,0.787879,0.481481,0.42623,3,11,3,1,0,2,
FR-BBD3-PARENT-c0148,Acrylonitrile,scope_a_old83_compatible,biotransformer_envmicro,10,SCORED,5,41,4,6,0.5625,2.6875,0.875,0.173077,0.391304,0.136364,2,39,3,0,0,1,
FR-BBD3-PARENT-c0153,( R )-Mandelate,scope_a_old83_compatible,biotransformer_envmicro,10,SCORED,2,117,2,6,0.5,9.28125,0.25,0.051118,0.666667,0.049844,1,116,1,0,0,11,
FR-BBD3-PARENT-c0163,Cyanuric acid,scope_a_old83_compatible,biotransformer_envmicro,10,SCORED,2,88,2,6,0.5,5.296875,0.25,0.086253,0.666667,0.082687,1,87,1,0,0,9,
FR-BBD3-PARENT-c0177,4-Chlorobiphenyl,scope_a_old83_compatible,biotransformer_envmicro,10,SCORED,8,192,6,6,0.328125,12.453125,0.734375,0.025672,0.308824,0.024277,3,189,5,0,0,19,
FR-BBD3-PARENT-c0233,Dichloromethane,scope_a_old83_compatible,biotransformer_envmicro,10,SCORED,3,2,2,2,0.75,0,0.5,1.0,0.6,0.6,2,0,1,0,1,0, has_unreachable_true_nodes
FR-BBD3-PARENT-c0236,Dimethyl Sulfoxide,scope_a_old83_compatible,biotransformer_envmicro,10,SCORED,4,2,3,2,0,0.75,1.125,0.0,0.0,0.0,0,2,4,0,1,0,
FR-BBD3-PARENT-c0245,2-Aminobenzenesulfonate,scope_a_old83_compatible,biotransformer_envmicro,10,SCORED,2,150,2,6,0.25,13.890625,0.5,0.01768,0.333333,0.017076,1,149,1,0,0,12,
FR-BBD3-PARENT-c0286,cis -3-Chloroacrylic acid,scope_a_old83_compatible,biotransformer_envmicro,10,SCORED,2,38,2,6,0.5,2.0,0.25,0.2,0.666667,0.181818,1,35,1,2,0,1,
FR-BBD3-PARENT-c0288,"2,4-Dichlorophenoxyacetic acid",scope_a_old83_compatible,biotransformer_envmicro,10,SCORED,18,78,6,6,2.15625,4.390625,0.484375,0.329356,0.816568,0.306667,7,71,11,0,0,8, has_unreachable_true_nodes
FR-BBD3-PARENT-c0345,2-Aminobenzoate,scope_a_old83_compatible,biotransformer_envmicro,10,SCORED,4,122,2,6,0.5,11.421875,1.25,0.04194,0.285714,0.03796,1,121,3,0,1,14,
FR-BBD3-PARENT-c0352,1-Aminocyclopropane-1-carboxylate,scope_a_old83_compatible,biotransformer_envmicro,10,NO_PREDICTION,2,0,2,0,0,0,0.75,0.0,0.0,0.0,0,0,2,0,0,1,no_prediction_after_topk
FR-BBD3-PARENT-c0367,Benzonitrile,scope_a_old83_compatible,biotransformer_envmicro,10,SCORED,2,98,1,6,0.5,6.671875,0.5,0.069717,0.5,0.065173,1,97,1,0,0,14,
FR-BBD3-PARENT-c0371,Biphenyl,scope_a_old83_compatible,biotransformer_envmicro,10,SCORED,5,143,4,6,0.3125,8.25,0.6875,0.036496,0.3125,0.033784,2,141,3,0,0,14,
FR-BBD3-PARENT-c0375,p -Cymene,scope_a_old83_compatible,biotransformer_envmicro,10,SCORED,6,91,6,6,0,5.625,0.984375,0.0,0.0,0.0,0,91,6,0,0,6, has_unreachable_true_nodes
FR-BBD3-PARENT-c0388,Fluorene,scope_a_old83_compatible,biotransformer_envmicro,10,SCORED,24,137,6,6,1.75,8.03125,2.0625,0.178914,0.459016,0.147757,6,129,18,2,1,16, has_unreachable_true_nodes
FR-BBD3-PARENT-c0407,(+)-Camphor,scope_a_old83_compatible,biotransformer_envmicro,10,SCORED,7,28,6,6,0.75,1.265625,0.25,0.372093,0.75,0.331034,2,26,5,0,1,1,
FR-BBD3-PARENT-c0426,Dibenzo-p-dioxin,scope_a_old83_compatible,biotransformer_envmicro,10,NO_PREDICTION,4,0,3,0,0,0,1.0,0.0,0.0,0.0,0,0,4,0,0,1,no_prediction_after_topk
FR-BBD3-PARENT-c0432,epsilon -Caprolactam,scope_a_old83_compatible,biotransformer_envmicro,10,SCORED,2,36,2,6,0,2.328125,0.75,0.0,0.0,0.0,0,36,2,0,0,0,
FR-BBD3-PARENT-c0444,Carbazole,scope_a_old83_compatible,biotransformer_envmicro,10,NO_PREDICTION,4,0,3,0,0,0,1.0,0.0,0.0,0.0,0,0,4,0,0,1,no_prediction_after_topk
FR-BBD3-PARENT-c0480,Bromoxynil,scope_a_old83_compatible,biotransformer_envmicro,10,SCORED,7,112,4,6,1.0,7.296875,1.1875,0.120527,0.457143,0.105437,2,110,5,0,0,22,
FR-BBD3-PARENT-c0486,Carbon Tetrachloride,scope_a_old83_compatible,biotransformer_envmicro,10,SCORED,6,4,4,4,0.9375,0,1.0,1.0,0.483871,0.483871,4,0,2,0,1,0,
FR-BBD3-PARENT-c0526,Acetylene,scope_a_old83_compatible,biotransformer_envmicro,10,NO_PREDICTION,5,0,3,0,0,0,1.5,0.0,0.0,0.0,0,0,5,0,0,1,no_prediction_after_topk
FR-BBD3-PARENT-c0563,Dodecyl sulfate,scope_a_old83_compatible,biotransformer_envmicro,10,SCORED,4,23,4,6,0.875,0.859375,0.0625,0.504505,0.933333,0.486957,3,20,1,0,0,0,
FR-BBD3-PARENT-c0593,"1,4-Dichlorobenzene",scope_a_old83_compatible,biotransformer_envmicro,10,SCORED,5,99,4,6,0.75,5.6875,0.6875,0.116505,0.521739,0.105263,2,97,3,0,0,7,
FR-BBD3-PARENT-c0597,Cyanamide,scope_a_old83_compatible,biotransformer_envmicro,10,SCORED,1,66,1,6,0.5,3.359375,0,0.129555,1.0,0.129555,1,65,0,0,0,7,
FR-BBD3-PARENT-c0604,Adamantanone,scope_a_old83_compatible,biotransformer_envmicro,10,SCORED,3,28,2,6,0.5,1.109375,0.75,0.31068,0.4,0.211921,1,27,2,0,0,0,
FR-BBD3-PARENT-c0612,"cis -1,3-Dichloropropene",scope_a_old83_compatible,biotransformer_envmicro,10,SCORED,3,34,3,6,0.875,3.671875,0,0.19244,1.0,0.19244,3,31,0,0,1,0,
FR-BBD3-PARENT-c0626,Limonene,scope_a_old83_compatible,biotransformer_envmicro,10,SCORED,12,103,6,6,0.625,10.71875,2.484375,0.055096,0.201005,0.045198,2,100,10,1,7,5, has_unreachable_true_nodes
FR-BBD3-PARENT-c0639,"Hexahydro-1,3,5-trinitro-1,3,5-triazine",scope_a_old83_compatible,biotransformer_envmicro,10,SCORED,15,12,5,6,0.875,0.28125,2.90625,0.756757,0.231405,0.215385,3,9,12,0,2,0,
FR-BBD3-PARENT-c0653,2-Chloro-N-isopropylacetanilide,scope_a_old83_compatible,biotransformer_envmicro,10,SCORED,7,92,2,6,2.5,8.609375,0,0.225035,1.0,0.225035,7,79,0,6,1,5,
FR-BBD3-PARENT-c0689,Cyclohexylsulfamate,scope_a_old83_compatible,biotransformer_envmicro,10,SCORED,2,14,2,6,0.75,0.46875,0,0.615385,1.0,0.615385,2,12,0,0,0,0,
FR-BBD3-PARENT-c0691,Dimethylphosphinate,scope_a_old83_compatible,biotransformer_envmicro,10,SCORED,2,2,2,1,0,1.0,0.75,0.0,0.0,0.0,0,2,2,0,0,0,
FR-BBD3-PARENT-c0694,4-Hydroxyacetophenone,scope_a_old83_compatible,biotransformer_envmicro,10,SCORED,3,90,2,6,1.0,6.40625,0,0.135021,1.0,0.135021,3,87,0,0,0,10,
FR-BBD3-PARENT-c0764,Bisphenol A,scope_a_old83_compatible,biotransformer_envmicro,10,SCORED,16,45,5,6,1.625,1.109375,2.125,0.594286,0.433333,0.334405,6,39,10,0,0,9,
FR-BBD3-PARENT-c0765,"2,4-Dichloroaniline",scope_a_old83_compatible,biotransformer_envmicro,10,SCORED,2,149,2,6,0.5,11.703125,0.25,0.040973,0.666667,0.040151,1,148,1,0,1,13,
FR-BBD3-PARENT-c0865,"2,4-Dichlorotoluene",scope_a_old83_compatible,biotransformer_envmicro,10,SCORED,9,129,6,6,0.25,8.96875,0.84375,0.027119,0.228571,0.024845,1,128,8,0,0,13, has_unreachable_true_nodes
FR-BBD3-PARENT-c0897,Benzyl sulfide,scope_a_old83_compatible,biotransformer_envmicro,10,SCORED,5,90,2,6,1.75,3.296875,0.25,0.346749,0.875,0.330383,4,86,1,0,0,12,
FR-BBD3-PARENT-c0908,N-Cyclohexylisocyanide,scope_a_old83_compatible,biotransformer_envmicro,10,SCORED,3,71,2,6,1.0,1.9375,0,0.340426,1.0,0.340426,3,66,0,2,0,7,
FR-BBD3-PARENT-c0939,Hypophosphite,scope_a_old83_compatible,biotransformer_envmicro,10,NO_PREDICTION,2,0,2,0,0,0,0.75,0.0,0.0,0.0,0,0,2,0,0,1,no_prediction_after_topk
FR-BBD3-PARENT-c0941,Cyclohexane,scope_a_old83_compatible,biotransformer_envmicro,10,SCORED,6,14,6,6,0.984375,0.234375,0,0.807692,1.0,0.807692,6,8,0,0,0,0, has_unreachable_true_nodes
FR-BBD3-PARENT-c0946,Branched-chain dodecylbenzene sulfonate,scope_a_old83_compatible,biotransformer_envmicro,10,SCORED,4,112,3,6,0.5,8.71875,0.625,0.054237,0.444444,0.050794,1,111,3,0,0,5,
FR-BBD3-PARENT-c0991,Anthracene,scope_a_old83_compatible,biotransformer_envmicro,10,SCORED,10,100,5,6,0.25,6.671875,2.28125,0.036117,0.098765,0.027165,1,99,9,0,1,30,
FR-BBD3-PARENT-c1013,Citronellol,scope_a_old83_compatible,biotransformer_envmicro,10,SCORED,6,65,6,6,0.75,5.34375,0.234375,0.123077,0.761905,0.118519,2,63,4,0,0,3, has_unreachable_true_nodes
FR-BBD3-PARENT-c1019,2-Mercaptobenzothiazole,scope_a_old83_compatible,biotransformer_envmicro,10,SCORED,11,94,4,6,0.25,7.75,3.6875,0.03125,0.063492,0.02139,1,93,10,0,0,0,
FR-BBD3-PARENT-c1039,4-Fluorobenzoate,scope_a_old83_compatible,biotransformer_envmicro,10,NO_PREDICTION,7,0,5,0,0,0,1.71875,0.0,0.0,0.0,0,0,7,0,0,2,no_prediction_after_topk
FR-BBD3-PARENT-c1043,Geraniol,scope_a_old83_compatible,biotransformer_envmicro,10,SCORED,3,66,3,6,0.75,5.34375,0.125,0.123077,0.857143,0.120603,2,64,1,0,0,3,
FR-BBD3-PARENT-c1066,"(-)-(1 R ,2 S ,5 R )-Menthol",scope_a_old83_compatible,biotransformer_envmicro,10,SCORED,5,16,5,6,0.5,0.6875,0.46875,0.421053,0.516129,0.301887,1,15,4,0,0,2,
FR-BBD3-PARENT-c1072,3-Fluorobenzoate,scope_a_old83_compatible,biotransformer_envmicro,10,SCORED,5,96,3,6,0,8.09375,1.625,0.0,0.0,0.0,0,96,5,0,0,8,
FR-BBD3-PARENT-c1078,Isooctane,scope_a_old83_compatible,biotransformer_envmicro,10,SCORED,6,51,6,6,0.875,3.34375,0.109375,0.207407,0.888889,0.202166,3,48,3,0,0,0, has_unreachable_true_nodes
FR-BBD3-PARENT-c1094,Caffeine,scope_a_old83_compatible,biotransformer_envmicro,10,SCORED,15,20,3,6,2.375,0.84375,1.75,0.737864,0.575758,0.477987,7,13,8,0,0,0,
FR-BBD3-PARENT-c1161,Isoniazid,scope_a_old83_compatible,biotransformer_envmicro,10,SCORED,11,21,5,6,0,2.84375,2.1875,0.0,0.0,0.0,0,21,11,0,0,2,
FR-BBD3-PARENT-c1182,Furfural,scope_a_old83_compatible,biotransformer_envmicro,10,SCORED,5,10,4,6,0.5,0.625,0.9375,0.444444,0.347826,0.242424,1,9,4,0,1,0,
FR-BBD3-PARENT-c1188,Endosulfan,scope_a_old83_compatible,biotransformer_envmicro,10,SCORED,9,142,3,6,0.5,14.078125,2.875,0.034298,0.148148,0.028648,1,141,8,0,0,0,
FR-BBD3-PARENT-c1201,4-Hydroxypyridine,scope_a_old83_compatible,biotransformer_envmicro,10,SCORED,6,2,5,2,0.5,0.25,0.59375,0.666667,0.457143,0.372093,1,1,5,0,0,3,
FR-BBD3-PARENT-c1263,Asulam,scope_a_old83_compatible,biotransformer_envmicro,10,SCORED,8,125,6,6,0.8125,9.015625,0.359375,0.082671,0.693333,0.079755,3,122,5,0,0,9,
FR-BBD3-PARENT-c1266,Bisphenol F,scope_a_old83_compatible,biotransformer_envmicro,10,SCORED,5,90,4,6,0,5.421875,1.0,0.0,0.0,0.0,0,90,5,0,0,14,
FR-BBD3-PARENT-c1267,Dimethyl isophthalate,scope_a_old83_compatible,biotransformer_envmicro,10,SCORED,4,111,4,6,0.8125,6.28125,0.125,0.114537,0.866667,0.112554,3,108,1,0,0,19,
FR-BBD3-PARENT-c1285,Carbofuran,scope_a_old83_compatible,biotransformer_envmicro,10,SCORED,8,127,2,6,1.75,5.21875,1.75,0.251121,0.5,0.200717,4,123,4,0,0,17,
FR-BBD3-PARENT-c1296,Metamitron,scope_a_old83_compatible,biotransformer_envmicro,10,SCORED,7,154,4,6,0.25,12.03125,1.5,0.020356,0.142857,0.018141,1,153,6,0,0,8,
FR-BBD3-PARENT-c1313,"2,4-Dinitrotoluene",scope_a_old83_compatible,biotransformer_envmicro,10,SCORED,8,141,5,6,1.875,13.84375,0.34375,0.119284,0.84507,0.116732,5,136,3,0,0,15,
FR-BBD3-PARENT-c1350,"3,3'-Dithiodipropionate",scope_a_old83_compatible,biotransformer_envmicro,10,SCORED,4,74,4,6,0.5,2.703125,0.4375,0.156098,0.533333,0.137339,1,73,3,0,0,7,
FR-BBD3-PARENT-c1352,"N,N-Diethyl-m-toluamide",scope_a_old83_compatible,biotransformer_envmicro,10,SCORED,8,103,3,6,2.0,6.015625,0.875,0.249513,0.695652,0.224956,5,98,3,0,0,14,
FR-BBD3-PARENT-c1354,"1,4-Dioxane",scope_a_old83_compatible,biotransformer_envmicro,10,SCORED,8,54,4,6,1.625,2.046875,0.0625,0.442553,0.962963,0.435146,7,42,1,5,0,0,
FR-BBD3-PARENT-c1383,Benzothiophene,scope_a_old83_compatible,biotransformer_envmicro,10,SCORED,5,116,4,6,0.5,10.734375,0.5,0.044506,0.5,0.04261,1,115,4,0,1,6,
FR-BBD3-PARENT-c1391,Cinnamate,scope_a_old83_compatible,biotransformer_envmicro,10,SCORED,5,128,4,6,0.4375,10.234375,0.5625,0.040996,0.4375,0.038943,3,125,2,0,0,9,
FR-BBD3-PARENT-c1412,Ketoprofen,scope_a_old83_compatible,biotransformer_envmicro,10,SCORED,1,183,1,6,0,14.53125,0.5,0.0,0.0,0.0,0,183,1,0,0,18,
FR-BBD3-PARENT-c1441,Alachlor,scope_a_old83_compatible,biotransformer_envmicro,10,SCORED,15,118,4,6,2.625,13.4375,1.625,0.163424,0.617647,0.14841,7,108,8,3,0,0,
FR-BBD3-PARENT-c1457,Malathion,scope_a_old83_compatible,biotransformer_envmicro,10,SCORED,20,83,6,6,1.6875,10.75,2.515625,0.135678,0.401487,0.112853,5,74,15,4,1,1, has_unreachable_true_nodes
FR-BBD3-PARENT-c1481,Methamidophos,scope_a_old83_compatible,biotransformer_envmicro,10,SCORED,6,56,3,6,0.5,3.609375,1.125,0.121673,0.307692,0.095522,2,54,4,0,1,3,
FR-BBD3-PARENT-c1524,Diazepam,scope_a_old83_compatible,biotransformer_envmicro,10,SCORED,3,166,2,6,1.25,14.140625,0,0.081218,1.0,0.081218,3,163,0,0,0,10,
FR-BBD3-PARENT-c1531,Acenaphthylene,scope_a_old83_compatible,biotransformer_envmicro,10,SCORED,5,152,5,6,0.5,11.859375,0.46875,0.040455,0.516129,0.038977,1,151,4,0,1,5,
FR-BBD3-PARENT-c1549,"1,5-Anhydro-D-fructose",scope_a_old83_compatible,biotransformer_envmicro,10,SCORED,8,104,4,6,0,11.34375,2.0,0.0,0.0,0.0,0,104,8,0,0,0,
FR-BBD3-PARENT-c1586,Atenolol,scope_a_old83_compatible,biotransformer_envmicro,10,SCORED,1,87,1,6,0.5,11.640625,0,0.041184,1.0,0.041184,1,86,0,0,1,5,
FR-BBD3-CAND-c0620,trans-3-Chloroacrylic acid,scope_b_v0_3_candidate,biotransformer_envmicro,10,SCORED,2,38,2,6,0.5,2.0,0.25,0.2,0.666667,0.181818,1,35,1,2,0,1,
FR-BBD3-CAND-c0611,"trans-1,3-Dichloropropene",scope_b_v0_3_candidate,biotransformer_envmicro,10,SCORED,3,34,3,6,0.875,3.671875,0,0.19244,1.0,0.19244,3,31,0,0,1,0,
FR-BBD3-CAND-c0282,3-Hydroxytoluene (m-Cresol),scope_b_v0_3_candidate,biotransformer_envmicro,10,SCORED,5,119,4,6,0,9.515625,1.0,0.0,0.0,0.0,0,119,5,0,0,10,
FR-BBD3-CAND-c0257,Cyromazine (N-Cyclopropylmelamine),scope_b_v0_3_candidate,biotransformer_envmicro,10,SCORED,4,33,3,6,1.0,2.625,0,0.275862,1.0,0.275862,4,29,0,0,0,3,
FR-BBD3-CAND-c1376,"2,6-Dichlorobenzonitrile (Dichlobenil)",scope_b_v0_3_candidate,biotransformer_envmicro,10,SCORED,5,100,4,6,0.4375,6.859375,0.75,0.059957,0.368421,0.054369,3,97,2,0,0,18,
FR-BBD3-CAND-c0971,Fosfomycin,scope_b_v0_3_candidate,biotransformer_envmicro,10,SCORED,3,12,1,6,0.5,0.578125,1.0,0.463768,0.333333,0.240602,1,11,2,0,0,0,
FR-BBD3-CAND-c0141,gamma-Hexachlorocyclohexane,scope_b_v0_3_candidate,biotransformer_envmicro,10,SCORED,9,15,6,6,0,1.15625,1.546875,0.0,0.0,0.0,0,15,9,0,0,2, has_unreachable_true_nodes
FR-BBD3-CAND-c1570,"(R,R)-Iminodisuccinate",scope_b_v0_3_candidate,biotransformer_envmicro,10,SCORED,2,16,1,6,0.5,1.15625,0.5,0.301887,0.5,0.231884,1,15,1,0,0,2,
FR-BBD3-CAND-c0347,Methanesulfonate,scope_b_v0_3_candidate,biotransformer_envmicro,10,NO_PREDICTION,2,0,1,0,0,0,1.0,0.0,0.0,0.0,0,0,2,0,0,2,no_prediction_after_topk
FR-BBD3-PARENT-c0001,"1,2-Dichloroethane",scope_a_old83_compatible,envipath_prediction,1,SCORED,4,2,4,2,0,0.75,0.9375,0.0,0.0,0.0,0,2,4,0,0,0,
FR-BBD3-PARENT-c0002,Atrazine,scope_a_old83_compatible,envipath_prediction,1,SCORED,11,2,4,2,0,0.75,2.9375,0.0,0.0,0.0,0,2,11,0,0,0,
FR-BBD3-PARENT-c0006,Gallate,scope_a_old83_compatible,envipath_prediction,1,SCORED,7,3,6,3,0,0.875,1.484375,0.0,0.0,0.0,0,3,7,0,1,0, has_unreachable_true_nodes
FR-BBD3-PARENT-c0018,"1,3-Dichloro-2-propanol",scope_a_old83_compatible,envipath_prediction,1,SCORED,4,4,4,4,0,0.9375,0.9375,0.0,0.0,0.0,0,4,4,0,0,0,
FR-BBD3-PARENT-c0039,Dibenzofuran,scope_a_old83_compatible,envipath_prediction,1,NO_PREDICTION,4,0,3,0,0,0,1.0,0.0,0.0,0.0,0,0,4,0,0,0,no_prediction_after_topk
FR-BBD3-PARENT-c0116,Ethylbenzene,scope_a_old83_compatible,envipath_prediction,1,NO_PREDICTION,16,0,6,0,0,0,2.6875,0.0,0.0,0.0,0,0,16,0,0,0,no_prediction_after_topk
FR-BBD3-PARENT-c0118,Dibenzothiophene,scope_a_old83_compatible,envipath_prediction,1,SCORED,6,1,4,1,0,0.5,1.6875,0.0,0.0,0.0,0,1,6,0,0,0,
FR-BBD3-PARENT-c0121,Benzoate,scope_a_old83_compatible,envipath_prediction,1,SCORED,14,2,6,2,0,0.75,2.734375,0.0,0.0,0.0,0,2,14,0,0,0, has_unreachable_true_nodes
FR-BBD3-PARENT-c0134,Glyphosate,scope_a_old83_compatible,envipath_prediction,1,SCORED,5,1,3,1,0,0.5,1.875,0.0,0.0,0.0,0,1,5,0,0,0,
FR-BBD3-PARENT-c0139,"beta -1,2,3,4,5,6-Hexachlorocyclohexane",scope_a_old83_compatible,envipath_prediction,1,SCORED,6,3,4,3,0.5,0.125,1.1875,0.8,0.296296,0.275862,1,1,5,1,0,0,
FR-BBD3-PARENT-c0148,Acrylonitrile,scope_a_old83_compatible,envipath_prediction,1,SCORED,5,5,4,5,0,0.96875,1.4375,0.0,0.0,0.0,0,5,5,0,0,0,
FR-BBD3-PARENT-c0153,( R )-Mandelate,scope_a_old83_compatible,envipath_prediction,1,SCORED,2,3,2,3,0,0.875,0.75,0.0,0.0,0.0,0,3,2,0,0,0,
FR-BBD3-PARENT-c0163,Cyanuric acid,scope_a_old83_compatible,envipath_prediction,1,SCORED,2,3,2,3,0.5,0.375,0.25,0.571429,0.666667,0.444444,1,2,1,0,0,0,
FR-BBD3-PARENT-c0177,4-Chlorobiphenyl,scope_a_old83_compatible,envipath_prediction,1,SCORED,8,4,6,4,0,0.9375,1.0625,0.0,0.0,0.0,0,4,8,0,0,0,
FR-BBD3-PARENT-c0233,Dichloromethane,scope_a_old83_compatible,envipath_prediction,1,SCORED,3,2,2,2,0.75,0,0.5,1.0,0.6,0.6,2,0,1,0,0,0, has_unreachable_true_nodes
FR-BBD3-PARENT-c0236,Dimethyl Sulfoxide,scope_a_old83_compatible,envipath_prediction,1,SCORED,4,1,3,1,0,0.5,1.125,0.0,0.0,0.0,0,1,4,0,0,0,
FR-BBD3-PARENT-c0245,2-Aminobenzenesulfonate,scope_a_old83_compatible,envipath_prediction,1,SCORED,2,2,2,2,0,0.75,0.75,0.0,0.0,0.0,0,2,2,0,0,0,
FR-BBD3-PARENT-c0286,cis -3-Chloroacrylic acid,scope_a_old83_compatible,envipath_prediction,1,SCORED,2,3,2,3,0,0.875,0.75,0.0,0.0,0.0,0,3,2,0,0,0,
FR-BBD3-PARENT-c0288,"2,4-Dichlorophenoxyacetic acid",scope_a_old83_compatible,envipath_prediction,1,SCORED,18,5,6,5,0,0.96875,2.640625,0.0,0.0,0.0,0,5,18,0,0,0, has_unreachable_true_nodes
FR-BBD3-PARENT-c0345,2-Aminobenzoate,scope_a_old83_compatible,envipath_prediction,1,SCORED,4,2,2,2,0,0.75,1.75,0.0,0.0,0.0,0,2,4,0,0,0,
FR-BBD3-PARENT-c0352,1-Aminocyclopropane-1-carboxylate,scope_a_old83_compatible,envipath_prediction,1,SCORED,2,4,2,4,0,0.9375,0.75,0.0,0.0,0.0,0,4,2,0,0,0,
FR-BBD3-PARENT-c0367,Benzonitrile,scope_a_old83_compatible,envipath_prediction,1,SCORED,2,4,1,4,0,0.9375,1.0,0.0,0.0,0.0,0,4,2,0,0,0,
FR-BBD3-PARENT-c0371,Biphenyl,scope_a_old83_compatible,envipath_prediction,1,SCORED,5,1,4,1,0.25,0,0.75,1.0,0.25,0.25,1,0,4,0,0,0,
FR-BBD3-PARENT-c0375,p -Cymene,scope_a_old83_compatible,envipath_prediction,1,SCORED,6,3,6,3,0,0.875,0.984375,0.0,0.0,0.0,0,3,6,0,0,0, has_unreachable_true_nodes
FR-BBD3-PARENT-c0388,Fluorene,scope_a_old83_compatible,envipath_prediction,1,SCORED,24,2,6,2,0.75,0,3.0625,1.0,0.196721,0.196721,2,0,22,0,0,0, has_unreachable_true_nodes
FR-BBD3-PARENT-c0407,(+)-Camphor,scope_a_old83_compatible,envipath_prediction,1,SCORED,7,2,6,2,0,0.75,1.0,0.0,0.0,0.0,0,2,7,0,0,0,
FR-BBD3-PARENT-c0426,Dibenzo-p-dioxin,scope_a_old83_compatible,envipath_prediction,1,SCORED,4,3,3,3,0.625,0.125,0.375,0.833333,0.625,0.555556,2,1,2,0,0,0,
FR-BBD3-PARENT-c0432,epsilon -Caprolactam,scope_a_old83_compatible,envipath_prediction,1,SCORED,2,3,2,3,0,0.875,0.75,0.0,0.0,0.0,0,3,2,0,0,0,
FR-BBD3-PARENT-c0444,Carbazole,scope_a_old83_compatible,envipath_prediction,1,NO_PREDICTION,4,0,3,0,0,0,1.0,0.0,0.0,0.0,0,0,4,0,0,0,no_prediction_after_topk
FR-BBD3-PARENT-c0480,Bromoxynil,scope_a_old83_compatible,envipath_prediction,1,SCORED,7,4,4,4,0,0.9375,2.1875,0.0,0.0,0.0,0,4,7,0,0,0,
FR-BBD3-PARENT-c0486,Carbon Tetrachloride,scope_a_old83_compatible,envipath_prediction,1,SCORED,6,4,4,4,0.9375,0,1.0,1.0,0.483871,0.483871,4,0,2,0,0,0,
FR-BBD3-PARENT-c0526,Acetylene,scope_a_old83_compatible,envipath_prediction,1,SCORED,5,2,3,2,0.5,0.25,1.0,0.666667,0.333333,0.285714,1,1,4,0,0,0,
FR-BBD3-PARENT-c0563,Dodecyl sulfate,scope_a_old83_compatible,envipath_prediction,1,SCORED,4,2,4,2,0,0.75,0.9375,0.0,0.0,0.0,0,2,4,0,0,0,
FR-BBD3-PARENT-c0593,"1,4-Dichlorobenzene",scope_a_old83_compatible,envipath_prediction,1,SCORED,5,5,4,5,0.5,0.46875,0.9375,0.516129,0.347826,0.262295,1,4,4,0,0,0,
FR-BBD3-PARENT-c0597,Cyanamide,scope_a_old83_compatible,envipath_prediction,1,SCORED,1,2,1,2,0.5,0.25,0,0.666667,1.0,0.666667,1,1,0,0,0,0,
FR-BBD3-PARENT-c0604,Adamantanone,scope_a_old83_compatible,envipath_prediction,1,SCORED,3,4,2,4,0.5,0.4375,0.75,0.533333,0.4,0.296296,1,3,2,0,0,0,
FR-BBD3-PARENT-c0612,"cis -1,3-Dichloropropene",scope_a_old83_compatible,envipath_prediction,1,SCORED,3,4,3,4,0,0.9375,0.875,0.0,0.0,0.0,0,4,3,0,0,0,
FR-BBD3-PARENT-c0626,Limonene,scope_a_old83_compatible,envipath_prediction,1,SCORED,12,1,6,1,0.5,0,2.609375,1.0,0.160804,0.160804,1,0,11,0,0,0, has_unreachable_true_nodes
FR-BBD3-PARENT-c0639,"Hexahydro-1,3,5-trinitro-1,3,5-triazine",scope_a_old83_compatible,envipath_prediction,1,SCORED,15,3,5,3,0.5,0.375,3.28125,0.571429,0.132231,0.120301,1,2,14,0,0,0,
FR-BBD3-PARENT-c0653,2-Chloro-N-isopropylacetanilide,scope_a_old83_compatible,envipath_prediction,1,SCORED,7,1,2,1,0,0.5,2.5,0.0,0.0,0.0,0,1,7,0,0,0,
FR-BBD3-PARENT-c0689,Cyclohexylsulfamate,scope_a_old83_compatible,envipath_prediction,1,SCORED,2,4,2,4,0,0.9375,0.75,0.0,0.0,0.0,0,4,2,0,0,0,
FR-BBD3-PARENT-c0691,Dimethylphosphinate,scope_a_old83_compatible,envipath_prediction,1,SCORED,2,1,2,1,0,0.5,0.75,0.0,0.0,0.0,0,1,2,0,0,0,
FR-BBD3-PARENT-c0694,4-Hydroxyacetophenone,scope_a_old83_compatible,envipath_prediction,1,SCORED,3,4,2,4,0.75,0.1875,0.25,0.8,0.75,0.631579,2,2,1,0,0,0,
FR-BBD3-PARENT-c0764,Bisphenol A,scope_a_old83_compatible,envipath_prediction,1,SCORED,16,3,5,3,0.5,0.375,3.25,0.571429,0.133333,0.121212,1,2,15,0,0,0,
FR-BBD3-PARENT-c0765,"2,4-Dichloroaniline",scope_a_old83_compatible,envipath_prediction,1,SCORED,2,4,2,4,0,0.9375,0.75,0.0,0.0,0.0,0,4,2,0,0,0,
FR-BBD3-PARENT-c0865,"2,4-Dichlorotoluene",scope_a_old83_compatible,envipath_prediction,1,SCORED,9,4,6,4,0,0.9375,1.09375,0.0,0.0,0.0,0,4,9,0,0,0, has_unreachable_true_nodes
FR-BBD3-PARENT-c0897,Benzyl sulfide,scope_a_old83_compatible,envipath_prediction,1,SCORED,5,1,2,1,0,0.5,2.0,0.0,0.0,0.0,0,1,5,0,0,0,
FR-BBD3-PARENT-c0908,N-Cyclohexylisocyanide,scope_a_old83_compatible,envipath_prediction,1,SCORED,3,4,2,4,0,0.9375,1.0,0.0,0.0,0.0,0,4,3,0,0,0,
FR-BBD3-PARENT-c0939,Hypophosphite,scope_a_old83_compatible,envipath_prediction,1,NO_PREDICTION,2,0,2,0,0,0,0.75,0.0,0.0,0.0,0,0,2,0,0,0,no_prediction_after_topk
FR-BBD3-PARENT-c0941,Cyclohexane,scope_a_old83_compatible,envipath_prediction,1,SCORED,6,3,6,3,0.5,0.375,0.484375,0.571429,0.507937,0.367816,1,2,5,0,0,0, has_unreachable_true_nodes
FR-BBD3-PARENT-c0946,Branched-chain dodecylbenzene sulfonate,scope_a_old83_compatible,envipath_prediction,1,SCORED,4,2,3,2,0.5,0.25,0.625,0.666667,0.444444,0.363636,1,1,3,0,0,0,
FR-BBD3-PARENT-c0991,Anthracene,scope_a_old83_compatible,envipath_prediction,1,SCORED,10,1,5,1,0.25,0,2.28125,1.0,0.098765,0.098765,1,0,9,0,0,0,
FR-BBD3-PARENT-c1013,Citronellol,scope_a_old83_compatible,envipath_prediction,1,SCORED,6,2,6,2,0.5,0.25,0.484375,0.666667,0.507937,0.405063,1,1,5,0,0,0, has_unreachable_true_nodes
FR-BBD3-PARENT-c1019,2-Mercaptobenzothiazole,scope_a_old83_compatible,envipath_prediction,1,SCORED,11,2,4,2,0.5,0,3.4375,1.0,0.126984,0.126984,1,0,10,1,0,0,
FR-BBD3-PARENT-c1039,4-Fluorobenzoate,scope_a_old83_compatible,envipath_prediction,1,SCORED,7,2,5,2,0.25,0.25,1.46875,0.5,0.145455,0.126984,1,1,6,0,0,0,
FR-BBD3-PARENT-c1043,Geraniol,scope_a_old83_compatible,envipath_prediction,1,SCORED,3,3,3,3,0,0.875,0.875,0.0,0.0,0.0,0,3,3,0,0,0,
FR-BBD3-PARENT-c1066,"(-)-(1 R ,2 S ,5 R )-Menthol",scope_a_old83_compatible,envipath_prediction,1,SCORED,5,1,5,1,0,0.5,0.96875,0.0,0.0,0.0,0,1,5,0,0,0,
FR-BBD3-PARENT-c1072,3-Fluorobenzoate,scope_a_old83_compatible,envipath_prediction,1,SCORED,5,4,3,4,0.25,0.6875,1.375,0.266667,0.153846,0.108108,1,3,4,0,0,0,
FR-BBD3-PARENT-c1078,Isooctane,scope_a_old83_compatible,envipath_prediction,1,SCORED,6,4,6,4,0,0.9375,0.984375,0.0,0.0,0.0,0,4,6,0,0,0, has_unreachable_true_nodes
FR-BBD3-PARENT-c1094,Caffeine,scope_a_old83_compatible,envipath_prediction,1,SCORED,15,4,3,4,0.875,0.0625,3.25,0.933333,0.212121,0.208955,3,1,12,0,0,0,
FR-BBD3-PARENT-c1161,Isoniazid,scope_a_old83_compatible,envipath_prediction,1,SCORED,11,4,5,4,0,0.9375,2.1875,0.0,0.0,0.0,0,4,11,0,0,0,
FR-BBD3-PARENT-c1182,Furfural,scope_a_old83_compatible,envipath_prediction,1,SCORED,5,5,4,5,0,0.96875,1.4375,0.0,0.0,0.0,0,5,5,0,0,0,
FR-BBD3-PARENT-c1188,Endosulfan,scope_a_old83_compatible,envipath_prediction,1,SCORED,9,2,3,2,0,0.75,3.375,0.0,0.0,0.0,0,2,9,0,0,0,
FR-BBD3-PARENT-c1201,4-Hydroxypyridine,scope_a_old83_compatible,envipath_prediction,1,NO_PREDICTION,6,0,5,0,0,0,1.09375,0.0,0.0,0.0,0,0,6,0,0,0,no_prediction_after_topk
FR-BBD3-PARENT-c1263,Asulam,scope_a_old83_compatible,envipath_prediction,1,SCORED,8,1,6,1,0,0.5,1.171875,0.0,0.0,0.0,0,1,8,0,0,0,
FR-BBD3-PARENT-c1266,Bisphenol F,scope_a_old83_compatible,envipath_prediction,1,SCORED,5,2,4,2,0.75,0,0.25,1.0,0.75,0.75,2,0,3,0,0,0,
FR-BBD3-PARENT-c1267,Dimethyl isophthalate,scope_a_old83_compatible,envipath_prediction,1,SCORED,4,2,4,2,0,0.75,0.9375,0.0,0.0,0.0,0,2,4,0,0,0,
FR-BBD3-PARENT-c1285,Carbofuran,scope_a_old83_compatible,envipath_prediction,1,SCORED,8,3,2,3,0,0.875,3.5,0.0,0.0,0.0,0,3,8,0,0,0,
FR-BBD3-PARENT-c1296,Metamitron,scope_a_old83_compatible,envipath_prediction,1,SCORED,7,1,4,1,0,0.5,1.75,0.0,0.0,0.0,0,1,7,0,0,0,
FR-BBD3-PARENT-c1313,"2,4-Dinitrotoluene",scope_a_old83_compatible,envipath_prediction,1,SCORED,8,3,5,3,0.5,0.375,1.71875,0.571429,0.225352,0.192771,1,2,7,0,0,0,
FR-BBD3-PARENT-c1350,"3,3'-Dithiodipropionate",scope_a_old83_compatible,envipath_prediction,1,SCORED,4,5,4,5,0,0.96875,0.9375,0.0,0.0,0.0,0,5,4,0,0,0,
FR-BBD3-PARENT-c1352,"N,N-Diethyl-m-toluamide",scope_a_old83_compatible,envipath_prediction,1,SCORED,8,2,3,2,0,0.75,2.875,0.0,0.0,0.0,0,2,8,0,0,0,
FR-BBD3-PARENT-c1354,"1,4-Dioxane",scope_a_old83_compatible,envipath_prediction,1,SCORED,8,3,4,3,0,0.875,1.6875,0.0,0.0,0.0,0,3,8,0,0,0,
FR-BBD3-PARENT-c1383,Benzothiophene,scope_a_old83_compatible,envipath_prediction,1,SCORED,5,4,4,4,0,0.9375,1.0,0.0,0.0,0.0,0,4,5,0,0,0,
FR-BBD3-PARENT-c1391,Cinnamate,scope_a_old83_compatible,envipath_prediction,1,SCORED,5,4,4,4,0,0.9375,1.0,0.0,0.0,0.0,0,4,5,0,0,0,
FR-BBD3-PARENT-c1412,Ketoprofen,scope_a_old83_compatible,envipath_prediction,1,SCORED,1,1,1,1,0,0.5,0.5,0.0,0.0,0.0,0,1,1,0,0,0,
FR-BBD3-PARENT-c1441,Alachlor,scope_a_old83_compatible,envipath_prediction,1,SCORED,15,1,4,1,0.5,0,3.75,1.0,0.117647,0.117647,1,0,14,0,0,0,
FR-BBD3-PARENT-c1457,Malathion,scope_a_old83_compatible,envipath_prediction,1,SCORED,20,3,6,3,0.5,0.375,3.703125,0.571429,0.118959,0.109215,1,2,19,0,0,0, has_unreachable_true_nodes
FR-BBD3-PARENT-c1481,Methamidophos,scope_a_old83_compatible,envipath_prediction,1,SCORED,6,1,3,1,0,0.5,1.625,0.0,0.0,0.0,0,1,6,0,0,0,
FR-BBD3-PARENT-c1524,Diazepam,scope_a_old83_compatible,envipath_prediction,1,SCORED,3,2,2,2,0,0.75,1.25,0.0,0.0,0.0,0,2,3,0,0,0,
FR-BBD3-PARENT-c1531,Acenaphthylene,scope_a_old83_compatible,envipath_prediction,1,SCORED,5,3,5,3,0.75,0,0.21875,1.0,0.774194,0.774194,2,0,3,1,0,0,
FR-BBD3-PARENT-c1549,"1,5-Anhydro-D-fructose",scope_a_old83_compatible,envipath_prediction,1,SCORED,8,2,4,2,0,0.75,2.0,0.0,0.0,0.0,0,2,8,0,0,0,
FR-BBD3-PARENT-c1586,Atenolol,scope_a_old83_compatible,envipath_prediction,1,SCORED,1,2,1,2,0,0.75,0.5,0.0,0.0,0.0,0,2,1,0,0,0,
FR-BBD3-CAND-c0620,trans-3-Chloroacrylic acid,scope_b_v0_3_candidate,envipath_prediction,1,SCORED,2,3,2,3,0,0.875,0.75,0.0,0.0,0.0,0,3,2,0,0,0,
FR-BBD3-CAND-c0611,"trans-1,3-Dichloropropene",scope_b_v0_3_candidate,envipath_prediction,1,SCORED,3,6,3,6,0,0.984375,0.875,0.0,0.0,0.0,0,6,3,0,0,0,
FR-BBD3-CAND-c0282,3-Hydroxytoluene (m-Cresol),scope_b_v0_3_candidate,envipath_prediction,1,SCORED,5,5,4,5,0,0.96875,1.0,0.0,0.0,0.0,0,5,5,0,0,0,
FR-BBD3-CAND-c0257,Cyromazine (N-Cyclopropylmelamine),scope_b_v0_3_candidate,envipath_prediction,1,SCORED,4,6,3,6,0.875,0.109375,0.125,0.888889,0.875,0.788732,3,3,1,0,0,0,
FR-BBD3-CAND-c1376,"2,6-Dichlorobenzonitrile (Dichlobenil)",scope_b_v0_3_candidate,envipath_prediction,1,SCORED,5,6,4,6,0,0.984375,1.1875,0.0,0.0,0.0,0,6,5,0,0,0,
FR-BBD3-CAND-c0971,Fosfomycin,scope_b_v0_3_candidate,envipath_prediction,1,SCORED,3,5,1,5,0.5,0.46875,1.0,0.516129,0.333333,0.253968,1,4,2,0,0,0,
FR-BBD3-CAND-c0141,gamma-Hexachlorocyclohexane,scope_b_v0_3_candidate,envipath_prediction,1,SCORED,9,3,6,3,0,0.875,1.546875,0.0,0.0,0.0,0,3,9,0,0,0, has_unreachable_true_nodes
FR-BBD3-CAND-c1570,"(R,R)-Iminodisuccinate",scope_b_v0_3_candidate,envipath_prediction,1,SCORED,2,2,1,2,0,0.75,1.0,0.0,0.0,0.0,0,2,2,0,0,0,
FR-BBD3-CAND-c0347,Methanesulfonate,scope_b_v0_3_candidate,envipath_prediction,1,SCORED,2,1,1,1,0.5,0,0.5,1.0,0.5,0.5,1,0,1,0,0,0,
FR-BBD3-PARENT-c0001,"1,2-Dichloroethane",scope_a_old83_compatible,envipath_prediction,3,SCORED,4,13,4,6,0.75,1.796875,0.1875,0.294479,0.8,0.274286,2,11,2,0,0,0,
FR-BBD3-PARENT-c0002,Atrazine,scope_a_old83_compatible,envipath_prediction,3,SCORED,11,23,4,6,1.6875,2.171875,1.25,0.437247,0.574468,0.330275,6,17,5,0,0,0,
FR-BBD3-PARENT-c0006,Gallate,scope_a_old83_compatible,envipath_prediction,3,SCORED,7,23,6,3,0.875,4.125,0.609375,0.175,0.589474,0.155989,3,20,4,0,1,0, has_unreachable_true_nodes
FR-BBD3-PARENT-c0018,"1,3-Dichloro-2-propanol",scope_a_old83_compatible,envipath_prediction,3,SCORED,4,27,4,6,0.9375,3.390625,0,0.216606,1.0,0.216606,4,23,0,0,0,0,
FR-BBD3-PARENT-c0039,Dibenzofuran,scope_a_old83_compatible,envipath_prediction,3,NO_PREDICTION,4,0,3,0,0,0,1.0,0.0,0.0,0.0,0,0,4,0,0,0,no_prediction_after_topk
FR-BBD3-PARENT-c0116,Ethylbenzene,scope_a_old83_compatible,envipath_prediction,3,NO_PREDICTION,16,0,6,0,0,0,2.6875,0.0,0.0,0.0,0,0,16,0,0,0,no_prediction_after_topk
FR-BBD3-PARENT-c0118,Dibenzothiophene,scope_a_old83_compatible,envipath_prediction,3,SCORED,6,1,4,1,0,0.5,1.6875,0.0,0.0,0.0,0,1,6,0,0,0,
FR-BBD3-PARENT-c0121,Benzoate,scope_a_old83_compatible,envipath_prediction,3,SCORED,14,37,6,6,0,4.578125,2.734375,0.0,0.0,0.0,0,37,14,0,0,0, has_unreachable_true_nodes
FR-BBD3-PARENT-c0134,Glyphosate,scope_a_old83_compatible,envipath_prediction,3,SCORED,5,15,3,5,0.375,3.0,1.5,0.111111,0.2,0.076923,2,13,3,0,0,0,
FR-BBD3-PARENT-c0139,"beta -1,2,3,4,5,6-Hexachlorocyclohexane",scope_a_old83_compatible,envipath_prediction,3,SCORED,6,19,4,3,1.0,2.5,0.6875,0.285714,0.592593,0.238806,2,16,4,1,0,0,
FR-BBD3-PARENT-c0148,Acrylonitrile,scope_a_old83_compatible,envipath_prediction,3,SCORED,5,30,4,6,0,4.671875,1.4375,0.0,0.0,0.0,0,30,5,0,0,0,
FR-BBD3-PARENT-c0153,( R )-Mandelate,scope_a_old83_compatible,envipath_prediction,3,SCORED,2,8,2,3,0,2.625,0.75,0.0,0.0,0.0,0,8,2,0,0,0,
FR-BBD3-PARENT-c0163,Cyanuric acid,scope_a_old83_compatible,envipath_prediction,3,SCORED,2,5,2,3,0.5,0.875,0.25,0.363636,0.666667,0.307692,1,4,1,0,0,0,
FR-BBD3-PARENT-c0177,4-Chlorobiphenyl,scope_a_old83_compatible,envipath_prediction,3,SCORED,8,33,6,6,0.25,4.328125,0.8125,0.054608,0.235294,0.046377,1,32,7,0,0,0,
FR-BBD3-PARENT-c0233,Dichloromethane,scope_a_old83_compatible,envipath_prediction,3,SCORED,3,2,2,2,0.75,0,0.5,1.0,0.6,0.6,2,0,1,0,0,0, has_unreachable_true_nodes
FR-BBD3-PARENT-c0236,Dimethyl Sulfoxide,scope_a_old83_compatible,envipath_prediction,3,SCORED,4,1,3,1,0,0.5,1.125,0.0,0.0,0.0,0,1,4,0,0,0,
FR-BBD3-PARENT-c0245,2-Aminobenzenesulfonate,scope_a_old83_compatible,envipath_prediction,3,SCORED,2,35,2,6,0,3.78125,0.75,0.0,0.0,0.0,0,35,2,0,0,0,
FR-BBD3-PARENT-c0286,cis -3-Chloroacrylic acid,scope_a_old83_compatible,envipath_prediction,3,SCORED,2,18,2,5,0,3.625,0.75,0.0,0.0,0.0,0,18,2,0,0,0,
FR-BBD3-PARENT-c0288,"2,4-Dichlorophenoxyacetic acid",scope_a_old83_compatible,envipath_prediction,3,SCORED,18,19,6,5,0.5,2.71875,2.140625,0.15534,0.189349,0.093294,1,18,17,0,0,0, has_unreachable_true_nodes
FR-BBD3-PARENT-c0345,2-Aminobenzoate,scope_a_old83_compatible,envipath_prediction,3,SCORED,4,10,2,2,0.5,2.75,1.25,0.153846,0.285714,0.111111,1,9,3,0,0,0,
FR-BBD3-PARENT-c0352,1-Aminocyclopropane-1-carboxylate,scope_a_old83_compatible,envipath_prediction,3,SCORED,2,19,2,5,0,2.1875,0.75,0.0,0.0,0.0,0,19,2,0,0,0,
FR-BBD3-PARENT-c0367,Benzonitrile,scope_a_old83_compatible,envipath_prediction,3,SCORED,2,19,1,4,0,4.4375,1.0,0.0,0.0,0.0,0,19,2,0,0,0,
FR-BBD3-PARENT-c0371,Biphenyl,scope_a_old83_compatible,envipath_prediction,3,SCORED,5,18,4,4,0.25,3.5625,0.75,0.065574,0.25,0.054795,1,17,4,0,0,0,
FR-BBD3-PARENT-c0375,p -Cymene,scope_a_old83_compatible,envipath_prediction,3,SCORED,6,23,6,3,0.75,4.0,0.234375,0.157895,0.761905,0.15047,2,21,4,0,0,0, has_unreachable_true_nodes
FR-BBD3-PARENT-c0388,Fluorene,scope_a_old83_compatible,envipath_prediction,3,SCORED,24,2,6,2,0.75,0,3.0625,1.0,0.196721,0.196721,2,0,22,0,0,0, has_unreachable_true_nodes
FR-BBD3-PARENT-c0407,(+)-Camphor,scope_a_old83_compatible,envipath_prediction,3,SCORED,7,15,6,3,0,4.125,1.0,0.0,0.0,0.0,0,15,7,0,0,0,
FR-BBD3-PARENT-c0426,Dibenzo-p-dioxin,scope_a_old83_compatible,envipath_prediction,3,SCORED,4,58,3,6,0.625,2.5625,0.375,0.196078,0.625,0.175439,2,56,2,0,0,0,
FR-BBD3-PARENT-c0432,epsilon -Caprolactam,scope_a_old83_compatible,envipath_prediction,3,SCORED,2,24,2,3,0,5.0,0.75,0.0,0.0,0.0,0,24,2,0,0,0,
FR-BBD3-PARENT-c0444,Carbazole,scope_a_old83_compatible,envipath_prediction,3,NO_PREDICTION,4,0,3,0,0,0,1.0,0.0,0.0,0.0,0,0,4,0,0,0,no_prediction_after_topk
FR-BBD3-PARENT-c0480,Bromoxynil,scope_a_old83_compatible,envipath_prediction,3,SCORED,7,24,4,5,0.5,3.375,1.6875,0.129032,0.228571,0.089888,1,23,6,0,0,0,
FR-BBD3-PARENT-c0486,Carbon Tetrachloride,scope_a_old83_compatible,envipath_prediction,3,SCORED,6,4,4,4,0.9375,0,1.0,1.0,0.483871,0.483871,4,0,2,0,0,0,
FR-BBD3-PARENT-c0526,Acetylene,scope_a_old83_compatible,envipath_prediction,3,SCORED,5,10,3,5,1.375,0.96875,0.125,0.586667,0.916667,0.556962,4,6,1,0,0,0,
FR-BBD3-PARENT-c0563,Dodecyl sulfate,scope_a_old83_compatible,envipath_prediction,3,SCORED,4,15,4,3,0.75,3.375,0.1875,0.181818,0.8,0.173913,2,13,2,0,0,0,
FR-BBD3-PARENT-c0593,"1,4-Dichlorobenzene",scope_a_old83_compatible,envipath_prediction,3,SCORED,5,12,4,5,0.5,1.21875,0.9375,0.290909,0.347826,0.188235,1,11,4,0,0,0,
FR-BBD3-PARENT-c0597,Cyanamide,scope_a_old83_compatible,envipath_prediction,3,SCORED,1,3,1,2,0.5,0.5,0,0.5,1.0,0.5,1,2,0,0,0,0,
FR-BBD3-PARENT-c0604,Adamantanone,scope_a_old83_compatible,envipath_prediction,3,SCORED,3,29,2,4,1.25,3.875,0,0.243902,1.0,0.243902,3,26,0,0,0,0,
FR-BBD3-PARENT-c0612,"cis -1,3-Dichloropropene",scope_a_old83_compatible,envipath_prediction,3,SCORED,3,43,3,6,0.75,4.0625,0.125,0.155844,0.857143,0.151899,2,40,1,1,0,0,
FR-BBD3-PARENT-c0626,Limonene,scope_a_old83_compatible,envipath_prediction,3,SCORED,12,6,6,2,1.0,1.25,2.109375,0.444444,0.321608,0.229391,2,4,10,0,0,0, has_unreachable_true_nodes
FR-BBD3-PARENT-c0639,"Hexahydro-1,3,5-trinitro-1,3,5-triazine",scope_a_old83_compatible,envipath_prediction,3,SCORED,15,21,5,4,1.875,1.5625,1.90625,0.545455,0.495868,0.350877,8,13,7,0,0,0,
FR-BBD3-PARENT-c0653,2-Chloro-N-isopropylacetanilide,scope_a_old83_compatible,envipath_prediction,3,SCORED,7,10,2,4,0,2.9375,2.5,0.0,0.0,0.0,0,10,7,0,0,0,
FR-BBD3-PARENT-c0689,Cyclohexylsulfamate,scope_a_old83_compatible,envipath_prediction,3,SCORED,2,37,2,6,0.75,4.703125,0,0.137536,1.0,0.137536,2,35,0,0,0,0,
FR-BBD3-PARENT-c0691,Dimethylphosphinate,scope_a_old83_compatible,envipath_prediction,3,SCORED,2,2,2,1,0,1.0,0.75,0.0,0.0,0.0,0,2,2,0,0,0,
FR-BBD3-PARENT-c0694,4-Hydroxyacetophenone,scope_a_old83_compatible,envipath_prediction,3,SCORED,3,10,2,4,0.75,1.4375,0.25,0.342857,0.75,0.307692,2,8,1,0,0,0,
FR-BBD3-PARENT-c0764,Bisphenol A,scope_a_old83_compatible,envipath_prediction,3,SCORED,16,15,5,4,2.0,1.3125,1.75,0.603774,0.533333,0.395062,6,9,10,0,0,0,
FR-BBD3-PARENT-c0765,"2,4-Dichloroaniline",scope_a_old83_compatible,envipath_prediction,3,SCORED,2,23,2,5,0.75,2.71875,0,0.216216,1.0,0.216216,2,21,0,0,0,0,
FR-BBD3-PARENT-c0865,"2,4-Dichlorotoluene",scope_a_old83_compatible,envipath_prediction,3,SCORED,9,29,6,6,0,3.984375,1.09375,0.0,0.0,0.0,0,29,9,0,0,0, has_unreachable_true_nodes
FR-BBD3-PARENT-c0897,Benzyl sulfide,scope_a_old83_compatible,envipath_prediction,3,SCORED,5,9,2,2,0,3.0,2.0,0.0,0.0,0.0,0,9,5,0,0,0,
FR-BBD3-PARENT-c0908,N-Cyclohexylisocyanide,scope_a_old83_compatible,envipath_prediction,3,SCORED,3,31,2,5,0,4.53125,1.0,0.0,0.0,0.0,0,31,3,0,0,0,
FR-BBD3-PARENT-c0939,Hypophosphite,scope_a_old83_compatible,envipath_prediction,3,NO_PREDICTION,2,0,2,0,0,0,0.75,0.0,0.0,0.0,0,0,2,0,0,0,no_prediction_after_topk
FR-BBD3-PARENT-c0941,Cyclohexane,scope_a_old83_compatible,envipath_prediction,3,SCORED,6,19,6,6,0.875,1.265625,0.109375,0.408759,0.888889,0.388889,3,16,3,0,0,0, has_unreachable_true_nodes
FR-BBD3-PARENT-c0946,Branched-chain dodecylbenzene sulfonate,scope_a_old83_compatible,envipath_prediction,3,SCORED,4,12,3,2,0.5,3.25,0.625,0.133333,0.444444,0.114286,1,11,3,0,0,0,
FR-BBD3-PARENT-c0991,Anthracene,scope_a_old83_compatible,envipath_prediction,3,SCORED,10,1,5,1,0.25,0,2.28125,1.0,0.098765,0.098765,1,0,9,0,0,0,
FR-BBD3-PARENT-c1013,Citronellol,scope_a_old83_compatible,envipath_prediction,3,SCORED,6,16,6,3,0.5,3.5,0.484375,0.125,0.507937,0.111498,1,15,5,0,0,0, has_unreachable_true_nodes
FR-BBD3-PARENT-c1019,2-Mercaptobenzothiazole,scope_a_old83_compatible,envipath_prediction,3,SCORED,11,3,4,2,0.5,0.25,3.4375,0.666667,0.126984,0.119403,1,1,10,1,0,0,
FR-BBD3-PARENT-c1039,4-Fluorobenzoate,scope_a_old83_compatible,envipath_prediction,3,SCORED,7,17,5,4,0.25,2.9375,1.46875,0.078431,0.145455,0.053691,1,16,6,0,0,0,
FR-BBD3-PARENT-c1043,Geraniol,scope_a_old83_compatible,envipath_prediction,3,SCORED,3,52,3,6,0.5,5.125,0.375,0.088889,0.571429,0.083333,1,51,2,0,0,0,
FR-BBD3-PARENT-c1066,"(-)-(1 R ,2 S ,5 R )-Menthol",scope_a_old83_compatible,envipath_prediction,3,SCORED,5,9,5,2,0,3.0,0.96875,0.0,0.0,0.0,0,9,5,0,0,0,
FR-BBD3-PARENT-c1072,3-Fluorobenzoate,scope_a_old83_compatible,envipath_prediction,3,SCORED,5,37,3,6,0.5,3.765625,1.125,0.117216,0.307692,0.092754,2,35,3,0,0,0,
FR-BBD3-PARENT-c1078,Isooctane,scope_a_old83_compatible,envipath_prediction,3,SCORED,6,30,6,4,0.75,4.0625,0.234375,0.155844,0.761905,0.148607,2,28,4,0,0,0, has_unreachable_true_nodes
FR-BBD3-PARENT-c1094,Caffeine,scope_a_old83_compatible,envipath_prediction,3,SCORED,15,6,3,4,1.375,0.5625,2.75,0.709677,0.333333,0.293333,4,2,11,0,0,0,
FR-BBD3-PARENT-c1161,Isoniazid,scope_a_old83_compatible,envipath_prediction,3,SCORED,11,8,5,4,0,2.3125,2.1875,0.0,0.0,0.0,0,8,11,0,0,0,
FR-BBD3-PARENT-c1182,Furfural,scope_a_old83_compatible,envipath_prediction,3,SCORED,5,15,4,5,0,2.28125,1.4375,0.0,0.0,0.0,0,15,5,0,0,0,
FR-BBD3-PARENT-c1188,Endosulfan,scope_a_old83_compatible,envipath_prediction,3,SCORED,9,12,3,2,0.5,3.25,2.875,0.133333,0.148148,0.075472,1,11,8,0,0,0,
FR-BBD3-PARENT-c1201,4-Hydroxypyridine,scope_a_old83_compatible,envipath_prediction,3,NO_PREDICTION,6,0,5,0,0,0,1.09375,0.0,0.0,0.0,0,0,6,0,0,0,no_prediction_after_topk
FR-BBD3-PARENT-c1263,Asulam,scope_a_old83_compatible,envipath_prediction,3,SCORED,8,10,6,3,0,2.875,1.171875,0.0,0.0,0.0,0,10,8,0,0,0,
FR-BBD3-PARENT-c1266,Bisphenol F,scope_a_old83_compatible,envipath_prediction,3,SCORED,5,2,4,2,0.75,0,0.25,1.0,0.75,0.75,2,0,3,0,0,0,
FR-BBD3-PARENT-c1267,Dimethyl isophthalate,scope_a_old83_compatible,envipath_prediction,3,SCORED,4,4,4,2,0,1.5,0.9375,0.0,0.0,0.0,0,4,4,0,0,0,
FR-BBD3-PARENT-c1285,Carbofuran,scope_a_old83_compatible,envipath_prediction,3,SCORED,8,16,2,3,1.75,2.125,1.75,0.451613,0.5,0.311111,4,11,4,1,0,0,
FR-BBD3-PARENT-c1296,Metamitron,scope_a_old83_compatible,envipath_prediction,3,SCORED,7,8,4,2,0,2.75,1.75,0.0,0.0,0.0,0,8,7,0,0,0,
FR-BBD3-PARENT-c1313,"2,4-Dinitrotoluene",scope_a_old83_compatible,envipath_prediction,3,SCORED,8,39,5,6,1.25,3.8125,0.96875,0.246914,0.56338,0.207254,3,35,5,1,0,0,
FR-BBD3-PARENT-c1350,"3,3'-Dithiodipropionate",scope_a_old83_compatible,envipath_prediction,3,SCORED,4,26,4,5,0,3.9375,0.9375,0.0,0.0,0.0,0,26,4,0,0,0,
FR-BBD3-PARENT-c1352,"N,N-Diethyl-m-toluamide",scope_a_old83_compatible,envipath_prediction,3,SCORED,8,16,3,6,1.5,1.859375,1.375,0.446512,0.521739,0.316832,4,11,4,1,0,0,
FR-BBD3-PARENT-c1354,"1,4-Dioxane",scope_a_old83_compatible,envipath_prediction,3,SCORED,8,16,4,5,1.0625,1.21875,0.625,0.465753,0.62963,0.365591,3,11,5,2,0,0,
FR-BBD3-PARENT-c1383,Benzothiophene,scope_a_old83_compatible,envipath_prediction,3,SCORED,5,19,4,5,0,2.90625,1.0,0.0,0.0,0.0,0,19,5,0,0,0,
FR-BBD3-PARENT-c1391,Cinnamate,scope_a_old83_compatible,envipath_prediction,3,SCORED,5,41,4,6,0,4.296875,1.0,0.0,0.0,0.0,0,41,5,0,0,0,
FR-BBD3-PARENT-c1412,Ketoprofen,scope_a_old83_compatible,envipath_prediction,3,SCORED,1,14,1,5,0,3.1875,0.5,0.0,0.0,0.0,0,14,1,0,0,0,
FR-BBD3-PARENT-c1441,Alachlor,scope_a_old83_compatible,envipath_prediction,3,SCORED,15,4,4,2,1.0,0.5,3.25,0.666667,0.235294,0.210526,2,1,13,1,0,0,
FR-BBD3-PARENT-c1457,Malathion,scope_a_old83_compatible,envipath_prediction,3,SCORED,20,5,6,3,0.5,1.375,3.703125,0.266667,0.118959,0.089636,1,4,19,0,0,0, has_unreachable_true_nodes
FR-BBD3-PARENT-c1481,Methamidophos,scope_a_old83_compatible,envipath_prediction,3,SCORED,6,18,3,6,0.5,3.328125,1.125,0.130612,0.307692,0.100946,2,16,4,0,0,0,
FR-BBD3-PARENT-c1524,Diazepam,scope_a_old83_compatible,envipath_prediction,3,SCORED,3,9,2,2,0.75,2.25,0.5,0.25,0.6,0.214286,2,7,1,0,0,0,
FR-BBD3-PARENT-c1531,Acenaphthylene,scope_a_old83_compatible,envipath_prediction,3,SCORED,5,26,5,6,0.75,2.46875,0.21875,0.23301,0.774194,0.218182,2,24,3,0,0,0,
FR-BBD3-PARENT-c1549,"1,5-Anhydro-D-fructose",scope_a_old83_compatible,envipath_prediction,3,SCORED,8,12,4,2,0,3.75,2.0,0.0,0.0,0.0,0,12,8,0,0,0,
FR-BBD3-PARENT-c1586,Atenolol,scope_a_old83_compatible,envipath_prediction,3,SCORED,1,8,1,2,0,2.75,0.5,0.0,0.0,0.0,0,8,1,0,0,0,
FR-BBD3-CAND-c0620,trans-3-Chloroacrylic acid,scope_b_v0_3_candidate,envipath_prediction,3,SCORED,2,18,2,5,0,3.625,0.75,0.0,0.0,0.0,0,18,2,0,0,0,
FR-BBD3-CAND-c0611,"trans-1,3-Dichloropropene",scope_b_v0_3_candidate,envipath_prediction,3,SCORED,3,34,3,6,0.75,3.609375,0.125,0.172043,0.857143,0.167247,2,32,1,0,0,0,
FR-BBD3-CAND-c0282,3-Hydroxytoluene (m-Cresol),scope_b_v0_3_candidate,envipath_prediction,3,SCORED,5,26,4,6,0.75,3.671875,0.25,0.169611,0.75,0.160535,2,24,3,0,0,0,
FR-BBD3-CAND-c0257,Cyromazine (N-Cyclopropylmelamine),scope_b_v0_3_candidate,envipath_prediction,3,SCORED,4,24,3,6,1.0,2.515625,0,0.284444,1.0,0.284444,4,20,0,0,0,0,
FR-BBD3-CAND-c1376,"2,6-Dichlorobenzonitrile (Dichlobenil)",scope_b_v0_3_candidate,envipath_prediction,3,SCORED,5,41,4,6,0,4.46875,1.1875,0.0,0.0,0.0,0,41,5,0,0,0,
FR-BBD3-CAND-c0971,Fosfomycin,scope_b_v0_3_candidate,envipath_prediction,3,SCORED,3,11,1,5,0.5,1.78125,1.0,0.219178,0.333333,0.152381,1,10,2,0,0,0,
FR-BBD3-CAND-c0141,gamma-Hexachlorocyclohexane,scope_b_v0_3_candidate,envipath_prediction,3,SCORED,9,19,6,3,0,3.75,1.546875,0.0,0.0,0.0,0,19,9,0,0,0, has_unreachable_true_nodes
FR-BBD3-CAND-c1570,"(R,R)-Iminodisuccinate",scope_b_v0_3_candidate,envipath_prediction,3,SCORED,2,14,1,4,0,3.375,1.0,0.0,0.0,0.0,0,14,2,0,0,0,
FR-BBD3-CAND-c0347,Methanesulfonate,scope_b_v0_3_candidate,envipath_prediction,3,SCORED,2,2,1,1,0.5,0.5,0.5,0.5,0.5,0.333333,1,1,1,0,0,0,
FR-BBD3-PARENT-c0001,"1,2-Dichloroethane",scope_a_old83_compatible,envipath_prediction,5,SCORED,4,13,4,6,0.75,1.796875,0.1875,0.294479,0.8,0.274286,2,11,2,0,0,0,
FR-BBD3-PARENT-c0002,Atrazine,scope_a_old83_compatible,envipath_prediction,5,SCORED,11,35,4,6,2.4375,3.625,0.5,0.402062,0.829787,0.371429,8,27,3,0,0,0,
FR-BBD3-PARENT-c0006,Gallate,scope_a_old83_compatible,envipath_prediction,5,SCORED,7,28,6,3,0.875,4.875,0.609375,0.152174,0.589474,0.137592,3,25,4,0,1,0, has_unreachable_true_nodes
FR-BBD3-PARENT-c0018,"1,3-Dichloro-2-propanol",scope_a_old83_compatible,envipath_prediction,5,SCORED,4,27,4,5,0.9375,3.90625,0,0.193548,1.0,0.193548,4,23,0,0,0,0,
FR-BBD3-PARENT-c0039,Dibenzofuran,scope_a_old83_compatible,envipath_prediction,5,NO_PREDICTION,4,0,3,0,0,0,1.0,0.0,0.0,0.0,0,0,4,0,0,0,no_prediction_after_topk
FR-BBD3-PARENT-c0116,Ethylbenzene,scope_a_old83_compatible,envipath_prediction,5,NO_PREDICTION,16,0,6,0,0,0,2.6875,0.0,0.0,0.0,0,0,16,0,0,0,no_prediction_after_topk
FR-BBD3-PARENT-c0118,Dibenzothiophene,scope_a_old83_compatible,envipath_prediction,5,SCORED,6,1,4,1,0,0.5,1.6875,0.0,0.0,0.0,0,1,6,0,0,0,
FR-BBD3-PARENT-c0121,Benzoate,scope_a_old83_compatible,envipath_prediction,5,SCORED,14,46,6,6,0.25,6.625,2.484375,0.036364,0.091429,0.026711,1,45,13,0,0,0, has_unreachable_true_nodes
FR-BBD3-PARENT-c0134,Glyphosate,scope_a_old83_compatible,envipath_prediction,5,SCORED,5,18,3,5,0.375,4.15625,1.5,0.082759,0.2,0.062176,2,16,3,0,0,0,
FR-BBD3-PARENT-c0139,"beta -1,2,3,4,5,6-Hexachlorocyclohexane",scope_a_old83_compatible,envipath_prediction,5,SCORED,6,26,4,3,1.0,3.625,0.6875,0.216216,0.592593,0.188235,2,23,4,1,0,0,
FR-BBD3-PARENT-c0148,Acrylonitrile,scope_a_old83_compatible,envipath_prediction,5,SCORED,5,32,4,6,0,4.859375,1.4375,0.0,0.0,0.0,0,32,5,0,0,0,
FR-BBD3-PARENT-c0153,( R )-Mandelate,scope_a_old83_compatible,envipath_prediction,5,SCORED,2,42,2,6,0,4.984375,0.75,0.0,0.0,0.0,0,42,2,0,0,0,
FR-BBD3-PARENT-c0163,Cyanuric acid,scope_a_old83_compatible,envipath_prediction,5,SCORED,2,6,2,3,0.5,1.125,0.25,0.307692,0.666667,0.266667,1,5,1,0,0,0,
FR-BBD3-PARENT-c0177,4-Chlorobiphenyl,scope_a_old83_compatible,envipath_prediction,5,SCORED,8,44,6,6,0.25,6.703125,0.8125,0.035955,0.235294,0.032193,1,43,7,0,0,0,
FR-BBD3-PARENT-c0233,Dichloromethane,scope_a_old83_compatible,envipath_prediction,5,SCORED,3,2,2,2,0.75,0,0.5,1.0,0.6,0.6,2,0,1,0,0,0, has_unreachable_true_nodes
FR-BBD3-PARENT-c0236,Dimethyl Sulfoxide,scope_a_old83_compatible,envipath_prediction,5,SCORED,4,1,3,1,0,0.5,1.125,0.0,0.0,0.0,0,1,4,0,0,0,
FR-BBD3-PARENT-c0245,2-Aminobenzenesulfonate,scope_a_old83_compatible,envipath_prediction,5,SCORED,2,91,2,6,0,7.71875,0.75,0.0,0.0,0.0,0,91,2,0,0,0,
FR-BBD3-PARENT-c0286,cis -3-Chloroacrylic acid,scope_a_old83_compatible,envipath_prediction,5,SCORED,2,18,2,5,0,3.625,0.75,0.0,0.0,0.0,0,18,2,0,0,0,
FR-BBD3-PARENT-c0288,"2,4-Dichlorophenoxyacetic acid",scope_a_old83_compatible,envipath_prediction,5,SCORED,18,36,6,6,0.75,4.140625,1.890625,0.153355,0.284024,0.110599,2,34,16,0,0,0, has_unreachable_true_nodes
FR-BBD3-PARENT-c0345,2-Aminobenzoate,scope_a_old83_compatible,envipath_prediction,5,SCORED,4,63,2,6,0.5,7.859375,1.25,0.059813,0.285714,0.052033,1,62,3,0,0,0,
FR-BBD3-PARENT-c0352,1-Aminocyclopropane-1-carboxylate,scope_a_old83_compatible,envipath_prediction,5,SCORED,2,26,2,6,0,2.546875,0.75,0.0,0.0,0.0,0,26,2,0,0,0,
FR-BBD3-PARENT-c0367,Benzonitrile,scope_a_old83_compatible,envipath_prediction,5,SCORED,2,64,1,6,0,8.0625,1.0,0.0,0.0,0.0,0,64,2,0,0,0,
FR-BBD3-PARENT-c0371,Biphenyl,scope_a_old83_compatible,envipath_prediction,5,SCORED,5,24,4,4,0.25,4.9375,0.75,0.048193,0.25,0.042105,1,23,4,0,0,0,
FR-BBD3-PARENT-c0375,p -Cymene,scope_a_old83_compatible,envipath_prediction,5,SCORED,6,32,6,3,0.75,5.875,0.234375,0.113208,0.761905,0.109339,2,30,4,0,0,0, has_unreachable_true_nodes
FR-BBD3-PARENT-c0388,Fluorene,scope_a_old83_compatible,envipath_prediction,5,SCORED,24,2,6,2,0.75,0,3.0625,1.0,0.196721,0.196721,2,0,22,0,0,0, has_unreachable_true_nodes
FR-BBD3-PARENT-c0407,(+)-Camphor,scope_a_old83_compatible,envipath_prediction,5,SCORED,7,28,6,3,0.75,6.875,0.25,0.098361,0.75,0.095238,2,26,5,0,0,0,
FR-BBD3-PARENT-c0426,Dibenzo-p-dioxin,scope_a_old83_compatible,envipath_prediction,5,SCORED,4,85,3,6,0.625,3.8125,0.375,0.140845,0.625,0.12987,2,83,2,0,0,0,
FR-BBD3-PARENT-c0432,epsilon -Caprolactam,scope_a_old83_compatible,envipath_prediction,5,SCORED,2,29,2,3,0,5.75,0.75,0.0,0.0,0.0,0,29,2,0,0,0,
FR-BBD3-PARENT-c0444,Carbazole,scope_a_old83_compatible,envipath_prediction,5,NO_PREDICTION,4,0,3,0,0,0,1.0,0.0,0.0,0.0,0,0,4,0,0,0,no_prediction_after_topk
FR-BBD3-PARENT-c0480,Bromoxynil,scope_a_old83_compatible,envipath_prediction,5,SCORED,7,24,4,4,0.5,3.5,1.6875,0.125,0.228571,0.087912,1,23,6,0,0,0,
FR-BBD3-PARENT-c0486,Carbon Tetrachloride,scope_a_old83_compatible,envipath_prediction,5,SCORED,6,4,4,4,0.9375,0,1.0,1.0,0.483871,0.483871,4,0,2,0,0,0,
FR-BBD3-PARENT-c0526,Acetylene,scope_a_old83_compatible,envipath_prediction,5,SCORED,5,10,3,5,1.375,0.96875,0.125,0.586667,0.916667,0.556962,4,6,1,0,0,0,
FR-BBD3-PARENT-c0563,Dodecyl sulfate,scope_a_old83_compatible,envipath_prediction,5,SCORED,4,23,4,3,0.75,5.75,0.1875,0.115385,0.8,0.11215,2,21,2,0,0,0,
FR-BBD3-PARENT-c0593,"1,4-Dichlorobenzene",scope_a_old83_compatible,envipath_prediction,5,SCORED,5,16,4,5,0.5,1.59375,0.9375,0.238806,0.347826,0.164948,1,15,4,0,0,0,
FR-BBD3-PARENT-c0597,Cyanamide,scope_a_old83_compatible,envipath_prediction,5,SCORED,1,3,1,2,0.5,0.5,0,0.5,1.0,0.5,1,2,0,0,0,0,
FR-BBD3-PARENT-c0604,Adamantanone,scope_a_old83_compatible,envipath_prediction,5,SCORED,3,29,2,4,1.25,3.875,0,0.243902,1.0,0.243902,3,26,0,0,0,0,
FR-BBD3-PARENT-c0612,"cis -1,3-Dichloropropene",scope_a_old83_compatible,envipath_prediction,5,SCORED,3,46,3,6,0.75,4.921875,0.125,0.132231,0.857143,0.12938,2,44,1,0,0,0,
FR-BBD3-PARENT-c0626,Limonene,scope_a_old83_compatible,envipath_prediction,5,SCORED,12,10,6,2,1.5,2.0,1.609375,0.428571,0.482412,0.293578,3,6,9,1,0,0, has_unreachable_true_nodes
FR-BBD3-PARENT-c0639,"Hexahydro-1,3,5-trinitro-1,3,5-triazine",scope_a_old83_compatible,envipath_prediction,5,SCORED,15,24,5,4,1.875,1.75,1.90625,0.517241,0.495868,0.338983,8,16,7,0,0,0,
FR-BBD3-PARENT-c0653,2-Chloro-N-isopropylacetanilide,scope_a_old83_compatible,envipath_prediction,5,SCORED,7,16,2,4,1.25,2.9375,1.25,0.298507,0.5,0.229885,3,12,4,1,0,0,
FR-BBD3-PARENT-c0689,Cyclohexylsulfamate,scope_a_old83_compatible,envipath_prediction,5,SCORED,2,38,2,6,0.75,4.96875,0,0.131148,1.0,0.131148,2,36,0,0,0,0,
FR-BBD3-PARENT-c0691,Dimethylphosphinate,scope_a_old83_compatible,envipath_prediction,5,SCORED,2,2,2,1,0,1.0,0.75,0.0,0.0,0.0,0,2,2,0,0,0,
FR-BBD3-PARENT-c0694,4-Hydroxyacetophenone,scope_a_old83_compatible,envipath_prediction,5,SCORED,3,11,2,4,0.75,1.5,0.25,0.333333,0.75,0.3,2,9,1,0,0,0,
FR-BBD3-PARENT-c0764,Bisphenol A,scope_a_old83_compatible,envipath_prediction,5,SCORED,16,25,5,4,2.75,2.5625,1.0,0.517647,0.733333,0.435644,8,17,8,0,0,0,
FR-BBD3-PARENT-c0765,"2,4-Dichloroaniline",scope_a_old83_compatible,envipath_prediction,5,SCORED,2,30,2,4,0.75,3.3125,0,0.184615,1.0,0.184615,2,28,0,0,0,0,
FR-BBD3-PARENT-c0865,"2,4-Dichlorotoluene",scope_a_old83_compatible,envipath_prediction,5,SCORED,9,51,6,6,0,4.9375,1.09375,0.0,0.0,0.0,0,51,9,0,0,0, has_unreachable_true_nodes
FR-BBD3-PARENT-c0897,Benzyl sulfide,scope_a_old83_compatible,envipath_prediction,5,SCORED,5,12,2,2,1.0,3.25,1.0,0.235294,0.5,0.190476,2,10,3,0,0,0,
FR-BBD3-PARENT-c0908,N-Cyclohexylisocyanide,scope_a_old83_compatible,envipath_prediction,5,SCORED,3,31,2,5,0,4.53125,1.0,0.0,0.0,0.0,0,31,3,0,0,0,
FR-BBD3-PARENT-c0939,Hypophosphite,scope_a_old83_compatible,envipath_prediction,5,NO_PREDICTION,2,0,2,0,0,0,0.75,0.0,0.0,0.0,0,0,2,0,0,0,no_prediction_after_topk
FR-BBD3-PARENT-c0941,Cyclohexane,scope_a_old83_compatible,envipath_prediction,5,SCORED,6,20,6,6,0.875,1.28125,0.109375,0.405797,0.888889,0.386207,3,17,3,0,0,0, has_unreachable_true_nodes
FR-BBD3-PARENT-c0946,Branched-chain dodecylbenzene sulfonate,scope_a_old83_compatible,envipath_prediction,5,SCORED,4,29,3,3,0.5,7.25,0.625,0.064516,0.444444,0.059701,1,28,3,0,0,0,
FR-BBD3-PARENT-c0991,Anthracene,scope_a_old83_compatible,envipath_prediction,5,SCORED,10,1,5,1,0.25,0,2.28125,1.0,0.098765,0.098765,1,0,9,0,0,0,
FR-BBD3-PARENT-c1013,Citronellol,scope_a_old83_compatible,envipath_prediction,5,SCORED,6,30,6,3,0.5,7.25,0.484375,0.064516,0.507937,0.060721,1,29,5,0,0,0, has_unreachable_true_nodes
FR-BBD3-PARENT-c1019,2-Mercaptobenzothiazole,scope_a_old83_compatible,envipath_prediction,5,SCORED,11,3,4,2,0.5,0.25,3.4375,0.666667,0.126984,0.119403,1,1,10,1,0,0,
FR-BBD3-PARENT-c1039,4-Fluorobenzoate,scope_a_old83_compatible,envipath_prediction,5,SCORED,7,28,5,4,0.25,4.4375,1.46875,0.053333,0.145455,0.040609,1,27,6,0,0,0,
FR-BBD3-PARENT-c1043,Geraniol,scope_a_old83_compatible,envipath_prediction,5,SCORED,3,81,3,6,0.5,9.171875,0.375,0.051696,0.571429,0.049767,1,80,2,0,0,0,
FR-BBD3-PARENT-c1066,"(-)-(1 R ,2 S ,5 R )-Menthol",scope_a_old83_compatible,envipath_prediction,5,SCORED,5,19,5,2,0.5,5.5,0.46875,0.083333,0.516129,0.077295,1,18,4,0,0,0,
FR-BBD3-PARENT-c1072,3-Fluorobenzoate,scope_a_old83_compatible,envipath_prediction,5,SCORED,5,45,3,6,0.5,4.78125,1.125,0.094675,0.307692,0.078049,2,43,3,0,0,0,
FR-BBD3-PARENT-c1078,Isooctane,scope_a_old83_compatible,envipath_prediction,5,SCORED,6,30,6,4,0.75,4.0625,0.234375,0.155844,0.761905,0.148607,2,28,4,0,0,0, has_unreachable_true_nodes
FR-BBD3-PARENT-c1094,Caffeine,scope_a_old83_compatible,envipath_prediction,5,SCORED,15,16,3,4,3.5,1.0625,0.625,0.767123,0.848485,0.674699,11,5,4,0,0,0,
FR-BBD3-PARENT-c1161,Isoniazid,scope_a_old83_compatible,envipath_prediction,5,SCORED,11,8,5,4,0,2.3125,2.1875,0.0,0.0,0.0,0,8,11,0,0,0,
FR-BBD3-PARENT-c1182,Furfural,scope_a_old83_compatible,envipath_prediction,5,SCORED,5,15,4,5,0,2.28125,1.4375,0.0,0.0,0.0,0,15,5,0,0,0,
FR-BBD3-PARENT-c1188,Endosulfan,scope_a_old83_compatible,envipath_prediction,5,SCORED,9,27,3,2,0.5,7.5,2.875,0.0625,0.148148,0.045977,1,26,8,0,0,0,
FR-BBD3-PARENT-c1201,4-Hydroxypyridine,scope_a_old83_compatible,envipath_prediction,5,NO_PREDICTION,6,0,5,0,0,0,1.09375,0.0,0.0,0.0,0,0,6,0,0,0,no_prediction_after_topk
FR-BBD3-PARENT-c1263,Asulam,scope_a_old83_compatible,envipath_prediction,5,SCORED,8,11,6,3,0.5,3.25,0.671875,0.133333,0.426667,0.113074,1,10,7,0,0,0,
FR-BBD3-PARENT-c1266,Bisphenol F,scope_a_old83_compatible,envipath_prediction,5,SCORED,5,2,4,2,0.75,0,0.25,1.0,0.75,0.75,2,0,3,0,0,0,
FR-BBD3-PARENT-c1267,Dimethyl isophthalate,scope_a_old83_compatible,envipath_prediction,5,SCORED,4,4,4,2,0,1.5,0.9375,0.0,0.0,0.0,0,4,4,0,0,0,
FR-BBD3-PARENT-c1285,Carbofuran,scope_a_old83_compatible,envipath_prediction,5,SCORED,8,21,2,3,1.75,4.375,1.75,0.285714,0.5,0.222222,4,17,4,0,0,0,
FR-BBD3-PARENT-c1296,Metamitron,scope_a_old83_compatible,envipath_prediction,5,SCORED,7,22,4,3,0.25,5.75,1.5,0.041667,0.142857,0.033333,1,21,6,0,0,0,
FR-BBD3-PARENT-c1313,"2,4-Dinitrotoluene",scope_a_old83_compatible,envipath_prediction,5,SCORED,8,53,5,5,1.75,7.8125,0.46875,0.183007,0.788732,0.174455,4,49,4,0,0,0,
FR-BBD3-PARENT-c1350,"3,3'-Dithiodipropionate",scope_a_old83_compatible,envipath_prediction,5,SCORED,4,26,4,5,0,4.28125,0.9375,0.0,0.0,0.0,0,26,4,0,0,0,
FR-BBD3-PARENT-c1352,"N,N-Diethyl-m-toluamide",scope_a_old83_compatible,envipath_prediction,5,SCORED,8,18,3,5,1.5,3.46875,1.375,0.301887,0.521739,0.236453,4,14,4,0,0,0,
FR-BBD3-PARENT-c1354,"1,4-Dioxane",scope_a_old83_compatible,envipath_prediction,5,SCORED,8,28,4,5,1.0625,2.53125,0.625,0.295652,0.62963,0.251852,3,23,5,2,0,0,
FR-BBD3-PARENT-c1383,Benzothiophene,scope_a_old83_compatible,envipath_prediction,5,SCORED,5,19,4,5,0,2.90625,1.0,0.0,0.0,0.0,0,19,5,0,0,0,
FR-BBD3-PARENT-c1391,Cinnamate,scope_a_old83_compatible,envipath_prediction,5,SCORED,5,58,4,6,0,6.140625,1.0,0.0,0.0,0.0,0,58,5,0,0,0,
FR-BBD3-PARENT-c1412,Ketoprofen,scope_a_old83_compatible,envipath_prediction,5,SCORED,1,22,1,5,0,5.6875,0.5,0.0,0.0,0.0,0,22,1,0,0,0,
FR-BBD3-PARENT-c1441,Alachlor,scope_a_old83_compatible,envipath_prediction,5,SCORED,15,39,4,6,2.0,4.359375,2.25,0.314496,0.470588,0.232305,5,33,10,1,0,0,
FR-BBD3-PARENT-c1457,Malathion,scope_a_old83_compatible,envipath_prediction,5,SCORED,20,13,6,3,1.5,2.875,2.703125,0.342857,0.356877,0.211921,3,10,17,0,0,0, has_unreachable_true_nodes
FR-BBD3-PARENT-c1481,Methamidophos,scope_a_old83_compatible,envipath_prediction,5,SCORED,6,18,3,5,0.5,4.15625,1.125,0.107383,0.307692,0.086486,2,16,4,0,0,0,
FR-BBD3-PARENT-c1524,Diazepam,scope_a_old83_compatible,envipath_prediction,5,SCORED,3,22,2,2,1.25,5.5,0,0.185185,1.0,0.185185,3,19,0,0,0,0,
FR-BBD3-PARENT-c1531,Acenaphthylene,scope_a_old83_compatible,envipath_prediction,5,SCORED,5,30,5,6,0.75,2.546875,0.21875,0.227488,0.774194,0.213333,2,28,3,0,0,0,
FR-BBD3-PARENT-c1549,"1,5-Anhydro-D-fructose",scope_a_old83_compatible,envipath_prediction,5,SCORED,8,24,4,2,0,7.25,2.0,0.0,0.0,0.0,0,24,8,0,0,0,
FR-BBD3-PARENT-c1586,Atenolol,scope_a_old83_compatible,envipath_prediction,5,SCORED,1,26,1,4,0,6.5,0.5,0.0,0.0,0.0,0,26,1,0,0,0,
FR-BBD3-CAND-c0620,trans-3-Chloroacrylic acid,scope_b_v0_3_candidate,envipath_prediction,5,SCORED,2,18,2,5,0,3.625,0.75,0.0,0.0,0.0,0,18,2,0,0,0,
FR-BBD3-CAND-c0611,"trans-1,3-Dichloropropene",scope_b_v0_3_candidate,envipath_prediction,5,SCORED,3,46,3,6,0.75,4.921875,0.125,0.132231,0.857143,0.12938,2,44,1,0,0,0,
FR-BBD3-CAND-c0282,3-Hydroxytoluene (m-Cresol),scope_b_v0_3_candidate,envipath_prediction,5,SCORED,5,31,4,6,0.75,4.296875,0.25,0.148607,0.75,0.141593,2,29,3,0,0,0,
FR-BBD3-CAND-c0257,Cyromazine (N-Cyclopropylmelamine),scope_b_v0_3_candidate,envipath_prediction,5,SCORED,4,25,3,6,1.0,2.546875,0,0.281938,1.0,0.281938,4,21,0,0,0,0,
FR-BBD3-CAND-c1376,"2,6-Dichlorobenzonitrile (Dichlobenil)",scope_b_v0_3_candidate,envipath_prediction,5,SCORED,5,48,4,6,0,5.0,1.1875,0.0,0.0,0.0,0,48,5,0,0,0,
FR-BBD3-CAND-c0971,Fosfomycin,scope_b_v0_3_candidate,envipath_prediction,5,SCORED,3,11,1,5,0.5,1.78125,1.0,0.219178,0.333333,0.152381,1,10,2,0,0,0,
FR-BBD3-CAND-c0141,gamma-Hexachlorocyclohexane,scope_b_v0_3_candidate,envipath_prediction,5,SCORED,9,26,6,3,0,4.875,1.546875,0.0,0.0,0.0,0,26,9,0,0,0, has_unreachable_true_nodes
FR-BBD3-CAND-c1570,"(R,R)-Iminodisuccinate",scope_b_v0_3_candidate,envipath_prediction,5,SCORED,2,33,1,4,0,7.75,1.0,0.0,0.0,0.0,0,33,2,0,0,0,
FR-BBD3-CAND-c0347,Methanesulfonate,scope_b_v0_3_candidate,envipath_prediction,5,SCORED,2,2,1,1,0.5,0.5,0.5,0.5,0.5,0.333333,1,1,1,0,0,0,
FR-BBD3-PARENT-c0001,"1,2-Dichloroethane",scope_a_old83_compatible,envipath_prediction,10,SCORED,4,13,4,6,0.75,1.796875,0.1875,0.294479,0.8,0.274286,2,11,2,0,0,0,
FR-BBD3-PARENT-c0002,Atrazine,scope_a_old83_compatible,envipath_prediction,10,SCORED,11,46,4,6,2.5625,7.546875,0.375,0.253478,0.87234,0.244411,9,37,2,0,0,0,
FR-BBD3-PARENT-c0006,Gallate,scope_a_old83_compatible,envipath_prediction,10,SCORED,7,32,6,3,0.875,5.375,0.609375,0.14,0.589474,0.127563,3,29,4,0,1,0, has_unreachable_true_nodes
FR-BBD3-PARENT-c0018,"1,3-Dichloro-2-propanol",scope_a_old83_compatible,envipath_prediction,10,SCORED,4,27,4,5,0.9375,3.90625,0,0.193548,1.0,0.193548,4,23,0,0,0,0,
FR-BBD3-PARENT-c0039,Dibenzofuran,scope_a_old83_compatible,envipath_prediction,10,NO_PREDICTION,4,0,3,0,0,0,1.0,0.0,0.0,0.0,0,0,4,0,0,0,no_prediction_after_topk
FR-BBD3-PARENT-c0116,Ethylbenzene,scope_a_old83_compatible,envipath_prediction,10,NO_PREDICTION,16,0,6,0,0,0,2.6875,0.0,0.0,0.0,0,0,16,0,0,0,no_prediction_after_topk
FR-BBD3-PARENT-c0118,Dibenzothiophene,scope_a_old83_compatible,envipath_prediction,10,SCORED,6,1,4,1,0,0.5,1.6875,0.0,0.0,0.0,0,1,6,0,0,0,
FR-BBD3-PARENT-c0121,Benzoate,scope_a_old83_compatible,envipath_prediction,10,SCORED,14,49,6,6,0.25,7.875,2.484375,0.030769,0.091429,0.023564,1,48,13,0,0,0, has_unreachable_true_nodes
FR-BBD3-PARENT-c0134,Glyphosate,scope_a_old83_compatible,envipath_prediction,10,SCORED,5,18,3,5,0.375,4.53125,1.5,0.076433,0.2,0.058537,2,16,3,0,0,0,
FR-BBD3-PARENT-c0139,"beta -1,2,3,4,5,6-Hexachlorocyclohexane",scope_a_old83_compatible,envipath_prediction,10,SCORED,6,27,4,3,1.0,3.75,0.6875,0.210526,0.592593,0.183908,2,24,4,1,0,0,
FR-BBD3-PARENT-c0148,Acrylonitrile,scope_a_old83_compatible,envipath_prediction,10,SCORED,5,32,4,6,0,4.859375,1.4375,0.0,0.0,0.0,0,32,5,0,0,0,
FR-BBD3-PARENT-c0153,( R )-Mandelate,scope_a_old83_compatible,envipath_prediction,10,SCORED,2,43,2,6,0,5.109375,0.75,0.0,0.0,0.0,0,43,2,0,0,0,
FR-BBD3-PARENT-c0163,Cyanuric acid,scope_a_old83_compatible,envipath_prediction,10,SCORED,2,6,2,3,0.5,1.125,0.25,0.307692,0.666667,0.266667,1,5,1,0,0,0,
FR-BBD3-PARENT-c0177,4-Chlorobiphenyl,scope_a_old83_compatible,envipath_prediction,10,SCORED,8,44,6,6,0.25,6.703125,0.8125,0.035955,0.235294,0.032193,1,43,7,0,0,0,
FR-BBD3-PARENT-c0233,Dichloromethane,scope_a_old83_compatible,envipath_prediction,10,SCORED,3,2,2,2,0.75,0,0.5,1.0,0.6,0.6,2,0,1,0,0,0, has_unreachable_true_nodes
FR-BBD3-PARENT-c0236,Dimethyl Sulfoxide,scope_a_old83_compatible,envipath_prediction,10,SCORED,4,1,3,1,0,0.5,1.125,0.0,0.0,0.0,0,1,4,0,0,0,
FR-BBD3-PARENT-c0245,2-Aminobenzenesulfonate,scope_a_old83_compatible,envipath_prediction,10,SCORED,2,96,2,6,0,7.984375,0.75,0.0,0.0,0.0,0,96,2,0,0,0,
FR-BBD3-PARENT-c0286,cis -3-Chloroacrylic acid,scope_a_old83_compatible,envipath_prediction,10,SCORED,2,18,2,5,0,3.625,0.75,0.0,0.0,0.0,0,18,2,0,0,0,
FR-BBD3-PARENT-c0288,"2,4-Dichlorophenoxyacetic acid",scope_a_old83_compatible,envipath_prediction,10,SCORED,18,36,6,6,0.75,4.140625,1.890625,0.153355,0.284024,0.110599,2,34,16,0,0,0, has_unreachable_true_nodes
FR-BBD3-PARENT-c0345,2-Aminobenzoate,scope_a_old83_compatible,envipath_prediction,10,SCORED,4,119,2,6,0.5,11.890625,1.25,0.040353,0.285714,0.036655,1,118,3,0,0,0,
FR-BBD3-PARENT-c0352,1-Aminocyclopropane-1-carboxylate,scope_a_old83_compatible,envipath_prediction,10,SCORED,2,26,2,6,0,2.546875,0.75,0.0,0.0,0.0,0,26,2,0,0,0,
FR-BBD3-PARENT-c0367,Benzonitrile,scope_a_old83_compatible,envipath_prediction,10,SCORED,2,68,1,6,0,9.3125,1.0,0.0,0.0,0.0,0,68,2,0,0,0,
FR-BBD3-PARENT-c0371,Biphenyl,scope_a_old83_compatible,envipath_prediction,10,SCORED,5,24,4,4,0.25,4.9375,0.75,0.048193,0.25,0.042105,1,23,4,0,0,0,
FR-BBD3-PARENT-c0375,p -Cymene,scope_a_old83_compatible,envipath_prediction,10,SCORED,6,32,6,3,0.75,5.875,0.234375,0.113208,0.761905,0.109339,2,30,4,0,0,0, has_unreachable_true_nodes
FR-BBD3-PARENT-c0388,Fluorene,scope_a_old83_compatible,envipath_prediction,10,SCORED,24,2,6,2,0.75,0,3.0625,1.0,0.196721,0.196721,2,0,22,0,0,0, has_unreachable_true_nodes
FR-BBD3-PARENT-c0407,(+)-Camphor,scope_a_old83_compatible,envipath_prediction,10,SCORED,7,31,6,3,0.75,7.875,0.25,0.086957,0.75,0.084507,2,29,5,0,0,0,
FR-BBD3-PARENT-c0426,Dibenzo-p-dioxin,scope_a_old83_compatible,envipath_prediction,10,SCORED,4,92,3,6,0.625,4.421875,0.375,0.123839,0.625,0.115274,2,90,2,0,0,0,
FR-BBD3-PARENT-c0432,epsilon -Caprolactam,scope_a_old83_compatible,envipath_prediction,10,SCORED,2,29,2,3,0,5.75,0.75,0.0,0.0,0.0,0,29,2,0,0,0,
FR-BBD3-PARENT-c0444,Carbazole,scope_a_old83_compatible,envipath_prediction,10,NO_PREDICTION,4,0,3,0,0,0,1.0,0.0,0.0,0.0,0,0,4,0,0,0,no_prediction_after_topk
FR-BBD3-PARENT-c0480,Bromoxynil,scope_a_old83_compatible,envipath_prediction,10,SCORED,7,24,4,4,0.5,3.5,1.6875,0.125,0.228571,0.087912,1,23,6,0,0,0,
FR-BBD3-PARENT-c0486,Carbon Tetrachloride,scope_a_old83_compatible,envipath_prediction,10,SCORED,6,4,4,4,0.9375,0,1.0,1.0,0.483871,0.483871,4,0,2,0,0,0,
FR-BBD3-PARENT-c0526,Acetylene,scope_a_old83_compatible,envipath_prediction,10,SCORED,5,10,3,5,1.375,0.96875,0.125,0.586667,0.916667,0.556962,4,6,1,0,0,0,
FR-BBD3-PARENT-c0563,Dodecyl sulfate,scope_a_old83_compatible,envipath_prediction,10,SCORED,4,24,4,3,0.75,5.875,0.1875,0.113208,0.8,0.110092,2,22,2,0,0,0,
FR-BBD3-PARENT-c0593,"1,4-Dichlorobenzene",scope_a_old83_compatible,envipath_prediction,10,SCORED,5,16,4,5,0.5,1.59375,0.9375,0.238806,0.347826,0.164948,1,15,4,0,0,0,
FR-BBD3-PARENT-c0597,Cyanamide,scope_a_old83_compatible,envipath_prediction,10,SCORED,1,3,1,2,0.5,0.5,0,0.5,1.0,0.5,1,2,0,0,0,0,
FR-BBD3-PARENT-c0604,Adamantanone,scope_a_old83_compatible,envipath_prediction,10,SCORED,3,29,2,4,1.25,3.875,0,0.243902,1.0,0.243902,3,26,0,0,0,0,
FR-BBD3-PARENT-c0612,"cis -1,3-Dichloropropene",scope_a_old83_compatible,envipath_prediction,10,SCORED,3,46,3,6,0.75,4.921875,0.125,0.132231,0.857143,0.12938,2,44,1,0,0,0,
FR-BBD3-PARENT-c0626,Limonene,scope_a_old83_compatible,envipath_prediction,10,SCORED,12,33,6,2,2.25,8.0,0.859375,0.219512,0.723618,0.202532,5,27,7,1,0,0, has_unreachable_true_nodes
FR-BBD3-PARENT-c0639,"Hexahydro-1,3,5-trinitro-1,3,5-triazine",scope_a_old83_compatible,envipath_prediction,10,SCORED,15,29,5,4,1.875,2.0625,1.90625,0.47619,0.495868,0.320856,8,21,7,0,0,0,
FR-BBD3-PARENT-c0653,2-Chloro-N-isopropylacetanilide,scope_a_old83_compatible,envipath_prediction,10,SCORED,7,36,2,4,2.25,8.3125,0.25,0.213018,0.9,0.208092,6,30,1,0,0,0,
FR-BBD3-PARENT-c0689,Cyclohexylsulfamate,scope_a_old83_compatible,envipath_prediction,10,SCORED,2,38,2,6,0.75,4.96875,0,0.131148,1.0,0.131148,2,36,0,0,0,0,
FR-BBD3-PARENT-c0691,Dimethylphosphinate,scope_a_old83_compatible,envipath_prediction,10,SCORED,2,2,2,1,0,1.0,0.75,0.0,0.0,0.0,0,2,2,0,0,0,
FR-BBD3-PARENT-c0694,4-Hydroxyacetophenone,scope_a_old83_compatible,envipath_prediction,10,SCORED,3,11,2,4,0.75,1.5,0.25,0.333333,0.75,0.3,2,9,1,0,0,0,
FR-BBD3-PARENT-c0764,Bisphenol A,scope_a_old83_compatible,envipath_prediction,10,SCORED,16,25,5,4,2.75,2.5625,1.0,0.517647,0.733333,0.435644,8,17,8,0,0,0,
FR-BBD3-PARENT-c0765,"2,4-Dichloroaniline",scope_a_old83_compatible,envipath_prediction,10,SCORED,2,30,2,4,0.75,3.3125,0,0.184615,1.0,0.184615,2,28,0,0,0,0,
FR-BBD3-PARENT-c0865,"2,4-Dichlorotoluene",scope_a_old83_compatible,envipath_prediction,10,SCORED,9,53,6,6,0,5.0625,1.09375,0.0,0.0,0.0,0,53,9,0,0,0, has_unreachable_true_nodes
FR-BBD3-PARENT-c0897,Benzyl sulfide,scope_a_old83_compatible,envipath_prediction,10,SCORED,5,30,2,2,1.0,8.25,1.0,0.108108,0.5,0.097561,2,28,3,0,0,0,
FR-BBD3-PARENT-c0908,N-Cyclohexylisocyanide,scope_a_old83_compatible,envipath_prediction,10,SCORED,3,31,2,5,0,4.53125,1.0,0.0,0.0,0.0,0,31,3,0,0,0,
FR-BBD3-PARENT-c0939,Hypophosphite,scope_a_old83_compatible,envipath_prediction,10,NO_PREDICTION,2,0,2,0,0,0,0.75,0.0,0.0,0.0,0,0,2,0,0,0,no_prediction_after_topk
FR-BBD3-PARENT-c0941,Cyclohexane,scope_a_old83_compatible,envipath_prediction,10,SCORED,6,20,6,6,0.875,1.28125,0.109375,0.405797,0.888889,0.386207,3,17,3,0,0,0, has_unreachable_true_nodes
FR-BBD3-PARENT-c0946,Branched-chain dodecylbenzene sulfonate,scope_a_old83_compatible,envipath_prediction,10,SCORED,4,31,3,3,0.5,7.75,0.625,0.060606,0.444444,0.056338,1,30,3,0,0,0,
FR-BBD3-PARENT-c0991,Anthracene,scope_a_old83_compatible,envipath_prediction,10,SCORED,10,1,5,1,0.25,0,2.28125,1.0,0.098765,0.098765,1,0,9,0,0,0,
FR-BBD3-PARENT-c1013,Citronellol,scope_a_old83_compatible,envipath_prediction,10,SCORED,6,30,6,3,0.5,7.25,0.484375,0.064516,0.507937,0.060721,1,29,5,0,0,0, has_unreachable_true_nodes
FR-BBD3-PARENT-c1019,2-Mercaptobenzothiazole,scope_a_old83_compatible,envipath_prediction,10,SCORED,11,3,4,2,0.5,0.25,3.4375,0.666667,0.126984,0.119403,1,1,10,1,0,0,
FR-BBD3-PARENT-c1039,4-Fluorobenzoate,scope_a_old83_compatible,envipath_prediction,10,SCORED,7,28,5,4,0.25,4.4375,1.46875,0.053333,0.145455,0.040609,1,27,6,0,0,0,
FR-BBD3-PARENT-c1043,Geraniol,scope_a_old83_compatible,envipath_prediction,10,SCORED,3,82,3,6,0.5,9.296875,0.375,0.051037,0.571429,0.049155,1,81,2,0,0,0,
FR-BBD3-PARENT-c1066,"(-)-(1 R ,2 S ,5 R )-Menthol",scope_a_old83_compatible,envipath_prediction,10,SCORED,5,32,5,2,0.5,9.5,0.46875,0.05,0.516129,0.047761,1,31,4,0,0,0,
FR-BBD3-PARENT-c1072,3-Fluorobenzoate,scope_a_old83_compatible,envipath_prediction,10,SCORED,5,45,3,6,0.5,4.78125,1.125,0.094675,0.307692,0.078049,2,43,3,0,0,0,
FR-BBD3-PARENT-c1078,Isooctane,scope_a_old83_compatible,envipath_prediction,10,SCORED,6,30,6,4,0.75,4.0625,0.234375,0.155844,0.761905,0.148607,2,28,4,0,0,0, has_unreachable_true_nodes
FR-BBD3-PARENT-c1094,Caffeine,scope_a_old83_compatible,envipath_prediction,10,SCORED,15,16,3,4,3.5,1.0625,0.625,0.767123,0.848485,0.674699,11,5,4,0,0,0,
FR-BBD3-PARENT-c1161,Isoniazid,scope_a_old83_compatible,envipath_prediction,10,SCORED,11,8,5,4,0,2.3125,2.1875,0.0,0.0,0.0,0,8,11,0,0,0,
FR-BBD3-PARENT-c1182,Furfural,scope_a_old83_compatible,envipath_prediction,10,SCORED,5,15,4,5,0,2.28125,1.4375,0.0,0.0,0.0,0,15,5,0,0,0,
FR-BBD3-PARENT-c1188,Endosulfan,scope_a_old83_compatible,envipath_prediction,10,SCORED,9,29,3,2,0.5,8.25,2.875,0.057143,0.148148,0.043011,1,28,8,0,0,0,
FR-BBD3-PARENT-c1201,4-Hydroxypyridine,scope_a_old83_compatible,envipath_prediction,10,NO_PREDICTION,6,0,5,0,0,0,1.09375,0.0,0.0,0.0,0,0,6,0,0,0,no_prediction_after_topk
FR-BBD3-PARENT-c1263,Asulam,scope_a_old83_compatible,envipath_prediction,10,SCORED,8,11,6,3,0.5,3.5,0.671875,0.125,0.426667,0.107023,1,10,7,0,0,0,
FR-BBD3-PARENT-c1266,Bisphenol F,scope_a_old83_compatible,envipath_prediction,10,SCORED,5,2,4,2,0.75,0,0.25,1.0,0.75,0.75,2,0,3,0,0,0,
FR-BBD3-PARENT-c1267,Dimethyl isophthalate,scope_a_old83_compatible,envipath_prediction,10,SCORED,4,4,4,2,0,1.5,0.9375,0.0,0.0,0.0,0,4,4,0,0,0,
FR-BBD3-PARENT-c1285,Carbofuran,scope_a_old83_compatible,envipath_prediction,10,SCORED,8,30,2,3,2.5,5.25,1.0,0.322581,0.714286,0.285714,6,24,2,0,0,0,
FR-BBD3-PARENT-c1296,Metamitron,scope_a_old83_compatible,envipath_prediction,10,SCORED,7,45,4,6,0.25,9.171875,1.5,0.026534,0.142857,0.02289,1,44,6,0,0,0,
FR-BBD3-PARENT-c1313,"2,4-Dinitrotoluene",scope_a_old83_compatible,envipath_prediction,10,SCORED,8,61,5,4,1.75,10.1875,0.46875,0.146597,0.788732,0.141058,4,57,4,0,0,0,
FR-BBD3-PARENT-c1350,"3,3'-Dithiodipropionate",scope_a_old83_compatible,envipath_prediction,10,SCORED,4,26,4,5,0,4.28125,0.9375,0.0,0.0,0.0,0,26,4,0,0,0,
FR-BBD3-PARENT-c1352,"N,N-Diethyl-m-toluamide",scope_a_old83_compatible,envipath_prediction,10,SCORED,8,27,3,5,2.25,5.46875,0.625,0.291498,0.782609,0.269663,6,21,2,0,0,0,
FR-BBD3-PARENT-c1354,"1,4-Dioxane",scope_a_old83_compatible,envipath_prediction,10,SCORED,8,30,4,5,1.0625,2.65625,0.625,0.285714,0.62963,0.244604,3,25,5,2,0,0,
FR-BBD3-PARENT-c1383,Benzothiophene,scope_a_old83_compatible,envipath_prediction,10,SCORED,5,19,4,5,0,2.90625,1.0,0.0,0.0,0.0,0,19,5,0,0,0,
FR-BBD3-PARENT-c1391,Cinnamate,scope_a_old83_compatible,envipath_prediction,10,SCORED,5,59,4,6,0,6.234375,1.0,0.0,0.0,0.0,0,59,5,0,0,0,
FR-BBD3-PARENT-c1412,Ketoprofen,scope_a_old83_compatible,envipath_prediction,10,SCORED,1,37,1,5,0,10.4375,0.5,0.0,0.0,0.0,0,37,1,0,0,0,
FR-BBD3-PARENT-c1441,Alachlor,scope_a_old83_compatible,envipath_prediction,10,SCORED,15,51,4,5,2.5,8.78125,1.75,0.221607,0.588235,0.191847,6,44,9,1,0,0,
FR-BBD3-PARENT-c1457,Malathion,scope_a_old83_compatible,envipath_prediction,10,SCORED,20,37,6,6,1.6875,8.609375,2.515625,0.163885,0.401487,0.131707,5,32,15,0,0,0, has_unreachable_true_nodes
FR-BBD3-PARENT-c1481,Methamidophos,scope_a_old83_compatible,envipath_prediction,10,SCORED,6,18,3,4,0.5,4.5625,1.125,0.098765,0.307692,0.080808,2,16,4,0,0,0,
FR-BBD3-PARENT-c1524,Diazepam,scope_a_old83_compatible,envipath_prediction,10,SCORED,3,34,2,2,1.25,9.25,0,0.119048,1.0,0.119048,3,31,0,0,0,0,
FR-BBD3-PARENT-c1531,Acenaphthylene,scope_a_old83_compatible,envipath_prediction,10,SCORED,5,30,5,6,0.75,2.546875,0.21875,0.227488,0.774194,0.213333,2,28,3,0,0,0,
FR-BBD3-PARENT-c1549,"1,5-Anhydro-D-fructose",scope_a_old83_compatible,envipath_prediction,10,SCORED,8,29,4,2,0,8.75,2.0,0.0,0.0,0.0,0,29,8,0,0,0,
FR-BBD3-PARENT-c1586,Atenolol,scope_a_old83_compatible,envipath_prediction,10,SCORED,1,33,1,4,0,9.5,0.5,0.0,0.0,0.0,0,33,1,0,0,0,
FR-BBD3-CAND-c0620,trans-3-Chloroacrylic acid,scope_b_v0_3_candidate,envipath_prediction,10,SCORED,2,18,2,5,0,3.625,0.75,0.0,0.0,0.0,0,18,2,0,0,0,
FR-BBD3-CAND-c0611,"trans-1,3-Dichloropropene",scope_b_v0_3_candidate,envipath_prediction,10,SCORED,3,46,3,6,0.75,4.921875,0.125,0.132231,0.857143,0.12938,2,44,1,0,0,0,
FR-BBD3-CAND-c0282,3-Hydroxytoluene (m-Cresol),scope_b_v0_3_candidate,envipath_prediction,10,SCORED,5,31,4,6,0.75,4.296875,0.25,0.148607,0.75,0.141593,2,29,3,0,0,0,
FR-BBD3-CAND-c0257,Cyromazine (N-Cyclopropylmelamine),scope_b_v0_3_candidate,envipath_prediction,10,SCORED,4,25,3,6,1.0,2.546875,0,0.281938,1.0,0.281938,4,21,0,0,0,0,
FR-BBD3-CAND-c1376,"2,6-Dichlorobenzonitrile (Dichlobenil)",scope_b_v0_3_candidate,envipath_prediction,10,SCORED,5,50,4,6,0,5.125,1.1875,0.0,0.0,0.0,0,50,5,0,0,0,
FR-BBD3-CAND-c0971,Fosfomycin,scope_b_v0_3_candidate,envipath_prediction,10,SCORED,3,11,1,5,0.5,1.78125,1.0,0.219178,0.333333,0.152381,1,10,2,0,0,0,
FR-BBD3-CAND-c0141,gamma-Hexachlorocyclohexane,scope_b_v0_3_candidate,envipath_prediction,10,SCORED,9,27,6,3,0,5.0,1.546875,0.0,0.0,0.0,0,27,9,0,0,0, has_unreachable_true_nodes
FR-BBD3-CAND-c1570,"(R,R)-Iminodisuccinate",scope_b_v0_3_candidate,envipath_prediction,10,SCORED,2,33,1,4,0,7.875,1.0,0.0,0.0,0.0,0,33,2,0,0,0,
FR-BBD3-CAND-c0347,Methanesulfonate,scope_b_v0_3_candidate,envipath_prediction,10,SCORED,2,2,1,1,0.5,0.5,0.5,0.5,0.5,0.333333,1,1,1,0,0,0,
FR-BBD3-PARENT-c0001,"1,2-Dichloroethane",scope_a_old83_compatible,eclipse_predec,1,SCORED,4,3,4,3,0,0.875,0.9375,0.0,0.0,0.0,0,3,4,0,46,0,
FR-BBD3-PARENT-c0002,Atrazine,scope_a_old83_compatible,eclipse_predec,1,SCORED,11,2,4,2,0.5,0.25,2.4375,0.666667,0.170213,0.156863,1,1,10,0,38,0,
FR-BBD3-PARENT-c0006,Gallate,scope_a_old83_compatible,eclipse_predec,1,SCORED,7,4,6,4,0,0.9375,1.484375,0.0,0.0,0.0,0,4,7,0,52,0, has_unreachable_true_nodes
FR-BBD3-PARENT-c0018,"1,3-Dichloro-2-propanol",scope_a_old83_compatible,eclipse_predec,1,SCORED,4,4,4,4,0,0.9375,0.9375,0.0,0.0,0.0,0,4,4,0,36,0,
FR-BBD3-PARENT-c0039,Dibenzofuran,scope_a_old83_compatible,eclipse_predec,1,SCORED,4,5,3,5,0,0.96875,1.0,0.0,0.0,0.0,0,5,4,0,51,0,
FR-BBD3-PARENT-c0116,Ethylbenzene,scope_a_old83_compatible,eclipse_predec,1,SCORED,16,2,6,2,0,0.75,2.6875,0.0,0.0,0.0,0,2,16,0,42,0,
FR-BBD3-PARENT-c0118,Dibenzothiophene,scope_a_old83_compatible,eclipse_predec,1,SCORED,6,3,4,3,0,0.875,1.6875,0.0,0.0,0.0,0,3,6,0,41,0,
FR-BBD3-PARENT-c0121,Benzoate,scope_a_old83_compatible,eclipse_predec,1,SCORED,14,3,6,3,0,0.875,2.734375,0.0,0.0,0.0,0,3,14,0,56,0, has_unreachable_true_nodes
FR-BBD3-PARENT-c0134,Glyphosate,scope_a_old83_compatible,eclipse_predec,1,SCORED,5,4,3,4,0.5,0.4375,1.375,0.533333,0.266667,0.216216,1,3,4,0,40,0,
FR-BBD3-PARENT-c0139,"beta -1,2,3,4,5,6-Hexachlorocyclohexane",scope_a_old83_compatible,eclipse_predec,1,SCORED,6,4,4,4,0,0.9375,1.6875,0.0,0.0,0.0,0,4,6,0,49,0,
FR-BBD3-PARENT-c0148,Acrylonitrile,scope_a_old83_compatible,eclipse_predec,1,SCORED,5,5,4,5,1.0625,0.09375,0.375,0.918919,0.73913,0.693878,3,2,2,0,25,0,
FR-BBD3-PARENT-c0153,( R )-Mandelate,scope_a_old83_compatible,eclipse_predec,1,SCORED,2,6,2,6,0.5,0.484375,0.25,0.507937,0.666667,0.405063,1,5,1,0,54,0,
FR-BBD3-PARENT-c0163,Cyanuric acid,scope_a_old83_compatible,eclipse_predec,1,SCORED,2,6,2,6,0,0.984375,0.75,0.0,0.0,0.0,0,6,2,0,30,0,
FR-BBD3-PARENT-c0177,4-Chlorobiphenyl,scope_a_old83_compatible,eclipse_predec,1,SCORED,8,6,6,6,0.875,0.109375,0.1875,0.888889,0.823529,0.746667,3,3,5,0,60,0,
FR-BBD3-PARENT-c0233,Dichloromethane,scope_a_old83_compatible,eclipse_predec,1,SCORED,3,5,2,5,0.5,0.46875,0.75,0.516129,0.4,0.290909,1,4,2,0,33,0, has_unreachable_true_nodes
FR-BBD3-PARENT-c0236,Dimethyl Sulfoxide,scope_a_old83_compatible,eclipse_predec,1,SCORED,4,4,3,4,0.25,0.4375,0.875,0.363636,0.222222,0.16,1,3,3,0,53,0,
FR-BBD3-PARENT-c0245,2-Aminobenzenesulfonate,scope_a_old83_compatible,eclipse_predec,1,SCORED,2,5,2,5,0,0.96875,0.75,0.0,0.0,0.0,0,5,2,0,53,0,
FR-BBD3-PARENT-c0286,cis -3-Chloroacrylic acid,scope_a_old83_compatible,eclipse_predec,1,SCORED,2,3,2,3,0,0.875,0.75,0.0,0.0,0.0,0,3,2,0,45,0,
FR-BBD3-PARENT-c0288,"2,4-Dichlorophenoxyacetic acid",scope_a_old83_compatible,eclipse_predec,1,SCORED,18,6,6,6,0.6875,0,1.953125,1.0,0.260355,0.260355,3,0,15,3,55,0, has_unreachable_true_nodes
FR-BBD3-PARENT-c0345,2-Aminobenzoate,scope_a_old83_compatible,eclipse_predec,1,SCORED,4,2,2,2,0,0.75,1.75,0.0,0.0,0.0,0,2,4,0,58,0,
FR-BBD3-PARENT-c0352,1-Aminocyclopropane-1-carboxylate,scope_a_old83_compatible,eclipse_predec,1,SCORED,2,6,2,6,0,0.984375,0.75,0.0,0.0,0.0,0,6,2,0,48,0,
FR-BBD3-PARENT-c0367,Benzonitrile,scope_a_old83_compatible,eclipse_predec,1,SCORED,2,4,1,4,0.5,0.4375,0.5,0.533333,0.5,0.347826,1,3,1,0,50,0,
FR-BBD3-PARENT-c0371,Biphenyl,scope_a_old83_compatible,eclipse_predec,1,SCORED,5,3,4,3,0,0.875,1.0,0.0,0.0,0.0,0,3,5,0,56,0,
FR-BBD3-PARENT-c0375,p -Cymene,scope_a_old83_compatible,eclipse_predec,1,SCORED,6,5,6,5,0.375,0.21875,0.609375,0.631579,0.380952,0.311688,2,3,4,0,54,0, has_unreachable_true_nodes
FR-BBD3-PARENT-c0388,Fluorene,scope_a_old83_compatible,eclipse_predec,1,SCORED,24,6,6,6,0.75,0.234375,3.0625,0.761905,0.196721,0.185328,2,4,22,0,50,0, has_unreachable_true_nodes
FR-BBD3-PARENT-c0407,(+)-Camphor,scope_a_old83_compatible,eclipse_predec,1,SCORED,7,3,6,3,0,0.875,1.0,0.0,0.0,0.0,0,3,7,0,60,0,
FR-BBD3-PARENT-c0426,Dibenzo-p-dioxin,scope_a_old83_compatible,eclipse_predec,1,SCORED,4,3,3,3,0,0.875,1.0,0.0,0.0,0.0,0,3,4,0,63,0,
FR-BBD3-PARENT-c0432,epsilon -Caprolactam,scope_a_old83_compatible,eclipse_predec,1,SCORED,2,3,2,3,0.5,0.375,0.25,0.571429,0.666667,0.444444,1,2,1,0,39,0,
FR-BBD3-PARENT-c0444,Carbazole,scope_a_old83_compatible,eclipse_predec,1,SCORED,4,6,3,6,0,0.984375,1.0,0.0,0.0,0.0,0,6,4,0,53,0,
FR-BBD3-PARENT-c0480,Bromoxynil,scope_a_old83_compatible,eclipse_predec,1,SCORED,7,3,4,3,0.5,0.375,1.6875,0.571429,0.228571,0.195122,1,2,6,0,37,0,
FR-BBD3-PARENT-c0486,Carbon Tetrachloride,scope_a_old83_compatible,eclipse_predec,1,SCORED,6,2,4,2,0.5,0.25,1.4375,0.666667,0.258065,0.228571,1,1,5,0,30,0,
FR-BBD3-PARENT-c0526,Acetylene,scope_a_old83_compatible,eclipse_predec,1,SCORED,5,3,3,3,0,0.875,1.5,0.0,0.0,0.0,0,3,5,0,35,0,
FR-BBD3-PARENT-c0563,Dodecyl sulfate,scope_a_old83_compatible,eclipse_predec,1,SCORED,4,4,4,4,0.875,0.0625,0.0625,0.933333,0.933333,0.875,3,1,1,0,32,0,
FR-BBD3-PARENT-c0593,"1,4-Dichlorobenzene",scope_a_old83_compatible,eclipse_predec,1,SCORED,5,6,4,6,0,0.984375,1.4375,0.0,0.0,0.0,0,6,5,0,56,0,
FR-BBD3-PARENT-c0597,Cyanamide,scope_a_old83_compatible,eclipse_predec,1,SCORED,1,4,1,4,0.5,0.4375,0,0.533333,1.0,0.533333,1,3,0,0,37,0,
FR-BBD3-PARENT-c0604,Adamantanone,scope_a_old83_compatible,eclipse_predec,1,SCORED,3,2,2,2,0,0.75,1.25,0.0,0.0,0.0,0,2,3,0,100,0,
FR-BBD3-PARENT-c0612,"cis -1,3-Dichloropropene",scope_a_old83_compatible,eclipse_predec,1,SCORED,3,5,3,5,0.875,0.09375,0,0.903226,1.0,0.903226,3,2,0,0,41,0,
FR-BBD3-PARENT-c0626,Limonene,scope_a_old83_compatible,eclipse_predec,1,SCORED,12,3,6,3,0.125,0.625,2.984375,0.166667,0.040201,0.033473,1,2,11,0,87,0, has_unreachable_true_nodes
FR-BBD3-PARENT-c0639,"Hexahydro-1,3,5-trinitro-1,3,5-triazine",scope_a_old83_compatible,eclipse_predec,1,SCORED,15,6,5,6,0,0.984375,3.78125,0.0,0.0,0.0,0,6,15,0,37,0,
FR-BBD3-PARENT-c0653,2-Chloro-N-isopropylacetanilide,scope_a_old83_compatible,eclipse_predec,1,SCORED,7,4,2,4,0,0.9375,2.5,0.0,0.0,0.0,0,4,7,0,40,0,
FR-BBD3-PARENT-c0689,Cyclohexylsulfamate,scope_a_old83_compatible,eclipse_predec,1,SCORED,2,4,2,4,0.75,0.1875,0,0.8,1.0,0.8,2,2,0,0,52,0,
FR-BBD3-PARENT-c0691,Dimethylphosphinate,scope_a_old83_compatible,eclipse_predec,1,SCORED,2,2,2,2,0,0.75,0.75,0.0,0.0,0.0,0,2,2,0,40,0,
FR-BBD3-PARENT-c0694,4-Hydroxyacetophenone,scope_a_old83_compatible,eclipse_predec,1,SCORED,3,5,2,5,0,0.96875,1.0,0.0,0.0,0.0,0,5,3,0,46,0,
FR-BBD3-PARENT-c0764,Bisphenol A,scope_a_old83_compatible,eclipse_predec,1,SCORED,16,4,5,4,0,0.9375,3.75,0.0,0.0,0.0,0,4,16,0,33,0,
FR-BBD3-PARENT-c0765,"2,4-Dichloroaniline",scope_a_old83_compatible,eclipse_predec,1,SCORED,2,3,2,3,0,0.875,0.75,0.0,0.0,0.0,0,3,2,0,41,0,
FR-BBD3-PARENT-c0865,"2,4-Dichlorotoluene",scope_a_old83_compatible,eclipse_predec,1,SCORED,9,2,6,2,0,0.75,1.09375,0.0,0.0,0.0,0,2,9,0,44,0, has_unreachable_true_nodes
FR-BBD3-PARENT-c0897,Benzyl sulfide,scope_a_old83_compatible,eclipse_predec,1,SCORED,5,3,2,3,0.75,0.125,1.25,0.857143,0.375,0.352941,2,1,3,0,37,0,
FR-BBD3-PARENT-c0908,N-Cyclohexylisocyanide,scope_a_old83_compatible,eclipse_predec,1,SCORED,3,5,2,5,0.25,0.46875,0.75,0.347826,0.25,0.170213,1,4,2,0,48,0,
FR-BBD3-PARENT-c0939,Hypophosphite,scope_a_old83_compatible,eclipse_predec,1,SCORED,2,3,2,3,0.25,0.625,0.5,0.285714,0.333333,0.181818,1,2,1,0,45,0,
FR-BBD3-PARENT-c0941,Cyclohexane,scope_a_old83_compatible,eclipse_predec,1,SCORED,6,6,6,6,0.96875,0.015625,0.015625,0.984127,0.984127,0.96875,5,1,1,0,54,0, has_unreachable_true_nodes
FR-BBD3-PARENT-c0946,Branched-chain dodecylbenzene sulfonate,scope_a_old83_compatible,eclipse_predec,1,SCORED,4,2,3,2,0.5,0.25,0.625,0.666667,0.444444,0.363636,1,1,3,0,54,0,
FR-BBD3-PARENT-c0991,Anthracene,scope_a_old83_compatible,eclipse_predec,1,SCORED,10,3,5,3,0.75,0.125,1.78125,0.857143,0.296296,0.282353,2,1,8,0,45,0,
FR-BBD3-PARENT-c1013,Citronellol,scope_a_old83_compatible,eclipse_predec,1,SCORED,6,5,6,5,0.5,0.46875,0.484375,0.516129,0.507937,0.344086,1,4,5,0,43,0, has_unreachable_true_nodes
FR-BBD3-PARENT-c1019,2-Mercaptobenzothiazole,scope_a_old83_compatible,eclipse_predec,1,SCORED,11,3,4,3,0.375,0.125,3.5625,0.75,0.095238,0.092308,2,1,9,0,44,0,
FR-BBD3-PARENT-c1039,4-Fluorobenzoate,scope_a_old83_compatible,eclipse_predec,1,SCORED,7,6,5,6,0,0.984375,1.71875,0.0,0.0,0.0,0,6,7,0,61,0,
FR-BBD3-PARENT-c1043,Geraniol,scope_a_old83_compatible,eclipse_predec,1,SCORED,3,4,3,4,0.75,0.1875,0.125,0.8,0.857143,0.705882,2,2,1,0,39,0,
FR-BBD3-PARENT-c1066,"(-)-(1 R ,2 S ,5 R )-Menthol",scope_a_old83_compatible,eclipse_predec,1,SCORED,5,1,5,1,0.5,0,0.46875,1.0,0.516129,0.516129,1,0,4,0,66,0,
FR-BBD3-PARENT-c1072,3-Fluorobenzoate,scope_a_old83_compatible,eclipse_predec,1,SCORED,5,3,3,3,0,0.875,1.625,0.0,0.0,0.0,0,3,5,0,51,0,
FR-BBD3-PARENT-c1078,Isooctane,scope_a_old83_compatible,eclipse_predec,1,SCORED,6,2,6,2,0,0.75,0.984375,0.0,0.0,0.0,0,2,6,0,36,0, has_unreachable_true_nodes
FR-BBD3-PARENT-c1094,Caffeine,scope_a_old83_compatible,eclipse_predec,1,SCORED,15,3,3,3,0.5,0.375,3.625,0.571429,0.121212,0.111111,1,2,14,0,35,0,
FR-BBD3-PARENT-c1161,Isoniazid,scope_a_old83_compatible,eclipse_predec,1,SCORED,11,4,5,4,0.75,0.1875,1.4375,0.8,0.342857,0.315789,2,2,9,0,34,0,
FR-BBD3-PARENT-c1182,Furfural,scope_a_old83_compatible,eclipse_predec,1,SCORED,5,2,4,2,0.5,0.25,0.9375,0.666667,0.347826,0.296296,1,1,4,0,45,0,
FR-BBD3-PARENT-c1188,Endosulfan,scope_a_old83_compatible,eclipse_predec,1,SCORED,9,6,3,6,1.125,0.171875,2.25,0.86747,0.333333,0.317181,3,3,6,0,57,0,
FR-BBD3-PARENT-c1201,4-Hydroxypyridine,scope_a_old83_compatible,eclipse_predec,1,SCORED,6,6,5,6,0,0.984375,1.09375,0.0,0.0,0.0,0,6,6,0,55,0,
FR-BBD3-PARENT-c1263,Asulam,scope_a_old83_compatible,eclipse_predec,1,SCORED,8,5,6,5,0.5,0.46875,0.671875,0.516129,0.426667,0.304762,1,4,7,0,35,0,
FR-BBD3-PARENT-c1266,Bisphenol F,scope_a_old83_compatible,eclipse_predec,1,SCORED,5,4,4,4,0,0.9375,1.0,0.0,0.0,0.0,0,4,5,0,43,0,
FR-BBD3-PARENT-c1267,Dimethyl isophthalate,scope_a_old83_compatible,eclipse_predec,1,SCORED,4,4,4,4,0.25,0.4375,0.6875,0.363636,0.266667,0.181818,1,3,3,0,48,0,
FR-BBD3-PARENT-c1285,Carbofuran,scope_a_old83_compatible,eclipse_predec,1,SCORED,8,5,2,5,0.75,0.21875,2.75,0.774194,0.214286,0.201681,2,3,6,0,43,0,
FR-BBD3-PARENT-c1296,Metamitron,scope_a_old83_compatible,eclipse_predec,1,SCORED,7,6,4,6,0.0625,0.96875,1.6875,0.060606,0.035714,0.022989,1,5,6,0,50,0,
FR-BBD3-PARENT-c1313,"2,4-Dinitrotoluene",scope_a_old83_compatible,eclipse_predec,1,SCORED,8,6,5,6,0.25,0.484375,1.96875,0.340426,0.112676,0.092486,1,5,7,0,29,0,
FR-BBD3-PARENT-c1350,"3,3'-Dithiodipropionate",scope_a_old83_compatible,eclipse_predec,1,SCORED,4,2,4,2,0.5,0.25,0.4375,0.666667,0.533333,0.421053,1,1,3,0,38,0,
FR-BBD3-PARENT-c1352,"N,N-Diethyl-m-toluamide",scope_a_old83_compatible,eclipse_predec,1,SCORED,8,3,3,3,0.5,0.375,2.375,0.571429,0.173913,0.153846,1,2,7,0,46,0,
FR-BBD3-PARENT-c1354,"1,4-Dioxane",scope_a_old83_compatible,eclipse_predec,1,SCORED,8,2,4,2,0,0.75,1.6875,0.0,0.0,0.0,0,2,8,0,37,0,
FR-BBD3-PARENT-c1383,Benzothiophene,scope_a_old83_compatible,eclipse_predec,1,SCORED,5,4,4,4,0,0.9375,1.0,0.0,0.0,0.0,0,4,5,0,54,0,
FR-BBD3-PARENT-c1391,Cinnamate,scope_a_old83_compatible,eclipse_predec,1,SCORED,5,1,4,1,0,0.5,1.0,0.0,0.0,0.0,0,1,5,0,62,0,
FR-BBD3-PARENT-c1412,Ketoprofen,scope_a_old83_compatible,eclipse_predec,1,SCORED,1,3,1,3,0.5,0.375,0,0.571429,1.0,0.571429,1,2,0,0,54,0,
FR-BBD3-PARENT-c1441,Alachlor,scope_a_old83_compatible,eclipse_predec,1,SCORED,15,3,4,3,0.5,0.375,3.75,0.571429,0.117647,0.108108,1,2,14,0,33,0,
FR-BBD3-PARENT-c1457,Malathion,scope_a_old83_compatible,eclipse_predec,1,SCORED,20,4,6,4,0,0.9375,4.203125,0.0,0.0,0.0,0,4,20,0,41,0, has_unreachable_true_nodes
FR-BBD3-PARENT-c1481,Methamidophos,scope_a_old83_compatible,eclipse_predec,1,SCORED,6,3,3,3,0.125,0.625,1.5,0.166667,0.076923,0.055556,1,2,5,0,30,0,
FR-BBD3-PARENT-c1524,Diazepam,scope_a_old83_compatible,eclipse_predec,1,SCORED,3,6,2,6,0,0.984375,1.25,0.0,0.0,0.0,0,6,3,0,43,0,
FR-BBD3-PARENT-c1531,Acenaphthylene,scope_a_old83_compatible,eclipse_predec,1,SCORED,5,5,5,5,0,0.96875,0.96875,0.0,0.0,0.0,0,5,5,0,36,0,
FR-BBD3-PARENT-c1549,"1,5-Anhydro-D-fructose",scope_a_old83_compatible,eclipse_predec,1,SCORED,8,2,4,2,0,0.75,2.0,0.0,0.0,0.0,0,2,8,0,88,0,
FR-BBD3-PARENT-c1586,Atenolol,scope_a_old83_compatible,eclipse_predec,1,SCORED,1,3,1,3,0,0.875,0.5,0.0,0.0,0.0,0,3,1,0,33,0,
FR-BBD3-CAND-c0620,trans-3-Chloroacrylic acid,scope_b_v0_3_candidate,eclipse_predec,1,SCORED,2,3,2,3,0,0.875,0.75,0.0,0.0,0.0,0,3,2,0,43,0,
FR-BBD3-CAND-c0611,"trans-1,3-Dichloropropene",scope_b_v0_3_candidate,eclipse_predec,1,SCORED,3,6,3,6,0.875,0.109375,0,0.888889,1.0,0.888889,3,3,0,0,49,0,
FR-BBD3-CAND-c0282,3-Hydroxytoluene (m-Cresol),scope_b_v0_3_candidate,eclipse_predec,1,SCORED,5,3,4,3,0,0.875,1.0,0.0,0.0,0.0,0,3,5,0,52,0,
FR-BBD3-CAND-c0257,Cyromazine (N-Cyclopropylmelamine),scope_b_v0_3_candidate,eclipse_predec,1,SCORED,4,6,3,6,0,0.984375,1.0,0.0,0.0,0.0,0,6,4,0,41,0,
FR-BBD3-CAND-c1376,"2,6-Dichlorobenzonitrile (Dichlobenil)",scope_b_v0_3_candidate,eclipse_predec,1,SCORED,5,6,4,6,0.25,0.484375,0.9375,0.340426,0.210526,0.149533,1,5,4,0,43,0,
FR-BBD3-CAND-c0971,Fosfomycin,scope_b_v0_3_candidate,eclipse_predec,1,SCORED,3,4,1,4,0,0.9375,1.5,0.0,0.0,0.0,0,4,3,0,34,0,
FR-BBD3-CAND-c0141,gamma-Hexachlorocyclohexane,scope_b_v0_3_candidate,eclipse_predec,1,SCORED,9,5,6,5,0,0.96875,1.546875,0.0,0.0,0.0,0,5,9,0,54,0, has_unreachable_true_nodes
FR-BBD3-CAND-c1570,"(R,R)-Iminodisuccinate",scope_b_v0_3_candidate,eclipse_predec,1,SCORED,2,2,1,2,0.5,0.25,0.5,0.666667,0.5,0.4,1,1,1,0,62,0,
FR-BBD3-CAND-c0347,Methanesulfonate,scope_b_v0_3_candidate,eclipse_predec,1,SCORED,2,2,1,2,0,0.75,1.0,0.0,0.0,0.0,0,2,2,0,35,0,
FR-BBD3-PARENT-c0001,"1,2-Dichloroethane",scope_a_old83_compatible,eclipse_predec,3,SCORED,4,20,4,3,0,4.75,0.9375,0.0,0.0,0.0,0,20,4,0,46,0,
FR-BBD3-PARENT-c0002,Atrazine,scope_a_old83_compatible,eclipse_predec,3,SCORED,11,75,4,6,0.9375,5.859375,2.0,0.137931,0.319149,0.106572,4,71,7,0,38,0,
FR-BBD3-PARENT-c0006,Gallate,scope_a_old83_compatible,eclipse_predec,3,SCORED,7,62,6,6,0,7.484375,1.484375,0.0,0.0,0.0,0,62,7,0,52,0, has_unreachable_true_nodes
FR-BBD3-PARENT-c0018,"1,3-Dichloro-2-propanol",scope_a_old83_compatible,eclipse_predec,3,SCORED,4,64,4,6,0.3125,6.265625,0.625,0.047506,0.333333,0.043384,2,62,2,0,36,0,
FR-BBD3-PARENT-c0039,Dibenzofuran,scope_a_old83_compatible,eclipse_predec,3,SCORED,4,46,3,6,0.125,5.796875,0.875,0.021108,0.125,0.018391,1,45,3,0,51,0,
FR-BBD3-PARENT-c0116,Ethylbenzene,scope_a_old83_compatible,eclipse_predec,3,SCORED,16,26,6,5,0.375,4.53125,2.3125,0.076433,0.139535,0.051948,2,24,14,0,42,0,
FR-BBD3-PARENT-c0118,Dibenzothiophene,scope_a_old83_compatible,eclipse_predec,3,SCORED,6,67,4,6,0.9375,5.265625,0.75,0.151134,0.555556,0.134831,4,63,2,0,41,0,
FR-BBD3-PARENT-c0121,Benzoate,scope_a_old83_compatible,eclipse_predec,3,SCORED,14,53,6,6,0.75,5.390625,1.984375,0.122137,0.274286,0.092308,2,51,12,0,56,0, has_unreachable_true_nodes
FR-BBD3-PARENT-c0134,Glyphosate,scope_a_old83_compatible,eclipse_predec,3,SCORED,5,31,3,6,0.5,4.390625,1.375,0.102236,0.266667,0.0798,1,30,4,0,40,0,
FR-BBD3-PARENT-c0139,"beta -1,2,3,4,5,6-Hexachlorocyclohexane",scope_a_old83_compatible,eclipse_predec,3,SCORED,6,56,4,6,0,6.53125,1.6875,0.0,0.0,0.0,0,56,6,0,49,0,
FR-BBD3-PARENT-c0148,Acrylonitrile,scope_a_old83_compatible,eclipse_predec,3,SCORED,5,72,4,6,1.0625,5.546875,0.375,0.160757,0.73913,0.152125,3,69,2,0,25,0,
FR-BBD3-PARENT-c0153,( R )-Mandelate,scope_a_old83_compatible,eclipse_predec,3,SCORED,2,94,2,6,0.5,7.40625,0.25,0.063241,0.666667,0.061303,1,93,1,0,54,0,
FR-BBD3-PARENT-c0163,Cyanuric acid,scope_a_old83_compatible,eclipse_predec,3,SCORED,2,47,2,6,0,5.578125,0.75,0.0,0.0,0.0,0,47,2,0,30,0,
FR-BBD3-PARENT-c0177,4-Chlorobiphenyl,scope_a_old83_compatible,eclipse_predec,3,SCORED,8,65,6,6,0.875,5.734375,0.1875,0.132388,0.823529,0.128736,3,62,5,0,60,0,
FR-BBD3-PARENT-c0233,Dichloromethane,scope_a_old83_compatible,eclipse_predec,3,SCORED,3,45,2,6,0.5,5.09375,0.75,0.089385,0.4,0.078818,1,44,2,0,33,0, has_unreachable_true_nodes
FR-BBD3-PARENT-c0236,Dimethyl Sulfoxide,scope_a_old83_compatible,eclipse_predec,3,SCORED,4,78,3,6,1.0,6.1875,0.125,0.13913,0.888889,0.136752,3,75,1,0,53,0,
FR-BBD3-PARENT-c0245,2-Aminobenzenesulfonate,scope_a_old83_compatible,eclipse_predec,3,SCORED,2,66,2,6,0.75,6.234375,0,0.107383,1.0,0.107383,2,64,0,0,53,0,
FR-BBD3-PARENT-c0286,cis -3-Chloroacrylic acid,scope_a_old83_compatible,eclipse_predec,3,SCORED,2,55,2,6,0.5,5.5625,0.25,0.082474,0.666667,0.079208,1,54,1,0,45,0,
FR-BBD3-PARENT-c0288,"2,4-Dichlorophenoxyacetic acid",scope_a_old83_compatible,eclipse_predec,3,SCORED,18,34,6,6,0.96875,3.875,1.671875,0.2,0.366864,0.148681,5,27,13,2,55,0, has_unreachable_true_nodes
FR-BBD3-PARENT-c0345,2-Aminobenzoate,scope_a_old83_compatible,eclipse_predec,3,SCORED,4,52,2,6,0.5,5.078125,1.25,0.089636,0.285714,0.073227,1,51,3,0,58,0,
FR-BBD3-PARENT-c0352,1-Aminocyclopropane-1-carboxylate,scope_a_old83_compatible,eclipse_predec,3,SCORED,2,68,2,6,0,6.421875,0.75,0.0,0.0,0.0,0,68,2,0,48,0,
FR-BBD3-PARENT-c0367,Benzonitrile,scope_a_old83_compatible,eclipse_predec,3,SCORED,2,74,1,6,1.0,6.140625,0,0.140044,1.0,0.140044,2,72,0,0,50,0,
FR-BBD3-PARENT-c0371,Biphenyl,scope_a_old83_compatible,eclipse_predec,3,SCORED,5,40,4,6,0.875,4.546875,0.125,0.161383,0.875,0.157746,3,37,2,0,56,0,
FR-BBD3-PARENT-c0375,p -Cymene,scope_a_old83_compatible,eclipse_predec,3,SCORED,6,35,6,6,0.875,4.234375,0.109375,0.171254,0.888889,0.167665,3,32,3,0,54,0, has_unreachable_true_nodes
FR-BBD3-PARENT-c0388,Fluorene,scope_a_old83_compatible,eclipse_predec,3,SCORED,24,64,6,6,0.78125,4.28125,3.03125,0.154321,0.204918,0.096525,4,60,20,0,50,0, has_unreachable_true_nodes
FR-BBD3-PARENT-c0407,(+)-Camphor,scope_a_old83_compatible,eclipse_predec,3,SCORED,7,75,6,6,0,7.671875,1.0,0.0,0.0,0.0,0,75,7,0,60,0,
FR-BBD3-PARENT-c0426,Dibenzo-p-dioxin,scope_a_old83_compatible,eclipse_predec,3,SCORED,4,47,3,6,0.25,5.6875,0.75,0.042105,0.25,0.037383,2,45,2,0,63,0,
FR-BBD3-PARENT-c0432,epsilon -Caprolactam,scope_a_old83_compatible,eclipse_predec,3,SCORED,2,70,2,6,0.75,6.734375,0,0.100209,1.0,0.100209,2,68,0,0,39,0,
FR-BBD3-PARENT-c0444,Carbazole,scope_a_old83_compatible,eclipse_predec,3,SCORED,4,35,3,6,0,5.578125,1.0,0.0,0.0,0.0,0,35,4,0,53,0,
FR-BBD3-PARENT-c0480,Bromoxynil,scope_a_old83_compatible,eclipse_predec,3,SCORED,7,86,4,6,1.75,6.578125,0.4375,0.210131,0.8,0.199643,4,82,3,0,37,0,
FR-BBD3-PARENT-c0486,Carbon Tetrachloride,scope_a_old83_compatible,eclipse_predec,3,SCORED,6,66,4,6,1.25,5.34375,0.6875,0.189573,0.645161,0.171674,3,62,3,1,30,0,
FR-BBD3-PARENT-c0526,Acetylene,scope_a_old83_compatible,eclipse_predec,3,SCORED,5,32,3,5,0.5,4.84375,1.0,0.093567,0.333333,0.078818,1,31,4,0,35,0,
FR-BBD3-PARENT-c0563,Dodecyl sulfate,scope_a_old83_compatible,eclipse_predec,3,SCORED,4,21,4,6,0.875,1.953125,0.0625,0.309392,0.933333,0.302703,3,18,1,0,32,0,
FR-BBD3-PARENT-c0593,"1,4-Dichlorobenzene",scope_a_old83_compatible,eclipse_predec,3,SCORED,5,73,4,6,0.6875,5.984375,0.75,0.103044,0.478261,0.092632,3,70,2,0,56,0,
FR-BBD3-PARENT-c0597,Cyanamide,scope_a_old83_compatible,eclipse_predec,3,SCORED,1,15,1,4,0.5,3.4375,0,0.126984,1.0,0.126984,1,14,0,0,37,0,
FR-BBD3-PARENT-c0604,Adamantanone,scope_a_old83_compatible,eclipse_predec,3,SCORED,3,47,2,6,0.5,5.515625,0.75,0.083117,0.4,0.073903,1,46,2,0,100,0,
FR-BBD3-PARENT-c0612,"cis -1,3-Dichloropropene",scope_a_old83_compatible,eclipse_predec,3,SCORED,3,72,3,6,0.875,6.140625,0,0.124722,1.0,0.124722,3,69,0,0,41,0,
FR-BBD3-PARENT-c0626,Limonene,scope_a_old83_compatible,eclipse_predec,3,SCORED,12,9,6,3,1.125,1.5,1.984375,0.428571,0.361809,0.244068,3,6,9,0,87,0, has_unreachable_true_nodes
FR-BBD3-PARENT-c0639,"Hexahydro-1,3,5-trinitro-1,3,5-triazine",scope_a_old83_compatible,eclipse_predec,3,SCORED,15,86,5,6,1.25,5.15625,2.53125,0.195122,0.330579,0.13986,3,82,12,1,37,0,
FR-BBD3-PARENT-c0653,2-Chloro-N-isopropylacetanilide,scope_a_old83_compatible,eclipse_predec,3,SCORED,7,31,2,6,0.25,4.890625,2.25,0.048632,0.1,0.033827,1,30,6,0,40,0,
FR-BBD3-PARENT-c0689,Cyclohexylsulfamate,scope_a_old83_compatible,eclipse_predec,3,SCORED,2,66,2,6,0.75,5.984375,0,0.111369,1.0,0.111369,2,64,0,0,52,0,
FR-BBD3-PARENT-c0691,Dimethylphosphinate,scope_a_old83_compatible,eclipse_predec,3,SCORED,2,17,2,4,0,3.9375,0.75,0.0,0.0,0.0,0,17,2,0,40,0,
FR-BBD3-PARENT-c0694,4-Hydroxyacetophenone,scope_a_old83_compatible,eclipse_predec,3,SCORED,3,74,2,6,0.75,7.0,0.25,0.096774,0.75,0.09375,2,72,1,0,46,0,
FR-BBD3-PARENT-c0764,Bisphenol A,scope_a_old83_compatible,eclipse_predec,3,SCORED,16,92,5,6,0.9375,7.4375,2.8125,0.11194,0.25,0.083799,4,88,12,0,33,0,
FR-BBD3-PARENT-c0765,"2,4-Dichloroaniline",scope_a_old83_compatible,eclipse_predec,3,SCORED,2,63,2,6,0.75,4.9375,0,0.131868,1.0,0.131868,2,60,0,1,41,0,
FR-BBD3-PARENT-c0865,"2,4-Dichlorotoluene",scope_a_old83_compatible,eclipse_predec,3,SCORED,9,32,6,5,0,5.21875,1.09375,0.0,0.0,0.0,0,32,9,0,44,0, has_unreachable_true_nodes
FR-BBD3-PARENT-c0897,Benzyl sulfide,scope_a_old83_compatible,eclipse_predec,3,SCORED,5,17,2,3,0.75,3.625,1.25,0.171429,0.375,0.133333,2,15,3,0,37,0,
FR-BBD3-PARENT-c0908,N-Cyclohexylisocyanide,scope_a_old83_compatible,eclipse_predec,3,SCORED,3,50,2,6,0.5,5.03125,0.5,0.090395,0.5,0.082902,2,48,1,0,48,0,
FR-BBD3-PARENT-c0939,Hypophosphite,scope_a_old83_compatible,eclipse_predec,3,SCORED,2,10,2,3,0.25,2.625,0.5,0.086957,0.333333,0.074074,1,9,1,0,45,0,
FR-BBD3-PARENT-c0941,Cyclohexane,scope_a_old83_compatible,eclipse_predec,3,SCORED,6,74,6,6,0.984375,6.0,0,0.14094,1.0,0.14094,6,68,0,0,54,0, has_unreachable_true_nodes
FR-BBD3-PARENT-c0946,Branched-chain dodecylbenzene sulfonate,scope_a_old83_compatible,eclipse_predec,3,SCORED,4,63,3,6,0.5,5.578125,0.625,0.082262,0.444444,0.074592,1,62,3,0,54,0,
FR-BBD3-PARENT-c0991,Anthracene,scope_a_old83_compatible,eclipse_predec,3,SCORED,10,97,5,6,1.59375,6.671875,0.9375,0.192817,0.62963,0.173175,6,89,4,2,45,0,
FR-BBD3-PARENT-c1013,Citronellol,scope_a_old83_compatible,eclipse_predec,3,SCORED,6,48,6,6,0.75,4.34375,0.234375,0.147239,0.761905,0.140762,2,43,4,3,43,0, has_unreachable_true_nodes
FR-BBD3-PARENT-c1019,2-Mercaptobenzothiazole,scope_a_old83_compatible,eclipse_predec,3,SCORED,11,49,4,6,1.375,3.390625,2.5625,0.288525,0.349206,0.187633,4,44,7,1,44,0,
FR-BBD3-PARENT-c1039,4-Fluorobenzoate,scope_a_old83_compatible,eclipse_predec,3,SCORED,7,62,5,6,0.125,6.0625,1.59375,0.020202,0.072727,0.016064,1,61,6,0,61,0,
FR-BBD3-PARENT-c1043,Geraniol,scope_a_old83_compatible,eclipse_predec,3,SCORED,3,90,3,6,0.75,6.984375,0.125,0.09697,0.857143,0.095427,2,88,1,0,39,0,
FR-BBD3-PARENT-c1066,"(-)-(1 R ,2 S ,5 R )-Menthol",scope_a_old83_compatible,eclipse_predec,3,SCORED,5,72,5,6,0.75,5.375,0.21875,0.122449,0.774194,0.118227,2,70,3,0,66,0,
FR-BBD3-PARENT-c1072,3-Fluorobenzoate,scope_a_old83_compatible,eclipse_predec,3,SCORED,5,43,3,6,0.125,5.765625,1.5,0.02122,0.076923,0.016913,1,42,4,0,51,0,
FR-BBD3-PARENT-c1078,Isooctane,scope_a_old83_compatible,eclipse_predec,3,SCORED,6,55,6,6,0,6.40625,0.984375,0.0,0.0,0.0,0,55,6,0,36,0, has_unreachable_true_nodes
FR-BBD3-PARENT-c1094,Caffeine,scope_a_old83_compatible,eclipse_predec,3,SCORED,15,79,3,6,2.75,4.15625,1.375,0.39819,0.666667,0.332075,9,68,6,2,35,0,
FR-BBD3-PARENT-c1161,Isoniazid,scope_a_old83_compatible,eclipse_predec,3,SCORED,11,71,5,6,1.4375,5.21875,0.75,0.215962,0.657143,0.194093,5,66,6,0,34,0,
FR-BBD3-PARENT-c1182,Furfural,scope_a_old83_compatible,eclipse_predec,3,SCORED,5,34,4,6,1.0,3.703125,0.4375,0.212625,0.695652,0.194529,2,32,3,0,45,0,
FR-BBD3-PARENT-c1188,Endosulfan,scope_a_old83_compatible,eclipse_predec,3,SCORED,9,18,3,5,1.125,2.59375,2.25,0.302521,0.333333,0.188482,3,15,6,0,57,0,
FR-BBD3-PARENT-c1201,4-Hydroxypyridine,scope_a_old83_compatible,eclipse_predec,3,SCORED,6,52,5,6,0.53125,5.46875,0.5625,0.088542,0.485714,0.080952,2,50,4,0,55,0,
FR-BBD3-PARENT-c1263,Asulam,scope_a_old83_compatible,eclipse_predec,3,SCORED,8,83,6,6,1.0625,5.71875,0.109375,0.156682,0.906667,0.154195,5,78,3,0,35,0,
FR-BBD3-PARENT-c1266,Bisphenol F,scope_a_old83_compatible,eclipse_predec,3,SCORED,5,64,4,6,0.8125,5.625,0.1875,0.126214,0.8125,0.122642,3,61,2,0,43,0,
FR-BBD3-PARENT-c1267,Dimethyl isophthalate,scope_a_old83_compatible,eclipse_predec,3,SCORED,4,69,4,6,0.8125,5.21875,0.125,0.134715,0.866667,0.13198,3,66,1,0,48,0,
FR-BBD3-PARENT-c1285,Carbofuran,scope_a_old83_compatible,eclipse_predec,3,SCORED,8,47,2,6,1.25,4.359375,2.25,0.222841,0.357143,0.159046,3,43,5,1,43,0,
FR-BBD3-PARENT-c1296,Metamitron,scope_a_old83_compatible,eclipse_predec,3,SCORED,7,78,4,6,1.3125,4.890625,0.4375,0.211587,0.75,0.197647,4,73,3,1,50,0,
FR-BBD3-PARENT-c1313,"2,4-Dinitrotoluene",scope_a_old83_compatible,eclipse_predec,3,SCORED,8,38,5,6,1.375,3.828125,0.84375,0.264264,0.619718,0.22739,4,33,4,1,29,0,
FR-BBD3-PARENT-c1350,"3,3'-Dithiodipropionate",scope_a_old83_compatible,eclipse_predec,3,SCORED,4,41,4,6,0.5,4.78125,0.4375,0.094675,0.533333,0.087432,1,40,3,0,38,0,
FR-BBD3-PARENT-c1352,"N,N-Diethyl-m-toluamide",scope_a_old83_compatible,eclipse_predec,3,SCORED,8,72,3,6,1.375,5.234375,1.5,0.208038,0.478261,0.169557,4,68,4,0,46,0,
FR-BBD3-PARENT-c1354,"1,4-Dioxane",scope_a_old83_compatible,eclipse_predec,3,SCORED,8,52,4,6,0.6875,4.65625,1.0,0.128655,0.407407,0.108374,4,48,4,0,37,0,
FR-BBD3-PARENT-c1383,Benzothiophene,scope_a_old83_compatible,eclipse_predec,3,SCORED,5,67,4,6,0,7.84375,1.0,0.0,0.0,0.0,0,67,5,0,54,0,
FR-BBD3-PARENT-c1391,Cinnamate,scope_a_old83_compatible,eclipse_predec,3,SCORED,5,33,4,6,0,4.078125,1.0,0.0,0.0,0.0,0,33,5,0,62,0,
FR-BBD3-PARENT-c1412,Ketoprofen,scope_a_old83_compatible,eclipse_predec,3,SCORED,1,48,1,6,0.5,4.328125,0,0.10356,1.0,0.10356,1,47,0,0,54,0,
FR-BBD3-PARENT-c1441,Alachlor,scope_a_old83_compatible,eclipse_predec,3,SCORED,15,34,4,6,1.625,2.8125,2.625,0.366197,0.382353,0.230088,5,29,10,0,33,0,
FR-BBD3-PARENT-c1457,Malathion,scope_a_old83_compatible,eclipse_predec,3,SCORED,20,48,6,6,0.875,4.390625,3.328125,0.166172,0.208178,0.101818,3,44,17,1,41,0, has_unreachable_true_nodes
FR-BBD3-PARENT-c1481,Methamidophos,scope_a_old83_compatible,eclipse_predec,3,SCORED,6,66,3,6,1.625,5.6875,0,0.222222,1.0,0.222222,6,57,0,3,30,0,
FR-BBD3-PARENT-c1524,Diazepam,scope_a_old83_compatible,eclipse_predec,3,SCORED,3,82,2,6,1.25,5.75,0,0.178571,1.0,0.178571,3,79,0,0,43,0,
FR-BBD3-PARENT-c1531,Acenaphthylene,scope_a_old83_compatible,eclipse_predec,3,SCORED,5,87,5,6,0.96875,6.625,0,0.127572,1.0,0.127572,5,82,0,0,36,0,
FR-BBD3-PARENT-c1549,"1,5-Anhydro-D-fructose",scope_a_old83_compatible,eclipse_predec,3,SCORED,8,30,4,6,0,5.046875,2.0,0.0,0.0,0.0,0,30,8,0,88,0,
FR-BBD3-PARENT-c1586,Atenolol,scope_a_old83_compatible,eclipse_predec,3,SCORED,1,91,1,6,0.5,7.421875,0,0.063116,1.0,0.063116,1,90,0,0,33,0,
FR-BBD3-CAND-c0620,trans-3-Chloroacrylic acid,scope_b_v0_3_candidate,eclipse_predec,3,SCORED,2,89,2,6,0.5,7.453125,0.25,0.062868,0.666667,0.060952,1,88,1,0,43,0,
FR-BBD3-CAND-c0611,"trans-1,3-Dichloropropene",scope_b_v0_3_candidate,eclipse_predec,3,SCORED,3,73,3,6,0.875,6.484375,0,0.118896,1.0,0.118896,3,70,0,0,49,0,
FR-BBD3-CAND-c0282,3-Hydroxytoluene (m-Cresol),scope_b_v0_3_candidate,eclipse_predec,3,SCORED,5,58,4,6,0,5.59375,1.0,0.0,0.0,0.0,0,58,5,0,52,0,
FR-BBD3-CAND-c0257,Cyromazine (N-Cyclopropylmelamine),scope_b_v0_3_candidate,eclipse_predec,3,SCORED,4,61,3,6,0.875,5.34375,0.125,0.140704,0.875,0.137931,3,58,1,0,41,0,
FR-BBD3-CAND-c1376,"2,6-Dichlorobenzonitrile (Dichlobenil)",scope_b_v0_3_candidate,eclipse_predec,3,SCORED,5,86,4,6,0.875,4.625,0.3125,0.159091,0.736842,0.150538,3,83,2,0,43,0,
FR-BBD3-CAND-c0971,Fosfomycin,scope_b_v0_3_candidate,eclipse_predec,3,SCORED,3,67,1,6,0,6.90625,1.5,0.0,0.0,0.0,0,67,3,0,34,0,
FR-BBD3-CAND-c0141,gamma-Hexachlorocyclohexane,scope_b_v0_3_candidate,eclipse_predec,3,SCORED,9,43,6,6,0.5,4.953125,1.046875,0.091691,0.323232,0.076923,1,42,8,0,54,0, has_unreachable_true_nodes
FR-BBD3-CAND-c1570,"(R,R)-Iminodisuccinate",scope_b_v0_3_candidate,eclipse_predec,3,SCORED,2,24,1,5,1.0,3.1875,0,0.238806,1.0,0.238806,2,20,0,2,62,0,
FR-BBD3-CAND-c0347,Methanesulfonate,scope_b_v0_3_candidate,eclipse_predec,3,SCORED,2,17,1,4,0.5,3.5,0.5,0.125,0.5,0.111111,1,16,1,0,35,0,
FR-BBD3-PARENT-c0001,"1,2-Dichloroethane",scope_a_old83_compatible,eclipse_predec,5,SCORED,4,64,4,6,0.5,9.03125,0.4375,0.052459,0.533333,0.050157,1,63,3,0,46,0,
FR-BBD3-PARENT-c0002,Atrazine,scope_a_old83_compatible,eclipse_predec,5,SCORED,11,128,4,6,1.6875,11.265625,1.25,0.130277,0.574468,0.118812,6,122,5,0,38,0,
FR-BBD3-PARENT-c0006,Gallate,scope_a_old83_compatible,eclipse_predec,5,SCORED,7,134,6,6,0,14.421875,1.484375,0.0,0.0,0.0,0,134,7,0,52,0, has_unreachable_true_nodes
FR-BBD3-PARENT-c0018,"1,3-Dichloro-2-propanol",scope_a_old83_compatible,eclipse_predec,5,SCORED,4,108,4,6,0.3125,9.015625,0.625,0.033501,0.333333,0.031397,2,106,2,0,36,0,
FR-BBD3-PARENT-c0039,Dibenzofuran,scope_a_old83_compatible,eclipse_predec,5,SCORED,4,87,3,6,0.875,12.5625,0.125,0.065116,0.875,0.064516,3,84,1,0,51,0,
FR-BBD3-PARENT-c0116,Ethylbenzene,scope_a_old83_compatible,eclipse_predec,5,SCORED,16,123,6,6,1.875,10.90625,0.8125,0.146699,0.697674,0.137931,7,113,9,3,42,0,
FR-BBD3-PARENT-c0118,Dibenzothiophene,scope_a_old83_compatible,eclipse_predec,5,SCORED,6,132,4,6,1.6875,11.546875,0,0.127509,1.0,0.127509,6,126,0,0,41,0,
FR-BBD3-PARENT-c0121,Benzoate,scope_a_old83_compatible,eclipse_predec,5,SCORED,14,125,6,6,0.75,12.3125,1.984375,0.057416,0.274286,0.049844,2,123,12,0,56,0, has_unreachable_true_nodes
FR-BBD3-PARENT-c0134,Glyphosate,scope_a_old83_compatible,eclipse_predec,5,SCORED,5,105,3,6,1.0,10.171875,0.875,0.08951,0.533333,0.083009,2,100,3,3,40,0,
FR-BBD3-PARENT-c0139,"beta -1,2,3,4,5,6-Hexachlorocyclohexane",scope_a_old83_compatible,eclipse_predec,5,SCORED,6,93,4,5,0,13.625,1.6875,0.0,0.0,0.0,0,93,6,0,49,0,
FR-BBD3-PARENT-c0148,Acrylonitrile,scope_a_old83_compatible,eclipse_predec,5,SCORED,5,143,4,6,1.0625,13.546875,0.375,0.072727,0.73913,0.070907,3,140,2,0,25,0,
FR-BBD3-PARENT-c0153,( R )-Mandelate,scope_a_old83_compatible,eclipse_predec,5,SCORED,2,154,2,6,0.5,13.953125,0.25,0.034595,0.666667,0.034006,1,153,1,0,54,0,
FR-BBD3-PARENT-c0163,Cyanuric acid,scope_a_old83_compatible,eclipse_predec,5,SCORED,2,148,2,6,0.25,14.328125,0.5,0.017149,0.333333,0.01658,1,147,1,0,30,0,
FR-BBD3-PARENT-c0177,4-Chlorobiphenyl,scope_a_old83_compatible,eclipse_predec,5,SCORED,8,113,6,6,0.875,12.203125,0.1875,0.066906,0.823529,0.06596,3,110,5,0,60,0,
FR-BBD3-PARENT-c0233,Dichloromethane,scope_a_old83_compatible,eclipse_predec,5,SCORED,3,120,2,6,0.5,12.0,0.75,0.04,0.4,0.037736,1,119,2,0,33,0, has_unreachable_true_nodes
FR-BBD3-PARENT-c0236,Dimethyl Sulfoxide,scope_a_old83_compatible,eclipse_predec,5,SCORED,4,145,3,6,1.0,14.609375,0.125,0.064064,0.888889,0.063555,3,142,1,0,53,0,
FR-BBD3-PARENT-c0245,2-Aminobenzenesulfonate,scope_a_old83_compatible,eclipse_predec,5,SCORED,2,147,2,6,0.75,14.234375,0,0.050052,1.0,0.050052,2,145,0,0,53,0,
FR-BBD3-PARENT-c0286,cis -3-Chloroacrylic acid,scope_a_old83_compatible,eclipse_predec,5,SCORED,2,89,2,6,0.5,10.015625,0.25,0.047548,0.666667,0.046444,1,88,1,0,45,0,
FR-BBD3-PARENT-c0288,"2,4-Dichlorophenoxyacetic acid",scope_a_old83_compatible,eclipse_predec,5,SCORED,18,128,6,6,1.671875,11.78125,0.96875,0.124274,0.633136,0.115926,9,118,9,1,55,0, has_unreachable_true_nodes
FR-BBD3-PARENT-c0345,2-Aminobenzoate,scope_a_old83_compatible,eclipse_predec,5,SCORED,4,135,2,6,1.0,13.6875,0.75,0.068085,0.571429,0.064777,2,133,2,0,58,0,
FR-BBD3-PARENT-c0352,1-Aminocyclopropane-1-carboxylate,scope_a_old83_compatible,eclipse_predec,5,SCORED,2,139,2,6,0.5,14.84375,0.25,0.032587,0.666667,0.032064,1,137,1,1,48,0,
FR-BBD3-PARENT-c0367,Benzonitrile,scope_a_old83_compatible,eclipse_predec,5,SCORED,2,126,1,6,1.0,11.890625,0,0.077576,1.0,0.077576,2,124,0,0,50,0,
FR-BBD3-PARENT-c0371,Biphenyl,scope_a_old83_compatible,eclipse_predec,5,SCORED,5,152,4,6,0.875,14.109375,0.125,0.058394,0.875,0.057911,3,149,2,0,56,0,
FR-BBD3-PARENT-c0375,p -Cymene,scope_a_old83_compatible,eclipse_predec,5,SCORED,6,103,6,6,0.875,11.921875,0.109375,0.068376,0.888889,0.067797,3,100,3,0,54,0, has_unreachable_true_nodes
FR-BBD3-PARENT-c0388,Fluorene,scope_a_old83_compatible,eclipse_predec,5,SCORED,24,155,6,6,0.90625,12.53125,2.90625,0.067442,0.237705,0.055449,5,150,19,0,50,0, has_unreachable_true_nodes
FR-BBD3-PARENT-c0407,(+)-Camphor,scope_a_old83_compatible,eclipse_predec,5,SCORED,7,154,6,6,0.5,15.515625,0.5,0.03122,0.5,0.030274,1,152,6,1,60,0,
FR-BBD3-PARENT-c0426,Dibenzo-p-dioxin,scope_a_old83_compatible,eclipse_predec,5,SCORED,4,105,3,6,0.25,12.671875,0.75,0.019347,0.25,0.018286,2,103,2,0,63,0,
FR-BBD3-PARENT-c0432,epsilon -Caprolactam,scope_a_old83_compatible,eclipse_predec,5,SCORED,2,130,2,6,0.75,10.90625,0,0.064343,1.0,0.064343,2,128,0,0,39,0,
FR-BBD3-PARENT-c0444,Carbazole,scope_a_old83_compatible,eclipse_predec,5,SCORED,4,112,3,6,0,13.28125,1.0,0.0,0.0,0.0,0,112,4,0,53,0,
FR-BBD3-PARENT-c0480,Bromoxynil,scope_a_old83_compatible,eclipse_predec,5,SCORED,7,141,4,6,1.75,12.71875,0.4375,0.12095,0.8,0.1174,4,137,3,0,37,0,
FR-BBD3-PARENT-c0486,Carbon Tetrachloride,scope_a_old83_compatible,eclipse_predec,5,SCORED,6,142,4,6,1.25,12.859375,0.6875,0.088594,0.645161,0.084477,3,138,3,1,30,0,
FR-BBD3-PARENT-c0526,Acetylene,scope_a_old83_compatible,eclipse_predec,5,SCORED,5,52,3,5,1.0,9.625,0.5,0.094118,0.666667,0.089888,2,50,3,0,35,0,
FR-BBD3-PARENT-c0563,Dodecyl sulfate,scope_a_old83_compatible,eclipse_predec,5,SCORED,4,93,4,6,0.875,8.484375,0.0625,0.093489,0.933333,0.092869,3,90,1,0,32,0,
FR-BBD3-PARENT-c0593,"1,4-Dichlorobenzene",scope_a_old83_compatible,eclipse_predec,5,SCORED,5,143,4,6,0.6875,12.8125,0.75,0.050926,0.478261,0.048246,3,140,2,0,56,0,
FR-BBD3-PARENT-c0597,Cyanamide,scope_a_old83_compatible,eclipse_predec,5,SCORED,1,81,1,6,0.5,10.484375,0,0.045519,1.0,0.045519,1,80,0,0,37,0,
FR-BBD3-PARENT-c0604,Adamantanone,scope_a_old83_compatible,eclipse_predec,5,SCORED,3,106,2,6,1.25,11.640625,0,0.09697,1.0,0.09697,3,103,0,0,100,0,
FR-BBD3-PARENT-c0612,"cis -1,3-Dichloropropene",scope_a_old83_compatible,eclipse_predec,5,SCORED,3,119,3,6,0.875,9.78125,0,0.082111,1.0,0.082111,3,116,0,0,41,0,
FR-BBD3-PARENT-c0626,Limonene,scope_a_old83_compatible,eclipse_predec,5,SCORED,12,17,6,3,1.625,3.5,1.484375,0.317073,0.522613,0.245863,4,13,8,0,87,0, has_unreachable_true_nodes
FR-BBD3-PARENT-c0639,"Hexahydro-1,3,5-trinitro-1,3,5-triazine",scope_a_old83_compatible,eclipse_predec,5,SCORED,15,168,5,6,1.875,13.46875,1.90625,0.1222,0.495868,0.108696,6,162,9,0,37,0,
FR-BBD3-PARENT-c0653,2-Chloro-N-isopropylacetanilide,scope_a_old83_compatible,eclipse_predec,5,SCORED,7,127,2,6,0.75,12.09375,1.75,0.058394,0.3,0.051392,2,124,5,1,40,0,
FR-BBD3-PARENT-c0689,Cyclohexylsulfamate,scope_a_old83_compatible,eclipse_predec,5,SCORED,2,134,2,6,0.75,10.9375,0,0.064171,1.0,0.064171,2,132,0,0,52,0,
FR-BBD3-PARENT-c0691,Dimethylphosphinate,scope_a_old83_compatible,eclipse_predec,5,SCORED,2,61,2,5,0.5,10.03125,0.25,0.047478,0.666667,0.046377,1,59,1,1,40,0,
FR-BBD3-PARENT-c0694,4-Hydroxyacetophenone,scope_a_old83_compatible,eclipse_predec,5,SCORED,3,155,2,6,0.75,14.703125,0.25,0.048534,0.75,0.047761,2,153,1,0,46,0,
FR-BBD3-PARENT-c0764,Bisphenol A,scope_a_old83_compatible,eclipse_predec,5,SCORED,16,144,5,6,1.5625,11.625,2.1875,0.118483,0.416667,0.101626,6,137,10,1,33,0,
FR-BBD3-PARENT-c0765,"2,4-Dichloroaniline",scope_a_old83_compatible,eclipse_predec,5,SCORED,2,148,2,6,0.75,13.421875,0,0.052922,1.0,0.052922,2,145,0,1,41,0,
FR-BBD3-PARENT-c0865,"2,4-Dichlorotoluene",scope_a_old83_compatible,eclipse_predec,5,SCORED,9,101,6,6,0.25,12.296875,0.84375,0.019925,0.228571,0.01867,1,100,8,0,44,0, has_unreachable_true_nodes
FR-BBD3-PARENT-c0897,Benzyl sulfide,scope_a_old83_compatible,eclipse_predec,5,SCORED,5,100,2,6,0.75,11.859375,1.25,0.05948,0.375,0.054115,2,98,3,0,37,0,
FR-BBD3-PARENT-c0908,N-Cyclohexylisocyanide,scope_a_old83_compatible,eclipse_predec,5,SCORED,3,90,2,6,1.0,10.15625,0,0.089636,1.0,0.089636,3,87,0,0,48,0,
FR-BBD3-PARENT-c0939,Hypophosphite,scope_a_old83_compatible,eclipse_predec,5,SCORED,2,75,2,6,0.25,8.265625,0.5,0.029358,0.333333,0.02773,1,74,1,0,45,0,
FR-BBD3-PARENT-c0941,Cyclohexane,scope_a_old83_compatible,eclipse_predec,5,SCORED,6,120,6,6,0.984375,12.21875,0,0.074556,1.0,0.074556,6,114,0,0,54,0, has_unreachable_true_nodes
FR-BBD3-PARENT-c0946,Branched-chain dodecylbenzene sulfonate,scope_a_old83_compatible,eclipse_predec,5,SCORED,4,110,3,6,0.625,12.140625,0.5,0.04896,0.555556,0.047114,2,108,2,0,54,0,
FR-BBD3-PARENT-c0991,Anthracene,scope_a_old83_compatible,eclipse_predec,5,SCORED,10,169,5,6,1.71875,14.796875,0.8125,0.104068,0.679012,0.099188,7,161,3,1,45,0,
FR-BBD3-PARENT-c1013,Citronellol,scope_a_old83_compatible,eclipse_predec,5,SCORED,6,143,6,6,0.8125,13.71875,0.171875,0.055914,0.825397,0.05526,3,137,3,3,43,0, has_unreachable_true_nodes
FR-BBD3-PARENT-c1019,2-Mercaptobenzothiazole,scope_a_old83_compatible,eclipse_predec,5,SCORED,11,130,4,6,1.4375,11.625,2.5,0.110048,0.365079,0.092369,5,125,6,0,44,0,
FR-BBD3-PARENT-c1039,4-Fluorobenzoate,scope_a_old83_compatible,eclipse_predec,5,SCORED,7,129,5,6,0.40625,12.8125,1.3125,0.030733,0.236364,0.027957,3,126,4,0,61,0,
FR-BBD3-PARENT-c1043,Geraniol,scope_a_old83_compatible,eclipse_predec,5,SCORED,3,150,3,6,0.875,12.0,0,0.067961,1.0,0.067961,3,147,0,0,39,0,
FR-BBD3-PARENT-c1066,"(-)-(1 R ,2 S ,5 R )-Menthol",scope_a_old83_compatible,eclipse_predec,5,SCORED,5,120,5,6,0.9375,8.5625,0.03125,0.098684,0.967742,0.098361,4,116,1,0,66,0,
FR-BBD3-PARENT-c1072,3-Fluorobenzoate,scope_a_old83_compatible,eclipse_predec,5,SCORED,5,152,3,6,0.625,15.25,1.0,0.03937,0.384615,0.037037,3,149,2,0,51,0,
FR-BBD3-PARENT-c1078,Isooctane,scope_a_old83_compatible,eclipse_predec,5,SCORED,6,107,6,6,0,11.546875,0.984375,0.0,0.0,0.0,0,107,6,0,36,0, has_unreachable_true_nodes
FR-BBD3-PARENT-c1094,Caffeine,scope_a_old83_compatible,eclipse_predec,5,SCORED,15,152,3,6,2.75,11.3125,1.375,0.195556,0.666667,0.178138,9,141,6,2,35,0,
FR-BBD3-PARENT-c1161,Isoniazid,scope_a_old83_compatible,eclipse_predec,5,SCORED,11,149,5,6,1.46875,13.265625,0.71875,0.099682,0.671429,0.095046,6,143,5,0,34,0,
FR-BBD3-PARENT-c1182,Furfural,scope_a_old83_compatible,eclipse_predec,5,SCORED,5,83,4,6,1.0,9.8125,0.4375,0.092486,0.695652,0.088889,2,81,3,0,45,0,
FR-BBD3-PARENT-c1188,Endosulfan,scope_a_old83_compatible,eclipse_predec,5,SCORED,9,39,3,4,1.375,6.9375,2.0,0.165414,0.407407,0.133333,4,35,5,0,57,0,
FR-BBD3-PARENT-c1201,4-Hydroxypyridine,scope_a_old83_compatible,eclipse_predec,5,SCORED,6,146,5,6,0.53125,14.5625,0.5625,0.035197,0.485714,0.033932,2,144,4,0,55,0,
FR-BBD3-PARENT-c1263,Asulam,scope_a_old83_compatible,eclipse_predec,5,SCORED,8,141,6,6,1.078125,11.6875,0.09375,0.084455,0.92,0.08384,6,135,2,0,35,0,
FR-BBD3-PARENT-c1266,Bisphenol F,scope_a_old83_compatible,eclipse_predec,5,SCORED,5,135,4,6,0.875,13.53125,0.125,0.060738,0.875,0.060215,4,131,1,0,43,0,
FR-BBD3-PARENT-c1267,Dimethyl isophthalate,scope_a_old83_compatible,eclipse_predec,5,SCORED,4,141,4,6,0.8125,12.5,0.125,0.061033,0.866667,0.060465,3,138,1,0,48,0,
FR-BBD3-PARENT-c1285,Carbofuran,scope_a_old83_compatible,eclipse_predec,5,SCORED,8,88,2,6,2.0,9.78125,1.5,0.169761,0.571429,0.150588,5,82,3,1,43,0,
FR-BBD3-PARENT-c1296,Metamitron,scope_a_old83_compatible,eclipse_predec,5,SCORED,7,154,4,6,1.3125,12.5,0.4375,0.095023,0.75,0.092105,4,149,3,1,50,0,
FR-BBD3-PARENT-c1313,"2,4-Dinitrotoluene",scope_a_old83_compatible,eclipse_predec,5,SCORED,8,146,5,6,1.375,12.859375,0.84375,0.096597,0.619718,0.091192,4,141,4,1,29,0,
FR-BBD3-PARENT-c1350,"3,3'-Dithiodipropionate",scope_a_old83_compatible,eclipse_predec,5,SCORED,4,76,4,6,0.5,9.6875,0.4375,0.04908,0.533333,0.047059,1,75,3,0,38,0,
FR-BBD3-PARENT-c1352,"N,N-Diethyl-m-toluamide",scope_a_old83_compatible,eclipse_predec,5,SCORED,8,161,3,6,2.125,13.640625,0.75,0.134787,0.73913,0.128666,6,154,2,1,46,0,
FR-BBD3-PARENT-c1354,"1,4-Dioxane",scope_a_old83_compatible,eclipse_predec,5,SCORED,8,124,4,6,1.5625,11.0,0.125,0.124378,0.925926,0.123153,7,116,1,1,37,0,
FR-BBD3-PARENT-c1383,Benzothiophene,scope_a_old83_compatible,eclipse_predec,5,SCORED,5,167,4,6,0.875,17.3125,0.125,0.04811,0.875,0.047782,3,164,2,0,54,0,
FR-BBD3-PARENT-c1391,Cinnamate,scope_a_old83_compatible,eclipse_predec,5,SCORED,5,114,4,6,0.0625,10.390625,0.9375,0.005979,0.0625,0.005487,1,113,4,0,62,0,
FR-BBD3-PARENT-c1412,Ketoprofen,scope_a_old83_compatible,eclipse_predec,5,SCORED,1,103,1,6,0.5,10.609375,0,0.045007,1.0,0.045007,1,102,0,0,54,0,
FR-BBD3-PARENT-c1441,Alachlor,scope_a_old83_compatible,eclipse_predec,5,SCORED,15,100,4,6,2.375,8.59375,1.875,0.216524,0.558824,0.184915,7,92,8,1,33,0,
FR-BBD3-PARENT-c1457,Malathion,scope_a_old83_compatible,eclipse_predec,5,SCORED,20,87,6,6,1.4375,8.4375,2.765625,0.14557,0.342007,0.113721,5,77,15,5,41,0, has_unreachable_true_nodes
FR-BBD3-PARENT-c1481,Methamidophos,scope_a_old83_compatible,eclipse_predec,5,SCORED,6,133,3,6,1.625,12.5625,0,0.114537,1.0,0.114537,6,124,0,3,30,0,
FR-BBD3-PARENT-c1524,Diazepam,scope_a_old83_compatible,eclipse_predec,5,SCORED,3,168,2,6,1.25,14.515625,0,0.079286,1.0,0.079286,3,165,0,0,43,0,
FR-BBD3-PARENT-c1531,Acenaphthylene,scope_a_old83_compatible,eclipse_predec,5,SCORED,5,174,5,6,0.96875,14.8125,0,0.061386,1.0,0.061386,5,169,0,0,36,0,
FR-BBD3-PARENT-c1549,"1,5-Anhydro-D-fructose",scope_a_old83_compatible,eclipse_predec,5,SCORED,8,71,4,6,0,11.125,2.0,0.0,0.0,0.0,0,71,8,0,88,0,
FR-BBD3-PARENT-c1586,Atenolol,scope_a_old83_compatible,eclipse_predec,5,SCORED,1,166,1,6,0.5,14.84375,0,0.032587,1.0,0.032587,1,165,0,0,33,0,
FR-BBD3-CAND-c0620,trans-3-Chloroacrylic acid,scope_b_v0_3_candidate,eclipse_predec,5,SCORED,2,136,2,6,0.5,13.6875,0.25,0.035242,0.666667,0.034632,1,135,1,0,43,0,
FR-BBD3-CAND-c0611,"trans-1,3-Dichloropropene",scope_b_v0_3_candidate,eclipse_predec,5,SCORED,3,105,3,6,0.875,9.75,0,0.082353,1.0,0.082353,3,102,0,0,49,0,
FR-BBD3-CAND-c0282,3-Hydroxytoluene (m-Cresol),scope_b_v0_3_candidate,eclipse_predec,5,SCORED,5,129,4,6,0,11.828125,1.0,0.0,0.0,0.0,0,129,5,0,52,0,
FR-BBD3-CAND-c0257,Cyromazine (N-Cyclopropylmelamine),scope_b_v0_3_candidate,eclipse_predec,5,SCORED,4,134,3,6,0.875,11.28125,0.125,0.071979,0.875,0.071247,3,131,1,0,41,0,
FR-BBD3-CAND-c1376,"2,6-Dichlorobenzonitrile (Dichlobenil)",scope_b_v0_3_candidate,eclipse_predec,5,SCORED,5,152,4,6,0.9375,11.1875,0.25,0.07732,0.789474,0.075758,4,148,1,0,43,0,
FR-BBD3-CAND-c0971,Fosfomycin,scope_b_v0_3_candidate,eclipse_predec,5,SCORED,3,136,1,6,0.5,13.3125,1.0,0.036199,0.333333,0.033755,1,135,2,0,34,0,
FR-BBD3-CAND-c0141,gamma-Hexachlorocyclohexane,scope_b_v0_3_candidate,eclipse_predec,5,SCORED,9,116,6,6,0.765625,13.078125,0.78125,0.055305,0.494949,0.05235,3,112,6,1,54,0, has_unreachable_true_nodes
FR-BBD3-CAND-c1570,"(R,R)-Iminodisuccinate",scope_b_v0_3_candidate,eclipse_predec,5,SCORED,2,56,1,5,1.0,7.71875,0,0.114695,1.0,0.114695,2,52,0,2,62,0,
FR-BBD3-CAND-c0347,Methanesulfonate,scope_b_v0_3_candidate,eclipse_predec,5,SCORED,2,59,1,5,1.0,8.5,0,0.105263,1.0,0.105263,2,55,0,2,35,0,
FR-BBD3-PARENT-c0001,"1,2-Dichloroethane",scope_a_old83_compatible,eclipse_predec,10,SCORED,4,184,4,6,0.9375,21.78125,0,0.041265,1.0,0.041265,4,180,0,0,46,0,
FR-BBD3-PARENT-c0002,Atrazine,scope_a_old83_compatible,eclipse_predec,10,SCORED,11,172,4,6,2.0625,16.296875,0.875,0.11234,0.702128,0.10723,8,164,3,0,38,0,
FR-BBD3-PARENT-c0006,Gallate,scope_a_old83_compatible,eclipse_predec,10,SCORED,7,186,6,6,0,22.515625,1.484375,0.0,0.0,0.0,0,186,7,0,52,0, has_unreachable_true_nodes
FR-BBD3-PARENT-c0018,"1,3-Dichloro-2-propanol",scope_a_old83_compatible,eclipse_predec,10,SCORED,4,123,4,6,0.3125,9.515625,0.625,0.031797,0.333333,0.029895,2,121,2,0,36,0,
FR-BBD3-PARENT-c0039,Dibenzofuran,scope_a_old83_compatible,eclipse_predec,10,SCORED,4,228,3,6,0.875,31.65625,0.125,0.026897,0.875,0.026794,3,225,1,0,51,0,
FR-BBD3-PARENT-c0116,Ethylbenzene,scope_a_old83_compatible,eclipse_predec,10,SCORED,16,227,6,6,2.375,20.984375,0.3125,0.101672,0.883721,0.10033,8,216,8,3,42,0,
FR-BBD3-PARENT-c0118,Dibenzothiophene,scope_a_old83_compatible,eclipse_predec,10,SCORED,6,222,4,6,1.6875,21.65625,0,0.072289,1.0,0.072289,6,216,0,0,41,0,
FR-BBD3-PARENT-c0121,Benzoate,scope_a_old83_compatible,eclipse_predec,10,SCORED,14,207,6,6,1.25,22.765625,1.484375,0.052049,0.457143,0.04902,3,204,11,0,56,0, has_unreachable_true_nodes
FR-BBD3-PARENT-c0134,Glyphosate,scope_a_old83_compatible,eclipse_predec,10,SCORED,5,170,3,6,1.375,15.5,0.5,0.081481,0.733333,0.079137,4,163,1,3,40,0,
FR-BBD3-PARENT-c0139,"beta -1,2,3,4,5,6-Hexachlorocyclohexane",scope_a_old83_compatible,eclipse_predec,10,SCORED,6,182,4,6,0.5,23.6875,1.1875,0.020672,0.296296,0.019704,1,181,5,0,49,0,
FR-BBD3-PARENT-c0148,Acrylonitrile,scope_a_old83_compatible,eclipse_predec,10,SCORED,5,210,4,6,1.0625,22.578125,0.375,0.044944,0.73913,0.044242,3,207,2,0,25,0,
FR-BBD3-PARENT-c0153,( R )-Mandelate,scope_a_old83_compatible,eclipse_predec,10,SCORED,2,207,2,6,0.5,22.609375,0.25,0.021636,0.666667,0.021405,1,206,1,0,54,0,
FR-BBD3-PARENT-c0163,Cyanuric acid,scope_a_old83_compatible,eclipse_predec,10,SCORED,2,170,2,6,0.25,16.21875,0.5,0.01518,0.333333,0.014733,1,169,1,0,30,0,
FR-BBD3-PARENT-c0177,4-Chlorobiphenyl,scope_a_old83_compatible,eclipse_predec,10,SCORED,8,261,6,6,0.875,30.609375,0.1875,0.027792,0.823529,0.027627,3,258,5,0,60,0,
FR-BBD3-PARENT-c0233,Dichloromethane,scope_a_old83_compatible,eclipse_predec,10,SCORED,3,181,2,6,0.5,22.40625,0.75,0.021828,0.4,0.021136,1,180,2,0,33,0, has_unreachable_true_nodes
FR-BBD3-PARENT-c0236,Dimethyl Sulfoxide,scope_a_old83_compatible,eclipse_predec,10,SCORED,4,181,3,6,1.0,20.328125,0.125,0.046886,0.888889,0.046613,3,178,1,0,53,0,
FR-BBD3-PARENT-c0245,2-Aminobenzenesulfonate,scope_a_old83_compatible,eclipse_predec,10,SCORED,2,196,2,6,0.75,20.984375,0,0.034508,1.0,0.034508,2,194,0,0,53,0,
FR-BBD3-PARENT-c0286,cis -3-Chloroacrylic acid,scope_a_old83_compatible,eclipse_predec,10,SCORED,2,186,2,6,0.5,20.828125,0.25,0.023443,0.666667,0.023172,1,185,1,0,45,0,
FR-BBD3-PARENT-c0288,"2,4-Dichlorophenoxyacetic acid",scope_a_old83_compatible,eclipse_predec,10,SCORED,18,230,6,6,2.453125,25.828125,0.1875,0.08674,0.928994,0.086169,12,212,6,6,55,0, has_unreachable_true_nodes
FR-BBD3-PARENT-c0345,2-Aminobenzoate,scope_a_old83_compatible,eclipse_predec,10,SCORED,4,192,2,6,1.0,21.578125,0.75,0.044291,0.571429,0.042867,2,190,2,0,58,0,
FR-BBD3-PARENT-c0352,1-Aminocyclopropane-1-carboxylate,scope_a_old83_compatible,eclipse_predec,10,SCORED,2,194,2,6,0.5,19.40625,0.25,0.025118,0.666667,0.024806,1,192,1,1,48,0,
FR-BBD3-PARENT-c0367,Benzonitrile,scope_a_old83_compatible,eclipse_predec,10,SCORED,2,158,1,6,1.0,16.140625,0,0.058341,1.0,0.058341,2,156,0,0,50,0,
FR-BBD3-PARENT-c0371,Biphenyl,scope_a_old83_compatible,eclipse_predec,10,SCORED,5,194,4,6,0.875,20.890625,0.125,0.040201,0.875,0.039971,3,191,2,0,56,0,
FR-BBD3-PARENT-c0375,p -Cymene,scope_a_old83_compatible,eclipse_predec,10,SCORED,6,210,6,6,0.921875,22.03125,0.0625,0.040163,0.936508,0.040054,5,205,1,0,54,0, has_unreachable_true_nodes
FR-BBD3-PARENT-c0388,Fluorene,scope_a_old83_compatible,eclipse_predec,10,SCORED,24,213,6,6,0.90625,19.21875,2.90625,0.045031,0.237705,0.039349,5,208,19,0,50,0, has_unreachable_true_nodes
FR-BBD3-PARENT-c0407,(+)-Camphor,scope_a_old83_compatible,eclipse_predec,10,SCORED,7,233,6,6,0.5,24.703125,0.5,0.019839,0.5,0.019453,1,231,6,1,60,0,
FR-BBD3-PARENT-c0426,Dibenzo-p-dioxin,scope_a_old83_compatible,eclipse_predec,10,SCORED,4,201,3,6,0.25,26.5,0.75,0.009346,0.25,0.009091,2,199,2,0,63,0,
FR-BBD3-PARENT-c0432,epsilon -Caprolactam,scope_a_old83_compatible,eclipse_predec,10,SCORED,2,156,2,6,0.75,13.484375,0,0.052689,1.0,0.052689,2,154,0,0,39,0,
FR-BBD3-PARENT-c0444,Carbazole,scope_a_old83_compatible,eclipse_predec,10,SCORED,4,234,3,6,0.125,29.375,0.875,0.004237,0.125,0.004115,1,233,3,0,53,0,
FR-BBD3-PARENT-c0480,Bromoxynil,scope_a_old83_compatible,eclipse_predec,10,SCORED,7,166,4,6,1.75,14.953125,0.4375,0.104771,0.8,0.102097,4,162,3,0,37,0,
FR-BBD3-PARENT-c0486,Carbon Tetrachloride,scope_a_old83_compatible,eclipse_predec,10,SCORED,6,177,4,6,1.25,15.875,0.6875,0.072993,0.645161,0.070175,3,173,3,1,30,0,
FR-BBD3-PARENT-c0526,Acetylene,scope_a_old83_compatible,eclipse_predec,10,SCORED,5,216,3,6,1.375,25.96875,0.125,0.050286,0.916667,0.050057,4,212,1,0,35,0,
FR-BBD3-PARENT-c0563,Dodecyl sulfate,scope_a_old83_compatible,eclipse_predec,10,SCORED,4,260,4,6,0.875,24.90625,0.0625,0.033939,0.933333,0.033857,3,257,1,0,32,0,
FR-BBD3-PARENT-c0593,"1,4-Dichlorobenzene",scope_a_old83_compatible,eclipse_predec,10,SCORED,5,231,4,6,0.9375,26.203125,0.5,0.034542,0.652174,0.033917,4,227,1,0,56,0,
FR-BBD3-PARENT-c0597,Cyanamide,scope_a_old83_compatible,eclipse_predec,10,SCORED,1,228,1,6,0.5,27.53125,0,0.017837,1.0,0.017837,1,227,0,0,37,0,
FR-BBD3-PARENT-c0604,Adamantanone,scope_a_old83_compatible,eclipse_predec,10,SCORED,3,162,2,6,1.25,20.703125,0,0.05694,1.0,0.05694,3,159,0,0,100,0,
FR-BBD3-PARENT-c0612,"cis -1,3-Dichloropropene",scope_a_old83_compatible,eclipse_predec,10,SCORED,3,148,3,6,0.875,11.8125,0,0.068966,1.0,0.068966,3,145,0,0,41,0,
FR-BBD3-PARENT-c0626,Limonene,scope_a_old83_compatible,eclipse_predec,10,SCORED,12,148,6,6,1.875,17.8125,1.234375,0.095238,0.603015,0.089619,5,143,7,0,87,0, has_unreachable_true_nodes
FR-BBD3-PARENT-c0639,"Hexahydro-1,3,5-trinitro-1,3,5-triazine",scope_a_old83_compatible,eclipse_predec,10,SCORED,15,222,5,6,2.0,17.65625,1.78125,0.101749,0.528926,0.093294,7,214,8,1,37,0,
FR-BBD3-PARENT-c0653,2-Chloro-N-isopropylacetanilide,scope_a_old83_compatible,eclipse_predec,10,SCORED,7,255,2,6,1.0,26.796875,1.5,0.035975,0.4,0.034133,3,251,4,1,40,0,
FR-BBD3-PARENT-c0689,Cyclohexylsulfamate,scope_a_old83_compatible,eclipse_predec,10,SCORED,2,187,2,6,0.75,14.9375,0,0.047809,1.0,0.047809,2,185,0,0,52,0,
FR-BBD3-PARENT-c0691,Dimethylphosphinate,scope_a_old83_compatible,eclipse_predec,10,SCORED,2,192,2,6,0.5,21.640625,0.25,0.022583,0.666667,0.022331,1,191,1,0,40,0,
FR-BBD3-PARENT-c0694,4-Hydroxyacetophenone,scope_a_old83_compatible,eclipse_predec,10,SCORED,3,217,2,6,1.0,21.953125,0,0.043567,1.0,0.043567,3,214,0,0,46,0,
FR-BBD3-PARENT-c0764,Bisphenol A,scope_a_old83_compatible,eclipse_predec,10,SCORED,16,183,5,6,1.5625,14.875,2.1875,0.095057,0.416667,0.083893,6,176,10,1,33,0,
FR-BBD3-PARENT-c0765,"2,4-Dichloroaniline",scope_a_old83_compatible,eclipse_predec,10,SCORED,2,187,2,6,0.75,16.296875,0,0.043996,1.0,0.043996,2,184,0,1,41,0,
FR-BBD3-PARENT-c0865,"2,4-Dichlorotoluene",scope_a_old83_compatible,eclipse_predec,10,SCORED,9,216,6,6,0.25,23.46875,0.84375,0.01054,0.228571,0.010178,1,215,8,0,44,0, has_unreachable_true_nodes
FR-BBD3-PARENT-c0897,Benzyl sulfide,scope_a_old83_compatible,eclipse_predec,10,SCORED,5,235,2,6,1.75,27.25,0.25,0.060345,0.875,0.059829,4,230,1,1,37,0,
FR-BBD3-PARENT-c0908,N-Cyclohexylisocyanide,scope_a_old83_compatible,eclipse_predec,10,SCORED,3,165,2,6,1.0,21.859375,0,0.043746,1.0,0.043746,3,162,0,0,48,0,
FR-BBD3-PARENT-c0939,Hypophosphite,scope_a_old83_compatible,eclipse_predec,10,SCORED,2,189,2,6,0.25,18.3125,0.5,0.013468,0.333333,0.013115,1,188,1,0,45,0,
FR-BBD3-PARENT-c0941,Cyclohexane,scope_a_old83_compatible,eclipse_predec,10,SCORED,6,159,6,6,0.984375,15.625,0,0.059266,1.0,0.059266,6,153,0,0,54,0, has_unreachable_true_nodes
FR-BBD3-PARENT-c0946,Branched-chain dodecylbenzene sulfonate,scope_a_old83_compatible,eclipse_predec,10,SCORED,4,254,3,6,0.625,30.140625,0.5,0.020315,0.555556,0.01999,2,252,2,0,54,0,
FR-BBD3-PARENT-c0991,Anthracene,scope_a_old83_compatible,eclipse_predec,10,SCORED,10,225,5,6,1.71875,23.53125,0.8125,0.068069,0.679012,0.065947,7,217,3,1,45,0,
FR-BBD3-PARENT-c1013,Citronellol,scope_a_old83_compatible,eclipse_predec,10,SCORED,6,218,6,6,0.8125,20.984375,0.171875,0.037276,0.825397,0.036984,3,212,3,3,43,0, has_unreachable_true_nodes
FR-BBD3-PARENT-c1019,2-Mercaptobenzothiazole,scope_a_old83_compatible,eclipse_predec,10,SCORED,11,224,4,6,2.1875,21.1875,1.75,0.093583,0.555556,0.087065,7,217,4,0,44,0,
FR-BBD3-PARENT-c1039,4-Fluorobenzoate,scope_a_old83_compatible,eclipse_predec,10,SCORED,7,211,5,6,0.40625,22.734375,1.3125,0.017556,0.236364,0.016613,3,208,4,0,61,0,
FR-BBD3-PARENT-c1043,Geraniol,scope_a_old83_compatible,eclipse_predec,10,SCORED,3,205,3,6,0.875,15.984375,0,0.0519,1.0,0.0519,3,202,0,0,39,0,
FR-BBD3-PARENT-c1066,"(-)-(1 R ,2 S ,5 R )-Menthol",scope_a_old83_compatible,eclipse_predec,10,SCORED,5,145,5,6,0.9375,10.109375,0.03125,0.084866,0.967742,0.084626,4,141,1,0,66,0,
FR-BBD3-PARENT-c1072,3-Fluorobenzoate,scope_a_old83_compatible,eclipse_predec,10,SCORED,5,197,3,6,0.625,20.46875,1.0,0.02963,0.384615,0.028289,3,194,2,0,51,0,
FR-BBD3-PARENT-c1078,Isooctane,scope_a_old83_compatible,eclipse_predec,10,SCORED,6,248,6,6,0.875,25.0,0.109375,0.033816,0.888889,0.033674,3,245,3,0,36,0, has_unreachable_true_nodes
FR-BBD3-PARENT-c1094,Caffeine,scope_a_old83_compatible,eclipse_predec,10,SCORED,15,183,3,6,2.75,13.609375,1.375,0.168099,0.666667,0.155066,9,172,6,2,35,0,
FR-BBD3-PARENT-c1161,Isoniazid,scope_a_old83_compatible,eclipse_predec,10,SCORED,11,175,5,6,1.46875,15.140625,0.71875,0.088429,0.671429,0.084761,6,169,5,0,34,0,
FR-BBD3-PARENT-c1182,Furfural,scope_a_old83_compatible,eclipse_predec,10,SCORED,5,220,4,6,1.0,24.328125,0.4375,0.039482,0.695652,0.038811,2,218,3,0,45,0,
FR-BBD3-PARENT-c1188,Endosulfan,scope_a_old83_compatible,eclipse_predec,10,SCORED,9,213,3,6,1.375,20.46875,2.0,0.062947,0.407407,0.057667,4,209,5,0,57,0,
FR-BBD3-PARENT-c1201,4-Hydroxypyridine,scope_a_old83_compatible,eclipse_predec,10,SCORED,6,184,5,6,0.53125,17.640625,0.5625,0.029235,0.485714,0.028357,2,182,4,0,55,0,
FR-BBD3-PARENT-c1263,Asulam,scope_a_old83_compatible,eclipse_predec,10,SCORED,8,173,6,6,1.078125,15.578125,0.09375,0.064728,0.92,0.064366,6,167,2,0,35,0,
FR-BBD3-PARENT-c1266,Bisphenol F,scope_a_old83_compatible,eclipse_predec,10,SCORED,5,238,4,6,0.875,23.984375,0.125,0.035198,0.875,0.035022,4,234,1,0,43,0,
FR-BBD3-PARENT-c1267,Dimethyl isophthalate,scope_a_old83_compatible,eclipse_predec,10,SCORED,4,172,4,6,0.8125,14.765625,0.125,0.052156,0.866667,0.051741,3,169,1,0,48,0,
FR-BBD3-PARENT-c1285,Carbofuran,scope_a_old83_compatible,eclipse_predec,10,SCORED,8,249,2,6,2.5,24.125,1.0,0.093897,0.714286,0.090498,6,242,2,1,43,0,
FR-BBD3-PARENT-c1296,Metamitron,scope_a_old83_compatible,eclipse_predec,10,SCORED,7,222,4,6,1.3125,19.46875,0.4375,0.063158,0.75,0.061856,4,217,3,1,50,0,
FR-BBD3-PARENT-c1313,"2,4-Dinitrotoluene",scope_a_old83_compatible,eclipse_predec,10,SCORED,8,170,5,6,1.375,14.890625,0.84375,0.084534,0.619718,0.080365,4,165,4,1,29,0,
FR-BBD3-PARENT-c1350,"3,3'-Dithiodipropionate",scope_a_old83_compatible,eclipse_predec,10,SCORED,4,220,4,6,0.5,25.5625,0.4375,0.019185,0.533333,0.018868,1,219,3,0,38,0,
FR-BBD3-PARENT-c1352,"N,N-Diethyl-m-toluamide",scope_a_old83_compatible,eclipse_predec,10,SCORED,8,201,3,6,2.625,18.375,0.25,0.125,0.913043,0.123529,7,192,1,2,46,0,
FR-BBD3-PARENT-c1354,"1,4-Dioxane",scope_a_old83_compatible,eclipse_predec,10,SCORED,8,173,4,6,1.5625,15.65625,0.125,0.090744,0.925926,0.09009,7,165,1,1,37,0,
FR-BBD3-PARENT-c1383,Benzothiophene,scope_a_old83_compatible,eclipse_predec,10,SCORED,5,280,4,6,0.875,34.609375,0.125,0.024659,0.875,0.024572,3,277,2,0,54,0,
FR-BBD3-PARENT-c1391,Cinnamate,scope_a_old83_compatible,eclipse_predec,10,SCORED,5,194,4,6,0.8125,20.703125,0.1875,0.037763,0.8125,0.037437,3,191,2,0,62,0,
FR-BBD3-PARENT-c1412,Ketoprofen,scope_a_old83_compatible,eclipse_predec,10,SCORED,1,217,1,6,0.5,20.703125,0,0.023581,1.0,0.023581,1,216,0,0,54,0,
FR-BBD3-PARENT-c1441,Alachlor,scope_a_old83_compatible,eclipse_predec,10,SCORED,15,229,4,6,2.875,26.265625,1.375,0.09866,0.676471,0.094214,8,220,7,1,33,0,
FR-BBD3-PARENT-c1457,Malathion,scope_a_old83_compatible,eclipse_predec,10,SCORED,20,223,6,6,1.5,23.015625,2.703125,0.061185,0.356877,0.055109,6,216,14,1,41,0, has_unreachable_true_nodes
FR-BBD3-PARENT-c1481,Methamidophos,scope_a_old83_compatible,eclipse_predec,10,SCORED,6,189,3,6,1.625,16.21875,0,0.091068,1.0,0.091068,6,180,0,3,30,0,
FR-BBD3-PARENT-c1524,Diazepam,scope_a_old83_compatible,eclipse_predec,10,SCORED,3,252,2,6,1.25,24.75,0,0.048077,1.0,0.048077,3,249,0,0,43,0,
FR-BBD3-PARENT-c1531,Acenaphthylene,scope_a_old83_compatible,eclipse_predec,10,SCORED,5,234,5,6,0.96875,20.0625,0,0.046062,1.0,0.046062,5,229,0,0,36,0,
FR-BBD3-PARENT-c1549,"1,5-Anhydro-D-fructose",scope_a_old83_compatible,eclipse_predec,10,SCORED,8,118,4,6,0,17.234375,2.0,0.0,0.0,0.0,0,118,8,0,88,0,
FR-BBD3-PARENT-c1586,Atenolol,scope_a_old83_compatible,eclipse_predec,10,SCORED,1,209,1,6,0.5,16.78125,0,0.028933,1.0,0.028933,1,208,0,0,33,0,
FR-BBD3-CAND-c0620,trans-3-Chloroacrylic acid,scope_b_v0_3_candidate,eclipse_predec,10,SCORED,2,180,2,6,0.5,20.40625,0.25,0.023916,0.666667,0.023634,1,179,1,0,43,0,
FR-BBD3-CAND-c0611,"trans-1,3-Dichloropropene",scope_b_v0_3_candidate,eclipse_predec,10,SCORED,3,129,3,6,0.875,11.96875,0,0.068127,1.0,0.068127,3,126,0,0,49,0,
FR-BBD3-CAND-c0282,3-Hydroxytoluene (m-Cresol),scope_b_v0_3_candidate,eclipse_predec,10,SCORED,5,160,4,6,0,13.953125,1.0,0.0,0.0,0.0,0,160,5,0,52,0,
FR-BBD3-CAND-c0257,Cyromazine (N-Cyclopropylmelamine),scope_b_v0_3_candidate,eclipse_predec,10,SCORED,4,154,3,6,0.875,12.453125,0.125,0.065651,0.875,0.065041,3,151,1,0,41,0,
FR-BBD3-CAND-c1376,"2,6-Dichlorobenzonitrile (Dichlobenil)",scope_b_v0_3_candidate,eclipse_predec,10,SCORED,5,208,4,6,0.9375,20.546875,0.25,0.043636,0.789474,0.043134,4,204,1,0,43,0,
FR-BBD3-CAND-c0971,Fosfomycin,scope_b_v0_3_candidate,eclipse_predec,10,SCORED,3,172,1,6,0.5,22.09375,1.0,0.02213,0.333333,0.021192,1,171,2,0,34,0,
FR-BBD3-CAND-c0141,gamma-Hexachlorocyclohexane,scope_b_v0_3_candidate,eclipse_predec,10,SCORED,9,227,6,6,0.765625,24.921875,0.78125,0.029805,0.494949,0.028926,3,223,6,1,54,0, has_unreachable_true_nodes
FR-BBD3-CAND-c1570,"(R,R)-Iminodisuccinate",scope_b_v0_3_candidate,eclipse_predec,10,SCORED,2,114,1,5,1.0,17.03125,0,0.055459,1.0,0.055459,2,110,0,2,62,0,
FR-BBD3-CAND-c0347,Methanesulfonate,scope_b_v0_3_candidate,eclipse_predec,10,SCORED,2,162,1,6,1.0,17.671875,0,0.053556,1.0,0.053556,2,159,0,1,35,0,
FR-BBD3-PARENT-c0001,"1,2-Dichloroethane",scope_a_old83_compatible,eclipse_noec,1,SCORED,4,4,4,4,0,0.9375,0.9375,0.0,0.0,0.0,0,4,4,0,28,0,
FR-BBD3-PARENT-c0002,Atrazine,scope_a_old83_compatible,eclipse_noec,1,SCORED,11,3,4,3,0,0.875,2.9375,0.0,0.0,0.0,0,3,11,0,19,0,
FR-BBD3-PARENT-c0006,Gallate,scope_a_old83_compatible,eclipse_noec,1,SCORED,7,4,6,4,0,0.9375,1.484375,0.0,0.0,0.0,0,4,7,0,26,0, has_unreachable_true_nodes
FR-BBD3-PARENT-c0018,"1,3-Dichloro-2-propanol",scope_a_old83_compatible,eclipse_noec,1,SCORED,4,2,4,2,0,0.75,0.9375,0.0,0.0,0.0,0,2,4,0,31,0,
FR-BBD3-PARENT-c0039,Dibenzofuran,scope_a_old83_compatible,eclipse_noec,1,SCORED,4,2,3,2,0,0.75,1.0,0.0,0.0,0.0,0,2,4,0,30,0,
FR-BBD3-PARENT-c0116,Ethylbenzene,scope_a_old83_compatible,eclipse_noec,1,SCORED,16,4,6,4,0.5,0.4375,2.1875,0.533333,0.186047,0.16,1,3,15,0,28,0,
FR-BBD3-PARENT-c0118,Dibenzothiophene,scope_a_old83_compatible,eclipse_noec,1,SCORED,6,3,4,3,0.75,0.125,0.9375,0.857143,0.444444,0.413793,2,1,4,0,24,0,
FR-BBD3-PARENT-c0121,Benzoate,scope_a_old83_compatible,eclipse_noec,1,SCORED,14,4,6,4,0,0.9375,2.734375,0.0,0.0,0.0,0,4,14,0,49,0, has_unreachable_true_nodes
FR-BBD3-PARENT-c0134,Glyphosate,scope_a_old83_compatible,eclipse_noec,1,SCORED,5,5,3,5,0.5,0.46875,1.375,0.516129,0.266667,0.213333,1,4,4,0,20,0,
FR-BBD3-PARENT-c0139,"beta -1,2,3,4,5,6-Hexachlorocyclohexane",scope_a_old83_compatible,eclipse_noec,1,SCORED,6,5,4,5,0,0.96875,1.6875,0.0,0.0,0.0,0,5,6,0,21,0,
FR-BBD3-PARENT-c0148,Acrylonitrile,scope_a_old83_compatible,eclipse_noec,1,SCORED,5,4,4,4,0,0.9375,1.4375,0.0,0.0,0.0,0,4,5,0,27,0,
FR-BBD3-PARENT-c0153,( R )-Mandelate,scope_a_old83_compatible,eclipse_noec,1,SCORED,2,2,2,2,0.5,0.25,0.25,0.666667,0.666667,0.5,1,1,1,0,44,0,
FR-BBD3-PARENT-c0163,Cyanuric acid,scope_a_old83_compatible,eclipse_noec,1,SCORED,2,2,2,2,0,0.75,0.75,0.0,0.0,0.0,0,2,2,0,22,0,
FR-BBD3-PARENT-c0177,4-Chlorobiphenyl,scope_a_old83_compatible,eclipse_noec,1,SCORED,8,2,6,2,0,0.75,1.0625,0.0,0.0,0.0,0,2,8,0,29,0,
FR-BBD3-PARENT-c0233,Dichloromethane,scope_a_old83_compatible,eclipse_noec,1,SCORED,3,2,2,2,0,0.75,1.25,0.0,0.0,0.0,0,2,3,0,28,0, has_unreachable_true_nodes
FR-BBD3-PARENT-c0236,Dimethyl Sulfoxide,scope_a_old83_compatible,eclipse_noec,1,SCORED,4,3,3,3,0.25,0.375,0.875,0.4,0.222222,0.166667,1,2,3,0,16,0,
FR-BBD3-PARENT-c0245,2-Aminobenzenesulfonate,scope_a_old83_compatible,eclipse_noec,1,SCORED,2,2,2,2,0,0.75,0.75,0.0,0.0,0.0,0,2,2,0,32,0,
FR-BBD3-PARENT-c0286,cis -3-Chloroacrylic acid,scope_a_old83_compatible,eclipse_noec,1,SCORED,2,2,2,2,0,0.75,0.75,0.0,0.0,0.0,0,2,2,0,33,0,
FR-BBD3-PARENT-c0288,"2,4-Dichlorophenoxyacetic acid",scope_a_old83_compatible,eclipse_noec,1,SCORED,18,3,6,3,0,0.875,2.640625,0.0,0.0,0.0,0,3,18,0,21,0, has_unreachable_true_nodes
FR-BBD3-PARENT-c0345,2-Aminobenzoate,scope_a_old83_compatible,eclipse_noec,1,SCORED,4,4,2,4,0,0.9375,1.75,0.0,0.0,0.0,0,4,4,0,35,0,
FR-BBD3-PARENT-c0352,1-Aminocyclopropane-1-carboxylate,scope_a_old83_compatible,eclipse_noec,1,SCORED,2,4,2,4,0,0.9375,0.75,0.0,0.0,0.0,0,4,2,0,28,0,
FR-BBD3-PARENT-c0367,Benzonitrile,scope_a_old83_compatible,eclipse_noec,1,SCORED,2,3,1,3,1.0,0.125,0,0.888889,1.0,0.888889,2,1,0,0,23,0,
FR-BBD3-PARENT-c0371,Biphenyl,scope_a_old83_compatible,eclipse_noec,1,SCORED,5,3,4,3,0,0.875,1.0,0.0,0.0,0.0,0,3,5,0,31,0,
FR-BBD3-PARENT-c0375,p -Cymene,scope_a_old83_compatible,eclipse_noec,1,SCORED,6,4,6,4,0,0.9375,0.984375,0.0,0.0,0.0,0,4,6,0,25,0, has_unreachable_true_nodes
FR-BBD3-PARENT-c0388,Fluorene,scope_a_old83_compatible,eclipse_noec,1,SCORED,24,3,6,3,0,0.875,3.8125,0.0,0.0,0.0,0,3,24,0,37,0, has_unreachable_true_nodes
FR-BBD3-PARENT-c0407,(+)-Camphor,scope_a_old83_compatible,eclipse_noec,1,SCORED,7,3,6,3,0,0.875,1.0,0.0,0.0,0.0,0,3,7,0,80,0,
FR-BBD3-PARENT-c0426,Dibenzo-p-dioxin,scope_a_old83_compatible,eclipse_noec,1,SCORED,4,3,3,3,0.125,0.375,0.875,0.25,0.125,0.090909,1,2,3,0,39,0,
FR-BBD3-PARENT-c0432,epsilon -Caprolactam,scope_a_old83_compatible,eclipse_noec,1,SCORED,2,4,2,4,0.75,0,0,1.0,1.0,1.0,2,0,0,2,24,0,
FR-BBD3-PARENT-c0444,Carbazole,scope_a_old83_compatible,eclipse_noec,1,SCORED,4,2,3,2,0,0.75,1.0,0.0,0.0,0.0,0,2,4,0,31,0,
FR-BBD3-PARENT-c0480,Bromoxynil,scope_a_old83_compatible,eclipse_noec,1,SCORED,7,4,4,4,1.0,0.1875,1.1875,0.842105,0.457143,0.421053,2,2,5,0,22,0,
FR-BBD3-PARENT-c0486,Carbon Tetrachloride,scope_a_old83_compatible,eclipse_noec,1,SCORED,6,4,4,4,0.5,0.4375,1.4375,0.533333,0.258065,0.210526,1,3,5,0,24,0,
FR-BBD3-PARENT-c0526,Acetylene,scope_a_old83_compatible,eclipse_noec,1,SCORED,5,4,3,4,0,0.9375,1.5,0.0,0.0,0.0,0,4,5,0,27,0,
FR-BBD3-PARENT-c0563,Dodecyl sulfate,scope_a_old83_compatible,eclipse_noec,1,SCORED,4,6,4,6,0.875,0.109375,0.0625,0.888889,0.933333,0.835821,3,3,1,0,13,0,
FR-BBD3-PARENT-c0593,"1,4-Dichlorobenzene",scope_a_old83_compatible,eclipse_noec,1,SCORED,5,6,4,6,0.5,0.484375,0.9375,0.507937,0.347826,0.260163,1,5,4,0,23,0,
FR-BBD3-PARENT-c0597,Cyanamide,scope_a_old83_compatible,eclipse_noec,1,SCORED,1,2,1,2,0,0.75,0.5,0.0,0.0,0.0,0,2,1,0,20,0,
FR-BBD3-PARENT-c0604,Adamantanone,scope_a_old83_compatible,eclipse_noec,1,SCORED,3,4,2,4,0,0.9375,1.25,0.0,0.0,0.0,0,4,3,0,62,0,
FR-BBD3-PARENT-c0612,"cis -1,3-Dichloropropene",scope_a_old83_compatible,eclipse_noec,1,SCORED,3,3,3,3,0,0.875,0.875,0.0,0.0,0.0,0,3,3,0,29,0,
FR-BBD3-PARENT-c0626,Limonene,scope_a_old83_compatible,eclipse_noec,1,SCORED,12,3,6,3,0.75,0.125,2.359375,0.857143,0.241206,0.231884,2,1,10,0,62,0, has_unreachable_true_nodes
FR-BBD3-PARENT-c0639,"Hexahydro-1,3,5-trinitro-1,3,5-triazine",scope_a_old83_compatible,eclipse_noec,1,SCORED,15,3,5,3,0,0.875,3.78125,0.0,0.0,0.0,0,3,15,0,15,0,
FR-BBD3-PARENT-c0653,2-Chloro-N-isopropylacetanilide,scope_a_old83_compatible,eclipse_noec,1,SCORED,7,4,2,4,0,0.9375,2.5,0.0,0.0,0.0,0,4,7,0,22,0,
FR-BBD3-PARENT-c0689,Cyclohexylsulfamate,scope_a_old83_compatible,eclipse_noec,1,SCORED,2,4,2,4,0.5,0.4375,0.25,0.533333,0.666667,0.421053,1,3,1,0,20,0,
FR-BBD3-PARENT-c0691,Dimethylphosphinate,scope_a_old83_compatible,eclipse_noec,1,SCORED,2,4,2,4,0.75,0,0,1.0,1.0,1.0,2,0,0,2,21,0,
FR-BBD3-PARENT-c0694,4-Hydroxyacetophenone,scope_a_old83_compatible,eclipse_noec,1,SCORED,3,2,2,2,0,0.75,1.0,0.0,0.0,0.0,0,2,3,0,37,0,
FR-BBD3-PARENT-c0764,Bisphenol A,scope_a_old83_compatible,eclipse_noec,1,SCORED,16,4,5,4,0.375,0.1875,3.375,0.666667,0.1,0.095238,2,2,14,0,40,0,
FR-BBD3-PARENT-c0765,"2,4-Dichloroaniline",scope_a_old83_compatible,eclipse_noec,1,SCORED,2,4,2,4,0,0.9375,0.75,0.0,0.0,0.0,0,4,2,0,27,0,
FR-BBD3-PARENT-c0865,"2,4-Dichlorotoluene",scope_a_old83_compatible,eclipse_noec,1,SCORED,9,4,6,4,0,0.9375,1.09375,0.0,0.0,0.0,0,4,9,0,23,0, has_unreachable_true_nodes
FR-BBD3-PARENT-c0897,Benzyl sulfide,scope_a_old83_compatible,eclipse_noec,1,SCORED,5,4,2,4,0.5,0.4375,1.5,0.533333,0.25,0.205128,1,3,4,0,24,0,
FR-BBD3-PARENT-c0908,N-Cyclohexylisocyanide,scope_a_old83_compatible,eclipse_noec,1,SCORED,3,2,2,2,0.25,0.25,0.75,0.5,0.25,0.2,1,1,2,0,25,0,
FR-BBD3-PARENT-c0939,Hypophosphite,scope_a_old83_compatible,eclipse_noec,1,SCORED,2,5,2,5,0.25,0.46875,0.5,0.347826,0.333333,0.205128,1,4,1,0,16,0,
FR-BBD3-PARENT-c0941,Cyclohexane,scope_a_old83_compatible,eclipse_noec,1,SCORED,6,4,6,4,0,0.9375,0.984375,0.0,0.0,0.0,0,4,6,0,27,0, has_unreachable_true_nodes
FR-BBD3-PARENT-c0946,Branched-chain dodecylbenzene sulfonate,scope_a_old83_compatible,eclipse_noec,1,SCORED,4,3,3,3,0.5,0.375,0.625,0.571429,0.444444,0.333333,1,2,3,0,32,0,
FR-BBD3-PARENT-c0991,Anthracene,scope_a_old83_compatible,eclipse_noec,1,SCORED,10,3,5,3,0,0.875,2.53125,0.0,0.0,0.0,0,3,10,0,37,0,
FR-BBD3-PARENT-c1013,Citronellol,scope_a_old83_compatible,eclipse_noec,1,SCORED,6,4,6,4,0.5,0.4375,0.484375,0.533333,0.507937,0.351648,1,3,5,0,20,0, has_unreachable_true_nodes
FR-BBD3-PARENT-c1019,2-Mercaptobenzothiazole,scope_a_old83_compatible,eclipse_noec,1,SCORED,11,2,4,2,0.5,0.25,3.4375,0.666667,0.126984,0.119403,1,1,10,0,19,0,
FR-BBD3-PARENT-c1039,4-Fluorobenzoate,scope_a_old83_compatible,eclipse_noec,1,SCORED,7,4,5,4,0,0.9375,1.71875,0.0,0.0,0.0,0,4,7,0,41,0,
FR-BBD3-PARENT-c1043,Geraniol,scope_a_old83_compatible,eclipse_noec,1,SCORED,3,6,3,6,0.75,0.109375,0.125,0.872727,0.857143,0.761905,2,3,1,1,19,0,
FR-BBD3-PARENT-c1066,"(-)-(1 R ,2 S ,5 R )-Menthol",scope_a_old83_compatible,eclipse_noec,1,SCORED,5,1,5,1,0.5,0,0.46875,1.0,0.516129,0.516129,1,0,4,0,41,0,
FR-BBD3-PARENT-c1072,3-Fluorobenzoate,scope_a_old83_compatible,eclipse_noec,1,SCORED,5,6,3,6,0,0.984375,1.625,0.0,0.0,0.0,0,6,5,0,39,0,
FR-BBD3-PARENT-c1078,Isooctane,scope_a_old83_compatible,eclipse_noec,1,SCORED,6,3,6,3,0,0.875,0.984375,0.0,0.0,0.0,0,3,6,0,22,0, has_unreachable_true_nodes
FR-BBD3-PARENT-c1094,Caffeine,scope_a_old83_compatible,eclipse_noec,1,SCORED,15,2,3,2,0.75,0,3.375,1.0,0.181818,0.181818,2,0,13,0,22,0,
FR-BBD3-PARENT-c1161,Isoniazid,scope_a_old83_compatible,eclipse_noec,1,SCORED,11,4,5,4,0,0.9375,2.1875,0.0,0.0,0.0,0,4,11,0,18,0,
FR-BBD3-PARENT-c1182,Furfural,scope_a_old83_compatible,eclipse_noec,1,SCORED,5,2,4,2,0.5,0.25,0.9375,0.666667,0.347826,0.296296,1,1,4,0,29,0,
FR-BBD3-PARENT-c1188,Endosulfan,scope_a_old83_compatible,eclipse_noec,1,SCORED,9,3,3,3,1.0,0.125,2.375,0.888889,0.296296,0.285714,2,1,7,0,52,0,
FR-BBD3-PARENT-c1201,4-Hydroxypyridine,scope_a_old83_compatible,eclipse_noec,1,SCORED,6,2,5,2,0.5,0.25,0.59375,0.666667,0.457143,0.372093,1,1,5,0,33,0,
FR-BBD3-PARENT-c1263,Asulam,scope_a_old83_compatible,eclipse_noec,1,SCORED,8,4,6,4,0.75,0.0625,0.421875,0.923077,0.64,0.607595,3,1,5,0,21,0,
FR-BBD3-PARENT-c1266,Bisphenol F,scope_a_old83_compatible,eclipse_noec,1,SCORED,5,2,4,2,0,0.75,1.0,0.0,0.0,0.0,0,2,5,0,32,0,
FR-BBD3-PARENT-c1267,Dimethyl isophthalate,scope_a_old83_compatible,eclipse_noec,1,SCORED,4,3,4,3,0.25,0.375,0.6875,0.4,0.266667,0.190476,1,2,3,0,18,0,
FR-BBD3-PARENT-c1285,Carbofuran,scope_a_old83_compatible,eclipse_noec,1,SCORED,8,2,2,2,0.75,0,2.75,1.0,0.214286,0.214286,2,0,6,0,25,0,
FR-BBD3-PARENT-c1296,Metamitron,scope_a_old83_compatible,eclipse_noec,1,SCORED,7,2,4,2,0,0.75,1.75,0.0,0.0,0.0,0,2,7,0,20,0,
FR-BBD3-PARENT-c1313,"2,4-Dinitrotoluene",scope_a_old83_compatible,eclipse_noec,1,SCORED,8,3,5,3,0.5,0.375,1.71875,0.571429,0.225352,0.192771,1,2,7,0,14,0,
FR-BBD3-PARENT-c1350,"3,3'-Dithiodipropionate",scope_a_old83_compatible,eclipse_noec,1,SCORED,4,4,4,4,0.5,0.4375,0.4375,0.533333,0.533333,0.363636,1,3,3,0,21,0,
FR-BBD3-PARENT-c1352,"N,N-Diethyl-m-toluamide",scope_a_old83_compatible,eclipse_noec,1,SCORED,8,4,3,4,0,0.9375,2.875,0.0,0.0,0.0,0,4,8,0,32,0,
FR-BBD3-PARENT-c1354,"1,4-Dioxane",scope_a_old83_compatible,eclipse_noec,1,SCORED,8,2,4,2,0,0.75,1.6875,0.0,0.0,0.0,0,2,8,0,18,0,
FR-BBD3-PARENT-c1383,Benzothiophene,scope_a_old83_compatible,eclipse_noec,1,SCORED,5,4,4,4,0.5,0.4375,0.5,0.533333,0.5,0.347826,1,3,4,0,24,0,
FR-BBD3-PARENT-c1391,Cinnamate,scope_a_old83_compatible,eclipse_noec,1,SCORED,5,4,4,4,0,0.9375,1.0,0.0,0.0,0.0,0,4,5,0,31,0,
FR-BBD3-PARENT-c1412,Ketoprofen,scope_a_old83_compatible,eclipse_noec,1,SCORED,1,6,1,6,0.5,0.484375,0,0.507937,1.0,0.507937,1,5,0,0,23,0,
FR-BBD3-PARENT-c1441,Alachlor,scope_a_old83_compatible,eclipse_noec,1,SCORED,15,2,4,2,0,0.75,4.25,0.0,0.0,0.0,0,2,15,0,24,0,
FR-BBD3-PARENT-c1457,Malathion,scope_a_old83_compatible,eclipse_noec,1,SCORED,20,2,6,2,0.015625,0.5,4.1875,0.030303,0.003717,0.003322,1,1,19,0,26,0, has_unreachable_true_nodes
FR-BBD3-PARENT-c1481,Methamidophos,scope_a_old83_compatible,eclipse_noec,1,SCORED,6,5,3,5,0.5,0.46875,1.125,0.516129,0.307692,0.238806,1,4,5,0,13,0,
FR-BBD3-PARENT-c1524,Diazepam,scope_a_old83_compatible,eclipse_noec,1,SCORED,3,3,2,3,0,0.875,1.25,0.0,0.0,0.0,0,3,3,0,24,0,
FR-BBD3-PARENT-c1531,Acenaphthylene,scope_a_old83_compatible,eclipse_noec,1,SCORED,5,5,5,5,0,0.96875,0.96875,0.0,0.0,0.0,0,5,5,0,39,0,
FR-BBD3-PARENT-c1549,"1,5-Anhydro-D-fructose",scope_a_old83_compatible,eclipse_noec,1,SCORED,8,2,4,2,0,0.75,2.0,0.0,0.0,0.0,0,2,8,0,45,0,
FR-BBD3-PARENT-c1586,Atenolol,scope_a_old83_compatible,eclipse_noec,1,SCORED,1,4,1,4,0,0.9375,0.5,0.0,0.0,0.0,0,4,1,0,25,0,
FR-BBD3-CAND-c0620,trans-3-Chloroacrylic acid,scope_b_v0_3_candidate,eclipse_noec,1,SCORED,2,2,2,2,0,0.75,0.75,0.0,0.0,0.0,0,2,2,0,31,0,
FR-BBD3-CAND-c0611,"trans-1,3-Dichloropropene",scope_b_v0_3_candidate,eclipse_noec,1,SCORED,3,4,3,4,0,0.9375,0.875,0.0,0.0,0.0,0,4,3,0,33,0,
FR-BBD3-CAND-c0282,3-Hydroxytoluene (m-Cresol),scope_b_v0_3_candidate,eclipse_noec,1,SCORED,5,4,4,4,0,0.9375,1.0,0.0,0.0,0.0,0,4,5,0,24,0,
FR-BBD3-CAND-c0257,Cyromazine (N-Cyclopropylmelamine),scope_b_v0_3_candidate,eclipse_noec,1,SCORED,4,4,3,4,0,0.9375,1.0,0.0,0.0,0.0,0,4,4,0,24,0,
FR-BBD3-CAND-c1376,"2,6-Dichlorobenzonitrile (Dichlobenil)",scope_b_v0_3_candidate,eclipse_noec,1,SCORED,5,5,4,5,0,0.96875,1.1875,0.0,0.0,0.0,0,5,5,0,18,0,
FR-BBD3-CAND-c0971,Fosfomycin,scope_b_v0_3_candidate,eclipse_noec,1,SCORED,3,2,1,2,0,0.75,1.5,0.0,0.0,0.0,0,2,3,0,26,0,
FR-BBD3-CAND-c0141,gamma-Hexachlorocyclohexane,scope_b_v0_3_candidate,eclipse_noec,1,SCORED,9,5,6,5,0.25,0.84375,1.296875,0.228571,0.161616,0.104575,1,4,8,0,24,0, has_unreachable_true_nodes
FR-BBD3-CAND-c1570,"(R,R)-Iminodisuccinate",scope_b_v0_3_candidate,eclipse_noec,1,SCORED,2,3,1,3,0.5,0.375,0.5,0.571429,0.5,0.363636,1,2,1,0,37,0,
FR-BBD3-CAND-c0347,Methanesulfonate,scope_b_v0_3_candidate,eclipse_noec,1,SCORED,2,3,1,3,0.5,0.375,0.5,0.571429,0.5,0.363636,1,2,1,0,19,0,
FR-BBD3-PARENT-c0001,"1,2-Dichloroethane",scope_a_old83_compatible,eclipse_noec,3,SCORED,4,42,4,4,0.0625,6.4375,0.875,0.009615,0.066667,0.008475,1,41,3,0,28,0,
FR-BBD3-PARENT-c0002,Atrazine,scope_a_old83_compatible,eclipse_noec,3,SCORED,11,52,4,4,0.5,7.0,2.4375,0.066667,0.170213,0.050314,1,51,10,0,19,0,
FR-BBD3-PARENT-c0006,Gallate,scope_a_old83_compatible,eclipse_noec,3,SCORED,7,23,6,5,0.375,3.78125,1.109375,0.090226,0.252632,0.071217,2,21,5,0,26,0, has_unreachable_true_nodes
FR-BBD3-PARENT-c0018,"1,3-Dichloro-2-propanol",scope_a_old83_compatible,eclipse_noec,3,SCORED,4,36,4,4,0.5,5.3125,0.4375,0.086022,0.533333,0.08,1,34,3,1,31,0,
FR-BBD3-PARENT-c0039,Dibenzofuran,scope_a_old83_compatible,eclipse_noec,3,SCORED,4,33,3,5,0,5.59375,1.0,0.0,0.0,0.0,0,33,4,0,30,0,
FR-BBD3-PARENT-c0116,Ethylbenzene,scope_a_old83_compatible,eclipse_noec,3,SCORED,16,27,6,4,0.5,4.5625,2.1875,0.098765,0.186047,0.068966,1,26,15,0,28,0,
FR-BBD3-PARENT-c0118,Dibenzothiophene,scope_a_old83_compatible,eclipse_noec,3,SCORED,6,41,4,4,0.8125,5.9375,0.875,0.12037,0.481481,0.106557,3,38,3,0,24,0,
FR-BBD3-PARENT-c0121,Benzoate,scope_a_old83_compatible,eclipse_noec,3,SCORED,14,31,6,5,0.75,4.21875,1.984375,0.150943,0.274286,0.107865,2,29,12,0,49,0, has_unreachable_true_nodes
FR-BBD3-PARENT-c0134,Glyphosate,scope_a_old83_compatible,eclipse_noec,3,SCORED,5,43,3,4,0.5,5.875,1.375,0.078431,0.266667,0.064516,1,42,4,0,20,0,
FR-BBD3-PARENT-c0139,"beta -1,2,3,4,5,6-Hexachlorocyclohexane",scope_a_old83_compatible,eclipse_noec,3,SCORED,6,32,4,4,0.25,5.1875,1.4375,0.045977,0.148148,0.036364,1,31,5,0,21,0,
FR-BBD3-PARENT-c0148,Acrylonitrile,scope_a_old83_compatible,eclipse_noec,3,SCORED,5,48,4,5,0,6.71875,1.4375,0.0,0.0,0.0,0,48,5,0,27,0,
FR-BBD3-PARENT-c0153,( R )-Mandelate,scope_a_old83_compatible,eclipse_noec,3,SCORED,2,10,2,2,0.5,2.75,0.25,0.153846,0.666667,0.142857,1,9,1,0,44,0,
FR-BBD3-PARENT-c0163,Cyanuric acid,scope_a_old83_compatible,eclipse_noec,3,SCORED,2,44,2,6,0.75,5.0625,0,0.129032,1.0,0.129032,2,41,0,1,22,0,
FR-BBD3-PARENT-c0177,4-Chlorobiphenyl,scope_a_old83_compatible,eclipse_noec,3,SCORED,8,26,6,4,0,5.0,1.0625,0.0,0.0,0.0,0,26,8,0,29,0,
FR-BBD3-PARENT-c0233,Dichloromethane,scope_a_old83_compatible,eclipse_noec,3,SCORED,3,49,2,4,0.5,6.4375,0.75,0.072072,0.4,0.065041,1,46,2,2,28,0, has_unreachable_true_nodes
FR-BBD3-PARENT-c0236,Dimethyl Sulfoxide,scope_a_old83_compatible,eclipse_noec,3,SCORED,4,47,3,5,0.5,6.09375,0.625,0.075829,0.444444,0.069264,2,45,2,0,16,0,
FR-BBD3-PARENT-c0245,2-Aminobenzenesulfonate,scope_a_old83_compatible,eclipse_noec,3,SCORED,2,34,2,4,0.25,5.75,0.5,0.041667,0.333333,0.038462,1,33,1,0,32,0,
FR-BBD3-PARENT-c0286,cis -3-Chloroacrylic acid,scope_a_old83_compatible,eclipse_noec,3,SCORED,2,26,2,6,0.5,3.421875,0.25,0.12749,0.666667,0.11985,1,23,1,2,33,0,
FR-BBD3-PARENT-c0288,"2,4-Dichlorophenoxyacetic acid",scope_a_old83_compatible,eclipse_noec,3,SCORED,18,43,6,5,1.5,4.375,1.140625,0.255319,0.568047,0.213808,4,35,14,4,21,0, has_unreachable_true_nodes
FR-BBD3-PARENT-c0345,2-Aminobenzoate,scope_a_old83_compatible,eclipse_noec,3,SCORED,4,36,2,4,1.0,4.875,0.75,0.170213,0.571429,0.150943,2,33,2,1,35,0,
FR-BBD3-PARENT-c0352,1-Aminocyclopropane-1-carboxylate,scope_a_old83_compatible,eclipse_noec,3,SCORED,2,39,2,6,0.5,4.859375,0.25,0.093294,0.666667,0.089136,1,36,1,2,28,0,
FR-BBD3-PARENT-c0367,Benzonitrile,scope_a_old83_compatible,eclipse_noec,3,SCORED,2,37,1,6,1.0,4.796875,0,0.172507,1.0,0.172507,2,35,0,0,23,0,
FR-BBD3-PARENT-c0371,Biphenyl,scope_a_old83_compatible,eclipse_noec,3,SCORED,5,33,4,4,0,5.5625,1.0,0.0,0.0,0.0,0,33,5,0,31,0,
FR-BBD3-PARENT-c0375,p -Cymene,scope_a_old83_compatible,eclipse_noec,3,SCORED,6,40,6,4,0.875,5.5625,0.109375,0.135922,0.888889,0.133652,3,37,3,0,25,0, has_unreachable_true_nodes
FR-BBD3-PARENT-c0388,Fluorene,scope_a_old83_compatible,eclipse_noec,3,SCORED,24,42,6,4,0.75,5.75,3.0625,0.115385,0.196721,0.078431,2,40,22,0,37,0, has_unreachable_true_nodes
FR-BBD3-PARENT-c0407,(+)-Camphor,scope_a_old83_compatible,eclipse_noec,3,SCORED,7,19,6,4,0,3.625,1.0,0.0,0.0,0.0,0,19,7,0,80,0,
FR-BBD3-PARENT-c0426,Dibenzo-p-dioxin,scope_a_old83_compatible,eclipse_noec,3,SCORED,4,43,3,6,0.125,5.875,0.875,0.020833,0.125,0.018182,1,42,3,0,39,0,
FR-BBD3-PARENT-c0432,epsilon -Caprolactam,scope_a_old83_compatible,eclipse_noec,3,SCORED,2,44,2,5,0.75,5.71875,0,0.115942,1.0,0.115942,2,40,0,2,24,0,
FR-BBD3-PARENT-c0444,Carbazole,scope_a_old83_compatible,eclipse_noec,3,SCORED,4,33,3,4,0,5.5625,1.0,0.0,0.0,0.0,0,33,4,0,31,0,
FR-BBD3-PARENT-c0480,Bromoxynil,scope_a_old83_compatible,eclipse_noec,3,SCORED,7,56,4,6,1.25,5.359375,0.9375,0.189125,0.571429,0.165631,3,53,4,0,22,0,
FR-BBD3-PARENT-c0486,Carbon Tetrachloride,scope_a_old83_compatible,eclipse_noec,3,SCORED,6,23,4,6,0.5,3.546875,1.4375,0.123552,0.258065,0.091168,1,22,5,0,24,0,
FR-BBD3-PARENT-c0526,Acetylene,scope_a_old83_compatible,eclipse_noec,3,SCORED,5,41,3,4,0,6.5625,1.5,0.0,0.0,0.0,0,41,5,0,27,0,
FR-BBD3-PARENT-c0563,Dodecyl sulfate,scope_a_old83_compatible,eclipse_noec,3,SCORED,4,25,4,4,0.875,3.6875,0.0625,0.191781,0.933333,0.189189,3,22,1,0,13,0,
FR-BBD3-PARENT-c0593,"1,4-Dichlorobenzene",scope_a_old83_compatible,eclipse_noec,3,SCORED,5,34,4,6,0.5,4.640625,0.9375,0.097264,0.347826,0.082262,1,33,4,0,23,0,
FR-BBD3-PARENT-c0597,Cyanamide,scope_a_old83_compatible,eclipse_noec,3,SCORED,1,35,1,4,0,5.75,0.5,0.0,0.0,0.0,0,35,1,0,20,0,
FR-BBD3-PARENT-c0604,Adamantanone,scope_a_old83_compatible,eclipse_noec,3,SCORED,3,16,2,4,0,3.5625,1.25,0.0,0.0,0.0,0,16,3,0,62,0,
FR-BBD3-PARENT-c0612,"cis -1,3-Dichloropropene",scope_a_old83_compatible,eclipse_noec,3,SCORED,3,28,3,4,0,4.5625,0.875,0.0,0.0,0.0,0,28,3,0,29,0,
FR-BBD3-PARENT-c0626,Limonene,scope_a_old83_compatible,eclipse_noec,3,SCORED,12,22,6,4,1.25,3.1875,1.859375,0.28169,0.40201,0.198511,3,19,9,0,62,0, has_unreachable_true_nodes
FR-BBD3-PARENT-c0639,"Hexahydro-1,3,5-trinitro-1,3,5-triazine",scope_a_old83_compatible,eclipse_noec,3,SCORED,15,40,5,5,1.5,4.25,2.28125,0.26087,0.396694,0.18677,4,34,11,2,15,0,
FR-BBD3-PARENT-c0653,2-Chloro-N-isopropylacetanilide,scope_a_old83_compatible,eclipse_noec,3,SCORED,7,28,2,6,1.0,4.203125,1.5,0.192192,0.4,0.149184,3,25,4,0,22,0,
FR-BBD3-PARENT-c0689,Cyclohexylsulfamate,scope_a_old83_compatible,eclipse_noec,3,SCORED,2,46,2,4,0.5,6.4375,0.25,0.072072,0.666667,0.069565,1,45,1,0,20,0,
FR-BBD3-PARENT-c0691,Dimethylphosphinate,scope_a_old83_compatible,eclipse_noec,3,SCORED,2,43,2,4,0.75,5.375,0,0.122449,1.0,0.122449,2,39,0,2,21,0,
FR-BBD3-PARENT-c0694,4-Hydroxyacetophenone,scope_a_old83_compatible,eclipse_noec,3,SCORED,3,11,2,2,0,3.5,1.0,0.0,0.0,0.0,0,11,3,0,37,0,
FR-BBD3-PARENT-c0764,Bisphenol A,scope_a_old83_compatible,eclipse_noec,3,SCORED,16,31,5,4,0.9375,4.0625,2.8125,0.1875,0.25,0.12,4,27,12,0,40,0,
FR-BBD3-PARENT-c0765,"2,4-Dichloroaniline",scope_a_old83_compatible,eclipse_noec,3,SCORED,2,32,2,4,0.5,4.875,0.25,0.093023,0.666667,0.088889,1,31,1,0,27,0,
FR-BBD3-PARENT-c0865,"2,4-Dichlorotoluene",scope_a_old83_compatible,eclipse_noec,3,SCORED,9,25,6,4,0,4.8125,1.09375,0.0,0.0,0.0,0,25,9,0,23,0, has_unreachable_true_nodes
FR-BBD3-PARENT-c0897,Benzyl sulfide,scope_a_old83_compatible,eclipse_noec,3,SCORED,5,23,2,4,1.25,3.25,0.75,0.277778,0.625,0.238095,3,20,2,0,24,0,
FR-BBD3-PARENT-c0908,N-Cyclohexylisocyanide,scope_a_old83_compatible,eclipse_noec,3,SCORED,3,23,2,4,0.5,4.125,0.5,0.108108,0.5,0.097561,2,21,1,0,25,0,
FR-BBD3-PARENT-c0939,Hypophosphite,scope_a_old83_compatible,eclipse_noec,3,SCORED,2,31,2,4,0.25,4.625,0.5,0.051282,0.333333,0.046512,1,30,1,0,16,0,
FR-BBD3-PARENT-c0941,Cyclohexane,scope_a_old83_compatible,eclipse_noec,3,SCORED,6,27,6,4,0.921875,3.875,0.0625,0.192182,0.936508,0.189711,5,21,1,1,27,0, has_unreachable_true_nodes
FR-BBD3-PARENT-c0946,Branched-chain dodecylbenzene sulfonate,scope_a_old83_compatible,eclipse_noec,3,SCORED,4,40,3,4,0.5,5.875,0.625,0.078431,0.444444,0.071429,1,39,3,0,32,0,
FR-BBD3-PARENT-c0991,Anthracene,scope_a_old83_compatible,eclipse_noec,3,SCORED,10,33,5,6,0.75,4.578125,1.78125,0.140762,0.296296,0.105495,2,26,8,5,37,0,
FR-BBD3-PARENT-c1013,Citronellol,scope_a_old83_compatible,eclipse_noec,3,SCORED,6,37,6,6,0.75,4.5,0.234375,0.142857,0.761905,0.136752,2,33,4,2,20,0, has_unreachable_true_nodes
FR-BBD3-PARENT-c1019,2-Mercaptobenzothiazole,scope_a_old83_compatible,eclipse_noec,3,SCORED,11,36,4,5,1.875,3.71875,2.0625,0.335196,0.47619,0.244898,5,30,6,1,19,0,
FR-BBD3-PARENT-c1039,4-Fluorobenzoate,scope_a_old83_compatible,eclipse_noec,3,SCORED,7,40,5,4,0,6.25,1.71875,0.0,0.0,0.0,0,40,7,0,41,0,
FR-BBD3-PARENT-c1043,Geraniol,scope_a_old83_compatible,eclipse_noec,3,SCORED,3,35,3,4,0.75,4.8125,0.125,0.134831,0.857143,0.131868,2,33,1,0,19,0,
FR-BBD3-PARENT-c1066,"(-)-(1 R ,2 S ,5 R )-Menthol",scope_a_old83_compatible,eclipse_noec,3,SCORED,5,29,5,4,0.9375,3.0625,0.03125,0.234375,0.967742,0.232558,4,24,1,1,41,0,
FR-BBD3-PARENT-c1072,3-Fluorobenzoate,scope_a_old83_compatible,eclipse_noec,3,SCORED,5,42,3,5,0,6.09375,1.625,0.0,0.0,0.0,0,42,5,0,39,0,
FR-BBD3-PARENT-c1078,Isooctane,scope_a_old83_compatible,eclipse_noec,3,SCORED,6,44,6,5,0,6.375,0.984375,0.0,0.0,0.0,0,44,6,0,22,0, has_unreachable_true_nodes
FR-BBD3-PARENT-c1094,Caffeine,scope_a_old83_compatible,eclipse_noec,3,SCORED,15,51,3,6,3.125,3.625,1.0,0.462963,0.757576,0.403226,9,39,6,3,22,0,
FR-BBD3-PARENT-c1161,Isoniazid,scope_a_old83_compatible,eclipse_noec,3,SCORED,11,40,5,4,1.375,4.8125,0.8125,0.222222,0.628571,0.196429,4,36,7,0,18,0,
FR-BBD3-PARENT-c1182,Furfural,scope_a_old83_compatible,eclipse_noec,3,SCORED,5,45,4,6,1.0,4.125,0.4375,0.195122,0.695652,0.179775,2,43,3,0,29,0,
FR-BBD3-PARENT-c1188,Endosulfan,scope_a_old83_compatible,eclipse_noec,3,SCORED,9,41,3,4,1.5,5.125,1.875,0.226415,0.444444,0.176471,3,37,6,1,52,0,
FR-BBD3-PARENT-c1201,4-Hydroxypyridine,scope_a_old83_compatible,eclipse_noec,3,SCORED,6,19,5,4,0.5,4.0,0.59375,0.111111,0.457143,0.09816,1,18,5,0,33,0,
FR-BBD3-PARENT-c1263,Asulam,scope_a_old83_compatible,eclipse_noec,3,SCORED,8,44,6,6,1.0625,4.09375,0.109375,0.206061,0.906667,0.20178,5,39,3,0,21,0,
FR-BBD3-PARENT-c1266,Bisphenol F,scope_a_old83_compatible,eclipse_noec,3,SCORED,5,29,4,4,0.0625,5.25,0.9375,0.011765,0.0625,0.01,1,28,4,0,32,0,
FR-BBD3-PARENT-c1267,Dimethyl isophthalate,scope_a_old83_compatible,eclipse_noec,3,SCORED,4,32,4,4,0.8125,3.375,0.125,0.19403,0.866667,0.188406,3,27,1,2,18,0,
FR-BBD3-PARENT-c1285,Carbofuran,scope_a_old83_compatible,eclipse_noec,3,SCORED,8,42,2,5,0.75,5.5625,2.75,0.118812,0.214286,0.082759,2,40,6,0,25,0,
FR-BBD3-PARENT-c1296,Metamitron,scope_a_old83_compatible,eclipse_noec,3,SCORED,7,51,4,5,0.5,6.09375,1.25,0.075829,0.285714,0.063745,1,49,6,1,20,0,
FR-BBD3-PARENT-c1313,"2,4-Dinitrotoluene",scope_a_old83_compatible,eclipse_noec,3,SCORED,8,35,5,4,1.375,4.0,0.84375,0.255814,0.619718,0.221106,4,31,4,0,14,0,
FR-BBD3-PARENT-c1350,"3,3'-Dithiodipropionate",scope_a_old83_compatible,eclipse_noec,3,SCORED,4,65,4,6,0.5,7.203125,0.4375,0.064909,0.533333,0.06142,1,64,3,0,21,0,
FR-BBD3-PARENT-c1352,"N,N-Diethyl-m-toluamide",scope_a_old83_compatible,eclipse_noec,3,SCORED,8,36,3,4,1.875,4.3125,1.0,0.30303,0.652174,0.26087,6,30,2,0,32,0,
FR-BBD3-PARENT-c1354,"1,4-Dioxane",scope_a_old83_compatible,eclipse_noec,3,SCORED,8,17,4,4,0.75,3.5,0.9375,0.176471,0.444444,0.144578,2,15,6,0,18,0,
FR-BBD3-PARENT-c1383,Benzothiophene,scope_a_old83_compatible,eclipse_noec,3,SCORED,5,44,4,4,0.75,5.875,0.25,0.113208,0.75,0.109091,2,42,3,0,24,0,
FR-BBD3-PARENT-c1391,Cinnamate,scope_a_old83_compatible,eclipse_noec,3,SCORED,5,39,4,4,0,6.0,1.0,0.0,0.0,0.0,0,39,5,0,31,0,
FR-BBD3-PARENT-c1412,Ketoprofen,scope_a_old83_compatible,eclipse_noec,3,SCORED,1,47,1,4,0.5,6.3125,0,0.073394,1.0,0.073394,1,46,0,0,23,0,
FR-BBD3-PARENT-c1441,Alachlor,scope_a_old83_compatible,eclipse_noec,3,SCORED,15,21,4,4,0.75,3.875,3.5,0.162162,0.176471,0.092308,2,19,13,0,24,0,
FR-BBD3-PARENT-c1457,Malathion,scope_a_old83_compatible,eclipse_noec,3,SCORED,20,34,6,6,0.765625,3.859375,3.4375,0.165541,0.182156,0.094961,3,31,17,0,26,0, has_unreachable_true_nodes
FR-BBD3-PARENT-c1481,Methamidophos,scope_a_old83_compatible,eclipse_noec,3,SCORED,6,39,3,5,0.875,4.25,0.75,0.170732,0.538462,0.148936,3,35,3,1,13,0,
FR-BBD3-PARENT-c1524,Diazepam,scope_a_old83_compatible,eclipse_noec,3,SCORED,3,44,2,4,0.75,6.0,0.5,0.111111,0.6,0.103448,2,42,1,0,24,0,
FR-BBD3-PARENT-c1531,Acenaphthylene,scope_a_old83_compatible,eclipse_noec,3,SCORED,5,32,5,5,0.375,5.0625,0.59375,0.068966,0.387097,0.062176,2,30,3,0,39,0,
FR-BBD3-PARENT-c1549,"1,5-Anhydro-D-fructose",scope_a_old83_compatible,eclipse_noec,3,SCORED,8,35,4,6,0,5.09375,2.0,0.0,0.0,0.0,0,35,8,0,45,0,
FR-BBD3-PARENT-c1586,Atenolol,scope_a_old83_compatible,eclipse_noec,3,SCORED,1,32,1,4,0.5,3.9375,0,0.112676,1.0,0.112676,1,31,0,0,25,0,
FR-BBD3-CAND-c0620,trans-3-Chloroacrylic acid,scope_b_v0_3_candidate,eclipse_noec,3,SCORED,2,47,2,6,0,6.4375,0.75,0.0,0.0,0.0,0,47,2,0,31,0,
FR-BBD3-CAND-c0611,"trans-1,3-Dichloropropene",scope_b_v0_3_candidate,eclipse_noec,3,SCORED,3,32,3,4,0,5.3125,0.875,0.0,0.0,0.0,0,32,3,0,33,0,
FR-BBD3-CAND-c0282,3-Hydroxytoluene (m-Cresol),scope_b_v0_3_candidate,eclipse_noec,3,SCORED,5,38,4,4,0,6.0,1.0,0.0,0.0,0.0,0,38,5,0,24,0,
FR-BBD3-CAND-c0257,Cyromazine (N-Cyclopropylmelamine),scope_b_v0_3_candidate,eclipse_noec,3,SCORED,4,29,3,4,0.75,3.5625,0.25,0.173913,0.75,0.164384,2,25,2,2,24,0,
FR-BBD3-CAND-c1376,"2,6-Dichlorobenzonitrile (Dichlobenil)",scope_b_v0_3_candidate,eclipse_noec,3,SCORED,5,40,4,5,0.9375,4.6875,0.25,0.166667,0.789474,0.159574,4,36,1,0,18,0,
FR-BBD3-CAND-c0971,Fosfomycin,scope_b_v0_3_candidate,eclipse_noec,3,SCORED,3,42,1,6,0,6.015625,1.5,0.0,0.0,0.0,0,42,3,0,26,0,
FR-BBD3-CAND-c0141,gamma-Hexachlorocyclohexane,scope_b_v0_3_candidate,eclipse_noec,3,SCORED,9,28,6,4,1.0625,3.1875,0.484375,0.25,0.686869,0.224422,4,22,5,2,24,0, has_unreachable_true_nodes
FR-BBD3-CAND-c1570,"(R,R)-Iminodisuccinate",scope_b_v0_3_candidate,eclipse_noec,3,SCORED,2,31,1,6,1.0,2.875,0,0.258065,1.0,0.258065,2,26,0,3,37,0,
FR-BBD3-CAND-c0347,Methanesulfonate,scope_b_v0_3_candidate,eclipse_noec,3,SCORED,2,25,1,4,1.0,3.6875,0,0.213333,1.0,0.213333,2,21,0,2,19,0,
FR-BBD3-PARENT-c0001,"1,2-Dichloroethane",scope_a_old83_compatible,eclipse_noec,5,SCORED,4,95,4,4,0.0625,14.25,0.875,0.004367,0.066667,0.004115,1,94,3,0,28,0,
FR-BBD3-PARENT-c0002,Atrazine,scope_a_old83_compatible,eclipse_noec,5,SCORED,11,102,4,4,0.5,13.625,2.4375,0.035398,0.170213,0.030189,1,101,10,0,19,0,
FR-BBD3-PARENT-c0006,Gallate,scope_a_old83_compatible,eclipse_noec,5,SCORED,7,79,6,4,0.875,11.0,0.609375,0.073684,0.589474,0.070088,3,73,4,3,26,0, has_unreachable_true_nodes
FR-BBD3-PARENT-c0018,"1,3-Dichloro-2-propanol",scope_a_old83_compatible,eclipse_noec,5,SCORED,4,81,4,4,0.5,11.9375,0.4375,0.040201,0.533333,0.038835,1,79,3,1,31,0,
FR-BBD3-PARENT-c0039,Dibenzofuran,scope_a_old83_compatible,eclipse_noec,5,SCORED,4,79,3,4,0,13.6875,1.0,0.0,0.0,0.0,0,79,4,0,30,0,
FR-BBD3-PARENT-c0116,Ethylbenzene,scope_a_old83_compatible,eclipse_noec,5,SCORED,16,69,6,4,1.265625,10.5,1.421875,0.10757,0.47093,0.095972,4,65,12,0,28,0,
FR-BBD3-PARENT-c0118,Dibenzothiophene,scope_a_old83_compatible,eclipse_noec,5,SCORED,6,92,4,4,0.8125,12.0625,0.875,0.063107,0.481481,0.059091,3,89,3,0,24,0,
FR-BBD3-PARENT-c0121,Benzoate,scope_a_old83_compatible,eclipse_noec,5,SCORED,14,72,6,6,1.25,9.515625,1.484375,0.11611,0.457143,0.102041,3,69,11,0,49,0, has_unreachable_true_nodes
FR-BBD3-PARENT-c0134,Glyphosate,scope_a_old83_compatible,eclipse_noec,5,SCORED,5,74,3,4,0.5,9.625,1.375,0.049383,0.266667,0.043478,1,73,4,0,20,0,
FR-BBD3-PARENT-c0139,"beta -1,2,3,4,5,6-Hexachlorocyclohexane",scope_a_old83_compatible,eclipse_noec,5,SCORED,6,42,4,4,0.25,7.375,1.4375,0.032787,0.148148,0.027586,1,41,5,0,21,0,
FR-BBD3-PARENT-c0148,Acrylonitrile,scope_a_old83_compatible,eclipse_noec,5,SCORED,5,105,4,5,1.0,14.28125,0.4375,0.06544,0.695652,0.063618,2,103,3,0,27,0,
FR-BBD3-PARENT-c0153,( R )-Mandelate,scope_a_old83_compatible,eclipse_noec,5,SCORED,2,33,2,3,0.5,7.375,0.25,0.063492,0.666667,0.061538,1,32,1,0,44,0,
FR-BBD3-PARENT-c0163,Cyanuric acid,scope_a_old83_compatible,eclipse_noec,5,SCORED,2,72,2,6,0.75,9.921875,0,0.070278,1.0,0.070278,2,69,0,1,22,0,
FR-BBD3-PARENT-c0177,4-Chlorobiphenyl,scope_a_old83_compatible,eclipse_noec,5,SCORED,8,62,6,4,0,10.8125,1.0625,0.0,0.0,0.0,0,62,8,0,29,0,
FR-BBD3-PARENT-c0233,Dichloromethane,scope_a_old83_compatible,eclipse_noec,5,SCORED,3,97,2,4,0.5,13.8125,0.75,0.034934,0.4,0.033195,1,94,2,2,28,0, has_unreachable_true_nodes
FR-BBD3-PARENT-c0236,Dimethyl Sulfoxide,scope_a_old83_compatible,eclipse_noec,5,SCORED,4,80,3,4,0.5,11.625,0.625,0.041237,0.444444,0.039216,2,78,2,0,16,0,
FR-BBD3-PARENT-c0245,2-Aminobenzenesulfonate,scope_a_old83_compatible,eclipse_noec,5,SCORED,2,84,2,4,0.25,12.1875,0.5,0.020101,0.333333,0.019324,1,83,1,0,32,0,
FR-BBD3-PARENT-c0286,cis -3-Chloroacrylic acid,scope_a_old83_compatible,eclipse_noec,5,SCORED,2,62,2,6,0.5,8.8125,0.25,0.053691,0.666667,0.052288,1,59,1,2,33,0,
FR-BBD3-PARENT-c0288,"2,4-Dichlorophenoxyacetic acid",scope_a_old83_compatible,eclipse_noec,5,SCORED,18,87,6,4,1.625,11.875,1.015625,0.12037,0.615385,0.111948,5,78,13,4,21,0, has_unreachable_true_nodes
FR-BBD3-PARENT-c0345,2-Aminobenzoate,scope_a_old83_compatible,eclipse_noec,5,SCORED,4,89,2,4,1.0,12.5,0.75,0.074074,0.571429,0.070175,2,86,2,1,35,0,
FR-BBD3-PARENT-c0352,1-Aminocyclopropane-1-carboxylate,scope_a_old83_compatible,eclipse_noec,5,SCORED,2,90,2,6,0.5,12.453125,0.25,0.038601,0.666667,0.03787,1,87,1,2,28,0,
FR-BBD3-PARENT-c0367,Benzonitrile,scope_a_old83_compatible,eclipse_noec,5,SCORED,2,94,1,4,1.0,13.1875,0,0.070485,1.0,0.070485,2,92,0,0,23,0,
FR-BBD3-PARENT-c0371,Biphenyl,scope_a_old83_compatible,eclipse_noec,5,SCORED,5,53,4,4,0,9.75,1.0,0.0,0.0,0.0,0,53,5,0,31,0,
FR-BBD3-PARENT-c0375,p -Cymene,scope_a_old83_compatible,eclipse_noec,5,SCORED,6,72,6,4,0.875,9.1875,0.109375,0.086957,0.888889,0.086022,3,69,3,0,25,0, has_unreachable_true_nodes
FR-BBD3-PARENT-c0388,Fluorene,scope_a_old83_compatible,eclipse_noec,5,SCORED,24,74,6,4,0.765625,10.375,3.046875,0.068724,0.20082,0.053965,3,71,21,0,37,0, has_unreachable_true_nodes
FR-BBD3-PARENT-c0407,(+)-Camphor,scope_a_old83_compatible,eclipse_noec,5,SCORED,7,46,6,4,0,8.625,1.0,0.0,0.0,0.0,0,46,7,0,80,0,
FR-BBD3-PARENT-c0426,Dibenzo-p-dioxin,scope_a_old83_compatible,eclipse_noec,5,SCORED,4,67,3,4,0.125,11.625,0.875,0.010638,0.125,0.009901,1,66,3,0,39,0,
FR-BBD3-PARENT-c0432,epsilon -Caprolactam,scope_a_old83_compatible,eclipse_noec,5,SCORED,2,91,2,4,0.75,12.9375,0,0.054795,1.0,0.054795,2,89,0,0,24,0,
FR-BBD3-PARENT-c0444,Carbazole,scope_a_old83_compatible,eclipse_noec,5,SCORED,4,80,3,4,0,12.8125,1.0,0.0,0.0,0.0,0,80,4,0,31,0,
FR-BBD3-PARENT-c0480,Bromoxynil,scope_a_old83_compatible,eclipse_noec,5,SCORED,7,97,4,4,1.75,13.0,0.4375,0.118644,0.8,0.115226,4,93,3,0,22,0,
FR-BBD3-PARENT-c0486,Carbon Tetrachloride,scope_a_old83_compatible,eclipse_noec,5,SCORED,6,77,4,4,0.5,11.0625,1.4375,0.043243,0.258065,0.038462,1,76,5,0,24,0,
FR-BBD3-PARENT-c0526,Acetylene,scope_a_old83_compatible,eclipse_noec,5,SCORED,5,101,3,4,0,15.6875,1.5,0.0,0.0,0.0,0,101,5,0,27,0,
FR-BBD3-PARENT-c0563,Dodecyl sulfate,scope_a_old83_compatible,eclipse_noec,5,SCORED,4,52,4,4,0.875,9.4375,0.0625,0.084848,0.933333,0.084337,3,49,1,0,13,0,
FR-BBD3-PARENT-c0593,"1,4-Dichlorobenzene",scope_a_old83_compatible,eclipse_noec,5,SCORED,5,88,4,4,0.5,12.4375,0.9375,0.038647,0.347826,0.036036,1,87,4,0,23,0,
FR-BBD3-PARENT-c0597,Cyanamide,scope_a_old83_compatible,eclipse_noec,5,SCORED,1,85,1,6,0,12.984375,0.5,0.0,0.0,0.0,0,85,1,0,20,0,
FR-BBD3-PARENT-c0604,Adamantanone,scope_a_old83_compatible,eclipse_noec,5,SCORED,3,55,2,4,0.5,8.125,0.75,0.057971,0.4,0.053333,1,54,2,0,62,0,
FR-BBD3-PARENT-c0612,"cis -1,3-Dichloropropene",scope_a_old83_compatible,eclipse_noec,5,SCORED,3,62,3,4,0,8.1875,0.875,0.0,0.0,0.0,0,62,3,0,29,0,
FR-BBD3-PARENT-c0626,Limonene,scope_a_old83_compatible,eclipse_noec,5,SCORED,12,35,6,4,1.375,6.5,1.734375,0.174603,0.442211,0.143089,4,31,8,0,62,0, has_unreachable_true_nodes
FR-BBD3-PARENT-c0639,"Hexahydro-1,3,5-trinitro-1,3,5-triazine",scope_a_old83_compatible,eclipse_noec,5,SCORED,15,64,5,4,1.5,9.5625,2.28125,0.135593,0.396694,0.112412,4,59,11,1,15,0,
FR-BBD3-PARENT-c0653,2-Chloro-N-isopropylacetanilide,scope_a_old83_compatible,eclipse_noec,5,SCORED,7,63,2,5,1.5,9.25,1.0,0.139535,0.6,0.12766,4,58,3,1,22,0,
FR-BBD3-PARENT-c0689,Cyclohexylsulfamate,scope_a_old83_compatible,eclipse_noec,5,SCORED,2,60,2,4,0.5,8.3125,0.25,0.056738,0.666667,0.055172,1,59,1,0,20,0,
FR-BBD3-PARENT-c0691,Dimethylphosphinate,scope_a_old83_compatible,eclipse_noec,5,SCORED,2,93,2,5,0.75,12.21875,0,0.057831,1.0,0.057831,2,89,0,2,21,0,
FR-BBD3-PARENT-c0694,4-Hydroxyacetophenone,scope_a_old83_compatible,eclipse_noec,5,SCORED,3,40,2,4,0.25,8.75,0.75,0.027778,0.25,0.025641,1,39,2,0,37,0,
FR-BBD3-PARENT-c0764,Bisphenol A,scope_a_old83_compatible,eclipse_noec,5,SCORED,16,66,5,4,0.96875,9.0625,2.78125,0.096573,0.258333,0.07561,5,61,11,0,40,0,
FR-BBD3-PARENT-c0765,"2,4-Dichloroaniline",scope_a_old83_compatible,eclipse_noec,5,SCORED,2,91,2,6,0.75,11.828125,0,0.059627,1.0,0.059627,2,86,0,3,27,0,
FR-BBD3-PARENT-c0865,"2,4-Dichlorotoluene",scope_a_old83_compatible,eclipse_noec,5,SCORED,9,76,6,4,0,12.5,1.09375,0.0,0.0,0.0,0,76,9,0,23,0, has_unreachable_true_nodes
FR-BBD3-PARENT-c0897,Benzyl sulfide,scope_a_old83_compatible,eclipse_noec,5,SCORED,5,51,2,4,1.5,7.75,0.5,0.162162,0.75,0.153846,4,47,1,0,24,0,
FR-BBD3-PARENT-c0908,N-Cyclohexylisocyanide,scope_a_old83_compatible,eclipse_noec,5,SCORED,3,49,2,4,0.5,9.4375,0.5,0.050314,0.5,0.047904,2,47,1,0,25,0,
FR-BBD3-PARENT-c0939,Hypophosphite,scope_a_old83_compatible,eclipse_noec,5,SCORED,2,84,2,4,0.25,12.625,0.5,0.019417,0.333333,0.018692,1,83,1,0,16,0,
FR-BBD3-PARENT-c0941,Cyclohexane,scope_a_old83_compatible,eclipse_noec,5,SCORED,6,52,6,4,0.921875,8.9375,0.0625,0.093502,0.936508,0.092913,5,46,1,1,27,0, has_unreachable_true_nodes
FR-BBD3-PARENT-c0946,Branched-chain dodecylbenzene sulfonate,scope_a_old83_compatible,eclipse_noec,5,SCORED,4,100,3,4,0.5,14.5625,0.625,0.033195,0.444444,0.031873,1,99,3,0,32,0,
FR-BBD3-PARENT-c0991,Anthracene,scope_a_old83_compatible,eclipse_noec,5,SCORED,10,56,5,4,1.28125,9.0625,1.25,0.123867,0.506173,0.110512,5,49,5,2,37,0,
FR-BBD3-PARENT-c1013,Citronellol,scope_a_old83_compatible,eclipse_noec,5,SCORED,6,82,6,4,0.75,11.375,0.234375,0.061856,0.761905,0.060683,2,78,4,2,20,0, has_unreachable_true_nodes
FR-BBD3-PARENT-c1019,2-Mercaptobenzothiazole,scope_a_old83_compatible,eclipse_noec,5,SCORED,11,81,4,5,1.875,9.09375,2.0625,0.17094,0.47619,0.143885,5,75,6,1,19,0,
FR-BBD3-PARENT-c1039,4-Fluorobenzoate,scope_a_old83_compatible,eclipse_noec,5,SCORED,7,68,5,4,0,11.0,1.71875,0.0,0.0,0.0,0,68,7,0,41,0,
FR-BBD3-PARENT-c1043,Geraniol,scope_a_old83_compatible,eclipse_noec,5,SCORED,3,66,3,4,0.75,9.5,0.125,0.073171,0.857143,0.072289,2,64,1,0,19,0,
FR-BBD3-PARENT-c1066,"(-)-(1 R ,2 S ,5 R )-Menthol",scope_a_old83_compatible,eclipse_noec,5,SCORED,5,56,5,4,0.9375,7.5,0.03125,0.111111,0.967742,0.110701,4,51,1,1,41,0,
FR-BBD3-PARENT-c1072,3-Fluorobenzoate,scope_a_old83_compatible,eclipse_noec,5,SCORED,5,74,3,4,0,11.5625,1.625,0.0,0.0,0.0,0,74,5,0,39,0,
FR-BBD3-PARENT-c1078,Isooctane,scope_a_old83_compatible,eclipse_noec,5,SCORED,6,72,6,4,0,11.5,0.984375,0.0,0.0,0.0,0,72,6,0,22,0, has_unreachable_true_nodes
FR-BBD3-PARENT-c1094,Caffeine,scope_a_old83_compatible,eclipse_noec,5,SCORED,15,84,3,4,3.375,8.625,0.75,0.28125,0.818182,0.264706,10,73,5,1,22,0,
FR-BBD3-PARENT-c1161,Isoniazid,scope_a_old83_compatible,eclipse_noec,5,SCORED,11,82,5,4,1.375,10.625,0.8125,0.114583,0.628571,0.107317,4,78,7,0,18,0,
FR-BBD3-PARENT-c1182,Furfural,scope_a_old83_compatible,eclipse_noec,5,SCORED,5,82,4,6,1.0,9.90625,0.4375,0.091691,0.695652,0.088154,2,80,3,0,29,0,
FR-BBD3-PARENT-c1188,Endosulfan,scope_a_old83_compatible,eclipse_noec,5,SCORED,9,57,3,4,1.5,6.625,1.875,0.184615,0.444444,0.15,3,53,6,1,52,0,
FR-BBD3-PARENT-c1201,4-Hydroxypyridine,scope_a_old83_compatible,eclipse_noec,5,SCORED,6,58,5,4,0.5,10.0,0.59375,0.047619,0.457143,0.04507,1,57,5,0,33,0,
FR-BBD3-PARENT-c1263,Asulam,scope_a_old83_compatible,eclipse_noec,5,SCORED,8,76,6,6,1.0625,7.703125,0.109375,0.121212,0.906667,0.119718,5,71,3,0,21,0,
FR-BBD3-PARENT-c1266,Bisphenol F,scope_a_old83_compatible,eclipse_noec,5,SCORED,5,75,4,4,0.0625,12.375,0.9375,0.005025,0.0625,0.004673,1,74,4,0,32,0,
FR-BBD3-PARENT-c1267,Dimethyl isophthalate,scope_a_old83_compatible,eclipse_noec,5,SCORED,4,63,4,4,0.8125,7.75,0.125,0.094891,0.866667,0.093525,3,58,1,2,18,0,
FR-BBD3-PARENT-c1285,Carbofuran,scope_a_old83_compatible,eclipse_noec,5,SCORED,8,91,2,4,1.75,12.5,1.75,0.122807,0.5,0.109375,4,87,4,0,25,0,
FR-BBD3-PARENT-c1296,Metamitron,scope_a_old83_compatible,eclipse_noec,5,SCORED,7,86,4,5,0.5,10.125,1.25,0.047059,0.285714,0.042105,1,84,6,1,20,0,
FR-BBD3-PARENT-c1313,"2,4-Dinitrotoluene",scope_a_old83_compatible,eclipse_noec,5,SCORED,8,67,5,4,1.375,7.3125,0.84375,0.158273,0.619718,0.144262,4,63,4,0,14,0,
FR-BBD3-PARENT-c1350,"3,3'-Dithiodipropionate",scope_a_old83_compatible,eclipse_noec,5,SCORED,4,99,4,4,0.5,14.5,0.4375,0.033333,0.533333,0.032389,1,98,3,0,21,0,
FR-BBD3-PARENT-c1352,"N,N-Diethyl-m-toluamide",scope_a_old83_compatible,eclipse_noec,5,SCORED,8,74,3,4,1.875,10.8125,1.0,0.147783,0.652174,0.136986,6,66,2,2,32,0,
FR-BBD3-PARENT-c1354,"1,4-Dioxane",scope_a_old83_compatible,eclipse_noec,5,SCORED,8,77,4,6,1.4375,9.796875,0.25,0.127955,0.851852,0.12517,6,70,2,1,18,0,
FR-BBD3-PARENT-c1383,Benzothiophene,scope_a_old83_compatible,eclipse_noec,5,SCORED,5,82,4,4,0.8125,12.5,0.1875,0.061033,0.8125,0.060185,3,79,2,0,24,0,
FR-BBD3-PARENT-c1391,Cinnamate,scope_a_old83_compatible,eclipse_noec,5,SCORED,5,67,4,4,0,10.3125,1.0,0.0,0.0,0.0,0,67,5,0,31,0,
FR-BBD3-PARENT-c1412,Ketoprofen,scope_a_old83_compatible,eclipse_noec,5,SCORED,1,97,1,4,0.5,11.8125,0,0.040609,1.0,0.040609,1,96,0,0,23,0,
FR-BBD3-PARENT-c1441,Alachlor,scope_a_old83_compatible,eclipse_noec,5,SCORED,15,82,4,4,1.6875,11.0,2.5625,0.133005,0.397059,0.110656,6,74,9,2,24,0,
FR-BBD3-PARENT-c1457,Malathion,scope_a_old83_compatible,eclipse_noec,5,SCORED,20,81,6,6,0.953125,8.796875,3.25,0.097756,0.226766,0.073317,5,76,15,0,26,0, has_unreachable_true_nodes
FR-BBD3-PARENT-c1481,Methamidophos,scope_a_old83_compatible,eclipse_noec,5,SCORED,6,79,3,5,1.125,8.28125,0.5,0.119601,0.692308,0.113565,4,73,2,2,13,0,
FR-BBD3-PARENT-c1524,Diazepam,scope_a_old83_compatible,eclipse_noec,5,SCORED,3,94,2,4,1.25,13.3125,0,0.085837,1.0,0.085837,3,91,0,0,24,0,
FR-BBD3-PARENT-c1531,Acenaphthylene,scope_a_old83_compatible,eclipse_noec,5,SCORED,5,68,5,4,0.90625,11.3125,0.0625,0.074169,0.935484,0.073791,4,64,1,0,39,0,
FR-BBD3-PARENT-c1549,"1,5-Anhydro-D-fructose",scope_a_old83_compatible,eclipse_noec,5,SCORED,8,55,4,4,0,10.0625,2.0,0.0,0.0,0.0,0,55,8,0,45,0,
FR-BBD3-PARENT-c1586,Atenolol,scope_a_old83_compatible,eclipse_noec,5,SCORED,1,45,1,4,0.5,5.0625,0,0.089888,1.0,0.089888,1,44,0,0,25,0,
FR-BBD3-CAND-c0620,trans-3-Chloroacrylic acid,scope_b_v0_3_candidate,eclipse_noec,5,SCORED,2,71,2,6,0.5,9.65625,0.25,0.049231,0.666667,0.048048,1,68,1,2,31,0,
FR-BBD3-CAND-c0611,"trans-1,3-Dichloropropene",scope_b_v0_3_candidate,eclipse_noec,5,SCORED,3,74,3,4,0,11.125,0.875,0.0,0.0,0.0,0,74,3,0,33,0,
FR-BBD3-CAND-c0282,3-Hydroxytoluene (m-Cresol),scope_b_v0_3_candidate,eclipse_noec,5,SCORED,5,88,4,4,0.9375,12.0625,0.0625,0.072115,0.9375,0.07177,4,83,1,1,24,0,
FR-BBD3-CAND-c0257,Cyromazine (N-Cyclopropylmelamine),scope_b_v0_3_candidate,eclipse_noec,5,SCORED,4,58,3,4,0.75,6.9375,0.25,0.097561,0.75,0.094488,2,54,2,2,24,0,
FR-BBD3-CAND-c1376,"2,6-Dichlorobenzonitrile (Dichlobenil)",scope_b_v0_3_candidate,eclipse_noec,5,SCORED,5,77,4,4,1.1875,10.5,0,0.101604,1.0,0.101604,5,72,0,0,18,0,
FR-BBD3-CAND-c0971,Fosfomycin,scope_b_v0_3_candidate,eclipse_noec,5,SCORED,3,77,1,6,0.5,11.8125,1.0,0.040609,0.333333,0.037559,1,76,2,0,26,0,
FR-BBD3-CAND-c0141,gamma-Hexachlorocyclohexane,scope_b_v0_3_candidate,eclipse_noec,5,SCORED,9,47,6,4,1.09375,6.375,0.453125,0.146444,0.707071,0.138067,5,40,4,2,24,0, has_unreachable_true_nodes
FR-BBD3-CAND-c1570,"(R,R)-Iminodisuccinate",scope_b_v0_3_candidate,eclipse_noec,5,SCORED,2,64,1,6,1.0,8.296875,0,0.107563,1.0,0.107563,2,61,0,1,37,0,
FR-BBD3-CAND-c0347,Methanesulfonate,scope_b_v0_3_candidate,eclipse_noec,5,SCORED,2,58,1,4,1.0,9.625,0,0.094118,1.0,0.094118,2,54,0,2,19,0,
FR-BBD3-PARENT-c0001,"1,2-Dichloroethane",scope_a_old83_compatible,eclipse_noec,10,SCORED,4,145,4,4,0.0625,22.75,0.875,0.00274,0.066667,0.002639,1,144,3,0,28,0,
FR-BBD3-PARENT-c0002,Atrazine,scope_a_old83_compatible,eclipse_noec,10,SCORED,11,128,4,4,0.5,16.125,2.4375,0.030075,0.170213,0.02623,1,127,10,0,19,0,
FR-BBD3-PARENT-c0006,Gallate,scope_a_old83_compatible,eclipse_noec,10,SCORED,7,116,6,4,0.875,16.75,0.609375,0.049645,0.589474,0.047986,3,110,4,3,26,0, has_unreachable_true_nodes
FR-BBD3-PARENT-c0018,"1,3-Dichloro-2-propanol",scope_a_old83_compatible,eclipse_noec,10,SCORED,4,104,4,4,0.75,14.625,0.1875,0.04878,0.8,0.048193,2,101,2,1,31,0,
FR-BBD3-PARENT-c0039,Dibenzofuran,scope_a_old83_compatible,eclipse_noec,10,SCORED,4,149,3,4,0.125,26.8125,0.875,0.00464,0.125,0.004494,1,148,3,0,30,0,
FR-BBD3-PARENT-c0116,Ethylbenzene,scope_a_old83_compatible,eclipse_noec,10,SCORED,16,130,6,4,1.265625,23.4375,1.421875,0.051233,0.47093,0.048445,4,126,12,0,28,0,
FR-BBD3-PARENT-c0118,Dibenzothiophene,scope_a_old83_compatible,eclipse_noec,10,SCORED,6,109,4,4,0.8125,13.625,0.875,0.056277,0.481481,0.053061,3,106,3,0,24,0,
FR-BBD3-PARENT-c0121,Benzoate,scope_a_old83_compatible,eclipse_noec,10,SCORED,14,101,6,4,1.25,16.625,1.484375,0.06993,0.457143,0.064568,3,98,11,0,49,0, has_unreachable_true_nodes
FR-BBD3-PARENT-c0134,Glyphosate,scope_a_old83_compatible,eclipse_noec,10,SCORED,5,85,3,4,0.5,10.8125,1.375,0.044199,0.266667,0.039409,1,84,4,0,20,0,
FR-BBD3-PARENT-c0139,"beta -1,2,3,4,5,6-Hexachlorocyclohexane",scope_a_old83_compatible,eclipse_noec,10,SCORED,6,63,4,4,0.25,11.0,1.4375,0.022222,0.148148,0.019704,1,62,5,0,21,0,
FR-BBD3-PARENT-c0148,Acrylonitrile,scope_a_old83_compatible,eclipse_noec,10,SCORED,5,154,4,4,1.0,24.3125,0.4375,0.039506,0.695652,0.038835,2,152,3,0,27,0,
FR-BBD3-PARENT-c0153,( R )-Mandelate,scope_a_old83_compatible,eclipse_noec,10,SCORED,2,102,2,4,0.5,18.375,0.25,0.02649,0.666667,0.026144,1,101,1,0,44,0,
FR-BBD3-PARENT-c0163,Cyanuric acid,scope_a_old83_compatible,eclipse_noec,10,SCORED,2,74,2,4,0.75,11.625,0,0.060606,1.0,0.060606,2,71,0,1,22,0,
FR-BBD3-PARENT-c0177,4-Chlorobiphenyl,scope_a_old83_compatible,eclipse_noec,10,SCORED,8,126,6,4,0,21.375,1.0625,0.0,0.0,0.0,0,126,8,0,29,0,
FR-BBD3-PARENT-c0233,Dichloromethane,scope_a_old83_compatible,eclipse_noec,10,SCORED,3,119,2,4,0.5,16.0,0.75,0.030303,0.4,0.028986,1,116,2,2,28,0, has_unreachable_true_nodes
FR-BBD3-PARENT-c0236,Dimethyl Sulfoxide,scope_a_old83_compatible,eclipse_noec,10,SCORED,4,112,3,4,1.0,15.8125,0.125,0.05948,0.888889,0.059041,3,108,1,1,16,0,
FR-BBD3-PARENT-c0245,2-Aminobenzenesulfonate,scope_a_old83_compatible,eclipse_noec,10,SCORED,2,102,2,4,0.25,13.8125,0.5,0.017778,0.333333,0.017167,1,101,1,0,32,0,
FR-BBD3-PARENT-c0286,cis -3-Chloroacrylic acid,scope_a_old83_compatible,eclipse_noec,10,SCORED,2,98,2,4,0.5,16.75,0.25,0.028986,0.666667,0.028571,1,95,1,2,33,0,
FR-BBD3-PARENT-c0288,"2,4-Dichlorophenoxyacetic acid",scope_a_old83_compatible,eclipse_noec,10,SCORED,18,119,6,4,1.625,16.8125,1.015625,0.088136,0.615385,0.083534,5,110,13,4,21,0, has_unreachable_true_nodes
FR-BBD3-PARENT-c0345,2-Aminobenzoate,scope_a_old83_compatible,eclipse_noec,10,SCORED,4,97,2,4,1.0,13.5625,0.75,0.06867,0.571429,0.065306,2,94,2,1,35,0,
FR-BBD3-PARENT-c0352,1-Aminocyclopropane-1-carboxylate,scope_a_old83_compatible,eclipse_noec,10,SCORED,2,124,2,4,0.5,18.125,0.25,0.026846,0.666667,0.02649,1,121,1,2,28,0,
FR-BBD3-PARENT-c0367,Benzonitrile,scope_a_old83_compatible,eclipse_noec,10,SCORED,2,119,1,4,1.0,16.0,0,0.058824,1.0,0.058824,2,117,0,0,23,0,
FR-BBD3-PARENT-c0371,Biphenyl,scope_a_old83_compatible,eclipse_noec,10,SCORED,5,133,4,4,0.0625,22.75,0.9375,0.00274,0.0625,0.002632,1,132,4,0,31,0,
FR-BBD3-PARENT-c0375,p -Cymene,scope_a_old83_compatible,eclipse_noec,10,SCORED,6,78,6,4,0.875,9.9375,0.109375,0.080925,0.888889,0.080114,3,75,3,0,25,0, has_unreachable_true_nodes
FR-BBD3-PARENT-c0388,Fluorene,scope_a_old83_compatible,eclipse_noec,10,SCORED,24,94,6,4,0.765625,13.0,3.046875,0.055619,0.20082,0.045539,3,91,21,0,37,0, has_unreachable_true_nodes
FR-BBD3-PARENT-c0407,(+)-Camphor,scope_a_old83_compatible,eclipse_noec,10,SCORED,7,70,6,4,0,15.5,1.0,0.0,0.0,0.0,0,70,7,0,80,0,
FR-BBD3-PARENT-c0426,Dibenzo-p-dioxin,scope_a_old83_compatible,eclipse_noec,10,SCORED,4,160,3,4,0.25,26.6875,0.75,0.009281,0.25,0.009029,2,158,2,0,39,0,
FR-BBD3-PARENT-c0432,epsilon -Caprolactam,scope_a_old83_compatible,eclipse_noec,10,SCORED,2,103,2,4,0.75,14.5625,0,0.04898,1.0,0.04898,2,101,0,0,24,0,
FR-BBD3-PARENT-c0444,Carbazole,scope_a_old83_compatible,eclipse_noec,10,SCORED,4,157,3,4,0,25.8125,1.0,0.0,0.0,0.0,0,157,4,0,31,0,
FR-BBD3-PARENT-c0480,Bromoxynil,scope_a_old83_compatible,eclipse_noec,10,SCORED,7,102,4,4,1.75,13.3125,0.4375,0.116183,0.8,0.112903,4,98,3,0,22,0,
FR-BBD3-PARENT-c0486,Carbon Tetrachloride,scope_a_old83_compatible,eclipse_noec,10,SCORED,6,94,4,4,0.5,12.875,1.4375,0.037383,0.258065,0.033755,1,93,5,0,24,0,
FR-BBD3-PARENT-c0526,Acetylene,scope_a_old83_compatible,eclipse_noec,10,SCORED,5,176,3,4,0,33.4375,1.5,0.0,0.0,0.0,0,176,5,0,27,0,
FR-BBD3-PARENT-c0563,Dodecyl sulfate,scope_a_old83_compatible,eclipse_noec,10,SCORED,4,137,4,4,0.875,24.8125,0.0625,0.034063,0.933333,0.033981,3,134,1,0,13,0,
FR-BBD3-PARENT-c0593,"1,4-Dichlorobenzene",scope_a_old83_compatible,eclipse_noec,10,SCORED,5,97,4,4,0.5,13.25,0.9375,0.036364,0.347826,0.034043,1,96,4,0,23,0,
FR-BBD3-PARENT-c0597,Cyanamide,scope_a_old83_compatible,eclipse_noec,10,SCORED,1,180,1,4,0,31.5625,0.5,0.0,0.0,0.0,0,180,1,0,20,0,
FR-BBD3-PARENT-c0604,Adamantanone,scope_a_old83_compatible,eclipse_noec,10,SCORED,3,69,2,4,1.25,10.0625,0,0.110497,1.0,0.110497,3,65,0,1,62,0,
FR-BBD3-PARENT-c0612,"cis -1,3-Dichloropropene",scope_a_old83_compatible,eclipse_noec,10,SCORED,3,101,3,4,0,12.9375,0.875,0.0,0.0,0.0,0,101,3,0,29,0,
FR-BBD3-PARENT-c0626,Limonene,scope_a_old83_compatible,eclipse_noec,10,SCORED,12,48,6,4,1.375,9.25,1.734375,0.129412,0.442211,0.111252,4,44,8,0,62,0, has_unreachable_true_nodes
FR-BBD3-PARENT-c0639,"Hexahydro-1,3,5-trinitro-1,3,5-triazine",scope_a_old83_compatible,eclipse_noec,10,SCORED,15,158,5,4,1.5,22.0625,2.28125,0.06366,0.396694,0.058041,4,154,11,0,15,0,
FR-BBD3-PARENT-c0653,2-Chloro-N-isopropylacetanilide,scope_a_old83_compatible,eclipse_noec,10,SCORED,7,156,2,4,1.5,23.625,1.0,0.059701,0.6,0.057416,4,151,3,1,22,0,
FR-BBD3-PARENT-c0689,Cyclohexylsulfamate,scope_a_old83_compatible,eclipse_noec,10,SCORED,2,62,2,4,0.5,8.6875,0.25,0.054422,0.666667,0.05298,1,61,1,0,20,0,
FR-BBD3-PARENT-c0691,Dimethylphosphinate,scope_a_old83_compatible,eclipse_noec,10,SCORED,2,106,2,4,0.75,16.25,0,0.044118,1.0,0.044118,2,102,0,2,21,0,
FR-BBD3-PARENT-c0694,4-Hydroxyacetophenone,scope_a_old83_compatible,eclipse_noec,10,SCORED,3,134,2,4,0.5,24.125,0.5,0.020305,0.5,0.0199,2,132,1,0,37,0,
FR-BBD3-PARENT-c0764,Bisphenol A,scope_a_old83_compatible,eclipse_noec,10,SCORED,16,76,5,4,0.96875,10.8125,2.78125,0.082228,0.258333,0.066524,5,71,11,0,40,0,
FR-BBD3-PARENT-c0765,"2,4-Dichloroaniline",scope_a_old83_compatible,eclipse_noec,10,SCORED,2,101,2,4,0.75,14.25,0,0.05,1.0,0.05,2,96,0,3,27,0,
FR-BBD3-PARENT-c0865,"2,4-Dichlorotoluene",scope_a_old83_compatible,eclipse_noec,10,SCORED,9,80,6,4,0,12.875,1.09375,0.0,0.0,0.0,0,80,9,0,23,0, has_unreachable_true_nodes
FR-BBD3-PARENT-c0897,Benzyl sulfide,scope_a_old83_compatible,eclipse_noec,10,SCORED,5,102,2,4,1.5,14.6875,0.5,0.092664,0.75,0.089888,4,98,1,0,24,0,
FR-BBD3-PARENT-c0908,N-Cyclohexylisocyanide,scope_a_old83_compatible,eclipse_noec,10,SCORED,3,122,2,4,0.5,22.6875,0.5,0.021563,0.5,0.021108,2,120,1,0,25,0,
FR-BBD3-PARENT-c0939,Hypophosphite,scope_a_old83_compatible,eclipse_noec,10,SCORED,2,108,2,4,0.25,15.875,0.5,0.015504,0.333333,0.015038,1,107,1,0,16,0,
FR-BBD3-PARENT-c0941,Cyclohexane,scope_a_old83_compatible,eclipse_noec,10,SCORED,6,124,6,4,0.921875,20.8125,0.0625,0.042416,0.936508,0.042294,5,118,1,1,27,0, has_unreachable_true_nodes
FR-BBD3-PARENT-c0946,Branched-chain dodecylbenzene sulfonate,scope_a_old83_compatible,eclipse_noec,10,SCORED,4,150,3,4,0.5,23.125,0.625,0.021164,0.444444,0.020619,1,149,3,0,32,0,
FR-BBD3-PARENT-c0991,Anthracene,scope_a_old83_compatible,eclipse_noec,10,SCORED,10,90,5,4,1.28125,15.375,1.25,0.076923,0.506173,0.071553,5,83,5,2,37,0,
FR-BBD3-PARENT-c1013,Citronellol,scope_a_old83_compatible,eclipse_noec,10,SCORED,6,128,6,4,0.75,18.875,0.234375,0.038217,0.761905,0.037766,2,124,4,2,20,0, has_unreachable_true_nodes
FR-BBD3-PARENT-c1019,2-Mercaptobenzothiazole,scope_a_old83_compatible,eclipse_noec,10,SCORED,11,104,4,4,1.875,12.875,2.0625,0.127119,0.47619,0.111524,5,98,6,1,19,0,
FR-BBD3-PARENT-c1039,4-Fluorobenzoate,scope_a_old83_compatible,eclipse_noec,10,SCORED,7,81,5,4,0,12.1875,1.71875,0.0,0.0,0.0,0,81,7,0,41,0,
FR-BBD3-PARENT-c1043,Geraniol,scope_a_old83_compatible,eclipse_noec,10,SCORED,3,89,3,4,0.75,12.8125,0.125,0.0553,0.857143,0.054795,2,87,1,0,19,0,
FR-BBD3-PARENT-c1066,"(-)-(1 R ,2 S ,5 R )-Menthol",scope_a_old83_compatible,eclipse_noec,10,SCORED,5,62,5,4,0.9375,8.1875,0.03125,0.10274,0.967742,0.102389,4,57,1,1,41,0,
FR-BBD3-PARENT-c1072,3-Fluorobenzoate,scope_a_old83_compatible,eclipse_noec,10,SCORED,5,90,3,4,0.375,13.125,1.25,0.027778,0.230769,0.025424,2,88,3,0,39,0,
FR-BBD3-PARENT-c1078,Isooctane,scope_a_old83_compatible,eclipse_noec,10,SCORED,6,85,6,4,0,13.5625,0.984375,0.0,0.0,0.0,0,85,6,0,22,0, has_unreachable_true_nodes
FR-BBD3-PARENT-c1094,Caffeine,scope_a_old83_compatible,eclipse_noec,10,SCORED,15,98,3,4,3.375,10.1875,0.75,0.248848,0.818182,0.235808,10,87,5,1,22,0,
FR-BBD3-PARENT-c1161,Isoniazid,scope_a_old83_compatible,eclipse_noec,10,SCORED,11,99,5,4,1.375,13.1875,0.8125,0.094421,0.628571,0.089431,4,95,7,0,18,0,
FR-BBD3-PARENT-c1182,Furfural,scope_a_old83_compatible,eclipse_noec,10,SCORED,5,119,4,4,1.0,18.9375,0.4375,0.050157,0.695652,0.04908,2,117,3,0,29,0,
FR-BBD3-PARENT-c1188,Endosulfan,scope_a_old83_compatible,eclipse_noec,10,SCORED,9,75,3,4,1.75,8.375,1.625,0.17284,0.518519,0.148936,4,70,5,1,52,0,
FR-BBD3-PARENT-c1201,4-Hydroxypyridine,scope_a_old83_compatible,eclipse_noec,10,SCORED,6,121,5,4,0.5,20.0,0.59375,0.02439,0.457143,0.023704,1,120,5,0,33,0,
FR-BBD3-PARENT-c1263,Asulam,scope_a_old83_compatible,eclipse_noec,10,SCORED,8,91,6,4,1.0625,10.375,0.109375,0.092896,0.906667,0.092016,5,86,3,0,21,0,
FR-BBD3-PARENT-c1266,Bisphenol F,scope_a_old83_compatible,eclipse_noec,10,SCORED,5,131,4,4,0.875,22.0625,0.125,0.038147,0.875,0.03794,4,127,1,0,32,0,
FR-BBD3-PARENT-c1267,Dimethyl isophthalate,scope_a_old83_compatible,eclipse_noec,10,SCORED,4,77,4,4,0.8125,8.9375,0.125,0.083333,0.866667,0.082278,3,72,1,2,18,0,
FR-BBD3-PARENT-c1285,Carbofuran,scope_a_old83_compatible,eclipse_noec,10,SCORED,8,148,2,4,2.25,22.875,1.25,0.089552,0.642857,0.085308,5,142,3,1,25,0,
FR-BBD3-PARENT-c1296,Metamitron,scope_a_old83_compatible,eclipse_noec,10,SCORED,7,92,4,4,0.5,11.5625,1.25,0.041451,0.285714,0.037559,1,90,6,1,20,0,
FR-BBD3-PARENT-c1313,"2,4-Dinitrotoluene",scope_a_old83_compatible,eclipse_noec,10,SCORED,8,106,5,4,1.375,11.1875,0.84375,0.109453,0.619718,0.102564,4,102,4,0,14,0,
FR-BBD3-PARENT-c1350,"3,3'-Dithiodipropionate",scope_a_old83_compatible,eclipse_noec,10,SCORED,4,129,4,4,0.5,17.9375,0.4375,0.027119,0.533333,0.02649,1,128,3,0,21,0,
FR-BBD3-PARENT-c1352,"N,N-Diethyl-m-toluamide",scope_a_old83_compatible,eclipse_noec,10,SCORED,8,175,3,4,1.875,28.375,1.0,0.061983,0.652174,0.06,6,167,2,2,32,0,
FR-BBD3-PARENT-c1354,"1,4-Dioxane",scope_a_old83_compatible,eclipse_noec,10,SCORED,8,118,4,4,1.4375,18.5625,0.25,0.071875,0.851852,0.070988,6,111,2,1,18,0,
FR-BBD3-PARENT-c1383,Benzothiophene,scope_a_old83_compatible,eclipse_noec,10,SCORED,5,155,4,4,0.8125,26.0625,0.1875,0.030233,0.8125,0.030023,3,152,2,0,24,0,
FR-BBD3-PARENT-c1391,Cinnamate,scope_a_old83_compatible,eclipse_noec,10,SCORED,5,95,4,4,0,16.0625,1.0,0.0,0.0,0.0,0,95,5,0,31,0,
FR-BBD3-PARENT-c1412,Ketoprofen,scope_a_old83_compatible,eclipse_noec,10,SCORED,1,122,1,4,0.5,14.5625,0,0.033195,1.0,0.033195,1,121,0,0,23,0,
FR-BBD3-PARENT-c1441,Alachlor,scope_a_old83_compatible,eclipse_noec,10,SCORED,15,147,4,4,1.6875,22.5625,2.5625,0.069588,0.397059,0.062937,6,139,9,2,24,0,
FR-BBD3-PARENT-c1457,Malathion,scope_a_old83_compatible,eclipse_noec,10,SCORED,20,99,6,4,1.453125,15.75,2.75,0.084469,0.345725,0.072827,6,93,14,0,26,0, has_unreachable_true_nodes
FR-BBD3-PARENT-c1481,Methamidophos,scope_a_old83_compatible,eclipse_noec,10,SCORED,6,102,3,4,1.125,11.375,0.5,0.09,0.692308,0.086538,4,96,2,2,13,0,
FR-BBD3-PARENT-c1524,Diazepam,scope_a_old83_compatible,eclipse_noec,10,SCORED,3,140,2,4,1.25,18.8125,0,0.062305,1.0,0.062305,3,137,0,0,24,0,
FR-BBD3-PARENT-c1531,Acenaphthylene,scope_a_old83_compatible,eclipse_noec,10,SCORED,5,88,5,4,0.90625,15.5625,0.0625,0.055028,0.935484,0.05482,4,84,1,0,39,0,
FR-BBD3-PARENT-c1549,"1,5-Anhydro-D-fructose",scope_a_old83_compatible,eclipse_noec,10,SCORED,8,87,4,4,0,16.8125,2.0,0.0,0.0,0.0,0,87,8,0,45,0,
FR-BBD3-PARENT-c1586,Atenolol,scope_a_old83_compatible,eclipse_noec,10,SCORED,1,55,1,4,0.5,6.0,0,0.076923,1.0,0.076923,1,54,0,0,25,0,
FR-BBD3-CAND-c0620,trans-3-Chloroacrylic acid,scope_b_v0_3_candidate,eclipse_noec,10,SCORED,2,99,2,6,0.5,17.390625,0.25,0.027948,0.666667,0.027562,1,97,1,1,31,0,
FR-BBD3-CAND-c0611,"trans-1,3-Dichloropropene",scope_b_v0_3_candidate,eclipse_noec,10,SCORED,3,90,3,4,0,13.3125,0.875,0.0,0.0,0.0,0,90,3,0,33,0,
FR-BBD3-CAND-c0282,3-Hydroxytoluene (m-Cresol),scope_b_v0_3_candidate,eclipse_noec,10,SCORED,5,105,4,4,0.9375,14.625,0.0625,0.060241,0.9375,0.06,4,100,1,1,24,0,
FR-BBD3-CAND-c0257,Cyromazine (N-Cyclopropylmelamine),scope_b_v0_3_candidate,eclipse_noec,10,SCORED,4,68,3,4,0.75,8.5625,0.25,0.080537,0.75,0.078431,2,64,2,2,24,0,
FR-BBD3-CAND-c1376,"2,6-Dichlorobenzonitrile (Dichlobenil)",scope_b_v0_3_candidate,eclipse_noec,10,SCORED,5,124,4,4,1.1875,16.625,0,0.066667,1.0,0.066667,5,119,0,0,18,0,
FR-BBD3-CAND-c0971,Fosfomycin,scope_b_v0_3_candidate,eclipse_noec,10,SCORED,3,123,1,4,0.5,22.6875,1.0,0.021563,0.333333,0.020672,1,122,2,0,26,0,
FR-BBD3-CAND-c0141,gamma-Hexachlorocyclohexane,scope_b_v0_3_candidate,eclipse_noec,10,SCORED,9,69,6,4,1.09375,11.125,0.453125,0.089514,0.707071,0.086313,5,62,4,2,24,0, has_unreachable_true_nodes
FR-BBD3-CAND-c1570,"(R,R)-Iminodisuccinate",scope_b_v0_3_candidate,eclipse_noec,10,SCORED,2,82,1,4,1.0,12.0,0,0.076923,1.0,0.076923,2,79,0,1,37,0,
FR-BBD3-CAND-c0347,Methanesulfonate,scope_b_v0_3_candidate,eclipse_noec,10,SCORED,2,136,1,4,1.0,22.5,0,0.042553,1.0,0.042553,2,132,0,2,19,0,
