UniprotID,afdb_structure_url,afdb_model_version,http_status,content_length,afdb_structure_sha256,parser_status,selected_chain
A0A009IHW8,,v6,200,0,bec53b3812dd9262c0f776c7a7ba1cda92ff5e6538f5978167577190308b2dfc,,
A0A017SPL2,,v6,200,0,53e277202ad73d327b7652234e1fa17f29833697e30ea2fde136becf615b4d7e,,
A0A023GS29,,,404,0,,,
A0A059WGE7,,,404,0,,,
A0A059WI14,,v6,200,0,27aa5db120bffe55272faf4703127181f76de05c05c9b31dfaf3703cf678c90e,,
A0A061FLA2,,,404,0,,,
A0A067DDU9,,v6,200,0,db725fa3fe098364355738c4ab6f9113a08f632fea42d0a8e25ccedc2cca6be0,,
A0A067DKP1,,v6,200,0,7b4cfdcac85152535cab1f44902ab7bfb98a1142f540a3109f490b857bf4e1ab,,
A0A067ECN5,,v6,200,0,c97e523cd72a29d1eeb8451a7d828879aabbd61277724c222831e59bacb73c7f,,
A0A067FI21,,v6,200,0,c1240ef7357de65ea525c506a81aa1a466b9efb84f05bb022391b11c394480af,,
A0A075D654,,v6,200,0,dc08c1d4a18347877a058142374fd04ec4f3944bb7dfd665bf5c28381a2e59bd,,
A0A075D6M1,,v6,200,0,05bf44115f18753def4f71af6d48a659ce19251e608304d3a790cfe51c116d2a,,
A0A077EYL8,,,000,0,,,
A0A089LCJ8,,v6,200,0,ab9b1576c7536ab2b9af11804b6e376ddaa04417dc2125a637257c910915b1a6,,
A0A089MMR2,,v6,200,0,ecfd6cc95919de7e12a0e64ef581e0f405ae69304dafe60691e2aba56fdce1fa,,
A0A0E0S0W9,,v6,200,0,a0b143d375b19f3f3ab07a5e4515468e457b86979c87fa00f27ce714a22884e0,,
A0A0E1RWL5,,v6,200,0,894fe07261a34a22fc6d094cba2eb67f8b66f15a813d36e5252218307aa1e1b4,,
A0A0F4YI33,,v6,200,0,70e726ddcab3a64bc7df9a512e42e4570d3ea5526db0207368d71098da66c67b,,
A0A0F7TWW9,,v6,200,0,9e6b9b9ff9d52806915d88b0ad60fdbaa21bf6c709e09dd720dfc5db2bca24e8,,
A0A0F9X418,,v6,200,0,c6311b693bed66c582f6935bb07696c296eba46265c08f66f0954aedfa9a0e52,,
A0A0G2JDV3,,v6,200,0,a9a2c2b814f0c460ec43d28df9bd6c584fc1cb0f414118134ef8258d1318a10e,,
A0A0G2JZ79,,v6,200,0,76564d000d4995615aa505f5b440cfaabfd525b5d99738ea3019fafa7952bdb9,,
A0A0H2V660,,v6,200,0,7c344a6c210f277bb63e1fa046ba3ea3f891263b046053499d2e64e1837e5d59,,
A0A0H2V760,,v6,200,0,cbbd797bed03be035813f3747220d9df1a2794e20d0f83e267b2d4c78439a118,,
A0A0H3DK98,,v6,200,0,fa6175e4b87b51e92be76a769d72584e80af5deb3395c86a9a967520f5f898eb,,
A0A0H3DN66,,v6,200,0,db043e0e4820ae1608bd0466cb521ccf17bd35b4da0bcd4ca306bf958aad1b99,,
A0A0H3GEM5,,v6,200,0,b3d762c0f51e5d46ebad354d54c02bb7eac9e83e4f0bf9f1ec5bb072bb4af163,,
A0A0H3LSV1,,v6,200,0,62156c6ca4ea6db111d89e264b7a771e9ee50bbca0ad971b318c39fdbaf31952,,
A0A0H3LVU7,,v6,200,0,d3f481e532883251339e2cab83f5bf80225fc24706913315e9b04e9dcf5b68eb,,
A0A0J9UVX2,,v6,200,0,94b9c47639e2105353d8db6dce85a57011dc0791b879aaac2711bfd42e1eee82,,
A0A0J9X285,,v6,200,0,dae4422eb0b6fafdb05cb90ac1c7850387e2f8ce88cd659c19f0be54bb76072c,,
A0A0M2H929,,v6,200,0,ba7c7e19d0d0bbd74917d017a3dc65b1aced46767a0e2908d2a076f488d8e36e,,
A0A0M8N4S6,,v6,200,0,335d5182c423c489df3781dac497585bd787508b1ec5d2987d3957f9646428cb,,
A0A0M8N8I0,,v6,200,0,2b3685065246b947aa2a494148d07305d51c996170a675e588342ce83b340773,,
A0A0M8N9Q3,,v6,200,0,c07ac79d61f9eded77dc3f7fb2aa80ba5d64ca3dfb98905b45e2c33182155366,,
A0A0M9VUI4,,v6,200,0,7243a3900d246e11ea8692a4b8e1e0a1890d85c4eeeeaab6e6c571b859701eaf,,
A0A0M9VUJ4,,v6,200,0,7c7e2f2470d08f28c62bd2de5392ab3be39d7c78cce471c49bda6a73e0eb11c7,,
A0A0P0FGV9,,v6,200,0,f867da97404c91aa8836c8af0a79552bfbb00231dce3436299fa6206f7b9acfe,,
A0A0Q9K4R6,,v6,200,0,5a415f7ae7964e6b1057a8ad2428300b7b74785d6f92d89d17911dbf60468a2d,,
A0A0Q9K529,,v6,200,0,a5f3cf2a26d3425d2d89c69f515fcae721e3c0330efaa7868226b72438c8d5ca,,
A0A0Q9KFZ4,,v6,200,0,111662dc77b05c6870ab53cccca3f0462c3af28a81658a530aeedb15e535fbe8,,
A0A0S0MVI5,,,404,0,,,
A0A0S0MX59,,,404,0,,,
A0A0S0N8M3,,,404,0,,,
A0A0S0N9S9,,,404,0,,,
A0A0U3AB61,,v6,200,0,b35295e68c740a3bc136e38b2a442ba8cafe250a3b222194c2aee2e161bf4fc2,,
A0A0U3S9Q3,,v6,200,0,b9af926ff1b2ed62bf48a130f2419acb24dc2382782054a7ca4ff4b6b15f84c6,,
A0A0U4AHM6,,v6,200,0,d50221750114e55a6fd4eb8d5ba112280a55776541623381defa06907e2d7bca,,
A0A0U4BHM2,,v6,200,0,df450246a9fe30a45f1a6fc63faeb7ffe5e9acafe8f41befbe63f14850db735b,,
A0A0U5G0B1,,v6,200,0,861eba59d37b7594878c736f070a71fb46174817d421b2d1e0e124b20f592532,,
A0A0X1KHF9,,v6,200,0,7351a4d3b9a8ec9c31b875f059391d41103b883a495e25605d591a8ca1459c09,,
A0A125SXN3,,,404,0,,,
A0A125YY17,,v6,200,0,1a1e5430755d39090a0ac1aa93154a8198844ead5f3ec236cf6faafa34121d28,,
A0A125YYB5,,v6,200,0,1d1dfab07d5030563e8f244f38c5c2c7636bf348f31765da9a9380c0b464c0a8,,
A0A140LIF8,,v6,200,0,53aea84099e515561eb88288fb11cfe4adf3699661794ae5d380ed415e5d554c,,
A0A166ACJ5,,v6,200,0,ef5a8c113c4ce1599c5e3a8019dd1baa96ee475142037e333dc34285177e9a91,,
A0A179UL48,,v6,200,0,d801a16de1eb6a14157601780d3f7ea5d440bff6819d30b89312c767309a9e83,,
A0A194VNL2,,v6,200,0,ca99845e3a5dbade21573d94744aaeafbe15a07717315bd0335d551b3444ad06,,
A0A194W185,,v6,200,0,bc0d1fa7409ca4bfed202ed4f35e56a9d37fb35ebce7ef89c0e6e62313949eb2,,
A0A194WDG1,,v6,200,0,513ed2faaf2314c7196df27225084bae4b614e7aabd1acfb84aa84350fe0ddc6,,
A0A1B5KW97,,v6,200,0,036e7bfd30dc9275a4240bf494ee3df82cbce877c9775036bf0f33e83ea489ed,,
A0A1C3NEV1,,v6,200,0,ccf2aad82d10707c0b63711d305a099c564a3fd09a3bd084672a1bcdc9f2bcf8,,
A0A1D8PJ01,,v6,200,0,0c77765aca145130c38401b7f6781846fa5f06a63b32c81907986dcd4d523bb8,,
A0A1D9Q0B7,,v6,200,0,d0df620228329fe812224ef7dd8b55f7acd62e7b3caf5b95880734a941d23131,,
A0A1D9QMS2,,v6,200,0,748140301c40487d58d81447f87deae9ea53fbc6531cf93bbbd6046caf3b0cdc,,
A0A1E3M8P2,,v6,200,0,8f39b44b090838d354ad8256f328817cf7bdd5b7d53a855350fc7e0c91782b1b,,
A0A1E5RIW9,,,404,0,,,
A0A1E5S1A9,,,404,0,,,
A0A1F5L592,,v6,200,0,33dfda39d9a944cc25e52756e79bfb799c530ecfaa427e1fb016b23b2cf86628,,
A0A1H1YBL2,,v6,200,0,b7ff35848bfba0ea778d2ce75da5997efae7a3c1f282b5893f1758893562e846,,
A0A1L7NVA6,,v6,200,0,0c30399da5aac81fbf13bee544daa0515e1d74a443a362a4ef28c85b79d093db,,
A0A1L9X985,,v6,200,0,34ee3d38b4ed42ea3a552be780111d0e80a1173683f5d54023060883b967f8fc,,
A0A1Q5Q699,,v6,200,0,57833e315d72df8d89ccfac8a671558079e3eeb5ed70253b4ed5d0bead00c972,,
A0A1S1YUU1,,v6,200,0,2b80a3d47e6fc904625eaa8998d9fe2c47a9c8ec0d8a7449e1135028360e2e69,,
A0A1U8CC89,,v6,200,0,610daf5fe1a7562ceb6ac7b276cb281ee159f899419e6e4fee98ab7f64c47cfb,,
A0A1V0QSF4,,v6,200,0,8f44b0ba425045b135e669c1411934ae3b28bebb7e25470f1b1571735184882b,,
A0A1V0QSF8,,v6,200,0,51a10697f8ab9c76b2e623c3ebdb49d30c7cc715f311b15a931474fe50b5ce30,,
A0A1V0QSG0,,v6,200,0,e836755ce028a084b8211e92c799c93adbedc3ae742558b3eb0a9f4ec3f0b8aa,,
A0A1V0QSG6,,v6,200,0,2c00978877ec932e7855052458aeb35bc63539df133ab83dcdf7f7a633e1dce1,,
A0A1V0QSH7,,v6,200,0,ab58309fd57be984c218735e42f72d1d179bcb5232fe563a480e2617a155dc3f,,
A0A217ER65,,,404,0,,,
A0A218NGS0,,v6,200,0,e79dad1643cf68662ce2adf13bb631668d3a7f9d8697402d77307a9c3d8da82d,,
A0A224AU14,,v6,200,0,379176adf7e30fdb0a02bdda9caf86d072bd5a8b75408086d5d4753a69c93c04,,
A0A2G0QDN4,,v6,200,0,812d0cb94aa3c5fb1002013304bb9795fb81cf90c34cfcf940bb82f55e3bdaed,,
A0A2G0QDP0,,v6,200,0,300027fdb93c53a7d3aa3a814e36c69ef0744124fb2cdaf10d9a7bac9e2081bc,,
A0A2H1K3G9,,v6,200,0,bc34af6280babe76305890b8e8ef7fd7617949925a82afc4e235ac2539ba32f8,,
A0A2H5BHG9,,,404,0,,,
A0A2H5BHJ6,,,404,0,,,
A0A2I1CSG1,,v6,200,0,53a7685b0ea3ad5ad8aed8e657cbbd8dc3702b1371a55aa3a241bcd398b9a325,,
A0A2I1CSG7,,v6,200,0,7a07bfa3084fa820e9f6fb5f5640064e09495940f856dfa71e1c299273cb3048,,
A0A2I1CSH5,,v6,200,0,09377799fccdf6a94bd4f44a168e24877f74c93d04f61d591602017f6ad863fe,,
A0A2I1CSH6,,v6,200,0,f7e124129318bddb8d9f3bf31256ee6d2e8f45558e173bbe6811b9984aca55d2,,
A0A2I1CSH9,,v6,200,0,ca1edc756296cf82cc91c4a0efa82aabfb9bb02e195a7ce465333e03e775600e,,
A0A2K3D179,,v6,200,0,cfebd0c72c6a12fd57845fd34602060a85f0787edc708c1a8fc7a885700179a4,,
A0A2L0V130,,,404,0,,,
A0A2L0V161,,,404,0,,,
A0A2P5I554,,v6,200,0,32ceaa8fa7d0c719d3232e396729f86c012e8f175e937c82000eca043eb4a598,,
A0A2T1AE85,,v6,200,0,6fd6b2c0f190d82e8044d7fac165d62d145fa8cde57c42df0c701c9a54fdb7d6,,
A0A2Z5P0W7,,v6,200,0,74767a875355e6ffc9eb71ecee04c327ab2234d30a7aa88b0adeeaca308b8a6c,,
A0A2Z5P2H9,,v6,200,0,a6f3b636dda4a8970793c9d74864726a70f494500ae41204ed623f29ef1e67e6,,
A0A2Z5U367,,v6,200,0,6feb4a6d37e790a08dcb61fedefc68bfe760f7039c75f2e3804059970c091daa,,
A0A2Z5U368,,v6,200,0,2776474d5b7d85bab82a16bd00b569970c24e29817ebb8ca21a87b544b00624e,,
A0A2Z5U3C2,,v6,200,0,0cf0b1c5cb52c312d881953c4c6bb90689d1544199d0925a67b56e5dc8781830,,
A0A2Z5U507,,v6,200,0,3ca23ed85aa5fd9426d7a250042d64e67fb5925865ef715f83eac16478170745,,
A0A2Z5U6I9,,v6,200,0,362190158ff309ef4de6469fff622e113d2ca7f9ee7d956488761aa39d0edfde,,
A0A2Z5UFJ1,,v6,200,0,a9555bb21273d41190bc286bd44430ebd8957796bc405ee6c2edecc6dff7d965,,
A0A345MJY6,,,404,0,,,
A0A364MYA3,,v6,200,0,f12b1a88d9cabbd9ac8fdfe29839a3077ff24450489645fdf4efe9fe4ae9adc4,,
A0A384JQC9,,v6,200,0,fafd492fd041064bddf64b70f8409add453d6b08c5fdf66232ca3d3029277cdd,,
A0A3B6EFE3,,v6,200,0,95595303d9df5d557ff5c71d3a8301dab0e47babfddff1cc1933eb015c18efc6,,
A0A3B6UEU3,,v6,200,0,b45b884c751d9c5c06105e3beeed335e67cc304982ca5679a5ed729fbb87b611,,
A0A3Q0KQY7,,v6,200,0,916a4fdc7b288f355ee898a678ba56f46db2cb91e935cc5d62c542cbf5ead217,,
A0A3Q7GYG2,,v6,200,0,40fbb05986319055ad3c357ee76b4a616865080e7eda93c802d4bc1a7ec75403,,
A0A3R5XUE6,,v6,200,0,888d9dd2609015c390f1b6de6ddc620987527f8ae60b8a6d12b7d4b6fe25c6de,,
A0A423V942,,v6,200,0,6a1c1d623c5d1fa146241225d7761eeed6a11b2f5578620bbac7d04ff07bc67c,,
A0A423VZH2,,v6,200,0,f864e02626623e593277b7d30e569657e70a8d27ca2290754e020b3c9f7ad404,,
A0A423WA64,,v6,200,0,30cae7fcc937a1b048a15de4f6ca089ac6db4d7e00e26ab3e5987a2960e42f99,,
A0A429XC68,,v6,200,0,e15483d710c3b530971c86d4fb82fd5a8db449ba0a93ade5291bc8162c698f8d,,
A0A429XCI2,,v6,200,0,4c931be0a28bfc908bdb67c73f5cf84295cae2c081b695cb0fda89525fefe07d,,
A0A429XDI3,,v6,200,0,cfd6bde1f558e7ede0fe666ff11afbcbbc23dcee1b898f78e86a3a06ab753f4a,,
A0A437A6S9,,v6,200,0,9c0fe7ee77f233fa4279bed5b8e059c70dff4df4ffb0e1a72ba4f778cdadea97,,
A0A498JQK2,,v6,200,0,8d900ce40fe51e840ccd5529c36c8d50668c88c8f324419349f7a8952a0d22e0,,
A0A499W357,,v6,200,0,1a8b072d71f3905edcdcde16184f9ca8081781d061c4f96681b24ffd7c4bb901,,
A0A4P1QUJ3,,v6,200,0,cf7d8b5944394f8c950ae5995c483cc6fd21fbbccbd75a9212bad49cf04c0e87,,
A0A4S4DBB3,,v6,200,0,98738ec425eac9f1787e994125bba81bd21bd43373607015ab97c69a62d8f778,,
A0A4S4ESS1,,v6,200,0,5e9bc82343abb54b0a1bc39425d8412af69482f740fa81468303c92e2e8579f8,,
A0A4X1T4U3,,v6,200,0,c057a80dc690412c5afe9e7b440743b1eee61d07d9abd31e5d6727a8e604453a,,
A0A516KNH9,,,404,0,,,
A0A559KX76,,v6,200,0,dccb5950489c8a226eab069c3b955d343cfd18990d7c18bb6665d642c1b96755,,
A0A565D474,,v6,200,0,b7520750111592d43c40697f1e5ea040a3e06254796d9cdaf42f526858be9c86,,
A0A565D475,,v6,200,0,d26e3b450ac32305ae0372ac7373582d17e92771f92e6d6623545c5ff3dcc76d,,
A0A565D477,,v6,200,0,d9d84c6b2aa967f38c5b033db69593223f15b53d65acc06d7696f29ea7e1721b,,
A0A5B8ND22,,v6,200,0,947af3b6fe558720141454aa1cc7654c96e738289079ac8c531fa1c3fb1452cb,,
A0A5B8X6A1,,v6,200,0,9aa950ed7402e49e067ea690f8ef8e3281c0f8acde597f5661ebaa0d97436bbe,,
A0A5B8X6B5,,v6,200,0,22e0d380f8c113de13aa09ec5bf12252401dd6a122ec47c3a2fd0892e3a10d7d,,
A0A5B8X6S2,,v6,200,0,0172f77d3029ef7ee15d9568e950de630f4e76693be4aac52466362f2ab194ff,,
A0A5B8X7E6,,v6,200,0,8d46a02f4f5ce785c7a4efa3555220dd4ef9c71ab126057e2bdc186a3befd7c6,,
A0A5B8X7H4,,v6,200,0,21992d0c9e3bfea4d6a1b4ff28377a74390b401fe8e9dc1b0632d4c9e3a69d36,,
A0A5B8X840,,v6,200,0,5243f81983edf9f31c8223ba27f216ec68e2ca40c09a4f8fa927be40477fddb4,,
A0A5B8XAH0,,v6,200,0,511248a58f4e0404800d080b1e64d8a23977c106958035f1d282a0f4a3d355e8,,
A0A5B8XB28,,v6,200,0,ad8ae8115886eee550cc423adfc3a48d29b828955e6ed68c93836d30f235a2b3,,
A0A5B8XC60,,v6,200,0,5f1b892969a17d084c74f8d1d71076d3106604cee3c590b7837389eac6181f50,,
A0A5B8Z1N3,,v6,200,0,7736d5cd10d31e35863e6d0eb1032bb6a22de0ffa9f19e7982e4eedda17842a9,,
A0A5C0SBK3,,v6,200,0,8473d48854a7676dfd365ae0afefc58200d5e977b5101cd94d263213cb87ddd9,,
A0A5J5NT52,,v6,200,0,a9712b3e5c8e29a77dc91d2e6f5cd0b2e562f1a4d4d02adecb6544e5ae5631b6,,
A0A5J5T2N2,,v6,200,0,6cce0c36c8eefc9092b5c306f8b03db71f30d00aee197213911edfeb0d38482b,,
A0A5N6TQK6,,v6,200,0,40f30099cf1022d0cdc78a1683cd12e0e786c87ffde9f37188d4e268ab843e86,,
A0A5N6TQL1,,v6,200,0,1b8b722c3e78db2a7e62d5607424ebcf0432da23272225f456adb724981a1835,,
A0A5N6TQN5,,v6,200,0,fa2108a24cc48b555d8970c95bf921a68c02eabaf4f19047411897806ef518c3,,
A0A5N6TR74,,v6,200,0,0ee2d5d5b0709dc53c588c76d673ba8146ae0dab8f37caa17f4894b5105841ff,,
A0A649V088,,v6,200,0,6c96818229c8340d5795ade983f16f9a4f9f884962c6e37fca4b767f78a0cdb4,,
A0A6A6H2E0,,v6,200,0,303d7a2b428fdab2a3b3b6572951a37c0a0679ea8b62f8fca91156f593aaf812,,
A0A6A6H402,,v6,200,0,7766bbd0ac4ee2131cc61eaae639f1d1185a3a35ab711111e822342ecb5efa02,,
A0A6M7H989,,v6,200,0,6abf19fa8de967f2aa0eff3c5bc1dbcf9cdaf6d518da265b2d4166f6f24711cd,,
A0A6N3IN21,,v6,200,0,353f8c730568c1978925344693e80da9a5823c21d0d7b720e58dd4fd734c6e23,,
A0A7H0DN19,,,404,0,,,
A0A7H0DN21,,,404,0,,,
A0A7H0DN27,,,404,0,,,
A0A7H0DN30,,,404,0,,,
A0A7H0DN45,,,404,0,,,
A0A7H0DN52,,,404,0,,,
A0A7H0DN56,,,404,0,,,
A0A7H0DN73,,,404,0,,,
A0A7H0DN74,,,404,0,,,
A0A7H0DN78,,,404,0,,,
A0A7H0DN85,,,404,0,,,
A0A7H0DN93,,,404,0,,,
A0A7H0DN95,,,404,0,,,
A0A7H0DNE2,,,404,0,,,
A0A7H0DNE5,,,404,0,,,
A0A7H0DNE9,,,404,0,,,
A0A7H0DNF0,,,404,0,,,
A0A7J6HK32,,v6,200,0,b0e06fb18745548a48bdda9d76665fb9f45178ed478d054501267667009c53cd,,
A0A7L5EB83,,v6,200,0,ef20f20a15b76d2dd5dfdc12550b631c2f2e149b2e58d3502f5eaf80a4dc6dfb,,
A0A7S7NT01,,v6,200,0,2129ea445ed08d71f02c130076f19e9820d3f51f3d87256be2cef627244e4cd4,,
A0A7T8F1I4,,v6,200,0,b74f1e1078d767a4c8fdfb63775175fd83bf66bcf675d873105be346bf6fc982,,
A0A7T8F1J6,,v6,200,0,d79cdff5d788c63038d1b2f016156b3669b97da35ecd76ea7e11fe0f85797442,,
A0A7T8F1J7,,v6,200,0,7d6cceac8de80f1da5b024a1e9782b2152d0acd322e51ec14b295e4013ff69c9,,
A0A7T8F1L1,,v6,200,0,c097606d7d246fec6c5c3de3b45a9c86dc2275270027ea59943667876328d93a,,
A0A7T8F1L3,,v6,200,0,4b25e91740c49d35937ee327ee0791ea7af4aad0cdc8c18216a80ad5585c3a1b,,
A0A7T8F1M6,,v6,200,0,d6b2e161b9150c100a6f603391f13f49d722d86a263ae480fa9edd085eadd147,,
A0A7T8F1M9,,v6,200,0,3abe293d9e1964b8ea59102204087a951d62cd1b2d3547642c795d782d8600c6,,
A0A7T8F1N2,,v6,200,0,8d7b19d83144b49f731d3833383d060d75161f3fe25d6dda5d9c8f3950e571b4,,
A0A7T8J1U7,,v6,200,0,106b397ee84b3798a29cc13ecc201cd7648ee721c43e9605925f69685d7556a9,,
A0A7T8J1Z8,,v6,200,0,49d7c648882ea01034d763de000a9c34522f2e3fff8e264b5be3220c44fed36f,,
A0A7U2MMF3,,v6,200,0,ffb146640f5d9ca77a9189783b56125804a7506c6480e73c7285f9fd1516d5d8,,
A0A7U2QYM2,,v6,200,0,90f5ba8416a41b502e76fd2663a2930045699c5bec94166c2402af2249b4ee2d,,
A0A7U3TBV3,,,404,0,,,
A0A7U3TBV6,,,404,0,,,
A0A7U3TCA2,,,404,0,,,
A0A803PDZ0,,v6,200,0,f4fc34404f01bd8d442907ed2feed99a881360ef51be22fad5d11a42282f5667,,
A0A868BQY3,,,404,0,,,
A0A8B6XWW9,,v6,200,0,92cd8fa737b19d573b20bfa4da9423be13d6740939b81f0de0512c357368f316,,
A0A8B8BQ58,,v6,200,0,65ba116bbfb9d676ed1909240048c996baa2df4cfda31cabe1f06ab05965c3d0,,
A0A8C2MDK8,,v6,200,0,569068e0f87e013d851369f42969aa997b8715b0089b4ada0a7e59843d76440d,,
A0A8D5M3Y5,,v6,200,0,1522743c8b342114f0b73e9e9e53586c83d9f9df9fd24bca13c11061bde51f86,,
A0A8F4N283,,v6,200,0,53f368f2dea403c6fb96d7dedccd2446263aa78bc0afc9c6dc2bceed3e41969a,,
A0A8F4PN06,,v6,200,0,867a9702a6128bfd83af6cefd5e3ccfc2dcd554b823ead772b69c3deaff036c8,,
A0A8F4SN83,,v6,200,0,aa08139bd7085984df70d5df3593abd69a69a928a4034f5c67de12765d531e9f,,
A0A8F5SIS3,,v6,200,0,12be09cda90384a32a49b5be923947420e1affa820943d065f45775f7bd051f7,,
A0A8F5XX49,,v6,200,0,48a90942a71b08444190d6da13e614dbd6d3bbf61b661bcb2dfe76d6df5a9d66,,
A0A8G1LR08,,,404,0,,,
A0A8H4CUY8,,v6,200,0,a59216c888fc8724c6c850eae9b120da268ba245425f117ec5364bf41c4a982c,,
A0A8H7XMX0,,v6,200,0,78bbcad3cea9c3ddb98c23f796712fffffe1d94f2d817869ffdc14e0e9108562,,
A0A8H7XP09,,v6,200,0,69db11563c5cb9366d22c9a004a5eb5a60d05576881cebb4f624713d37dafd5e,,
A0A8H7XQ49,,v6,200,0,0281a3edf1d9dbb7c90e494bb2cb0d729dc623b2bef713c07b41a82001c1b133,,
A0A8H8CFI5,,v6,200,0,961befcf44d12a51df6c6e2edfb6a013c1b0303857c6437ee21cb8c0520d1d6d,,
A0A8H8CMW1,,v6,200,0,f4c2c4b65d7d26e1a2a565ecf019cc3de3325bcf708a8c29f5b620154bd1897c,,
A0A8I3S724,,v6,200,0,06ebc9262d263d075d422ad8b187cd89faf5e281a33074f69fe26c5173d79cc1,,
A0A8I5ZNK2,,v6,200,0,2826a151287bb1555a4bb86ce041a5788eac00ac8c211de192d9f3fe8d22171c,,
A0A8I6AGW3,,v6,200,0,6b265854b2cb41c6c5dc920a8934709e1cc78fba3b6660deb0a79c457238a8c2,,
A0A8I6G2K8,,v6,200,0,ffe7160cf7a06343b6f7dd85a0c4011c3a1b4ad7bcd05324ae49c3de80d0a708,,
A0A8I6GJ95,,v6,200,0,a56bdb463daea820b61e342007aaa229f7215abf319b26c19daf01b89368e51b,,
A0A8K1AY78,,v6,200,0,5a87eac5f084cb4f6a28b8fdb2ff5400fae1d592e106780cc996332902cbdbad,,
A0A8M1PLI9,,v6,200,0,8c26bc9733ed6aef87575d9c646f4526ba5dc3eb301d39d56b32c453fb2302bf,,
A0A8R9YVA6,,v6,200,0,7d7775220da73eea9a99bebb304bc9932ad8b4794f697e2937464712fcc4cd19,,
A0A8R9YZM7,,v6,200,0,6f1273d3f59cec894d0b1e77e9b53d5b849ce3630bc1453b56e91249081e17d9,,
A0A8R9Z3C6,,v6,200,0,3d661de0bb6a5b1ceba183f3cd2081f02caca420ed4bfbd32ecfb3c8fb7b26c1,,
A0A8R9Z5V5,,v6,200,0,cd41595867152627d4a0030947882fcc9743849f6334a803b3985b4190bad8cc,,
A0A8X8M4T9,,v6,200,0,7e0a9e87b002f30c209c865a8ed238e7c9b7b8b4ad903f7a5b5b216029a821ff,,
A0A8X8M4W6,,v6,200,0,384ba24c9f981f33913a7ddf6063dc23003dfc97d22755fe29dada8faf363ece,,
A0A8X8M501,,v6,200,0,75b16891668f09bb3f9c2aed1c08e3d9b7498223c30a69fc97104b4d84434acb,,
A0A8X8M505,,v6,200,0,4dd8402321d7be609b4f3479156693674416ebf4a1ea3d7c3d1adfa6a3dda8ee,,
A0A913XCT1,,,404,0,,,
A0A976YI25,,v6,200,0,ed27d1d25ff2efc50b11c0ebb156a7a87e9f75f65d8336a0335eab7d6f102c70,,
A0A9E7LUJ4,,v6,200,0,7d6bd45fd07a6665227e7b404282721855d922fc04c99bb96898f9301cadb660,,
A0A9E7LUL3,,v6,200,0,94cf6dc41f632267ae8ba65c4d614d0e771013f33153b7e4c6a551ddffb3c089,,
A0A9E7LUR3,,v6,200,0,86357185767bf80bc34d97fe65938b545510c8e295acdef5207cec968b8d626f,,
A0A9E7S4M3,,v6,200,0,5f34aff3a9d39fd849dcfe3c2a2235ae2610f6195a4bbd342ccca77433615f74,,
A0A9E7S4M4,,v6,200,0,b5bacbab3d9d0dd27b5bb78ca02bf6ee396c46968669f8f9a67ecb99ab4411f2,,
A0A9E7S518,,v6,200,0,801e2c78092d4e78062216228e2967ffbc1e09e074b38fb1c8e01a8198bc1051,,
A0A9E7S5B9,,v6,200,0,6b6be3ad7ffd0e3044f5ed5920dd3b0ff406abe54561994c590b05b4427e7f51,,
A0A9E7S5E3,,v6,200,0,952c7bf48e2e3f4ba212ec512cad6f12c6afcc275aec3516f56f731e12523db5,,
A0A9E8G339,,v6,200,0,9f737d6662edb12fa10c76f6de3c0168d9a42985bac8ac621520a5880b3a70b3,,
A0A9J9HGY6,,v6,200,0,fa1b54420107ab2364cc21d730a8a4612ee283eb8673918d49d75ac2c46cbeff,,
A0A9P5CQV5,,v6,200,0,497d34b50e8e0524bb39f785317011988e597f95e0de96e0d75f1570a75e1827,,
A0A9Y1LLN2,,v6,200,0,048e28a8d23d9968c7271b5fc1b18c4d0357eaa21e0964826958c7bbb06067d4,,
A0A9Y1LNE1,,v6,200,0,4fed63c0c4ea54ff89d24757efeeba01a8bbeb7cff0ffa5820885d3bf77f4d7f,,
A0A9Y1LQX3,,v6,200,0,c321c3bb92bc57af2d2bfdaeedbb9c95bd17c37f14f2856e529358940d62f48a,,
A0AA51VIL5,,v6,200,0,8e4890232dc7b98e53aaa504849968b8c7c9acd38e619ba9751261c2984a2fe5,,
A0AA51VIL7,,v6,200,0,4ad5864e73f6ad2ee3124ceb228771ed85204f5a46bb8becf23d27bab3b64735,,
A0AA51VIM4,,v6,200,0,89cc43b932be3f387e460a3126b68dc2d23a8227e3d2d60d77e2e529a747a893,,
A0AA51VJB7,,v6,200,0,9653239068692fe94a99924d482251a65118b366eae1988d6f065ff5c41eaa57,,
A0AA51VKJ3,,v6,200,0,bcfa829637e1d1b2e8796581732df4b6fe55cceac438d6a6e951ed057a14dcec,,
A0AA51Z0J6,,v6,200,0,2a4af47d1ccd5729aef411b093471e36a373393ccb7300b9a77f2443e9837ed6,,
A0AA51Z3J4,,v6,200,0,5b9803cb96f8797a724160d0920b5f5f4672c716700684223c1587ff46125da4,,
A0AA51Z3S7,,v6,200,0,415a0487b19bd2e74ca030f3e9ad1e3fc8decdccff7fa18806fda23f3296c15e,,
A0AAD6ITA8,,v6,200,0,e2e06ab0dd302010a5d8ecdf26d89ce7ee911683a4c25fde1e83a631de6c38f3,,
A0AAD6IZ24,,v6,200,0,b01f9f23656deb5cf31cf132a76c2420c5a31b3ffe39deaf5cd5449e44c2b06f,,
A0AAD6J5K1,,v6,200,0,6a4aee5386be26865ddb08a3637e3c086def519e163540dae3cb67f187e36bd3,,
A0AAD6J5T3,,v6,200,0,7e32aeee2f04faf57bc0815b2ccb7f26a5be667a0665ab697a85fd8a9d054b03,,
A0AAD6NF83,,v6,200,0,6699ba57425395ac34385f50d0ade53f36fb6ab5a1476a6e97a0d6f2c1f427ee,,
A0AAD6NFV5,,v6,200,0,c62d658bcb4d415d616a15b2b15ab6e8ad56de45c1408fe572a6ade5dee816f2,,
A0AAD6NLP7,,v6,200,0,84030a6e17ef8d2115649a90dcdfd5f5ee965a13d239e3c8eb742d4c68208477,,
A0AAI7ZGA5,,v6,200,0,86cf5461ee5e2c2f716368e351a734acb83d291291c84c0385289bb99dae85b6,,
A0AAI7ZGC9,,v6,200,0,15f12658a1d76ae1cf1182e07862bb9c79f961a76342146da4e58a0731d9874d,,
A0AAN4PAE6,,v6,200,0,1c2135166f6e9c57d8b382b4aeddd338e5f4c832ec74e64f7b25bac2526d777c,,
A0AAT9JA24,,v6,200,0,4b80ac45366021e39c76595c9fe929b09c2aca0433bfce2df24225a6b39b713c,,
A0AAW1HA02,,v6,200,0,5f2d39a1aecae07f44eb76db27026466de0537ee349757395e5c3ecbedc8856e,,
A0AAW1IQ05,,v6,200,0,b6fde751f894db2f5b066d2ee60400ea4bb8852072109f85c4a3028abf4b8c70,,
A0AAW1J1B8,,v6,200,0,3eaafa1d11c52822ae8b5aa84e030c35bc65bf9a769607c0d85ba047f8f0a3ff,,
A0AAW1J8D7,,v6,200,0,67cb405888cb652cf0a580352726f8a63d3094ef9a56e17c5e40817af4183236,,
A0AAW1J9R8,,v6,200,0,a89c55b7bdcc9dfa7739251c347ed67fedde771010a0bf733dcd6c912db8e153,,
A0AAW1JA93,,v6,200,0,bf5e6888e688abe09220ac8bd13a76fd45586ae46bbabd03a6c602f1fd1b9465,,
A0AAW1K8I9,,v6,200,0,660dcc27b7d32e317aa9d03f469533de213547270f18a64c13544e90f7dad76f,,
A0AAW1L0L7,,v6,200,0,2e8f3a3d05fcb5ce1033b6097351aac1ce365a45ac0b3c23f2bf559e9bf0ef8c,,
A0AAW1M2U7,,v6,200,0,3791336927e693e02cf820b2f63217190bc0587cd673d61ffd7406e5a1c9246f,,
A0AAW1MQS1,,v6,200,0,88f3ef8e5b8cc5c67a2cbdecf9087ce4c322472385b998c220e17d64c148ca0b,,
A0AAW1NHX6,,v6,200,0,1021df2bee82d582fcadf78f2aa591f8973310a00ee9f5d19612ad0092fc6319,,
A0AB36VXQ9,,v6,200,0,95f9e7bae5a643daf69d21b31cdd22be1850d498c49530115956342579b80d1c,,
A0AJK9,,v6,200,0,45afd310753af45c07de059516e8c217544c1f4c8876359ac800e76e4698af59,,
A0B573,,v6,200,0,3ea6dc7662b64f2dd671746c56777f9b23619989a74f46d04be6720100312957,,
A0JPE9,,v6,200,0,6e5c1c430e632c68d2d25f1b3d1d97409da124796031e245fe72b7aed5998827,,
A0JRH2,,v6,200,0,0973c9014df25e63f1b295fd8b5f978c0dd0e24dd26eed60abdf5fd689ed8a60,,
A0JRH3,,v6,200,0,f45840a05807af82d37f0b2559a84cc85fbdf40f6f0c35a3cac361a5a7288d54,,
A0JXX7,,v6,200,0,c9d4d52d98e95420dc12304cddbdc7c3294a631e2d9c5cfe2475795a0cb0c4c9,,
A0K2V4,,v6,200,0,2e60e502f6a0c1588ac74f49e921be7030430e35a718953babd4aba2278a0356,,
A0K577,,v6,200,0,736d2907c0e69a1e37da6ba1c0715d3c4e0b43f6d4571edb6ef7991c20bbd287,,
A0K913,,v6,200,0,12d2fd84db0d6187d267744268837c90090a09e0f57961b00143e9fa238e73ed,,
A0KBI0,,v6,200,0,d481df29bead1aad7e2ccfd28645c9fe80b58e4b577c57429ba11e89096f29e5,,
A0KQ95,,v6,200,0,a311bb3f60633ef3fe317793f47b8e5dee03c1bc98c0476a4a11da508c395ac7,,
A0L1Q7,,v6,200,0,9a2137073b2cd1e1e837e73fee67627db2e8a399e51887fab7fb62b0fe0c255b,,
A0L6F0,,v6,200,0,d17e7a93bc5aba55b1b686571ddd99c899ba4dea1fb63730d3b5196098666b6a,,
A0L6F1,,v6,200,0,cd9438dbf248d4735b5f3f4176bf5ad59ba001d6693801a25a93db74e31e89e3,,
A0LRJ1,,v6,200,0,3958d9a8f12ca0baef18953ce3d459b844455fc8e7c78ca992da00a12eac33a2,,
A0M1H4,,v6,200,0,4c5e667e02b726829e499f261829e472936e9dfe9fd96ac615fb8c5b53e27e7e,,
A0PNU6,,v6,200,0,82d944aff8b1d860a2f4110548b8b4a5daf20c3ab339716aeb06e47af142ab73,,
A0PPX3,,v6,200,0,4de93db5c611426adbc4c7e1603031aefaf9e3ecfb85715d5c40cea8108fb8fa,,
A0PSG3,,v6,200,0,e0c74c6e5ce8b9332dc96aa124f4b9cae48a16952f13942c1fd80d3b42b331cb,,
A0PSG4,,v6,200,0,741e3d13db6f5a1f0f6b4c279ce0b05365cf30901b9183e7c1326ad78b55a320,,
A0PW69,,v6,200,0,50970879d9f38dc51104e6aa3418764e235ad9d831d6a4fd31f431e4b87fe76c,,
A0PZY2,,v6,200,0,d204af71ec1832c0a49726ae54c2fd2686695347ce4c8354ba9174cc7efeb891,,
A0QBW1,,v6,200,0,fabffb87df737cc9871afeb4a9f99539a5652e24957450d6fb2dee9dfa7ef670,,
A0QCA6,,v6,200,0,bdac00fefaae813c9934889b7a2cf510faeee8c2bbd6859ed5d52c46308a73af,,
A0QHT7,,v6,200,0,54495c76c2d6b8f0714e89428dd64ff7c056062a14e7a76703af6a55f70fef27,,
A0QT90,,v6,200,0,636f48042a485b92ca46f273339e6037c32f3b4e62f07c7f29c995ebfeec5211,,
A0QUW9,,v6,200,0,d4cd586211f2ce10657c67fa89f7650e0e68a1b3b79151d9c44fcbf0cc56d60f,,
A0QX29,,v6,200,0,b1aa030a423f3f13db3be028d046f4f28fe5e91d1a1511f923952a3225c16dad,,
A0QYE2,,v6,200,0,fdb912aa092fa84b0cef42b8c09ce1bd01a1d69d35a65af7f874557f0cf56304,,
A0R2K7,,v6,200,0,c8c555494f71d27f2c30605a32c01e3eb788a59987db10bcacf036d4daecc2fa,,
A0R3N5,,v6,200,0,56134b2283fd676b6da914f6132660b2ead6f2e8c21ce19b7ce26fc69a1aa30e,,
A0R627,,v6,200,0,a45a14dc7564ba197fd133aa061679065aa7b48bc6a31071ec65b3241a86681d,,
A0RQ21,,v6,200,0,697119f25157b0f36964f92a91b4ba08139eed6c741508a1811b9c06b64efad7,,
A0ZZS8,,v6,200,0,2c1cfcbdd431c7633ad39b8d9be1b1c7dccdb40c61566dd40a9240e9989ea73e,,
A1A3F7,,v6,200,0,73ec0de50d49b8fede3dbfaa0cae38a31c516d1e57c8910cbfa2e2eca0914ddb,,
A1A7H7,,v6,200,0,3f837222bbdc07cc5e840ebb397f37dccb5d07e6550c15ef62e1f353161a4551,,
A1AIF3,,v6,200,0,e53cf57b30ef18e3e7eaa53909e66fb6312eb020d774fc2c27cd40dac621199f,,
A1AW12,,v6,200,0,e83c68220355645041e024ace745a0ccdede3c25fc3cad9f5e983023342d9d3d,,
A1AZJ3,,v6,200,0,d0a15c773cf412f00b7ff9b38dce4680c39d96641eb076040fb0231aa3971a3f,,
A1B1C2,,v6,200,0,73cd08bdb8068a739f123168a9bd3ba77659f09c0770eb1489995a1091553d5b,,
A1B3I3,,v6,200,0,f748f609f26b930ae58d2d757dbab8762509c825556cd5378da1152a3ec2e084,,
A1CVQ3,,v6,200,0,00614893ff3fc254518dadc84640ba0689d5ee5b4b4ef657e9e06192ee307fc7,,
A1E952,,,404,0,,,
A1JLI8,,v6,200,0,01270bcaf3db8d95bb8774690aa4e001af252b59949c0106fca2b40564061060,,
A1JS52,,v6,200,0,eb42a28c4d31376cdfa75a57918ac0dd7becc95e6850af4230ba71e58db2f0d7,,
A1K1T6,,v6,200,0,6ec64c5d681cd4e3f01d88611cbf509879dcbacd984fc6bdd2664f4c8f7ba70d,,
A1K5B8,,v6,200,0,82be483bbc432b57fd4f9932b8c80285f6dea6778b5bc6eecbe114acc5fe1af3,,
A1KBB5,,v6,200,0,b96fd81af6cc6fdfbfdfbadaf6b0acf26ef5dd1936011e0c07de1def01dbe073,,
A1KHE9,,v6,200,0,359f34e550b641ef7bcf9ffd0ea43cd39284d92ef53d9b9299e7297bc4a4231a,,
A1KHV0,,v6,200,0,ce4de0ae50b90318d36feeb469c7648e9ccb14ca38eaf4f350efa06fb8ef1d0f,,
A1KIS5,,v6,200,0,b54f6e53e99e580214969bade812660e94f2f08a029002db4d52ec30c4438da0,,
A1KJR0,,v6,200,0,206633cdad5b9b786974bf0d2c9ff7a6b0b16c7fe6f0b6277f01518961cf16d1,,
A1KJR1,,v6,200,0,b01b893c7922f9a8dfe1f999124d7f1e1c06acc6a3e7794c880f295ddc99ccd2,,
A1KLB3,,v6,200,0,941fb496ceee4a86f377f095bb237972997295a9f9be993d233f3acfe3f0013e,,
A1KMA6,,v6,200,0,90989b05f4367bcfe4666db521f6b7844a6eeae2e3be15eaaa9ce9a42c65144f,,
A1KN36,,v6,200,0,cacdd8ec32cde54e0835b71142951126278f76de580bdfd0402446cce60be188,,
A1R1C3,,v6,200,0,a9f5df3783e97450183db88a19c47e18a75bee8afe65708325d585fa30e433cb,,
A1R1C4,,v6,200,0,5ed69dc3627209a16250c58433a0a9dd7d6757c8b5934214a00af1d1ff816c10,,
A1R4R0,,v6,200,0,867f7b570a6912cc640063bce9a5d9297ebcc2331e85c2ff26ff5742ba4266c6,,
A1RVI0,,v6,200,0,348f7c492133017c15ae4a723fd6d6cdf9cf5bdb908afa2c46cd17071cd04c19,,
A1SPV1,,v6,200,0,fafc50d89ccaa01a23e6029aaae8f0862d35ea04118f5284847c30bcc3e4546c,,
A1SYX9,,v6,200,0,5f445f6231872fdca05671aa8b3815c6b804370b2edb8ec4862cb66108c8a0ac,,
A1SYY0,,v6,200,0,297cef28b867f1f268af5beae678d6b0e1948d77947351c8f499a0799c43c374,,
A1T8R1,,v6,200,0,05900a3c428d2e4862808cefcb4418cb1a4619ccdc501325585288e2aa14a2d8,,
A1T9N5,,v6,200,0,7f12f36c7ad9c929b2b09108ef9728e6dcf0f360526c8af89a68507b8d6c2dac,,
A1T9N6,,v6,200,0,2fa2aafdbbe7aaab3556c7b5253cd6383a8bcbb45ce321e70026e3802e4d28f1,,
A1TDS4,,v6,200,0,20acae248f43ee4cbbf52113f8e5f318444b675f94b46d5bdbe1a1952df7c6ac,,
A1TIW2,,v6,200,0,f44e16224919d7b38d9a54de164fddd9126fb3331f2e411d2119b930e0bba6f2,,
A1TSZ3,,v6,200,0,2fefef960840cdd80e91ee24f3f52dccc5e0a0bab3f3e41dd19dc6e059d1a7f4,,
A1TZV5,,v6,200,0,ba5b917abb55b49e22a5914a29eb181369a31791f4b87fcb96ebf5832187c0cb,,
A1U500,,v6,200,0,7cc1bb417ec030be999d83c5a7b9e05aba4733b3172f6c3eef3b5685047aac27,,
A1UFU2,,v6,200,0,e75b3a2c8fb2f36a0d6a4c81c43acb0ebb2332dc9faa85302b5531515aab6fd0,,
A1UGT6,,v6,200,0,2756af4b9abfdaa7349624eaccab7bcaa1066d76dfb6cf743d5918edfa710458,,
A1UGT7,,v6,200,0,928e78bd48c318bebfacdbf45ecf0820539c2d4317411b248389ee722b90eabc,,
A1V1G7,,v6,200,0,f4142208476b5bc9baab30651984a2edafd23e9f8a70f695ee7e4e24ee948de3,,
A1V777,,v6,200,0,909f191cb98b33f153672589df72cadbf53669bde96d4da865dc4803a8d170c2,,
A1VE87,,,404,0,,,
A1VYB8,,v6,200,0,e2b516f077f5a43c2f5b839cb4d2ab72fbd33ba49c1bb7a6d6280d2020cd96a9,,
A1WDC8,,v6,200,0,534537c8593c8c61079a698928016d764c4b0da4ff95619f34b2a14e113c98bd,,
A1WUX3,,v6,200,0,1495ec538d02ce94846a775697ff3189c8ceb54a0b9ace3492c17c55d63bd894,,
A1WVR8,,v6,200,0,5ad276b1a8b91325a4335ff45eb5e84cfcde5eb7644bf84b11150fc3691b0128,,
A1YIZ1,,,404,0,,,
A2A559,,v6,200,0,45d251bb89885f7d8ba7992fe9eea73032be94437b74090d36428cd73070cc01,,
A2BHB7,,v6,200,0,c13557159a657e677273546aab7a890dcf4842b18d3fac4603a456b8340e3dc5,,
A2BQW6,,v6,200,0,b3b40128ecb141dbf9f811ad88f64d1a978f52744d7a44d65069969950afc9b1,,
A2C4S0,,v6,200,0,3f92431bb72ac1f2a473e8bb7e861255ea8a9baafb2b40fcc73dede653ef4be8,,
A2C4S1,,v6,200,0,7866b70163da24e0436a1ea02ec8b7f9df3081f1092212fd48f33efad1829dd2,,
A2C7K4,,v6,200,0,50de389245781494f581716354d2b64f626803801425c6b1708156ba20aaeca1,,
A2CCF2,,v6,200,0,68e3b23806410c550228cdb62c911cac468032790c887942e8074195de0c8555,,
A2QDI9,,,404,0,,,
A2RIE6,,v6,200,0,3aa6b095dcfd36fb2fce8b4b7b56d4f08817156cb32037ad3e5d5c3720ca8784,,
A2RJD5,,v6,200,0,0d0aceb91143319c6909e3c3eecaa50dd33e8204d8106d1412a9ce4bea3ad244,,
A2RJS3,,v6,200,0,a5a14d84ac8933f7c32bcb6174a1072b55b690249888dee28a7f9852efb28c8b,,
A2S8I8,,v6,200,0,2b74c58b5d9a5b4eb1ae88e2d5a1ef047f987d96f821e99e0319ef6591625af3,,
A2S997,,v6,200,0,8580839e4c90d1ced4952aa9bf60c62c44a6e416057112390a911b6ee8871371,,
A2SBV7,,v6,200,0,d21bec72aaf2daf9969fffa64e2c31647080c32f729ef8a6ac241f648f02fddc,,
A2SDJ1,,v6,200,0,e9b0d98c253e60a727d40fee92740452e490cef5a2e0f20c9cdcaa8f244b1dd3,,
A2SQK1,,v6,200,0,1d0b756ba1b168686102f5ee396bfcbd29e69f10f0bdbc6512e9959f670953c9,,
A2T3S5,,,404,0,,,
A2V7M9,,v6,200,0,83df6e92c412d2853b6696e8674d20d0650ee879f5cb860311122763c20f57bd,,
A2V9Y8,,v6,200,0,35ff5dbc9edc8fc62776af4b8dc20172ba11995afeeb9bf56afabcf5e97f3c7b,,
A3CST9,,v6,200,0,8b331e3e536fb33bb7ea8e3559ee194daf86a9126949ee1f4cfaa86967c58cad,,
A3DE86,,v6,200,0,0b337ce2701d7da8f39656b4ba719b9b5e94f1ae049517e2b12dcfafee8c855f,,
A3DGG0,,v6,200,0,b546b1123140e2fce8a1451e8bf211602696ec78761670bb95f62a787f82855c,,
A3KCL7,,v6,200,0,55249e8e50c848792abca7eeef9861e2651d535b9bbb2f346dcf635935f5d448,,
A3LU55,,v6,200,0,df5df13d5e03888bc26dc2e3cc99f57eff56f7d8156ba171e4a8117cfe1f5c14,,
A3M3F1,,v6,200,0,6c7e6a8987764e981130418d89084ec7755486b5650cbc878a3da0c449e5e76d,,
A3MNR5,,v6,200,0,849cfab658cf8c66ae56e55d7b64ca7d0a43be0c9528e6e66628edf958b01f97,,
A3MYF1,,v6,200,0,63582dde28d3a0d1befbab43a7440c4365e77b3f7e29ba887260b2fa509531ea,,
A3MZ45,,,404,0,,,
A3N223,,v6,200,0,a75cefdfc7278ae67d6d9a473b89c99efc219b39b027c2d88818fdbc2b5c9ea0,,
A3N2R6,,v6,200,0,1af772b88a2900ce3a1c53a85cfbd2a41765394c07d59b4538eca22998a2a8de,,
A3N4F3,,v6,200,0,520db852b6a1aa3ea82318e671d0aa5c1d00bb8e0615be95344ae73b6df089d2,,
A3NQ44,,v6,200,0,fb931f3074c618815d06895f21e15b0fc25ad753c762bcf0dc416d37ce978721,,
A3NYC8,,v6,200,0,b20c768aa3aaca62c191e41cca5ce9dc71069a436989bc05a61dbdf675593c54,,
A3PCN9,,v6,200,0,a25a8dbad7c45a2cfd4627127b078b8c1b4bb3768bad354ea5d62e15819c871d,,
A3PI89,,v6,200,0,ae4d5ab759f35931dd52f5a1d11d2c2636520c0991dcb0bf9c708ab82fe59318,,
A3PL41,,v6,200,0,0db5c04edaf0e9aa1f3c664b06ef5c5b852d70feafb3b34972724337cc3fbc5c,,
A3PL42,,v6,200,0,72109d1ceed16bd81be26a84e35177e090c4fd6a5d7574634c6c8a962da47fd3,,
A3PZF2,,v6,200,0,2bb51f4993ceff5aa81a1d3c7b7d646bcda60a77c76a9ad3ee2c413a7f4a6359,,
A3Q0D6,,v6,200,0,e196cf5b1d91f604b4825c8275aeb47c3032320d49a3e90c3f274d098d554cb4,,
A3Q0D7,,v6,200,0,2e8a551d134026b015f090c62b9eb3310ef7d25fb5f98dcf54b80abee8cfd929,,
A4D9B0,,v6,200,0,3ab072be98355876776603e6a0940f1764fa79b47807b0d0db551084f9f77003,,
A4FMH0,,v6,200,0,209f61f321694f5790d1034f507f2046c2683d31c12eaacf26c01ef3b7799bb5,,
A4FUG7,,v6,200,0,2b367d77969c18ae03606da14b0b5d0b4b6e717a72b69d89d7996e5b91812a4c,,
A4FVW2,,v6,200,0,dbd82994c9c32cb0647d12c1312137b6930ef3d57353272e7ba20d650d8196ae,,
A4FZB4,,v6,200,0,00ff301be9e859342a198b36fdb06209a7545f7d12fe9b16ef03c2cf0874e6c2,,
A4G1L5,,v6,200,0,a1d34850055d8fd5be36db54e515b52a1be969a4dca08398e1ad967ee23da617,,
A4GT88,,,404,0,,,
A4II73,,v6,200,0,f6094cc62e9be1df832618193b02d43242a9e42610bc1e6df84668e242040dfa,,
A4IKU8,,v6,200,0,3223cc91c2d829f1016f00d89f4c15ab11b8166c0eac1b7b680a12dcd798ad44,,
A4IMB9,,v6,200,0,8ea0f245381a52b0485311e2d364c54f3a47500c995b22ecd35117dace49313f,,
A4JC43,,v6,200,0,1b88ec838d4f887ba789d14d6b77a143e263296299155e4e8d8790c4c6341ee7,,
A4JIT1,,v6,200,0,83b2834c5819aaea4fa4f22d28eb3715f1071bb775d1bf4f00cc1df7ce652dd2,,
A4KX71,,,404,0,,,
A4KX74,,,404,0,,,
A4QA21,,v6,200,0,da5839ff71a183f7918cab663a24430992478739e9f5e69e3dc76a764d157d7d,,
A4QDS8,,,404,0,,,
A4QEC1,,v6,200,0,00a7eba0eb09c8dd73cf904ee69c06b92e994d9da1f6081cdf8605e0de4fe6f2,,
A4SD65,,v6,200,0,64170c127695675379ce04fb0ee64590e89a8c663244fd0e48afbaec7c3f05a6,,
A4SHU2,,v6,200,0,4db3cf94cf8e289e30c9a921c0f3934e4f660b5e758d5928c0a718064216e2f0,,
A4SLN5,,v6,200,0,fde238a2d23da421670bc1f29ae7ad907f11a98a56fbfb5facb5c7b4eb25f98e,,
A4T9I1,,v6,200,0,31e3788e3d3abc80255fc9619bef25e95844e9b0a5398810294ab97e99c877b2,,
A4TAD3,,v6,200,0,783f1a21e914606e8e6161c1c00e71aa883eda9afdb4e139086939d4a72ccbdb,,
A4TGY7,,v6,200,0,21dc772175cb2aece4831394ff8c1e3169afaa4f9d164f919f64cd94a81a0f6b,,
A4VCL2,,v6,200,0,196013e39479ddf431eb0aa5e4b3dacff660b42af8c9f1318dc875683b2af274,,
A4VQU9,,v6,200,0,4f396a9d86d341ca173ddcfb904042378a4e3ca6789be12c3a99f5ccdcdb54d6,,
A4VT82,,v6,200,0,bfd32f2e9cfb6a76ca4572986ae02f6d111f63bead612158a1381359a0fe0dee,,
A4VXS3,,v6,200,0,eb6a34a4105dd478493ce48878524289025f7ebefdf39551a42ce35567f9b6b0,,
A4W5A0,,v6,200,0,05aeaa0ffeabcb2ce1667ed47c595c93fa95da2271965a2617a721ea72a65b44,,
A4WCQ8,,v6,200,0,605cd535bcddb0a9ea0286d4ba37322deb63f8d1c15146d75a6e237585cffdfa,,
A4WEJ3,,v6,200,0,ffd9e4c5dc7a61c60fa5c5fb5771ae7d6d07c52d2af5cebd81b829d80ef18ca0,,
A4WEJ4,,v6,200,0,0d9f7f996b473aab8a5b8e4c0819b24c9d2fbfa419447cb807e27fde0d7c171d,,
A4WR72,,v6,200,0,1546fcd3b8611ea33f892ab9f35d7b12c46f554044c0f95a0e61acde57e5739e,,
A4WUQ3,,v6,200,0,fddc9dac232cd22f78ea0f00d7700ea87edd24dca9ca76b54c92250e7bcf8fc0,,
A4X489,,v6,200,0,0026c5a614ec81156ff5003a7b0de19fe26034df37b4316acd0feb5448f846dc,,
A4X5N0,,v6,200,0,9c3fe22084d3bb5f2e8e868b333469ead0077ac9aecb38687d5c14957534af90,,
A4XQ45,,v6,200,0,2c52787b412707a4ab877827184a3e3f6541ad4c6c490b03dfb44175ba3c7042,,
A4XQ47,,v6,200,0,030ac5bea09d89c73167dd1d5b4e90ba454cd60f4c837e0da415a1bf523c6c36,,
A4XQK7,,v6,200,0,2fd9649757affa3b845f524cdf164eaac394da76df15c6a3bee758b9844ae2f7,,
A4XV11,,v6,200,0,d2162e52bb1661d48101d03f612feb7d21628147e4df2db6521c0c860abe265c,,
A4YD82,,v6,200,0,a059a3b72a9374bb41c36f3115d7250b9e1084d2cfc4cf1d456103e09f19067b,,
A4YJY8,,v6,200,0,c4c77608c19ffca8a860517d4d03325dfd95a77c828f6bdbd87e0f73063ed7b7,,
A4YWF3,,v6,200,0,5e825dc7d1f5b3e469d6ff11027d0dad85e94850a3e61ac49a3cd5ba445c7684,,
A4ZCW6,,,404,0,,,
A4ZU96,,,404,0,,,
A5B4D2,,,404,0,,,
A5CQN3,,v6,200,0,7ab1afe2829524b9f7a6518e422fe7ac0fcf3b324165a654126db0a289a1e11a,,
A5CX64,,v6,200,0,891b58b510720d219b0bb4435fb7e5a77f16882a90caf87c1cda604023d88e16,,
A5DGY1,,v6,200,0,aa8332d724d727c13c87b37ca8aa2e062c8675659d6fe7dd6f0e94a7afbf4ba0,,
A5EKP6,,v6,200,0,c3b1abdaf2a16965950d2d3c9a63888c1da1f98fc09de8d8bbfe6c46535b5f45,,
A5FAD3,,v6,200,0,c4e0ce16e27524edb98cc23f7ed2c93d15eb5b2ec627fff9a7ff0d9af459305d,,
A5FBJ5,,v6,200,0,1b4d3dcebeeb416868ff04e9b443236c4a5754f7212ec820b3250111036e82d7,,
A5FQ06,,v6,200,0,691c26ad87a31ce477b521a776d05af4f6f161dd1ccea4a8b0d29b1dcbd0c201,,
A5FWV9,,v6,200,0,7aec2f5b492c68c57cddc4dfc622b2d24b3f569a43d50d771d0a4e882c9f7210,,
A5GIJ9,,v6,200,0,ced601a276ec521cd58cebbdfe33150be19c8d747ec788923d1f3a4616b86e45,,
A5GIW2,,v6,200,0,7621dc9752bbb94a1d55aeef1de5f9d239c78581480ed14ff38a54181bf3f449,,
A5GMR6,,v6,200,0,eeb324d44bc283af177ef27b6b4852f3fe0c5dfa4e6f180d13dfebc3c3297657,,
A5GWV5,,v6,200,0,a1356830b7069b139c1ae52c240990f316ed0a90d1a0013626b5038f73e56428,,
A5GWV6,,v6,200,0,45973e57f8d67ffeb54daca7c9733eaa9522693ea927bae30fa0f800d75f93b6,,
A5HBG1,,,404,0,,,
A5I5I5,,v6,200,0,d24f5604ac5b01a14b54c4bc375e863f78bada7d302270c0e305b416a3d77be4,,
A5IR97,,v6,200,0,72e0d1086d9b924344ecaed825a5e687381e32337c6fdd957e688aee9b9f0064,,
A5IU68,,v6,200,0,41462dae963c2247f81e1e40eed1ca9e13ca20a261e54342c1ec4c94b049a730,,
A5IUK6,,v6,200,0,f09e7ad3906364de95aa329510d189b4a2c1d0f6f6f9382735dbf0f0113b9eba,,
A5IV69,,v6,200,0,aea3d02cd6f53de97b7a619e6603df452f26e61bcf5d52ec3eaa208018b1fd5d,,
A5K264,,v6,200,0,0b486df94bc7524d6473d8e1789c14a3daced0263b8d79a1e20feec12b604782,,
A5MZ48,,v6,200,0,06a028f051e9d79e383533ebfad014b6741af70e69a508370bdc9594a6408576,,
A5U154,,v6,200,0,1d5b3d9c8cfc0ffbefb2f34e8e504682784ba9cc270cfd5a5d4c02fc85d97370,,
A5U2I9,,v6,200,0,2b22471f4ff6a8e3cc505a55bfe44803e26352aeae4610d351e4a9069048990b,,
A5U3L5,,v6,200,0,b460114cd7f1cdc1ba280fecb0dcbafbd9a4772cfae92d13c12201e0bbd511e1,,
A5U3L6,,v6,200,0,48a198f88a28d6ce2f190ad46826de39ecd39093c8171426d4d11da8c98974ad,,
A5U5B6,,v6,200,0,fddc056c4bb67ea64b15db5626c7cba5be08101187dceac230455f900190a49f,,
A5U6B7,,v6,200,0,c70f67815feb155ba1b3b5b4d50e895653a78ef0ee64a5ba57d3a1dbb36757de,,
A5U753,,v6,200,0,8cc1750bce81a11d4d3b7c0fdb649278fefeb02aa3c099c473a67afbedec6a79,,
A5U908,,v6,200,0,b6b7dfac89c76061f99c02ef4c87c3b04fd1987e6ce41fe52955c82731a1d82f,,
A5U9V4,,v6,200,0,9f75e82eb94e9e60ec31d9ed747cdaef5a2a0424b25cd69fb7f68e30631fb132,,
A5UG02,,,404,0,,,
A5UH46,,v6,200,0,2288f34b4aaa3e6805e174fe379a42fa1fe99151334a8564844e8ed9163b146a,,
A5UNX8,,v6,200,0,811f060a32e577ade32955de2a27bd25b1cf595f5a6421a12e310e7104fb0cf9,,
A5UPS5,,v6,200,0,153bd7671f2b95dd9339de9b81b4445e839e11365ec4f2618b194a6fbe3db5dd,,
A5UQ40,,v6,200,0,1a61c7420ff0419a3fe1566e8cf7377bdd84a722292cc41dfd6c6466a2f870a0,,
A5USE7,,v6,200,0,aad3a94bef3a7209ea846d282f5b6522b7b039e28cc88e8b9959bfddb21df4ac,,
A5VLS3,,v6,200,0,fd55fbe40fed099dbce347159f4c87d1b87b175179ad371d5cf6e6532925c96f,,
A5VZ23,,v6,200,0,923dc07dad7df119a317d0dbbbb29783f12a33d3c9f1eec18663acf02f87ac31,,
A5W183,,v6,200,0,ff40f4caed24948ac650fae554bed6181bc225ff27a7bb2154976991c338632c,,
A5W4B8,,v6,200,0,96a3da08a7c96e98f30844e66ede801fecaa642b897bf6fa66a48e9fd2d7cf9e,,
A6K136,,v6,200,0,5fcc6e1b7a12f72c9017316498e1c46cb06b57c0c342a97e6f710e91ec93e3d1,,
A6QDF1,,v6,200,0,bc1f5b3458057aebbe6cac2f5ddd9d66ccede6f3be1f07d49ab9e3a04699b756,,
A6QFD2,,v6,200,0,e2dc6ad292af00b72a02a1e2a25db2e5bb499fb2a500f7e6195dfdf0838bdbdd,,
A6QG37,,v6,200,0,b31533717e65961b89e04814685e0d747dbb1befbfa385e7f6a4cb8cefbc9b73,,
A6QIC9,,v6,200,0,1d9294fd8ad61a472158a8b53ae0b5d47a3df45c1f639b957efedb9fd77bb596,,
A6QJC8,,v6,200,0,721261cbaa448bcc149170b01ee09db3294f40716e45c60e29507c1a39ee7428,,
A6QP01,,,404,0,,,
A6QPN6,,v6,200,0,8534a5865620f2191e67d0c1b457e0b7acc911cc282eed7603edef6b48825ff2,,
A6RJA2,,v6,200,0,140f2bbb6bd63d5841399aa07b1000ddc216014c463bf65ebe1256dea0e330ca,,
A6S950,,v6,200,0,84fa9d11b73fe5d375034a21045b6da70559185e71adc70905d454f24ead8d8c,,
A6S9T6,,v6,200,0,4e02168d30f9b71065bf804387f52a3496a08bead4a306eff293930dfd7ba39f,,
A6SAG8,,v6,200,0,dfea8a785af74820ef7a927d4a3b2652d25c2a83d05ba92275fd021f3ade0cf5,,
A6SBT4,,v6,200,0,b325ee85f48e1971388841a2142dc379588f5a59932728bd58fe3a6f8ba10f0c,,
A6SCT6,,v6,200,0,560753c98cfabcdec9e1bda9275151ab360bf6dc1285e1b74f0816687e7085af,,
A6SFW7,,v6,200,0,994c3eccefbbc8f56d9fbb55ec2ff8407335b5f5623b458cca670ed9b24e2c2c,,
A6SUD8,,v6,200,0,e69151b54daba07e15367545bc80f09e7e990816e73aff8d866e5da4d20a9d3a,,
A6SZ06,,v6,200,0,51b185f95daa20cd22839111d8c9901a750eb8ad5b23c2d5d8f59233863fff5a,,
A6T4H1,,v6,200,0,4f5643d6dc185ee338d3ed0e796159b87d2f7fd7d20588c588c36a0e03687753,,
A6TU46,,,404,0,,,
A6U025,,v6,200,0,1adcf2f2771aae6f97fd5a772dbdcd87c993fbf4512cf3dd14b41cdf8a888a86,,
A6U306,,v6,200,0,34c911e97afd33953a77106334710240cc81e1da75c93cf18fa7f9ff4520d7c8,,
A6U412,,v6,200,0,d28b748272a804f019db2cd8faf7bbf8adb4570c7d7414224742c18c67b32197,,
A6U413,,v6,200,0,6ba39bbfdb5eca7ba1a4495071b168897ca20acc69ef959593dc0e4bf4fb3368,,
A6U818,,v6,200,0,3c2bc3f69ee6cfe4c8c5a6de385180c571685e6a46d14f4f4d1240d14628119c,,
A6UC38,,v6,200,0,a38a13639e0e283883531e0dea6f1a416149a6132fcc7f57e805dc9302294c13,,
A6UC40,,v6,200,0,95bb16dc4d6d9163297d8725e72461c72c800f12b8d0e889e306a4ce3d5cc228,,
A6UH73,,v6,200,0,b218f9bfbcad59c4ebe77d8163c6a9cb3e3b0bc91ca3cc9ef2b57f964ca085f7,,
A6US00,,v6,200,0,ef7386b0bb7289249971d17eaa25578f0bd84bbbb5a04db7d9105533c90b5b29,,
A6UUL6,,v6,200,0,0ee06f9f31e8b786a1f3586c34f4ca9de8999bff436ee9c1d1077c5f5885a47b,,
A6UWL1,,v6,200,0,eac3df86bf9b98e139ef65fb55058602ce0d5ac0f2481f39f31dae570fec3dd9,,
A6V4D9,,v6,200,0,8062a62810bc4d5d6d9a12852563fd45dcc7d7b867bda826785d24d7004f770f,,
A6V6S8,,v6,200,0,7632ab1aa42ced3f44d8607f8aa68b77ccd3ac4130a95d52bcfb12bfe566533b,,
A6VBJ7,,v6,200,0,38026729c8a8e6bb3cdb3415adaf1533a23c639ccbaad927afc00454b7fb0ba6,,
A6VCX2,,v6,200,0,ab7f430f7cbfe18b265fba670bee7f446d874abcd8535f56d27b27efce57dd5d,,
A6VHF1,,v6,200,0,637033c9c4cf2106bc6f80f406acea058c69f3ff41472f4b3fbedf6bfeb42564,,
A6VHH1,,v6,200,0,9d06f78f28626af5c7f507c02b83090e9dab77e222f58db9951325b7ee7ea37b,,
A6VJ23,,v6,200,0,5051951801f1500bdd670070622b5d7fbd5a4a5106f86f6f21a2fe36081cdf38,,
A6VL34,,v6,200,0,b1afdd234acc788e93d2b87ef747d4142b3d50373864665b7979a258ea3eba4d,,
A6VTV6,,v6,200,0,88b7ab2a363291ceaa5752a355d0b1e48f14d4e584cf4f28b7e93e2f98739903,,
A6VTV7,,v6,200,0,c495f681529aa7e32950416d30065c3b77da458ffa4af78e0b79df95f4513b74,,
A6W7L6,,v6,200,0,8c0d69e555d55556582c2a697b1b196d92f05447b75949b9f4cd049b2eba5771,,
A6W7Q8,,v6,200,0,8bf324c6100326e5bc08925db20263ac2abcf1c3a4ee4a80e8e6eaadfa7a3000,,
A6WIB8,,v6,200,0,04b0a3411f7eda7dfc711b498f2d03db897a2a74edb37b2576dca1e317d3d7c1,,
A6X564,,v6,200,0,89a77cee035fccb8ce269481a35a0e742f2e2a804a7918df70f8965749f45fe1,,
A6ZN61,,v6,200,0,61999a033d05fdbffa613f211e199bfecf47b453df27445e8f2e736c62c477b3,,
A6ZYG1,,v6,200,0,a5bbca6d96d752daa16a926ab146ac9dd6e3fdff7a267d3e6f90b24a403487be,,
A7FGQ5,,v6,200,0,34e9817bdf740fcaab7493960dbaf9e72dcf35613b5cc4613f807685a10767cc,,
A7FNN8,,v6,200,0,651139f0c97d99d4f2fa618607ab6106d85ab1c78cf292369f59043529a72479,,
A7FTE0,,,404,0,,,
A7FX01,,v6,200,0,207eaa60c582423c28af121284493fad6ece01fcbeb6e5924c8cc9ffcda6b122,,
A7GCV1,,,404,0,,,
A7GTM8,,v6,200,0,fe381066ab5f10ae203cca78ad620168295eca940a398d41558da97b93e1dbc6,,
A7GV51,,v6,200,0,d6db67508d7ccdcb8240c4019d1c556f57ec1e164d5d74d95987195b38cf4724,,
A7GX43,,v6,200,0,c13b34963133037853ebca1067254c77711b6207e099be99748c639870eefe1e,,
A7H4Y0,,v6,200,0,12ead79a851e5a5481bb52934e7948e95cbc57f4f84ef4e4b3ebd9cb65b5f845,,
A7HBI3,,v6,200,0,f08a0c89dcd1bd40de3101922a3b9e2fc6644a547238ed3e1cb6bc7806a05788,,
A7I9P9,,v6,200,0,cc62790deb20eca0e74d6376848ee7daa7360d3d44409e3515edc7249dfdb7d0,,
A7IMA6,,v6,200,0,f138aca5501bfe459f428e76b9c8e254a957a3751014816841f517fd1e6b08bf,,
A7IZZ1,,v6,200,0,665f61a1ef1300cd23e4e812de61b25035a84e78577ad61c1dbb4808df516ee2,,
A7J392,,,404,0,,,
A7J3A0,,,404,0,,,
A7J3A4,,,404,0,,,
A7NJH1,,v6,200,0,ffcce2e58b4e4f4cfb4e6a4dd998c4549439fd23ef0077075d287d35985bbaa8,,
A7NR21,,v6,200,0,e0e5ae5419d09641b3e96e6b98c74311ff152541894e69a128a099805c41d182,,
A7NS25,,v6,200,0,1c461fa61ec272aba962c0dec6949d8675bd3ba85497fbda6948b8dc99d63687,,
A7TSA9,,v6,200,0,035b2009d151026f756ad53ac9374c70f7c39dabe3d46d7537d7a6e9e5f16a93,,
A7WXE5,,v6,200,0,793aaca242668a5360fd6a8918c92cecd89a9dc272d2fd95374f560507a5722e,,
A7X428,,v6,200,0,e22f2f30aae20282ef6589a4ff8413116e9a9a91ae7f1d2e75e882f296e6b245,,
A7X5L9,,v6,200,0,77ff9a11fa7e51d60899ae0735edb69212d840eb734146cea9e8aeebe287196b,,
A7YD35,,,404,0,,,
A7YWP2,,v6,200,0,413508848ed5aad831614db97c4ccedf7a198a08982672def2320e190c1807c5,,
A7YY46,,v6,200,0,c67af74bf023845894c484f4094694d9ee059d2d1a61a2038aea3abd92ce2636,,
A7Z9N5,,v6,200,0,27319f691747daa5db988b9d7c32165575611c314ddf825b798bb6e8580dfba0,,
A7ZFA0,,v6,200,0,e389085c4c9b19e3c27e748dfb9e137aa1d152dcf9514f293af1007de42ad66b,,
A7ZUJ2,,v6,200,0,14702e547c571966b2f8f50ba76568e13d5e4140f0b1835a1c85603b70b14817,,
A8A779,,v6,200,0,afb9881caeb58fda326c0f2cfab537ba3d3ae14f5fcbb2ae60f079e58291f83f,,
A8A8G1,,v6,200,0,af5f4c959d81d3e5b6d84dcc5950780020be8de14a890161a8627c6bb699db84,,
A8APU8,,v6,200,0,01e26c375cd8a537585856a0dbeb08065fec0cc8c1d9b6066eace69747f101be,,
A8APU9,,v6,200,0,e3fa2742a1fec6a5734457cb1ce6290bc2eb6c07e2b2ab23a6df14990add6bae,,
A8CF74,,v6,200,0,e362afb32c96ab01cbd26de4eef36d51e3f1d321c8106788d5f00b294b9ce7f7,,
A8DYP7,,v6,200,0,df07b8517479153694c3c6b01245aa63aa017ab121f81c6a68dd8fad56e14f39,,
A8ERD0,,v6,200,0,ea66b0a80dd89bb552584e343f500d4ace023e122985975f149af35c753f6f04,,
A8FAY5,,v6,200,0,630f886fd5889dcc76e343c2680b0891c57f4556894205f30fedf94ecfde8958,,
A8FBM6,,v6,200,0,09ea5c5018b66abbee8b75cda68388b9f5b25f6df6ad955bdf24429375b94536,,
A8FKI5,,v6,200,0,cc99bef7dc3923bdc79a3ec172bff885e420873d391f93b0947c327594f289f6,,
A8G4K7,,v6,200,0,534437cb0c144aa6e3b1a5955b61791437a688ee4f738711a8824ec090a4a4a1,,
A8G8E0,,v6,200,0,902d929cf43532ba8aeff2c8efc10a336311f01d70618129df9f8443ffb2794e,,
A8GKK1,,v6,200,0,583495ecea2cee406f7d43f2e08933211e1047add1eafd0929d40ed6e6a897cc,,
A8I9X4,,v6,200,0,a06b977550d3a36f3065930fcd15e8bf84d24eff3fee2cd6357a2b2254c050c4,,
A8L568,,v6,200,0,8991d096d5b8f0a348d8c08ce57f2eb544d2045dcce475616a4b3711fc7df9ae,,
A8LJ24,,v6,200,0,e72190f558b4a09fbd5a60d824c592b5378b5be00bacb50b87dc198e1db91275,,
A8LRS4,,v6,200,0,e0f267dbd4041c53fb4ea4dbe56335b0a4b341f9d763684ab2ee049547dddcfc,,
A8MBW8,,v6,200,0,4feefd69f028f7dcb1c5da238646593a08df9f8f6fcaa0e016e4aac7b21451a4,,
A8MHJ6,,,000,0,,,
A8WFS8,,v6,200,0,38c7a328df7a497d51c1a263a34398a76104d908e46e864689a9e0c324724d08,,
A8WZ92,,v6,200,0,0e7c843d829e2abeb8618b88091fc07b9ee2d30bff21273ab1eba464eb5d345a,,
A8XW88,,v6,200,0,8a3fbbb09e37f687b79b904d3653bc20bc639025bac1e2254fe5a586c462b6a7,,
A8Y984,,,404,0,,,
A8Z1H7,,v6,200,0,20879460d52ab945d757d3d8467326252922d237c28d77590b2127c92678fd8e,,
A8Z1R5,,v6,200,0,b7d0bbb27264621f2ac13433581478de2c3dacacdea37890e933855408781b77,,
A8Z2R5,,v6,200,0,5f66ab063ac879b71c9be3d8024c0cce470ebe8f8be0f6c04292cc1165cfb3e9,,
A8Z385,,v6,200,0,6eee3f9a9f4a6dc3965d2fcd086223a5220e994af9c5e6d878a2f1d364a6112c,,
A9A6R1,,v6,200,0,02058d539a41755adb97f27cf116bf5b6d236e62f47e06b3df7f543f317613bd,,
A9A978,,v6,200,0,6a7eb11bd903b231798ac523aa74a0694d4286c6d4508add861b6f8a195333f7,,
A9AXS2,,v6,200,0,b85224782649766c5313e19a7a3c10298353f5535ab1979727fde115e14b57c6,,
A9AZE8,,v6,200,0,94d92aa008d5798ca324813edc64a46f80f36f0d41e66c0d254ac049bc39984e,,
A9B090,,v6,200,0,81e8a758ed53f0b9a49308fed962886aa3ad99fc328d574cd9cd8a1ec2aa1461,,
A9BDK3,,v6,200,0,7f96a0a1cffe326b9f0791888979b0da194723fd2598218375907cf146eaf05f,,
A9BHL2,,v6,200,0,cb3f014f6a2bf01329dcd5f9580d0e2f779c2e9e334e2546925be7728eb682c6,,
A9BNB4,,v6,200,0,9c2583da0c37e2c411b50b871454c94fe28546f98489ea67487bc67a14a756da,,
A9BPN0,,v6,200,0,93343b135393858b04c451107a82dacdf8ba8022719293cb1c6a5446b6e2b4bd,,
A9BUC7,,v6,200,0,3108286e6581e8b41dd665afc75479f9789129210ae503c1a5dec6e73e8ff406,,
A9CJR8,,v6,200,0,794ece842dda127998f2db5676a2ead525c2e139c3fd657f38453160910f2772,,
A9HRJ1,,v6,200,0,4b90cb986204177ad0de979072f887830c03efce21a020b8f48d75cd529ca4e1,,
A9HS54,,v6,200,0,3d6fc007a55e853403bfbe106d30ba9a584528bd9bef832bc37e9715f9398674,,
A9I0H9,,v6,200,0,4904a5d0e0e0eeb11efb85274cc6522d2816995ea86950c8d8856d73eb3ed9c4,,
A9KJS0,,v6,200,0,9d0a52353bab8295d9bae349ed0b5b7ac6b674d2f47c30032e95f3ea22f444c8,,
A9KJS1,,v6,200,0,c99cd83b4ab1b4ffee0367867c61a93add90b4f0ad89bf583b3d34903b031975,,
A9KT78,,v6,200,0,a4ab849458c6a807ca3b15bb316dee18fcbfebad1fa48445b53e5d903d79b81b,,
A9P2J1,,v6,200,0,492935fcf334766e87fe079c1e347fb768f3305f9ebfd9fac59638cbb38d2321,,
A9Q1K9,,,000,0,,,
A9R6L2,,v6,200,0,d29fe0f5812c1103a4a773ae01b4462045aa821ec9cd63abda341f4d06801085,,
A9VI99,,v6,200,0,172ef4ed6f44989886c2f2a864d9d33233131a938be8c7a541bf4489b1a8d1b5,,
A9VJP4,,v6,200,0,030c78b35434e5653dc9326c44a5dd218e4befc1cd522fe85e3aa45d8ceac34c,,
A9VRH6,,v6,200,0,d79e13569aeb4ae12b51dc69bb0296632743e66f6619271217d474ac371c04d0,,
A9VZG4,,v6,200,0,930d7a7388223734e4a548e0babf6f826c967dceff200971b2d236b0f03b46d0,,
A9WA95,,v6,200,0,00d19e7ecbe9dcf8a10a31a82c93266f967a16e1cdd8da485520bbf5edbe8903,,
A9WI69,,v6,200,0,03dfeecb1a5a865be81700932e81a43f8b6ea637ec91ed2c4def335182b20c37,,
A9WPN1,,v6,200,0,d09f7c93b818aaea40ba45edf5595921bfc3fae8b3e24563c4b3a659ec0b2b87,,
A9WYR4,,v6,200,0,41008a2987c8920be7468092a2aa05884db854e4773102a8c5e3ddd5ccceafda,,
B0BRU4,,v6,200,0,f49ee94088e04a9a16d436c950e611095f14d4227443a98cc82714fe49c244d2,,
B0BRY5,,v6,200,0,02c74ea36f2a179c150b58a7cd34cb861597203b7f6fbecf88276a2e661b7f4e,,
B0C791,,v6,200,0,2c5a05c17eff24de6b3bcde78157dc598ed30277cb0bbe1b489ee4967c529b9d,,
B0JQV0,,v6,200,0,d1bf9276002cda7299ea972fd4a78d1452f5016ebae3cd1620b5b57c9ea373be,,
B0JTP1,,v6,200,0,c3002d79b95a1d82abdd92ea3309832b13c89158d90db4cf449634331ebcf2bf,,
B0KMX8,,v6,200,0,64adcf6f3e70ab9365c9fbf7520bed84d6b24176f3c04df63ec4e138df5a6a45,,
B0KQG1,,v6,200,0,4926e0236abee5da60aac5a42088dfcae0f899cb3443ea922b2b56335f5a388b,,
B0KUZ8,,v6,200,0,87802c9cf7f305ef69c906183d6195ed81fbbd66e1d4b4b6c390f829a40244a8,,
B0KUZ9,,v6,200,0,b388bfe300699b236f98e339e2552cb57d2efeecccce1b6db843d6f665e2ef4c,,
B0R6B9,,v6,200,0,ef5814d699eac7090abba50534a91f0385ba0e5cc22ec89063cd2042a7149544,,
B0R6U7,,v6,200,0,b9cc01bbbb06db0f8adbed9b700e5ef92d0f39e036da426afab56ec79d3aa19a,,
B0REY1,,v6,200,0,84cf1c33e66e71c6d3dd005f18893e56efc5c84130ac0138a4bbb0c8c8051904,,
B0RTH5,,v6,200,0,8bd59b47b2845bccfb5aca96c6578c6665cd182801807a7933b5030adf7dc0e1,,
B0T192,,v6,200,0,fcd8333da80446def7afaaf94910958a52988ee1173c48a03607693d305dd0b8,,
B0TDK8,,v6,200,0,c33750f3c222ccbd96ca8e7f75fff8f650d887902bad58439869d8ed6b36723e,,
B0TT70,,v6,200,0,ad4707c550ee156b899d858cc0983dffe0ecfa0d9f0be99e726ee80f353e8720,,
B0UHC7,,v6,200,0,7effff92fe5b21a7c436a3cc7a64d5b61eef37fbd8f06aefbd36cdce649295f6,,
B0V9P6,,v6,200,0,bb2770b6c31a6e82a119945abef49e20e0e9c29072fc926eb30496419246f0fe,,
B0VSC1,,v6,200,0,a7fb22259a2ae63fb271460fea9680d4667563ba62503df11482e4ee0f5925e5,,
B0W041,,v6,200,0,788e85622730960f56ff18e6798450a557642a14a133cbc7136476a4c42e0730,,
B0WGN4,,v6,200,0,b46e9468f1bce970f4d5d179a2f530d2b69d0fb581191e38b2804c0d6d37b408,,
B0WV73,,v6,200,0,5d62f414d890ea58acb089c36a147bffd6c96e8d26ad306401811849c3981afc,,
B1AJ75,,v6,200,0,6e61a2821f9da224780a122b4ef1163d8e9375aaecad1fb07f4410314b052136,,
B1HZE3,,v6,200,0,1c8912df012765bdf3a9fff36bf60c35f3377883d5c80aa01c8d9766da8e412c,,
B1IBG8,,v6,200,0,25b6747849c61f2e31bba819b2aebe6f6a0dd77485d66205aaa3d7eb7c886860,,
B1IKG3,,v6,200,0,5175ccda33924afb879efac2c2aca7201d5f581b2166182fd042b8afb4926371,,
B1IVA7,,v6,200,0,b360c83e22f6581e0fb29377a98ba003d171abbfe0aeaf8f3bc049e50b0d797e,,
B1J813,,v6,200,0,a8976cb49f7540737b2649bbf6bc852221c256f9a5e29799b286884d28bcdf27,,
B1JDP0,,v6,200,0,3cb2238032a156e2965091971052ac2bd4f149e06cabfda4679f8c732c41534e,,
B1JHY9,,v6,200,0,672e07a7205456699f2be9fb8bf8bd233ac33e51a486f799e3528eaeb5f17ff7,,
B1JX30,,v6,200,0,9502baf31e39c816a883df75f6e48f135c95f456ccca538eeaba7910bac0fb60,,
B1K0H8,,v6,200,0,11cfc0558ab20aa5204b9c7d0a0f233325ad83277e893dca57806f40e1f303a1,,
B1K1I7,,v6,200,0,3aad52e3d4af68c04547866823bc63f449f697befb21a06f1ae1bad2ef15fc1c,,
B1KJV7,,v6,200,0,d209ac3a49834636a289220c72dec345979d29a8f8ad511a44d27f7b464341bd,,
B1KYG7,,v6,200,0,3fd2bf2a1270ebc2af8aa31cd3ecaac63f2087454d3c9ba2675bd82c63f5a4dd,,
B1LGT2,,v6,200,0,deee3dba57bba391e08ffed0726c1d519126015b5a8b84100cda6858ac3b35e4,,
B1LUA9,,v6,200,0,021eee3eef56e3b354cbf20a993b7c2b6fd33107ec3d4985b8f6be47832a1595,,
B1LZS5,,v6,200,0,17affee8286cd8f6e89295f049577c84c41db8d3060482d466abcf05cf9a73a6,,
B1MB83,,v6,200,0,432126799ead7a77f8ea7be7c6bfed8389cf521e1a94bf29c06b5df534cc3c29,,
B1MC29,,v6,200,0,307580e3f026af4a44b174507a403d169da981b838949f2e52165ba91bc8d6e9,,
B1MDU9,,v6,200,0,e1998bb4d9d28b5dfb61a9303088fb7d0ff188ddf21c55fc6c5415ef13c6309b,,
B1MLG8,,v6,200,0,d628bee38a68492ca827a79ab3195da62bbeafde63c19578013169082fdc5f06,,
B1NKR1,,,404,0,,,
B1NKR5,,,404,0,,,
B1NKS7,,,404,0,,,
B1NKT1,,,404,0,,,
B1NKT9,,,404,0,,,
B1NKU3,,,404,0,,,
B1VHT0,,v6,200,0,678d00a8be9b01402684fa945da92b529eb4caee1ea09e2390e3bbf1b19af3c1,,
B1VXN6,,v6,200,0,17213f1d1423e66c35ceb626975e0c0a22094720a24f8ca95d71f83418df76af,,
B1VZ02,,v6,200,0,95ac5e621448a74987985089dbdcd7cc45b482fc62981d7719a7d374f18a150b,,
B1W5G7,,v6,200,0,925efa5221562639c072e194ed2d1f04bd9567b117bf4ab2948cf2279f94d344,,
B1W5G8,,v6,200,0,052c2183d106d6c70531c591c5545e99ae6f511859a92763fa0fe2925e1ea237,,
B1WC86,,v6,200,0,20beff8e650b88b3bb4ede7ce22bbbd4e1e9ee53d0c9f47497b694f4f4632d20,,
B1X900,,v6,200,0,0570a93ade2a96de1ea494d7e83cc4bf97d30fcb1aa69815c6cc0b90e8ae6e97,,
B1XNN1,,v6,200,0,90ee42a0cbeaeaaee6a8437f13f80c8d04158a42faaf3fff17ae3de21ee015b6,,
B1Y3V2,,v6,200,0,5e95886b5ea170218001e3721da941d78e08517bae57978d275f53370cf3c95f,,
B1Y3V4,,v6,200,0,1786407242761e397cf197008b1dfd97ed8a40e4e02bd99dd8b396b019c1d8ab,,
B1YDA5,,v6,200,0,97418b07f9e9519b008a394fd27e57d900138618725ac22570c1e02c508b1fba,,
B1YPV9,,v6,200,0,6bb21b11d6931e9361a7fe5746bee55efac4a7f58510e27f40a548d6c7940cfc,,
B1YQ64,,v6,200,0,391807887994206969f196eba0d5c6e15c7f2cc367517de2313e0a3ba01fccfa,,
B1YUG1,,v6,200,0,66a5b5dacedf4d518630e8c00249b82c926ed7d00a8c6afe02fab50d32483a2c,,
B1ZLM0,,v6,200,0,37521a24292e117a0b8e8d5441df31ed1ff50e7c95609caab409f1cd84671b51,,
B1ZP07,,v6,200,0,3c3d25f842e538f32c81519ffde6f142fb43bfecdae5a4af94e193843542c172,,
B1ZP08,,v6,200,0,a6cae3c8b54a6e08027f0d151c634d73d1f538c786bc19efd23f64d2ed4911ed,,
B1ZQN2,,v6,200,0,aa58706f2b0bb2e7e89c23340bc124a498bf4f32442295a76ca01b9d2541e393,,
B1ZY08,,v6,200,0,e1c8d6cc0e81f4fb59a548cd6fe37551c6f5b160ece8f01657c59ad58ae90347,,
B2A5W6,,v6,200,0,aebd5a94f9104e244702f30f5fa01791ff331aeb8e62d300d39243b5fa92834d,,
B2AG26,,v6,200,0,0bcc0911cf7b641fdeb9eafb3a1075e3ec97be46ea04b34d3fdd7dc1f8b2eb3d,,
B2BMF9,,,404,0,,,
B2BW43,,,404,0,,,
B2CML6,,v6,200,0,7fed5fcebb3d30f5ab4bccfd723f823e8bddcaa5a924b967c73e0b4183d5b09f,,
B2G944,,v6,200,0,79f2cb3ea01fd56065fc635606890587aac1f8d3340c9fe0fc3800c5c9f5ce36,,
B2GFK7,,v6,200,0,4b29aa1f8b7589ba8ee4239b8144ff4d91d1806fef16adeab142168fb3a8d777,,
B2GKN0,,v6,200,0,767360e9d327b75a2ae7fb00da7dd0bea2731a0eb0a7201a5bfd7727addf483a,,
B2HDJ9,,v6,200,0,f5fe7f7952f51faafb102806dca3ad2c9385495b1e401751372e673130e9261d,,
B2HPD6,,v6,200,0,15f73c417171b5f158c056fa9ffaa18f08fa90ac3832b418fbff51d025cc25fc,,
B2HSZ1,,v6,200,0,6877de6992d80473821c9f219cd117c2aa684fe77e9b3a205c1547f619341b7d,,
B2HU50,,v6,200,0,38a7566ca5b9d988545e04719fac8fbd752742b8095e64b72d29362c8257cd27,,
B2IEA5,,v6,200,0,0714a7161fb60727f1dd86b1b625a51083064667ca08d27b1fbe486cda686a52,,
B2IPG3,,v6,200,0,a5fdaa61d63f5436a4f07a8f5c8cb4aa961de9bb566ae7752d181348fdd2e23c,,
B2IVV2,,v6,200,0,5730d9f8886b0c4c0ca520b9f7e2100f568966a786bafc49c4cd712ada465fc6,,
B2JF65,,v6,200,0,0db214d75fc415010074b48f3f1f1cf2b7f6da1de73bc335569f61582f643574,,
B2JF66,,v6,200,0,89603c58b1779db985f9ba47b8855e145c0dede47fd794ad69d0d78216136cad,,
B2JJW1,,v6,200,0,2f6d76c873a884fcf76490ca554684182f067f89afec199c84a44e76a42f6659,,
B2S2W8,,,404,0,,,
B2SB61,,v6,200,0,d16b76d4124ed58f003ff432646fd78939a879a69ba868c408786dbb7900f1c4,,
B2SNG9,,v6,200,0,eaf0f988d04a107ecc3201b78fc22cdd1218c735a322f86de221ece30b129d67,,
B2STN6,,v6,200,0,b1cd998d51ee219d6f9131e4955cceb31f3b5ef1109e4509160c6d3c76cd47df,,
B2T1M3,,v6,200,0,0a23fce858e638a0f847d34283f02b1cdca97324659567f228f4c91eda604434,,
B2T7M8,,v6,200,0,e761b7da19c2ae3b5d5bfe96e3ddaa91cfe2c57cf9705cd3ed3d0548de97541e,,
B2TEK6,,v6,200,0,3a3d76e98a00641869a96a91bcf9bb71aeb2dec3c97434df86d845e7a258583d,,
B2TIR0,,v6,200,0,313b6f5617eb00eb2236e94f5c1645bbe6266093bfffd24ddd70ddcdbc58a657,,
B2U7Q1,,v6,200,0,38546690a51694221179dbb5a44b3e06270548a0bb76dd3128778840d38facdf,,
B2UGY6,,v6,200,0,15feb401838d44f028fd143669b19527997f6ed0b1842ef7ca752c840505d31d,,
B2ULY3,,v6,200,0,ab7e10933b670a3239bd25af80613d794d11c72d9002295d813ca1d9382be994,,
B2UMP5,,v6,200,0,20a443112944374a79839b2c610f034b46689f4d262045742d009efd8c9b0184,,
B2UNU8,,v6,200,0,176a44c1860fd04b4a91690fa97c3c99648badcb80b8f06e74cf1e6f764aa5c4,,
B2UQG6,,v6,200,0,9ed6567527ed2fcf1714cfc04a5d13a2d6388b309f2f0f4c34f068f584858c82,,
B2ZFP3,,v6,200,0,a84cf01a6b199cb31ba1162de2380eac0a2f48082bdcaf5a23a0d299f3b94816,,
B3A0L6,,,404,0,,,
B3E7F7,,,404,0,,,
B3E9W9,,v6,200,0,5c77a065f340b81fbeddbfd0799187516fc12c086e3a6612c0a33f8378c0932f,,
B3EI93,,v6,200,0,aa852c71519c37a316977314eb55f69c9dca5212121bcabae6e368833b05374a,,
B3EWG7,,,404,0,,,
B3EWG8,,,404,0,,,
B3EWI9,,v6,200,0,f20137e162602c1728b432e72d8210b53a0b7f441ff89ad340000ebd790fa933,,
B3EWQ8,,v6,200,0,a695dd5c9dde989955ef79b1c258dc0bd4c2d857be5c666a99ec5bf717d96383,,
B3F2X7,,,404,0,,,
B3FK34,,,404,0,,,
B3GYF4,,v6,200,0,b0d1b195288400e24490e49a5ffb99ee08330de0021fab56e50ab7c53d05dfde,,
B3GZR9,,v6,200,0,64d20ebd4151e177c78929bc59c6ba422a9ade7a87684364c176c4c0584fa82f,,
B3H2L5,,v6,200,0,d94ff9a569eb505243f33469531b1ebcda72bd1a368ad0148b568908185d676b,,
B3LG81,,v6,200,0,c38b503ff688a865b33eba9a068edd68f27fd5eb4178591d949e2b1b16213470,,
B3MMA5,,v6,200,0,4cbd510c21812d1942a5c5dc85df28bc38f2e1f785504f9f1e95d146aed75254,,
B3NAN8,,v6,200,0,7cb890bc3f38f9029b667b19cab6f3037977a85a5dc3ac49e3e007c0e0ef78a0,,
B3PC73,,v6,200,0,07e4c96561793dbc57ec21b1ecf08b65cf8fd3a135e283b8a3b094239f4ba104,,
B3PXB6,,v6,200,0,ce012d36393b5e5c9b746ef98e02fe4561c86766c3f07a6d85a681daacf3ff14,,
B3PXX2,,v6,200,0,06e918042550983ac8157b66738038a9c96c01746e6a87a0034cbdff378e1bd0,,
B3Q6T5,,v6,200,0,66aeb463673657685d01f466a938f93b7d00f2c76fd7fa27cc7590c2907a76b2,,
B3Q9E4,,v6,200,0,3b9c6e315280bb08c046fc4d57684eb65205389998c4bc3bbdedf9566a832fea,,
B3Q9W8,,v6,200,0,1b074bf7456d03da78e65d63d026c3cc09101e85786f8f9bc11da1e443d52c30,,
B3QGK4,,v6,200,0,bdae66cd276d1b9414775f6dfef4d292a3a6f583cc13f9e5bc432b6c4265e280,,
B3QL05,,v6,200,0,84a71bab3e19ab152cee0b757af34fbacc4e0fa420366d9eabcec45e8377427d,,
B3QSB6,,v6,200,0,db66bd969f1a969a64fb13405476878825748e3fdcd321dcc6f975ccba0c5151,,
B3QUX5,,v6,200,0,2073e9de5bdb80cb24dcf663741625c195db3779346ee9562f3f83905779ee8f,,
B3R3X7,,v6,200,0,01c32be2deb46fdd45dca74925a64f778503154ad9fc45046c5b26cbb00828ee,,
B3R3Z9,,v6,200,0,7801668bfe59e81431fc9000152d76547d1134118733932a1df9f431b4c1861e,,
B3SP85,,v6,200,0,5806fab779964c7a1dafd62dead01928b1054074410ac87b04c3b3ef8bbb0428,,
B3W963,,v6,200,0,603c6c08fb0815378bd9ff9ffda75f1ba449f9d9fdbf3d2e52937df0e4308285,,
B3Y522,,,404,0,,,
B4E7X5,,v6,200,0,eea7d9b7f84f59d71ceb48304a373162706941f2b6c9a31fbf1f279f09b87bde,,
B4EZ50,,v6,200,0,b47b153b42384129ea2598b522aecc3299cb7932ac38a731707e0d2115d696f8,,
B4GS98,,v6,200,0,8c7388bb9e93e36ac70b264516840f0c5d5b0f728ef8556fcb1897d055e8344c,,
B4GX14,,v6,200,0,c39b57cd4f1ab5ba08a006c0bf9b068b4f6559fae8e846eab8f937b069ce9564,,
B4HXA6,,v6,200,0,d69805df5ba36e2bb552c88302ec540d66d03d05558d44bf8281769ff0ac08c2,,
B4JCS7,,v6,200,0,0793c4a907619f1b1ffd610be0621e214fd47f14fa871c784de4c03e8bf6c18d,,
B4KEN8,,v6,200,0,a3d85f1c7e82e249700ce2931381dbfe29c05899da5231943e57ebbf9d8c1c38,,
B4KHL5,,v6,200,0,9851bbbb4d44b617abeed73e5b8168ba628592a7106ccf72345f5d58739ec4e2,,
B4MVR2,,v6,200,0,64969570504ebe4cf7bb16b0210d197572be5e1aa5c4f825aacf024bcca38385,,
B4MX21,,v6,200,0,24ac9273cc52c25123befec1fd16893eec72e44da565140316e04461d94f3186,,
B4NXB8,,v6,200,0,fb5dbc51a068c7a927091651211d818484c3b88a1e6f64f79e2ee60025bf9bea,,
B4Q572,,v6,200,0,29dcef165c1096c667376d2a4bcdaaf2d7ecc16b5bc48e68056facf304b7ce57,,
B4R967,,v6,200,0,90dccc8d5e15eb0fd8d5a7fa0b94fa6731fc515731560e981bdd11f1a1ffac04,,
B4RBN1,,v6,200,0,79a56d1df18e6868eb9baa2d976fb1491214b8b58afdf68fb23dd14940e36cee,,
B4RM84,,v6,200,0,ed7d0850e079c047be3b0ad73ff51a24809e29074ddddef420331a760e97495c,,
B4RSX7,,v6,200,0,bd6d97afacb1642139f3275ecf1f754426add858dc66f4310c2aa4bfc58aa4be,,
B4S751,,v6,200,0,810c1917597dd5afb42479a24c57468b9215f4670ffe0b460ed5621012fcbbd4,,
B4SPV4,,v6,200,0,3fa8ffd653733639cd19fdf2cbdc8230a5eed98fb3c0e13098f41827f4a5c7b2,,
B4TBI5,,v6,200,0,e351f589743376d1ad5413acef2eeb1fabf0e3f77d82cd749c2e715ea4cdf2b3,,
B4TPK1,,v6,200,0,8765680c92afcdfe926d77bbb7eb39f2ea5f071317c6ece5a87eff56b904f399,,
B5DK05,,v6,200,0,435738976a3958c4e9e8f5a55f58bf0d20f024be2008678a8c973fe22e700467,,
B5E1P6,,,404,0,,,
B5E1P8,,v6,200,0,f52ebdfff85eac0a8cd48d7d9cc81a0d6865d5dad74d6851ab91dbffb3918ad2,,
B5E1Q6,,,404,0,,,
B5E1U9,,,404,0,,,
B5E217,,,404,0,,,
B5E2R3,,,404,0,,,
B5E379,,,404,0,,,
B5E399,,,404,0,,,
B5E3C8,,,404,0,,,
B5E4A8,,,404,0,,,
B5E4E3,,,404,0,,,
B5E4L2,,,404,0,,,
B5E4N4,,,404,0,,,
B5E4T0,,,404,0,,,
B5E4U6,,,404,0,,,
B5E4Y3,,,404,0,,,
B5E552,,,404,0,,,
B5E5J6,,,404,0,,,
B5E5N2,,,404,0,,,
B5E5N3,,,404,0,,,
B5E5P6,,,404,0,,,
B5E5S4,,,404,0,,,
B5E5U9,,,404,0,,,
B5E5W0,,,404,0,,,
B5E5X4,,,404,0,,,
B5E605,,,404,0,,,
B5E670,,,404,0,,,
B5E6K3,,,404,0,,,
B5E6K6,,,404,0,,,
B5E6L9,,,404,0,,,
B5E6M0,,,404,0,,,
B5E7F2,,,404,0,,,
B5EBG1,,,404,0,,,
B5EKF7,,v6,200,0,b439c1687d17a0504163f5af3d1413843148f1cd3c228ea2a43f57efe0537ad5,,
B5F736,,v6,200,0,d84df20792a65d51ce2609e45e4406608775121c3a3f2aa1cb39600aa9d4b03f,,
B5FBC7,,v6,200,0,17ebc2a181a051d215de02fe6ffb6f9f2d9cbd4cff7190f99983562b65de52e6,,
B5R300,,v6,200,0,360bfe89f56e2ba04a512f48bb378c8982f00ee93528f2227209ff7301317375,,
B5VG95,,v6,200,0,5fe1dfea72d78e02337e60ed363d25c8fa004fae1b711ec437d9cf722f9df540,,
B5WWZ9,,,404,0,,,
B5XAM2,,v6,200,0,abbc15f952bbb658423be6b7ab9b0b8f807481971df1fdcb3e506a93df650c5f,,
B5XI00,,v6,200,0,20fc9773fe49a283c788f9cdb5c92ca0ba4bd0ddde16ddf12ffc30079035ad4b,,
B5XU28,,v6,200,0,46680d3a9e1ccfb6758ee6b2ef154ca810983d516f57142aab2f2a06041e84b9,,
B5XU29,,v6,200,0,fc1c6484505f460f4e3f3aa38e108e20d7f07f7bedc8100318bd9c59a567e8d6,,
B5YEC9,,v6,200,0,62ca01f3de1493bcaa6030e3b7e48e95298dff2ec099192ed75f8670d11912f0,,
B5YUX1,,v6,200,0,62dc839073d09092984e3299e98da1d440248d7ea84eb709039a6095916c5a93,,
B5ZBT0,,v6,200,0,965c5557baf4e7445c8239c7f0ca945c78dc4b931e27b0231f65099ab51c5ace,,
B5ZBT1,,v6,200,0,f6461516eff0366ef414aed9efe1333ac149be743a628dbbe3f742a6e1d63d06,,
B5ZMI9,,v6,200,0,d3d0e94ea8ffd769f4d4fb74117e16b677c0a07a35cff8ac7b944fa515d0b215,,
B5ZMP3,,v6,200,0,24e287c9eb81f0de23ed2bbe934d3a277085be8c2b113b402ec48931ea0f8dab,,
B5ZMP5,,v6,200,0,5aadc5adfbd730811ed5ebcf26f68c6e7fdbca68ca2ceafef0e1d057373c304d,,
B5ZTF5,,v6,200,0,bda1fa25ef1825200d9c3812e21de23896c07198c96f65ed12b185839e72729d,,
B6ECN9,,v6,200,0,ae540545273486135a26ef2c96579e9f589b3ba4194f48794ddab3be85ad43b0,,
B6EKH2,,v6,200,0,e487652dd2394fa015ad80bb538124f19dccbf31cdaec12434232ab5afd33586,,
B6IN24,,v6,200,0,1c5f7f47c86582823f090b7bac86f84d74f0b4c91b259f9594991092f43e4754,,
B6JFW0,,v6,200,0,d693fff67fbde38a2ce4926e0ad7b8b6101b64ae0729a5f95e7f119620b50857,,
B6JWE5,,v6,200,0,483c4b2c046f9e643e9f11bbe7b1cd550c3b0f8033fe0d1bbe8b8aaa5470dd63,,
B6YRN2,,v6,200,0,4cd80a80f88deabbbd64745f04e5c9b51ab23341b38ed95b824c058a775514b6,,
B6ZKM3,,v6,200,0,6eefc63647006a1744b48353920da12a274004ee6f0d628ca96850f0dfb6791d,,
B6ZKM4,,v6,200,0,dd4e310240b303afe6dadf459cc12c688315cd615516158c48cd300a4938b4a8,,
B6ZKM5,,v6,200,0,612d14bdfc4e1d880662f2d727c1e999240a97642e686e24fcfaf9e2fddbaae1,,
B6ZKN1,,v6,200,0,1e3212ac1259d47a25713c6b6f872612f029fedc89562f5109aca797fda95064,,
B7G620,,v6,200,0,156cacca1c2013d610c3b7ff1d176ea3a11535362ebaa589b79376940059dcde,,
B7GF12,,v6,200,0,50532d59a04ef7e6866d9ae64891dcd56bcb41051309b64cf64b72ba1aa2b3c8,,
B7GXU4,,v6,200,0,4dc273d90cc43e7308e571da96ee23e26d699048538a184a235772c05020b5f9,,
B7I748,,v6,200,0,f858f3c794ff99a0490931ec048c56b1a3c2979221b0be6b99834538f0988205,,
B7I8T4,,v6,200,0,9c2b28c2563d17c1bd3fbcb361e3a09fab8b337da254026ac5491a37193feae0,,
B7J4X0,,v6,200,0,a7d4006a90c43ddf12970f4540d26015f69d6a0044e3faef49ebedc758adafcb,,
B7JGM1,,v6,200,0,878a177de2817014ef00d218ccffcae4651ec7f1b5f8657860710ae817ee8d92,,
B7JIE1,,,404,0,,,
B7JIX2,,,404,0,,,
B7K906,,v6,200,0,9eb39da45c39e368d91f4fd564768395e6559c968aeabc381c089f71861fb162,,
B7KZ04,,v6,200,0,e98685cf1738dded510bed0d3d468f799c5a62bff147abc4cee2367cc52442a2,,
B7L2C1,,v6,200,0,cfc23e4bc78fad61dd3d0da4e12067d37d72caf9a37c4add14dd72d6fab72ed2,,
B7LVP2,,v6,200,0,28acc64d84fc1d23aa27df69edc902c04b882be1a002af79f435b6d49fc363f2,,
B7LW38,,v6,200,0,aeccacb07408b0acf2f669dea1688f6071df8a9e4fa06a2e31a1aa4dcc8eb9a9,,
B7UP19,,v6,200,0,99fe029fe5e03ebfdf95007d2686455ac30fd7ba11f5d89009778447e672d521,,
B7V022,,v6,200,0,0a0077ea551bc66e899cbe086072fbff43fccee34c103700d1bc311ec1f1a602,,
B7V1S8,,v6,200,0,f95974924a974d62756475d4fbe2941b1765ea1cecadb9cc5bc5ca633d712213,,
B7VAQ6,,v6,200,0,ed5c14005937542062487efe16cbe35c682c0e7b5fa3f217e729c52e337428f8,,
B8ARK7,,v6,200,0,fa5ccf1d003bf62f43771b75ab2f5a34d3ba9b2fd3219c3e28371cfee17d2f44,,
B8B8K5,,,404,0,,,
B8D768,,v6,200,0,662e4e35f3cce1cbcfa38929658f849e76474a0ec7579cf21ccb1a19cac96560,,
B8D8W4,,v6,200,0,a28ad4a77f85c8f3932016724b004d57805a22922dfeab6fe54505fc3620e260,,
B8DNL1,,,404,0,,,
B8DSI4,,v6,200,0,d1bda9618ea311c39072b431e1500b54275df6f083147af88d1feeda90b92ec3,,
B8E2U4,,v6,200,0,157d6c7e143473432d2c8506032208775ffacb001ba888375ffff666eb7296b1,,
B8EPC2,,v6,200,0,7c626687c6211fcfd4eb655c92c69e0ad798eb5db0184ca940993869edf8fd00,,
B8EPV0,,v6,200,0,ede2fc7c10c7ed4da41add5b563ca0796128ee7b1996f0c1c406439f38647690,,
B8EPV1,,v6,200,0,26be7272e966c160369ac276a61732c64910ecdaa3270925404901f6f72c3484,,
B8FP45,,v6,200,0,473aba25fb632aaf4044aa1cc38c3f09198530aae552b6a1db4c02b7ee596fed,,
B8G3F7,,v6,200,0,bb49f89cc7461f1331ecda17d1e953c9eff9d2261cc08d8fbae960b2318f487b,,
B8GCI2,,v6,200,0,e2d6d4d5e29c9f82143bb278c410bfe42a7cda0d0ab27bb6159738e4c51a904f,,
B8GGQ9,,v6,200,0,0d4c282f25732ed3837c341f9c018803c0d79438017ddb51faac35d18ef7847c,,
B8GL94,,v6,200,0,a4c025b78d85b465bac1b8fc088dcf4d377889ed1b53bd417f54914af128be42,,
B8GQ24,,v6,200,0,d1226be3a957ba25a6c4fb57115805c2e40c21a6ffada44470cb80e44a7a9636,,
B8GYB5,,v6,200,0,3902fb16c0840b774a619c1cf1dc9136bf1d36a185645c3b04a14b21670d631e,,
B8GZJ6,,v6,200,0,bb30ebb5bcdb01133d96025ffa99be80431193ef5bad83c2b5ef5315ffa133bb,,
B8HA06,,v6,200,0,cf343e138f8eb06e0e7ff973834799073c24ad0b9e84c4866e267ed85db4f9c1,,
B8HAC8,,v6,200,0,99c3791e6fe38d873a9db78d904680736aea20adba800d9f5f70993923a14e51,,
B8HFK0,,v6,200,0,a3fdcbcbbd45ab5ad8b57081551f42a9370616e0dcacfec0f39f9721a080ed36,,
B8HU22,,v6,200,0,996fd5e49c7b0123e1ac2d7875f9104cc5d8f46b1fa54439b43fcce9ff881ec4,,
B8HU56,,v6,200,0,f1ce3569d080b8bffda8869b9ee7e5b955d3daac61f3af39493de363fe435fd6,,
B8HW52,,v6,200,0,5bf06e6d95905aad446505faec999c92621814c474af7569646bd2220cafce62,,
B8I4G1,,v6,200,0,75701da316db929adc8cdf238b5c0ba97920c0c137a0689bbd214ca0a2cc9a25,,
B8IL52,,v6,200,0,b112e3d08b606e6e93342e67ba37ec8c56328c16b610e6d0856a8369c3b9d857,,
B8IPH2,,v6,200,0,bff8f30b6397d1fba8c9e4c7578696d94f5c125e7ec1bc724841fcd471935897,,
B8J364,,v6,200,0,5f056be274e354d5c01304d9376448ed2318312a46a2d35478a3abc650d06f6a,,
B8J3A4,,v6,200,0,092d2e0c69c4b60fa0124af36e081fe72e85243d8dece9e13689b1ab34a50e84,,
B8N2C8,,v6,200,0,a1cdafa747a02d42045a3a1bd3cab43bf8548a6009160fdef85bbb914210fede,,
B8NFL5,,v6,200,0,7aab1279fb8add77454d16ff3544554cc2a4b67742315ca12c7594a8437191ec,,
B8NUK6,,v6,200,0,34e7b8d3c00ee4311b7ae76aa636736e1e7f31bf0de34bde8be5be13c7ae56f7,,
B8ZLK2,,v6,200,0,3066ee921dc4c5f4e0dcc705cf10c500af301cf98f7d892a6ef182c7072a98f7,,
B8ZPG2,,v6,200,0,06f52645d744d493104abddb9e49bedd69db91317e3a5f2c75326be0ef598ed7,,
B8ZS79,,v6,200,0,2cd5db4f7ca27cb411fad94b5c42aad9015693b78283c9ce16e904e081fb7992,,
B8ZU60,,v6,200,0,9717fe91a343058a78dab5dd6989501391fc210910ad8cbbc72b9727f0dd5f19,,
B9A1H3,,,404,0,,,
B9DLX8,,v6,200,0,d24fd37626788d1f7849875ade85b2db287faacd5cc727265e7ccb2728728aea,,
B9DMT9,,v6,200,0,1264514892203fac596ebfd2834a3dbdce7fe5452934022f30e7aa3d6594d27c,,
B9J8M5,,v6,200,0,ebe4cbd0d3a9fbad0164901648827961ff6f36dab5e297879ae785be4e5883be,,
B9J8M6,,v6,200,0,68595ff3b494354b87c9bf986dc2c7c8d5a4eff4bfad5c49d7e5ede5782834e7,,
B9JDM9,,v6,200,0,b5d591f267e3001734372cca4e184f93b1794a8eb781749a8524f34d852ac277,,
B9JR84,,v6,200,0,36937b19dc2e8eea4cbd738c2e213a574a2e7f12ee0e1cc92ce9832e545c5d6d,,
B9JR86,,v6,200,0,588abdc372289e2761a28944717541af343e1ab024bad1272d022410357c7ec6,,
B9JVJ0,,v6,200,0,0a01901d9dbd9f976c772a4d82fa5261a77fd49ead283584a92805ec496e6b0c,,
B9KFJ8,,v6,200,0,50afdef90ecb9fc64189d853f603c7c8ab71684b85db54b601f9020f6867fe64,,
B9KK51,,v6,200,0,59f3a49d8807a3463ba7db2a0d79fd47b67f9d0ad165b60f8c86477b3e7c310a,,
B9KPF7,,v6,200,0,4fc581cf66ccba283f508e703cf2ef24c52038b0e554155976b42da94416f50d,,
B9L146,,v6,200,0,53f7c60789b0b5c8f3426720d135ff9621b40974d38a2407d4d22561985d61c5,,
B9L5K2,,v6,200,0,e2f8bed0531dff3c63803cf716ee179f86757fdd0bf466ccb4566460f141583a,,
B9LA82,,v6,200,0,3be73580f1585900dd782950b81c8ba63646511a61c7ba63228953f464b4aa91,,
B9LCC8,,v6,200,0,89c50eb3fb04f0cad626df5687ad23558168ca4f0a518fb66fe291e45eb3c406,,
B9LCU6,,v6,200,0,5cabcad68cfb5e19b0d2c5148a960c7664b749afa0face5a0aece2c4fc6d1e3e,,
B9LPE3,,v6,200,0,91995f1a55ae95fceca3ef102c6bc619feee57625ad3f04465c9e5b48160545a,,
B9LTP1,,v6,200,0,4c9f34f0ccc631cacc5c5bf41368c275420e6d5cbfd996dd110f6203da467456,,
B9MQ83,,v6,200,0,f6730b34ee0ed79d646817e719de7be36d8fc43665c6ef4f75af1bcf49b60bab,,
B9RRX2,,v6,200,0,69d9abd31b572884d0290d27fdcd6b14c756fc1c21e356912408a6cc0ac16bbb,,
B9SIL7,,v6,200,0,f4e557b3c707e219fee57bdb5eb3b77fadab0dce5f2cb77e83ea978f5c9b3d69,,
B9SIM3,,v6,200,0,8998cb90da04a1d06828eb190deae1d5097a11a216ed52290340a789fbe426b4,,
B9T625,,v6,200,0,aba931501aabfbba66b8ed44098e9377e4a396662ae904b70ea8bbabd8b276eb,,
B9UYK5,,,404,0,,,
B9UYK7,,,404,0,,,
B9WCK0,,v6,200,0,d555a09c4c1070010cca13c2d8b8e908f8de160fe500ee5e26ba105975586c36,,
C0H559,,v6,200,0,6820cd00d1e55f7c73abc2c4985869a5390332656d6c6334a8c7780ad8e207ad,,
C0HJL9,,,404,0,,,
C0HJP9,,v6,200,0,54a15e84a45209c5cbf5fb39950553a10bde6bcbd4968f370d2e8b079f6b6eeb,,
C0HLB8,,v6,200,0,dd5f8ec57504d6e7989745b98517ce1eddd2fd59b907c37ea80812402d4f50ed,,
C0HLL7,,v6,200,0,88bac6e0226318ba308d7511a36079fb80b85df8215ca39c105cc579fd5aa609,,
C0HLL8,,v6,200,0,0fc25c66b915509d26cc025661de04bb91e1e0f41466d628109482ff640215f1,,
C0HLQ4,,v6,200,0,be5608ffc14455493d1ac05035aa767de6298d1cb81794f9bfd2151c3981947a,,
C0HLQ6,,v6,200,0,73bd2d1c17eb7d5d5aaf756b8a93296058c35a3548f4fc6e925e2ae1b6f3f6a1,,
C0HM14,,v6,200,0,00d946732b438a19541656c8761c532b51b4050138fa931af06977e8185ebd1c,,
C0HM48,,v6,200,0,12c8e2c6e84bad887279ef8f6cabfc6214613648267dfc447af33cdef2236421,,
C0HM50,,v6,200,0,b9b3d20a4eff300a78245a46fb843c8f70da9b26fd98f34030639929c4448ede,,
C0HM53,,v6,200,0,0e01af104bc27e61652abbfe4aff6654e1e6ba69794ec0d071e892ce9875088a,,
C0HM79,,v6,200,0,0ead42437ed7a9182317e64026085585e21bca18458bfc06367b9607747f013e,,
C0HMB0,,v6,200,0,4fedac133698f17493a738d42d97ccda3c6896028f42034bdd41221dc141ecb7,,
C0HMB1,,v6,200,0,051181e7d058301a6ee8aefbf4d59d1d657e315faafccd35ba228fd02ccdce56,,
C0HMB2,,v6,200,0,d859863c8696be9184e3f7b60779b722d9ed61fb9e7d9437dd1372df56e44d9a,,
C0HMD9,,v6,200,0,4e5947a350ba2c8a3629a57d6130e1a46ef11ce22eaefd9b73f07c1ea01a60be,,
C0QRY8,,v6,200,0,fc996e45bd87aeaad3671a62470c9c1f885da0adead42908c924c9b646585998,,
C0SPC1,,v6,200,0,a170401a879a5f67331b32f6b89a8cd54f4a141a49bc7b67c77c3485f35a170a,,
C0ZGF5,,v6,200,0,4da27b6febae364b7de8bfa52585a392d1bb0927b22bc45bd955b8d3acc65c7f,,
C1AFM7,,v6,200,0,5b71effcf5320080cfeca911eac36d3b17f8052c79063f04857ac8e9344a06bb,,
C1AGC8,,v6,200,0,430f239d50a91ae4feae8a26ae7a03311cbbf36fe4121867991d228e4b6e0a05,,
C1AM02,,v6,200,0,1e80a43aaf7ea35c5d1ce5f4801f533c1e324aa8ef63262294aa8f3fe02ab2b0,,
C1AMF4,,v6,200,0,32693a62e7ee0ba262c55f65aab10db6dc24def1621aae9be3928ab4c683747f,,
C1AND1,,v6,200,0,e51fe06df0eb65b88e0f491fbda2b4ee2db3fe92cfa272e902163f625c38cfac,,
C1APC5,,v6,200,0,09ac4baefe05a2ad92be3537f75198e479eb98236dbb6809ddc4576a7640aad6,,
C1APC6,,v6,200,0,5d33e1ce71a8236d781d9c0dae4a74569040dec38eaa1dcf5394886f651a5c3f,,
C1AXZ0,,v6,200,0,36465a69d054f91c37b7f32dbab2bf2f2f84c2aca71c17826c7dffc6051c05b6,,
C1AXZ1,,v6,200,0,bf5687e50f3026f89d8b2b402023a25cb0515833418fbf49a4febb6a86d4b76f,,
C1C6Y5,,v6,200,0,ca2426790361d0b704115cabf5c0dfe18059d9d6f03a79a42c3ec2117cad3108,,
C1CE03,,v6,200,0,95af1a4e49278ec6d60a27caf428f509399c23986b499e514d3c8379639ccca0,,
C1CRD1,,v6,200,0,ac286f08921e0ee5116a759ffb2ec7be33070468b5b11df6395531c35527e18e,,
C1D0J7,,v6,200,0,6e34a4c754af5d6bba125d425973b828f9e36d55629fad411bd74d2bce864441,,
C1D5N0,,v6,200,0,ffe2a709b3edec4c1f4b5e5d21c08903fda52a29864b5080bd7d7bfa792707dd,,
C1DNK5,,v6,200,0,d8a97ad720feb66ff25299b47d39d804a860f2d32338f2389c3439e6457afc7a,,
C1DQ38,,v6,200,0,dcf437e2a5e526bcb29890ec00db8412675b6f560370833bbb8712fed2615de3,,
C1EV87,,v6,200,0,6be33fd4960b20f165fb13653e618d28f4fa2897c31992725f76303a986611b2,,
C1F425,,v6,200,0,bed6468ece74fbd48e84c14bed5a9e398406a6e15a418b500a12785e65aab14b,,
C1FW06,,v6,200,0,e0918508fdfbd72a0232ecf2c928c346a1fa45c8b791df8b122776c5f3bec7b5,,
C1IWT2,,,404,0,,,
C1KW55,,v6,200,0,3ceafec36810304eaf3f425fdf549661dd96be8e06ea0c65c40e256fcb998591,,
C1L0J0,,v6,200,0,a9c3c9260d1a60566397cfc8481c4ca6a7e88b4824e013496a1f90d311db835e,,
C3K5A5,,v6,200,0,683ae957d4db1df83b00e70b1b41185d3f7b32b66a46dda5f5ff04aceb436296,,
C3K6Y5,,v6,200,0,d05938668d78ff8f9e16cf39ecf37dd813b16169b353499f5a5f6bb6e405d8bc,,
C3MAA2,,v6,200,0,f0c38dbfcd97fe273e852116e0025a230ee47b12afb43c1bb2e9f8b79e06cff6,,
C3MAI8,,v6,200,0,dbb7d540f382599c7896ac44a7b44da3ae5786bfafd1deeab5acbc531e0d4db8,,
C3MGX4,,v6,200,0,c9c1cd031193f7ba5163cf2ef98d013bc1b658f42482cf7e0b661ed52e47da01,,
C3MGX6,,v6,200,0,3e6c252c395926949bf866928b7cabcce1e7a57995eb7b6d09d0c126e575243c,,
C3MPQ0,,v6,200,0,38bea49f3a0bc0a73b7e2717229d94a35fec099e03cefec2d0fcc9f11dd4658f,,
C3MQJ5,,v6,200,0,5ffec9c170d3de7ff8736a2f6637c4770082a8a6ec608e9031443756218b6687,,
C3MTL3,,v6,200,0,0c1ef11e2613be2400d132b9e36723e9ce2669785382cadb590fb5c8e74b91c6,,
C3MUB4,,v6,200,0,e494e912aa046e8288544a21c8e851c98d330053d13e368be381a17d0a0a3a88,,
C3MW73,,v6,200,0,5945b4f49adc3f1ca1435524f737ae0ab3142e3aa8d3d2c1a0ec4db0d1914a71,,
C3MYP4,,v6,200,0,056443f8ce25ca268794c72b28dd9d82a2351c6bfab9fb18507101d0e6dbea34,,
C3MZU9,,v6,200,0,9aedf0e8942559c310367ad6a667774b1fec35dd02be0d86cc52c94413ec069c,,
C3N5C6,,v6,200,0,f376b9341a191668bc7208c7a7c608b3f769050f578d737844e11e3cdf56fb7c,,
C3NDY0,,v6,200,0,067699cd24eea9d15af6b328f1b9cc4f6b80b5f2e07d600ff8c949ee35f6783c,,
C3NHS3,,v6,200,0,4b176e2c6348636323e2074bf9c5b7bc99707619bcfd80ae90948747ab0e384a,,
C3NMW1,,v6,200,0,beefce7afc90097051060f7eabbbef1b19bdf4be9bbb47ea777f9df1f1ede26f,,
C3RZA1,,,404,0,,,
C4JF75,,v6,200,0,72cda3d80f8781e05d19efe208578e0a0d0848295da7e830f76000c9ace3ddf3,,
C4JF77,,v6,200,0,8b3ee51a28bf65c788d4d531c47f00f7b0332facbb44114ec06a37f76190cbaa,,
C4JF78,,v6,200,0,1dabf7884e9d70c44872d7e760d83c1081edf4afda4ed741413e8353e6c70164,,
C4JF79,,v6,200,0,c5712e4020920a42991b302d2c4f64f839cb0849593428d98aed3fd9b0a188cb,,
C4JF81,,v6,200,0,e3d3868b9c814174215d72f646f30216344cc51ca56e696b6b7ee0463e6f86ac,,
C4JF82,,v6,200,0,fcfd7a593f160e752e7145345de0c2549a5e9aa520b290cae5a1e7fe0e32d3ea,,
C4K0R3,,v6,200,0,37174eddfff4b746309e6baa09a18e9baba0d6a13e82ec230d54c533c8896212,,
C4KGZ2,,v6,200,0,fc62a752188b078f92a4ab0af9d2bcbdd6cb5b58724ae8b00277d54732176d00,,
C4KJC1,,v6,200,0,104ff72bbf9e2155cbc2825a34546041649408592866c2e5fb6c3752d92ae3d1,,
C4KKU5,,v6,200,0,5ef22dd70f91c1378d483fa8d93be2e6b3ba14353f627065d5b8d7805449e9d9,,
C4L7X3,,v6,200,0,368807a272c7045de786fca354163bcd3cc366a228e557249ac4a63bf7e26987,,
C4LF65,,v6,200,0,978e654f28ff4250d4dd2a0035c6ea0851345a6afb0821c633e295db3558f0bc,,
C4R8Q1,,v6,200,0,119149055b7cbfd56a2c641a8ec748d93e27d9e428eb2f532f56118ac7f1bab6,,
C4XGU1,,v6,200,0,e0127a16f22c41b5042d96b456a4a0c223c0431fa54e3750882dcb19ddc3b494,,
C4Z1K1,,v6,200,0,1b5dfd3f4716d5889a045d3bf3dfe3e38c13f216e464db9feb090f22df9b0baf,,
C4ZX13,,v6,200,0,4c1508a99697781be019ddbf921517cf94886212449d0b4a0bb223d535de8263,,
C5A6E5,,v6,200,0,59db1e5e0ef532aace0fbf7c36a0b3ebac9ce42800246bf115d2fce97b50f1c6,,
C5B8H7,,v6,200,0,2323d2e4d909377173917ed0e747c3b2c42bcd16714a1e424c492ce37aeb0c10,,
C5C2F6,,v6,200,0,14fc25a36e3d9d9ed1c5978b05ec2d9e4340db52d02f0d9172fc7e7a162cffae,,
C5C3D1,,v6,200,0,de72f15f433d00ba33c9f613f47e5df7c244c0dea196df9217746a8f5a5449cf,,
C5C8U1,,v6,200,0,8f335674e36b9d4b522f9b09e064f381d8721476661b97e21b501a1f6897b3f2,,
C5C9I3,,v6,200,0,e334648f14de23e9d5d0aed2e29de446989b41f4f994febb5a6ea1dbca2c1078,,
C5CY41,,v6,200,0,6ba89ea305af4b81262a7f88fc71f3091e083b5c92a492ce6696e77b8865f824,,
C5D646,,v6,200,0,b9e5247f51d6e399dfc83ee66a2d6b92e4f3fae94bbf9bffb39856e04a9d79f8,,
C5D6M6,,v6,200,0,ea967cacf49973819fc6ed30e608962cb85d841858cb2c763b7401af51e16f67,,
C5G6H8,,v6,200,0,de69a0e0811376a8c34926fafb29bf94c0213ef95b89937fe78a35c3b43fe261,,
C5IY43,,,404,0,,,
C5IY46,,,404,0,,,
C5IY48,,,404,0,,,
C5MR76,,v6,200,0,0553346b2b4f7cdb14f7b9f843f22f70121fb55559f3fa736fb5fa17959cefef,,
C5WR30,,v6,200,0,ea23adbd73eb006089881c3e585998c7d68e9a9823017767912f98296fe66ea9,,
C6E5Z5,,,404,0,,,
C6KEM4,,v6,200,0,48944ca578c7e6779624f7d8dd64100d4cee4e3ee3a53b41f77a2503aae7d500,,
C6SZ50,,v6,200,0,fa7ecc85c73fa5a3235cc486466a8202937f8f375550ad141a25836dd37f2849,,
C7G3A0,,v6,200,0,ff06400924c2b13844f4ff0740b28ab8a2f5e1ef044646f3e624c493633d79c5,,
C7M8J5,,v6,200,0,6b86446ffc303c107ad712d680ec0ed4dae5bee37572253ecb2a0ff73b9223a0,,
C7M8J6,,v6,200,0,3c97aa6c938ac77ecddf531b46651d0770e7294bece34b11eb31ff75e5c1edfd,,
C8XPS0,,,404,0,,,
C8YTM5,,v6,200,0,ea5b1dbb05915592cd7060bf7161f8c31faf56055c5dec8fdf4ee6a27ad91256,,
C9DG80,,,404,0,,,
C9DGK1,,,404,0,,,
C9ZDC6,,v6,200,0,f33db789b8037c7a418c2b7395ed56c8cb021a67fb2d2f22efecf2a1bb5bede4,,
D0EZM8,,,404,0,,,
D0V3Y4,,v6,200,0,9c222efe3650368059bcc0e11e5b6be9aeca706f380b8def2e0c8bb6356c53ad,,
D1L2Y9,,,404,0,,,
D2HD32,,v6,200,0,4f41623f3553e4627bd7c4812d17bf87b51b5a9c995b985eaba562e81e290637,,
D2I2M6,,v6,200,0,dde841b2c5dacf600c92863234235dd2f57900c665ea554d487e55bce53139ac,,
D3DFS4,,v6,200,0,e428a9a6013947a4ddac90db5bd859bad2bf7ae146692f1f86a98ce421fe1ef6,,
D3KY98,,v6,200,0,0a830fabecba226db6703f1d662839149b2324903a15828d36f1cf79c550cad7,,
D3KY99,,v6,200,0,672ea49df3fae0e8d74c203c878ba410a8ad7e964b0416f6d5eadef4eb111fa8,,
D3KYA0,,v6,200,0,d1813d83683bc77d725e722866b5bda0960239fd7f05cab81fc132ec386a5335,,
D3XDS2,,,404,0,,,
D3ZKU7,,v6,200,0,4369edcad38f801bc4befba36bafbb8ed6ba143184d0f374b7140ae8235d1d83,,
D3ZMY7,,v6,200,0,5680ad290813b9d940b48c081498ba7ffaf648b69d21272384188b40da10b8c7,,
D4A7C0,,v6,200,0,561b6bf5f9ab67c827a9c4b57cdc10b6f525545da30bf53db916e521904b08f3,,
D4GSC3,,v6,200,0,8f8eb84a4f75451fdbe018bb2e189d539b5eee547daa946bf9f31262bd962c5d,,
D4GVK8,,v6,200,0,ebc1aae49f1bca441d9aa9b94789fc1c5a0acb238bac1eb905a67808292376df,,
D4GW96,,v6,200,0,061a973d6404a9486ddc6e7166bdf608dae1d36fcc96756df8c4866b51110312,,
D4GYV5,,v6,200,0,dff35c62144f57a44f1610481dfa345c6f121f2e8123c8c46d3f4790d69229c5,,
D4GZN2,,v6,200,0,809567f92b884365b063af79a58ab6493f63652c209df57b750e9763b0570df9,,
D4N3P2,,,404,0,,,
D4N500,,v6,200,0,e7cb5c186fd5b45ab1cf9faf9965fd99df294b2f1d0c927df61cd07fc9ea8d90,,
D5AKX4,,v6,200,0,2bde2ffc7c2cd0e61a7bc4afcf8d5b80c781e23e3e0bcc77765d2ffb213b6d19,,
D5AKX5,,v6,200,0,8e03a9044c7bf71f2a8254efa47deb99ca3b26107b731bcc1bdb0529fa666643,,
D5AKX6,,v6,200,0,7bb87a3516f6946b62e836fb97565fc5f6b88ab0cf6b1fa04870179dad06b638,,
D5AQY6,,v6,200,0,78e7dd5eff7d5e8ddb2fd0db1b9422849e55ef38d442515df46f49f79d3a2083,,
D7STK2,,v6,200,0,79e31036a1877fff559c9af78ef8b7df51347b2c597bf4d160be22bcc6e158d4,,
D8LQS7,,v6,200,0,eb69eb0bb39a18d9022fc13fc07f9a6160d9896df5e33b326efd446582daedf7,,
D8QZ31,,v6,200,0,84946bd4bd07038827333d00e2616e9766e3b2b384dec249271d4dfec628ea2f,,
D8S724,,v6,200,0,3841e586e229b65e5dee3048c99f356d2a65701e755e5bb44c7720966446b533,,
D9ICP2,,,404,0,,,
D9XF46,,v6,200,0,3475863334b5e9addab8d0793d2936c187e6081a07df1e2966d1eeb2d43c50a5,,
D9YT79,,v6,200,0,991d9b489858541b7dc3c733e78c246b7ebc2adf96758d67115d0a218d5f4fe4,,
E1B8U2,,v6,200,0,1bde500a5f828fa63cd91f22d80a52750dd67bd9197c4f4298c431938e380128,,
E1BR24,,v6,200,0,1ee58aa7aea4fc89ece83e8fb8effabb61f7620ceae11b9374a0587b60ed8f6b,,
E1FU46,,v6,200,0,92ebb6f5a339c85ce9476e690a1e07819822ae8ed6ccf65e419217ffa0ce211b,,
E1XT70,,,404,0,,,
E1XTJ1,,,404,0,,,
E1XTK3,,,404,0,,,
E1XTK6,,,404,0,,,
E2RK33,,v6,200,0,7085c4f6b8efedf1ba0269a5e31655ad777b318d1c85fb290fa44afca5dbb167,,
E3MIE2,,v6,200,0,50d8983f957b36ce75d3f985613a70741182b4ecec1c3f403065064327d8407f,,
E3SEW0,,,404,0,,,
E3WSB5,,v6,200,0,b785cc7f89bfe8659daea707d89e09772ef85a1584415945ee78d3d1e1a8847e,,
E5A7E2,,v6,200,0,bc0f052b3dee4dc7bd353847d298d82fe0cc1936e1610c593a2e0c0922e53f6b,,
E5EYS5,,,404,0,,,
E7E2N8,,v6,200,0,8ec83abd39a36019c7f038b342cc37c3a4b344ea85e89b5f17bbc905c38b7ee0,,
E7FHH1,,v6,200,0,3a5cae627c941e8ceb9abff4b843490c997fb615d95b6342ec37361dc1ae1eac,,
E7FL15,,v6,200,0,703db33ea1b868dd2a0c80761e1b44d0f2ad7b815dcd7197127c1c791f1f34f3,,
E9Q9D5,,v6,200,0,fb224958f18312234c549c6aeeaaeac3c3ef06c702c8d4d86a63f365187b53dd,,
E9QY26,,v6,200,0,14fbe1f026648ac43f66585e76f01ccffc5ef28ce0c16cdc4eb0237b77c1d762,,
F0LJX3,,v6,200,0,1a7154a67cf66e45e4cdb01ea8833e72b872121aeef53d2cdf5220b5cb018101,,
F0NF15,,v6,200,0,1dd2f5072d8002249a7a275f3cb60439aafeb78c2606974405aa63e87f702fcf,,
F1QWW8,,v6,200,0,a671a530453dfa6f70b3922307990f4a02c2b28cc5bb003ceffe0b346126c8cc,,
F2Z9C1,,,404,0,,,
F4HWU0,,v6,200,0,05bc0da30bc79001c6dc962f6ebe5e0528a988c7471fab160fac39b56f6bfde1,,
F5HAW0,,,404,0,,,
F5HB62,,,404,0,,,
F5HGH5,,,404,0,,,
F5L3T2,,v6,200,0,60ae5578c920b9dea8d3a76b75858176f82f1c80ea6f2690059f62e010f14127,,
F8SJR0,,,404,0,,,
F8U969,,v6,200,0,1211511e76bb76db22573e80922260bfa8936a98eea1f54f825a302b2998ca6d,,
F8U970,,v6,200,0,bc71495fd89c8e893dd9ce4f45c3578227d3ceb6ac9cefee4b0c2f6a9946f658,,
F8U971,,v6,200,0,436c4013279e95f7d161cbd52627456e6ae8c57dc7ba51a3fdfa0470c0df58c8,,
F8U972,,v6,200,0,c1f92b29ac780a7d325a5087fe5db743907acf40ec8a0b9a61d701dac52edff9,,
G1TNM3,,v6,200,0,5525414a49d86c4f4103f9bc6fa85988e392eeb8ede29ae20c510f87eb567714,,
G1X456,,v6,200,0,a6b69fb9afc6e722003601ba6bd6261a26c2765562cb178cd6e54c1a05bd50a8,,
G1XJZ4,,v6,200,0,275cc9ef0aa817481d46490dc6e6bb12cb07eff72dd3761faa21ddfc8cde45f2,,
G3FFN4,,,404,0,,,
G3FFN6,,,404,0,,,
G3XCZ8,,v6,200,0,d6a056e9efee6714520a97233192168a503df9a928cdfcfc91d38349522e254f,,
G3XD67,,v6,200,0,96027230ac5d2f5f1ed1a68ac3aef865dbbeb0f50b336528a95c62377b2e2268,,
G4MSY9,,v6,200,0,6ce64f299e0a9c69798865d47e4d4cea8d4620282b5bc0c10351dd60f74d1a69,,
G4MYB0,,v6,200,0,9fc39c7dcdd7f8797eaebec007b8effba3783a9bfac214860e0354eae4bc28cf,,
G4N954,,v6,200,0,0de1bd2ed110dd3abea44d02a721a12e747592e2b729f67563c8cbe91fd2c254,,
G4NCP4,,v6,200,0,01f73efc591c45619e8346a972153508c9a2271384bc07c24a282f0c1f9a43ad,,
G5EI58,,v6,200,0,d577239f6b4a61a3b4924185c39aa07e059ec4d4cce5026cd67eba0c2c68d28d,,
G7IFI7,,v6,200,0,0f9e82923c21d9fa7a8938cbe844fdc4c21ed9afa3e2a88dacbeb7d24cd97aae,,
G9JJU2,,,404,0,,,
G9MQI4,,v6,200,0,224cdf3f186457a135fdb9bbc560dc013564c23b217e4f84184330ba988b9800,,
H0QPL8,,v6,200,0,ba0e62b71afe0fa96ea53790bdd7750594e7e4d1f4d4ac7b3ecfe5bc0ec3d127,,
I1MRZ6,,v6,200,0,0b778a108a86e8ccb26f587298db8bc723b85e8da6c0c0ecfea6ed9b12250e65,,
I1S050,,v6,200,0,48064b75cbed8e92037ebc823f8706ee383e4feeaf589242112ba7af913b3f4e,,
I3R7F2,,v6,200,0,d31b331237e42e03e8c1e2eb972924bc66cbd42b06f03458c77e1044e1e7e32f,,
I6L8L7,,v6,200,0,0f3b5d1777c87776e67d21516fefb2dfdb54dd4d8ebfc7d2e96bd26e7e085407,,
I6TCK3,,v6,200,0,fd8cb1b5b8887de3b3c4f5515db4e631e7b7006f1bb8f3504f0d43f2406f5c2e,,
I6UF18,,v6,200,0,ed979eaddb8d03b46775a093fd418b9de3b910114146934137b9d4326cbe4f12,,
I6UH61,,v6,200,0,67f7d0ad55d2629b76d0389e2ab122272e85e0413434f765e6fa7009ee73135d,,
I6XHJ3,,v6,200,0,4f4d9a388791019ba6ccd14e3b3a9f05cc50d34aaabd48ce3eace1c41c37c968,,
I7K316,,,404,0,,,
J3KAS1,,v6,200,0,53a929fe2b8062a5818e1e9e223897b1acab141457120ec3a33dc0944b0c2304,,
J3KAS2,,v6,200,0,465b9f340428a3db53f032d74138db4a75eb47d6fc066f80726968e24f9762ed,,
J3KAS3,,v6,200,0,79ea32a4184ff56f5257dc88fac4131ffabb3a3a3c4aec8c16b4cf593953b198,,
J8G6Z1,,v6,200,0,906389e0f8be4024bce30c7fb686bbf08cb839d5b04be94cd16710ee1a7646b5,,
J9VED5,,v6,200,0,bc634f73b40f8c38d7cc7539b18f05dab2e7a2748bf8c8154e3900f21c7773f5,,
K4PZA7,,v6,200,0,a1d3918aba7ce9d5e47eeef89e78b713e08774a079868708bac32c097fba29ec,,
L7F3F8,,v6,200,0,262ea0b6beabe768d3da51de5942cf1e91b3170f1762710abf24675bd8ad7c39,,
L7IKV1,,v6,200,0,4dfb4bfdc4222b9b7898716713cea7f560fc93268ea57445bb785a602579f312,,
L7WGA7,,,404,0,,,
M1EAP5,,,404,0,,,
M3B4Q3,,v6,200,0,2168170fef0a6ff6d25535d7bf5ac47001e305d05eb450c3e9680fc0618232ad,,
M5AAG8,,,404,0,,,
M7TBG7,,v6,200,0,30cab72a1d5176da6ea52ae8790e727fbd236bc3426c94b0726ea2bdc5b3278b,,
O00571,,v6,200,0,881a5fe0a255b469b788c08d19cc8245221d415f9a6c5349550223f257fc7996,,
O02611,,v6,200,0,7a7752c78876b02271dd3c61548c4e7f4500b541f0cc989f81d68647af145fec,,
O02705,,v6,200,0,d9330f1d56436f1f0f0df9f3c6d1b124ae67cdb0d1b719af0d3cf0efa2e2cc1d,,
O02827,,,404,0,,,
O03063,,,404,0,,,
O03067,,,404,0,,,
O03070,,,404,0,,,
O03073,,,404,0,,,
O03077,,,404,0,,,
O03085,,,404,0,,,
O04986,,v6,200,0,b7739ba4a56d1abafc844a91a5d9a6468049a203b7abd1d504f8dc17d5856bb9,,
O05413,,v6,200,0,9802c8711771e67ec8896f85ffca9028067df92868d75732bd0869387aed1e66,,
O05505,,v6,200,0,2c88ff01cb26825c121f7e1982a11c9381edf3c0cc3e424226e9ec3ff1a71b7b,,
O05755,,v6,200,0,b49ee7ab85afb7af0d509c07b08b0772f7f6b8de07ac0332a105eac36e5aac71,,
O06350,,v6,200,0,416a41172d86b08d268726c2855a382d635accb746dc4e5fec5d8d29e79084cb,,
O07244,,v6,200,0,25a98a807f82205cc9f797dd400208de9f1f0ff5aa1b9ec0ff889243fd5ab616,,
O07824,,,404,0,,,
O08453,,v6,200,0,9e4bbbc16e4101b0335d6f8e7867dce8f3a0b6f7828baa12571aa5dc0a6df514,,
O08615,,v6,200,0,57d93d7dafc3534e0a09f70a15026818c7e17abe2c2e154f4184f912f4401d38,,
O10269,,,404,0,,,
O10273,,,404,0,,,
O10274,,,404,0,,,
O10340,,,404,0,,,
O12944,,v6,200,0,6f0edb304bb1e5700fdc02cd5182a769012a1fa4648adcb6c771ef49aa36811d,,
O13010,,,404,0,,,
O13434,,,404,0,,,
O13525,,v6,200,0,911891107ed557c6cb211cba4be8f0f0747193e68579c2dd9fb10e87351612d2,,
O13762,,v6,200,0,014ad939a125754420ef1271e8bfbef0d7fd0c09cc05e43833908ad06c8da26f,,
O13899,,v6,200,0,aafd3133f05dbfd413e85324e68fc65dee7ff9568990ced4ac3c761f22dbd8ba,,
O14442,,v6,200,0,6c7707354b4531705bae5f95b5089229471549298389474d8586ef901539ce8d,,
O14443,,v6,200,0,8bb4a1dc871e76cbfe325b82291bcea815447e5cfba75a441b6059b32d819b64,,
O14929,,v6,200,0,668c847e67b2dd2ad83d57cb7620e9cc29287c8ac68f8190b29c35809d3d0d46,,
O14965,,v6,200,0,a683ec346c6fb0d1d8e743b80efc8b635022e634053110db33408152c0d92a1c,,
O15523,,v6,200,0,f7aa95b953b06f2988977e8566a9e9d6cb97ebec1d2fcbb2534facc0746e05b9,,
O15770,,v6,200,0,5c8fc028b95d14c83e8e2464bb99d9fd2aaf465da7aecce687ff27fdf28a31fb,,
O15821,,v6,200,0,f03fd9b86108429cbd233345c2707c4c0e5e565d2219ce04c3c5b56f799908a0,,
O18750,,v6,200,0,8ddaed44fba9fa7dfc64b57c9fbb7034f94bc2b7a290e7dcf724b7ad9475fc30,,
O18851,,v6,200,0,793ed2f334398d8e67d753e480b1260df13c7acf365cf597ab85bbcda2e192a1,,
O19098,,v6,200,0,224a9455fc9b7781f164520841ef3b43eacd0992fea8804bfebffb4592842e81,,
O22000,,,404,0,,,
O23051,,v6,200,0,b9b8c8704fccbcb0b60ffe470cf30e6fe8143570db9b19d27b951a4532ee94cb,,
O23939,,,404,0,,,
O26271,,v6,200,0,8372d8491c6d4c2ae2ffed98327fec95e69a9d54eea6c2394e7baaf788eab0ff,,
O26377,,v6,200,0,818904ee4d50e1b1e02dbf273d48217916ec9366589942f5b92e92878e82bf55,,
O27225,,v6,200,0,6a992a1103a0edd1e95125c353e648eecaf905a8119777bb20640d890f936d01,,
O27226,,v6,200,0,4daf8bcb19513e2c68cb8d3998630cc469f7fe1569b0a6378fe05f77a7188f5f,,
O27228,,v6,200,0,90bf87bd6ed64674cbfde7a39d91d0f7195ac8e209ac631d37b10e1cbd45afee,,
O27753,,v6,200,0,d0eba16bcb7f1f5a719c28fc2ce3df760ff7c918e72cc53dba9d09e04f972fc6,,
O27830,,v6,200,0,2b6c090773c04b4548078f3e86964d196d6474e5084638ea7448aaea8871f230,,
O28185,,v6,200,0,66df0ee7fe0f6180b3f7c770d59b54c1ff3c352fbf95b3ca114bf8955fd974d1,,
O28338,,v6,200,0,e1eef005a577f80a84fab45ec356e0794be89ddd35fa03c5d96ca60d049f88e5,,
O28663,,v6,200,0,a3dfdbfe66c76cfca1a9509849004bd57d6b06c6bdee92a49bd291f1ec62bf40,,
O30334,,v6,200,0,a819199d4ac01bac2d2ce16aca8d71d0d73363a9c21dfb10fab3a4b9a34041f3,,
O30642,,,404,0,,,
O31294,,v6,200,0,e44b90ef8746e2d98669146de5d25d46d3a74c1e9e3459dc97088b507fd3f5fd,,
O32378,,,404,0,,,
O32414,,,404,0,,,
O32518,,,404,0,,,
O32868,,v6,200,0,9c9c4d2945de71d0cd0172f51ba0e5ee193b535a45c397906c7c4380f4c5340d,,
O34928,,v6,200,0,f3340deaff77c25883b2e1202b024536163b947dab71423e4c560d117c56f33f,,
O35448,,v6,200,0,9d43a746b2d28b029fbc38cc40c08de1d032064c4948846ec704290f6eb1797a,,
O35492,,v6,200,0,3ec46055d7474a2de3c806278a3f6553b26534bbcfe3b13356b2daaac66d8a0c,,
O35795,,v6,200,0,7275b2b03e2a5810aae4fc1e84361436e006897b9de8893fc9030a6bb08e7c42,,
O36371,,,404,0,,,
O36385,,,404,0,,,
O36404,,,404,0,,,
O36410,,,404,0,,,
O36411,,,404,0,,,
O37319,,,404,0,,,
O39828,,,404,0,,,
O40619,,,404,0,,,
O41033,,,404,0,,,
O41136,,,404,0,,,
O41156,,,404,0,,,
O42411,,,404,0,,,
O42412,,,404,0,,,
O42449,,,404,0,,,
O43272,,v6,200,0,6687d98394defb18d0429c12a7086ca96cceebb20280071310cc02e8b302741a,,
O43463,,v6,200,0,0892403edc41a1c86ba615db170394923664697897d4b74b39559af5b6bffa07,,
O43716,,v6,200,0,eca6f8b6d1f087602e17c56cf9b63bed32a1ecc8bc1ad07f6fcd08559e2110e4,,
O44111,,,000,0,,,
O46420,,v6,200,0,481aeb36c72cff720f4d25afd4f98642609d8f84f44d67529c8bfce7bba768d8,,
O48500,,,404,0,,,
O49338,,v6,200,0,99955d2f1804be1537b73daf961f8e1d1769ee9adf1133ed77fc05a7657af78d,,
O50224,,v6,200,0,c25f61d8ccb0e3aed87cb3f93e9209e3443378d6778cf9a6964b06da53d439c7,,
O50330,,v6,200,0,6945c359d789fe1cf98ed7b2d3cb9fa9d1cbd7c9fabfc160c98e359a2b2a59ad,,
O50338,,v6,200,0,38d8852049e236d6bb99f3da4da2d5d1efaa139193738c8d46c6814965e66f67,,
O50533,,v6,200,0,5c08ffad9170d2e70c5b1d4609877e463b360fe7404c461bbc55d974a9806bda,,
O51215,,,404,0,,,
O51291,,,404,0,,,
O51318,,v6,200,0,97061dcdeda45e38b41914142fe84a88b3156ccb536cad80b82cc96871afff95,,
O51799,,v6,200,0,297ebbd729261d7584f05dc3b5b5863c79847a14b9582b72935420fc0f8a040c,,
O51900,,v6,200,0,e891fe9958b93e810fb2f453c3acc949116534986c07af081624124753a2416f,,
O53561,,v6,200,0,67a414eb8fcd260990d7dac46ace01145f12ac93edb4050b7029b5c0117eafad,,
O53873,,v6,200,0,63673de80f8c307e16cde709ab3aeda2001af99bc067ca79434c54a5a6324090,,
O54030,,v6,200,0,8a3809c5f19dfdc98492adb7011967128f6dbfc5dbe36549c4182e87e29e52f5,,
O54457,,v6,200,0,a76d8237bf423aeb867a740053829e381ad8f199828ae93bfc825be91a5eb853,,
O54864,,v6,200,0,8e2beb6d750418f19d6efe6a4ecc295f4d58de01785c35c781c4b2175e2f30be,,
O55026,,v6,200,0,e8bb451111f0a20339ba9e1182c7fbbea26239cdc188a6bfa13bebfef907c15b,,
O55102,,v6,200,0,4b62313fa229e32c3c71219599d52f5b521b42bef65e79e6907b456b81a626f8,,
O55716,,,404,0,,,
O57175,,,404,0,,,
O57177,,,404,0,,,
O57179,,,404,0,,,
O57193,,,404,0,,,
O57203,,,404,0,,,
O57209,,,404,0,,,
O57214,,,404,0,,,
O57245,,,404,0,,,
O57252,,,404,0,,,
O57920,,v6,200,0,f7267dd4adb26e8548783562ecd43102be80f1a4aff2cad7fc7646cebdfa72b3,,
O58226,,v6,200,0,5b51d6e25d4f189df102057cecf66e301f9a380aa018c684c59fdb16f36ae7fe,,
O61069,,,404,0,,,
O62768,,,404,0,,,
O64174,,,000,0,,,
O64238,,,404,0,,,
O64240,,,404,0,,,
O64900,,,404,0,,,
O65316,,,404,0,,,
O66462,,v6,200,0,c944ab6063bc503f51b2f620c388180b4ac9a03761632f5b8a55b10b423896c9,,
O66615,,v6,200,0,5cc1299ffb463d5077277b0d4636b44e55f75a23f0f05ba454d60d777776bc73,,
O67139,,,404,0,,,
O67339,,v6,200,0,08aaf25ea368583cfb1f4ad88cc815b7767ef6ff431cdeeb638fde95776272f1,,
O67388,,v6,200,0,d990c02fb307b2340fc3be1f97d6ce70e90ae214aba000eaf18c680a74df2cd2,,
O67441,,,404,0,,,
O68196,,v6,200,0,119c34170fcf6124a794c3a721efc828d574f88db51c79072b3cccd1a9a4546a,,
O69407,,,404,0,,,
O69652,,v6,200,0,c0c816ea413046dfc1c9ee1571f2e47db1392f587b619266f1680548268a7029,,
O69783,,,404,0,,,
O70325,,,404,0,,,
O70489,,v6,200,0,8071272ef75df3b63452d6f40b8bdf9a4e0de20a16485191ee6dd8ffa4325586,,
O71028,,,404,0,,,
O71153,,,404,0,,,
O72904,,,404,0,,,
O72907,,,404,0,,,
O72908,,,404,0,,,
O74794,,v6,200,0,e616c8662d5dc5aba6410b5178c7e968e6d38c853275056391ad2e4f0aa64000,,
O74827,,v6,200,0,90c4140e3ec45262a3e6b8ab24471e74fba12bdb41e8ae951bab3db9ed6c13cb,,
O75884,,v6,200,0,675e1a36d70dd7a414704cdadf7a828be8f7cb5ecc4e8abae679b205b89f0ab0,,
O76460,,v6,200,0,e4f2c5673ecd7c8cfc11ae37d5375db5237d5bfc48425d6f859d43a5e4f2423b,,
O77622,,v6,200,0,ad29ab53ee4e9466cc1e2fac4380f74beb571fafe76f8494d139ee8ada102910,,
O83386,,,404,0,,,
O83432,,,404,0,,,
O83571,,,404,0,,,
O83759,,,404,0,,,
O83774,,,404,0,,,
O83982,,v6,200,0,ab8933a210842625d960a6b202b0ce43ba4dc360ead1684e6a89c08f538804d2,,
O84005,,v6,200,0,2778ef05577763ce1be572d871aa8f574320fa672a92abd6859c45f84c07059a,,
O84378,,v6,200,0,75a2ad03206f6c96b50ec57de5c0a9af0adfffb638cee56f93ea8931296b714a,,
O86186,,,404,0,,,
O86535,,v6,200,0,b11d8405041341a54e5fc74fd18180ad5b71fb460d0570800a8c256701e75f21,,
O86722,,v6,200,0,4dfaa879ab8d09174afe0ccfa3fd4c47d865f7c177a84fcf110c53779fa55149,,
O87278,,v6,200,0,249b6a308e0168678d1d0033bf0a074906ce6f0177e9d8229031e24aeb7d3570,,
O87400,,v6,200,0,cf4ada8ec5d79da791c2cfddfab31f2c62175e073ae9bf635984006450ef0714,,
O87790,,,404,0,,,
O88350,,v6,200,0,32fa01848ef57dd4a0ed2fb6461775369164d50f3ea32ac41bfafad73b26611b,,
O88426,,v6,200,0,dd20fc86985730305b38bcde153dd1dd328d28a3ebc476e50a70f87817725708,,
O88483,,v6,200,0,f95928b9ed755fcb76241bfa5c1295b06ddd89f183f1b0d03c45ef51b9c51caf,,
O88484,,v6,200,0,efc05c20b914847c64cdd6e94d11608ff4248ff02ca1fb46708a1e6922c67cd8,,
O88851,,v6,200,0,db80a2ef5148366715838fff24741243692181878b70ebc52003e100ce200dd9,,
O88895,,v6,200,0,e7f15ee6dc3b12fe7e09a65238acb4f66132959d9745effa5cd02f5af6acf0df,,
O89049,,,404,0,,,
O91254,,,404,0,,,
O91262,,,404,0,,,
O91729,,,404,0,,,
O92367,,,404,0,,,
O92490,,,404,0,,,
O93257,,v6,200,0,62288518b2892f2397c8b20f05888572f232f266aff192f1c391691d5f65467c,,
O93658,,,404,0,,,
O93661,,,404,0,,,
O94453,,v6,200,0,69c8f67adb7f49620e4d24b38545939adfebafbb6d64e4441fdc3cc5b0d70fda,,
O94524,,v6,200,0,069b5271e165f1325092689991dccbcb442da9f4c3b4f484970f7a2be151b0d7,,
O94642,,v6,200,0,d8221affcac840f54d778a2248e3107eb7e379ee3e09e675f597c3354ccd969f,,
O94727,,v6,200,0,af8ff7841c332e7dc92e311be1085a3d2ed31438a13b2e08da9d456dd04b972c,,
O95427,,v6,200,0,fb3f80c50b30f53e2e4ee99b5c6fb06f256bb07763aad01393691aeab749f373,,
O95786,,v6,200,0,bc9e3ba0f1a59b5f68170d802b623df4de5a592e768ffb13b6b6f046f163a1bc,,
O96720,,v6,200,0,10cd4e41ee71ceb17ece799a8ba984bab0e61075f5e9973fc23a22c51f16a3de,,
O98360,,,404,0,,,
O98668,,,404,0,,,
O98766,,,404,0,,,
O98883,,,404,0,,,
O99001,,,404,0,,,
P00325,,v6,200,0,fd43ee5ecaa37738c270c25c8c13c3dfa433abba16218a7ab9db495a12ef5fbb,,
P00346,,,404,0,,,
P00368,,,404,0,,,
P00383,,v6,200,0,546c059174732c10ceb56620530721d70eb4fb3e218f681148fed523fc22f38b,,
P00384,,v6,200,0,da2adb829bff0495da6b9f678d819a2ce688915e17156753f629823becebb9fc,,
P00435,,,404,0,,,
P00471,,,404,0,,,
P00476,,,404,0,,,
P00488,,v6,200,0,8f470fc9de394091651fbe024e281770c3c87454bb16476735ee3ec72072d97d,,
P00513,,,404,0,,,
P00521,,,404,0,,,
P00524,,,404,0,,,
P00525,,,404,0,,,
P00526,,,404,0,,,
P00527,,,404,0,,,
P00529,,,404,0,,,
P00530,,,404,0,,,
P00531,,,404,0,,,
P00532,,,404,0,,,
P00534,,,404,0,,,
P00535,,,404,0,,,
P00537,,,404,0,,,
P00538,,,404,0,,,
P00541,,,404,0,,,
P00542,,,404,0,,,
P00543,,,404,0,,,
P00545,,,404,0,,,
P00587,,,404,0,,,
P00588,,,404,0,,,
P00629,,v6,200,0,21cdec1387894fa8ccc8b735511c046954cc26f8afd2404eff260e3ca7749e36,,
P00814,,,404,0,,,
P00863,,v6,200,0,5d4ef278c9dcf857db10dafaa0346b37e0df8a5be6727c7fe2461b92b58ee3cb,,
P00917,,,404,0,,,
P01113,,,404,0,,,
P01114,,,404,0,,,
P01115,,,404,0,,,
P01117,,,404,0,,,
P02552,,v6,200,0,38ac30e73c03bd2148728e327824ff66b350b15bf8939f0792d19d83ac6ad753,,
P02580,,,404,0,,,
P02581,,,404,0,,,
P02904,,v6,200,0,38b1f69b927cf95ca5e1868872449837ee4276255c79803362fd5f4ab4c4d946,,
P03006,,,404,0,,,
P03018,,v6,200,0,5983ba58f0a217c6d85adf742bd695cc7e002bdaadb64857665a0f55ca56a4bb,,
P03070,,,404,0,,,
P03071,,,404,0,,,
P03072,,,404,0,,,
P03073,,,404,0,,,
P03075,,,404,0,,,
P03111,,,404,0,,,
P03112,,,404,0,,,
P03113,,,404,0,,,
P03114,,,404,0,,,
P03116,,,404,0,,,
P03117,,,404,0,,,
P03132,,,404,0,,,
P03133,,,404,0,,,
P03134,,,404,0,,,
P03177,,,404,0,,,
P03190,,,404,0,,,
P03195,,,404,0,,,
P03318,,,404,0,,,
P03465,,,404,0,,,
P03692,,,404,0,,,
P03707,,,404,0,,,
P03763,,,404,0,,,
P03772,,,404,0,,,
P03781,,,404,0,,,
P04008,,,404,0,,,
P04014,,,404,0,,,
P04021,,,404,0,,,
P04024,,,404,0,,,
P04041,,,404,0,,,
P04048,,,404,0,,,
P04290,,,404,0,,,
P04298,,,404,0,,,
P04311,,,404,0,,,
P04362,,v6,200,0,d73e80cb1c3a4ab73a04d190f51b9e31a8a4ef14a865324b9de8cd8453a2d73a,,
P04363,,,404,0,,,
P04382,,,404,0,,,
P04392,,,404,0,,,
P04407,,,404,0,,,
P04408,,,404,0,,,
P04413,,,404,0,,,
P04418,,,404,0,,,
P04531,,,404,0,,,
P04533,,,404,0,,,
P04972,,v6,200,0,28fefe3f05ed316c55801aff25c6e45bd745a194eb9c34b336185988c7b5d6e8,,
P05079,,,404,0,,,
P05699,,v6,200,0,3f5650d441355e1bb3a3cbc0d0db21a14337a0d2232bbf561dcd5c085b7d593f,,
P05794,,v6,200,0,433678ff5b75b567d052d7b5ae4a8322ab398b7747490c1c52823c6b794df5f0,,
P05807,,,404,0,,,
P06018,,,404,0,,,
P06420,,,404,0,,,
P06421,,,404,0,,,
P06431,,,404,0,,,
P06474,,,404,0,,,
P06478,,,404,0,,,
P06479,,,404,0,,,
P06634,,v6,200,0,153f871428679e330855af0b579bb38a208a5127caa58c63749ea730d290b17a,,
P06789,,,404,0,,,
P06854,,,404,0,,,
P06855,,,404,0,,,
P06920,,,404,0,,,
P07071,,,404,0,,,
P07169,,v6,200,0,32a4b25c9449f3757c9135cdb6cbdb39a1575e52fca584be85296fd56bddf8fc,,
P07203,,,404,0,,,
P07239,,,404,0,,,
P07271,,v6,200,0,7d499f9a0831c37564da32bf37fd5bf4343fb73a423b3d6d69066f5dd41ef7b6,,
P07296,,,404,0,,,
P07297,,,404,0,,,
P07298,,,404,0,,,
P07299,,,404,0,,,
P07300,,,404,0,,,
P07331,,,404,0,,,
P07541,,,404,0,,,
P07570,,,404,0,,,
P07605,,,404,0,,,
P07606,,,404,0,,,
P07617,,,404,0,,,
P07658,,,404,0,,,
P07686,,v6,200,0,0dc1f6b6ea8b31a3bee7c9bf943eedddd1d1f5a94e22f15cf3cf8e615e6ac224,,
P07693,,,404,0,,,
P07966,,,404,0,,,
P07967,,,404,0,,,
P07968,,,404,0,,,
P07970,,,404,0,,,
P07971,,,404,0,,,
P07973,,,000,0,,,
P07974,,,404,0,,,
P07975,,,404,0,,,
P08110,,v6,200,0,c4eb46a08cfec97eb5365e91b48092a1a6c75d345b2f65c31ed2c8096b9ea14c,,
P08113,,v6,200,0,ad6b982473468f1700a1e78783f57a8ccb715b2686e4ff4c0fc8f493c720cec4,,
P08298,,v6,200,0,c8f58e4616e81043ab2c2dfee022ec906b2c51469517252abc362cb7930df610,,
P08333,,,404,0,,,
P08344,,,404,0,,,
P08358,,,404,0,,,
P08455,,v6,200,0,478639f6454a2aed93271b92f19c6efaef4f4f3414e83e9a5d8ddc4261a15eb9,,
P08686,,v6,200,0,8428de9f4dd0207eeb076c078d14755b82142ca7c5ceda0c0decb2810974d85e,,
P08712,,v6,200,0,6c277172d80d5e9284be31ec49edad31338844274ef560f3572bd5db921cdad0,,
P08763,,,404,0,,,
P08773,,,404,0,,,
P08794,,,404,0,,,
P09174,,v6,200,0,02d5d72bf11ef67916ac67737c284c0c2d9c4286899bc07cadf69440205c67e8,,
P09247,,,404,0,,,
P09248,,,404,0,,,
P09249,,,404,0,,,
P09250,,,404,0,,,
P09251,,,404,0,,,
P09254,,,404,0,,,
P09296,,,404,0,,,
P09389,,,404,0,,,
P09503,,,404,0,,,
P09915,,,404,0,,,
P0A229,,v6,200,0,6f222fcfbf6c6c80e8a0dd11cab59fcd6e81d60a060497ad198499713e2480b8,,
P0A230,,v6,200,0,9c7c23e8b03fa71b760b080eefc0b0e1d02b29cd360b51811659b1ef43de24e7,,
P0A251,,v6,200,0,993fd1fe6ccdcb4b84691160d27dcf47894ae339020fdd536cc439b19bef4ae5,,
P0A3F8,,v6,200,0,ba009dacb51b2a6031ec895a1ba5d2d5ca71ecbc587e1cd54c368e28129935af,,
P0A3F9,,v6,200,0,1a8a20272e010a46d96e18c3bf981b6d5fddc89896a2921d7f2a70116bdeb071,,
P0A3W0,,v6,200,0,c8c5b488656ba724f71da2e13ae54978d8321b91ad11a414b3ae28a7d41824f0,,
P0A3W1,,v6,200,0,139210a315cfd7ec90d2d6bf3228e8f18882871bccee3f6699121d742662f8e2,,
P0A435,,v6,200,0,47c05e81378a49101bbed5e297497f6d110d544bc21d42efb8166f335240e20c,,
P0A436,,v6,200,0,008c219c163caede4682cc61e83a9fe2729b87490bcf73241d86a03fab73fbdf,,
P0A437,,v6,200,0,851ae8a26583e494cf4f0c63ecac71b19a441b282a6c9fd9c37bc1a275c25c1b,,
P0A4R3,,v6,200,0,f3ff9cef26680b28f7878afd5a843cb5d3eafc4ea65a457a64ff27108e6c524a,,
P0A4U0,,v6,200,0,50f135bc6ca58ffd653fd29de4f629ea5a6e75dc8ab7396c46762a97afb6bc99,,
P0A4U1,,v6,200,0,289c89dd6df6a5315e70f552effc94ff112dd57654de44d216970f9d26f865da,,
P0A513,,v6,200,0,d2de162197232bbef8b7443e41cdcac04af71960cf21d24b13aa494e15fa6177,,
P0A577,,v6,200,0,2611d1ad155fdb8373f3a82ff84af51bae1c9613ad145cfdf42bd78b5c602129,,
P0A5S3,,v6,200,0,02ff44e2ebd1dfe5e9028b5473d3235e4846b97887942b00c8ffd67eb4145f40,,
P0A663,,v6,200,0,82e126588270eef16367986baf2909470f683bf28a6c1e5a63d8153c78ec820e,,
P0A677,,v6,200,0,974aa24e0f9824e9e91ead21841de6359d56ac25bcfff7fbdeff9af214299fb3,,
P0A6N2,,v6,200,0,ef7efc3ee1fdf32d75d5a5e0be3372ae7abd025c5975541f93c97dda7a7fb316,,
P0A6N3,,v6,200,0,56f0ba8f0add6067b60a6a3300dbdfb3377d8f64702f1522a378645b841eca6a,,
P0A791,,v6,200,0,8c22625ede9198d3b42ba7fc7e114c338b612ca0f5b5f3af935540673453aefd,,
P0A8N7,,v6,200,0,d7da2cbf3b940e85b4907cd684ca3c28f72620dc162ae516cfeee14390a91f5d,,
P0A9I8,,v6,200,0,e34f7a50f7f5906b5d5263a11cf53da88f13c2f1bd7a9fda2c13469af1659e0a,,
P0A9I9,,v6,200,0,c0604834813ff38ede81ad4a46a584c09245e3405f559905bbfa44268c8db713,,
P0A9P6,,v6,200,0,9b85822e027478c29e593cff4db3065da0ceff7090b7fdd2e9af1b2e2b291709,,
P0ACX7,,v6,200,0,0165715c184a9fad28218f389513ab0ded7ec73678d54a3f03a3460fefcda8c6,,
P0ADF9,,v6,200,0,646c1d8f8b69ca978cfdd426ff722c59f366e90cfa064ab673940a21d533dea1,,
P0ADG1,,v6,200,0,f26fbb5d2537227f34912ab4115598c39c6760f2021112b5ba4abca37b92c8ef,,
P0ADG2,,v6,200,0,0ca3110bf874df89c395f2fb10f41b702bbb90c6d59fd758d6e3ee0018034363,,
P0ADG3,,v6,200,0,96c1ac59b410e7b42679bfa5be4232cee11f854b8182dbf166326b0ceb87cafd,,
P0AFC3,,v6,200,0,dfeff8a18dafdd47ece5235ea91661c46965e7ac75061baadb18fc9cc219d815,,
P0AFC4,,v6,200,0,b7a6cb2bc2e74ec974444dbb394391d854b69aed29912d9c2f809f0e81560e67,,
P0AFE5,,v6,200,0,7f54b6462dfa91b39f078f47d310e3ba7984241c58f68d576e1d43dd4fba7b1c,,
P0AFJ1,,v6,200,0,0127f3add449d7bd2e2600cf56f29dfdc48b3d353080090e6292a207dff09fcc,,
P0AFJ2,,v6,200,0,6adcbc9939f189907b36e00cbc2ac228134fa8d3423904e365750c0c46e0212b,,
P0AFJ3,,v6,200,0,8a703c03188a66ef4a66663146b3fd0d368e7cb2ba14b66aa7f2d8c02dc5b3eb,,
P0AFJ4,,v6,200,0,989cedc8f8334baad6d75f33c02032247f32f280614838b9d3338eca2d3a8710,,
P0AFR4,,v6,200,0,3e6dc87633514e9a11afc69a7e181fd826014c4a731b06bfcb9bc9fd71bc6857,,
P0AFR5,,v6,200,0,4e6e2b40a48951356cce825e2ab092c9239519f84472a096d1097357f46f203f,,
P0AFR6,,v6,200,0,506e7ab4e687a735adea2c1f0d1372610086765137d5f211cf5264a371ce70a8,,
P0AGG5,,v6,200,0,1933bf3cdd0e17147c1fba4c3d6fc5e58cd38e1cfe5a042a0339edc558895dd2,,
P0AGG6,,v6,200,0,c3d21a4167576bad66b3e6b547e72c61bc34f1ac3aa654603337ad9966dfdf69,,
P0AGG7,,v6,200,0,3bc27ccf073cae5141929aa74802355f1e20ba6e16c44f1f4d6d2138505d69c0,,
P0C025,,v6,200,0,86d91ec1667efb2d246454d85d2be46bbb31859b807cb228d0509bf4f5c78282,,
P0C0E4,,v6,200,0,b460b9715b03ea2886c13b7220caae9f9538212637f4d475d91e916a313bd7aa,,
P0C0E6,,,404,0,,,
P0C0N0,,v6,200,0,63a3cd3da601d6199c3fda6d3aaba9b37bdb3fcc08ddd1e3c1bc35526a32c3aa,,
P0C0V4,,v6,200,0,c03e1aa646ea2d4fd50d571a83fcb77a1e449edef3bbca0b595c118bb31af86d,,
P0C0V9,,,404,0,,,
P0C0W0,,,404,0,,,
P0C0W3,,,404,0,,,
P0C0W4,,,404,0,,,
P0C0W5,,,404,0,,,
P0C0W6,,,404,0,,,
P0C0W7,,,404,0,,,
P0C121,,v6,200,0,ae09e51ef5e602c130b8b100b26654489ba3fb70b1e7f7d01437f48ebff2e715,,
P0C1D5,,v6,200,0,00b9ba73515fe699b88deaf42750fc2fbde3645e9d19eae2055e822635b48185,,
P0C1G4,,,404,0,,,
P0C2C3,,v6,200,0,a04e4baa1bdf726a022490ccdbe823b1d2a3e422055c4fade2b7249c50cf6f73,,
P0C2D1,,v6,200,0,25904740cc17f53d5a05e54bb5833c7ad2eb5e059a97fb128bcdfb43e97ed88d,,
P0C2D3,,v6,200,0,4b70de509bdee20a48061c9d3f18367ef7d7414d4dae548f39e57c27bcdf025c,,
P0C2D4,,,404,0,,,
P0C2D5,,v6,200,0,dbf6d580e8825479a796adea87f420d8e12c973420a10a11155e99db38b5359d,,
P0C2D6,,v6,200,0,c7e4146a1ce1709408a0785fe00d209fe323317ac43f3ce6f06f47aa1487aba0,,
P0C2K0,,v6,200,0,0045af97dad821fff9404db2a1ef6686360c5d2be504691f5d47775ba86b6d63,,
P0C2K1,,v6,200,0,07df4208c3c4ee0b5a55ff0abd248905d4f47d96056ea19ffd752524f6b6b94b,,
P0C2K2,,v6,200,0,2bf542e243ef488dfed2a329b7d563b6eb44fa7ea4ba6f1b5553892b327077a6,,
P0C2K3,,v6,200,0,13cbfa3f6a556c62450732d061b8931a180a19bc4eacb8aaa49679aa0a337da4,,
P0C2K4,,v6,200,0,2a61057db6fbe958bca9d3573232dc6e7e55dd577dbafd4b8b48f1ea2e52874c,,
P0C2K5,,,404,0,,,
P0C2K6,,v6,200,0,34e778b90ab60acb5ae7d108c25b7c4b9480d44f2c6781cfd50bc35853dcbcb8,,
P0C2K7,,,404,0,,,
P0C2K8,,,404,0,,,
P0C2K9,,,404,0,,,
P0C2L0,,,404,0,,,
P0C2L1,,,404,0,,,
P0C525,,v6,200,0,4dd4d98acdff6691892d5940861400cef22b2b4fb59b9c3fcbbdc3ce96123230,,
P0C534,,v6,200,0,4f2e7db5d74bfe12162b47cd71465f3a024358a3d0fecd6dcfc0a23746255a89,,
P0C6L1,,,404,0,,,
P0C6Z8,,,404,0,,,
P0C701,,,404,0,,,
P0C702,,,404,0,,,
P0C731,,,404,0,,,
P0C7K9,,v6,200,0,40c6d1251f523a9fac69383e146702934ee3e7f9e529fb65c4c5426f151d3549,,
P0C8F2,,,404,0,,,
P0C8F3,,,404,0,,,
P0C8F4,,,404,0,,,
P0C8F9,,,404,0,,,
P0C8G1,,,404,0,,,
P0C8G2,,,404,0,,,
P0C8G8,,,404,0,,,
P0C8G9,,,404,0,,,
P0C8H7,,,000,0,,,
P0C8H8,,,404,0,,,
P0C8H9,,,404,0,,,
P0C8I0,,,404,0,,,
P0C8I1,,,404,0,,,
P0C8I2,,,404,0,,,
P0C8I3,,,404,0,,,
P0C8I4,,,404,0,,,
P0C8I5,,,404,0,,,
P0C8I6,,,404,0,,,
P0C8L5,,,404,0,,,
P0C942,,,404,0,,,
P0C943,,,404,0,,,
P0C993,,,404,0,,,
P0C995,,,404,0,,,
P0C9A2,,,404,0,,,
P0C9A4,,,404,0,,,
P0C9A8,,,404,0,,,
P0C9A9,,,404,0,,,
P0C9B0,,,404,0,,,
P0C9C3,,,404,0,,,
P0C9C4,,,404,0,,,
P0C9C5,,,404,0,,,
P0C9E0,,,404,0,,,
P0C9E1,,,404,0,,,
P0C9E2,,,404,0,,,
P0CAP6,,,404,0,,,
P0CAP7,,,404,0,,,
P0CAR8,,v6,200,0,5c8e04d962a41fdbcfa59d89e110d8df5777c96c894dc02c69cbf0547b11eb2c,,
P0CAS1,,v6,200,0,4307542794448d9f3b4f8049889babf70a5890c8a063ddc5a6956325ae8c05a8,,
P0CAT0,,v6,200,0,f9e324e98e5cab97f61e74e3de3e6c2c94b01971b50498706a21be284a37ac95,,
P0CAT1,,,404,0,,,
P0CB01,,v6,200,0,0c09e2ddc169f79eaa267f91343583ac73e8d5f4ace7a12c3c8a6a971046e1f2,,
P0CB02,,v6,200,0,7c52deb61df9ca4a80aaea170c3284002c84bdb16ab9a4722f1887768ca719e6,,
P0CC16,,v6,200,0,647304a814f926ce11a4a5a59c0031ad21e67125ee7f8597e31aec888cd5e6d4,,
P0CE47,,v6,200,0,25144654f0ab05b54dd7da75334eb381c1fe30ecc3931cab1ba7519be606a283,,
P0CE48,,v6,200,0,2446b6e71a2acfc287d0103a2d6952b714ba33c25699b20a2f29053a982c99d0,,
P0CH86,,,404,0,,,
P0CJ40,,v6,200,0,ab0032eb986a32f93d558675852e3ac3aacb7023b9f51cb3b056d77a3c584745,,
P0CK60,,,404,0,,,
P0CM18,,v6,200,0,a1bb7f4b381175c1f87dcb5a5a02620c83a2f8a3f1adaab53dc115cb94fb9587,,
P0CN22,,v6,200,0,2ea3970b563a5ab0d2eb6571309d37ba70eb1ece20de41528e69521181103fe8,,
P0CN94,,v6,200,0,3613a5be432ec98f875e9b73a6fa524f72d818cac288c14fe6385dc2f0f92021,,
P0CN95,,v6,200,0,7abdc50cd44dc831b5e669edbc1ea61eaa933636f524ff56ead332a0ac3c6c1d,,
P0CO50,,v6,200,0,0fcc41536608dbc84102411ce8c59c2a75c1331d704026fef2f8497fb1c9c019,,
P0CO56,,v6,200,0,1e6413db89cbb7e9ae53ee457234347968aef254d4511d48ab39310bbb12072d,,
P0CO64,,v6,200,0,2e4d551b233baa23f867e73fbfd3aee5d383e23930035de6cbec0bedf89ffddd,,
P0CP72,,v6,200,0,ee7837f490a12ab91aee2d56ceb32e90d8e2a358eaec2e53e243e70d2cc81814,,
P0CP74,,v6,200,0,9bc5b25d06536ec5ebbbfd4c17620e6911ae5a47da653e2983dbd7c5a1e7924e,,
P0CQ14,,v6,200,0,d1f0bc6147275a9240e8d7a8f92bd25ccdba47b160dc6a669073c45d9ff333cf,,
P0CQ82,,v6,200,0,3b6664219a3681aebe46342e4a86a28e03a9aab42e7088def5b165666a723c2d,,
P0CQ84,,v6,200,0,72b283536ac554bc388b796312b8d2a98297976128132609146931a1f91b727b,,
P0CQ86,,v6,200,0,aaa355ae695ced8bf4bbaa5ad045590afd6933574f3751d6be7dde243097f7bd,,
P0CQ92,,v6,200,0,c03be037d925393d52470da658eb2b0e7a747eb2f2bbe8ad5959f73e01fbb1c3,,
P0CR08,,v6,200,0,321e05115e31c38e1848d6b36f36fdc927e51e336edbb1742601362401dfeb10,,
P0CR12,,v6,200,0,78b50309200107474ef471f77d97c1735250407e7713a0edefef1bca39de7758,,
P0CR76,,v6,200,0,91c0a6394f95994f352f2a91945a85624f0ef054d855d26ac547014705680d43,,
P0CS10,,v6,200,0,4a401a7ead14b6d4d073137176dea98f09e512d09bb45d598ceb05ec531ccae0,,
P0CS80,,v6,200,0,aef614e7a76226cc2f311e6a5f0f3c5efbc7f1aeb5d2a96f67b3daa9171a237f,,
P0CU76,,v6,200,0,2e492472987652292d30f4693ee497e3f47f94e16a2284af14703ce3dac8da80,,
P0CV91,,v6,200,0,529610c183347f4fc814b732647d5be772b37f87ee49ea380d21d97cd61e6621,,
P0DI85,,v6,200,0,f19e973572ba93be44dc99ba3ae5e5c5f75bdb577756da14710c1b7d9b2c8891,,
P0DI86,,v6,200,0,bdbf0074dbbe7f985466506a53daccb2a3d3bafaaeba3b17494489c4bb1eae81,,
P0DI87,,v6,200,0,fa7b85d5e8dfb4e60b7caf9d4d2227b10a1426028fa32db0678ff135db9a0115,,
P0DI88,,v6,200,0,d12f08bcd280aa97da6795d27bd77abba01e9d20aac6572a80b465422fb81e13,,
P0DI89,,v6,200,0,d574c47add9916b56974492f5d0baac65ade3f2297f1571379b00d7d2aee9c8e,,
P0DI90,,v6,200,0,f8d23d038e83a2522af9b64d458e585204576569cae80916fdbab57fc9411762,,
P0DJJ5,,v6,200,0,62a686e7810c4c7e65c69657e1d29f130c1ef8c19f07da847343acebaed3ae88,,
P0DJJ7,,v6,200,0,b2bb2d9b5ada81751b7f6dd50d4340043b537dbfd7859189cc830209792482ed,,
P0DJM5,,v6,200,0,64a3836a025175f0c5683b984935d2bb4a46568322170745f13f5a1fdedd5817,,
P0DJM6,,v6,200,0,72858cac429a0eec5eb79f23c1803cbf5512656c4abe522f40abf2ddec6d0b99,,
P0DJM7,,v6,200,0,38d65d298e82f2f479911fd4c9bac7f592d334eda3d0196968172d240bfa7800,,
P0DJM8,,v6,200,0,09a207fc3043af6100247db628a4184016f75a782ee77edbce08c609b5a10960,,
P0DJM9,,v6,200,0,c7f1e94b0861c99a50116e9b036251a3335e31c288766a03bf238794f25b6d83,,
P0DJN0,,v6,200,0,7d7c80810d72e53b8f7ba5da9488ceb126c22d15a3be7a1ba8cd6095a8586ce7,,
P0DJN1,,v6,200,0,83867b85078aceaa47a30cec0c1f84fb72a4de9a14c027bf0d56679827808000,,
P0DJN3,,v6,200,0,bf7ed1d464115dbc27be1ee01afa48faff835f941a0a3db37a20ebac09418ef5,,
P0DJN4,,v6,200,0,b9927cd3fa73517a5af8159aa616e75086c6a6c20e943d1d869a9d29a8db3deb,,
P0DJN5,,v6,200,0,2af87d8242773c4af01706625cdce8f834f18b62620e08ce8eebd844f6995035,,
P0DJN6,,v6,200,0,95bcfc88bb0d29b7db1f968bcb472779ff39073b120b2a06b34ae80fccf4d6ec,,
P0DJN7,,v6,200,0,442a5283f0b1d31896a40fa0ea5d870566e8e3bf7bfbe179cab5c9036cc6177b,,
P0DJN8,,v6,200,0,829357f55920eb3a8bdcadd0a5979173bf3e0fcf68d2b418487dba0d52ffa799,,
P0DJP5,,v6,200,0,e41780711374a746da714f27ef5711b972ddf1c4bff3c793f5cbbfef388aa722,,
P0DJP6,,v6,200,0,0f5761fd7832e3734292e90cd56861607281d616cb5a938c64af6a9c400dfbce,,
P0DJP7,,v6,200,0,08fd8e089bccd2f4cda72dcf39a15a47e212a6e72a27755f9d847412de2ced31,,
P0DJP8,,v6,200,0,4b9186bd3c4c942b2da7beaaf3c7b48e8b6aeac7d7134aae52de2e7adc6bff7a,,
P0DJP9,,v6,200,0,280287a9fea1c61edd4522db186735b16227d8db89ec99748aa650c0a5772f5e,,
P0DJQ0,,v6,200,0,3b44e717b7fdf47c6da1a61c66f612c2f3c25c0dc2052abe23f70f872852b606,,
P0DJR1,,v6,200,0,6fac8f48ada607323828b1d0f7c72af3ef0dce151ca2876b7c06c8c516ac38d2,,
P0DKH4,,v6,200,0,7ed0fbdf229a23d08ba41ca1d3cc685d4a729312964fbcbe0141e9ca5007d477,,
P0DKR4,,v6,200,0,f584276efd5a32f33e3959fe8c1d71838c040b9c2cb8434ee6ff00cff721eb33,,
P0DKS9,,v6,200,0,7b5522e94acd20f627031f88a026fb64d416555e10117294cb917e897381e331,,
P0DKT0,,v6,200,0,ec4c238c1e16543b8db936b420ed507c03db09154f20c8220c2fbe95ea215266,,
P0DKT6,,v6,200,0,c95a44e3ffeb3a52aa74c09b92ce6d4888bf809d9610384c540d9cbee188046d,,
P0DKT7,,v6,200,0,25cf2afe99e06d22238389074b745c74af1da3116f288d5728a9ff6acbb9206d,,
P0DKU3,,v6,200,0,d9e5ef6c55ed72ae1339c86a70601bc0a4541d40fe44e6d60824cfc9ff21fff0,,
P0DKU4,,v6,200,0,694592259c8870dc8a023a7aba56b8316831e2d015386f814e415b2581444ab5,,
P0DKX1,,v6,200,0,468408adbeb168a4594deb8dc0a876124a612a5b8b9098d87f5c5ae5d2b42a2d,,
P0DMB6,,v6,200,0,94702a15d195335014f05339ca5a527a0470622e5f3004518af381faaec9af04,,
P0DMB7,,v6,200,0,03389e5affa55a574219769134bb1c6f73b9046aa3bfbd2986dc26ac9a76d8d1,,
P0DMB8,,v6,200,0,cc4add1e1db2b79a824a51642412cb8955a056b606f27878e0d473ee90d3e2fc,,
P0DMG8,,,404,0,,,
P0DMG9,,,404,0,,,
P0DMI1,,v6,200,0,858c60d7304ad44a7dd9e07f9562f2da02c9394b0ff68a76ec7193554ece2d56,,
P0DMK1,,v6,200,0,0716c5c584e0cfc852042a98340f19828d07f4948ba8c48cce9fc23a7f09ca30,,
P0DO49,,v6,200,0,41a35feba261f219dafbb1532945d1843d2e7feac180f6f65b85c49ca270a24a,,
P0DO50,,v6,200,0,375e22e36bcdb1a51f169831b8e45b7d6c6062c8bdca70630499a7cf6e043b64,,
P0DO52,,v6,200,0,1828460d965f84f29611d6f70d629ab6628f61a368aeae7fdb52b38860fb6cd4,,
P0DO55,,v6,200,0,8f58d66e5107c21485b06d8e9f5c529018a73393374c01760758ca3d691e14fb,,
P0DO56,,v6,200,0,58b49f12b37b113e5b5742a58ae1bff0d156666bcbf4ec713f1c72ea4aa9c67d,,
P0DO57,,v6,200,0,63b4fa376527db76bc06a95d49e0d4cdebee0dbae0b42ffe2545e07f8e696bf2,,
P0DO58,,v6,200,0,01112cf11fa0916e54a95c484aa03581fa647e4d68f0270143204380dde0631f,,
P0DO59,,v6,200,0,11e9b5a6743e9b6bc87c70edc8c0c68b176ecf09f91abe8691b86c3cc9243b16,,
P0DO65,,v6,200,0,24bbb9122b2a195f1f51dd9a9315affdab1405bf230f39c655b8985305eda683,,
P0DO66,,v6,200,0,66e3eb3aa45a50fb9935fc8d60cdfca8d7987202752c65f330b87f400f3cf736,,
P0DO67,,v6,200,0,6f4be9c321edd6674f45948d5694d005d750ce59016074dedb435412dd89895b,,
P0DO68,,v6,200,0,6f03e698f87b41640b394faebe68e9bd9790a07d82b55103f5eec4e758e3eab1,,
P0DO69,,v6,200,0,124c6da2af07203d18775ae7d9daf1c31e3e2876e4754e1bae5b0b6ec60e2184,,
P0DO70,,v6,200,0,b8f3ca9aaffae7fa1415889be14a71990991dffb250535c0802c3c5259439d7c,,
P0DO71,,v6,200,0,a413addf69689efda3a26214758010c212ccb614f42f4a5ac8c6eaf7203acb8b,,
P0DO72,,v6,200,0,d1f90354b29d0bc7f957c59489cd64f6338b5585966ba4269db9ed2c238d45b5,,
P0DO73,,v6,200,0,e400e8aa44a9d9b042f916b0988a14b9ff14b2d7907fee83ca2e2b379eebb534,,
P0DO74,,v6,200,0,8b12b0a643c3b71d09fb1e7a51ecdb21247abb5766fa22c8a6c4d6e5a3efcffb,,
P0DO75,,v6,200,0,317c6c29677473cfb12cd8d4222a0149d3f87244bf2912ef0182a9256dade57e,,
P0DO76,,v6,200,0,56d32a62cf1d66df18b52f74a402a8f5a1137ef36bb8005d8122d6ad9736339e,,
P0DO77,,v6,200,0,625e67ce4d7bc450dc499be77f01c2796daf493bdb5ac08fb7699055bb013b26,,
P0DO78,,v6,200,0,224bf786d1730e18d0ca27a83e63a0e2fee4c10128787a00491c39aa908574ae,,
P0DO79,,v6,200,0,f4a7915224a26a12d6dcf6a0a31f5fc00f028002b17772ca30514918705c0cab,,
P0DO80,,v6,200,0,4f9b4150c4eebee265bcfd63162707ac51daa60406f9e19cf798f3796546ab8e,,
P0DO81,,v6,200,0,b832aa7df7bdb34b85371c1a602caabd10bc2d51ce23a6d7a707f8eaf5eca309,,
P0DO82,,v6,200,0,838c7e6dc767cf61e966542e6a8c3695a5cde6faaff27df6b052785ff0941ebe,,
P0DO83,,v6,200,0,2646e521c2931cda1b098e9a2fe5d16b641f8c54e66cfb061ff0151d06d95ecb,,
P0DO84,,v6,200,0,6aecb3ea7d99638f39dd7956c2ac9570ba396813c23e892aafaed933675ca500,,
P0DO85,,v6,200,0,7c6f71b67372a85edc6bf05340b98f861028062d4e8619a85ada324442bc80aa,,
P0DO86,,v6,200,0,9c75f9da542184514ebc988a13de8a5b42fb0e950d64acc9b35958134b2fc17e,,
P0DO87,,v6,200,0,9c15b56f329a2bc453121c50808339ce1b1e637d3e4a1f311dd21615038b0f22,,
P0DO88,,v6,200,0,e7cca33a36048d3eefa9e08c416c03f32f6c27dad6b16383d89833263b758d6c,,
P0DO89,,v6,200,0,b5fd762538b683ecddc56aa145448a974bac879602ae7bebbaf40f11f8c249c6,,
P0DO90,,v6,200,0,a83c97f53e33311faf2d3ef25bb54deb9489ef79b5b256c91933583ed43b01a0,,
P0DO91,,v6,200,0,dacbb44753cb46a2bf766eca5711feb094726a9a8ce75da25f197cfe364999ab,,
P0DOI5,,,404,0,,,
P0DOI6,,,404,0,,,
P0DOI7,,,404,0,,,
P0DOJ4,,,404,0,,,
P0DOJ5,,,404,0,,,
P0DOJ6,,,404,0,,,
P0DOL5,,,404,0,,,
P0DOL6,,,404,0,,,
P0DOM7,,,404,0,,,
P0DOM8,,,404,0,,,
P0DOQ3,,,404,0,,,
P0DOQ4,,,404,0,,,
P0DOQ5,,,404,0,,,
P0DOQ6,,,404,0,,,
P0DOU5,,,404,0,,,
P0DPQ8,,v6,200,0,89f54402acc4938cd24ce0691dc3247446e7fcdfb15baa9ce135932495cedd16,,
P0DPS2,,,404,0,,,
P0DPT8,,v6,200,0,15e20ad5c7ee0a7d170a8afdd129d1359fd26682396cd8b4c803a6044edf2012,,
P0DRL0,,,404,0,,,
P0DRM4,,,404,0,,,
P0DSN5,,v6,200,0,fad8caf67f872c68c3c6c7555b7b344099e7a7bd8760143c02bb4b8d58c24ebf,,
P0DSS7,,,404,0,,,
P0DSS8,,,404,0,,,
P0DSU5,,,404,0,,,
P0DSU6,,,404,0,,,
P0DSV1,,,404,0,,,
P0DSV2,,,404,0,,,
P0DSV5,,,404,0,,,
P0DSV6,,,404,0,,,
P0DSX5,,,404,0,,,
P0DSX6,,,404,0,,,
P0DSZ7,,,404,0,,,
P0DSZ8,,,404,0,,,
P0DTE4,,v6,200,0,0d57ef1ba4b3f3497c133bfb9ce441d8daed2524e568ff554a4b8d12da992783,,
P0DTH5,,,404,0,,,
P0DTK3,,,404,0,,,
P0DTK5,,,404,0,,,
P0DTK6,,,404,0,,,
P0DTK7,,,404,0,,,
P0DTK8,,,404,0,,,
P0DTK9,,v6,200,0,9dee5a001e800147e5f8156d9a863983bb52cccabdf1017c5b9412d0449158ca,,
P0DTL0,,,404,0,,,
P0DTL1,,v6,200,0,9464fb3d8cdc6921ede178c5f1a3d40322ed945ce7ed22098b80375c419bbd26,,
P0DTL2,,v6,200,0,9fea83fc454889ff08c3a1397dd90d236ecbee3f2bd1e096a530e2073b59db03,,
P0DUM7,,v6,200,0,1fa8403532d115c135e5d80abcbc206ed66476b6cf59ed3e57307c51ccba72e4,,
P0DUM8,,v6,200,0,0728c7452805b1759c35bc8df97800386290eab8cc5ea4c7d6b68a2d2905624e,,
P0DUM9,,v6,200,0,a7fee290137774908455803b66ad40434b4fd93425c5577ff188758af5058c3a,,
P0DUN3,,,404,0,,,
P0DUN4,,,404,0,,,
P0DUR6,,v6,200,0,425a212ace5a40d9e67d913c596cdc5361e795c01fec3d4cd440f75b2b99af5b,,
P0DUV9,,v6,200,0,a9cf10340606d5b0d68ef81482300ddcada876647bee4dd7ba5e1a6a04cfa1c3,,
P0DV09,,v6,200,0,780c08bc0fdafd6e53375949b607ff71511274cda5945014f32365f5bae4a652,,
P0DV11,,v6,200,0,33987ef636a63dff348b4ac1ffb69740214c89c54ef05c38e1d0d04c93c5a910,,
P0DV12,,v6,200,0,29a943b6be3f7690bf3bc701782fb77bc7b79b79acb7f93bf05eaebcd8fb5d90,,
P0DV24,,v6,200,0,01bd52768ef8d6046fe637aa9f05af83fbf06a67d5fc1b9bc92ea4fd26f6c3d9,,
P0DV26,,v6,200,0,32d46466adb4f32c677d2dc70cd8248e69617cda9175174312be18e752cf04d3,,
P0DV28,,v6,200,0,ba5b0386693f43580c3b52a55a0405fdf7d24314d95cb2e71a0588205739dc5f,,
P0DV29,,v6,200,0,bbea7942946ebafb2e5944a657c16a98c84a160f24e751808c371b2bb1c9b151,,
P0DV34,,v6,200,0,f578ffba3ea1ddecdfc6f52800adedefed85d37acd97e4b78585f6cf9689d5e2,,
P0DV35,,v6,200,0,f6835b2b56c2475e884e74ec47dd50ee4c6e8888d2689813d145d15040990985,,
P0DV36,,v6,200,0,b1fd1fbafac43171b930c3155f93cc1d51ac4d677c023a52bb746e467a88c715,,
P0DV38,,v6,200,0,3e8876b532e26eeda205dee100c5055600cf66a23ad3f77c1bf7f3411574160a,,
P0DV40,,v6,200,0,83e72a139a5b943ec191958959fa41b7286894816ef2c0c7515d039e694040ef,,
P0DV41,,v6,200,0,00a2509fbc31cb7b6eec16bccddeb6c7bee81c29ab4e13baf14a6016ff806460,,
P0DV42,,v6,200,0,d12b4f166e32c52957cef503c1a019a3d93625ef7c2f14758e9bdf62ac847828,,
P0DV56,,v6,200,0,10d49ccf5cd0737fd0285369784091b1bf3d06139f5a99411b440a59e65a86cb,,
P0DV57,,v6,200,0,a9afdf21cd06b4105da7a3a8dd220c7d8eac06b7d362e586a2ed7288ad92197d,,
P0DV65,,v6,200,0,6730ed4df1e9dfdf6cda98397743e2df4df101d30e884fec0ca797fee47164fa,,
P0DV78,,v6,200,0,571fdd9fa61cc50b19e3c3184c177db8821f97f3ad6a01243618d884c54f6946,,
P0DV82,,v6,200,0,92ac2565211819509f1aec410b573f5a5d0ed5d50719035cda1903c09bf1e652,,
P0DW08,,v6,200,0,cb6d8c7124c85ae589c095bad400b24316f754d991ded4034db3b1a36ca44d17,,
P0DW49,,v6,200,0,17327e0c49bba2a583765b86b7583099b9c926263caffec495ef3da36cebcecf,,
P0DW52,,v6,200,0,5290d8662f693aba50a89a4b4e9c99cbd1b1afbee47c8d1d6bfa0e17b40a58fa,,
P0DW53,,v6,200,0,03503a8a44aba5a4c1202d24973a928ad49b350c5f62ba7e40cb1b5775fe81cc,,
P0DW59,,v6,200,0,eb01364520b81dc397e33699b512c9565b59b8525a0a769871d9c0260af9b029,,
P0DW60,,v6,200,0,2c911a95cdbf05832d36c354685dd210c7e4ac26bd5b446c53405ff377421ae6,,
P0DW70,,v6,200,0,704e70da2a60c238980fd87d70bf350766d295fe54242700fad4c353638df464,,
P0DW79,,v6,200,0,236d77213a375aacc476008609e42a026f63d1c85f21ce826e65a6cb3dca42eb,,
P0DW80,,v6,200,0,71176719b81c18232ae6f9b3c37780b259cbcdcccf80aff153849d2ead22c480,,
P0DW99,,v6,200,0,2250314be8b4aac444b63a79b9b252e32c5152de732f9695572768765b1b4757,,
P0DX06,,v6,200,0,e3edaeac4c98868ee643a05c2253dded11e84bba6db73a829588b0af7f7872c0,,
P0DX08,,v6,200,0,3c0c02402f6fe41b2a0ac6956cd8c7959e6468ec4dbf14b142e0c28cf5145960,,
P0DX09,,v6,200,0,3610b2d687ea84ca7afaef41aab77031b716cea60b496d79b1fb9fdd089fa7ac,,
P0DX11,,v6,200,0,6dfd2f2480ec5b892d31243a1c3e1ded93e4547dad32da5428b76f1c7e7f9289,,
P0DX12,,v6,200,0,617068cff1e3c6f5229a43a9976d113d51d7e1cdd12970349e95726fb4b6c3dc,,
P0DX13,,v6,200,0,e3488a9e66fae0ef65fbc2eeb484260f13b300a855a64d2c8bd01a53dbd3e047,,
P0DX14,,v6,200,0,992b3749f937b79757cb234beb4c481903dc2f9b6324c8dff62281fe49bc23cc,,
P0DX22,,v6,200,0,e62e9cdc9fd897187188cd1ed7a32e03f17c6447ecadcd8eae6df9c20b80961f,,
P0DX23,,v6,200,0,47627a63f3a68dbd14092f0fcc799ce760c6cb1fd1d9e0c4d951e50f16ce34e1,,
P0DX24,,v6,200,0,b88435d8999832ebf049d2df0c369324eac70c4accc78ba6cd4954272eca335c,,
P0DX29,,v6,200,0,f6eab3e62501858eef211676bb50f956375bed1a539bd0790a60c66698162794,,
P0DX40,,v6,200,0,94f239ddc087cde7037cbd6bf01cbcb0370d97ccbd7679ad9668676532a96138,,
P0DX41,,v6,200,0,d36f6b936882cf20d62c5e2fa57802a572d157e367e07c5322a4369daf6c23cf,,
P0DX42,,v6,200,0,5903e31c807eaea8c7f8a327d4e44dc4aeb8185c45bea359f7783c08f41b13d5,,
P0DX43,,v6,200,0,d3e89dbc6a25fd290dbf31cd7e1ecadc3a4c2753220757628abe594e8e206726,,
P0DX54,,v6,200,0,b9f5fe03c767a3c9a37bfe82f8ee22ebe9a25428ceb5c14689acf770a730c8ba,,
P0DX62,,v6,200,0,79afbde944d26a63cde1e6d7208fb5f32a47d5ed49cc74c44aa65c0a19d50212,,
P0DX71,,v6,200,0,a033fc5bd075c3cba7b25ad2a0134fd4527532511ae789491883f592b97d8285,,
P0DX75,,v6,200,0,9a88052680a023c7381371bc3de0ee9959ae5f2b724c2de72b4d8efc4b9e3498,,
P0DX84,,v6,200,0,3faf5ed708c12307470dc68151d328cf574ec62251625917879302de8a226304,,
P0DX85,,v6,200,0,892fedf1897aeaa9ce751129bf2607b8d32c7c870cc1ec97b6f065707a8213f6,,
P0DX86,,v6,200,0,0abad0892d91195720154d5e7de84be100cb478dc22fc3d89370b09bd10c3487,,
P0DX91,,v6,200,0,8ffb1ecb33775c9b39844d55ea70fd7c308d154fdf938c7028fa5deb604ef4e4,,
P0DX92,,v6,200,0,8cbb9980f57484d9f3e45098454a6bae96fbf941dd1ad84ca9b942b082ebd285,,
P0DX97,,v6,200,0,664c6f44dc4b793dac7af72f48b0c4d5e7191f5574be9bca269544d106b1ee21,,
P0DX98,,v6,200,0,c311f364ca1a5b530d6c28c1ef88f9d6367c3c68fd80d5b130dd562cc52dcf6b,,
P0DXA3,,v6,200,0,6f96b5ae2dbb6a8f93b713ae6781fe1fbf0d37f628c36faef44fed4f144fe684,,
P0DXA5,,v6,200,0,e123a4a617974f4ef51c2e60e8f03d3f6a359e2c69bd4e643e1e86bc5c5faa24,,
P0DXA6,,v6,200,0,41bc8d08d03eb825d5263abb8821b46f0057468f6f645d73627e403a24b2fc80,,
P0DXB0,,v6,200,0,83e60fc0ba7a008c28efa705201fdf216c34a59f97990a022b1e7d124b971dc0,,
P0DXB2,,v6,200,0,db2e22895e6613293a8061f57ddb41cf73a1a8eaa192827982dba1a343e24019,,
P0DXB4,,v6,200,0,3746e9635c9d3799244b8b369e1eb0b1c61d0ab26edcce8b9acad97743a93c39,,
P0DXB5,,v6,200,0,41b7a676a3fa92bd42ddd7735b307df182a7136e0a38634abbbe323b501ce0db,,
P0DXB6,,v6,200,0,0e9ca9a175957bc28a76646cd85d8ea130f2ff6624ecaec02afd0c19dbe82e40,,
P0DXB7,,v6,200,0,cd29d0a58b52eae30c436ab8cd0bf9d490a986d290d5af56f717c09f7640276e,,
P0DXB8,,v6,200,0,e07c4dfe110ac98361d81abc47f7833af422011e3aa1659e5a7e5a658988d301,,
P0DXB9,,v6,200,0,0fec04f06e678559a8893b014c3a867c8a3214c845c83db302164f51f8033fb8,,
P0DXC0,,v6,200,0,e97ebcfa3290d39af0599f84d7ec77384870184b593d2d6cb816f9ac68c99158,,
P0DXC4,,v6,200,0,be9d136fbc02477f39385fe8a0fea2d7860be7fd1b32cd6d9147b3983f80ea8a,,
P0DXC5,,v6,200,0,dcc8cb85fedd226056a210edcbb6039a044542d1448ccc13a251d39dd717313c,,
P0DXC6,,v6,200,0,ff6d89047f1df3885b003b03f8df5d02ffcb28c20abedb61e9d531088edc48e8,,
P0DXC7,,v6,200,0,66bf549d0b4670dffe6e7459206bc60ae599e3c5c1e40c1c14bb9ad3aea0e475,,
P0DXC8,,v6,200,0,24eb18bd19d6cedb47e73f2055c786fd8cee8bef82de5bf7b7921d20b1f6e863,,
P0DXD0,,v6,200,0,8f353fba1a84777123cf1377d9e813c9def800f08229417038da16ce033a1db8,,
P0DXD2,,v6,200,0,35021ceca1b546d9b76d1bc677c9545bea1719a0e3a1f38a9317190ef34dd8ca,,
P0DXD3,,v6,200,0,e2d768e78cf792cada279fd86739ce87a64f82cb3219c970e98a830b9ee78254,,
P0DXD4,,v6,200,0,692b97827a0d1ef4146cf34c8a9101060eb7f28e6ea79ab67e143af4244f49b7,,
P0DXD5,,v6,200,0,16c00810968f801935586dedc097501a0a55bd34cbf94f10011adbf175e80f23,,
P0DXD6,,v6,200,0,b93fccac25d10e9ed9c23946cc16b417a101b6a4d42b31dce393637fef766fa8,,
P0DXD7,,v6,200,0,7460dd1d716d1228a2b5e9853f63cf0b24710ed687de182b60ad4933f462ecb5,,
P0DXD8,,v6,200,0,2d32038e37028c7e2f729ae1fbd3a397f5b09dc3a51db261bac7aaba87c533c6,,
P0DXD9,,v6,200,0,882728a4ed4f7bdc96033164a9cf1e94cc4d2dcfcf09697899f257c0ea2c5b79,,
P0DXE0,,v6,200,0,4db69382def15a912c2ce15a98034f9d246412cc5c3275d54720f92719cebf41,,
P0DXE1,,v6,200,0,13d81c38e93c48fda1b0181b324d53f02a472b8a2ebd8a0574953f6e997d80ac,,
P0DXE2,,v6,200,0,51cecabae51579bfdbedd6e3767b88d5846e514702a322fd5d9575db774b32ed,,
P0DXE3,,v6,200,0,d03c3ca6563e63cfb2ef7d3978b316adfb8355ed77580ff052ede6d561c17c07,,
P0DXE4,,v6,200,0,f1755cac51920868713235e3ed98e1e964b781c68884e25e5fcf05a7b478aaf3,,
P0DXE5,,v6,200,0,667f001ad474d0f6d514a0d47334751db1683980c19d4d55822cf5cf0f62650b,,
P0DXE6,,v6,200,0,f218a3d99f905b69c8507f1a2a6f852e54872488a59f885554ef4de592ccc0f6,,
P0DXE7,,v6,200,0,efec1cee1984544316890288db137073a349fd66d8db0d3faa67c7c03ce58851,,
P0DXF1,,,404,0,,,
P0DXF9,,v6,200,0,1fb5ed74182a3ca514e685885500c15fc6096c673126bf316ad6fdb5d8cff574,,
P0DXG0,,v6,200,0,d0f9ee2252e45c1a429ef6e53a277e8affa37440e97045144c35b7f8d266b684,,
P0DXG4,,v6,200,0,f7ff66cc48fe2eb8ffb50f888bb475637ef429a1f911c33a89ddef2d3174721a,,
P0DXG6,,v6,200,0,5fe4c0fe86fbdcb74bf380394399289fcf4fa3c8c2a7c9af3ae761a4a6fd11c5,,
P0DXG7,,v6,200,0,92d0dfd841910c882e25f331ebff56fd33084274978be4c2631bd72d369553f6,,
P0DXG8,,v6,200,0,450cfed0f1f4e2f9a6da502ab21fcc9c2e627a14588b0cd39f850569bc66cb30,,
P0DXG9,,v6,200,0,969b77b7e0cee4b617b45c3c0c3b9be4b8ae27649c5cda5f2245a08cbb8037f9,,
P0DXH0,,v6,200,0,162c752431e5c132821880b1b3d49e5902b586bd25f02a39d465a8e7395286e0,,
P0DXH1,,v6,200,0,ec814d799ce3e2ca244954861bce88152d1f3aa857de60f7a39f9e5dc0f42f53,,
P0DXH2,,v6,200,0,609702580551fd92ae51e3725c53496389858ab5e8871327cae1d24371a456be,,
P0DXH3,,v6,200,0,c21f4bbe9b78e1af528bd8adddb529278d81899b8698477b72ee28304f0ed429,,
P0DXH4,,v6,200,0,b87a72714397cf36a836f0171d49bb3d46eaaee05d6184be26c8e6f2202d846e,,
P0DXH5,,v6,200,0,212b059b8b8af9f08bb35197da21b92c90acbecff5581480be13888d5f0f0a41,,
P0DXH6,,v6,200,0,ca9188ae11479ffce5aef47031b337b73b79bc5246727ed61a4c3fa9fd9d4cd6,,
P0DXH7,,v6,200,0,2a7d5def69279a8b8451f79c59a57c7ca98236aad08e722e3534af827e3acb0c,,
P0DXH8,,v6,200,0,b50e2fbdde0ea880458648f32e01dbaf392170161b53253292cea0a2f4430278,,
P0DXH9,,v6,200,0,3f7ba55716e51d62efdf8a54e8ae15446c9a2394b54f23b8ebc4d2acbd62560d,,
P0DXI1,,v6,200,0,d66151ad7b2dc8528f5f1e3486b26aa4668c10b3b07c1d3a8ed33a0200dd7040,,
P0DXI2,,v6,200,0,89a0bdd5761126f657be287296fb253a5546a2478ab83537bb0532958f2752bd,,
P0DXI3,,v6,200,0,36eec91bb42c6d41bf5d5956058a3ea13d8fa95b31d6942f64c4d360d62207fc,,
P0DXI4,,v6,200,0,3f8e9cee32bd57ebe1d82cb1fb0ae5e7630485b265642ef215d72880425f2961,,
P0DXJ0,,v6,200,0,ca44010491a10e644df36c995d1c724bdfbdddcae7220c06bcfe0f6b8fa94da3,,
P0DXJ1,,v6,200,0,74f973473874e0f78ceb93293fab142713ada5144e6cfc147e75c9f04ba1ac49,,
P0DXJ2,,v6,200,0,34cbc823aa0831bcd82bdf3390029f522b085d4adb5ecf80cb8c3274f86b1bb9,,
P0DXJ3,,v6,200,0,0ccd3194d124f4d6ed96313fec48c4630091f6abcfab1ad160823abd83d58146,,
P0DXJ4,,v6,200,0,963e79b3369b280655c371ebf475f94de7bfc4870f6a41d446a5fb7812441366,,
P0DXJ5,,v6,200,0,1257464ab7c5b98e4c2a5d7763b005e6524260c8b54220c9a215996123ccfbec,,
P0DXJ6,,v6,200,0,9d96ea5541510faa412c58bc6b98651230cf28e0d9b21fe3d4d98fdd630ca7bd,,
P0DXJ7,,v6,200,0,a6a6ef7166baea67beccda282d04152c4fb3959f0c3b83fd4b7d306f295cb19f,,
P0DXJ8,,v6,200,0,00e81af3fb218354c765eeb882684afaaac6b44fc477ce2b18ba52989f47bd8b,,
P0DXJ9,,v6,200,0,02231405ce87e209060593097d2b315a8fcd091ee25ed1999885ff7c1af198a6,,
P0DXU5,,v6,200,0,417be1dbc8285843060738eae72af1fafc7d577bf362b911a544df80cc33e5af,,
P0DXU7,,v6,200,0,1e79ea965b89a7161c0e921fd1067a08b93d60c40d06c56687d8c06fa1ffa569,,
P0DXU9,,v6,200,0,9db4bbc2415d19b4722abaedc4a4888fee17c6635b2c0889c4ebbcd6f2ec21d0,,
P0DXV0,,,000,0,,,
P0DXV1,,v6,200,0,0e00368f91f54d3634707e5a736b2a8d035b22bc7b47b1c63713df1299adc0fd,,
P0DXX5,,v6,200,0,328afa19ae95ea6fc784d452c26e765551be147bce34548aa5ada9f3631a0d21,,
P0DXY1,,v6,200,0,748986412e06f71a3a3b28dc7c9ae0190623bcbc1ec536f98fd08eb52fc82c57,,
P0DXY3,,,404,0,,,
P0DXZ0,,v6,200,0,858913cfbc1c625e53663260e264fbc107c5073d0403fd97b6227940a161df42,,
P0DXZ1,,v6,200,0,8b839c8f1f6c8dfbca7a15151ce36e0afd685a935184253c9cb614863f115fce,,
P0DXZ6,,v6,200,0,ab5a264d83c7426d06010dca159b56ced16ef97b10b6a66b42d68501146eb59e,,
P0DY05,,v6,200,0,29ed70436258cdef6535947a9a75b34c1373f15d2c811deffbf23b732351b3d8,,
P0DY06,,v6,200,0,ae40818ff4704b55334e6fe656ccf2be73c45f6962a74eed287a5ac753788ef2,,
P0DY07,,v6,200,0,36cd1b0ccee3b946a694fc17d2adbcee53b8ef74d966fc50fde2f535175804e6,,
P0DY08,,,404,0,,,
P0DY09,,,404,0,,,
P0DY10,,,404,0,,,
P0DY11,,,404,0,,,
P0DY12,,,404,0,,,
P0DY14,,,404,0,,,
P0DY29,,,404,0,,,
P0DY30,,,404,0,,,
P0DY32,,,404,0,,,
P0DY33,,,404,0,,,
P0DY34,,,404,0,,,
P0DY42,,v6,200,0,180b72a91c0d9e7a882980fa98a73a6ffe85bbbdda683154efd8ae6e17fa1b9f,,
P0DY45,,,404,0,,,
P0DY46,,,404,0,,,
P0DY48,,,404,0,,,
P0DY49,,,404,0,,,
P0DY52,,,404,0,,,
P0DY53,,,404,0,,,
P0DY54,,,404,0,,,
P0DY61,,,404,0,,,
P0DY62,,,404,0,,,
P0DY63,,,404,0,,,
P0DY81,,,404,0,,,
P0DY82,,,404,0,,,
P10052,,,000,0,,,
P10094,,v6,200,0,18eb1702c295a4976bd042d5174fbe7055cd8f1a2abf4c132fcb24a116e67c4f,,
P10095,,v6,200,0,b8fa301eaa24909198ab2e6c7c54d3fec3e7bd856aef1a8aa72da40b9b64378d,,
P10224,,,000,0,,,
P10234,,,404,0,,,
P10271,,,404,0,,,
P10277,,,404,0,,,
P10421,,,404,0,,,
P10447,,,404,0,,,
P10489,,v6,200,0,b7ddf36f7970d6d4d7b13954003a48e11034691a2f0eea4b9fdc0bd99bf6fb68,,
P10533,,,404,0,,,
P10613,,v6,200,0,d6f9d43ee51c01afbc945835db1d63180d2b8962b01110ec3b49a33b83850d70,,
P10614,,v6,200,0,359f9f3d1c66b04517eaa10923c983962562451ac71399a87186f1a6b51d3080,,
P10748,,,404,0,,,
P10801,,v6,200,0,3575e821f08d76becd3f6eb0824770f19c0023a35ae54c07ab8fd0fd8aa55c6a,,
P10835,,,404,0,,,
P10887,,v6,200,0,a4a8fc65a66dd18579e8a06b9a00c039fa49e3f420eca1fa1da03ef668084d75,,
P10948,,v6,200,0,1f62027e230fe5392f9884f657357fc25e2d9b146597eeacdb528a2b63fb33a7,,
P11014,,,404,0,,,
P11037,,,404,0,,,
P11107,,,404,0,,,
P11156,,,404,0,,,
P11158,,,404,0,,,
P11180,,v6,200,0,ef92ce95405ca384099847a9bfa06ccee29e6ce70ce3ed9d6435cfc2d01a1440,,
P11182,,v6,200,0,a21049145d763ce6a8cccc7bc0e5aec5e9951c017fb556e2ef988a179d400abe,,
P11245,,v6,200,0,7dd63aecce8ac9614dd6a8dc89932d16db61b8fad188699d75f57fb26de3f5a7,,
P11273,,,404,0,,,
P11298,,,404,0,,,
P11328,,,404,0,,,
P11352,,,404,0,,,
P11727,,v6,200,0,b66a9e88eef0d64a35ec49e56ae2996aab0ae180884fc033ec03e301fa5c1f18,,
P11887,,,404,0,,,
P11909,,,404,0,,,
P11917,,v6,200,0,630b548332f2fe904c19a85674f6aee1809af2698b33ee5597453070973aa882,,
P11918,,,404,0,,,
P12049,,v6,200,0,6075d4508149edf5b2dce074b055c4153cb11a9babc40e8c0d8c4d56e16fb563,,
P12320,,,404,0,,,
P12321,,v6,200,0,0d526c215f70f5acd543c479f6cd964e71f9d93efbf6a3e31b543d845ab2bcc4,,
P12343,,v6,200,0,b279388a85d83cdc327ebf2a83ccb48430e9b6def3c59c859828774e664795fb,,
P12364,,v6,200,0,d4769d0945f6bd16eb7220b549d78016ffd7faadca783533bf2c6e6db2018365,,
P12366,,,404,0,,,
P12381,,,404,0,,,
P12427,,,404,0,,,
P12431,,,404,0,,,
P12462,,,404,0,,,
P12646,,v6,200,0,8a18e4521b4130d518666e44ae349a6075409b17b53f8e1337e23876a1ef1e16,,
P12726,,,404,0,,,
P12848,,,404,0,,,
P12905,,,404,0,,,
P12927,,,404,0,,,
P12929,,,404,0,,,
P12956,,v6,200,0,0c24f4d0917c8e63e61e8bb9823a97c27ab1b6d166f219a0616c11ef61e5e5b7,,
P13010,,v6,200,0,80ed0e1544ee7164312d9fa8b97d35c25f22cbb2a138c22840ee33fdea40385e,,
P13071,,,404,0,,,
P13155,,v6,200,0,71eb796f59ba10e561dc4a3c9523d4b21c3b2e9673be4f106544360def621627,,
P13157,,,404,0,,,
P13159,,,404,0,,,
P13191,,v6,200,0,033cf7340641daa82d7ab1f07adaa2e835891f41b646a686097fab432bec4f78,,
P13272,,v6,200,0,210623f71f10c2882f12d86e06dd4212ba3023b351a30a0e7ec790b62c45ae1c,,
P13284,,v6,200,0,bdabe242e9d3448dfcff7b5163e5d7dd099f6529ef06e65274903b456ae0eeb6,,
P13287,,,404,0,,,
P13288,,,404,0,,,
P13300,,,404,0,,,
P13464,,v6,200,0,52601dcc4ee070e1a36fc934c995c1d759489f471a96cead40032db4fb1efc97,,
P13676,,v6,200,0,23e7150c55bd23f2a15b7a53f4984eb65beb5bffd4de8cc666f366e36d180264,,
P13771,,,404,0,,,
P13774,,v6,200,0,1a15c48a13e1d9e9d84df53de72f981b966c53d88c013b85743b5cde8b749aef,,
P13798,,v6,200,0,34392344c897cefbf952885721b6052bfb7973269d9a33ff322db37814752500,,
P13894,,,404,0,,,
P14084,,,404,0,,,
P14085,,,404,0,,,
P14217,,,404,0,,,
P14263,,v6,200,0,60d7f9ffda70a6574ecb339d3b2e6a1f899d7311914431faa0fa743b1b653aeb,,
P14396,,,404,0,,,
P14398,,,404,0,,,
P14405,,,404,0,,,
P14422,,,404,0,,,
P14552,,v6,200,0,01bfa9e9c6e4a861d67a123cb7d80dbcdfbabd6f88e65fc945b801d2e97f27a3,,
P14583,,,404,0,,,
P14597,,,404,0,,,
P14610,,v6,200,0,9069b152722d8e366645446a5928b63e67f75d90c2a3316647725ed24d08607a,,
P14621,,v6,200,0,853c1688baf00290cbbea5deda59ac08cab97936ebb651ebd35e2030b7e2c526,,
P14625,,v6,200,0,7962ceaeefe40b78b7ed3d3ba02d11cdc5c742e8f5a0f242347a5115ef5c0b47,,
P14775,,v6,200,0,c5775341c23621bbaf460122edb4ad128fd48b8738d4868e5b6edfc6c0c9cd75,,
P14999,,,404,0,,,
P15054,,,404,0,,,
P15443,,,404,0,,,
P15736,,,404,0,,,
P15776,,,404,0,,,
P15879,,,404,0,,,
P15916,,,404,0,,,
P15984,,v6,200,0,c7e7a76237ca29f3d92a95d06c7f6cf1d9eb8f1bbe1eedb13af92b08aeaf08b4,,
P16006,,,404,0,,,
P16101,,,404,0,,,
P16123,,v6,200,0,c70dd0819745b44154399a61fa7a6cfe5b8741b914d3f723813d7a313839c09b,,
P16392,,,404,0,,,
P16600,,,404,0,,,
P16788,,,404,0,,,
P16824,,,404,0,,,
P16913,,,404,0,,,
P17003,,,404,0,,,
P17004,,,404,0,,,
P17005,,,404,0,,,
P17087,,v6,200,0,984012f846af1cc24b2de00476db06c61d9cefb1a02ae0f316e60a62dfad92dc,,
P17337,,,404,0,,,
P17338,,,404,0,,,
P17339,,,404,0,,,
P17374,,,404,0,,,
P17382,,,404,0,,,
P17402,,,404,0,,,
P17440,,,404,0,,,
P17441,,,404,0,,,
P17613,,,404,0,,,
P17653,,,404,0,,,
P17746,,v6,200,0,c598ef75857db7d54b3c2ad02e6c80f7124c7d7af7ad86038c442911ebd78b0f,,
P17794,,v6,200,0,02992df50687ac5fd0164e444a70909f71d069bbf275e32f17d97d084f624fa5,,
P17844,,v6,200,0,c5e2f38e873e88a869d2397fddd65fec9b073e60f3c271cac66b0a942739dd32,,
P17888,,v6,200,0,337f34e1ae16010f4414aa33fbe32628181f55d44519f4358034dc51fda3d200,,
P18029,,,404,0,,,
P18030,,,404,0,,,
P18074,,v6,200,0,423bc16dbc7745eb493536d4a3381c2ec4ac6fa0addaf16239bf4220b3029eae,,
P18172,,,404,0,,,
P18173,,,404,0,,,
P18250,,,404,0,,,
P18268,,v6,200,0,1690eafd344c5b172c9be1e7e204bd4a23111e00cdc037810412552e3c36c2e7,,
P18283,,,404,0,,,
P18300,,v6,200,0,0efe87ebccb0039a165078d992024a65616604fb5d64ae9ee929de51a218e4a0,,
P18316,,v6,200,0,566d7b43feec08ed2b64db882e50a5c09d9c715d11125ab69c5c06a7561a1eb6,,
P18545,,v6,200,0,cc6035348045066aff19c441a316f80641b1f0b018ba99e776296ddf070981f4,,
P18547,,,404,0,,,
P18555,,,404,0,,,
P18786,,v6,200,0,8292ea256492cc88bd6b9757ba09e42b6c0dc562212861f4c441d6158e78071a,,
P18894,,v6,200,0,fda6a40244b04506b2d4e788c8084abe9ca83c00e4ba745d56cf50bb8192dffd,,
P18997,,v6,200,0,ecf62a50fd5549b81d71200d09c18d753847576306d9b72767098d6a87143ed2,,
P18999,,,404,0,,,
P19109,,v6,200,0,638a81b44bb67f3db1d468f40bc3f522278bf0ea5f78078d1e8549e62767532d,,
P19118,,,404,0,,,
P19149,,,404,0,,,
P19205,,v6,200,0,c7be56b3fa9612eba5092690c3651e6b443aa19671c33aaf9fc84f992be698e8,,
P19574,,,404,0,,,
P19618,,,404,0,,,
P19621,,,404,0,,,
P19662,,v6,200,0,40d027dd4c5c5ce5aa8ab4d3fbe592abe781fbae56ee0865149f4d8d42cf4e37,,
P19663,,v6,200,0,3409cfeed7cdf1608b27d45e252ca1a184e2be4b9ad25935f5631e0643c1c8d7,,
P19733,,v6,200,0,98645f26eee3b2f654290636053e1c020e1b1c35b863e3f9600539231e83d4db,,
P19916,,,404,0,,,
P19917,,,404,0,,,
P19918,,,404,0,,,
P19977,,v6,200,0,2bb6294158e99d34ab1a7b6f6966d00eb9aa27122712e28f5b0efbdb9ebfb1e8,,
P19978,,v6,200,0,1a3a5b87452b3d938712020f39251123a07ec7c5f4fa9d288cd4d36b4edc56fd,,
P19979,,v6,200,0,a0cb1acce8539a4755e78f78e726a20b1970d932f097dbd4572fb97775c844af,,
P19980,,v6,200,0,114d43490203c3eba9512fed8092fc89cfa4a07e6cd4a811457aedc60d0bece7,,
P19981,,v6,200,0,1c14b2a07742123ebe4750603dc33dc2693d881bc402ea694b25f6c72d194c43,,
P19982,,v6,200,0,30d75d36d8aa480d625ffb0ae9d6524baec90090239bb4406321c97db8cd24d1,,
P19983,,v6,200,0,acbd39df23f410836bc8eb8ff7ae281ace65bd4d20453f4911ccca2340bfbfa5,,
P19985,,,404,0,,,
P20011,,,404,0,,,
P20012,,,404,0,,,
P20016,,v6,200,0,1c0010680f59581ede794a2c1a0c071e1bfafe335622a495d46794d35d31e9ad,,
P20137,,v6,200,0,b7fed40e9744000b2e20fab9d9b09a91ceae5a3c8b6d17f26b0b256f5000cc71,,
P20260,,v6,200,0,86c96e99b99629b55cf4f10ca48a7d741facaaa0c6315e8804eec6cf190c7b59,,
P20304,,,404,0,,,
P20315,,,404,0,,,
P20337,,v6,200,0,c458ea96c37bfc00b6547a413b4b2dc3731559b70c78bb44481eb36ad66e8cf6,,
P20461,,v6,200,0,3b3ac65d3240042c30e496378d31476828d1afdb84d2eef440aba864c69b7f01,,
P20479,,v6,200,0,2464e34288752c13ca5eb75e37d5b199714e73a44a132dbfe124fe2be5f1c0ac,,
P20493,,,404,0,,,
P20495,,,404,0,,,
P20502,,,404,0,,,
P20503,,,404,0,,,
P20505,,,404,0,,,
P20637,,,404,0,,,
P20638,,,404,0,,,
P20699,,v6,200,0,6280cb3727b14682d44f3965b40400faeacabc5e68b09042093cc78a4fae0d74,,
P20979,,,404,0,,,
P20999,,,404,0,,,
P21011,,,404,0,,,
P21033,,,404,0,,,
P21050,,,404,0,,,
P21095,,,404,0,,,
P21097,,,404,0,,,
P21215,,v6,200,0,80144074d733aa397c0ac5f268768f853404af1e7bba3aa0ad05b3bb46efb8a7,,
P21217,,v6,200,0,d5da5bbbbe15df825af0c7b54564067a649b670c9c1cef531aa26bc79ce33270,,
P21290,,,404,0,,,
P21293,,,404,0,,,
P21372,,v6,200,0,cbeb5612448d1e19d7ff12defb6064ee447787313acb7ffaeabed73a54127b25,,
P21407,,,404,0,,,
P21693,,v6,200,0,1a330d20f02b2ce157a0000c1308270fa02c3ac80e32db7e7b35790ef622c76c,,
P21778,,v6,200,0,8aa1ae154e9c49563db4ea211cc551005a18a25b3d16ca5f8c4ad97d20c9f4ac,,
P21790,,v6,200,0,38f90e51c6db334468b29a8b443ee3f2d0696c8dda7986de2bc456b95f859fac,,
P21792,,v6,200,0,31fc8b18719ee404c22480de1dc5b4a8c1c53593cbbd3883fbd5f7340c3fef0b,,
P21974,,,404,0,,,
P22127,,v6,200,0,f2967445500ab5d96bcc829808d99d4d3e8477db873eb36b5c7315f68ecc1063,,
P22153,,,404,0,,,
P22154,,,404,0,,,
P22281,,v6,200,0,46f9d7a0f5fc9e8106514c4ecbeecea79ad4b1727842ab840469f10cafe22c81,,
P22315,,v6,200,0,f2a38f7291e184dd2fc776feb97b012e7810ca9fb1fd5f89383783887751c5de,,
P22352,,,404,0,,,
P22416,,,404,0,,,
P22419,,,404,0,,,
P22508,,,404,0,,,
P22571,,v6,200,0,03f2bb2c81fb6b8ffe5383c44f936cbf5aaf9d3b34a6295271bcdac688c58563,,
P22573,,,404,0,,,
P22649,,,404,0,,,
P22657,,,404,0,,,
P22658,,v6,200,0,942133b3347bec7d1c547eee1f30bba657f803c25b5c89529008fffff5588cfb,,
P22659,,v6,200,0,81baabc0d50e0fc6abac9b0ad68d41508aa8114b19d9b1a1e615053ab386ef3f,,
P22660,,v6,200,0,b253527050d95e4303b8235ce875a4553b8101ff4945549460fcb96401fb79a7,,
P22772,,v6,200,0,0cc699fbb357a1e090cecca42eb01b7aa799e7584a80bca3080b68d07a232cb0,,
P22779,,,404,0,,,
P22830,,v6,200,0,06c2e604d38b101ab9f51765d975eb5a62c392a229c4a84abff43df9f744ecb2,,
P22942,,v6,200,0,90a7fb4f3134888e2619eebc642bf1388187e2ac8aaadd19ea09f3de14c452ca,,
P22948,,,404,0,,,
P22949,,v6,200,0,7d72fc1d4dce1a771ace6ac5b0adb114b49ef7fee67e8ad8dcde8f5e99dc8869,,
P22950,,v6,200,0,72028bfe27edfd45c71c437d7417486713a225400f41bcd486c6b26a833b770f,,
P23007,,,404,0,,,
P23049,,,404,0,,,
P23109,,v6,200,0,b5fa160395195223712e76aa15cd36da0152d4556de5d4b02de3137bae720490,,
P23175,,,404,0,,,
P23334,,,404,0,,,
P23335,,,404,0,,,
P23373,,,404,0,,,
P23475,,v6,200,0,69640a77cba0ebe2357482be7d9df61fdcef645cbebfb55095034fdbe74c621b,,
P23725,,v6,200,0,a9610981c0f1d9130a0e39070471b3baae95420f9b35fd7d37324810aef0dcfe,,
P23764,,,404,0,,,
P23857,,v6,200,0,2cc28ebeedda06bc3ac7da3b05d53f191ef1c8b275d6b6bdf6693d75d0734b61,,
P23871,,v6,200,0,a01b8d7dae06adadf14cffc3ec20ec5d22c2d5bdd12ae78a7950568b8c4c57c7,,
P23983,,,404,0,,,
P24030,,,404,0,,,
P24096,,,404,0,,,
P24134,,,404,0,,,
P24381,,,404,0,,,
P24389,,,404,0,,,
P24424,,,404,0,,,
P24425,,,404,0,,,
P24486,,,404,0,,,
P24597,,,404,0,,,
P24656,,,404,0,,,
P24829,,,404,0,,,
P24842,,,404,0,,,
P24851,,,404,0,,,
P25013,,,404,0,,,
P25020,,,404,0,,,
P25072,,,404,0,,,
P25154,,v6,200,0,74755e77f55fd32819fe658078bc8d69b4d21ceb7111690cc1d06f6d21ba8c24,,
P25481,,,404,0,,,
P25933,,,404,0,,,
P25934,,,404,0,,,
P25950,,,404,0,,,
P25987,,,404,0,,,
P26192,,,000,0,,,
P26460,,,404,0,,,
P26542,,,404,0,,,
P26543,,,404,0,,,
P26544,,,404,0,,,
P26653,,,404,0,,,
P26670,,,404,0,,,
P26685,,,404,0,,,
P26713,,,404,0,,,
P26843,,v6,200,0,6743eae881d867c659445291a9dd34539d6395e2f4df52345dee131046eb9e99,,
P26965,,v6,200,0,99c47cf602e6ce1b0aa6fea08bcf3215678b134721d430279f69b855584f4123,,
P26970,,,404,0,,,
P26971,,,404,0,,,
P27063,,v6,200,0,de8e2a03ffcb5200c2b461d9ed003ec3c553ba98f325b68ba73694fb63d37a9c,,
P27067,,v6,200,0,b53275c1693b47eda89881427de04362d1049b62f60332e2a02ca2ae963c9aae,,
P27220,,,404,0,,,
P27221,,,404,0,,,
P27327,,,404,0,,,
P27328,,,404,0,,,
P27363,,,404,0,,,
P27421,,,404,0,,,
P27438,,,404,0,,,
P27454,,,404,0,,,
P27551,,,404,0,,,
P27582,,,404,0,,,
P27583,,,404,0,,,
P27641,,v6,200,0,29fa692c85285cf0256fa170e3355fe187785645c2b830400021a51176d4087b,,
P27966,,,404,0,,,
P28017,,v6,200,0,d7f02baf1da48a9dab5efff90ef2e0e7057f8e0bae394f33f5655e51de5f4050,,
P28270,,v6,200,0,ee1f0f1dcc65c7bfdc15bac653ad45df7d36da1f243552d918461e65e1e845be,,
P28378,,,404,0,,,
P28380,,,404,0,,,
P28390,,,404,0,,,
P28392,,,404,0,,,
P28409,,,404,0,,,
P28413,,,404,0,,,
P28419,,,404,0,,,
P28421,,,404,0,,,
P28429,,,404,0,,,
P28436,,,404,0,,,
P28438,,,404,0,,,
P28453,,,404,0,,,
P28459,,,404,0,,,
P28467,,,404,0,,,
P28624,,,404,0,,,
P28846,,,404,0,,,
P28847,,,404,0,,,
P28851,,,404,0,,,
P28852,,,404,0,,,
P28855,,,404,0,,,
P28892,,,404,0,,,
P28926,,,404,0,,,
P28966,,,404,0,,,
P29177,,,404,0,,,
P29188,,,404,0,,,
P29259,,,404,0,,,
P29260,,,404,0,,,
P29261,,,404,0,,,
P29262,,,404,0,,,
P29263,,,404,0,,,
P29264,,,404,0,,,
P29265,,,404,0,,,
P29458,,v6,200,0,e3c846b53ecc26f95a64c3ffa968a21e19626968c6174fc6a9a2c4937cd44f3d,,
P29562,,v6,200,0,8c8285ad03b83b4df95c26c8c3af492fd2ea21e5dc9ec3022ad07608f2248aee,,
P29605,,,404,0,,,
P29804,,v6,200,0,a2d6eb54c30285b29be9e75ba8dfcc37be4bc456bb024345f766f1ba2082ac65,,
P29814,,,404,0,,,
P29883,,,404,0,,,
P29884,,,404,0,,,
P29885,,,404,0,,,
P30007,,,404,0,,,
P30168,,,000,0,,,
P30169,,,404,0,,,
P30215,,,404,0,,,
P30662,,,404,0,,,
P30810,,,404,0,,,
P30837,,v6,200,0,4c78de28cf8213a57e76f3709764dc7f9721bb7e8e27eee48532c19ec165e3c1,,
P30918,,,404,0,,,
P30930,,,404,0,,,
P31017,,v6,200,0,2ecd4a7d51e38efef0fa22a59c0dd7e58a236f2ae2f4da1fca1179c7c5dee326,,
P31021,,v6,200,0,5788ea14edb8bbc89e30e99f37de221eb943ea87760b49f8e14b48732a0f9dec,,
P31051,,v6,200,0,b11b519f54ead5b4fcd5833ec1c40c841b0f34409699de1e179ec426ef5ac8a7,,
P31118,,,404,0,,,
P31180,,v6,200,0,5351763ce753f41a2205e4ed38dcaa56209203f949639173eb0357011766d160,,
P31181,,v6,200,0,638fcd60cb6525c2cbb0589b0256948a6e4a713a09b612a90cc61324f882c74e,,
P31182,,,404,0,,,
P31183,,,404,0,,,
P31184,,,404,0,,,
P31188,,v6,200,0,904f402e6ab54302a39ae60514e52833c13897801b1f8026996d797caf591bf9,,
P31190,,v6,200,0,66860943bf8676c63594c556c26f3bf0d692abc0cfc12c86ef2d905ef1b928f7,,
P31191,,v6,200,0,23f44abcb7de2e4368a8846de7178a1a61c18395d321f62159cee0354968c32a,,
P31192,,v6,200,0,5f2aa317bae576a3164dd7e60cdb22b72ed642387a38e30421dc3f86a051bc19,,
P31193,,v6,200,0,ae43c6a63d5425f13d5b26a3ec6a80cb92197f8a45979feb879058b86576d806,,
P31194,,v6,200,0,c75dcecac78b94f6052e96659472a810d5828b2f4ec4f3c2631d8d8d1c9ac58c,,
P31195,,v6,200,0,df2dfe4ce333b696d8425fe23a56d015c124681bd4d361f00647f916e864ba8c,,
P31196,,,404,0,,,
P31198,,v6,200,0,c85c9bb7b44ba8c8869ca8d07c66847b2a1ff8e7da310973750aad7084e9215f,,
P31199,,v6,200,0,cd929fe6921c56892ec8e1588fc1195d2e2d79f9475ba82cdc18ad791ddde7e2,,
P31200,,v6,200,0,b0f51002ced66754a8586b58687d13081546fc7bda0b98785c66e11cfd63a121,,
P31201,,,404,0,,,
P31202,,,404,0,,,
P31213,,v6,200,0,1b28306a4d1f303af62fd9ad5fd1efc5989a1d95fb089990ad19c34a2b6c5fdd,,
P31228,,v6,200,0,10c64df158e83228d908a368fb4c25bad100d1af5799c858b5aef81f9ac3b36f,,
P31545,,v6,200,0,97f55f54acd4eec23f8b437a3f13f0037213725b9ad8a2d182a728f9ae6308da,,
P31613,,,404,0,,,
P31614,,,404,0,,,
P31615,,,404,0,,,
P31625,,,404,0,,,
P31654,,,404,0,,,
P31693,,,404,0,,,
P31748,,,404,0,,,
P31859,,,404,0,,,
P31874,,v6,200,0,da2b3506347989c1520b8b60477a006974d92beab78b901ebdf47c7b2d462e9d,,
P32094,,,404,0,,,
P32129,,v6,200,0,0d035d25306ffffdfc7069967cfd7c4737223be317688c10660d57f72a9856be,,
P32157,,v6,200,0,d4a7c59a6b7f63eb514ee4405f2bb5a39b90b1dc2cdb14c3936b53f92b5c5096,,
P32185,,v6,200,0,9eede7429c715a277c4ead8d9c88141586ad17868c90a21aec6079d168549a5e,,
P32208,,,404,0,,,
P32209,,,404,0,,,
P32216,,,404,0,,,
P32270,,,404,0,,,
P32282,,,404,0,,,
P32396,,v6,200,0,d75e900c215360be0b27664f3a712540943a32a6bb5de9128d0cdbf0ae060c64,,
P32428,,,404,0,,,
P32441,,v6,200,0,e031bca035829063dc39ce418c6eec24990b38b82490e593bdc075f1d15f6b7e,,
P32516,,,404,0,,,
P32593,,,404,0,,,
P32754,,v6,200,0,8768a464c8f87222c11873c713fa4b911be74f2bea954c87305d6ace846003bc,,
P32791,,v6,200,0,12513b4f5bfb279b376a6c48c0037f102513a0d4b995ee1007297d39449a87dd,,
P32933,,,404,0,,,
P32934,,,404,0,,,
P32935,,,404,0,,,
P33036,,v6,200,0,081b5863ca7b14daa5edc99da9a717953c976330846f5f4588940a74ac201eae,,
P33052,,,404,0,,,
P33072,,,404,0,,,
P33163,,v6,200,0,2d10eda7b3871f0af6e4ccbbfd54c79103c193159fa61b42e94f3832c235f248,,
P33168,,v6,200,0,8427c66a9bfbc87a263fa270619516c1e92a7b7d26c73d20e32506142c0d04ba,,
P33261,,v6,200,0,23916edbff01902abf3d2cb3f0dc639cc56733790927d6cce9ba671953c9a9b7,,
P33422,,,404,0,,,
P33468,,,404,0,,,
P33497,,,404,0,,,
P33623,,,404,0,,,
P33626,,v6,200,0,414033498f09157c2bf660165ea1f769ce9629cadcd2910dc05a3ba636536c63,,
P33800,,,404,0,,,
P33801,,,404,0,,,
P33802,,,404,0,,,
P33815,,,404,0,,,
P34033,,v6,200,0,a468eadf78d92470244ccb143c94217a8e18687bd2f20162e21d4b8b84dbd878,,
P34039,,,404,0,,,
P34206,,,404,0,,,
P34331,,v6,200,0,3e38e1f6c36c2b8f69b1b7d93f7142a86fa0912d621fc7f0ba8979fe04733dea,,
P35021,,v6,200,0,eb05d2c64376a487956015e2c55a60210d3fc3b61f88ae0b1f0b8d200cdd1b58,,
P35276,,v6,200,0,5a762b572f6c52ef0a1020625a5c957105a5889efd74a9402069df5dc46d8d0f,,
P35282,,v6,200,0,f7f1038c2896c6cb54fbebb70579f1f028e7c5abebffc678152bcda4c6dfcf85,,
P35285,,v6,200,0,556dc5087f57da6718a50a3e25da9b17d674cdd4c0760653cbb838d39b419ab6,,
P35289,,v6,200,0,5e3a1ea154cdeaeeb6ae486d3c72a7178cb2479f912e7ac9ca0fe5adc03889bc,,
P35290,,v6,200,0,ed0c0628084170b44b436a255424e10964b618296d89a649f6421fa116dc19ef,,
P35292,,v6,200,0,84764175697f9560fbe8bb6db94141acf17b1c6d150acf6b8cf2dba792fc17bb,,
P35293,,v6,200,0,425c94b2970196545f800d8472d58b2a16dac9fb61e8c8ced0dcd688ce43f0b0,,
P35295,,v6,200,0,afe520da3b4a13ab033fa270c5278a99f2c8942987536f0c990b5e454700f0fc,,
P35430,,v6,200,0,47ef4cabde586cc84000dacb5d6aa0c9af94ab14c0ccd34ae3bd6845cb107cc8,,
P35630,,v6,200,0,d41000c3a89a8927db30d9045d7b786b0f6659ac172ba99f32d73883d3a2c278,,
P35744,,v6,200,0,3badc553d76a3733f063e198df3127735bdc218267bc4b35b317c8aeba734bf2,,
P35851,,v6,200,0,47db62ef491b02f9943c92c71c0d120ed5173b01de344e501805c420bf0749e4,,
P35902,,v6,200,0,2fd598e84466256914f0487ae03271e21322335784e7ae80f4ef518df7c76064,,
P35946,,,404,0,,,
P36216,,,404,0,,,
P36226,,,404,0,,,
P36232,,,404,0,,,
P36311,,,404,0,,,
P36479,,,404,0,,,
P36480,,,404,0,,,
P36483,,,404,0,,,
P36484,,,404,0,,,
P36485,,,404,0,,,
P36487,,,404,0,,,
P36488,,,404,0,,,
P36489,,,404,0,,,
P36490,,,404,0,,,
P36510,,,404,0,,,
P36639,,v6,200,0,fe8848979a53052bbb8145a26fc39e9e3516c0b45a11a8c2a3032fe70e0a668f,,
P36686,,v6,200,0,e82b3d445e400f1bd3e6d8ef6742ee6a1bace3220e7a8fe6e552af7d93c10b41,,
P36719,,,404,0,,,
P36720,,,404,0,,,
P36721,,,404,0,,,
P36722,,,404,0,,,
P36723,,,404,0,,,
P36724,,,404,0,,,
P36725,,,404,0,,,
P36727,,,404,0,,,
P36728,,,404,0,,,
P36729,,,404,0,,,
P36730,,,404,0,,,
P36968,,,404,0,,,
P36969,,,404,0,,,
P36970,,,404,0,,,
P37141,,,404,0,,,
P37188,,v6,200,0,755c7db0a738a94533eada6bc254d3b74e51e9d62518662f74eeb7f9014e0431,,
P37213,,v6,200,0,aeb8d45c92f69400734584ac80cfe364b290ca5d456d624082507f961fcc1702,,
P37356,,,404,0,,,
P37365,,,404,0,,,
P37987,,,404,0,,,
P38646,,v6,200,0,26100170d1630f1969b537c45357f20ebeee5b8186e34785af97aad0b326677c,,
P38919,,v6,200,0,f10a1ec360f74a2bf2301056dec49c43de8bbded5221944714d2acd4b2b3abb1,,
P38935,,v6,200,0,310e05307f44447bb1c5354b90fb532fba9c65b9a5284527343a200b9c2034e3,,
P39262,,,404,0,,,
P39421,,,404,0,,,
P39423,,,404,0,,,
P39475,,v6,200,0,45dd5f8936648d9d8ea634a5ef9b008e327799f659f4cb28fe58abaf160b9fa9,,
P39746,,v6,200,0,9ac4939426c2ae49e81e5b7988d8651f42a64082256ba92c439ac062da9be1be,,
P39888,,v6,200,0,f59ed5717e03fec16c0ecd608e50c949fe4bf023df2bf9cfd0362b88337c114f,,
P39915,,,404,0,,,
P40227,,v6,200,0,db1f1440fbbc455e1fb134a9ec3fe88f61989516bc182f436a366527edee9a09,,
P40516,,v6,200,0,cc0cd54d39771dd5ef58b0b44fc83a197e260c665b2d9ee74c429b91268f8b3d,,
P40562,,v6,200,0,723ba5bf2cec844669384c071416146603b8db0494e8f3f7a85bad9d022d8e64,,
P41021,,v6,200,0,16f0f6532c3f971c978347aa33c4c43e938b6d36f17bd5122df7e4ff3f99d23e,,
P41022,,v6,200,0,9e7402e696faa9f0ed6e792fa5beea7eb93bdb72cbafabcc6004093d802c1fe6,,
P41124,,v6,200,0,a43e025ccc9bb990fa8b099570460f5ba4d90dcd714b5c13a9681700e61c0166,,
P41148,,v6,200,0,1b9f2d50e17efe14ddc2d87f9310926a18a034dfab9e0fc187c00f62e3f4b907,,
P41389,,v6,200,0,1f9f19fac7b4a31f99c6a3cd3b8a5c9d1f58b3247b1f1688d3acfb4340a29d0c,,
P41397,,v6,200,0,468209ca140a1c32408c5268ad9655042d613a75703181567f25620c0cfa1f66,,
P41415,,,404,0,,,
P41469,,,404,0,,,
P41476,,,404,0,,,
P41477,,,404,0,,,
P41480,,,404,0,,,
P41676,,,404,0,,,
P41719,,,404,0,,,
P41720,,,404,0,,,
P42215,,v6,200,0,cca8aa6204bf576771da452c965fbf35117ec299ccd2d06020c0702a54a91a9d,,
P42365,,v6,200,0,8b988865142fd9b2bd59d16e2a2aad539a69695ccb3ac3d423cc9ab719366b09,,
P42490,,,404,0,,,
P42491,,,404,0,,,
P42492,,,404,0,,,
P42493,,,404,0,,,
P42709,,v6,200,0,97d134965e9a83b148011f6ab89a87e9880089f28fa663a7532c922e75e15335,,
P42875,,v6,200,0,915ed8997c5edfba321adde28243d20b6c93c73cd33094ede8f01aa88b4e9389,,
P42886,,v6,200,0,35cf6c5a1b885a4e789086a818905ed0e8aa2ea1664fc7a912415116c9668639,,
P42887,,v6,200,0,a1df565e57309aceacdffdbfa9a309eeba20f72481b33d1f5f78fac7f4978fe8,,
P43251,,v6,200,0,d2a1044b2d0c9fafe8d08f6c0154236d3b83c92b94f36accb7937a2dbf319d30,,
P43318,,v6,200,0,5100438db05e155efa71739449806127d5a78a71f22c7765b6fe7bc2ec11fe05,,
P43806,,,404,0,,,
P43836,,,404,0,,,
P43892,,,404,0,,,
P43911,,,404,0,,,
P44197,,,404,0,,,
P44255,,v6,200,0,88237251996a663d553afa81eaacf592b5a33c501c1faa4824fb9b04e74eebd1,,
P44393,,v6,200,0,4551dd85729a0f435097eea1b5c125620e32e8c8d1a2105eaccd34a0430b1a3c,,
P44431,,,404,0,,,
P44479,,v6,200,0,fe9c81d5f396a791c6fd93efc4ba4622cf55850aac4fe87f0bc13ed78d7b38c4,,
P44534,,,404,0,,,
P44785,,,404,0,,,
P45120,,,404,0,,,
P45388,,v6,200,0,d7e50ee7dc32ac140cd795d40292e434ddaba22b4673a3033a90b5dca7c0a2aa,,
P45475,,v6,200,0,7e725134928bb5c909145f8affde760de46538af1c792e84976432209d282f62,,
P45527,,v6,200,0,ca1286bdf52d5b1ca0f2e7c7dba64b6874e0ad585485ba760f907e32aa165cb3,,
P45845,,,404,0,,,
P46063,,v6,200,0,999175d92ea2b728128a463997c930033183f31828353810d4033731167f5ec8,,
P46364,,,404,0,,,
P46365,,v6,200,0,205a9ac532a8fb5c9df3729be977eaf62b26ad4043638bc80a19a3f8889cdd17,,
P46366,,,404,0,,,
P46380,,v6,200,0,7ef3973f23a14a043e1d61ccaa5add2511637e65356281a94456b67a560ff2c3,,
P46412,,,404,0,,,
P46461,,v6,200,0,52efbf3ecd951348e6a413d566bffe4881d6e8e7cf5a426e12a7ae243bf0a998,,
P46462,,v6,200,0,3c95016dba7a2ca6527a4402bd7eb659157223b2572a47be51c4f2fc12180ca6,,
P46467,,v6,200,0,04a0abcde9562dbf668810c120fb968a44506aa6e64b4850922eb37047cf92c0,,
P46796,,,404,0,,,
P47724,,v6,200,0,207541a2f9cb374d530950d96ad99e1661f4a590e96692f395b97dbfb968296f,,
P47981,,v6,200,0,e36af146bb0a10d1de23643ddfb336a769e0e1f81fb1374729738c495c98ac5f,,
P47985,,v6,200,0,364739bfb25cc7526b62259b3256859239b7a342e828659bceafe269c6687366,,
P48063,,v6,200,0,1c242f5b3eb48d49b151c3a8adf091efbf629a57c9d06b66631be46d1fd9c308,,
P48073,,,404,0,,,
P48074,,,404,0,,,
P48429,,,404,0,,,
P48438,,,404,0,,,
P48689,,,404,0,,,
P48691,,,404,0,,,
P48699,,,404,0,,,
P48712,,,404,0,,,
P49172,,v6,200,0,31978e2e914219e9210f970591c66baeb0f573977437cd993c97f75643650f89,,
P49328,,v6,200,0,019800a42f7516560e21a3dd218ded5a9c2ffa7dd94d9fcc284f45cdce137f4b,,
P49577,,v6,200,0,7228bc8c263581442f146d4671ef97a06f61b185c6e1b294d8054fd907a45540,,
P49602,,v6,200,0,3783f2622fafc15dda89ebb997ecccb0a507ef2a6fd8c2f34c08ffe845395631,,
P49761,,v6,200,0,ec0e34ab9ea0832c143d2a0e5e7de955b49a2bfc0e71b90d8644e85bb2e25bc2,,
P49823,,,404,0,,,
P49894,,,404,0,,,
P49895,,,404,0,,,
P49896,,,404,0,,,
P49897,,,404,0,,,
P49898,,,404,0,,,
P49899,,,404,0,,,
P50371,,v6,200,0,f4991e0e767b44fd78e3585b3f687ad52a7ff61b5f9fa9de3191c5f27c732941,,
P50375,,v6,200,0,480761893a5898c1da6351f3ba4e2b892d9459f56c5e836e280b46f49ea33ef4,,
P50547,,v6,200,0,8c6358b898edbf2f3578577dbae28797d008f05c38e7ebf5f0538dd0ea6ddc1b,,
P50642,,,404,0,,,
P50643,,,404,0,,,
P50644,,,404,0,,,
P50645,,,404,0,,,
P50646,,,404,0,,,
P50758,,,404,0,,,
P50759,,,404,0,,,
P50760,,,404,0,,,
P50761,,,404,0,,,
P50762,,,404,0,,,
P50763,,,404,0,,,
P50764,,,404,0,,,
P50765,,,404,0,,,
P50808,,,404,0,,,
P50859,,v6,200,0,926f1f6b2e505774b4ecc19d7e3351735b95bfd9dcafecde5c6fd9e36781bb02,,
P50972,,,404,0,,,
P50991,,v6,200,0,cc9bc131e448c2d9e6bb2ace654717bcbbb1bbdfd7daee59df2c127e5c6ad0d1,,
P51101,,,404,0,,,
P51154,,v6,200,0,03811a4e9b54064353b1304e7abc10a8da172c4bef8306518d4786928a2a7537,,
P51156,,v6,200,0,0370d1794345bdb064a10389ef571c625937b3305fa94ef87fdb50fc896c5863,,
P51518,,,404,0,,,
P51552,,,404,0,,,
P51715,,,404,0,,,
P51894,,,404,0,,,
P51994,,,404,0,,,
P52201,,v6,200,0,a9294f000d22da149876ef09d28f82a7f339dbbd71b9a092d057104bb789a4d1,,
P52216,,,404,0,,,
P52217,,,404,0,,,
P52284,,,404,0,,,
P52341,,,404,0,,,
P52502,,,404,0,,,
P52541,,,404,0,,,
P52552,,,404,0,,,
P52649,,v6,200,0,09ea2010ba76e4d9e6a8cb8059455a0cc139766210c755daeac8653677ee4351,,
P52682,,v6,200,0,9383a6695cf4fd60ef009f7f902d4f1ea251ac742e8b7e7268a7383a58ea9a9e,,
P52844,,v6,200,0,a5c0d05a5f40172be1d0082c793ff7f73b7589e4eacc9c0fb2e14d1284041de7,,
P53451,,v6,200,0,e6d2ecc807d6f50302e34b081943c65584de54a9e18433e45416dfb409551236,,
P53700,,v6,200,0,f30855a381da8113cd9fa9d8b9b8c02655e040be9c04809086c046eb3af180f4,,
P53746,,v6,200,0,f029619361396b0218088f505582fbfe550fdd56e9e24c21ab61917c455c965f,,
P54092,,,404,0,,,
P54093,,,404,0,,,
P54279,,v6,200,0,8d2b12e00db66dd0860f94d98706f41cf2c350eb0c344fe2838ca8861666790a,,
P54351,,v6,200,0,dd031ef96dc7de65042614fe8c4da02be70dfe8b13083467d46190d8f714ef14,,
P54452,,v6,200,0,fec17d5feaa88306e0df9c930791d514d4c643c24573e7441684ec99d60b9cab,,
P54621,,v6,200,0,0d2b992f359496a6af27a70ad30549d2d96bf6407fe95aecd39668471199a8b4,,
P54827,,v6,200,0,fcbe1e0c54f26ae2a9e3f92c87c898d5d3310b0d035eb7f61014a7424239493f,,
P54835,,,404,0,,,
P54836,,,404,0,,,
P55072,,v6,200,0,ab6e263d116bbe487d9322e62a17c1b2afdcb4ff62ddf6fc7a1df9536d1b6b5d,,
P55073,,,404,0,,,
P55173,,,404,0,,,
P55235,,,404,0,,,
P55236,,v6,200,0,8a9ace014986340b96528f6b9a9e2592b9682b2e976cff7da2d6288f94a418af,,
P55262,,v6,200,0,ecf4f2fbf196429cf7fdac6cae4497d5852c9cd4082d120189bad9e88953cc60,,
P55734,,v6,200,0,a2c4e9362393b97e2ecaf5394596e47634ab7b995406603a265c63d99f456ef3,,
P55736,,v6,200,0,c105d398b9e9aac29f5fc70459d9d75da359f52b13f69055e6e7435c65c0810a,,
P55739,,v6,200,0,c8885fd508cad2feac336972497e8e16fdba3157f6a00f24f972a39c36181d43,,
P55745,,v6,200,0,4377e792104043212040394999f4315ab5e442f556ec33316ee6626e13023ca2,,
P55793,,v6,200,0,e427002909e1e01b14ad89ab58c959cf3e2c76012d683727d8391ce95dd22026,,
P55804,,,404,0,,,
P55823,,v6,200,0,49b9e5476dedaf9271f450228ddc9c9ec550ab96059a97883a320a8d15891424,,
P56471,,v6,200,0,6735d2316d6026d14e3bc3fec6bfa0f8ad671074010b7ded192f5e1459ab1051,,
P56536,,v6,200,0,8f55a57f696c8d81f7a81b20bfc716d85b88ec33f55cfea41213be30f469d245,,
P56544,,v6,200,0,406949286848ae1b72fb835517507c5a83e3f7e5da1fe2688178ee279583c400,,
P56591,,,404,0,,,
P56870,,,404,0,,,
P58101,,v6,200,0,0083e2941a49e6e6f2c97c58cb3b0a8485e2b36e7066116cec0069c16a75632f,,
P58650,,v6,200,0,a2eac4649cdea4bb94d7749a3b8cc1414504442c5b70a49f0607c397e9cc6c0d,,
P58763,,,404,0,,,
P58817,,v6,200,0,6a4ddccf2c2491049571b7596bf673a50a6c20d513c3aa6f2b0a6fa59e90e5e4,,
P58834,,v6,200,0,43fede23c1da2689ad2b46c3253d73a2d5c24d275ef0bfd1386381b9794c3eb9,,
P58865,,,404,0,,,
P58866,,,404,0,,,
P58898,,,404,0,,,
P58945,,,404,0,,,
P58969,,,404,0,,,
P58970,,,404,0,,,
P58971,,,404,0,,,
P58972,,,404,0,,,
P58973,,,404,0,,,
P58974,,,404,0,,,
P59066,,v6,200,0,32c7ee6a815d8a4330c6780c83ae19954f6f6b69274e1894298265d7d6b6d55a,,
P59190,,v6,200,0,880dc6a530bd101b876eadb523cf484ef8b5a687aca9ba7ddfff0de6da838e14,,
P59677,,,404,0,,,
P59678,,v6,200,0,3c59e2faff91671e8f7c626acdd7275d6ff7e54d29ae8b658af480575d74a07a,,
P59709,,,404,0,,,
P59710,,,404,0,,,
P59711,,,404,0,,,
P59796,,,404,0,,,
P60338,,v6,200,0,b167aa7f417f4849ff3e1094dc7472bd3d7ffdadb07a042fd6231b8747e298c2,,
P60819,,,404,0,,,
P60820,,,404,0,,,
P61028,,v6,200,0,3605a9c2c6be41b52561f9e9261c7cd81f4a2c2472e564ab537870b23dac4725,,
P61154,,,404,0,,,
P61248,,v6,200,0,ec7ddce12be48ec8dac6b5b7f45d118b1275ade510e7bc1f5a54b6918273c3b8,,
P61250,,v6,200,0,1ac46fa0df9391bf99a287cb44107f00f0c097d3d37f04cedeb61f35cbcc1c09,,
P61733,,v6,200,0,c8281771c803138b4f93c5a02d564f4770baf190a4d06456b1fdd36626cd6f52,,
P61734,,v6,200,0,17cde8184f274ff343b01bb03a9108fc299938e53da1df3064857af94fe22ad5,,
P61781,,v6,200,0,8eea3da57d886175af97c6c6fa66d48c747fd04bb320cba9c47fe6f191bb4e04,,
P61816,,v6,200,0,32f62c74d225554b9d439dedd3abde87c59711ec6738b37606383cf136badef7,,
P62019,,v6,200,0,b0cf3a1d9b5cfe9a2e539538181a848a75d7a045b185eb3ac0ce080629e645f1,,
P62341,,,404,0,,,
P62342,,,404,0,,,
P62463,,,404,0,,,
P63185,,,404,0,,,
P63951,,v6,200,0,46efe79758f2e41ac303e2176251e7cb650372de61dc4fddabbf8ab82f5843bf,,
P64007,,v6,200,0,0ef95722fa0dd22ef6449bffc8e351ef083554f7a499109e4f7ea81cc221e6b6,,
P64124,,v6,200,0,9919ac57005a075cff490d6c5032ea56e28f4b802322d1852cb0882e688bd05e,,
P64125,,v6,200,0,0d99486f08ff047b207b275a686fab436279123e35ec97f8d6e1838fc2fc12fe,,
P64126,,v6,200,0,15115af29864246cedb7b877e37204a11f9d4a232afb90dc4a55edbc6dab1355,,
P65179,,v6,200,0,b5e3496fbe1e94a60128aea118fd18ebe04fa4bea7a006bb646a8989db6d2bc1,,
P65280,,v6,200,0,52391a3fdbf2c00d400cab63c2dc919bc0ea207b1407604ae29b5c9f20ca0ea2,,
P66914,,v6,200,0,5cf5936f8b82a33f13814021fb5368b39a888e0c9b70df3a1e4fde6313700224,,
P66985,,v6,200,0,d8542d15c7680c69f99644ca4299bfa8524aac320170524ed468b7f205497096,,
P67045,,v6,200,0,c7dcf4a5d5482e50d3a580c44a54c4b000e6a08d2d27477f38684d2e43403bcc,,
P67406,,v6,200,0,9ec8e1841d9c531c400a0fee797368d2ae47d74f59a8aa83620144e11e22574d,,
P67407,,v6,200,0,56160a0e516cf5e6885a38d2c51cd1ed340ac8789339fad284f56966d34ecce8,,
P67718,,v6,200,0,4c7925713b24ea2fe54cf6c14c0bb3e3cfe00375a6c27eda9c4eafa928de82dd,,
P67719,,v6,200,0,60ff852d0900dde2ec1d63e710c271c4b5529e53a2e5a3a8b35d785c74f25b8d,,
P67720,,v6,200,0,970dfb435d5bf57e9ca1b2f0353ab2da1e40d274cbac7c171fc0c8c0a2cca29e,,
P68544,,,404,0,,,
P68545,,,404,0,,,
P68563,,,404,0,,,
P68564,,,404,0,,,
P68586,,,404,0,,,
P68634,,,404,0,,,
P68635,,,404,0,,,
P68693,,,404,0,,,
P68761,,,404,0,,,
P68762,,,404,0,,,
P68807,,v6,200,0,db6a9af488a69924ec15e1471e74bec169b7b5a5571ca616e485d024a12a8e21,,
P68808,,v6,200,0,be7e4590be0813e651e7aba14495ed484e4aeef6f27d9a9fca8282a5d6e090fb,,
P68809,,v6,200,0,208e97219f4ab78bddc1bf75780141a4dde948a3cdd17806edfabcfe3e500bc8,,
P68810,,v6,200,0,ac491cc6fbceeda18b81b28a0106ddf259e98890756507a440569b68ea0e7495,,
P69185,,,404,0,,,
P69186,,,404,0,,,
P69484,,,404,0,,,
P69485,,,404,0,,,
P69520,,,404,0,,,
P69521,,,404,0,,,
P69568,,v6,200,0,247d188667afa22f703ded166ed2ca66ed9b53345113f7e17f29c15331d0ea47,,
P69569,,v6,200,0,0544e5ab55e37ee7399eeaf63c5db7ae5a0b93e973f7e6be52865d74c948e87d,,
P69795,,v6,200,0,17341d0e9615dd961e9453e8ebe294bf22c6e0218774d5f833e3b7683b88df96,,
P69796,,v6,200,0,3bb4a6574d5cd843b16175529a57798cc96baf294e4b241cfed84f50af8d896c,,
P69808,,v6,200,0,97e83c302911e6f0e8c4d120d51e43682f3dcc33058acfdf727925e97273f27c,,
P69816,,v6,200,0,25ecb45fa9eebd24cb81aaa94443b9562bfa05bd1aa6f2b5e15ccc1cf15b63dc,,
P69817,,v6,200,0,944737189837fbc99d026822e98c49b70b5bd71fa5f35f44a72ea82f6c65347b,,
P69818,,v6,200,0,9f6dcfd918b357de5d47b7a2edce9e82c802ae1ea84a3671062394ceb1a0bdac,,
P69819,,v6,200,0,9c1cb36bd5e12fc629b25d8198aab8f86c4cf0df1b931f29c08bc428b4d0d158,,
P69822,,v6,200,0,146cff31f08ab8c2c9cfb2e686bbae986cac48c86ec159a2ec8a3f7b40ad7f82,,
P69823,,v6,200,0,a805e9a547b6947d477f6de0af0aaa1191a4d5b7824b75803e212a09ffaa88cc,,
P69830,,v6,200,0,a3bf64acf2189c5419eb53b249339ca06b2d8e272e915e60ff490be94cc25dbe,,
P70486,,v6,200,0,fef5bdad668b6ad18380238da781a6f2d5afc51da69c0ad547e0afeb3aae4d0c,,
P70550,,v6,200,0,cd5838116065cf1ba8d7858785ba14df225cb2ad39a3fe264a0b63c4a9442d58,,
P70551,,,404,0,,,
P70994,,v6,200,0,a089d395bbf3df15b83adf1895a3947d133aa749bef3d777b4b8650db9a4f180,,
P71035,,v6,200,0,9084fc13c90f8702f8d6f956c5bb7c56949629a05eb573186720cc5c59405200,,
P71366,,v6,200,0,6cafe7d7f9242fece1677cb65833006dbf97173fffe4f2ba22bb0cbd2229307e,,
P71384,,,404,0,,,
P72216,,v6,200,0,e2a896bd47eb16f84807e9f27ccea5bba67dedbe705ff26873993cafcc8712c2,,
P72581,,,404,0,,,
P73790,,v6,200,0,9ba1baa3aac58a8897797f80a51217c344e1f79faebf76116a055d596f371a15,,
P73796,,v6,200,0,521f6f87f6e79469101db2b49409f307635197a630d572381969a22941d74071,,
P74386,,v6,200,0,f89096998a27312f99cfdfe0dd590ce058122d1d11914d55ec188a0574851b66,,
P75146,,,404,0,,,
P76091,,v6,200,0,8e933376548ea4c045ae1a964170f5492ca84ca8c57a81e67c1887d12797f5f1,,
P76234,,v6,200,0,40fb350bbedc0f277f8c9022342aa64079eee0190d6946736145cc4dc8840f9c,,
P76938,,v6,200,0,1610a1aae0d210490fb795c1663ecf1cbe76f2d169a6a4f329926879104451f3,,
P77493,,v6,200,0,4b1b5ef1241b53c7aa640f5ee93b0ff7884953f4213f9a4bf2d3b6e524b42ffd,,
P77704,,v6,200,0,37590ae755c3b0474f24351ac4533fe893c6a14339ec41046214e770d8789fc8,,
P77868,,,404,0,,,
P77908,,,404,0,,,
P78537,,v6,200,0,65e220cb97c8c38a76676736c1801fc45682729d36a84125915cf513b9329840,,
P78549,,v6,200,0,e7a8076bb7569139cb5f26f84f446261b1d7135a2d14864dab90f25ee87ff0b3,,
P79280,,v6,200,0,2963b7f1dc7add699649217b0d25b231200ade6cb5754865edd634fbc3bdf753,,
P79303,,,404,0,,,
P79691,,v6,200,0,2c2fd854b96b21c2696aa0224d29e5821e0b09fa789329d98dfe245eb49958cb,,
P79747,,,404,0,,,
P80008,,v6,200,0,80e19967dedfceb4eb757c5f8fb25f166e608b3b95216e6d13ab141b51e38d70,,
P80037,,,404,0,,,
P80048,,,404,0,,,
P80055,,v6,200,0,d95d7e078c9a4e047cc39b90cd8f574226ee8716ac0a4a0e2377a58fcbc4ccf5,,
P80056,,v6,200,0,82b372260ce287b6fe658cacccd13c47d06a3ec4031ab431efaac4eb5406f93b,,
P80081,,,404,0,,,
P80083,,,404,0,,,
P80212,,,404,0,,,
P80213,,,404,0,,,
P80225,,,404,0,,,
P80227,,v6,200,0,b01b0e95e23ed053fa09c63358ce06194882bfa85cbd18e630dfbd581a9e5254,,
P80250,,v6,200,0,2ede1bfb9f0d047386c98c4871011e95c7053041f70de90a93745417d72ad1ce,,
P80315,,v6,200,0,dd71b70b39b5b076d43735c856b1733c75a7398df3b44aa5bc38f6db1e67800f,,
P80317,,v6,200,0,dbe0da58fc5938a3fb0f473540122ef8e1535bbda8ae8f06a6ec67d4b5ea61ed,,
P80435,,v6,200,0,cac6cb7e2e5616b63d0f06cef4df20852376ec24f32c84857aa6b7d61809888f,,
P80459,,,404,0,,,
P80464,,,404,0,,,
P80465,,,404,0,,,
P80466,,,404,0,,,
P80472,,v6,200,0,f6df6da291498fa93b729657c7d8689612e8e354e1b32be01a682c77a31660ab,,
P80503,,,404,0,,,
P80525,,,404,0,,,
P80537,,v6,200,0,1a1bd95485fedb03e2f6de933b1a130ceae3f95f84e603bf4c042b75a6d20000,,
P80538,,v6,200,0,8c9ceeb372afadd3c4e84927534cece45744feab153af87062960481286b1968,,
P80539,,,404,0,,,
P80540,,,404,0,,,
P80542,,,404,0,,,
P80543,,,404,0,,,
P80550,,,404,0,,,
P80575,,v6,200,0,ac26674055b7c5067e54d1e4ff1d9b2e70cc525bce105db2ab5d876c407bc0fd,,
P80616,,,404,0,,,
P80619,,,404,0,,,
P80652,,,404,0,,,
P80654,,v6,200,0,3c23ee33afc12a839d399019b05bf2192344bd714915e93d278d745c7f7f8b17,,
P80656,,v6,200,0,17b81af75289cff3e92e7b110c6593761cfebdf0870a5cbd8d2bb10cb63e498c,,
P80659,,,404,0,,,
P80701,,,404,0,,,
P80704,,v6,200,0,0e55ffa7bbdb55cdb389d6626de9be6ae99d97d5ea74a1289c4a009e32b35ea4,,
P80705,,v6,200,0,d63e77dafcb79f76f697e491082d04331b77b04dcd809252a55531ba5c3f2e18,,
P80924,,v6,200,0,404d28c35375cd3a5d7615e6902b77e21690a49e1e022fe06517a8259fb8b7a6,,
P80994,,,404,0,,,
P81011,,,404,0,,,
P81012,,,404,0,,,
P81072,,v6,200,0,7a8de2a46e969d375f4aa44647eb24c94d6c5bd27a3177ed20fffd4c734ca269,,
P81073,,v6,200,0,8ee4c67dcf8f2da6ba6df30194d16391efd52de9e22597d3b83438a3e396d9f7,,
P81080,,v6,200,0,5a52d1da502d5827b2bacea5444ca8065cf497e6080e736ad73d331a5c7db07f,,
P81081,,v6,200,0,32648efae87f371705a29360c4766157449aef03ca555640060ef7b809b2aefb,,
P81087,,v6,200,0,b519bc1243612e4d40f0196e4c7502a2a3c01858308c51d8654537c0aeff3910,,
P81098,,,404,0,,,
P81107,,,404,0,,,
P81123,,,404,0,,,
P81156,,v6,200,0,75a22a93f9f7ced3b78bddd9bba10168ae3c763c9606692dbd0e499150839739,,
P81173,,,404,0,,,
P81174,,,404,0,,,
P81185,,,404,0,,,
P81336,,v6,200,0,7aca8b39d46cd4b85414621c5eb7fb75a336dd7397babfad47d803dcbdd7e7fc,,
P81337,,,404,0,,,
P81340,,,404,0,,,
P81343,,v6,200,0,044e863fad2b453404f69630e30cc83460177184df4e7ef7923386a98c3d10ae,,
P81344,,,404,0,,,
P81346,,,404,0,,,
P81347,,,404,0,,,
P81348,,,404,0,,,
P81356,,,404,0,,,
P81357,,,404,0,,,
P81361,,v6,200,0,34532d6c7a82ffcb69909c0a4c25dc9844ddda4e512cf56f91c0e6e01ac7431f,,
P81419,,v6,200,0,ccd43b185849f1ca0f6a3ee22947e00d22f9206cbd6809bdc79345fdbcbbb16a,,
P81420,,,404,0,,,
P81421,,v6,200,0,824f1e2720543e1cffc891b838e8eb8cc19deb504663e905fdca06971adecc6c,,
P81422,,v6,200,0,baed9c24b31099bf05d7d8db1389652e82411c434174610b610164a1f444bbb0,,
P81440,,v6,200,0,6f31aae7c0afc9812cf85022284e71fe520bb88d9c6e18a1376f3bbc2897bc3f,,
P81593,,v6,200,0,e418ba470c9b8a41b8dc81b7d7349b7f47378a72a2cdb26a916b942aff26b8ab,,
P81643,,,404,0,,,
P81663,,,404,0,,,
P81664,,v6,200,0,df1d23c63b9aab269ab9f1592a10d6c688b1fb657eae266987b17ef7ca0968d1,,
P81666,,v6,200,0,7c264d66920ea2cdf9b8c517857761c14cc97be053b2e7362277212dc5a6f6e4,,
P81747,,v6,200,0,34bd472170b4a99884519ec4ec187e5cde25aa9b8a709734d1a7f31fd4026011,,
P81786,,v6,200,0,0ce298737250fdc26d96ce8863621153553e7b5dbe6279a52ae550094f811296,,
P81895,,,404,0,,,
P81896,,,404,0,,,
P82607,,,404,0,,,
P82608,,,404,0,,,
P82609,,,404,0,,,
P82678,,v6,200,0,521fd144a02e75d353cb1371329165affa494035f542c3d9d150d26f1af73738,,
P82679,,,404,0,,,
P82680,,v6,200,0,ec3fcf2b31ebe2c610256e8fcdb8836c5003a8d1906ccbcf7120f5aab0ee6ee8,,
P82809,,,404,0,,,
P82810,,,404,0,,,
P82816,,,404,0,,,
P82858,,,404,0,,,
P82893,,,404,0,,,
P82895,,v6,200,0,d5a6cfa17707f9731aeb732c70a99c82d0520b5cc2077f9cd1676ed109404286,,
P82922,,v6,200,0,38affe32d13281b77379040f4a5fe6c8d0fa092ce24f04e0dabc4a144e09c28d,,
P82954,,v6,200,0,a515856b09204ca493db65e801be6e4df6ded17d12e53e017975785972f10f20,,
P82996,,,404,0,,,
P82997,,v6,200,0,97a11979376adcfd28854e0552223c5be25e5a017dc076b8f646cc1fa8ee39fe,,
P82999,,,404,0,,,
P83000,,,404,0,,,
P83001,,v6,200,0,7d704b004e35b339427600e4974ab9d3440a475b8950e985fe1447132edf638b,,
P83049,,,404,0,,,
P83075,,v6,200,0,295b0ddc776cadcc4bed2b6363a1a3b3ee28570922ce7a9dd5cac8dd0c8d5e84,,
P83077,,,404,0,,,
P83115,,v6,200,0,229b41849f8094399b8ebf7233c5e539b35b21630c9e739622c47fd56739d85d,,
P83116,,v6,200,0,66aea6fca698c950bc7fbf9276eb3af6afb9c42d22fca8c76c9bea64487bc38e,,
P83117,,v6,200,0,6b4225f042f48364bc39b56f3c8ee4c7b5b6b47af4105f4cfa1959d307995a2e,,
P83127,,,404,0,,,
P83155,,v6,200,0,cc614ea77e05fe39764f40490b52528a09902cc57312171fda8a1fa24e2791de,,
P83200,,,404,0,,,
P83246,,,404,0,,,
P83329,,,404,0,,,
P83373,,,404,0,,,
P83402,,v6,200,0,93ce38dbfa31eca00e284386743a9628aa643b81c137a5af0535d5d64165a766,,
P83451,,v6,200,0,66eafc80488fcbe1190212d1b0f26839c330f87e6fa836abd1445fd76c23f0f9,,
P83505,,v6,200,0,de47a7b1c21c9f39449913cb9e23b6f4d3a4cf92ebc47f0252e38b4ae550654a,,
P83540,,v6,200,0,1421e0ddcbda417e7b4d958cb1e206b16493be0d70ffd9c5042fa08c3bac9111,,
P83542,,v6,200,0,e51b09a6152b6b5f8d1306dc456dff00310bdd6009817abe9596db5692e1c0b9,,
P83564,,,404,0,,,
P83601,,,404,0,,,
P83645,,,404,0,,,
P83662,,,404,0,,,
P83682,,,404,0,,,
P83708,,,404,0,,,
P83712,,,404,0,,,
P83715,,,404,0,,,
P83726,,,404,0,,,
P83813,,,404,0,,,
P83855,,,404,0,,,
P84178,,,404,0,,,
P84208,,v6,200,0,ef346706cec58c37eb35b1c2add165d15f38862ceb0e1c61a329fa153517ac30,,
P84209,,v6,200,0,e16e698c5c9f4148e285a9e469b85aa3d7778f21654973f0877afaccaa329f1a,,
P84210,,v6,200,0,dbabcfd325ef5702ff676f553d3ca4e06e8f4f81c84e7316c69c336b9218ff09,,
P84390,,,404,0,,,
P84391,,,404,0,,,
P84463,,v6,200,0,f3d7352436d536dd350a7d8766fa701440d8782e56b762473bfa4c61cdbb8704,,
P84468,,v6,200,0,ee80097f817806b095dbf17498581e344aef855639d49e98dfb019be217db20e,,
P84469,,v6,200,0,6d88dbee23088d76f7e448c45004f6109a69be67ac3f341361cedbd327bbab1b,,
P84472,,,404,0,,,
P84474,,,404,0,,,
P84475,,,404,0,,,
P84520,,,404,0,,,
P84532,,,404,0,,,
P84533,,,404,0,,,
P84534,,,404,0,,,
P84538,,v6,200,0,4f576ee2e22b0f22b4428dd2d8cb21d009aff22081bfcbe4645178764a858712,,
P84539,,v6,200,0,be36b4c6ad3eca2fad80704b0abeb82f9ff925ecaf5dab4fffb792b374acbc42,,
P84540,,,404,0,,,
P84541,,v6,200,0,adbff739b5776f5fdf68f38024af921518b042d1fce4aea1a3e858d4a0b5cf97,,
P84542,,v6,200,0,725f52ae1477c1881a4bf6c0b1daa1ddcdeccc80ff8d7147189c1fd21f152982,,
P84543,,v6,200,0,a9b2a9ee69e8c9d7a7345ef02ce42d3534587c42bcec8dafa18dd8c315142255,,
P84544,,,404,0,,,
P84545,,,404,0,,,
P84546,,v6,200,0,c760d47405516f54734b6ef2c03560e912914a25df5021f28430c350cb6d9685,,
P84547,,,404,0,,,
P84548,,v6,200,0,cbd27593f6027ae4a79ee29e40ce550697d1e3faabb4a9abfe8e93816f6c54fb,,
P84549,,v6,200,0,a56790d3cdb907b39cbc8671a38a2f2f638baea0312f3121b572fbe2c9c45f4c,,
P84582,,v6,200,0,e46b612562a1a540dc24e31e127288e89d96472e022c010b8682b82b20b66b08,,
P84714,,v6,200,0,bce03c49be71c7c681dcec97abc5ef0d9285e0a2fe54cb811e0305c547424604,,
P84719,,v6,200,0,d4508f8cc3283bc5fca96ae9195d7d9b5ed56cad2bf974a73ba7c25a5d7a9031,,
P84722,,,404,0,,,
P84729,,v6,200,0,56983aeec9d624bbd37abab4bdd82e39e57b47bd09e6db92382dcf3a8d895b8e,,
P84752,,,404,0,,,
P84819,,,404,0,,,
P84981,,v6,200,0,4e2e1a390e4b103a254df6445783ea964498cbdd28a2032082cd66493e5fb4a4,,
P84983,,v6,200,0,990ddb91f2b722c2c43a19ad453c0befadd06ddb7a3e27bc7ee2156c6564789c,,
P84984,,v6,200,0,1f9387ded177f706314e75f367f9f654e67ed7b3054ebf996fd567f58e96dd12,,
P85026,,,404,0,,,
P85051,,v6,200,0,6d8f469531a95683d252fe0f63ad8d9893499b36de0fa8ef0ed91995f0a805e2,,
P85061,,v6,200,0,e22ebd5dbff323403f792142800d478691525d8cdf68bbce43e498f5bbd38a52,,
P85062,,v6,200,0,057a2050b43e47e9552988035c9c03f2abd129719338a11e249075db3d6237cc,,
P85085,,,404,0,,,
P85087,,v6,200,0,b64b10942a3df2ac183bb6d5902a54a497886124452e640f0836efdcf85986ba,,
P85088,,v6,200,0,0ab6e21f4a3fc17d45ef56762d73f36046d5de81edb5c5a0307a3640f1dee567,,
P85217,,v6,200,0,a1f7350fe28a729dba5bad08d8b2dd54e5cca57b114c41ed602a1c0aa05c3349,,
P85317,,,404,0,,,
P85331,,v6,200,0,9d742947736481f9a5290d8f9dfe448720a3efa09f096408598a46f30ff681a6,,
P85332,,,404,0,,,
P85333,,,404,0,,,
P85334,,v6,200,0,fcc9ad98a5d37dc89299a06741f1f56c8807b76ac70e190081985b82db43dbfe,,
P85335,,,404,0,,,
P85346,,,404,0,,,
P85347,,,404,0,,,
P85348,,,404,0,,,
P85349,,,404,0,,,
P85351,,,404,0,,,
P85362,,,404,0,,,
P85413,,v6,200,0,d9e221414ea716f3076bf225b156287ce4540bd1942a90efcd8c111c2a5f9df7,,
P85431,,v6,200,0,311774de052323c461b65fef9c1bcf70dbc89c9496702ec9e556d0e848b6b6fb,,
P85432,,,404,0,,,
P85433,,v6,200,0,9f9559add54a79b0a88dcaa8eb65523f15fe214d0d30dc92cba3f80992801b72,,
P85434,,,404,0,,,
P85438,,v6,200,0,33c560aa90cde14c7eb1e1b0bd464ec758eb7a11bd1c3d2f85180451c587eda5,,
P85439,,v6,200,0,c3e4608aae5a6b41ee4209d0d0bdba20c6e000aab38b55dec18d9be876334cb5,,
P85440,,v6,200,0,8ac25205a2475942a15c47f1f242a808323890e0c3ef505770654de63b9c0cc6,,
P85441,,v6,200,0,25f033cb52b374bd8fa764bdd8e38a73fe2215ccd90d1ccec641836de354155b,,
P85906,,v6,200,0,830175ce8ecfd0c3221f03e5639b8a6533bf4ac0c7ad2f07446f6a022c7863ee,,
P85910,,v6,200,0,6773ddc4b1221944187d1231f9215f13fcd016bada92150e08244b0149344b54,,
P85911,,v6,200,0,835cf0b1438187e2cb9324e998574c07d37bee0b8906661ae8b911336fdd3522,,
P85913,,v6,200,0,cc51e800e75eef807a2e6e445331c74465f9667cdaa54949ede175aa6cb53d4f,,
P85916,,v6,200,0,b745ad86344e446022d352b95365a513d2bd49f0a301544dce0d28814560198b,,
P85918,,v6,200,0,852fa989c919156836a2468cd7c6920fab8b589cb283b6834b1f55fd845d63c8,,
P85920,,v6,200,0,fbf957b43f2ccc3561dfbd6b0a20587f1cc57f187d361d741116be7c4d0b363b,,
P85929,,v6,200,0,c344945582ead566f5638c949db74e473b0ca8f9f5ea88e08f6719777843a5ad,,
P85930,,v6,200,0,7d0f3f976c078f0ea884a3f626e5669b695f374cb499f35530a53b4ee25fa4b3,,
P85931,,,404,0,,,
P85940,,,404,0,,,
P85949,,v6,200,0,4c29073a9e900faa6204eb910d78f37c582730efe45e888f21166dfaf9f5cad7,,
P85951,,v6,200,0,9bcc86c78cc2362a957957b87e18afd6aba4318fe8eec48156d25d3719e87c86,,
P85954,,v6,200,0,ee154665ca94be34cb3e94d3df8722523384f586df364674bca1f918481c8219,,
P85957,,,404,0,,,
P85976,,,404,0,,,
P85994,,,404,0,,,
P85995,,,404,0,,,
P85996,,,404,0,,,
P85998,,,404,0,,,
P85999,,v6,200,0,113f13ddb49594d48321db3aa4758b0ed682ff8291f63c50360502857842a840,,
P86000,,,404,0,,,
P86001,,v6,200,0,f7e8f7bd360f4e6249d251ada02e7566eb29c7da2c43ce94c7637243bd5afca7,,
P86002,,,404,0,,,
P86003,,,404,0,,,
P86004,,,404,0,,,
P86006,,,404,0,,,
P86007,,,404,0,,,
P86008,,,404,0,,,
P86014,,v6,200,0,549d94a1b7b11a1549731747facaa2fff8159c14f58e60edb320bc8dd9b17d7e,,
P86015,,v6,200,0,adbcf03cff57a63bebfcf9d5540ccca3c43c88f2ccd0695c224a381eae869891,,
P86043,,v6,200,0,743c2c98496c7703798bfdf4aefba2e83defdb5a7971567da11d1b4aeab3a573,,
P86054,,,404,0,,,
P86055,,,404,0,,,
P86056,,,404,0,,,
P86057,,,404,0,,,
P86058,,v6,200,0,a1c4050379d4765b1f54c291e4d535da06ea5b77c5bf6be1f87815ad049266dc,,
P86062,,,404,0,,,
P86063,,v6,200,0,e7baedc89f87eb33f53df497060074f390a9ac982c626d29a8f84bbe17cfcb27,,
P86064,,,404,0,,,
P86066,,,404,0,,,
P86067,,,404,0,,,
P86071,,v6,200,0,1969fd35a547bf85d7132d3cf7ebbb539e759f0e6be074e534256244a3208a29,,
P86074,,v6,200,0,4dc2e94710de8a326540bde8eecba11cf5fdae7c175339cb09719e4004cbfe4e,,
P86103,,v6,200,0,ee290f91b4e1bacd42959a2ba08bbf7bed74305f97cbd6b0422189e4c5bdae2a,,
P86119,,v6,200,0,3034417be0db82cf87ca3ac91ddf4478be2d0eb040af6b3b475292f97d91c428,,
P86120,,v6,200,0,0aeee0b849b346f3794075c8870867a99fbcbb33639b4d1b746b956b7a5ff19f,,
P86163,,v6,200,0,57dcadc814a424270b99715ff4b12af6e1305e88ed9747261684783fd14f54fb,,
P86197,,v6,200,0,870b76515eecd12557112efc1650ceb71c6b7e701a1b2a20adeb68a4c14e7884,,
P86208,,v6,200,0,3edef9fb90f16dcff4a2e91726a0a375a3fa5902b04f13dcc1f584aa0158494d,,
P86222,,v6,200,0,f055523b14eae8a7dcde1bcbe387780da9ef25c0b4adaa7d73b2cf3bd2dd6625,,
P86241,,v6,200,0,5291aa3c0033fe85f96c6d2e1f0eaa7464a2ba85d1a3af1455ce951298edfd24,,
P86249,,v6,200,0,0cc6ad58c3936955c954615b4f7d8a078329feac6518c631473d0362ed141540,,
P86517,,,404,0,,,
P86535,,v6,200,0,691d02d2386d9aff7711cca5d012c61b26951a321af629c513b9ea01a87e5f09,,
P86542,,,404,0,,,
P86699,,,404,0,,,
P86780,,v6,200,0,5636e2e5c82fd7cb73b1cc14d4292ab8da58a9c313160026859c748bbc995881,,
P86830,,v6,200,0,7d973836abb1fcb88345fe99575a8e7015f83c2732570f53fc0aec3800fb2de1,,
P86833,,,404,0,,,
P86974,,,404,0,,,
P86978,,,404,0,,,
P86979,,v6,200,0,63929f150c67f46f88756ba40414cd1a0cf1bd661675674ac4f9546c4b631583,,
P86980,,,404,0,,,
P87630,,,404,0,,,
P87691,,,404,0,,,
P89079,,,404,0,,,
P89436,,,404,0,,,
P89446,,,404,0,,,
P89469,,,404,0,,,
P90463,,,404,0,,,
P90726,,v6,200,0,9d909cfa313e908f8ec915455846c38839b7a91d636260f9cd25e2007b07a4ac,,
P93400,,,404,0,,,
P93749,,v6,200,0,e9600272b94ea8dfcc53d599f4631dd661b0f593f70256af622462e9be393bad,,
P93906,,,404,0,,,
P93936,,,404,0,,,
P94667,,v6,200,0,61afff439588c1752568a19b6c4c0fba334982f355bcbcc08fee447eeba11cca,,
P95412,,v6,200,0,9944037cfd989f9bc95e340c0a12e8d631e038a791db2b91c8fa065c8f249bca,,
P95413,,v6,200,0,0d82c50e9f2deaf7f51a28a5a72567f085c3f2153cfc882136416e696ff30747,,
P95414,,v6,200,0,b12ca9bd65df3db873e9fd8e8a3f9f8647b4ae26553e91cbb8b059e90d9a7e58,,
P95415,,v6,200,0,18153456e5d3560b67166bcbf2366fc4db0893e7e33a9194eca7c55fbf53b532,,
P95949,,v6,200,0,4e6ed15ce15f5677a18cb8b1cfabb2ecba104cb1dfec9e632148cbf73fb6b94c,,
P96105,,v6,200,0,3a23f80639beb7cd19fd6a8f28f0479c1e05ea132d4dfa1e2f93a5762c532a1a,,
P96831,,v6,200,0,0ed8a9d9eb6ff8e2bcade820a73188d8a08822c2e07974e312fa286cd2c7475f,,
P97364,,,404,0,,,
P99502,,v6,200,0,fc6234f2c85646453ae184eed8014e7d8187f23e7c7eb6ffab5686d2803ac1cb,,
P99504,,,404,0,,,
P99507,,v6,200,0,18fa4f6b245b032ef5eb67ed1d230499e4ada4ad4520b7d9419108d8ad7250e2,,
P9WEE7,,,404,0,,,
P9WEE8,,,404,0,,,
P9WEF0,,,404,0,,,
P9WEF1,,,404,0,,,
P9WEF2,,,404,0,,,
P9WEG8,,v6,200,0,6dd8f77757604e4d14f622cb52157158967c9fe48b3c0f9d2fc06f63c7440e66,,
P9WEG9,,v6,200,0,cc815344a052ac6cb8d1561680aefa5ae19fd0ba0b13d7c4b3f2ca56e8ec48e4,,
P9WEH0,,v6,200,0,5ecd46f9b804393fdffca3d6bddc823c3bda521d6fbe61a16d3775054c90ce9f,,
P9WEI5,,v6,200,0,937e11b612b0e3c11b7b0c7a5020932d43e415c5d24778b30ff61cf79df2e3e7,,
P9WEI6,,v6,200,0,daf6d59026bfaee1b85d6489674e3b377e81675ab94c6096eb7e546e8dfbcde4,,
P9WEI7,,v6,200,0,f44d4325a86e25044a02176e92a1bf035560d6d470c5307fac1de5e75edb806d,,
P9WEJ7,,v6,200,0,9166e9650cdf2414c4d8e34854e62fdbc0812475c5e2ed787c2d82d13ba5c7d3,,
P9WEJ8,,v6,200,0,e781878b928222b020d75f80cbabc5395d8d399a759b19bf637b2ab45ba46817,,
P9WEJ9,,v6,200,0,0c6e7cd39798ddd3450ef47f35966cbd6d730b973ea5396e0e49b91707a765cc,,
P9WEK0,,v6,200,0,a8ab6013c28e3b5c849214d2c0fe2d09ca20f73827f253991bd4b714c784b77c,,
P9WEK1,,v6,200,0,b5cb2b7a82a0517b4da8d891c57cf81d3403cf41d21ab22f4e4870eef37aadc4,,
P9WEK2,,v6,200,0,b65a865dd7ee990e7170f24380bc90d0838fdedad54bf2ff93baf0614bb5d3fe,,
P9WEK4,,v6,200,0,cf31764d7f9935080466394329e1a4c1e8590389d40999832496c519573d21f2,,
P9WEM0,,v6,200,0,e5c43dadb183904f53623b5f27bf639f15f11635cadff9539cd8eb537fd4a370,,
P9WEM6,,v6,200,0,d752ce64c1c19d526127ba28fced33b816491d5ad1bb61ae00b5376f55e47e8a,,
P9WEM7,,v6,200,0,19a4fa6e28597bcf3e319664839e13a4b16acef1b970d2e8f3484f6959678850,,
P9WEN6,,v6,200,0,d7c42417bd79cf3313c53022b3edc1b6a565e1f823c6cb575529c8fa3501d71a,,
P9WEP6,,v6,200,0,f8b185cb2080d73bc2ca1ad656bcb7da4dd9fe4c57d599c173c4cbbcb0eca435,,
P9WEP8,,v6,200,0,4297f51b6b4a7861c7e7d01f197efcd07d4a5b69ea5fd8ff995a122675185260,,
P9WEP9,,v6,200,0,f646f3dc8083c71a8f95aa29bd6a255157a7230a9ca3b7a6fa1e72cecf7355b2,,
P9WER0,,v6,200,0,7e654a5e1c11acd84d82a7baba36750b141b310fe3aeb7cdfbea6ebd40279ac9,,
P9WER5,,v6,200,0,1aa453b269658249fddb5f427bf9704dc73a17c07cee437e16afc7c2a868173c,,
P9WES3,,v6,200,0,0ae98f0d11fdce0f6a93377f4494b2a5fb7142d4813f7b5d09c4c0e882449a62,,
P9WES7,,v6,200,0,d741f07ce9b7b481ac14cb527df43fc82f2b5aaf71f5c469f6358254becc0293,,
P9WEU0,,v6,200,0,7a63e3cc05cdad544600a1cc7dc3d8cc92eadad8368d85897056ca9253908354,,
P9WFE6,,v6,200,0,d4b32ddc55db20d431012eecde8c2c71c494be028faf5960be14fe08f4d9a692,,
P9WFE7,,v6,200,0,02d66f57eac1035af627b00abfbcc4b3dc1c3bfae57f108e9c2831fb18e50e87,,
P9WFE8,,v6,200,0,13a5532a379ad0bf3bd0aad63dcbd45536594bd8e38df0f0b62f04fb010d1995,,
P9WFE9,,v6,200,0,94e3420296f5e64e55e97fd9dd2a2330dbec16d8b1f9d8b3746f2cdaa119d960,,
P9WFR8,,v6,200,0,bfb85886dbc8771ac0807563cad6f930af275b104a11c81b9fe0d7f3d81ab7f9,,
P9WFR9,,v6,200,0,6179330acbcd8bb6975e7a01e3551f1b49f13c7cc45769541664dba291bd3907,,
P9WFX8,,v6,200,0,709e8f6411f4fd0529c6bc63c883b39c47c29ca6030dfcd5279177262ffab8f3,,
P9WFX9,,v6,200,0,9b3eb1531d28883e63f616035cdab0a6aa6d85413096abb0b312076375f73ccc,,
P9WG69,,v6,200,0,13c41643bf5ce2c67203f2765baf4a499b4ac39f963b3ec56cd6e86a6b3aab4e,,
P9WG76,,v6,200,0,835899f143f010bad69ca07b667826a7b1b3aebccc6a8bfe4cbae8632f165e24,,
P9WG77,,v6,200,0,6b374fc05b73bf198c522f4a68bbb856f8f1c975930df943f3adc16856365a56,,
P9WHX4,,v6,200,0,b72499b10d3626c983abb9d71ae8f44d76d4140298ae56eaf5acb3b93c186802,,
P9WHX5,,v6,200,0,76c1f45dccde7dbd48cb31c7de10fb22cb1e032398a936fb8388693bc4eca8e1,,
P9WI52,,v6,200,0,0359b2526ee60e225afea5f46231713fac3e82d2e09405c1aff85f1353ccfc7b,,
P9WI53,,v6,200,0,ff5c82e1ced9cef7d5590d65a26ba9b05e340062b8ad10b955c39fa3d08a684a,,
P9WI92,,v6,200,0,4f5bc6b400d02bffe9e61e7f86e4202ebd4567c3256a376e4cc8e408b3847170,,
P9WIC0,,v6,200,0,a746eb159eb12a15978450b86fd60753a3d24a2182d97f2a2c4f60caaf75ff10,,
P9WIC1,,v6,200,0,f89ca4fa841ff586c6e320bbaf68c1741ae1aac0fda8d4fad154d6e370e02d9d,,
P9WJJ4,,v6,200,0,708424058fcffe2d48264056bd21c905cfdb404ca7c10f6ef20fb5d34736c4c7,,
P9WJJ5,,v6,200,0,f7e0f68323bd13c3cda8e332c6f8b48ebee8d57ff4d94a6e5be2e850b86afe7c,,
P9WKG6,,v6,200,0,4360e95aa2d2164d68afea8e506a2de15182e9b1285c776b1a30ca1148354fe9,,
P9WKG7,,v6,200,0,dbe38ee1c83efe15593c661570a20ec0d047ab1484fcaf8c5735548515cec447,,
P9WKH2,,v6,200,0,292381d2e875187834d653e71a7c134816b3f3ec4e9e9529fa8801810021ba0a,,
P9WKH3,,v6,200,0,7abce786be2ef837367dab48913b08f5af7d0960966370fc96780682c3f6e494,,
P9WKY4,,v6,200,0,7a29409e77aa2eb2df83a868a8113cb9d3f4229763ef477d9730e070b35e453a,,
P9WN59,,v6,200,0,4b00001ddc745e6506d91ae8c1a8da7b268c82d6b3f6965b9803509331e75566,,
P9WNE2,,v6,200,0,3ccca7f60ac5c1193434cd79292f39b08c4ad3b9b41a46a3b457fb70beddffc4,,
P9WNE3,,v6,200,0,0d178c926652dfc1cdcfb5b14361313f8a1aaac31671012369c8a30fdd89d931,,
P9WNN2,,v6,200,0,23aab39bef8da612c239d7892f7542663d4a79a4db5090907544d35c15c3169d,,
P9WNN3,,v6,200,0,d83559af25ce3521eef947904a66db7d0c200fe91280f56234b6a56b8fc9cffa,,
P9WNW8,,v6,200,0,8f2f3b57fe985b2893755a226873def3f913ff866e52cffb87f081fe639203ea,,
P9WNW9,,v6,200,0,ccdb6372818180517a835e94798cbdf49c1a1a88dd1642abcc82b81c3ee136c7,,
P9WPP8,,v6,200,0,26236a1f15162fa59a44aa8d1087cf4c09fa34e053d1b0d8f65802bde7d39ba8,,
P9WPP9,,v6,200,0,ec9813b86c42d15e9b6afeb64fc9572752d1f814583376a05c5dc72f7fff48ab,,
P9WQ38,,v6,200,0,5499a2f72b3462f1f3b175d798ac93fa15bdb5dc05da854dd85945c7ad1758eb,,
P9WQ39,,v6,200,0,07bf4be374ba232527f60532a85e72b3cf8f78aabb209768ec98a7d58575fbf0,,
P9WQB7,,v6,200,0,878bb3312d506fe294e835dffb0de1394b46a4c64437043fc96be91feb0de42d,,
Q00030,,,404,0,,,
Q00094,,,404,0,,,
Q00095,,,404,0,,,
Q00097,,,404,0,,,
Q00098,,,404,0,,,
Q00277,,,404,0,,,
Q00532,,v6,200,0,569630ffa684de830375ecc32b5820c315a9f88bf0f74ddd1c03fc291984287d,,
Q00873,,v6,200,0,84bc8fb6392095379d88fb37546784721b7c41cba41faafdfd8146cc3f887fa1,,
Q00901,,,404,0,,,
Q01034,,,404,0,,,
Q01037,,,404,0,,,
Q01038,,,404,0,,,
Q01225,,,404,0,,,
Q01319,,,404,0,,,
Q01433,,v6,200,0,735e09f28974081e83266f54eaf613f21423ccbb770ced00c689fcccedfcdfce,,
Q01458,,v6,200,0,fb7b73df05281b2ac323c882f47fd7beed619504e0ff6996877bc4377005d1ac,,
Q01468,,v6,200,0,434c787877c8953e10fba2ce5589ed3b62ca7cbb6c3ed9f9c7f0aff4c86f41be,,
Q01511,,,404,0,,,
Q01698,,v6,200,0,9a13a7cd2559294713bfa2d8f674893aa855ee7311a7ba3923a932c4f8a8d23c,,
Q01767,,v6,200,0,185233cfdfbbfc2eefb80cbfb8acd2ba11a5e38b7dfeaf1ae7c94ea832447b23,,
Q01UN6,,v6,200,0,016df2bf6bd44105fb9ac903d7ad025ce068028108df00bbc8cd420f91c94620,,
Q02048,,,404,0,,,
Q02049,,,404,0,,,
Q02261,,,404,0,,,
Q02262,,,404,0,,,
Q02315,,v6,200,0,b8e073043ccc60bb800ea9bc180f0c61ad1696f27090f2ebb0fc1f44623c53c7,,
Q02419,,v6,200,0,aea4a4637de90ac2b5d20261553d1cf9e2312ac9c413bd54f402d87a413cdb8d,,
Q02512,,,404,0,,,
Q02513,,,404,0,,,
Q02943,,v6,200,0,d0759fb1891f5ff7ee5d950148475936e96c092cd9b37db9f30435efc57f6547,,
Q02997,,v6,200,0,a3973e4f21dd58f58298144807c145647755bd4c868b0b2860cdf09ad02de7a5,,
Q02A54,,v6,200,0,49d89f6600e8183180fbf3d8c525ee4049bee203d26dc57f5acea7e7acd6eaaf,,
Q02FF4,,v6,200,0,13d91cdcf1c1b164741b81a55ec98ce7180e98d561d3e72dcce7a76b7f8be53b,,
Q02GV9,,v6,200,0,a6c9486c1dcef9920ced776f6660a3330f607e52e49c0efec197466506a6a88e,,
Q02ND8,,v6,200,0,d766b62ee8f220188d6bd42ba7f72eb2bc9829c73572ced62837c3ecddcc28ac,,
Q02Y14,,v6,200,0,fcc167404f367ae26d4d42dd20113b0ce42da68abc5c2163f4ebdae9670f397d,,
Q03032,,v6,200,0,8e8bb66d47f1c20ac57a989cda20b87fbbae9963adfd985dca552c75c0d7d43a,,
Q03219,,v6,200,0,cedc175e84e294117788a9fa4c5099a2be6a73607e2298262d04bf02332c98df,,
Q03284,,v6,200,0,97d00d75cb246960bfea2db6b317a3955969eece46bbd7c625bbf430efd153f2,,
Q03321,,,404,0,,,
Q03328,,,404,0,,,
Q036X3,,v6,200,0,5738bfb796d452acb02603f66a0910522f96a6857f847023df808eb2bf8d0408,,
Q03M63,,v6,200,0,4a793d68ea39c8c4a82c22271ec19b9874c5b84a70ae99cf01fec3d1d1c609cd,,
Q03ME4,,v6,200,0,a24166c93d14c2e2c57003a37c242e6233fc7dc89c9fa1e250d0398b1c1746b2,,
Q03ME5,,v6,200,0,3f08a00e908f81f12e5bab31020aed08f125a15d2d0f12ede14319c7c6a4b24d,,
Q03Z41,,v6,200,0,c39c801447273e8fa3b2d72479449bfbf927f2fd41375889fae4f237f4b447b3,,
Q04170,,v6,200,0,8dbff232330b78d840a8d176c28ea6cbbfaa68a57d21884ab6b1a2f4a6da689c,,
Q04236,,v6,200,0,750c6860672c9d0f6f7d148d3cac7dc1baef05072bfb56c2c26d63c0f310e509,,
Q04237,,v6,200,0,8af82590285514b5d162ee850f41bcc08d51b4bb8fe4549e36d5cba41a00bbcd,,
Q04238,,v6,200,0,6e153e1283e9dfd2bc3005f10339fb6739b9e15b32858f173bbb4e143b6af4de,,
Q04239,,v6,200,0,36f5cf8bc0190c65d96dfa4af1c93fc463b49748c99240c59c50b82194c67678,,
Q04543,,,404,0,,,
Q04770,,v6,200,0,49b2d801c0e931df87f63b21e11669e3c574d24fda8d5818005acc25deda5203,,
Q04938,,v6,200,0,18b6f65468a89271b3f8e7f385a38c559198280a2cc5252255709f56f4a0ad94,,
Q04DA2,,v6,200,0,51f1a0990e1d6dcbedaba4141cbedb7f0d8c842d47731bd9275e9f45984251e7,,
Q04KS4,,v6,200,0,6f91f83c8206e1efa0b01b56021c5bd76adfc559d1ec1ad71aa2941216c69106,,
Q04SA4,,v6,200,0,49df32f078ba50ea0ff2a1479d130696b85554ad6460e4aecde335341c549675,,
Q05101,,,404,0,,,
Q05111,,,404,0,,,
Q05112,,,404,0,,,
Q05133,,,404,0,,,
Q05134,,,404,0,,,
Q05135,,,404,0,,,
Q05259,,,404,0,,,
Q05262,,,404,0,,,
Q05554,,,404,0,,,
Q05579,,,404,0,,,
Q05866,,v6,200,0,e3430c394307ce4d64ed5c2db16622f3f888092b36b26624114edcc817079712,,
Q05879,,,404,0,,,
Q05880,,,404,0,,,
Q05976,,v6,200,0,28c4acb4c0cb3353e6e0e66f1e00e1e6b8dcde861d6d88f0bc0a2179b60ce289,,
Q05984,,,404,0,,,
Q05985,,,404,0,,,
Q05987,,,404,0,,,
Q05988,,,404,0,,,
Q05989,,,404,0,,,
Q05991,,,404,0,,,
Q05993,,,404,0,,,
Q05995,,,404,0,,,
Q05B52,,v6,200,0,cd311621810e27bf933b2d2530ad00cd6636dd3b7ec8a866622161264e13c411,,
Q06095,,,404,0,,,
Q06259,,,404,0,,,
Q06509,,v6,200,0,a6663069c2b6c2c104be39350055a2ced771c5a0f26bf4e5b3f6bf3ac09fa50b,,
Q06543,,v6,200,0,ebdeed87c06efa6bb54c909115979f4cc2d24b207ef86fc8088a807d166eebbb,,
Q06AU4,,v6,200,0,89543283e53d321312c3be359e16b3aa39948721dd59af6eb35503d5714cd459,,
Q06S87,,v6,200,0,e7a690987c2a36a6d19577f0c4c660dac0609ef6e67ea114beb6e1d6d7e5e608,,
Q07049,,v6,200,0,ca54500048c7b1ba70012caa05f7357afee12b632821b635477aba2b0a010047,,
Q07275,,,404,0,,,
Q07399,,v6,200,0,f47b2f23c58bbae522a0503f7a6e097402057edcc890e16c970d970f04d3c131,,
Q07494,,,404,0,,,
Q07846,,,404,0,,,
Q07847,,,404,0,,,
Q07848,,,404,0,,,
Q07K71,,v6,200,0,54d6c711421eec428fda1b39878762674c45145111a61f122bb47d3f23d9705b,,
Q07L90,,v6,200,0,883332f730fb8ef61f1e8e10f883ef9f92496bf4d01dbdd8fb39538efd1c714f,,
Q07Z00,,v6,200,0,6584c9c2b5c52450dde2a8ce79119da38881e205ddfadea277d7d3033c37c92a,,
Q08097,,,404,0,,,
Q08317,,,404,0,,,
Q08436,,,404,0,,,
Q08512,,,404,0,,,
Q08513,,,404,0,,,
Q08726,,v6,200,0,0af3f657d0b496a31ffbc35116ccd007c0efadc27fc8522fd24159951537221a,,
Q08908,,v6,200,0,f54e9bc5965a5860ef4e1e4b73e9c9c5593c43eed26df8d0cfcfed4c3ebba069,,
Q08DA0,,v6,200,0,7fd9de8590329cb16e7474c4bf340e7fa162cc76ba63799ff33d93b768db1c60,,
Q09053,,v6,200,0,eee806628e61937be3ba694857d419acef637f3c1fbdf298c15fdbcfcc90f953,,
Q09115,,v6,200,0,ab54998d6b9c8bce9d41afcad03b5125e9db88acf4a8d7692cbe67e8553f2431,,
Q09123,,v6,200,0,1e96271ed78ee40576967e29743176f007087b2df8981b60e233bef668964638,,
Q09124,,v6,200,0,ddf016acddc7e006fc14c6b06183aa7ca8282a279db56366b52dfeebcfec3b33,,
Q09129,,v6,200,0,b4ad8e10ad863666fd5bacaca0255916859bd60900916988f3c466de6b8df585,,
Q09136,,,404,0,,,
Q09199,,v6,200,0,81024dd155b0fe06ccecf1da04792fc95edb4761a5c39bdbbc5eb455f9b4846d,,
Q09736,,v6,200,0,82b171945193d5ff84d0c5ffc3efa17c4d4e2cd69663c4e149b4316757546a46,,
Q09833,,v6,200,0,07ab7a907a2df57026846ff9987093a1401ed9c42fc9e30330fc778ada82e0e3,,
Q09903,,v6,200,0,42c4c3d929c21ba290906d6d6cff48eb42d802c7e9f2f7bdee6e660b15454ad4,,
Q09LY5,,v6,200,0,736d20021139fef9fbf4e41f40fdcd0ef863f809ccbdd99a3d143a1b4899bc8c,,
Q0AC99,,v6,200,0,b001aaf6bdd2886e7199b7b01385e8174a46455ecdddc7e19921aca07b1c17f0,,
Q0ACB4,,v6,200,0,f949a3b51116468da456ceaa74608cc66129524bc872f4225d77e7d0a6269723,,
Q0ANY8,,v6,200,0,69de80465cb1fe7277bbd9c30748902baa5f70134eb73bc458fc6154e5756284,,
Q0BJP4,,v6,200,0,b7c0a37cc93991066d83d0e805146f6c812150766a23da00231da1777c3f996d,,
Q0BQ42,,v6,200,0,e01b09bc95f6993d847398fd481ddda45e7cd8cd8bae4809aac35329324a7022,,
Q0BZU9,,v6,200,0,ac5151fead8fa27e3232fb930954b9918cdb8a7489f66f26d6e961d6e9178fab,,
Q0CJ60,,v6,200,0,f4b9df3b6f288e67981d9a79bcca9f8d36ded75b9a87dff8700d36017f82ec85,,
Q0CPG6,,v6,200,0,624ee641159f1e248237bb81bf7c16be595b2a1933051202bf1c1472a1fac846,,
Q0CPG8,,v6,200,0,b630486a342d902f5f1898966028ec5e90367b19bb34891c52918e500184bef5,,
Q0CPG9,,v6,200,0,f24d99d0577cd542a62be6f6b6b1cec9ca42d2b9ab190914816948bcd1ba3f5f,,
Q0E592,,,404,0,,,
Q0EF98,,,404,0,,,
Q0EF99,,,404,0,,,
Q0EFA0,,,404,0,,,
Q0I657,,v6,200,0,6967c2e42ad0407a36f204de114da8fa43592ebbd099b141146d546b28fef1fb,,
Q0I658,,v6,200,0,50699b868c6709eb4a06670ec565e4857ffd0285782823bf9a57a9eed08d35ce,,
Q0IDA2,,v6,200,0,a29fc2bc615d734c0419e064c9cfb62e55840731eb85db3133454862690cbe83,,
Q0IIG8,,v6,200,0,fea664a4d806e1d0d53dd1f2ab6890669d55e1a3d755f0f8b361ab78dae454b2,,
Q0JA81,,v6,200,0,7862291eef37033de19278986a1484065dbbcb98f56b023c05092895055b0d70,,
Q0KFF7,,v6,200,0,f2dd038d8dd26f12d0410955a142caa90bc7f58d1ae4825beb904bec3b2a34be,,
Q0P5E2,,v6,200,0,70c55700ef677fe2c8e1c9899c9e4478d0b62062d2226695dd167776e259aa26,,
Q0P5H1,,v6,200,0,4275fdcf44895cb6c2a31a65d3aade82b6cdeee9b25beb47afb43644f1869f1a,,
Q0PD08,,v6,200,0,0642efdc997e327b1f4f2a8d464a34704fe13b6119f19940ed0d3852276b951e,,
Q0QF17,,,404,0,,,
Q0RDK8,,v6,200,0,27c9588705cf605be752026885e92ad5f542bd9442f47e6889c9f38fb88da664,,
Q0RH75,,v6,200,0,7f4c02a3f9c2ac6f68bc75a1f86164f44cf755b4872b3d6cd0408792a4116e9d,,
Q0RQR8,,v6,200,0,5112933e33a79e6c43cedfdc19f88874fa78038c3b62b51fb6679452e77ddd5e,,
Q0RQR9,,v6,200,0,b8adc98d6aa8ed655f9734b703b2571adbb8b9413b09c8255a3de30be2bd0735,,
Q0S4Q9,,v6,200,0,0f683b7148a467f97d1bc97f57b27cc101972b44efdb83a0e739a291f6b8fccb,,
Q0S4S8,,v6,200,0,47db26c2e1d755e613d2069ab726c9640df029c4265386656d1b21877a2b59a6,,
Q0S4S9,,v6,200,0,d2f6d54405fc3fd3b226b441fb94e39da992d1e08ca327d8f16e4c4b8564ca21,,
Q0SRK7,,v6,200,0,9c9b12422a1deb27b284e0a4ff5745405c118f75fdd290d867efaddd62536774,,
Q0SSI9,,v6,200,0,0519cf444903e72d77d2bcaba53d329d2c62b94494d3026e7bd7eff1f69a31cd,,
Q0SY20,,v6,200,0,5e9fe5a8f3f18a85d5493b98803376aa09b8ac025c59f62faa0d594d41437493,,
Q0TA85,,v6,200,0,05403c393d0955b33198d553054fec3a75dc865a7504a7bf5738dd8f744dd135,,
Q0TPX4,,v6,200,0,3a94a88a97d988b3d8a01a48e0eb40ccbedd59b17a693203dcb82449567fcab1,,
Q0VCR6,,v6,200,0,21325db8df119922a134ecc3d38f3964dcd2bec12d027e16132110ca62fd79d5,,
Q0VFD8,,v6,200,0,99d70b349c7150c05576797f7f0fca9c13246e120621af9964cdc0fd56c1f9d9,,
Q0VFE3,,v6,200,0,4f64aca09d549bcdc0f82514e3eb9cae78a41274c335ce1fc3376051b054eeab,,
Q0VKX9,,v6,200,0,0b99ac1c581c1a7a535ba9a4e60269926dd87524e02f64df488791dbe675646e,,
Q0VKY0,,v6,200,0,a369543b28b02b453b5b86591aa04a8e4e17812be6f0f1f56fe985c522490b10,,
Q0VS71,,v6,200,0,498b4a1dc017a91aca0c9f0c804843a89b0deba7c0834f649886ec99acbef940,,
Q0W349,,v6,200,0,551d7ba7261a29f813fcba041926469b26ffb74543b71c9be97968a11f165224,,
Q0ZB81,,,404,0,,,
Q0ZME8,,,404,0,,,
Q10202,,v6,200,0,d74a66954aac30baa4abf82bfe7ff02fbf15f84b5fdbe4e1f40ac4f718a1ff88,,
Q10334,,v6,200,0,7c6d921add6881e3293b7086aa25302be12dcb67914d9c32ff567883aed4b0d0,,
Q10B19,,v6,200,0,7697b43318654e553f3e300d74df3bc1b93c1726a57801e65174202e4457a631,,
Q11128,,v6,200,0,0e52b7d3852ebe455402c1306ab4a3fd7883fa5ce8b7de0dd1d5998f82858ab7,,
Q116J2,,v6,200,0,2650e8477a536d3a1fff7dab775d72cf468d696a498722e7df34f5073e9e9cd3,,
Q117Z9,,v6,200,0,e2a705e87f3be358fc67c62d3759ae7e2fc588017cc5dbe5fba5eb87891e7dfe,,
Q11EW5,,v6,200,0,18c9c24a22b4ce409cdf88f7fa81f12a13dc43f07864b657f6760d268ca037ee,,
Q11EW7,,v6,200,0,d080eaf46cc7531ebe3bf48a056791d83573eb3770408aa0bf28fd9bf2a586ec,,
Q11R87,,v6,200,0,92d42edff05f2ea46e7d040a80f693551b0da89f1dad4881baa744d9771914a8,,
Q12039,,v6,200,0,1910f6e11fbecb13102d3dcef9e6d0651e8a60ed70308a4f6aca68aa91719eee,,
Q12333,,v6,200,0,ff298d42fa703f9de3e570220917ca20f9e1728bf38f3b7774d96161630ccdef,,
Q12473,,v6,200,0,7c3be2e67ec2c4e7fe464febec41f89ea9ee6508cd436db25c50c8930024a7e1,,
Q12664,,v6,200,0,85fd277e5ba1f25d01873d8a0cbc80b7b5ebbb4966b1ae74d723f9d78f3e29c3,,
Q12829,,v6,200,0,edfd5c02787c716df2a0212817242acd2471fe48823e6bfefc957dcdfecb63e1,,
Q12H06,,v6,200,0,c29d3a891f467de96c0d8a0a615bc192b48db8bda992c96dad041b88964f6d9d,,
Q12TR2,,,404,0,,,
Q12WF0,,v6,200,0,21d5ef07b77f700916eaf85fbd799cd319fb6177a6c0591c2a395399115e8a08,,
Q12WH8,,v6,200,0,d462d002cfc277693069f93fffc8b954c4c2fc29a0a1841af468842a7b301709,,
Q12YW2,,v6,200,0,39cbf0f7f09487734f3cef27fafa106ff4e2812a5e51d31355b4d53cb6db8388,,
Q133L2,,v6,200,0,2bcdf80c3c1199f0073008be652480718ec2b79b0ba54d760c5568819b5869e9,,
Q133L3,,v6,200,0,c223d05f990755a0bb5b39be070cb73b3ff43828270b776f5a5b3426a139c15a,,
Q135J5,,v6,200,0,21bf91a14b07b6b42afcc197fde767c8c80c5c191c023e9452e9d85804b427af,,
Q13608,,v6,200,0,12a678325b20210110201c006d764d514247a2928a93aa4a53f15bf647aad9e4,,
Q13636,,v6,200,0,f021531d36b2d3d841004026e1fb9226c1dff1586b4931dc4ab215177ae8f764,,
Q13956,,v6,200,0,554e6c6ffee471abe8e1ce4df99e698caa5f5b3c8aa6926b5b3f8927ee948543,,
Q13BG6,,v6,200,0,2bccb15b43e2f1d2dfa29ba259a8867db5fb4904d25c9ec4d4ada2625bc54bcf,,
Q13BH5,,v6,200,0,5ad9a5816f025199f0b02f55d746ae552870bacb00f19aa958f7f9b83a69c0a5,,
Q13SM2,,v6,200,0,c0945ec8c8ade9d6f146e94f850306c4b6bcee957f8714ec577fb1ccfc978044,,
Q144E3,,v6,200,0,325ca834c6e1b0bc16ce245b87302b2aa01b9a8dc24d3b63747d8fe05590ee43,,
Q146Y6,,v6,200,0,7f11a46d8033607a7898cad4a63f89576fa15701f913232a1123fc8dee1b80bc,,
Q14964,,v6,200,0,231d98fe03840248a031a52ec55a332c009b865a57cbc731929263e2ed8f57aa,,
Q14BT6,,v6,200,0,cb0719cf9fdd8348ff7d2db22b4ac510ed29fdb03de83f2683cda3d6e1bdcabc,,
Q14EB1,,,404,0,,,
Q14RS2,,v6,200,0,0c3040d5b858637371a73a89c6a813f08c5712283606ec6aa0e890de38d9ce8a,,
Q15771,,v6,200,0,1e3d9b6e050aad885a040a7300e84e90850cdda34bedc208a9ffd5a208ca1a88,,
Q15831,,v6,200,0,27bb3d6a76889e0080102b41c93107f06b76cb8435a37a4a260baf40134709a9,,
Q161T1,,v6,200,0,88c4591e14ddb8054b5e985d4237c4fcd270c6a6900087dfbe0059cdc919d538,,
Q161T2,,v6,200,0,07ea14ad81e7661c0d479b5ea98de2a967e31c8c12c772e2f10091a574de378d,,
Q16635,,v6,200,0,fc47547355ac777820b2f3c7a119596ee3f1bb0dceecc97a8c044f9980be32b6,,
Q16850,,v6,200,0,b22d23fab079b5a2a3f1380063b74f8060f18aa5702ca9b9178d98b5bb4c3a21,,
Q16881,,,404,0,,,
Q168I8,,v6,200,0,528ec793a56fb3f48c0629b1b91091bc4d09f7d1936ac121af2ed053f04056bc,,
Q16BN1,,v6,200,0,1adac3d1d215fbfba384c32c0e81032f4192e22fd96e6580ba8a4fd2f9d1c9a9,,
Q16Q94,,v6,200,0,0ee83b7b1f220217d06e16922a91257ef858ecce65511e047558e371bcca1de3,,
Q17745,,,404,0,,,
Q17QB7,,v6,200,0,5c13ad05aca85d0d18b488eed6af82dcac92a367e76e8f406d4abb0b4c6bd8b1,,
Q17QM4,,,404,0,,,
Q17QU4,,v6,200,0,645dce6649e50e5779193b254a7f526eaf4753c1a537ccec141e81dfe5086323,,
Q17R06,,v6,200,0,bc1994b9e8e14924d0df8ca06bfadbfb3fc4e10998484559e9aa5bc7c29a6b1a,,
Q182I1,,,404,0,,,
Q18EC0,,v6,200,0,94d4669e1f4eb6eaa3c757dfa3f007b3cf4995ee62e1b8057b78ad32aabfe5c3,,
Q18K02,,v6,200,0,b21256cfad44605b7a72a714a20a09acb67544db5333067c692193b79d20d77a,,
Q18KN8,,v6,200,0,0dcea16e2be500c662dfc66ea1d5689114d590722a61d776e6edef01dbbcef93,,
Q18LD0,,,404,0,,,
Q18LE8,,,404,0,,,
Q18TV3,,,404,0,,,
Q196Z3,,,404,0,,,
Q196Z5,,,404,0,,,
Q197B2,,,404,0,,,
Q197F0,,,404,0,,,
Q19A54,,,404,0,,,
Q19QT7,,,404,0,,,
Q1ACI3,,v6,200,0,01e1a8f7d6887b038067d4d9cc062a14f15532bb471b4242de1793f992e7b8ed,,
Q1B870,,v6,200,0,c61ef44959adb7b0d91e2b20accc88df682e3c8864e8a0039e493d18899e763a,,
Q1B871,,v6,200,0,0b6eeb83da6d6f33b87840bb1a75a76d72c5857c6dcdbbd575b68528797cdfe0,,
Q1B968,,v6,200,0,30d20a249f2512d13db256788fea4a99122def299cb20e091095c02608d837af,,
Q1BSL1,,v6,200,0,e4acc5479b6045fd31b63aea683062900618ea03397aa7c52d5bbb83c4f37f90,,
Q1C2U1,,v6,200,0,eac1100f80d4894353a560b0b9c181eb95d509f1c3e4767fb4144a177f59641b,,
Q1CCT9,,v6,200,0,a4f35b6c0be07e0b8c0b33c43d9194a36e6753b48ba5564ab9aa02c755c3873b,,
Q1CHQ1,,v6,200,0,184f9040ad11c428d2dd013f183cb71ddbd536a6c03ff4b43821fd809b7296d4,,
Q1CHR0,,v6,200,0,bb1c273cdf9efef87018bdd807ebee3212397cd6e3a402e2aa87601e8f0fd39c,,
Q1CKK1,,v6,200,0,d9cdfe96432a2d96264093bdfeb7105bf948ee798595d54858336be49530a2e0,,
Q1D8S2,,v6,200,0,d379e0334b2692f3af1a56d28f86ac5dc6514e742d041d452933130283795158,,
Q1GDR0,,v6,200,0,357f8402edc6d97f814ea80a40bf650c7a34354ed6d056298b73e696bc4b0bcf,,
Q1GFB4,,v6,200,0,d78c2be43d23f3e6ad0e781fd5b212b5a3f7250b93ee5cafd77ffa04cde82d02,,
Q1GJP6,,v6,200,0,d867c216354eb82d62bb996248304a778651487e55ff5850fbe48fe028c07eb3,,
Q1GJP7,,v6,200,0,c8c04586827b4c24bc1701a9d6e490df5cf5ef2f0d0e02278700fab7b6dbbcd8,,
Q1GYD2,,v6,200,0,7cedb72ce47341f643bda2abb96ea3df09bd88aa0a38036958db259f060e8d05,,
Q1H0F0,,v6,200,0,dcef1947a1a14669e7e0100ca972d97ec9003f09b75ea2e449467c3af3aa2aa6,,
Q1H0F1,,v6,200,0,6f1dc1adbbb329136126c03e4981249f02ef29b8fee025205dfe51d539ee2c2c,,
Q1H5H1,,,404,0,,,
Q1HVD1,,,404,0,,,
Q1I800,,v6,200,0,fc12c6a8b95788487af48d009cbc478f9f0bb2f51adbc17e2ded5f23d2914ca1,,
Q1IBP1,,v6,200,0,f3a89f3b778d3aacc31431d352a5286d0685ea00e17a6411058be12205b85be6,,
Q1IBP2,,v6,200,0,efec15fe72ddfd16c1d3534ad2035b0ce802185c394b98ce1a796bf20e05cf70,,
Q1IED2,,v6,200,0,4d2cd13d6963f46ce152fc85164cd29f65c519886ecbdc8e8e41b825e16797d1,,
Q1IP68,,v6,200,0,539939c8997b99a5367468b0a6eb5cfea7518dddb21cfb130167c4ed82e24ca9,,
Q1IX70,,v6,200,0,8deb5db7eddb620c4d84497e7ddf3a8575c1ba12ef86e8c1826e9ffcede58917,,
Q1IZV0,,v6,200,0,cf42be3478d71f023c510081b7d8618326f50d8eba2fbc70dd0cf3415af1b579,,
Q1JPY5,,v6,200,0,24a59132b29cd6fec1f17fd3e634830cb241c80b3c2aba9ee6bf93297ff52e66,,
Q1LPT2,,v6,200,0,58c845a5ae03cdd8420418d107d64d17a3e92b305634980988d322d65ce215d5,,
Q1LSE0,,v6,200,0,3be994299a3cb34dce377b368819ece3e61512779efb951cfa4f96367745c02e,,
Q1LU65,,,404,0,,,
Q1LU70,,,404,0,,,
Q1LVN8,,,404,0,,,
Q1LZA4,,v6,200,0,a16f698aa62152f286abf49b1ffba0bceb8c3423ac38ef0fc8770085106fcae8,,
Q1MCV5,,v6,200,0,c99baf8eeff914c50a9cbf1f9e1a391beda1a5f55a0a4e3cdf9813b67fdc2274,,
Q1MCV6,,v6,200,0,5b4732f899d5ca878cd20b4d98ac002e8787ee414460ba363fe20ac19658ad8a,,
Q1MHJ6,,v6,200,0,7369dfb40ae79d9feb2f753ff1904402c88d5b64f385b218559022ef64b6e3a1,,
Q1QHE0,,v6,200,0,a3ea4c0e6a332cc50a72ab3ef152414e7bd0465461b81cad9f668ad6868618e6,,
Q1QL28,,v6,200,0,9e4876cb0548fb6179e9e536bc8b62e132a35ad2c3efd512acdedda880d161b8,,
Q1QL95,,v6,200,0,038e8d21dabfa498ff347f4f6e5b594fdd003ee2a03525a443ca65f6734e5427,,
Q1QSU1,,v6,200,0,31551bed86bdc2f26d4e0bb5a09b0a13293ace4fc9dcd31bbc53ce31dc0dc7b3,,
Q1QV51,,v6,200,0,394b2549d8b3800562f03ff4edb2dcbd51faf57610e5063811d843ff3e67f37f,,
Q1QVB6,,v6,200,0,3f9087d715e498855332af8fa454b88f5435e7bd0ec7629029782cbda68cd0a7,,
Q1R5U4,,v6,200,0,02e054d5afaa5ed3c167a8a046b78034a7d0b298d889e9583a7b2c234dadac9d,,
Q1R9D8,,v6,200,0,38188fc1cead2c99b42dd7a923dbfe554039f809536820a820f9113aabcefa1f,,
Q1RGM6,,v6,200,0,1883552253c718cc24e70b6ee83b800ee6aae0164e75de46bbb1e4c475aa3371,,
Q1RMR4,,v6,200,0,b0e6c18cb6fd1b4c03fa0e6f3c6c534c663ca1d56482dd65a961af68eaa148da,,
Q1WNZ7,,,404,0,,,
Q1ZXH9,,v6,200,0,2c1c2ce34519fe8c9bce20bc579d16d60ceb7971c8c9a7b61e744ecd2f71a20b,,
Q20Z39,,v6,200,0,eef024add1029eb277cf1c795936d2eb8862899d25e40922cfce08e896af323b,,
Q20Z48,,v6,200,0,aa4d5c28333735b4095fb7c739be022c244a8c60f85264090bfb3d361a0f416b,,
Q210F5,,v6,200,0,8038e4fd3a33c3ce5a7eca309a6f9442e1999351deb9002fb2ecb64d13a79d71,,
Q210F6,,v6,200,0,8e477a64e7fa564f05aa44c295c91c83d770ff133afe26b22cc2bc557280bbdc,,
Q215X2,,v6,200,0,02d2636d1dc633cd0ba2c6bc2abd1909cb1406e63cffe02aa1ce349d30bb58a6,,
Q21882,,v6,200,0,9db95c2c25143cc973263404881b7485734a9a451a318563e9421f83ec52beb7,,
Q21P96,,v6,200,0,63b08771cc3d2edf94f3d4d857ff4d8f7ae11c30fdbb2452cd22920bb4578fde,,
Q21SZ4,,v6,200,0,47038462b3dec87485b28801d3432b98f21e87f9df59370aaedf73ea9a44ae66,,
Q21SZ5,,v6,200,0,6d87d1ddd9a314ed1859e02a8deb8558c0115f6408d6277dbd28b440b81e85cc,,
Q21YC7,,v6,200,0,018ffcf44cbcd97c3e254009d9429558dac7a7be4faeb53d03bd42969bdbdd48,,
Q21YG7,,v6,200,0,e0db43981e2f1fd6dd3c2c4995b374929e13698ed192b0b62db6a6cb9292f824,,
Q24733,,v6,200,0,7e43a422bdf59711cf6c7c53315a4eafa89df76ad970c4250148003e7ee2b753,,
Q24739,,,404,0,,,
Q24803,,v6,200,0,57f878e964723e89cbaccf4a8510e1241b275f9bfe3dd7f957ee54b64d1ac98e,,
Q24815,,v6,200,0,ab024aacfdb332e5156db558d9f4b1420626ee72f736426485ba280c89eb481b,,
Q24816,,v6,200,0,d2e8346b0f587d89c568c5f5619392a68016a11a322885ac86c117d43ad35682,,
Q24817,,v6,200,0,1585ace2c5b775830c29501829d944c2894329d9c79d7b2dcec0796376485f44,,
Q24849,,v6,200,0,5335dc96b5cc3a34c886818b856581dd1acecd3792456c06e7c15df85ac1a64b,,
Q24857,,v6,200,0,422aa9984f822108b4db26d4597317c61f7f4eea010450a7c0528e6440457886,,
Q24MI3,,,404,0,,,
Q24QL6,,v6,200,0,3ae3ce0a76aea5151730fa0dbd88f8ec65faaa7080a352a3d491dac72baeb808,,
Q24T84,,v6,200,0,7eda587033e254dd08fa2d2ac86d20ebe4cae7480f0103da7162edb08b4a9a63,,
Q255I0,,v6,200,0,351b06e52a2938e5d040c76643e113e8ec8e6932ce29323999f433c3e5ca0acd,,
Q26547,,,404,0,,,
Q27655,,,404,0,,,
Q28175,,v6,200,0,e0ed33c31bc9a4c5b677f44710f61fa60dc203404cf4b8b5a094d0055e5137a5,,
Q28516,,v6,200,0,f8cb015f99ca2a4b8594d60183800b6b859bbe235ac6dbb832807be2adca418b,,
Q28949,,v6,200,0,1c192cf6a2ec02c1084c9e4dc5a2ea667ae8ca4363097d74181b89961265da25,,
Q28CQ7,,v6,200,0,29d669c8eb12a1adb31398d748bbf1d10d024a1e75c2aa8fc713b3fb38ce2426,,
Q28I42,,v6,200,0,79d3ee8fa87d167918e5cd91e1ea5e6277df869915488fdbdc2226e53362717c,,
Q28RJ8,,v6,200,0,a76963cdc0a441097302a1fbb0a9a4764999c8223dad2a41d99cf2e91254966a,,
Q28RK0,,v6,200,0,5c2bba4c1bf1df640aacd3956034efc5618b1a7b1d177e6c965f69c072bdd7e0,,
Q28T23,,v6,200,0,4bc5605d64f6bd7e355054c6b27547fcad8c65449fdcc6054de9f75e21f1aa31,,
Q28VA7,,v6,200,0,18b47bc851a832d8561f8382b9844ca126754325f5c0fa2428613a6304e68df1,,
Q29068,,v6,200,0,25bfd33af73a50e07ff50efb78b7d59f5e510987f1b95199af5b8f461c3bbd53,,
Q29092,,v6,200,0,7ec95a89df21174c4aa0db3dea68d57595a1167f4b9f406ac5650527f3ec4b2c,,
Q29236,,,404,0,,,
Q29318,,,404,0,,,
Q29451,,v6,200,0,e8904d966405671cb85f22bbd0addbd842913db7f35f2f67cc34be13401e6f66,,
Q29513,,v6,200,0,ffb05cefc6a500b94728970f49dd84ce41d87e00ed16882f5b7c918a78a3f89b,,
Q29555,,v6,200,0,8a3b18d265f56738f4b30ea4b33aeaf1b95eb5141ef5be4c0c027691bf6c3309,,
Q29593,,v6,200,0,3704ec16ce6ec425ee49c9d8f98c32ca69bc6819fdfe3cff78d38d61b3f90a8d,,
Q29KH2,,v6,200,0,6ab7f30a3130495571f5ae118202efa0d2f46f7eb2e00d445beca4a2d189258e,,
Q29RR0,,v6,200,0,535f26dbcab602bc9efa7e926f2b5147864e5d4919cb8842aca2a7505e3732c0,,
Q2EEV7,,v6,200,0,d94db2cf9bd5cea06d5c877d675250cc9bd067a3c26c9ceb43e1c0925c8d484f,,
Q2FEK5,,v6,200,0,d7408098c5a6e40779ed467276bf28e7e8def4da9482742c473dbe84b068fbdc,,
Q2FFJ4,,v6,200,0,cd5ef94f42aab40b18108946d931d59b11095c2e28bffe9e72a1a8a66a8893bc,,
Q2FHU5,,v6,200,0,0d9ca77c49d9a3291412244a67d2607c9306ca6c48818ef2253928335c57f374,,
Q2FIF3,,v6,200,0,c3910c9be335179eac8f9453b83ef0701f4484dbc7267a85944082b528cda21e,,
Q2FK96,,v6,200,0,ca4408fe0da455e4ca2211dc2aab0dc99c8c978d7d42d6aaea441abc3106100c,,
Q2FS92,,v6,200,0,c878a90b0d9f2d06e3d5e65e23eaf6b4800cc4c38ac84238c684d2d38d131155,,
Q2FUA4,,v6,200,0,b8885048ade65ea2c12fedc7404312f3b79ff7a850fe9effd20edecd2581ea5f,,
Q2FVW5,,v6,200,0,23a539c2edf573cc25c6637a4ac7beb4f9f4a216b4d558013d25c400a7704078,,
Q2FWH5,,v6,200,0,ee4d9482d892a31584d5eecc3661a208e26c715c2cf4f7b63f15b0f87057ea9b,,
Q2FWY8,,v6,200,0,4c22d93c0b0dda0edddb1d1caaea069bdfe344f51c81eb11bcb26e56168864bf,,
Q2FXA4,,v6,200,0,a2472d91457daacb8487fe2892f76b3fb3f4e0b638310f8744bd11e40b6ae51d,,
Q2FZE2,,v6,200,0,a9dcb2ce5101ddd10f2c72aebf701fb48b072db24234e4a9a4db6be596031f7b,,
Q2FZK2,,v6,200,0,f9ebf651eaa0975c684206d631e903733bdc982b830284fc1f7a04a5cf1650af,,
Q2FZX9,,v6,200,0,ebd800fc6a29482d100cc36ce6ce08a7139a5f6befde18fc13ab3db11420514f,,
Q2G1J2,,v6,200,0,de1653ee3d8127f89af01ed59bcff65a086869576601ef61ee595a707f273ead,,
Q2GDY1,,v6,200,0,e200f17bd829a6c4ce8bd2e144058695845cade8d84d890139396057e19aa24f,,
Q2HJH3,,v6,200,0,4a92a252121bf9b9a4c1bc6086ead965777cbea0b36437035e0ccd40f16640e0,,
Q2HJI8,,v6,200,0,669239e8678a96911697226dc87d8112d30beb28bc3ef551ebdf5d2667f6b4ac,,
Q2HR67,,,404,0,,,
Q2HR78,,,404,0,,,
Q2HRC6,,,404,0,,,
Q2IJC3,,v6,200,0,a9a00de7ae7ff82b02c42487ec8f2cad212ede027ab926b2ab6a042ea7f53a83,,
Q2J0E4,,v6,200,0,3bf5938e15f4c4df17fb6b6d34d9b3dc430f3a37d04537318c73382561a6729d,,
Q2J0F3,,v6,200,0,f5904457abd2485bc136c8b3213c125f12ca1e4e5064d8f613f510d05164dfb7,,
Q2JES4,,v6,200,0,ab5da5520f3ef8a2aa502f225216a8fa9fc3477324fedd287616038764a4000a,,
Q2JFL0,,v6,200,0,719181a36fabecb0f8ccbb88464c3ed7c81bef6f13dca33826983532f0ad6a71,,
Q2K3A7,,v6,200,0,5d66438b5ec87017e71608664429e88267651a69f9db3e51b103e84490628d1c,,
Q2K512,,v6,200,0,96d5e6d9fb8c5bcdf1f57adde3adcf8ade4314c239be5bd60ed2adc5344a5c48,,
Q2K514,,v6,200,0,d3869e4c1320d38615b2f6fcea1018ea0854816767a5ad38a13ee795084317a5,,
Q2KIF1,,v6,200,0,686b66d63ec02af8034f7f620efee23001b05b9ed3b9dda0ea8dfefbb62d47b1,,
Q2KIJ5,,v6,200,0,45b6ee4d076edba9def08bf808c1483891461223b307a7dc8e5ccb0d474d22c3,,
Q2KU73,,v6,200,0,5a0cde7aa30df49e94de5c3ea9e465667b83d5588e23fbd3f794962dca49d175,,
Q2N2K0,,,404,0,,,
Q2NC39,,v6,200,0,d78011756b6236aed905ef0b770a8898901314199eff5e2d9cfd0e2f521d5f26,,
Q2ND76,,v6,200,0,e1a00f0afd3a37f47038dcece6b905a67e668d859e6f38fe18563f2da2734d32,,
Q2NER9,,v6,200,0,4013e7c6f32a3e72b2cbc725db42ad26ed09cd5185f013066a69b2534db26bd6,,
Q2NFF7,,v6,200,0,4e4d1811539cdeb4ceffab45396861ad9d7ea689cd0bdf3bf2d25a74fbeac51f,,
Q2NFZ1,,v6,200,0,81a46cb3dbf7160cb37cb8b1915a6a6b9ec381354b1cb4aaf85859f32df0254e,,
Q2NIH4,,,404,0,,,
Q2NKW0,,v6,200,0,f3274da0b4b03493047ca91adf6d175a2357d9e5d4cf4e5b9964878040953ee6,,
Q2NL30,,v6,200,0,44860ff9486eecfbe68692815a454d1b24ba43707399f5894af86b7337ab4155,,
Q2NU62,,v6,200,0,c90a002c3a3ecfecd5f1d26d2c3669180657cb95a6bdeaf5537de405c5b8d646,,
Q2NZV7,,v6,200,0,10c33af59cab22835bc99ea04bbf26e5f9c24514e633aefb44e0aca33ded4645,,
Q2P1A2,,v6,200,0,b88b79eb2f6ec240353e125b0c5e7c5baa741be433d2097be3cead3fb31f0fb1,,
Q2PAY2,,v6,200,0,cc1406fe8e4478e194742fd7bc2dbe92c752365d1453d5759ad4c31a60d389c6,,
Q2PAY3,,v6,200,0,b574a44a2f2b28374a1fd1bc94820e1b7a46049ce4a802ab9a395c898a84c3bb,,
Q2QEI3,,,404,0,,,
Q2RGY3,,v6,200,0,009b098f419cde06def1421a5fc7b75541a81e8aad168e1e77c48593f47caf46,,
Q2RIZ3,,v6,200,0,e984152b44b453cfa528bd46a0a02c52b5a24dc28346f4b5acda7a05c5e1c4b3,,
Q2RNC0,,v6,200,0,29e7e3453a041b1bfaf87373f509031ae337f0af7f8d1298b9eb3d39ba75ee7f,,
Q2RPH3,,v6,200,0,309c5c6dc0f5f59a901d85b8192491fe9142b4b68fec14342e82a9d7132b992d,,
Q2RQZ4,,v6,200,0,ab208558b0be192d78f941804e84f43c3ff3734e4bbaff84c52ab90ee8fd0eec,,
Q2RW96,,v6,200,0,422789f97d86e8eeeba9e3622cf8776bad490d44e7fa77c9946eea5fa8165540,,
Q2RW97,,v6,200,0,5f237f88bf2d7bc4306badff983aac76430ff3785c38f520c8ea7e23e97f5997,,
Q2RW98,,v6,200,0,fb53a138f5ef8a02d872d2497f8af13811afedcac6907653ec32e57feaeafb4a,,
Q2SDQ2,,v6,200,0,b84e5f1ebf73811f9fb31853a0474b69ec519c83853e676cba6e331f765bc25d,,
Q2SDQ3,,v6,200,0,5bb240cd55500491c0990965d02b43b425f43bf604216a1b724b0e0707144352,,
Q2SYF5,,v6,200,0,46a1b2ba001b97aa9cd879596d45e36de9fe5fbb2bc62ea25599fd32252d2710,,
Q2SYF6,,v6,200,0,dff262df034d5500aadd8722ebbbbc1c58587cf5aaf64a1cd0f4ae89dac22714,,
Q2T294,,v6,200,0,9a143fe41a16c12f1e334e524e8601da944f55398cbf04578eb389761e3f3759,,
Q2T9X2,,v6,200,0,740df4c727c436292130ce98749d2aef7d5051df91799d3faee777d9140cc884,,
Q2UD95,,v6,200,0,25c8f13ddc76a7b63dd2596979bb460e54553308fbd09766fd9b2229e77d8785,,
Q2UF99,,v6,200,0,571f0e8248c5c33c83aff93d306c2c1e25d52e1dd212b6e63954a79847229697,,
Q2WE96,,v6,200,0,d3304e4b1b5263d3189dfe99792a1a10003972a6b9be28b8be4cb04bdb71b02e,,
Q2YA96,,v6,200,0,aae0f0ec70c84311bd0e5ce849e847816dba6802d19942ad2485a10fb8ff5aea,,
Q2YC92,,v6,200,0,5c7a91b2fda9a8445d6aabfdaf6bc0f1edcd1c8b4d0913c2d0c6cc4bcd915975,,
Q2YDE7,,v6,200,0,e952a8479c2735ac0ac2ee9e93035414f4b71e8840eae1120eeb1ab35cf09058,,
Q2YDM7,,v6,200,0,f45d61357434f11daf2e97a57eb402e90f2bf4f25115976be7becef8736dfa4d,,
Q2YIT8,,v6,200,0,3bf045f6488e07b1bd9cfb7af2467dcdc1835e1f390212ebb03be70d99402e50,,
Q2YJ82,,v6,200,0,e6dc9c608ab8d3f8791cb9f0550e53e8174895f35dcda3f7b88615452c691b2d,,
Q2YKL4,,v6,200,0,555aaa6a7755aa63c24e2b9c42aaf276ef4950879465ebdc80d13550b6a743ad,,
Q2YPD6,,v6,200,0,99f77b58c81fabf00dea9d414d24004c799867c64707e04545c785522fa685f8,,
Q2YPD7,,v6,200,0,f98918ddbcd95800efea4e346bffb2bcfc4027b80c6c21186cfc2af771b11dd2,,
Q2YQE0,,v6,200,0,bd75dffedebe7a224d0eb31f68fde9449acff77d4feb83fe9bddabdbe8cf13d3,,
Q2YU75,,v6,200,0,8829a8076b0f1376dba6f339f0ce9e785da2bd62f4147c6f20214a8a271bc33b,,
Q2YX89,,v6,200,0,49c8f47e21cc4e6e7c2bb70d45de9bcc128149cd8ab0ed29a2438331b4886ac2,,
Q30R53,,v6,200,0,80cef975835f34c65bc96bed4d2e5f90a442fa9d8fd8fa3a7323f7c6cadf9994,,
Q30WH3,,v6,200,0,66e5e967792812c90e54f908baaefa3a5ab5a2ba67199eee3794653993d7f37a,,
Q30Y72,,v6,200,0,c5e6464806de02520fff4515a247b1cc4527914e6d2bb70ce0abeb58c29a5bdd,,
Q31669,,,404,0,,,
Q31672,,,404,0,,,
Q31750,,,404,0,,,
Q31B51,,v6,200,0,6cf734f0bb6dfde2d093cdb365e26545f126fbab7c3d04bc387fa934437f81e2,,
Q31F52,,v6,200,0,a8ad514e681d13bcfa4ca3d479ea565851571f6f283b7a7c5018e1de251a6e15,,
Q31YI2,,v6,200,0,a0938cf742abd3e0938113457dc207f011ae6d2939f94649470099e7074f50bd,,
Q32016,,,404,0,,,
Q32026,,,404,0,,,
Q32040,,,404,0,,,
Q32663,,,404,0,,,
Q32668,,,404,0,,,
Q32770,,,404,0,,,
Q32890,,,404,0,,,
Q32DQ1,,v6,200,0,0a24f836fa6ad7c2325f199d68f65bad2404172743ff3dcd0d9e871049e32479,,
Q32G86,,,404,0,,,
Q32P41,,v6,200,0,e7a7bc0ce06ff81f8e38ea1526888ccd08a919edea9cbdcd32fe71f362f2b723,,
Q32PH7,,v6,200,0,0a20f097d1c688c70a8f3aa5bd4ca184adf9bd70ab834c8fb7a02fc780d88058,,
Q32QL6,,,404,0,,,
Q33015,,,404,0,,,
Q33093,,v6,200,0,fdaf57041ee779aa82b5425e7dda5d8a68ecc8526af88b80574519b69499205a,,
Q331T7,,,404,0,,,
Q33245,,,404,0,,,
Q33323,,,404,0,,,
Q33369,,,404,0,,,
Q33528,,,404,0,,,
Q37282,,,404,0,,,
Q37897,,,404,0,,,
Q38156,,,404,0,,,
Q38167,,,404,0,,,
Q38424,,,404,0,,,
Q38433,,,404,0,,,
Q384J7,,v6,200,0,636657670a214fe8d69f09c7c7a8e69668a1945e2509f536703e469758c76dff,,
Q38771,,,404,0,,,
Q388V7,,v6,200,0,b992637f3f40b3a567a0ef05eaa64f5b4c025723d0424f8c113306afa7247f0b,,
Q38CB5,,v6,200,0,5fe03b1e49d053c31fb958e5a5b2b25b1d234c0fc797585bba1aea7326e80418,,
Q38E53,,v6,200,0,1d7fd0013b388f7960d69e52aca69f3314bc00b177cf57264b131af33e43dbb8,,
Q38Q87,,v6,200,0,7a03514e6ed51e1e785ea7edce0f0d0a00ff05070919c1adeaab5d64d851e33b,,
Q39189,,v6,200,0,8d6345f47aceaf5d3309d53c04bef36f647cb937bd326e618464a1e137672927,,
Q39BW2,,v6,200,0,bb39764b8232f674d9902534f6c63e74131ce8f684521bce1689c7a998e108ff,,
Q39IW1,,v6,200,0,85fb874b5e914b480ba766eefb0cb81ce39dd46108bd173781182aad424481e1,,
Q39L06,,v6,200,0,3b773b14a9fb314b60d208e6447f69e07f2a09d3101731533a9e722642cdd88f,,
Q39QQ2,,v6,200,0,4b41fab06495c987dbfec32d974398a2542ff882989abaaed2927631414e69eb,,
Q39RJ9,,,404,0,,,
Q3A2K1,,v6,200,0,d4f19285acb8ecfcc7abf5f53e1ee6f90d71d4d65c73472b34047b3a13f2d0f5,,
Q3A826,,v6,200,0,f4575c79e3ef52a3d6c77170693ab7ea29254cb59528c97b3ed538432a60f938,,
Q3A9J4,,,404,0,,,
Q3A9J5,,,404,0,,,
Q3AAF7,,,404,0,,,
Q3AD37,,v6,200,0,11ce30d6a0269e84ba5de60ba65b090926c0b6b5e6687db48d7da7903b5ea9fd,,
Q3AMW9,,v6,200,0,7ebf79fa99b0415327acd46a526ec5a4484906cbafa60fb104cc7de75f376e45,,
Q3ASW8,,v6,200,0,7a7ada1811ad50feca57242b88d03acb8de7089ec9d7180a6601ed01795eab67,,
Q3AVR2,,v6,200,0,9ff521210b17568248d6ee09ed1132edbe0cee1162edfc79762ea64314b3aff1,,
Q3AVR3,,v6,200,0,38c9ea7156b2a1bf5c2185a87098ac747bf2170e876c23ca39f3b81464095c81,,
Q3AW42,,v6,200,0,a403fee2545236816d504e4eb927c4127e8fac57fd99b80c3c2116e0497978db,,
Q3B7N1,,v6,200,0,d78dd176294bb4418b74bccdf0063a3e8352257b74b2a8904744909c9adb23d9,,
Q3BX12,,v6,200,0,30c1b84b120de50db839e84cc532e98f3cd847d7997013a08c8994aed2aa42bc,,
Q3E840,,v6,200,0,1901b7572e3734a7cd0bf2d5418956fc572e8ae347ee41ba6bbdf2c37989a754,,
Q3I5F7,,v6,200,0,45e621af23575ec3e85c339d3f0d1d80b0f2c24837f15cb5d0b49c1248fdafa6,,
Q3IPI5,,v6,200,0,0fec59509b2e356f7de14c2baff05226bdca2ef676cfd76510f5954612aee2a3,,
Q3ISB3,,v6,200,0,10df384967b27afcd93328fc243d2556c12e57e53a06bfdbd92cc00786ac7518,,
Q3IU57,,v6,200,0,cc2561a71934ab471de633b691af4471e994a343d1e7b46a3954af1b2a76598c,,
Q3J151,,v6,200,0,ea7f50fdb4065e2476b031e0cf7d5a12614bd1ff7f0915c1b79a04c64e85bbd5,,
Q3J460,,v6,200,0,23c363394210a5e4da7318e5abec448bcfee274782f8c433c1e6a1773316c625,,
Q3J6P9,,v6,200,0,b09c74ca296ad21920f30422f312bbc4d2b07df0b97051f94c13d0e200d380c3,,
Q3J768,,v6,200,0,78da3072255411e715b3d4a3762966fe1899ba76ccfdc2c90364f6a8e7ee96fb,,
Q3J7V8,,v6,200,0,2d9d6d05577b1b80b7010f6489faa3e87aab2884ac7f46197dfa60492dba6f38,,
Q3JPJ8,,v6,200,0,321cb97f11910035c3962ee4c99c0e7fa905d9a777ce1acaf07fe84b79edd404,,
Q3JXC2,,v6,200,0,5c2352059e4384a9c127f9e6c098183304b1ee10eec0d8c81a191ee2d899485c,,
Q3JXT0,,v6,200,0,127233c75d67cbb5ddcf8994f5e9301de4d2c7a3aca9fab99326be0ea59a516c,,
Q3KA54,,v6,200,0,4c9fc3457d8de30b0ff15ed6ca8d1990db84b0c62b6d5c9b8fcc8eb57c22ee81,,
Q3KA63,,v6,200,0,7380e6e7fb0ca4615c85d95d8bd945f6892c34524a4d4b6148c6eaefcb2349d1,,
Q3KI26,,v6,200,0,330bfc66d2a8e0ba3bc71107be5755d7011d4c6ab74f2ef2032d4ca3467652d3,,
Q3KIS8,,v6,200,0,9ca2ee0a19079ed4734d7212c685a5eec3c2ccbb3f4d78c7c7584b536c041f5d,,
Q3KSQ2,,,404,0,,,
Q3KST7,,,404,0,,,
Q3KSU5,,,404,0,,,
Q3L6L5,,,404,0,,,
Q3M709,,v6,200,0,9e9c28c697f78ad5356cadcd6aea3f6856c5244d1a19bfce8e9bce846b566f28,,
Q3MA60,,v6,200,0,acd59da57f8d3feea23793ddf5f1bb50e83295ecf4fade9b68dee6c64ef63f76,,
Q3MHL7,,v6,200,0,b89e963e62308fceef395f27372afe13ee66cd9c8a32e8749a8a48d3a3cbfd26,,
Q3MHL9,,,404,0,,,
Q3MHZ7,,v6,200,0,6a4103d6865d8c84ec87c92610dcfdb862fc8b47f67ea66a6fcda656a8bc0441,,
Q3SKG9,,v6,200,0,af22e32c8cba796b572b493ebe81cad851d39c3bff0ab7c6127a972cba1c9051,,
Q3SR29,,v6,200,0,101d1857c70cfa9244726b097a09e260395e67273252d679a608a607ccde6bb3,,
Q3SWX2,,v6,200,0,f854109fd31f6a85eafdc4be3fec0880f9644cdf179997e1dbec083ae03da1ba,,
Q3SZ07,,v6,200,0,8dc7698b85f64d4910adf8bd8e8d56307127612f0d5c6415430ba2215b26a477,,
Q3T084,,v6,200,0,291589a7df7bcb1186efe272b07019257aae93371e8204e06574a330c78e10f0,,
Q3TC72,,v6,200,0,4bda105463fbdcd9e264c4463ce5556dc85c1d1dffb155eca0711f6914a044d6,,
Q3TX08,,v6,200,0,bd5d0b853697d2b2d80b33505eba39d07c8e2e5cc7640b53cb9998e7c90d5ba9,,
Q3UM18,,v6,200,0,9db0316c246600eecf419789e4b5f754339180c81cfd0cce2dd47db674286fc1,,
Q3UUQ7,,v6,200,0,4a281bf3d9f1de4cde186b7682f66d51dd62b4206ff40602c2681cb31d3c0ae0,,
Q3UVC0,,v6,200,0,fbaceaf4a968c7823ba3e56ba378d68c435614ec72f20768462c96e32269c258,,
Q3Y316,,v6,200,0,36fb14e4b7121376546b70284468cb59ba1e4d110fece0e91d83e57bcf08c46d,,
Q3YPH4,,,404,0,,,
Q3YV04,,v6,200,0,828f9144ea8a8adf304c059f4bcfcc6ca82c8c734331223f0321af23a04bd059,,
Q3Z6V4,,v6,200,0,2b407ad0497d103ca7e3f5c1ce0d41608b6aa653b0c922b68e72082ec093aac4,,
Q3ZK57,,,404,0,,,
Q3ZYM6,,v6,200,0,99ce4f79ef2418a6553e2cf213b3ae146d5dc33b9f1e6c1302d49e51482f0f3a,,
Q41219,,v6,200,0,833122c734a8f41ccd11104d6b79148e2a84a62128876c4adb4ed9c6c20cef02,,
Q42963,,v6,200,0,fa15477b49f8d4612b5263b4cce3c1252092fe7507f62b6658da2749afc4fd8d,,
Q44022,,v6,200,0,353c0dc2d34247e3217d189a01115b6a9660665ab21a35b4607c70f4cb45ba7b,,
Q44558,,v6,200,0,bc14a5e64e4b8e64c21d8656ff7d93f6901653ca538d95f6b87986904bafaacb,,
Q45399,,v6,200,0,7f6f163346307c78b7b90a8be8aaf02f2e007d56e1168572faed29745c54c902,,
Q45UF7,,,404,0,,,
Q46464,,,404,0,,,
Q465Z7,,v6,200,0,8d502a555f941bc47eb9b9bbdc4082329a980f1a9eaeabfb63b4e21307cf1ed3,,
Q46851,,v6,200,0,1a0f7e6defd3dc6ef81c4def13f3e4e4f90f85859478544c67126155d29bfd71,,
Q46871,,v6,200,0,e272bbc9948b5bfca837a56c6326101736e7e3551c7b02ce72e74ba3b5dbb338,,
Q46CH5,,v6,200,0,796b8f15660f9ab81ffec0cf25bff6e2e5ed6f4b71979e01958d5fd790dcd160,,
Q46CH6,,v6,200,0,a6096cb2b04893034de48c900f5203fea07f528abd1720b56495ba40a5286bab,,
Q46E72,,,404,0,,,
Q46GT1,,v6,200,0,31a1c8092ce44645f7a6d5d4a4b53dbced12e691149b21ad555fffe6b104aafb,,
Q46HD8,,v6,200,0,36a1a40e7637c004ac96b9eff9712b980292dc86f75eebaec175d753c3d46783,,
Q46IY4,,v6,200,0,679d967474508d6a466bd579a6bdb65e6b85ca2b75b95deadf58ee1edd6b1db8,,
Q46IY5,,v6,200,0,f2690a3732487f4652d52cf07b38b152562d06df09b367e43acf558b24a1dc29,,
Q46VT8,,v6,200,0,7b42f0a7aea73c1fe7e9ee2c57153b185a7c0bc980ad15e24f40e16f40f0d211,,
Q473R2,,v6,200,0,1326b46b6164200c555e9107102e786454e9f7fc99fd1bee47d792f6886ba47d,,
Q47595,,v6,200,0,e7c35ae7df3ba170afe3ecce603051dd3e1f460bc1af273d9b6e75d382d9c200,,
Q47720,,v6,200,0,412ea92a18537036d671ac60968a40808d60ad033861212048d20b202b517648,,
Q47JV5,,v6,200,0,9c9b40a810f102476517c376e0d837e177d2b34c1cd7df30075ff858b4aa7669,,
Q47SC4,,v6,200,0,c5463d2b066ac4f3e51cb41567272f1b8cf455534454431e6715a4946dfe366b,,
Q482P4,,v6,200,0,75f771bcecdfd63ec2b494194a0f6567682ffb31d92fb181694738d7dddd7fe2,,
Q48433,,v6,200,0,f4068ddf9b0d72c0065865025313d40d8d1c0f446c63ba0cb9bf162617a0cbca,,
Q48DE7,,v6,200,0,f2e0bee2d4fc9f1433abcfe818375ac6111c39a4b6daea5833f0e281fbcd3872,,
Q48E93,,v6,200,0,eb19b3c4525c78f6e4d3bbf080f16c4cd6fb135eb9c358d91789ab9558008dbe,,
Q48H54,,v6,200,0,bce484eb4644ba629335d6c3f74fd7e2ce03f97dc705286656dd0abae9c47945,,
Q492E7,,v6,200,0,4d2c93c4ab96fb6ae5559ee951d897ea71e4b08514e430786d3b7fbb9a280c5b,,
Q492E8,,v6,200,0,abe5e0198d49fe23a1c32cfd9293244041d30791778a35ce832e760c17fa80ba,,
Q499T2,,v6,200,0,1fce635775e4d2d418ad5a602748b50f95af5c7e22fa22385b689995cd75362b,,
Q49W60,,v6,200,0,875d538e623e9a1459a6082bc165bd7a1fd7763a7a00b02dd52ce0e7d35df482,,
Q49YM6,,v6,200,0,7ff5c2bf3826239cc3fc0975880b3e54c6850c5318cd0ed715247275683ce0bc,,
Q49ZB8,,v6,200,0,9cce299918d47a48f9f4b30107427cca90aeeecbefa58d0f497d11b0bc1b3e4e,,
Q4A0J3,,v6,200,0,dd1361b29817fd47a85142f3aee96e18216cd50295b66f5b8221640f9cb89a8f,,
Q4A0J4,,v6,200,0,981b24c01def27852a1dbc20f72015103622fc81c79912ffe9af2849edbc7bf9,,
Q4AEG9,,,404,0,,,
Q4AEH0,,,404,0,,,
Q4AEH1,,,404,0,,,
Q4AEH2,,,404,0,,,
Q4AEH3,,,404,0,,,
Q4AEH4,,,404,0,,,
Q4AEH5,,,404,0,,,
Q4AEH7,,,404,0,,,
Q4AEH8,,,404,0,,,
Q4AEH9,,,404,0,,,
Q4AEI0,,,404,0,,,
Q4AEI1,,,404,0,,,
Q4AEI2,,,404,0,,,
Q4AEI3,,,404,0,,,
Q4E4I4,,v6,200,0,9e28bb38779f96c6bc73e26edb1c6f5743b716050f12afcd08b6f9f12dc60e25,,
Q4F8H9,,,404,0,,,
Q4F8I0,,,404,0,,,
Q4FKP8,,v6,200,0,f3509ec04490643dfc65ff57cccf33ba95b4c5caa70c487d33ffcad595f12805,,
Q4FLQ6,,v6,200,0,0cc1ec0e0b823ff391a0a697a64750aa03a86d0d14df2261a9fcec7c079943c4,,
Q4FVF3,,v6,200,0,5cf27746344574007d10c2f39b21d0710a9f1b66e39b3fa363b535eaf0d483e7,,
Q4FZU1,,v6,200,0,b685cef4c38b61e796af1903621549b26d2ac335ae252e6613b6995cb0b74008,,
Q4H4E3,,v6,200,0,602522d994b74ebc3c3b9ffe2c5ab950e28e020a7933a1b49e67762dee84bfa5,,
Q4HW67,,v6,200,0,f8ae3118b1a2c40cddc8f5a10952e4111a5a86da73682b5516fcaf8000d643a6,,
Q4I830,,v6,200,0,444b883610b2562a1c165d1b906e84bf55ec7659407d503c6ce91b5df1268062,,
Q4I9U7,,v6,200,0,457543aabc9fc4f9bdf774a7f6d48ebd6635ec510591a759cabc297401a5b744,,
Q4J6J6,,v6,200,0,0a7b2ac842dcede445bf79cc2baedb83885d30988167b3f07f429023a62c8c88,,
Q4J8L6,,v6,200,0,da97f4e0d66ac1ab436ee08618b6a57ef303fd41f916679fad6419a684585978,,
Q4J8R1,,v6,200,0,e9d3e31c047dab9214e8df19f88cdefafa92f17e5caa1cc5a06b9c79d8181d1e,,
Q4J8R2,,v6,200,0,4704de0947b4eb00928e43d25ef66eaece27fd039ac63b58bad651871b7bd35b,,
Q4J966,,v6,200,0,e9788b4c61068f24db6b116edd5febedb66bedf8617d2cb3923a2c70b96db840,,
Q4JAB7,,v6,200,0,750f3e61bc90f584beb39d9e9146c7c99d33010ec546d2ad98e89c7d38be886d,,
Q4JQV6,,,404,0,,,
Q4JQV7,,,404,0,,,
Q4JQW2,,,404,0,,,
Q4JQW7,,,404,0,,,
Q4KG97,,v6,200,0,705fb19040845e3e875957d4f2f8f089d1c59a1c49e9452b27259a8fbb261293,,
Q4KIA7,,v6,200,0,44dddd69f63c0676ced3fdfdde763cfbb42fd92bddccb431e28d68545952e5b2,,
Q4KJ06,,v6,200,0,52eee83048cb364f24b30d490b599cef2f0b42d31ac31384ddf6a790922dc29a,,
Q4KJ09,,v6,200,0,2bcbcafb1fd7fefa1e933f8677b16e607265b417fede1708301fd7cddf006ebd,,
Q4KRV1,,v6,200,0,82be8ced32be6a57e7483c7a6ef9357de92f7820f1079a3b07dd6e392052b21c,,
Q4L4T4,,v6,200,0,bf0b9170e6161289e9ec5f59444462c97b42398f2ef6e0ad29ead42d3f5f0ad7,,
Q4L7L5,,v6,200,0,557d6697f0aa5a1c28d0f379bf68321c29c4b131acdfbd3d52e74782be634645,,
Q4P8G2,,v6,200,0,04dfc84e66da4cb98ab25901c8ec0eaf47607594ea5b713b040919ab0bfae2fd,,
Q4PF70,,v6,200,0,f5122fe6c8185fd494ee30fabf6039c5c46a1a83501bb59ddccd4cdc616a9f1e,,
Q4PJW3,,v6,200,0,8307cfccbdc34947102296fbe91fad9cb07dc636ef2f1e3019b8d4c4e6fb993d,,
Q4Q1M7,,v6,200,0,0ee2e9192ea81e221b91dd63c496c8389bec2c65d2f276699601de6e5c40b615,,
Q4QN07,,v6,200,0,2d08ecf064e5327b71dc337aeea7f8100546ef0c598399f71e76817397724e51,,
Q4QNZ0,,,404,0,,,
Q4R3E0,,v6,200,0,562c90846f18621caaa4a404ad716a18ad130aa4e60f73b868b3059454391fb9,,
Q4R520,,v6,200,0,fdba2bd52646c272c4864f1eded2422cb85bc210da8121dd1ed263666aafa72a,,
Q4R579,,v6,200,0,fadc4b5b622f1fe4a68f4afb73bfae7c2180c654f48fbd429930ddfe5b4fac6e,,
Q4R8S6,,v6,200,0,ba90f75044f985255cba23d545f44e17b7403ae66f882c7aa83e699ee3c0a2ce,,
Q4URB1,,v6,200,0,e869fdb9be2c0ddb7f8ffbf04808700460f06d9afd5455d3e2fe0de948e1479c,,
Q4V7Z0,,v6,200,0,64eb3d71a69397c7b2a9c073cd9e70146b4768f38ff442e45dde1c0ba9a9d678,,
Q4V835,,v6,200,0,3f569c56e511725e891ebd57263bc9bf6e3da57334b17959afba65c2a28f3cf3,,
Q4V8K1,,v6,200,0,352966495799c88dae7936ec8b8d61b211a58cd0fde21d571bcf922c7e8b1a9c,,
Q4W8C9,,v6,200,0,745381d78660dffd51d1aaabcfdbc95a21de61af6bc1ba6404c8ac63092a9360,,
Q4WNT5,,v6,200,0,591ec0acd858993cf16a8a07ef5b2d5a55bf35a2c59e58f2d595ffb3f87ec4c7,,
Q4WPU8,,v6,200,0,dfa12709311fb11c43de9a8c0b7ac06f6b6205f2577680e3c1ad77f1f3634aeb,,
Q4WQY9,,v6,200,0,6b1b03596cdc3f0ee7a320eee39fd742c1078f5cface62369155ea36db9c9500,,
Q4WXF4,,v6,200,0,5db3802489f8b583fbf581d1471d9578a832f3428ccd0b7aba92a7e0ced87313,,
Q4WZV3,,v6,200,0,db5fc9ba5181983bb0aafffff166218732d58d1d864dc2ce55773995c63604f6,,
Q4X158,,v6,200,0,2e3fe93a7693a2a644c2153bfe0a4e44ad4faf7bce9890a8732893dc41fd90ef,,
Q4X2S8,,v6,200,0,d015dbc511d8a7dfac58c098055722f024185ab4f65f71bc8c12ee9eaa6cbe8c,,
Q4YUZ9,,v6,200,0,a71cc30b0319457514c285ed63dcba9eb126632e1db79f5ad69872b2d7126df1,,
Q4ZN07,,v6,200,0,f410d122fbd0ab90249b5734bae39c508ca7aed3a66f807da0ef3d2521dddb97,,
Q4ZN10,,v6,200,0,65f893858b8c5d8dd36e25f4d025a675e711f77483ab9a24477b229f9cc659be,,
Q4ZNS8,,v6,200,0,16ea15da4feaebe4211be5dd39a88a9b936bd95426966ba904f51eb960ab2be3,,
Q4ZRI4,,v6,200,0,a0c96b97b01b13f6715b704f8e2672bcdf290c439017de8c15cd5fb271c5c9bd,,
Q4ZUH3,,v6,200,0,a56f75355d4f20737ea4f880033255857e1eb4011808255f1fb0c4006764922d,,
Q501J6,,v6,200,0,8a820308bf8cdd853422931e90cfdf6b04aef8d5e83321b4c9eb21c891f25392,,
Q50225,,v6,200,0,128de975184833bc3d1dcaa1c60f9044776fd0bd524faa9783ec564b06181f7f,,
Q50248,,v6,200,0,b8e9ae94d154ac0db64f21b5f2aa503abc6200fc8a76c4b5154bd639c649b601,,
Q50249,,v6,200,0,e72a43744536835beebd4b7d5080970f94176a48af586dd9cebcebe3a9db8770,,
Q503Y4,,v6,200,0,64f122cee92e5ed004306c1181cfdc1d42ca39c01fbe6279678699d6ad3dbd01,,
Q504M8,,v6,200,0,cda73a0174a90069f9caa9d93ea96e3f89b122a2d37bcf9220bb231e748ec0eb,,
Q505B7,,v6,200,0,37992e4696339d8a9deba841dd68ea4853aa7dac12dc1426ea8bdac23f2f77a2,,
Q50773,,v6,200,0,31f3635cc96558103efff4d853127c49199feebc47ed774bb3acdf7dcc7de04e,,
Q50774,,v6,200,0,cc4eeff8f3198581eeb49bd8a72bb01454311c55708ce9a34ecf6a5daf0d56eb,,
Q50974,,v6,200,0,7fc2546ff5b6e7bb53a54df67391d1803aae1f65cc54a28f704a58f4a6ca2e21,,
Q51703,,v6,200,0,111f0ebc6d7f40479688ac9aad4568fa81e998aab0352b8ff9e859ef2d30e42c,,
Q51892,,,404,0,,,
Q52522,,v6,200,0,c28c1811c015bea36b6a68715db5f92b0e0d017347a205438bfe8aad7938fa6a,,
Q52523,,v6,200,0,7614caa70d8496426840635cc5ebe277f06f6252b4aee33d93e38a17e705623f,,
Q52524,,v6,200,0,c20171fe72710f39f882e927926d905ac910bfbbc3b2b32bf332c9a5bee51431,,
Q52525,,v6,200,0,0d38d46ad32b25a8b7190f694deb4d13382919e37a7fc117bb7e31edc20d378a,,
Q52984,,v6,200,0,924fa9bd5a620d6a9af9db9d4d758946151562ec5015a8784473de2617d393b4,,
Q52KJ8,,,404,0,,,
Q53F39,,v6,200,0,cc7958af733a352692ca948c5797b244b35712739f3b3d7a421b6ad50d1960d4,,
Q54GY8,,v6,200,0,32d7e6548b7ff83e90800a882151f5a21921aefc58c762f1a15d36d388368e58,,
Q54NK8,,v6,200,0,00950488e862bcaf4c98d8588e17f435f30dafdd453d185779046a775d8a19bc,,
Q54PU2,,v6,200,0,439b82b1716627bea6707465735a239c3dcb7ddf89925c8a5ccd3a75c5c5752c,,
Q54RY8,,v6,200,0,eaafd1cd7d3a47e98199437a89c6d98b995cb1b38f0fa449c3bb0f8e01039ceb,,
Q54TE7,,v6,200,0,2e034a0b9d2f3088fa0142f1cddaf5d34e581b40bf10e2e9eda95fe7782993ab,,
Q55053,,v6,200,0,29e695312ef37553dcd2f4a20ba8b876ede690788399454073dc6a6c9b39aefb,,
Q55054,,v6,200,0,05fb57d6a851049e1c705b47442d68be3cc22c6190721f7103c17e9618aa7a2b,,
Q55842,,v6,200,0,544f516200db0d920560d3685ef54017efae80123191cb6adc3e02afe74af7c4,,
Q566S6,,v6,200,0,01856e0e4ac18325ca07a63bfccd87a4a76c8da40d4bb77f2726a2576f4c1809,,
Q566V0,,v6,200,0,8456bfc4166f8315c00d197941d0cdb73886287334d79eb6890cdf32ca672c9a,,
Q566Y9,,v6,200,0,2c0c492c7b8397ae42a2f8f1f559a07a218e423b0f59a6e0295aa21ab5556cc0,,
Q56724,,v6,200,0,53d266788f32be3dc603229b53227367ab4b875618f0dc6c042ddb6844026766,,
Q56775,,,404,0,,,
Q56855,,v6,200,0,ceb40b0d64cea720fe32a2629cdb4d24b1d9a5f9f086c5db6624c1431e5eba95,,
Q57111,,v6,200,0,2fc028257bbe16f50b3cb11cc88ef66e206f2da3a3e9cc62ac159b051562ce02,,
Q57490,,v6,200,0,294d06bd112b6ebf0026deb53d313fe80f9ca6de3dc71224b6a0181929de0612,,
Q57596,,v6,200,0,a8d1cea4686b5bee2a9b942d2de17edf2a6128281318848e5dc8c041ae3be23e,,
Q575S9,,,404,0,,,
Q57742,,v6,200,0,930bb31cd88cb083a1afdafc73e2111dee28fa551ae207361a9a5b1346479c63,,
Q57952,,v6,200,0,b1caf6d6d84499ba3e1c8a8953385b4d8516e0dcbe5ee09421aafd0d288781a7,,
Q57CF0,,v6,200,0,99ca3546f0a98886f3c4e48675a3d5bcc8d05d80268ca202b12b7f932dc19fac,,
Q57GJ8,,v6,200,0,267fffaf035d851864407ab7b58611450d2900cf0e0276a97ef9140c0f7a2f6d,,
Q57XN4,,v6,200,0,0683ffecfb82ddfd5a0a5f53c9603e1bf24deb2bdb56c2e70768183de4ab333e,,
Q57YS8,,v6,200,0,4864c25b7bed0d24c31f244be0710f678940bfe9189b8906f87757c78f779f31,,
Q58262,,v6,200,0,cdbd7b1e65c237a44b53050a789421e2261f2eaf3d48262785a85bc028567403,,
Q58263,,v6,200,0,d19aa60ab68b620d6d3d9357fb87bc1fb6cf5b526cdc140c8feab5fbacb2a7b3,,
Q582T2,,v6,200,0,63f0c368d2ef6e3ec4feaa91b0674d685f34d050ce9878bf5e6fc3aeec681bfa,,
Q583R7,,v6,200,0,fd9716d3ab0d5828e149ee0baba07010874380e77d4c094c67391577809b221a,,
Q584I8,,v6,200,0,b350eff66debcae291a09c163cfa3fae26a2126c78a1372df92fb6c12f9d5382,,
Q58612,,v6,200,0,b917e7d8431eec40c5e9989c392f8b2119f04b42e91417c80ceea73ea6ef0ca9,,
Q58617,,,404,0,,,
Q58667,,v6,200,0,0220340a73e83baf528881853671d220f41067c9c77365480020d2cf8ad473c6,,
Q58905,,v6,200,0,dfcf4e697e8b4f7483e5281bd124793297bca8e61373a6ff48dbc19eff986cc5,,
Q58DD9,,v6,200,0,8a90e703312054a112db53744f2d5585c6262280746f18da91f0cf40f8158cba,,
Q58DK4,,,404,0,,,
Q58DL1,,,404,0,,,
Q58MU6,,,404,0,,,
Q58Y44,,v6,200,0,4c52fff80fdd728b5743252c6bae6053f69a949df7a64f3d63e13ed2e8da4a82,,
Q59584,,v6,200,0,c13b24978b12aa187a26bcebf40614a2b3e6a46fe303c75c36a9e7a42a7e0557,,
Q59680,,,404,0,,,
Q59X39,,v6,200,0,159f8cb6cf95ca87bd3e120b331a7879753d8f0733a06459fcdd86e9b527e137,,
Q5A0W6,,v6,200,0,6f57748c2940edfa2254033e3d2def3db0b5e061bc54853c8d71d65024a5dc01,,
Q5AV79,,v6,200,0,58587c783fbbc9f59e9f613eab98a389345fdaabd51bcd52e03d6d8e65fcde48,,
Q5BJ53,,v6,200,0,f37d9957c2ec7bd7b5f508b5795220c28e1bfef2792a54e825c9a27f838b4e54,,
Q5BJT6,,v6,200,0,cc378a868c6770f551372cf3f43a91b6d4dae6725bc4dab1875ef922b96e1400,,
Q5D8X4,,v6,200,0,78fbdd611f6df789205bf7dbe755fcdf00f63b036a9151b4c7f087d1ee9d5b7d,,
Q5EB73,,v6,200,0,4a48f470ecfbe598f4728b7942b723375051dc6b102a60c32ea344d722defcd3,,
Q5EB77,,v6,200,0,60eb3633b17c73b09221ba23ab278083b816546cecddb8fc68fd5639f3da8827,,
Q5F3W5,,v6,200,0,6be3603e84bc91e97aa090c6301ef21703162088edd828fc49b58f5418da5d77,,
Q5F5B4,,v6,200,0,8c9f0fff97b34fe26e812e76956c02f9d3c1e4730f8f62ef608975107be9cf06,,
Q5F641,,v6,200,0,55408dfdac44d275478d37fdf1557e2e562f522992fa0657bb553dc3a868d5da,,
Q5F6L9,,v6,200,0,eaca7c57d0072f05db27853750c28e2b9d3e9f78e7382f72b1d490d68b506aeb,,
Q5F746,,v6,200,0,9900f3d28fcf627279b751e43019579a9fe39da358d21bf85c7c7e8c8803e949,,
Q5F783,,v6,200,0,93a09a0cc0aa9532f116c4350e63be53ac4525d2fceba62c4c866797675f6738,,
Q5F8D4,,v6,200,0,945ce83b7a7b645174041d082fc7c3c4002878151169ffaf22e32c4be51dbe47,,
Q5F8F6,,v6,200,0,ef6519037ab44b144df1ee99ba13bc9afbafc1b1665c26f51af6e376d24b2a3f,,
Q5F8U7,,v6,200,0,89a584673eaee76296aa859a55d7c789decbfa992ea6970e9b94e661085dae0e,,
Q5F9J5,,v6,200,0,5eb4dcb0720da02f41c551af31bfc940e82e55a8c45a94514d78e823cae5bbeb,,
Q5F9U0,,v6,200,0,0d0e78e9321d02d8b19594633a4c47bec8af07ea578f18f5006cba85454396b5,,
Q5FA52,,v6,200,0,9da68f281f04a8f42a0f760698e6efe98c08af25f52bfa4dce3b5acdad4fc44f,,
Q5FB24,,v6,200,0,ec3bb715a78baa16e2dbc7ca6ed1124106c50c33243eb1ee9308b8c94bc1ff33,,
Q5FND2,,v6,200,0,2c5fefc32f4b75ae075f100162a20f6d50e97a9f3fc5bab293b3e1e365844abb,,
Q5FUG4,,v6,200,0,d213614036282f8c87afcb15385071e00bcb5181a9f80914825612bbe7c8bf37,,
Q5GWQ4,,v6,200,0,96b8bbe6f9c4c79bd6b5766401db188dca37ba8170629cb18d2625b4f8c08de9,,
Q5HDS0,,v6,200,0,a8de73072bd8343181da8e17f5c52227415322154e86bdc9a01166d359ed132a,,
Q5HEM1,,v6,200,0,ee0c1eef29d2b7bcfe1d082786f82650a77f3241c3488d84bf83d8bdff95b8e3,,
Q5HEU3,,v6,200,0,2aa13cf42931f44e6699d410c31a2841942da2c0b5473490cca4937cb65be8ec,,
Q5HGU8,,v6,200,0,3755569c96164831d82a91054f6a0aeff4295e67c99882c961c6353c2ae176f7,,
Q5HHG4,,v6,200,0,689e6a743168fc51ba745fdb3604cb3bfc96653d8a99f0de8e3baca80be125a1,,
Q5HJK5,,v6,200,0,238c36b997fc510ad268c7f7211b71835b3a616e70090d1f016f23f1f9bb59f6,,
Q5HLW3,,v6,200,0,ec2279eb63ce13647b12325e15c252fbec4ac8309267bff3a6dc81f774befff8,,
Q5HM56,,v6,200,0,27a9c03eb20ead7c68aa81a480cc2578b9fcef66b42f040a46f5c651c8c32a8f,,
Q5HN33,,v6,200,0,0c0d655875437b1f7558e3912f5421c522be18a6f69a9d9d6e4bb588bb7bbace,,
Q5HNA5,,v6,200,0,a612726f43455d80ef55c0859bd0a1636d196d1c82db23dee6004477c5bf06f4,,
Q5HSS7,,,404,0,,,
Q5HW69,,v6,200,0,0b4c675370ce00e131c7cd1d8752b45f7516187aea0a86947dfb7693470e14ce,,
Q5I128,,,404,0,,,
Q5I137,,,404,0,,,
Q5I139,,,404,0,,,
Q5I143,,,404,0,,,
Q5I145,,,404,0,,,
Q5I146,,,404,0,,,
Q5I3B1,,,404,0,,,
Q5I3B2,,,404,0,,,
Q5IS82,,,404,0,,,
Q5IZM4,,v6,200,0,1ace850aac1491c5428b8ebaff0d15700a5e8c9bfdf453cf68a07f55caabb479,,
Q5J1R4,,v6,200,0,d97a4c269ff6958dc17972b086c5b138f39075a25b7745f271538cc0deefe910,,
Q5JE27,,v6,200,0,0235c327d0c5260f998ba5636c3fd383a6789b3505411df85dae2c781eaca6bf,,
Q5K8L4,,v6,200,0,451c7d3c5c55ea72b131933f3b9746a9503d5a39b9cba0fabda8212114e97fe2,,
Q5KPU2,,v6,200,0,3b30ae46a0a1ba6ef5d6807a7f7c4e74fe45f6788f133124ef38b99f49af128a,,
Q5KTJ7,,v6,200,0,ab2bc14ddb1c3a4d45d8db1260ee3ad61709db1e3c45cd60a466a00a26f15fba,,
Q5KYL9,,v6,200,0,72b815eaada22efd008ad12a42d808aaea37903656b8df478c1a28d0001c0dab,,
Q5L283,,v6,200,0,8fa29571662fe7148404debba55d4913a72708708ff96ccc9012a92ca80ec484,,
Q5LM31,,v6,200,0,c0671953b6d3e953899be6f62540cf840904d1e9beb83c9d9c95f6345d5f5115,,
Q5LP79,,v6,200,0,9d8008ee6640b94735e66c3a402e102608af3ce7f54379bb24c21c82df6f6c53,,
Q5LSQ3,,v6,200,0,ee50d64e2143bc69138392b0e80250b483e7ead8a67b931fb5cbe87e5efee042,,
Q5M1G7,,v6,200,0,af7a2c3f6655d5f948f40d080d9a5aebb9b2a80b7f3d80740a6ac572d35eb50c,,
Q5M608,,v6,200,0,f947fd9edbc8947e5d8d7a25a480787bc148a531e7c678dd27f672e40a977b2a,,
Q5M609,,v6,200,0,2525acb893cf052f0004786ff4e0beb4c00520b8235be4cf8fcf31ad17ceed05,,
Q5M8V2,,v6,200,0,d607a452fdec252ae6cab2788a52d9d8d5b77de865a0d1102d4e34a5ea7ade45,,
Q5MQD1,,,404,0,,,
Q5NV96,,,404,0,,,
Q5NVA2,,,404,0,,,
Q5PGB8,,v6,200,0,72b21229f1f8e5a81fabe592d3f038d6911166df7e3bc35f3ef2d6f399c6bf30,,
Q5PJT2,,v6,200,0,2b7719a9b27ac06917d77c25d23f2e090cc69f45bd2785231d4c23f62a0370a1,,
Q5PKI8,,v6,200,0,a86b40ea17f73c2a951f8f19c7291fcee79f2c686398f4177b89b1f1f29824d7,,
Q5PU49,,,404,0,,,
Q5QQ46,,,404,0,,,
Q5R4W9,,v6,200,0,9b0498271e2e2cc91fe5aec4c6ee2f51de81a63799bb94aee29383700f05d773,,
Q5R5H5,,v6,200,0,3182552a74e14970a09f91d179908ee480ad575f177e129878b16ca9b14b5e3a,,
Q5R637,,v6,200,0,25b7848580122a6b164db46c59638bdc219ed4fc8d28dc6c3b36e934c15bc5c1,,
Q5R6F7,,v6,200,0,941b83445741f4291e79d180e347d55ef8aa66580369578c71d06731ea7e8d81,,
Q5R6L8,,v6,200,0,34c7a0055a965d0fb634c3891b873db66ecbf03325ab12eb843c77aca9ac7dd9,,
Q5R7K1,,v6,200,0,473b23e4e6d27d3153bc0850f269fc02637f844290d3c5e2c0cc88597ea66e1e,,
Q5R7L8,,v6,200,0,aff46ade79d5920859186945f60d4d8e55a7e0c2ea7e4d7a3d24070ef45e6253,,
Q5R7S7,,v6,200,0,043a3f7f703cc09b237f7516156d60ea8badb4519fdeb2fd5e0968628fe74201,,
Q5R868,,v6,200,0,b0d8608c78269777c807700f36a77fc891dd036bdf8c138a35c9f0d188d4f227,,
Q5R869,,,404,0,,,
Q5R8L6,,v6,200,0,2cf1ddee54c9ab7086895c96cd263f92538ce5c2c00d6ceaf2733db1cb6cf1e4,,
Q5R9Z7,,v6,200,0,89ef0d3314b7bb9635018bcf6af6b4745d99192a686be7111ce4f74f35061d74,,
Q5RA61,,v6,200,0,1646b31cb6ef1ec086bf192fe0b79952290d131eb1f3d95a8969d8edd8a58421,,
Q5RCD2,,v6,200,0,24340326ab85c4280284aa60a33cf0bcf15a1d1fcf08059bb0f4e833317a558e,,
Q5RCH4,,v6,200,0,5c204599bca36f3782172eb667d63de36a51c8500555a55869c19155884ec397,,
Q5RDW0,,v6,200,0,dacdbc8c87a6f6098f4b2e498bfe276e4cdd723c9b9977af708348dca4b103cf,,
Q5RE72,,v6,200,0,37014471fe0fe6b2133ce188ee90d57f6ef4622e835e5b02ce9359e6dbe0484d,,
Q5REC9,,v6,200,0,9012308ed92bd3cbc2cec7ef07c495bace28faf27091a232c2bae32967fd7560,,
Q5RET5,,v6,200,0,9faf3d3a18d5a88e6c881adcd24ecde7743829d602d4cfa8a1c4006614bd9217,,
Q5RFG3,,,404,0,,,
Q5RJY4,,v6,200,0,42c49f621c9f528b983e9bbda56d4414e3e4824539ce52ca2725e22ab359e21f,,
Q5SHN6,,v6,200,0,102a281c7e9dd806e4a2a7b58b8230cd2556c4ce96bc51e05d8db95e7c323b4c,,
Q5U2Q3,,v6,200,0,74a8833d335d916148bc1b2e5613a7622f9b3913a000783a13a0ee63abd3e82e,,
Q5U2V4,,v6,200,0,70e62fd2de208f7e07c076d6cf46d2dda28f797974bc54d2bc5a9fa5fee769d3,,
Q5U3K5,,v6,200,0,8e56bd0dd9172c6c123fc6e5dad6680dd6b555e0725b8c59ec0e5f53c36f1cdc,,
Q5U921,,v6,200,0,2de27f204ee69b5f49591ae698e25229daa76eef756d9547caadddfa022c4f9e,,
Q5U922,,v6,200,0,cb9abd5a508bc789722fd0f1265b3d78df1b74423fcbc328c1af993b6ba1ecf7,,
Q5UNT1,,,404,0,,,
Q5UNT4,,,404,0,,,
Q5UNT7,,,404,0,,,
Q5UNU9,,,404,0,,,
Q5UNV4,,,404,0,,,
Q5UP25,,,404,0,,,
Q5UP36,,,404,0,,,
Q5UP54,,,404,0,,,
Q5UP57,,,404,0,,,
Q5UPJ7,,,404,0,,,
Q5UPU3,,,404,0,,,
Q5UPX0,,,404,0,,,
Q5UPZ2,,,404,0,,,
Q5UPZ9,,,404,0,,,
Q5UQ00,,,404,0,,,
Q5UQ24,,,404,0,,,
Q5UQ46,,,404,0,,,
Q5UQ59,,,404,0,,,
Q5UQ70,,,404,0,,,
Q5UQ78,,,404,0,,,
Q5UQ96,,,404,0,,,
Q5UQ98,,,404,0,,,
Q5UQC1,,,404,0,,,
Q5UQC3,,,404,0,,,
Q5UQD1,,,404,0,,,
Q5UQD2,,,404,0,,,
Q5UQE1,,,404,0,,,
Q5UQG3,,,404,0,,,
Q5UQI4,,,404,0,,,
Q5UQJ6,,,404,0,,,
Q5UQL3,,,404,0,,,
Q5UQU2,,,404,0,,,
Q5UQV6,,,404,0,,,
Q5UR02,,,404,0,,,
Q5UR12,,,404,0,,,
Q5UR22,,,404,0,,,
Q5UR44,,,404,0,,,
Q5UR49,,,404,0,,,
Q5UR64,,,404,0,,,
Q5UR67,,,404,0,,,
Q5UR74,,,404,0,,,
Q5UR82,,,404,0,,,
Q5V1D3,,v6,200,0,ea2ffc97803bbd3aa91a851b42e83973dd8b29cf5ca988aa05162b28bb7f2fd5,,
Q5V1I9,,v6,200,0,b6ed78a8619a8342f975554499f2c4901779f92585833efeee7cb91c055ce080,,
Q5V2Y4,,v6,200,0,06374b6467dd11f78e9ae667b5c7a7e2559938b31722ef8f1a0f7e486563501b,,
Q5VRM7,,v6,200,0,e823be02d3c3bc8f9c751bc4da18701540b98269a689a81073014baf7b543bfe,,
Q5WHT1,,v6,200,0,49841336a537ca091c90735b4742d1de07c0a8e45a26ef226ddbbe93f74cd482,,
Q5X9M0,,,404,0,,,
Q5XJN2,,v6,200,0,77eeba5c36b1c6d43c67ec69ee146c831bf1ce73ba449e47113818a0575e15de,,
Q5YD76,,,404,0,,,
Q5YQC8,,v6,200,0,a31b6dfe65d9502c5bc1f16825f878e684f7997dc8b1258799c4ccedd5608080,,
Q5YU18,,v6,200,0,bab6da5d445c14b5637f75e19dc2f4e6b83f3074ff7ba9a0261f8ba042a0c9a7,,
Q5YWR9,,v6,200,0,575ac21b66c3ac063becc42eac7da63bc0e5658cc073805771f1a78bbc63fa91,,
Q5YWS0,,v6,200,0,bbd91b7f29cd893316f9f8c6ed7e7b6720b6121c824bca96b77f2b1bb0b69617,,
Q5ZJ54,,v6,200,0,82cb9efc3d57c36bbc69e955ac81a5279a282b2f44d57e2781e42906f568c511,,
Q5ZJD3,,v6,200,0,817d63c8f2d9a34ec0d0fe39a886779b84841bb11ab253b77bea0b52ef8072ef,,
Q5ZJD8,,v6,200,0,8bd94860284d682994b3bdb8105fe9d2ab1798276f5241b68e6785757f3a40a1,,
Q5ZJN8,,,404,0,,,
Q5ZLG1,,v6,200,0,e62903d07fd2a47fc14032061ccc28b24c1771c25315916e460af862344e45c0,,
Q5ZLR5,,v6,200,0,718db891de2d6eafb44abbfa1535bff8a69f5a436ad782ff0fb772a522a31fa9,,
Q60270,,,404,0,,,
Q60CK7,,v6,200,0,e1006a7674e5fea399dfc1a47ea2b8cca31a8b20629099da93af6343f10d1d03,,
Q61153,,,404,0,,,
Q61285,,v6,200,0,afcfda1baae382ec35adee5b6c4e9bb31f2af78e9755b069e00e923c3181c85e,,
Q61390,,v6,200,0,2e03b99723624d237bf5df562fa9e3003e41e0d54676f5984bd29d634c0dab57,,
Q61656,,v6,200,0,fc7207f8180a11d99f4af34e33e97374a743909ae9e285d5db853a7c6d16f208,,
Q62167,,v6,200,0,4a1c09a7fbbcd47dbb2858440bd4435a71aa95cc03c3edb4d8cd5b1fea5a24c0,,
Q62312,,v6,200,0,df6cec069828f431775eb39cc234f82504fa1f56a6ce86030edd338326413b8c,,
Q62HS1,,v6,200,0,b506398422ddbf261b5da757127edc96affe63c99352f559191d68eff1e77bb6,,
Q62MR5,,v6,200,0,5aafd654a840fd3d7ec9ab3754b3952c7f8e7503094155419688d88f4cfdeca9,,
Q63060,,v6,200,0,59049160f14d99b567cef225b7893f835a08f450ce612cbee7b86b9f72cf51d8,,
Q631E1,,v6,200,0,ba037ac2e5f003aea247f4fbc4e537d5f417b2ad560f7c1c664a4be0b9405667,,
Q633L5,,v6,200,0,bbd3547457fb7c4a23b12e46da50ca2fc9b1cd98938cdd7ef7c6fde665b0b903,,
Q63686,,v6,200,0,4acb4a6ef68dc0c3af2d2ef3fde67226718ecb8c6653e9496c47f76685bc647d,,
Q63941,,v6,200,0,1cda36b4b9ceb444c5131e878c900f6ff5ed2e48cd4ac695dfe040def0aa448b,,
Q63EK7,,v6,200,0,8a35ba92969723223ee2245cb7ab99cc84a5abeea2d9b9bda9635db7bbca25bb,,
Q63ES4,,v6,200,0,3c557d5a0e8a14cd6cd4d8e560e1841a38f91ce1caf0f71d151b5153a0ada67c,,
Q63PF1,,v6,200,0,8fc36ea8cf4fde3bfa831ff5193c73c813f1c491eaddc7b55464d83cc8e170f3,,
Q64395,,v6,200,0,8a167814270cc99b015bd451b4506d031eaa1301f5a4071d6bed66361933e241,,
Q64654,,v6,200,0,bf3f3028eda76ce2dbde7d3ebf686c28e8f6317d39d9121ceddf63d82577d1e7,,
Q65163,,,404,0,,,
Q65164,,,404,0,,,
Q65191,,,404,0,,,
Q65199,,,404,0,,,
Q65216,,,404,0,,,
Q65243,,,404,0,,,
Q65526,,,404,0,,,
Q65WL3,,v6,200,0,5f769bb586ac4301b1e7f54e8f8b90ac69f86bc8fe7843d114c50c75320f376a,,
Q66165,,,404,0,,,
Q664R7,,v6,200,0,03d1858e185440a83687535e53c511d0b199470c7d087a2dae47058b63d3f463,,
Q66624,,,404,0,,,
Q66662,,,404,0,,,
Q66663,,,404,0,,,
Q66862,,,404,0,,,
Q669A9,,v6,200,0,09b1c1b7e48d1b3841c26790e284dafa8f12a5e857410f3b560d109df58c8b90,,
Q66HD0,,v6,200,0,7ce87618d50a8a3cd6440f3af1442d85f847ed372cae79b4d686ee527b29ec51,,
Q66I14,,,404,0,,,
Q66J01,,v6,200,0,a7e4a10fd82593670863d16ad3bc64f083a19e7886db21c46ce8d54fb0923092,,
Q66KF6,,v6,200,0,797649c7b306116fba671b8f3a38f1a7d771ae8891b8287bd9874250a518c086,,
Q67387,,,404,0,,,
Q67472,,,404,0,,,
Q67477,,,404,0,,,
Q67FW5,,v6,200,0,fa81c6b6d94222b4e9c2815104ac18303fa8cbf7168b31303955964ac6d6a2dc,,
Q67KE6,,,404,0,,,
Q67KE7,,,404,0,,,
Q67KJ1,,v6,200,0,8842b1d8b6000efcc6ee4be97be976e1a3e4ee3dfce7710244f64726fba13bd6,,
Q67MJ3,,v6,200,0,a1912ee7a54a791772c0f7004a9dd55e309d1366507f411605892a040c7a82a7,,
Q67T48,,v6,200,0,b6fe6de7b2afd4e2e6b82f7933281bc0286df68c0b7c00c122bf40b21549f3c1,,
Q68101,,,404,0,,,
Q687X5,,v6,200,0,cecb0ab70951b164db6f7d92cc618aa579a979bca38d38ac85e46dd42697ccf9,,
Q68EV0,,v6,200,0,593b74e47f498fd7c6a293b4641747491591ef6a6c231157e755245f4dce0ab9,,
Q69151,,,404,0,,,
Q694C5,,,404,0,,,
Q69BJ7,,,404,0,,,
Q69BJ8,,,404,0,,,
Q69BJ9,,,404,0,,,
Q69BK1,,,404,0,,,
Q69BK5,,v6,200,0,67d97860965b901446d36916f1354b36cffd24c492d95d95b054c887bc039e6a,,
Q69BK6,,v6,200,0,01f00b1931d6f88cf0b38914c25fb04c23cca60a82f16f09b6fc43a5030eae04,,
Q69ZP3,,v6,200,0,9a5f5f08ee6b28538161b12636cc34cb717afc30c4886eb8d4ef87611efcf593,,
Q6A2H0,,,404,0,,,
Q6A2H2,,,404,0,,,
Q6AF75,,v6,200,0,1342748fa7cb3185a295f432bc0d1893312512fc2ecfdeb337fbecd62a8c1be9,,
Q6AFK6,,v6,200,0,2df62d9988a383bd25650143de158654b12cdb153465dd5705dbba301d986a80,,
Q6AHF2,,v6,200,0,f624581bb4c7779309d8357b7430c74924b3269889e174db1b1860e948825ee9,,
Q6AL81,,,404,0,,,
Q6AQK0,,v6,200,0,ae326d7c42603c1b10fd93d12f25685b8bb761e1ca8ffd93cf51f7a465d260e9,,
Q6AXT5,,v6,200,0,3e8cb4f72010d0b10895b720ae7a45ac19240c7f9870cd8d1f5edde92e2208d9,,
Q6BI59,,v6,200,0,ece1a6bccd1bdd02d23873fc0c65733e304f7f83c3bc4572b842eacc515a969c,,
Q6BTW5,,v6,200,0,9c77ab52c2c6c5031934ebefee34c8307c675b6bbad6544ce2ae17aecb83f76d,,
Q6C0G3,,v6,200,0,9bd23f431dedc66f0d2fa07b950d8f449003ede53114ad2c01dd08eff7cf515c,,
Q6CBB5,,v6,200,0,81162e589f9148fe7f5fe64a29329b113d86d76cfcbf1394739538ce42e4823c,,
Q6CMG4,,v6,200,0,2bc6fbac15df2f3ed495b1a13b0ae2eccd82582360f1d87b0c44b8579ad74c98,,
Q6CQA6,,v6,200,0,3b3ebc086e5664fd6493297ccb31ca7972814a1bc8a3dc8a31a505c16d46d5db,,
Q6CQQ2,,v6,200,0,fb94d6a9ff179070f9292075ca7f1a62fdcdd5649101179f7ceb5796dd391fc4,,
Q6CZW6,,v6,200,0,d437f07fa9287e31fe02c8336eccbc3521e1de508dee7933bd9573550866ce8b,,
Q6DDS9,,v6,200,0,7b7162c1e154a12060b336ffb94a0375e32934e44283113a65f9d86cf704601c,,
Q6DHC1,,v6,200,0,6deccb64b8aff134cabd29601fbad31ddf8d8c011840a62350f95ef053c221e8,,
Q6DN07,,,404,0,,,
Q6DW76,,v6,200,0,4a03c11bb477d31b13af6afc39217faefc91b422f3c006fa2604bd41aa3416a0,,
Q6EE31,,,404,0,,,
Q6FD84,,v6,200,0,f15387058135d16c7213e00361404f259da7f2f3ab0412135cd85a9c55261ef1,,
Q6FD85,,v6,200,0,0268a70de6ef37a62e05cba0f8af067ee5fac2b39cf4c65c7d49b5d99d004706,,
Q6FXS6,,v6,200,0,f3eb0f709864f3ffefbf761e4ddea137d7891753a7e0d4d327b0cb30dfd5a982,,
Q6FYW0,,v6,200,0,3b1a8ea330373dc8cc180453ac59c58b9371fb1b4061f42cf90881877940367a,,
Q6FYW7,,v6,200,0,cdfe97a723e936ee37f2daf502d932f14deb4d9fa057da1bf5e6b9a3566e9fd2,,
Q6FZS8,,v6,200,0,6965238ff2329f96aed8ba6333943f923e0106f9d2057975c64b3d401a4ccbe3,,
Q6G2A8,,v6,200,0,39ad0cd413f2e74ceeb8944ef1ab2cdf58d4bffeea67610d4ebd3528b5a8f9c1,,
Q6G3F0,,v6,200,0,e56e31e81f84e4901ab8a9e4c279b4971e42cba672ae68cac28e4ee456df286c,,
Q6G734,,v6,200,0,208c991124c68d2e726a12f9828d2911d838b7fe7cd3ce9283939da1cedf5939,,
Q6G832,,v6,200,0,f6ecdc7faf209b0ab3e8ff548796e8b39b92251b45094ad9c0307e8c50db5d50,,
Q6G8A3,,v6,200,0,082f207a10831743ecc3c770b442498937dccb9296d5d083da380b18f092be3f,,
Q6GA79,,v6,200,0,d2fdb0050db40f74478c748a8ef67a9076a0fa8c3270db297f50c18169477f07,,
Q6GB05,,v6,200,0,b1750e41ac904722b77535b035e3949cb750972d48d8f844264aceac3ed1f034,,
Q6GCW1,,v6,200,0,8cbffd74071a2ae81af6556735daa60d1f888ce50c6c6d3ccc2d0d77179a06a5,,
Q6GEE6,,v6,200,0,007d3d217cc1ff08471ed47f985819dbff19a295fafa01d9d0c9f8af4df0c399,,
Q6GFM4,,v6,200,0,b264b49a380a06e5bb2ae615f91bf1c89d300ec757879aba8f8d31f66fc6d639,,
Q6GHV0,,v6,200,0,df73b776c453aaa69142ef935c944d87b31abe632b322d0d238b48ae8bf6e90f,,
Q6GI26,,v6,200,0,32f68840eea1cfb3df175a1b6e2fd2b522252252694230107520c58bfd1a5534,,
Q6GIG7,,v6,200,0,c359861a001140d9bc1ffc995b4ae617f6b86a9ce53c1afca1815ab5e7076978,,
Q6GKE0,,v6,200,0,e93d017be76e8b2b7a2a51b16f664300cd988b7fe3c299e149f50f76062c6359,,
Q6GNY7,,v6,200,0,2dc064dc3ca1d12b6729680370a44fd8b09ff3494fc799db6881791aa02bb699,,
Q6GQP4,,v6,200,0,d956e378fa5d86cd2eb4a73ad9955f359487397cefa0c48021133f50a8304d4b,,
Q6GZN7,,,404,0,,,
Q6GZQ8,,,404,0,,,
Q6GZR2,,,404,0,,,
Q6GZT8,,,404,0,,,
Q6GZV6,,,404,0,,,
Q6HM28,,v6,200,0,360e86b3e8b9073e0fb75d40b22e8a44aa4c6c5651cabe0235554db7df7234f2,,
Q6HM97,,v6,200,0,7838de0807cc02fda0db411ee02b0390ec095bcdc65054b222550e666fed5b6b,,
Q6IV82,,v6,200,0,468c0547d92a1274802c239b13a3eaab32669558945e71a6768099391f6d9c28,,
Q6IV83,,v6,200,0,3e0728074f941598fa1578cf01cfb48c2c488c5b76fa71f3f16482fc0063767b,,
Q6IV84,,v6,200,0,445695205a86503bca312e9b56f23179813ccd1dc2b434ea23dfc023f08a04f1,,
Q6J362,,,404,0,,,
Q6KI66,,v6,200,0,d53cb2494f0e51e391ed32468cc3d501a640f5c73374a167277c1e9d89603dc4,,
Q6L0M1,,v6,200,0,8e6f7f8c2d7ae01317a7085be4e669307cb21a62cd3080b0649797032e70c432,,
Q6LH19,,,404,0,,,
Q6LH20,,,404,0,,,
Q6LWL2,,,404,0,,,
Q6LWL8,,,404,0,,,
Q6LWX1,,v6,200,0,8e63acc552bdb82dc115c18e0d12c3d008bed7b3a6a6fb8a8d547b794010a967,,
Q6LWY8,,v6,200,0,2f8d154774ea76f1c66eeac1e1446780cbc787d54df06647a1ded12881acce1b,,
Q6LX38,,v6,200,0,4d95fddc127702730c9dc7da0236b5aa7cf866b8992979da8d12cf391d97816f,,
Q6LX55,,v6,200,0,b8f41d632a5338d6147f5904d9dc5e2d39a56491f688c24673126c8dd8c44387,,
Q6LXX7,,v6,200,0,36cfe796ad080991978bba19cac25ac7998ed07274852d1f71d0218dacfad52e,,
Q6M083,,v6,200,0,1e22979f873657d00620599abe16d0efbb0f4c11f567c1fb41211debf3fecdf7,,
Q6N1Y8,,v6,200,0,dd6e38c56d412c3cc4e55722a73e0854b124e0309943862f5e111e2ba248ef0a,,
Q6N3N0,,v6,200,0,d0520f877a3707017f68eb7bb5ec606d1b78112324b4f21bb5d9ecb14243cb6c,,
Q6N571,,v6,200,0,04bd0da2cf4e7984f744f30d773341b658e792711a036fb8f8289c92ef5944f2,,
Q6NH66,,v6,200,0,ce0ee0269e239ad047194a6b57156e62fcafe432bf848bd347626f3ac70845db,,
Q6NRE8,,v6,200,0,bb5f4e348a0fbd692308ae44d1acd371d65bbb149257ae1de19499de5841ec26,,
Q6NY89,,v6,200,0,d6310cec66ec10b3e5b5b2b7622c21f3ebf43cab750187fdf5860f7d5f8abee0,,
Q6P1Y8,,v6,200,0,65e550b391c586e23d12220f49e989e3ee419f5b06c33b762bf8352f00240617,,
Q6P4A8,,v6,200,0,175fb87261f29221db06f16b86468b9eb64a4b03a8eb3c170a09df3cb74edc9e,,
Q6P587,,v6,200,0,3f7dde61fc84753f3e31ef33f87dbb7219adbd4c543c8dbcee934a1aa81429e8,,
Q6PBD1,,,404,0,,,
Q6PBI4,,v6,200,0,e40ccc67490116a7e1132f506aa102acd02fde376d58be7d293314199f452d42,,
Q6PCJ9,,v6,200,0,d3dcdbad359ce79ee3710e43efbfb98f47912926de530a57318c11b0cdf94847,,
Q6PFE3,,v6,200,0,c368e9a90960bd64cfb1a21937374a8c2eefa0389b41cf18054843b609f6eac6,,
Q6PHY8,,,404,0,,,
Q6PUR6,,v6,200,0,5e4db8d035a5d709a4d12db00cb65986a7c257f6b37575633fca3c77c9f9b496,,
Q6QGJ4,,,404,0,,,
Q6QGJ5,,,404,0,,,
Q6QGP4,,,404,0,,,
Q6QN11,,,404,0,,,
Q6QN12,,,404,0,,,
Q6QN13,,,404,0,,,
Q6R518,,v6,200,0,ef5f91c113eb89d53be31a4aa71ebf4c1a672e0f82412ab08b20a4382beac02b,,
Q6R7H4,,,404,0,,,
Q6R7K3,,,404,0,,,
Q6RZD4,,,404,0,,,
Q6RZR1,,,404,0,,,
Q6SW46,,,404,0,,,
Q6SW70,,,404,0,,,
Q6T627,,v6,200,0,ced1b81d5f36b9addeffc70f9e49a885907d88f2064f856bee1aad0f495d7008,,
Q6T893,,v6,200,0,7a7fe1fcd508270d97c8973cca2b2aa16ef3ed0badc0dac81935789a1a81c6aa,,
Q6TUZ4,,,404,0,,,
Q6U6H1,,,404,0,,,
Q6UDH7,,,404,0,,,
Q6UDJ1,,,404,0,,,
Q6UDJ2,,,404,0,,,
Q6UDK9,,,404,0,,,
Q6UDM0,,,404,0,,,
Q6UR53,,v6,200,0,eff891cfd6141c60d5552ad666051e0b03d1d971c2efff54f56b49998bba3579,,
Q6UR62,,v6,200,0,d099ea4767d969f037c647a327bd69f99228928227510a633504bf9f44022bcf,,
Q6UWV6,,v6,200,0,3a18ff0074355fc9b659c442986ce50df9b979e0577dbdae87a168cb8fb43d2a,,
Q6V915,,,404,0,,,
Q6WAT6,,,404,0,,,
Q6WHI1,,,404,0,,,
Q6WNV6,,,404,0,,,
Q6WNV7,,,404,0,,,
Q6WNV8,,,404,0,,,
Q6WNW3,,,404,0,,,
Q6WNW5,,,404,0,,,
Q6WVH5,,,404,0,,,
Q6YP73,,,404,0,,,
Q6ZM63,,v6,200,0,94d40b9000b22539cda20389a54685b3a5bc243a098393557a9550d0fdda8c28,,
Q6ZQW0,,v6,200,0,1b2b7f9eff6a5aba0c33700533bb0f8bc3ecf1a0b42f87465c9d7c942c15733b,,
Q702W0,,,404,0,,,
Q705F4,,,404,0,,,
Q705G8,,,404,0,,,
Q70KP1,,,404,0,,,
Q715L4,,,404,0,,,
Q71TL0,,,404,0,,,
Q71XF4,,v6,200,0,bf580fa39df87f6a439631bca0416c8051b2afbb2b4f0d95cc56e78002028d73,,
Q725I2,,v6,200,0,33f95d5180d0bedae97b7441b60f05301ecfc3e44cc854c3a6269279f3faced0,,
Q72CB8,,v6,200,0,c3f2a59c8eb2942ff1e54bc2997b5c6923def93530f75bfd6e894315b5306fe9,,
Q72CF1,,,404,0,,,
Q72DS5,,v6,200,0,7ae5389fe07e85cbc7efc7602a3323f55dd602c1696a3260c9db1b815932a059,,
Q72EC8,,v6,200,0,16d585f91b9b320b923d99c0da32e822b9eca1e2cbaa2549dc46da203a38a362,,
Q72SC4,,v6,200,0,aa834b7c63234ef899d9491de727246fc7cb1e4eac163e33658e2dd9af75140d,,
Q72XC1,,,404,0,,,
Q72XY4,,,404,0,,,
Q732F6,,,404,0,,,
Q732H8,,,404,0,,,
Q733J4,,v6,200,0,b9c747f823da0fb132df57554b5195392e09247bd081550ac9714ad18b70b21f,,
Q73C08,,v6,200,0,ef1229355bbb71a87cc4176d83ccc06c5e73fef31e7461d15189a517e274c31e,,
Q73C98,,v6,200,0,2a94957474c620dd9ba29f5651f6e767235650c89efee92bf1a4d4a8eb643314,,
Q73CE0,,,404,0,,,
Q73DE0,,,404,0,,,
Q73FB9,,,404,0,,,
Q73FJ3,,,404,0,,,
Q73JP8,,,404,0,,,
Q73LY9,,v6,200,0,5f0afd401ae147464242135825112da03f4b4b2c0f1bbc6dc4cb57fadc98f389,,
Q73PQ2,,,404,0,,,
Q740Y1,,v6,200,0,734414f77e7a479a1261932cd041a8dcbccd45bb9ddf8fd8a1405d55ed853dea,,
Q74ES0,,v6,200,0,656c84e1e9d9127a4b566baf4b880425cadfad9b99be2c11bb7576c542806706,,
Q74FK1,,,404,0,,,
Q74Z32,,v6,200,0,74ac1cdd5eec9f3f41d51f3e0a8705a649f88c7f1b26481f6a41396bae48ee9b,,
Q750Q9,,v6,200,0,114e3783222744579ed1b79d1d6d8ee45d0ca3b40090525b7e534f02ed806706,,
Q759W0,,v6,200,0,f2dcd2c2abb1700962c4275c4ba78d9e1fe12893e6a0e47714228fa5fb49af2f,,
Q75JI3,,v6,200,0,9b8e669ac41a23176bddbc031a6dc7ba904e5097a4821384b600d23050ed3f6a,,
Q75T13,,v6,200,0,cb92e368f56a9bb40410ef7113dafae56afb386df08baddc161c765cfd0c6b34,,
Q75ZQ4,,v6,200,0,27d35a9607a5f16bea64f85ca30c2baab7e7f96e2080852c40a0f185ba3a4c89,,
Q765A7,,v6,200,0,f85ece100f95a2e5dd1a0e0c4a26056b64258a9d68e5cabe5129c9b1b570603e,,
Q76RA8,,,404,0,,,
Q76RD8,,,404,0,,,
Q76RE7,,,404,0,,,
Q76ZT1,,,404,0,,,
Q775U0,,,404,0,,,
Q775Z7,,,404,0,,,
Q77MS0,,,404,0,,,
Q77MS1,,,404,0,,,
Q77TG7,,,404,0,,,
Q79FR5,,v6,200,0,e1d19559f334a96401e3eed571d61a53922cae13c5d6fc738761373b3d57d998,,
Q7A1Y8,,v6,200,0,354e935c85c728a9aa62008f83567020503fd528972400ac162628bc0360dc1a,,
Q7A4G0,,v6,200,0,0c679c3096dedcf7febe5ec0b162147dc97c1ef242f70b306e5cabe59fb63c35,,
Q7A649,,v6,200,0,b1d21c4c93d4e326aa867993b504b14af64b6d60be747b66fd0be6d8609de0d1,,
Q7A827,,v6,200,0,78fa343326093cf30d74c6050f8e18ff1ed7487a4337558925e703d720afe39e,,
Q7CNT2,,v6,200,0,365f617911616c067d792f3e9258f665a02a2330a4f94d71fa85dfa86a53bf4f,,
Q7D5F9,,v6,200,0,4fdf300b357bd916cea9d3ccb9b1afa8eab3cd3ba7c628ff0ac402b5972142a9,,
Q7LZG1,,,404,0,,,
Q7LZG2,,v6,200,0,fde0494ec88dece9dfb66ff78fd61914ac87d5976eef04256e265d3859f198db,,
Q7LZG3,,v6,200,0,ce571ed54e9d45fd94480f557fbb65763781589b8aee2b8b002c42e46b54d642,,
Q7LZG5,,v6,200,0,feb465d7126327b926f36506afc4fe65560b4644b1bccc93c020f0495e6c5bc9,,
Q7LZQ6,,v6,200,0,6536fa11679a415ef7a514d9a3c949969d4ba0e872e59cb317980d1f6f1fea57,,
Q7M485,,v6,200,0,25f6ff16647f110b60530c37c71bd96a5df5e4cded2aeaf2183e86d351961101,,
Q7MHR9,,v6,200,0,751273b30c2a6d3459a21b811dbd08ecdcf4f81595e16591da9ba61d1643a7bb,,
Q7MSD5,,v6,200,0,741745127cd3802b6ffd1812724435c2df18e056ecc0235fa31462e164628eef,,
Q7N2J6,,v6,200,0,b3d06958ae6f10d623d4c9c60777a288d1ef356abf001efa8743181d3b38b74b,,
Q7NSI9,,v6,200,0,b001962d6ef4522f783ca3f6379e3cf5481f7ecc45c590f07d0e676030227df9,,
Q7S9V5,,v6,200,0,eae1afe4e28776fad80b2110f0c9225e8112f329813a4873d415e8f65fb837b2,,
Q7SC15,,v6,200,0,7606fb35760740e3c8f75f7f2cf9cb154c4e76fdf4f3d8ac9d69250f18cf8173,,
Q7T6X3,,,000,0,,,
Q7T6X6,,,404,0,,,
Q7T6Y1,,,404,0,,,
Q7T6Y8,,,404,0,,,
Q7T6Y9,,,404,0,,,
Q7TPB1,,v6,200,0,f5b8f56ddb71a153cdd8453932efd1f3488b83fa3fbf1dbab2864824d18af22c,,
Q7TSN4,,v6,200,0,fb6dc24b3f52485a7913045e738709a3765bd32a400666524a2cc8d64e9946e0,,
Q7TUN4,,v6,200,0,8edb7002de0265c026199b8238f026153c3e5240d8b55e1206b180a2e7d05223,,
Q7TXE1,,v6,200,0,23ae3559d1ad37e6e31a2dd040609b4563822b7185fe4ae4c0d38602177ee89f,,
Q7TYM1,,v6,200,0,725f29f56ee125cd1b4c1e6a5137bf30a58421555d94d08824975b60b6bababc,,
Q7U3I5,,v6,200,0,dea31be8020cef729b0399a27fd5705593df05c843007d4d5d311216445604ff,,
Q7U4L7,,v6,200,0,fcce4609948203b8057579ca152c5efdaded64af145c8cdc00e67b1d6c2208e7,,
Q7U9G6,,v6,200,0,bda8b843d800e078cd1597b297aedfe502f4bef37cbb10d8cd1056029c5b088b,,
Q7V3V3,,v6,200,0,626536dd298c1059fa4ba58512df3c61aaa0c46e0a62bda528628cd79ad7c1dc,,
Q7V689,,v6,200,0,601ec30875d7a734bf37d6a99f8b66d998f10bea3a4106ad58998c708d1ebbad,,
Q7V9U7,,v6,200,0,331a37d672f2158ac3caed4af9ee4181e19d1f949b6ad085315c10f722985521,,
Q7VNA4,,v6,200,0,031a032029689475f360771fd9807e492e16b943db2172355debe1b886c8ce83,,
Q7VNG0,,,404,0,,,
Q7VQJ9,,v6,200,0,365dd00583ad6f737e74d45de093cfac978a55bad4f9065e3298bbffa4b86f49,,
Q7VRP0,,v6,200,0,39cd916bacd86e453b6c44d3095e0027894aaa70bb1b0f23878db4bc000b7119,,
Q7VRS4,,v6,200,0,6eb2989898efa61cd645cc2a4d827c34f95aae1710ab45ef9d0ab58bb9dd71e2,,
Q7VRW1,,v6,200,0,03ab2751fb2867d7c1b0a0d2055842e9945dddd7e6e010ff0a77743492462849,,
Q7VSN1,,v6,200,0,599a6abe77a6ad1109840e8f5f7899e3e4094d3f37cde94889179391bbb895d4,,
Q7VUD0,,v6,200,0,624a12aae35be693cdcc70f884e7ac405517651a9c2a61f4f348b5042fd56e2c,,
Q7VZP5,,v6,200,0,d4483e8737642766803d07ea0149898e9c48dc8e4e6bd5f83b6881dc117586fb,,
Q7W3H8,,v6,200,0,d9d86fad8d32661fa57ba97b29a34339b4fd29f2545d9b87e46be42b9960d1d2,,
Q7WEV2,,v6,200,0,a604847b6f84d63f39435e7ffd320d1dad5c2018c6ffe33e2162e18d8c554ef1,,
Q7WG14,,v6,200,0,9ed037d710104de9c9466b596ec9ef8e7971e139a3d30c26d18d204d79efa518,,
Q7X2N3,,,404,0,,,
Q7Y4Y9,,,404,0,,,
Q7YR23,,v6,200,0,c2881aa597e7093af44b72bc10b6bb7fb6bd089a007227ccd059b9f07b9ce235,,
Q7YTB0,,v6,200,0,7893c75dab0524f65262caf801bf1f708c73a41b47a92c9e0078cb439acc3328,,
Q7Z7B1,,v6,200,0,c0336660a47e1f1a52ce3834c1dfc13822897c7cbb9cd6e69843939e1c69289d,,
Q802F2,,,404,0,,,
Q802G6,,,404,0,,,
Q804E1,,,404,0,,,
Q805H4,,,404,0,,,
Q805R1,,,404,0,,,
Q80902,,,404,0,,,
Q80909,,,404,0,,,
Q80915,,,404,0,,,
Q80922,,,404,0,,,
Q80943,,,404,0,,,
Q80950,,,404,0,,,
Q80957,,,404,0,,,
Q80DS7,,,404,0,,,
Q80DX6,,,404,0,,,
Q80HT9,,,404,0,,,
Q80RC7,,,404,0,,,
Q80TA1,,,404,0,,,
Q80XL7,,v6,200,0,949ee6b22666f05bdb72cde94587fa1f4516ec9a1be2ecbc1e92ccee63b9a963,,
Q80YP0,,v6,200,0,7d19d6f4a21c37804d3846ebf01a40d35218aa45e9b4175878deecfbe2435fe1,,
Q81020,,,404,0,,,
Q811C4,,,404,0,,,
Q814Z4,,v6,200,0,f889b17b8a816d8f0dfd9077502fe810c2da1df32622edbe6e4dd4aa8e8e36e9,,
Q814Z5,,v6,200,0,fb4d8bd3a8fea58a1f14ef4a5eaa3f1d2148ff5d69ffcc70e22899f029b451db,,
Q817G9,,v6,200,0,ac0312721d94baac81a1b7de539cd42971b2823324c1d5db8e83e00e3383b009,,
Q81966,,,404,0,,,
Q81999,,,404,0,,,
Q81GN7,,v6,200,0,eabf238bc0e335d9d0f0dd08ba6ac2a759f6415f6fc06f059900bee3ca504ff9,,
Q81GW5,,v6,200,0,926a6579e30fd1d13a7de53184e44afb239e79efde5d8f05d1acd6f113ae43ab,,
Q81TU9,,v6,200,0,a7373510b71e1cdba475b70a22e7433a9fe8ab2ee74920628b47f1f4820b1c9c,,
Q81U22,,v6,200,0,84709082b25f5615a13119eb1bf47b7a8a038a63c0b50a4d1a596461eea08ac7,,
Q82007,,,404,0,,,
Q82041,,,404,0,,,
Q820A8,,v6,200,0,10cf80a66ffa1b8e1d70f964b4e324e264b85cc21cdfa1f787e87f03e64fb64b,,
Q826S0,,v6,200,0,b8e498934d687ccbc81a86282a79814b5d1708cc11207476ebaf75c1a1dce2ec,,
Q826S1,,v6,200,0,b828cf3df60054e4c6c13ff929a240b603696c72ba1db7f4224f87dccbfd5242,,
Q82DT1,,v6,200,0,749cd3461545862766d173b220858c64b0269f55e308a51fae5f3328076987f2,,
Q82JK9,,v6,200,0,34f7d777f4d2ff4871ae996b4d1a2317069e6ace84ca6ba9e6b9e14e178ce226,,
Q82JR9,,v6,200,0,c6eed0f9830d4404ffd162d41390d36dbecae005bc4916059f136e487b478e5f,,
Q82KJ6,,v6,200,0,760d7ea6468f48844f3a4d91f82411c9ff44331435c044967cf6f9da50de7ade,,
Q82M02,,v6,200,0,58e0462239998b3a640518982af9fd784ef0b192c13fe1b4a5a32a96dbf6864f,,
Q82T57,,v6,200,0,38cd7b93ca6757f8694b5bf17bbc67fd3c1a45b4955cc7151d9016f321661f0d,,
Q82ZE0,,v6,200,0,456aeeed2fb96a01c8e22bf6d418602bad95ada55195648e58a823a5f2770174,,
Q83356,,,404,0,,,
Q833G5,,v6,200,0,a3af54bae18b89f90382e6ea35de45afdfcd14e597acfa2f43c9aaa1e509e00e,,
Q83U21,,v6,200,0,e7bc5695e014f424dcc82cbcdf55e529d25131a4aeaf075d2288c35249b1b525,,
Q84293,,,404,0,,,
Q84356,,,404,0,,,
Q84424,,,404,0,,,
Q848I4,,,404,0,,,
Q84JH7,,v6,200,0,739d54a6b79a0aa76eb3a6b09f04e374074c5e7ee09af755e4837d831b92d8a0,,
Q84UU4,,v6,200,0,88e413a4b356a6e9b24c139d1cf230fc645aabc9f1e1b71af9c3325b05e54992,,
Q85297,,,404,0,,,
Q85437,,,404,0,,,
Q857H2,,,404,0,,,
Q85FT7,,v6,200,0,c8dc7be399b76be097e37d12d13b59aa2f14dd20372f191615e72d0227ee5fcc,,
Q86567,,,404,0,,,
Q865R2,,,404,0,,,
Q86BL4,,v6,200,0,9fb7d820a25067444249cb3dd5d31727ae84b453bdaaa73c7c0a508fcb90c415,,
Q86VQ6,,,404,0,,,
Q87009,,,404,0,,,
Q87013,,,404,0,,,
Q87LR6,,v6,200,0,a532d7ae0a1e4215b7e3beaafff13acab38eea8130e45edb24d40acd5770b365,,
Q87VP1,,v6,200,0,324de3fe90701f87da1805891083846fda1789ff9303e90f2cebfdb17ad7dcad,,
Q87VP4,,v6,200,0,db9e192d5474e69bada2cf52cfaa13fc5029ea421d37a3ccbf5b7fddeb752495,,
Q87WS0,,v6,200,0,31616507f35413990b02f8debb27fa4019cbde64e45090cfa9715565cf7cfc9c,,
Q87ZQ0,,v6,200,0,0c3639e05d52bc367f83f56d91520f969c3a809942fae9c7aa1943d63fe2b920,,
Q87ZQ9,,v6,200,0,5eac5dfeb77f8c1da54e9ba16f300a3a3b23a0bace6a19290b7d7d22d7dc23f2,,
Q889M3,,v6,200,0,495b2a971f85c5fd8cf34e7ae8217916e694357ce2208a7a6d068391f95d8929,,
Q88FG8,,v6,200,0,35f6393475adda39ad34bbac83920e9739ae4155abf6ed5e19d3885b8218a801,,
Q88FH7,,v6,200,0,04d07be803e1b305bc37b40592548af0244653b66ad9681347dd85f9f9a0790e,,
Q88J05,,v6,200,0,5ff2af6d6bc91b9086a8af4a5d8394c53c649fafd8bb2532436d79169949b531,,
Q88J06,,v6,200,0,83d7f3c1857f4a058fc6226288352441d9c201a799127b8a77f0c9afa5659dcf,,
Q88NV1,,v6,200,0,1f63f2b75e1d4bc73f3055dd30cac88483a92f0e978d52f433c6eeab872eb96c,,
Q88PB8,,v6,200,0,6a0cb026f9eed6682fc59541be33a13e3ca308a3ea68bb431f6a14c0a42abbc3,,
Q88XC3,,v6,200,0,fe2dd170570f7fd425d007e2f04a5a52c15dce89ac46735d02718904c387a127,,
Q89121,,,404,0,,,
Q89187,,,404,0,,,
Q89269,,,404,0,,,
Q893S5,,v6,200,0,4c01394ca17ac37cbcffd1f31f607edef6ddd110e77f8c3e02b14116ad45693a,,
Q89443,,,404,0,,,
Q89536,,,404,0,,,
Q89576,,,404,0,,,
Q89662,,,404,0,,,
Q89940,,,404,0,,,
Q89K28,,v6,200,0,f220f11237c8ec35fc51b59f3064089fc80b7fae9a659a3222cf448e3a6a2ca7,,
Q89UG2,,v6,200,0,2f944509d2db44228a5908e5d5290f62e509943ccba9a72ae2464b312388f498,,
Q89UG3,,v6,200,0,6f5803b2b3c26742a244cc065f4a5662edab0fb00e8e6f89980e5a2efe2b93de,,
Q8BB04,,,404,0,,,
Q8BB16,,,404,0,,,
Q8BB26,,,404,0,,,
Q8BDD7,,,404,0,,,
Q8BGB8,,v6,200,0,0798242a7a8ca824d552f93d58023a49dda7b4d086ad243f0b8352bbe0ca5d3d,,
Q8BHC1,,v6,200,0,446393008904289b07759189a6396d915632e86432051e4816a8305c5f7d441d,,
Q8BHD0,,v6,200,0,97555879ceeda88f3c58662914cabc418780291812d9fccc780f800d3a76687f,,
Q8BHH2,,v6,200,0,a70b5040a5b4f2756ad34641e9b06df212881d27f834d1e3239593c907b02edf,,
Q8BHT6,,v6,200,0,0a0f2af4c92a228358a42dd0f6da2ecd125987f552f67fd975ea9a4784c50c45,,
Q8BNV1,,v6,200,0,e6a8b1baf98296e598937d6ec0cbd9697d0f3b4ffd82fff9d8ed6748f5430840,,
Q8BU27,,v6,200,0,5236b26ac70a0827233991448caaf9c96128c9930d6b16a1e1870b484c2294c0,,
Q8BW41,,v6,200,0,0cb070b45bd26fddfaca216df008f619ada5a0c47103a03581597f85a4c7f6b5,,
Q8C398,,v6,200,0,03e0bc87d0b8dc3ef1d99c8f1fb18ce153899bb3a83a1bff768d9c6edf280c2c,,
Q8C7K6,,v6,200,0,b3b60f87d4d97fe99c1b5626ce906a133e5a5de16adf4749c5ace014532487fa,,
Q8CBY0,,v6,200,0,1d6fd00f5fe4dc309ca6b00e26e73c7676bbbd6cc537a20c5004f51b3a7d137e,,
Q8CIW5,,v6,200,0,effb806a98cd23bbb7931f314988bf40871e37a196bb7f7a18339c95fc2f79ee,,
Q8CND1,,v6,200,0,d8b2706d0516ca28a96b42986b1b9a17c7f272fc5c76dbb08adc8432b52ef15c,,
Q8CNS1,,v6,200,0,37a68d479ff10dfd0c93cbc6496bf0f2d305b5d2c0e7c59f258b5678b6f6cb14,,
Q8CRK4,,v6,200,0,27063673c33b844e960e3207a4ca436f13c2e251097ad92f15d8573f07f250c1,,
Q8CWW4,,v6,200,0,d8c5858c758a7df3df8a4d8d9e7e66e27234406a4c2996b16aacd0cb7c440185,,
Q8CXZ8,,,404,0,,,
Q8DC44,,v6,200,0,5d64b7d8f3ff3eae1bdc16f73f1fcbc3af98f53ff0866f31846831179d8d3b6a,,
Q8DHW8,,v6,200,0,c2c35b1833e16ce9578469876e8ecc4080ca354c7e44fc21839d4f440dde2daf,,
Q8DK85,,v6,200,0,029b10573fea262eca9f07d5b45919774ecd50bddcdd8548578f66c9ee58669b,,
Q8DQ04,,v6,200,0,4b04d704721759701e0ecf5c3ec179b411e9aca762f8b237ab4a4628cd83d7e2,,
Q8E280,,v6,200,0,6c0ad2ba8f54989785d59d17b5509a3f36c70f18563ecd1a9680b66570c7ecad,,
Q8ERX9,,v6,200,0,b192c3631966f392e57bb33e7fb9594016c0a174b65ebb6f108cdec99399b994,,
Q8ES79,,v6,200,0,f524d0e7c072a3f958782b517da88e8a1507c20feb958d703cfa37a2ee0952d9,,
Q8FDI4,,,404,0,,,
Q8FHF4,,,404,0,,,
Q8FKG1,,,404,0,,,
Q8FQX3,,v6,200,0,db9dab9ad321f2ab5063fa923f91ea9a45251d6945dbc16ea628d3c1122c5220,,
Q8FQX4,,v6,200,0,8a25a42366309eb7a8c505cbaced8fd0804a366b24999e16e1738d2166a323e2,,
Q8FTB1,,v6,200,0,8628f7d44a5d67216aec7695ec26df680e64b41e2889a836a9bb870c10e761b2,,
Q8FXK7,,v6,200,0,449895dfdcbd089a28b60deacb3e5938b0314c03ce05c26da3a3d4f21c43e10f,,
Q8FZW4,,v6,200,0,5f6388c74e44e93c4f5f6422091820bacd17c6cc9ad6d437b5d26f1e1fd4ca87,,
Q8G2P9,,v6,200,0,7334ef79c67b6718c5d2719c5446754ee83e306ad84e70e4c77c20078045ace8,,
Q8G2Q0,,v6,200,0,dafd15f9c289cbdc5d600bd1454eb976e7cbd4e650e67b92ba6d0171195132c8,,
Q8G767,,v6,200,0,2fabadc9b29d7f5e8fe0ea7006a0a5239946f079ef65b3f56da36c130e34103a,,
Q8GBW6,,v6,200,0,8ada452c6a844cbde35482eb9734fe18c42627bceafaeac20c6f1d5ef261175e,,
Q8H215,,v6,200,0,3682d70a24a9ba0930bc120dc1c8082bd0cdd0d54812debdb81a26ada7334271,,
Q8ICR0,,v6,200,0,0d57374e672ba46c02ab4afac5b5aec8b21ec16ecae461518499a53ef849363d,,
Q8IHZ9,,v6,200,0,88ecda3fa707ff2ff38b0457b518e2672660009704e04af486e573c03f843e6a,,
Q8IJ32,,v6,200,0,77a8fd3a0a60caf4a64b319194d38167591b396615906e8bea1e255854f869ea,,
Q8IWT0,,v6,200,0,5830a296e84333c18093e1008e6b51076e737838b98c54f2ee04cc10c5dadfac,,
Q8JL72,,,404,0,,,
Q8JSP9,,,404,0,,,
Q8K0C4,,v6,200,0,bb9e6d81429f3f44a965c5e067cbfda333cc8692ef61d8f425c59ba6fd371ff4,,
Q8K1M6,,v6,200,0,e54fb9773750bfdf477df96a7f9d95e441af35943ccb2c6e4b3c569d44ea75f8,,
Q8K386,,v6,200,0,fe046d59527575033cebd0af39f55531aa33069819d562ad8b8b7530a251ccf1,,
Q8K9X8,,v6,200,0,b340cf148756bca7e1bdab3f7e93761ca9bc0388a3922e08a0d52fe0a53b7e72,,
Q8KAZ0,,,404,0,,,
Q8KBX0,,,404,0,,,
Q8KRR5,,v6,200,0,a7f18fb89ca66499fb7582bcaab83f2df52282ccb9623c22d7ec69292b572d37,,
Q8MBG5,,,404,0,,,
Q8MBK3,,,404,0,,,
Q8MBQ4,,,404,0,,,
Q8MIU0,,,404,0,,,
Q8MJ14,,,404,0,,,
Q8MXS1,,v6,200,0,bed42062265bf726f026e02c440b878bfddaff24debe8a6c6a61a6c54276e332,,
Q8N490,,v6,200,0,888ca789a9796e5f091221f848edda334e3ac21f9c09a104104fbe2de813d238,,
Q8N4Z0,,v6,200,0,8624708630c5f287ae01ddea61ae3b17ab141b590474e5d39aaef4a36b21ff86,,
Q8N841,,v6,200,0,3bff8a780f3269609668e633209526ea88a89a39886d7bb47243e8b9e14a5f57,,
Q8N8W4,,v6,200,0,1f2af6a27678d77602696be57b60ee0ebb7c43a80f4e8841c11e465f64b32022,,
Q8NBM8,,v6,200,0,22afc077259923333881cb1dac7ce0955744d2c09b98f0f2f6e378ac52533a79,,
Q8NBQ5,,v6,200,0,6fee29723aa3cc6b3491686bbf244cdb8bcdd5414166f256c3fd4a4218bc419d,,
Q8NFV4,,v6,200,0,2bc55f2f1da2566d71b3b5c081278171a4c371a58625c62ccf11a38786db2ec9,,
Q8NHH1,,v6,200,0,54a2013d715498a97a13b6e88fe64aafcb6f4366b0fa28a564fdb64ea064b223,,
Q8NHY0,,v6,200,0,423fdb1120772f957dd1128a34c252f215433e3f7909e0f79b773d23eeba13c2,,
Q8NQA1,,v6,200,0,a9be7390b522d2820a4998595dc9ad24ea9b66136d49e2025a021cb0c121f340,,
Q8NQU4,,v6,200,0,ebced8ec2afd3555183a28edf798b26fa79d78c8d0ff02294c9ce0fbaf92f431,,
Q8NX62,,v6,200,0,89d97c7a1b8db667336e096a3ea293d06a8c89c38940a749a01f3cf0da17cae6,,
Q8NXG7,,v6,200,0,e4d934e3d75b632d436fc19948983993b736c42028ef87a0b9367c95c8a8f052,,
Q8NZL9,,v6,200,0,e08d4dfa627c2842ff4533cc141ba0e72180c72d08e9326715e58c6080b7b4e9,,
Q8PC73,,v6,200,0,9f8efb7f79c55bbe9315ea507d4578f0a9c6b11cead434d2b78bf7a0e095206a,,
Q8PU50,,v6,200,0,e03456f5892cf594d4c70680c115df99b094c55a919e93f41be523435bca62b6,,
Q8PXA0,,v6,200,0,c6209ea50fcedcd9084ece977d5d028b067deec446852001ebf9bb17bac456ff,,
Q8PZ49,,v6,200,0,1bd9862655c6a7477b50d9de31be6c61291a7b59169304dd14173fd428fa6f6c,,
Q8PZH6,,v6,200,0,e8d5b4ae3dcff8ea3b0a18bba9185d059709f1ac64a05b2806bfdd07c7ddc1ad,,
Q8QMP8,,,404,0,,,
Q8QMQ7,,,404,0,,,
Q8QMV9,,,404,0,,,
Q8QQ21,,,404,0,,,
Q8R0F8,,v6,200,0,d00f8451dd16333cf06c132ec10b3d8853dbea0f4259573bcdbcd2faaf9d2f89,,
Q8R146,,v6,200,0,e8b702430236756854cbe55417e5433fcd4ea8a37c4b4d1bfbcfbe5ac1b8140d,,
Q8R8W3,,,404,0,,,
Q8RC41,,v6,200,0,146248cecf1444ba9cd499464796ff9973d028cfde6d5d317dc0bdec353e2f09,,
Q8RDK1,,v6,200,0,a346293845f49cf26fba7d0bcea68614b0888cedfeefc37386ae160cca0f973c,,
Q8RP98,,v6,200,0,7d59fef28e9d3aa2381b5a97037b9292e90155e53f781274f7aee556c7bcebf2,,
Q8RPY7,,v6,200,0,741b248a0c7fbe40ff625509db4889079591f47c342d1b49089027812796da33,,
Q8RQD2,,v6,200,0,6a5f082e88419eb59726c4c80db364229fdba20800b0a99ab892503a6d8bf7ff,,
Q8SDC3,,,404,0,,,
Q8TFG7,,v6,200,0,015bd89ca3605748595563515eeff65c8bfe8ada6e1b4bd0f06a5f68f5828c88,,
Q8TJZ5,,v6,200,0,7250e69d1b4c629f7333345da755792a0b7f0f1bd6a14693ccea00e5daeddf1c,,
Q8TN68,,,404,0,,,
Q8TQQ6,,v6,200,0,7da75fc9bcd48cb7a94aec96377df3624dc74838c619e668b65eb0838aefee0c,,
Q8TS72,,,404,0,,,
Q8TS73,,,404,0,,,
Q8TTA5,,,404,0,,,
Q8TTA9,,,404,0,,,
Q8TU02,,v6,200,0,4172bef92278ba2e02362ebc9580b6172b383e0ff78b555a7dfe300b4ab1b356,,
Q8TU04,,v6,200,0,376faee507580796eb9e6f937bafdc8a595c3766d8679677f78ba1b75ce85175,,
Q8TU05,,v6,200,0,d380ebfecf2d2d91fb81c234c83c5854d21745993fbaa85d41052c7d96d5bb5f,,
Q8TUV8,,v6,200,0,95ad155e467a4824f1311b4b5b4a7612649027411876f1cd87a8d0343dae0f80,,
Q8TVA7,,v6,200,0,1dcf1830ea9a307f957a7547fd792e81ae682b1f7bac826c05a18720f3e034c9,,
Q8TVE9,,v6,200,0,e5b63b63ab2408dd97da9ea6eb9678761a2c828745d5770a7d2877a8156fd85e,,
Q8TVM0,,,404,0,,,
Q8U0B9,,v6,200,0,6f759e9a9b9f8e400d55651fb8ea94ba0ae19b40d5f0397fd84d209678db062a,,
Q8U4J0,,v6,200,0,7dc1e8011e58632fd88d95413bf653c77593d153cf83701470c8d4a9950b2f02,,
Q8UC22,,v6,200,0,0c99e6547a1a275d52ef79f23e812c3e31dc21427778dedabef1bb2709901171,,
Q8UCS6,,v6,200,0,9083dd4324357d111a8edbe79ba25544c6fe1a8fa58c569657e65af8a9373e85,,
Q8UCS8,,v6,200,0,4e066fc6a5d986aad101f7004b4c8825b31504d22688579a820a2c2872122a06,,
Q8UFS9,,v6,200,0,76026cdd2c9e0928b531a170f343602a92234a37b5509459b40e56feba80909f,,
Q8UVX8,,,404,0,,,
Q8V2K9,,,404,0,,,
Q8V2R8,,,000,0,,,
Q8V2Y0,,,404,0,,,
Q8V3U0,,,404,0,,,
Q8V437,,,404,0,,,
Q8V4S4,,,404,0,,,
Q8V9T7,,,404,0,,,
Q8V9U2,,,404,0,,,
Q8VCI0,,v6,200,0,e4a82c3599a5e575caa6de47c8f2024f62dfaa2e39bd109f3aad72e1d154fb38,,
Q8VEJ1,,v6,200,0,9410496639e33a368d687c7a67a78a33ce2f05f95ea164ec0db54bc174c2520b,,
Q8VHP8,,v6,200,0,6c88efaa2d43c94f59ddd43c4f5c1279736eb40e4a12d3340bc3763cda9872da,,
Q8VHQ4,,v6,200,0,1c66efda318efcb2836ab02badfbe48d604d0b07374b3498560eb7f4e24f6ef4,,
Q8VID5,,v6,200,0,e69f24478c2cf8db77fb3f792458778493beda1fcf8d2248c1b592aa123c3886,,
Q8W3Z3,,,404,0,,,
Q8WMS6,,,404,0,,,
Q8WXH6,,v6,200,0,f85fd7314d88d7888a5ff8544c7c867c3c5e5623555cc8179ea1e9ff9fff1025,,
Q8WZ82,,v6,200,0,615f78789fcd01995dda39bd4b68f27d058efaab34c77d981c9d9ab156034dbd,,
Q8X643,,v6,200,0,0bd1beef3ed9e3e9af3f0e7acb016d2e69862c3477d0a836ce40ba9dc2d6110e,,
Q8X6R3,,v6,200,0,a402bd993c557889d483d321c2b95fbd05beea788884b1045b2f95e77ec6a6d0,,
Q8XAG0,,v6,200,0,26706151d29560d387e6b2f54b165e02b2d58647e71241b5ef100f078a115c94,,
Q8XAG2,,v6,200,0,735720989f6eb8dc888e46fe70cdd6c61570c92f89ceae4a0e8580ced199561a,,
Q8XAZ4,,v6,200,0,48e6609c30632a6c4bb8008573896bdb0a5862941fd19144bf08243ac6d78a82,,
Q8XE07,,v6,200,0,99691698fb0f7e5828e2d3aedad35ea06f2f6a2607568f8d241b1948d77881d0,,
Q8XXR1,,v6,200,0,34f613243c15f1e4c6b6b134a960f00d8e7fc4b70d4f00bf8ec848b51d2af9a5,,
Q8XXT0,,v6,200,0,507afa83d3ef956ffc7cfbbbbcf70c4e229c569fca4c5964f253365e87ea922b,,
Q8Y3C2,,v6,200,0,26834782fc69a83bd974b3e84815c19577ca4fecaf96e79d61ea7ba8f14683be,,
Q8Y565,,v6,200,0,861347824fc90eab22f60008b50420718550c3bf7d35ede7d423eaaf32de1a1a,,
Q8YD09,,,404,0,,,
Q8YDY9,,v6,200,0,1feaf031d50257fbbb0e8ab7ef6448c93d02a1d313c4d6a0951c6b0934588e41,,
Q8YDZ4,,v6,200,0,a3a0836fd0b49974290f95c7c57030a7c28ae2e40e95a5440ad95c00779564e9,,
Q8YF71,,v6,200,0,d6c0a39f775060c480b263a304f397402421cc7030f1ac74e2ac8330bf354a8d,,
Q8YHZ6,,v6,200,0,0cf9cb9c8c7289c60cda9467c03af95fd03a721eaee2c4a5eaa62a958dff6e81,,
Q8YI91,,,404,0,,,
Q8YNL6,,v6,200,0,52c9014a33808ec48a9ee5fe577a5bb7254024ed891dee6a447bfee7ca151bf9,,
Q8YQZ2,,v6,200,0,77218be95e3dc82e4ddf66f68a2dcb87d2565f11b173feaad4ebb647f31a0169,,
Q8YQZ3,,v6,200,0,5d4fa585e664875c8e129910e767e8aa21afef1100948153f4cfd36262508dbd,,
Q8Z171,,v6,200,0,361f543a86d0094dcab1651ee530487ef4b05c1e8b8e9975755fd45d624a8d31,,
Q8Z3E4,,v6,200,0,3f69273b56a3f6b88f472049ba985e4247c20d4d4b10a7d47b1580c25e25dd65,,
Q8Z9M5,,v6,200,0,1e54b8b1741e1d295fbe9571255c8c29184ebd1e0d5ea47143c855c22707e56f,,
Q8ZJB2,,v6,200,0,a02295d071474acc7c1da3aaed9806647e5aa1d10a983dd13fd6019f7f0aff73,,
Q8ZK89,,v6,200,0,318692106fc7a797058c0f730f857b76a281faeed94dbbcfc88677e6bea9e565,,
Q8ZNR6,,v6,200,0,b7cb47b1676b47947ee1731afe40122e979bfb978df871118ddf11885ae0e380,,
Q8ZQ52,,v6,200,0,46cda0da52289045fcd2e8f59e9a30c9c5247d629c07d06280bffb98a0cf549b,,
Q8ZR64,,v6,200,0,e6a7854de6d14b588b315fd104a9e65ef3fd8b6fc3e8ea28df72059a8c00d6bb,,
Q8ZW35,,v6,200,0,a9f5646c17566702a14a63e93702e20461aaeff414320bfa17524cc4079f5f93,,
Q8ZWK3,,v6,200,0,989685c5fffdff95151b101982cc8da18f93f8f7274a21c35bb6409dba5ccbb9,,
Q8ZYM4,,v6,200,0,4cf0387af6f168fc0c88aad2034c08f1994a8a298a49b2ca273f577060482106,,
Q90029,,,404,0,,,
Q90030,,,404,0,,,
Q90033,,,404,0,,,
Q90054,,,404,0,,,
Q90185,,,404,0,,,
Q912W1,,,404,0,,,
Q91EK3,,,404,0,,,
Q91F87,,,404,0,,,
Q91FD5,,,404,0,,,
Q91FE4,,,404,0,,,
Q91FE8,,,404,0,,,
Q91FH7,,,404,0,,,
Q91FS1,,,404,0,,,
Q91HJ9,,,404,0,,,
Q91V76,,v6,200,0,602afa954870b9d3c5f7fe821e2a950446c6a255610da988af28e9856842b44c,,
Q91YV9,,v6,200,0,1f4b619d13856b5f939b4e07f0b0da137a99327b55b02e55ce0c474ad1474cdc,,
Q91ZI8,,,404,0,,,
Q92060,,,404,0,,,
Q92116,,,404,0,,,
Q921E2,,v6,200,0,5420f0f6250d9bc5737e31bbd5f2995482a41a1c26c7539ce2cecb4dcfdd5f85,,
Q922H1,,v6,200,0,bb39b8076c6ddee06b4b8035f0361ff913508d17bd76ba9bada7d93d72c6f5d0,,
Q92345,,v6,200,0,3e525f14a0b2e402c9006390a9a002c49653aa272d595ebc8fed1ea274742921,,
Q923B6,,v6,200,0,0f7c1720a1ce74523ad27ef7e7a0b5397f125705c4f6ed59a3d458984565079d,,
Q923S9,,v6,200,0,fe30285f4fe1afa9196de258fb49bf868517aae467d11726c9658bfdc55f7029,,
Q92526,,v6,200,0,931cc405ae13185be6031f762eaa20d2d6f0b8e7d33a97a66b46b1fbfa201e71,,
Q92643,,v6,200,0,b2510ae5f4293df6e80eb88c0e729a730bcc61c65906aea6c859fee0a7a74a49,,
Q92813,,,404,0,,,
Q92841,,v6,200,0,0855ce636a3933941b8aafd2001bcec019b4f75c42aae1736eabed328e123fd6,,
Q92930,,v6,200,0,a033159073292fe38aff474035ab9c012e129520d57f9e1e8ecd71073fe707ed,,
Q929G2,,v6,200,0,9aeca5c0c609afc483680dd806f47d10c66c0507eb8adb4b53522fc6b511aa35,,
Q92L66,,v6,200,0,21ebf32a91a1ea1d5e95ec88449f0453f320641fb63c7af2ac7433cded72420a,,
Q92ZP9,,v6,200,0,708f62ecd51a59fed36ce17b67f9e835af7bd4141deec84f2c4ebb1010708daa,,
Q93070,,v6,200,0,3ff3eb78670a12c0d007b02331bb18bca790bf0d1cf455b82e2f070689086d7b,,
Q937Z1,,,404,0,,,
Q938W0,,v6,200,0,d8a793d6fcfb69167bff67664810196e9ab61d4c54d8f3a4815ac2cb6a7469ec,,
Q93A90,,,404,0,,,
Q93JW0,,v6,200,0,2765779160f703520895f78818de1cf71e5c9c0c5acb7873803fa2147c7e6432,,
Q93LE1,,,404,0,,,
Q94497,,,404,0,,,
Q94MV8,,,404,0,,,
Q95M18,,v6,200,0,0e9f3440a39b189e47b13a7fa7dc68d76f24e1c5346f6d523fa3c6751012f004,,
Q95N00,,,404,0,,,
Q969Q5,,v6,200,0,1a026ee0345b410b16d1ca72b0ce76806a130323e1fe409daea126d195482cc1,,
Q96AX2,,v6,200,0,69fb0421269453a6abc76c8ea015daad36bf308e73a7ff14fb61768b3af8fabb,,
Q96DA2,,v6,200,0,934ab60a10f8897332b2cb6f7dd584f0bbb31bf90ea93b11a2b7db07369b4091,,
Q96FC9,,v6,200,0,661efa6fd5aa19661daf1ec379c0a3987fc7993df7603693a0b0383baf52d629,,
Q96FM1,,v6,200,0,a11fc644fbeaf79e2e3898379ac986baf43ba15c8d3c166a8e396d0d0a117df0,,
Q96GQ7,,v6,200,0,748fc2d1c16142f73c560994df3ac41da2b1f6ef0e1e97d2fb67676ee42a4c63,,
Q96H96,,v6,200,0,896c172a1d3ccc366eb9723468e7cf1e59edd8472e9c5a64cb8dc034f348277f,,
Q96KN2,,v6,200,0,82e447210d6fb9181bd7af335b0c32173e51e391abc0b5db72c4f78406476f28,,
Q96LW2,,v6,200,0,4bdf27ab858a54420665f8bcc0b2bb0bd798d66a29d3a3a767f9fd8e0d6d4f52,,
Q96MI6,,v6,200,0,cd13b47c44cb82ee0e1e5e32d87d578b3001ae8ec24f4d2772d21b4ca3eae05d,,
Q96S21,,v6,200,0,c1dcb5030c71db1c36cf11b576154e4030a7ae98b955d2860df024fe7fde3213,,
Q96YL0,,v6,200,0,e6964a8e4d18d94f3352de08938c4f4759e50196a1ef5b2e4932930f1c011148,,
Q96YR7,,v6,200,0,9047304baf7adba2478a1f9ba85e095d2eae96e20e7b9d87415a77f92bb5c7d9,,
Q971U4,,v6,200,0,0cc5ea1cf3e82429e1b99b75511beb6ef7d88541742f7257ae61ed059795710f,,
Q972V9,,v6,200,0,4e4e8d8505e8b635bccd1b5d2a133511046c96ce2a0dd876a700c29460756fd6,,
Q976I0,,v6,200,0,0126b221e0573e726287762dba7acdb6660747d82d265bc3850ba0d5a63e1f79,,
Q979Y7,,v6,200,0,aaddb9b7c7ebb0868de3a02cd625d62e23eb2827890a7503f09bf17badbd5d90,,
Q97AR1,,v6,200,0,aad6633b68e308986f3312ea791971a8f143c2785023a294a27c95a5d6dd8f62,,
Q97CT1,,v6,200,0,0421d4a189c364b5d9a14d3618cbb026f4e64b2eb309394f2beda9bd8ef92c8f,,
Q97EX7,,v6,200,0,23683abd9998085f0a38463fd7e2bb05c1b1be83612d320ac10b690a6b8de20a,,
Q97R30,,v6,200,0,f9c514b89185b6d10b075bef5c6bf5e20eabb908ae6522cf205f585b528c2b03,,
Q97VY3,,v6,200,0,51b7065e9bd895c95831a30eeffcaa0b7c25f841368b54af9f45d183480e8a6b,,
Q97W36,,v6,200,0,4382be2513e514551a3a55484facea13d88c0891301b1e3965422d0893a1ddc2,,
Q97WM6,,v6,200,0,0d2c73897ce145c142cacc28d5b3f279d38eddba879071ab70c1cc734500bc15,,
Q97ZG0,,v6,200,0,25688fc60fce70213d67fc155919ed5d00a93090f32b717c9374fe6cfd08c8d7,,
Q98218,,,404,0,,,
Q98234,,,404,0,,,
Q98267,,,404,0,,,
Q98500,,,404,0,,,
Q98829,,,000,0,,,
Q98CY3,,v6,200,0,940e398cc5a0f374142564a3ca84d4ae1392d870ec7e5402dafed39239850838,,
Q98CY6,,v6,200,0,734dfaa24a050aa142016864c0c798614f95f5ae1f39cbbec3be3b8eea7d1ce7,,
Q98E92,,v6,200,0,84d17135c1b49b3a0c12d7851a4976b1b891ff9809a50ecc6b8860f40d89be59,,
Q98M93,,v6,200,0,7a12eb3e4a4a96b2a91b75fac86a731460172e4ec6108d290a7ce5b5a860a772,,
Q99611,,,404,0,,,
Q99CW3,,,404,0,,,
Q99LC9,,v6,200,0,71fabcaca270734824fe4db2ed7279f131b8fc3f9081d5b20d374dae75bb9b79,,
Q99MD6,,,404,0,,,
Q99N13,,v6,200,0,50faf7084c4f46f019d53c71e0cceebdbe5b0645fd0faa826d7c5178bcaa10b5,,
Q99P75,,v6,200,0,60c0d5dc122862011cc7e641b5c5bfc86811ab9e4d4a69623b72ae43193dd39b,,
Q99P96,,v6,200,0,e358f7c0fa45c30fc0606200bffc669d80ed2c2d4de06678ce4f0ce1fe88a164,,
Q99SH6,,v6,200,0,82c44f7483456b06e208b7fa1fb1b63eba0b25f0882c83c251cc6af93c5cd979,,
Q99UW8,,v6,200,0,f5a6b1ec67842e7a67e9c7a35353ed33f660ef7fa2316452b9066d924f8085a2,,
Q99V39,,v6,200,0,63f05e23328370f61f493dbb5af058d8878d95b530ea5a80a26024723078d64f,,
Q99VF6,,v6,200,0,79b510cc2002f8f77b72d2ac7da06f6c295a74819611e807a3f163a4ae32e503,,
Q99X56,,v6,200,0,b12e524cd7e9f64560a097ad15883b29ad6cd6252f3b952abedad9af903b91ee,,
Q9A5K9,,v6,200,0,22ee2fb63f8c13ce1d0d52faee3acf9f08d8b715790bf9e8f72e92c1bdd25193,,
Q9ABI2,,v6,200,0,9d9705321301763660a77a7f03444a60dd4ce999561142baa7996ff8c00c0507,,
Q9AQ98,,,000,0,,,
Q9AQQ8,,v6,200,0,f7b4e66c516de0de53962a2e12605c85f86be00c7d1c40dc050c19d9ea9b0d7c,,
Q9AQT6,,v6,200,0,1f0e92a80243db2589baa80a155c28ae3258cafba71c2a525efbfaf5b01c9b87,,
Q9AT63,,,404,0,,,
Q9AUD8,,v6,200,0,25e52f3c259e93670a4b9e472050bdff780e9e7c8335b80a267e7725c849a1fb,,
Q9AXH9,,v6,200,0,eb4dfd5ba8478bc4e5324e873db3188bcd2001ac0cc955fd270d100adb13ffa5,,
Q9BRR3,,v6,200,0,f87c0af9bb8b302e231eae34cc3b4493e595f322b0b370615f4ebe37973b9b07,,
Q9BVL4,,,404,0,,,
Q9BZG1,,v6,200,0,1db161768b33d2e71ff7c3e582287856b66c5225333073b7065210bca214c3ca,,
Q9BZG8,,v6,200,0,966742dc621f01f61d74f3034a4f608d327f0a6d4224808e22d7b512211e38c6,,
Q9C0D9,,,404,0,,,
Q9C4Z4,,v6,200,0,f07b621e23d76f0c1f4b24969c67de3afb3dc8b06d05fa502cd172a61b397c7f,,
Q9C5W0,,v6,200,0,c02fe66f17f448a191b55f2b8907d4e783ca9c47dcd9956880605d5f1d515f9d,,
Q9C5Y2,,v6,200,0,59e5ab7dab7c4f71a03ccd0cbcb284e479803abcebbbd8c132781a0163bc88f9,,
Q9CAC3,,v6,200,0,ddbec04c9267b25872fa2272400ba707d3436112cb24c5dacad8cf591202ede5,,
Q9CBM2,,v6,200,0,a2a1c1c21b20bb8a5f163ea4cfdfe4a6e106ad31612cc997baeeb29b0dd10d24,,
Q9CD51,,v6,200,0,7d9d06bebd0cf850ba2cdb81bd1b72f566dde603e2e92c57b0189444dbc05cb4,,
Q9CFB4,,v6,200,0,e1664095cc7c2bfb5d50a3e8f0929b2e6e74e0c714303c8e41239c5624c0411d,,
Q9CJN8,,v6,200,0,0bde9c459ded2e42832a431949d2c6200fa8e2b4384586795fdd98f9eec93c2b,,
Q9CRB3,,v6,200,0,04ae7bbc084830cca1c6e72da8cfcd8bf8053014e6e656530d372af8a287d3b4,,
Q9CXY9,,v6,200,0,234d24bf96c52a6b29caa8322ab242617bf8c3f45fa5a22db250243beaa2dbb0,,
Q9CZT8,,v6,200,0,1e86e847b23fc742dd42d5f781ca5cb259617ce0ec516a4528dc4f5042a40b13,,
Q9D3W4,,v6,200,0,542ac37428e73c51f449beacb2005be1c8340799f47ea5b1663406917cfc632b,,
Q9D850,,v6,200,0,351ee58bbb3f239cf5899a86d80588eadc2025f6e130f3d9226b9b22ce621f24,,
Q9DBC0,,,404,0,,,
Q9DBT5,,v6,200,0,e5612b886fffb2e8d50413206a5807b92e2a57744635dd7d5cb9ce58efd3d630,,
Q9DG45,,v6,200,0,8e47e5a542f49883c3682545103730c3757523f4d92cbbf50f1ff595a7fe871a,,
Q9DG67,,v6,200,0,c0962c352519295e3e0b3982a897c0252e29aa2bc02f19da711329266a8c6eda,,
Q9DHU2,,,404,0,,,
Q9DR81,,,404,0,,,
Q9E6L8,,,404,0,,,
Q9E6M6,,,404,0,,,
Q9E6P5,,,404,0,,,
Q9E6Q4,,,404,0,,,
Q9EMI7,,,404,0,,,
Q9EQQ0,,v6,200,0,e8c07c521c40107e1e16a54b3fe7bb78c702dd818f7d8b2fd9e087b80952439c,,
Q9ER88,,v6,200,0,45bb98f4aab3e2c459f70589b177e0c409e30192fabf1e42f62d64e1214d2a29,,
Q9EVE0,,,404,0,,,
Q9EVG2,,,404,0,,,
Q9EVG3,,,404,0,,,
Q9EVG9,,,404,0,,,
Q9EVH4,,,404,0,,,
Q9EVH6,,,404,0,,,
Q9EVH7,,,404,0,,,
Q9EVI3,,,404,0,,,
Q9EVI4,,,404,0,,,
Q9EVI6,,,404,0,,,
Q9EVI8,,,404,0,,,
Q9F2V6,,v6,200,0,abc5ae233c4b9aad10c13abc9ed0e3183516187f12e2448e2b34906d7781c34d,,
Q9F7D7,,v6,200,0,6098a5286107a5c9f2b2c525c26bd85db120752e1c57f35082491c22426a98cc,,
Q9F7D8,,v6,200,0,18f75d3a058f2ba431a5a5e2efa99114f98bfcbe3cbd4cc7369e5262c19459c5,,
Q9F7E3,,v6,200,0,a4ce936816bdf35e31e9b2effe97bc4b22ac276e9b1d72e6e43736216c941729,,
Q9F7E4,,v6,200,0,cf37686c3bb4dfa8e8ce8baf16e658a80c8ff939ff606c98c3617b61254437ce,,
Q9FCD1,,v6,200,0,2673147257c4169a5d7b6e3c4053aedd8a7bec99281b89a9941a6b9f394c0797,,
Q9FCD2,,v6,200,0,d014d6baf9af1e4e60f132a3baef60408ebac15f6ce36c53bb353fb0afde8473,,
Q9FT69,,v6,200,0,b196cec6eafc84cb7c89d54b764beeece179a641e164e1547ab6a35b90e5d302,,
Q9GL30,,v6,200,0,7c2036752909a0eb118f3287ac082967a8601dde681f3690652a775ea7e1db19,,
Q9H0T7,,v6,200,0,e99e6ea2e7fadc363203846751654bbb39e51bf798d7640230fa73d087edcfcd,,
Q9H0W9,,v6,200,0,1faefafc3fbf9edb55b8c43f7615c5b7859342b5757f8138c16a37f35c5016af,,
Q9H5I1,,v6,200,0,7997ea8cff033c3d5215eed4f0514069b41ecbab7b8d04a8367f2c220366a6a4,,
Q9H611,,v6,200,0,df4a6243e06716efe236c7d1cd59ee7af6d5ffbb7fd3411d8657bab6d6394d57,,
Q9H9V9,,v6,200,0,4afcd0f574818fa068f26f7dbe908a3129747c459a5557e85a95e62e40609187,,
Q9H9Y4,,v6,200,0,fba91d1e4391c2d719e63ee1bf8414becb9707a886f21fc9b535416de2dde985,,
Q9HAC7,,v6,200,0,1c330275894cc8c6e373d04aed6e3aef890a0f2b1bd2ef0a61f2a77ce098a1a2,,
Q9HDU9,,v6,200,0,b3e2bd67baef488b044f1d0cd9b9c519a924421e8efc8a0ce62d9b3edf1743f7,,
Q9HKS9,,v6,200,0,40f561ceb83ed639fd8a93f51f953e3afd3430913ad8f57a07e7129338865fa1,,
Q9HKT2,,v6,200,0,6a718ba9ad802cea0343ad8020242e04d5157f5dd6add84c44ff6f853c4747cc,,
Q9HP73,,v6,200,0,1bf01db8eab246c31674013173b661e405610b86c4abc3b8a062682187f707d7,,
Q9HUU6,,v6,200,0,538f699729ff645671c23fc2800acb307c9a36930423f192ffdebc3536cd049c,,
Q9HUU8,,v6,200,0,506b0a0728a2cee7e156832f667f8b5e5109b334e2448c913118d6cc6ac15207,,
Q9HVT9,,v6,200,0,aa8b00088ff0399e2d9141a09238cb1ea46e66fee4ef6aab0db880a41ac1698b,,
Q9HWH9,,v6,200,0,7c4a3d86621647f26b482e5460ceeacbc1ee92a4b41dfea70b50d811b7f422fb,,
Q9I0F2,,v6,200,0,5c943f2e922ffe48bac8cfe4bd955f8058b96315407b58e9bf115ba2408e053e,,
Q9I0J2,,v6,200,0,2412e50d16a782db6d86e7b2252058c506d4a4fd4bc1aa9fe33f5b96bae15b60,,
Q9I0K1,,v6,200,0,ee7db731dae526bd24bdc79e7597d10dc65d89e70768e4138362c24113c68fab,,
Q9I7X6,,v6,200,0,6bbf5688c6368d476e7214c1b566a9658f2d28aa0119b3ef10ab90a96868ca78,,
Q9IAX2,,,404,0,,,
Q9ICP7,,,404,0,,,
Q9IG45,,,404,0,,,
Q9IKD2,,,404,0,,,
Q9INI4,,,404,0,,,
Q9IR51,,,404,0,,,
Q9IV54,,,404,0,,,
Q9IZK2,,,404,0,,,
Q9IZT2,,,404,0,,,
Q9IZU7,,,404,0,,,
Q9J509,,,404,0,,,
Q9J523,,,404,0,,,
Q9J579,,,404,0,,,
Q9J584,,,404,0,,,
Q9J592,,,404,0,,,
Q9J5B1,,,404,0,,,
Q9J5C7,,,404,0,,,
Q9J5G5,,,404,0,,,
Q9J5H2,,,404,0,,,
Q9JFA8,,,404,0,,,
Q9JFB7,,,404,0,,,
Q9JFC3,,,404,0,,,
Q9JFE5,,,404,0,,,
Q9JFM9,,,404,0,,,
Q9JH49,,,404,0,,,
Q9JHC0,,,404,0,,,
Q9JIY6,,v6,200,0,c31561bf873c463201ff710a4c51ebdb00a3fef2e9369c5aa5a43bf6e9f64a2b,,
Q9JKM7,,v6,200,0,482866cfe531f9b123edf9c36488adb87b84b918bfa4732f88ae030aa2893403,,
Q9JLC3,,,404,0,,,
Q9JLT4,,,404,0,,,
Q9JMH6,,,404,0,,,
Q9JN36,,v6,200,0,854aa73627ab443ea2c63f20962fedc30c2c58503886a9acedae89566fa1636c,,
Q9JTZ6,,v6,200,0,514935131fe1fb7ed5381363538c5a5677d56102eaea5b070dab9d99db5a84ac,,
Q9JZ00,,v6,200,0,e5186b562a2cd873bafc2ac1fc6dda583cc8857bb2b99c586abda85810006a35,,
Q9KA57,,v6,200,0,985cc9b8f94734d51f31b78cd04f6c1d64d26e42e380bbb7e6e00a3a14fedcef,,
Q9KDK9,,v6,200,0,9953940c80d21262bed1d50586189de70ed33a499e32ba86c56c5669facda0ab,,
Q9KG60,,v6,200,0,a07b89cd01edf30ca76e5f77993e7bab1d2d4685ffd6f9198f5d863e1abad3e5,,
Q9KH33,,,404,0,,,
Q9KL41,,v6,200,0,5aa1bacaa70cbb898bf414cfae330e9d32ab175ce31f626fa4241e7ae8a8bf7a,,
Q9KTU4,,v6,200,0,f57f3cf05d79e9ac5a8b0f804f3cc3f763d83ac3b6bbc8604ee357643ee7b663,,
Q9KUH2,,v6,200,0,efbf55527bac3327743091c352ccd231bac961e80c21b6548f88c193a7c3c47f,,
Q9L393,,v6,200,0,f84fb88068571eb68db66215d0cf35d8db5da949ed75995f8ee500989335c25b,,
Q9L3Q5,,,404,0,,,
Q9L473,,,404,0,,,
Q9L4E1,,,404,0,,,
Q9L642,,v6,200,0,bd57337391952dd8fd8455d1bbe643e126ddaae66ffb3c3845a58310e5f95306,,
Q9LCX4,,v6,200,0,39e8aed9f9d5a0282fb76343cae348e3c9f9032b989f66a68e53211b62e90195,,
Q9LDS6,,v6,200,0,ab7dec9f6e35085a9a9e8c21436012ec346d230eb40db24d25ff0929f0356e3f,,
Q9M1Q2,,v6,200,0,7b6d16acd3b970df9db19203f1be8912b05456fcfbbc18371bfef3fff472436a,,
Q9MRR9,,,404,0,,,
Q9MRV8,,,404,0,,,
Q9MTE7,,,404,0,,,
Q9MTX9,,,404,0,,,
Q9MU26,,,404,0,,,
Q9MU30,,,404,0,,,
Q9MU81,,,404,0,,,
Q9MYY8,,,404,0,,,
Q9N272,,,404,0,,,
Q9N290,,,404,0,,,
Q9N2I8,,,404,0,,,
Q9N2J2,,,404,0,,,
Q9NGX9,,v6,200,0,453d3392c8afaffe125403cb2c66daba73592de3abd1f3fd1950ef7a0e5e34d3,,
Q9NNW7,,,404,0,,,
Q9NP72,,v6,200,0,cea62c3d6d7dadc0fbbe33afba64e3b60d11edeabffa666aed580a515d3bdc4c,,
Q9NP90,,v6,200,0,a650016702454c2fb6c349ecbee38ce3f2af7cfd77236048e0df7881a7301583,,
Q9NQI0,,v6,200,0,b559f032015564c7acbd91b20c40aea1efb46b54c3e003c7f6680bda081bbd84,,
Q9NRX4,,v6,200,0,f6cca753abb644bf936fd70598528b3033130ef19cd0c3be3db63d7d3225e087,,
Q9NVI7,,v6,200,0,92de6c58b91dfdc68ed48ac1df63265b7f8a465d55023ce5c95d3b9ea7826f01,,
Q9NX57,,v6,200,0,39df9d67070008f20728f8164a13b9b8b6c799e0b7e808afbcaf3bfd6da2ff1b,,
Q9NZV6,,,404,0,,,
Q9P8W2,,v6,200,0,27118531dece05c15964b0decb67ce9dd3839554913e428f9dc8a830b14c4d5a,,
Q9P8W5,,v6,200,0,f2e73894c1f37473610c2bf48be933a1133d33a1e5522873cf57e720a32e97a1,,
Q9P995,,,404,0,,,
Q9P9L4,,,404,0,,,
Q9P9M9,,,404,0,,,
Q9P9N0,,,404,0,,,
Q9PIA5,,v6,200,0,2c3fa30d00cbbacfaf40e01233cf80268404a0a25f3057570b1f2852bc4f6c6c,,
Q9PJC6,,v6,200,0,d90a2163fea7d3759da449b685102d2efe04bb71f0ca344b534a14219daecc8f,,
Q9PK73,,,404,0,,,
Q9PMF9,,,404,0,,,
Q9PRZ0,,,404,0,,,
Q9PTA1,,v6,200,0,d077d020f2119cb13e01a1f524e5a773f7bc57eae25349dd0cc433abf31dd156,,
Q9PZT0,,,404,0,,,
Q9PZT1,,,404,0,,,
Q9Q8L4,,,404,0,,,
Q9Q8N6,,,404,0,,,
Q9Q8Q2,,,404,0,,,
Q9Q8Z2,,,404,0,,,
Q9Q927,,,404,0,,,
Q9Q9G3,,,404,0,,,
Q9QAQ9,,,404,0,,,
Q9QAR6,,,404,0,,,
Q9QB92,,,404,0,,,
Q9QB93,,,404,0,,,
Q9QNB1,,,404,0,,,
Q9QNF7,,,404,0,,,
Q9QTF2,,,404,0,,,
Q9QXL7,,v6,200,0,222b640a9978c58f1f04dd2485bd198995a046f66188f69d6bf4f74a80eb8ea0,,
Q9QXL8,,v6,200,0,82d924b06d7078cd9d7dec797708a2c4f6c62e48c99f5b923d98393633c56c53,,
Q9QY15,,v6,200,0,be80ee22f9287ec552ecd7f1b17d56291a69e90ab18b3de9f56167d31168a6a4,,
Q9QY44,,v6,200,0,9698ce27551baf9b3f5f10402deda2ec6747fa593abdaa1dd8f339d322a642cc,,
Q9R0M6,,v6,200,0,0baaec80a515fb3cdb826134c4f0caa71454442df6a63ddab0d2b4cc77c92907,,
Q9R0X4,,v6,200,0,b678b26303805f56406b4b22a5ff0938b081cc3fb2918e8f3cc2a3069f292b3f,,
Q9R101,,,404,0,,,
Q9R1S3,,v6,200,0,d6159ad875f642045a1f8205c6d36ebcf61ccc38f7df65f1fb0f23022a0e6e08,,
Q9R2F4,,v6,200,0,d358402b8e390fbfa30b3ab34fd4d2f6f55d643ff278eebbb05d7655281955a5,,
Q9R2W4,,v6,200,0,b4850a39442826972534656231e0c7aaf2e027d7327da5b545833a2833cc6b7d,,
Q9R342,,v6,200,0,07ec03d3127ac6efe4411fcfc5c469ee580146cd1a7522db524eb1ca7428a037,,
Q9R4A1,,v6,200,0,ce62e9813dad43291572ff454440975e1afe610bec7b749c0795e81253abbf5a,,
Q9R4G8,,,404,0,,,
Q9R4Y1,,v6,200,0,3293e61e8230a875b17e948e99a338ba6b93c970221f962ca0bcc68f64e6821d,,
Q9RFA0,,v6,200,0,5f6e0ddae2a078062e2ac1451aaeca91dd07eb710af11c16bc0c42e561abc57a,,
Q9RFF5,,v6,200,0,a4e1e5a3f9c5a1b1f5100a0c3c1b391d121bac2d7492f61941848e79cdc7a6f1,,
Q9RHM6,,v6,200,0,3029042c58a407f0a99bd9a9e35cfe25455b18b7aefcdd6f59080e6be2ca53a8,,
Q9RHM8,,v6,200,0,b7c63e5bda1072db20bf852fec553bd8668cc0ec65c8f7a0916b4eafc16ac46e,,
Q9RNC7,,v6,200,0,6ad79f68cf40e09d6dc44f140707e2758319b529f8e948ec8a5df1a9d8e28faa,,
Q9RPY1,,v6,200,0,01bd3ce88a823e2cb7c3d1f0dd53c9dcedb8979396f019afeb7eb9c86dc68514,,
Q9RT63,,v6,200,0,9e779f92194d688ed03bc72e43caa72105c567ab6d0aaf3e8f8d6ea755098c55,,
Q9RUP5,,,404,0,,,
Q9RUV6,,v6,200,0,3b3a97b9b9a18891af0d18e8177940d58d6e9b48391fb2370b2dce9dc3f4c247,,
Q9RYJ3,,v6,200,0,c1f55ae3418ac21299a64630100d44c40ba4df4ea89d342f86116d0793f4cb09,,
Q9S2H6,,v6,200,0,262b0cd66f8223fcf51493c3d20b137bd165449d1d0f386397a11082be9f39b0,,
Q9S926,,,404,0,,,
Q9SEC2,,,000,0,,,
Q9SEH4,,v6,200,0,7c6cf88a8084f19e995813b4c474361b8d4426783168a9ae106622f8ca6b3db3,,
Q9SPB1,,v6,200,0,297e647128c56998888fe4dfd5d25cccf15ccfbf0379099e671e0b910e29d813,,
Q9SQ70,,v6,200,0,35d58ef74568de162d63d1cc8a151be233e6c5c856c51e97774b4f3d072c23d2,,
Q9SX57,,v6,200,0,6a82336b302f9d156d80452aa0f478a0296a7a4b33a12866199c7df806395867,,
Q9TKZ5,,v6,200,0,ba60332d8aff283ac5071b227bf4c15164bb49e0b909128665d894b0be7a14ad,,
Q9TWL9,,,404,0,,,
Q9UF12,,v6,200,0,3cee7dd8004814d99f4ad10d72b9252bc5153e113421f729232e495382604f80,,
Q9UHF3,,v6,200,0,0ffe1cd23c40f7b1a5242fba42e978de6140c31739a40f10e528d1a320b9cd64,,
Q9UHJ6,,v6,200,0,d82949b7aef28af86cc06e24cc5a560678f68d01d3707c91dfe8e7111716bf07,,
Q9UHL0,,v6,200,0,e3a69ddb6925db63bbb1f69dd516735b1305064947011965f4ce155bdba0fa48,,
Q9UHW5,,v6,200,0,fea6316f803a8062873d883920f9be8abc53d64b9abbb93c659876d3773f72e8,,
Q9UL25,,v6,200,0,0ce8ceeef56d582c22ba96a8574d5cfcded67a929090df84e4ae5bbbb1093a5b,,
Q9UL26,,v6,200,0,c352760f2629e816012c0e3ca80dd90b28fa0adaf533d34ea9af9237557b2376,,
Q9ULW5,,v6,200,0,46358599479fc8a51c1078c0c7d7cf9b0b5898ab21240ce6feb04bb7de697596,,
Q9UMR5,,v6,200,0,3e17b790915aa5ba87162d80ea29a7f291981e25771c11482d2cd4331b3c1d71,,
Q9UNA3,,v6,200,0,d4c98f20a365ba7282fc3665cf236cdd5dca6d5ceb36cc8814f2cbfcae726260,,
Q9UR66,,v6,200,0,44dc7c6b7527adbb186fb6b9d0aab5d85295002e0ac7f57ccad3a2f2610604f4,,
Q9US39,,v6,200,0,1382df21b5d08bb0e91259d572ffd889ff5d49956697a16298c49b3c736cedce,,
Q9US43,,v6,200,0,9650cc84d82a6c8bd52593d3ada6cb5044dd0ae81aa5c89f05c32b0322c331b0,,
Q9US47,,v6,200,0,a92e45f65480dfa35dd7b326c17700307198eb176a0767e1dbb8971d5f2f2ed0,,
Q9USH6,,v6,200,0,3675595cc941480d82b853a0b84e96f683bcc0e9dfcb7e94c339b6c6df07fcde,,
Q9UT33,,v6,200,0,223b808ff902118ab7d25fa2a7e935540634ebe8648dd093e9bd966a2936a2ce,,
Q9UTF7,,v6,200,0,ede71340e7a0dfcca1bf204af58f84a7890cc8b030319ea9fa06e8b1148c2092,,
Q9UTL7,,v6,200,0,8a4b27113ba99bbad9b6ffc6afcef4640ad60224a676b3ddab38ef896f7ede4d,,
Q9UTQ4,,v6,200,0,64c59016127906889e39dbdaf2b9016f6b12294f0a3d2e8a007202033356f89c,,
Q9UUA2,,v6,200,0,246621e181bd11170e4e9f044400bcca585d5e50a9e137025604b46c650d1c54,,
Q9UVC3,,v6,200,0,2452200a16a858f260a531b67c0bbe284fe5180f40de37ff64f529feeda3d60c,,
Q9UWY8,,v6,200,0,e8af4fe4ef76277864f26f1694a3931e72532e7d062fc9f084df8baaa413f889,,
Q9V2B0,,v6,200,0,d315f7065ecb2b4119ec8492dcf6b82ca63c01d03685e8cca123c6b70f72a9dd,,
Q9V2Z4,,v6,200,0,291ff579eeaed8ff9d4bcc520239d4d66bc01d8c894bc32acc4f7677faf1fc2f,,
Q9VBL5,,v6,200,0,8bee11bdae6817d3c4a17626214062bb3669053664b53bce11f0b62750ff1e6a,,
Q9VDD9,,v6,200,0,2bc16499dd827ef08e7b828d966d77a7ad7d82999aaaab044ac5a65db4261e0d,,
Q9VEP1,,v6,200,0,2de5070baae6d9fe3cc7a017ee33c0355d4fb183cd62d65380abb70a50ade1d9,,
Q9VF36,,v6,200,0,88f74777e6bd4c3edf5f71c0031e860fa350c895c140912a781e9018f9e86032,,
Q9VGH1,,v6,200,0,0e1cf2dbe8c02727514478bdb5c5a50d904260fb5d1f622bdb6aecb61cfca69c,,
Q9VGV8,,v6,200,0,5cb11eaca92fa20dd2c3f9fb9cdf7543a6995e174e7b648f47e1fad3c351e4c2,,
Q9VHP0,,v6,200,0,573a0abec6c81853789ec616b1969ae1593d418edda734cfefeb82f7b691823b,,
Q9VKH6,,v6,200,0,83e282454e743a6ca5d18ce4173bba206864e032d5a35a9cb2fd4ea0e0ac7fec,,
Q9VKY8,,,404,0,,,
Q9VQK4,,v6,200,0,9faecb6ae0aad4c05112a2291094eed3214a4bc6b03fa5a8331f9bfc7e7d096e,,
Q9VQK9,,v6,200,0,940af139f6062a277209a6e575ed44754ddfe66c050c2f8fad59de5a83c80338,,
Q9VQZ6,,v6,200,0,696132cf29c46aeda3a79ddc4b521dbdb59febf5aa6a8eaba743b2defbefd8de,,
Q9VWR5,,v6,200,0,732f1ccb6b169a5591803daa1b7d56b6647e22b9ed23048fd3a2233f11733880,,
Q9W683,,,404,0,,,
Q9WBI3,,,404,0,,,
Q9WIJ5,,,404,0,,,
Q9WIK0,,,404,0,,,
Q9WUW8,,v6,200,0,3d1afc320de15a34fb960d3a2a4b3aa5ba1d18e9a499249469d9155b619602d9,,
Q9WY48,,v6,200,0,0f1517089b66004ab1bdf2aff5cb04e9d28a9162698b5fb59c98f8ed604aa4e9,,
Q9X0X1,,v6,200,0,1404c37bafa75df6026354dd62049a5f4535c507efa0967181314d8d427177ae,,
Q9X448,,,404,0,,,
Q9X5W6,,v6,200,0,6053b2ff15f2fdd75b6500999bf3e37351c8d03be4a1efea79eaf298a32e5f32,,
Q9X6J5,,,404,0,,,
Q9Y2R4,,v6,200,0,2177163fe90dae0457bccf71976e22036b4e749d6fb931d383994ced93ed91e5,,
Q9Y305,,v6,200,0,415554bc792727befc3632d0c387445d79a3cd57cdcf53d53924e39cc624a616,,
Q9Y3A0,,v6,200,0,360f6e2e3894df115fd7b13e81fc93fcc7dde1d9579f1d1d374e7718455af9ad,,
Q9Y4K4,,v6,200,0,559bb96f83487ecf578093523041cbe69646bef2df8b6fad595b5a7a0c1ce1c4,,
Q9Y5L3,,v6,200,0,729d3a008ee847edb24b7bdc457dd69020bf4b9371c898ef4aed111923d42b5c,,
Q9Y620,,v6,200,0,09ee0bea612beda80d2d4d648aa0474f458f94ca88169acd76f85e75036f8474,,
Q9Y8K3,,v6,200,0,e919ba56f0d2cb3a5afd1ee9c418b2e4dcd82f6c046f349d9981da3a5c0226bd,,
Q9Y8K5,,v6,200,0,de505f1559366a8e7fb7e16ecb10bc8b2688311a715532cab51dc658f7d73e59,,
Q9YBD6,,v6,200,0,dc7ded0e40699e9ca04aa161ee9613093e164cfddc06af76f9f5260570183785,,
Q9YDV3,,v6,200,0,57d51e35d7350cb224c33416b3038384b4f02a8239aa8b93ef02ed7c32dc05b6,,
Q9YUD3,,,404,0,,,
Q9YW06,,,404,0,,,
Q9YW20,,,404,0,,,
Q9YW39,,,404,0,,,
Q9YYS0,,,404,0,,,
Q9Z034,,,404,0,,,
Q9Z0D3,,,404,0,,,
Q9Z0D4,,,404,0,,,
Q9Z0D5,,,404,0,,,
Q9Z0J5,,,404,0,,,
Q9Z1Y9,,,404,0,,,
Q9Z431,,v6,200,0,ae1220407c96dd1019245037249b51109e0f29adce04ac9fddf390b58a292f06,,
Q9Z4Q7,,,404,0,,,
Q9Z9G8,,v6,200,0,f09f09aabd29c8945141f7a40cd361e15d7162a87ea9dbea0a48129edf414cd4,,
Q9ZAA7,,v6,200,0,7c0ce69525ee35f51b8969fe5015face26219f030cd843177fd2b6d3cc75a975,,
Q9ZAA8,,v6,200,0,eca3c911f867a04e770042393a5c02335c1d479ade766f3f836c91fd50bfc006,,
Q9ZET6,,v6,200,0,a180cb766c3c05d0ee63a41f31a23c590e929f4e3ec67b0758f4ed591829813f,,
Q9ZI54,,v6,200,0,5c018152da0ad9202a949eb536bcf501a79a2d293e31849256a77e816ea4f2c2,,
Q9ZKM6,,v6,200,0,c84d59db8abfc11a28b6b60e92a5193aad9549c1a680a6405374984d73699c12,,
Q9ZNT0,,v6,200,0,024b108a22b7a3bd2dc93f46ec06f31433203b4fefa62401b2d0149a37a3d63a,,
Q9ZPL5,,v6,200,0,e7dbf05a38ac8b44472184ce54a66bbe45c8b561e21e3626d3f195cfeab0aefa,,
Q9ZSQ4,,,404,0,,,
Q9ZW72,,v6,200,0,2cf46fd35c7c1a22a4f7b9370f734ae2626283ca09659b05b6895e5b47655f64,,
Q9ZW85,,v6,200,0,a56c216420d4f6e4b492535332d27fcc5a91f6e0fb952304440e732151ece63a,,
Q9ZX92,,,404,0,,,
R4LHX8,,v6,200,0,2d33ac8aa902deda7c582e6ef7ccd80a1730c9ef6e5ab95e8869f904a759db24,,
R4YXW8,,v6,200,0,744f3a60d6546d7f6fb083f90bf73db9a9959a1c790567e2943e90262da7ea38,,
R9WTS6,,,404,0,,,
S5M744,,v6,200,0,2eacfa5b62ca7f83c3e40caff558d4a89559defe5e2bd9875ca25f590ee51f19,,
S8EYU3,,v6,200,0,7340685ebd14dd8a401d43f6378e9944b6a34c5b3e0ab9df7456d12094b3ab9b,,
S8F0G9,,v6,200,0,59b49204e1efb59f373db85c34a6656f5bcf31b8c0b65bc3f82c38f4590dccd2,,
W1Q703,,v6,200,0,2651365b63a6d0c876c78147f072b73269d3f5d05785e021a56921c0d913ea08,,
W1Q7S6,,v6,200,0,922611818411594d75154d4e6400ee9979c2ca14ddda8f9462ef0b87bc508684,,
W1QDJ3,,v6,200,0,24709f68feca786d8bb81ee7e9f8e8c424a91bf9ef0a77965aa952b7b02eb0db,,
W1QET1,,v6,200,0,db043b436981e93d35a3804c57427f0265d24c9c8bdf9fc7f56a3f0a48e415a8,,
W1QGQ0,,v6,200,0,05f5bd670e636d2eacb6637e38d37d19c7446ea67b447333b619ed952ae82417,,
W1QJK0,,v6,200,0,75cac9e3363f1b026b76780577c7413854a7712748d13d5c0e0b09275348a0a2,,
W6JPP9,,v6,200,0,3491238932604054b28f5719961090ecbc53ddedd37cbc67c5e893b164a2eca5,,
W7K6N5,,v6,200,0,94d6bf9f6daca1d304cf9eeb9adbcd23a51fbb1ac94fc1b04b951e59d6b51874,,
