UniprotID,sequence_fetch_sec,structure_fetch_sec,p2rank_sec,esm2_3b_sec,gvp_sec,loader_validation_sec,per_uid_total_wall_sec,final_status
A0A009IHW8,0,0,0,0,0,0,8.824368953704834,BLOCKED_AFDB_P2RANK_NO_POCKET
A0A017SPL2,0,0,0,0,0,0,40.262240409851074,PASS_AFDB_P2RANK_PREDICTED_POCKET_D4_LOADER
A0A023GS29,0,0,0,0,0,0,1.6116597652435303,BLOCKED_AFDB_STRUCTURE_FETCH_FAILED
A0A059WGE7,0,0,0,0,0,0,1.7305877208709717,BLOCKED_AFDB_STRUCTURE_FETCH_FAILED
A0A059WI14,0,0,0,0,0,0,6.707276821136475,PASS_AFDB_P2RANK_PREDICTED_POCKET_D4_LOADER
A0A061FLA2,0,0,0,0,0,0,1.5865485668182373,BLOCKED_AFDB_STRUCTURE_FETCH_FAILED
A0A067DDU9,0,0,0,0,0,0,8.773181676864624,PASS_AFDB_P2RANK_PREDICTED_POCKET_D4_LOADER
A0A067DKP1,0,0,0,0,0,0,8.225831747055054,PASS_AFDB_P2RANK_PREDICTED_POCKET_D4_LOADER
A0A067ECN5,0,0,0,0,0,0,11.289457082748413,PASS_AFDB_P2RANK_PREDICTED_POCKET_D4_LOADER
A0A067FI21,0,0,0,0,0,0,8.583340883255005,PASS_AFDB_P2RANK_PREDICTED_POCKET_D4_LOADER
A0A075D654,0,0,0,0,0,0,7.222667694091797,PASS_AFDB_P2RANK_PREDICTED_POCKET_D4_LOADER
A0A075D6M1,0,0,0,0,0,0,7.284815788269043,PASS_AFDB_P2RANK_PREDICTED_POCKET_D4_LOADER
A0A077EYL8,0,0,0,0,0,0,20.84812355041504,BLOCKED_AFDB_STRUCTURE_FETCH_FAILED
A0A089LCJ8,0,0,0,0,0,0,29.064756631851196,PASS_AFDB_P2RANK_PREDICTED_POCKET_D4_LOADER
A0A089MMR2,0,0,0,0,0,0,29.846629858016968,PASS_AFDB_P2RANK_PREDICTED_POCKET_D4_LOADER
A0A0E0S0W9,0,0,0,0,0,0,7.440009832382202,PASS_AFDB_P2RANK_PREDICTED_POCKET_D4_LOADER
A0A0E1RWL5,0,0,0,0,0,0,7.993147850036621,PASS_AFDB_P2RANK_PREDICTED_POCKET_D4_LOADER
A0A0F4YI33,0,0,0,0,0,0,7.698541641235352,PASS_AFDB_P2RANK_PREDICTED_POCKET_D4_LOADER
A0A0F7TWW9,0,0,0,0,0,0,8.214939832687378,PASS_AFDB_P2RANK_PREDICTED_POCKET_D4_LOADER
A0A0F9X418,0,0,0,0,0,0,6.810382127761841,PASS_AFDB_P2RANK_PREDICTED_POCKET_D4_LOADER
A0A0G2JDV3,0,0,0,0,0,0,8.844326496124268,PASS_AFDB_P2RANK_PREDICTED_POCKET_D4_LOADER
A0A0G2JZ79,0,0,0,0,0,0,8.794359683990479,PASS_AFDB_P2RANK_PREDICTED_POCKET_D4_LOADER
A0A0H2V660,0,0,0,0,0,0,9.34127140045166,PASS_AFDB_P2RANK_PREDICTED_POCKET_D4_LOADER
A0A0H2V760,0,0,0,0,0,0,7.9959471225738525,PASS_AFDB_P2RANK_PREDICTED_POCKET_D4_LOADER
A0A0H3DK98,0,0,0,0,0,0,8.623727798461914,PASS_AFDB_P2RANK_PREDICTED_POCKET_D4_LOADER
A0A0H3DN66,0,0,0,0,0,0,7.724483013153076,PASS_AFDB_P2RANK_PREDICTED_POCKET_D4_LOADER
A0A0H3GEM5,0,0,0,0,0,0,6.6351637840271,PASS_AFDB_P2RANK_PREDICTED_POCKET_D4_LOADER
A0A0H3LSV1,0,0,0,0,0,0,7.099971055984497,PASS_AFDB_P2RANK_PREDICTED_POCKET_D4_LOADER
A0A0H3LVU7,0,0,0,0,0,0,8.534318208694458,PASS_AFDB_P2RANK_PREDICTED_POCKET_D4_LOADER
A0A0J9UVX2,0,0,0,0,0,0,8.270166158676147,PASS_AFDB_P2RANK_PREDICTED_POCKET_D4_LOADER
A0A0J9X285,0,0,0,0,0,0,7.039888858795166,PASS_AFDB_P2RANK_PREDICTED_POCKET_D4_LOADER
A0A0M2H929,0,0,0,0,0,0,5.028371334075928,BLOCKED_AFDB_P2RANK_NO_POCKET
A0A0M8N4S6,0,0,0,0,0,0,6.540548324584961,PASS_AFDB_P2RANK_PREDICTED_POCKET_D4_LOADER
A0A0M8N8I0,0,0,0,0,0,0,7.0641374588012695,PASS_AFDB_P2RANK_PREDICTED_POCKET_D4_LOADER
A0A0M8N9Q3,0,0,0,0,0,0,6.7228920459747314,PASS_AFDB_P2RANK_PREDICTED_POCKET_D4_LOADER
A0A0M9VUI4,0,0,0,0,0,0,7.188233852386475,PASS_AFDB_P2RANK_PREDICTED_POCKET_D4_LOADER
A0A0M9VUJ4,0,0,0,0,0,0,6.883496284484863,PASS_AFDB_P2RANK_PREDICTED_POCKET_D4_LOADER
A0A0P0FGV9,0,0,0,0,0,0,5.599497079849243,BLOCKED_AFDB_P2RANK_NO_POCKET
A0A0Q9K4R6,0,0,0,0,0,0,7.778427362442017,PASS_AFDB_P2RANK_PREDICTED_POCKET_D4_LOADER
A0A0Q9K529,0,0,0,0,0,0,12.71279764175415,PASS_AFDB_P2RANK_PREDICTED_POCKET_D4_LOADER
A0A0Q9KFZ4,0,0,0,0,0,0,8.132014036178589,PASS_AFDB_P2RANK_PREDICTED_POCKET_D4_LOADER
A0A0S0MVI5,0,0,0,0,0,0,20.841673374176025,BLOCKED_AFDB_STRUCTURE_FETCH_FAILED
A0A0S0MX59,0,0,0,0,0,0,1.6491351127624512,BLOCKED_AFDB_STRUCTURE_FETCH_FAILED
A0A0S0N8M3,0,0,0,0,0,0,1.9340097904205322,BLOCKED_AFDB_STRUCTURE_FETCH_FAILED
A0A0S0N9S9,0,0,0,0,0,0,1.6296186447143555,BLOCKED_AFDB_STRUCTURE_FETCH_FAILED
A0A0U3AB61,0,0,0,0,0,0,7.571152210235596,PASS_AFDB_P2RANK_PREDICTED_POCKET_D4_LOADER
A0A0U3S9Q3,0,0,0,0,0,0,8.216239213943481,PASS_AFDB_P2RANK_PREDICTED_POCKET_D4_LOADER
A0A0U4AHM6,0,0,0,0,0,0,7.494226932525635,PASS_AFDB_P2RANK_PREDICTED_POCKET_D4_LOADER
A0A0U4BHM2,0,0,0,0,0,0,7.27932071685791,PASS_AFDB_P2RANK_PREDICTED_POCKET_D4_LOADER
A0A0U5G0B1,0,0,0,0,0,0,11.207091569900513,PASS_AFDB_P2RANK_PREDICTED_POCKET_D4_LOADER
A0A0X1KHF9,0,0,0,0,0,0,8.87871503829956,PASS_AFDB_P2RANK_PREDICTED_POCKET_D4_LOADER
A0A125SXN3,0,0,0,0,0,0,3.1553261280059814,BLOCKED_AFDB_STRUCTURE_FETCH_FAILED
A0A125YY17,0,0,0,0,0,0,7.101968288421631,PASS_AFDB_P2RANK_PREDICTED_POCKET_D4_LOADER
A0A125YYB5,0,0,0,0,0,0,8.183751106262207,PASS_AFDB_P2RANK_PREDICTED_POCKET_D4_LOADER
A0A140LIF8,0,0,0,0,0,0,7.974158525466919,PASS_AFDB_P2RANK_PREDICTED_POCKET_D4_LOADER
A0A166ACJ5,0,0,0,0,0,0,7.446519374847412,PASS_AFDB_P2RANK_PREDICTED_POCKET_D4_LOADER
A0A179UL48,0,0,0,0,0,0,10.312307596206665,PASS_AFDB_P2RANK_PREDICTED_POCKET_D4_LOADER
A0A194VNL2,0,0,0,0,0,0,10.936093091964722,PASS_AFDB_P2RANK_PREDICTED_POCKET_D4_LOADER
A0A194W185,0,0,0,0,0,0,8.019004821777344,PASS_AFDB_P2RANK_PREDICTED_POCKET_D4_LOADER
A0A194WDG1,0,0,0,0,0,0,7.947822093963623,PASS_AFDB_P2RANK_PREDICTED_POCKET_D4_LOADER
A0A1B5KW97,0,0,0,0,0,0,9.074928522109985,PASS_AFDB_P2RANK_PREDICTED_POCKET_D4_LOADER
A0A1C3NEV1,0,0,0,0,0,0,11.582272052764893,PASS_AFDB_P2RANK_PREDICTED_POCKET_D4_LOADER
A0A1D8PJ01,0,0,0,0,0,0,10.926468849182129,PASS_AFDB_P2RANK_PREDICTED_POCKET_D4_LOADER
A0A1D9Q0B7,0,0,0,0,0,0,7.350764751434326,PASS_AFDB_P2RANK_PREDICTED_POCKET_D4_LOADER
A0A1D9QMS2,0,0,0,0,0,0,9.895189046859741,PASS_AFDB_P2RANK_PREDICTED_POCKET_D4_LOADER
A0A1E3M8P2,0,0,0,0,0,0,9.385493278503418,PASS_AFDB_P2RANK_PREDICTED_POCKET_D4_LOADER
A0A1E5RIW9,0,0,0,0,0,0,1.6164605617523193,BLOCKED_AFDB_STRUCTURE_FETCH_FAILED
A0A1E5S1A9,0,0,0,0,0,0,1.5563485622406006,BLOCKED_AFDB_STRUCTURE_FETCH_FAILED
A0A1F5L592,0,0,0,0,0,0,7.455360174179077,PASS_AFDB_P2RANK_PREDICTED_POCKET_D4_LOADER
A0A1H1YBL2,0,0,0,0,0,0,7.8186962604522705,PASS_AFDB_P2RANK_PREDICTED_POCKET_D4_LOADER
A0A1L7NVA6,0,0,0,0,0,0,54.12873983383179,PASS_AFDB_P2RANK_PREDICTED_POCKET_D4_LOADER
A0A1L9X985,0,0,0,0,0,0,47.616225242614746,PASS_AFDB_P2RANK_PREDICTED_POCKET_D4_LOADER
A0A1Q5Q699,0,0,0,0,0,0,48.7169086933136,PASS_AFDB_P2RANK_PREDICTED_POCKET_D4_LOADER
A0A1S1YUU1,0,0,0,0,0,0,45.38424348831177,PASS_AFDB_P2RANK_PREDICTED_POCKET_D4_LOADER
A0A1U8CC89,0,0,0,0,0,0,8.64943265914917,PASS_AFDB_P2RANK_PREDICTED_POCKET_D4_LOADER
A0A1V0QSF4,0,0,0,0,0,0,8.359531164169312,PASS_AFDB_P2RANK_PREDICTED_POCKET_D4_LOADER
A0A1V0QSF8,0,0,0,0,0,0,9.166055679321289,PASS_AFDB_P2RANK_PREDICTED_POCKET_D4_LOADER
A0A1V0QSG0,0,0,0,0,0,0,8.489277362823486,PASS_AFDB_P2RANK_PREDICTED_POCKET_D4_LOADER
A0A1V0QSG6,0,0,0,0,0,0,8.664604902267456,PASS_AFDB_P2RANK_PREDICTED_POCKET_D4_LOADER
A0A1V0QSH7,0,0,0,0,0,0,8.657143354415894,PASS_AFDB_P2RANK_PREDICTED_POCKET_D4_LOADER
A0A217ER65,0,0,0,0,0,0,1.5538504123687744,BLOCKED_AFDB_STRUCTURE_FETCH_FAILED
A0A218NGS0,0,0,0,0,0,0,8.182614088058472,PASS_AFDB_P2RANK_PREDICTED_POCKET_D4_LOADER
A0A224AU14,0,0,0,0,0,0,7.973893880844116,PASS_AFDB_P2RANK_PREDICTED_POCKET_D4_LOADER
A0A2G0QDN4,0,0,0,0,0,0,7.6767966747283936,PASS_AFDB_P2RANK_PREDICTED_POCKET_D4_LOADER
A0A2G0QDP0,0,0,0,0,0,0,8.086665153503418,PASS_AFDB_P2RANK_PREDICTED_POCKET_D4_LOADER
A0A2H1K3G9,0,0,0,0,0,0,7.751856088638306,PASS_AFDB_P2RANK_PREDICTED_POCKET_D4_LOADER
A0A2H5BHG9,0,0,0,0,0,0,1.6379928588867188,BLOCKED_AFDB_STRUCTURE_FETCH_FAILED
A0A2H5BHJ6,0,0,0,0,0,0,1.9274039268493652,BLOCKED_AFDB_STRUCTURE_FETCH_FAILED
A0A2I1CSG1,0,0,0,0,0,0,9.425272464752197,PASS_AFDB_P2RANK_PREDICTED_POCKET_D4_LOADER
A0A2I1CSG7,0,0,0,0,0,0,7.806578159332275,PASS_AFDB_P2RANK_PREDICTED_POCKET_D4_LOADER
A0A2I1CSH5,0,0,0,0,0,0,7.7431957721710205,PASS_AFDB_P2RANK_PREDICTED_POCKET_D4_LOADER
A0A2I1CSH6,0,0,0,0,0,0,8.252093076705933,PASS_AFDB_P2RANK_PREDICTED_POCKET_D4_LOADER
A0A2I1CSH9,0,0,0,0,0,0,9.399243354797363,PASS_AFDB_P2RANK_PREDICTED_POCKET_D4_LOADER
A0A2K3D179,0,0,0,0,0,0,8.676947355270386,PASS_AFDB_P2RANK_PREDICTED_POCKET_D4_LOADER
A0A2L0V130,0,0,0,0,0,0,3.290196657180786,BLOCKED_AFDB_STRUCTURE_FETCH_FAILED
A0A2L0V161,0,0,0,0,0,0,1.6753284931182861,BLOCKED_AFDB_STRUCTURE_FETCH_FAILED
A0A2P5I554,0,0,0,0,0,0,7.845914602279663,PASS_AFDB_P2RANK_PREDICTED_POCKET_D4_LOADER
A0A2T1AE85,0,0,0,0,0,0,7.698444604873657,PASS_AFDB_P2RANK_PREDICTED_POCKET_D4_LOADER
A0A2Z5P0W7,0,0,0,0,0,0,7.626988410949707,PASS_AFDB_P2RANK_PREDICTED_POCKET_D4_LOADER
A0A2Z5P2H9,0,0,0,0,0,0,8.47655463218689,PASS_AFDB_P2RANK_PREDICTED_POCKET_D4_LOADER
A0A2Z5U367,0,0,0,0,0,0,7.935791969299316,PASS_AFDB_P2RANK_PREDICTED_POCKET_D4_LOADER
A0A2Z5U368,0,0,0,0,0,0,8.901356935501099,PASS_AFDB_P2RANK_PREDICTED_POCKET_D4_LOADER
A0A2Z5U3C2,0,0,0,0,0,0,10.411266326904297,PASS_AFDB_P2RANK_PREDICTED_POCKET_D4_LOADER
A0A2Z5U507,0,0,0,0,0,0,7.592481851577759,PASS_AFDB_P2RANK_PREDICTED_POCKET_D4_LOADER
A0A2Z5U6I9,0,0,0,0,0,0,9.018855333328247,PASS_AFDB_P2RANK_PREDICTED_POCKET_D4_LOADER
A0A2Z5UFJ1,0,0,0,0,0,0,8.43419098854065,PASS_AFDB_P2RANK_PREDICTED_POCKET_D4_LOADER
A0A345MJY6,0,0,0,0,0,0,1.7528350353240967,BLOCKED_AFDB_STRUCTURE_FETCH_FAILED
A0A364MYA3,0,0,0,0,0,0,7.997101306915283,PASS_AFDB_P2RANK_PREDICTED_POCKET_D4_LOADER
A0A384JQC9,0,0,0,0,0,0,8.436344146728516,PASS_AFDB_P2RANK_PREDICTED_POCKET_D4_LOADER
A0A3B6EFE3,0,0,0,0,0,0,8.492314338684082,PASS_AFDB_P2RANK_PREDICTED_POCKET_D4_LOADER
A0A3B6UEU3,0,0,0,0,0,0,8.728969097137451,PASS_AFDB_P2RANK_PREDICTED_POCKET_D4_LOADER
A0A3Q0KQY7,0,0,0,0,0,0,8.636928796768188,PASS_AFDB_P2RANK_PREDICTED_POCKET_D4_LOADER
A0A3Q7GYG2,0,0,0,0,0,0,8.322983026504517,PASS_AFDB_P2RANK_PREDICTED_POCKET_D4_LOADER
A0A3R5XUE6,0,0,0,0,0,0,7.8351380825042725,PASS_AFDB_P2RANK_PREDICTED_POCKET_D4_LOADER
A0A423V942,0,0,0,0,0,0,9.96277928352356,PASS_AFDB_P2RANK_PREDICTED_POCKET_D4_LOADER
A0A423VZH2,0,0,0,0,0,0,8.446868181228638,PASS_AFDB_P2RANK_PREDICTED_POCKET_D4_LOADER
A0A423WA64,0,0,0,0,0,0,9.178835153579712,PASS_AFDB_P2RANK_PREDICTED_POCKET_D4_LOADER
A0A429XC68,0,0,0,0,0,0,8.87248706817627,PASS_AFDB_P2RANK_PREDICTED_POCKET_D4_LOADER
A0A429XCI2,0,0,0,0,0,0,8.417734622955322,PASS_AFDB_P2RANK_PREDICTED_POCKET_D4_LOADER
A0A429XDI3,0,0,0,0,0,0,8.395701169967651,PASS_AFDB_P2RANK_PREDICTED_POCKET_D4_LOADER
A0A437A6S9,0,0,0,0,0,0,8.199870109558105,PASS_AFDB_P2RANK_PREDICTED_POCKET_D4_LOADER
A0A498JQK2,0,0,0,0,0,0,7.6261467933654785,PASS_AFDB_P2RANK_PREDICTED_POCKET_D4_LOADER
A0A499W357,0,0,0,0,0,0,8.354176998138428,PASS_AFDB_P2RANK_PREDICTED_POCKET_D4_LOADER
A0A4P1QUJ3,0,0,0,0,0,0,8.929553747177124,PASS_AFDB_P2RANK_PREDICTED_POCKET_D4_LOADER
A0A4S4DBB3,0,0,0,0,0,0,7.6673009395599365,PASS_AFDB_P2RANK_PREDICTED_POCKET_D4_LOADER
A0A4S4ESS1,0,0,0,0,0,0,8.707097291946411,PASS_AFDB_P2RANK_PREDICTED_POCKET_D4_LOADER
A0A4X1T4U3,0,0,0,0,0,0,8.754374504089355,PASS_AFDB_P2RANK_PREDICTED_POCKET_D4_LOADER
A0A516KNH9,0,0,0,0,0,0,1.9853954315185547,BLOCKED_AFDB_STRUCTURE_FETCH_FAILED
A0A559KX76,0,0,0,0,0,0,8.632530927658081,PASS_AFDB_P2RANK_PREDICTED_POCKET_D4_LOADER
A0A565D474,0,0,0,0,0,0,12.46349573135376,PASS_AFDB_P2RANK_PREDICTED_POCKET_D4_LOADER
A0A565D475,0,0,0,0,0,0,8.317778587341309,PASS_AFDB_P2RANK_PREDICTED_POCKET_D4_LOADER
A0A565D477,0,0,0,0,0,0,11.095735549926758,PASS_AFDB_P2RANK_PREDICTED_POCKET_D4_LOADER
A0A5B8ND22,0,0,0,0,0,0,8.532089710235596,PASS_AFDB_P2RANK_PREDICTED_POCKET_D4_LOADER
A0A5B8X6A1,0,0,0,0,0,0,8.296621561050415,PASS_AFDB_P2RANK_PREDICTED_POCKET_D4_LOADER
A0A5B8X6B5,0,0,0,0,0,0,7.748305559158325,PASS_AFDB_P2RANK_PREDICTED_POCKET_D4_LOADER
A0A5B8X6S2,0,0,0,0,0,0,7.584447860717773,PASS_AFDB_P2RANK_PREDICTED_POCKET_D4_LOADER
A0A5B8X7E6,0,0,0,0,0,0,9.564756870269775,PASS_AFDB_P2RANK_PREDICTED_POCKET_D4_LOADER
A0A5B8X7H4,0,0,0,0,0,0,8.719573020935059,PASS_AFDB_P2RANK_PREDICTED_POCKET_D4_LOADER
A0A5B8X840,0,0,0,0,0,0,7.310333013534546,PASS_AFDB_P2RANK_PREDICTED_POCKET_D4_LOADER
A0A5B8XAH0,0,0,0,0,0,0,8.117852687835693,PASS_AFDB_P2RANK_PREDICTED_POCKET_D4_LOADER
A0A5B8XB28,0,0,0,0,0,0,8.395894765853882,PASS_AFDB_P2RANK_PREDICTED_POCKET_D4_LOADER
A0A5B8XC60,0,0,0,0,0,0,7.542785167694092,PASS_AFDB_P2RANK_PREDICTED_POCKET_D4_LOADER
A0A5B8Z1N3,0,0,0,0,0,0,8.247380018234253,PASS_AFDB_P2RANK_PREDICTED_POCKET_D4_LOADER
A0A5C0SBK3,0,0,0,0,0,0,8.431821823120117,PASS_AFDB_P2RANK_PREDICTED_POCKET_D4_LOADER
A0A5J5NT52,0,0,0,0,0,0,8.524553298950195,PASS_AFDB_P2RANK_PREDICTED_POCKET_D4_LOADER
A0A5J5T2N2,0,0,0,0,0,0,8.135918617248535,PASS_AFDB_P2RANK_PREDICTED_POCKET_D4_LOADER
A0A5N6TQK6,0,0,0,0,0,0,8.803745031356812,PASS_AFDB_P2RANK_PREDICTED_POCKET_D4_LOADER
A0A5N6TQL1,0,0,0,0,0,0,8.408963918685913,PASS_AFDB_P2RANK_PREDICTED_POCKET_D4_LOADER
A0A5N6TQN5,0,0,0,0,0,0,10.278549194335938,PASS_AFDB_P2RANK_PREDICTED_POCKET_D4_LOADER
A0A5N6TR74,0,0,0,0,0,0,8.48021674156189,PASS_AFDB_P2RANK_PREDICTED_POCKET_D4_LOADER
A0A649V088,0,0,0,0,0,0,7.732337951660156,PASS_AFDB_P2RANK_PREDICTED_POCKET_D4_LOADER
A0A6A6H2E0,0,0,0,0,0,0,8.013108253479004,PASS_AFDB_P2RANK_PREDICTED_POCKET_D4_LOADER
A0A6A6H402,0,0,0,0,0,0,7.625310897827148,PASS_AFDB_P2RANK_PREDICTED_POCKET_D4_LOADER
A0A6M7H989,0,0,0,0,0,0,7.294620752334595,PASS_AFDB_P2RANK_PREDICTED_POCKET_D4_LOADER
A0A6N3IN21,0,0,0,0,0,0,7.944703578948975,PASS_AFDB_P2RANK_PREDICTED_POCKET_D4_LOADER
A0A7H0DN19,0,0,0,0,0,0,1.6195499897003174,BLOCKED_AFDB_STRUCTURE_FETCH_FAILED
A0A7H0DN21,0,0,0,0,0,0,3.6375741958618164,BLOCKED_AFDB_STRUCTURE_FETCH_FAILED
A0A7H0DN27,0,0,0,0,0,0,1.587317705154419,BLOCKED_AFDB_STRUCTURE_FETCH_FAILED
A0A7H0DN30,0,0,0,0,0,0,1.6295452117919922,BLOCKED_AFDB_STRUCTURE_FETCH_FAILED
A0A7H0DN45,0,0,0,0,0,0,1.684215784072876,BLOCKED_AFDB_STRUCTURE_FETCH_FAILED
A0A7H0DN52,0,0,0,0,0,0,3.2129313945770264,BLOCKED_AFDB_STRUCTURE_FETCH_FAILED
A0A7H0DN56,0,0,0,0,0,0,2.6008412837982178,BLOCKED_AFDB_STRUCTURE_FETCH_FAILED
A0A7H0DN73,0,0,0,0,0,0,1.5678634643554688,BLOCKED_AFDB_STRUCTURE_FETCH_FAILED
A0A7H0DN74,0,0,0,0,0,0,1.5763216018676758,BLOCKED_AFDB_STRUCTURE_FETCH_FAILED
A0A7H0DN78,0,0,0,0,0,0,1.7363300323486328,BLOCKED_AFDB_STRUCTURE_FETCH_FAILED
A0A7H0DN85,0,0,0,0,0,0,1.974355936050415,BLOCKED_AFDB_STRUCTURE_FETCH_FAILED
A0A7H0DN93,0,0,0,0,0,0,1.6126749515533447,BLOCKED_AFDB_STRUCTURE_FETCH_FAILED
A0A7H0DN95,0,0,0,0,0,0,1.717456579208374,BLOCKED_AFDB_STRUCTURE_FETCH_FAILED
A0A7H0DNE2,0,0,0,0,0,0,1.5695922374725342,BLOCKED_AFDB_STRUCTURE_FETCH_FAILED
A0A7H0DNE5,0,0,0,0,0,0,1.5813868045806885,BLOCKED_AFDB_STRUCTURE_FETCH_FAILED
A0A7H0DNE9,0,0,0,0,0,0,2.7873778343200684,BLOCKED_AFDB_STRUCTURE_FETCH_FAILED
A0A7H0DNF0,0,0,0,0,0,0,1.6629955768585205,BLOCKED_AFDB_STRUCTURE_FETCH_FAILED
A0A7J6HK32,0,0,0,0,0,0,8.530510187149048,PASS_AFDB_P2RANK_PREDICTED_POCKET_D4_LOADER
A0A7L5EB83,0,0,0,0,0,0,10.080577611923218,PASS_AFDB_P2RANK_PREDICTED_POCKET_D4_LOADER
A0A7S7NT01,0,0,0,0,0,0,7.650498390197754,PASS_AFDB_P2RANK_PREDICTED_POCKET_D4_LOADER
A0A7T8F1I4,0,0,0,0,0,0,8.207872152328491,PASS_AFDB_P2RANK_PREDICTED_POCKET_D4_LOADER
A0A7T8F1J6,0,0,0,0,0,0,8.244400978088379,PASS_AFDB_P2RANK_PREDICTED_POCKET_D4_LOADER
A0A7T8F1J7,0,0,0,0,0,0,8.378181457519531,PASS_AFDB_P2RANK_PREDICTED_POCKET_D4_LOADER
A0A7T8F1L1,0,0,0,0,0,0,6.966728448867798,PASS_AFDB_P2RANK_PREDICTED_POCKET_D4_LOADER
A0A7T8F1L3,0,0,0,0,0,0,7.432587385177612,PASS_AFDB_P2RANK_PREDICTED_POCKET_D4_LOADER
A0A7T8F1M6,0,0,0,0,0,0,7.690737724304199,PASS_AFDB_P2RANK_PREDICTED_POCKET_D4_LOADER
A0A7T8F1M9,0,0,0,0,0,0,7.655838966369629,PASS_AFDB_P2RANK_PREDICTED_POCKET_D4_LOADER
A0A7T8F1N2,0,0,0,0,0,0,7.3461525440216064,PASS_AFDB_P2RANK_PREDICTED_POCKET_D4_LOADER
A0A7T8J1U7,0,0,0,0,0,0,8.552756786346436,PASS_AFDB_P2RANK_PREDICTED_POCKET_D4_LOADER
A0A7T8J1Z8,0,0,0,0,0,0,8.19184923171997,PASS_AFDB_P2RANK_PREDICTED_POCKET_D4_LOADER
A0A7U2MMF3,0,0,0,0,0,0,7.897345304489136,PASS_AFDB_P2RANK_PREDICTED_POCKET_D4_LOADER
A0A7U2QYM2,0,0,0,0,0,0,7.918894529342651,PASS_AFDB_P2RANK_PREDICTED_POCKET_D4_LOADER
A0A7U3TBV3,0,0,0,0,0,0,1.6810905933380127,BLOCKED_AFDB_STRUCTURE_FETCH_FAILED
A0A7U3TBV6,0,0,0,0,0,0,2.247262477874756,BLOCKED_AFDB_STRUCTURE_FETCH_FAILED
A0A7U3TCA2,0,0,0,0,0,0,1.9028103351593018,BLOCKED_AFDB_STRUCTURE_FETCH_FAILED
A0A803PDZ0,0,0,0,0,0,0,8.915420770645142,PASS_AFDB_P2RANK_PREDICTED_POCKET_D4_LOADER
A0A868BQY3,0,0,0,0,0,0,2.74098801612854,BLOCKED_AFDB_STRUCTURE_FETCH_FAILED
A0A8B6XWW9,0,0,0,0,0,0,7.981817245483398,PASS_AFDB_P2RANK_PREDICTED_POCKET_D4_LOADER
A0A8B8BQ58,0,0,0,0,0,0,9.071568012237549,PASS_AFDB_P2RANK_PREDICTED_POCKET_D4_LOADER
A0A8C2MDK8,0,0,0,0,0,0,8.160829305648804,PASS_AFDB_P2RANK_PREDICTED_POCKET_D4_LOADER
A0A8D5M3Y5,0,0,0,0,0,0,8.033032178878784,PASS_AFDB_P2RANK_PREDICTED_POCKET_D4_LOADER
A0A8F4N283,0,0,0,0,0,0,7.526212453842163,PASS_AFDB_P2RANK_PREDICTED_POCKET_D4_LOADER
A0A8F4PN06,0,0,0,0,0,0,7.906712055206299,PASS_AFDB_P2RANK_PREDICTED_POCKET_D4_LOADER
A0A8F4SN83,0,0,0,0,0,0,8.844949960708618,PASS_AFDB_P2RANK_PREDICTED_POCKET_D4_LOADER
A0A8F5SIS3,0,0,0,0,0,0,7.302231550216675,PASS_AFDB_P2RANK_PREDICTED_POCKET_D4_LOADER
A0A8F5XX49,0,0,0,0,0,0,7.750454425811768,PASS_AFDB_P2RANK_PREDICTED_POCKET_D4_LOADER
A0A8G1LR08,0,0,0,0,0,0,2.0095465183258057,BLOCKED_AFDB_STRUCTURE_FETCH_FAILED
A0A8H4CUY8,0,0,0,0,0,0,9.133659362792969,PASS_AFDB_P2RANK_PREDICTED_POCKET_D4_LOADER
A0A8H7XMX0,0,0,0,0,0,0,7.751535892486572,PASS_AFDB_P2RANK_PREDICTED_POCKET_D4_LOADER
A0A8H7XP09,0,0,0,0,0,0,7.700555324554443,PASS_AFDB_P2RANK_PREDICTED_POCKET_D4_LOADER
A0A8H7XQ49,0,0,0,0,0,0,8.35221815109253,PASS_AFDB_P2RANK_PREDICTED_POCKET_D4_LOADER
A0A8H8CFI5,0,0,0,0,0,0,7.817250967025757,PASS_AFDB_P2RANK_PREDICTED_POCKET_D4_LOADER
A0A8H8CMW1,0,0,0,0,0,0,7.766740083694458,PASS_AFDB_P2RANK_PREDICTED_POCKET_D4_LOADER
A0A8I3S724,0,0,0,0,0,0,8.244887351989746,PASS_AFDB_P2RANK_PREDICTED_POCKET_D4_LOADER
A0A8I5ZNK2,0,0,0,0,0,0,8.906438112258911,PASS_AFDB_P2RANK_PREDICTED_POCKET_D4_LOADER
A0A8I6AGW3,0,0,0,0,0,0,8.797754287719727,PASS_AFDB_P2RANK_PREDICTED_POCKET_D4_LOADER
A0A8I6G2K8,0,0,0,0,0,0,9.265352964401245,PASS_AFDB_P2RANK_PREDICTED_POCKET_D4_LOADER
A0A8I6GJ95,0,0,0,0,0,0,8.1794114112854,PASS_AFDB_P2RANK_PREDICTED_POCKET_D4_LOADER
A0A8K1AY78,0,0,0,0,0,0,9.043015480041504,PASS_AFDB_P2RANK_PREDICTED_POCKET_D4_LOADER
A0A8M1PLI9,0,0,0,0,0,0,8.321748971939087,PASS_AFDB_P2RANK_PREDICTED_POCKET_D4_LOADER
A0A8R9YVA6,0,0,0,0,0,0,8.531166553497314,PASS_AFDB_P2RANK_PREDICTED_POCKET_D4_LOADER
A0A8R9YZM7,0,0,0,0,0,0,7.992492198944092,PASS_AFDB_P2RANK_PREDICTED_POCKET_D4_LOADER
A0A8R9Z3C6,0,0,0,0,0,0,7.696936368942261,PASS_AFDB_P2RANK_PREDICTED_POCKET_D4_LOADER
A0A8R9Z5V5,0,0,0,0,0,0,7.652110815048218,PASS_AFDB_P2RANK_PREDICTED_POCKET_D4_LOADER
A0A8X8M4T9,0,0,0,0,0,0,7.817505836486816,PASS_AFDB_P2RANK_PREDICTED_POCKET_D4_LOADER
A0A8X8M4W6,0,0,0,0,0,0,8.200516939163208,PASS_AFDB_P2RANK_PREDICTED_POCKET_D4_LOADER
A0A8X8M501,0,0,0,0,0,0,7.684719800949097,PASS_AFDB_P2RANK_PREDICTED_POCKET_D4_LOADER
A0A8X8M505,0,0,0,0,0,0,7.547541856765747,PASS_AFDB_P2RANK_PREDICTED_POCKET_D4_LOADER
A0A913XCT1,0,0,0,0,0,0,1.64544677734375,BLOCKED_AFDB_STRUCTURE_FETCH_FAILED
A0A976YI25,0,0,0,0,0,0,7.779984474182129,PASS_AFDB_P2RANK_PREDICTED_POCKET_D4_LOADER
A0A9E7LUJ4,0,0,0,0,0,0,8.48517656326294,PASS_AFDB_P2RANK_PREDICTED_POCKET_D4_LOADER
A0A9E7LUL3,0,0,0,0,0,0,8.211920261383057,PASS_AFDB_P2RANK_PREDICTED_POCKET_D4_LOADER
A0A9E7LUR3,0,0,0,0,0,0,28.326475858688354,PASS_AFDB_P2RANK_PREDICTED_POCKET_D4_LOADER
A0A9E7S4M3,0,0,0,0,0,0,8.51380181312561,PASS_AFDB_P2RANK_PREDICTED_POCKET_D4_LOADER
A0A9E7S4M4,0,0,0,0,0,0,8.802724599838257,PASS_AFDB_P2RANK_PREDICTED_POCKET_D4_LOADER
A0A9E7S518,0,0,0,0,0,0,7.653256893157959,PASS_AFDB_P2RANK_PREDICTED_POCKET_D4_LOADER
A0A9E7S5B9,0,0,0,0,0,0,7.619321346282959,PASS_AFDB_P2RANK_PREDICTED_POCKET_D4_LOADER
A0A9E7S5E3,0,0,0,0,0,0,9.507768154144287,PASS_AFDB_P2RANK_PREDICTED_POCKET_D4_LOADER
A0A9E8G339,0,0,0,0,0,0,9.840618133544922,PASS_AFDB_P2RANK_PREDICTED_POCKET_D4_LOADER
A0A9J9HGY6,0,0,0,0,0,0,7.425356149673462,PASS_AFDB_P2RANK_PREDICTED_POCKET_D4_LOADER
A0A9P5CQV5,0,0,0,0,0,0,7.852663040161133,PASS_AFDB_P2RANK_PREDICTED_POCKET_D4_LOADER
A0A9Y1LLN2,0,0,0,0,0,0,8.71919560432434,PASS_AFDB_P2RANK_PREDICTED_POCKET_D4_LOADER
A0A9Y1LNE1,0,0,0,0,0,0,7.440596342086792,PASS_AFDB_P2RANK_PREDICTED_POCKET_D4_LOADER
A0A9Y1LQX3,0,0,0,0,0,0,7.439238786697388,PASS_AFDB_P2RANK_PREDICTED_POCKET_D4_LOADER
A0AA51VIL5,0,0,0,0,0,0,8.067687511444092,PASS_AFDB_P2RANK_PREDICTED_POCKET_D4_LOADER
A0AA51VIL7,0,0,0,0,0,0,8.225023746490479,PASS_AFDB_P2RANK_PREDICTED_POCKET_D4_LOADER
A0AA51VIM4,0,0,0,0,0,0,7.99112606048584,PASS_AFDB_P2RANK_PREDICTED_POCKET_D4_LOADER
A0AA51VJB7,0,0,0,0,0,0,8.747138977050781,PASS_AFDB_P2RANK_PREDICTED_POCKET_D4_LOADER
A0AA51VKJ3,0,0,0,0,0,0,8.097270011901855,PASS_AFDB_P2RANK_PREDICTED_POCKET_D4_LOADER
A0AA51Z0J6,0,0,0,0,0,0,7.996896982192993,PASS_AFDB_P2RANK_PREDICTED_POCKET_D4_LOADER
A0AA51Z3J4,0,0,0,0,0,0,8.484813213348389,PASS_AFDB_P2RANK_PREDICTED_POCKET_D4_LOADER
A0AA51Z3S7,0,0,0,0,0,0,7.986284017562866,PASS_AFDB_P2RANK_PREDICTED_POCKET_D4_LOADER
A0AAD6ITA8,0,0,0,0,0,0,8.324411869049072,PASS_AFDB_P2RANK_PREDICTED_POCKET_D4_LOADER
A0AAD6IZ24,0,0,0,0,0,0,10.30130124092102,PASS_AFDB_P2RANK_PREDICTED_POCKET_D4_LOADER
A0AAD6J5K1,0,0,0,0,0,0,8.229637384414673,PASS_AFDB_P2RANK_PREDICTED_POCKET_D4_LOADER
A0AAD6J5T3,0,0,0,0,0,0,9.313119411468506,PASS_AFDB_P2RANK_PREDICTED_POCKET_D4_LOADER
A0AAD6NF83,0,0,0,0,0,0,8.218939781188965,PASS_AFDB_P2RANK_PREDICTED_POCKET_D4_LOADER
A0AAD6NFV5,0,0,0,0,0,0,7.90962290763855,PASS_AFDB_P2RANK_PREDICTED_POCKET_D4_LOADER
A0AAD6NLP7,0,0,0,0,0,0,7.905733108520508,PASS_AFDB_P2RANK_PREDICTED_POCKET_D4_LOADER
A0AAI7ZGA5,0,0,0,0,0,0,8.869129657745361,PASS_AFDB_P2RANK_PREDICTED_POCKET_D4_LOADER
A0AAI7ZGC9,0,0,0,0,0,0,8.740206003189087,PASS_AFDB_P2RANK_PREDICTED_POCKET_D4_LOADER
A0AAN4PAE6,0,0,0,0,0,0,9.337852954864502,PASS_AFDB_P2RANK_PREDICTED_POCKET_D4_LOADER
A0AAT9JA24,0,0,0,0,0,0,7.695163726806641,PASS_AFDB_P2RANK_PREDICTED_POCKET_D4_LOADER
A0AAW1HA02,0,0,0,0,0,0,9.106250762939453,PASS_AFDB_P2RANK_PREDICTED_POCKET_D4_LOADER
A0AAW1IQ05,0,0,0,0,0,0,10.119909048080444,PASS_AFDB_P2RANK_PREDICTED_POCKET_D4_LOADER
A0AAW1J1B8,0,0,0,0,0,0,8.756519794464111,PASS_AFDB_P2RANK_PREDICTED_POCKET_D4_LOADER
A0AAW1J8D7,0,0,0,0,0,0,8.47374963760376,PASS_AFDB_P2RANK_PREDICTED_POCKET_D4_LOADER
A0AAW1J9R8,0,0,0,0,0,0,9.397284030914307,PASS_AFDB_P2RANK_PREDICTED_POCKET_D4_LOADER
A0AAW1JA93,0,0,0,0,0,0,8.539264678955078,PASS_AFDB_P2RANK_PREDICTED_POCKET_D4_LOADER
A0AAW1K8I9,0,0,0,0,0,0,8.305427551269531,PASS_AFDB_P2RANK_PREDICTED_POCKET_D4_LOADER
A0AAW1L0L7,0,0,0,0,0,0,9.07962942123413,PASS_AFDB_P2RANK_PREDICTED_POCKET_D4_LOADER
A0AAW1M2U7,0,0,0,0,0,0,8.3903067111969,PASS_AFDB_P2RANK_PREDICTED_POCKET_D4_LOADER
A0AAW1MQS1,0,0,0,0,0,0,8.698920726776123,PASS_AFDB_P2RANK_PREDICTED_POCKET_D4_LOADER
A0AAW1NHX6,0,0,0,0,0,0,7.518585920333862,PASS_AFDB_P2RANK_PREDICTED_POCKET_D4_LOADER
A0AB36VXQ9,0,0,0,0,0,0,8.905500411987305,PASS_AFDB_P2RANK_PREDICTED_POCKET_D4_LOADER
A0AJK9,0,0,0,0,0,0,5.1178271770477295,BLOCKED_AFDB_P2RANK_NO_POCKET
A0B573,0,0,0,0,0,0,8.559782266616821,PASS_AFDB_P2RANK_PREDICTED_POCKET_D4_LOADER
A0JPE9,0,0,0,0,0,0,8.439560174942017,PASS_AFDB_P2RANK_PREDICTED_POCKET_D4_LOADER
A0JRH2,0,0,0,0,0,0,7.489813327789307,PASS_AFDB_P2RANK_PREDICTED_POCKET_D4_LOADER
A0JRH3,0,0,0,0,0,0,5.712543725967407,BLOCKED_AFDB_P2RANK_NO_POCKET
A0JXX7,0,0,0,0,0,0,6.067330837249756,BLOCKED_AFDB_P2RANK_NO_POCKET
A0K2V4,0,0,0,0,0,0,5.211448431015015,BLOCKED_AFDB_P2RANK_NO_POCKET
A0K577,0,0,0,0,0,0,5.2665534019470215,BLOCKED_AFDB_P2RANK_NO_POCKET
A0K913,0,0,0,0,0,0,8.87075424194336,BLOCKED_AFDB_P2RANK_NO_POCKET
A0KBI0,0,0,0,0,0,0,5.678085088729858,BLOCKED_AFDB_P2RANK_NO_POCKET
A0KQ95,0,0,0,0,0,0,8.079972982406616,PASS_AFDB_P2RANK_PREDICTED_POCKET_D4_LOADER
A0L1Q7,0,0,0,0,0,0,6.048086643218994,BLOCKED_AFDB_P2RANK_NO_POCKET
A0L6F0,0,0,0,0,0,0,5.625175714492798,BLOCKED_AFDB_P2RANK_NO_POCKET
A0L6F1,0,0,0,0,0,0,5.185750246047974,BLOCKED_AFDB_P2RANK_NO_POCKET
A0LRJ1,0,0,0,0,0,0,6.904109239578247,PASS_AFDB_P2RANK_PREDICTED_POCKET_D4_LOADER
A0M1H4,0,0,0,0,0,0,5.287090063095093,BLOCKED_AFDB_P2RANK_NO_POCKET
A0PNU6,0,0,0,0,0,0,7.934430837631226,PASS_AFDB_P2RANK_PREDICTED_POCKET_D4_LOADER
A0PPX3,0,0,0,0,0,0,5.366316795349121,BLOCKED_AFDB_P2RANK_NO_POCKET
A0PSG3,0,0,0,0,0,0,5.270267963409424,BLOCKED_AFDB_P2RANK_NO_POCKET
A0PSG4,0,0,0,0,0,0,5.488232851028442,BLOCKED_AFDB_P2RANK_NO_POCKET
A0PW69,0,0,0,0,0,0,7.733595609664917,PASS_AFDB_P2RANK_PREDICTED_POCKET_D4_LOADER
A0PZY2,0,0,0,0,0,0,5.812321901321411,BLOCKED_AFDB_P2RANK_NO_POCKET
A0QBW1,0,0,0,0,0,0,8.123004913330078,PASS_AFDB_P2RANK_PREDICTED_POCKET_D4_LOADER
A0QCA6,0,0,0,0,0,0,6.988168954849243,BLOCKED_AFDB_P2RANK_NO_POCKET
A0QHT7,0,0,0,0,0,0,7.9634881019592285,PASS_AFDB_P2RANK_PREDICTED_POCKET_D4_LOADER
A0QT90,0,0,0,0,0,0,7.688621282577515,PASS_AFDB_P2RANK_PREDICTED_POCKET_D4_LOADER
A0QUW9,0,0,0,0,0,0,5.310222387313843,BLOCKED_AFDB_P2RANK_NO_POCKET
A0QX29,0,0,0,0,0,0,7.6667640209198,PASS_AFDB_P2RANK_PREDICTED_POCKET_D4_LOADER
A0QYE2,0,0,0,0,0,0,5.333613634109497,BLOCKED_AFDB_P2RANK_NO_POCKET
A0R2K7,0,0,0,0,0,0,5.171293020248413,BLOCKED_AFDB_P2RANK_NO_POCKET
A0R3N5,0,0,0,0,0,0,7.375492811203003,PASS_AFDB_P2RANK_PREDICTED_POCKET_D4_LOADER
A0R627,0,0,0,0,0,0,8.303319931030273,PASS_AFDB_P2RANK_PREDICTED_POCKET_D4_LOADER
A0RQ21,0,0,0,0,0,0,5.248667240142822,BLOCKED_AFDB_P2RANK_NO_POCKET
A0ZZS8,0,0,0,0,0,0,9.511159658432007,BLOCKED_AFDB_P2RANK_NO_POCKET
A1A3F7,0,0,0,0,0,0,5.404430866241455,BLOCKED_AFDB_P2RANK_NO_POCKET
A1A7H7,0,0,0,0,0,0,6.904136657714844,PASS_AFDB_P2RANK_PREDICTED_POCKET_D4_LOADER
A1AIF3,0,0,0,0,0,0,8.204544067382812,PASS_AFDB_P2RANK_PREDICTED_POCKET_D4_LOADER
A1AW12,0,0,0,0,0,0,7.168931484222412,PASS_AFDB_P2RANK_PREDICTED_POCKET_D4_LOADER
A1AZJ3,0,0,0,0,0,0,5.552568674087524,BLOCKED_AFDB_P2RANK_NO_POCKET
A1B1C2,0,0,0,0,0,0,5.592213153839111,BLOCKED_AFDB_P2RANK_NO_POCKET
A1B3I3,0,0,0,0,0,0,5.242168664932251,BLOCKED_AFDB_P2RANK_NO_POCKET
A1CVQ3,0,0,0,0,0,0,7.425681829452515,PASS_AFDB_P2RANK_PREDICTED_POCKET_D4_LOADER
A1E952,0,0,0,0,0,0,1.6550729274749756,BLOCKED_AFDB_STRUCTURE_FETCH_FAILED
A1JLI8,0,0,0,0,0,0,5.5225770473480225,BLOCKED_AFDB_P2RANK_NO_POCKET
A1JS52,0,0,0,0,0,0,8.719932079315186,PASS_AFDB_P2RANK_PREDICTED_POCKET_D4_LOADER
A1K1T6,0,0,0,0,0,0,5.472568035125732,BLOCKED_AFDB_P2RANK_NO_POCKET
A1K5B8,0,0,0,0,0,0,5.525744438171387,BLOCKED_AFDB_P2RANK_NO_POCKET
A1KBB5,0,0,0,0,0,0,5.323146820068359,BLOCKED_AFDB_P2RANK_NO_POCKET
A1KHE9,0,0,0,0,0,0,8.412489414215088,PASS_AFDB_P2RANK_PREDICTED_POCKET_D4_LOADER
A1KHV0,0,0,0,0,0,0,5.26686429977417,BLOCKED_AFDB_P2RANK_NO_POCKET
A1KIS5,0,0,0,0,0,0,8.58411455154419,PASS_AFDB_P2RANK_PREDICTED_POCKET_D4_LOADER
A1KJR0,0,0,0,0,0,0,5.579209089279175,BLOCKED_AFDB_P2RANK_NO_POCKET
A1KJR1,0,0,0,0,0,0,5.661890029907227,BLOCKED_AFDB_P2RANK_NO_POCKET
A1KLB3,0,0,0,0,0,0,7.738260507583618,PASS_AFDB_P2RANK_PREDICTED_POCKET_D4_LOADER
A1KMA6,0,0,0,0,0,0,7.6643149852752686,PASS_AFDB_P2RANK_PREDICTED_POCKET_D4_LOADER
A1KN36,0,0,0,0,0,0,7.59502911567688,PASS_AFDB_P2RANK_PREDICTED_POCKET_D4_LOADER
A1R1C3,0,0,0,0,0,0,5.671231269836426,BLOCKED_AFDB_P2RANK_NO_POCKET
A1R1C4,0,0,0,0,0,0,5.840307950973511,BLOCKED_AFDB_P2RANK_NO_POCKET
A1R4R0,0,0,0,0,0,0,5.2667577266693115,BLOCKED_AFDB_P2RANK_NO_POCKET
A1RVI0,0,0,0,0,0,0,7.837566614151001,BLOCKED_AFDB_P2RANK_NO_POCKET
A1SPV1,0,0,0,0,0,0,7.886742353439331,PASS_AFDB_P2RANK_PREDICTED_POCKET_D4_LOADER
A1SYX9,0,0,0,0,0,0,5.850230693817139,BLOCKED_AFDB_P2RANK_NO_POCKET
A1SYY0,0,0,0,0,0,0,5.682859897613525,BLOCKED_AFDB_P2RANK_NO_POCKET
A1T8R1,0,0,0,0,0,0,8.60310173034668,PASS_AFDB_P2RANK_PREDICTED_POCKET_D4_LOADER
A1T9N5,0,0,0,0,0,0,5.639406204223633,BLOCKED_AFDB_P2RANK_NO_POCKET
A1T9N6,0,0,0,0,0,0,5.522045135498047,BLOCKED_AFDB_P2RANK_NO_POCKET
A1TDS4,0,0,0,0,0,0,5.857637166976929,BLOCKED_AFDB_P2RANK_NO_POCKET
A1TIW2,0,0,0,0,0,0,5.858857154846191,BLOCKED_AFDB_P2RANK_NO_POCKET
A1TSZ3,0,0,0,0,0,0,5.276890516281128,BLOCKED_AFDB_P2RANK_NO_POCKET
A1TZV5,0,0,0,0,0,0,5.645970821380615,BLOCKED_AFDB_P2RANK_NO_POCKET
A1U500,0,0,0,0,0,0,5.865122556686401,BLOCKED_AFDB_P2RANK_NO_POCKET
A1UFU2,0,0,0,0,0,0,8.065185308456421,PASS_AFDB_P2RANK_PREDICTED_POCKET_D4_LOADER
A1UGT6,0,0,0,0,0,0,5.492544174194336,BLOCKED_AFDB_P2RANK_NO_POCKET
A1UGT7,0,0,0,0,0,0,5.897634029388428,BLOCKED_AFDB_P2RANK_NO_POCKET
A1V1G7,0,0,0,0,0,0,5.528069257736206,BLOCKED_AFDB_P2RANK_NO_POCKET
A1V777,0,0,0,0,0,0,5.575781345367432,BLOCKED_AFDB_P2RANK_NO_POCKET
A1VE87,0,0,0,0,0,0,2.2189483642578125,BLOCKED_AFDB_STRUCTURE_FETCH_FAILED
A1VYB8,0,0,0,0,0,0,5.823280096054077,BLOCKED_AFDB_P2RANK_NO_POCKET
A1WDC8,0,0,0,0,0,0,7.264414310455322,PASS_AFDB_P2RANK_PREDICTED_POCKET_D4_LOADER
A1WUX3,0,0,0,0,0,0,7.142292022705078,PASS_AFDB_P2RANK_PREDICTED_POCKET_D4_LOADER
A1WVR8,0,0,0,0,0,0,6.228626251220703,BLOCKED_AFDB_P2RANK_NO_POCKET
A1YIZ1,0,0,0,0,0,0,1.7244584560394287,BLOCKED_AFDB_STRUCTURE_FETCH_FAILED
A2A559,0,0,0,0,0,0,8.332434177398682,PASS_AFDB_P2RANK_PREDICTED_POCKET_D4_LOADER
A2BHB7,0,0,0,0,0,0,6.228630065917969,BLOCKED_AFDB_P2RANK_NO_POCKET
A2BQW6,0,0,0,0,0,0,5.442748069763184,BLOCKED_AFDB_P2RANK_NO_POCKET
A2C4S0,0,0,0,0,0,0,5.542797565460205,BLOCKED_AFDB_P2RANK_NO_POCKET
A2C4S1,0,0,0,0,0,0,5.45721697807312,BLOCKED_AFDB_P2RANK_NO_POCKET
A2C7K4,0,0,0,0,0,0,5.4277753829956055,BLOCKED_AFDB_P2RANK_NO_POCKET
A2CCF2,0,0,0,0,0,0,5.621912956237793,BLOCKED_AFDB_P2RANK_NO_POCKET
A2QDI9,0,0,0,0,0,0,1.723062515258789,BLOCKED_AFDB_STRUCTURE_FETCH_FAILED
A2RIE6,0,0,0,0,0,0,5.947839736938477,BLOCKED_AFDB_P2RANK_NO_POCKET
A2RJD5,0,0,0,0,0,0,7.057596921920776,PASS_AFDB_P2RANK_PREDICTED_POCKET_D4_LOADER
A2RJS3,0,0,0,0,0,0,12.122544527053833,PASS_AFDB_P2RANK_PREDICTED_POCKET_D4_LOADER
A2S8I8,0,0,0,0,0,0,5.726391315460205,BLOCKED_AFDB_P2RANK_NO_POCKET
A2S997,0,0,0,0,0,0,5.209065675735474,BLOCKED_AFDB_P2RANK_NO_POCKET
A2SBV7,0,0,0,0,0,0,5.831493139266968,BLOCKED_AFDB_P2RANK_NO_POCKET
A2SDJ1,0,0,0,0,0,0,5.326582670211792,BLOCKED_AFDB_P2RANK_NO_POCKET
A2SQK1,0,0,0,0,0,0,9.836133241653442,PASS_AFDB_P2RANK_PREDICTED_POCKET_D4_LOADER
A2T3S5,0,0,0,0,0,0,1.716388463973999,BLOCKED_AFDB_STRUCTURE_FETCH_FAILED
A2V7M9,0,0,0,0,0,0,7.728903770446777,PASS_AFDB_P2RANK_PREDICTED_POCKET_D4_LOADER
A2V9Y8,0,0,0,0,0,0,7.892680883407593,PASS_AFDB_P2RANK_PREDICTED_POCKET_D4_LOADER
A3CST9,0,0,0,0,0,0,8.359078645706177,PASS_AFDB_P2RANK_PREDICTED_POCKET_D4_LOADER
A3DE86,0,0,0,0,0,0,5.247622013092041,BLOCKED_AFDB_P2RANK_NO_POCKET
A3DGG0,0,0,0,0,0,0,5.467217206954956,BLOCKED_AFDB_P2RANK_NO_POCKET
A3KCL7,0,0,0,0,0,0,7.905734539031982,PASS_AFDB_P2RANK_PREDICTED_POCKET_D4_LOADER
A3LU55,0,0,0,0,0,0,6.201239824295044,BLOCKED_AFDB_P2RANK_NO_POCKET
A3M3F1,0,0,0,0,0,0,5.5035083293914795,BLOCKED_AFDB_P2RANK_NO_POCKET
A3MNR5,0,0,0,0,0,0,5.820378065109253,BLOCKED_AFDB_P2RANK_NO_POCKET
A3MYF1,0,0,0,0,0,0,6.068477153778076,BLOCKED_AFDB_P2RANK_NO_POCKET
A3MZ45,0,0,0,0,0,0,2.445340871810913,BLOCKED_AFDB_STRUCTURE_FETCH_FAILED
A3N223,0,0,0,0,0,0,5.633009910583496,BLOCKED_AFDB_P2RANK_NO_POCKET
A3N2R6,0,0,0,0,0,0,5.967631578445435,BLOCKED_AFDB_P2RANK_NO_POCKET
A3N4F3,0,0,0,0,0,0,5.747203350067139,BLOCKED_AFDB_P2RANK_NO_POCKET
A3NQ44,0,0,0,0,0,0,5.221930027008057,BLOCKED_AFDB_P2RANK_NO_POCKET
A3NYC8,0,0,0,0,0,0,5.791623115539551,BLOCKED_AFDB_P2RANK_NO_POCKET
A3PCN9,0,0,0,0,0,0,5.755119562149048,BLOCKED_AFDB_P2RANK_NO_POCKET
A3PI89,0,0,0,0,0,0,5.5110557079315186,BLOCKED_AFDB_P2RANK_NO_POCKET
A3PL41,0,0,0,0,0,0,6.1369469165802,BLOCKED_AFDB_P2RANK_NO_POCKET
A3PL42,0,0,0,0,0,0,5.993852615356445,BLOCKED_AFDB_P2RANK_NO_POCKET
A3PZF2,0,0,0,0,0,0,7.906482934951782,PASS_AFDB_P2RANK_PREDICTED_POCKET_D4_LOADER
A3Q0D6,0,0,0,0,0,0,6.231988430023193,BLOCKED_AFDB_P2RANK_NO_POCKET
A3Q0D7,0,0,0,0,0,0,5.452213287353516,BLOCKED_AFDB_P2RANK_NO_POCKET
A4D9B0,0,0,0,0,0,0,9.018791913986206,PASS_AFDB_P2RANK_PREDICTED_POCKET_D4_LOADER
A4FMH0,0,0,0,0,0,0,8.385666370391846,PASS_AFDB_P2RANK_PREDICTED_POCKET_D4_LOADER
A4FUG7,0,0,0,0,0,0,8.980132102966309,PASS_AFDB_P2RANK_PREDICTED_POCKET_D4_LOADER
A4FVW2,0,0,0,0,0,0,5.701328277587891,BLOCKED_AFDB_P2RANK_NO_POCKET
A4FZB4,0,0,0,0,0,0,9.361564874649048,PASS_AFDB_P2RANK_PREDICTED_POCKET_D4_LOADER
A4G1L5,0,0,0,0,0,0,7.010324478149414,BLOCKED_AFDB_P2RANK_NO_POCKET
A4GT88,0,0,0,0,0,0,2.1011204719543457,BLOCKED_AFDB_STRUCTURE_FETCH_FAILED
A4II73,0,0,0,0,0,0,8.518430948257446,PASS_AFDB_P2RANK_PREDICTED_POCKET_D4_LOADER
A4IKU8,0,0,0,0,0,0,10.487811803817749,PASS_AFDB_P2RANK_PREDICTED_POCKET_D4_LOADER
A4IMB9,0,0,0,0,0,0,7.678749322891235,BLOCKED_AFDB_P2RANK_NO_POCKET
A4JC43,0,0,0,0,0,0,8.691409349441528,BLOCKED_AFDB_P2RANK_NO_POCKET
A4JIT1,0,0,0,0,0,0,5.888570547103882,BLOCKED_AFDB_P2RANK_NO_POCKET
A4KX71,0,0,0,0,0,0,3.119243860244751,BLOCKED_AFDB_STRUCTURE_FETCH_FAILED
A4KX74,0,0,0,0,0,0,2.9067583084106445,BLOCKED_AFDB_STRUCTURE_FETCH_FAILED
A4QA21,0,0,0,0,0,0,5.409660339355469,BLOCKED_AFDB_P2RANK_NO_POCKET
A4QDS8,0,0,0,0,0,0,1.754915714263916,BLOCKED_AFDB_STRUCTURE_FETCH_FAILED
A4QEC1,0,0,0,0,0,0,9.541311025619507,PASS_AFDB_P2RANK_PREDICTED_POCKET_D4_LOADER
A4SD65,0,0,0,0,0,0,6.381331205368042,BLOCKED_AFDB_P2RANK_NO_POCKET
A4SHU2,0,0,0,0,0,0,9.464426279067993,PASS_AFDB_P2RANK_PREDICTED_POCKET_D4_LOADER
A4SLN5,0,0,0,0,0,0,6.275595664978027,BLOCKED_AFDB_P2RANK_NO_POCKET
A4T9I1,0,0,0,0,0,0,9.482767105102539,PASS_AFDB_P2RANK_PREDICTED_POCKET_D4_LOADER
A4TAD3,0,0,0,0,0,0,7.34632134437561,BLOCKED_AFDB_P2RANK_NO_POCKET
A4TGY7,0,0,0,0,0,0,8.731944799423218,PASS_AFDB_P2RANK_PREDICTED_POCKET_D4_LOADER
A4VCL2,0,0,0,0,0,0,11.16978669166565,PASS_AFDB_P2RANK_PREDICTED_POCKET_D4_LOADER
A4VQU9,0,0,0,0,0,0,6.264708995819092,BLOCKED_AFDB_P2RANK_NO_POCKET
A4VT82,0,0,0,0,0,0,6.243072509765625,BLOCKED_AFDB_P2RANK_NO_POCKET
A4VXS3,0,0,0,0,0,0,5.991088390350342,BLOCKED_AFDB_P2RANK_NO_POCKET
A4W5A0,0,0,0,0,0,0,11.171252965927124,PASS_AFDB_P2RANK_PREDICTED_POCKET_D4_LOADER
A4WCQ8,0,0,0,0,0,0,5.639020681381226,BLOCKED_AFDB_P2RANK_NO_POCKET
A4WEJ3,0,0,0,0,0,0,5.492218017578125,BLOCKED_AFDB_P2RANK_NO_POCKET
A4WEJ4,0,0,0,0,0,0,7.3993730545043945,BLOCKED_AFDB_P2RANK_NO_POCKET
A4WR72,0,0,0,0,0,0,6.067954063415527,BLOCKED_AFDB_P2RANK_NO_POCKET
A4WUQ3,0,0,0,0,0,0,6.527161121368408,BLOCKED_AFDB_P2RANK_NO_POCKET
A4X489,0,0,0,0,0,0,5.396572828292847,BLOCKED_AFDB_P2RANK_NO_POCKET
A4X5N0,0,0,0,0,0,0,9.688374519348145,PASS_AFDB_P2RANK_PREDICTED_POCKET_D4_LOADER
A4XQ45,0,0,0,0,0,0,6.176595687866211,BLOCKED_AFDB_P2RANK_NO_POCKET
A4XQ47,0,0,0,0,0,0,6.000465631484985,BLOCKED_AFDB_P2RANK_NO_POCKET
A4XQK7,0,0,0,0,0,0,5.588480234146118,BLOCKED_AFDB_P2RANK_NO_POCKET
A4XV11,0,0,0,0,0,0,6.85800576210022,BLOCKED_AFDB_P2RANK_NO_POCKET
A4YD82,0,0,0,0,0,0,5.6820228099823,BLOCKED_AFDB_P2RANK_NO_POCKET
A4YJY8,0,0,0,0,0,0,6.703579425811768,BLOCKED_AFDB_P2RANK_NO_POCKET
A4YWF3,0,0,0,0,0,0,5.634404182434082,BLOCKED_AFDB_P2RANK_NO_POCKET
A4ZCW6,0,0,0,0,0,0,1.9654765129089355,BLOCKED_AFDB_STRUCTURE_FETCH_FAILED
A4ZU96,0,0,0,0,0,0,2.483593463897705,BLOCKED_AFDB_STRUCTURE_FETCH_FAILED
A5B4D2,0,0,0,0,0,0,2.0589911937713623,BLOCKED_AFDB_STRUCTURE_FETCH_FAILED
A5CQN3,0,0,0,0,0,0,7.1896631717681885,BLOCKED_AFDB_P2RANK_NO_POCKET
A5CX64,0,0,0,0,0,0,5.368992328643799,BLOCKED_AFDB_P2RANK_NO_POCKET
A5DGY1,0,0,0,0,0,0,5.919513463973999,BLOCKED_AFDB_P2RANK_NO_POCKET
A5EKP6,0,0,0,0,0,0,5.7925286293029785,BLOCKED_AFDB_P2RANK_NO_POCKET
A5FAD3,0,0,0,0,0,0,5.5540618896484375,BLOCKED_AFDB_P2RANK_NO_POCKET
A5FBJ5,0,0,0,0,0,0,9.494404315948486,PASS_AFDB_P2RANK_PREDICTED_POCKET_D4_LOADER
A5FQ06,0,0,0,0,0,0,5.595782518386841,BLOCKED_AFDB_P2RANK_NO_POCKET
A5FWV9,0,0,0,0,0,0,5.320169448852539,BLOCKED_AFDB_P2RANK_NO_POCKET
A5GIJ9,0,0,0,0,0,0,5.607105255126953,BLOCKED_AFDB_P2RANK_NO_POCKET
A5GIW2,0,0,0,0,0,0,5.673601388931274,BLOCKED_AFDB_P2RANK_NO_POCKET
A5GMR6,0,0,0,0,0,0,6.20293116569519,BLOCKED_AFDB_P2RANK_NO_POCKET
A5GWV5,0,0,0,0,0,0,5.3396687507629395,BLOCKED_AFDB_P2RANK_NO_POCKET
A5GWV6,0,0,0,0,0,0,5.214600086212158,BLOCKED_AFDB_P2RANK_NO_POCKET
A5HBG1,0,0,0,0,0,0,3.1594085693359375,BLOCKED_AFDB_STRUCTURE_FETCH_FAILED
A5I5I5,0,0,0,0,0,0,8.039109706878662,BLOCKED_AFDB_P2RANK_NO_POCKET
A5IR97,0,0,0,0,0,0,9.758275032043457,PASS_AFDB_P2RANK_PREDICTED_POCKET_D4_LOADER
A5IU68,0,0,0,0,0,0,6.520982027053833,BLOCKED_AFDB_P2RANK_NO_POCKET
A5IUK6,0,0,0,0,0,0,7.846389055252075,PASS_AFDB_P2RANK_PREDICTED_POCKET_D4_LOADER
A5IV69,0,0,0,0,0,0,5.655606031417847,BLOCKED_AFDB_P2RANK_NO_POCKET
A5K264,0,0,0,0,0,0,9.244629144668579,PASS_AFDB_P2RANK_PREDICTED_POCKET_D4_LOADER
A5MZ48,0,0,0,0,0,0,5.662317514419556,BLOCKED_AFDB_P2RANK_NO_POCKET
A5U154,0,0,0,0,0,0,8.191877841949463,PASS_AFDB_P2RANK_PREDICTED_POCKET_D4_LOADER
A5U2I9,0,0,0,0,0,0,8.16437578201294,PASS_AFDB_P2RANK_PREDICTED_POCKET_D4_LOADER
A5U3L5,0,0,0,0,0,0,5.265908241271973,BLOCKED_AFDB_P2RANK_NO_POCKET
A5U3L6,0,0,0,0,0,0,5.41569709777832,BLOCKED_AFDB_P2RANK_NO_POCKET
A5U5B6,0,0,0,0,0,0,7.698188543319702,PASS_AFDB_P2RANK_PREDICTED_POCKET_D4_LOADER
A5U6B7,0,0,0,0,0,0,7.532740354537964,PASS_AFDB_P2RANK_PREDICTED_POCKET_D4_LOADER
A5U753,0,0,0,0,0,0,7.943671703338623,PASS_AFDB_P2RANK_PREDICTED_POCKET_D4_LOADER
A5U908,0,0,0,0,0,0,8.55776071548462,PASS_AFDB_P2RANK_PREDICTED_POCKET_D4_LOADER
A5U9V4,0,0,0,0,0,0,5.7900354862213135,BLOCKED_AFDB_P2RANK_NO_POCKET
A5UG02,0,0,0,0,0,0,1.6294903755187988,BLOCKED_AFDB_STRUCTURE_FETCH_FAILED
A5UH46,0,0,0,0,0,0,5.684434652328491,BLOCKED_AFDB_P2RANK_NO_POCKET
A5UNX8,0,0,0,0,0,0,8.527920961380005,PASS_AFDB_P2RANK_PREDICTED_POCKET_D4_LOADER
A5UPS5,0,0,0,0,0,0,5.244146347045898,BLOCKED_AFDB_P2RANK_NO_POCKET
A5UQ40,0,0,0,0,0,0,6.051477670669556,BLOCKED_AFDB_P2RANK_NO_POCKET
A5USE7,0,0,0,0,0,0,5.8953163623809814,BLOCKED_AFDB_P2RANK_NO_POCKET
A5VLS3,0,0,0,0,0,0,7.945978164672852,PASS_AFDB_P2RANK_PREDICTED_POCKET_D4_LOADER
A5VZ23,0,0,0,0,0,0,5.447668552398682,BLOCKED_AFDB_P2RANK_NO_POCKET
A5W183,0,0,0,0,0,0,7.495704889297485,BLOCKED_AFDB_P2RANK_NO_POCKET
A5W4B8,0,0,0,0,0,0,5.157968044281006,BLOCKED_AFDB_P2RANK_NO_POCKET
A6K136,0,0,0,0,0,0,8.22710919380188,PASS_AFDB_P2RANK_PREDICTED_POCKET_D4_LOADER
A6QDF1,0,0,0,0,0,0,7.491240739822388,PASS_AFDB_P2RANK_PREDICTED_POCKET_D4_LOADER
A6QFD2,0,0,0,0,0,0,7.9927332401275635,PASS_AFDB_P2RANK_PREDICTED_POCKET_D4_LOADER
A6QG37,0,0,0,0,0,0,6.912449598312378,PASS_AFDB_P2RANK_PREDICTED_POCKET_D4_LOADER
A6QIC9,0,0,0,0,0,0,5.765251398086548,BLOCKED_AFDB_P2RANK_NO_POCKET
A6QJC8,0,0,0,0,0,0,5.430965185165405,BLOCKED_AFDB_P2RANK_NO_POCKET
A6QP01,0,0,0,0,0,0,1.6050662994384766,BLOCKED_AFDB_STRUCTURE_FETCH_FAILED
A6QPN6,0,0,0,0,0,0,7.6670074462890625,PASS_AFDB_P2RANK_PREDICTED_POCKET_D4_LOADER
A6RJA2,0,0,0,0,0,0,9.327097415924072,PASS_AFDB_P2RANK_PREDICTED_POCKET_D4_LOADER
A6S950,0,0,0,0,0,0,10.676469087600708,PASS_AFDB_P2RANK_PREDICTED_POCKET_D4_LOADER
A6S9T6,0,0,0,0,0,0,8.711592197418213,PASS_AFDB_P2RANK_PREDICTED_POCKET_D4_LOADER
A6SAG8,0,0,0,0,0,0,9.86940598487854,PASS_AFDB_P2RANK_PREDICTED_POCKET_D4_LOADER
A6SBT4,0,0,0,0,0,0,9.84562349319458,PASS_AFDB_P2RANK_PREDICTED_POCKET_D4_LOADER
A6SCT6,0,0,0,0,0,0,10.668391704559326,PASS_AFDB_P2RANK_PREDICTED_POCKET_D4_LOADER
A6SFW7,0,0,0,0,0,0,18.195960998535156,PASS_AFDB_P2RANK_PREDICTED_POCKET_D4_LOADER
A6SUD8,0,0,0,0,0,0,5.48147988319397,BLOCKED_AFDB_P2RANK_NO_POCKET
A6SZ06,0,0,0,0,0,0,5.39509129524231,BLOCKED_AFDB_P2RANK_NO_POCKET
A6T4H1,0,0,0,0,0,0,5.6236772537231445,BLOCKED_AFDB_P2RANK_NO_POCKET
A6TU46,0,0,0,0,0,0,1.6498212814331055,BLOCKED_AFDB_STRUCTURE_FETCH_FAILED
A6U025,0,0,0,0,0,0,7.781103849411011,PASS_AFDB_P2RANK_PREDICTED_POCKET_D4_LOADER
A6U306,0,0,0,0,0,0,5.262148380279541,BLOCKED_AFDB_P2RANK_NO_POCKET
A6U412,0,0,0,0,0,0,5.4123852252960205,BLOCKED_AFDB_P2RANK_NO_POCKET
A6U413,0,0,0,0,0,0,7.244085073471069,PASS_AFDB_P2RANK_PREDICTED_POCKET_D4_LOADER
A6U818,0,0,0,0,0,0,5.213907718658447,BLOCKED_AFDB_P2RANK_NO_POCKET
A6UC38,0,0,0,0,0,0,5.144871234893799,BLOCKED_AFDB_P2RANK_NO_POCKET
A6UC40,0,0,0,0,0,0,5.208051443099976,BLOCKED_AFDB_P2RANK_NO_POCKET
A6UH73,0,0,0,0,0,0,7.051795482635498,PASS_AFDB_P2RANK_PREDICTED_POCKET_D4_LOADER
A6US00,0,0,0,0,0,0,7.922109603881836,PASS_AFDB_P2RANK_PREDICTED_POCKET_D4_LOADER
A6UUL6,0,0,0,0,0,0,5.307292461395264,BLOCKED_AFDB_P2RANK_NO_POCKET
A6UWL1,0,0,0,0,0,0,8.507108688354492,PASS_AFDB_P2RANK_PREDICTED_POCKET_D4_LOADER
A6V4D9,0,0,0,0,0,0,5.354498386383057,BLOCKED_AFDB_P2RANK_NO_POCKET
A6V6S8,0,0,0,0,0,0,5.672911882400513,BLOCKED_AFDB_P2RANK_NO_POCKET
A6VBJ7,0,0,0,0,0,0,5.495236158370972,BLOCKED_AFDB_P2RANK_NO_POCKET
A6VCX2,0,0,0,0,0,0,5.258580446243286,BLOCKED_AFDB_P2RANK_NO_POCKET
A6VHF1,0,0,0,0,0,0,5.390307426452637,BLOCKED_AFDB_P2RANK_NO_POCKET
A6VHH1,0,0,0,0,0,0,5.443405866622925,BLOCKED_AFDB_P2RANK_NO_POCKET
A6VJ23,0,0,0,0,0,0,8.343848705291748,PASS_AFDB_P2RANK_PREDICTED_POCKET_D4_LOADER
A6VL34,0,0,0,0,0,0,5.73880672454834,BLOCKED_AFDB_P2RANK_NO_POCKET
A6VTV6,0,0,0,0,0,0,5.339023590087891,BLOCKED_AFDB_P2RANK_NO_POCKET
A6VTV7,0,0,0,0,0,0,5.317933559417725,BLOCKED_AFDB_P2RANK_NO_POCKET
A6W7L6,0,0,0,0,0,0,5.366153717041016,BLOCKED_AFDB_P2RANK_NO_POCKET
A6W7Q8,0,0,0,0,0,0,5.964714288711548,BLOCKED_AFDB_P2RANK_NO_POCKET
A6WIB8,0,0,0,0,0,0,6.119293928146362,BLOCKED_AFDB_P2RANK_NO_POCKET
A6X564,0,0,0,0,0,0,6.136728525161743,BLOCKED_AFDB_P2RANK_NO_POCKET
A6ZN61,0,0,0,0,0,0,8.681347846984863,PASS_AFDB_P2RANK_PREDICTED_POCKET_D4_LOADER
A6ZYG1,0,0,0,0,0,0,8.403390884399414,PASS_AFDB_P2RANK_PREDICTED_POCKET_D4_LOADER
A7FGQ5,0,0,0,0,0,0,6.2487077713012695,BLOCKED_AFDB_P2RANK_NO_POCKET
A7FNN8,0,0,0,0,0,0,10.600725173950195,PASS_AFDB_P2RANK_PREDICTED_POCKET_D4_LOADER
A7FTE0,0,0,0,0,0,0,1.614943265914917,BLOCKED_AFDB_STRUCTURE_FETCH_FAILED
A7FX01,0,0,0,0,0,0,5.530028343200684,BLOCKED_AFDB_P2RANK_NO_POCKET
A7GCV1,0,0,0,0,0,0,1.8809034824371338,BLOCKED_AFDB_STRUCTURE_FETCH_FAILED
A7GTM8,0,0,0,0,0,0,5.240156650543213,BLOCKED_AFDB_P2RANK_NO_POCKET
A7GV51,0,0,0,0,0,0,7.148484945297241,BLOCKED_AFDB_P2RANK_NO_POCKET
A7GX43,0,0,0,0,0,0,5.37072229385376,BLOCKED_AFDB_P2RANK_NO_POCKET
A7H4Y0,0,0,0,0,0,0,5.393913984298706,BLOCKED_AFDB_P2RANK_NO_POCKET
A7HBI3,0,0,0,0,0,0,8.079533576965332,PASS_AFDB_P2RANK_PREDICTED_POCKET_D4_LOADER
A7I9P9,0,0,0,0,0,0,8.912597894668579,PASS_AFDB_P2RANK_PREDICTED_POCKET_D4_LOADER
A7IMA6,0,0,0,0,0,0,5.178665399551392,BLOCKED_AFDB_P2RANK_NO_POCKET
A7IZZ1,0,0,0,0,0,0,13.352259635925293,PASS_AFDB_P2RANK_PREDICTED_POCKET_D4_LOADER
A7J392,0,0,0,0,0,0,1.6818974018096924,BLOCKED_AFDB_STRUCTURE_FETCH_FAILED
A7J3A0,0,0,0,0,0,0,1.637864351272583,BLOCKED_AFDB_STRUCTURE_FETCH_FAILED
A7J3A4,0,0,0,0,0,0,1.6525287628173828,BLOCKED_AFDB_STRUCTURE_FETCH_FAILED
A7NJH1,0,0,0,0,0,0,8.047574281692505,PASS_AFDB_P2RANK_PREDICTED_POCKET_D4_LOADER
A7NR21,0,0,0,0,0,0,5.070539236068726,BLOCKED_AFDB_P2RANK_NO_POCKET
A7NS25,0,0,0,0,0,0,5.36985969543457,BLOCKED_AFDB_P2RANK_NO_POCKET
A7TSA9,0,0,0,0,0,0,6.280468463897705,BLOCKED_AFDB_P2RANK_NO_POCKET
A7WXE5,0,0,0,0,0,0,7.429501295089722,PASS_AFDB_P2RANK_PREDICTED_POCKET_D4_LOADER
A7X428,0,0,0,0,0,0,5.416332006454468,BLOCKED_AFDB_P2RANK_NO_POCKET
A7X5L9,0,0,0,0,0,0,5.1818554401397705,BLOCKED_AFDB_P2RANK_NO_POCKET
A7YD35,0,0,0,0,0,0,1.5962228775024414,BLOCKED_AFDB_STRUCTURE_FETCH_FAILED
A7YWP2,0,0,0,0,0,0,8.763667583465576,PASS_AFDB_P2RANK_PREDICTED_POCKET_D4_LOADER
A7YY46,0,0,0,0,0,0,7.990809440612793,PASS_AFDB_P2RANK_PREDICTED_POCKET_D4_LOADER
A7Z9N5,0,0,0,0,0,0,5.3178112506866455,BLOCKED_AFDB_P2RANK_NO_POCKET
A7ZFA0,0,0,0,0,0,0,5.445455074310303,BLOCKED_AFDB_P2RANK_NO_POCKET
A7ZUJ2,0,0,0,0,0,0,8.193387746810913,PASS_AFDB_P2RANK_PREDICTED_POCKET_D4_LOADER
A8A779,0,0,0,0,0,0,7.969611167907715,PASS_AFDB_P2RANK_PREDICTED_POCKET_D4_LOADER
A8A8G1,0,0,0,0,0,0,6.904773235321045,PASS_AFDB_P2RANK_PREDICTED_POCKET_D4_LOADER
A8APU8,0,0,0,0,0,0,5.51630711555481,BLOCKED_AFDB_P2RANK_NO_POCKET
A8APU9,0,0,0,0,0,0,5.310850620269775,BLOCKED_AFDB_P2RANK_NO_POCKET
A8CF74,0,0,0,0,0,0,8.943181037902832,PASS_AFDB_P2RANK_PREDICTED_POCKET_D4_LOADER
A8DYP7,0,0,0,0,0,0,8.369426965713501,PASS_AFDB_P2RANK_PREDICTED_POCKET_D4_LOADER
A8ERD0,0,0,0,0,0,0,5.139999151229858,BLOCKED_AFDB_P2RANK_NO_POCKET
A8FAY5,0,0,0,0,0,0,6.9232337474823,PASS_AFDB_P2RANK_PREDICTED_POCKET_D4_LOADER
A8FBM6,0,0,0,0,0,0,7.669497966766357,PASS_AFDB_P2RANK_PREDICTED_POCKET_D4_LOADER
A8FKI5,0,0,0,0,0,0,5.453883647918701,BLOCKED_AFDB_P2RANK_NO_POCKET
A8G4K7,0,0,0,0,0,0,5.330233335494995,BLOCKED_AFDB_P2RANK_NO_POCKET
A8G8E0,0,0,0,0,0,0,8.569084882736206,PASS_AFDB_P2RANK_PREDICTED_POCKET_D4_LOADER
A8GKK1,0,0,0,0,0,0,8.32253909111023,PASS_AFDB_P2RANK_PREDICTED_POCKET_D4_LOADER
A8I9X4,0,0,0,0,0,0,8.293968677520752,BLOCKED_AFDB_P2RANK_NO_POCKET
A8L568,0,0,0,0,0,0,6.188817501068115,BLOCKED_AFDB_P2RANK_NO_POCKET
A8LJ24,0,0,0,0,0,0,5.142956972122192,BLOCKED_AFDB_P2RANK_NO_POCKET
A8LRS4,0,0,0,0,0,0,5.160860538482666,BLOCKED_AFDB_P2RANK_NO_POCKET
A8MBW8,0,0,0,0,0,0,5.451970338821411,BLOCKED_AFDB_P2RANK_NO_POCKET
A8MHJ6,0,0,0,0,0,0,20.820499658584595,BLOCKED_AFDB_STRUCTURE_FETCH_FAILED
A8WFS8,0,0,0,0,0,0,9.071739435195923,PASS_AFDB_P2RANK_PREDICTED_POCKET_D4_LOADER
A8WZ92,0,0,0,0,0,0,9.671203136444092,PASS_AFDB_P2RANK_PREDICTED_POCKET_D4_LOADER
A8XW88,0,0,0,0,0,0,8.485276460647583,PASS_AFDB_P2RANK_PREDICTED_POCKET_D4_LOADER
A8Y984,0,0,0,0,0,0,1.5901942253112793,BLOCKED_AFDB_STRUCTURE_FETCH_FAILED
A8Z1H7,0,0,0,0,0,0,9.33474087715149,PASS_AFDB_P2RANK_PREDICTED_POCKET_D4_LOADER
A8Z1R5,0,0,0,0,0,0,6.951345205307007,PASS_AFDB_P2RANK_PREDICTED_POCKET_D4_LOADER
A8Z2R5,0,0,0,0,0,0,5.611663818359375,BLOCKED_AFDB_P2RANK_NO_POCKET
A8Z385,0,0,0,0,0,0,6.4597203731536865,BLOCKED_AFDB_P2RANK_NO_POCKET
A9A6R1,0,0,0,0,0,0,8.793620347976685,PASS_AFDB_P2RANK_PREDICTED_POCKET_D4_LOADER
A9A978,0,0,0,0,0,0,5.393770456314087,BLOCKED_AFDB_P2RANK_NO_POCKET
A9AXS2,0,0,0,0,0,0,5.545044183731079,BLOCKED_AFDB_P2RANK_NO_POCKET
A9AZE8,0,0,0,0,0,0,25.484041452407837,BLOCKED_AFDB_P2RANK_NO_POCKET
A9B090,0,0,0,0,0,0,5.334127426147461,BLOCKED_AFDB_P2RANK_NO_POCKET
A9BDK3,0,0,0,0,0,0,5.381068229675293,BLOCKED_AFDB_P2RANK_NO_POCKET
A9BHL2,0,0,0,0,0,0,7.755513906478882,PASS_AFDB_P2RANK_PREDICTED_POCKET_D4_LOADER
A9BNB4,0,0,0,0,0,0,5.485244512557983,BLOCKED_AFDB_P2RANK_NO_POCKET
A9BPN0,0,0,0,0,0,0,5.372761011123657,BLOCKED_AFDB_P2RANK_NO_POCKET
A9BUC7,0,0,0,0,0,0,5.163115501403809,BLOCKED_AFDB_P2RANK_NO_POCKET
A9CJR8,0,0,0,0,0,0,8.167732000350952,PASS_AFDB_P2RANK_PREDICTED_POCKET_D4_LOADER
A9HRJ1,0,0,0,0,0,0,5.6811933517456055,BLOCKED_AFDB_P2RANK_NO_POCKET
A9HS54,0,0,0,0,0,0,5.822634935379028,BLOCKED_AFDB_P2RANK_NO_POCKET
A9I0H9,0,0,0,0,0,0,5.584519147872925,BLOCKED_AFDB_P2RANK_NO_POCKET
A9KJS0,0,0,0,0,0,0,7.014230728149414,PASS_AFDB_P2RANK_PREDICTED_POCKET_D4_LOADER
A9KJS1,0,0,0,0,0,0,5.336013078689575,BLOCKED_AFDB_P2RANK_NO_POCKET
A9KT78,0,0,0,0,0,0,6.0254833698272705,BLOCKED_AFDB_P2RANK_NO_POCKET
A9P2J1,0,0,0,0,0,0,7.3275346755981445,PASS_AFDB_P2RANK_PREDICTED_POCKET_D4_LOADER
A9Q1K9,0,0,0,0,0,0,20.8274929523468,BLOCKED_AFDB_STRUCTURE_FETCH_FAILED
A9R6L2,0,0,0,0,0,0,5.338211536407471,BLOCKED_AFDB_P2RANK_NO_POCKET
A9VI99,0,0,0,0,0,0,8.207638025283813,PASS_AFDB_P2RANK_PREDICTED_POCKET_D4_LOADER
A9VJP4,0,0,0,0,0,0,5.441084861755371,BLOCKED_AFDB_P2RANK_NO_POCKET
A9VRH6,0,0,0,0,0,0,6.720752239227295,PASS_AFDB_P2RANK_PREDICTED_POCKET_D4_LOADER
A9VZG4,0,0,0,0,0,0,8.200990676879883,PASS_AFDB_P2RANK_PREDICTED_POCKET_D4_LOADER
A9WA95,0,0,0,0,0,0,5.662756681442261,BLOCKED_AFDB_P2RANK_NO_POCKET
A9WI69,0,0,0,0,0,0,5.2787721157073975,BLOCKED_AFDB_P2RANK_NO_POCKET
A9WPN1,0,0,0,0,0,0,5.499855041503906,BLOCKED_AFDB_P2RANK_NO_POCKET
A9WYR4,0,0,0,0,0,0,5.4936745166778564,BLOCKED_AFDB_P2RANK_NO_POCKET
B0BRU4,0,0,0,0,0,0,5.554602146148682,BLOCKED_AFDB_P2RANK_NO_POCKET
B0BRY5,0,0,0,0,0,0,6.920918941497803,PASS_AFDB_P2RANK_PREDICTED_POCKET_D4_LOADER
B0C791,0,0,0,0,0,0,5.253063917160034,BLOCKED_AFDB_P2RANK_NO_POCKET
B0JQV0,0,0,0,0,0,0,7.30003809928894,PASS_AFDB_P2RANK_PREDICTED_POCKET_D4_LOADER
B0JTP1,0,0,0,0,0,0,5.975184440612793,BLOCKED_AFDB_P2RANK_NO_POCKET
B0KMX8,0,0,0,0,0,0,6.968590021133423,PASS_AFDB_P2RANK_PREDICTED_POCKET_D4_LOADER
B0KQG1,0,0,0,0,0,0,5.402905225753784,BLOCKED_AFDB_P2RANK_NO_POCKET
B0KUZ8,0,0,0,0,0,0,5.675344467163086,BLOCKED_AFDB_P2RANK_NO_POCKET
B0KUZ9,0,0,0,0,0,0,5.291353464126587,BLOCKED_AFDB_P2RANK_NO_POCKET
B0R6B9,0,0,0,0,0,0,6.241515874862671,BLOCKED_AFDB_P2RANK_NO_POCKET
B0R6U7,0,0,0,0,0,0,7.812188148498535,PASS_AFDB_P2RANK_PREDICTED_POCKET_D4_LOADER
B0REY1,0,0,0,0,0,0,6.073880910873413,BLOCKED_AFDB_P2RANK_NO_POCKET
B0RTH5,0,0,0,0,0,0,7.592346429824829,PASS_AFDB_P2RANK_PREDICTED_POCKET_D4_LOADER
B0T192,0,0,0,0,0,0,25.708800792694092,BLOCKED_AFDB_P2RANK_NO_POCKET
B0TDK8,0,0,0,0,0,0,5.999127388000488,BLOCKED_AFDB_P2RANK_NO_POCKET
B0TT70,0,0,0,0,0,0,6.12511420249939,BLOCKED_AFDB_P2RANK_NO_POCKET
B0UHC7,0,0,0,0,0,0,5.360224962234497,BLOCKED_AFDB_P2RANK_NO_POCKET
B0V9P6,0,0,0,0,0,0,5.270849704742432,BLOCKED_AFDB_P2RANK_NO_POCKET
B0VSC1,0,0,0,0,0,0,5.418396711349487,BLOCKED_AFDB_P2RANK_NO_POCKET
B0W041,0,0,0,0,0,0,5.585350513458252,BLOCKED_AFDB_P2RANK_NO_POCKET
B0WGN4,0,0,0,0,0,0,6.016209363937378,BLOCKED_AFDB_P2RANK_NO_POCKET
B0WV73,0,0,0,0,0,0,5.67547082901001,BLOCKED_AFDB_P2RANK_NO_POCKET
B1AJ75,0,0,0,0,0,0,7.203456401824951,PASS_AFDB_P2RANK_PREDICTED_POCKET_D4_LOADER
B1HZE3,0,0,0,0,0,0,7.368789434432983,PASS_AFDB_P2RANK_PREDICTED_POCKET_D4_LOADER
B1IBG8,0,0,0,0,0,0,8.390625715255737,PASS_AFDB_P2RANK_PREDICTED_POCKET_D4_LOADER
B1IKG3,0,0,0,0,0,0,6.9760966300964355,PASS_AFDB_P2RANK_PREDICTED_POCKET_D4_LOADER
B1IVA7,0,0,0,0,0,0,9.021849632263184,PASS_AFDB_P2RANK_PREDICTED_POCKET_D4_LOADER
B1J813,0,0,0,0,0,0,5.1611998081207275,BLOCKED_AFDB_P2RANK_NO_POCKET
B1JDP0,0,0,0,0,0,0,5.540943384170532,BLOCKED_AFDB_P2RANK_NO_POCKET
B1JHY9,0,0,0,0,0,0,7.4277825355529785,PASS_AFDB_P2RANK_PREDICTED_POCKET_D4_LOADER
B1JX30,0,0,0,0,0,0,5.3259117603302,BLOCKED_AFDB_P2RANK_NO_POCKET
B1K0H8,0,0,0,0,0,0,5.458592176437378,BLOCKED_AFDB_P2RANK_NO_POCKET
B1K1I7,0,0,0,0,0,0,5.4991559982299805,BLOCKED_AFDB_P2RANK_NO_POCKET
B1KJV7,0,0,0,0,0,0,5.308674097061157,BLOCKED_AFDB_P2RANK_NO_POCKET
B1KYG7,0,0,0,0,0,0,5.804526329040527,BLOCKED_AFDB_P2RANK_NO_POCKET
B1LGT2,0,0,0,0,0,0,7.142903804779053,PASS_AFDB_P2RANK_PREDICTED_POCKET_D4_LOADER
B1LUA9,0,0,0,0,0,0,5.487099647521973,BLOCKED_AFDB_P2RANK_NO_POCKET
B1LZS5,0,0,0,0,0,0,6.516502380371094,BLOCKED_AFDB_P2RANK_NO_POCKET
B1MB83,0,0,0,0,0,0,5.363544464111328,BLOCKED_AFDB_P2RANK_NO_POCKET
B1MC29,0,0,0,0,0,0,9.028298139572144,PASS_AFDB_P2RANK_PREDICTED_POCKET_D4_LOADER
B1MDU9,0,0,0,0,0,0,5.4383533000946045,BLOCKED_AFDB_P2RANK_NO_POCKET
B1MLG8,0,0,0,0,0,0,5.3371357917785645,BLOCKED_AFDB_P2RANK_NO_POCKET
B1NKR1,0,0,0,0,0,0,1.66218900680542,BLOCKED_AFDB_STRUCTURE_FETCH_FAILED
B1NKR5,0,0,0,0,0,0,1.791698932647705,BLOCKED_AFDB_STRUCTURE_FETCH_FAILED
B1NKS7,0,0,0,0,0,0,1.7318875789642334,BLOCKED_AFDB_STRUCTURE_FETCH_FAILED
B1NKT1,0,0,0,0,0,0,1.634551763534546,BLOCKED_AFDB_STRUCTURE_FETCH_FAILED
B1NKT9,0,0,0,0,0,0,2.732665777206421,BLOCKED_AFDB_STRUCTURE_FETCH_FAILED
B1NKU3,0,0,0,0,0,0,1.6757054328918457,BLOCKED_AFDB_STRUCTURE_FETCH_FAILED
B1VHT0,0,0,0,0,0,0,5.165700912475586,BLOCKED_AFDB_P2RANK_NO_POCKET
B1VXN6,0,0,0,0,0,0,8.282697677612305,PASS_AFDB_P2RANK_PREDICTED_POCKET_D4_LOADER
B1VZ02,0,0,0,0,0,0,7.785659074783325,PASS_AFDB_P2RANK_PREDICTED_POCKET_D4_LOADER
B1W5G7,0,0,0,0,0,0,5.619680404663086,BLOCKED_AFDB_P2RANK_NO_POCKET
B1W5G8,0,0,0,0,0,0,5.45300030708313,BLOCKED_AFDB_P2RANK_NO_POCKET
B1WC86,0,0,0,0,0,0,9.056497812271118,PASS_AFDB_P2RANK_PREDICTED_POCKET_D4_LOADER
B1X900,0,0,0,0,0,0,6.1118974685668945,BLOCKED_AFDB_P2RANK_NO_POCKET
B1XNN1,0,0,0,0,0,0,5.45547890663147,BLOCKED_AFDB_P2RANK_NO_POCKET
B1Y3V2,0,0,0,0,0,0,5.249757528305054,BLOCKED_AFDB_P2RANK_NO_POCKET
B1Y3V4,0,0,0,0,0,0,5.596328020095825,BLOCKED_AFDB_P2RANK_NO_POCKET
B1YDA5,0,0,0,0,0,0,5.880939722061157,BLOCKED_AFDB_P2RANK_NO_POCKET
B1YPV9,0,0,0,0,0,0,6.475332260131836,BLOCKED_AFDB_P2RANK_NO_POCKET
B1YQ64,0,0,0,0,0,0,5.869409799575806,BLOCKED_AFDB_P2RANK_NO_POCKET
B1YUG1,0,0,0,0,0,0,5.526227951049805,BLOCKED_AFDB_P2RANK_NO_POCKET
B1ZLM0,0,0,0,0,0,0,7.438588857650757,BLOCKED_AFDB_P2RANK_NO_POCKET
B1ZP07,0,0,0,0,0,0,5.316484689712524,BLOCKED_AFDB_P2RANK_NO_POCKET
B1ZP08,0,0,0,0,0,0,7.890153408050537,BLOCKED_AFDB_P2RANK_NO_POCKET
B1ZQN2,0,0,0,0,0,0,5.303540229797363,BLOCKED_AFDB_P2RANK_NO_POCKET
B1ZY08,0,0,0,0,0,0,5.451963663101196,BLOCKED_AFDB_P2RANK_NO_POCKET
B2A5W6,0,0,0,0,0,0,7.192239046096802,PASS_AFDB_P2RANK_PREDICTED_POCKET_D4_LOADER
B2AG26,0,0,0,0,0,0,5.487345218658447,BLOCKED_AFDB_P2RANK_NO_POCKET
B2BMF9,0,0,0,0,0,0,1.6699230670928955,BLOCKED_AFDB_STRUCTURE_FETCH_FAILED
B2BW43,0,0,0,0,0,0,1.7108714580535889,BLOCKED_AFDB_STRUCTURE_FETCH_FAILED
B2CML6,0,0,0,0,0,0,8.649516105651855,PASS_AFDB_P2RANK_PREDICTED_POCKET_D4_LOADER
B2G944,0,0,0,0,0,0,7.969394683837891,PASS_AFDB_P2RANK_PREDICTED_POCKET_D4_LOADER
B2GFK7,0,0,0,0,0,0,6.046717166900635,BLOCKED_AFDB_P2RANK_NO_POCKET
B2GKN0,0,0,0,0,0,0,5.306572437286377,BLOCKED_AFDB_P2RANK_NO_POCKET
B2HDJ9,0,0,0,0,0,0,8.796584367752075,PASS_AFDB_P2RANK_PREDICTED_POCKET_D4_LOADER
B2HPD6,0,0,0,0,0,0,8.449021816253662,PASS_AFDB_P2RANK_PREDICTED_POCKET_D4_LOADER
B2HSZ1,0,0,0,0,0,0,5.8348424434661865,BLOCKED_AFDB_P2RANK_NO_POCKET
B2HU50,0,0,0,0,0,0,5.239799976348877,BLOCKED_AFDB_P2RANK_NO_POCKET
B2IEA5,0,0,0,0,0,0,5.539685964584351,BLOCKED_AFDB_P2RANK_NO_POCKET
B2IPG3,0,0,0,0,0,0,9.01865267753601,PASS_AFDB_P2RANK_PREDICTED_POCKET_D4_LOADER
B2IVV2,0,0,0,0,0,0,5.240641832351685,BLOCKED_AFDB_P2RANK_NO_POCKET
B2JF65,0,0,0,0,0,0,5.418967962265015,BLOCKED_AFDB_P2RANK_NO_POCKET
B2JF66,0,0,0,0,0,0,5.692212820053101,BLOCKED_AFDB_P2RANK_NO_POCKET
B2JJW1,0,0,0,0,0,0,5.4258506298065186,BLOCKED_AFDB_P2RANK_NO_POCKET
B2S2W8,0,0,0,0,0,0,3.159468650817871,BLOCKED_AFDB_STRUCTURE_FETCH_FAILED
B2SB61,0,0,0,0,0,0,6.34326171875,BLOCKED_AFDB_P2RANK_NO_POCKET
B2SNG9,0,0,0,0,0,0,8.687339305877686,PASS_AFDB_P2RANK_PREDICTED_POCKET_D4_LOADER
B2STN6,0,0,0,0,0,0,8.444022417068481,PASS_AFDB_P2RANK_PREDICTED_POCKET_D4_LOADER
B2T1M3,0,0,0,0,0,0,5.379051685333252,BLOCKED_AFDB_P2RANK_NO_POCKET
B2T7M8,0,0,0,0,0,0,5.900857925415039,BLOCKED_AFDB_P2RANK_NO_POCKET
B2TEK6,0,0,0,0,0,0,8.121817588806152,PASS_AFDB_P2RANK_PREDICTED_POCKET_D4_LOADER
B2TIR0,0,0,0,0,0,0,5.5577239990234375,BLOCKED_AFDB_P2RANK_NO_POCKET
B2U7Q1,0,0,0,0,0,0,5.309081554412842,BLOCKED_AFDB_P2RANK_NO_POCKET
B2UGY6,0,0,0,0,0,0,5.387996196746826,BLOCKED_AFDB_P2RANK_NO_POCKET
B2ULY3,0,0,0,0,0,0,5.296456813812256,BLOCKED_AFDB_P2RANK_NO_POCKET
B2UMP5,0,0,0,0,0,0,5.517721652984619,BLOCKED_AFDB_P2RANK_NO_POCKET
B2UNU8,0,0,0,0,0,0,9.990432739257812,PASS_AFDB_P2RANK_PREDICTED_POCKET_D4_LOADER
B2UQG6,0,0,0,0,0,0,10.287071466445923,PASS_AFDB_P2RANK_PREDICTED_POCKET_D4_LOADER
B2ZFP3,0,0,0,0,0,0,9.47320294380188,PASS_AFDB_P2RANK_PREDICTED_POCKET_D4_LOADER
B3A0L6,0,0,0,0,0,0,1.5636563301086426,BLOCKED_AFDB_STRUCTURE_FETCH_FAILED
B3E7F7,0,0,0,0,0,0,1.6612141132354736,BLOCKED_AFDB_STRUCTURE_FETCH_FAILED
B3E9W9,0,0,0,0,0,0,5.283164024353027,BLOCKED_AFDB_P2RANK_NO_POCKET
B3EI93,0,0,0,0,0,0,5.470800876617432,BLOCKED_AFDB_P2RANK_NO_POCKET
B3EWG7,0,0,0,0,0,0,1.6096105575561523,BLOCKED_AFDB_STRUCTURE_FETCH_FAILED
B3EWG8,0,0,0,0,0,0,1.653290033340454,BLOCKED_AFDB_STRUCTURE_FETCH_FAILED
B3EWI9,0,0,0,0,0,0,4.843763828277588,BLOCKED_AFDB_P2RANK_NO_POCKET
B3EWQ8,0,0,0,0,0,0,4.516435146331787,BLOCKED_AFDB_P2RANK_NO_POCKET
B3F2X7,0,0,0,0,0,0,1.6421027183532715,BLOCKED_AFDB_STRUCTURE_FETCH_FAILED
B3FK34,0,0,0,0,0,0,1.6721336841583252,BLOCKED_AFDB_STRUCTURE_FETCH_FAILED
B3GYF4,0,0,0,0,0,0,5.598280191421509,BLOCKED_AFDB_P2RANK_NO_POCKET
B3GZR9,0,0,0,0,0,0,5.428180456161499,BLOCKED_AFDB_P2RANK_NO_POCKET
B3H2L5,0,0,0,0,0,0,5.214764833450317,BLOCKED_AFDB_P2RANK_NO_POCKET
B3LG81,0,0,0,0,0,0,8.073233127593994,PASS_AFDB_P2RANK_PREDICTED_POCKET_D4_LOADER
B3MMA5,0,0,0,0,0,0,9.47443413734436,PASS_AFDB_P2RANK_PREDICTED_POCKET_D4_LOADER
B3NAN8,0,0,0,0,0,0,15.320661306381226,PASS_AFDB_P2RANK_PREDICTED_POCKET_D4_LOADER
B3PC73,0,0,0,0,0,0,9.370912790298462,PASS_AFDB_P2RANK_PREDICTED_POCKET_D4_LOADER
B3PXB6,0,0,0,0,0,0,5.5462586879730225,BLOCKED_AFDB_P2RANK_NO_POCKET
B3PXX2,0,0,0,0,0,0,5.7368810176849365,BLOCKED_AFDB_P2RANK_NO_POCKET
B3Q6T5,0,0,0,0,0,0,5.356467247009277,BLOCKED_AFDB_P2RANK_NO_POCKET
B3Q9E4,0,0,0,0,0,0,5.443565368652344,BLOCKED_AFDB_P2RANK_NO_POCKET
B3Q9W8,0,0,0,0,0,0,5.3553242683410645,BLOCKED_AFDB_P2RANK_NO_POCKET
B3QGK4,0,0,0,0,0,0,5.276172161102295,BLOCKED_AFDB_P2RANK_NO_POCKET
B3QL05,0,0,0,0,0,0,6.932337760925293,PASS_AFDB_P2RANK_PREDICTED_POCKET_D4_LOADER
B3QSB6,0,0,0,0,0,0,5.3910040855407715,BLOCKED_AFDB_P2RANK_NO_POCKET
B3QUX5,0,0,0,0,0,0,5.4889976978302,BLOCKED_AFDB_P2RANK_NO_POCKET
B3R3X7,0,0,0,0,0,0,5.2848310470581055,BLOCKED_AFDB_P2RANK_NO_POCKET
B3R3Z9,0,0,0,0,0,0,6.30194616317749,BLOCKED_AFDB_P2RANK_NO_POCKET
B3SP85,0,0,0,0,0,0,8.161830186843872,PASS_AFDB_P2RANK_PREDICTED_POCKET_D4_LOADER
B3W963,0,0,0,0,0,0,7.907388210296631,PASS_AFDB_P2RANK_PREDICTED_POCKET_D4_LOADER
B3Y522,0,0,0,0,0,0,1.6245577335357666,BLOCKED_AFDB_STRUCTURE_FETCH_FAILED
B4E7X5,0,0,0,0,0,0,9.115623712539673,BLOCKED_AFDB_P2RANK_NO_POCKET
B4EZ50,0,0,0,0,0,0,5.25542426109314,BLOCKED_AFDB_P2RANK_NO_POCKET
B4GS98,0,0,0,0,0,0,11.306580781936646,PASS_AFDB_P2RANK_PREDICTED_POCKET_D4_LOADER
B4GX14,0,0,0,0,0,0,6.080877065658569,BLOCKED_AFDB_P2RANK_NO_POCKET
B4HXA6,0,0,0,0,0,0,5.952500581741333,BLOCKED_AFDB_P2RANK_NO_POCKET
B4JCS7,0,0,0,0,0,0,9.158157110214233,PASS_AFDB_P2RANK_PREDICTED_POCKET_D4_LOADER
B4KEN8,0,0,0,0,0,0,5.60080099105835,BLOCKED_AFDB_P2RANK_NO_POCKET
B4KHL5,0,0,0,0,0,0,10.312426567077637,PASS_AFDB_P2RANK_PREDICTED_POCKET_D4_LOADER
B4MVR2,0,0,0,0,0,0,5.769654750823975,BLOCKED_AFDB_P2RANK_NO_POCKET
B4MX21,0,0,0,0,0,0,10.278360843658447,PASS_AFDB_P2RANK_PREDICTED_POCKET_D4_LOADER
B4NXB8,0,0,0,0,0,0,9.525056600570679,PASS_AFDB_P2RANK_PREDICTED_POCKET_D4_LOADER
B4Q572,0,0,0,0,0,0,5.422133684158325,BLOCKED_AFDB_P2RANK_NO_POCKET
B4R967,0,0,0,0,0,0,5.261152505874634,BLOCKED_AFDB_P2RANK_NO_POCKET
B4RBN1,0,0,0,0,0,0,5.2234556674957275,BLOCKED_AFDB_P2RANK_NO_POCKET
B4RM84,0,0,0,0,0,0,5.523125886917114,BLOCKED_AFDB_P2RANK_NO_POCKET
B4RSX7,0,0,0,0,0,0,5.805624008178711,BLOCKED_AFDB_P2RANK_NO_POCKET
B4S751,0,0,0,0,0,0,5.640998840332031,BLOCKED_AFDB_P2RANK_NO_POCKET
B4SPV4,0,0,0,0,0,0,7.344553470611572,PASS_AFDB_P2RANK_PREDICTED_POCKET_D4_LOADER
B4TBI5,0,0,0,0,0,0,25.578797340393066,BLOCKED_AFDB_P2RANK_NO_POCKET
B4TPK1,0,0,0,0,0,0,5.4250102043151855,BLOCKED_AFDB_P2RANK_NO_POCKET
B5DK05,0,0,0,0,0,0,5.854857921600342,BLOCKED_AFDB_P2RANK_NO_POCKET
B5E1P6,0,0,0,0,0,0,1.6383864879608154,BLOCKED_AFDB_STRUCTURE_FETCH_FAILED
B5E1P8,0,0,0,0,0,0,7.0042407512664795,PASS_AFDB_P2RANK_PREDICTED_POCKET_D4_LOADER
B5E1Q6,0,0,0,0,0,0,3.860689640045166,BLOCKED_AFDB_STRUCTURE_FETCH_FAILED
B5E1U9,0,0,0,0,0,0,1.6021087169647217,BLOCKED_AFDB_STRUCTURE_FETCH_FAILED
B5E217,0,0,0,0,0,0,1.5591819286346436,BLOCKED_AFDB_STRUCTURE_FETCH_FAILED
B5E2R3,0,0,0,0,0,0,1.5816304683685303,BLOCKED_AFDB_STRUCTURE_FETCH_FAILED
B5E379,0,0,0,0,0,0,1.7887871265411377,BLOCKED_AFDB_STRUCTURE_FETCH_FAILED
B5E399,0,0,0,0,0,0,1.6779189109802246,BLOCKED_AFDB_STRUCTURE_FETCH_FAILED
B5E3C8,0,0,0,0,0,0,1.7305192947387695,BLOCKED_AFDB_STRUCTURE_FETCH_FAILED
B5E4A8,0,0,0,0,0,0,2.3018898963928223,BLOCKED_AFDB_STRUCTURE_FETCH_FAILED
B5E4E3,0,0,0,0,0,0,2.146606206893921,BLOCKED_AFDB_STRUCTURE_FETCH_FAILED
B5E4L2,0,0,0,0,0,0,3.3232944011688232,BLOCKED_AFDB_STRUCTURE_FETCH_FAILED
B5E4N4,0,0,0,0,0,0,1.6621088981628418,BLOCKED_AFDB_STRUCTURE_FETCH_FAILED
B5E4T0,0,0,0,0,0,0,1.681499719619751,BLOCKED_AFDB_STRUCTURE_FETCH_FAILED
B5E4U6,0,0,0,0,0,0,2.2438535690307617,BLOCKED_AFDB_STRUCTURE_FETCH_FAILED
B5E4Y3,0,0,0,0,0,0,1.901658296585083,BLOCKED_AFDB_STRUCTURE_FETCH_FAILED
B5E552,0,0,0,0,0,0,1.6337559223175049,BLOCKED_AFDB_STRUCTURE_FETCH_FAILED
B5E5J6,0,0,0,0,0,0,1.6760313510894775,BLOCKED_AFDB_STRUCTURE_FETCH_FAILED
B5E5N2,0,0,0,0,0,0,1.668649435043335,BLOCKED_AFDB_STRUCTURE_FETCH_FAILED
B5E5N3,0,0,0,0,0,0,1.6133551597595215,BLOCKED_AFDB_STRUCTURE_FETCH_FAILED
B5E5P6,0,0,0,0,0,0,1.6202223300933838,BLOCKED_AFDB_STRUCTURE_FETCH_FAILED
B5E5S4,0,0,0,0,0,0,1.7014317512512207,BLOCKED_AFDB_STRUCTURE_FETCH_FAILED
B5E5U9,0,0,0,0,0,0,1.7077088356018066,BLOCKED_AFDB_STRUCTURE_FETCH_FAILED
B5E5W0,0,0,0,0,0,0,1.6091489791870117,BLOCKED_AFDB_STRUCTURE_FETCH_FAILED
B5E5X4,0,0,0,0,0,0,3.2414207458496094,BLOCKED_AFDB_STRUCTURE_FETCH_FAILED
B5E605,0,0,0,0,0,0,1.6385900974273682,BLOCKED_AFDB_STRUCTURE_FETCH_FAILED
B5E670,0,0,0,0,0,0,1.9459617137908936,BLOCKED_AFDB_STRUCTURE_FETCH_FAILED
B5E6K3,0,0,0,0,0,0,1.5844857692718506,BLOCKED_AFDB_STRUCTURE_FETCH_FAILED
B5E6K6,0,0,0,0,0,0,1.594146966934204,BLOCKED_AFDB_STRUCTURE_FETCH_FAILED
B5E6L9,0,0,0,0,0,0,1.934788703918457,BLOCKED_AFDB_STRUCTURE_FETCH_FAILED
B5E6M0,0,0,0,0,0,0,1.607618808746338,BLOCKED_AFDB_STRUCTURE_FETCH_FAILED
B5E7F2,0,0,0,0,0,0,1.9266185760498047,BLOCKED_AFDB_STRUCTURE_FETCH_FAILED
B5EBG1,0,0,0,0,0,0,1.6413562297821045,BLOCKED_AFDB_STRUCTURE_FETCH_FAILED
B5EKF7,0,0,0,0,0,0,5.440858602523804,BLOCKED_AFDB_P2RANK_NO_POCKET
B5F736,0,0,0,0,0,0,5.589972257614136,BLOCKED_AFDB_P2RANK_NO_POCKET
B5FBC7,0,0,0,0,0,0,5.790999889373779,BLOCKED_AFDB_P2RANK_NO_POCKET
B5R300,0,0,0,0,0,0,5.394639253616333,BLOCKED_AFDB_P2RANK_NO_POCKET
B5VG95,0,0,0,0,0,0,8.076184272766113,PASS_AFDB_P2RANK_PREDICTED_POCKET_D4_LOADER
B5WWZ9,0,0,0,0,0,0,1.7449018955230713,BLOCKED_AFDB_STRUCTURE_FETCH_FAILED
B5XAM2,0,0,0,0,0,0,6.1889002323150635,BLOCKED_AFDB_P2RANK_NO_POCKET
B5XI00,0,0,0,0,0,0,6.84226655960083,BLOCKED_AFDB_P2RANK_NO_POCKET
B5XU28,0,0,0,0,0,0,5.430345296859741,BLOCKED_AFDB_P2RANK_NO_POCKET
B5XU29,0,0,0,0,0,0,5.271026849746704,BLOCKED_AFDB_P2RANK_NO_POCKET
B5YEC9,0,0,0,0,0,0,5.2861926555633545,BLOCKED_AFDB_P2RANK_NO_POCKET
B5YUX1,0,0,0,0,0,0,5.3535051345825195,BLOCKED_AFDB_P2RANK_NO_POCKET
B5ZBT0,0,0,0,0,0,0,5.515340566635132,BLOCKED_AFDB_P2RANK_NO_POCKET
B5ZBT1,0,0,0,0,0,0,5.45095682144165,BLOCKED_AFDB_P2RANK_NO_POCKET
B5ZMI9,0,0,0,0,0,0,5.3587751388549805,BLOCKED_AFDB_P2RANK_NO_POCKET
B5ZMP3,0,0,0,0,0,0,5.238301515579224,BLOCKED_AFDB_P2RANK_NO_POCKET
B5ZMP5,0,0,0,0,0,0,5.174566030502319,BLOCKED_AFDB_P2RANK_NO_POCKET
B5ZTF5,0,0,0,0,0,0,5.427202939987183,BLOCKED_AFDB_P2RANK_NO_POCKET
B6ECN9,0,0,0,0,0,0,10.775741338729858,PASS_AFDB_P2RANK_PREDICTED_POCKET_D4_LOADER
B6EKH2,0,0,0,0,0,0,7.79989767074585,PASS_AFDB_P2RANK_PREDICTED_POCKET_D4_LOADER
B6IN24,0,0,0,0,0,0,5.2165467739105225,BLOCKED_AFDB_P2RANK_NO_POCKET
B6JFW0,0,0,0,0,0,0,5.234616994857788,BLOCKED_AFDB_P2RANK_NO_POCKET
B6JWE5,0,0,0,0,0,0,7.6244895458221436,PASS_AFDB_P2RANK_PREDICTED_POCKET_D4_LOADER
B6YRN2,0,0,0,0,0,0,5.987311840057373,BLOCKED_AFDB_P2RANK_NO_POCKET
B6ZKM3,0,0,0,0,0,0,10.878079414367676,PASS_AFDB_P2RANK_PREDICTED_POCKET_D4_LOADER
B6ZKM4,0,0,0,0,0,0,9.13485598564148,PASS_AFDB_P2RANK_PREDICTED_POCKET_D4_LOADER
B6ZKM5,0,0,0,0,0,0,9.462363719940186,PASS_AFDB_P2RANK_PREDICTED_POCKET_D4_LOADER
B6ZKN1,0,0,0,0,0,0,11.286367893218994,PASS_AFDB_P2RANK_PREDICTED_POCKET_D4_LOADER
B7G620,0,0,0,0,0,0,8.987818002700806,PASS_AFDB_P2RANK_PREDICTED_POCKET_D4_LOADER
B7GF12,0,0,0,0,0,0,7.93415904045105,PASS_AFDB_P2RANK_PREDICTED_POCKET_D4_LOADER
B7GXU4,0,0,0,0,0,0,5.290477752685547,BLOCKED_AFDB_P2RANK_NO_POCKET
B7I748,0,0,0,0,0,0,5.47281289100647,BLOCKED_AFDB_P2RANK_NO_POCKET
B7I8T4,0,0,0,0,0,0,5.282681703567505,BLOCKED_AFDB_P2RANK_NO_POCKET
B7J4X0,0,0,0,0,0,0,5.2699127197265625,BLOCKED_AFDB_P2RANK_NO_POCKET
B7JGM1,0,0,0,0,0,0,7.899543046951294,PASS_AFDB_P2RANK_PREDICTED_POCKET_D4_LOADER
B7JIE1,0,0,0,0,0,0,1.5884826183319092,BLOCKED_AFDB_STRUCTURE_FETCH_FAILED
B7JIX2,0,0,0,0,0,0,1.9748685359954834,BLOCKED_AFDB_STRUCTURE_FETCH_FAILED
B7K906,0,0,0,0,0,0,5.75814414024353,BLOCKED_AFDB_P2RANK_NO_POCKET
B7KZ04,0,0,0,0,0,0,5.601743459701538,BLOCKED_AFDB_P2RANK_NO_POCKET
B7L2C1,0,0,0,0,0,0,7.736066818237305,PASS_AFDB_P2RANK_PREDICTED_POCKET_D4_LOADER
B7LVP2,0,0,0,0,0,0,25.73981809616089,BLOCKED_AFDB_P2RANK_NO_POCKET
B7LW38,0,0,0,0,0,0,5.439018249511719,BLOCKED_AFDB_P2RANK_NO_POCKET
B7UP19,0,0,0,0,0,0,8.992983341217041,PASS_AFDB_P2RANK_PREDICTED_POCKET_D4_LOADER
B7V022,0,0,0,0,0,0,5.695314645767212,BLOCKED_AFDB_P2RANK_NO_POCKET
B7V1S8,0,0,0,0,0,0,5.321352958679199,BLOCKED_AFDB_P2RANK_NO_POCKET
B7VAQ6,0,0,0,0,0,0,5.335924863815308,BLOCKED_AFDB_P2RANK_NO_POCKET
B8ARK7,0,0,0,0,0,0,8.540554523468018,PASS_AFDB_P2RANK_PREDICTED_POCKET_D4_LOADER
B8B8K5,0,0,0,0,0,0,1.5921096801757812,BLOCKED_AFDB_STRUCTURE_FETCH_FAILED
B8D768,0,0,0,0,0,0,5.321308612823486,BLOCKED_AFDB_P2RANK_NO_POCKET
B8D8W4,0,0,0,0,0,0,5.318483114242554,BLOCKED_AFDB_P2RANK_NO_POCKET
B8DNL1,0,0,0,0,0,0,2.065803050994873,BLOCKED_AFDB_STRUCTURE_FETCH_FAILED
B8DSI4,0,0,0,0,0,0,5.520568609237671,BLOCKED_AFDB_P2RANK_NO_POCKET
B8E2U4,0,0,0,0,0,0,5.314702272415161,BLOCKED_AFDB_P2RANK_NO_POCKET
B8EPC2,0,0,0,0,0,0,5.331292390823364,BLOCKED_AFDB_P2RANK_NO_POCKET
B8EPV0,0,0,0,0,0,0,6.281075716018677,BLOCKED_AFDB_P2RANK_NO_POCKET
B8EPV1,0,0,0,0,0,0,5.65195894241333,BLOCKED_AFDB_P2RANK_NO_POCKET
B8FP45,0,0,0,0,0,0,5.761696100234985,BLOCKED_AFDB_P2RANK_NO_POCKET
B8G3F7,0,0,0,0,0,0,5.438133955001831,BLOCKED_AFDB_P2RANK_NO_POCKET
B8GCI2,0,0,0,0,0,0,5.61898398399353,BLOCKED_AFDB_P2RANK_NO_POCKET
B8GGQ9,0,0,0,0,0,0,9.324382543563843,PASS_AFDB_P2RANK_PREDICTED_POCKET_D4_LOADER
B8GL94,0,0,0,0,0,0,5.518220901489258,BLOCKED_AFDB_P2RANK_NO_POCKET
B8GQ24,0,0,0,0,0,0,5.491753101348877,BLOCKED_AFDB_P2RANK_NO_POCKET
B8GYB5,0,0,0,0,0,0,5.359787940979004,BLOCKED_AFDB_P2RANK_NO_POCKET
B8GZJ6,0,0,0,0,0,0,5.167249917984009,BLOCKED_AFDB_P2RANK_NO_POCKET
B8HA06,0,0,0,0,0,0,5.5644824504852295,BLOCKED_AFDB_P2RANK_NO_POCKET
B8HAC8,0,0,0,0,0,0,5.913771152496338,BLOCKED_AFDB_P2RANK_NO_POCKET
B8HFK0,0,0,0,0,0,0,5.487945318222046,BLOCKED_AFDB_P2RANK_NO_POCKET
B8HU22,0,0,0,0,0,0,6.843459606170654,PASS_AFDB_P2RANK_PREDICTED_POCKET_D4_LOADER
B8HU56,0,0,0,0,0,0,5.265367746353149,BLOCKED_AFDB_P2RANK_NO_POCKET
B8HW52,0,0,0,0,0,0,5.354315757751465,BLOCKED_AFDB_P2RANK_NO_POCKET
B8I4G1,0,0,0,0,0,0,5.9098429679870605,BLOCKED_AFDB_P2RANK_NO_POCKET
B8IL52,0,0,0,0,0,0,5.553149938583374,BLOCKED_AFDB_P2RANK_NO_POCKET
B8IPH2,0,0,0,0,0,0,7.329061508178711,PASS_AFDB_P2RANK_PREDICTED_POCKET_D4_LOADER
B8J364,0,0,0,0,0,0,7.283821105957031,BLOCKED_AFDB_P2RANK_NO_POCKET
B8J3A4,0,0,0,0,0,0,7.992268323898315,PASS_AFDB_P2RANK_PREDICTED_POCKET_D4_LOADER
B8N2C8,0,0,0,0,0,0,9.454721450805664,PASS_AFDB_P2RANK_PREDICTED_POCKET_D4_LOADER
B8NFL5,0,0,0,0,0,0,8.337615728378296,PASS_AFDB_P2RANK_PREDICTED_POCKET_D4_LOADER
B8NUK6,0,0,0,0,0,0,8.995681047439575,PASS_AFDB_P2RANK_PREDICTED_POCKET_D4_LOADER
B8ZLK2,0,0,0,0,0,0,5.508726119995117,BLOCKED_AFDB_P2RANK_NO_POCKET
B8ZPG2,0,0,0,0,0,0,8.988870859146118,PASS_AFDB_P2RANK_PREDICTED_POCKET_D4_LOADER
B8ZS79,0,0,0,0,0,0,7.621785879135132,PASS_AFDB_P2RANK_PREDICTED_POCKET_D4_LOADER
B8ZU60,0,0,0,0,0,0,7.952908515930176,PASS_AFDB_P2RANK_PREDICTED_POCKET_D4_LOADER
B9A1H3,0,0,0,0,0,0,1.6544296741485596,BLOCKED_AFDB_STRUCTURE_FETCH_FAILED
B9DLX8,0,0,0,0,0,0,5.666405439376831,BLOCKED_AFDB_P2RANK_NO_POCKET
B9DMT9,0,0,0,0,0,0,5.432580947875977,BLOCKED_AFDB_P2RANK_NO_POCKET
B9J8M5,0,0,0,0,0,0,5.35507607460022,BLOCKED_AFDB_P2RANK_NO_POCKET
B9J8M6,0,0,0,0,0,0,5.32096791267395,BLOCKED_AFDB_P2RANK_NO_POCKET
B9JDM9,0,0,0,0,0,0,5.379157781600952,BLOCKED_AFDB_P2RANK_NO_POCKET
B9JR84,0,0,0,0,0,0,5.16959810256958,BLOCKED_AFDB_P2RANK_NO_POCKET
B9JR86,0,0,0,0,0,0,5.705933332443237,BLOCKED_AFDB_P2RANK_NO_POCKET
B9JVJ0,0,0,0,0,0,0,5.116370916366577,BLOCKED_AFDB_P2RANK_NO_POCKET
B9KFJ8,0,0,0,0,0,0,5.483610153198242,BLOCKED_AFDB_P2RANK_NO_POCKET
B9KK51,0,0,0,0,0,0,5.367333173751831,BLOCKED_AFDB_P2RANK_NO_POCKET
B9KPF7,0,0,0,0,0,0,5.182281255722046,BLOCKED_AFDB_P2RANK_NO_POCKET
B9L146,0,0,0,0,0,0,5.572544813156128,BLOCKED_AFDB_P2RANK_NO_POCKET
B9L5K2,0,0,0,0,0,0,6.117451190948486,BLOCKED_AFDB_P2RANK_NO_POCKET
B9LA82,0,0,0,0,0,0,5.624373435974121,BLOCKED_AFDB_P2RANK_NO_POCKET
B9LCC8,0,0,0,0,0,0,5.481329917907715,BLOCKED_AFDB_P2RANK_NO_POCKET
B9LCU6,0,0,0,0,0,0,5.211692810058594,BLOCKED_AFDB_P2RANK_NO_POCKET
B9LPE3,0,0,0,0,0,0,7.279429912567139,PASS_AFDB_P2RANK_PREDICTED_POCKET_D4_LOADER
B9LTP1,0,0,0,0,0,0,7.411312580108643,PASS_AFDB_P2RANK_PREDICTED_POCKET_D4_LOADER
B9MQ83,0,0,0,0,0,0,5.519834280014038,BLOCKED_AFDB_P2RANK_NO_POCKET
B9RRX2,0,0,0,0,0,0,5.570302486419678,BLOCKED_AFDB_P2RANK_NO_POCKET
B9SIL7,0,0,0,0,0,0,9.88530707359314,PASS_AFDB_P2RANK_PREDICTED_POCKET_D4_LOADER
B9SIM3,0,0,0,0,0,0,9.447925806045532,PASS_AFDB_P2RANK_PREDICTED_POCKET_D4_LOADER
B9T625,0,0,0,0,0,0,9.776151895523071,PASS_AFDB_P2RANK_PREDICTED_POCKET_D4_LOADER
B9UYK5,0,0,0,0,0,0,1.906853199005127,BLOCKED_AFDB_STRUCTURE_FETCH_FAILED
B9UYK7,0,0,0,0,0,0,1.6209239959716797,BLOCKED_AFDB_STRUCTURE_FETCH_FAILED
B9WCK0,0,0,0,0,0,0,5.788126230239868,BLOCKED_AFDB_P2RANK_NO_POCKET
C0H559,0,0,0,0,0,0,7.422143936157227,PASS_AFDB_P2RANK_PREDICTED_POCKET_D4_LOADER
C0HJL9,0,0,0,0,0,0,1.553114652633667,BLOCKED_AFDB_STRUCTURE_FETCH_FAILED
C0HJP9,0,0,0,0,0,0,5.116974115371704,BLOCKED_AFDB_P2RANK_NO_POCKET
C0HLB8,0,0,0,0,0,0,4.837382078170776,BLOCKED_AFDB_P2RANK_NO_POCKET
C0HLL7,0,0,0,0,0,0,4.949891805648804,BLOCKED_AFDB_P2RANK_NO_POCKET
C0HLL8,0,0,0,0,0,0,5.056193828582764,BLOCKED_AFDB_P2RANK_NO_POCKET
C0HLQ4,0,0,0,0,0,0,4.887819051742554,BLOCKED_AFDB_P2RANK_NO_POCKET
C0HLQ6,0,0,0,0,0,0,4.638109922409058,BLOCKED_AFDB_P2RANK_NO_POCKET
C0HM14,0,0,0,0,0,0,6.781362056732178,PASS_AFDB_P2RANK_PREDICTED_POCKET_D4_LOADER
C0HM48,0,0,0,0,0,0,4.754878997802734,BLOCKED_AFDB_P2RANK_NO_POCKET
C0HM50,0,0,0,0,0,0,4.7953925132751465,BLOCKED_AFDB_P2RANK_NO_POCKET
C0HM53,0,0,0,0,0,0,8.733570575714111,PASS_AFDB_P2RANK_PREDICTED_POCKET_D4_LOADER
C0HM79,0,0,0,0,0,0,6.823340177536011,PASS_AFDB_P2RANK_PREDICTED_POCKET_D4_LOADER
C0HMB0,0,0,0,0,0,0,8.657644510269165,PASS_AFDB_P2RANK_PREDICTED_POCKET_D4_LOADER
C0HMB1,0,0,0,0,0,0,10.441991567611694,PASS_AFDB_P2RANK_PREDICTED_POCKET_D4_LOADER
C0HMB2,0,0,0,0,0,0,7.353210687637329,PASS_AFDB_P2RANK_PREDICTED_POCKET_D4_LOADER
C0HMD9,0,0,0,0,0,0,7.768864154815674,PASS_AFDB_P2RANK_PREDICTED_POCKET_D4_LOADER
C0QRY8,0,0,0,0,0,0,5.538398742675781,BLOCKED_AFDB_P2RANK_NO_POCKET
C0SPC1,0,0,0,0,0,0,10.58778429031372,PASS_AFDB_P2RANK_PREDICTED_POCKET_D4_LOADER
C0ZGF5,0,0,0,0,0,0,5.485616683959961,BLOCKED_AFDB_P2RANK_NO_POCKET
C1AFM7,0,0,0,0,0,0,8.114299535751343,PASS_AFDB_P2RANK_PREDICTED_POCKET_D4_LOADER
C1AGC8,0,0,0,0,0,0,5.38112211227417,BLOCKED_AFDB_P2RANK_NO_POCKET
C1AM02,0,0,0,0,0,0,7.7292070388793945,PASS_AFDB_P2RANK_PREDICTED_POCKET_D4_LOADER
C1AMF4,0,0,0,0,0,0,5.209967851638794,BLOCKED_AFDB_P2RANK_NO_POCKET
C1AND1,0,0,0,0,0,0,8.084853172302246,PASS_AFDB_P2RANK_PREDICTED_POCKET_D4_LOADER
C1APC5,0,0,0,0,0,0,5.234024524688721,BLOCKED_AFDB_P2RANK_NO_POCKET
C1APC6,0,0,0,0,0,0,5.773059368133545,BLOCKED_AFDB_P2RANK_NO_POCKET
C1AXZ0,0,0,0,0,0,0,5.399506330490112,BLOCKED_AFDB_P2RANK_NO_POCKET
C1AXZ1,0,0,0,0,0,0,5.47635293006897,BLOCKED_AFDB_P2RANK_NO_POCKET
C1C6Y5,0,0,0,0,0,0,8.309713363647461,PASS_AFDB_P2RANK_PREDICTED_POCKET_D4_LOADER
C1CE03,0,0,0,0,0,0,8.06871223449707,PASS_AFDB_P2RANK_PREDICTED_POCKET_D4_LOADER
C1CRD1,0,0,0,0,0,0,8.846676349639893,PASS_AFDB_P2RANK_PREDICTED_POCKET_D4_LOADER
C1D0J7,0,0,0,0,0,0,5.475235223770142,BLOCKED_AFDB_P2RANK_NO_POCKET
C1D5N0,0,0,0,0,0,0,5.400708913803101,BLOCKED_AFDB_P2RANK_NO_POCKET
C1DNK5,0,0,0,0,0,0,5.2111194133758545,BLOCKED_AFDB_P2RANK_NO_POCKET
C1DQ38,0,0,0,0,0,0,5.377871036529541,BLOCKED_AFDB_P2RANK_NO_POCKET
C1EV87,0,0,0,0,0,0,5.290046453475952,BLOCKED_AFDB_P2RANK_NO_POCKET
C1F425,0,0,0,0,0,0,5.184424877166748,BLOCKED_AFDB_P2RANK_NO_POCKET
C1FW06,0,0,0,0,0,0,5.4751434326171875,BLOCKED_AFDB_P2RANK_NO_POCKET
C1IWT2,0,0,0,0,0,0,1.6083016395568848,BLOCKED_AFDB_STRUCTURE_FETCH_FAILED
C1KW55,0,0,0,0,0,0,5.45463752746582,BLOCKED_AFDB_P2RANK_NO_POCKET
C1L0J0,0,0,0,0,0,0,7.484731435775757,PASS_AFDB_P2RANK_PREDICTED_POCKET_D4_LOADER
C3K5A5,0,0,0,0,0,0,5.161469459533691,BLOCKED_AFDB_P2RANK_NO_POCKET
C3K6Y5,0,0,0,0,0,0,5.530910968780518,BLOCKED_AFDB_P2RANK_NO_POCKET
C3MAA2,0,0,0,0,0,0,5.3440492153167725,BLOCKED_AFDB_P2RANK_NO_POCKET
C3MAI8,0,0,0,0,0,0,7.227425575256348,PASS_AFDB_P2RANK_PREDICTED_POCKET_D4_LOADER
C3MGX4,0,0,0,0,0,0,5.441396474838257,BLOCKED_AFDB_P2RANK_NO_POCKET
C3MGX6,0,0,0,0,0,0,5.129671573638916,BLOCKED_AFDB_P2RANK_NO_POCKET
C3MPQ0,0,0,0,0,0,0,5.588788986206055,BLOCKED_AFDB_P2RANK_NO_POCKET
C3MQJ5,0,0,0,0,0,0,5.687222719192505,BLOCKED_AFDB_P2RANK_NO_POCKET
C3MTL3,0,0,0,0,0,0,5.337608575820923,BLOCKED_AFDB_P2RANK_NO_POCKET
C3MUB4,0,0,0,0,0,0,5.697014331817627,BLOCKED_AFDB_P2RANK_NO_POCKET
C3MW73,0,0,0,0,0,0,5.89692234992981,BLOCKED_AFDB_P2RANK_NO_POCKET
C3MYP4,0,0,0,0,0,0,5.543150424957275,BLOCKED_AFDB_P2RANK_NO_POCKET
C3MZU9,0,0,0,0,0,0,5.516182899475098,BLOCKED_AFDB_P2RANK_NO_POCKET
C3N5C6,0,0,0,0,0,0,5.928629636764526,BLOCKED_AFDB_P2RANK_NO_POCKET
C3NDY0,0,0,0,0,0,0,5.318916082382202,BLOCKED_AFDB_P2RANK_NO_POCKET
C3NHS3,0,0,0,0,0,0,7.645381927490234,BLOCKED_AFDB_P2RANK_NO_POCKET
C3NMW1,0,0,0,0,0,0,5.841832399368286,BLOCKED_AFDB_P2RANK_NO_POCKET
C3RZA1,0,0,0,0,0,0,1.5750956535339355,BLOCKED_AFDB_STRUCTURE_FETCH_FAILED
C4JF75,0,0,0,0,0,0,9.75490117073059,PASS_AFDB_P2RANK_PREDICTED_POCKET_D4_LOADER
C4JF77,0,0,0,0,0,0,8.457315444946289,PASS_AFDB_P2RANK_PREDICTED_POCKET_D4_LOADER
C4JF78,0,0,0,0,0,0,8.355668067932129,PASS_AFDB_P2RANK_PREDICTED_POCKET_D4_LOADER
C4JF79,0,0,0,0,0,0,8.899149417877197,PASS_AFDB_P2RANK_PREDICTED_POCKET_D4_LOADER
C4JF81,0,0,0,0,0,0,8.721328973770142,PASS_AFDB_P2RANK_PREDICTED_POCKET_D4_LOADER
C4JF82,0,0,0,0,0,0,9.26941466331482,PASS_AFDB_P2RANK_PREDICTED_POCKET_D4_LOADER
C4K0R3,0,0,0,0,0,0,6.3565919399261475,BLOCKED_AFDB_P2RANK_NO_POCKET
C4KGZ2,0,0,0,0,0,0,5.331993579864502,BLOCKED_AFDB_P2RANK_NO_POCKET
C4KJC1,0,0,0,0,0,0,5.326867341995239,BLOCKED_AFDB_P2RANK_NO_POCKET
C4KKU5,0,0,0,0,0,0,5.857276439666748,BLOCKED_AFDB_P2RANK_NO_POCKET
C4L7X3,0,0,0,0,0,0,5.330924987792969,BLOCKED_AFDB_P2RANK_NO_POCKET
C4LF65,0,0,0,0,0,0,5.278446435928345,BLOCKED_AFDB_P2RANK_NO_POCKET
C4R8Q1,0,0,0,0,0,0,5.795778036117554,BLOCKED_AFDB_P2RANK_NO_POCKET
C4XGU1,0,0,0,0,0,0,7.085273504257202,PASS_AFDB_P2RANK_PREDICTED_POCKET_D4_LOADER
C4Z1K1,0,0,0,0,0,0,5.83039402961731,BLOCKED_AFDB_P2RANK_NO_POCKET
C4ZX13,0,0,0,0,0,0,7.788410902023315,PASS_AFDB_P2RANK_PREDICTED_POCKET_D4_LOADER
C5A6E5,0,0,0,0,0,0,7.895639657974243,PASS_AFDB_P2RANK_PREDICTED_POCKET_D4_LOADER
C5B8H7,0,0,0,0,0,0,5.278548240661621,BLOCKED_AFDB_P2RANK_NO_POCKET
C5C2F6,0,0,0,0,0,0,6.937546491622925,PASS_AFDB_P2RANK_PREDICTED_POCKET_D4_LOADER
C5C3D1,0,0,0,0,0,0,8.390891313552856,PASS_AFDB_P2RANK_PREDICTED_POCKET_D4_LOADER
C5C8U1,0,0,0,0,0,0,5.973131895065308,BLOCKED_AFDB_P2RANK_NO_POCKET
C5C9I3,0,0,0,0,0,0,5.382761001586914,BLOCKED_AFDB_P2RANK_NO_POCKET
C5CY41,0,0,0,0,0,0,5.276656866073608,BLOCKED_AFDB_P2RANK_NO_POCKET
C5D646,0,0,0,0,0,0,5.762528419494629,BLOCKED_AFDB_P2RANK_NO_POCKET
C5D6M6,0,0,0,0,0,0,7.936832427978516,PASS_AFDB_P2RANK_PREDICTED_POCKET_D4_LOADER
C5G6H8,0,0,0,0,0,0,7.455150604248047,PASS_AFDB_P2RANK_PREDICTED_POCKET_D4_LOADER
C5IY43,0,0,0,0,0,0,1.6016700267791748,BLOCKED_AFDB_STRUCTURE_FETCH_FAILED
C5IY46,0,0,0,0,0,0,1.9237983226776123,BLOCKED_AFDB_STRUCTURE_FETCH_FAILED
C5IY48,0,0,0,0,0,0,1.8735876083374023,BLOCKED_AFDB_STRUCTURE_FETCH_FAILED
C5MR76,0,0,0,0,0,0,6.9686384201049805,PASS_AFDB_P2RANK_PREDICTED_POCKET_D4_LOADER
C5WR30,0,0,0,0,0,0,6.3459742069244385,BLOCKED_AFDB_P2RANK_NO_POCKET
C6E5Z5,0,0,0,0,0,0,1.6382479667663574,BLOCKED_AFDB_STRUCTURE_FETCH_FAILED
C6KEM4,0,0,0,0,0,0,8.598617792129517,PASS_AFDB_P2RANK_PREDICTED_POCKET_D4_LOADER
C6SZ50,0,0,0,0,0,0,7.470274209976196,PASS_AFDB_P2RANK_PREDICTED_POCKET_D4_LOADER
C7G3A0,0,0,0,0,0,0,8.418190717697144,PASS_AFDB_P2RANK_PREDICTED_POCKET_D4_LOADER
C7M8J5,0,0,0,0,0,0,8.175244808197021,PASS_AFDB_P2RANK_PREDICTED_POCKET_D4_LOADER
C7M8J6,0,0,0,0,0,0,8.211675643920898,PASS_AFDB_P2RANK_PREDICTED_POCKET_D4_LOADER
C8XPS0,0,0,0,0,0,0,1.6471142768859863,BLOCKED_AFDB_STRUCTURE_FETCH_FAILED
C8YTM5,0,0,0,0,0,0,8.834991693496704,PASS_AFDB_P2RANK_PREDICTED_POCKET_D4_LOADER
C9DG80,0,0,0,0,0,0,1.6409363746643066,BLOCKED_AFDB_STRUCTURE_FETCH_FAILED
C9DGK1,0,0,0,0,0,0,1.7385642528533936,BLOCKED_AFDB_STRUCTURE_FETCH_FAILED
C9ZDC6,0,0,0,0,0,0,8.42530083656311,PASS_AFDB_P2RANK_PREDICTED_POCKET_D4_LOADER
D0EZM8,0,0,0,0,0,0,1.5803563594818115,BLOCKED_AFDB_STRUCTURE_FETCH_FAILED
D0V3Y4,0,0,0,0,0,0,8.076534271240234,PASS_AFDB_P2RANK_PREDICTED_POCKET_D4_LOADER
D1L2Y9,0,0,0,0,0,0,1.6520328521728516,BLOCKED_AFDB_STRUCTURE_FETCH_FAILED
D2HD32,0,0,0,0,0,0,5.859203338623047,BLOCKED_AFDB_P2RANK_NO_POCKET
D2I2M6,0,0,0,0,0,0,8.43588924407959,PASS_AFDB_P2RANK_PREDICTED_POCKET_D4_LOADER
D3DFS4,0,0,0,0,0,0,7.870297908782959,PASS_AFDB_P2RANK_PREDICTED_POCKET_D4_LOADER
D3KY98,0,0,0,0,0,0,8.45256233215332,PASS_AFDB_P2RANK_PREDICTED_POCKET_D4_LOADER
D3KY99,0,0,0,0,0,0,9.285234689712524,PASS_AFDB_P2RANK_PREDICTED_POCKET_D4_LOADER
D3KYA0,0,0,0,0,0,0,7.796242952346802,PASS_AFDB_P2RANK_PREDICTED_POCKET_D4_LOADER
D3XDS2,0,0,0,0,0,0,2.990612030029297,BLOCKED_AFDB_STRUCTURE_FETCH_FAILED
D3ZKU7,0,0,0,0,0,0,5.5768067836761475,BLOCKED_AFDB_P2RANK_NO_POCKET
D3ZMY7,0,0,0,0,0,0,8.789804458618164,PASS_AFDB_P2RANK_PREDICTED_POCKET_D4_LOADER
D4A7C0,0,0,0,0,0,0,8.196324110031128,PASS_AFDB_P2RANK_PREDICTED_POCKET_D4_LOADER
D4GSC3,0,0,0,0,0,0,8.720329284667969,PASS_AFDB_P2RANK_PREDICTED_POCKET_D4_LOADER
D4GVK8,0,0,0,0,0,0,7.3574440479278564,PASS_AFDB_P2RANK_PREDICTED_POCKET_D4_LOADER
D4GW96,0,0,0,0,0,0,7.6401495933532715,PASS_AFDB_P2RANK_PREDICTED_POCKET_D4_LOADER
D4GYV5,0,0,0,0,0,0,7.928312540054321,PASS_AFDB_P2RANK_PREDICTED_POCKET_D4_LOADER
D4GZN2,0,0,0,0,0,0,8.69079875946045,PASS_AFDB_P2RANK_PREDICTED_POCKET_D4_LOADER
D4N3P2,0,0,0,0,0,0,1.7129335403442383,BLOCKED_AFDB_STRUCTURE_FETCH_FAILED
D4N500,0,0,0,0,0,0,7.993624687194824,PASS_AFDB_P2RANK_PREDICTED_POCKET_D4_LOADER
D5AKX4,0,0,0,0,0,0,8.507987976074219,PASS_AFDB_P2RANK_PREDICTED_POCKET_D4_LOADER
D5AKX5,0,0,0,0,0,0,8.029447793960571,PASS_AFDB_P2RANK_PREDICTED_POCKET_D4_LOADER
D5AKX6,0,0,0,0,0,0,7.675887107849121,PASS_AFDB_P2RANK_PREDICTED_POCKET_D4_LOADER
D5AQY6,0,0,0,0,0,0,7.536985635757446,PASS_AFDB_P2RANK_PREDICTED_POCKET_D4_LOADER
D7STK2,0,0,0,0,0,0,5.761016607284546,BLOCKED_AFDB_P2RANK_NO_POCKET
D8LQS7,0,0,0,0,0,0,8.45034384727478,PASS_AFDB_P2RANK_PREDICTED_POCKET_D4_LOADER
D8QZ31,0,0,0,0,0,0,9.306247472763062,PASS_AFDB_P2RANK_PREDICTED_POCKET_D4_LOADER
D8S724,0,0,0,0,0,0,8.588886260986328,PASS_AFDB_P2RANK_PREDICTED_POCKET_D4_LOADER
D9ICP2,0,0,0,0,0,0,1.62846040725708,BLOCKED_AFDB_STRUCTURE_FETCH_FAILED
D9XF46,0,0,0,0,0,0,9.473998069763184,PASS_AFDB_P2RANK_PREDICTED_POCKET_D4_LOADER
D9YT79,0,0,0,0,0,0,8.052528619766235,PASS_AFDB_P2RANK_PREDICTED_POCKET_D4_LOADER
E1B8U2,0,0,0,0,0,0,8.346827983856201,PASS_AFDB_P2RANK_PREDICTED_POCKET_D4_LOADER
E1BR24,0,0,0,0,0,0,8.29861855506897,PASS_AFDB_P2RANK_PREDICTED_POCKET_D4_LOADER
E1FU46,0,0,0,0,0,0,5.7439634799957275,BLOCKED_AFDB_P2RANK_NO_POCKET
E1XT70,0,0,0,0,0,0,1.7564091682434082,BLOCKED_AFDB_STRUCTURE_FETCH_FAILED
E1XTJ1,0,0,0,0,0,0,1.5749173164367676,BLOCKED_AFDB_STRUCTURE_FETCH_FAILED
E1XTK3,0,0,0,0,0,0,1.5957446098327637,BLOCKED_AFDB_STRUCTURE_FETCH_FAILED
E1XTK6,0,0,0,0,0,0,1.62776517868042,BLOCKED_AFDB_STRUCTURE_FETCH_FAILED
E2RK33,0,0,0,0,0,0,8.654626846313477,BLOCKED_AFDB_P2RANK_NO_POCKET
E3MIE2,0,0,0,0,0,0,6.1474738121032715,BLOCKED_AFDB_P2RANK_NO_POCKET
E3SEW0,0,0,0,0,0,0,1.571343183517456,BLOCKED_AFDB_STRUCTURE_FETCH_FAILED
E3WSB5,0,0,0,0,0,0,6.8039538860321045,BLOCKED_AFDB_P2RANK_NO_POCKET
E5A7E2,0,0,0,0,0,0,7.975873708724976,PASS_AFDB_P2RANK_PREDICTED_POCKET_D4_LOADER
E5EYS5,0,0,0,0,0,0,1.6225335597991943,BLOCKED_AFDB_STRUCTURE_FETCH_FAILED
E7E2N8,0,0,0,0,0,0,7.707310676574707,PASS_AFDB_P2RANK_PREDICTED_POCKET_D4_LOADER
E7FHH1,0,0,0,0,0,0,8.840948343276978,PASS_AFDB_P2RANK_PREDICTED_POCKET_D4_LOADER
E7FL15,0,0,0,0,0,0,7.687945604324341,PASS_AFDB_P2RANK_PREDICTED_POCKET_D4_LOADER
E9Q9D5,0,0,0,0,0,0,7.690161228179932,PASS_AFDB_P2RANK_PREDICTED_POCKET_D4_LOADER
E9QY26,0,0,0,0,0,0,10.006710052490234,PASS_AFDB_P2RANK_PREDICTED_POCKET_D4_LOADER
F0LJX3,0,0,0,0,0,0,9.757598638534546,PASS_AFDB_P2RANK_PREDICTED_POCKET_D4_LOADER
F0NF15,0,0,0,0,0,0,9.97013521194458,PASS_AFDB_P2RANK_PREDICTED_POCKET_D4_LOADER
F1QWW8,0,0,0,0,0,0,8.136317014694214,PASS_AFDB_P2RANK_PREDICTED_POCKET_D4_LOADER
F2Z9C1,0,0,0,0,0,0,1.6492397785186768,BLOCKED_AFDB_STRUCTURE_FETCH_FAILED
F4HWU0,0,0,0,0,0,0,8.180723667144775,PASS_AFDB_P2RANK_PREDICTED_POCKET_D4_LOADER
F5HAW0,0,0,0,0,0,0,1.6701874732971191,BLOCKED_AFDB_STRUCTURE_FETCH_FAILED
F5HB62,0,0,0,0,0,0,4.399760007858276,BLOCKED_AFDB_STRUCTURE_FETCH_FAILED
F5HGH5,0,0,0,0,0,0,1.622899055480957,BLOCKED_AFDB_STRUCTURE_FETCH_FAILED
F5L3T2,0,0,0,0,0,0,5.738458156585693,BLOCKED_AFDB_P2RANK_NO_POCKET
F8SJR0,0,0,0,0,0,0,1.7290635108947754,BLOCKED_AFDB_STRUCTURE_FETCH_FAILED
F8U969,0,0,0,0,0,0,8.504703044891357,PASS_AFDB_P2RANK_PREDICTED_POCKET_D4_LOADER
F8U970,0,0,0,0,0,0,9.414992809295654,PASS_AFDB_P2RANK_PREDICTED_POCKET_D4_LOADER
F8U971,0,0,0,0,0,0,8.428655862808228,PASS_AFDB_P2RANK_PREDICTED_POCKET_D4_LOADER
F8U972,0,0,0,0,0,0,8.33128023147583,PASS_AFDB_P2RANK_PREDICTED_POCKET_D4_LOADER
G1TNM3,0,0,0,0,0,0,8.865951299667358,PASS_AFDB_P2RANK_PREDICTED_POCKET_D4_LOADER
G1X456,0,0,0,0,0,0,18.304328441619873,PASS_AFDB_P2RANK_PREDICTED_POCKET_D4_LOADER
G1XJZ4,0,0,0,0,0,0,7.794495105743408,PASS_AFDB_P2RANK_PREDICTED_POCKET_D4_LOADER
G3FFN4,0,0,0,0,0,0,1.7266111373901367,BLOCKED_AFDB_STRUCTURE_FETCH_FAILED
G3FFN6,0,0,0,0,0,0,1.656048059463501,BLOCKED_AFDB_STRUCTURE_FETCH_FAILED
G3XCZ8,0,0,0,0,0,0,7.261075735092163,PASS_AFDB_P2RANK_PREDICTED_POCKET_D4_LOADER
G3XD67,0,0,0,0,0,0,5.298075199127197,BLOCKED_AFDB_P2RANK_NO_POCKET
G4MSY9,0,0,0,0,0,0,8.829241037368774,PASS_AFDB_P2RANK_PREDICTED_POCKET_D4_LOADER
G4MYB0,0,0,0,0,0,0,9.297429323196411,PASS_AFDB_P2RANK_PREDICTED_POCKET_D4_LOADER
G4N954,0,0,0,0,0,0,8.23157024383545,PASS_AFDB_P2RANK_PREDICTED_POCKET_D4_LOADER
G4NCP4,0,0,0,0,0,0,7.562504291534424,PASS_AFDB_P2RANK_PREDICTED_POCKET_D4_LOADER
G5EI58,0,0,0,0,0,0,8.148625612258911,PASS_AFDB_P2RANK_PREDICTED_POCKET_D4_LOADER
G7IFI7,0,0,0,0,0,0,7.541986465454102,PASS_AFDB_P2RANK_PREDICTED_POCKET_D4_LOADER
G9JJU2,0,0,0,0,0,0,1.6284117698669434,BLOCKED_AFDB_STRUCTURE_FETCH_FAILED
G9MQI4,0,0,0,0,0,0,7.730744361877441,PASS_AFDB_P2RANK_PREDICTED_POCKET_D4_LOADER
H0QPL8,0,0,0,0,0,0,5.419548749923706,BLOCKED_AFDB_P2RANK_NO_POCKET
I1MRZ6,0,0,0,0,0,0,7.027694940567017,BLOCKED_AFDB_P2RANK_NO_POCKET
I1S050,0,0,0,0,0,0,8.326783180236816,PASS_AFDB_P2RANK_PREDICTED_POCKET_D4_LOADER
I3R7F2,0,0,0,0,0,0,5.15485143661499,BLOCKED_AFDB_P2RANK_NO_POCKET
I6L8L7,0,0,0,0,0,0,8.522250890731812,PASS_AFDB_P2RANK_PREDICTED_POCKET_D4_LOADER
I6TCK3,0,0,0,0,0,0,9.41322374343872,PASS_AFDB_P2RANK_PREDICTED_POCKET_D4_LOADER
I6UF18,0,0,0,0,0,0,7.429515361785889,PASS_AFDB_P2RANK_PREDICTED_POCKET_D4_LOADER
I6UH61,0,0,0,0,0,0,7.794407844543457,PASS_AFDB_P2RANK_PREDICTED_POCKET_D4_LOADER
I6XHJ3,0,0,0,0,0,0,9.178953886032104,PASS_AFDB_P2RANK_PREDICTED_POCKET_D4_LOADER
I7K316,0,0,0,0,0,0,1.5646812915802002,BLOCKED_AFDB_STRUCTURE_FETCH_FAILED
J3KAS1,0,0,0,0,0,0,8.750105619430542,PASS_AFDB_P2RANK_PREDICTED_POCKET_D4_LOADER
J3KAS2,0,0,0,0,0,0,9.647952318191528,PASS_AFDB_P2RANK_PREDICTED_POCKET_D4_LOADER
J3KAS3,0,0,0,0,0,0,9.020928144454956,PASS_AFDB_P2RANK_PREDICTED_POCKET_D4_LOADER
J8G6Z1,0,0,0,0,0,0,8.485650300979614,PASS_AFDB_P2RANK_PREDICTED_POCKET_D4_LOADER
J9VED5,0,0,0,0,0,0,8.590569019317627,PASS_AFDB_P2RANK_PREDICTED_POCKET_D4_LOADER
K4PZA7,0,0,0,0,0,0,8.272514820098877,PASS_AFDB_P2RANK_PREDICTED_POCKET_D4_LOADER
L7F3F8,0,0,0,0,0,0,8.411252975463867,PASS_AFDB_P2RANK_PREDICTED_POCKET_D4_LOADER
L7IKV1,0,0,0,0,0,0,9.153118371963501,PASS_AFDB_P2RANK_PREDICTED_POCKET_D4_LOADER
L7WGA7,0,0,0,0,0,0,1.568629503250122,BLOCKED_AFDB_STRUCTURE_FETCH_FAILED
M1EAP5,0,0,0,0,0,0,1.9274635314941406,BLOCKED_AFDB_STRUCTURE_FETCH_FAILED
M3B4Q3,0,0,0,0,0,0,8.690885782241821,PASS_AFDB_P2RANK_PREDICTED_POCKET_D4_LOADER
M5AAG8,0,0,0,0,0,0,1.949645757675171,BLOCKED_AFDB_STRUCTURE_FETCH_FAILED
M7TBG7,0,0,0,0,0,0,7.998674631118774,PASS_AFDB_P2RANK_PREDICTED_POCKET_D4_LOADER
O00571,0,0,0,0,0,0,9.270853281021118,PASS_AFDB_P2RANK_PREDICTED_POCKET_D4_LOADER
O02611,0,0,0,0,0,0,7.31866192817688,PASS_AFDB_P2RANK_PREDICTED_POCKET_D4_LOADER
O02705,0,0,0,0,0,0,9.915478706359863,PASS_AFDB_P2RANK_PREDICTED_POCKET_D4_LOADER
O02827,0,0,0,0,0,0,1.656468391418457,BLOCKED_AFDB_STRUCTURE_FETCH_FAILED
O03063,0,0,0,0,0,0,1.5758543014526367,BLOCKED_AFDB_STRUCTURE_FETCH_FAILED
O03067,0,0,0,0,0,0,1.5685219764709473,BLOCKED_AFDB_STRUCTURE_FETCH_FAILED
O03070,0,0,0,0,0,0,1.569462537765503,BLOCKED_AFDB_STRUCTURE_FETCH_FAILED
O03073,0,0,0,0,0,0,1.672236442565918,BLOCKED_AFDB_STRUCTURE_FETCH_FAILED
O03077,0,0,0,0,0,0,2.649993658065796,BLOCKED_AFDB_STRUCTURE_FETCH_FAILED
O03085,0,0,0,0,0,0,2.1231398582458496,BLOCKED_AFDB_STRUCTURE_FETCH_FAILED
O04986,0,0,0,0,0,0,7.193090200424194,PASS_AFDB_P2RANK_PREDICTED_POCKET_D4_LOADER
O05413,0,0,0,0,0,0,8.377833127975464,PASS_AFDB_P2RANK_PREDICTED_POCKET_D4_LOADER
O05505,0,0,0,0,0,0,5.242278337478638,BLOCKED_AFDB_P2RANK_NO_POCKET
O05755,0,0,0,0,0,0,5.338664293289185,BLOCKED_AFDB_P2RANK_NO_POCKET
O06350,0,0,0,0,0,0,8.18983268737793,PASS_AFDB_P2RANK_PREDICTED_POCKET_D4_LOADER
O07244,0,0,0,0,0,0,7.39706015586853,PASS_AFDB_P2RANK_PREDICTED_POCKET_D4_LOADER
O07824,0,0,0,0,0,0,1.663783073425293,BLOCKED_AFDB_STRUCTURE_FETCH_FAILED
O08453,0,0,0,0,0,0,8.264464616775513,PASS_AFDB_P2RANK_PREDICTED_POCKET_D4_LOADER
O08615,0,0,0,0,0,0,5.021605491638184,BLOCKED_AFDB_P2RANK_NO_POCKET
O10269,0,0,0,0,0,0,2.5662057399749756,BLOCKED_AFDB_STRUCTURE_FETCH_FAILED
O10273,0,0,0,0,0,0,1.6981008052825928,BLOCKED_AFDB_STRUCTURE_FETCH_FAILED
O10274,0,0,0,0,0,0,1.575314998626709,BLOCKED_AFDB_STRUCTURE_FETCH_FAILED
O10340,0,0,0,0,0,0,1.555342197418213,BLOCKED_AFDB_STRUCTURE_FETCH_FAILED
O12944,0,0,0,0,0,0,9.01670789718628,PASS_AFDB_P2RANK_PREDICTED_POCKET_D4_LOADER
O13010,0,0,0,0,0,0,1.6437463760375977,BLOCKED_AFDB_STRUCTURE_FETCH_FAILED
O13434,0,0,0,0,0,0,1.7676951885223389,BLOCKED_AFDB_STRUCTURE_FETCH_FAILED
O13525,0,0,0,0,0,0,7.940897226333618,PASS_AFDB_P2RANK_PREDICTED_POCKET_D4_LOADER
O13762,0,0,0,0,0,0,9.441663980484009,PASS_AFDB_P2RANK_PREDICTED_POCKET_D4_LOADER
O13899,0,0,0,0,0,0,8.720868349075317,PASS_AFDB_P2RANK_PREDICTED_POCKET_D4_LOADER
O14442,0,0,0,0,0,0,8.40038537979126,PASS_AFDB_P2RANK_PREDICTED_POCKET_D4_LOADER
O14443,0,0,0,0,0,0,7.6558427810668945,PASS_AFDB_P2RANK_PREDICTED_POCKET_D4_LOADER
O14929,0,0,0,0,0,0,8.237669229507446,PASS_AFDB_P2RANK_PREDICTED_POCKET_D4_LOADER
O14965,0,0,0,0,0,0,8.856062889099121,PASS_AFDB_P2RANK_PREDICTED_POCKET_D4_LOADER
O15523,0,0,0,0,0,0,9.232141733169556,PASS_AFDB_P2RANK_PREDICTED_POCKET_D4_LOADER
O15770,0,0,0,0,0,0,9.07300329208374,PASS_AFDB_P2RANK_PREDICTED_POCKET_D4_LOADER
O15821,0,0,0,0,0,0,8.331447124481201,PASS_AFDB_P2RANK_PREDICTED_POCKET_D4_LOADER
O18750,0,0,0,0,0,0,9.26041316986084,PASS_AFDB_P2RANK_PREDICTED_POCKET_D4_LOADER
O18851,0,0,0,0,0,0,4.9405677318573,BLOCKED_AFDB_P2RANK_NO_POCKET
O19098,0,0,0,0,0,0,4.837356090545654,BLOCKED_AFDB_P2RANK_NO_POCKET
O22000,0,0,0,0,0,0,1.6159696578979492,BLOCKED_AFDB_STRUCTURE_FETCH_FAILED
O23051,0,0,0,0,0,0,10.045294284820557,PASS_AFDB_P2RANK_PREDICTED_POCKET_D4_LOADER
O23939,0,0,0,0,0,0,1.6042964458465576,BLOCKED_AFDB_STRUCTURE_FETCH_FAILED
O26271,0,0,0,0,0,0,6.378679513931274,BLOCKED_AFDB_P2RANK_NO_POCKET
O26377,0,0,0,0,0,0,7.857854127883911,PASS_AFDB_P2RANK_PREDICTED_POCKET_D4_LOADER
O27225,0,0,0,0,0,0,5.661455154418945,BLOCKED_AFDB_P2RANK_NO_POCKET
O27226,0,0,0,0,0,0,5.052349805831909,BLOCKED_AFDB_P2RANK_NO_POCKET
O27228,0,0,0,0,0,0,5.572897672653198,BLOCKED_AFDB_P2RANK_NO_POCKET
O27753,0,0,0,0,0,0,8.270634651184082,PASS_AFDB_P2RANK_PREDICTED_POCKET_D4_LOADER
O27830,0,0,0,0,0,0,9.29154109954834,PASS_AFDB_P2RANK_PREDICTED_POCKET_D4_LOADER
O28185,0,0,0,0,0,0,5.482943296432495,BLOCKED_AFDB_P2RANK_NO_POCKET
O28338,0,0,0,0,0,0,5.562505483627319,BLOCKED_AFDB_P2RANK_NO_POCKET
O28663,0,0,0,0,0,0,5.29460334777832,BLOCKED_AFDB_P2RANK_NO_POCKET
O30334,0,0,0,0,0,0,5.255050897598267,BLOCKED_AFDB_P2RANK_NO_POCKET
O30642,0,0,0,0,0,0,1.6373178958892822,BLOCKED_AFDB_STRUCTURE_FETCH_FAILED
O31294,0,0,0,0,0,0,7.703666925430298,PASS_AFDB_P2RANK_PREDICTED_POCKET_D4_LOADER
O32378,0,0,0,0,0,0,1.6527540683746338,BLOCKED_AFDB_STRUCTURE_FETCH_FAILED
O32414,0,0,0,0,0,0,1.5748376846313477,BLOCKED_AFDB_STRUCTURE_FETCH_FAILED
O32518,0,0,0,0,0,0,1.5597691535949707,BLOCKED_AFDB_STRUCTURE_FETCH_FAILED
O32868,0,0,0,0,0,0,5.081772565841675,BLOCKED_AFDB_P2RANK_NO_POCKET
O34928,0,0,0,0,0,0,7.492661714553833,PASS_AFDB_P2RANK_PREDICTED_POCKET_D4_LOADER
O35448,0,0,0,0,0,0,7.860818147659302,PASS_AFDB_P2RANK_PREDICTED_POCKET_D4_LOADER
O35492,0,0,0,0,0,0,8.745229721069336,PASS_AFDB_P2RANK_PREDICTED_POCKET_D4_LOADER
O35795,0,0,0,0,0,0,8.976863861083984,PASS_AFDB_P2RANK_PREDICTED_POCKET_D4_LOADER
O36371,0,0,0,0,0,0,1.696056842803955,BLOCKED_AFDB_STRUCTURE_FETCH_FAILED
O36385,0,0,0,0,0,0,1.6013658046722412,BLOCKED_AFDB_STRUCTURE_FETCH_FAILED
O36404,0,0,0,0,0,0,1.8689990043640137,BLOCKED_AFDB_STRUCTURE_FETCH_FAILED
O36410,0,0,0,0,0,0,1.6021270751953125,BLOCKED_AFDB_STRUCTURE_FETCH_FAILED
O36411,0,0,0,0,0,0,1.6099870204925537,BLOCKED_AFDB_STRUCTURE_FETCH_FAILED
O37319,0,0,0,0,0,0,1.5626354217529297,BLOCKED_AFDB_STRUCTURE_FETCH_FAILED
O39828,0,0,0,0,0,0,1.6895787715911865,BLOCKED_AFDB_STRUCTURE_FETCH_FAILED
O40619,0,0,0,0,0,0,1.6536879539489746,BLOCKED_AFDB_STRUCTURE_FETCH_FAILED
O41033,0,0,0,0,0,0,1.5780959129333496,BLOCKED_AFDB_STRUCTURE_FETCH_FAILED
O41136,0,0,0,0,0,0,1.9207119941711426,BLOCKED_AFDB_STRUCTURE_FETCH_FAILED
O41156,0,0,0,0,0,0,1.56630277633667,BLOCKED_AFDB_STRUCTURE_FETCH_FAILED
O42411,0,0,0,0,0,0,1.6874663829803467,BLOCKED_AFDB_STRUCTURE_FETCH_FAILED
O42412,0,0,0,0,0,0,1.8757457733154297,BLOCKED_AFDB_STRUCTURE_FETCH_FAILED
O42449,0,0,0,0,0,0,1.6771972179412842,BLOCKED_AFDB_STRUCTURE_FETCH_FAILED
O43272,0,0,0,0,0,0,8.567723512649536,PASS_AFDB_P2RANK_PREDICTED_POCKET_D4_LOADER
O43463,0,0,0,0,0,0,9.371333360671997,PASS_AFDB_P2RANK_PREDICTED_POCKET_D4_LOADER
O43716,0,0,0,0,0,0,5.706299543380737,BLOCKED_AFDB_P2RANK_NO_POCKET
O44111,0,0,0,0,0,0,20.811380624771118,BLOCKED_AFDB_STRUCTURE_FETCH_FAILED
O46420,0,0,0,0,0,0,9.104801654815674,PASS_AFDB_P2RANK_PREDICTED_POCKET_D4_LOADER
O48500,0,0,0,0,0,0,1.579958438873291,BLOCKED_AFDB_STRUCTURE_FETCH_FAILED
O49338,0,0,0,0,0,0,9.328591346740723,PASS_AFDB_P2RANK_PREDICTED_POCKET_D4_LOADER
O50224,0,0,0,0,0,0,9.116243362426758,PASS_AFDB_P2RANK_PREDICTED_POCKET_D4_LOADER
O50330,0,0,0,0,0,0,9.534655332565308,PASS_AFDB_P2RANK_PREDICTED_POCKET_D4_LOADER
O50338,0,0,0,0,0,0,8.130127668380737,PASS_AFDB_P2RANK_PREDICTED_POCKET_D4_LOADER
O50533,0,0,0,0,0,0,7.938122034072876,PASS_AFDB_P2RANK_PREDICTED_POCKET_D4_LOADER
O51215,0,0,0,0,0,0,2.763101100921631,BLOCKED_AFDB_STRUCTURE_FETCH_FAILED
O51291,0,0,0,0,0,0,1.587662935256958,BLOCKED_AFDB_STRUCTURE_FETCH_FAILED
O51318,0,0,0,0,0,0,5.3190484046936035,BLOCKED_AFDB_P2RANK_NO_POCKET
O51799,0,0,0,0,0,0,7.050719499588013,PASS_AFDB_P2RANK_PREDICTED_POCKET_D4_LOADER
O51900,0,0,0,0,0,0,8.074737548828125,PASS_AFDB_P2RANK_PREDICTED_POCKET_D4_LOADER
O53561,0,0,0,0,0,0,7.46894645690918,PASS_AFDB_P2RANK_PREDICTED_POCKET_D4_LOADER
O53873,0,0,0,0,0,0,9.691962718963623,PASS_AFDB_P2RANK_PREDICTED_POCKET_D4_LOADER
O54030,0,0,0,0,0,0,5.68648886680603,BLOCKED_AFDB_P2RANK_NO_POCKET
O54457,0,0,0,0,0,0,5.411384344100952,BLOCKED_AFDB_P2RANK_NO_POCKET
O54864,0,0,0,0,0,0,8.203460216522217,PASS_AFDB_P2RANK_PREDICTED_POCKET_D4_LOADER
O55026,0,0,0,0,0,0,8.015383243560791,PASS_AFDB_P2RANK_PREDICTED_POCKET_D4_LOADER
O55102,0,0,0,0,0,0,6.350756645202637,BLOCKED_AFDB_P2RANK_NO_POCKET
O55716,0,0,0,0,0,0,1.8809480667114258,BLOCKED_AFDB_STRUCTURE_FETCH_FAILED
O57175,0,0,0,0,0,0,2.5547025203704834,BLOCKED_AFDB_STRUCTURE_FETCH_FAILED
O57177,0,0,0,0,0,0,2.841444253921509,BLOCKED_AFDB_STRUCTURE_FETCH_FAILED
O57179,0,0,0,0,0,0,2.4801526069641113,BLOCKED_AFDB_STRUCTURE_FETCH_FAILED
O57193,0,0,0,0,0,0,1.5419948101043701,BLOCKED_AFDB_STRUCTURE_FETCH_FAILED
O57203,0,0,0,0,0,0,1.9958064556121826,BLOCKED_AFDB_STRUCTURE_FETCH_FAILED
O57209,0,0,0,0,0,0,1.542259693145752,BLOCKED_AFDB_STRUCTURE_FETCH_FAILED
O57214,0,0,0,0,0,0,1.541274070739746,BLOCKED_AFDB_STRUCTURE_FETCH_FAILED
O57245,0,0,0,0,0,0,1.9587087631225586,BLOCKED_AFDB_STRUCTURE_FETCH_FAILED
O57252,0,0,0,0,0,0,1.638300895690918,BLOCKED_AFDB_STRUCTURE_FETCH_FAILED
O57920,0,0,0,0,0,0,8.721534967422485,PASS_AFDB_P2RANK_PREDICTED_POCKET_D4_LOADER
O58226,0,0,0,0,0,0,5.766681909561157,BLOCKED_AFDB_P2RANK_NO_POCKET
O61069,0,0,0,0,0,0,1.5952098369598389,BLOCKED_AFDB_STRUCTURE_FETCH_FAILED
O62768,0,0,0,0,0,0,3.160818576812744,BLOCKED_AFDB_STRUCTURE_FETCH_FAILED
O64174,0,0,0,0,0,0,20.788560390472412,BLOCKED_AFDB_STRUCTURE_FETCH_FAILED
O64238,0,0,0,0,0,0,2.0918490886688232,BLOCKED_AFDB_STRUCTURE_FETCH_FAILED
O64240,0,0,0,0,0,0,1.9461455345153809,BLOCKED_AFDB_STRUCTURE_FETCH_FAILED
O64900,0,0,0,0,0,0,2.7162530422210693,BLOCKED_AFDB_STRUCTURE_FETCH_FAILED
O65316,0,0,0,0,0,0,1.6302647590637207,BLOCKED_AFDB_STRUCTURE_FETCH_FAILED
O66462,0,0,0,0,0,0,5.253610134124756,BLOCKED_AFDB_P2RANK_NO_POCKET
O66615,0,0,0,0,0,0,7.24170708656311,PASS_AFDB_P2RANK_PREDICTED_POCKET_D4_LOADER
O67139,0,0,0,0,0,0,1.5725383758544922,BLOCKED_AFDB_STRUCTURE_FETCH_FAILED
O67339,0,0,0,0,0,0,6.612043857574463,BLOCKED_AFDB_P2RANK_NO_POCKET
O67388,0,0,0,0,0,0,5.5347654819488525,BLOCKED_AFDB_P2RANK_NO_POCKET
O67441,0,0,0,0,0,0,2.880136251449585,BLOCKED_AFDB_STRUCTURE_FETCH_FAILED
O68196,0,0,0,0,0,0,6.790063858032227,PASS_AFDB_P2RANK_PREDICTED_POCKET_D4_LOADER
O69407,0,0,0,0,0,0,1.5718021392822266,BLOCKED_AFDB_STRUCTURE_FETCH_FAILED
O69652,0,0,0,0,0,0,8.500820398330688,PASS_AFDB_P2RANK_PREDICTED_POCKET_D4_LOADER
O69783,0,0,0,0,0,0,1.594878911972046,BLOCKED_AFDB_STRUCTURE_FETCH_FAILED
O70325,0,0,0,0,0,0,1.6623382568359375,BLOCKED_AFDB_STRUCTURE_FETCH_FAILED
O70489,0,0,0,0,0,0,7.781275272369385,PASS_AFDB_P2RANK_PREDICTED_POCKET_D4_LOADER
O71028,0,0,0,0,0,0,1.9105908870697021,BLOCKED_AFDB_STRUCTURE_FETCH_FAILED
O71153,0,0,0,0,0,0,1.974419116973877,BLOCKED_AFDB_STRUCTURE_FETCH_FAILED
O72904,0,0,0,0,0,0,1.640653371810913,BLOCKED_AFDB_STRUCTURE_FETCH_FAILED
O72907,0,0,0,0,0,0,1.6199848651885986,BLOCKED_AFDB_STRUCTURE_FETCH_FAILED
O72908,0,0,0,0,0,0,2.4019815921783447,BLOCKED_AFDB_STRUCTURE_FETCH_FAILED
O74794,0,0,0,0,0,0,8.430693626403809,PASS_AFDB_P2RANK_PREDICTED_POCKET_D4_LOADER
O74827,0,0,0,0,0,0,7.324036359786987,PASS_AFDB_P2RANK_PREDICTED_POCKET_D4_LOADER
O75884,0,0,0,0,0,0,7.361385107040405,PASS_AFDB_P2RANK_PREDICTED_POCKET_D4_LOADER
O76460,0,0,0,0,0,0,9.655797243118286,PASS_AFDB_P2RANK_PREDICTED_POCKET_D4_LOADER
O77622,0,0,0,0,0,0,8.594752550125122,PASS_AFDB_P2RANK_PREDICTED_POCKET_D4_LOADER
O83386,0,0,0,0,0,0,1.6342341899871826,BLOCKED_AFDB_STRUCTURE_FETCH_FAILED
O83432,0,0,0,0,0,0,2.5558338165283203,BLOCKED_AFDB_STRUCTURE_FETCH_FAILED
O83571,0,0,0,0,0,0,1.616978406906128,BLOCKED_AFDB_STRUCTURE_FETCH_FAILED
O83759,0,0,0,0,0,0,2.1473357677459717,BLOCKED_AFDB_STRUCTURE_FETCH_FAILED
O83774,0,0,0,0,0,0,3.1248786449432373,BLOCKED_AFDB_STRUCTURE_FETCH_FAILED
O83982,0,0,0,0,0,0,5.535323619842529,BLOCKED_AFDB_P2RANK_NO_POCKET
O84005,0,0,0,0,0,0,5.22149920463562,BLOCKED_AFDB_P2RANK_NO_POCKET
O84378,0,0,0,0,0,0,7.451275587081909,PASS_AFDB_P2RANK_PREDICTED_POCKET_D4_LOADER
O86186,0,0,0,0,0,0,1.6467187404632568,BLOCKED_AFDB_STRUCTURE_FETCH_FAILED
O86535,0,0,0,0,0,0,6.502216100692749,BLOCKED_AFDB_P2RANK_NO_POCKET
O86722,0,0,0,0,0,0,5.434330701828003,BLOCKED_AFDB_P2RANK_NO_POCKET
O87278,0,0,0,0,0,0,8.699896335601807,PASS_AFDB_P2RANK_PREDICTED_POCKET_D4_LOADER
O87400,0,0,0,0,0,0,5.326300621032715,BLOCKED_AFDB_P2RANK_NO_POCKET
O87790,0,0,0,0,0,0,1.6276130676269531,BLOCKED_AFDB_STRUCTURE_FETCH_FAILED
O88350,0,0,0,0,0,0,7.344082832336426,PASS_AFDB_P2RANK_PREDICTED_POCKET_D4_LOADER
O88426,0,0,0,0,0,0,7.695379257202148,PASS_AFDB_P2RANK_PREDICTED_POCKET_D4_LOADER
O88483,0,0,0,0,0,0,8.554375886917114,PASS_AFDB_P2RANK_PREDICTED_POCKET_D4_LOADER
O88484,0,0,0,0,0,0,8.641606092453003,PASS_AFDB_P2RANK_PREDICTED_POCKET_D4_LOADER
O88851,0,0,0,0,0,0,7.370041608810425,PASS_AFDB_P2RANK_PREDICTED_POCKET_D4_LOADER
O88895,0,0,0,0,0,0,8.34471583366394,PASS_AFDB_P2RANK_PREDICTED_POCKET_D4_LOADER
O89049,0,0,0,0,0,0,1.566925048828125,BLOCKED_AFDB_STRUCTURE_FETCH_FAILED
O91254,0,0,0,0,0,0,1.636348009109497,BLOCKED_AFDB_STRUCTURE_FETCH_FAILED
O91262,0,0,0,0,0,0,1.7001523971557617,BLOCKED_AFDB_STRUCTURE_FETCH_FAILED
O91729,0,0,0,0,0,0,6.821486949920654,BLOCKED_AFDB_STRUCTURE_FETCH_FAILED
O92367,0,0,0,0,0,0,1.574174165725708,BLOCKED_AFDB_STRUCTURE_FETCH_FAILED
O92490,0,0,0,0,0,0,1.6079902648925781,BLOCKED_AFDB_STRUCTURE_FETCH_FAILED
O93257,0,0,0,0,0,0,9.232375621795654,PASS_AFDB_P2RANK_PREDICTED_POCKET_D4_LOADER
O93658,0,0,0,0,0,0,2.204850196838379,BLOCKED_AFDB_STRUCTURE_FETCH_FAILED
O93661,0,0,0,0,0,0,1.6257500648498535,BLOCKED_AFDB_STRUCTURE_FETCH_FAILED
O94453,0,0,0,0,0,0,7.968638896942139,PASS_AFDB_P2RANK_PREDICTED_POCKET_D4_LOADER
O94524,0,0,0,0,0,0,8.291132688522339,PASS_AFDB_P2RANK_PREDICTED_POCKET_D4_LOADER
O94642,0,0,0,0,0,0,8.219243288040161,PASS_AFDB_P2RANK_PREDICTED_POCKET_D4_LOADER
O94727,0,0,0,0,0,0,9.497642278671265,PASS_AFDB_P2RANK_PREDICTED_POCKET_D4_LOADER
O95427,0,0,0,0,0,0,10.119354963302612,PASS_AFDB_P2RANK_PREDICTED_POCKET_D4_LOADER
O95786,0,0,0,0,0,0,9.691351652145386,PASS_AFDB_P2RANK_PREDICTED_POCKET_D4_LOADER
O96720,0,0,0,0,0,0,8.082120895385742,PASS_AFDB_P2RANK_PREDICTED_POCKET_D4_LOADER
O98360,0,0,0,0,0,0,2.0901296138763428,BLOCKED_AFDB_STRUCTURE_FETCH_FAILED
O98668,0,0,0,0,0,0,1.5738039016723633,BLOCKED_AFDB_STRUCTURE_FETCH_FAILED
O98766,0,0,0,0,0,0,1.667853593826294,BLOCKED_AFDB_STRUCTURE_FETCH_FAILED
O98883,0,0,0,0,0,0,1.5757861137390137,BLOCKED_AFDB_STRUCTURE_FETCH_FAILED
O99001,0,0,0,0,0,0,1.5786900520324707,BLOCKED_AFDB_STRUCTURE_FETCH_FAILED
P00325,0,0,0,0,0,0,7.831721544265747,PASS_AFDB_P2RANK_PREDICTED_POCKET_D4_LOADER
P00346,0,0,0,0,0,0,2.034648895263672,BLOCKED_AFDB_STRUCTURE_FETCH_FAILED
P00368,0,0,0,0,0,0,1.5622084140777588,BLOCKED_AFDB_STRUCTURE_FETCH_FAILED
P00383,0,0,0,0,0,0,5.471314907073975,BLOCKED_AFDB_P2RANK_NO_POCKET
P00384,0,0,0,0,0,0,5.104986190795898,BLOCKED_AFDB_P2RANK_NO_POCKET
P00435,0,0,0,0,0,0,1.702998399734497,BLOCKED_AFDB_STRUCTURE_FETCH_FAILED
P00471,0,0,0,0,0,0,1.9140992164611816,BLOCKED_AFDB_STRUCTURE_FETCH_FAILED
P00476,0,0,0,0,0,0,1.676013708114624,BLOCKED_AFDB_STRUCTURE_FETCH_FAILED
P00488,0,0,0,0,0,0,9.501277446746826,PASS_AFDB_P2RANK_PREDICTED_POCKET_D4_LOADER
P00513,0,0,0,0,0,0,1.5975558757781982,BLOCKED_AFDB_STRUCTURE_FETCH_FAILED
P00521,0,0,0,0,0,0,1.6234338283538818,BLOCKED_AFDB_STRUCTURE_FETCH_FAILED
P00524,0,0,0,0,0,0,1.6059577465057373,BLOCKED_AFDB_STRUCTURE_FETCH_FAILED
P00525,0,0,0,0,0,0,1.5806052684783936,BLOCKED_AFDB_STRUCTURE_FETCH_FAILED
P00526,0,0,0,0,0,0,1.5904276371002197,BLOCKED_AFDB_STRUCTURE_FETCH_FAILED
P00527,0,0,0,0,0,0,1.9081051349639893,BLOCKED_AFDB_STRUCTURE_FETCH_FAILED
P00529,0,0,0,0,0,0,1.7097575664520264,BLOCKED_AFDB_STRUCTURE_FETCH_FAILED
P00530,0,0,0,0,0,0,1.6534183025360107,BLOCKED_AFDB_STRUCTURE_FETCH_FAILED
P00531,0,0,0,0,0,0,1.5811057090759277,BLOCKED_AFDB_STRUCTURE_FETCH_FAILED
P00532,0,0,0,0,0,0,1.6802504062652588,BLOCKED_AFDB_STRUCTURE_FETCH_FAILED
P00534,0,0,0,0,0,0,1.586191177368164,BLOCKED_AFDB_STRUCTURE_FETCH_FAILED
P00535,0,0,0,0,0,0,1.6036322116851807,BLOCKED_AFDB_STRUCTURE_FETCH_FAILED
P00537,0,0,0,0,0,0,1.5803439617156982,BLOCKED_AFDB_STRUCTURE_FETCH_FAILED
P00538,0,0,0,0,0,0,1.596522569656372,BLOCKED_AFDB_STRUCTURE_FETCH_FAILED
P00541,0,0,0,0,0,0,1.8872787952423096,BLOCKED_AFDB_STRUCTURE_FETCH_FAILED
P00542,0,0,0,0,0,0,1.5949621200561523,BLOCKED_AFDB_STRUCTURE_FETCH_FAILED
P00543,0,0,0,0,0,0,1.666050910949707,BLOCKED_AFDB_STRUCTURE_FETCH_FAILED
P00545,0,0,0,0,0,0,1.6882421970367432,BLOCKED_AFDB_STRUCTURE_FETCH_FAILED
P00587,0,0,0,0,0,0,1.6379258632659912,BLOCKED_AFDB_STRUCTURE_FETCH_FAILED
P00588,0,0,0,0,0,0,1.6526968479156494,BLOCKED_AFDB_STRUCTURE_FETCH_FAILED
P00629,0,0,0,0,0,0,7.08980655670166,PASS_AFDB_P2RANK_PREDICTED_POCKET_D4_LOADER
P00814,0,0,0,0,0,0,1.6819145679473877,BLOCKED_AFDB_STRUCTURE_FETCH_FAILED
P00863,0,0,0,0,0,0,4.833146095275879,BLOCKED_AFDB_P2RANK_NO_POCKET
P00917,0,0,0,0,0,0,1.801694631576538,BLOCKED_AFDB_STRUCTURE_FETCH_FAILED
P01113,0,0,0,0,0,0,1.6104400157928467,BLOCKED_AFDB_STRUCTURE_FETCH_FAILED
P01114,0,0,0,0,0,0,1.6351158618927002,BLOCKED_AFDB_STRUCTURE_FETCH_FAILED
P01115,0,0,0,0,0,0,1.6605205535888672,BLOCKED_AFDB_STRUCTURE_FETCH_FAILED
P01117,0,0,0,0,0,0,1.9085900783538818,BLOCKED_AFDB_STRUCTURE_FETCH_FAILED
P02552,0,0,0,0,0,0,8.324089288711548,PASS_AFDB_P2RANK_PREDICTED_POCKET_D4_LOADER
P02580,0,0,0,0,0,0,1.7043349742889404,BLOCKED_AFDB_STRUCTURE_FETCH_FAILED
P02581,0,0,0,0,0,0,1.5526604652404785,BLOCKED_AFDB_STRUCTURE_FETCH_FAILED
P02904,0,0,0,0,0,0,5.472758769989014,BLOCKED_AFDB_P2RANK_NO_POCKET
P03006,0,0,0,0,0,0,5.8144471645355225,BLOCKED_AFDB_STRUCTURE_FETCH_FAILED
P03018,0,0,0,0,0,0,9.291332483291626,PASS_AFDB_P2RANK_PREDICTED_POCKET_D4_LOADER
P03070,0,0,0,0,0,0,1.646939754486084,BLOCKED_AFDB_STRUCTURE_FETCH_FAILED
P03071,0,0,0,0,0,0,2.7992923259735107,BLOCKED_AFDB_STRUCTURE_FETCH_FAILED
P03072,0,0,0,0,0,0,1.5876398086547852,BLOCKED_AFDB_STRUCTURE_FETCH_FAILED
P03073,0,0,0,0,0,0,1.6520624160766602,BLOCKED_AFDB_STRUCTURE_FETCH_FAILED
P03075,0,0,0,0,0,0,1.6874306201934814,BLOCKED_AFDB_STRUCTURE_FETCH_FAILED
P03111,0,0,0,0,0,0,1.9634919166564941,BLOCKED_AFDB_STRUCTURE_FETCH_FAILED
P03112,0,0,0,0,0,0,1.650468111038208,BLOCKED_AFDB_STRUCTURE_FETCH_FAILED
P03113,0,0,0,0,0,0,1.6041405200958252,BLOCKED_AFDB_STRUCTURE_FETCH_FAILED
P03114,0,0,0,0,0,0,1.611387014389038,BLOCKED_AFDB_STRUCTURE_FETCH_FAILED
P03116,0,0,0,0,0,0,1.5849697589874268,BLOCKED_AFDB_STRUCTURE_FETCH_FAILED
P03117,0,0,0,0,0,0,1.5430030822753906,BLOCKED_AFDB_STRUCTURE_FETCH_FAILED
P03132,0,0,0,0,0,0,1.5662071704864502,BLOCKED_AFDB_STRUCTURE_FETCH_FAILED
P03133,0,0,0,0,0,0,1.5571815967559814,BLOCKED_AFDB_STRUCTURE_FETCH_FAILED
P03134,0,0,0,0,0,0,1.6501214504241943,BLOCKED_AFDB_STRUCTURE_FETCH_FAILED
P03177,0,0,0,0,0,0,1.7446537017822266,BLOCKED_AFDB_STRUCTURE_FETCH_FAILED
P03190,0,0,0,0,0,0,1.6331455707550049,BLOCKED_AFDB_STRUCTURE_FETCH_FAILED
P03195,0,0,0,0,0,0,1.590703010559082,BLOCKED_AFDB_STRUCTURE_FETCH_FAILED
P03318,0,0,0,0,0,0,1.9362056255340576,BLOCKED_AFDB_STRUCTURE_FETCH_FAILED
P03465,0,0,0,0,0,0,1.5729587078094482,BLOCKED_AFDB_STRUCTURE_FETCH_FAILED
P03692,0,0,0,0,0,0,1.9541735649108887,BLOCKED_AFDB_STRUCTURE_FETCH_FAILED
P03707,0,0,0,0,0,0,1.6213955879211426,BLOCKED_AFDB_STRUCTURE_FETCH_FAILED
P03763,0,0,0,0,0,0,1.6696116924285889,BLOCKED_AFDB_STRUCTURE_FETCH_FAILED
P03772,0,0,0,0,0,0,1.6388270854949951,BLOCKED_AFDB_STRUCTURE_FETCH_FAILED
P03781,0,0,0,0,0,0,1.6708920001983643,BLOCKED_AFDB_STRUCTURE_FETCH_FAILED
P04008,0,0,0,0,0,0,2.5175812244415283,BLOCKED_AFDB_STRUCTURE_FETCH_FAILED
P04014,0,0,0,0,0,0,1.5742905139923096,BLOCKED_AFDB_STRUCTURE_FETCH_FAILED
P04021,0,0,0,0,0,0,1.548861026763916,BLOCKED_AFDB_STRUCTURE_FETCH_FAILED
P04024,0,0,0,0,0,0,1.5903370380401611,BLOCKED_AFDB_STRUCTURE_FETCH_FAILED
P04041,0,0,0,0,0,0,1.6846914291381836,BLOCKED_AFDB_STRUCTURE_FETCH_FAILED
P04048,0,0,0,0,0,0,1.591632604598999,BLOCKED_AFDB_STRUCTURE_FETCH_FAILED
P04290,0,0,0,0,0,0,1.5906403064727783,BLOCKED_AFDB_STRUCTURE_FETCH_FAILED
P04298,0,0,0,0,0,0,1.5819900035858154,BLOCKED_AFDB_STRUCTURE_FETCH_FAILED
P04311,0,0,0,0,0,0,1.6577458381652832,BLOCKED_AFDB_STRUCTURE_FETCH_FAILED
P04362,0,0,0,0,0,0,6.549777507781982,PASS_AFDB_P2RANK_PREDICTED_POCKET_D4_LOADER
P04363,0,0,0,0,0,0,1.6477396488189697,BLOCKED_AFDB_STRUCTURE_FETCH_FAILED
P04382,0,0,0,0,0,0,1.86680006980896,BLOCKED_AFDB_STRUCTURE_FETCH_FAILED
P04392,0,0,0,0,0,0,1.5793139934539795,BLOCKED_AFDB_STRUCTURE_FETCH_FAILED
P04407,0,0,0,0,0,0,1.6671805381774902,BLOCKED_AFDB_STRUCTURE_FETCH_FAILED
P04408,0,0,0,0,0,0,1.5595214366912842,BLOCKED_AFDB_STRUCTURE_FETCH_FAILED
P04413,0,0,0,0,0,0,1.6017587184906006,BLOCKED_AFDB_STRUCTURE_FETCH_FAILED
P04418,0,0,0,0,0,0,1.5776455402374268,BLOCKED_AFDB_STRUCTURE_FETCH_FAILED
P04531,0,0,0,0,0,0,3.2679028511047363,BLOCKED_AFDB_STRUCTURE_FETCH_FAILED
P04533,0,0,0,0,0,0,1.6792171001434326,BLOCKED_AFDB_STRUCTURE_FETCH_FAILED
P04972,0,0,0,0,0,0,5.6050262451171875,BLOCKED_AFDB_P2RANK_NO_POCKET
P05079,0,0,0,0,0,0,1.6716771125793457,BLOCKED_AFDB_STRUCTURE_FETCH_FAILED
P05699,0,0,0,0,0,0,4.852640151977539,BLOCKED_AFDB_P2RANK_NO_POCKET
P05794,0,0,0,0,0,0,5.043813705444336,BLOCKED_AFDB_P2RANK_NO_POCKET
P05807,0,0,0,0,0,0,2.678006887435913,BLOCKED_AFDB_STRUCTURE_FETCH_FAILED
P06018,0,0,0,0,0,0,1.5748701095581055,BLOCKED_AFDB_STRUCTURE_FETCH_FAILED
P06420,0,0,0,0,0,0,1.6697707176208496,BLOCKED_AFDB_STRUCTURE_FETCH_FAILED
P06421,0,0,0,0,0,0,1.5785069465637207,BLOCKED_AFDB_STRUCTURE_FETCH_FAILED
P06431,0,0,0,0,0,0,1.9079289436340332,BLOCKED_AFDB_STRUCTURE_FETCH_FAILED
P06474,0,0,0,0,0,0,1.6392195224761963,BLOCKED_AFDB_STRUCTURE_FETCH_FAILED
P06478,0,0,0,0,0,0,1.6043083667755127,BLOCKED_AFDB_STRUCTURE_FETCH_FAILED
P06479,0,0,0,0,0,0,1.9439435005187988,BLOCKED_AFDB_STRUCTURE_FETCH_FAILED
P06634,0,0,0,0,0,0,9.14913535118103,PASS_AFDB_P2RANK_PREDICTED_POCKET_D4_LOADER
P06789,0,0,0,0,0,0,1.5689401626586914,BLOCKED_AFDB_STRUCTURE_FETCH_FAILED
P06854,0,0,0,0,0,0,1.6613259315490723,BLOCKED_AFDB_STRUCTURE_FETCH_FAILED
P06855,0,0,0,0,0,0,3.374948263168335,BLOCKED_AFDB_STRUCTURE_FETCH_FAILED
P06920,0,0,0,0,0,0,1.8534374237060547,BLOCKED_AFDB_STRUCTURE_FETCH_FAILED
P07071,0,0,0,0,0,0,1.9267687797546387,BLOCKED_AFDB_STRUCTURE_FETCH_FAILED
P07169,0,0,0,0,0,0,7.795307397842407,PASS_AFDB_P2RANK_PREDICTED_POCKET_D4_LOADER
P07203,0,0,0,0,0,0,1.5453219413757324,BLOCKED_AFDB_STRUCTURE_FETCH_FAILED
P07239,0,0,0,0,0,0,1.984633207321167,BLOCKED_AFDB_STRUCTURE_FETCH_FAILED
P07271,0,0,0,0,0,0,10.392066717147827,PASS_AFDB_P2RANK_PREDICTED_POCKET_D4_LOADER
P07296,0,0,0,0,0,0,1.6529147624969482,BLOCKED_AFDB_STRUCTURE_FETCH_FAILED
P07297,0,0,0,0,0,0,1.639085292816162,BLOCKED_AFDB_STRUCTURE_FETCH_FAILED
P07298,0,0,0,0,0,0,1.8822851181030273,BLOCKED_AFDB_STRUCTURE_FETCH_FAILED
P07299,0,0,0,0,0,0,1.564324140548706,BLOCKED_AFDB_STRUCTURE_FETCH_FAILED
P07300,0,0,0,0,0,0,1.634286880493164,BLOCKED_AFDB_STRUCTURE_FETCH_FAILED
P07331,0,0,0,0,0,0,1.6760687828063965,BLOCKED_AFDB_STRUCTURE_FETCH_FAILED
P07541,0,0,0,0,0,0,1.6271765232086182,BLOCKED_AFDB_STRUCTURE_FETCH_FAILED
P07570,0,0,0,0,0,0,1.65628981590271,BLOCKED_AFDB_STRUCTURE_FETCH_FAILED
P07605,0,0,0,0,0,0,1.658390998840332,BLOCKED_AFDB_STRUCTURE_FETCH_FAILED
P07606,0,0,0,0,0,0,1.8450469970703125,BLOCKED_AFDB_STRUCTURE_FETCH_FAILED
P07617,0,0,0,0,0,0,1.5976777076721191,BLOCKED_AFDB_STRUCTURE_FETCH_FAILED
P07658,0,0,0,0,0,0,1.6218945980072021,BLOCKED_AFDB_STRUCTURE_FETCH_FAILED
P07686,0,0,0,0,0,0,8.768653392791748,PASS_AFDB_P2RANK_PREDICTED_POCKET_D4_LOADER
P07693,0,0,0,0,0,0,1.6449306011199951,BLOCKED_AFDB_STRUCTURE_FETCH_FAILED
P07966,0,0,0,0,0,0,1.6389436721801758,BLOCKED_AFDB_STRUCTURE_FETCH_FAILED
P07967,0,0,0,0,0,0,1.5642399787902832,BLOCKED_AFDB_STRUCTURE_FETCH_FAILED
P07968,0,0,0,0,0,0,1.611433744430542,BLOCKED_AFDB_STRUCTURE_FETCH_FAILED
P07970,0,0,0,0,0,0,2.6090924739837646,BLOCKED_AFDB_STRUCTURE_FETCH_FAILED
P07971,0,0,0,0,0,0,1.6756880283355713,BLOCKED_AFDB_STRUCTURE_FETCH_FAILED
P07973,0,0,0,0,0,0,20.799652099609375,BLOCKED_AFDB_STRUCTURE_FETCH_FAILED
P07974,0,0,0,0,0,0,1.6198217868804932,BLOCKED_AFDB_STRUCTURE_FETCH_FAILED
P07975,0,0,0,0,0,0,21.234479665756226,BLOCKED_AFDB_STRUCTURE_FETCH_FAILED
P08110,0,0,0,0,0,0,10.120547771453857,PASS_AFDB_P2RANK_PREDICTED_POCKET_D4_LOADER
P08113,0,0,0,0,0,0,10.581753969192505,PASS_AFDB_P2RANK_PREDICTED_POCKET_D4_LOADER
P08298,0,0,0,0,0,0,9.518325567245483,PASS_AFDB_P2RANK_PREDICTED_POCKET_D4_LOADER
P08333,0,0,0,0,0,0,1.6618366241455078,BLOCKED_AFDB_STRUCTURE_FETCH_FAILED
P08344,0,0,0,0,0,0,1.7580444812774658,BLOCKED_AFDB_STRUCTURE_FETCH_FAILED
P08358,0,0,0,0,0,0,3.5913515090942383,BLOCKED_AFDB_STRUCTURE_FETCH_FAILED
P08455,0,0,0,0,0,0,7.933136701583862,PASS_AFDB_P2RANK_PREDICTED_POCKET_D4_LOADER
P08686,0,0,0,0,0,0,8.468652248382568,PASS_AFDB_P2RANK_PREDICTED_POCKET_D4_LOADER
P08712,0,0,0,0,0,0,8.52829885482788,PASS_AFDB_P2RANK_PREDICTED_POCKET_D4_LOADER
P08763,0,0,0,0,0,0,2.767927885055542,BLOCKED_AFDB_STRUCTURE_FETCH_FAILED
P08773,0,0,0,0,0,0,1.6391432285308838,BLOCKED_AFDB_STRUCTURE_FETCH_FAILED
P08794,0,0,0,0,0,0,1.9171078205108643,BLOCKED_AFDB_STRUCTURE_FETCH_FAILED
P09174,0,0,0,0,0,0,5.959447860717773,BLOCKED_AFDB_P2RANK_NO_POCKET
P09247,0,0,0,0,0,0,1.6546921730041504,BLOCKED_AFDB_STRUCTURE_FETCH_FAILED
P09248,0,0,0,0,0,0,1.6186647415161133,BLOCKED_AFDB_STRUCTURE_FETCH_FAILED
P09249,0,0,0,0,0,0,1.8899357318878174,BLOCKED_AFDB_STRUCTURE_FETCH_FAILED
P09250,0,0,0,0,0,0,2.2603185176849365,BLOCKED_AFDB_STRUCTURE_FETCH_FAILED
P09251,0,0,0,0,0,0,1.9355828762054443,BLOCKED_AFDB_STRUCTURE_FETCH_FAILED
P09254,0,0,0,0,0,0,1.763746976852417,BLOCKED_AFDB_STRUCTURE_FETCH_FAILED
P09296,0,0,0,0,0,0,1.5752301216125488,BLOCKED_AFDB_STRUCTURE_FETCH_FAILED
P09389,0,0,0,0,0,0,1.9889240264892578,BLOCKED_AFDB_STRUCTURE_FETCH_FAILED
P09503,0,0,0,0,0,0,1.5587868690490723,BLOCKED_AFDB_STRUCTURE_FETCH_FAILED
P09915,0,0,0,0,0,0,1.6322224140167236,BLOCKED_AFDB_STRUCTURE_FETCH_FAILED
P0A229,0,0,0,0,0,0,5.4994378089904785,BLOCKED_AFDB_P2RANK_NO_POCKET
P0A230,0,0,0,0,0,0,5.214493751525879,BLOCKED_AFDB_P2RANK_NO_POCKET
P0A251,0,0,0,0,0,0,7.415444850921631,PASS_AFDB_P2RANK_PREDICTED_POCKET_D4_LOADER
P0A3F8,0,0,0,0,0,0,9.399421691894531,PASS_AFDB_P2RANK_PREDICTED_POCKET_D4_LOADER
P0A3F9,0,0,0,0,0,0,8.22212529182434,PASS_AFDB_P2RANK_PREDICTED_POCKET_D4_LOADER
P0A3W0,0,0,0,0,0,0,10.195412635803223,PASS_AFDB_P2RANK_PREDICTED_POCKET_D4_LOADER
P0A3W1,0,0,0,0,0,0,9.666066408157349,PASS_AFDB_P2RANK_PREDICTED_POCKET_D4_LOADER
P0A435,0,0,0,0,0,0,9.274529933929443,BLOCKED_AFDB_P2RANK_NO_POCKET
P0A436,0,0,0,0,0,0,5.375918626785278,BLOCKED_AFDB_P2RANK_NO_POCKET
P0A437,0,0,0,0,0,0,5.1450254917144775,BLOCKED_AFDB_P2RANK_NO_POCKET
P0A4R3,0,0,0,0,0,0,6.763855695724487,PASS_AFDB_P2RANK_PREDICTED_POCKET_D4_LOADER
P0A4U0,0,0,0,0,0,0,5.65450644493103,BLOCKED_AFDB_P2RANK_NO_POCKET
P0A4U1,0,0,0,0,0,0,5.315640926361084,BLOCKED_AFDB_P2RANK_NO_POCKET
P0A513,0,0,0,0,0,0,8.440754890441895,PASS_AFDB_P2RANK_PREDICTED_POCKET_D4_LOADER
P0A577,0,0,0,0,0,0,7.688626527786255,PASS_AFDB_P2RANK_PREDICTED_POCKET_D4_LOADER
P0A5S3,0,0,0,0,0,0,5.308160781860352,BLOCKED_AFDB_P2RANK_NO_POCKET
P0A663,0,0,0,0,0,0,5.582901239395142,BLOCKED_AFDB_P2RANK_NO_POCKET
P0A677,0,0,0,0,0,0,5.267616271972656,BLOCKED_AFDB_P2RANK_NO_POCKET
P0A6N2,0,0,0,0,0,0,8.178323984146118,PASS_AFDB_P2RANK_PREDICTED_POCKET_D4_LOADER
P0A6N3,0,0,0,0,0,0,8.045988082885742,PASS_AFDB_P2RANK_PREDICTED_POCKET_D4_LOADER
P0A791,0,0,0,0,0,0,5.304156303405762,BLOCKED_AFDB_P2RANK_NO_POCKET
P0A8N7,0,0,0,0,0,0,7.955996751785278,PASS_AFDB_P2RANK_PREDICTED_POCKET_D4_LOADER
P0A9I8,0,0,0,0,0,0,5.3668248653411865,BLOCKED_AFDB_P2RANK_NO_POCKET
P0A9I9,0,0,0,0,0,0,5.603601932525635,BLOCKED_AFDB_P2RANK_NO_POCKET
P0A9P6,0,0,0,0,0,0,9.215350151062012,PASS_AFDB_P2RANK_PREDICTED_POCKET_D4_LOADER
P0ACX7,0,0,0,0,0,0,5.122859477996826,BLOCKED_AFDB_P2RANK_NO_POCKET
P0ADF9,0,0,0,0,0,0,7.209506034851074,PASS_AFDB_P2RANK_PREDICTED_POCKET_D4_LOADER
P0ADG1,0,0,0,0,0,0,5.296203374862671,BLOCKED_AFDB_P2RANK_NO_POCKET
P0ADG2,0,0,0,0,0,0,5.095706462860107,BLOCKED_AFDB_P2RANK_NO_POCKET
P0ADG3,0,0,0,0,0,0,5.167231559753418,BLOCKED_AFDB_P2RANK_NO_POCKET
P0AFC3,0,0,0,0,0,0,8.897868394851685,PASS_AFDB_P2RANK_PREDICTED_POCKET_D4_LOADER
P0AFC4,0,0,0,0,0,0,6.211357593536377,BLOCKED_AFDB_P2RANK_NO_POCKET
P0AFE5,0,0,0,0,0,0,5.536677360534668,BLOCKED_AFDB_P2RANK_NO_POCKET
P0AFJ1,0,0,0,0,0,0,5.250943899154663,BLOCKED_AFDB_P2RANK_NO_POCKET
P0AFJ2,0,0,0,0,0,0,5.595383882522583,BLOCKED_AFDB_P2RANK_NO_POCKET
P0AFJ3,0,0,0,0,0,0,5.451734781265259,BLOCKED_AFDB_P2RANK_NO_POCKET
P0AFJ4,0,0,0,0,0,0,6.2682204246521,BLOCKED_AFDB_P2RANK_NO_POCKET
P0AFR4,0,0,0,0,0,0,7.699541091918945,PASS_AFDB_P2RANK_PREDICTED_POCKET_D4_LOADER
P0AFR5,0,0,0,0,0,0,7.605665683746338,PASS_AFDB_P2RANK_PREDICTED_POCKET_D4_LOADER
P0AFR6,0,0,0,0,0,0,7.678314685821533,PASS_AFDB_P2RANK_PREDICTED_POCKET_D4_LOADER
P0AGG5,0,0,0,0,0,0,5.677942752838135,BLOCKED_AFDB_P2RANK_NO_POCKET
P0AGG6,0,0,0,0,0,0,6.135719299316406,BLOCKED_AFDB_P2RANK_NO_POCKET
P0AGG7,0,0,0,0,0,0,5.91982626914978,BLOCKED_AFDB_P2RANK_NO_POCKET
P0C025,0,0,0,0,0,0,7.922181129455566,PASS_AFDB_P2RANK_PREDICTED_POCKET_D4_LOADER
P0C0E4,0,0,0,0,0,0,9.227438926696777,PASS_AFDB_P2RANK_PREDICTED_POCKET_D4_LOADER
P0C0E6,0,0,0,0,0,0,1.6611804962158203,BLOCKED_AFDB_STRUCTURE_FETCH_FAILED
P0C0N0,0,0,0,0,0,0,5.147232532501221,BLOCKED_AFDB_P2RANK_NO_POCKET
P0C0V4,0,0,0,0,0,0,5.13398814201355,BLOCKED_AFDB_P2RANK_NO_POCKET
P0C0V9,0,0,0,0,0,0,1.5880718231201172,BLOCKED_AFDB_STRUCTURE_FETCH_FAILED
P0C0W0,0,0,0,0,0,0,1.7441012859344482,BLOCKED_AFDB_STRUCTURE_FETCH_FAILED
P0C0W3,0,0,0,0,0,0,1.575727939605713,BLOCKED_AFDB_STRUCTURE_FETCH_FAILED
P0C0W4,0,0,0,0,0,0,1.621436357498169,BLOCKED_AFDB_STRUCTURE_FETCH_FAILED
P0C0W5,0,0,0,0,0,0,1.5525765419006348,BLOCKED_AFDB_STRUCTURE_FETCH_FAILED
P0C0W6,0,0,0,0,0,0,1.6740045547485352,BLOCKED_AFDB_STRUCTURE_FETCH_FAILED
P0C0W7,0,0,0,0,0,0,1.5518383979797363,BLOCKED_AFDB_STRUCTURE_FETCH_FAILED
P0C121,0,0,0,0,0,0,5.469412565231323,BLOCKED_AFDB_P2RANK_NO_POCKET
P0C1D5,0,0,0,0,0,0,5.381201267242432,BLOCKED_AFDB_P2RANK_NO_POCKET
P0C1G4,0,0,0,0,0,0,1.9243335723876953,BLOCKED_AFDB_STRUCTURE_FETCH_FAILED
P0C2C3,0,0,0,0,0,0,4.951282024383545,BLOCKED_AFDB_P2RANK_NO_POCKET
P0C2D1,0,0,0,0,0,0,4.941450119018555,BLOCKED_AFDB_P2RANK_NO_POCKET
P0C2D3,0,0,0,0,0,0,4.806816339492798,BLOCKED_AFDB_P2RANK_NO_POCKET
P0C2D4,0,0,0,0,0,0,1.6501929759979248,BLOCKED_AFDB_STRUCTURE_FETCH_FAILED
P0C2D5,0,0,0,0,0,0,8.67864203453064,PASS_AFDB_P2RANK_PREDICTED_POCKET_D4_LOADER
P0C2D6,0,0,0,0,0,0,4.874517917633057,BLOCKED_AFDB_P2RANK_NO_POCKET
P0C2K0,0,0,0,0,0,0,4.88043212890625,BLOCKED_AFDB_P2RANK_NO_POCKET
P0C2K1,0,0,0,0,0,0,4.793911933898926,BLOCKED_AFDB_P2RANK_NO_POCKET
P0C2K2,0,0,0,0,0,0,4.829085826873779,BLOCKED_AFDB_P2RANK_NO_POCKET
P0C2K3,0,0,0,0,0,0,4.978011846542358,BLOCKED_AFDB_P2RANK_NO_POCKET
P0C2K4,0,0,0,0,0,0,5.0398993492126465,BLOCKED_AFDB_P2RANK_NO_POCKET
P0C2K5,0,0,0,0,0,0,2.9417784214019775,BLOCKED_AFDB_STRUCTURE_FETCH_FAILED
P0C2K6,0,0,0,0,0,0,5.243912696838379,BLOCKED_AFDB_P2RANK_NO_POCKET
P0C2K7,0,0,0,0,0,0,1.546971321105957,BLOCKED_AFDB_STRUCTURE_FETCH_FAILED
P0C2K8,0,0,0,0,0,0,1.6723692417144775,BLOCKED_AFDB_STRUCTURE_FETCH_FAILED
P0C2K9,0,0,0,0,0,0,1.9153709411621094,BLOCKED_AFDB_STRUCTURE_FETCH_FAILED
P0C2L0,0,0,0,0,0,0,1.5761828422546387,BLOCKED_AFDB_STRUCTURE_FETCH_FAILED
P0C2L1,0,0,0,0,0,0,1.6687097549438477,BLOCKED_AFDB_STRUCTURE_FETCH_FAILED
P0C525,0,0,0,0,0,0,9.196622133255005,PASS_AFDB_P2RANK_PREDICTED_POCKET_D4_LOADER
P0C534,0,0,0,0,0,0,8.660148620605469,PASS_AFDB_P2RANK_PREDICTED_POCKET_D4_LOADER
P0C6L1,0,0,0,0,0,0,1.6095454692840576,BLOCKED_AFDB_STRUCTURE_FETCH_FAILED
P0C6Z8,0,0,0,0,0,0,1.7494916915893555,BLOCKED_AFDB_STRUCTURE_FETCH_FAILED
P0C701,0,0,0,0,0,0,1.5554993152618408,BLOCKED_AFDB_STRUCTURE_FETCH_FAILED
P0C702,0,0,0,0,0,0,2.275320291519165,BLOCKED_AFDB_STRUCTURE_FETCH_FAILED
P0C731,0,0,0,0,0,0,1.6890108585357666,BLOCKED_AFDB_STRUCTURE_FETCH_FAILED
P0C7K9,0,0,0,0,0,0,5.449720859527588,BLOCKED_AFDB_P2RANK_NO_POCKET
P0C8F2,0,0,0,0,0,0,1.5882821083068848,BLOCKED_AFDB_STRUCTURE_FETCH_FAILED
P0C8F3,0,0,0,0,0,0,2.8759171962738037,BLOCKED_AFDB_STRUCTURE_FETCH_FAILED
P0C8F4,0,0,0,0,0,0,1.6627328395843506,BLOCKED_AFDB_STRUCTURE_FETCH_FAILED
P0C8F9,0,0,0,0,0,0,2.9117400646209717,BLOCKED_AFDB_STRUCTURE_FETCH_FAILED
P0C8G1,0,0,0,0,0,0,1.6458404064178467,BLOCKED_AFDB_STRUCTURE_FETCH_FAILED
P0C8G2,0,0,0,0,0,0,1.6894207000732422,BLOCKED_AFDB_STRUCTURE_FETCH_FAILED
P0C8G8,0,0,0,0,0,0,1.597334384918213,BLOCKED_AFDB_STRUCTURE_FETCH_FAILED
P0C8G9,0,0,0,0,0,0,1.9246819019317627,BLOCKED_AFDB_STRUCTURE_FETCH_FAILED
P0C8H7,0,0,0,0,0,0,21.122395277023315,BLOCKED_AFDB_STRUCTURE_FETCH_FAILED
P0C8H8,0,0,0,0,0,0,1.6529247760772705,BLOCKED_AFDB_STRUCTURE_FETCH_FAILED
P0C8H9,0,0,0,0,0,0,1.58988356590271,BLOCKED_AFDB_STRUCTURE_FETCH_FAILED
P0C8I0,0,0,0,0,0,0,1.5741217136383057,BLOCKED_AFDB_STRUCTURE_FETCH_FAILED
P0C8I1,0,0,0,0,0,0,1.5986824035644531,BLOCKED_AFDB_STRUCTURE_FETCH_FAILED
P0C8I2,0,0,0,0,0,0,1.738999605178833,BLOCKED_AFDB_STRUCTURE_FETCH_FAILED
P0C8I3,0,0,0,0,0,0,1.6988317966461182,BLOCKED_AFDB_STRUCTURE_FETCH_FAILED
P0C8I4,0,0,0,0,0,0,1.6585941314697266,BLOCKED_AFDB_STRUCTURE_FETCH_FAILED
P0C8I5,0,0,0,0,0,0,1.5444538593292236,BLOCKED_AFDB_STRUCTURE_FETCH_FAILED
P0C8I6,0,0,0,0,0,0,1.8731050491333008,BLOCKED_AFDB_STRUCTURE_FETCH_FAILED
P0C8L5,0,0,0,0,0,0,1.625185489654541,BLOCKED_AFDB_STRUCTURE_FETCH_FAILED
P0C942,0,0,0,0,0,0,1.6877455711364746,BLOCKED_AFDB_STRUCTURE_FETCH_FAILED
P0C943,0,0,0,0,0,0,1.5775935649871826,BLOCKED_AFDB_STRUCTURE_FETCH_FAILED
P0C993,0,0,0,0,0,0,1.6060585975646973,BLOCKED_AFDB_STRUCTURE_FETCH_FAILED
P0C995,0,0,0,0,0,0,1.585353136062622,BLOCKED_AFDB_STRUCTURE_FETCH_FAILED
P0C9A2,0,0,0,0,0,0,1.6900973320007324,BLOCKED_AFDB_STRUCTURE_FETCH_FAILED
P0C9A4,0,0,0,0,0,0,1.6477937698364258,BLOCKED_AFDB_STRUCTURE_FETCH_FAILED
P0C9A8,0,0,0,0,0,0,1.6042711734771729,BLOCKED_AFDB_STRUCTURE_FETCH_FAILED
P0C9A9,0,0,0,0,0,0,1.6714613437652588,BLOCKED_AFDB_STRUCTURE_FETCH_FAILED
P0C9B0,0,0,0,0,0,0,1.6273012161254883,BLOCKED_AFDB_STRUCTURE_FETCH_FAILED
P0C9C3,0,0,0,0,0,0,1.6335399150848389,BLOCKED_AFDB_STRUCTURE_FETCH_FAILED
P0C9C4,0,0,0,0,0,0,2.022738456726074,BLOCKED_AFDB_STRUCTURE_FETCH_FAILED
P0C9C5,0,0,0,0,0,0,1.6847419738769531,BLOCKED_AFDB_STRUCTURE_FETCH_FAILED
P0C9E0,0,0,0,0,0,0,1.7028157711029053,BLOCKED_AFDB_STRUCTURE_FETCH_FAILED
P0C9E1,0,0,0,0,0,0,2.3145060539245605,BLOCKED_AFDB_STRUCTURE_FETCH_FAILED
P0C9E2,0,0,0,0,0,0,3.327988862991333,BLOCKED_AFDB_STRUCTURE_FETCH_FAILED
P0CAP6,0,0,0,0,0,0,1.5949196815490723,BLOCKED_AFDB_STRUCTURE_FETCH_FAILED
P0CAP7,0,0,0,0,0,0,1.594724178314209,BLOCKED_AFDB_STRUCTURE_FETCH_FAILED
P0CAR8,0,0,0,0,0,0,4.822612047195435,BLOCKED_AFDB_P2RANK_NO_POCKET
P0CAS1,0,0,0,0,0,0,6.484053373336792,PASS_AFDB_P2RANK_PREDICTED_POCKET_D4_LOADER
P0CAT0,0,0,0,0,0,0,4.691133737564087,BLOCKED_AFDB_P2RANK_NO_POCKET
P0CAT1,0,0,0,0,0,0,1.6190929412841797,BLOCKED_AFDB_STRUCTURE_FETCH_FAILED
P0CB01,0,0,0,0,0,0,5.617486238479614,BLOCKED_AFDB_P2RANK_NO_POCKET
P0CB02,0,0,0,0,0,0,7.650889873504639,BLOCKED_AFDB_P2RANK_NO_POCKET
P0CC16,0,0,0,0,0,0,4.676091432571411,BLOCKED_AFDB_P2RANK_NO_POCKET
P0CE47,0,0,0,0,0,0,7.896528720855713,PASS_AFDB_P2RANK_PREDICTED_POCKET_D4_LOADER
P0CE48,0,0,0,0,0,0,9.80598759651184,PASS_AFDB_P2RANK_PREDICTED_POCKET_D4_LOADER
P0CH86,0,0,0,0,0,0,2.3126912117004395,BLOCKED_AFDB_STRUCTURE_FETCH_FAILED
P0CJ40,0,0,0,0,0,0,4.887967824935913,BLOCKED_AFDB_P2RANK_NO_POCKET
P0CK60,0,0,0,0,0,0,1.5705184936523438,BLOCKED_AFDB_STRUCTURE_FETCH_FAILED
P0CM18,0,0,0,0,0,0,10.48897671699524,PASS_AFDB_P2RANK_PREDICTED_POCKET_D4_LOADER
P0CN22,0,0,0,0,0,0,7.379379987716675,PASS_AFDB_P2RANK_PREDICTED_POCKET_D4_LOADER
P0CN94,0,0,0,0,0,0,8.242963075637817,PASS_AFDB_P2RANK_PREDICTED_POCKET_D4_LOADER
P0CN95,0,0,0,0,0,0,7.6714677810668945,PASS_AFDB_P2RANK_PREDICTED_POCKET_D4_LOADER
P0CO50,0,0,0,0,0,0,10.373679876327515,PASS_AFDB_P2RANK_PREDICTED_POCKET_D4_LOADER
P0CO56,0,0,0,0,0,0,7.926398277282715,PASS_AFDB_P2RANK_PREDICTED_POCKET_D4_LOADER
P0CO64,0,0,0,0,0,0,9.154067277908325,PASS_AFDB_P2RANK_PREDICTED_POCKET_D4_LOADER
P0CP72,0,0,0,0,0,0,7.893108129501343,PASS_AFDB_P2RANK_PREDICTED_POCKET_D4_LOADER
P0CP74,0,0,0,0,0,0,9.655884504318237,PASS_AFDB_P2RANK_PREDICTED_POCKET_D4_LOADER
P0CQ14,0,0,0,0,0,0,7.6608312129974365,PASS_AFDB_P2RANK_PREDICTED_POCKET_D4_LOADER
P0CQ82,0,0,0,0,0,0,9.94489073753357,PASS_AFDB_P2RANK_PREDICTED_POCKET_D4_LOADER
P0CQ84,0,0,0,0,0,0,8.553326845169067,PASS_AFDB_P2RANK_PREDICTED_POCKET_D4_LOADER
P0CQ86,0,0,0,0,0,0,9.625889301300049,PASS_AFDB_P2RANK_PREDICTED_POCKET_D4_LOADER
P0CQ92,0,0,0,0,0,0,9.771669387817383,PASS_AFDB_P2RANK_PREDICTED_POCKET_D4_LOADER
P0CR08,0,0,0,0,0,0,9.18438172340393,PASS_AFDB_P2RANK_PREDICTED_POCKET_D4_LOADER
P0CR12,0,0,0,0,0,0,9.04219675064087,PASS_AFDB_P2RANK_PREDICTED_POCKET_D4_LOADER
P0CR76,0,0,0,0,0,0,9.123031616210938,PASS_AFDB_P2RANK_PREDICTED_POCKET_D4_LOADER
P0CS10,0,0,0,0,0,0,8.266621589660645,PASS_AFDB_P2RANK_PREDICTED_POCKET_D4_LOADER
P0CS80,0,0,0,0,0,0,8.107110738754272,PASS_AFDB_P2RANK_PREDICTED_POCKET_D4_LOADER
P0CU76,0,0,0,0,0,0,7.338414907455444,PASS_AFDB_P2RANK_PREDICTED_POCKET_D4_LOADER
P0CV91,0,0,0,0,0,0,4.921720504760742,BLOCKED_AFDB_P2RANK_NO_POCKET
P0DI85,0,0,0,0,0,0,4.755710124969482,BLOCKED_AFDB_P2RANK_NO_POCKET
P0DI86,0,0,0,0,0,0,4.731659889221191,BLOCKED_AFDB_P2RANK_NO_POCKET
P0DI87,0,0,0,0,0,0,4.781636476516724,BLOCKED_AFDB_P2RANK_NO_POCKET
P0DI88,0,0,0,0,0,0,4.826551198959351,BLOCKED_AFDB_P2RANK_NO_POCKET
P0DI89,0,0,0,0,0,0,4.7844038009643555,BLOCKED_AFDB_P2RANK_NO_POCKET
P0DI90,0,0,0,0,0,0,4.75482439994812,BLOCKED_AFDB_P2RANK_NO_POCKET
P0DJJ5,0,0,0,0,0,0,4.957194805145264,BLOCKED_AFDB_P2RANK_NO_POCKET
P0DJJ7,0,0,0,0,0,0,4.957324504852295,BLOCKED_AFDB_P2RANK_NO_POCKET
P0DJM5,0,0,0,0,0,0,5.592994213104248,BLOCKED_AFDB_P2RANK_NO_POCKET
P0DJM6,0,0,0,0,0,0,4.830159425735474,BLOCKED_AFDB_P2RANK_NO_POCKET
P0DJM7,0,0,0,0,0,0,4.800479888916016,BLOCKED_AFDB_P2RANK_NO_POCKET
P0DJM8,0,0,0,0,0,0,4.7375569343566895,BLOCKED_AFDB_P2RANK_NO_POCKET
P0DJM9,0,0,0,0,0,0,4.964339017868042,BLOCKED_AFDB_P2RANK_NO_POCKET
P0DJN0,0,0,0,0,0,0,4.765310287475586,BLOCKED_AFDB_P2RANK_NO_POCKET
P0DJN1,0,0,0,0,0,0,5.144374370574951,BLOCKED_AFDB_P2RANK_NO_POCKET
P0DJN3,0,0,0,0,0,0,4.764827251434326,BLOCKED_AFDB_P2RANK_NO_POCKET
P0DJN4,0,0,0,0,0,0,4.904397010803223,BLOCKED_AFDB_P2RANK_NO_POCKET
P0DJN5,0,0,0,0,0,0,4.968642234802246,BLOCKED_AFDB_P2RANK_NO_POCKET
P0DJN6,0,0,0,0,0,0,7.5149054527282715,PASS_AFDB_P2RANK_PREDICTED_POCKET_D4_LOADER
P0DJN7,0,0,0,0,0,0,7.164254426956177,PASS_AFDB_P2RANK_PREDICTED_POCKET_D4_LOADER
P0DJN8,0,0,0,0,0,0,4.741250038146973,BLOCKED_AFDB_P2RANK_NO_POCKET
P0DJP5,0,0,0,0,0,0,4.727965831756592,BLOCKED_AFDB_P2RANK_NO_POCKET
P0DJP6,0,0,0,0,0,0,4.6804656982421875,BLOCKED_AFDB_P2RANK_NO_POCKET
P0DJP7,0,0,0,0,0,0,6.4323341846466064,PASS_AFDB_P2RANK_PREDICTED_POCKET_D4_LOADER
P0DJP8,0,0,0,0,0,0,4.686113119125366,BLOCKED_AFDB_P2RANK_NO_POCKET
P0DJP9,0,0,0,0,0,0,4.798241853713989,BLOCKED_AFDB_P2RANK_NO_POCKET
P0DJQ0,0,0,0,0,0,0,4.674880027770996,BLOCKED_AFDB_P2RANK_NO_POCKET
P0DJR1,0,0,0,0,0,0,4.642916917800903,BLOCKED_AFDB_P2RANK_NO_POCKET
P0DKH4,0,0,0,0,0,0,5.218691825866699,BLOCKED_AFDB_P2RANK_NO_POCKET
P0DKR4,0,0,0,0,0,0,4.626158237457275,BLOCKED_AFDB_P2RANK_NO_POCKET
P0DKS9,0,0,0,0,0,0,5.542372226715088,BLOCKED_AFDB_P2RANK_NO_POCKET
P0DKT0,0,0,0,0,0,0,5.320653438568115,BLOCKED_AFDB_P2RANK_NO_POCKET
P0DKT6,0,0,0,0,0,0,4.827866077423096,BLOCKED_AFDB_P2RANK_NO_POCKET
P0DKT7,0,0,0,0,0,0,4.611444711685181,BLOCKED_AFDB_P2RANK_NO_POCKET
P0DKU3,0,0,0,0,0,0,4.793880224227905,BLOCKED_AFDB_P2RANK_NO_POCKET
P0DKU4,0,0,0,0,0,0,4.882106781005859,BLOCKED_AFDB_P2RANK_NO_POCKET
P0DKX1,0,0,0,0,0,0,4.792279005050659,BLOCKED_AFDB_P2RANK_NO_POCKET
P0DMB6,0,0,0,0,0,0,4.634893894195557,BLOCKED_AFDB_P2RANK_NO_POCKET
P0DMB7,0,0,0,0,0,0,4.846329212188721,BLOCKED_AFDB_P2RANK_NO_POCKET
P0DMB8,0,0,0,0,0,0,4.932156324386597,BLOCKED_AFDB_P2RANK_NO_POCKET
P0DMG8,0,0,0,0,0,0,1.8943877220153809,BLOCKED_AFDB_STRUCTURE_FETCH_FAILED
P0DMG9,0,0,0,0,0,0,1.6739752292633057,BLOCKED_AFDB_STRUCTURE_FETCH_FAILED
P0DMI1,0,0,0,0,0,0,9.654645919799805,PASS_AFDB_P2RANK_PREDICTED_POCKET_D4_LOADER
P0DMK1,0,0,0,0,0,0,5.319041967391968,BLOCKED_AFDB_P2RANK_NO_POCKET
P0DO49,0,0,0,0,0,0,8.758519172668457,PASS_AFDB_P2RANK_PREDICTED_POCKET_D4_LOADER
P0DO50,0,0,0,0,0,0,7.884446144104004,PASS_AFDB_P2RANK_PREDICTED_POCKET_D4_LOADER
P0DO52,0,0,0,0,0,0,8.628117561340332,PASS_AFDB_P2RANK_PREDICTED_POCKET_D4_LOADER
P0DO55,0,0,0,0,0,0,9.37255048751831,PASS_AFDB_P2RANK_PREDICTED_POCKET_D4_LOADER
P0DO56,0,0,0,0,0,0,8.367211818695068,PASS_AFDB_P2RANK_PREDICTED_POCKET_D4_LOADER
P0DO57,0,0,0,0,0,0,8.184747219085693,PASS_AFDB_P2RANK_PREDICTED_POCKET_D4_LOADER
P0DO58,0,0,0,0,0,0,8.07225751876831,PASS_AFDB_P2RANK_PREDICTED_POCKET_D4_LOADER
P0DO59,0,0,0,0,0,0,8.053406715393066,PASS_AFDB_P2RANK_PREDICTED_POCKET_D4_LOADER
P0DO65,0,0,0,0,0,0,8.840869665145874,PASS_AFDB_P2RANK_PREDICTED_POCKET_D4_LOADER
P0DO66,0,0,0,0,0,0,9.003681659698486,PASS_AFDB_P2RANK_PREDICTED_POCKET_D4_LOADER
P0DO67,0,0,0,0,0,0,8.26893401145935,PASS_AFDB_P2RANK_PREDICTED_POCKET_D4_LOADER
P0DO68,0,0,0,0,0,0,28.077730655670166,PASS_AFDB_P2RANK_PREDICTED_POCKET_D4_LOADER
P0DO69,0,0,0,0,0,0,7.800126552581787,PASS_AFDB_P2RANK_PREDICTED_POCKET_D4_LOADER
P0DO70,0,0,0,0,0,0,7.681303024291992,PASS_AFDB_P2RANK_PREDICTED_POCKET_D4_LOADER
P0DO71,0,0,0,0,0,0,8.937427520751953,PASS_AFDB_P2RANK_PREDICTED_POCKET_D4_LOADER
P0DO72,0,0,0,0,0,0,8.2761971950531,PASS_AFDB_P2RANK_PREDICTED_POCKET_D4_LOADER
P0DO73,0,0,0,0,0,0,8.236366987228394,PASS_AFDB_P2RANK_PREDICTED_POCKET_D4_LOADER
P0DO74,0,0,0,0,0,0,8.126075267791748,PASS_AFDB_P2RANK_PREDICTED_POCKET_D4_LOADER
P0DO75,0,0,0,0,0,0,8.461534023284912,PASS_AFDB_P2RANK_PREDICTED_POCKET_D4_LOADER
P0DO76,0,0,0,0,0,0,8.179664134979248,PASS_AFDB_P2RANK_PREDICTED_POCKET_D4_LOADER
P0DO77,0,0,0,0,0,0,9.970811605453491,PASS_AFDB_P2RANK_PREDICTED_POCKET_D4_LOADER
P0DO78,0,0,0,0,0,0,8.826366901397705,PASS_AFDB_P2RANK_PREDICTED_POCKET_D4_LOADER
P0DO79,0,0,0,0,0,0,11.009578943252563,PASS_AFDB_P2RANK_PREDICTED_POCKET_D4_LOADER
P0DO80,0,0,0,0,0,0,8.14077639579773,PASS_AFDB_P2RANK_PREDICTED_POCKET_D4_LOADER
P0DO81,0,0,0,0,0,0,7.509101629257202,PASS_AFDB_P2RANK_PREDICTED_POCKET_D4_LOADER
P0DO82,0,0,0,0,0,0,8.690857648849487,PASS_AFDB_P2RANK_PREDICTED_POCKET_D4_LOADER
P0DO83,0,0,0,0,0,0,9.221086978912354,PASS_AFDB_P2RANK_PREDICTED_POCKET_D4_LOADER
P0DO84,0,0,0,0,0,0,9.827704906463623,PASS_AFDB_P2RANK_PREDICTED_POCKET_D4_LOADER
P0DO85,0,0,0,0,0,0,8.300458669662476,PASS_AFDB_P2RANK_PREDICTED_POCKET_D4_LOADER
P0DO86,0,0,0,0,0,0,7.9180121421813965,PASS_AFDB_P2RANK_PREDICTED_POCKET_D4_LOADER
P0DO87,0,0,0,0,0,0,8.76454496383667,PASS_AFDB_P2RANK_PREDICTED_POCKET_D4_LOADER
P0DO88,0,0,0,0,0,0,8.920907497406006,PASS_AFDB_P2RANK_PREDICTED_POCKET_D4_LOADER
P0DO89,0,0,0,0,0,0,7.843677282333374,PASS_AFDB_P2RANK_PREDICTED_POCKET_D4_LOADER
P0DO90,0,0,0,0,0,0,8.290234565734863,PASS_AFDB_P2RANK_PREDICTED_POCKET_D4_LOADER
P0DO91,0,0,0,0,0,0,8.475041151046753,PASS_AFDB_P2RANK_PREDICTED_POCKET_D4_LOADER
P0DOI5,0,0,0,0,0,0,1.6878437995910645,BLOCKED_AFDB_STRUCTURE_FETCH_FAILED
P0DOI6,0,0,0,0,0,0,1.5831711292266846,BLOCKED_AFDB_STRUCTURE_FETCH_FAILED
P0DOI7,0,0,0,0,0,0,1.5718467235565186,BLOCKED_AFDB_STRUCTURE_FETCH_FAILED
P0DOJ4,0,0,0,0,0,0,1.5986506938934326,BLOCKED_AFDB_STRUCTURE_FETCH_FAILED
P0DOJ5,0,0,0,0,0,0,1.8741705417633057,BLOCKED_AFDB_STRUCTURE_FETCH_FAILED
P0DOJ6,0,0,0,0,0,0,1.611548662185669,BLOCKED_AFDB_STRUCTURE_FETCH_FAILED
P0DOL5,0,0,0,0,0,0,1.6279468536376953,BLOCKED_AFDB_STRUCTURE_FETCH_FAILED
P0DOL6,0,0,0,0,0,0,2.0000171661376953,BLOCKED_AFDB_STRUCTURE_FETCH_FAILED
P0DOM7,0,0,0,0,0,0,1.5733606815338135,BLOCKED_AFDB_STRUCTURE_FETCH_FAILED
P0DOM8,0,0,0,0,0,0,5.522573471069336,BLOCKED_AFDB_STRUCTURE_FETCH_FAILED
P0DOQ3,0,0,0,0,0,0,1.6384241580963135,BLOCKED_AFDB_STRUCTURE_FETCH_FAILED
P0DOQ4,0,0,0,0,0,0,1.5909910202026367,BLOCKED_AFDB_STRUCTURE_FETCH_FAILED
P0DOQ5,0,0,0,0,0,0,1.9037761688232422,BLOCKED_AFDB_STRUCTURE_FETCH_FAILED
P0DOQ6,0,0,0,0,0,0,1.6874613761901855,BLOCKED_AFDB_STRUCTURE_FETCH_FAILED
P0DOU5,0,0,0,0,0,0,3.140254020690918,BLOCKED_AFDB_STRUCTURE_FETCH_FAILED
P0DPQ8,0,0,0,0,0,0,7.704135179519653,PASS_AFDB_P2RANK_PREDICTED_POCKET_D4_LOADER
P0DPS2,0,0,0,0,0,0,1.5811867713928223,BLOCKED_AFDB_STRUCTURE_FETCH_FAILED
P0DPT8,0,0,0,0,0,0,4.9297990798950195,BLOCKED_AFDB_P2RANK_NO_POCKET
P0DRL0,0,0,0,0,0,0,2.240288496017456,BLOCKED_AFDB_STRUCTURE_FETCH_FAILED
P0DRM4,0,0,0,0,0,0,3.368931293487549,BLOCKED_AFDB_STRUCTURE_FETCH_FAILED
P0DSN5,0,0,0,0,0,0,4.741002321243286,BLOCKED_AFDB_P2RANK_NO_POCKET
P0DSS7,0,0,0,0,0,0,1.6269617080688477,BLOCKED_AFDB_STRUCTURE_FETCH_FAILED
P0DSS8,0,0,0,0,0,0,1.6513276100158691,BLOCKED_AFDB_STRUCTURE_FETCH_FAILED
P0DSU5,0,0,0,0,0,0,1.6026113033294678,BLOCKED_AFDB_STRUCTURE_FETCH_FAILED
P0DSU6,0,0,0,0,0,0,1.9183380603790283,BLOCKED_AFDB_STRUCTURE_FETCH_FAILED
P0DSV1,0,0,0,0,0,0,1.5500388145446777,BLOCKED_AFDB_STRUCTURE_FETCH_FAILED
P0DSV2,0,0,0,0,0,0,1.5975611209869385,BLOCKED_AFDB_STRUCTURE_FETCH_FAILED
P0DSV5,0,0,0,0,0,0,1.5950541496276855,BLOCKED_AFDB_STRUCTURE_FETCH_FAILED
P0DSV6,0,0,0,0,0,0,1.8896510601043701,BLOCKED_AFDB_STRUCTURE_FETCH_FAILED
P0DSX5,0,0,0,0,0,0,2.651444673538208,BLOCKED_AFDB_STRUCTURE_FETCH_FAILED
P0DSX6,0,0,0,0,0,0,1.6016745567321777,BLOCKED_AFDB_STRUCTURE_FETCH_FAILED
P0DSZ7,0,0,0,0,0,0,1.634117603302002,BLOCKED_AFDB_STRUCTURE_FETCH_FAILED
P0DSZ8,0,0,0,0,0,0,1.6881403923034668,BLOCKED_AFDB_STRUCTURE_FETCH_FAILED
P0DTE4,0,0,0,0,0,0,9.254326105117798,PASS_AFDB_P2RANK_PREDICTED_POCKET_D4_LOADER
P0DTH5,0,0,0,0,0,0,1.5794239044189453,BLOCKED_AFDB_STRUCTURE_FETCH_FAILED
P0DTK3,0,0,0,0,0,0,1.6643285751342773,BLOCKED_AFDB_STRUCTURE_FETCH_FAILED
P0DTK5,0,0,0,0,0,0,2.0139036178588867,BLOCKED_AFDB_STRUCTURE_FETCH_FAILED
P0DTK6,0,0,0,0,0,0,1.9911761283874512,BLOCKED_AFDB_STRUCTURE_FETCH_FAILED
P0DTK7,0,0,0,0,0,0,1.9479362964630127,BLOCKED_AFDB_STRUCTURE_FETCH_FAILED
P0DTK8,0,0,0,0,0,0,1.6406891345977783,BLOCKED_AFDB_STRUCTURE_FETCH_FAILED
P0DTK9,0,0,0,0,0,0,9.214771509170532,PASS_AFDB_P2RANK_PREDICTED_POCKET_D4_LOADER
P0DTL0,0,0,0,0,0,0,1.582660436630249,BLOCKED_AFDB_STRUCTURE_FETCH_FAILED
P0DTL1,0,0,0,0,0,0,7.422562599182129,PASS_AFDB_P2RANK_PREDICTED_POCKET_D4_LOADER
P0DTL2,0,0,0,0,0,0,8.138164758682251,PASS_AFDB_P2RANK_PREDICTED_POCKET_D4_LOADER
P0DUM7,0,0,0,0,0,0,8.901010751724243,PASS_AFDB_P2RANK_PREDICTED_POCKET_D4_LOADER
P0DUM8,0,0,0,0,0,0,8.251795530319214,PASS_AFDB_P2RANK_PREDICTED_POCKET_D4_LOADER
P0DUM9,0,0,0,0,0,0,7.447655439376831,PASS_AFDB_P2RANK_PREDICTED_POCKET_D4_LOADER
P0DUN3,0,0,0,0,0,0,1.9016103744506836,BLOCKED_AFDB_STRUCTURE_FETCH_FAILED
P0DUN4,0,0,0,0,0,0,3.467184066772461,BLOCKED_AFDB_STRUCTURE_FETCH_FAILED
P0DUR6,0,0,0,0,0,0,5.34263014793396,BLOCKED_AFDB_P2RANK_NO_POCKET
P0DUV9,0,0,0,0,0,0,8.7977135181427,PASS_AFDB_P2RANK_PREDICTED_POCKET_D4_LOADER
P0DV09,0,0,0,0,0,0,7.8585004806518555,PASS_AFDB_P2RANK_PREDICTED_POCKET_D4_LOADER
P0DV11,0,0,0,0,0,0,8.320570468902588,PASS_AFDB_P2RANK_PREDICTED_POCKET_D4_LOADER
P0DV12,0,0,0,0,0,0,8.063172578811646,PASS_AFDB_P2RANK_PREDICTED_POCKET_D4_LOADER
P0DV24,0,0,0,0,0,0,8.019193649291992,PASS_AFDB_P2RANK_PREDICTED_POCKET_D4_LOADER
P0DV26,0,0,0,0,0,0,8.835733413696289,PASS_AFDB_P2RANK_PREDICTED_POCKET_D4_LOADER
P0DV28,0,0,0,0,0,0,7.420557260513306,PASS_AFDB_P2RANK_PREDICTED_POCKET_D4_LOADER
P0DV29,0,0,0,0,0,0,7.625344276428223,PASS_AFDB_P2RANK_PREDICTED_POCKET_D4_LOADER
P0DV34,0,0,0,0,0,0,7.292308807373047,PASS_AFDB_P2RANK_PREDICTED_POCKET_D4_LOADER
P0DV35,0,0,0,0,0,0,8.506843566894531,PASS_AFDB_P2RANK_PREDICTED_POCKET_D4_LOADER
P0DV36,0,0,0,0,0,0,8.675713062286377,PASS_AFDB_P2RANK_PREDICTED_POCKET_D4_LOADER
P0DV38,0,0,0,0,0,0,7.946080923080444,PASS_AFDB_P2RANK_PREDICTED_POCKET_D4_LOADER
P0DV40,0,0,0,0,0,0,13.069284677505493,PASS_AFDB_P2RANK_PREDICTED_POCKET_D4_LOADER
P0DV41,0,0,0,0,0,0,7.776376247406006,PASS_AFDB_P2RANK_PREDICTED_POCKET_D4_LOADER
P0DV42,0,0,0,0,0,0,7.667034387588501,PASS_AFDB_P2RANK_PREDICTED_POCKET_D4_LOADER
P0DV56,0,0,0,0,0,0,8.354742288589478,PASS_AFDB_P2RANK_PREDICTED_POCKET_D4_LOADER
P0DV57,0,0,0,0,0,0,7.922220468521118,PASS_AFDB_P2RANK_PREDICTED_POCKET_D4_LOADER
P0DV65,0,0,0,0,0,0,8.257349729537964,PASS_AFDB_P2RANK_PREDICTED_POCKET_D4_LOADER
P0DV78,0,0,0,0,0,0,6.035938024520874,BLOCKED_AFDB_P2RANK_NO_POCKET
P0DV82,0,0,0,0,0,0,7.953369617462158,PASS_AFDB_P2RANK_PREDICTED_POCKET_D4_LOADER
P0DW08,0,0,0,0,0,0,8.245720863342285,PASS_AFDB_P2RANK_PREDICTED_POCKET_D4_LOADER
P0DW49,0,0,0,0,0,0,7.4924421310424805,PASS_AFDB_P2RANK_PREDICTED_POCKET_D4_LOADER
P0DW52,0,0,0,0,0,0,8.07880187034607,PASS_AFDB_P2RANK_PREDICTED_POCKET_D4_LOADER
P0DW53,0,0,0,0,0,0,9.162431240081787,PASS_AFDB_P2RANK_PREDICTED_POCKET_D4_LOADER
P0DW59,0,0,0,0,0,0,9.198790788650513,PASS_AFDB_P2RANK_PREDICTED_POCKET_D4_LOADER
P0DW60,0,0,0,0,0,0,9.269224405288696,PASS_AFDB_P2RANK_PREDICTED_POCKET_D4_LOADER
P0DW70,0,0,0,0,0,0,7.975867748260498,PASS_AFDB_P2RANK_PREDICTED_POCKET_D4_LOADER
P0DW79,0,0,0,0,0,0,7.761049270629883,PASS_AFDB_P2RANK_PREDICTED_POCKET_D4_LOADER
P0DW80,0,0,0,0,0,0,7.349876642227173,PASS_AFDB_P2RANK_PREDICTED_POCKET_D4_LOADER
P0DW99,0,0,0,0,0,0,8.15986943244934,PASS_AFDB_P2RANK_PREDICTED_POCKET_D4_LOADER
P0DX06,0,0,0,0,0,0,8.503508806228638,PASS_AFDB_P2RANK_PREDICTED_POCKET_D4_LOADER
P0DX08,0,0,0,0,0,0,7.578402280807495,PASS_AFDB_P2RANK_PREDICTED_POCKET_D4_LOADER
P0DX09,0,0,0,0,0,0,8.630204916000366,PASS_AFDB_P2RANK_PREDICTED_POCKET_D4_LOADER
P0DX11,0,0,0,0,0,0,7.566953659057617,PASS_AFDB_P2RANK_PREDICTED_POCKET_D4_LOADER
P0DX12,0,0,0,0,0,0,7.715479850769043,PASS_AFDB_P2RANK_PREDICTED_POCKET_D4_LOADER
P0DX13,0,0,0,0,0,0,7.30510950088501,PASS_AFDB_P2RANK_PREDICTED_POCKET_D4_LOADER
P0DX14,0,0,0,0,0,0,8.831025838851929,PASS_AFDB_P2RANK_PREDICTED_POCKET_D4_LOADER
P0DX22,0,0,0,0,0,0,7.678092956542969,PASS_AFDB_P2RANK_PREDICTED_POCKET_D4_LOADER
P0DX23,0,0,0,0,0,0,8.689004182815552,PASS_AFDB_P2RANK_PREDICTED_POCKET_D4_LOADER
P0DX24,0,0,0,0,0,0,8.542485475540161,PASS_AFDB_P2RANK_PREDICTED_POCKET_D4_LOADER
P0DX29,0,0,0,0,0,0,7.6802496910095215,PASS_AFDB_P2RANK_PREDICTED_POCKET_D4_LOADER
P0DX40,0,0,0,0,0,0,7.913355588912964,PASS_AFDB_P2RANK_PREDICTED_POCKET_D4_LOADER
P0DX41,0,0,0,0,0,0,7.770726680755615,PASS_AFDB_P2RANK_PREDICTED_POCKET_D4_LOADER
P0DX42,0,0,0,0,0,0,7.144475936889648,PASS_AFDB_P2RANK_PREDICTED_POCKET_D4_LOADER
P0DX43,0,0,0,0,0,0,7.962508201599121,PASS_AFDB_P2RANK_PREDICTED_POCKET_D4_LOADER
P0DX54,0,0,0,0,0,0,8.251073598861694,PASS_AFDB_P2RANK_PREDICTED_POCKET_D4_LOADER
P0DX62,0,0,0,0,0,0,8.15518832206726,PASS_AFDB_P2RANK_PREDICTED_POCKET_D4_LOADER
P0DX71,0,0,0,0,0,0,8.270173072814941,PASS_AFDB_P2RANK_PREDICTED_POCKET_D4_LOADER
P0DX75,0,0,0,0,0,0,8.410854816436768,PASS_AFDB_P2RANK_PREDICTED_POCKET_D4_LOADER
P0DX84,0,0,0,0,0,0,12.988285303115845,PASS_AFDB_P2RANK_PREDICTED_POCKET_D4_LOADER
P0DX85,0,0,0,0,0,0,9.924460887908936,PASS_AFDB_P2RANK_PREDICTED_POCKET_D4_LOADER
P0DX86,0,0,0,0,0,0,8.469697713851929,PASS_AFDB_P2RANK_PREDICTED_POCKET_D4_LOADER
P0DX91,0,0,0,0,0,0,8.550569295883179,PASS_AFDB_P2RANK_PREDICTED_POCKET_D4_LOADER
P0DX92,0,0,0,0,0,0,8.955590724945068,PASS_AFDB_P2RANK_PREDICTED_POCKET_D4_LOADER
P0DX97,0,0,0,0,0,0,8.198485136032104,PASS_AFDB_P2RANK_PREDICTED_POCKET_D4_LOADER
P0DX98,0,0,0,0,0,0,7.656282901763916,PASS_AFDB_P2RANK_PREDICTED_POCKET_D4_LOADER
P0DXA3,0,0,0,0,0,0,9.06824541091919,PASS_AFDB_P2RANK_PREDICTED_POCKET_D4_LOADER
P0DXA5,0,0,0,0,0,0,10.060214042663574,PASS_AFDB_P2RANK_PREDICTED_POCKET_D4_LOADER
P0DXA6,0,0,0,0,0,0,8.263854265213013,PASS_AFDB_P2RANK_PREDICTED_POCKET_D4_LOADER
P0DXB0,0,0,0,0,0,0,8.058256149291992,PASS_AFDB_P2RANK_PREDICTED_POCKET_D4_LOADER
P0DXB2,0,0,0,0,0,0,8.48677921295166,PASS_AFDB_P2RANK_PREDICTED_POCKET_D4_LOADER
P0DXB4,0,0,0,0,0,0,8.912053346633911,PASS_AFDB_P2RANK_PREDICTED_POCKET_D4_LOADER
P0DXB5,0,0,0,0,0,0,8.470324277877808,PASS_AFDB_P2RANK_PREDICTED_POCKET_D4_LOADER
P0DXB6,0,0,0,0,0,0,11.892380237579346,PASS_AFDB_P2RANK_PREDICTED_POCKET_D4_LOADER
P0DXB7,0,0,0,0,0,0,8.520426988601685,PASS_AFDB_P2RANK_PREDICTED_POCKET_D4_LOADER
P0DXB8,0,0,0,0,0,0,7.9992759227752686,PASS_AFDB_P2RANK_PREDICTED_POCKET_D4_LOADER
P0DXB9,0,0,0,0,0,0,8.970117092132568,PASS_AFDB_P2RANK_PREDICTED_POCKET_D4_LOADER
P0DXC0,0,0,0,0,0,0,7.742503881454468,PASS_AFDB_P2RANK_PREDICTED_POCKET_D4_LOADER
P0DXC4,0,0,0,0,0,0,7.927832841873169,PASS_AFDB_P2RANK_PREDICTED_POCKET_D4_LOADER
P0DXC5,0,0,0,0,0,0,8.400355100631714,PASS_AFDB_P2RANK_PREDICTED_POCKET_D4_LOADER
P0DXC6,0,0,0,0,0,0,8.622846603393555,PASS_AFDB_P2RANK_PREDICTED_POCKET_D4_LOADER
P0DXC7,0,0,0,0,0,0,8.25839114189148,PASS_AFDB_P2RANK_PREDICTED_POCKET_D4_LOADER
P0DXC8,0,0,0,0,0,0,8.187306642532349,PASS_AFDB_P2RANK_PREDICTED_POCKET_D4_LOADER
P0DXD0,0,0,0,0,0,0,8.172047853469849,PASS_AFDB_P2RANK_PREDICTED_POCKET_D4_LOADER
P0DXD2,0,0,0,0,0,0,7.835779666900635,PASS_AFDB_P2RANK_PREDICTED_POCKET_D4_LOADER
P0DXD3,0,0,0,0,0,0,7.726555824279785,PASS_AFDB_P2RANK_PREDICTED_POCKET_D4_LOADER
P0DXD4,0,0,0,0,0,0,9.12952446937561,PASS_AFDB_P2RANK_PREDICTED_POCKET_D4_LOADER
P0DXD5,0,0,0,0,0,0,8.35855746269226,PASS_AFDB_P2RANK_PREDICTED_POCKET_D4_LOADER
P0DXD6,0,0,0,0,0,0,9.585280656814575,PASS_AFDB_P2RANK_PREDICTED_POCKET_D4_LOADER
P0DXD7,0,0,0,0,0,0,7.425412893295288,PASS_AFDB_P2RANK_PREDICTED_POCKET_D4_LOADER
P0DXD8,0,0,0,0,0,0,8.371365308761597,PASS_AFDB_P2RANK_PREDICTED_POCKET_D4_LOADER
P0DXD9,0,0,0,0,0,0,9.087292671203613,PASS_AFDB_P2RANK_PREDICTED_POCKET_D4_LOADER
P0DXE0,0,0,0,0,0,0,8.113332509994507,PASS_AFDB_P2RANK_PREDICTED_POCKET_D4_LOADER
P0DXE1,0,0,0,0,0,0,9.880314588546753,PASS_AFDB_P2RANK_PREDICTED_POCKET_D4_LOADER
P0DXE2,0,0,0,0,0,0,8.45792555809021,PASS_AFDB_P2RANK_PREDICTED_POCKET_D4_LOADER
P0DXE3,0,0,0,0,0,0,8.655230283737183,PASS_AFDB_P2RANK_PREDICTED_POCKET_D4_LOADER
P0DXE4,0,0,0,0,0,0,8.562121868133545,PASS_AFDB_P2RANK_PREDICTED_POCKET_D4_LOADER
P0DXE5,0,0,0,0,0,0,7.773069858551025,PASS_AFDB_P2RANK_PREDICTED_POCKET_D4_LOADER
P0DXE6,0,0,0,0,0,0,6.0490500926971436,BLOCKED_AFDB_P2RANK_NO_POCKET
P0DXE7,0,0,0,0,0,0,8.88457441329956,PASS_AFDB_P2RANK_PREDICTED_POCKET_D4_LOADER
P0DXF1,0,0,0,0,0,0,1.8925275802612305,BLOCKED_AFDB_STRUCTURE_FETCH_FAILED
P0DXF9,0,0,0,0,0,0,8.306355237960815,PASS_AFDB_P2RANK_PREDICTED_POCKET_D4_LOADER
P0DXG0,0,0,0,0,0,0,8.014841318130493,PASS_AFDB_P2RANK_PREDICTED_POCKET_D4_LOADER
P0DXG4,0,0,0,0,0,0,8.382294178009033,PASS_AFDB_P2RANK_PREDICTED_POCKET_D4_LOADER
P0DXG6,0,0,0,0,0,0,7.865974426269531,PASS_AFDB_P2RANK_PREDICTED_POCKET_D4_LOADER
P0DXG7,0,0,0,0,0,0,7.187120199203491,PASS_AFDB_P2RANK_PREDICTED_POCKET_D4_LOADER
P0DXG8,0,0,0,0,0,0,8.094691276550293,PASS_AFDB_P2RANK_PREDICTED_POCKET_D4_LOADER
P0DXG9,0,0,0,0,0,0,8.0673086643219,PASS_AFDB_P2RANK_PREDICTED_POCKET_D4_LOADER
P0DXH0,0,0,0,0,0,0,7.802031517028809,PASS_AFDB_P2RANK_PREDICTED_POCKET_D4_LOADER
P0DXH1,0,0,0,0,0,0,8.1225745677948,PASS_AFDB_P2RANK_PREDICTED_POCKET_D4_LOADER
P0DXH2,0,0,0,0,0,0,8.256266355514526,PASS_AFDB_P2RANK_PREDICTED_POCKET_D4_LOADER
P0DXH3,0,0,0,0,0,0,8.837005376815796,PASS_AFDB_P2RANK_PREDICTED_POCKET_D4_LOADER
P0DXH4,0,0,0,0,0,0,8.796733856201172,PASS_AFDB_P2RANK_PREDICTED_POCKET_D4_LOADER
P0DXH5,0,0,0,0,0,0,8.442428350448608,PASS_AFDB_P2RANK_PREDICTED_POCKET_D4_LOADER
P0DXH6,0,0,0,0,0,0,8.665434837341309,PASS_AFDB_P2RANK_PREDICTED_POCKET_D4_LOADER
P0DXH7,0,0,0,0,0,0,7.834731101989746,PASS_AFDB_P2RANK_PREDICTED_POCKET_D4_LOADER
P0DXH8,0,0,0,0,0,0,8.76126766204834,PASS_AFDB_P2RANK_PREDICTED_POCKET_D4_LOADER
P0DXH9,0,0,0,0,0,0,7.561917543411255,PASS_AFDB_P2RANK_PREDICTED_POCKET_D4_LOADER
P0DXI1,0,0,0,0,0,0,9.099212169647217,PASS_AFDB_P2RANK_PREDICTED_POCKET_D4_LOADER
P0DXI2,0,0,0,0,0,0,9.380682229995728,PASS_AFDB_P2RANK_PREDICTED_POCKET_D4_LOADER
P0DXI3,0,0,0,0,0,0,9.176406145095825,PASS_AFDB_P2RANK_PREDICTED_POCKET_D4_LOADER
P0DXI4,0,0,0,0,0,0,11.100079536437988,PASS_AFDB_P2RANK_PREDICTED_POCKET_D4_LOADER
P0DXJ0,0,0,0,0,0,0,8.403509616851807,PASS_AFDB_P2RANK_PREDICTED_POCKET_D4_LOADER
P0DXJ1,0,0,0,0,0,0,8.236351251602173,PASS_AFDB_P2RANK_PREDICTED_POCKET_D4_LOADER
P0DXJ2,0,0,0,0,0,0,9.02707052230835,PASS_AFDB_P2RANK_PREDICTED_POCKET_D4_LOADER
P0DXJ3,0,0,0,0,0,0,7.99800705909729,PASS_AFDB_P2RANK_PREDICTED_POCKET_D4_LOADER
P0DXJ4,0,0,0,0,0,0,8.078361749649048,PASS_AFDB_P2RANK_PREDICTED_POCKET_D4_LOADER
P0DXJ5,0,0,0,0,0,0,7.983509063720703,PASS_AFDB_P2RANK_PREDICTED_POCKET_D4_LOADER
P0DXJ6,0,0,0,0,0,0,8.48266887664795,PASS_AFDB_P2RANK_PREDICTED_POCKET_D4_LOADER
P0DXJ7,0,0,0,0,0,0,8.054887056350708,PASS_AFDB_P2RANK_PREDICTED_POCKET_D4_LOADER
P0DXJ8,0,0,0,0,0,0,8.1643705368042,PASS_AFDB_P2RANK_PREDICTED_POCKET_D4_LOADER
P0DXJ9,0,0,0,0,0,0,8.026049137115479,PASS_AFDB_P2RANK_PREDICTED_POCKET_D4_LOADER
P0DXU5,0,0,0,0,0,0,8.074167251586914,PASS_AFDB_P2RANK_PREDICTED_POCKET_D4_LOADER
P0DXU7,0,0,0,0,0,0,8.82160997390747,PASS_AFDB_P2RANK_PREDICTED_POCKET_D4_LOADER
P0DXU9,0,0,0,0,0,0,9.035110473632812,PASS_AFDB_P2RANK_PREDICTED_POCKET_D4_LOADER
P0DXV0,0,0,0,0,0,0,40.036125898361206,BLOCKED_AFDB_STRUCTURE_FETCH_FAILED
P0DXV1,0,0,0,0,0,0,7.823674917221069,PASS_AFDB_P2RANK_PREDICTED_POCKET_D4_LOADER
P0DXX5,0,0,0,0,0,0,7.224120140075684,PASS_AFDB_P2RANK_PREDICTED_POCKET_D4_LOADER
P0DXY1,0,0,0,0,0,0,9.614630937576294,PASS_AFDB_P2RANK_PREDICTED_POCKET_D4_LOADER
P0DXY3,0,0,0,0,0,0,21.1325523853302,BLOCKED_AFDB_STRUCTURE_FETCH_FAILED
P0DXZ0,0,0,0,0,0,0,8.567604064941406,PASS_AFDB_P2RANK_PREDICTED_POCKET_D4_LOADER
P0DXZ1,0,0,0,0,0,0,8.097091913223267,PASS_AFDB_P2RANK_PREDICTED_POCKET_D4_LOADER
P0DXZ6,0,0,0,0,0,0,7.242208480834961,PASS_AFDB_P2RANK_PREDICTED_POCKET_D4_LOADER
P0DY05,0,0,0,0,0,0,8.1371431350708,PASS_AFDB_P2RANK_PREDICTED_POCKET_D4_LOADER
P0DY06,0,0,0,0,0,0,8.249942779541016,PASS_AFDB_P2RANK_PREDICTED_POCKET_D4_LOADER
P0DY07,0,0,0,0,0,0,8.087226152420044,PASS_AFDB_P2RANK_PREDICTED_POCKET_D4_LOADER
P0DY08,0,0,0,0,0,0,1.5957112312316895,BLOCKED_AFDB_STRUCTURE_FETCH_FAILED
P0DY09,0,0,0,0,0,0,1.6733167171478271,BLOCKED_AFDB_STRUCTURE_FETCH_FAILED
P0DY10,0,0,0,0,0,0,1.5684478282928467,BLOCKED_AFDB_STRUCTURE_FETCH_FAILED
P0DY11,0,0,0,0,0,0,2.5065693855285645,BLOCKED_AFDB_STRUCTURE_FETCH_FAILED
P0DY12,0,0,0,0,0,0,1.5818595886230469,BLOCKED_AFDB_STRUCTURE_FETCH_FAILED
P0DY14,0,0,0,0,0,0,1.6823387145996094,BLOCKED_AFDB_STRUCTURE_FETCH_FAILED
P0DY29,0,0,0,0,0,0,2.0267367362976074,BLOCKED_AFDB_STRUCTURE_FETCH_FAILED
P0DY30,0,0,0,0,0,0,3.6662933826446533,BLOCKED_AFDB_STRUCTURE_FETCH_FAILED
P0DY32,0,0,0,0,0,0,1.5527098178863525,BLOCKED_AFDB_STRUCTURE_FETCH_FAILED
P0DY33,0,0,0,0,0,0,1.6028318405151367,BLOCKED_AFDB_STRUCTURE_FETCH_FAILED
P0DY34,0,0,0,0,0,0,1.6318473815917969,BLOCKED_AFDB_STRUCTURE_FETCH_FAILED
P0DY42,0,0,0,0,0,0,7.450743913650513,PASS_AFDB_P2RANK_PREDICTED_POCKET_D4_LOADER
P0DY45,0,0,0,0,0,0,1.576714038848877,BLOCKED_AFDB_STRUCTURE_FETCH_FAILED
P0DY46,0,0,0,0,0,0,2.581566095352173,BLOCKED_AFDB_STRUCTURE_FETCH_FAILED
P0DY48,0,0,0,0,0,0,1.565021276473999,BLOCKED_AFDB_STRUCTURE_FETCH_FAILED
P0DY49,0,0,0,0,0,0,1.6844444274902344,BLOCKED_AFDB_STRUCTURE_FETCH_FAILED
P0DY52,0,0,0,0,0,0,4.469459056854248,BLOCKED_AFDB_STRUCTURE_FETCH_FAILED
P0DY53,0,0,0,0,0,0,4.523619174957275,BLOCKED_AFDB_STRUCTURE_FETCH_FAILED
P0DY54,0,0,0,0,0,0,1.6230287551879883,BLOCKED_AFDB_STRUCTURE_FETCH_FAILED
P0DY61,0,0,0,0,0,0,1.610624074935913,BLOCKED_AFDB_STRUCTURE_FETCH_FAILED
P0DY62,0,0,0,0,0,0,2.0493319034576416,BLOCKED_AFDB_STRUCTURE_FETCH_FAILED
P0DY63,0,0,0,0,0,0,4.16197657585144,BLOCKED_AFDB_STRUCTURE_FETCH_FAILED
P0DY81,0,0,0,0,0,0,1.8541452884674072,BLOCKED_AFDB_STRUCTURE_FETCH_FAILED
P0DY82,0,0,0,0,0,0,1.599095106124878,BLOCKED_AFDB_STRUCTURE_FETCH_FAILED
P10052,0,0,0,0,0,0,20.81249189376831,BLOCKED_AFDB_STRUCTURE_FETCH_FAILED
P10094,0,0,0,0,0,0,6.3297951221466064,BLOCKED_AFDB_P2RANK_NO_POCKET
P10095,0,0,0,0,0,0,4.823615074157715,BLOCKED_AFDB_P2RANK_NO_POCKET
P10224,0,0,0,0,0,0,20.822500705718994,BLOCKED_AFDB_STRUCTURE_FETCH_FAILED
P10234,0,0,0,0,0,0,1.5767295360565186,BLOCKED_AFDB_STRUCTURE_FETCH_FAILED
P10271,0,0,0,0,0,0,1.5571660995483398,BLOCKED_AFDB_STRUCTURE_FETCH_FAILED
P10277,0,0,0,0,0,0,2.0248312950134277,BLOCKED_AFDB_STRUCTURE_FETCH_FAILED
P10421,0,0,0,0,0,0,1.6676747798919678,BLOCKED_AFDB_STRUCTURE_FETCH_FAILED
P10447,0,0,0,0,0,0,1.6565754413604736,BLOCKED_AFDB_STRUCTURE_FETCH_FAILED
P10489,0,0,0,0,0,0,4.744340181350708,BLOCKED_AFDB_P2RANK_NO_POCKET
P10533,0,0,0,0,0,0,2.3150715827941895,BLOCKED_AFDB_STRUCTURE_FETCH_FAILED
P10613,0,0,0,0,0,0,8.922341346740723,PASS_AFDB_P2RANK_PREDICTED_POCKET_D4_LOADER
P10614,0,0,0,0,0,0,8.45300841331482,PASS_AFDB_P2RANK_PREDICTED_POCKET_D4_LOADER
P10748,0,0,0,0,0,0,1.595334529876709,BLOCKED_AFDB_STRUCTURE_FETCH_FAILED
P10801,0,0,0,0,0,0,4.987441062927246,BLOCKED_AFDB_P2RANK_NO_POCKET
P10835,0,0,0,0,0,0,1.6984076499938965,BLOCKED_AFDB_STRUCTURE_FETCH_FAILED
P10887,0,0,0,0,0,0,4.848085880279541,BLOCKED_AFDB_P2RANK_NO_POCKET
P10948,0,0,0,0,0,0,7.990865230560303,PASS_AFDB_P2RANK_PREDICTED_POCKET_D4_LOADER
P11014,0,0,0,0,0,0,1.6036341190338135,BLOCKED_AFDB_STRUCTURE_FETCH_FAILED
P11037,0,0,0,0,0,0,1.68324613571167,BLOCKED_AFDB_STRUCTURE_FETCH_FAILED
P11107,0,0,0,0,0,0,1.5836024284362793,BLOCKED_AFDB_STRUCTURE_FETCH_FAILED
P11156,0,0,0,0,0,0,1.8990468978881836,BLOCKED_AFDB_STRUCTURE_FETCH_FAILED
P11158,0,0,0,0,0,0,1.591270923614502,BLOCKED_AFDB_STRUCTURE_FETCH_FAILED
P11180,0,0,0,0,0,0,9.188085317611694,PASS_AFDB_P2RANK_PREDICTED_POCKET_D4_LOADER
P11182,0,0,0,0,0,0,8.904354333877563,PASS_AFDB_P2RANK_PREDICTED_POCKET_D4_LOADER
P11245,0,0,0,0,0,0,8.180256605148315,PASS_AFDB_P2RANK_PREDICTED_POCKET_D4_LOADER
P11273,0,0,0,0,0,0,2.8029260635375977,BLOCKED_AFDB_STRUCTURE_FETCH_FAILED
P11298,0,0,0,0,0,0,1.5549111366271973,BLOCKED_AFDB_STRUCTURE_FETCH_FAILED
P11328,0,0,0,0,0,0,2.8402016162872314,BLOCKED_AFDB_STRUCTURE_FETCH_FAILED
P11352,0,0,0,0,0,0,1.605781078338623,BLOCKED_AFDB_STRUCTURE_FETCH_FAILED
P11727,0,0,0,0,0,0,4.883666276931763,BLOCKED_AFDB_P2RANK_NO_POCKET
P11887,0,0,0,0,0,0,1.6994750499725342,BLOCKED_AFDB_STRUCTURE_FETCH_FAILED
P11909,0,0,0,0,0,0,1.6895105838775635,BLOCKED_AFDB_STRUCTURE_FETCH_FAILED
P11917,0,0,0,0,0,0,5.840618133544922,BLOCKED_AFDB_P2RANK_NO_POCKET
P11918,0,0,0,0,0,0,1.621842384338379,BLOCKED_AFDB_STRUCTURE_FETCH_FAILED
P12049,0,0,0,0,0,0,5.35418438911438,BLOCKED_AFDB_P2RANK_NO_POCKET
P12320,0,0,0,0,0,0,1.9835009574890137,BLOCKED_AFDB_STRUCTURE_FETCH_FAILED
P12321,0,0,0,0,0,0,6.566610336303711,BLOCKED_AFDB_P2RANK_NO_POCKET
P12343,0,0,0,0,0,0,4.72509241104126,BLOCKED_AFDB_P2RANK_NO_POCKET
P12364,0,0,0,0,0,0,9.774342060089111,PASS_AFDB_P2RANK_PREDICTED_POCKET_D4_LOADER
P12366,0,0,0,0,0,0,1.612029790878296,BLOCKED_AFDB_STRUCTURE_FETCH_FAILED
P12381,0,0,0,0,0,0,1.5810952186584473,BLOCKED_AFDB_STRUCTURE_FETCH_FAILED
P12427,0,0,0,0,0,0,1.660275936126709,BLOCKED_AFDB_STRUCTURE_FETCH_FAILED
P12431,0,0,0,0,0,0,1.6175000667572021,BLOCKED_AFDB_STRUCTURE_FETCH_FAILED
P12462,0,0,0,0,0,0,1.6890761852264404,BLOCKED_AFDB_STRUCTURE_FETCH_FAILED
P12646,0,0,0,0,0,0,8.977627515792847,PASS_AFDB_P2RANK_PREDICTED_POCKET_D4_LOADER
P12726,0,0,0,0,0,0,1.5589635372161865,BLOCKED_AFDB_STRUCTURE_FETCH_FAILED
P12848,0,0,0,0,0,0,1.937220811843872,BLOCKED_AFDB_STRUCTURE_FETCH_FAILED
P12905,0,0,0,0,0,0,1.5516018867492676,BLOCKED_AFDB_STRUCTURE_FETCH_FAILED
P12927,0,0,0,0,0,0,1.9720656871795654,BLOCKED_AFDB_STRUCTURE_FETCH_FAILED
P12929,0,0,0,0,0,0,2.522620439529419,BLOCKED_AFDB_STRUCTURE_FETCH_FAILED
P12956,0,0,0,0,0,0,8.835464000701904,PASS_AFDB_P2RANK_PREDICTED_POCKET_D4_LOADER
P13010,0,0,0,0,0,0,9.741188049316406,PASS_AFDB_P2RANK_PREDICTED_POCKET_D4_LOADER
P13071,0,0,0,0,0,0,1.667938470840454,BLOCKED_AFDB_STRUCTURE_FETCH_FAILED
P13155,0,0,0,0,0,0,5.281069993972778,BLOCKED_AFDB_P2RANK_NO_POCKET
P13157,0,0,0,0,0,0,1.667043685913086,BLOCKED_AFDB_STRUCTURE_FETCH_FAILED
P13159,0,0,0,0,0,0,1.658780574798584,BLOCKED_AFDB_STRUCTURE_FETCH_FAILED
P13191,0,0,0,0,0,0,5.07792592048645,BLOCKED_AFDB_P2RANK_NO_POCKET
P13272,0,0,0,0,0,0,6.07826566696167,BLOCKED_AFDB_P2RANK_NO_POCKET
P13284,0,0,0,0,0,0,7.310122489929199,PASS_AFDB_P2RANK_PREDICTED_POCKET_D4_LOADER
P13287,0,0,0,0,0,0,1.851820468902588,BLOCKED_AFDB_STRUCTURE_FETCH_FAILED
P13288,0,0,0,0,0,0,1.5938630104064941,BLOCKED_AFDB_STRUCTURE_FETCH_FAILED
P13300,0,0,0,0,0,0,1.5628442764282227,BLOCKED_AFDB_STRUCTURE_FETCH_FAILED
P13464,0,0,0,0,0,0,8.793297290802002,PASS_AFDB_P2RANK_PREDICTED_POCKET_D4_LOADER
P13676,0,0,0,0,0,0,9.780091285705566,PASS_AFDB_P2RANK_PREDICTED_POCKET_D4_LOADER
P13771,0,0,0,0,0,0,2.0267393589019775,BLOCKED_AFDB_STRUCTURE_FETCH_FAILED
P13774,0,0,0,0,0,0,4.805868864059448,BLOCKED_AFDB_P2RANK_NO_POCKET
P13798,0,0,0,0,0,0,9.76550006866455,PASS_AFDB_P2RANK_PREDICTED_POCKET_D4_LOADER
P13894,0,0,0,0,0,0,1.9764153957366943,BLOCKED_AFDB_STRUCTURE_FETCH_FAILED
P14084,0,0,0,0,0,0,1.694798469543457,BLOCKED_AFDB_STRUCTURE_FETCH_FAILED
P14085,0,0,0,0,0,0,1.8963849544525146,BLOCKED_AFDB_STRUCTURE_FETCH_FAILED
P14217,0,0,0,0,0,0,1.7723405361175537,BLOCKED_AFDB_STRUCTURE_FETCH_FAILED
P14263,0,0,0,0,0,0,8.588213205337524,PASS_AFDB_P2RANK_PREDICTED_POCKET_D4_LOADER
P14396,0,0,0,0,0,0,1.5642595291137695,BLOCKED_AFDB_STRUCTURE_FETCH_FAILED
P14398,0,0,0,0,0,0,1.5913159847259521,BLOCKED_AFDB_STRUCTURE_FETCH_FAILED
P14405,0,0,0,0,0,0,1.7622156143188477,BLOCKED_AFDB_STRUCTURE_FETCH_FAILED
P14422,0,0,0,0,0,0,2.368152618408203,BLOCKED_AFDB_STRUCTURE_FETCH_FAILED
P14552,0,0,0,0,0,0,4.631866931915283,BLOCKED_AFDB_P2RANK_NO_POCKET
P14583,0,0,0,0,0,0,1.6048367023468018,BLOCKED_AFDB_STRUCTURE_FETCH_FAILED
P14597,0,0,0,0,0,0,1.6522622108459473,BLOCKED_AFDB_STRUCTURE_FETCH_FAILED
P14610,0,0,0,0,0,0,4.667429208755493,BLOCKED_AFDB_P2RANK_NO_POCKET
P14621,0,0,0,0,0,0,6.926289081573486,PASS_AFDB_P2RANK_PREDICTED_POCKET_D4_LOADER
P14625,0,0,0,0,0,0,9.58944058418274,PASS_AFDB_P2RANK_PREDICTED_POCKET_D4_LOADER
P14775,0,0,0,0,0,0,5.891597747802734,BLOCKED_AFDB_P2RANK_NO_POCKET
P14999,0,0,0,0,0,0,1.6853725910186768,BLOCKED_AFDB_STRUCTURE_FETCH_FAILED
P15054,0,0,0,0,0,0,2.573697566986084,BLOCKED_AFDB_STRUCTURE_FETCH_FAILED
P15443,0,0,0,0,0,0,1.5978960990905762,BLOCKED_AFDB_STRUCTURE_FETCH_FAILED
P15736,0,0,0,0,0,0,1.676145076751709,BLOCKED_AFDB_STRUCTURE_FETCH_FAILED
P15776,0,0,0,0,0,0,1.6733720302581787,BLOCKED_AFDB_STRUCTURE_FETCH_FAILED
P15879,0,0,0,0,0,0,1.6553590297698975,BLOCKED_AFDB_STRUCTURE_FETCH_FAILED
P15916,0,0,0,0,0,0,1.6748874187469482,BLOCKED_AFDB_STRUCTURE_FETCH_FAILED
P15984,0,0,0,0,0,0,5.107504367828369,BLOCKED_AFDB_P2RANK_NO_POCKET
P16006,0,0,0,0,0,0,1.630016803741455,BLOCKED_AFDB_STRUCTURE_FETCH_FAILED
P16101,0,0,0,0,0,0,1.9075617790222168,BLOCKED_AFDB_STRUCTURE_FETCH_FAILED
P16123,0,0,0,0,0,0,5.233776330947876,BLOCKED_AFDB_P2RANK_NO_POCKET
P16392,0,0,0,0,0,0,1.5556285381317139,BLOCKED_AFDB_STRUCTURE_FETCH_FAILED
P16600,0,0,0,0,0,0,1.6872239112854004,BLOCKED_AFDB_STRUCTURE_FETCH_FAILED
P16788,0,0,0,0,0,0,1.5567195415496826,BLOCKED_AFDB_STRUCTURE_FETCH_FAILED
P16824,0,0,0,0,0,0,1.7247660160064697,BLOCKED_AFDB_STRUCTURE_FETCH_FAILED
P16913,0,0,0,0,0,0,1.6583986282348633,BLOCKED_AFDB_STRUCTURE_FETCH_FAILED
P17003,0,0,0,0,0,0,1.5838754177093506,BLOCKED_AFDB_STRUCTURE_FETCH_FAILED
P17004,0,0,0,0,0,0,1.6057484149932861,BLOCKED_AFDB_STRUCTURE_FETCH_FAILED
P17005,0,0,0,0,0,0,1.5844042301177979,BLOCKED_AFDB_STRUCTURE_FETCH_FAILED
P17087,0,0,0,0,0,0,5.284361362457275,BLOCKED_AFDB_P2RANK_NO_POCKET
P17337,0,0,0,0,0,0,1.639885663986206,BLOCKED_AFDB_STRUCTURE_FETCH_FAILED
P17338,0,0,0,0,0,0,1.6016674041748047,BLOCKED_AFDB_STRUCTURE_FETCH_FAILED
P17339,0,0,0,0,0,0,20.79179883003235,BLOCKED_AFDB_STRUCTURE_FETCH_FAILED
P17374,0,0,0,0,0,0,2.15065598487854,BLOCKED_AFDB_STRUCTURE_FETCH_FAILED
P17382,0,0,0,0,0,0,1.599733829498291,BLOCKED_AFDB_STRUCTURE_FETCH_FAILED
P17402,0,0,0,0,0,0,1.993882417678833,BLOCKED_AFDB_STRUCTURE_FETCH_FAILED
P17440,0,0,0,0,0,0,2.056783437728882,BLOCKED_AFDB_STRUCTURE_FETCH_FAILED
P17441,0,0,0,0,0,0,20.815438508987427,BLOCKED_AFDB_STRUCTURE_FETCH_FAILED
P17613,0,0,0,0,0,0,1.6108391284942627,BLOCKED_AFDB_STRUCTURE_FETCH_FAILED
P17653,0,0,0,0,0,0,1.9193449020385742,BLOCKED_AFDB_STRUCTURE_FETCH_FAILED
P17746,0,0,0,0,0,0,8.800248861312866,PASS_AFDB_P2RANK_PREDICTED_POCKET_D4_LOADER
P17794,0,0,0,0,0,0,9.706328630447388,PASS_AFDB_P2RANK_PREDICTED_POCKET_D4_LOADER
P17844,0,0,0,0,0,0,8.77774167060852,PASS_AFDB_P2RANK_PREDICTED_POCKET_D4_LOADER
P17888,0,0,0,0,0,0,9.677029371261597,PASS_AFDB_P2RANK_PREDICTED_POCKET_D4_LOADER
P18029,0,0,0,0,0,0,1.9357550144195557,BLOCKED_AFDB_STRUCTURE_FETCH_FAILED
P18030,0,0,0,0,0,0,2.0653395652770996,BLOCKED_AFDB_STRUCTURE_FETCH_FAILED
P18074,0,0,0,0,0,0,9.230013132095337,PASS_AFDB_P2RANK_PREDICTED_POCKET_D4_LOADER
P18172,0,0,0,0,0,0,2.5916624069213867,BLOCKED_AFDB_STRUCTURE_FETCH_FAILED
P18173,0,0,0,0,0,0,1.721330165863037,BLOCKED_AFDB_STRUCTURE_FETCH_FAILED
P18250,0,0,0,0,0,0,1.6839697360992432,BLOCKED_AFDB_STRUCTURE_FETCH_FAILED
P18268,0,0,0,0,0,0,5.1626200675964355,BLOCKED_AFDB_P2RANK_NO_POCKET
P18283,0,0,0,0,0,0,1.6883080005645752,BLOCKED_AFDB_STRUCTURE_FETCH_FAILED
P18300,0,0,0,0,0,0,4.7915709018707275,BLOCKED_AFDB_P2RANK_NO_POCKET
P18316,0,0,0,0,0,0,5.427597999572754,BLOCKED_AFDB_P2RANK_NO_POCKET
P18545,0,0,0,0,0,0,5.237485408782959,BLOCKED_AFDB_P2RANK_NO_POCKET
P18547,0,0,0,0,0,0,1.7250139713287354,BLOCKED_AFDB_STRUCTURE_FETCH_FAILED
P18555,0,0,0,0,0,0,1.6612579822540283,BLOCKED_AFDB_STRUCTURE_FETCH_FAILED
P18786,0,0,0,0,0,0,5.711893320083618,BLOCKED_AFDB_P2RANK_NO_POCKET
P18894,0,0,0,0,0,0,8.200349569320679,PASS_AFDB_P2RANK_PREDICTED_POCKET_D4_LOADER
P18997,0,0,0,0,0,0,5.055420637130737,BLOCKED_AFDB_P2RANK_NO_POCKET
P18999,0,0,0,0,0,0,1.6340134143829346,BLOCKED_AFDB_STRUCTURE_FETCH_FAILED
P19109,0,0,0,0,0,0,11.165050506591797,PASS_AFDB_P2RANK_PREDICTED_POCKET_D4_LOADER
P19118,0,0,0,0,0,0,1.838411808013916,BLOCKED_AFDB_STRUCTURE_FETCH_FAILED
P19149,0,0,0,0,0,0,1.611602783203125,BLOCKED_AFDB_STRUCTURE_FETCH_FAILED
P19205,0,0,0,0,0,0,10.15695595741272,PASS_AFDB_P2RANK_PREDICTED_POCKET_D4_LOADER
P19574,0,0,0,0,0,0,1.5877597332000732,BLOCKED_AFDB_STRUCTURE_FETCH_FAILED
P19618,0,0,0,0,0,0,1.6448307037353516,BLOCKED_AFDB_STRUCTURE_FETCH_FAILED
P19621,0,0,0,0,0,0,2.121514081954956,BLOCKED_AFDB_STRUCTURE_FETCH_FAILED
P19662,0,0,0,0,0,0,4.843006372451782,BLOCKED_AFDB_P2RANK_NO_POCKET
P19663,0,0,0,0,0,0,6.262516260147095,BLOCKED_AFDB_P2RANK_NO_POCKET
P19733,0,0,0,0,0,0,5.430764436721802,BLOCKED_AFDB_P2RANK_NO_POCKET
P19916,0,0,0,0,0,0,1.575923204421997,BLOCKED_AFDB_STRUCTURE_FETCH_FAILED
P19917,0,0,0,0,0,0,1.6139209270477295,BLOCKED_AFDB_STRUCTURE_FETCH_FAILED
P19918,0,0,0,0,0,0,1.6600537300109863,BLOCKED_AFDB_STRUCTURE_FETCH_FAILED
P19977,0,0,0,0,0,0,4.92400336265564,BLOCKED_AFDB_P2RANK_NO_POCKET
P19978,0,0,0,0,0,0,4.494223594665527,BLOCKED_AFDB_P2RANK_NO_POCKET
P19979,0,0,0,0,0,0,4.639209985733032,BLOCKED_AFDB_P2RANK_NO_POCKET
P19980,0,0,0,0,0,0,4.712557077407837,BLOCKED_AFDB_P2RANK_NO_POCKET
P19981,0,0,0,0,0,0,4.755341053009033,BLOCKED_AFDB_P2RANK_NO_POCKET
P19982,0,0,0,0,0,0,7.431131362915039,BLOCKED_AFDB_P2RANK_NO_POCKET
P19983,0,0,0,0,0,0,4.787534475326538,BLOCKED_AFDB_P2RANK_NO_POCKET
P19985,0,0,0,0,0,0,1.637223482131958,BLOCKED_AFDB_STRUCTURE_FETCH_FAILED
P20011,0,0,0,0,0,0,1.6457467079162598,BLOCKED_AFDB_STRUCTURE_FETCH_FAILED
P20012,0,0,0,0,0,0,1.6039302349090576,BLOCKED_AFDB_STRUCTURE_FETCH_FAILED
P20016,0,0,0,0,0,0,4.546588659286499,BLOCKED_AFDB_P2RANK_NO_POCKET
P20137,0,0,0,0,0,0,5.8258376121521,BLOCKED_AFDB_P2RANK_NO_POCKET
P20260,0,0,0,0,0,0,4.826653242111206,BLOCKED_AFDB_P2RANK_NO_POCKET
P20304,0,0,0,0,0,0,1.6221771240234375,BLOCKED_AFDB_STRUCTURE_FETCH_FAILED
P20315,0,0,0,0,0,0,1.6736183166503906,BLOCKED_AFDB_STRUCTURE_FETCH_FAILED
P20337,0,0,0,0,0,0,7.713191270828247,PASS_AFDB_P2RANK_PREDICTED_POCKET_D4_LOADER
P20461,0,0,0,0,0,0,8.759234428405762,PASS_AFDB_P2RANK_PREDICTED_POCKET_D4_LOADER
P20479,0,0,0,0,0,0,4.726550340652466,BLOCKED_AFDB_P2RANK_NO_POCKET
P20493,0,0,0,0,0,0,1.9237427711486816,BLOCKED_AFDB_STRUCTURE_FETCH_FAILED
P20495,0,0,0,0,0,0,1.8550848960876465,BLOCKED_AFDB_STRUCTURE_FETCH_FAILED
P20502,0,0,0,0,0,0,1.6852843761444092,BLOCKED_AFDB_STRUCTURE_FETCH_FAILED
P20503,0,0,0,0,0,0,1.6764626502990723,BLOCKED_AFDB_STRUCTURE_FETCH_FAILED
P20505,0,0,0,0,0,0,1.6316423416137695,BLOCKED_AFDB_STRUCTURE_FETCH_FAILED
P20637,0,0,0,0,0,0,1.690427303314209,BLOCKED_AFDB_STRUCTURE_FETCH_FAILED
P20638,0,0,0,0,0,0,1.594698429107666,BLOCKED_AFDB_STRUCTURE_FETCH_FAILED
P20699,0,0,0,0,0,0,4.961461782455444,BLOCKED_AFDB_P2RANK_NO_POCKET
P20979,0,0,0,0,0,0,1.5750696659088135,BLOCKED_AFDB_STRUCTURE_FETCH_FAILED
P20999,0,0,0,0,0,0,1.691169261932373,BLOCKED_AFDB_STRUCTURE_FETCH_FAILED
P21011,0,0,0,0,0,0,1.9007325172424316,BLOCKED_AFDB_STRUCTURE_FETCH_FAILED
P21033,0,0,0,0,0,0,1.7325737476348877,BLOCKED_AFDB_STRUCTURE_FETCH_FAILED
P21050,0,0,0,0,0,0,1.6138911247253418,BLOCKED_AFDB_STRUCTURE_FETCH_FAILED
P21095,0,0,0,0,0,0,1.6033227443695068,BLOCKED_AFDB_STRUCTURE_FETCH_FAILED
P21097,0,0,0,0,0,0,1.5978353023529053,BLOCKED_AFDB_STRUCTURE_FETCH_FAILED
P21215,0,0,0,0,0,0,9.515471935272217,PASS_AFDB_P2RANK_PREDICTED_POCKET_D4_LOADER
P21217,0,0,0,0,0,0,9.376506090164185,PASS_AFDB_P2RANK_PREDICTED_POCKET_D4_LOADER
P21290,0,0,0,0,0,0,1.633861780166626,BLOCKED_AFDB_STRUCTURE_FETCH_FAILED
P21293,0,0,0,0,0,0,2.678399085998535,BLOCKED_AFDB_STRUCTURE_FETCH_FAILED
P21372,0,0,0,0,0,0,9.777318239212036,PASS_AFDB_P2RANK_PREDICTED_POCKET_D4_LOADER
P21407,0,0,0,0,0,0,4.992835283279419,BLOCKED_AFDB_STRUCTURE_FETCH_FAILED
P21693,0,0,0,0,0,0,8.42242693901062,PASS_AFDB_P2RANK_PREDICTED_POCKET_D4_LOADER
P21778,0,0,0,0,0,0,4.754329204559326,BLOCKED_AFDB_P2RANK_NO_POCKET
P21790,0,0,0,0,0,0,4.869953393936157,BLOCKED_AFDB_P2RANK_NO_POCKET
P21792,0,0,0,0,0,0,4.807192087173462,BLOCKED_AFDB_P2RANK_NO_POCKET
P21974,0,0,0,0,0,0,1.7249128818511963,BLOCKED_AFDB_STRUCTURE_FETCH_FAILED
P22127,0,0,0,0,0,0,7.732761383056641,PASS_AFDB_P2RANK_PREDICTED_POCKET_D4_LOADER
P22153,0,0,0,0,0,0,2.60684871673584,BLOCKED_AFDB_STRUCTURE_FETCH_FAILED
P22154,0,0,0,0,0,0,1.6414101123809814,BLOCKED_AFDB_STRUCTURE_FETCH_FAILED
P22281,0,0,0,0,0,0,8.851764440536499,PASS_AFDB_P2RANK_PREDICTED_POCKET_D4_LOADER
P22315,0,0,0,0,0,0,8.679580450057983,PASS_AFDB_P2RANK_PREDICTED_POCKET_D4_LOADER
P22352,0,0,0,0,0,0,2.788403034210205,BLOCKED_AFDB_STRUCTURE_FETCH_FAILED
P22416,0,0,0,0,0,0,1.5941202640533447,BLOCKED_AFDB_STRUCTURE_FETCH_FAILED
P22419,0,0,0,0,0,0,2.1458277702331543,BLOCKED_AFDB_STRUCTURE_FETCH_FAILED
P22508,0,0,0,0,0,0,1.6007928848266602,BLOCKED_AFDB_STRUCTURE_FETCH_FAILED
P22571,0,0,0,0,0,0,5.411294221878052,BLOCKED_AFDB_P2RANK_NO_POCKET
P22573,0,0,0,0,0,0,2.2509779930114746,BLOCKED_AFDB_STRUCTURE_FETCH_FAILED
P22649,0,0,0,0,0,0,1.8683342933654785,BLOCKED_AFDB_STRUCTURE_FETCH_FAILED
P22657,0,0,0,0,0,0,1.5951972007751465,BLOCKED_AFDB_STRUCTURE_FETCH_FAILED
P22658,0,0,0,0,0,0,4.913331508636475,BLOCKED_AFDB_P2RANK_NO_POCKET
P22659,0,0,0,0,0,0,4.901126861572266,BLOCKED_AFDB_P2RANK_NO_POCKET
P22660,0,0,0,0,0,0,4.7625226974487305,BLOCKED_AFDB_P2RANK_NO_POCKET
P22772,0,0,0,0,0,0,9.252731084823608,PASS_AFDB_P2RANK_PREDICTED_POCKET_D4_LOADER
P22779,0,0,0,0,0,0,1.8974854946136475,BLOCKED_AFDB_STRUCTURE_FETCH_FAILED
P22830,0,0,0,0,0,0,8.929840564727783,PASS_AFDB_P2RANK_PREDICTED_POCKET_D4_LOADER
P22942,0,0,0,0,0,0,9.596553564071655,PASS_AFDB_P2RANK_PREDICTED_POCKET_D4_LOADER
P22948,0,0,0,0,0,0,1.6080400943756104,BLOCKED_AFDB_STRUCTURE_FETCH_FAILED
P22949,0,0,0,0,0,0,4.63107967376709,BLOCKED_AFDB_P2RANK_NO_POCKET
P22950,0,0,0,0,0,0,4.5497777462005615,BLOCKED_AFDB_P2RANK_NO_POCKET
P23007,0,0,0,0,0,0,1.5816116333007812,BLOCKED_AFDB_STRUCTURE_FETCH_FAILED
P23049,0,0,0,0,0,0,1.7432096004486084,BLOCKED_AFDB_STRUCTURE_FETCH_FAILED
P23109,0,0,0,0,0,0,12.764179944992065,PASS_AFDB_P2RANK_PREDICTED_POCKET_D4_LOADER
P23175,0,0,0,0,0,0,1.6783816814422607,BLOCKED_AFDB_STRUCTURE_FETCH_FAILED
P23334,0,0,0,0,0,0,2.0308756828308105,BLOCKED_AFDB_STRUCTURE_FETCH_FAILED
P23335,0,0,0,0,0,0,1.596613883972168,BLOCKED_AFDB_STRUCTURE_FETCH_FAILED
P23373,0,0,0,0,0,0,1.618375301361084,BLOCKED_AFDB_STRUCTURE_FETCH_FAILED
P23475,0,0,0,0,0,0,17.5934636592865,PASS_AFDB_P2RANK_PREDICTED_POCKET_D4_LOADER
P23725,0,0,0,0,0,0,5.153390407562256,BLOCKED_AFDB_P2RANK_NO_POCKET
P23764,0,0,0,0,0,0,1.540062665939331,BLOCKED_AFDB_STRUCTURE_FETCH_FAILED
P23857,0,0,0,0,0,0,5.412985563278198,BLOCKED_AFDB_P2RANK_NO_POCKET
P23871,0,0,0,0,0,0,7.836315631866455,PASS_AFDB_P2RANK_PREDICTED_POCKET_D4_LOADER
P23983,0,0,0,0,0,0,1.597916603088379,BLOCKED_AFDB_STRUCTURE_FETCH_FAILED
P24030,0,0,0,0,0,0,2.017448902130127,BLOCKED_AFDB_STRUCTURE_FETCH_FAILED
P24096,0,0,0,0,0,0,1.6535561084747314,BLOCKED_AFDB_STRUCTURE_FETCH_FAILED
P24134,0,0,0,0,0,0,1.76352858543396,BLOCKED_AFDB_STRUCTURE_FETCH_FAILED
P24381,0,0,0,0,0,0,1.8245189189910889,BLOCKED_AFDB_STRUCTURE_FETCH_FAILED
P24389,0,0,0,0,0,0,1.637402057647705,BLOCKED_AFDB_STRUCTURE_FETCH_FAILED
P24424,0,0,0,0,0,0,1.6271955966949463,BLOCKED_AFDB_STRUCTURE_FETCH_FAILED
P24425,0,0,0,0,0,0,2.9039688110351562,BLOCKED_AFDB_STRUCTURE_FETCH_FAILED
P24486,0,0,0,0,0,0,20.846580505371094,BLOCKED_AFDB_STRUCTURE_FETCH_FAILED
P24597,0,0,0,0,0,0,1.9586448669433594,BLOCKED_AFDB_STRUCTURE_FETCH_FAILED
P24656,0,0,0,0,0,0,1.6091492176055908,BLOCKED_AFDB_STRUCTURE_FETCH_FAILED
P24829,0,0,0,0,0,0,1.6328635215759277,BLOCKED_AFDB_STRUCTURE_FETCH_FAILED
P24842,0,0,0,0,0,0,1.565845251083374,BLOCKED_AFDB_STRUCTURE_FETCH_FAILED
P24851,0,0,0,0,0,0,1.6169278621673584,BLOCKED_AFDB_STRUCTURE_FETCH_FAILED
P25013,0,0,0,0,0,0,1.6112911701202393,BLOCKED_AFDB_STRUCTURE_FETCH_FAILED
P25020,0,0,0,0,0,0,1.6282379627227783,BLOCKED_AFDB_STRUCTURE_FETCH_FAILED
P25072,0,0,0,0,0,0,1.6716654300689697,BLOCKED_AFDB_STRUCTURE_FETCH_FAILED
P25154,0,0,0,0,0,0,9.544224977493286,PASS_AFDB_P2RANK_PREDICTED_POCKET_D4_LOADER
P25481,0,0,0,0,0,0,1.6894752979278564,BLOCKED_AFDB_STRUCTURE_FETCH_FAILED
P25933,0,0,0,0,0,0,1.6116838455200195,BLOCKED_AFDB_STRUCTURE_FETCH_FAILED
P25934,0,0,0,0,0,0,1.5673251152038574,BLOCKED_AFDB_STRUCTURE_FETCH_FAILED
P25950,0,0,0,0,0,0,1.8652172088623047,BLOCKED_AFDB_STRUCTURE_FETCH_FAILED
P25987,0,0,0,0,0,0,1.9371037483215332,BLOCKED_AFDB_STRUCTURE_FETCH_FAILED
P26192,0,0,0,0,0,0,20.80583620071411,BLOCKED_AFDB_STRUCTURE_FETCH_FAILED
P26460,0,0,0,0,0,0,1.589693307876587,BLOCKED_AFDB_STRUCTURE_FETCH_FAILED
P26542,0,0,0,0,0,0,2.5964479446411133,BLOCKED_AFDB_STRUCTURE_FETCH_FAILED
P26543,0,0,0,0,0,0,1.6773405075073242,BLOCKED_AFDB_STRUCTURE_FETCH_FAILED
P26544,0,0,0,0,0,0,4.661259651184082,BLOCKED_AFDB_STRUCTURE_FETCH_FAILED
P26653,0,0,0,0,0,0,2.01133394241333,BLOCKED_AFDB_STRUCTURE_FETCH_FAILED
P26670,0,0,0,0,0,0,1.5908620357513428,BLOCKED_AFDB_STRUCTURE_FETCH_FAILED
P26685,0,0,0,0,0,0,3.061720609664917,BLOCKED_AFDB_STRUCTURE_FETCH_FAILED
P26713,0,0,0,0,0,0,1.7080204486846924,BLOCKED_AFDB_STRUCTURE_FETCH_FAILED
P26843,0,0,0,0,0,0,5.7780070304870605,BLOCKED_AFDB_P2RANK_NO_POCKET
P26965,0,0,0,0,0,0,4.70696496963501,BLOCKED_AFDB_P2RANK_NO_POCKET
P26970,0,0,0,0,0,0,1.907001256942749,BLOCKED_AFDB_STRUCTURE_FETCH_FAILED
P26971,0,0,0,0,0,0,3.787978172302246,BLOCKED_AFDB_STRUCTURE_FETCH_FAILED
P27063,0,0,0,0,0,0,4.525518178939819,BLOCKED_AFDB_P2RANK_NO_POCKET
P27067,0,0,0,0,0,0,4.363159894943237,BLOCKED_AFDB_P2RANK_NO_POCKET
P27220,0,0,0,0,0,0,2.386277198791504,BLOCKED_AFDB_STRUCTURE_FETCH_FAILED
P27221,0,0,0,0,0,0,2.302532434463501,BLOCKED_AFDB_STRUCTURE_FETCH_FAILED
P27327,0,0,0,0,0,0,1.7203631401062012,BLOCKED_AFDB_STRUCTURE_FETCH_FAILED
P27328,0,0,0,0,0,0,1.902393102645874,BLOCKED_AFDB_STRUCTURE_FETCH_FAILED
P27363,0,0,0,0,0,0,1.6897239685058594,BLOCKED_AFDB_STRUCTURE_FETCH_FAILED
P27421,0,0,0,0,0,0,1.702028512954712,BLOCKED_AFDB_STRUCTURE_FETCH_FAILED
P27438,0,0,0,0,0,0,1.6851437091827393,BLOCKED_AFDB_STRUCTURE_FETCH_FAILED
P27454,0,0,0,0,0,0,4.830398321151733,BLOCKED_AFDB_STRUCTURE_FETCH_FAILED
P27551,0,0,0,0,0,0,1.663727045059204,BLOCKED_AFDB_STRUCTURE_FETCH_FAILED
P27582,0,0,0,0,0,0,1.6456987857818604,BLOCKED_AFDB_STRUCTURE_FETCH_FAILED
P27583,0,0,0,0,0,0,1.6888298988342285,BLOCKED_AFDB_STRUCTURE_FETCH_FAILED
P27641,0,0,0,0,0,0,9.409697532653809,PASS_AFDB_P2RANK_PREDICTED_POCKET_D4_LOADER
P27966,0,0,0,0,0,0,1.6769607067108154,BLOCKED_AFDB_STRUCTURE_FETCH_FAILED
P28017,0,0,0,0,0,0,5.086032867431641,BLOCKED_AFDB_P2RANK_NO_POCKET
P28270,0,0,0,0,0,0,5.051789283752441,BLOCKED_AFDB_P2RANK_NO_POCKET
P28378,0,0,0,0,0,0,1.6883668899536133,BLOCKED_AFDB_STRUCTURE_FETCH_FAILED
P28380,0,0,0,0,0,0,1.7646832466125488,BLOCKED_AFDB_STRUCTURE_FETCH_FAILED
P28390,0,0,0,0,0,0,1.6228504180908203,BLOCKED_AFDB_STRUCTURE_FETCH_FAILED
P28392,0,0,0,0,0,0,1.557319164276123,BLOCKED_AFDB_STRUCTURE_FETCH_FAILED
P28409,0,0,0,0,0,0,1.5879034996032715,BLOCKED_AFDB_STRUCTURE_FETCH_FAILED
P28413,0,0,0,0,0,0,1.6083979606628418,BLOCKED_AFDB_STRUCTURE_FETCH_FAILED
P28419,0,0,0,0,0,0,1.6472983360290527,BLOCKED_AFDB_STRUCTURE_FETCH_FAILED
P28421,0,0,0,0,0,0,1.6066019535064697,BLOCKED_AFDB_STRUCTURE_FETCH_FAILED
P28429,0,0,0,0,0,0,1.6020467281341553,BLOCKED_AFDB_STRUCTURE_FETCH_FAILED
P28436,0,0,0,0,0,0,2.2085535526275635,BLOCKED_AFDB_STRUCTURE_FETCH_FAILED
P28438,0,0,0,0,0,0,1.6387593746185303,BLOCKED_AFDB_STRUCTURE_FETCH_FAILED
P28453,0,0,0,0,0,0,1.5883359909057617,BLOCKED_AFDB_STRUCTURE_FETCH_FAILED
P28459,0,0,0,0,0,0,1.6123404502868652,BLOCKED_AFDB_STRUCTURE_FETCH_FAILED
P28467,0,0,0,0,0,0,1.6031241416931152,BLOCKED_AFDB_STRUCTURE_FETCH_FAILED
P28624,0,0,0,0,0,0,1.6739139556884766,BLOCKED_AFDB_STRUCTURE_FETCH_FAILED
P28846,0,0,0,0,0,0,1.6879239082336426,BLOCKED_AFDB_STRUCTURE_FETCH_FAILED
P28847,0,0,0,0,0,0,1.9958713054656982,BLOCKED_AFDB_STRUCTURE_FETCH_FAILED
P28851,0,0,0,0,0,0,2.621535301208496,BLOCKED_AFDB_STRUCTURE_FETCH_FAILED
P28852,0,0,0,0,0,0,1.8937394618988037,BLOCKED_AFDB_STRUCTURE_FETCH_FAILED
P28855,0,0,0,0,0,0,2.958007574081421,BLOCKED_AFDB_STRUCTURE_FETCH_FAILED
P28892,0,0,0,0,0,0,1.915522575378418,BLOCKED_AFDB_STRUCTURE_FETCH_FAILED
P28926,0,0,0,0,0,0,1.8098232746124268,BLOCKED_AFDB_STRUCTURE_FETCH_FAILED
P28966,0,0,0,0,0,0,1.6513772010803223,BLOCKED_AFDB_STRUCTURE_FETCH_FAILED
P29177,0,0,0,0,0,0,1.6154873371124268,BLOCKED_AFDB_STRUCTURE_FETCH_FAILED
P29188,0,0,0,0,0,0,1.966428518295288,BLOCKED_AFDB_STRUCTURE_FETCH_FAILED
P29259,0,0,0,0,0,0,2.0366339683532715,BLOCKED_AFDB_STRUCTURE_FETCH_FAILED
P29260,0,0,0,0,0,0,2.1947836875915527,BLOCKED_AFDB_STRUCTURE_FETCH_FAILED
P29261,0,0,0,0,0,0,3.656062126159668,BLOCKED_AFDB_STRUCTURE_FETCH_FAILED
P29262,0,0,0,0,0,0,2.3750557899475098,BLOCKED_AFDB_STRUCTURE_FETCH_FAILED
P29263,0,0,0,0,0,0,1.894566297531128,BLOCKED_AFDB_STRUCTURE_FETCH_FAILED
P29264,0,0,0,0,0,0,1.6520922183990479,BLOCKED_AFDB_STRUCTURE_FETCH_FAILED
P29265,0,0,0,0,0,0,1.6986982822418213,BLOCKED_AFDB_STRUCTURE_FETCH_FAILED
P29458,0,0,0,0,0,0,10.131825685501099,PASS_AFDB_P2RANK_PREDICTED_POCKET_D4_LOADER
P29562,0,0,0,0,0,0,28.642069816589355,PASS_AFDB_P2RANK_PREDICTED_POCKET_D4_LOADER
P29605,0,0,0,0,0,0,1.6110756397247314,BLOCKED_AFDB_STRUCTURE_FETCH_FAILED
P29804,0,0,0,0,0,0,9.075303316116333,PASS_AFDB_P2RANK_PREDICTED_POCKET_D4_LOADER
P29814,0,0,0,0,0,0,1.9960129261016846,BLOCKED_AFDB_STRUCTURE_FETCH_FAILED
P29883,0,0,0,0,0,0,1.6590662002563477,BLOCKED_AFDB_STRUCTURE_FETCH_FAILED
P29884,0,0,0,0,0,0,1.5658750534057617,BLOCKED_AFDB_STRUCTURE_FETCH_FAILED
P29885,0,0,0,0,0,0,2.867441415786743,BLOCKED_AFDB_STRUCTURE_FETCH_FAILED
P30007,0,0,0,0,0,0,1.5700526237487793,BLOCKED_AFDB_STRUCTURE_FETCH_FAILED
P30168,0,0,0,0,0,0,20.898338317871094,BLOCKED_AFDB_STRUCTURE_FETCH_FAILED
P30169,0,0,0,0,0,0,2.8630294799804688,BLOCKED_AFDB_STRUCTURE_FETCH_FAILED
P30215,0,0,0,0,0,0,1.624880313873291,BLOCKED_AFDB_STRUCTURE_FETCH_FAILED
P30662,0,0,0,0,0,0,1.9231131076812744,BLOCKED_AFDB_STRUCTURE_FETCH_FAILED
P30810,0,0,0,0,0,0,1.635606288909912,BLOCKED_AFDB_STRUCTURE_FETCH_FAILED
P30837,0,0,0,0,0,0,8.796253442764282,PASS_AFDB_P2RANK_PREDICTED_POCKET_D4_LOADER
P30918,0,0,0,0,0,0,1.5847327709197998,BLOCKED_AFDB_STRUCTURE_FETCH_FAILED
P30930,0,0,0,0,0,0,1.7052984237670898,BLOCKED_AFDB_STRUCTURE_FETCH_FAILED
P31017,0,0,0,0,0,0,8.164281606674194,PASS_AFDB_P2RANK_PREDICTED_POCKET_D4_LOADER
P31021,0,0,0,0,0,0,8.515532732009888,PASS_AFDB_P2RANK_PREDICTED_POCKET_D4_LOADER
P31051,0,0,0,0,0,0,4.891533613204956,BLOCKED_AFDB_P2RANK_NO_POCKET
P31118,0,0,0,0,0,0,1.9822335243225098,BLOCKED_AFDB_STRUCTURE_FETCH_FAILED
P31180,0,0,0,0,0,0,4.9575722217559814,BLOCKED_AFDB_P2RANK_NO_POCKET
P31181,0,0,0,0,0,0,5.037386417388916,BLOCKED_AFDB_P2RANK_NO_POCKET
P31182,0,0,0,0,0,0,2.572172164916992,BLOCKED_AFDB_STRUCTURE_FETCH_FAILED
P31183,0,0,0,0,0,0,2.6634440422058105,BLOCKED_AFDB_STRUCTURE_FETCH_FAILED
P31184,0,0,0,0,0,0,2.373222827911377,BLOCKED_AFDB_STRUCTURE_FETCH_FAILED
P31188,0,0,0,0,0,0,5.269998073577881,BLOCKED_AFDB_P2RANK_NO_POCKET
P31190,0,0,0,0,0,0,5.004141807556152,BLOCKED_AFDB_P2RANK_NO_POCKET
P31191,0,0,0,0,0,0,4.985308885574341,BLOCKED_AFDB_P2RANK_NO_POCKET
P31192,0,0,0,0,0,0,5.3083226680755615,BLOCKED_AFDB_P2RANK_NO_POCKET
P31193,0,0,0,0,0,0,25.367918729782104,BLOCKED_AFDB_P2RANK_NO_POCKET
P31194,0,0,0,0,0,0,5.085197448730469,BLOCKED_AFDB_P2RANK_NO_POCKET
P31195,0,0,0,0,0,0,4.979845762252808,BLOCKED_AFDB_P2RANK_NO_POCKET
P31196,0,0,0,0,0,0,1.846299409866333,BLOCKED_AFDB_STRUCTURE_FETCH_FAILED
P31198,0,0,0,0,0,0,4.965528249740601,BLOCKED_AFDB_P2RANK_NO_POCKET
P31199,0,0,0,0,0,0,5.002260208129883,BLOCKED_AFDB_P2RANK_NO_POCKET
P31200,0,0,0,0,0,0,5.3704423904418945,BLOCKED_AFDB_P2RANK_NO_POCKET
P31201,0,0,0,0,0,0,1.5696055889129639,BLOCKED_AFDB_STRUCTURE_FETCH_FAILED
P31202,0,0,0,0,0,0,1.6347935199737549,BLOCKED_AFDB_STRUCTURE_FETCH_FAILED
P31213,0,0,0,0,0,0,7.878783941268921,PASS_AFDB_P2RANK_PREDICTED_POCKET_D4_LOADER
P31228,0,0,0,0,0,0,9.302214622497559,PASS_AFDB_P2RANK_PREDICTED_POCKET_D4_LOADER
P31545,0,0,0,0,0,0,10.147061586380005,PASS_AFDB_P2RANK_PREDICTED_POCKET_D4_LOADER
P31613,0,0,0,0,0,0,1.5856437683105469,BLOCKED_AFDB_STRUCTURE_FETCH_FAILED
P31614,0,0,0,0,0,0,2.105319023132324,BLOCKED_AFDB_STRUCTURE_FETCH_FAILED
P31615,0,0,0,0,0,0,2.214960813522339,BLOCKED_AFDB_STRUCTURE_FETCH_FAILED
P31625,0,0,0,0,0,0,2.4749338626861572,BLOCKED_AFDB_STRUCTURE_FETCH_FAILED
P31654,0,0,0,0,0,0,1.6307523250579834,BLOCKED_AFDB_STRUCTURE_FETCH_FAILED
P31693,0,0,0,0,0,0,1.7166686058044434,BLOCKED_AFDB_STRUCTURE_FETCH_FAILED
P31748,0,0,0,0,0,0,1.6628243923187256,BLOCKED_AFDB_STRUCTURE_FETCH_FAILED
P31859,0,0,0,0,0,0,1.5926940441131592,BLOCKED_AFDB_STRUCTURE_FETCH_FAILED
P31874,0,0,0,0,0,0,6.1514317989349365,BLOCKED_AFDB_P2RANK_NO_POCKET
P32094,0,0,0,0,0,0,1.598073959350586,BLOCKED_AFDB_STRUCTURE_FETCH_FAILED
P32129,0,0,0,0,0,0,8.063488483428955,PASS_AFDB_P2RANK_PREDICTED_POCKET_D4_LOADER
P32157,0,0,0,0,0,0,7.538338661193848,PASS_AFDB_P2RANK_PREDICTED_POCKET_D4_LOADER
P32185,0,0,0,0,0,0,4.851470947265625,BLOCKED_AFDB_P2RANK_NO_POCKET
P32208,0,0,0,0,0,0,2.019392490386963,BLOCKED_AFDB_STRUCTURE_FETCH_FAILED
P32209,0,0,0,0,0,0,1.5782718658447266,BLOCKED_AFDB_STRUCTURE_FETCH_FAILED
P32216,0,0,0,0,0,0,1.6112678050994873,BLOCKED_AFDB_STRUCTURE_FETCH_FAILED
P32270,0,0,0,0,0,0,1.8834922313690186,BLOCKED_AFDB_STRUCTURE_FETCH_FAILED
P32282,0,0,0,0,0,0,1.651463270187378,BLOCKED_AFDB_STRUCTURE_FETCH_FAILED
P32396,0,0,0,0,0,0,7.8825600147247314,PASS_AFDB_P2RANK_PREDICTED_POCKET_D4_LOADER
P32428,0,0,0,0,0,0,1.5978813171386719,BLOCKED_AFDB_STRUCTURE_FETCH_FAILED
P32441,0,0,0,0,0,0,4.519259214401245,BLOCKED_AFDB_P2RANK_NO_POCKET
P32516,0,0,0,0,0,0,1.652480125427246,BLOCKED_AFDB_STRUCTURE_FETCH_FAILED
P32593,0,0,0,0,0,0,1.6622216701507568,BLOCKED_AFDB_STRUCTURE_FETCH_FAILED
P32754,0,0,0,0,0,0,8.041785955429077,PASS_AFDB_P2RANK_PREDICTED_POCKET_D4_LOADER
P32791,0,0,0,0,0,0,9.225537300109863,PASS_AFDB_P2RANK_PREDICTED_POCKET_D4_LOADER
P32933,0,0,0,0,0,0,1.6386017799377441,BLOCKED_AFDB_STRUCTURE_FETCH_FAILED
P32934,0,0,0,0,0,0,1.6212570667266846,BLOCKED_AFDB_STRUCTURE_FETCH_FAILED
P32935,0,0,0,0,0,0,1.5967576503753662,BLOCKED_AFDB_STRUCTURE_FETCH_FAILED
P33036,0,0,0,0,0,0,4.720089673995972,BLOCKED_AFDB_P2RANK_NO_POCKET
P33052,0,0,0,0,0,0,1.5563783645629883,BLOCKED_AFDB_STRUCTURE_FETCH_FAILED
P33072,0,0,0,0,0,0,1.6835098266601562,BLOCKED_AFDB_STRUCTURE_FETCH_FAILED
P33163,0,0,0,0,0,0,4.909520387649536,BLOCKED_AFDB_P2RANK_NO_POCKET
P33168,0,0,0,0,0,0,8.336974382400513,PASS_AFDB_P2RANK_PREDICTED_POCKET_D4_LOADER
P33261,0,0,0,0,0,0,8.515814542770386,PASS_AFDB_P2RANK_PREDICTED_POCKET_D4_LOADER
P33422,0,0,0,0,0,0,3.079036235809326,BLOCKED_AFDB_STRUCTURE_FETCH_FAILED
P33468,0,0,0,0,0,0,1.6823532581329346,BLOCKED_AFDB_STRUCTURE_FETCH_FAILED
P33497,0,0,0,0,0,0,1.6600890159606934,BLOCKED_AFDB_STRUCTURE_FETCH_FAILED
P33623,0,0,0,0,0,0,1.5505878925323486,BLOCKED_AFDB_STRUCTURE_FETCH_FAILED
P33626,0,0,0,0,0,0,4.973018169403076,BLOCKED_AFDB_P2RANK_NO_POCKET
P33800,0,0,0,0,0,0,1.5676922798156738,BLOCKED_AFDB_STRUCTURE_FETCH_FAILED
P33801,0,0,0,0,0,0,1.9597077369689941,BLOCKED_AFDB_STRUCTURE_FETCH_FAILED
P33802,0,0,0,0,0,0,1.579035997390747,BLOCKED_AFDB_STRUCTURE_FETCH_FAILED
P33815,0,0,0,0,0,0,3.1591763496398926,BLOCKED_AFDB_STRUCTURE_FETCH_FAILED
P34033,0,0,0,0,0,0,5.571607351303101,BLOCKED_AFDB_P2RANK_NO_POCKET
P34039,0,0,0,0,0,0,2.675321578979492,BLOCKED_AFDB_STRUCTURE_FETCH_FAILED
P34206,0,0,0,0,0,0,1.7132596969604492,BLOCKED_AFDB_STRUCTURE_FETCH_FAILED
P34331,0,0,0,0,0,0,9.323264360427856,PASS_AFDB_P2RANK_PREDICTED_POCKET_D4_LOADER
P35021,0,0,0,0,0,0,8.226434230804443,PASS_AFDB_P2RANK_PREDICTED_POCKET_D4_LOADER
P35276,0,0,0,0,0,0,7.804498195648193,PASS_AFDB_P2RANK_PREDICTED_POCKET_D4_LOADER
P35282,0,0,0,0,0,0,8.29361867904663,PASS_AFDB_P2RANK_PREDICTED_POCKET_D4_LOADER
P35285,0,0,0,0,0,0,7.5216145515441895,PASS_AFDB_P2RANK_PREDICTED_POCKET_D4_LOADER
P35289,0,0,0,0,0,0,7.67811393737793,PASS_AFDB_P2RANK_PREDICTED_POCKET_D4_LOADER
P35290,0,0,0,0,0,0,7.897752285003662,PASS_AFDB_P2RANK_PREDICTED_POCKET_D4_LOADER
P35292,0,0,0,0,0,0,7.781050682067871,PASS_AFDB_P2RANK_PREDICTED_POCKET_D4_LOADER
P35293,0,0,0,0,0,0,7.515310764312744,PASS_AFDB_P2RANK_PREDICTED_POCKET_D4_LOADER
P35295,0,0,0,0,0,0,7.791059732437134,PASS_AFDB_P2RANK_PREDICTED_POCKET_D4_LOADER
P35430,0,0,0,0,0,0,4.3517396450042725,BLOCKED_AFDB_P2RANK_NO_POCKET
P35630,0,0,0,0,0,0,8.099660634994507,PASS_AFDB_P2RANK_PREDICTED_POCKET_D4_LOADER
P35744,0,0,0,0,0,0,7.02268648147583,PASS_AFDB_P2RANK_PREDICTED_POCKET_D4_LOADER
P35851,0,0,0,0,0,0,4.930648326873779,BLOCKED_AFDB_P2RANK_NO_POCKET
P35902,0,0,0,0,0,0,4.766847133636475,BLOCKED_AFDB_P2RANK_NO_POCKET
P35946,0,0,0,0,0,0,1.6214826107025146,BLOCKED_AFDB_STRUCTURE_FETCH_FAILED
P36216,0,0,0,0,0,0,2.8744585514068604,BLOCKED_AFDB_STRUCTURE_FETCH_FAILED
P36226,0,0,0,0,0,0,1.601881504058838,BLOCKED_AFDB_STRUCTURE_FETCH_FAILED
P36232,0,0,0,0,0,0,1.6360893249511719,BLOCKED_AFDB_STRUCTURE_FETCH_FAILED
P36311,0,0,0,0,0,0,3.1650466918945312,BLOCKED_AFDB_STRUCTURE_FETCH_FAILED
P36479,0,0,0,0,0,0,1.5632390975952148,BLOCKED_AFDB_STRUCTURE_FETCH_FAILED
P36480,0,0,0,0,0,0,3.287924289703369,BLOCKED_AFDB_STRUCTURE_FETCH_FAILED
P36483,0,0,0,0,0,0,1.6932570934295654,BLOCKED_AFDB_STRUCTURE_FETCH_FAILED
P36484,0,0,0,0,0,0,1.7650766372680664,BLOCKED_AFDB_STRUCTURE_FETCH_FAILED
P36485,0,0,0,0,0,0,1.7166063785552979,BLOCKED_AFDB_STRUCTURE_FETCH_FAILED
P36487,0,0,0,0,0,0,20.790786743164062,BLOCKED_AFDB_STRUCTURE_FETCH_FAILED
P36488,0,0,0,0,0,0,1.715489387512207,BLOCKED_AFDB_STRUCTURE_FETCH_FAILED
P36489,0,0,0,0,0,0,1.6045584678649902,BLOCKED_AFDB_STRUCTURE_FETCH_FAILED
P36490,0,0,0,0,0,0,5.308670520782471,BLOCKED_AFDB_STRUCTURE_FETCH_FAILED
P36510,0,0,0,0,0,0,1.6164650917053223,BLOCKED_AFDB_STRUCTURE_FETCH_FAILED
P36639,0,0,0,0,0,0,8.031560897827148,PASS_AFDB_P2RANK_PREDICTED_POCKET_D4_LOADER
P36686,0,0,0,0,0,0,5.108773708343506,BLOCKED_AFDB_P2RANK_NO_POCKET
P36719,0,0,0,0,0,0,3.735422372817993,BLOCKED_AFDB_STRUCTURE_FETCH_FAILED
P36720,0,0,0,0,0,0,3.1948673725128174,BLOCKED_AFDB_STRUCTURE_FETCH_FAILED
P36721,0,0,0,0,0,0,5.270559072494507,BLOCKED_AFDB_STRUCTURE_FETCH_FAILED
P36722,0,0,0,0,0,0,1.5998320579528809,BLOCKED_AFDB_STRUCTURE_FETCH_FAILED
P36723,0,0,0,0,0,0,2.976463556289673,BLOCKED_AFDB_STRUCTURE_FETCH_FAILED
P36724,0,0,0,0,0,0,1.6314003467559814,BLOCKED_AFDB_STRUCTURE_FETCH_FAILED
P36725,0,0,0,0,0,0,1.684910774230957,BLOCKED_AFDB_STRUCTURE_FETCH_FAILED
P36727,0,0,0,0,0,0,1.5889897346496582,BLOCKED_AFDB_STRUCTURE_FETCH_FAILED
P36728,0,0,0,0,0,0,1.7300975322723389,BLOCKED_AFDB_STRUCTURE_FETCH_FAILED
P36729,0,0,0,0,0,0,1.5693981647491455,BLOCKED_AFDB_STRUCTURE_FETCH_FAILED
P36730,0,0,0,0,0,0,1.5740230083465576,BLOCKED_AFDB_STRUCTURE_FETCH_FAILED
P36968,0,0,0,0,0,0,1.6390149593353271,BLOCKED_AFDB_STRUCTURE_FETCH_FAILED
P36969,0,0,0,0,0,0,2.089747428894043,BLOCKED_AFDB_STRUCTURE_FETCH_FAILED
P36970,0,0,0,0,0,0,1.646927833557129,BLOCKED_AFDB_STRUCTURE_FETCH_FAILED
P37141,0,0,0,0,0,0,2.083460569381714,BLOCKED_AFDB_STRUCTURE_FETCH_FAILED
P37188,0,0,0,0,0,0,5.551678419113159,BLOCKED_AFDB_P2RANK_NO_POCKET
P37213,0,0,0,0,0,0,9.602578401565552,PASS_AFDB_P2RANK_PREDICTED_POCKET_D4_LOADER
P37356,0,0,0,0,0,0,1.5659170150756836,BLOCKED_AFDB_STRUCTURE_FETCH_FAILED
P37365,0,0,0,0,0,0,3.0911097526550293,BLOCKED_AFDB_STRUCTURE_FETCH_FAILED
P37987,0,0,0,0,0,0,2.855980396270752,BLOCKED_AFDB_STRUCTURE_FETCH_FAILED
P38646,0,0,0,0,0,0,9.021429061889648,PASS_AFDB_P2RANK_PREDICTED_POCKET_D4_LOADER
P38919,0,0,0,0,0,0,8.525048971176147,PASS_AFDB_P2RANK_PREDICTED_POCKET_D4_LOADER
P38935,0,0,0,0,0,0,10.024046897888184,PASS_AFDB_P2RANK_PREDICTED_POCKET_D4_LOADER
P39262,0,0,0,0,0,0,1.6443917751312256,BLOCKED_AFDB_STRUCTURE_FETCH_FAILED
P39421,0,0,0,0,0,0,1.9780237674713135,BLOCKED_AFDB_STRUCTURE_FETCH_FAILED
P39423,0,0,0,0,0,0,1.9832007884979248,BLOCKED_AFDB_STRUCTURE_FETCH_FAILED
P39475,0,0,0,0,0,0,8.219421148300171,PASS_AFDB_P2RANK_PREDICTED_POCKET_D4_LOADER
P39746,0,0,0,0,0,0,5.357410192489624,BLOCKED_AFDB_P2RANK_NO_POCKET
P39888,0,0,0,0,0,0,8.869335412979126,PASS_AFDB_P2RANK_PREDICTED_POCKET_D4_LOADER
P39915,0,0,0,0,0,0,1.9096050262451172,BLOCKED_AFDB_STRUCTURE_FETCH_FAILED
P40227,0,0,0,0,0,0,9.008190393447876,PASS_AFDB_P2RANK_PREDICTED_POCKET_D4_LOADER
P40516,0,0,0,0,0,0,7.624006032943726,PASS_AFDB_P2RANK_PREDICTED_POCKET_D4_LOADER
P40562,0,0,0,0,0,0,14.036044597625732,PASS_AFDB_P2RANK_PREDICTED_POCKET_D4_LOADER
P41021,0,0,0,0,0,0,5.666547536849976,BLOCKED_AFDB_P2RANK_NO_POCKET
P41022,0,0,0,0,0,0,5.574024438858032,BLOCKED_AFDB_P2RANK_NO_POCKET
P41124,0,0,0,0,0,0,4.713276147842407,BLOCKED_AFDB_P2RANK_NO_POCKET
P41148,0,0,0,0,0,0,12.955207109451294,PASS_AFDB_P2RANK_PREDICTED_POCKET_D4_LOADER
P41389,0,0,0,0,0,0,9.615424394607544,PASS_AFDB_P2RANK_PREDICTED_POCKET_D4_LOADER
P41397,0,0,0,0,0,0,6.914979934692383,PASS_AFDB_P2RANK_PREDICTED_POCKET_D4_LOADER
P41415,0,0,0,0,0,0,2.945882797241211,BLOCKED_AFDB_STRUCTURE_FETCH_FAILED
P41469,0,0,0,0,0,0,1.5972163677215576,BLOCKED_AFDB_STRUCTURE_FETCH_FAILED
P41476,0,0,0,0,0,0,2.764108896255493,BLOCKED_AFDB_STRUCTURE_FETCH_FAILED
P41477,0,0,0,0,0,0,1.6111416816711426,BLOCKED_AFDB_STRUCTURE_FETCH_FAILED
P41480,0,0,0,0,0,0,1.6160480976104736,BLOCKED_AFDB_STRUCTURE_FETCH_FAILED
P41676,0,0,0,0,0,0,1.6851379871368408,BLOCKED_AFDB_STRUCTURE_FETCH_FAILED
P41719,0,0,0,0,0,0,1.9518227577209473,BLOCKED_AFDB_STRUCTURE_FETCH_FAILED
P41720,0,0,0,0,0,0,1.6314351558685303,BLOCKED_AFDB_STRUCTURE_FETCH_FAILED
P42215,0,0,0,0,0,0,5.120026588439941,BLOCKED_AFDB_P2RANK_NO_POCKET
P42365,0,0,0,0,0,0,5.224843263626099,BLOCKED_AFDB_P2RANK_NO_POCKET
P42490,0,0,0,0,0,0,2.475830078125,BLOCKED_AFDB_STRUCTURE_FETCH_FAILED
P42491,0,0,0,0,0,0,2.807284355163574,BLOCKED_AFDB_STRUCTURE_FETCH_FAILED
P42492,0,0,0,0,0,0,1.8969497680664062,BLOCKED_AFDB_STRUCTURE_FETCH_FAILED
P42493,0,0,0,0,0,0,1.6110389232635498,BLOCKED_AFDB_STRUCTURE_FETCH_FAILED
P42709,0,0,0,0,0,0,6.932297945022583,PASS_AFDB_P2RANK_PREDICTED_POCKET_D4_LOADER
P42875,0,0,0,0,0,0,5.3434460163116455,BLOCKED_AFDB_P2RANK_NO_POCKET
P42886,0,0,0,0,0,0,5.682932376861572,BLOCKED_AFDB_P2RANK_NO_POCKET
P42887,0,0,0,0,0,0,5.843601703643799,BLOCKED_AFDB_P2RANK_NO_POCKET
P43251,0,0,0,0,0,0,8.498571872711182,PASS_AFDB_P2RANK_PREDICTED_POCKET_D4_LOADER
P43318,0,0,0,0,0,0,6.025141716003418,BLOCKED_AFDB_P2RANK_NO_POCKET
P43806,0,0,0,0,0,0,2.042490243911743,BLOCKED_AFDB_STRUCTURE_FETCH_FAILED
P43836,0,0,0,0,0,0,1.8522059917449951,BLOCKED_AFDB_STRUCTURE_FETCH_FAILED
P43892,0,0,0,0,0,0,1.6464955806732178,BLOCKED_AFDB_STRUCTURE_FETCH_FAILED
P43911,0,0,0,0,0,0,1.5762288570404053,BLOCKED_AFDB_STRUCTURE_FETCH_FAILED
P44197,0,0,0,0,0,0,1.6046550273895264,BLOCKED_AFDB_STRUCTURE_FETCH_FAILED
P44255,0,0,0,0,0,0,7.646496534347534,PASS_AFDB_P2RANK_PREDICTED_POCKET_D4_LOADER
P44393,0,0,0,0,0,0,5.335250377655029,BLOCKED_AFDB_P2RANK_NO_POCKET
P44431,0,0,0,0,0,0,2.693942070007324,BLOCKED_AFDB_STRUCTURE_FETCH_FAILED
P44479,0,0,0,0,0,0,5.638058662414551,BLOCKED_AFDB_P2RANK_NO_POCKET
P44534,0,0,0,0,0,0,2.8893721103668213,BLOCKED_AFDB_STRUCTURE_FETCH_FAILED
P44785,0,0,0,0,0,0,1.5411922931671143,BLOCKED_AFDB_STRUCTURE_FETCH_FAILED
P45120,0,0,0,0,0,0,1.9466626644134521,BLOCKED_AFDB_STRUCTURE_FETCH_FAILED
P45388,0,0,0,0,0,0,5.400747299194336,BLOCKED_AFDB_P2RANK_NO_POCKET
P45475,0,0,0,0,0,0,7.738555431365967,PASS_AFDB_P2RANK_PREDICTED_POCKET_D4_LOADER
P45527,0,0,0,0,0,0,8.08955979347229,PASS_AFDB_P2RANK_PREDICTED_POCKET_D4_LOADER
P45845,0,0,0,0,0,0,1.6307687759399414,BLOCKED_AFDB_STRUCTURE_FETCH_FAILED
P46063,0,0,0,0,0,0,9.283700466156006,PASS_AFDB_P2RANK_PREDICTED_POCKET_D4_LOADER
P46364,0,0,0,0,0,0,1.7044281959533691,BLOCKED_AFDB_STRUCTURE_FETCH_FAILED
P46365,0,0,0,0,0,0,4.734006881713867,BLOCKED_AFDB_P2RANK_NO_POCKET
P46366,0,0,0,0,0,0,1.5653390884399414,BLOCKED_AFDB_STRUCTURE_FETCH_FAILED
P46380,0,0,0,0,0,0,4.735128402709961,BLOCKED_AFDB_P2RANK_NO_POCKET
P46412,0,0,0,0,0,0,1.5760221481323242,BLOCKED_AFDB_STRUCTURE_FETCH_FAILED
P46461,0,0,0,0,0,0,11.123696088790894,PASS_AFDB_P2RANK_PREDICTED_POCKET_D4_LOADER
P46462,0,0,0,0,0,0,9.45409083366394,PASS_AFDB_P2RANK_PREDICTED_POCKET_D4_LOADER
P46467,0,0,0,0,0,0,8.60986328125,PASS_AFDB_P2RANK_PREDICTED_POCKET_D4_LOADER
P46796,0,0,0,0,0,0,1.5883738994598389,BLOCKED_AFDB_STRUCTURE_FETCH_FAILED
P47724,0,0,0,0,0,0,5.395472288131714,BLOCKED_AFDB_P2RANK_NO_POCKET
P47981,0,0,0,0,0,0,5.749419212341309,BLOCKED_AFDB_P2RANK_NO_POCKET
P47985,0,0,0,0,0,0,6.370595455169678,BLOCKED_AFDB_P2RANK_NO_POCKET
P48063,0,0,0,0,0,0,4.88980507850647,BLOCKED_AFDB_P2RANK_NO_POCKET
P48073,0,0,0,0,0,0,1.5804524421691895,BLOCKED_AFDB_STRUCTURE_FETCH_FAILED
P48074,0,0,0,0,0,0,1.6886301040649414,BLOCKED_AFDB_STRUCTURE_FETCH_FAILED
P48429,0,0,0,0,0,0,1.9197275638580322,BLOCKED_AFDB_STRUCTURE_FETCH_FAILED
P48438,0,0,0,0,0,0,1.6756181716918945,BLOCKED_AFDB_STRUCTURE_FETCH_FAILED
P48689,0,0,0,0,0,0,1.6620149612426758,BLOCKED_AFDB_STRUCTURE_FETCH_FAILED
P48691,0,0,0,0,0,0,1.549389362335205,BLOCKED_AFDB_STRUCTURE_FETCH_FAILED
P48699,0,0,0,0,0,0,1.569702386856079,BLOCKED_AFDB_STRUCTURE_FETCH_FAILED
P48712,0,0,0,0,0,0,1.7019143104553223,BLOCKED_AFDB_STRUCTURE_FETCH_FAILED
P49172,0,0,0,0,0,0,5.087106466293335,BLOCKED_AFDB_P2RANK_NO_POCKET
P49328,0,0,0,0,0,0,8.809173107147217,PASS_AFDB_P2RANK_PREDICTED_POCKET_D4_LOADER
P49577,0,0,0,0,0,0,9.43942904472351,PASS_AFDB_P2RANK_PREDICTED_POCKET_D4_LOADER
P49602,0,0,0,0,0,0,8.88387393951416,PASS_AFDB_P2RANK_PREDICTED_POCKET_D4_LOADER
P49761,0,0,0,0,0,0,9.353688716888428,PASS_AFDB_P2RANK_PREDICTED_POCKET_D4_LOADER
P49823,0,0,0,0,0,0,1.883829116821289,BLOCKED_AFDB_STRUCTURE_FETCH_FAILED
P49894,0,0,0,0,0,0,1.8999831676483154,BLOCKED_AFDB_STRUCTURE_FETCH_FAILED
P49895,0,0,0,0,0,0,1.6832242012023926,BLOCKED_AFDB_STRUCTURE_FETCH_FAILED
P49896,0,0,0,0,0,0,1.6423563957214355,BLOCKED_AFDB_STRUCTURE_FETCH_FAILED
P49897,0,0,0,0,0,0,1.6284348964691162,BLOCKED_AFDB_STRUCTURE_FETCH_FAILED
P49898,0,0,0,0,0,0,1.630431890487671,BLOCKED_AFDB_STRUCTURE_FETCH_FAILED
P49899,0,0,0,0,0,0,1.6980438232421875,BLOCKED_AFDB_STRUCTURE_FETCH_FAILED
P50371,0,0,0,0,0,0,8.765947580337524,PASS_AFDB_P2RANK_PREDICTED_POCKET_D4_LOADER
P50375,0,0,0,0,0,0,7.921476364135742,PASS_AFDB_P2RANK_PREDICTED_POCKET_D4_LOADER
P50547,0,0,0,0,0,0,9.067456483840942,PASS_AFDB_P2RANK_PREDICTED_POCKET_D4_LOADER
P50642,0,0,0,0,0,0,1.5675244331359863,BLOCKED_AFDB_STRUCTURE_FETCH_FAILED
P50643,0,0,0,0,0,0,3.5355224609375,BLOCKED_AFDB_STRUCTURE_FETCH_FAILED
P50644,0,0,0,0,0,0,1.602792501449585,BLOCKED_AFDB_STRUCTURE_FETCH_FAILED
P50645,0,0,0,0,0,0,1.666971206665039,BLOCKED_AFDB_STRUCTURE_FETCH_FAILED
P50646,0,0,0,0,0,0,1.6576957702636719,BLOCKED_AFDB_STRUCTURE_FETCH_FAILED
P50758,0,0,0,0,0,0,1.5993280410766602,BLOCKED_AFDB_STRUCTURE_FETCH_FAILED
P50759,0,0,0,0,0,0,1.9494655132293701,BLOCKED_AFDB_STRUCTURE_FETCH_FAILED
P50760,0,0,0,0,0,0,1.674595594406128,BLOCKED_AFDB_STRUCTURE_FETCH_FAILED
P50761,0,0,0,0,0,0,3.7501749992370605,BLOCKED_AFDB_STRUCTURE_FETCH_FAILED
P50762,0,0,0,0,0,0,1.607978105545044,BLOCKED_AFDB_STRUCTURE_FETCH_FAILED
P50763,0,0,0,0,0,0,1.9574148654937744,BLOCKED_AFDB_STRUCTURE_FETCH_FAILED
P50764,0,0,0,0,0,0,1.6662769317626953,BLOCKED_AFDB_STRUCTURE_FETCH_FAILED
P50765,0,0,0,0,0,0,1.8890559673309326,BLOCKED_AFDB_STRUCTURE_FETCH_FAILED
P50808,0,0,0,0,0,0,1.6295859813690186,BLOCKED_AFDB_STRUCTURE_FETCH_FAILED
P50859,0,0,0,0,0,0,8.605026483535767,PASS_AFDB_P2RANK_PREDICTED_POCKET_D4_LOADER
P50972,0,0,0,0,0,0,1.557462215423584,BLOCKED_AFDB_STRUCTURE_FETCH_FAILED
P50991,0,0,0,0,0,0,9.083945274353027,PASS_AFDB_P2RANK_PREDICTED_POCKET_D4_LOADER
P51101,0,0,0,0,0,0,1.5637168884277344,BLOCKED_AFDB_STRUCTURE_FETCH_FAILED
P51154,0,0,0,0,0,0,7.794060230255127,PASS_AFDB_P2RANK_PREDICTED_POCKET_D4_LOADER
P51156,0,0,0,0,0,0,8.15275526046753,PASS_AFDB_P2RANK_PREDICTED_POCKET_D4_LOADER
P51518,0,0,0,0,0,0,1.6185758113861084,BLOCKED_AFDB_STRUCTURE_FETCH_FAILED
P51552,0,0,0,0,0,0,2.520634651184082,BLOCKED_AFDB_STRUCTURE_FETCH_FAILED
P51715,0,0,0,0,0,0,2.237095832824707,BLOCKED_AFDB_STRUCTURE_FETCH_FAILED
P51894,0,0,0,0,0,0,2.8714139461517334,BLOCKED_AFDB_STRUCTURE_FETCH_FAILED
P51994,0,0,0,0,0,0,1.5818724632263184,BLOCKED_AFDB_STRUCTURE_FETCH_FAILED
P52201,0,0,0,0,0,0,5.183359384536743,BLOCKED_AFDB_P2RANK_NO_POCKET
P52216,0,0,0,0,0,0,1.6102583408355713,BLOCKED_AFDB_STRUCTURE_FETCH_FAILED
P52217,0,0,0,0,0,0,2.3127355575561523,BLOCKED_AFDB_STRUCTURE_FETCH_FAILED
P52284,0,0,0,0,0,0,1.903829574584961,BLOCKED_AFDB_STRUCTURE_FETCH_FAILED
P52341,0,0,0,0,0,0,1.948801040649414,BLOCKED_AFDB_STRUCTURE_FETCH_FAILED
P52502,0,0,0,0,0,0,1.929494857788086,BLOCKED_AFDB_STRUCTURE_FETCH_FAILED
P52541,0,0,0,0,0,0,1.7042598724365234,BLOCKED_AFDB_STRUCTURE_FETCH_FAILED
P52552,0,0,0,0,0,0,1.5835368633270264,BLOCKED_AFDB_STRUCTURE_FETCH_FAILED
P52649,0,0,0,0,0,0,8.882320880889893,PASS_AFDB_P2RANK_PREDICTED_POCKET_D4_LOADER
P52682,0,0,0,0,0,0,7.990001201629639,PASS_AFDB_P2RANK_PREDICTED_POCKET_D4_LOADER
P52844,0,0,0,0,0,0,8.235939502716064,PASS_AFDB_P2RANK_PREDICTED_POCKET_D4_LOADER
P53451,0,0,0,0,0,0,9.927263736724854,PASS_AFDB_P2RANK_PREDICTED_POCKET_D4_LOADER
P53700,0,0,0,0,0,0,10.929852485656738,PASS_AFDB_P2RANK_PREDICTED_POCKET_D4_LOADER
P53746,0,0,0,0,0,0,9.370328903198242,PASS_AFDB_P2RANK_PREDICTED_POCKET_D4_LOADER
P54092,0,0,0,0,0,0,1.6214468479156494,BLOCKED_AFDB_STRUCTURE_FETCH_FAILED
P54093,0,0,0,0,0,0,1.8071320056915283,BLOCKED_AFDB_STRUCTURE_FETCH_FAILED
P54279,0,0,0,0,0,0,9.959619998931885,PASS_AFDB_P2RANK_PREDICTED_POCKET_D4_LOADER
P54351,0,0,0,0,0,0,9.261347532272339,PASS_AFDB_P2RANK_PREDICTED_POCKET_D4_LOADER
P54452,0,0,0,0,0,0,7.321126937866211,PASS_AFDB_P2RANK_PREDICTED_POCKET_D4_LOADER
P54621,0,0,0,0,0,0,25.089801788330078,BLOCKED_AFDB_P2RANK_NO_POCKET
P54827,0,0,0,0,0,0,5.961449146270752,BLOCKED_AFDB_P2RANK_NO_POCKET
P54835,0,0,0,0,0,0,3.117793321609497,BLOCKED_AFDB_STRUCTURE_FETCH_FAILED
P54836,0,0,0,0,0,0,1.5989694595336914,BLOCKED_AFDB_STRUCTURE_FETCH_FAILED
P55072,0,0,0,0,0,0,9.659329891204834,PASS_AFDB_P2RANK_PREDICTED_POCKET_D4_LOADER
P55073,0,0,0,0,0,0,2.203800678253174,BLOCKED_AFDB_STRUCTURE_FETCH_FAILED
P55173,0,0,0,0,0,0,1.6490495204925537,BLOCKED_AFDB_STRUCTURE_FETCH_FAILED
P55235,0,0,0,0,0,0,1.5850191116333008,BLOCKED_AFDB_STRUCTURE_FETCH_FAILED
P55236,0,0,0,0,0,0,4.709248304367065,BLOCKED_AFDB_P2RANK_NO_POCKET
P55262,0,0,0,0,0,0,8.486529111862183,PASS_AFDB_P2RANK_PREDICTED_POCKET_D4_LOADER
P55734,0,0,0,0,0,0,7.666425466537476,PASS_AFDB_P2RANK_PREDICTED_POCKET_D4_LOADER
P55736,0,0,0,0,0,0,4.817487955093384,BLOCKED_AFDB_P2RANK_NO_POCKET
P55739,0,0,0,0,0,0,4.983632802963257,BLOCKED_AFDB_P2RANK_NO_POCKET
P55745,0,0,0,0,0,0,7.70867133140564,PASS_AFDB_P2RANK_PREDICTED_POCKET_D4_LOADER
P55793,0,0,0,0,0,0,5.180204629898071,BLOCKED_AFDB_P2RANK_NO_POCKET
P55804,0,0,0,0,0,0,1.6597559452056885,BLOCKED_AFDB_STRUCTURE_FETCH_FAILED
P55823,0,0,0,0,0,0,9.494095802307129,PASS_AFDB_P2RANK_PREDICTED_POCKET_D4_LOADER
P56471,0,0,0,0,0,0,8.303311586380005,PASS_AFDB_P2RANK_PREDICTED_POCKET_D4_LOADER
P56536,0,0,0,0,0,0,10.469125270843506,PASS_AFDB_P2RANK_PREDICTED_POCKET_D4_LOADER
P56544,0,0,0,0,0,0,5.457531213760376,BLOCKED_AFDB_P2RANK_NO_POCKET
P56591,0,0,0,0,0,0,3.036262273788452,BLOCKED_AFDB_STRUCTURE_FETCH_FAILED
P56870,0,0,0,0,0,0,1.6963813304901123,BLOCKED_AFDB_STRUCTURE_FETCH_FAILED
P58101,0,0,0,0,0,0,4.919191837310791,BLOCKED_AFDB_P2RANK_NO_POCKET
P58650,0,0,0,0,0,0,5.352319717407227,BLOCKED_AFDB_P2RANK_NO_POCKET
P58763,0,0,0,0,0,0,1.9464919567108154,BLOCKED_AFDB_STRUCTURE_FETCH_FAILED
P58817,0,0,0,0,0,0,5.266858816146851,BLOCKED_AFDB_P2RANK_NO_POCKET
P58834,0,0,0,0,0,0,7.085355281829834,PASS_AFDB_P2RANK_PREDICTED_POCKET_D4_LOADER
P58865,0,0,0,0,0,0,1.5652720928192139,BLOCKED_AFDB_STRUCTURE_FETCH_FAILED
P58866,0,0,0,0,0,0,3.318065643310547,BLOCKED_AFDB_STRUCTURE_FETCH_FAILED
P58898,0,0,0,0,0,0,1.6339232921600342,BLOCKED_AFDB_STRUCTURE_FETCH_FAILED
P58945,0,0,0,0,0,0,1.5643157958984375,BLOCKED_AFDB_STRUCTURE_FETCH_FAILED
P58969,0,0,0,0,0,0,2.684494972229004,BLOCKED_AFDB_STRUCTURE_FETCH_FAILED
P58970,0,0,0,0,0,0,1.6842334270477295,BLOCKED_AFDB_STRUCTURE_FETCH_FAILED
P58971,0,0,0,0,0,0,1.9211127758026123,BLOCKED_AFDB_STRUCTURE_FETCH_FAILED
P58972,0,0,0,0,0,0,1.5898501873016357,BLOCKED_AFDB_STRUCTURE_FETCH_FAILED
P58973,0,0,0,0,0,0,1.6885948181152344,BLOCKED_AFDB_STRUCTURE_FETCH_FAILED
P58974,0,0,0,0,0,0,2.399130344390869,BLOCKED_AFDB_STRUCTURE_FETCH_FAILED
P59066,0,0,0,0,0,0,4.493329286575317,BLOCKED_AFDB_P2RANK_NO_POCKET
P59190,0,0,0,0,0,0,7.812039613723755,PASS_AFDB_P2RANK_PREDICTED_POCKET_D4_LOADER
P59677,0,0,0,0,0,0,1.6857757568359375,BLOCKED_AFDB_STRUCTURE_FETCH_FAILED
P59678,0,0,0,0,0,0,26.029613971710205,BLOCKED_AFDB_P2RANK_NO_POCKET
P59709,0,0,0,0,0,0,1.6991369724273682,BLOCKED_AFDB_STRUCTURE_FETCH_FAILED
P59710,0,0,0,0,0,0,1.6000757217407227,BLOCKED_AFDB_STRUCTURE_FETCH_FAILED
P59711,0,0,0,0,0,0,1.9228403568267822,BLOCKED_AFDB_STRUCTURE_FETCH_FAILED
P59796,0,0,0,0,0,0,1.9293222427368164,BLOCKED_AFDB_STRUCTURE_FETCH_FAILED
P60338,0,0,0,0,0,0,8.536115884780884,PASS_AFDB_P2RANK_PREDICTED_POCKET_D4_LOADER
P60819,0,0,0,0,0,0,1.607590675354004,BLOCKED_AFDB_STRUCTURE_FETCH_FAILED
P60820,0,0,0,0,0,0,1.9011728763580322,BLOCKED_AFDB_STRUCTURE_FETCH_FAILED
P61028,0,0,0,0,0,0,8.028081893920898,PASS_AFDB_P2RANK_PREDICTED_POCKET_D4_LOADER
P61154,0,0,0,0,0,0,1.7563855648040771,BLOCKED_AFDB_STRUCTURE_FETCH_FAILED
P61248,0,0,0,0,0,0,5.378508806228638,BLOCKED_AFDB_P2RANK_NO_POCKET
P61250,0,0,0,0,0,0,5.361739158630371,BLOCKED_AFDB_P2RANK_NO_POCKET
P61733,0,0,0,0,0,0,5.703978776931763,BLOCKED_AFDB_P2RANK_NO_POCKET
P61734,0,0,0,0,0,0,5.596587419509888,BLOCKED_AFDB_P2RANK_NO_POCKET
P61781,0,0,0,0,0,0,7.833075761795044,PASS_AFDB_P2RANK_PREDICTED_POCKET_D4_LOADER
P61816,0,0,0,0,0,0,7.519368648529053,PASS_AFDB_P2RANK_PREDICTED_POCKET_D4_LOADER
P62019,0,0,0,0,0,0,5.197798013687134,BLOCKED_AFDB_P2RANK_NO_POCKET
P62341,0,0,0,0,0,0,1.5998826026916504,BLOCKED_AFDB_STRUCTURE_FETCH_FAILED
P62342,0,0,0,0,0,0,2.992398977279663,BLOCKED_AFDB_STRUCTURE_FETCH_FAILED
P62463,0,0,0,0,0,0,1.5462195873260498,BLOCKED_AFDB_STRUCTURE_FETCH_FAILED
P63185,0,0,0,0,0,0,1.7175230979919434,BLOCKED_AFDB_STRUCTURE_FETCH_FAILED
P63951,0,0,0,0,0,0,8.10527753829956,PASS_AFDB_P2RANK_PREDICTED_POCKET_D4_LOADER
P64007,0,0,0,0,0,0,7.182907581329346,PASS_AFDB_P2RANK_PREDICTED_POCKET_D4_LOADER
P64124,0,0,0,0,0,0,7.93396258354187,PASS_AFDB_P2RANK_PREDICTED_POCKET_D4_LOADER
P64125,0,0,0,0,0,0,9.463501453399658,PASS_AFDB_P2RANK_PREDICTED_POCKET_D4_LOADER
P64126,0,0,0,0,0,0,7.6791908740997314,PASS_AFDB_P2RANK_PREDICTED_POCKET_D4_LOADER
P65179,0,0,0,0,0,0,7.737173080444336,PASS_AFDB_P2RANK_PREDICTED_POCKET_D4_LOADER
P65280,0,0,0,0,0,0,5.9259703159332275,BLOCKED_AFDB_P2RANK_NO_POCKET
P66914,0,0,0,0,0,0,8.044066190719604,PASS_AFDB_P2RANK_PREDICTED_POCKET_D4_LOADER
P66985,0,0,0,0,0,0,9.055024147033691,PASS_AFDB_P2RANK_PREDICTED_POCKET_D4_LOADER
P67045,0,0,0,0,0,0,7.519309043884277,PASS_AFDB_P2RANK_PREDICTED_POCKET_D4_LOADER
P67406,0,0,0,0,0,0,7.356713771820068,PASS_AFDB_P2RANK_PREDICTED_POCKET_D4_LOADER
P67407,0,0,0,0,0,0,7.132567405700684,PASS_AFDB_P2RANK_PREDICTED_POCKET_D4_LOADER
P67718,0,0,0,0,0,0,5.212404727935791,BLOCKED_AFDB_P2RANK_NO_POCKET
P67719,0,0,0,0,0,0,5.357313394546509,BLOCKED_AFDB_P2RANK_NO_POCKET
P67720,0,0,0,0,0,0,6.362688302993774,BLOCKED_AFDB_P2RANK_NO_POCKET
P68544,0,0,0,0,0,0,1.6374549865722656,BLOCKED_AFDB_STRUCTURE_FETCH_FAILED
P68545,0,0,0,0,0,0,1.6138911247253418,BLOCKED_AFDB_STRUCTURE_FETCH_FAILED
P68563,0,0,0,0,0,0,1.624356746673584,BLOCKED_AFDB_STRUCTURE_FETCH_FAILED
P68564,0,0,0,0,0,0,1.9122872352600098,BLOCKED_AFDB_STRUCTURE_FETCH_FAILED
P68586,0,0,0,0,0,0,1.664928913116455,BLOCKED_AFDB_STRUCTURE_FETCH_FAILED
P68634,0,0,0,0,0,0,1.5648448467254639,BLOCKED_AFDB_STRUCTURE_FETCH_FAILED
P68635,0,0,0,0,0,0,1.5720188617706299,BLOCKED_AFDB_STRUCTURE_FETCH_FAILED
P68693,0,0,0,0,0,0,1.6506648063659668,BLOCKED_AFDB_STRUCTURE_FETCH_FAILED
P68761,0,0,0,0,0,0,1.8937292098999023,BLOCKED_AFDB_STRUCTURE_FETCH_FAILED
P68762,0,0,0,0,0,0,1.6256804466247559,BLOCKED_AFDB_STRUCTURE_FETCH_FAILED
P68807,0,0,0,0,0,0,5.817729949951172,BLOCKED_AFDB_P2RANK_NO_POCKET
P68808,0,0,0,0,0,0,6.916290521621704,BLOCKED_AFDB_P2RANK_NO_POCKET
P68809,0,0,0,0,0,0,5.706278324127197,BLOCKED_AFDB_P2RANK_NO_POCKET
P68810,0,0,0,0,0,0,5.835327863693237,BLOCKED_AFDB_P2RANK_NO_POCKET
P69185,0,0,0,0,0,0,1.992783784866333,BLOCKED_AFDB_STRUCTURE_FETCH_FAILED
P69186,0,0,0,0,0,0,2.037405252456665,BLOCKED_AFDB_STRUCTURE_FETCH_FAILED
P69484,0,0,0,0,0,0,1.8772244453430176,BLOCKED_AFDB_STRUCTURE_FETCH_FAILED
P69485,0,0,0,0,0,0,1.7231104373931885,BLOCKED_AFDB_STRUCTURE_FETCH_FAILED
P69520,0,0,0,0,0,0,2.9459340572357178,BLOCKED_AFDB_STRUCTURE_FETCH_FAILED
P69521,0,0,0,0,0,0,1.6331872940063477,BLOCKED_AFDB_STRUCTURE_FETCH_FAILED
P69568,0,0,0,0,0,0,5.217577934265137,BLOCKED_AFDB_P2RANK_NO_POCKET
P69569,0,0,0,0,0,0,5.377554655075073,BLOCKED_AFDB_P2RANK_NO_POCKET
P69795,0,0,0,0,0,0,5.385082483291626,BLOCKED_AFDB_P2RANK_NO_POCKET
P69796,0,0,0,0,0,0,5.408783912658691,BLOCKED_AFDB_P2RANK_NO_POCKET
P69808,0,0,0,0,0,0,6.907076358795166,PASS_AFDB_P2RANK_PREDICTED_POCKET_D4_LOADER
P69816,0,0,0,0,0,0,6.219682931900024,BLOCKED_AFDB_P2RANK_NO_POCKET
P69817,0,0,0,0,0,0,6.74109411239624,BLOCKED_AFDB_P2RANK_NO_POCKET
P69818,0,0,0,0,0,0,5.773364305496216,BLOCKED_AFDB_P2RANK_NO_POCKET
P69819,0,0,0,0,0,0,5.683725118637085,BLOCKED_AFDB_P2RANK_NO_POCKET
P69822,0,0,0,0,0,0,5.314749002456665,BLOCKED_AFDB_P2RANK_NO_POCKET
P69823,0,0,0,0,0,0,5.3049023151397705,BLOCKED_AFDB_P2RANK_NO_POCKET
P69830,0,0,0,0,0,0,5.801637649536133,BLOCKED_AFDB_P2RANK_NO_POCKET
P70486,0,0,0,0,0,0,7.3886189460754395,BLOCKED_AFDB_P2RANK_NO_POCKET
P70550,0,0,0,0,0,0,8.231923341751099,PASS_AFDB_P2RANK_PREDICTED_POCKET_D4_LOADER
P70551,0,0,0,0,0,0,1.562633991241455,BLOCKED_AFDB_STRUCTURE_FETCH_FAILED
P70994,0,0,0,0,0,0,5.0870420932769775,BLOCKED_AFDB_P2RANK_NO_POCKET
P71035,0,0,0,0,0,0,5.6255903244018555,BLOCKED_AFDB_P2RANK_NO_POCKET
P71366,0,0,0,0,0,0,9.252089262008667,PASS_AFDB_P2RANK_PREDICTED_POCKET_D4_LOADER
P71384,0,0,0,0,0,0,1.5888588428497314,BLOCKED_AFDB_STRUCTURE_FETCH_FAILED
P72216,0,0,0,0,0,0,6.050041437149048,BLOCKED_AFDB_P2RANK_NO_POCKET
P72581,0,0,0,0,0,0,3.159681558609009,BLOCKED_AFDB_STRUCTURE_FETCH_FAILED
P73790,0,0,0,0,0,0,5.350263833999634,BLOCKED_AFDB_P2RANK_NO_POCKET
P73796,0,0,0,0,0,0,5.6617701053619385,BLOCKED_AFDB_P2RANK_NO_POCKET
P74386,0,0,0,0,0,0,5.4777915477752686,BLOCKED_AFDB_P2RANK_NO_POCKET
P75146,0,0,0,0,0,0,1.64642333984375,BLOCKED_AFDB_STRUCTURE_FETCH_FAILED
P76091,0,0,0,0,0,0,7.997964382171631,PASS_AFDB_P2RANK_PREDICTED_POCKET_D4_LOADER
P76234,0,0,0,0,0,0,7.9410717487335205,PASS_AFDB_P2RANK_PREDICTED_POCKET_D4_LOADER
P76938,0,0,0,0,0,0,7.926969528198242,PASS_AFDB_P2RANK_PREDICTED_POCKET_D4_LOADER
P77493,0,0,0,0,0,0,10.550512075424194,PASS_AFDB_P2RANK_PREDICTED_POCKET_D4_LOADER
P77704,0,0,0,0,0,0,8.01748776435852,PASS_AFDB_P2RANK_PREDICTED_POCKET_D4_LOADER
P77868,0,0,0,0,0,0,1.8917288780212402,BLOCKED_AFDB_STRUCTURE_FETCH_FAILED
P77908,0,0,0,0,0,0,1.8703861236572266,BLOCKED_AFDB_STRUCTURE_FETCH_FAILED
P78537,0,0,0,0,0,0,6.296458959579468,BLOCKED_AFDB_P2RANK_NO_POCKET
P78549,0,0,0,0,0,0,7.822334289550781,PASS_AFDB_P2RANK_PREDICTED_POCKET_D4_LOADER
P79280,0,0,0,0,0,0,5.650967836380005,BLOCKED_AFDB_P2RANK_NO_POCKET
P79303,0,0,0,0,0,0,1.9696335792541504,BLOCKED_AFDB_STRUCTURE_FETCH_FAILED
P79691,0,0,0,0,0,0,8.3889479637146,PASS_AFDB_P2RANK_PREDICTED_POCKET_D4_LOADER
P79747,0,0,0,0,0,0,1.5748181343078613,BLOCKED_AFDB_STRUCTURE_FETCH_FAILED
P80008,0,0,0,0,0,0,5.110128164291382,BLOCKED_AFDB_P2RANK_NO_POCKET
P80037,0,0,0,0,0,0,1.9657268524169922,BLOCKED_AFDB_STRUCTURE_FETCH_FAILED
P80048,0,0,0,0,0,0,1.9792060852050781,BLOCKED_AFDB_STRUCTURE_FETCH_FAILED
P80055,0,0,0,0,0,0,5.930710554122925,BLOCKED_AFDB_P2RANK_NO_POCKET
P80056,0,0,0,0,0,0,4.7695417404174805,BLOCKED_AFDB_P2RANK_NO_POCKET
P80081,0,0,0,0,0,0,1.9857773780822754,BLOCKED_AFDB_STRUCTURE_FETCH_FAILED
P80083,0,0,0,0,0,0,1.8450558185577393,BLOCKED_AFDB_STRUCTURE_FETCH_FAILED
P80212,0,0,0,0,0,0,1.6814217567443848,BLOCKED_AFDB_STRUCTURE_FETCH_FAILED
P80213,0,0,0,0,0,0,4.080517053604126,BLOCKED_AFDB_STRUCTURE_FETCH_FAILED
P80225,0,0,0,0,0,0,3.7637314796447754,BLOCKED_AFDB_STRUCTURE_FETCH_FAILED
P80227,0,0,0,0,0,0,8.993629217147827,PASS_AFDB_P2RANK_PREDICTED_POCKET_D4_LOADER
P80250,0,0,0,0,0,0,5.103452205657959,BLOCKED_AFDB_P2RANK_NO_POCKET
P80315,0,0,0,0,0,0,8.717395067214966,PASS_AFDB_P2RANK_PREDICTED_POCKET_D4_LOADER
P80317,0,0,0,0,0,0,8.818135023117065,PASS_AFDB_P2RANK_PREDICTED_POCKET_D4_LOADER
P80435,0,0,0,0,0,0,8.274529218673706,PASS_AFDB_P2RANK_PREDICTED_POCKET_D4_LOADER
P80459,0,0,0,0,0,0,1.6126203536987305,BLOCKED_AFDB_STRUCTURE_FETCH_FAILED
P80464,0,0,0,0,0,0,1.6191999912261963,BLOCKED_AFDB_STRUCTURE_FETCH_FAILED
P80465,0,0,0,0,0,0,1.6571331024169922,BLOCKED_AFDB_STRUCTURE_FETCH_FAILED
P80466,0,0,0,0,0,0,1.7088348865509033,BLOCKED_AFDB_STRUCTURE_FETCH_FAILED
P80472,0,0,0,0,0,0,4.972228288650513,BLOCKED_AFDB_P2RANK_NO_POCKET
P80503,0,0,0,0,0,0,1.6073527336120605,BLOCKED_AFDB_STRUCTURE_FETCH_FAILED
P80525,0,0,0,0,0,0,1.622171401977539,BLOCKED_AFDB_STRUCTURE_FETCH_FAILED
P80537,0,0,0,0,0,0,4.521397590637207,BLOCKED_AFDB_P2RANK_NO_POCKET
P80538,0,0,0,0,0,0,4.861362934112549,BLOCKED_AFDB_P2RANK_NO_POCKET
P80539,0,0,0,0,0,0,1.5998115539550781,BLOCKED_AFDB_STRUCTURE_FETCH_FAILED
P80540,0,0,0,0,0,0,2.010835886001587,BLOCKED_AFDB_STRUCTURE_FETCH_FAILED
P80542,0,0,0,0,0,0,1.6244478225708008,BLOCKED_AFDB_STRUCTURE_FETCH_FAILED
P80543,0,0,0,0,0,0,1.6088778972625732,BLOCKED_AFDB_STRUCTURE_FETCH_FAILED
P80550,0,0,0,0,0,0,1.9993915557861328,BLOCKED_AFDB_STRUCTURE_FETCH_FAILED
P80575,0,0,0,0,0,0,4.568946123123169,BLOCKED_AFDB_P2RANK_NO_POCKET
P80616,0,0,0,0,0,0,1.5772199630737305,BLOCKED_AFDB_STRUCTURE_FETCH_FAILED
P80619,0,0,0,0,0,0,1.7021377086639404,BLOCKED_AFDB_STRUCTURE_FETCH_FAILED
P80652,0,0,0,0,0,0,1.9891631603240967,BLOCKED_AFDB_STRUCTURE_FETCH_FAILED
P80654,0,0,0,0,0,0,5.391448259353638,BLOCKED_AFDB_P2RANK_NO_POCKET
P80656,0,0,0,0,0,0,6.328717947006226,BLOCKED_AFDB_P2RANK_NO_POCKET
P80659,0,0,0,0,0,0,1.582324504852295,BLOCKED_AFDB_STRUCTURE_FETCH_FAILED
P80701,0,0,0,0,0,0,1.6559867858886719,BLOCKED_AFDB_STRUCTURE_FETCH_FAILED
P80704,0,0,0,0,0,0,5.532328367233276,BLOCKED_AFDB_P2RANK_NO_POCKET
P80705,0,0,0,0,0,0,4.673813104629517,BLOCKED_AFDB_P2RANK_NO_POCKET
P80924,0,0,0,0,0,0,4.652337551116943,BLOCKED_AFDB_P2RANK_NO_POCKET
P80994,0,0,0,0,0,0,1.621668815612793,BLOCKED_AFDB_STRUCTURE_FETCH_FAILED
P81011,0,0,0,0,0,0,2.048931121826172,BLOCKED_AFDB_STRUCTURE_FETCH_FAILED
P81012,0,0,0,0,0,0,1.61993408203125,BLOCKED_AFDB_STRUCTURE_FETCH_FAILED
P81072,0,0,0,0,0,0,5.31452202796936,BLOCKED_AFDB_P2RANK_NO_POCKET
P81073,0,0,0,0,0,0,4.974494695663452,BLOCKED_AFDB_P2RANK_NO_POCKET
P81080,0,0,0,0,0,0,5.006418466567993,BLOCKED_AFDB_P2RANK_NO_POCKET
P81081,0,0,0,0,0,0,4.6519935131073,BLOCKED_AFDB_P2RANK_NO_POCKET
P81087,0,0,0,0,0,0,4.494370698928833,BLOCKED_AFDB_P2RANK_NO_POCKET
P81098,0,0,0,0,0,0,1.612325668334961,BLOCKED_AFDB_STRUCTURE_FETCH_FAILED
P81107,0,0,0,0,0,0,1.5731985569000244,BLOCKED_AFDB_STRUCTURE_FETCH_FAILED
P81123,0,0,0,0,0,0,2.866564989089966,BLOCKED_AFDB_STRUCTURE_FETCH_FAILED
P81156,0,0,0,0,0,0,13.310018301010132,PASS_AFDB_P2RANK_PREDICTED_POCKET_D4_LOADER
P81173,0,0,0,0,0,0,1.615699291229248,BLOCKED_AFDB_STRUCTURE_FETCH_FAILED
P81174,0,0,0,0,0,0,1.9131956100463867,BLOCKED_AFDB_STRUCTURE_FETCH_FAILED
P81185,0,0,0,0,0,0,2.0464491844177246,BLOCKED_AFDB_STRUCTURE_FETCH_FAILED
P81336,0,0,0,0,0,0,4.794583320617676,BLOCKED_AFDB_P2RANK_NO_POCKET
P81337,0,0,0,0,0,0,1.5744097232818604,BLOCKED_AFDB_STRUCTURE_FETCH_FAILED
P81340,0,0,0,0,0,0,1.6241261959075928,BLOCKED_AFDB_STRUCTURE_FETCH_FAILED
P81343,0,0,0,0,0,0,5.371305704116821,BLOCKED_AFDB_P2RANK_NO_POCKET
P81344,0,0,0,0,0,0,1.5849401950836182,BLOCKED_AFDB_STRUCTURE_FETCH_FAILED
P81346,0,0,0,0,0,0,1.597921371459961,BLOCKED_AFDB_STRUCTURE_FETCH_FAILED
P81347,0,0,0,0,0,0,1.666062355041504,BLOCKED_AFDB_STRUCTURE_FETCH_FAILED
P81348,0,0,0,0,0,0,2.3350627422332764,BLOCKED_AFDB_STRUCTURE_FETCH_FAILED
P81356,0,0,0,0,0,0,1.8636538982391357,BLOCKED_AFDB_STRUCTURE_FETCH_FAILED
P81357,0,0,0,0,0,0,1.5898022651672363,BLOCKED_AFDB_STRUCTURE_FETCH_FAILED
P81361,0,0,0,0,0,0,4.703119993209839,BLOCKED_AFDB_P2RANK_NO_POCKET
P81419,0,0,0,0,0,0,4.567678451538086,BLOCKED_AFDB_P2RANK_NO_POCKET
P81420,0,0,0,0,0,0,1.8901722431182861,BLOCKED_AFDB_STRUCTURE_FETCH_FAILED
P81421,0,0,0,0,0,0,4.722203969955444,BLOCKED_AFDB_P2RANK_NO_POCKET
P81422,0,0,0,0,0,0,5.0718348026275635,BLOCKED_AFDB_P2RANK_NO_POCKET
P81440,0,0,0,0,0,0,4.687593698501587,BLOCKED_AFDB_P2RANK_NO_POCKET
P81593,0,0,0,0,0,0,4.75279688835144,BLOCKED_AFDB_P2RANK_NO_POCKET
P81643,0,0,0,0,0,0,1.5956661701202393,BLOCKED_AFDB_STRUCTURE_FETCH_FAILED
P81663,0,0,0,0,0,0,1.6011290550231934,BLOCKED_AFDB_STRUCTURE_FETCH_FAILED
P81664,0,0,0,0,0,0,5.1541242599487305,BLOCKED_AFDB_P2RANK_NO_POCKET
P81666,0,0,0,0,0,0,4.50459623336792,BLOCKED_AFDB_P2RANK_NO_POCKET
P81747,0,0,0,0,0,0,4.8169426918029785,BLOCKED_AFDB_P2RANK_NO_POCKET
P81786,0,0,0,0,0,0,5.701326847076416,BLOCKED_AFDB_P2RANK_NO_POCKET
P81895,0,0,0,0,0,0,1.5902705192565918,BLOCKED_AFDB_STRUCTURE_FETCH_FAILED
P81896,0,0,0,0,0,0,1.6702635288238525,BLOCKED_AFDB_STRUCTURE_FETCH_FAILED
P82607,0,0,0,0,0,0,1.8588323593139648,BLOCKED_AFDB_STRUCTURE_FETCH_FAILED
P82608,0,0,0,0,0,0,5.363868236541748,BLOCKED_AFDB_STRUCTURE_FETCH_FAILED
P82609,0,0,0,0,0,0,1.6188349723815918,BLOCKED_AFDB_STRUCTURE_FETCH_FAILED
P82678,0,0,0,0,0,0,5.751763582229614,BLOCKED_AFDB_P2RANK_NO_POCKET
P82679,0,0,0,0,0,0,1.707606315612793,BLOCKED_AFDB_STRUCTURE_FETCH_FAILED
P82680,0,0,0,0,0,0,5.096981525421143,BLOCKED_AFDB_P2RANK_NO_POCKET
P82809,0,0,0,0,0,0,1.6134216785430908,BLOCKED_AFDB_STRUCTURE_FETCH_FAILED
P82810,0,0,0,0,0,0,1.7659437656402588,BLOCKED_AFDB_STRUCTURE_FETCH_FAILED
P82816,0,0,0,0,0,0,1.5891602039337158,BLOCKED_AFDB_STRUCTURE_FETCH_FAILED
P82858,0,0,0,0,0,0,1.6045842170715332,BLOCKED_AFDB_STRUCTURE_FETCH_FAILED
P82893,0,0,0,0,0,0,1.662724494934082,BLOCKED_AFDB_STRUCTURE_FETCH_FAILED
P82895,0,0,0,0,0,0,5.997336387634277,BLOCKED_AFDB_P2RANK_NO_POCKET
P82922,0,0,0,0,0,0,8.263899087905884,PASS_AFDB_P2RANK_PREDICTED_POCKET_D4_LOADER
P82954,0,0,0,0,0,0,4.680184602737427,BLOCKED_AFDB_P2RANK_NO_POCKET
P82996,0,0,0,0,0,0,1.9235525131225586,BLOCKED_AFDB_STRUCTURE_FETCH_FAILED
P82997,0,0,0,0,0,0,4.828342437744141,BLOCKED_AFDB_P2RANK_NO_POCKET
P82999,0,0,0,0,0,0,3.536752223968506,BLOCKED_AFDB_STRUCTURE_FETCH_FAILED
P83000,0,0,0,0,0,0,1.5822677612304688,BLOCKED_AFDB_STRUCTURE_FETCH_FAILED
P83001,0,0,0,0,0,0,4.688985586166382,BLOCKED_AFDB_P2RANK_NO_POCKET
P83049,0,0,0,0,0,0,1.670928716659546,BLOCKED_AFDB_STRUCTURE_FETCH_FAILED
P83075,0,0,0,0,0,0,4.789952754974365,BLOCKED_AFDB_P2RANK_NO_POCKET
P83077,0,0,0,0,0,0,1.67568039894104,BLOCKED_AFDB_STRUCTURE_FETCH_FAILED
P83115,0,0,0,0,0,0,4.756012439727783,BLOCKED_AFDB_P2RANK_NO_POCKET
P83116,0,0,0,0,0,0,5.370496988296509,BLOCKED_AFDB_P2RANK_NO_POCKET
P83117,0,0,0,0,0,0,4.6259095668792725,BLOCKED_AFDB_P2RANK_NO_POCKET
P83127,0,0,0,0,0,0,1.630765676498413,BLOCKED_AFDB_STRUCTURE_FETCH_FAILED
P83155,0,0,0,0,0,0,4.460026741027832,BLOCKED_AFDB_P2RANK_NO_POCKET
P83200,0,0,0,0,0,0,1.6227235794067383,BLOCKED_AFDB_STRUCTURE_FETCH_FAILED
P83246,0,0,0,0,0,0,2.6662895679473877,BLOCKED_AFDB_STRUCTURE_FETCH_FAILED
P83329,0,0,0,0,0,0,1.8828165531158447,BLOCKED_AFDB_STRUCTURE_FETCH_FAILED
P83373,0,0,0,0,0,0,1.873213768005371,BLOCKED_AFDB_STRUCTURE_FETCH_FAILED
P83402,0,0,0,0,0,0,4.45916485786438,BLOCKED_AFDB_P2RANK_NO_POCKET
P83451,0,0,0,0,0,0,4.78370475769043,BLOCKED_AFDB_P2RANK_NO_POCKET
P83505,0,0,0,0,0,0,4.766813516616821,BLOCKED_AFDB_P2RANK_NO_POCKET
P83540,0,0,0,0,0,0,4.588514804840088,BLOCKED_AFDB_P2RANK_NO_POCKET
P83542,0,0,0,0,0,0,6.632160425186157,BLOCKED_AFDB_P2RANK_NO_POCKET
P83564,0,0,0,0,0,0,1.6534390449523926,BLOCKED_AFDB_STRUCTURE_FETCH_FAILED
P83601,0,0,0,0,0,0,2.5208630561828613,BLOCKED_AFDB_STRUCTURE_FETCH_FAILED
P83645,0,0,0,0,0,0,1.574610710144043,BLOCKED_AFDB_STRUCTURE_FETCH_FAILED
P83662,0,0,0,0,0,0,4.923687219619751,BLOCKED_AFDB_STRUCTURE_FETCH_FAILED
P83682,0,0,0,0,0,0,1.677609920501709,BLOCKED_AFDB_STRUCTURE_FETCH_FAILED
P83708,0,0,0,0,0,0,1.7094316482543945,BLOCKED_AFDB_STRUCTURE_FETCH_FAILED
P83712,0,0,0,0,0,0,3.9129879474639893,BLOCKED_AFDB_STRUCTURE_FETCH_FAILED
P83715,0,0,0,0,0,0,1.64365816116333,BLOCKED_AFDB_STRUCTURE_FETCH_FAILED
P83726,0,0,0,0,0,0,2.789856195449829,BLOCKED_AFDB_STRUCTURE_FETCH_FAILED
P83813,0,0,0,0,0,0,2.0598959922790527,BLOCKED_AFDB_STRUCTURE_FETCH_FAILED
P83855,0,0,0,0,0,0,1.588592529296875,BLOCKED_AFDB_STRUCTURE_FETCH_FAILED
P84178,0,0,0,0,0,0,1.9738707542419434,BLOCKED_AFDB_STRUCTURE_FETCH_FAILED
P84208,0,0,0,0,0,0,5.043774843215942,BLOCKED_AFDB_P2RANK_NO_POCKET
P84209,0,0,0,0,0,0,5.044634103775024,BLOCKED_AFDB_P2RANK_NO_POCKET
P84210,0,0,0,0,0,0,4.937977075576782,BLOCKED_AFDB_P2RANK_NO_POCKET
P84390,0,0,0,0,0,0,1.6117274761199951,BLOCKED_AFDB_STRUCTURE_FETCH_FAILED
P84391,0,0,0,0,0,0,1.5981590747833252,BLOCKED_AFDB_STRUCTURE_FETCH_FAILED
P84463,0,0,0,0,0,0,4.747597932815552,BLOCKED_AFDB_P2RANK_NO_POCKET
P84468,0,0,0,0,0,0,4.744362831115723,BLOCKED_AFDB_P2RANK_NO_POCKET
P84469,0,0,0,0,0,0,4.655857563018799,BLOCKED_AFDB_P2RANK_NO_POCKET
P84472,0,0,0,0,0,0,1.907362699508667,BLOCKED_AFDB_STRUCTURE_FETCH_FAILED
P84474,0,0,0,0,0,0,1.5953032970428467,BLOCKED_AFDB_STRUCTURE_FETCH_FAILED
P84475,0,0,0,0,0,0,1.5891923904418945,BLOCKED_AFDB_STRUCTURE_FETCH_FAILED
P84520,0,0,0,0,0,0,1.907273769378662,BLOCKED_AFDB_STRUCTURE_FETCH_FAILED
P84532,0,0,0,0,0,0,5.970316410064697,BLOCKED_AFDB_STRUCTURE_FETCH_FAILED
P84533,0,0,0,0,0,0,1.6945433616638184,BLOCKED_AFDB_STRUCTURE_FETCH_FAILED
P84534,0,0,0,0,0,0,1.7105093002319336,BLOCKED_AFDB_STRUCTURE_FETCH_FAILED
P84538,0,0,0,0,0,0,4.782771587371826,BLOCKED_AFDB_P2RANK_NO_POCKET
P84539,0,0,0,0,0,0,4.922028303146362,BLOCKED_AFDB_P2RANK_NO_POCKET
P84540,0,0,0,0,0,0,1.6104795932769775,BLOCKED_AFDB_STRUCTURE_FETCH_FAILED
P84541,0,0,0,0,0,0,4.80311393737793,BLOCKED_AFDB_P2RANK_NO_POCKET
P84542,0,0,0,0,0,0,4.8919970989227295,BLOCKED_AFDB_P2RANK_NO_POCKET
P84543,0,0,0,0,0,0,4.874287366867065,BLOCKED_AFDB_P2RANK_NO_POCKET
P84544,0,0,0,0,0,0,1.6855061054229736,BLOCKED_AFDB_STRUCTURE_FETCH_FAILED
P84545,0,0,0,0,0,0,3.260936975479126,BLOCKED_AFDB_STRUCTURE_FETCH_FAILED
P84546,0,0,0,0,0,0,4.964460134506226,BLOCKED_AFDB_P2RANK_NO_POCKET
P84547,0,0,0,0,0,0,1.5820608139038086,BLOCKED_AFDB_STRUCTURE_FETCH_FAILED
P84548,0,0,0,0,0,0,5.450428247451782,BLOCKED_AFDB_P2RANK_NO_POCKET
P84549,0,0,0,0,0,0,4.981974363327026,BLOCKED_AFDB_P2RANK_NO_POCKET
P84582,0,0,0,0,0,0,5.5920045375823975,BLOCKED_AFDB_P2RANK_NO_POCKET
P84714,0,0,0,0,0,0,4.9962379932403564,BLOCKED_AFDB_P2RANK_NO_POCKET
P84719,0,0,0,0,0,0,4.620210886001587,BLOCKED_AFDB_P2RANK_NO_POCKET
P84722,0,0,0,0,0,0,1.683014154434204,BLOCKED_AFDB_STRUCTURE_FETCH_FAILED
P84729,0,0,0,0,0,0,7.093936204910278,BLOCKED_AFDB_P2RANK_NO_POCKET
P84752,0,0,0,0,0,0,20.919665575027466,BLOCKED_AFDB_STRUCTURE_FETCH_FAILED
P84819,0,0,0,0,0,0,3.723471164703369,BLOCKED_AFDB_STRUCTURE_FETCH_FAILED
P84981,0,0,0,0,0,0,4.548838138580322,BLOCKED_AFDB_P2RANK_NO_POCKET
P84983,0,0,0,0,0,0,4.749176979064941,BLOCKED_AFDB_P2RANK_NO_POCKET
P84984,0,0,0,0,0,0,4.742756605148315,BLOCKED_AFDB_P2RANK_NO_POCKET
P85026,0,0,0,0,0,0,2.1557974815368652,BLOCKED_AFDB_STRUCTURE_FETCH_FAILED
P85051,0,0,0,0,0,0,7.762462377548218,PASS_AFDB_P2RANK_PREDICTED_POCKET_D4_LOADER
P85061,0,0,0,0,0,0,4.877247095108032,BLOCKED_AFDB_P2RANK_NO_POCKET
P85062,0,0,0,0,0,0,5.128752708435059,BLOCKED_AFDB_P2RANK_NO_POCKET
P85085,0,0,0,0,0,0,1.861255407333374,BLOCKED_AFDB_STRUCTURE_FETCH_FAILED
P85087,0,0,0,0,0,0,4.912887096405029,BLOCKED_AFDB_P2RANK_NO_POCKET
P85088,0,0,0,0,0,0,5.160314559936523,BLOCKED_AFDB_P2RANK_NO_POCKET
P85217,0,0,0,0,0,0,5.962903738021851,BLOCKED_AFDB_P2RANK_NO_POCKET
P85317,0,0,0,0,0,0,1.7030880451202393,BLOCKED_AFDB_STRUCTURE_FETCH_FAILED
P85331,0,0,0,0,0,0,4.827063322067261,BLOCKED_AFDB_P2RANK_NO_POCKET
P85332,0,0,0,0,0,0,1.5736865997314453,BLOCKED_AFDB_STRUCTURE_FETCH_FAILED
P85333,0,0,0,0,0,0,2.6487674713134766,BLOCKED_AFDB_STRUCTURE_FETCH_FAILED
P85334,0,0,0,0,0,0,4.950357675552368,BLOCKED_AFDB_P2RANK_NO_POCKET
P85335,0,0,0,0,0,0,2.5628976821899414,BLOCKED_AFDB_STRUCTURE_FETCH_FAILED
P85346,0,0,0,0,0,0,1.7490837574005127,BLOCKED_AFDB_STRUCTURE_FETCH_FAILED
P85347,0,0,0,0,0,0,3.2542829513549805,BLOCKED_AFDB_STRUCTURE_FETCH_FAILED
P85348,0,0,0,0,0,0,5.9375669956207275,BLOCKED_AFDB_STRUCTURE_FETCH_FAILED
P85349,0,0,0,0,0,0,1.6157186031341553,BLOCKED_AFDB_STRUCTURE_FETCH_FAILED
P85351,0,0,0,0,0,0,1.9230704307556152,BLOCKED_AFDB_STRUCTURE_FETCH_FAILED
P85362,0,0,0,0,0,0,1.6219758987426758,BLOCKED_AFDB_STRUCTURE_FETCH_FAILED
P85413,0,0,0,0,0,0,5.057348966598511,BLOCKED_AFDB_P2RANK_NO_POCKET
P85431,0,0,0,0,0,0,4.563446283340454,BLOCKED_AFDB_P2RANK_NO_POCKET
P85432,0,0,0,0,0,0,1.6703009605407715,BLOCKED_AFDB_STRUCTURE_FETCH_FAILED
P85433,0,0,0,0,0,0,4.963149070739746,BLOCKED_AFDB_P2RANK_NO_POCKET
P85434,0,0,0,0,0,0,2.045344352722168,BLOCKED_AFDB_STRUCTURE_FETCH_FAILED
P85438,0,0,0,0,0,0,4.712029218673706,BLOCKED_AFDB_P2RANK_NO_POCKET
P85439,0,0,0,0,0,0,5.027011156082153,BLOCKED_AFDB_P2RANK_NO_POCKET
P85440,0,0,0,0,0,0,4.640814781188965,BLOCKED_AFDB_P2RANK_NO_POCKET
P85441,0,0,0,0,0,0,4.690425872802734,BLOCKED_AFDB_P2RANK_NO_POCKET
P85906,0,0,0,0,0,0,6.637577056884766,BLOCKED_AFDB_P2RANK_NO_POCKET
P85910,0,0,0,0,0,0,4.5312113761901855,BLOCKED_AFDB_P2RANK_NO_POCKET
P85911,0,0,0,0,0,0,5.49889874458313,BLOCKED_AFDB_P2RANK_NO_POCKET
P85913,0,0,0,0,0,0,4.868279457092285,BLOCKED_AFDB_P2RANK_NO_POCKET
P85916,0,0,0,0,0,0,5.368746042251587,BLOCKED_AFDB_P2RANK_NO_POCKET
P85918,0,0,0,0,0,0,4.883854627609253,BLOCKED_AFDB_P2RANK_NO_POCKET
P85920,0,0,0,0,0,0,4.736842155456543,BLOCKED_AFDB_P2RANK_NO_POCKET
P85929,0,0,0,0,0,0,4.553089380264282,BLOCKED_AFDB_P2RANK_NO_POCKET
P85930,0,0,0,0,0,0,4.74831485748291,BLOCKED_AFDB_P2RANK_NO_POCKET
P85931,0,0,0,0,0,0,1.5774421691894531,BLOCKED_AFDB_STRUCTURE_FETCH_FAILED
P85940,0,0,0,0,0,0,1.6426725387573242,BLOCKED_AFDB_STRUCTURE_FETCH_FAILED
P85949,0,0,0,0,0,0,4.789752244949341,BLOCKED_AFDB_P2RANK_NO_POCKET
P85951,0,0,0,0,0,0,4.7227771282196045,BLOCKED_AFDB_P2RANK_NO_POCKET
P85954,0,0,0,0,0,0,5.432039976119995,BLOCKED_AFDB_P2RANK_NO_POCKET
P85957,0,0,0,0,0,0,3.03849458694458,BLOCKED_AFDB_STRUCTURE_FETCH_FAILED
P85976,0,0,0,0,0,0,1.7729980945587158,BLOCKED_AFDB_STRUCTURE_FETCH_FAILED
P85994,0,0,0,0,0,0,1.9013516902923584,BLOCKED_AFDB_STRUCTURE_FETCH_FAILED
P85995,0,0,0,0,0,0,1.920926809310913,BLOCKED_AFDB_STRUCTURE_FETCH_FAILED
P85996,0,0,0,0,0,0,1.6353528499603271,BLOCKED_AFDB_STRUCTURE_FETCH_FAILED
P85998,0,0,0,0,0,0,1.583831787109375,BLOCKED_AFDB_STRUCTURE_FETCH_FAILED
P85999,0,0,0,0,0,0,7.081235408782959,BLOCKED_AFDB_P2RANK_NO_POCKET
P86000,0,0,0,0,0,0,1.6559698581695557,BLOCKED_AFDB_STRUCTURE_FETCH_FAILED
P86001,0,0,0,0,0,0,4.910508632659912,BLOCKED_AFDB_P2RANK_NO_POCKET
P86002,0,0,0,0,0,0,4.064850568771362,BLOCKED_AFDB_STRUCTURE_FETCH_FAILED
P86003,0,0,0,0,0,0,1.90629243850708,BLOCKED_AFDB_STRUCTURE_FETCH_FAILED
P86004,0,0,0,0,0,0,1.5818862915039062,BLOCKED_AFDB_STRUCTURE_FETCH_FAILED
P86006,0,0,0,0,0,0,1.6345999240875244,BLOCKED_AFDB_STRUCTURE_FETCH_FAILED
P86007,0,0,0,0,0,0,1.5814082622528076,BLOCKED_AFDB_STRUCTURE_FETCH_FAILED
P86008,0,0,0,0,0,0,1.6436741352081299,BLOCKED_AFDB_STRUCTURE_FETCH_FAILED
P86014,0,0,0,0,0,0,4.742579698562622,BLOCKED_AFDB_P2RANK_NO_POCKET
P86015,0,0,0,0,0,0,5.12349009513855,BLOCKED_AFDB_P2RANK_NO_POCKET
P86043,0,0,0,0,0,0,4.957773685455322,BLOCKED_AFDB_P2RANK_NO_POCKET
P86054,0,0,0,0,0,0,1.6766128540039062,BLOCKED_AFDB_STRUCTURE_FETCH_FAILED
P86055,0,0,0,0,0,0,1.6055502891540527,BLOCKED_AFDB_STRUCTURE_FETCH_FAILED
P86056,0,0,0,0,0,0,1.9914662837982178,BLOCKED_AFDB_STRUCTURE_FETCH_FAILED
P86057,0,0,0,0,0,0,1.5887422561645508,BLOCKED_AFDB_STRUCTURE_FETCH_FAILED
P86058,0,0,0,0,0,0,4.506540775299072,BLOCKED_AFDB_P2RANK_NO_POCKET
P86062,0,0,0,0,0,0,1.5623085498809814,BLOCKED_AFDB_STRUCTURE_FETCH_FAILED
P86063,0,0,0,0,0,0,4.758130311965942,BLOCKED_AFDB_P2RANK_NO_POCKET
P86064,0,0,0,0,0,0,2.035823345184326,BLOCKED_AFDB_STRUCTURE_FETCH_FAILED
P86066,0,0,0,0,0,0,1.5933747291564941,BLOCKED_AFDB_STRUCTURE_FETCH_FAILED
P86067,0,0,0,0,0,0,1.6460933685302734,BLOCKED_AFDB_STRUCTURE_FETCH_FAILED
P86071,0,0,0,0,0,0,4.831615686416626,BLOCKED_AFDB_P2RANK_NO_POCKET
P86074,0,0,0,0,0,0,4.840818405151367,BLOCKED_AFDB_P2RANK_NO_POCKET
P86103,0,0,0,0,0,0,5.700369596481323,BLOCKED_AFDB_P2RANK_NO_POCKET
P86119,0,0,0,0,0,0,4.5560150146484375,BLOCKED_AFDB_P2RANK_NO_POCKET
P86120,0,0,0,0,0,0,4.657029390335083,BLOCKED_AFDB_P2RANK_NO_POCKET
P86163,0,0,0,0,0,0,4.705777168273926,BLOCKED_AFDB_P2RANK_NO_POCKET
P86197,0,0,0,0,0,0,9.386453866958618,PASS_AFDB_P2RANK_PREDICTED_POCKET_D4_LOADER
P86208,0,0,0,0,0,0,7.481371879577637,PASS_AFDB_P2RANK_PREDICTED_POCKET_D4_LOADER
P86222,0,0,0,0,0,0,7.684595584869385,PASS_AFDB_P2RANK_PREDICTED_POCKET_D4_LOADER
P86241,0,0,0,0,0,0,4.517594337463379,BLOCKED_AFDB_P2RANK_NO_POCKET
P86249,0,0,0,0,0,0,4.9483253955841064,BLOCKED_AFDB_P2RANK_NO_POCKET
P86517,0,0,0,0,0,0,3.6499099731445312,BLOCKED_AFDB_STRUCTURE_FETCH_FAILED
P86535,0,0,0,0,0,0,4.954752683639526,BLOCKED_AFDB_P2RANK_NO_POCKET
P86542,0,0,0,0,0,0,1.714517593383789,BLOCKED_AFDB_STRUCTURE_FETCH_FAILED
P86699,0,0,0,0,0,0,1.9423620700836182,BLOCKED_AFDB_STRUCTURE_FETCH_FAILED
P86780,0,0,0,0,0,0,6.771806478500366,PASS_AFDB_P2RANK_PREDICTED_POCKET_D4_LOADER
P86830,0,0,0,0,0,0,5.845097541809082,BLOCKED_AFDB_P2RANK_NO_POCKET
P86833,0,0,0,0,0,0,1.6231496334075928,BLOCKED_AFDB_STRUCTURE_FETCH_FAILED
P86974,0,0,0,0,0,0,3.646106481552124,BLOCKED_AFDB_STRUCTURE_FETCH_FAILED
P86978,0,0,0,0,0,0,1.69415283203125,BLOCKED_AFDB_STRUCTURE_FETCH_FAILED
P86979,0,0,0,0,0,0,4.923383712768555,BLOCKED_AFDB_P2RANK_NO_POCKET
P86980,0,0,0,0,0,0,1.7165086269378662,BLOCKED_AFDB_STRUCTURE_FETCH_FAILED
P87630,0,0,0,0,0,0,1.653686761856079,BLOCKED_AFDB_STRUCTURE_FETCH_FAILED
P87691,0,0,0,0,0,0,1.6925992965698242,BLOCKED_AFDB_STRUCTURE_FETCH_FAILED
P89079,0,0,0,0,0,0,2.235966920852661,BLOCKED_AFDB_STRUCTURE_FETCH_FAILED
P89436,0,0,0,0,0,0,1.5817124843597412,BLOCKED_AFDB_STRUCTURE_FETCH_FAILED
P89446,0,0,0,0,0,0,1.6091229915618896,BLOCKED_AFDB_STRUCTURE_FETCH_FAILED
P89469,0,0,0,0,0,0,1.7637476921081543,BLOCKED_AFDB_STRUCTURE_FETCH_FAILED
P90463,0,0,0,0,0,0,2.6460628509521484,BLOCKED_AFDB_STRUCTURE_FETCH_FAILED
P90726,0,0,0,0,0,0,7.733476400375366,PASS_AFDB_P2RANK_PREDICTED_POCKET_D4_LOADER
P93400,0,0,0,0,0,0,1.7335553169250488,BLOCKED_AFDB_STRUCTURE_FETCH_FAILED
P93749,0,0,0,0,0,0,8.030279159545898,PASS_AFDB_P2RANK_PREDICTED_POCKET_D4_LOADER
P93906,0,0,0,0,0,0,1.6802637577056885,BLOCKED_AFDB_STRUCTURE_FETCH_FAILED
P93936,0,0,0,0,0,0,1.6031606197357178,BLOCKED_AFDB_STRUCTURE_FETCH_FAILED
P94667,0,0,0,0,0,0,5.290848970413208,BLOCKED_AFDB_P2RANK_NO_POCKET
P95412,0,0,0,0,0,0,7.33959174156189,PASS_AFDB_P2RANK_PREDICTED_POCKET_D4_LOADER
P95413,0,0,0,0,0,0,7.835206747055054,PASS_AFDB_P2RANK_PREDICTED_POCKET_D4_LOADER
P95414,0,0,0,0,0,0,5.99742317199707,BLOCKED_AFDB_P2RANK_NO_POCKET
P95415,0,0,0,0,0,0,8.353235483169556,PASS_AFDB_P2RANK_PREDICTED_POCKET_D4_LOADER
P95949,0,0,0,0,0,0,9.9937744140625,PASS_AFDB_P2RANK_PREDICTED_POCKET_D4_LOADER
P96105,0,0,0,0,0,0,9.072323083877563,PASS_AFDB_P2RANK_PREDICTED_POCKET_D4_LOADER
P96831,0,0,0,0,0,0,8.749560356140137,PASS_AFDB_P2RANK_PREDICTED_POCKET_D4_LOADER
P97364,0,0,0,0,0,0,2.484009027481079,BLOCKED_AFDB_STRUCTURE_FETCH_FAILED
P99502,0,0,0,0,0,0,8.943814992904663,PASS_AFDB_P2RANK_PREDICTED_POCKET_D4_LOADER
P99504,0,0,0,0,0,0,1.605006217956543,BLOCKED_AFDB_STRUCTURE_FETCH_FAILED
P99507,0,0,0,0,0,0,4.782732248306274,BLOCKED_AFDB_P2RANK_NO_POCKET
P9WEE7,0,0,0,0,0,0,1.6302504539489746,BLOCKED_AFDB_STRUCTURE_FETCH_FAILED
P9WEE8,0,0,0,0,0,0,1.659522533416748,BLOCKED_AFDB_STRUCTURE_FETCH_FAILED
P9WEF0,0,0,0,0,0,0,1.969689130783081,BLOCKED_AFDB_STRUCTURE_FETCH_FAILED
P9WEF1,0,0,0,0,0,0,1.5701286792755127,BLOCKED_AFDB_STRUCTURE_FETCH_FAILED
P9WEF2,0,0,0,0,0,0,1.625,BLOCKED_AFDB_STRUCTURE_FETCH_FAILED
P9WEG8,0,0,0,0,0,0,8.866799592971802,PASS_AFDB_P2RANK_PREDICTED_POCKET_D4_LOADER
P9WEG9,0,0,0,0,0,0,8.876883506774902,PASS_AFDB_P2RANK_PREDICTED_POCKET_D4_LOADER
P9WEH0,0,0,0,0,0,0,8.968957662582397,PASS_AFDB_P2RANK_PREDICTED_POCKET_D4_LOADER
P9WEI5,0,0,0,0,0,0,8.722378730773926,PASS_AFDB_P2RANK_PREDICTED_POCKET_D4_LOADER
P9WEI6,0,0,0,0,0,0,8.268776655197144,PASS_AFDB_P2RANK_PREDICTED_POCKET_D4_LOADER
P9WEI7,0,0,0,0,0,0,9.024665355682373,PASS_AFDB_P2RANK_PREDICTED_POCKET_D4_LOADER
P9WEJ7,0,0,0,0,0,0,9.004529476165771,PASS_AFDB_P2RANK_PREDICTED_POCKET_D4_LOADER
P9WEJ8,0,0,0,0,0,0,10.274390459060669,PASS_AFDB_P2RANK_PREDICTED_POCKET_D4_LOADER
P9WEJ9,0,0,0,0,0,0,8.80338168144226,PASS_AFDB_P2RANK_PREDICTED_POCKET_D4_LOADER
P9WEK0,0,0,0,0,0,0,8.74592900276184,PASS_AFDB_P2RANK_PREDICTED_POCKET_D4_LOADER
P9WEK1,0,0,0,0,0,0,9.359991788864136,PASS_AFDB_P2RANK_PREDICTED_POCKET_D4_LOADER
P9WEK2,0,0,0,0,0,0,8.719799041748047,PASS_AFDB_P2RANK_PREDICTED_POCKET_D4_LOADER
P9WEK4,0,0,0,0,0,0,8.393590450286865,PASS_AFDB_P2RANK_PREDICTED_POCKET_D4_LOADER
P9WEM0,0,0,0,0,0,0,8.379306316375732,PASS_AFDB_P2RANK_PREDICTED_POCKET_D4_LOADER
P9WEM6,0,0,0,0,0,0,8.6328125,PASS_AFDB_P2RANK_PREDICTED_POCKET_D4_LOADER
P9WEM7,0,0,0,0,0,0,7.992869138717651,PASS_AFDB_P2RANK_PREDICTED_POCKET_D4_LOADER
P9WEN6,0,0,0,0,0,0,10.01183009147644,PASS_AFDB_P2RANK_PREDICTED_POCKET_D4_LOADER
P9WEP6,0,0,0,0,0,0,8.43422245979309,PASS_AFDB_P2RANK_PREDICTED_POCKET_D4_LOADER
P9WEP8,0,0,0,0,0,0,9.468732595443726,PASS_AFDB_P2RANK_PREDICTED_POCKET_D4_LOADER
P9WEP9,0,0,0,0,0,0,8.2177574634552,PASS_AFDB_P2RANK_PREDICTED_POCKET_D4_LOADER
P9WER0,0,0,0,0,0,0,8.335500478744507,PASS_AFDB_P2RANK_PREDICTED_POCKET_D4_LOADER
P9WER5,0,0,0,0,0,0,10.24907922744751,PASS_AFDB_P2RANK_PREDICTED_POCKET_D4_LOADER
P9WES3,0,0,0,0,0,0,8.634665489196777,PASS_AFDB_P2RANK_PREDICTED_POCKET_D4_LOADER
P9WES7,0,0,0,0,0,0,8.719364404678345,PASS_AFDB_P2RANK_PREDICTED_POCKET_D4_LOADER
P9WEU0,0,0,0,0,0,0,8.850613355636597,PASS_AFDB_P2RANK_PREDICTED_POCKET_D4_LOADER
P9WFE6,0,0,0,0,0,0,5.288632869720459,BLOCKED_AFDB_P2RANK_NO_POCKET
P9WFE7,0,0,0,0,0,0,5.482188701629639,BLOCKED_AFDB_P2RANK_NO_POCKET
P9WFE8,0,0,0,0,0,0,5.420524835586548,BLOCKED_AFDB_P2RANK_NO_POCKET
P9WFE9,0,0,0,0,0,0,5.70487117767334,BLOCKED_AFDB_P2RANK_NO_POCKET
P9WFR8,0,0,0,0,0,0,8.253168821334839,PASS_AFDB_P2RANK_PREDICTED_POCKET_D4_LOADER
P9WFR9,0,0,0,0,0,0,8.398438215255737,PASS_AFDB_P2RANK_PREDICTED_POCKET_D4_LOADER
P9WFX8,0,0,0,0,0,0,9.111932516098022,PASS_AFDB_P2RANK_PREDICTED_POCKET_D4_LOADER
P9WFX9,0,0,0,0,0,0,8.265596151351929,PASS_AFDB_P2RANK_PREDICTED_POCKET_D4_LOADER
P9WG69,0,0,0,0,0,0,8.303587198257446,PASS_AFDB_P2RANK_PREDICTED_POCKET_D4_LOADER
P9WG76,0,0,0,0,0,0,7.974861145019531,PASS_AFDB_P2RANK_PREDICTED_POCKET_D4_LOADER
P9WG77,0,0,0,0,0,0,8.216020584106445,PASS_AFDB_P2RANK_PREDICTED_POCKET_D4_LOADER
P9WHX4,0,0,0,0,0,0,8.766726732254028,PASS_AFDB_P2RANK_PREDICTED_POCKET_D4_LOADER
P9WHX5,0,0,0,0,0,0,9.989470720291138,PASS_AFDB_P2RANK_PREDICTED_POCKET_D4_LOADER
P9WI52,0,0,0,0,0,0,9.999945878982544,PASS_AFDB_P2RANK_PREDICTED_POCKET_D4_LOADER
P9WI53,0,0,0,0,0,0,7.373836517333984,PASS_AFDB_P2RANK_PREDICTED_POCKET_D4_LOADER
P9WI92,0,0,0,0,0,0,5.255287408828735,BLOCKED_AFDB_P2RANK_NO_POCKET
P9WIC0,0,0,0,0,0,0,7.162386178970337,PASS_AFDB_P2RANK_PREDICTED_POCKET_D4_LOADER
P9WIC1,0,0,0,0,0,0,6.92779541015625,PASS_AFDB_P2RANK_PREDICTED_POCKET_D4_LOADER
P9WJJ4,0,0,0,0,0,0,7.546677350997925,PASS_AFDB_P2RANK_PREDICTED_POCKET_D4_LOADER
P9WJJ5,0,0,0,0,0,0,7.576211214065552,PASS_AFDB_P2RANK_PREDICTED_POCKET_D4_LOADER
P9WKG6,0,0,0,0,0,0,8.678757905960083,PASS_AFDB_P2RANK_PREDICTED_POCKET_D4_LOADER
P9WKG7,0,0,0,0,0,0,8.229612112045288,PASS_AFDB_P2RANK_PREDICTED_POCKET_D4_LOADER
P9WKH2,0,0,0,0,0,0,7.319631338119507,PASS_AFDB_P2RANK_PREDICTED_POCKET_D4_LOADER
P9WKH3,0,0,0,0,0,0,7.518433094024658,PASS_AFDB_P2RANK_PREDICTED_POCKET_D4_LOADER
P9WKY4,0,0,0,0,0,0,7.734147787094116,PASS_AFDB_P2RANK_PREDICTED_POCKET_D4_LOADER
P9WN59,0,0,0,0,0,0,6.089731931686401,BLOCKED_AFDB_P2RANK_NO_POCKET
P9WNE2,0,0,0,0,0,0,8.21468210220337,PASS_AFDB_P2RANK_PREDICTED_POCKET_D4_LOADER
P9WNE3,0,0,0,0,0,0,8.724701642990112,PASS_AFDB_P2RANK_PREDICTED_POCKET_D4_LOADER
P9WNN2,0,0,0,0,0,0,7.680231809616089,PASS_AFDB_P2RANK_PREDICTED_POCKET_D4_LOADER
P9WNN3,0,0,0,0,0,0,7.900137662887573,PASS_AFDB_P2RANK_PREDICTED_POCKET_D4_LOADER
P9WNW8,0,0,0,0,0,0,8.115434408187866,PASS_AFDB_P2RANK_PREDICTED_POCKET_D4_LOADER
P9WNW9,0,0,0,0,0,0,11.98200511932373,PASS_AFDB_P2RANK_PREDICTED_POCKET_D4_LOADER
P9WPP8,0,0,0,0,0,0,8.781673669815063,PASS_AFDB_P2RANK_PREDICTED_POCKET_D4_LOADER
P9WPP9,0,0,0,0,0,0,9.402553081512451,PASS_AFDB_P2RANK_PREDICTED_POCKET_D4_LOADER
P9WQ38,0,0,0,0,0,0,8.267225742340088,PASS_AFDB_P2RANK_PREDICTED_POCKET_D4_LOADER
P9WQ39,0,0,0,0,0,0,8.166085958480835,PASS_AFDB_P2RANK_PREDICTED_POCKET_D4_LOADER
P9WQB7,0,0,0,0,0,0,6.801419019699097,BLOCKED_AFDB_P2RANK_NO_POCKET
Q00030,0,0,0,0,0,0,1.6030592918395996,BLOCKED_AFDB_STRUCTURE_FETCH_FAILED
Q00094,0,0,0,0,0,0,1.649519920349121,BLOCKED_AFDB_STRUCTURE_FETCH_FAILED
Q00095,0,0,0,0,0,0,1.6959490776062012,BLOCKED_AFDB_STRUCTURE_FETCH_FAILED
Q00097,0,0,0,0,0,0,1.9460465908050537,BLOCKED_AFDB_STRUCTURE_FETCH_FAILED
Q00098,0,0,0,0,0,0,2.283432722091675,BLOCKED_AFDB_STRUCTURE_FETCH_FAILED
Q00277,0,0,0,0,0,0,4.734158754348755,BLOCKED_AFDB_STRUCTURE_FETCH_FAILED
Q00532,0,0,0,0,0,0,8.32961368560791,PASS_AFDB_P2RANK_PREDICTED_POCKET_D4_LOADER
Q00873,0,0,0,0,0,0,7.985721826553345,PASS_AFDB_P2RANK_PREDICTED_POCKET_D4_LOADER
Q00901,0,0,0,0,0,0,2.171678066253662,BLOCKED_AFDB_STRUCTURE_FETCH_FAILED
Q01034,0,0,0,0,0,0,1.6621344089508057,BLOCKED_AFDB_STRUCTURE_FETCH_FAILED
Q01037,0,0,0,0,0,0,1.5883066654205322,BLOCKED_AFDB_STRUCTURE_FETCH_FAILED
Q01038,0,0,0,0,0,0,1.6861562728881836,BLOCKED_AFDB_STRUCTURE_FETCH_FAILED
Q01225,0,0,0,0,0,0,2.200922727584839,BLOCKED_AFDB_STRUCTURE_FETCH_FAILED
Q01319,0,0,0,0,0,0,1.907867193222046,BLOCKED_AFDB_STRUCTURE_FETCH_FAILED
Q01433,0,0,0,0,0,0,10.069472551345825,PASS_AFDB_P2RANK_PREDICTED_POCKET_D4_LOADER
Q01458,0,0,0,0,0,0,6.017879486083984,BLOCKED_AFDB_P2RANK_NO_POCKET
Q01468,0,0,0,0,0,0,6.247671365737915,BLOCKED_AFDB_P2RANK_NO_POCKET
Q01511,0,0,0,0,0,0,1.6150646209716797,BLOCKED_AFDB_STRUCTURE_FETCH_FAILED
Q01698,0,0,0,0,0,0,8.426488399505615,PASS_AFDB_P2RANK_PREDICTED_POCKET_D4_LOADER
Q01767,0,0,0,0,0,0,11.183239698410034,PASS_AFDB_P2RANK_PREDICTED_POCKET_D4_LOADER
Q01UN6,0,0,0,0,0,0,6.21130108833313,BLOCKED_AFDB_P2RANK_NO_POCKET
Q02048,0,0,0,0,0,0,1.6200494766235352,BLOCKED_AFDB_STRUCTURE_FETCH_FAILED
Q02049,0,0,0,0,0,0,1.6107616424560547,BLOCKED_AFDB_STRUCTURE_FETCH_FAILED
Q02261,0,0,0,0,0,0,1.9698116779327393,BLOCKED_AFDB_STRUCTURE_FETCH_FAILED
Q02262,0,0,0,0,0,0,1.6333835124969482,BLOCKED_AFDB_STRUCTURE_FETCH_FAILED
Q02315,0,0,0,0,0,0,8.812013864517212,PASS_AFDB_P2RANK_PREDICTED_POCKET_D4_LOADER
Q02419,0,0,0,0,0,0,6.486773490905762,BLOCKED_AFDB_P2RANK_NO_POCKET
Q02512,0,0,0,0,0,0,1.6229040622711182,BLOCKED_AFDB_STRUCTURE_FETCH_FAILED
Q02513,0,0,0,0,0,0,2.91471529006958,BLOCKED_AFDB_STRUCTURE_FETCH_FAILED
Q02943,0,0,0,0,0,0,5.436087369918823,BLOCKED_AFDB_P2RANK_NO_POCKET
Q02997,0,0,0,0,0,0,5.712511777877808,BLOCKED_AFDB_P2RANK_NO_POCKET
Q02A54,0,0,0,0,0,0,6.365908622741699,BLOCKED_AFDB_P2RANK_NO_POCKET
Q02FF4,0,0,0,0,0,0,5.389433145523071,BLOCKED_AFDB_P2RANK_NO_POCKET
Q02GV9,0,0,0,0,0,0,5.891644716262817,BLOCKED_AFDB_P2RANK_NO_POCKET
Q02ND8,0,0,0,0,0,0,5.5744309425354,BLOCKED_AFDB_P2RANK_NO_POCKET
Q02Y14,0,0,0,0,0,0,9.84920859336853,PASS_AFDB_P2RANK_PREDICTED_POCKET_D4_LOADER
Q03032,0,0,0,0,0,0,7.446366310119629,BLOCKED_AFDB_P2RANK_NO_POCKET
Q03219,0,0,0,0,0,0,7.919975280761719,PASS_AFDB_P2RANK_PREDICTED_POCKET_D4_LOADER
Q03284,0,0,0,0,0,0,5.927261590957642,BLOCKED_AFDB_P2RANK_NO_POCKET
Q03321,0,0,0,0,0,0,1.6059761047363281,BLOCKED_AFDB_STRUCTURE_FETCH_FAILED
Q03328,0,0,0,0,0,0,1.6326794624328613,BLOCKED_AFDB_STRUCTURE_FETCH_FAILED
Q036X3,0,0,0,0,0,0,8.263394832611084,PASS_AFDB_P2RANK_PREDICTED_POCKET_D4_LOADER
Q03M63,0,0,0,0,0,0,8.184623956680298,PASS_AFDB_P2RANK_PREDICTED_POCKET_D4_LOADER
Q03ME4,0,0,0,0,0,0,5.39511251449585,BLOCKED_AFDB_P2RANK_NO_POCKET
Q03ME5,0,0,0,0,0,0,5.320159435272217,BLOCKED_AFDB_P2RANK_NO_POCKET
Q03Z41,0,0,0,0,0,0,9.974494218826294,PASS_AFDB_P2RANK_PREDICTED_POCKET_D4_LOADER
Q04170,0,0,0,0,0,0,7.991829872131348,PASS_AFDB_P2RANK_PREDICTED_POCKET_D4_LOADER
Q04236,0,0,0,0,0,0,4.763495683670044,BLOCKED_AFDB_P2RANK_NO_POCKET
Q04237,0,0,0,0,0,0,5.006855249404907,BLOCKED_AFDB_P2RANK_NO_POCKET
Q04238,0,0,0,0,0,0,4.721494436264038,BLOCKED_AFDB_P2RANK_NO_POCKET
Q04239,0,0,0,0,0,0,4.774923086166382,BLOCKED_AFDB_P2RANK_NO_POCKET
Q04543,0,0,0,0,0,0,1.6564445495605469,BLOCKED_AFDB_STRUCTURE_FETCH_FAILED
Q04770,0,0,0,0,0,0,8.645832061767578,PASS_AFDB_P2RANK_PREDICTED_POCKET_D4_LOADER
Q04938,0,0,0,0,0,0,4.77855920791626,BLOCKED_AFDB_P2RANK_NO_POCKET
Q04DA2,0,0,0,0,0,0,6.579705715179443,BLOCKED_AFDB_P2RANK_NO_POCKET
Q04KS4,0,0,0,0,0,0,8.609960794448853,PASS_AFDB_P2RANK_PREDICTED_POCKET_D4_LOADER
Q04SA4,0,0,0,0,0,0,5.926975727081299,BLOCKED_AFDB_P2RANK_NO_POCKET
Q05101,0,0,0,0,0,0,1.5475437641143799,BLOCKED_AFDB_STRUCTURE_FETCH_FAILED
Q05111,0,0,0,0,0,0,2.760964870452881,BLOCKED_AFDB_STRUCTURE_FETCH_FAILED
Q05112,0,0,0,0,0,0,2.2267842292785645,BLOCKED_AFDB_STRUCTURE_FETCH_FAILED
Q05133,0,0,0,0,0,0,1.64617919921875,BLOCKED_AFDB_STRUCTURE_FETCH_FAILED
Q05134,0,0,0,0,0,0,2.5411195755004883,BLOCKED_AFDB_STRUCTURE_FETCH_FAILED
Q05135,0,0,0,0,0,0,3.2418811321258545,BLOCKED_AFDB_STRUCTURE_FETCH_FAILED
Q05259,0,0,0,0,0,0,1.58685302734375,BLOCKED_AFDB_STRUCTURE_FETCH_FAILED
Q05262,0,0,0,0,0,0,1.5555799007415771,BLOCKED_AFDB_STRUCTURE_FETCH_FAILED
Q05554,0,0,0,0,0,0,1.9190855026245117,BLOCKED_AFDB_STRUCTURE_FETCH_FAILED
Q05579,0,0,0,0,0,0,1.61832594871521,BLOCKED_AFDB_STRUCTURE_FETCH_FAILED
Q05866,0,0,0,0,0,0,9.546029806137085,PASS_AFDB_P2RANK_PREDICTED_POCKET_D4_LOADER
Q05879,0,0,0,0,0,0,1.6481904983520508,BLOCKED_AFDB_STRUCTURE_FETCH_FAILED
Q05880,0,0,0,0,0,0,1.6128733158111572,BLOCKED_AFDB_STRUCTURE_FETCH_FAILED
Q05976,0,0,0,0,0,0,7.674526929855347,PASS_AFDB_P2RANK_PREDICTED_POCKET_D4_LOADER
Q05984,0,0,0,0,0,0,1.6442430019378662,BLOCKED_AFDB_STRUCTURE_FETCH_FAILED
Q05985,0,0,0,0,0,0,1.576054573059082,BLOCKED_AFDB_STRUCTURE_FETCH_FAILED
Q05987,0,0,0,0,0,0,1.665250539779663,BLOCKED_AFDB_STRUCTURE_FETCH_FAILED
Q05988,0,0,0,0,0,0,3.6023502349853516,BLOCKED_AFDB_STRUCTURE_FETCH_FAILED
Q05989,0,0,0,0,0,0,1.678605318069458,BLOCKED_AFDB_STRUCTURE_FETCH_FAILED
Q05991,0,0,0,0,0,0,1.6261005401611328,BLOCKED_AFDB_STRUCTURE_FETCH_FAILED
Q05993,0,0,0,0,0,0,3.932936668395996,BLOCKED_AFDB_STRUCTURE_FETCH_FAILED
Q05995,0,0,0,0,0,0,1.730759620666504,BLOCKED_AFDB_STRUCTURE_FETCH_FAILED
Q05B52,0,0,0,0,0,0,8.712568283081055,PASS_AFDB_P2RANK_PREDICTED_POCKET_D4_LOADER
Q06095,0,0,0,0,0,0,1.6294095516204834,BLOCKED_AFDB_STRUCTURE_FETCH_FAILED
Q06259,0,0,0,0,0,0,1.5940155982971191,BLOCKED_AFDB_STRUCTURE_FETCH_FAILED
Q06509,0,0,0,0,0,0,8.046407222747803,PASS_AFDB_P2RANK_PREDICTED_POCKET_D4_LOADER
Q06543,0,0,0,0,0,0,7.845881462097168,PASS_AFDB_P2RANK_PREDICTED_POCKET_D4_LOADER
Q06AU4,0,0,0,0,0,0,8.20333743095398,PASS_AFDB_P2RANK_PREDICTED_POCKET_D4_LOADER
Q06S87,0,0,0,0,0,0,5.759217262268066,BLOCKED_AFDB_P2RANK_NO_POCKET
Q07049,0,0,0,0,0,0,5.288604974746704,BLOCKED_AFDB_P2RANK_NO_POCKET
Q07275,0,0,0,0,0,0,1.5867948532104492,BLOCKED_AFDB_STRUCTURE_FETCH_FAILED
Q07399,0,0,0,0,0,0,5.13599157333374,BLOCKED_AFDB_P2RANK_NO_POCKET
Q07494,0,0,0,0,0,0,2.603510856628418,BLOCKED_AFDB_STRUCTURE_FETCH_FAILED
Q07846,0,0,0,0,0,0,1.6754963397979736,BLOCKED_AFDB_STRUCTURE_FETCH_FAILED
Q07847,0,0,0,0,0,0,1.9261202812194824,BLOCKED_AFDB_STRUCTURE_FETCH_FAILED
Q07848,0,0,0,0,0,0,1.6150181293487549,BLOCKED_AFDB_STRUCTURE_FETCH_FAILED
Q07K71,0,0,0,0,0,0,5.224761247634888,BLOCKED_AFDB_P2RANK_NO_POCKET
Q07L90,0,0,0,0,0,0,7.346411466598511,BLOCKED_AFDB_P2RANK_NO_POCKET
Q07Z00,0,0,0,0,0,0,6.22502326965332,BLOCKED_AFDB_P2RANK_NO_POCKET
Q08097,0,0,0,0,0,0,1.6245341300964355,BLOCKED_AFDB_STRUCTURE_FETCH_FAILED
Q08317,0,0,0,0,0,0,2.0672261714935303,BLOCKED_AFDB_STRUCTURE_FETCH_FAILED
Q08436,0,0,0,0,0,0,1.6092019081115723,BLOCKED_AFDB_STRUCTURE_FETCH_FAILED
Q08512,0,0,0,0,0,0,2.7012271881103516,BLOCKED_AFDB_STRUCTURE_FETCH_FAILED
Q08513,0,0,0,0,0,0,20.789823293685913,BLOCKED_AFDB_STRUCTURE_FETCH_FAILED
Q08726,0,0,0,0,0,0,10.053549766540527,PASS_AFDB_P2RANK_PREDICTED_POCKET_D4_LOADER
Q08908,0,0,0,0,0,0,9.379346370697021,PASS_AFDB_P2RANK_PREDICTED_POCKET_D4_LOADER
Q08DA0,0,0,0,0,0,0,10.067078590393066,PASS_AFDB_P2RANK_PREDICTED_POCKET_D4_LOADER
Q09053,0,0,0,0,0,0,6.600062131881714,BLOCKED_AFDB_P2RANK_NO_POCKET
Q09115,0,0,0,0,0,0,4.698566913604736,BLOCKED_AFDB_P2RANK_NO_POCKET
Q09123,0,0,0,0,0,0,5.0710132122039795,BLOCKED_AFDB_P2RANK_NO_POCKET
Q09124,0,0,0,0,0,0,5.7569756507873535,BLOCKED_AFDB_P2RANK_NO_POCKET
Q09129,0,0,0,0,0,0,5.20869779586792,BLOCKED_AFDB_P2RANK_NO_POCKET
Q09136,0,0,0,0,0,0,1.590040683746338,BLOCKED_AFDB_STRUCTURE_FETCH_FAILED
Q09199,0,0,0,0,0,0,8.756372213363647,PASS_AFDB_P2RANK_PREDICTED_POCKET_D4_LOADER
Q09736,0,0,0,0,0,0,8.597643375396729,PASS_AFDB_P2RANK_PREDICTED_POCKET_D4_LOADER
Q09833,0,0,0,0,0,0,7.568255424499512,BLOCKED_ESM2_3B_EXTRACTION_FAILED
Q09903,0,0,0,0,0,0,9.542963027954102,PASS_AFDB_P2RANK_PREDICTED_POCKET_D4_LOADER
Q09LY5,0,0,0,0,0,0,9.480108737945557,PASS_AFDB_P2RANK_PREDICTED_POCKET_D4_LOADER
Q0AC99,0,0,0,0,0,0,5.34780478477478,BLOCKED_AFDB_P2RANK_NO_POCKET
Q0ACB4,0,0,0,0,0,0,5.382015228271484,BLOCKED_AFDB_P2RANK_NO_POCKET
Q0ANY8,0,0,0,0,0,0,6.141504526138306,BLOCKED_AFDB_P2RANK_NO_POCKET
Q0BJP4,0,0,0,0,0,0,5.639568567276001,BLOCKED_AFDB_P2RANK_NO_POCKET
Q0BQ42,0,0,0,0,0,0,5.460450649261475,BLOCKED_AFDB_P2RANK_NO_POCKET
Q0BZU9,0,0,0,0,0,0,5.8260698318481445,BLOCKED_AFDB_P2RANK_NO_POCKET
Q0CJ60,0,0,0,0,0,0,9.009325742721558,PASS_AFDB_P2RANK_PREDICTED_POCKET_D4_LOADER
Q0CPG6,0,0,0,0,0,0,10.064671039581299,PASS_AFDB_P2RANK_PREDICTED_POCKET_D4_LOADER
Q0CPG8,0,0,0,0,0,0,8.844818353652954,PASS_AFDB_P2RANK_PREDICTED_POCKET_D4_LOADER
Q0CPG9,0,0,0,0,0,0,8.866032600402832,PASS_AFDB_P2RANK_PREDICTED_POCKET_D4_LOADER
Q0E592,0,0,0,0,0,0,2.029723882675171,BLOCKED_AFDB_STRUCTURE_FETCH_FAILED
Q0EF98,0,0,0,0,0,0,1.6637847423553467,BLOCKED_AFDB_STRUCTURE_FETCH_FAILED
Q0EF99,0,0,0,0,0,0,1.8954555988311768,BLOCKED_AFDB_STRUCTURE_FETCH_FAILED
Q0EFA0,0,0,0,0,0,0,1.9103155136108398,BLOCKED_AFDB_STRUCTURE_FETCH_FAILED
Q0I657,0,0,0,0,0,0,5.9969048500061035,BLOCKED_AFDB_P2RANK_NO_POCKET
Q0I658,0,0,0,0,0,0,6.196946144104004,BLOCKED_AFDB_P2RANK_NO_POCKET
Q0IDA2,0,0,0,0,0,0,5.55244255065918,BLOCKED_AFDB_P2RANK_NO_POCKET
Q0IIG8,0,0,0,0,0,0,7.757797956466675,PASS_AFDB_P2RANK_PREDICTED_POCKET_D4_LOADER
Q0JA81,0,0,0,0,0,0,11.897485971450806,PASS_AFDB_P2RANK_PREDICTED_POCKET_D4_LOADER
Q0KFF7,0,0,0,0,0,0,5.544055938720703,BLOCKED_AFDB_P2RANK_NO_POCKET
Q0P5E2,0,0,0,0,0,0,8.703717470169067,PASS_AFDB_P2RANK_PREDICTED_POCKET_D4_LOADER
Q0P5H1,0,0,0,0,0,0,8.737390279769897,PASS_AFDB_P2RANK_PREDICTED_POCKET_D4_LOADER
Q0PD08,0,0,0,0,0,0,8.64868426322937,PASS_AFDB_P2RANK_PREDICTED_POCKET_D4_LOADER
Q0QF17,0,0,0,0,0,0,3.144014835357666,BLOCKED_AFDB_STRUCTURE_FETCH_FAILED
Q0RDK8,0,0,0,0,0,0,5.670488357543945,BLOCKED_AFDB_P2RANK_NO_POCKET
Q0RH75,0,0,0,0,0,0,8.290273189544678,PASS_AFDB_P2RANK_PREDICTED_POCKET_D4_LOADER
Q0RQR8,0,0,0,0,0,0,5.886707067489624,BLOCKED_AFDB_P2RANK_NO_POCKET
Q0RQR9,0,0,0,0,0,0,5.868497371673584,BLOCKED_AFDB_P2RANK_NO_POCKET
Q0S4Q9,0,0,0,0,0,0,12.678886890411377,PASS_AFDB_P2RANK_PREDICTED_POCKET_D4_LOADER
Q0S4S8,0,0,0,0,0,0,5.221469879150391,BLOCKED_AFDB_P2RANK_NO_POCKET
Q0S4S9,0,0,0,0,0,0,5.719420433044434,BLOCKED_AFDB_P2RANK_NO_POCKET
Q0SRK7,0,0,0,0,0,0,6.91928505897522,PASS_AFDB_P2RANK_PREDICTED_POCKET_D4_LOADER
Q0SSI9,0,0,0,0,0,0,7.156495094299316,PASS_AFDB_P2RANK_PREDICTED_POCKET_D4_LOADER
Q0SY20,0,0,0,0,0,0,8.340065956115723,PASS_AFDB_P2RANK_PREDICTED_POCKET_D4_LOADER
Q0TA85,0,0,0,0,0,0,8.15617060661316,PASS_AFDB_P2RANK_PREDICTED_POCKET_D4_LOADER
Q0TPX4,0,0,0,0,0,0,7.093871116638184,PASS_AFDB_P2RANK_PREDICTED_POCKET_D4_LOADER
Q0VCR6,0,0,0,0,0,0,8.417726278305054,PASS_AFDB_P2RANK_PREDICTED_POCKET_D4_LOADER
Q0VFD8,0,0,0,0,0,0,5.481281280517578,BLOCKED_AFDB_P2RANK_NO_POCKET
Q0VFE3,0,0,0,0,0,0,7.963049411773682,PASS_AFDB_P2RANK_PREDICTED_POCKET_D4_LOADER
Q0VKX9,0,0,0,0,0,0,5.243448734283447,BLOCKED_AFDB_P2RANK_NO_POCKET
Q0VKY0,0,0,0,0,0,0,5.415950059890747,BLOCKED_AFDB_P2RANK_NO_POCKET
Q0VS71,0,0,0,0,0,0,5.573912143707275,BLOCKED_AFDB_P2RANK_NO_POCKET
Q0W349,0,0,0,0,0,0,10.065082311630249,PASS_AFDB_P2RANK_PREDICTED_POCKET_D4_LOADER
Q0ZB81,0,0,0,0,0,0,2.1289608478546143,BLOCKED_AFDB_STRUCTURE_FETCH_FAILED
Q0ZME8,0,0,0,0,0,0,2.304396390914917,BLOCKED_AFDB_STRUCTURE_FETCH_FAILED
Q10202,0,0,0,0,0,0,9.844773054122925,PASS_AFDB_P2RANK_PREDICTED_POCKET_D4_LOADER
Q10334,0,0,0,0,0,0,8.655611038208008,PASS_AFDB_P2RANK_PREDICTED_POCKET_D4_LOADER
Q10B19,0,0,0,0,0,0,7.899337291717529,PASS_AFDB_P2RANK_PREDICTED_POCKET_D4_LOADER
Q11128,0,0,0,0,0,0,8.341383457183838,PASS_AFDB_P2RANK_PREDICTED_POCKET_D4_LOADER
Q116J2,0,0,0,0,0,0,5.3633246421813965,BLOCKED_AFDB_P2RANK_NO_POCKET
Q117Z9,0,0,0,0,0,0,7.437946319580078,BLOCKED_AFDB_P2RANK_NO_POCKET
Q11EW5,0,0,0,0,0,0,5.284888029098511,BLOCKED_AFDB_P2RANK_NO_POCKET
Q11EW7,0,0,0,0,0,0,5.179614067077637,BLOCKED_AFDB_P2RANK_NO_POCKET
Q11R87,0,0,0,0,0,0,5.700674533843994,BLOCKED_AFDB_P2RANK_NO_POCKET
Q12039,0,0,0,0,0,0,9.756636381149292,PASS_AFDB_P2RANK_PREDICTED_POCKET_D4_LOADER
Q12333,0,0,0,0,0,0,10.383751153945923,PASS_AFDB_P2RANK_PREDICTED_POCKET_D4_LOADER
Q12473,0,0,0,0,0,0,9.405739068984985,PASS_AFDB_P2RANK_PREDICTED_POCKET_D4_LOADER
Q12664,0,0,0,0,0,0,9.636776685714722,PASS_AFDB_P2RANK_PREDICTED_POCKET_D4_LOADER
Q12829,0,0,0,0,0,0,8.113200187683105,PASS_AFDB_P2RANK_PREDICTED_POCKET_D4_LOADER
Q12H06,0,0,0,0,0,0,5.839435577392578,BLOCKED_AFDB_P2RANK_NO_POCKET
Q12TR2,0,0,0,0,0,0,1.7071750164031982,BLOCKED_AFDB_STRUCTURE_FETCH_FAILED
Q12WF0,0,0,0,0,0,0,9.420293092727661,PASS_AFDB_P2RANK_PREDICTED_POCKET_D4_LOADER
Q12WH8,0,0,0,0,0,0,8.147043228149414,BLOCKED_AFDB_P2RANK_NO_POCKET
Q12YW2,0,0,0,0,0,0,8.55203914642334,PASS_AFDB_P2RANK_PREDICTED_POCKET_D4_LOADER
Q133L2,0,0,0,0,0,0,5.6289472579956055,BLOCKED_AFDB_P2RANK_NO_POCKET
Q133L3,0,0,0,0,0,0,5.265455007553101,BLOCKED_AFDB_P2RANK_NO_POCKET
Q135J5,0,0,0,0,0,0,6.691648721694946,BLOCKED_AFDB_P2RANK_NO_POCKET
Q13608,0,0,0,0,0,0,21.969297647476196,PASS_AFDB_P2RANK_PREDICTED_POCKET_D4_LOADER
Q13636,0,0,0,0,0,0,7.773285388946533,PASS_AFDB_P2RANK_PREDICTED_POCKET_D4_LOADER
Q13956,0,0,0,0,0,0,5.566561222076416,BLOCKED_AFDB_P2RANK_NO_POCKET
Q13BG6,0,0,0,0,0,0,7.330170392990112,BLOCKED_AFDB_P2RANK_NO_POCKET
Q13BH5,0,0,0,0,0,0,5.684473037719727,BLOCKED_AFDB_P2RANK_NO_POCKET
Q13SM2,0,0,0,0,0,0,5.328862905502319,BLOCKED_AFDB_P2RANK_NO_POCKET
Q144E3,0,0,0,0,0,0,5.24278998374939,BLOCKED_AFDB_P2RANK_NO_POCKET
Q146Y6,0,0,0,0,0,0,5.4469757080078125,BLOCKED_AFDB_P2RANK_NO_POCKET
Q14964,0,0,0,0,0,0,8.010345697402954,PASS_AFDB_P2RANK_PREDICTED_POCKET_D4_LOADER
Q14BT6,0,0,0,0,0,0,8.600181102752686,PASS_AFDB_P2RANK_PREDICTED_POCKET_D4_LOADER
Q14EB1,0,0,0,0,0,0,1.8974330425262451,BLOCKED_AFDB_STRUCTURE_FETCH_FAILED
Q14RS2,0,0,0,0,0,0,29.462299585342407,PASS_AFDB_P2RANK_PREDICTED_POCKET_D4_LOADER
Q15771,0,0,0,0,0,0,7.557109594345093,PASS_AFDB_P2RANK_PREDICTED_POCKET_D4_LOADER
Q15831,0,0,0,0,0,0,8.73099136352539,PASS_AFDB_P2RANK_PREDICTED_POCKET_D4_LOADER
Q161T1,0,0,0,0,0,0,5.378089189529419,BLOCKED_AFDB_P2RANK_NO_POCKET
Q161T2,0,0,0,0,0,0,5.428678274154663,BLOCKED_AFDB_P2RANK_NO_POCKET
Q16635,0,0,0,0,0,0,8.448343515396118,PASS_AFDB_P2RANK_PREDICTED_POCKET_D4_LOADER
Q16850,0,0,0,0,0,0,10.074144124984741,PASS_AFDB_P2RANK_PREDICTED_POCKET_D4_LOADER
Q16881,0,0,0,0,0,0,1.6439621448516846,BLOCKED_AFDB_STRUCTURE_FETCH_FAILED
Q168I8,0,0,0,0,0,0,5.211560964584351,BLOCKED_AFDB_P2RANK_NO_POCKET
Q16BN1,0,0,0,0,0,0,5.921395778656006,BLOCKED_AFDB_P2RANK_NO_POCKET
Q16Q94,0,0,0,0,0,0,6.323103666305542,BLOCKED_AFDB_P2RANK_NO_POCKET
Q17745,0,0,0,0,0,0,1.8829779624938965,BLOCKED_AFDB_STRUCTURE_FETCH_FAILED
Q17QB7,0,0,0,0,0,0,8.045751571655273,PASS_AFDB_P2RANK_PREDICTED_POCKET_D4_LOADER
Q17QM4,0,0,0,0,0,0,1.8924739360809326,BLOCKED_AFDB_STRUCTURE_FETCH_FAILED
Q17QU4,0,0,0,0,0,0,7.773547172546387,PASS_AFDB_P2RANK_PREDICTED_POCKET_D4_LOADER
Q17R06,0,0,0,0,0,0,7.518854379653931,PASS_AFDB_P2RANK_PREDICTED_POCKET_D4_LOADER
Q182I1,0,0,0,0,0,0,4.66074800491333,BLOCKED_AFDB_STRUCTURE_FETCH_FAILED
Q18EC0,0,0,0,0,0,0,5.517362117767334,BLOCKED_AFDB_P2RANK_NO_POCKET
Q18K02,0,0,0,0,0,0,5.341740608215332,BLOCKED_AFDB_P2RANK_NO_POCKET
Q18KN8,0,0,0,0,0,0,5.6083550453186035,BLOCKED_AFDB_P2RANK_NO_POCKET
Q18LD0,0,0,0,0,0,0,1.5813474655151367,BLOCKED_AFDB_STRUCTURE_FETCH_FAILED
Q18LE8,0,0,0,0,0,0,1.966294527053833,BLOCKED_AFDB_STRUCTURE_FETCH_FAILED
Q18TV3,0,0,0,0,0,0,1.6597900390625,BLOCKED_AFDB_STRUCTURE_FETCH_FAILED
Q196Z3,0,0,0,0,0,0,1.6089811325073242,BLOCKED_AFDB_STRUCTURE_FETCH_FAILED
Q196Z5,0,0,0,0,0,0,4.914941787719727,BLOCKED_AFDB_STRUCTURE_FETCH_FAILED
Q197B2,0,0,0,0,0,0,2.415536403656006,BLOCKED_AFDB_STRUCTURE_FETCH_FAILED
Q197F0,0,0,0,0,0,0,1.775141954421997,BLOCKED_AFDB_STRUCTURE_FETCH_FAILED
Q19A54,0,0,0,0,0,0,1.5979597568511963,BLOCKED_AFDB_STRUCTURE_FETCH_FAILED
Q19QT7,0,0,0,0,0,0,2.0228066444396973,BLOCKED_AFDB_STRUCTURE_FETCH_FAILED
Q1ACI3,0,0,0,0,0,0,8.797749757766724,PASS_AFDB_P2RANK_PREDICTED_POCKET_D4_LOADER
Q1B870,0,0,0,0,0,0,5.300685882568359,BLOCKED_AFDB_P2RANK_NO_POCKET
Q1B871,0,0,0,0,0,0,5.402782201766968,BLOCKED_AFDB_P2RANK_NO_POCKET
Q1B968,0,0,0,0,0,0,8.444904804229736,PASS_AFDB_P2RANK_PREDICTED_POCKET_D4_LOADER
Q1BSL1,0,0,0,0,0,0,5.573161840438843,BLOCKED_AFDB_P2RANK_NO_POCKET
Q1C2U1,0,0,0,0,0,0,8.363190174102783,PASS_AFDB_P2RANK_PREDICTED_POCKET_D4_LOADER
Q1CCT9,0,0,0,0,0,0,8.926921129226685,PASS_AFDB_P2RANK_PREDICTED_POCKET_D4_LOADER
Q1CHQ1,0,0,0,0,0,0,6.05923867225647,BLOCKED_AFDB_P2RANK_NO_POCKET
Q1CHR0,0,0,0,0,0,0,5.328704357147217,BLOCKED_AFDB_P2RANK_NO_POCKET
Q1CKK1,0,0,0,0,0,0,7.228637218475342,PASS_AFDB_P2RANK_PREDICTED_POCKET_D4_LOADER
Q1D8S2,0,0,0,0,0,0,6.062267303466797,BLOCKED_AFDB_P2RANK_NO_POCKET
Q1GDR0,0,0,0,0,0,0,5.435902833938599,BLOCKED_AFDB_P2RANK_NO_POCKET
Q1GFB4,0,0,0,0,0,0,5.513383388519287,BLOCKED_AFDB_P2RANK_NO_POCKET
Q1GJP6,0,0,0,0,0,0,5.587636232376099,BLOCKED_AFDB_P2RANK_NO_POCKET
Q1GJP7,0,0,0,0,0,0,5.51253342628479,BLOCKED_AFDB_P2RANK_NO_POCKET
Q1GYD2,0,0,0,0,0,0,5.366548776626587,BLOCKED_AFDB_P2RANK_NO_POCKET
Q1H0F0,0,0,0,0,0,0,6.062566041946411,BLOCKED_AFDB_P2RANK_NO_POCKET
Q1H0F1,0,0,0,0,0,0,5.649725675582886,BLOCKED_AFDB_P2RANK_NO_POCKET
Q1H5H1,0,0,0,0,0,0,1.9103593826293945,BLOCKED_AFDB_STRUCTURE_FETCH_FAILED
Q1HVD1,0,0,0,0,0,0,1.594541072845459,BLOCKED_AFDB_STRUCTURE_FETCH_FAILED
Q1I800,0,0,0,0,0,0,7.444197654724121,PASS_AFDB_P2RANK_PREDICTED_POCKET_D4_LOADER
Q1IBP1,0,0,0,0,0,0,6.835419416427612,BLOCKED_AFDB_P2RANK_NO_POCKET
Q1IBP2,0,0,0,0,0,0,5.49553918838501,BLOCKED_AFDB_P2RANK_NO_POCKET
Q1IED2,0,0,0,0,0,0,5.3627235889434814,BLOCKED_AFDB_P2RANK_NO_POCKET
Q1IP68,0,0,0,0,0,0,5.462334632873535,BLOCKED_AFDB_P2RANK_NO_POCKET
Q1IX70,0,0,0,0,0,0,8.261739253997803,PASS_AFDB_P2RANK_PREDICTED_POCKET_D4_LOADER
Q1IZV0,0,0,0,0,0,0,5.400292873382568,BLOCKED_AFDB_P2RANK_NO_POCKET
Q1JPY5,0,0,0,0,0,0,9.229835510253906,PASS_AFDB_P2RANK_PREDICTED_POCKET_D4_LOADER
Q1LPT2,0,0,0,0,0,0,6.135257720947266,BLOCKED_AFDB_P2RANK_NO_POCKET
Q1LSE0,0,0,0,0,0,0,5.276252508163452,BLOCKED_AFDB_P2RANK_NO_POCKET
Q1LU65,0,0,0,0,0,0,1.9593291282653809,BLOCKED_AFDB_STRUCTURE_FETCH_FAILED
Q1LU70,0,0,0,0,0,0,1.9330239295959473,BLOCKED_AFDB_STRUCTURE_FETCH_FAILED
Q1LVN8,0,0,0,0,0,0,2.01190447807312,BLOCKED_AFDB_STRUCTURE_FETCH_FAILED
Q1LZA4,0,0,0,0,0,0,9.356260061264038,PASS_AFDB_P2RANK_PREDICTED_POCKET_D4_LOADER
Q1MCV5,0,0,0,0,0,0,7.5933592319488525,PASS_AFDB_P2RANK_PREDICTED_POCKET_D4_LOADER
Q1MCV6,0,0,0,0,0,0,5.168522596359253,BLOCKED_AFDB_P2RANK_NO_POCKET
Q1MHJ6,0,0,0,0,0,0,5.461107015609741,BLOCKED_AFDB_P2RANK_NO_POCKET
Q1QHE0,0,0,0,0,0,0,5.629395008087158,BLOCKED_AFDB_P2RANK_NO_POCKET
Q1QL28,0,0,0,0,0,0,5.507128953933716,BLOCKED_AFDB_P2RANK_NO_POCKET
Q1QL95,0,0,0,0,0,0,5.486081600189209,BLOCKED_AFDB_P2RANK_NO_POCKET
Q1QSU1,0,0,0,0,0,0,6.304440975189209,BLOCKED_AFDB_P2RANK_NO_POCKET
Q1QV51,0,0,0,0,0,0,5.662983417510986,BLOCKED_AFDB_P2RANK_NO_POCKET
Q1QVB6,0,0,0,0,0,0,5.376795530319214,BLOCKED_AFDB_P2RANK_NO_POCKET
Q1R5U4,0,0,0,0,0,0,8.200128555297852,PASS_AFDB_P2RANK_PREDICTED_POCKET_D4_LOADER
Q1R9D8,0,0,0,0,0,0,5.6664345264434814,BLOCKED_AFDB_P2RANK_NO_POCKET
Q1RGM6,0,0,0,0,0,0,7.009100437164307,PASS_AFDB_P2RANK_PREDICTED_POCKET_D4_LOADER
Q1RMR4,0,0,0,0,0,0,8.64955186843872,PASS_AFDB_P2RANK_PREDICTED_POCKET_D4_LOADER
Q1WNZ7,0,0,0,0,0,0,1.8755269050598145,BLOCKED_AFDB_STRUCTURE_FETCH_FAILED
Q1ZXH9,0,0,0,0,0,0,9.044591903686523,PASS_AFDB_P2RANK_PREDICTED_POCKET_D4_LOADER
Q20Z39,0,0,0,0,0,0,5.555903196334839,BLOCKED_AFDB_P2RANK_NO_POCKET
Q20Z48,0,0,0,0,0,0,5.54094672203064,BLOCKED_AFDB_P2RANK_NO_POCKET
Q210F5,0,0,0,0,0,0,5.82880425453186,BLOCKED_AFDB_P2RANK_NO_POCKET
Q210F6,0,0,0,0,0,0,5.254443883895874,BLOCKED_AFDB_P2RANK_NO_POCKET
Q215X2,0,0,0,0,0,0,5.810086727142334,BLOCKED_AFDB_P2RANK_NO_POCKET
Q21882,0,0,0,0,0,0,7.246790170669556,PASS_AFDB_P2RANK_PREDICTED_POCKET_D4_LOADER
Q21P96,0,0,0,0,0,0,5.641266107559204,BLOCKED_AFDB_P2RANK_NO_POCKET
Q21SZ4,0,0,0,0,0,0,6.618870496749878,BLOCKED_AFDB_P2RANK_NO_POCKET
Q21SZ5,0,0,0,0,0,0,6.211076974868774,BLOCKED_AFDB_P2RANK_NO_POCKET
Q21YC7,0,0,0,0,0,0,5.4840569496154785,BLOCKED_AFDB_P2RANK_NO_POCKET
Q21YG7,0,0,0,0,0,0,7.529179573059082,PASS_AFDB_P2RANK_PREDICTED_POCKET_D4_LOADER
Q24733,0,0,0,0,0,0,6.907134294509888,BLOCKED_AFDB_P2RANK_NO_POCKET
Q24739,0,0,0,0,0,0,1.7100143432617188,BLOCKED_AFDB_STRUCTURE_FETCH_FAILED
Q24803,0,0,0,0,0,0,9.721457719802856,PASS_AFDB_P2RANK_PREDICTED_POCKET_D4_LOADER
Q24815,0,0,0,0,0,0,7.621371030807495,PASS_AFDB_P2RANK_PREDICTED_POCKET_D4_LOADER
Q24816,0,0,0,0,0,0,7.327550649642944,PASS_AFDB_P2RANK_PREDICTED_POCKET_D4_LOADER
Q24817,0,0,0,0,0,0,7.75381326675415,PASS_AFDB_P2RANK_PREDICTED_POCKET_D4_LOADER
Q24849,0,0,0,0,0,0,9.68688702583313,PASS_AFDB_P2RANK_PREDICTED_POCKET_D4_LOADER
Q24857,0,0,0,0,0,0,8.147183656692505,PASS_AFDB_P2RANK_PREDICTED_POCKET_D4_LOADER
Q24MI3,0,0,0,0,0,0,1.899648904800415,BLOCKED_AFDB_STRUCTURE_FETCH_FAILED
Q24QL6,0,0,0,0,0,0,6.969048738479614,BLOCKED_AFDB_P2RANK_NO_POCKET
Q24T84,0,0,0,0,0,0,8.003936529159546,BLOCKED_AFDB_P2RANK_NO_POCKET
Q255I0,0,0,0,0,0,0,7.336059331893921,PASS_AFDB_P2RANK_PREDICTED_POCKET_D4_LOADER
Q26547,0,0,0,0,0,0,1.5922677516937256,BLOCKED_AFDB_STRUCTURE_FETCH_FAILED
Q27655,0,0,0,0,0,0,1.876108169555664,BLOCKED_AFDB_STRUCTURE_FETCH_FAILED
Q28175,0,0,0,0,0,0,14.077454566955566,PASS_AFDB_P2RANK_PREDICTED_POCKET_D4_LOADER
Q28516,0,0,0,0,0,0,7.368290662765503,PASS_AFDB_P2RANK_PREDICTED_POCKET_D4_LOADER
Q28949,0,0,0,0,0,0,10.682347297668457,PASS_AFDB_P2RANK_PREDICTED_POCKET_D4_LOADER
Q28CQ7,0,0,0,0,0,0,8.721839666366577,PASS_AFDB_P2RANK_PREDICTED_POCKET_D4_LOADER
Q28I42,0,0,0,0,0,0,8.019200086593628,PASS_AFDB_P2RANK_PREDICTED_POCKET_D4_LOADER
Q28RJ8,0,0,0,0,0,0,5.926143646240234,BLOCKED_AFDB_P2RANK_NO_POCKET
Q28RK0,0,0,0,0,0,0,5.674021244049072,BLOCKED_AFDB_P2RANK_NO_POCKET
Q28T23,0,0,0,0,0,0,12.082204580307007,BLOCKED_AFDB_P2RANK_NO_POCKET
Q28VA7,0,0,0,0,0,0,5.5751378536224365,BLOCKED_AFDB_P2RANK_NO_POCKET
Q29068,0,0,0,0,0,0,5.230680465698242,BLOCKED_AFDB_P2RANK_NO_POCKET
Q29092,0,0,0,0,0,0,20.15274715423584,PASS_AFDB_P2RANK_PREDICTED_POCKET_D4_LOADER
Q29236,0,0,0,0,0,0,1.8894600868225098,BLOCKED_AFDB_STRUCTURE_FETCH_FAILED
Q29318,0,0,0,0,0,0,1.662618637084961,BLOCKED_AFDB_STRUCTURE_FETCH_FAILED
Q29451,0,0,0,0,0,0,9.909043312072754,PASS_AFDB_P2RANK_PREDICTED_POCKET_D4_LOADER
Q29513,0,0,0,0,0,0,8.308722496032715,PASS_AFDB_P2RANK_PREDICTED_POCKET_D4_LOADER
Q29555,0,0,0,0,0,0,8.07900595664978,PASS_AFDB_P2RANK_PREDICTED_POCKET_D4_LOADER
Q29593,0,0,0,0,0,0,7.932908535003662,PASS_AFDB_P2RANK_PREDICTED_POCKET_D4_LOADER
Q29KH2,0,0,0,0,0,0,10.552398443222046,PASS_AFDB_P2RANK_PREDICTED_POCKET_D4_LOADER
Q29RR0,0,0,0,0,0,0,8.078803777694702,PASS_AFDB_P2RANK_PREDICTED_POCKET_D4_LOADER
Q2EEV7,0,0,0,0,0,0,9.131214380264282,PASS_AFDB_P2RANK_PREDICTED_POCKET_D4_LOADER
Q2FEK5,0,0,0,0,0,0,5.754549741744995,BLOCKED_AFDB_P2RANK_NO_POCKET
Q2FFJ4,0,0,0,0,0,0,5.510141611099243,BLOCKED_AFDB_P2RANK_NO_POCKET
Q2FHU5,0,0,0,0,0,0,8.321832656860352,PASS_AFDB_P2RANK_PREDICTED_POCKET_D4_LOADER
Q2FIF3,0,0,0,0,0,0,8.270683288574219,PASS_AFDB_P2RANK_PREDICTED_POCKET_D4_LOADER
Q2FK96,0,0,0,0,0,0,7.361254453659058,PASS_AFDB_P2RANK_PREDICTED_POCKET_D4_LOADER
Q2FS92,0,0,0,0,0,0,7.374438285827637,PASS_AFDB_P2RANK_PREDICTED_POCKET_D4_LOADER
Q2FUA4,0,0,0,0,0,0,8.667784214019775,PASS_AFDB_P2RANK_PREDICTED_POCKET_D4_LOADER
Q2FVW5,0,0,0,0,0,0,5.248726844787598,BLOCKED_AFDB_P2RANK_NO_POCKET
Q2FWH5,0,0,0,0,0,0,9.099053621292114,PASS_AFDB_P2RANK_PREDICTED_POCKET_D4_LOADER
Q2FWY8,0,0,0,0,0,0,6.0323381423950195,BLOCKED_AFDB_P2RANK_NO_POCKET
Q2FXA4,0,0,0,0,0,0,9.356986045837402,PASS_AFDB_P2RANK_PREDICTED_POCKET_D4_LOADER
Q2FZE2,0,0,0,0,0,0,7.449596881866455,PASS_AFDB_P2RANK_PREDICTED_POCKET_D4_LOADER
Q2FZK2,0,0,0,0,0,0,5.444936275482178,BLOCKED_AFDB_P2RANK_NO_POCKET
Q2FZX9,0,0,0,0,0,0,8.056652069091797,PASS_AFDB_P2RANK_PREDICTED_POCKET_D4_LOADER
Q2G1J2,0,0,0,0,0,0,7.2320170402526855,PASS_AFDB_P2RANK_PREDICTED_POCKET_D4_LOADER
Q2GDY1,0,0,0,0,0,0,5.825031042098999,BLOCKED_AFDB_P2RANK_NO_POCKET
Q2HJH3,0,0,0,0,0,0,9.094334602355957,PASS_AFDB_P2RANK_PREDICTED_POCKET_D4_LOADER
Q2HJI8,0,0,0,0,0,0,7.482499837875366,PASS_AFDB_P2RANK_PREDICTED_POCKET_D4_LOADER
Q2HR67,0,0,0,0,0,0,3.1972126960754395,BLOCKED_AFDB_STRUCTURE_FETCH_FAILED
Q2HR78,0,0,0,0,0,0,2.0324275493621826,BLOCKED_AFDB_STRUCTURE_FETCH_FAILED
Q2HRC6,0,0,0,0,0,0,1.693903923034668,BLOCKED_AFDB_STRUCTURE_FETCH_FAILED
Q2IJC3,0,0,0,0,0,0,8.045120477676392,PASS_AFDB_P2RANK_PREDICTED_POCKET_D4_LOADER
Q2J0E4,0,0,0,0,0,0,5.402181148529053,BLOCKED_AFDB_P2RANK_NO_POCKET
Q2J0F3,0,0,0,0,0,0,5.793523073196411,BLOCKED_AFDB_P2RANK_NO_POCKET
Q2JES4,0,0,0,0,0,0,5.464844465255737,BLOCKED_AFDB_P2RANK_NO_POCKET
Q2JFL0,0,0,0,0,0,0,5.183382034301758,BLOCKED_AFDB_P2RANK_NO_POCKET
Q2K3A7,0,0,0,0,0,0,5.377885341644287,BLOCKED_AFDB_P2RANK_NO_POCKET
Q2K512,0,0,0,0,0,0,5.555639743804932,BLOCKED_AFDB_P2RANK_NO_POCKET
Q2K514,0,0,0,0,0,0,6.479265451431274,BLOCKED_AFDB_P2RANK_NO_POCKET
Q2KIF1,0,0,0,0,0,0,26.33599019050598,BLOCKED_AFDB_P2RANK_NO_POCKET
Q2KIJ5,0,0,0,0,0,0,8.542607307434082,PASS_AFDB_P2RANK_PREDICTED_POCKET_D4_LOADER
Q2KU73,0,0,0,0,0,0,7.695399284362793,BLOCKED_AFDB_P2RANK_NO_POCKET
Q2N2K0,0,0,0,0,0,0,1.9281949996948242,BLOCKED_AFDB_STRUCTURE_FETCH_FAILED
Q2NC39,0,0,0,0,0,0,7.307869911193848,PASS_AFDB_P2RANK_PREDICTED_POCKET_D4_LOADER
Q2ND76,0,0,0,0,0,0,5.480778932571411,BLOCKED_AFDB_P2RANK_NO_POCKET
Q2NER9,0,0,0,0,0,0,9.386849641799927,PASS_AFDB_P2RANK_PREDICTED_POCKET_D4_LOADER
Q2NFF7,0,0,0,0,0,0,8.879944324493408,PASS_AFDB_P2RANK_PREDICTED_POCKET_D4_LOADER
Q2NFZ1,0,0,0,0,0,0,8.584205865859985,PASS_AFDB_P2RANK_PREDICTED_POCKET_D4_LOADER
Q2NIH4,0,0,0,0,0,0,1.7305231094360352,BLOCKED_AFDB_STRUCTURE_FETCH_FAILED
Q2NKW0,0,0,0,0,0,0,5.622722148895264,BLOCKED_AFDB_P2RANK_NO_POCKET
Q2NL30,0,0,0,0,0,0,8.443763732910156,PASS_AFDB_P2RANK_PREDICTED_POCKET_D4_LOADER
Q2NU62,0,0,0,0,0,0,6.600581645965576,PASS_AFDB_P2RANK_PREDICTED_POCKET_D4_LOADER
Q2NZV7,0,0,0,0,0,0,6.288375377655029,BLOCKED_AFDB_P2RANK_NO_POCKET
Q2P1A2,0,0,0,0,0,0,10.192255735397339,PASS_AFDB_P2RANK_PREDICTED_POCKET_D4_LOADER
Q2PAY2,0,0,0,0,0,0,9.170063495635986,PASS_AFDB_P2RANK_PREDICTED_POCKET_D4_LOADER
Q2PAY3,0,0,0,0,0,0,9.309612274169922,PASS_AFDB_P2RANK_PREDICTED_POCKET_D4_LOADER
Q2QEI3,0,0,0,0,0,0,1.6179230213165283,BLOCKED_AFDB_STRUCTURE_FETCH_FAILED
Q2RGY3,0,0,0,0,0,0,5.463666200637817,BLOCKED_AFDB_P2RANK_NO_POCKET
Q2RIZ3,0,0,0,0,0,0,5.6662726402282715,BLOCKED_AFDB_P2RANK_NO_POCKET
Q2RNC0,0,0,0,0,0,0,5.22079610824585,BLOCKED_AFDB_P2RANK_NO_POCKET
Q2RPH3,0,0,0,0,0,0,5.54339075088501,BLOCKED_AFDB_P2RANK_NO_POCKET
Q2RQZ4,0,0,0,0,0,0,5.567547082901001,BLOCKED_AFDB_P2RANK_NO_POCKET
Q2RW96,0,0,0,0,0,0,9.064815044403076,PASS_AFDB_P2RANK_PREDICTED_POCKET_D4_LOADER
Q2RW97,0,0,0,0,0,0,8.460280656814575,PASS_AFDB_P2RANK_PREDICTED_POCKET_D4_LOADER
Q2RW98,0,0,0,0,0,0,9.533643245697021,PASS_AFDB_P2RANK_PREDICTED_POCKET_D4_LOADER
Q2SDQ2,0,0,0,0,0,0,5.637041091918945,BLOCKED_AFDB_P2RANK_NO_POCKET
Q2SDQ3,0,0,0,0,0,0,5.275531530380249,BLOCKED_AFDB_P2RANK_NO_POCKET
Q2SYF5,0,0,0,0,0,0,5.445874452590942,BLOCKED_AFDB_P2RANK_NO_POCKET
Q2SYF6,0,0,0,0,0,0,5.3659491539001465,BLOCKED_AFDB_P2RANK_NO_POCKET
Q2T294,0,0,0,0,0,0,5.220836639404297,BLOCKED_AFDB_P2RANK_NO_POCKET
Q2T9X2,0,0,0,0,0,0,9.056680917739868,PASS_AFDB_P2RANK_PREDICTED_POCKET_D4_LOADER
Q2UD95,0,0,0,0,0,0,9.313993215560913,PASS_AFDB_P2RANK_PREDICTED_POCKET_D4_LOADER
Q2UF99,0,0,0,0,0,0,9.344843626022339,PASS_AFDB_P2RANK_PREDICTED_POCKET_D4_LOADER
Q2WE96,0,0,0,0,0,0,9.79645562171936,PASS_AFDB_P2RANK_PREDICTED_POCKET_D4_LOADER
Q2YA96,0,0,0,0,0,0,5.409738063812256,BLOCKED_AFDB_P2RANK_NO_POCKET
Q2YC92,0,0,0,0,0,0,5.404136657714844,BLOCKED_AFDB_P2RANK_NO_POCKET
Q2YDE7,0,0,0,0,0,0,7.953492164611816,PASS_AFDB_P2RANK_PREDICTED_POCKET_D4_LOADER
Q2YDM7,0,0,0,0,0,0,9.507067918777466,PASS_AFDB_P2RANK_PREDICTED_POCKET_D4_LOADER
Q2YIT8,0,0,0,0,0,0,9.476694583892822,PASS_AFDB_P2RANK_PREDICTED_POCKET_D4_LOADER
Q2YJ82,0,0,0,0,0,0,7.871922731399536,PASS_AFDB_P2RANK_PREDICTED_POCKET_D4_LOADER
Q2YKL4,0,0,0,0,0,0,6.591723203659058,BLOCKED_AFDB_P2RANK_NO_POCKET
Q2YPD6,0,0,0,0,0,0,5.278309106826782,BLOCKED_AFDB_P2RANK_NO_POCKET
Q2YPD7,0,0,0,0,0,0,6.53755784034729,BLOCKED_AFDB_P2RANK_NO_POCKET
Q2YQE0,0,0,0,0,0,0,5.457045316696167,BLOCKED_AFDB_P2RANK_NO_POCKET
Q2YU75,0,0,0,0,0,0,5.361501216888428,BLOCKED_AFDB_P2RANK_NO_POCKET
Q2YX89,0,0,0,0,0,0,7.551395416259766,PASS_AFDB_P2RANK_PREDICTED_POCKET_D4_LOADER
Q30R53,0,0,0,0,0,0,5.366661548614502,BLOCKED_AFDB_P2RANK_NO_POCKET
Q30WH3,0,0,0,0,0,0,8.745362758636475,PASS_AFDB_P2RANK_PREDICTED_POCKET_D4_LOADER
Q30Y72,0,0,0,0,0,0,5.724272966384888,BLOCKED_AFDB_P2RANK_NO_POCKET
Q31669,0,0,0,0,0,0,1.687741756439209,BLOCKED_AFDB_STRUCTURE_FETCH_FAILED
Q31672,0,0,0,0,0,0,2.0234482288360596,BLOCKED_AFDB_STRUCTURE_FETCH_FAILED
Q31750,0,0,0,0,0,0,1.5782074928283691,BLOCKED_AFDB_STRUCTURE_FETCH_FAILED
Q31B51,0,0,0,0,0,0,6.106539249420166,BLOCKED_AFDB_P2RANK_NO_POCKET
Q31F52,0,0,0,0,0,0,5.953998804092407,BLOCKED_AFDB_P2RANK_NO_POCKET
Q31YI2,0,0,0,0,0,0,7.13601016998291,PASS_AFDB_P2RANK_PREDICTED_POCKET_D4_LOADER
Q32016,0,0,0,0,0,0,1.9060146808624268,BLOCKED_AFDB_STRUCTURE_FETCH_FAILED
Q32026,0,0,0,0,0,0,1.6274352073669434,BLOCKED_AFDB_STRUCTURE_FETCH_FAILED
Q32040,0,0,0,0,0,0,1.8836734294891357,BLOCKED_AFDB_STRUCTURE_FETCH_FAILED
Q32663,0,0,0,0,0,0,1.967893362045288,BLOCKED_AFDB_STRUCTURE_FETCH_FAILED
Q32668,0,0,0,0,0,0,1.6175587177276611,BLOCKED_AFDB_STRUCTURE_FETCH_FAILED
Q32770,0,0,0,0,0,0,1.6984503269195557,BLOCKED_AFDB_STRUCTURE_FETCH_FAILED
Q32890,0,0,0,0,0,0,1.6023609638214111,BLOCKED_AFDB_STRUCTURE_FETCH_FAILED
Q32DQ1,0,0,0,0,0,0,5.925877809524536,BLOCKED_AFDB_P2RANK_NO_POCKET
Q32G86,0,0,0,0,0,0,4.190740585327148,BLOCKED_AFDB_STRUCTURE_FETCH_FAILED
Q32P41,0,0,0,0,0,0,9.13693642616272,PASS_AFDB_P2RANK_PREDICTED_POCKET_D4_LOADER
Q32PH7,0,0,0,0,0,0,8.740667581558228,PASS_AFDB_P2RANK_PREDICTED_POCKET_D4_LOADER
Q32QL6,0,0,0,0,0,0,1.5740485191345215,BLOCKED_AFDB_STRUCTURE_FETCH_FAILED
Q33015,0,0,0,0,0,0,2.180495262145996,BLOCKED_AFDB_STRUCTURE_FETCH_FAILED
Q33093,0,0,0,0,0,0,5.402132511138916,BLOCKED_AFDB_P2RANK_NO_POCKET
Q331T7,0,0,0,0,0,0,1.6064410209655762,BLOCKED_AFDB_STRUCTURE_FETCH_FAILED
Q33245,0,0,0,0,0,0,1.6817350387573242,BLOCKED_AFDB_STRUCTURE_FETCH_FAILED
Q33323,0,0,0,0,0,0,1.970785140991211,BLOCKED_AFDB_STRUCTURE_FETCH_FAILED
Q33369,0,0,0,0,0,0,2.1525232791900635,BLOCKED_AFDB_STRUCTURE_FETCH_FAILED
Q33528,0,0,0,0,0,0,1.6512811183929443,BLOCKED_AFDB_STRUCTURE_FETCH_FAILED
Q37282,0,0,0,0,0,0,1.6550652980804443,BLOCKED_AFDB_STRUCTURE_FETCH_FAILED
Q37897,0,0,0,0,0,0,1.9160876274108887,BLOCKED_AFDB_STRUCTURE_FETCH_FAILED
Q38156,0,0,0,0,0,0,2.988860607147217,BLOCKED_AFDB_STRUCTURE_FETCH_FAILED
Q38167,0,0,0,0,0,0,1.6371691226959229,BLOCKED_AFDB_STRUCTURE_FETCH_FAILED
Q38424,0,0,0,0,0,0,20.81414270401001,BLOCKED_AFDB_STRUCTURE_FETCH_FAILED
Q38433,0,0,0,0,0,0,1.9107038974761963,BLOCKED_AFDB_STRUCTURE_FETCH_FAILED
Q384J7,0,0,0,0,0,0,8.854012250900269,PASS_AFDB_P2RANK_PREDICTED_POCKET_D4_LOADER
Q38771,0,0,0,0,0,0,1.6473612785339355,BLOCKED_AFDB_STRUCTURE_FETCH_FAILED
Q388V7,0,0,0,0,0,0,9.896670579910278,PASS_AFDB_P2RANK_PREDICTED_POCKET_D4_LOADER
Q38CB5,0,0,0,0,0,0,7.628030061721802,PASS_AFDB_P2RANK_PREDICTED_POCKET_D4_LOADER
Q38E53,0,0,0,0,0,0,8.349251747131348,PASS_AFDB_P2RANK_PREDICTED_POCKET_D4_LOADER
Q38Q87,0,0,0,0,0,0,9.555360555648804,PASS_AFDB_P2RANK_PREDICTED_POCKET_D4_LOADER
Q39189,0,0,0,0,0,0,9.070628881454468,PASS_AFDB_P2RANK_PREDICTED_POCKET_D4_LOADER
Q39BW2,0,0,0,0,0,0,5.660634756088257,BLOCKED_AFDB_P2RANK_NO_POCKET
Q39IW1,0,0,0,0,0,0,5.135789394378662,BLOCKED_AFDB_P2RANK_NO_POCKET
Q39L06,0,0,0,0,0,0,5.314380168914795,BLOCKED_AFDB_P2RANK_NO_POCKET
Q39QQ2,0,0,0,0,0,0,5.724661350250244,BLOCKED_AFDB_P2RANK_NO_POCKET
Q39RJ9,0,0,0,0,0,0,1.9794604778289795,BLOCKED_AFDB_STRUCTURE_FETCH_FAILED
Q3A2K1,0,0,0,0,0,0,5.64290189743042,BLOCKED_AFDB_P2RANK_NO_POCKET
Q3A826,0,0,0,0,0,0,8.353492259979248,BLOCKED_AFDB_P2RANK_NO_POCKET
Q3A9J4,0,0,0,0,0,0,1.8810908794403076,BLOCKED_AFDB_STRUCTURE_FETCH_FAILED
Q3A9J5,0,0,0,0,0,0,1.9075181484222412,BLOCKED_AFDB_STRUCTURE_FETCH_FAILED
Q3AAF7,0,0,0,0,0,0,20.919264316558838,BLOCKED_AFDB_STRUCTURE_FETCH_FAILED
Q3AD37,0,0,0,0,0,0,7.61092472076416,BLOCKED_AFDB_P2RANK_NO_POCKET
Q3AMW9,0,0,0,0,0,0,6.540945529937744,BLOCKED_AFDB_P2RANK_NO_POCKET
Q3ASW8,0,0,0,0,0,0,5.9205427169799805,BLOCKED_AFDB_P2RANK_NO_POCKET
Q3AVR2,0,0,0,0,0,0,6.430774688720703,BLOCKED_AFDB_P2RANK_NO_POCKET
Q3AVR3,0,0,0,0,0,0,5.539703607559204,BLOCKED_AFDB_P2RANK_NO_POCKET
Q3AW42,0,0,0,0,0,0,5.333560943603516,BLOCKED_AFDB_P2RANK_NO_POCKET
Q3B7N1,0,0,0,0,0,0,10.503067970275879,PASS_AFDB_P2RANK_PREDICTED_POCKET_D4_LOADER
Q3BX12,0,0,0,0,0,0,5.360131025314331,BLOCKED_AFDB_P2RANK_NO_POCKET
Q3E840,0,0,0,0,0,0,5.313032388687134,BLOCKED_AFDB_P2RANK_NO_POCKET
Q3I5F7,0,0,0,0,0,0,8.486047983169556,PASS_AFDB_P2RANK_PREDICTED_POCKET_D4_LOADER
Q3IPI5,0,0,0,0,0,0,5.323136568069458,BLOCKED_AFDB_P2RANK_NO_POCKET
Q3ISB3,0,0,0,0,0,0,5.4945313930511475,BLOCKED_AFDB_P2RANK_NO_POCKET
Q3IU57,0,0,0,0,0,0,7.5222039222717285,PASS_AFDB_P2RANK_PREDICTED_POCKET_D4_LOADER
Q3J151,0,0,0,0,0,0,5.399484157562256,BLOCKED_AFDB_P2RANK_NO_POCKET
Q3J460,0,0,0,0,0,0,6.036027193069458,BLOCKED_AFDB_P2RANK_NO_POCKET
Q3J6P9,0,0,0,0,0,0,7.726577043533325,PASS_AFDB_P2RANK_PREDICTED_POCKET_D4_LOADER
Q3J768,0,0,0,0,0,0,5.32320237159729,BLOCKED_AFDB_P2RANK_NO_POCKET
Q3J7V8,0,0,0,0,0,0,7.116757154464722,BLOCKED_AFDB_P2RANK_NO_POCKET
Q3JPJ8,0,0,0,0,0,0,5.290800333023071,BLOCKED_AFDB_P2RANK_NO_POCKET
Q3JXC2,0,0,0,0,0,0,5.462966442108154,BLOCKED_AFDB_P2RANK_NO_POCKET
Q3JXT0,0,0,0,0,0,0,6.335012912750244,BLOCKED_AFDB_P2RANK_NO_POCKET
Q3KA54,0,0,0,0,0,0,7.461004734039307,PASS_AFDB_P2RANK_PREDICTED_POCKET_D4_LOADER
Q3KA63,0,0,0,0,0,0,6.021096229553223,BLOCKED_AFDB_P2RANK_NO_POCKET
Q3KI26,0,0,0,0,0,0,5.536283731460571,BLOCKED_AFDB_P2RANK_NO_POCKET
Q3KIS8,0,0,0,0,0,0,8.384521484375,PASS_AFDB_P2RANK_PREDICTED_POCKET_D4_LOADER
Q3KSQ2,0,0,0,0,0,0,20.843840837478638,BLOCKED_AFDB_STRUCTURE_FETCH_FAILED
Q3KST7,0,0,0,0,0,0,1.7082643508911133,BLOCKED_AFDB_STRUCTURE_FETCH_FAILED
Q3KSU5,0,0,0,0,0,0,1.5981979370117188,BLOCKED_AFDB_STRUCTURE_FETCH_FAILED
Q3L6L5,0,0,0,0,0,0,2.579378128051758,BLOCKED_AFDB_STRUCTURE_FETCH_FAILED
Q3M709,0,0,0,0,0,0,5.336677312850952,BLOCKED_AFDB_P2RANK_NO_POCKET
Q3MA60,0,0,0,0,0,0,5.304742336273193,BLOCKED_AFDB_P2RANK_NO_POCKET
Q3MHL7,0,0,0,0,0,0,9.615848541259766,PASS_AFDB_P2RANK_PREDICTED_POCKET_D4_LOADER
Q3MHL9,0,0,0,0,0,0,1.609544038772583,BLOCKED_AFDB_STRUCTURE_FETCH_FAILED
Q3MHZ7,0,0,0,0,0,0,10.640565156936646,PASS_AFDB_P2RANK_PREDICTED_POCKET_D4_LOADER
Q3SKG9,0,0,0,0,0,0,5.896117687225342,BLOCKED_AFDB_P2RANK_NO_POCKET
Q3SR29,0,0,0,0,0,0,5.458211183547974,BLOCKED_AFDB_P2RANK_NO_POCKET
Q3SWX2,0,0,0,0,0,0,8.784393310546875,PASS_AFDB_P2RANK_PREDICTED_POCKET_D4_LOADER
Q3SZ07,0,0,0,0,0,0,7.474287271499634,PASS_AFDB_P2RANK_PREDICTED_POCKET_D4_LOADER
Q3T084,0,0,0,0,0,0,8.626691102981567,PASS_AFDB_P2RANK_PREDICTED_POCKET_D4_LOADER
Q3TC72,0,0,0,0,0,0,8.293538331985474,PASS_AFDB_P2RANK_PREDICTED_POCKET_D4_LOADER
Q3TX08,0,0,0,0,0,0,8.822584390640259,PASS_AFDB_P2RANK_PREDICTED_POCKET_D4_LOADER
Q3UM18,0,0,0,0,0,0,9.397455215454102,PASS_AFDB_P2RANK_PREDICTED_POCKET_D4_LOADER
Q3UUQ7,0,0,0,0,0,0,10.359334945678711,PASS_AFDB_P2RANK_PREDICTED_POCKET_D4_LOADER
Q3UVC0,0,0,0,0,0,0,11.56834888458252,PASS_AFDB_P2RANK_PREDICTED_POCKET_D4_LOADER
Q3Y316,0,0,0,0,0,0,8.088563919067383,PASS_AFDB_P2RANK_PREDICTED_POCKET_D4_LOADER
Q3YPH4,0,0,0,0,0,0,1.6369876861572266,BLOCKED_AFDB_STRUCTURE_FETCH_FAILED
Q3YV04,0,0,0,0,0,0,8.34091329574585,PASS_AFDB_P2RANK_PREDICTED_POCKET_D4_LOADER
Q3Z6V4,0,0,0,0,0,0,5.569661378860474,BLOCKED_AFDB_P2RANK_NO_POCKET
Q3ZK57,0,0,0,0,0,0,1.653451919555664,BLOCKED_AFDB_STRUCTURE_FETCH_FAILED
Q3ZYM6,0,0,0,0,0,0,5.598024368286133,BLOCKED_AFDB_P2RANK_NO_POCKET
Q41219,0,0,0,0,0,0,8.634990930557251,PASS_AFDB_P2RANK_PREDICTED_POCKET_D4_LOADER
Q42963,0,0,0,0,0,0,8.185871362686157,PASS_AFDB_P2RANK_PREDICTED_POCKET_D4_LOADER
Q44022,0,0,0,0,0,0,6.6695873737335205,BLOCKED_AFDB_P2RANK_NO_POCKET
Q44558,0,0,0,0,0,0,5.479341268539429,BLOCKED_AFDB_P2RANK_NO_POCKET
Q45399,0,0,0,0,0,0,5.478039741516113,BLOCKED_AFDB_P2RANK_NO_POCKET
Q45UF7,0,0,0,0,0,0,3.8020248413085938,BLOCKED_AFDB_STRUCTURE_FETCH_FAILED
Q46464,0,0,0,0,0,0,1.6734914779663086,BLOCKED_AFDB_STRUCTURE_FETCH_FAILED
Q465Z7,0,0,0,0,0,0,8.380007028579712,PASS_AFDB_P2RANK_PREDICTED_POCKET_D4_LOADER
Q46851,0,0,0,0,0,0,9.867311239242554,PASS_AFDB_P2RANK_PREDICTED_POCKET_D4_LOADER
Q46871,0,0,0,0,0,0,9.484139919281006,PASS_AFDB_P2RANK_PREDICTED_POCKET_D4_LOADER
Q46CH5,0,0,0,0,0,0,7.640426874160767,PASS_AFDB_P2RANK_PREDICTED_POCKET_D4_LOADER
Q46CH6,0,0,0,0,0,0,5.916694641113281,BLOCKED_AFDB_P2RANK_NO_POCKET
Q46E72,0,0,0,0,0,0,1.584733247756958,BLOCKED_AFDB_STRUCTURE_FETCH_FAILED
Q46GT1,0,0,0,0,0,0,6.173895835876465,BLOCKED_AFDB_P2RANK_NO_POCKET
Q46HD8,0,0,0,0,0,0,5.811587572097778,BLOCKED_AFDB_P2RANK_NO_POCKET
Q46IY4,0,0,0,0,0,0,5.747371673583984,BLOCKED_AFDB_P2RANK_NO_POCKET
Q46IY5,0,0,0,0,0,0,5.769098520278931,BLOCKED_AFDB_P2RANK_NO_POCKET
Q46VT8,0,0,0,0,0,0,5.733091115951538,BLOCKED_AFDB_P2RANK_NO_POCKET
Q473R2,0,0,0,0,0,0,5.371949195861816,BLOCKED_AFDB_P2RANK_NO_POCKET
Q47595,0,0,0,0,0,0,8.367340087890625,PASS_AFDB_P2RANK_PREDICTED_POCKET_D4_LOADER
Q47720,0,0,0,0,0,0,11.286352157592773,PASS_AFDB_P2RANK_PREDICTED_POCKET_D4_LOADER
Q47JV5,0,0,0,0,0,0,5.427572727203369,BLOCKED_AFDB_P2RANK_NO_POCKET
Q47SC4,0,0,0,0,0,0,5.573509216308594,BLOCKED_AFDB_P2RANK_NO_POCKET
Q482P4,0,0,0,0,0,0,5.275534391403198,BLOCKED_AFDB_P2RANK_NO_POCKET
Q48433,0,0,0,0,0,0,5.404451847076416,BLOCKED_AFDB_P2RANK_NO_POCKET
Q48DE7,0,0,0,0,0,0,5.462471008300781,BLOCKED_AFDB_P2RANK_NO_POCKET
Q48E93,0,0,0,0,0,0,5.575010776519775,BLOCKED_AFDB_P2RANK_NO_POCKET
Q48H54,0,0,0,0,0,0,5.755043983459473,BLOCKED_AFDB_P2RANK_NO_POCKET
Q492E7,0,0,0,0,0,0,5.778459310531616,BLOCKED_AFDB_P2RANK_NO_POCKET
Q492E8,0,0,0,0,0,0,6.983144044876099,BLOCKED_AFDB_P2RANK_NO_POCKET
Q499T2,0,0,0,0,0,0,7.670933961868286,PASS_AFDB_P2RANK_PREDICTED_POCKET_D4_LOADER
Q49W60,0,0,0,0,0,0,9.662972450256348,PASS_AFDB_P2RANK_PREDICTED_POCKET_D4_LOADER
Q49YM6,0,0,0,0,0,0,7.859856605529785,PASS_AFDB_P2RANK_PREDICTED_POCKET_D4_LOADER
Q49ZB8,0,0,0,0,0,0,6.973560810089111,PASS_AFDB_P2RANK_PREDICTED_POCKET_D4_LOADER
Q4A0J3,0,0,0,0,0,0,5.428827285766602,BLOCKED_AFDB_P2RANK_NO_POCKET
Q4A0J4,0,0,0,0,0,0,5.518110990524292,BLOCKED_AFDB_P2RANK_NO_POCKET
Q4AEG9,0,0,0,0,0,0,1.644714117050171,BLOCKED_AFDB_STRUCTURE_FETCH_FAILED
Q4AEH0,0,0,0,0,0,0,1.5907676219940186,BLOCKED_AFDB_STRUCTURE_FETCH_FAILED
Q4AEH1,0,0,0,0,0,0,1.892615795135498,BLOCKED_AFDB_STRUCTURE_FETCH_FAILED
Q4AEH2,0,0,0,0,0,0,4.408010005950928,BLOCKED_AFDB_STRUCTURE_FETCH_FAILED
Q4AEH3,0,0,0,0,0,0,1.6213312149047852,BLOCKED_AFDB_STRUCTURE_FETCH_FAILED
Q4AEH4,0,0,0,0,0,0,1.9919612407684326,BLOCKED_AFDB_STRUCTURE_FETCH_FAILED
Q4AEH5,0,0,0,0,0,0,1.6080684661865234,BLOCKED_AFDB_STRUCTURE_FETCH_FAILED
Q4AEH7,0,0,0,0,0,0,1.7149040699005127,BLOCKED_AFDB_STRUCTURE_FETCH_FAILED
Q4AEH8,0,0,0,0,0,0,1.760603427886963,BLOCKED_AFDB_STRUCTURE_FETCH_FAILED
Q4AEH9,0,0,0,0,0,0,1.937042236328125,BLOCKED_AFDB_STRUCTURE_FETCH_FAILED
Q4AEI0,0,0,0,0,0,0,1.956617832183838,BLOCKED_AFDB_STRUCTURE_FETCH_FAILED
Q4AEI1,0,0,0,0,0,0,3.510883092880249,BLOCKED_AFDB_STRUCTURE_FETCH_FAILED
Q4AEI2,0,0,0,0,0,0,4.580562114715576,BLOCKED_AFDB_STRUCTURE_FETCH_FAILED
Q4AEI3,0,0,0,0,0,0,2.994621753692627,BLOCKED_AFDB_STRUCTURE_FETCH_FAILED
Q4E4I4,0,0,0,0,0,0,10.120418071746826,PASS_AFDB_P2RANK_PREDICTED_POCKET_D4_LOADER
Q4F8H9,0,0,0,0,0,0,2.084042549133301,BLOCKED_AFDB_STRUCTURE_FETCH_FAILED
Q4F8I0,0,0,0,0,0,0,1.700165033340454,BLOCKED_AFDB_STRUCTURE_FETCH_FAILED
Q4FKP8,0,0,0,0,0,0,9.080565690994263,PASS_AFDB_P2RANK_PREDICTED_POCKET_D4_LOADER
Q4FLQ6,0,0,0,0,0,0,5.29709529876709,BLOCKED_AFDB_P2RANK_NO_POCKET
Q4FVF3,0,0,0,0,0,0,6.312681198120117,BLOCKED_AFDB_P2RANK_NO_POCKET
Q4FZU1,0,0,0,0,0,0,8.26228380203247,PASS_AFDB_P2RANK_PREDICTED_POCKET_D4_LOADER
Q4H4E3,0,0,0,0,0,0,5.246235370635986,BLOCKED_AFDB_P2RANK_NO_POCKET
Q4HW67,0,0,0,0,0,0,8.839580297470093,PASS_AFDB_P2RANK_PREDICTED_POCKET_D4_LOADER
Q4I830,0,0,0,0,0,0,10.293040990829468,PASS_AFDB_P2RANK_PREDICTED_POCKET_D4_LOADER
Q4I9U7,0,0,0,0,0,0,5.979602575302124,BLOCKED_AFDB_P2RANK_NO_POCKET
Q4J6J6,0,0,0,0,0,0,6.033076763153076,BLOCKED_AFDB_P2RANK_NO_POCKET
Q4J8L6,0,0,0,0,0,0,5.806342363357544,BLOCKED_AFDB_P2RANK_NO_POCKET
Q4J8R1,0,0,0,0,0,0,9.97386121749878,PASS_AFDB_P2RANK_PREDICTED_POCKET_D4_LOADER
Q4J8R2,0,0,0,0,0,0,9.253710269927979,PASS_AFDB_P2RANK_PREDICTED_POCKET_D4_LOADER
Q4J966,0,0,0,0,0,0,5.247108459472656,BLOCKED_AFDB_P2RANK_NO_POCKET
Q4JAB7,0,0,0,0,0,0,9.354392290115356,PASS_AFDB_P2RANK_PREDICTED_POCKET_D4_LOADER
Q4JQV6,0,0,0,0,0,0,2.732072114944458,BLOCKED_AFDB_STRUCTURE_FETCH_FAILED
Q4JQV7,0,0,0,0,0,0,1.9339101314544678,BLOCKED_AFDB_STRUCTURE_FETCH_FAILED
Q4JQW2,0,0,0,0,0,0,1.6337895393371582,BLOCKED_AFDB_STRUCTURE_FETCH_FAILED
Q4JQW7,0,0,0,0,0,0,1.622093915939331,BLOCKED_AFDB_STRUCTURE_FETCH_FAILED
Q4KG97,0,0,0,0,0,0,6.988349199295044,PASS_AFDB_P2RANK_PREDICTED_POCKET_D4_LOADER
Q4KIA7,0,0,0,0,0,0,5.723031759262085,BLOCKED_AFDB_P2RANK_NO_POCKET
Q4KJ06,0,0,0,0,0,0,5.633408308029175,BLOCKED_AFDB_P2RANK_NO_POCKET
Q4KJ09,0,0,0,0,0,0,6.309981107711792,BLOCKED_AFDB_P2RANK_NO_POCKET
Q4KRV1,0,0,0,0,0,0,10.030039072036743,PASS_AFDB_P2RANK_PREDICTED_POCKET_D4_LOADER
Q4L4T4,0,0,0,0,0,0,9.454731702804565,PASS_AFDB_P2RANK_PREDICTED_POCKET_D4_LOADER
Q4L7L5,0,0,0,0,0,0,6.820942163467407,BLOCKED_AFDB_P2RANK_NO_POCKET
Q4P8G2,0,0,0,0,0,0,5.412067651748657,BLOCKED_AFDB_P2RANK_NO_POCKET
Q4PF70,0,0,0,0,0,0,8.170060396194458,PASS_AFDB_P2RANK_PREDICTED_POCKET_D4_LOADER
Q4PJW3,0,0,0,0,0,0,9.141671180725098,PASS_AFDB_P2RANK_PREDICTED_POCKET_D4_LOADER
Q4Q1M7,0,0,0,0,0,0,7.944924592971802,PASS_AFDB_P2RANK_PREDICTED_POCKET_D4_LOADER
Q4QN07,0,0,0,0,0,0,5.497756719589233,BLOCKED_AFDB_P2RANK_NO_POCKET
Q4QNZ0,0,0,0,0,0,0,2.6065833568573,BLOCKED_AFDB_STRUCTURE_FETCH_FAILED
Q4R3E0,0,0,0,0,0,0,10.335229396820068,PASS_AFDB_P2RANK_PREDICTED_POCKET_D4_LOADER
Q4R520,0,0,0,0,0,0,14.121533393859863,PASS_AFDB_P2RANK_PREDICTED_POCKET_D4_LOADER
Q4R579,0,0,0,0,0,0,9.035406112670898,PASS_AFDB_P2RANK_PREDICTED_POCKET_D4_LOADER
Q4R8S6,0,0,0,0,0,0,8.699966430664062,PASS_AFDB_P2RANK_PREDICTED_POCKET_D4_LOADER
Q4URB1,0,0,0,0,0,0,6.297018766403198,BLOCKED_AFDB_P2RANK_NO_POCKET
Q4V7Z0,0,0,0,0,0,0,8.483974933624268,PASS_AFDB_P2RANK_PREDICTED_POCKET_D4_LOADER
Q4V835,0,0,0,0,0,0,10.432691097259521,PASS_AFDB_P2RANK_PREDICTED_POCKET_D4_LOADER
Q4V8K1,0,0,0,0,0,0,8.345364093780518,PASS_AFDB_P2RANK_PREDICTED_POCKET_D4_LOADER
Q4W8C9,0,0,0,0,0,0,8.332814455032349,PASS_AFDB_P2RANK_PREDICTED_POCKET_D4_LOADER
Q4WNT5,0,0,0,0,0,0,9.165274620056152,PASS_AFDB_P2RANK_PREDICTED_POCKET_D4_LOADER
Q4WPU8,0,0,0,0,0,0,5.882728338241577,BLOCKED_AFDB_P2RANK_NO_POCKET
Q4WQY9,0,0,0,0,0,0,8.24187970161438,PASS_AFDB_P2RANK_PREDICTED_POCKET_D4_LOADER
Q4WXF4,0,0,0,0,0,0,9.004876136779785,PASS_AFDB_P2RANK_PREDICTED_POCKET_D4_LOADER
Q4WZV3,0,0,0,0,0,0,10.15565276145935,PASS_AFDB_P2RANK_PREDICTED_POCKET_D4_LOADER
Q4X158,0,0,0,0,0,0,9.019138813018799,PASS_AFDB_P2RANK_PREDICTED_POCKET_D4_LOADER
Q4X2S8,0,0,0,0,0,0,10.398276567459106,PASS_AFDB_P2RANK_PREDICTED_POCKET_D4_LOADER
Q4YUZ9,0,0,0,0,0,0,9.232385873794556,PASS_AFDB_P2RANK_PREDICTED_POCKET_D4_LOADER
Q4ZN07,0,0,0,0,0,0,5.532104730606079,BLOCKED_AFDB_P2RANK_NO_POCKET
Q4ZN10,0,0,0,0,0,0,5.698899269104004,BLOCKED_AFDB_P2RANK_NO_POCKET
Q4ZNS8,0,0,0,0,0,0,7.227019786834717,BLOCKED_AFDB_P2RANK_NO_POCKET
Q4ZRI4,0,0,0,0,0,0,5.374703645706177,BLOCKED_AFDB_P2RANK_NO_POCKET
Q4ZUH3,0,0,0,0,0,0,7.1155846118927,PASS_AFDB_P2RANK_PREDICTED_POCKET_D4_LOADER
Q501J6,0,0,0,0,0,0,11.239460706710815,PASS_AFDB_P2RANK_PREDICTED_POCKET_D4_LOADER
Q50225,0,0,0,0,0,0,8.736271619796753,PASS_AFDB_P2RANK_PREDICTED_POCKET_D4_LOADER
Q50248,0,0,0,0,0,0,8.714243412017822,PASS_AFDB_P2RANK_PREDICTED_POCKET_D4_LOADER
Q50249,0,0,0,0,0,0,9.158859491348267,PASS_AFDB_P2RANK_PREDICTED_POCKET_D4_LOADER
Q503Y4,0,0,0,0,0,0,7.835870265960693,PASS_AFDB_P2RANK_PREDICTED_POCKET_D4_LOADER
Q504M8,0,0,0,0,0,0,7.55957818031311,PASS_AFDB_P2RANK_PREDICTED_POCKET_D4_LOADER
Q505B7,0,0,0,0,0,0,7.557565450668335,PASS_AFDB_P2RANK_PREDICTED_POCKET_D4_LOADER
Q50773,0,0,0,0,0,0,5.8428144454956055,BLOCKED_AFDB_P2RANK_NO_POCKET
Q50774,0,0,0,0,0,0,5.401771783828735,BLOCKED_AFDB_P2RANK_NO_POCKET
Q50974,0,0,0,0,0,0,5.23167872428894,BLOCKED_AFDB_P2RANK_NO_POCKET
Q51703,0,0,0,0,0,0,7.944859504699707,PASS_AFDB_P2RANK_PREDICTED_POCKET_D4_LOADER
Q51892,0,0,0,0,0,0,1.8903205394744873,BLOCKED_AFDB_STRUCTURE_FETCH_FAILED
Q52522,0,0,0,0,0,0,7.768598318099976,PASS_AFDB_P2RANK_PREDICTED_POCKET_D4_LOADER
Q52523,0,0,0,0,0,0,7.7846410274505615,PASS_AFDB_P2RANK_PREDICTED_POCKET_D4_LOADER
Q52524,0,0,0,0,0,0,5.916180610656738,BLOCKED_AFDB_P2RANK_NO_POCKET
Q52525,0,0,0,0,0,0,7.652878761291504,PASS_AFDB_P2RANK_PREDICTED_POCKET_D4_LOADER
Q52984,0,0,0,0,0,0,5.87290620803833,BLOCKED_AFDB_P2RANK_NO_POCKET
Q52KJ8,0,0,0,0,0,0,1.6476218700408936,BLOCKED_AFDB_STRUCTURE_FETCH_FAILED
Q53F39,0,0,0,0,0,0,28.826802730560303,PASS_AFDB_P2RANK_PREDICTED_POCKET_D4_LOADER
Q54GY8,0,0,0,0,0,0,7.595634937286377,PASS_AFDB_P2RANK_PREDICTED_POCKET_D4_LOADER
Q54NK8,0,0,0,0,0,0,8.784448385238647,PASS_AFDB_P2RANK_PREDICTED_POCKET_D4_LOADER
Q54PU2,0,0,0,0,0,0,5.560355186462402,BLOCKED_AFDB_P2RANK_NO_POCKET
Q54RY8,0,0,0,0,0,0,5.3889734745025635,BLOCKED_AFDB_P2RANK_NO_POCKET
Q54TE7,0,0,0,0,0,0,7.9063684940338135,PASS_AFDB_P2RANK_PREDICTED_POCKET_D4_LOADER
Q55053,0,0,0,0,0,0,5.525593519210815,BLOCKED_AFDB_P2RANK_NO_POCKET
Q55054,0,0,0,0,0,0,5.189415454864502,BLOCKED_AFDB_P2RANK_NO_POCKET
Q55842,0,0,0,0,0,0,5.897356271743774,BLOCKED_AFDB_P2RANK_NO_POCKET
Q566S6,0,0,0,0,0,0,7.942632675170898,PASS_AFDB_P2RANK_PREDICTED_POCKET_D4_LOADER
Q566V0,0,0,0,0,0,0,7.213150978088379,PASS_AFDB_P2RANK_PREDICTED_POCKET_D4_LOADER
Q566Y9,0,0,0,0,0,0,8.606857299804688,PASS_AFDB_P2RANK_PREDICTED_POCKET_D4_LOADER
Q56724,0,0,0,0,0,0,5.799768686294556,BLOCKED_AFDB_P2RANK_NO_POCKET
Q56775,0,0,0,0,0,0,1.6872169971466064,BLOCKED_AFDB_STRUCTURE_FETCH_FAILED
Q56855,0,0,0,0,0,0,8.044912099838257,PASS_AFDB_P2RANK_PREDICTED_POCKET_D4_LOADER
Q57111,0,0,0,0,0,0,5.371691942214966,BLOCKED_AFDB_P2RANK_NO_POCKET
Q57490,0,0,0,0,0,0,5.098012685775757,BLOCKED_AFDB_P2RANK_NO_POCKET
Q57596,0,0,0,0,0,0,9.213106155395508,PASS_AFDB_P2RANK_PREDICTED_POCKET_D4_LOADER
Q575S9,0,0,0,0,0,0,1.6225621700286865,BLOCKED_AFDB_STRUCTURE_FETCH_FAILED
Q57742,0,0,0,0,0,0,10.097388505935669,PASS_AFDB_P2RANK_PREDICTED_POCKET_D4_LOADER
Q57952,0,0,0,0,0,0,8.526159048080444,PASS_AFDB_P2RANK_PREDICTED_POCKET_D4_LOADER
Q57CF0,0,0,0,0,0,0,5.408287048339844,BLOCKED_AFDB_P2RANK_NO_POCKET
Q57GJ8,0,0,0,0,0,0,5.9326982498168945,BLOCKED_AFDB_P2RANK_NO_POCKET
Q57XN4,0,0,0,0,0,0,8.299814462661743,PASS_AFDB_P2RANK_PREDICTED_POCKET_D4_LOADER
Q57YS8,0,0,0,0,0,0,10.514110565185547,PASS_AFDB_P2RANK_PREDICTED_POCKET_D4_LOADER
Q58262,0,0,0,0,0,0,5.7564778327941895,BLOCKED_AFDB_P2RANK_NO_POCKET
Q58263,0,0,0,0,0,0,5.409078359603882,BLOCKED_AFDB_P2RANK_NO_POCKET
Q582T2,0,0,0,0,0,0,8.658404350280762,PASS_AFDB_P2RANK_PREDICTED_POCKET_D4_LOADER
Q583R7,0,0,0,0,0,0,8.237356185913086,PASS_AFDB_P2RANK_PREDICTED_POCKET_D4_LOADER
Q584I8,0,0,0,0,0,0,9.544216632843018,PASS_AFDB_P2RANK_PREDICTED_POCKET_D4_LOADER
Q58612,0,0,0,0,0,0,6.911313772201538,PASS_AFDB_P2RANK_PREDICTED_POCKET_D4_LOADER
Q58617,0,0,0,0,0,0,1.6875696182250977,BLOCKED_AFDB_STRUCTURE_FETCH_FAILED
Q58667,0,0,0,0,0,0,6.457210302352905,BLOCKED_AFDB_P2RANK_NO_POCKET
Q58905,0,0,0,0,0,0,6.426057815551758,BLOCKED_AFDB_P2RANK_NO_POCKET
Q58DD9,0,0,0,0,0,0,8.327382802963257,PASS_AFDB_P2RANK_PREDICTED_POCKET_D4_LOADER
Q58DK4,0,0,0,0,0,0,1.5755555629730225,BLOCKED_AFDB_STRUCTURE_FETCH_FAILED
Q58DL1,0,0,0,0,0,0,1.5921909809112549,BLOCKED_AFDB_STRUCTURE_FETCH_FAILED
Q58MU6,0,0,0,0,0,0,1.6662745475769043,BLOCKED_AFDB_STRUCTURE_FETCH_FAILED
Q58Y44,0,0,0,0,0,0,6.783244848251343,PASS_AFDB_P2RANK_PREDICTED_POCKET_D4_LOADER
Q59584,0,0,0,0,0,0,7.237767696380615,BLOCKED_AFDB_P2RANK_NO_POCKET
Q59680,0,0,0,0,0,0,1.6855294704437256,BLOCKED_AFDB_STRUCTURE_FETCH_FAILED
Q59X39,0,0,0,0,0,0,5.744524955749512,BLOCKED_AFDB_P2RANK_NO_POCKET
Q5A0W6,0,0,0,0,0,0,8.782145500183105,PASS_AFDB_P2RANK_PREDICTED_POCKET_D4_LOADER
Q5AV79,0,0,0,0,0,0,10.940106630325317,PASS_AFDB_P2RANK_PREDICTED_POCKET_D4_LOADER
Q5BJ53,0,0,0,0,0,0,8.27290415763855,PASS_AFDB_P2RANK_PREDICTED_POCKET_D4_LOADER
Q5BJT6,0,0,0,0,0,0,13.742833375930786,PASS_AFDB_P2RANK_PREDICTED_POCKET_D4_LOADER
Q5D8X4,0,0,0,0,0,0,7.420215845108032,PASS_AFDB_P2RANK_PREDICTED_POCKET_D4_LOADER
Q5EB73,0,0,0,0,0,0,8.26848554611206,PASS_AFDB_P2RANK_PREDICTED_POCKET_D4_LOADER
Q5EB77,0,0,0,0,0,0,15.00227975845337,PASS_AFDB_P2RANK_PREDICTED_POCKET_D4_LOADER
Q5F3W5,0,0,0,0,0,0,8.136862993240356,PASS_AFDB_P2RANK_PREDICTED_POCKET_D4_LOADER
Q5F5B4,0,0,0,0,0,0,7.915910243988037,PASS_AFDB_P2RANK_PREDICTED_POCKET_D4_LOADER
Q5F641,0,0,0,0,0,0,7.625794887542725,PASS_AFDB_P2RANK_PREDICTED_POCKET_D4_LOADER
Q5F6L9,0,0,0,0,0,0,9.540901184082031,PASS_AFDB_P2RANK_PREDICTED_POCKET_D4_LOADER
Q5F746,0,0,0,0,0,0,8.962682485580444,PASS_AFDB_P2RANK_PREDICTED_POCKET_D4_LOADER
Q5F783,0,0,0,0,0,0,7.9314188957214355,PASS_AFDB_P2RANK_PREDICTED_POCKET_D4_LOADER
Q5F8D4,0,0,0,0,0,0,9.818863868713379,PASS_AFDB_P2RANK_PREDICTED_POCKET_D4_LOADER
Q5F8F6,0,0,0,0,0,0,9.867055177688599,PASS_AFDB_P2RANK_PREDICTED_POCKET_D4_LOADER
Q5F8U7,0,0,0,0,0,0,5.677645206451416,BLOCKED_AFDB_P2RANK_NO_POCKET
Q5F9J5,0,0,0,0,0,0,10.859511613845825,PASS_AFDB_P2RANK_PREDICTED_POCKET_D4_LOADER
Q5F9U0,0,0,0,0,0,0,8.314560413360596,PASS_AFDB_P2RANK_PREDICTED_POCKET_D4_LOADER
Q5FA52,0,0,0,0,0,0,7.734759092330933,PASS_AFDB_P2RANK_PREDICTED_POCKET_D4_LOADER
Q5FB24,0,0,0,0,0,0,6.565966367721558,BLOCKED_AFDB_P2RANK_NO_POCKET
Q5FND2,0,0,0,0,0,0,5.416881799697876,BLOCKED_AFDB_P2RANK_NO_POCKET
Q5FUG4,0,0,0,0,0,0,6.369234800338745,BLOCKED_AFDB_P2RANK_NO_POCKET
Q5GWQ4,0,0,0,0,0,0,5.825918912887573,BLOCKED_AFDB_P2RANK_NO_POCKET
Q5HDS0,0,0,0,0,0,0,6.2342689037323,BLOCKED_AFDB_P2RANK_NO_POCKET
Q5HEM1,0,0,0,0,0,0,5.313359260559082,BLOCKED_AFDB_P2RANK_NO_POCKET
Q5HEU3,0,0,0,0,0,0,8.090191841125488,PASS_AFDB_P2RANK_PREDICTED_POCKET_D4_LOADER
Q5HGU8,0,0,0,0,0,0,7.7252514362335205,PASS_AFDB_P2RANK_PREDICTED_POCKET_D4_LOADER
Q5HHG4,0,0,0,0,0,0,8.835248708724976,PASS_AFDB_P2RANK_PREDICTED_POCKET_D4_LOADER
Q5HJK5,0,0,0,0,0,0,8.710468530654907,PASS_AFDB_P2RANK_PREDICTED_POCKET_D4_LOADER
Q5HLW3,0,0,0,0,0,0,6.27891206741333,BLOCKED_AFDB_P2RANK_NO_POCKET
Q5HM56,0,0,0,0,0,0,8.636162757873535,PASS_AFDB_P2RANK_PREDICTED_POCKET_D4_LOADER
Q5HN33,0,0,0,0,0,0,5.444643259048462,BLOCKED_AFDB_P2RANK_NO_POCKET
Q5HNA5,0,0,0,0,0,0,8.333573818206787,PASS_AFDB_P2RANK_PREDICTED_POCKET_D4_LOADER
Q5HSS7,0,0,0,0,0,0,1.6343069076538086,BLOCKED_AFDB_STRUCTURE_FETCH_FAILED
Q5HW69,0,0,0,0,0,0,5.543880224227905,BLOCKED_AFDB_P2RANK_NO_POCKET
Q5I128,0,0,0,0,0,0,2.8999364376068115,BLOCKED_AFDB_STRUCTURE_FETCH_FAILED
Q5I137,0,0,0,0,0,0,2.9143755435943604,BLOCKED_AFDB_STRUCTURE_FETCH_FAILED
Q5I139,0,0,0,0,0,0,1.9290242195129395,BLOCKED_AFDB_STRUCTURE_FETCH_FAILED
Q5I143,0,0,0,0,0,0,1.680523157119751,BLOCKED_AFDB_STRUCTURE_FETCH_FAILED
Q5I145,0,0,0,0,0,0,1.5974128246307373,BLOCKED_AFDB_STRUCTURE_FETCH_FAILED
Q5I146,0,0,0,0,0,0,3.1059184074401855,BLOCKED_AFDB_STRUCTURE_FETCH_FAILED
Q5I3B1,0,0,0,0,0,0,1.6334457397460938,BLOCKED_AFDB_STRUCTURE_FETCH_FAILED
Q5I3B2,0,0,0,0,0,0,1.6555683612823486,BLOCKED_AFDB_STRUCTURE_FETCH_FAILED
Q5IS82,0,0,0,0,0,0,1.658315658569336,BLOCKED_AFDB_STRUCTURE_FETCH_FAILED
Q5IZM4,0,0,0,0,0,0,8.931212663650513,PASS_AFDB_P2RANK_PREDICTED_POCKET_D4_LOADER
Q5J1R4,0,0,0,0,0,0,8.289624214172363,PASS_AFDB_P2RANK_PREDICTED_POCKET_D4_LOADER
Q5JE27,0,0,0,0,0,0,8.994417190551758,PASS_AFDB_P2RANK_PREDICTED_POCKET_D4_LOADER
Q5K8L4,0,0,0,0,0,0,8.460324048995972,PASS_AFDB_P2RANK_PREDICTED_POCKET_D4_LOADER
Q5KPU2,0,0,0,0,0,0,10.149643182754517,PASS_AFDB_P2RANK_PREDICTED_POCKET_D4_LOADER
Q5KTJ7,0,0,0,0,0,0,7.537391901016235,PASS_AFDB_P2RANK_PREDICTED_POCKET_D4_LOADER
Q5KYL9,0,0,0,0,0,0,5.380384206771851,BLOCKED_AFDB_P2RANK_NO_POCKET
Q5L283,0,0,0,0,0,0,10.230830430984497,PASS_AFDB_P2RANK_PREDICTED_POCKET_D4_LOADER
Q5LM31,0,0,0,0,0,0,5.7148730754852295,BLOCKED_AFDB_P2RANK_NO_POCKET
Q5LP79,0,0,0,0,0,0,5.6626808643341064,BLOCKED_AFDB_P2RANK_NO_POCKET
Q5LSQ3,0,0,0,0,0,0,25.749408721923828,BLOCKED_AFDB_P2RANK_NO_POCKET
Q5M1G7,0,0,0,0,0,0,6.445522785186768,BLOCKED_AFDB_P2RANK_NO_POCKET
Q5M608,0,0,0,0,0,0,5.8478662967681885,BLOCKED_AFDB_P2RANK_NO_POCKET
Q5M609,0,0,0,0,0,0,5.445281505584717,BLOCKED_AFDB_P2RANK_NO_POCKET
Q5M8V2,0,0,0,0,0,0,9.619337558746338,PASS_AFDB_P2RANK_PREDICTED_POCKET_D4_LOADER
Q5MQD1,0,0,0,0,0,0,4.9485390186309814,BLOCKED_AFDB_STRUCTURE_FETCH_FAILED
Q5NV96,0,0,0,0,0,0,3.1365036964416504,BLOCKED_AFDB_STRUCTURE_FETCH_FAILED
Q5NVA2,0,0,0,0,0,0,2.028779983520508,BLOCKED_AFDB_STRUCTURE_FETCH_FAILED
Q5PGB8,0,0,0,0,0,0,6.342909097671509,BLOCKED_AFDB_P2RANK_NO_POCKET
Q5PJT2,0,0,0,0,0,0,5.36694860458374,BLOCKED_AFDB_P2RANK_NO_POCKET
Q5PKI8,0,0,0,0,0,0,5.447895288467407,BLOCKED_AFDB_P2RANK_NO_POCKET
Q5PU49,0,0,0,0,0,0,2.8748691082000732,BLOCKED_AFDB_STRUCTURE_FETCH_FAILED
Q5QQ46,0,0,0,0,0,0,1.6804420948028564,BLOCKED_AFDB_STRUCTURE_FETCH_FAILED
Q5R4W9,0,0,0,0,0,0,8.264094352722168,PASS_AFDB_P2RANK_PREDICTED_POCKET_D4_LOADER
Q5R5H5,0,0,0,0,0,0,8.444348812103271,PASS_AFDB_P2RANK_PREDICTED_POCKET_D4_LOADER
Q5R637,0,0,0,0,0,0,9.885369300842285,PASS_AFDB_P2RANK_PREDICTED_POCKET_D4_LOADER
Q5R6F7,0,0,0,0,0,0,11.340338230133057,PASS_AFDB_P2RANK_PREDICTED_POCKET_D4_LOADER
Q5R6L8,0,0,0,0,0,0,9.188365459442139,PASS_AFDB_P2RANK_PREDICTED_POCKET_D4_LOADER
Q5R7K1,0,0,0,0,0,0,5.626585245132446,BLOCKED_AFDB_P2RANK_NO_POCKET
Q5R7L8,0,0,0,0,0,0,5.932395935058594,BLOCKED_AFDB_P2RANK_NO_POCKET
Q5R7S7,0,0,0,0,0,0,9.245424747467041,PASS_AFDB_P2RANK_PREDICTED_POCKET_D4_LOADER
Q5R868,0,0,0,0,0,0,10.347341060638428,PASS_AFDB_P2RANK_PREDICTED_POCKET_D4_LOADER
Q5R869,0,0,0,0,0,0,2.234875440597534,BLOCKED_AFDB_STRUCTURE_FETCH_FAILED
Q5R8L6,0,0,0,0,0,0,5.603238344192505,BLOCKED_AFDB_P2RANK_NO_POCKET
Q5R9Z7,0,0,0,0,0,0,10.664293766021729,PASS_AFDB_P2RANK_PREDICTED_POCKET_D4_LOADER
Q5RA61,0,0,0,0,0,0,6.863743782043457,BLOCKED_AFDB_P2RANK_NO_POCKET
Q5RCD2,0,0,0,0,0,0,11.335937261581421,PASS_AFDB_P2RANK_PREDICTED_POCKET_D4_LOADER
Q5RCH4,0,0,0,0,0,0,11.175589084625244,PASS_AFDB_P2RANK_PREDICTED_POCKET_D4_LOADER
Q5RDW0,0,0,0,0,0,0,8.260332822799683,PASS_AFDB_P2RANK_PREDICTED_POCKET_D4_LOADER
Q5RE72,0,0,0,0,0,0,8.971616744995117,PASS_AFDB_P2RANK_PREDICTED_POCKET_D4_LOADER
Q5REC9,0,0,0,0,0,0,7.4477698802948,PASS_AFDB_P2RANK_PREDICTED_POCKET_D4_LOADER
Q5RET5,0,0,0,0,0,0,9.670949459075928,PASS_AFDB_P2RANK_PREDICTED_POCKET_D4_LOADER
Q5RFG3,0,0,0,0,0,0,3.108299970626831,BLOCKED_AFDB_STRUCTURE_FETCH_FAILED
Q5RJY4,0,0,0,0,0,0,8.746014833450317,PASS_AFDB_P2RANK_PREDICTED_POCKET_D4_LOADER
Q5SHN6,0,0,0,0,0,0,8.183454275131226,PASS_AFDB_P2RANK_PREDICTED_POCKET_D4_LOADER
Q5U2Q3,0,0,0,0,0,0,8.887921810150146,PASS_AFDB_P2RANK_PREDICTED_POCKET_D4_LOADER
Q5U2V4,0,0,0,0,0,0,8.9749596118927,PASS_AFDB_P2RANK_PREDICTED_POCKET_D4_LOADER
Q5U3K5,0,0,0,0,0,0,12.139508247375488,PASS_AFDB_P2RANK_PREDICTED_POCKET_D4_LOADER
Q5U921,0,0,0,0,0,0,8.003485441207886,PASS_AFDB_P2RANK_PREDICTED_POCKET_D4_LOADER
Q5U922,0,0,0,0,0,0,9.385676860809326,PASS_AFDB_P2RANK_PREDICTED_POCKET_D4_LOADER
Q5UNT1,0,0,0,0,0,0,1.9783999919891357,BLOCKED_AFDB_STRUCTURE_FETCH_FAILED
Q5UNT4,0,0,0,0,0,0,2.7249643802642822,BLOCKED_AFDB_STRUCTURE_FETCH_FAILED
Q5UNT7,0,0,0,0,0,0,2.2178988456726074,BLOCKED_AFDB_STRUCTURE_FETCH_FAILED
Q5UNU9,0,0,0,0,0,0,1.9507946968078613,BLOCKED_AFDB_STRUCTURE_FETCH_FAILED
Q5UNV4,0,0,0,0,0,0,2.6046645641326904,BLOCKED_AFDB_STRUCTURE_FETCH_FAILED
Q5UP25,0,0,0,0,0,0,1.9536311626434326,BLOCKED_AFDB_STRUCTURE_FETCH_FAILED
Q5UP36,0,0,0,0,0,0,1.716099500656128,BLOCKED_AFDB_STRUCTURE_FETCH_FAILED
Q5UP54,0,0,0,0,0,0,1.5839951038360596,BLOCKED_AFDB_STRUCTURE_FETCH_FAILED
Q5UP57,0,0,0,0,0,0,1.6188652515411377,BLOCKED_AFDB_STRUCTURE_FETCH_FAILED
Q5UPJ7,0,0,0,0,0,0,2.0969951152801514,BLOCKED_AFDB_STRUCTURE_FETCH_FAILED
Q5UPU3,0,0,0,0,0,0,1.6624031066894531,BLOCKED_AFDB_STRUCTURE_FETCH_FAILED
Q5UPX0,0,0,0,0,0,0,1.9103412628173828,BLOCKED_AFDB_STRUCTURE_FETCH_FAILED
Q5UPZ2,0,0,0,0,0,0,1.6430692672729492,BLOCKED_AFDB_STRUCTURE_FETCH_FAILED
Q5UPZ9,0,0,0,0,0,0,2.7995057106018066,BLOCKED_AFDB_STRUCTURE_FETCH_FAILED
Q5UQ00,0,0,0,0,0,0,1.8957774639129639,BLOCKED_AFDB_STRUCTURE_FETCH_FAILED
Q5UQ24,0,0,0,0,0,0,1.998185396194458,BLOCKED_AFDB_STRUCTURE_FETCH_FAILED
Q5UQ46,0,0,0,0,0,0,1.6042873859405518,BLOCKED_AFDB_STRUCTURE_FETCH_FAILED
Q5UQ59,0,0,0,0,0,0,1.8755807876586914,BLOCKED_AFDB_STRUCTURE_FETCH_FAILED
Q5UQ70,0,0,0,0,0,0,2.005068063735962,BLOCKED_AFDB_STRUCTURE_FETCH_FAILED
Q5UQ78,0,0,0,0,0,0,1.9202721118927002,BLOCKED_AFDB_STRUCTURE_FETCH_FAILED
Q5UQ96,0,0,0,0,0,0,1.7179350852966309,BLOCKED_AFDB_STRUCTURE_FETCH_FAILED
Q5UQ98,0,0,0,0,0,0,1.605635166168213,BLOCKED_AFDB_STRUCTURE_FETCH_FAILED
Q5UQC1,0,0,0,0,0,0,2.252955675125122,BLOCKED_AFDB_STRUCTURE_FETCH_FAILED
Q5UQC3,0,0,0,0,0,0,1.5999863147735596,BLOCKED_AFDB_STRUCTURE_FETCH_FAILED
Q5UQD1,0,0,0,0,0,0,3.303845167160034,BLOCKED_AFDB_STRUCTURE_FETCH_FAILED
Q5UQD2,0,0,0,0,0,0,2.5997886657714844,BLOCKED_AFDB_STRUCTURE_FETCH_FAILED
Q5UQE1,0,0,0,0,0,0,1.9317553043365479,BLOCKED_AFDB_STRUCTURE_FETCH_FAILED
Q5UQG3,0,0,0,0,0,0,1.594954013824463,BLOCKED_AFDB_STRUCTURE_FETCH_FAILED
Q5UQI4,0,0,0,0,0,0,1.6816706657409668,BLOCKED_AFDB_STRUCTURE_FETCH_FAILED
Q5UQJ6,0,0,0,0,0,0,2.271066188812256,BLOCKED_AFDB_STRUCTURE_FETCH_FAILED
Q5UQL3,0,0,0,0,0,0,2.591883659362793,BLOCKED_AFDB_STRUCTURE_FETCH_FAILED
Q5UQU2,0,0,0,0,0,0,1.613262414932251,BLOCKED_AFDB_STRUCTURE_FETCH_FAILED
Q5UQV6,0,0,0,0,0,0,1.913548469543457,BLOCKED_AFDB_STRUCTURE_FETCH_FAILED
Q5UR02,0,0,0,0,0,0,2.0429320335388184,BLOCKED_AFDB_STRUCTURE_FETCH_FAILED
Q5UR12,0,0,0,0,0,0,2.3428657054901123,BLOCKED_AFDB_STRUCTURE_FETCH_FAILED
Q5UR22,0,0,0,0,0,0,4.451104640960693,BLOCKED_AFDB_STRUCTURE_FETCH_FAILED
Q5UR44,0,0,0,0,0,0,1.6922035217285156,BLOCKED_AFDB_STRUCTURE_FETCH_FAILED
Q5UR49,0,0,0,0,0,0,2.5282540321350098,BLOCKED_AFDB_STRUCTURE_FETCH_FAILED
Q5UR64,0,0,0,0,0,0,1.6938786506652832,BLOCKED_AFDB_STRUCTURE_FETCH_FAILED
Q5UR67,0,0,0,0,0,0,3.8192172050476074,BLOCKED_AFDB_STRUCTURE_FETCH_FAILED
Q5UR74,0,0,0,0,0,0,2.645998239517212,BLOCKED_AFDB_STRUCTURE_FETCH_FAILED
Q5UR82,0,0,0,0,0,0,1.943648338317871,BLOCKED_AFDB_STRUCTURE_FETCH_FAILED
Q5V1D3,0,0,0,0,0,0,7.98650598526001,PASS_AFDB_P2RANK_PREDICTED_POCKET_D4_LOADER
Q5V1I9,0,0,0,0,0,0,5.141346454620361,BLOCKED_AFDB_P2RANK_NO_POCKET
Q5V2Y4,0,0,0,0,0,0,5.60330057144165,BLOCKED_AFDB_P2RANK_NO_POCKET
Q5VRM7,0,0,0,0,0,0,8.892306804656982,PASS_AFDB_P2RANK_PREDICTED_POCKET_D4_LOADER
Q5WHT1,0,0,0,0,0,0,9.884939432144165,PASS_AFDB_P2RANK_PREDICTED_POCKET_D4_LOADER
Q5X9M0,0,0,0,0,0,0,1.75465989112854,BLOCKED_AFDB_STRUCTURE_FETCH_FAILED
Q5XJN2,0,0,0,0,0,0,10.50784969329834,PASS_AFDB_P2RANK_PREDICTED_POCKET_D4_LOADER
Q5YD76,0,0,0,0,0,0,2.232586145401001,BLOCKED_AFDB_STRUCTURE_FETCH_FAILED
Q5YQC8,0,0,0,0,0,0,5.36136531829834,BLOCKED_AFDB_P2RANK_NO_POCKET
Q5YU18,0,0,0,0,0,0,8.205962896347046,PASS_AFDB_P2RANK_PREDICTED_POCKET_D4_LOADER
Q5YWR9,0,0,0,0,0,0,6.540618181228638,BLOCKED_AFDB_P2RANK_NO_POCKET
Q5YWS0,0,0,0,0,0,0,5.855567932128906,BLOCKED_AFDB_P2RANK_NO_POCKET
Q5ZJ54,0,0,0,0,0,0,9.10224962234497,PASS_AFDB_P2RANK_PREDICTED_POCKET_D4_LOADER
Q5ZJD3,0,0,0,0,0,0,9.233481884002686,PASS_AFDB_P2RANK_PREDICTED_POCKET_D4_LOADER
Q5ZJD8,0,0,0,0,0,0,8.43795919418335,PASS_AFDB_P2RANK_PREDICTED_POCKET_D4_LOADER
Q5ZJN8,0,0,0,0,0,0,9.40816855430603,BLOCKED_AFDB_STRUCTURE_FETCH_FAILED
Q5ZLG1,0,0,0,0,0,0,7.403286457061768,PASS_AFDB_P2RANK_PREDICTED_POCKET_D4_LOADER
Q5ZLR5,0,0,0,0,0,0,6.403903245925903,BLOCKED_AFDB_P2RANK_NO_POCKET
Q60270,0,0,0,0,0,0,1.9154577255249023,BLOCKED_AFDB_STRUCTURE_FETCH_FAILED
Q60CK7,0,0,0,0,0,0,5.871622085571289,BLOCKED_AFDB_P2RANK_NO_POCKET
Q61153,0,0,0,0,0,0,2.34745717048645,BLOCKED_AFDB_STRUCTURE_FETCH_FAILED
Q61285,0,0,0,0,0,0,22.982404947280884,PASS_AFDB_P2RANK_PREDICTED_POCKET_D4_LOADER
Q61390,0,0,0,0,0,0,8.920979976654053,PASS_AFDB_P2RANK_PREDICTED_POCKET_D4_LOADER
Q61656,0,0,0,0,0,0,10.762665271759033,PASS_AFDB_P2RANK_PREDICTED_POCKET_D4_LOADER
Q62167,0,0,0,0,0,0,10.813122749328613,PASS_AFDB_P2RANK_PREDICTED_POCKET_D4_LOADER
Q62312,0,0,0,0,0,0,10.473915100097656,PASS_AFDB_P2RANK_PREDICTED_POCKET_D4_LOADER
Q62HS1,0,0,0,0,0,0,6.405744552612305,BLOCKED_AFDB_P2RANK_NO_POCKET
Q62MR5,0,0,0,0,0,0,5.195742607116699,BLOCKED_AFDB_P2RANK_NO_POCKET
Q63060,0,0,0,0,0,0,11.710608959197998,PASS_AFDB_P2RANK_PREDICTED_POCKET_D4_LOADER
Q631E1,0,0,0,0,0,0,7.448482275009155,PASS_AFDB_P2RANK_PREDICTED_POCKET_D4_LOADER
Q633L5,0,0,0,0,0,0,5.7810280323028564,BLOCKED_AFDB_P2RANK_NO_POCKET
Q63686,0,0,0,0,0,0,9.435534715652466,PASS_AFDB_P2RANK_PREDICTED_POCKET_D4_LOADER
Q63941,0,0,0,0,0,0,8.433789014816284,PASS_AFDB_P2RANK_PREDICTED_POCKET_D4_LOADER
Q63EK7,0,0,0,0,0,0,8.710065603256226,PASS_AFDB_P2RANK_PREDICTED_POCKET_D4_LOADER
Q63ES4,0,0,0,0,0,0,8.2823805809021,PASS_AFDB_P2RANK_PREDICTED_POCKET_D4_LOADER
Q63PF1,0,0,0,0,0,0,6.541715145111084,BLOCKED_AFDB_P2RANK_NO_POCKET
Q64395,0,0,0,0,0,0,8.773232460021973,PASS_AFDB_P2RANK_PREDICTED_POCKET_D4_LOADER
Q64654,0,0,0,0,0,0,9.32827377319336,PASS_AFDB_P2RANK_PREDICTED_POCKET_D4_LOADER
Q65163,0,0,0,0,0,0,5.729823589324951,BLOCKED_AFDB_STRUCTURE_FETCH_FAILED
Q65164,0,0,0,0,0,0,2.0313727855682373,BLOCKED_AFDB_STRUCTURE_FETCH_FAILED
Q65191,0,0,0,0,0,0,2.313509225845337,BLOCKED_AFDB_STRUCTURE_FETCH_FAILED
Q65199,0,0,0,0,0,0,1.688924789428711,BLOCKED_AFDB_STRUCTURE_FETCH_FAILED
Q65216,0,0,0,0,0,0,1.7092344760894775,BLOCKED_AFDB_STRUCTURE_FETCH_FAILED
Q65243,0,0,0,0,0,0,1.646632194519043,BLOCKED_AFDB_STRUCTURE_FETCH_FAILED
Q65526,0,0,0,0,0,0,1.9881901741027832,BLOCKED_AFDB_STRUCTURE_FETCH_FAILED
Q65WL3,0,0,0,0,0,0,6.478445768356323,BLOCKED_AFDB_P2RANK_NO_POCKET
Q66165,0,0,0,0,0,0,1.6614458560943604,BLOCKED_AFDB_STRUCTURE_FETCH_FAILED
Q664R7,0,0,0,0,0,0,9.074555397033691,PASS_AFDB_P2RANK_PREDICTED_POCKET_D4_LOADER
Q66624,0,0,0,0,0,0,2.605099678039551,BLOCKED_AFDB_STRUCTURE_FETCH_FAILED
Q66662,0,0,0,0,0,0,1.6531972885131836,BLOCKED_AFDB_STRUCTURE_FETCH_FAILED
Q66663,0,0,0,0,0,0,3.1521389484405518,BLOCKED_AFDB_STRUCTURE_FETCH_FAILED
Q66862,0,0,0,0,0,0,2.8525807857513428,BLOCKED_AFDB_STRUCTURE_FETCH_FAILED
Q669A9,0,0,0,0,0,0,5.190166473388672,BLOCKED_AFDB_P2RANK_NO_POCKET
Q66HD0,0,0,0,0,0,0,10.288206815719604,PASS_AFDB_P2RANK_PREDICTED_POCKET_D4_LOADER
Q66I14,0,0,0,0,0,0,2.075324058532715,BLOCKED_AFDB_STRUCTURE_FETCH_FAILED
Q66J01,0,0,0,0,0,0,9.86810851097107,PASS_AFDB_P2RANK_PREDICTED_POCKET_D4_LOADER
Q66KF6,0,0,0,0,0,0,7.78683614730835,PASS_AFDB_P2RANK_PREDICTED_POCKET_D4_LOADER
Q67387,0,0,0,0,0,0,1.5912153720855713,BLOCKED_AFDB_STRUCTURE_FETCH_FAILED
Q67472,0,0,0,0,0,0,2.0033655166625977,BLOCKED_AFDB_STRUCTURE_FETCH_FAILED
Q67477,0,0,0,0,0,0,1.64756441116333,BLOCKED_AFDB_STRUCTURE_FETCH_FAILED
Q67FW5,0,0,0,0,0,0,9.53754472732544,PASS_AFDB_P2RANK_PREDICTED_POCKET_D4_LOADER
Q67KE6,0,0,0,0,0,0,2.0649304389953613,BLOCKED_AFDB_STRUCTURE_FETCH_FAILED
Q67KE7,0,0,0,0,0,0,1.6117112636566162,BLOCKED_AFDB_STRUCTURE_FETCH_FAILED
Q67KJ1,0,0,0,0,0,0,5.586061000823975,BLOCKED_AFDB_P2RANK_NO_POCKET
Q67MJ3,0,0,0,0,0,0,5.977781295776367,BLOCKED_AFDB_P2RANK_NO_POCKET
Q67T48,0,0,0,0,0,0,11.430126905441284,PASS_AFDB_P2RANK_PREDICTED_POCKET_D4_LOADER
Q68101,0,0,0,0,0,0,1.7552814483642578,BLOCKED_AFDB_STRUCTURE_FETCH_FAILED
Q687X5,0,0,0,0,0,0,10.647284269332886,PASS_AFDB_P2RANK_PREDICTED_POCKET_D4_LOADER
Q68EV0,0,0,0,0,0,0,7.9362547397613525,PASS_AFDB_P2RANK_PREDICTED_POCKET_D4_LOADER
Q69151,0,0,0,0,0,0,1.8710675239562988,BLOCKED_AFDB_STRUCTURE_FETCH_FAILED
Q694C5,0,0,0,0,0,0,1.7384889125823975,BLOCKED_AFDB_STRUCTURE_FETCH_FAILED
Q69BJ7,0,0,0,0,0,0,5.233246564865112,BLOCKED_AFDB_STRUCTURE_FETCH_FAILED
Q69BJ8,0,0,0,0,0,0,1.5933253765106201,BLOCKED_AFDB_STRUCTURE_FETCH_FAILED
Q69BJ9,0,0,0,0,0,0,1.9894170761108398,BLOCKED_AFDB_STRUCTURE_FETCH_FAILED
Q69BK1,0,0,0,0,0,0,1.7152302265167236,BLOCKED_AFDB_STRUCTURE_FETCH_FAILED
Q69BK5,0,0,0,0,0,0,6.842557430267334,BLOCKED_AFDB_P2RANK_NO_POCKET
Q69BK6,0,0,0,0,0,0,6.606926679611206,BLOCKED_AFDB_P2RANK_NO_POCKET
Q69ZP3,0,0,0,0,0,0,8.941470861434937,PASS_AFDB_P2RANK_PREDICTED_POCKET_D4_LOADER
Q6A2H0,0,0,0,0,0,0,1.9577651023864746,BLOCKED_AFDB_STRUCTURE_FETCH_FAILED
Q6A2H2,0,0,0,0,0,0,1.6679887771606445,BLOCKED_AFDB_STRUCTURE_FETCH_FAILED
Q6AF75,0,0,0,0,0,0,6.113826513290405,BLOCKED_AFDB_P2RANK_NO_POCKET
Q6AFK6,0,0,0,0,0,0,6.104652643203735,BLOCKED_AFDB_P2RANK_NO_POCKET
Q6AHF2,0,0,0,0,0,0,8.842408657073975,PASS_AFDB_P2RANK_PREDICTED_POCKET_D4_LOADER
Q6AL81,0,0,0,0,0,0,1.8755972385406494,BLOCKED_AFDB_STRUCTURE_FETCH_FAILED
Q6AQK0,0,0,0,0,0,0,5.409463167190552,BLOCKED_AFDB_P2RANK_NO_POCKET
Q6AXT5,0,0,0,0,0,0,8.827334642410278,PASS_AFDB_P2RANK_PREDICTED_POCKET_D4_LOADER
Q6BI59,0,0,0,0,0,0,8.21628451347351,PASS_AFDB_P2RANK_PREDICTED_POCKET_D4_LOADER
Q6BTW5,0,0,0,0,0,0,9.190531015396118,BLOCKED_AFDB_P2RANK_NO_POCKET
Q6C0G3,0,0,0,0,0,0,5.2055652141571045,BLOCKED_AFDB_P2RANK_NO_POCKET
Q6CBB5,0,0,0,0,0,0,8.873242139816284,PASS_AFDB_P2RANK_PREDICTED_POCKET_D4_LOADER
Q6CMG4,0,0,0,0,0,0,5.894015789031982,BLOCKED_AFDB_P2RANK_NO_POCKET
Q6CQA6,0,0,0,0,0,0,7.774525165557861,PASS_AFDB_P2RANK_PREDICTED_POCKET_D4_LOADER
Q6CQQ2,0,0,0,0,0,0,10.654227018356323,BLOCKED_AFDB_P2RANK_NO_POCKET
Q6CZW6,0,0,0,0,0,0,9.382436037063599,PASS_AFDB_P2RANK_PREDICTED_POCKET_D4_LOADER
Q6DDS9,0,0,0,0,0,0,10.526737689971924,PASS_AFDB_P2RANK_PREDICTED_POCKET_D4_LOADER
Q6DHC1,0,0,0,0,0,0,7.767398834228516,PASS_AFDB_P2RANK_PREDICTED_POCKET_D4_LOADER
Q6DN07,0,0,0,0,0,0,1.5864200592041016,BLOCKED_AFDB_STRUCTURE_FETCH_FAILED
Q6DW76,0,0,0,0,0,0,10.867697715759277,PASS_AFDB_P2RANK_PREDICTED_POCKET_D4_LOADER
Q6EE31,0,0,0,0,0,0,1.7165954113006592,BLOCKED_AFDB_STRUCTURE_FETCH_FAILED
Q6FD84,0,0,0,0,0,0,5.690896987915039,BLOCKED_AFDB_P2RANK_NO_POCKET
Q6FD85,0,0,0,0,0,0,5.436123847961426,BLOCKED_AFDB_P2RANK_NO_POCKET
Q6FXS6,0,0,0,0,0,0,5.701880216598511,BLOCKED_AFDB_P2RANK_NO_POCKET
Q6FYW0,0,0,0,0,0,0,8.603025913238525,PASS_AFDB_P2RANK_PREDICTED_POCKET_D4_LOADER
Q6FYW7,0,0,0,0,0,0,9.497851848602295,PASS_AFDB_P2RANK_PREDICTED_POCKET_D4_LOADER
Q6FZS8,0,0,0,0,0,0,8.208564519882202,BLOCKED_AFDB_P2RANK_NO_POCKET
Q6G2A8,0,0,0,0,0,0,9.62168288230896,PASS_AFDB_P2RANK_PREDICTED_POCKET_D4_LOADER
Q6G3F0,0,0,0,0,0,0,5.351930141448975,BLOCKED_AFDB_P2RANK_NO_POCKET
Q6G734,0,0,0,0,0,0,5.42575216293335,BLOCKED_AFDB_P2RANK_NO_POCKET
Q6G832,0,0,0,0,0,0,5.793446779251099,BLOCKED_AFDB_P2RANK_NO_POCKET
Q6G8A3,0,0,0,0,0,0,9.276202201843262,PASS_AFDB_P2RANK_PREDICTED_POCKET_D4_LOADER
Q6GA79,0,0,0,0,0,0,7.042167663574219,PASS_AFDB_P2RANK_PREDICTED_POCKET_D4_LOADER
Q6GB05,0,0,0,0,0,0,8.670409679412842,PASS_AFDB_P2RANK_PREDICTED_POCKET_D4_LOADER
Q6GCW1,0,0,0,0,0,0,7.359032154083252,PASS_AFDB_P2RANK_PREDICTED_POCKET_D4_LOADER
Q6GEE6,0,0,0,0,0,0,6.253734588623047,BLOCKED_AFDB_P2RANK_NO_POCKET
Q6GFM4,0,0,0,0,0,0,8.646234273910522,PASS_AFDB_P2RANK_PREDICTED_POCKET_D4_LOADER
Q6GHV0,0,0,0,0,0,0,7.06407618522644,PASS_AFDB_P2RANK_PREDICTED_POCKET_D4_LOADER
Q6GI26,0,0,0,0,0,0,5.5364885330200195,BLOCKED_AFDB_P2RANK_NO_POCKET
Q6GIG7,0,0,0,0,0,0,9.208857536315918,PASS_AFDB_P2RANK_PREDICTED_POCKET_D4_LOADER
Q6GKE0,0,0,0,0,0,0,7.301201343536377,PASS_AFDB_P2RANK_PREDICTED_POCKET_D4_LOADER
Q6GNY7,0,0,0,0,0,0,8.243951082229614,PASS_AFDB_P2RANK_PREDICTED_POCKET_D4_LOADER
Q6GQP4,0,0,0,0,0,0,8.31654667854309,PASS_AFDB_P2RANK_PREDICTED_POCKET_D4_LOADER
Q6GZN7,0,0,0,0,0,0,2.6156997680664062,BLOCKED_AFDB_STRUCTURE_FETCH_FAILED
Q6GZQ8,0,0,0,0,0,0,1.9101550579071045,BLOCKED_AFDB_STRUCTURE_FETCH_FAILED
Q6GZR2,0,0,0,0,0,0,2.543797254562378,BLOCKED_AFDB_STRUCTURE_FETCH_FAILED
Q6GZT8,0,0,0,0,0,0,1.71873140335083,BLOCKED_AFDB_STRUCTURE_FETCH_FAILED
Q6GZV6,0,0,0,0,0,0,1.6956727504730225,BLOCKED_AFDB_STRUCTURE_FETCH_FAILED
Q6HM28,0,0,0,0,0,0,8.158665418624878,PASS_AFDB_P2RANK_PREDICTED_POCKET_D4_LOADER
Q6HM97,0,0,0,0,0,0,8.22028374671936,PASS_AFDB_P2RANK_PREDICTED_POCKET_D4_LOADER
Q6IV82,0,0,0,0,0,0,8.378875017166138,PASS_AFDB_P2RANK_PREDICTED_POCKET_D4_LOADER
Q6IV83,0,0,0,0,0,0,7.654848575592041,PASS_AFDB_P2RANK_PREDICTED_POCKET_D4_LOADER
Q6IV84,0,0,0,0,0,0,8.342132806777954,PASS_AFDB_P2RANK_PREDICTED_POCKET_D4_LOADER
Q6J362,0,0,0,0,0,0,2.017596483230591,BLOCKED_AFDB_STRUCTURE_FETCH_FAILED
Q6KI66,0,0,0,0,0,0,7.907148838043213,PASS_AFDB_P2RANK_PREDICTED_POCKET_D4_LOADER
Q6L0M1,0,0,0,0,0,0,8.599893808364868,PASS_AFDB_P2RANK_PREDICTED_POCKET_D4_LOADER
Q6LH19,0,0,0,0,0,0,1.9278123378753662,BLOCKED_AFDB_STRUCTURE_FETCH_FAILED
Q6LH20,0,0,0,0,0,0,1.564713478088379,BLOCKED_AFDB_STRUCTURE_FETCH_FAILED
Q6LWL2,0,0,0,0,0,0,1.603790283203125,BLOCKED_AFDB_STRUCTURE_FETCH_FAILED
Q6LWL8,0,0,0,0,0,0,1.6904172897338867,BLOCKED_AFDB_STRUCTURE_FETCH_FAILED
Q6LWX1,0,0,0,0,0,0,5.318054437637329,BLOCKED_AFDB_P2RANK_NO_POCKET
Q6LWY8,0,0,0,0,0,0,5.23736047744751,BLOCKED_AFDB_P2RANK_NO_POCKET
Q6LX38,0,0,0,0,0,0,9.868134498596191,PASS_AFDB_P2RANK_PREDICTED_POCKET_D4_LOADER
Q6LX55,0,0,0,0,0,0,7.039337396621704,PASS_AFDB_P2RANK_PREDICTED_POCKET_D4_LOADER
Q6LXX7,0,0,0,0,0,0,10.258591413497925,PASS_AFDB_P2RANK_PREDICTED_POCKET_D4_LOADER
Q6M083,0,0,0,0,0,0,11.132678270339966,PASS_AFDB_P2RANK_PREDICTED_POCKET_D4_LOADER
Q6N1Y8,0,0,0,0,0,0,5.360549688339233,BLOCKED_AFDB_P2RANK_NO_POCKET
Q6N3N0,0,0,0,0,0,0,5.300037622451782,BLOCKED_AFDB_P2RANK_NO_POCKET
Q6N571,0,0,0,0,0,0,5.408687591552734,BLOCKED_AFDB_P2RANK_NO_POCKET
Q6NH66,0,0,0,0,0,0,8.190802574157715,PASS_AFDB_P2RANK_PREDICTED_POCKET_D4_LOADER
Q6NRE8,0,0,0,0,0,0,9.990099906921387,PASS_AFDB_P2RANK_PREDICTED_POCKET_D4_LOADER
Q6NY89,0,0,0,0,0,0,9.47111439704895,PASS_AFDB_P2RANK_PREDICTED_POCKET_D4_LOADER
Q6P1Y8,0,0,0,0,0,0,10.644298315048218,PASS_AFDB_P2RANK_PREDICTED_POCKET_D4_LOADER
Q6P4A8,0,0,0,0,0,0,8.583022594451904,PASS_AFDB_P2RANK_PREDICTED_POCKET_D4_LOADER
Q6P587,0,0,0,0,0,0,7.377164602279663,PASS_AFDB_P2RANK_PREDICTED_POCKET_D4_LOADER
Q6PBD1,0,0,0,0,0,0,1.7693896293640137,BLOCKED_AFDB_STRUCTURE_FETCH_FAILED
Q6PBI4,0,0,0,0,0,0,8.451866865158081,BLOCKED_AFDB_P2RANK_NO_POCKET
Q6PCJ9,0,0,0,0,0,0,9.361496448516846,PASS_AFDB_P2RANK_PREDICTED_POCKET_D4_LOADER
Q6PFE3,0,0,0,0,0,0,14.778260231018066,PASS_AFDB_P2RANK_PREDICTED_POCKET_D4_LOADER
Q6PHY8,0,0,0,0,0,0,1.6196420192718506,BLOCKED_AFDB_STRUCTURE_FETCH_FAILED
Q6PUR6,0,0,0,0,0,0,8.529558420181274,PASS_AFDB_P2RANK_PREDICTED_POCKET_D4_LOADER
Q6QGJ4,0,0,0,0,0,0,1.9576671123504639,BLOCKED_AFDB_STRUCTURE_FETCH_FAILED
Q6QGJ5,0,0,0,0,0,0,2.7496254444122314,BLOCKED_AFDB_STRUCTURE_FETCH_FAILED
Q6QGP4,0,0,0,0,0,0,3.1118857860565186,BLOCKED_AFDB_STRUCTURE_FETCH_FAILED
Q6QN11,0,0,0,0,0,0,2.2662744522094727,BLOCKED_AFDB_STRUCTURE_FETCH_FAILED
Q6QN12,0,0,0,0,0,0,1.9856350421905518,BLOCKED_AFDB_STRUCTURE_FETCH_FAILED
Q6QN13,0,0,0,0,0,0,1.9831769466400146,BLOCKED_AFDB_STRUCTURE_FETCH_FAILED
Q6R518,0,0,0,0,0,0,8.0528085231781,PASS_AFDB_P2RANK_PREDICTED_POCKET_D4_LOADER
Q6R7H4,0,0,0,0,0,0,1.916555404663086,BLOCKED_AFDB_STRUCTURE_FETCH_FAILED
Q6R7K3,0,0,0,0,0,0,2.7452704906463623,BLOCKED_AFDB_STRUCTURE_FETCH_FAILED
Q6RZD4,0,0,0,0,0,0,1.583815574645996,BLOCKED_AFDB_STRUCTURE_FETCH_FAILED
Q6RZR1,0,0,0,0,0,0,1.6291782855987549,BLOCKED_AFDB_STRUCTURE_FETCH_FAILED
Q6SW46,0,0,0,0,0,0,1.6084330081939697,BLOCKED_AFDB_STRUCTURE_FETCH_FAILED
Q6SW70,0,0,0,0,0,0,1.9780712127685547,BLOCKED_AFDB_STRUCTURE_FETCH_FAILED
Q6T627,0,0,0,0,0,0,5.410897254943848,BLOCKED_AFDB_P2RANK_NO_POCKET
Q6T893,0,0,0,0,0,0,6.9006640911102295,PASS_AFDB_P2RANK_PREDICTED_POCKET_D4_LOADER
Q6TUZ4,0,0,0,0,0,0,1.7111165523529053,BLOCKED_AFDB_STRUCTURE_FETCH_FAILED
Q6U6H1,0,0,0,0,0,0,1.6493580341339111,BLOCKED_AFDB_STRUCTURE_FETCH_FAILED
Q6UDH7,0,0,0,0,0,0,2.596137523651123,BLOCKED_AFDB_STRUCTURE_FETCH_FAILED
Q6UDJ1,0,0,0,0,0,0,1.9151606559753418,BLOCKED_AFDB_STRUCTURE_FETCH_FAILED
Q6UDJ2,0,0,0,0,0,0,1.6755053997039795,BLOCKED_AFDB_STRUCTURE_FETCH_FAILED
Q6UDK9,0,0,0,0,0,0,1.702070713043213,BLOCKED_AFDB_STRUCTURE_FETCH_FAILED
Q6UDM0,0,0,0,0,0,0,2.675201892852783,BLOCKED_AFDB_STRUCTURE_FETCH_FAILED
Q6UR53,0,0,0,0,0,0,6.481415033340454,BLOCKED_AFDB_P2RANK_NO_POCKET
Q6UR62,0,0,0,0,0,0,7.42552375793457,PASS_AFDB_P2RANK_PREDICTED_POCKET_D4_LOADER
Q6UWV6,0,0,0,0,0,0,9.314091920852661,PASS_AFDB_P2RANK_PREDICTED_POCKET_D4_LOADER
Q6V915,0,0,0,0,0,0,4.677728891372681,BLOCKED_AFDB_STRUCTURE_FETCH_FAILED
Q6WAT6,0,0,0,0,0,0,1.6949903964996338,BLOCKED_AFDB_STRUCTURE_FETCH_FAILED
Q6WHI1,0,0,0,0,0,0,1.6288197040557861,BLOCKED_AFDB_STRUCTURE_FETCH_FAILED
Q6WNV6,0,0,0,0,0,0,1.877040147781372,BLOCKED_AFDB_STRUCTURE_FETCH_FAILED
Q6WNV7,0,0,0,0,0,0,1.6647565364837646,BLOCKED_AFDB_STRUCTURE_FETCH_FAILED
Q6WNV8,0,0,0,0,0,0,2.679633617401123,BLOCKED_AFDB_STRUCTURE_FETCH_FAILED
Q6WNW3,0,0,0,0,0,0,1.7422494888305664,BLOCKED_AFDB_STRUCTURE_FETCH_FAILED
Q6WNW5,0,0,0,0,0,0,1.9646050930023193,BLOCKED_AFDB_STRUCTURE_FETCH_FAILED
Q6WVH5,0,0,0,0,0,0,3.2978672981262207,BLOCKED_AFDB_STRUCTURE_FETCH_FAILED
Q6YP73,0,0,0,0,0,0,1.6573550701141357,BLOCKED_AFDB_STRUCTURE_FETCH_FAILED
Q6ZM63,0,0,0,0,0,0,8.073350429534912,PASS_AFDB_P2RANK_PREDICTED_POCKET_D4_LOADER
Q6ZQW0,0,0,0,0,0,0,10.361852645874023,PASS_AFDB_P2RANK_PREDICTED_POCKET_D4_LOADER
Q702W0,0,0,0,0,0,0,1.8623535633087158,BLOCKED_AFDB_STRUCTURE_FETCH_FAILED
Q705F4,0,0,0,0,0,0,1.5975995063781738,BLOCKED_AFDB_STRUCTURE_FETCH_FAILED
Q705G8,0,0,0,0,0,0,2.4643383026123047,BLOCKED_AFDB_STRUCTURE_FETCH_FAILED
Q70KP1,0,0,0,0,0,0,1.8777472972869873,BLOCKED_AFDB_STRUCTURE_FETCH_FAILED
Q715L4,0,0,0,0,0,0,2.564302682876587,BLOCKED_AFDB_STRUCTURE_FETCH_FAILED
Q71TL0,0,0,0,0,0,0,1.6188316345214844,BLOCKED_AFDB_STRUCTURE_FETCH_FAILED
Q71XF4,0,0,0,0,0,0,8.985506057739258,PASS_AFDB_P2RANK_PREDICTED_POCKET_D4_LOADER
Q725I2,0,0,0,0,0,0,7.240851163864136,PASS_AFDB_P2RANK_PREDICTED_POCKET_D4_LOADER
Q72CB8,0,0,0,0,0,0,7.599791765213013,PASS_AFDB_P2RANK_PREDICTED_POCKET_D4_LOADER
Q72CF1,0,0,0,0,0,0,1.6508007049560547,BLOCKED_AFDB_STRUCTURE_FETCH_FAILED
Q72DS5,0,0,0,0,0,0,8.770949840545654,PASS_AFDB_P2RANK_PREDICTED_POCKET_D4_LOADER
Q72EC8,0,0,0,0,0,0,9.542995929718018,PASS_AFDB_P2RANK_PREDICTED_POCKET_D4_LOADER
Q72SC4,0,0,0,0,0,0,5.304457902908325,BLOCKED_AFDB_P2RANK_NO_POCKET
Q72XC1,0,0,0,0,0,0,1.5703330039978027,BLOCKED_AFDB_STRUCTURE_FETCH_FAILED
Q72XY4,0,0,0,0,0,0,1.9163990020751953,BLOCKED_AFDB_STRUCTURE_FETCH_FAILED
Q732F6,0,0,0,0,0,0,1.6158204078674316,BLOCKED_AFDB_STRUCTURE_FETCH_FAILED
Q732H8,0,0,0,0,0,0,1.936389684677124,BLOCKED_AFDB_STRUCTURE_FETCH_FAILED
Q733J4,0,0,0,0,0,0,26.037212133407593,BLOCKED_AFDB_P2RANK_NO_POCKET
Q73C08,0,0,0,0,0,0,8.768807649612427,PASS_AFDB_P2RANK_PREDICTED_POCKET_D4_LOADER
Q73C98,0,0,0,0,0,0,8.2544846534729,PASS_AFDB_P2RANK_PREDICTED_POCKET_D4_LOADER
Q73CE0,0,0,0,0,0,0,1.669851541519165,BLOCKED_AFDB_STRUCTURE_FETCH_FAILED
Q73DE0,0,0,0,0,0,0,1.6316640377044678,BLOCKED_AFDB_STRUCTURE_FETCH_FAILED
Q73FB9,0,0,0,0,0,0,1.570937156677246,BLOCKED_AFDB_STRUCTURE_FETCH_FAILED
Q73FJ3,0,0,0,0,0,0,2.9144198894500732,BLOCKED_AFDB_STRUCTURE_FETCH_FAILED
Q73JP8,0,0,0,0,0,0,1.5835766792297363,BLOCKED_AFDB_STRUCTURE_FETCH_FAILED
Q73LY9,0,0,0,0,0,0,8.576375961303711,PASS_AFDB_P2RANK_PREDICTED_POCKET_D4_LOADER
Q73PQ2,0,0,0,0,0,0,1.5624241828918457,BLOCKED_AFDB_STRUCTURE_FETCH_FAILED
Q740Y1,0,0,0,0,0,0,8.386121988296509,PASS_AFDB_P2RANK_PREDICTED_POCKET_D4_LOADER
Q74ES0,0,0,0,0,0,0,5.771580457687378,BLOCKED_AFDB_P2RANK_NO_POCKET
Q74FK1,0,0,0,0,0,0,1.6245572566986084,BLOCKED_AFDB_STRUCTURE_FETCH_FAILED
Q74Z32,0,0,0,0,0,0,5.134027004241943,BLOCKED_AFDB_P2RANK_NO_POCKET
Q750Q9,0,0,0,0,0,0,9.07158613204956,PASS_AFDB_P2RANK_PREDICTED_POCKET_D4_LOADER
Q759W0,0,0,0,0,0,0,9.146950483322144,PASS_AFDB_P2RANK_PREDICTED_POCKET_D4_LOADER
Q75JI3,0,0,0,0,0,0,9.730199813842773,PASS_AFDB_P2RANK_PREDICTED_POCKET_D4_LOADER
Q75T13,0,0,0,0,0,0,10.62965440750122,PASS_AFDB_P2RANK_PREDICTED_POCKET_D4_LOADER
Q75ZQ4,0,0,0,0,0,0,7.099324464797974,PASS_AFDB_P2RANK_PREDICTED_POCKET_D4_LOADER
Q765A7,0,0,0,0,0,0,10.922389268875122,PASS_AFDB_P2RANK_PREDICTED_POCKET_D4_LOADER
Q76RA8,0,0,0,0,0,0,2.061830997467041,BLOCKED_AFDB_STRUCTURE_FETCH_FAILED
Q76RD8,0,0,0,0,0,0,6.939423084259033,BLOCKED_AFDB_STRUCTURE_FETCH_FAILED
Q76RE7,0,0,0,0,0,0,1.592766523361206,BLOCKED_AFDB_STRUCTURE_FETCH_FAILED
Q76ZT1,0,0,0,0,0,0,1.7722408771514893,BLOCKED_AFDB_STRUCTURE_FETCH_FAILED
Q775U0,0,0,0,0,0,0,3.695237159729004,BLOCKED_AFDB_STRUCTURE_FETCH_FAILED
Q775Z7,0,0,0,0,0,0,1.6458184719085693,BLOCKED_AFDB_STRUCTURE_FETCH_FAILED
Q77MS0,0,0,0,0,0,0,2.143096685409546,BLOCKED_AFDB_STRUCTURE_FETCH_FAILED
Q77MS1,0,0,0,0,0,0,2.153421401977539,BLOCKED_AFDB_STRUCTURE_FETCH_FAILED
Q77TG7,0,0,0,0,0,0,1.6047472953796387,BLOCKED_AFDB_STRUCTURE_FETCH_FAILED
Q79FR5,0,0,0,0,0,0,5.693492889404297,BLOCKED_AFDB_P2RANK_NO_POCKET
Q7A1Y8,0,0,0,0,0,0,7.677896976470947,PASS_AFDB_P2RANK_PREDICTED_POCKET_D4_LOADER
Q7A4G0,0,0,0,0,0,0,9.087603092193604,PASS_AFDB_P2RANK_PREDICTED_POCKET_D4_LOADER
Q7A649,0,0,0,0,0,0,7.565550088882446,PASS_AFDB_P2RANK_PREDICTED_POCKET_D4_LOADER
Q7A827,0,0,0,0,0,0,7.026104927062988,PASS_AFDB_P2RANK_PREDICTED_POCKET_D4_LOADER
Q7CNT2,0,0,0,0,0,0,5.276426553726196,BLOCKED_AFDB_P2RANK_NO_POCKET
Q7D5F9,0,0,0,0,0,0,9.089968204498291,PASS_AFDB_P2RANK_PREDICTED_POCKET_D4_LOADER
Q7LZG1,0,0,0,0,0,0,2.058398723602295,BLOCKED_AFDB_STRUCTURE_FETCH_FAILED
Q7LZG2,0,0,0,0,0,0,4.918550968170166,BLOCKED_AFDB_P2RANK_NO_POCKET
Q7LZG3,0,0,0,0,0,0,4.805249214172363,BLOCKED_AFDB_P2RANK_NO_POCKET
Q7LZG5,0,0,0,0,0,0,5.0735883712768555,BLOCKED_AFDB_P2RANK_NO_POCKET
Q7LZQ6,0,0,0,0,0,0,5.210497617721558,BLOCKED_AFDB_P2RANK_NO_POCKET
Q7M485,0,0,0,0,0,0,5.2063515186309814,BLOCKED_AFDB_P2RANK_NO_POCKET
Q7MHR9,0,0,0,0,0,0,5.375873327255249,BLOCKED_AFDB_P2RANK_NO_POCKET
Q7MSD5,0,0,0,0,0,0,6.271344184875488,BLOCKED_AFDB_P2RANK_NO_POCKET
Q7N2J6,0,0,0,0,0,0,5.2619757652282715,BLOCKED_AFDB_P2RANK_NO_POCKET
Q7NSI9,0,0,0,0,0,0,7.476490497589111,PASS_AFDB_P2RANK_PREDICTED_POCKET_D4_LOADER
Q7S9V5,0,0,0,0,0,0,43.04985070228577,PASS_AFDB_P2RANK_PREDICTED_POCKET_D4_LOADER
Q7SC15,0,0,0,0,0,0,5.588766098022461,BLOCKED_AFDB_P2RANK_NO_POCKET
Q7T6X3,0,0,0,0,0,0,22.112143754959106,BLOCKED_AFDB_STRUCTURE_FETCH_FAILED
Q7T6X6,0,0,0,0,0,0,2.054424285888672,BLOCKED_AFDB_STRUCTURE_FETCH_FAILED
Q7T6Y1,0,0,0,0,0,0,4.475656509399414,BLOCKED_AFDB_STRUCTURE_FETCH_FAILED
Q7T6Y8,0,0,0,0,0,0,1.6375055313110352,BLOCKED_AFDB_STRUCTURE_FETCH_FAILED
Q7T6Y9,0,0,0,0,0,0,1.8960933685302734,BLOCKED_AFDB_STRUCTURE_FETCH_FAILED
Q7TPB1,0,0,0,0,0,0,8.81159520149231,PASS_AFDB_P2RANK_PREDICTED_POCKET_D4_LOADER
Q7TSN4,0,0,0,0,0,0,10.482147932052612,PASS_AFDB_P2RANK_PREDICTED_POCKET_D4_LOADER
Q7TUN4,0,0,0,0,0,0,5.390323638916016,BLOCKED_AFDB_P2RANK_NO_POCKET
Q7TXE1,0,0,0,0,0,0,7.918428182601929,PASS_AFDB_P2RANK_PREDICTED_POCKET_D4_LOADER
Q7TYM1,0,0,0,0,0,0,7.437379598617554,PASS_AFDB_P2RANK_PREDICTED_POCKET_D4_LOADER
Q7U3I5,0,0,0,0,0,0,6.097926616668701,BLOCKED_AFDB_P2RANK_NO_POCKET
Q7U4L7,0,0,0,0,0,0,5.558168172836304,BLOCKED_AFDB_P2RANK_NO_POCKET
Q7U9G6,0,0,0,0,0,0,5.4748663902282715,BLOCKED_AFDB_P2RANK_NO_POCKET
Q7V3V3,0,0,0,0,0,0,7.672545433044434,BLOCKED_AFDB_P2RANK_NO_POCKET
Q7V689,0,0,0,0,0,0,5.867469549179077,BLOCKED_AFDB_P2RANK_NO_POCKET
Q7V9U7,0,0,0,0,0,0,6.856893062591553,BLOCKED_AFDB_P2RANK_NO_POCKET
Q7VNA4,0,0,0,0,0,0,8.299972772598267,PASS_AFDB_P2RANK_PREDICTED_POCKET_D4_LOADER
Q7VNG0,0,0,0,0,0,0,1.8900339603424072,BLOCKED_AFDB_STRUCTURE_FETCH_FAILED
Q7VQJ9,0,0,0,0,0,0,6.270073890686035,BLOCKED_AFDB_P2RANK_NO_POCKET
Q7VRP0,0,0,0,0,0,0,9.155700445175171,PASS_AFDB_P2RANK_PREDICTED_POCKET_D4_LOADER
Q7VRS4,0,0,0,0,0,0,5.508366107940674,BLOCKED_AFDB_P2RANK_NO_POCKET
Q7VRW1,0,0,0,0,0,0,5.534817218780518,BLOCKED_AFDB_P2RANK_NO_POCKET
Q7VSN1,0,0,0,0,0,0,8.376473903656006,BLOCKED_AFDB_P2RANK_NO_POCKET
Q7VUD0,0,0,0,0,0,0,5.627516508102417,BLOCKED_AFDB_P2RANK_NO_POCKET
Q7VZP5,0,0,0,0,0,0,5.380294561386108,BLOCKED_AFDB_P2RANK_NO_POCKET
Q7W3H8,0,0,0,0,0,0,5.682807445526123,BLOCKED_AFDB_P2RANK_NO_POCKET
Q7WEV2,0,0,0,0,0,0,5.411699295043945,BLOCKED_AFDB_P2RANK_NO_POCKET
Q7WG14,0,0,0,0,0,0,6.466410160064697,BLOCKED_AFDB_P2RANK_NO_POCKET
Q7X2N3,0,0,0,0,0,0,1.5884721279144287,BLOCKED_AFDB_STRUCTURE_FETCH_FAILED
Q7Y4Y9,0,0,0,0,0,0,1.9950635433197021,BLOCKED_AFDB_STRUCTURE_FETCH_FAILED
Q7YR23,0,0,0,0,0,0,9.024474382400513,PASS_AFDB_P2RANK_PREDICTED_POCKET_D4_LOADER
Q7YTB0,0,0,0,0,0,0,9.052873849868774,PASS_AFDB_P2RANK_PREDICTED_POCKET_D4_LOADER
Q7Z7B1,0,0,0,0,0,0,9.981275796890259,PASS_AFDB_P2RANK_PREDICTED_POCKET_D4_LOADER
Q802F2,0,0,0,0,0,0,1.6452715396881104,BLOCKED_AFDB_STRUCTURE_FETCH_FAILED
Q802G6,0,0,0,0,0,0,2.2262959480285645,BLOCKED_AFDB_STRUCTURE_FETCH_FAILED
Q804E1,0,0,0,0,0,0,1.786635160446167,BLOCKED_AFDB_STRUCTURE_FETCH_FAILED
Q805H4,0,0,0,0,0,0,1.9159083366394043,BLOCKED_AFDB_STRUCTURE_FETCH_FAILED
Q805R1,0,0,0,0,0,0,2.982015371322632,BLOCKED_AFDB_STRUCTURE_FETCH_FAILED
Q80902,0,0,0,0,0,0,2.1876819133758545,BLOCKED_AFDB_STRUCTURE_FETCH_FAILED
Q80909,0,0,0,0,0,0,2.2130627632141113,BLOCKED_AFDB_STRUCTURE_FETCH_FAILED
Q80915,0,0,0,0,0,0,2.315732479095459,BLOCKED_AFDB_STRUCTURE_FETCH_FAILED
Q80922,0,0,0,0,0,0,1.627105951309204,BLOCKED_AFDB_STRUCTURE_FETCH_FAILED
Q80943,0,0,0,0,0,0,1.782867193222046,BLOCKED_AFDB_STRUCTURE_FETCH_FAILED
Q80950,0,0,0,0,0,0,1.6692249774932861,BLOCKED_AFDB_STRUCTURE_FETCH_FAILED
Q80957,0,0,0,0,0,0,1.5829319953918457,BLOCKED_AFDB_STRUCTURE_FETCH_FAILED
Q80DS7,0,0,0,0,0,0,1.7337214946746826,BLOCKED_AFDB_STRUCTURE_FETCH_FAILED
Q80DX6,0,0,0,0,0,0,1.6833240985870361,BLOCKED_AFDB_STRUCTURE_FETCH_FAILED
Q80HT9,0,0,0,0,0,0,3.387267589569092,BLOCKED_AFDB_STRUCTURE_FETCH_FAILED
Q80RC7,0,0,0,0,0,0,1.6369268894195557,BLOCKED_AFDB_STRUCTURE_FETCH_FAILED
Q80TA1,0,0,0,0,0,0,1.9074556827545166,BLOCKED_AFDB_STRUCTURE_FETCH_FAILED
Q80XL7,0,0,0,0,0,0,8.429641008377075,PASS_AFDB_P2RANK_PREDICTED_POCKET_D4_LOADER
Q80YP0,0,0,0,0,0,0,8.850295305252075,PASS_AFDB_P2RANK_PREDICTED_POCKET_D4_LOADER
Q81020,0,0,0,0,0,0,1.9818294048309326,BLOCKED_AFDB_STRUCTURE_FETCH_FAILED
Q811C4,0,0,0,0,0,0,1.913494348526001,BLOCKED_AFDB_STRUCTURE_FETCH_FAILED
Q814Z4,0,0,0,0,0,0,7.860337257385254,PASS_AFDB_P2RANK_PREDICTED_POCKET_D4_LOADER
Q814Z5,0,0,0,0,0,0,8.112475633621216,PASS_AFDB_P2RANK_PREDICTED_POCKET_D4_LOADER
Q817G9,0,0,0,0,0,0,6.577834367752075,BLOCKED_AFDB_P2RANK_NO_POCKET
Q81966,0,0,0,0,0,0,2.987499475479126,BLOCKED_AFDB_STRUCTURE_FETCH_FAILED
Q81999,0,0,0,0,0,0,1.6866703033447266,BLOCKED_AFDB_STRUCTURE_FETCH_FAILED
Q81GN7,0,0,0,0,0,0,8.591131210327148,PASS_AFDB_P2RANK_PREDICTED_POCKET_D4_LOADER
Q81GW5,0,0,0,0,0,0,8.640222072601318,PASS_AFDB_P2RANK_PREDICTED_POCKET_D4_LOADER
Q81TU9,0,0,0,0,0,0,8.369170427322388,PASS_AFDB_P2RANK_PREDICTED_POCKET_D4_LOADER
Q81U22,0,0,0,0,0,0,8.710151195526123,PASS_AFDB_P2RANK_PREDICTED_POCKET_D4_LOADER
Q82007,0,0,0,0,0,0,1.587857961654663,BLOCKED_AFDB_STRUCTURE_FETCH_FAILED
Q82041,0,0,0,0,0,0,1.9394941329956055,BLOCKED_AFDB_STRUCTURE_FETCH_FAILED
Q820A8,0,0,0,0,0,0,9.305595636367798,PASS_AFDB_P2RANK_PREDICTED_POCKET_D4_LOADER
Q826S0,0,0,0,0,0,0,7.931984901428223,BLOCKED_AFDB_P2RANK_NO_POCKET
Q826S1,0,0,0,0,0,0,5.473081350326538,BLOCKED_AFDB_P2RANK_NO_POCKET
Q82DT1,0,0,0,0,0,0,5.949557542800903,BLOCKED_AFDB_P2RANK_NO_POCKET
Q82JK9,0,0,0,0,0,0,5.715410947799683,BLOCKED_AFDB_P2RANK_NO_POCKET
Q82JR9,0,0,0,0,0,0,7.603740215301514,BLOCKED_AFDB_P2RANK_NO_POCKET
Q82KJ6,0,0,0,0,0,0,10.997588634490967,PASS_AFDB_P2RANK_PREDICTED_POCKET_D4_LOADER
Q82M02,0,0,0,0,0,0,5.6950671672821045,BLOCKED_AFDB_P2RANK_NO_POCKET
Q82T57,0,0,0,0,0,0,6.040097713470459,BLOCKED_AFDB_P2RANK_NO_POCKET
Q82ZE0,0,0,0,0,0,0,7.983764410018921,PASS_AFDB_P2RANK_PREDICTED_POCKET_D4_LOADER
Q83356,0,0,0,0,0,0,2.9983913898468018,BLOCKED_AFDB_STRUCTURE_FETCH_FAILED
Q833G5,0,0,0,0,0,0,8.675943613052368,PASS_AFDB_P2RANK_PREDICTED_POCKET_D4_LOADER
Q83U21,0,0,0,0,0,0,5.5718994140625,BLOCKED_AFDB_P2RANK_NO_POCKET
Q84293,0,0,0,0,0,0,3.154381036758423,BLOCKED_AFDB_STRUCTURE_FETCH_FAILED
Q84356,0,0,0,0,0,0,2.726491928100586,BLOCKED_AFDB_STRUCTURE_FETCH_FAILED
Q84424,0,0,0,0,0,0,3.009732484817505,BLOCKED_AFDB_STRUCTURE_FETCH_FAILED
Q848I4,0,0,0,0,0,0,1.6432442665100098,BLOCKED_AFDB_STRUCTURE_FETCH_FAILED
Q84JH7,0,0,0,0,0,0,7.897495746612549,PASS_AFDB_P2RANK_PREDICTED_POCKET_D4_LOADER
Q84UU4,0,0,0,0,0,0,9.041422128677368,PASS_AFDB_P2RANK_PREDICTED_POCKET_D4_LOADER
Q85297,0,0,0,0,0,0,2.7222838401794434,BLOCKED_AFDB_STRUCTURE_FETCH_FAILED
Q85437,0,0,0,0,0,0,1.6696841716766357,BLOCKED_AFDB_STRUCTURE_FETCH_FAILED
Q857H2,0,0,0,0,0,0,2.342390775680542,BLOCKED_AFDB_STRUCTURE_FETCH_FAILED
Q85FT7,0,0,0,0,0,0,8.598029851913452,PASS_AFDB_P2RANK_PREDICTED_POCKET_D4_LOADER
Q86567,0,0,0,0,0,0,2.0090465545654297,BLOCKED_AFDB_STRUCTURE_FETCH_FAILED
Q865R2,0,0,0,0,0,0,2.0169992446899414,BLOCKED_AFDB_STRUCTURE_FETCH_FAILED
Q86BL4,0,0,0,0,0,0,6.007969856262207,BLOCKED_AFDB_P2RANK_NO_POCKET
Q86VQ6,0,0,0,0,0,0,1.6454029083251953,BLOCKED_AFDB_STRUCTURE_FETCH_FAILED
Q87009,0,0,0,0,0,0,1.7842292785644531,BLOCKED_AFDB_STRUCTURE_FETCH_FAILED
Q87013,0,0,0,0,0,0,2.6240742206573486,BLOCKED_AFDB_STRUCTURE_FETCH_FAILED
Q87LR6,0,0,0,0,0,0,5.2510740756988525,BLOCKED_AFDB_P2RANK_NO_POCKET
Q87VP1,0,0,0,0,0,0,5.52396559715271,BLOCKED_AFDB_P2RANK_NO_POCKET
Q87VP4,0,0,0,0,0,0,6.365049123764038,BLOCKED_AFDB_P2RANK_NO_POCKET
Q87WS0,0,0,0,0,0,0,5.314671277999878,BLOCKED_AFDB_P2RANK_NO_POCKET
Q87ZQ0,0,0,0,0,0,0,25.6422438621521,BLOCKED_AFDB_P2RANK_NO_POCKET
Q87ZQ9,0,0,0,0,0,0,8.228071928024292,BLOCKED_AFDB_P2RANK_NO_POCKET
Q889M3,0,0,0,0,0,0,6.475912570953369,BLOCKED_AFDB_P2RANK_NO_POCKET
Q88FG8,0,0,0,0,0,0,5.43376898765564,BLOCKED_AFDB_P2RANK_NO_POCKET
Q88FH7,0,0,0,0,0,0,6.619858026504517,BLOCKED_AFDB_P2RANK_NO_POCKET
Q88J05,0,0,0,0,0,0,8.915899753570557,BLOCKED_AFDB_P2RANK_NO_POCKET
Q88J06,0,0,0,0,0,0,5.617774248123169,BLOCKED_AFDB_P2RANK_NO_POCKET
Q88NV1,0,0,0,0,0,0,9.274262428283691,PASS_AFDB_P2RANK_PREDICTED_POCKET_D4_LOADER
Q88PB8,0,0,0,0,0,0,5.336689710617065,BLOCKED_AFDB_P2RANK_NO_POCKET
Q88XC3,0,0,0,0,0,0,9.54460334777832,PASS_AFDB_P2RANK_PREDICTED_POCKET_D4_LOADER
Q89121,0,0,0,0,0,0,1.9725778102874756,BLOCKED_AFDB_STRUCTURE_FETCH_FAILED
Q89187,0,0,0,0,0,0,3.5548346042633057,BLOCKED_AFDB_STRUCTURE_FETCH_FAILED
Q89269,0,0,0,0,0,0,1.6435575485229492,BLOCKED_AFDB_STRUCTURE_FETCH_FAILED
Q893S5,0,0,0,0,0,0,10.169709205627441,PASS_AFDB_P2RANK_PREDICTED_POCKET_D4_LOADER
Q89443,0,0,0,0,0,0,3.0788416862487793,BLOCKED_AFDB_STRUCTURE_FETCH_FAILED
Q89536,0,0,0,0,0,0,1.9222846031188965,BLOCKED_AFDB_STRUCTURE_FETCH_FAILED
Q89576,0,0,0,0,0,0,2.3051021099090576,BLOCKED_AFDB_STRUCTURE_FETCH_FAILED
Q89662,0,0,0,0,0,0,1.8721013069152832,BLOCKED_AFDB_STRUCTURE_FETCH_FAILED
Q89940,0,0,0,0,0,0,1.6901800632476807,BLOCKED_AFDB_STRUCTURE_FETCH_FAILED
Q89K28,0,0,0,0,0,0,6.248245716094971,BLOCKED_AFDB_P2RANK_NO_POCKET
Q89UG2,0,0,0,0,0,0,5.565671920776367,BLOCKED_AFDB_P2RANK_NO_POCKET
Q89UG3,0,0,0,0,0,0,6.6241068840026855,BLOCKED_AFDB_P2RANK_NO_POCKET
Q8BB04,0,0,0,0,0,0,3.0783846378326416,BLOCKED_AFDB_STRUCTURE_FETCH_FAILED
Q8BB16,0,0,0,0,0,0,1.716414213180542,BLOCKED_AFDB_STRUCTURE_FETCH_FAILED
Q8BB26,0,0,0,0,0,0,1.6804015636444092,BLOCKED_AFDB_STRUCTURE_FETCH_FAILED
Q8BDD7,0,0,0,0,0,0,2.63258957862854,BLOCKED_AFDB_STRUCTURE_FETCH_FAILED
Q8BGB8,0,0,0,0,0,0,7.710272789001465,PASS_AFDB_P2RANK_PREDICTED_POCKET_D4_LOADER
Q8BHC1,0,0,0,0,0,0,7.4492950439453125,PASS_AFDB_P2RANK_PREDICTED_POCKET_D4_LOADER
Q8BHD0,0,0,0,0,0,0,7.773119688034058,PASS_AFDB_P2RANK_PREDICTED_POCKET_D4_LOADER
Q8BHH2,0,0,0,0,0,0,8.106774806976318,PASS_AFDB_P2RANK_PREDICTED_POCKET_D4_LOADER
Q8BHT6,0,0,0,0,0,0,13.059665441513062,PASS_AFDB_P2RANK_PREDICTED_POCKET_D4_LOADER
Q8BNV1,0,0,0,0,0,0,10.44874882698059,PASS_AFDB_P2RANK_PREDICTED_POCKET_D4_LOADER
Q8BU27,0,0,0,0,0,0,8.238630771636963,PASS_AFDB_P2RANK_PREDICTED_POCKET_D4_LOADER
Q8BW41,0,0,0,0,0,0,16.049885988235474,PASS_AFDB_P2RANK_PREDICTED_POCKET_D4_LOADER
Q8C398,0,0,0,0,0,0,8.876955032348633,PASS_AFDB_P2RANK_PREDICTED_POCKET_D4_LOADER
Q8C7K6,0,0,0,0,0,0,13.122114896774292,PASS_AFDB_P2RANK_PREDICTED_POCKET_D4_LOADER
Q8CBY0,0,0,0,0,0,0,5.494749546051025,BLOCKED_AFDB_P2RANK_NO_POCKET
Q8CIW5,0,0,0,0,0,0,11.8329176902771,PASS_AFDB_P2RANK_PREDICTED_POCKET_D4_LOADER
Q8CND1,0,0,0,0,0,0,5.503847599029541,BLOCKED_AFDB_P2RANK_NO_POCKET
Q8CNS1,0,0,0,0,0,0,8.078869819641113,PASS_AFDB_P2RANK_PREDICTED_POCKET_D4_LOADER
Q8CRK4,0,0,0,0,0,0,7.53337836265564,PASS_AFDB_P2RANK_PREDICTED_POCKET_D4_LOADER
Q8CWW4,0,0,0,0,0,0,8.363825798034668,PASS_AFDB_P2RANK_PREDICTED_POCKET_D4_LOADER
Q8CXZ8,0,0,0,0,0,0,2.957709312438965,BLOCKED_AFDB_STRUCTURE_FETCH_FAILED
Q8DC44,0,0,0,0,0,0,5.997098445892334,BLOCKED_AFDB_P2RANK_NO_POCKET
Q8DHW8,0,0,0,0,0,0,5.935204744338989,BLOCKED_AFDB_P2RANK_NO_POCKET
Q8DK85,0,0,0,0,0,0,5.552481651306152,BLOCKED_AFDB_P2RANK_NO_POCKET
Q8DQ04,0,0,0,0,0,0,21.73008441925049,PASS_AFDB_P2RANK_PREDICTED_POCKET_D4_LOADER
Q8E280,0,0,0,0,0,0,7.4026196002960205,PASS_AFDB_P2RANK_PREDICTED_POCKET_D4_LOADER
Q8ERX9,0,0,0,0,0,0,8.410354375839233,PASS_AFDB_P2RANK_PREDICTED_POCKET_D4_LOADER
Q8ES79,0,0,0,0,0,0,5.628254652023315,BLOCKED_AFDB_P2RANK_NO_POCKET
Q8FDI4,0,0,0,0,0,0,3.0133423805236816,BLOCKED_AFDB_STRUCTURE_FETCH_FAILED
Q8FHF4,0,0,0,0,0,0,1.6454150676727295,BLOCKED_AFDB_STRUCTURE_FETCH_FAILED
Q8FKG1,0,0,0,0,0,0,3.4237661361694336,BLOCKED_AFDB_STRUCTURE_FETCH_FAILED
Q8FQX3,0,0,0,0,0,0,6.8683624267578125,BLOCKED_AFDB_P2RANK_NO_POCKET
Q8FQX4,0,0,0,0,0,0,5.795534133911133,BLOCKED_AFDB_P2RANK_NO_POCKET
Q8FTB1,0,0,0,0,0,0,10.39784026145935,PASS_AFDB_P2RANK_PREDICTED_POCKET_D4_LOADER
Q8FXK7,0,0,0,0,0,0,8.81322979927063,PASS_AFDB_P2RANK_PREDICTED_POCKET_D4_LOADER
Q8FZW4,0,0,0,0,0,0,6.090313196182251,BLOCKED_AFDB_P2RANK_NO_POCKET
Q8G2P9,0,0,0,0,0,0,5.934795618057251,BLOCKED_AFDB_P2RANK_NO_POCKET
Q8G2Q0,0,0,0,0,0,0,6.073739528656006,BLOCKED_AFDB_P2RANK_NO_POCKET
Q8G767,0,0,0,0,0,0,5.357547760009766,BLOCKED_AFDB_P2RANK_NO_POCKET
Q8GBW6,0,0,0,0,0,0,10.136063575744629,PASS_AFDB_P2RANK_PREDICTED_POCKET_D4_LOADER
Q8H215,0,0,0,0,0,0,5.32402491569519,BLOCKED_AFDB_P2RANK_NO_POCKET
Q8ICR0,0,0,0,0,0,0,9.880884170532227,PASS_AFDB_P2RANK_PREDICTED_POCKET_D4_LOADER
Q8IHZ9,0,0,0,0,0,0,8.950197696685791,PASS_AFDB_P2RANK_PREDICTED_POCKET_D4_LOADER
Q8IJ32,0,0,0,0,0,0,11.186062335968018,PASS_AFDB_P2RANK_PREDICTED_POCKET_D4_LOADER
Q8IWT0,0,0,0,0,0,0,8.944512844085693,PASS_AFDB_P2RANK_PREDICTED_POCKET_D4_LOADER
Q8JL72,0,0,0,0,0,0,2.9294965267181396,BLOCKED_AFDB_STRUCTURE_FETCH_FAILED
Q8JSP9,0,0,0,0,0,0,3.2767133712768555,BLOCKED_AFDB_STRUCTURE_FETCH_FAILED
Q8K0C4,0,0,0,0,0,0,9.99032974243164,PASS_AFDB_P2RANK_PREDICTED_POCKET_D4_LOADER
Q8K1M6,0,0,0,0,0,0,10.454013109207153,PASS_AFDB_P2RANK_PREDICTED_POCKET_D4_LOADER
Q8K386,0,0,0,0,0,0,8.506774187088013,PASS_AFDB_P2RANK_PREDICTED_POCKET_D4_LOADER
Q8K9X8,0,0,0,0,0,0,7.626544237136841,BLOCKED_AFDB_P2RANK_NO_POCKET
Q8KAZ0,0,0,0,0,0,0,1.6722993850708008,BLOCKED_AFDB_STRUCTURE_FETCH_FAILED
Q8KBX0,0,0,0,0,0,0,3.0113093852996826,BLOCKED_AFDB_STRUCTURE_FETCH_FAILED
Q8KRR5,0,0,0,0,0,0,7.058891534805298,BLOCKED_AFDB_P2RANK_NO_POCKET
Q8MBG5,0,0,0,0,0,0,1.7580790519714355,BLOCKED_AFDB_STRUCTURE_FETCH_FAILED
Q8MBK3,0,0,0,0,0,0,3.171370029449463,BLOCKED_AFDB_STRUCTURE_FETCH_FAILED
Q8MBQ4,0,0,0,0,0,0,4.334082126617432,BLOCKED_AFDB_STRUCTURE_FETCH_FAILED
Q8MIU0,0,0,0,0,0,0,2.6706435680389404,BLOCKED_AFDB_STRUCTURE_FETCH_FAILED
Q8MJ14,0,0,0,0,0,0,1.6163854598999023,BLOCKED_AFDB_STRUCTURE_FETCH_FAILED
Q8MXS1,0,0,0,0,0,0,7.726939916610718,PASS_AFDB_P2RANK_PREDICTED_POCKET_D4_LOADER
Q8N490,0,0,0,0,0,0,9.38912844657898,PASS_AFDB_P2RANK_PREDICTED_POCKET_D4_LOADER
Q8N4Z0,0,0,0,0,0,0,9.133209228515625,PASS_AFDB_P2RANK_PREDICTED_POCKET_D4_LOADER
Q8N841,0,0,0,0,0,0,10.884539127349854,PASS_AFDB_P2RANK_PREDICTED_POCKET_D4_LOADER
Q8N8W4,0,0,0,0,0,0,10.642705202102661,PASS_AFDB_P2RANK_PREDICTED_POCKET_D4_LOADER
Q8NBM8,0,0,0,0,0,0,9.078401803970337,PASS_AFDB_P2RANK_PREDICTED_POCKET_D4_LOADER
Q8NBQ5,0,0,0,0,0,0,9.03634762763977,PASS_AFDB_P2RANK_PREDICTED_POCKET_D4_LOADER
Q8NFV4,0,0,0,0,0,0,8.16497015953064,PASS_AFDB_P2RANK_PREDICTED_POCKET_D4_LOADER
Q8NHH1,0,0,0,0,0,0,10.360117435455322,PASS_AFDB_P2RANK_PREDICTED_POCKET_D4_LOADER
Q8NHY0,0,0,0,0,0,0,9.595418691635132,PASS_AFDB_P2RANK_PREDICTED_POCKET_D4_LOADER
Q8NQA1,0,0,0,0,0,0,8.976268768310547,PASS_AFDB_P2RANK_PREDICTED_POCKET_D4_LOADER
Q8NQU4,0,0,0,0,0,0,7.675583124160767,PASS_AFDB_P2RANK_PREDICTED_POCKET_D4_LOADER
Q8NX62,0,0,0,0,0,0,7.2189812660217285,PASS_AFDB_P2RANK_PREDICTED_POCKET_D4_LOADER
Q8NXG7,0,0,0,0,0,0,8.707619667053223,PASS_AFDB_P2RANK_PREDICTED_POCKET_D4_LOADER
Q8NZL9,0,0,0,0,0,0,5.272014379501343,BLOCKED_AFDB_P2RANK_NO_POCKET
Q8PC73,0,0,0,0,0,0,5.896178960800171,BLOCKED_AFDB_P2RANK_NO_POCKET
Q8PU50,0,0,0,0,0,0,8.31534457206726,PASS_AFDB_P2RANK_PREDICTED_POCKET_D4_LOADER
Q8PXA0,0,0,0,0,0,0,5.766876459121704,BLOCKED_AFDB_P2RANK_NO_POCKET
Q8PZ49,0,0,0,0,0,0,6.116552114486694,BLOCKED_AFDB_P2RANK_NO_POCKET
Q8PZH6,0,0,0,0,0,0,7.034966230392456,PASS_AFDB_P2RANK_PREDICTED_POCKET_D4_LOADER
Q8QMP8,0,0,0,0,0,0,1.6777853965759277,BLOCKED_AFDB_STRUCTURE_FETCH_FAILED
Q8QMQ7,0,0,0,0,0,0,1.710350513458252,BLOCKED_AFDB_STRUCTURE_FETCH_FAILED
Q8QMV9,0,0,0,0,0,0,1.6996712684631348,BLOCKED_AFDB_STRUCTURE_FETCH_FAILED
Q8QQ21,0,0,0,0,0,0,1.922595500946045,BLOCKED_AFDB_STRUCTURE_FETCH_FAILED
Q8R0F8,0,0,0,0,0,0,8.16029977798462,PASS_AFDB_P2RANK_PREDICTED_POCKET_D4_LOADER
Q8R146,0,0,0,0,0,0,9.89093804359436,PASS_AFDB_P2RANK_PREDICTED_POCKET_D4_LOADER
Q8R8W3,0,0,0,0,0,0,20.8037371635437,BLOCKED_AFDB_STRUCTURE_FETCH_FAILED
Q8RC41,0,0,0,0,0,0,5.5781450271606445,BLOCKED_AFDB_P2RANK_NO_POCKET
Q8RDK1,0,0,0,0,0,0,5.84108567237854,BLOCKED_AFDB_P2RANK_NO_POCKET
Q8RP98,0,0,0,0,0,0,6.058563709259033,BLOCKED_AFDB_P2RANK_NO_POCKET
Q8RPY7,0,0,0,0,0,0,5.362854719161987,BLOCKED_AFDB_P2RANK_NO_POCKET
Q8RQD2,0,0,0,0,0,0,5.351694822311401,BLOCKED_AFDB_P2RANK_NO_POCKET
Q8SDC3,0,0,0,0,0,0,1.6279480457305908,BLOCKED_AFDB_STRUCTURE_FETCH_FAILED
Q8TFG7,0,0,0,0,0,0,8.3219735622406,PASS_AFDB_P2RANK_PREDICTED_POCKET_D4_LOADER
Q8TJZ5,0,0,0,0,0,0,7.2217607498168945,PASS_AFDB_P2RANK_PREDICTED_POCKET_D4_LOADER
Q8TN68,0,0,0,0,0,0,3.839428663253784,BLOCKED_AFDB_STRUCTURE_FETCH_FAILED
Q8TQQ6,0,0,0,0,0,0,9.752216815948486,PASS_AFDB_P2RANK_PREDICTED_POCKET_D4_LOADER
Q8TS72,0,0,0,0,0,0,1.626753568649292,BLOCKED_AFDB_STRUCTURE_FETCH_FAILED
Q8TS73,0,0,0,0,0,0,1.582991123199463,BLOCKED_AFDB_STRUCTURE_FETCH_FAILED
Q8TTA5,0,0,0,0,0,0,4.021609306335449,BLOCKED_AFDB_STRUCTURE_FETCH_FAILED
Q8TTA9,0,0,0,0,0,0,1.6187617778778076,BLOCKED_AFDB_STRUCTURE_FETCH_FAILED
Q8TU02,0,0,0,0,0,0,5.39652419090271,BLOCKED_AFDB_P2RANK_NO_POCKET
Q8TU04,0,0,0,0,0,0,6.5081353187561035,BLOCKED_AFDB_P2RANK_NO_POCKET
Q8TU05,0,0,0,0,0,0,5.216585397720337,BLOCKED_AFDB_P2RANK_NO_POCKET
Q8TUV8,0,0,0,0,0,0,9.23373532295227,PASS_AFDB_P2RANK_PREDICTED_POCKET_D4_LOADER
Q8TVA7,0,0,0,0,0,0,5.861514568328857,BLOCKED_AFDB_P2RANK_NO_POCKET
Q8TVE9,0,0,0,0,0,0,8.089144945144653,PASS_AFDB_P2RANK_PREDICTED_POCKET_D4_LOADER
Q8TVM0,0,0,0,0,0,0,1.7070555686950684,BLOCKED_AFDB_STRUCTURE_FETCH_FAILED
Q8U0B9,0,0,0,0,0,0,5.986788988113403,BLOCKED_AFDB_P2RANK_NO_POCKET
Q8U4J0,0,0,0,0,0,0,10.035274982452393,PASS_AFDB_P2RANK_PREDICTED_POCKET_D4_LOADER
Q8UC22,0,0,0,0,0,0,5.447481155395508,BLOCKED_AFDB_P2RANK_NO_POCKET
Q8UCS6,0,0,0,0,0,0,5.602403163909912,BLOCKED_AFDB_P2RANK_NO_POCKET
Q8UCS8,0,0,0,0,0,0,6.382847785949707,BLOCKED_AFDB_P2RANK_NO_POCKET
Q8UFS9,0,0,0,0,0,0,5.382996559143066,BLOCKED_AFDB_P2RANK_NO_POCKET
Q8UVX8,0,0,0,0,0,0,1.6767351627349854,BLOCKED_AFDB_STRUCTURE_FETCH_FAILED
Q8V2K9,0,0,0,0,0,0,1.8625214099884033,BLOCKED_AFDB_STRUCTURE_FETCH_FAILED
Q8V2R8,0,0,0,0,0,0,21.112261533737183,BLOCKED_AFDB_STRUCTURE_FETCH_FAILED
Q8V2Y0,0,0,0,0,0,0,2.624382257461548,BLOCKED_AFDB_STRUCTURE_FETCH_FAILED
Q8V3U0,0,0,0,0,0,0,1.6348426342010498,BLOCKED_AFDB_STRUCTURE_FETCH_FAILED
Q8V437,0,0,0,0,0,0,1.8329238891601562,BLOCKED_AFDB_STRUCTURE_FETCH_FAILED
Q8V4S4,0,0,0,0,0,0,1.889054298400879,BLOCKED_AFDB_STRUCTURE_FETCH_FAILED
Q8V9T7,0,0,0,0,0,0,1.9700381755828857,BLOCKED_AFDB_STRUCTURE_FETCH_FAILED
Q8V9U2,0,0,0,0,0,0,1.8950788974761963,BLOCKED_AFDB_STRUCTURE_FETCH_FAILED
Q8VCI0,0,0,0,0,0,0,9.907310962677002,PASS_AFDB_P2RANK_PREDICTED_POCKET_D4_LOADER
Q8VEJ1,0,0,0,0,0,0,7.9436194896698,PASS_AFDB_P2RANK_PREDICTED_POCKET_D4_LOADER
Q8VHP8,0,0,0,0,0,0,7.922252893447876,PASS_AFDB_P2RANK_PREDICTED_POCKET_D4_LOADER
Q8VHQ4,0,0,0,0,0,0,8.683039903640747,PASS_AFDB_P2RANK_PREDICTED_POCKET_D4_LOADER
Q8VID5,0,0,0,0,0,0,10.236447811126709,PASS_AFDB_P2RANK_PREDICTED_POCKET_D4_LOADER
Q8W3Z3,0,0,0,0,0,0,2.5629818439483643,BLOCKED_AFDB_STRUCTURE_FETCH_FAILED
Q8WMS6,0,0,0,0,0,0,1.6844236850738525,BLOCKED_AFDB_STRUCTURE_FETCH_FAILED
Q8WXH6,0,0,0,0,0,0,7.885949373245239,PASS_AFDB_P2RANK_PREDICTED_POCKET_D4_LOADER
Q8WZ82,0,0,0,0,0,0,10.53943395614624,PASS_AFDB_P2RANK_PREDICTED_POCKET_D4_LOADER
Q8X643,0,0,0,0,0,0,9.245048761367798,PASS_AFDB_P2RANK_PREDICTED_POCKET_D4_LOADER
Q8X6R3,0,0,0,0,0,0,8.36089825630188,PASS_AFDB_P2RANK_PREDICTED_POCKET_D4_LOADER
Q8XAG0,0,0,0,0,0,0,10.995848178863525,PASS_AFDB_P2RANK_PREDICTED_POCKET_D4_LOADER
Q8XAG2,0,0,0,0,0,0,5.689839601516724,BLOCKED_AFDB_P2RANK_NO_POCKET
Q8XAZ4,0,0,0,0,0,0,8.74182415008545,PASS_AFDB_P2RANK_PREDICTED_POCKET_D4_LOADER
Q8XE07,0,0,0,0,0,0,8.609296083450317,PASS_AFDB_P2RANK_PREDICTED_POCKET_D4_LOADER
Q8XXR1,0,0,0,0,0,0,5.477093696594238,BLOCKED_AFDB_P2RANK_NO_POCKET
Q8XXT0,0,0,0,0,0,0,5.651157855987549,BLOCKED_AFDB_P2RANK_NO_POCKET
Q8Y3C2,0,0,0,0,0,0,8.444157838821411,BLOCKED_AFDB_P2RANK_NO_POCKET
Q8Y565,0,0,0,0,0,0,8.543358087539673,PASS_AFDB_P2RANK_PREDICTED_POCKET_D4_LOADER
Q8YD09,0,0,0,0,0,0,2.988851308822632,BLOCKED_AFDB_STRUCTURE_FETCH_FAILED
Q8YDY9,0,0,0,0,0,0,7.996701002120972,PASS_AFDB_P2RANK_PREDICTED_POCKET_D4_LOADER
Q8YDZ4,0,0,0,0,0,0,10.007338047027588,PASS_AFDB_P2RANK_PREDICTED_POCKET_D4_LOADER
Q8YF71,0,0,0,0,0,0,5.360514879226685,BLOCKED_AFDB_P2RANK_NO_POCKET
Q8YHZ6,0,0,0,0,0,0,5.34976601600647,BLOCKED_AFDB_P2RANK_NO_POCKET
Q8YI91,0,0,0,0,0,0,1.6923413276672363,BLOCKED_AFDB_STRUCTURE_FETCH_FAILED
Q8YNL6,0,0,0,0,0,0,5.365779876708984,BLOCKED_AFDB_P2RANK_NO_POCKET
Q8YQZ2,0,0,0,0,0,0,5.662947416305542,BLOCKED_AFDB_P2RANK_NO_POCKET
Q8YQZ3,0,0,0,0,0,0,9.324613094329834,BLOCKED_AFDB_P2RANK_NO_POCKET
Q8Z171,0,0,0,0,0,0,6.606823205947876,BLOCKED_AFDB_P2RANK_NO_POCKET
Q8Z3E4,0,0,0,0,0,0,5.730637311935425,BLOCKED_AFDB_P2RANK_NO_POCKET
Q8Z9M5,0,0,0,0,0,0,5.5276429653167725,BLOCKED_AFDB_P2RANK_NO_POCKET
Q8ZJB2,0,0,0,0,0,0,8.537671089172363,PASS_AFDB_P2RANK_PREDICTED_POCKET_D4_LOADER
Q8ZK89,0,0,0,0,0,0,6.145496129989624,BLOCKED_AFDB_P2RANK_NO_POCKET
Q8ZNR6,0,0,0,0,0,0,7.181804418563843,PASS_AFDB_P2RANK_PREDICTED_POCKET_D4_LOADER
Q8ZQ52,0,0,0,0,0,0,5.702641248703003,BLOCKED_AFDB_P2RANK_NO_POCKET
Q8ZR64,0,0,0,0,0,0,6.076557159423828,BLOCKED_AFDB_P2RANK_NO_POCKET
Q8ZW35,0,0,0,0,0,0,8.940544128417969,PASS_AFDB_P2RANK_PREDICTED_POCKET_D4_LOADER
Q8ZWK3,0,0,0,0,0,0,7.555995225906372,PASS_AFDB_P2RANK_PREDICTED_POCKET_D4_LOADER
Q8ZYM4,0,0,0,0,0,0,5.257278919219971,BLOCKED_AFDB_P2RANK_NO_POCKET
Q90029,0,0,0,0,0,0,1.6242132186889648,BLOCKED_AFDB_STRUCTURE_FETCH_FAILED
Q90030,0,0,0,0,0,0,1.6092143058776855,BLOCKED_AFDB_STRUCTURE_FETCH_FAILED
Q90033,0,0,0,0,0,0,1.697016954421997,BLOCKED_AFDB_STRUCTURE_FETCH_FAILED
Q90054,0,0,0,0,0,0,1.7694475650787354,BLOCKED_AFDB_STRUCTURE_FETCH_FAILED
Q90185,0,0,0,0,0,0,1.9143078327178955,BLOCKED_AFDB_STRUCTURE_FETCH_FAILED
Q912W1,0,0,0,0,0,0,1.7171878814697266,BLOCKED_AFDB_STRUCTURE_FETCH_FAILED
Q91EK3,0,0,0,0,0,0,1.720557689666748,BLOCKED_AFDB_STRUCTURE_FETCH_FAILED
Q91F87,0,0,0,0,0,0,1.6332573890686035,BLOCKED_AFDB_STRUCTURE_FETCH_FAILED
Q91FD5,0,0,0,0,0,0,2.0111396312713623,BLOCKED_AFDB_STRUCTURE_FETCH_FAILED
Q91FE4,0,0,0,0,0,0,1.6429674625396729,BLOCKED_AFDB_STRUCTURE_FETCH_FAILED
Q91FE8,0,0,0,0,0,0,1.6043457984924316,BLOCKED_AFDB_STRUCTURE_FETCH_FAILED
Q91FH7,0,0,0,0,0,0,20.938595294952393,BLOCKED_AFDB_STRUCTURE_FETCH_FAILED
Q91FS1,0,0,0,0,0,0,1.5974161624908447,BLOCKED_AFDB_STRUCTURE_FETCH_FAILED
Q91HJ9,0,0,0,0,0,0,1.9183073043823242,BLOCKED_AFDB_STRUCTURE_FETCH_FAILED
Q91V76,0,0,0,0,0,0,7.811113595962524,PASS_AFDB_P2RANK_PREDICTED_POCKET_D4_LOADER
Q91YV9,0,0,0,0,0,0,7.9130637645721436,PASS_AFDB_P2RANK_PREDICTED_POCKET_D4_LOADER
Q91ZI8,0,0,0,0,0,0,1.7108776569366455,BLOCKED_AFDB_STRUCTURE_FETCH_FAILED
Q92060,0,0,0,0,0,0,1.9533002376556396,BLOCKED_AFDB_STRUCTURE_FETCH_FAILED
Q92116,0,0,0,0,0,0,2.493497848510742,BLOCKED_AFDB_STRUCTURE_FETCH_FAILED
Q921E2,0,0,0,0,0,0,7.1653783321380615,PASS_AFDB_P2RANK_PREDICTED_POCKET_D4_LOADER
Q922H1,0,0,0,0,0,0,10.600672006607056,PASS_AFDB_P2RANK_PREDICTED_POCKET_D4_LOADER
Q92345,0,0,0,0,0,0,11.857517957687378,PASS_AFDB_P2RANK_PREDICTED_POCKET_D4_LOADER
Q923B6,0,0,0,0,0,0,13.14496397972107,PASS_AFDB_P2RANK_PREDICTED_POCKET_D4_LOADER
Q923S9,0,0,0,0,0,0,7.419914245605469,PASS_AFDB_P2RANK_PREDICTED_POCKET_D4_LOADER
Q92526,0,0,0,0,0,0,9.155777215957642,PASS_AFDB_P2RANK_PREDICTED_POCKET_D4_LOADER
Q92643,0,0,0,0,0,0,8.860203266143799,PASS_AFDB_P2RANK_PREDICTED_POCKET_D4_LOADER
Q92813,0,0,0,0,0,0,1.5919666290283203,BLOCKED_AFDB_STRUCTURE_FETCH_FAILED
Q92841,0,0,0,0,0,0,10.541632890701294,PASS_AFDB_P2RANK_PREDICTED_POCKET_D4_LOADER
Q92930,0,0,0,0,0,0,7.7507007122039795,PASS_AFDB_P2RANK_PREDICTED_POCKET_D4_LOADER
Q929G2,0,0,0,0,0,0,7.831904411315918,PASS_AFDB_P2RANK_PREDICTED_POCKET_D4_LOADER
Q92L66,0,0,0,0,0,0,6.534720182418823,BLOCKED_AFDB_P2RANK_NO_POCKET
Q92ZP9,0,0,0,0,0,0,8.621521472930908,PASS_AFDB_P2RANK_PREDICTED_POCKET_D4_LOADER
Q93070,0,0,0,0,0,0,8.814129829406738,PASS_AFDB_P2RANK_PREDICTED_POCKET_D4_LOADER
Q937Z1,0,0,0,0,0,0,1.6615641117095947,BLOCKED_AFDB_STRUCTURE_FETCH_FAILED
Q938W0,0,0,0,0,0,0,7.167754173278809,PASS_AFDB_P2RANK_PREDICTED_POCKET_D4_LOADER
Q93A90,0,0,0,0,0,0,1.9659926891326904,BLOCKED_AFDB_STRUCTURE_FETCH_FAILED
Q93JW0,0,0,0,0,0,0,5.355882406234741,BLOCKED_AFDB_P2RANK_NO_POCKET
Q93LE1,0,0,0,0,0,0,3.540712356567383,BLOCKED_AFDB_STRUCTURE_FETCH_FAILED
Q94497,0,0,0,0,0,0,1.641235589981079,BLOCKED_AFDB_STRUCTURE_FETCH_FAILED
Q94MV8,0,0,0,0,0,0,2.0068485736846924,BLOCKED_AFDB_STRUCTURE_FETCH_FAILED
Q95M18,0,0,0,0,0,0,10.994519472122192,PASS_AFDB_P2RANK_PREDICTED_POCKET_D4_LOADER
Q95N00,0,0,0,0,0,0,2.638201951980591,BLOCKED_AFDB_STRUCTURE_FETCH_FAILED
Q969Q5,0,0,0,0,0,0,7.991883039474487,PASS_AFDB_P2RANK_PREDICTED_POCKET_D4_LOADER
Q96AX2,0,0,0,0,0,0,7.476442337036133,PASS_AFDB_P2RANK_PREDICTED_POCKET_D4_LOADER
Q96DA2,0,0,0,0,0,0,7.624484062194824,PASS_AFDB_P2RANK_PREDICTED_POCKET_D4_LOADER
Q96FC9,0,0,0,0,0,0,12.697703123092651,PASS_AFDB_P2RANK_PREDICTED_POCKET_D4_LOADER
Q96FM1,0,0,0,0,0,0,8.482012748718262,PASS_AFDB_P2RANK_PREDICTED_POCKET_D4_LOADER
Q96GQ7,0,0,0,0,0,0,9.886537075042725,PASS_AFDB_P2RANK_PREDICTED_POCKET_D4_LOADER
Q96H96,0,0,0,0,0,0,8.8243248462677,PASS_AFDB_P2RANK_PREDICTED_POCKET_D4_LOADER
Q96KN2,0,0,0,0,0,0,8.515643835067749,PASS_AFDB_P2RANK_PREDICTED_POCKET_D4_LOADER
Q96LW2,0,0,0,0,0,0,12.02137541770935,PASS_AFDB_P2RANK_PREDICTED_POCKET_D4_LOADER
Q96MI6,0,0,0,0,0,0,8.54582691192627,PASS_AFDB_P2RANK_PREDICTED_POCKET_D4_LOADER
Q96S21,0,0,0,0,0,0,8.673609972000122,PASS_AFDB_P2RANK_PREDICTED_POCKET_D4_LOADER
Q96YL0,0,0,0,0,0,0,5.318676233291626,BLOCKED_AFDB_P2RANK_NO_POCKET
Q96YR7,0,0,0,0,0,0,8.851489305496216,PASS_AFDB_P2RANK_PREDICTED_POCKET_D4_LOADER
Q971U4,0,0,0,0,0,0,5.555337429046631,BLOCKED_AFDB_P2RANK_NO_POCKET
Q972V9,0,0,0,0,0,0,6.852396011352539,BLOCKED_AFDB_P2RANK_NO_POCKET
Q976I0,0,0,0,0,0,0,5.7984395027160645,BLOCKED_AFDB_P2RANK_NO_POCKET
Q979Y7,0,0,0,0,0,0,8.42781686782837,PASS_AFDB_P2RANK_PREDICTED_POCKET_D4_LOADER
Q97AR1,0,0,0,0,0,0,8.130122900009155,PASS_AFDB_P2RANK_PREDICTED_POCKET_D4_LOADER
Q97CT1,0,0,0,0,0,0,7.35146951675415,BLOCKED_AFDB_P2RANK_NO_POCKET
Q97EX7,0,0,0,0,0,0,5.475843667984009,BLOCKED_AFDB_P2RANK_NO_POCKET
Q97R30,0,0,0,0,0,0,9.319308519363403,PASS_AFDB_P2RANK_PREDICTED_POCKET_D4_LOADER
Q97VY3,0,0,0,0,0,0,6.081772565841675,BLOCKED_AFDB_P2RANK_NO_POCKET
Q97W36,0,0,0,0,0,0,9.864855527877808,PASS_AFDB_P2RANK_PREDICTED_POCKET_D4_LOADER
Q97WM6,0,0,0,0,0,0,5.432372570037842,BLOCKED_AFDB_P2RANK_NO_POCKET
Q97ZG0,0,0,0,0,0,0,6.674009799957275,BLOCKED_AFDB_P2RANK_NO_POCKET
Q98218,0,0,0,0,0,0,3.1106715202331543,BLOCKED_AFDB_STRUCTURE_FETCH_FAILED
Q98234,0,0,0,0,0,0,1.6280553340911865,BLOCKED_AFDB_STRUCTURE_FETCH_FAILED
Q98267,0,0,0,0,0,0,2.2627007961273193,BLOCKED_AFDB_STRUCTURE_FETCH_FAILED
Q98500,0,0,0,0,0,0,1.637141466140747,BLOCKED_AFDB_STRUCTURE_FETCH_FAILED
Q98829,0,0,0,0,0,0,22.51200008392334,BLOCKED_AFDB_STRUCTURE_FETCH_FAILED
Q98CY3,0,0,0,0,0,0,5.740738391876221,BLOCKED_AFDB_P2RANK_NO_POCKET
Q98CY6,0,0,0,0,0,0,5.52703070640564,BLOCKED_AFDB_P2RANK_NO_POCKET
Q98E92,0,0,0,0,0,0,6.566432476043701,BLOCKED_AFDB_P2RANK_NO_POCKET
Q98M93,0,0,0,0,0,0,5.318889856338501,BLOCKED_AFDB_P2RANK_NO_POCKET
Q99611,0,0,0,0,0,0,2.645840883255005,BLOCKED_AFDB_STRUCTURE_FETCH_FAILED
Q99CW3,0,0,0,0,0,0,2.238598585128784,BLOCKED_AFDB_STRUCTURE_FETCH_FAILED
Q99LC9,0,0,0,0,0,0,11.47931432723999,PASS_AFDB_P2RANK_PREDICTED_POCKET_D4_LOADER
Q99MD6,0,0,0,0,0,0,4.137614011764526,BLOCKED_AFDB_STRUCTURE_FETCH_FAILED
Q99N13,0,0,0,0,0,0,8.585897445678711,BLOCKED_AFDB_P2RANK_NO_POCKET
Q99P75,0,0,0,0,0,0,7.73230504989624,PASS_AFDB_P2RANK_PREDICTED_POCKET_D4_LOADER
Q99P96,0,0,0,0,0,0,6.392884254455566,BLOCKED_AFDB_P2RANK_NO_POCKET
Q99SH6,0,0,0,0,0,0,9.189195156097412,PASS_AFDB_P2RANK_PREDICTED_POCKET_D4_LOADER
Q99UW8,0,0,0,0,0,0,7.026637077331543,PASS_AFDB_P2RANK_PREDICTED_POCKET_D4_LOADER
Q99V39,0,0,0,0,0,0,6.313041687011719,BLOCKED_AFDB_P2RANK_NO_POCKET
Q99VF6,0,0,0,0,0,0,9.61850380897522,PASS_AFDB_P2RANK_PREDICTED_POCKET_D4_LOADER
Q99X56,0,0,0,0,0,0,7.02411413192749,PASS_AFDB_P2RANK_PREDICTED_POCKET_D4_LOADER
Q9A5K9,0,0,0,0,0,0,6.410438776016235,BLOCKED_AFDB_P2RANK_NO_POCKET
Q9ABI2,0,0,0,0,0,0,5.198088645935059,BLOCKED_AFDB_P2RANK_NO_POCKET
Q9AQ98,0,0,0,0,0,0,20.81219506263733,BLOCKED_AFDB_STRUCTURE_FETCH_FAILED
Q9AQQ8,0,0,0,0,0,0,8.575498580932617,PASS_AFDB_P2RANK_PREDICTED_POCKET_D4_LOADER
Q9AQT6,0,0,0,0,0,0,5.5198798179626465,BLOCKED_AFDB_P2RANK_NO_POCKET
Q9AT63,0,0,0,0,0,0,1.690770149230957,BLOCKED_AFDB_STRUCTURE_FETCH_FAILED
Q9AUD8,0,0,0,0,0,0,8.556840419769287,PASS_AFDB_P2RANK_PREDICTED_POCKET_D4_LOADER
Q9AXH9,0,0,0,0,0,0,8.720397710800171,PASS_AFDB_P2RANK_PREDICTED_POCKET_D4_LOADER
Q9BRR3,0,0,0,0,0,0,9.676693439483643,PASS_AFDB_P2RANK_PREDICTED_POCKET_D4_LOADER
Q9BVL4,0,0,0,0,0,0,3.340397357940674,BLOCKED_AFDB_STRUCTURE_FETCH_FAILED
Q9BZG1,0,0,0,0,0,0,8.326259851455688,PASS_AFDB_P2RANK_PREDICTED_POCKET_D4_LOADER
Q9BZG8,0,0,0,0,0,0,10.16283392906189,PASS_AFDB_P2RANK_PREDICTED_POCKET_D4_LOADER
Q9C0D9,0,0,0,0,0,0,1.6466443538665771,BLOCKED_AFDB_STRUCTURE_FETCH_FAILED
Q9C4Z4,0,0,0,0,0,0,10.603450298309326,PASS_AFDB_P2RANK_PREDICTED_POCKET_D4_LOADER
Q9C5W0,0,0,0,0,0,0,9.941549062728882,PASS_AFDB_P2RANK_PREDICTED_POCKET_D4_LOADER
Q9C5Y2,0,0,0,0,0,0,10.116089820861816,PASS_AFDB_P2RANK_PREDICTED_POCKET_D4_LOADER
Q9CAC3,0,0,0,0,0,0,9.17262053489685,PASS_AFDB_P2RANK_PREDICTED_POCKET_D4_LOADER
Q9CBM2,0,0,0,0,0,0,8.378687620162964,PASS_AFDB_P2RANK_PREDICTED_POCKET_D4_LOADER
Q9CD51,0,0,0,0,0,0,8.347764730453491,PASS_AFDB_P2RANK_PREDICTED_POCKET_D4_LOADER
Q9CFB4,0,0,0,0,0,0,7.913651704788208,PASS_AFDB_P2RANK_PREDICTED_POCKET_D4_LOADER
Q9CJN8,0,0,0,0,0,0,7.601723670959473,PASS_AFDB_P2RANK_PREDICTED_POCKET_D4_LOADER
Q9CRB3,0,0,0,0,0,0,5.423482418060303,BLOCKED_AFDB_P2RANK_NO_POCKET
Q9CXY9,0,0,0,0,0,0,8.916360139846802,PASS_AFDB_P2RANK_PREDICTED_POCKET_D4_LOADER
Q9CZT8,0,0,0,0,0,0,8.874800205230713,PASS_AFDB_P2RANK_PREDICTED_POCKET_D4_LOADER
Q9D3W4,0,0,0,0,0,0,8.36548137664795,PASS_AFDB_P2RANK_PREDICTED_POCKET_D4_LOADER
Q9D850,0,0,0,0,0,0,8.283178091049194,PASS_AFDB_P2RANK_PREDICTED_POCKET_D4_LOADER
Q9DBC0,0,0,0,0,0,0,1.9032280445098877,BLOCKED_AFDB_STRUCTURE_FETCH_FAILED
Q9DBT5,0,0,0,0,0,0,9.507727146148682,PASS_AFDB_P2RANK_PREDICTED_POCKET_D4_LOADER
Q9DG45,0,0,0,0,0,0,7.08705735206604,PASS_AFDB_P2RANK_PREDICTED_POCKET_D4_LOADER
Q9DG67,0,0,0,0,0,0,10.17534065246582,PASS_AFDB_P2RANK_PREDICTED_POCKET_D4_LOADER
Q9DHU2,0,0,0,0,0,0,4.680884122848511,BLOCKED_AFDB_STRUCTURE_FETCH_FAILED
Q9DR81,0,0,0,0,0,0,2.380664825439453,BLOCKED_AFDB_STRUCTURE_FETCH_FAILED
Q9E6L8,0,0,0,0,0,0,1.636246681213379,BLOCKED_AFDB_STRUCTURE_FETCH_FAILED
Q9E6M6,0,0,0,0,0,0,1.674231767654419,BLOCKED_AFDB_STRUCTURE_FETCH_FAILED
Q9E6P5,0,0,0,0,0,0,3.4988043308258057,BLOCKED_AFDB_STRUCTURE_FETCH_FAILED
Q9E6Q4,0,0,0,0,0,0,3.0978736877441406,BLOCKED_AFDB_STRUCTURE_FETCH_FAILED
Q9EMI7,0,0,0,0,0,0,1.5964889526367188,BLOCKED_AFDB_STRUCTURE_FETCH_FAILED
Q9EQQ0,0,0,0,0,0,0,12.823166847229004,PASS_AFDB_P2RANK_PREDICTED_POCKET_D4_LOADER
Q9ER88,0,0,0,0,0,0,8.514839172363281,PASS_AFDB_P2RANK_PREDICTED_POCKET_D4_LOADER
Q9EVE0,0,0,0,0,0,0,1.6076745986938477,BLOCKED_AFDB_STRUCTURE_FETCH_FAILED
Q9EVG2,0,0,0,0,0,0,3.234684705734253,BLOCKED_AFDB_STRUCTURE_FETCH_FAILED
Q9EVG3,0,0,0,0,0,0,1.6448509693145752,BLOCKED_AFDB_STRUCTURE_FETCH_FAILED
Q9EVG9,0,0,0,0,0,0,1.7039439678192139,BLOCKED_AFDB_STRUCTURE_FETCH_FAILED
Q9EVH4,0,0,0,0,0,0,4.636768102645874,BLOCKED_AFDB_STRUCTURE_FETCH_FAILED
Q9EVH6,0,0,0,0,0,0,1.9786677360534668,BLOCKED_AFDB_STRUCTURE_FETCH_FAILED
Q9EVH7,0,0,0,0,0,0,1.7189064025878906,BLOCKED_AFDB_STRUCTURE_FETCH_FAILED
Q9EVI3,0,0,0,0,0,0,1.9600067138671875,BLOCKED_AFDB_STRUCTURE_FETCH_FAILED
Q9EVI4,0,0,0,0,0,0,2.1346662044525146,BLOCKED_AFDB_STRUCTURE_FETCH_FAILED
Q9EVI6,0,0,0,0,0,0,1.6315019130706787,BLOCKED_AFDB_STRUCTURE_FETCH_FAILED
Q9EVI8,0,0,0,0,0,0,2.2598726749420166,BLOCKED_AFDB_STRUCTURE_FETCH_FAILED
Q9F2V6,0,0,0,0,0,0,5.664432525634766,BLOCKED_AFDB_P2RANK_NO_POCKET
Q9F7D7,0,0,0,0,0,0,9.537013292312622,PASS_AFDB_P2RANK_PREDICTED_POCKET_D4_LOADER
Q9F7D8,0,0,0,0,0,0,8.581703424453735,PASS_AFDB_P2RANK_PREDICTED_POCKET_D4_LOADER
Q9F7E3,0,0,0,0,0,0,8.453328132629395,PASS_AFDB_P2RANK_PREDICTED_POCKET_D4_LOADER
Q9F7E4,0,0,0,0,0,0,8.967866897583008,PASS_AFDB_P2RANK_PREDICTED_POCKET_D4_LOADER
Q9FCD1,0,0,0,0,0,0,5.43181037902832,BLOCKED_AFDB_P2RANK_NO_POCKET
Q9FCD2,0,0,0,0,0,0,8.774212121963501,BLOCKED_AFDB_P2RANK_NO_POCKET
Q9FT69,0,0,0,0,0,0,10.297043085098267,PASS_AFDB_P2RANK_PREDICTED_POCKET_D4_LOADER
Q9GL30,0,0,0,0,0,0,13.688360691070557,PASS_AFDB_P2RANK_PREDICTED_POCKET_D4_LOADER
Q9H0T7,0,0,0,0,0,0,7.701688766479492,PASS_AFDB_P2RANK_PREDICTED_POCKET_D4_LOADER
Q9H0W9,0,0,0,0,0,0,9.780071258544922,PASS_AFDB_P2RANK_PREDICTED_POCKET_D4_LOADER
Q9H5I1,0,0,0,0,0,0,9.092083215713501,PASS_AFDB_P2RANK_PREDICTED_POCKET_D4_LOADER
Q9H611,0,0,0,0,0,0,9.931012630462646,PASS_AFDB_P2RANK_PREDICTED_POCKET_D4_LOADER
Q9H9V9,0,0,0,0,0,0,8.747857093811035,PASS_AFDB_P2RANK_PREDICTED_POCKET_D4_LOADER
Q9H9Y4,0,0,0,0,0,0,8.090109825134277,PASS_AFDB_P2RANK_PREDICTED_POCKET_D4_LOADER
Q9HAC7,0,0,0,0,0,0,8.626241207122803,PASS_AFDB_P2RANK_PREDICTED_POCKET_D4_LOADER
Q9HDU9,0,0,0,0,0,0,9.222097635269165,PASS_AFDB_P2RANK_PREDICTED_POCKET_D4_LOADER
Q9HKS9,0,0,0,0,0,0,8.333045721054077,PASS_AFDB_P2RANK_PREDICTED_POCKET_D4_LOADER
Q9HKT2,0,0,0,0,0,0,5.591531753540039,BLOCKED_AFDB_P2RANK_NO_POCKET
Q9HP73,0,0,0,0,0,0,5.575265645980835,BLOCKED_AFDB_P2RANK_NO_POCKET
Q9HUU6,0,0,0,0,0,0,5.860518217086792,BLOCKED_AFDB_P2RANK_NO_POCKET
Q9HUU8,0,0,0,0,0,0,5.330557346343994,BLOCKED_AFDB_P2RANK_NO_POCKET
Q9HVT9,0,0,0,0,0,0,5.264593839645386,BLOCKED_AFDB_P2RANK_NO_POCKET
Q9HWH9,0,0,0,0,0,0,9.21299433708191,PASS_AFDB_P2RANK_PREDICTED_POCKET_D4_LOADER
Q9I0F2,0,0,0,0,0,0,8.897910118103027,PASS_AFDB_P2RANK_PREDICTED_POCKET_D4_LOADER
Q9I0J2,0,0,0,0,0,0,5.934714078903198,BLOCKED_AFDB_P2RANK_NO_POCKET
Q9I0K1,0,0,0,0,0,0,7.43524169921875,BLOCKED_AFDB_P2RANK_NO_POCKET
Q9I7X6,0,0,0,0,0,0,8.645142316818237,PASS_AFDB_P2RANK_PREDICTED_POCKET_D4_LOADER
Q9IAX2,0,0,0,0,0,0,1.9006712436676025,BLOCKED_AFDB_STRUCTURE_FETCH_FAILED
Q9ICP7,0,0,0,0,0,0,2.3119144439697266,BLOCKED_AFDB_STRUCTURE_FETCH_FAILED
Q9IG45,0,0,0,0,0,0,3.83860445022583,BLOCKED_AFDB_STRUCTURE_FETCH_FAILED
Q9IKD2,0,0,0,0,0,0,1.9163742065429688,BLOCKED_AFDB_STRUCTURE_FETCH_FAILED
Q9INI4,0,0,0,0,0,0,1.9483795166015625,BLOCKED_AFDB_STRUCTURE_FETCH_FAILED
Q9IR51,0,0,0,0,0,0,1.6057329177856445,BLOCKED_AFDB_STRUCTURE_FETCH_FAILED
Q9IV54,0,0,0,0,0,0,3.5873992443084717,BLOCKED_AFDB_STRUCTURE_FETCH_FAILED
Q9IZK2,0,0,0,0,0,0,1.7020225524902344,BLOCKED_AFDB_STRUCTURE_FETCH_FAILED
Q9IZT2,0,0,0,0,0,0,2.964606761932373,BLOCKED_AFDB_STRUCTURE_FETCH_FAILED
Q9IZU7,0,0,0,0,0,0,1.9272985458374023,BLOCKED_AFDB_STRUCTURE_FETCH_FAILED
Q9J509,0,0,0,0,0,0,1.694004774093628,BLOCKED_AFDB_STRUCTURE_FETCH_FAILED
Q9J523,0,0,0,0,0,0,4.510628700256348,BLOCKED_AFDB_STRUCTURE_FETCH_FAILED
Q9J579,0,0,0,0,0,0,1.6234691143035889,BLOCKED_AFDB_STRUCTURE_FETCH_FAILED
Q9J584,0,0,0,0,0,0,1.58782958984375,BLOCKED_AFDB_STRUCTURE_FETCH_FAILED
Q9J592,0,0,0,0,0,0,1.6647355556488037,BLOCKED_AFDB_STRUCTURE_FETCH_FAILED
Q9J5B1,0,0,0,0,0,0,1.6223466396331787,BLOCKED_AFDB_STRUCTURE_FETCH_FAILED
Q9J5C7,0,0,0,0,0,0,2.632411479949951,BLOCKED_AFDB_STRUCTURE_FETCH_FAILED
Q9J5G5,0,0,0,0,0,0,1.6153488159179688,BLOCKED_AFDB_STRUCTURE_FETCH_FAILED
Q9J5H2,0,0,0,0,0,0,1.6602556705474854,BLOCKED_AFDB_STRUCTURE_FETCH_FAILED
Q9JFA8,0,0,0,0,0,0,1.6473090648651123,BLOCKED_AFDB_STRUCTURE_FETCH_FAILED
Q9JFB7,0,0,0,0,0,0,1.718841791152954,BLOCKED_AFDB_STRUCTURE_FETCH_FAILED
Q9JFC3,0,0,0,0,0,0,1.7371342182159424,BLOCKED_AFDB_STRUCTURE_FETCH_FAILED
Q9JFE5,0,0,0,0,0,0,1.6976048946380615,BLOCKED_AFDB_STRUCTURE_FETCH_FAILED
Q9JFM9,0,0,0,0,0,0,1.6204066276550293,BLOCKED_AFDB_STRUCTURE_FETCH_FAILED
Q9JH49,0,0,0,0,0,0,2.671135425567627,BLOCKED_AFDB_STRUCTURE_FETCH_FAILED
Q9JHC0,0,0,0,0,0,0,2.251385450363159,BLOCKED_AFDB_STRUCTURE_FETCH_FAILED
Q9JIY6,0,0,0,0,0,0,8.098557710647583,PASS_AFDB_P2RANK_PREDICTED_POCKET_D4_LOADER
Q9JKM7,0,0,0,0,0,0,7.708105564117432,PASS_AFDB_P2RANK_PREDICTED_POCKET_D4_LOADER
Q9JLC3,0,0,0,0,0,0,1.6775946617126465,BLOCKED_AFDB_STRUCTURE_FETCH_FAILED
Q9JLT4,0,0,0,0,0,0,1.6733629703521729,BLOCKED_AFDB_STRUCTURE_FETCH_FAILED
Q9JMH6,0,0,0,0,0,0,3.1838202476501465,BLOCKED_AFDB_STRUCTURE_FETCH_FAILED
Q9JN36,0,0,0,0,0,0,7.6836700439453125,PASS_AFDB_P2RANK_PREDICTED_POCKET_D4_LOADER
Q9JTZ6,0,0,0,0,0,0,5.615281343460083,BLOCKED_AFDB_P2RANK_NO_POCKET
Q9JZ00,0,0,0,0,0,0,5.449180364608765,BLOCKED_AFDB_P2RANK_NO_POCKET
Q9KA57,0,0,0,0,0,0,8.330427408218384,PASS_AFDB_P2RANK_PREDICTED_POCKET_D4_LOADER
Q9KDK9,0,0,0,0,0,0,8.050975322723389,PASS_AFDB_P2RANK_PREDICTED_POCKET_D4_LOADER
Q9KG60,0,0,0,0,0,0,8.024120330810547,PASS_AFDB_P2RANK_PREDICTED_POCKET_D4_LOADER
Q9KH33,0,0,0,0,0,0,2.4129154682159424,BLOCKED_AFDB_STRUCTURE_FETCH_FAILED
Q9KL41,0,0,0,0,0,0,5.906709671020508,BLOCKED_AFDB_P2RANK_NO_POCKET
Q9KTU4,0,0,0,0,0,0,6.421795606613159,BLOCKED_AFDB_P2RANK_NO_POCKET
Q9KUH2,0,0,0,0,0,0,6.135840654373169,BLOCKED_AFDB_P2RANK_NO_POCKET
Q9L393,0,0,0,0,0,0,9.064634323120117,PASS_AFDB_P2RANK_PREDICTED_POCKET_D4_LOADER
Q9L3Q5,0,0,0,0,0,0,2.9660375118255615,BLOCKED_AFDB_STRUCTURE_FETCH_FAILED
Q9L473,0,0,0,0,0,0,2.0262451171875,BLOCKED_AFDB_STRUCTURE_FETCH_FAILED
Q9L4E1,0,0,0,0,0,0,1.9370508193969727,BLOCKED_AFDB_STRUCTURE_FETCH_FAILED
Q9L642,0,0,0,0,0,0,5.635810375213623,BLOCKED_AFDB_P2RANK_NO_POCKET
Q9LCX4,0,0,0,0,0,0,5.903533220291138,BLOCKED_AFDB_P2RANK_NO_POCKET
Q9LDS6,0,0,0,0,0,0,10.337464570999146,PASS_AFDB_P2RANK_PREDICTED_POCKET_D4_LOADER
Q9M1Q2,0,0,0,0,0,0,9.463398933410645,PASS_AFDB_P2RANK_PREDICTED_POCKET_D4_LOADER
Q9MRR9,0,0,0,0,0,0,1.6903986930847168,BLOCKED_AFDB_STRUCTURE_FETCH_FAILED
Q9MRV8,0,0,0,0,0,0,1.6636712551116943,BLOCKED_AFDB_STRUCTURE_FETCH_FAILED
Q9MTE7,0,0,0,0,0,0,1.6047589778900146,BLOCKED_AFDB_STRUCTURE_FETCH_FAILED
Q9MTX9,0,0,0,0,0,0,2.970383882522583,BLOCKED_AFDB_STRUCTURE_FETCH_FAILED
Q9MU26,0,0,0,0,0,0,2.6295902729034424,BLOCKED_AFDB_STRUCTURE_FETCH_FAILED
Q9MU30,0,0,0,0,0,0,1.6150662899017334,BLOCKED_AFDB_STRUCTURE_FETCH_FAILED
Q9MU81,0,0,0,0,0,0,1.7464935779571533,BLOCKED_AFDB_STRUCTURE_FETCH_FAILED
Q9MYY8,0,0,0,0,0,0,1.881559133529663,BLOCKED_AFDB_STRUCTURE_FETCH_FAILED
Q9N272,0,0,0,0,0,0,2.0215044021606445,BLOCKED_AFDB_STRUCTURE_FETCH_FAILED
Q9N290,0,0,0,0,0,0,1.593001127243042,BLOCKED_AFDB_STRUCTURE_FETCH_FAILED
Q9N2I8,0,0,0,0,0,0,2.5962271690368652,BLOCKED_AFDB_STRUCTURE_FETCH_FAILED
Q9N2J2,0,0,0,0,0,0,1.8686575889587402,BLOCKED_AFDB_STRUCTURE_FETCH_FAILED
Q9NGX9,0,0,0,0,0,0,9.346347093582153,PASS_AFDB_P2RANK_PREDICTED_POCKET_D4_LOADER
Q9NNW7,0,0,0,0,0,0,1.5986835956573486,BLOCKED_AFDB_STRUCTURE_FETCH_FAILED
Q9NP72,0,0,0,0,0,0,7.463329553604126,PASS_AFDB_P2RANK_PREDICTED_POCKET_D4_LOADER
Q9NP90,0,0,0,0,0,0,8.48657512664795,PASS_AFDB_P2RANK_PREDICTED_POCKET_D4_LOADER
Q9NQI0,0,0,0,0,0,0,10.325734615325928,PASS_AFDB_P2RANK_PREDICTED_POCKET_D4_LOADER
Q9NRX4,0,0,0,0,0,0,6.211593151092529,BLOCKED_AFDB_P2RANK_NO_POCKET
Q9NVI7,0,0,0,0,0,0,9.864407300949097,PASS_AFDB_P2RANK_PREDICTED_POCKET_D4_LOADER
Q9NX57,0,0,0,0,0,0,7.6108081340789795,PASS_AFDB_P2RANK_PREDICTED_POCKET_D4_LOADER
Q9NZV6,0,0,0,0,0,0,1.9964656829833984,BLOCKED_AFDB_STRUCTURE_FETCH_FAILED
Q9P8W2,0,0,0,0,0,0,10.11292576789856,PASS_AFDB_P2RANK_PREDICTED_POCKET_D4_LOADER
Q9P8W5,0,0,0,0,0,0,9.79190731048584,PASS_AFDB_P2RANK_PREDICTED_POCKET_D4_LOADER
Q9P995,0,0,0,0,0,0,1.7749176025390625,BLOCKED_AFDB_STRUCTURE_FETCH_FAILED
Q9P9L4,0,0,0,0,0,0,1.7704200744628906,BLOCKED_AFDB_STRUCTURE_FETCH_FAILED
Q9P9M9,0,0,0,0,0,0,1.6606712341308594,BLOCKED_AFDB_STRUCTURE_FETCH_FAILED
Q9P9N0,0,0,0,0,0,0,2.11167311668396,BLOCKED_AFDB_STRUCTURE_FETCH_FAILED
Q9PIA5,0,0,0,0,0,0,5.601918935775757,BLOCKED_AFDB_P2RANK_NO_POCKET
Q9PJC6,0,0,0,0,0,0,5.478796005249023,BLOCKED_AFDB_P2RANK_NO_POCKET
Q9PK73,0,0,0,0,0,0,1.674833059310913,BLOCKED_AFDB_STRUCTURE_FETCH_FAILED
Q9PMF9,0,0,0,0,0,0,2.2437245845794678,BLOCKED_AFDB_STRUCTURE_FETCH_FAILED
Q9PRZ0,0,0,0,0,0,0,1.6577317714691162,BLOCKED_AFDB_STRUCTURE_FETCH_FAILED
Q9PTA1,0,0,0,0,0,0,8.286595582962036,PASS_AFDB_P2RANK_PREDICTED_POCKET_D4_LOADER
Q9PZT0,0,0,0,0,0,0,1.6466612815856934,BLOCKED_AFDB_STRUCTURE_FETCH_FAILED
Q9PZT1,0,0,0,0,0,0,2.21756911277771,BLOCKED_AFDB_STRUCTURE_FETCH_FAILED
Q9Q8L4,0,0,0,0,0,0,1.598325252532959,BLOCKED_AFDB_STRUCTURE_FETCH_FAILED
Q9Q8N6,0,0,0,0,0,0,5.174883842468262,BLOCKED_AFDB_STRUCTURE_FETCH_FAILED
Q9Q8Q2,0,0,0,0,0,0,1.6838860511779785,BLOCKED_AFDB_STRUCTURE_FETCH_FAILED
Q9Q8Z2,0,0,0,0,0,0,1.7681279182434082,BLOCKED_AFDB_STRUCTURE_FETCH_FAILED
Q9Q927,0,0,0,0,0,0,2.706047534942627,BLOCKED_AFDB_STRUCTURE_FETCH_FAILED
Q9Q9G3,0,0,0,0,0,0,2.720590114593506,BLOCKED_AFDB_STRUCTURE_FETCH_FAILED
Q9QAQ9,0,0,0,0,0,0,3.20235276222229,BLOCKED_AFDB_STRUCTURE_FETCH_FAILED
Q9QAR6,0,0,0,0,0,0,2.3057684898376465,BLOCKED_AFDB_STRUCTURE_FETCH_FAILED
Q9QB92,0,0,0,0,0,0,2.2302558422088623,BLOCKED_AFDB_STRUCTURE_FETCH_FAILED
Q9QB93,0,0,0,0,0,0,1.6460697650909424,BLOCKED_AFDB_STRUCTURE_FETCH_FAILED
Q9QNB1,0,0,0,0,0,0,1.6655025482177734,BLOCKED_AFDB_STRUCTURE_FETCH_FAILED
Q9QNF7,0,0,0,0,0,0,1.6763098239898682,BLOCKED_AFDB_STRUCTURE_FETCH_FAILED
Q9QTF2,0,0,0,0,0,0,3.504595994949341,BLOCKED_AFDB_STRUCTURE_FETCH_FAILED
Q9QXL7,0,0,0,0,0,0,9.468452215194702,PASS_AFDB_P2RANK_PREDICTED_POCKET_D4_LOADER
Q9QXL8,0,0,0,0,0,0,8.322181463241577,PASS_AFDB_P2RANK_PREDICTED_POCKET_D4_LOADER
Q9QY15,0,0,0,0,0,0,9.430286407470703,PASS_AFDB_P2RANK_PREDICTED_POCKET_D4_LOADER
Q9QY44,0,0,0,0,0,0,10.115657329559326,PASS_AFDB_P2RANK_PREDICTED_POCKET_D4_LOADER
Q9R0M6,0,0,0,0,0,0,10.430780172348022,PASS_AFDB_P2RANK_PREDICTED_POCKET_D4_LOADER
Q9R0X4,0,0,0,0,0,0,8.791045904159546,PASS_AFDB_P2RANK_PREDICTED_POCKET_D4_LOADER
Q9R101,0,0,0,0,0,0,2.3902013301849365,BLOCKED_AFDB_STRUCTURE_FETCH_FAILED
Q9R1S3,0,0,0,0,0,0,10.077981233596802,PASS_AFDB_P2RANK_PREDICTED_POCKET_D4_LOADER
Q9R2F4,0,0,0,0,0,0,8.77907919883728,PASS_AFDB_P2RANK_PREDICTED_POCKET_D4_LOADER
Q9R2W4,0,0,0,0,0,0,9.853418588638306,PASS_AFDB_P2RANK_PREDICTED_POCKET_D4_LOADER
Q9R342,0,0,0,0,0,0,8.842278480529785,PASS_AFDB_P2RANK_PREDICTED_POCKET_D4_LOADER
Q9R4A1,0,0,0,0,0,0,4.901690483093262,BLOCKED_AFDB_P2RANK_NO_POCKET
Q9R4G8,0,0,0,0,0,0,1.692441463470459,BLOCKED_AFDB_STRUCTURE_FETCH_FAILED
Q9R4Y1,0,0,0,0,0,0,6.293977737426758,BLOCKED_AFDB_P2RANK_NO_POCKET
Q9RFA0,0,0,0,0,0,0,5.579290866851807,BLOCKED_AFDB_P2RANK_NO_POCKET
Q9RFF5,0,0,0,0,0,0,5.78908634185791,BLOCKED_AFDB_P2RANK_NO_POCKET
Q9RHM6,0,0,0,0,0,0,5.899787902832031,BLOCKED_AFDB_P2RANK_NO_POCKET
Q9RHM8,0,0,0,0,0,0,5.280045747756958,BLOCKED_AFDB_P2RANK_NO_POCKET
Q9RNC7,0,0,0,0,0,0,8.269216060638428,PASS_AFDB_P2RANK_PREDICTED_POCKET_D4_LOADER
Q9RPY1,0,0,0,0,0,0,10.337472438812256,PASS_AFDB_P2RANK_PREDICTED_POCKET_D4_LOADER
Q9RT63,0,0,0,0,0,0,9.672590255737305,PASS_AFDB_P2RANK_PREDICTED_POCKET_D4_LOADER
Q9RUP5,0,0,0,0,0,0,1.6129634380340576,BLOCKED_AFDB_STRUCTURE_FETCH_FAILED
Q9RUV6,0,0,0,0,0,0,6.069193601608276,BLOCKED_AFDB_P2RANK_NO_POCKET
Q9RYJ3,0,0,0,0,0,0,6.252297639846802,BLOCKED_AFDB_P2RANK_NO_POCKET
Q9S2H6,0,0,0,0,0,0,5.206733465194702,BLOCKED_AFDB_P2RANK_NO_POCKET
Q9S926,0,0,0,0,0,0,1.6018147468566895,BLOCKED_AFDB_STRUCTURE_FETCH_FAILED
Q9SEC2,0,0,0,0,0,0,22.98957586288452,BLOCKED_AFDB_STRUCTURE_FETCH_FAILED
Q9SEH4,0,0,0,0,0,0,11.8453848361969,PASS_AFDB_P2RANK_PREDICTED_POCKET_D4_LOADER
Q9SPB1,0,0,0,0,0,0,12.784727573394775,PASS_AFDB_P2RANK_PREDICTED_POCKET_D4_LOADER
Q9SQ70,0,0,0,0,0,0,8.296983003616333,PASS_AFDB_P2RANK_PREDICTED_POCKET_D4_LOADER
Q9SX57,0,0,0,0,0,0,7.824191331863403,PASS_AFDB_P2RANK_PREDICTED_POCKET_D4_LOADER
Q9TKZ5,0,0,0,0,0,0,8.564567565917969,PASS_AFDB_P2RANK_PREDICTED_POCKET_D4_LOADER
Q9TWL9,0,0,0,0,0,0,3.092802047729492,BLOCKED_AFDB_STRUCTURE_FETCH_FAILED
Q9UF12,0,0,0,0,0,0,8.391120672225952,PASS_AFDB_P2RANK_PREDICTED_POCKET_D4_LOADER
Q9UHF3,0,0,0,0,0,0,7.948765277862549,PASS_AFDB_P2RANK_PREDICTED_POCKET_D4_LOADER
Q9UHJ6,0,0,0,0,0,0,9.237072467803955,PASS_AFDB_P2RANK_PREDICTED_POCKET_D4_LOADER
Q9UHL0,0,0,0,0,0,0,10.431604385375977,PASS_AFDB_P2RANK_PREDICTED_POCKET_D4_LOADER
Q9UHW5,0,0,0,0,0,0,7.9516282081604,PASS_AFDB_P2RANK_PREDICTED_POCKET_D4_LOADER
Q9UL25,0,0,0,0,0,0,7.535786151885986,PASS_AFDB_P2RANK_PREDICTED_POCKET_D4_LOADER
Q9UL26,0,0,0,0,0,0,7.535905361175537,PASS_AFDB_P2RANK_PREDICTED_POCKET_D4_LOADER
Q9ULW5,0,0,0,0,0,0,8.217682361602783,PASS_AFDB_P2RANK_PREDICTED_POCKET_D4_LOADER
Q9UMR5,0,0,0,0,0,0,7.951101541519165,PASS_AFDB_P2RANK_PREDICTED_POCKET_D4_LOADER
Q9UNA3,0,0,0,0,0,0,8.350591897964478,PASS_AFDB_P2RANK_PREDICTED_POCKET_D4_LOADER
Q9UR66,0,0,0,0,0,0,5.085233211517334,BLOCKED_AFDB_P2RANK_NO_POCKET
Q9US39,0,0,0,0,0,0,9.231294631958008,PASS_AFDB_P2RANK_PREDICTED_POCKET_D4_LOADER
Q9US43,0,0,0,0,0,0,6.352117538452148,BLOCKED_ESM2_3B_EXTRACTION_FAILED
Q9US47,0,0,0,0,0,0,8.437591314315796,PASS_AFDB_P2RANK_PREDICTED_POCKET_D4_LOADER
Q9USH6,0,0,0,0,0,0,6.436360836029053,BLOCKED_ESM2_3B_EXTRACTION_FAILED
Q9UT33,0,0,0,0,0,0,5.174541711807251,BLOCKED_AFDB_P2RANK_NO_POCKET
Q9UTF7,0,0,0,0,0,0,8.395230054855347,PASS_AFDB_P2RANK_PREDICTED_POCKET_D4_LOADER
Q9UTL7,0,0,0,0,0,0,7.9167633056640625,PASS_AFDB_P2RANK_PREDICTED_POCKET_D4_LOADER
Q9UTQ4,0,0,0,0,0,0,7.894768238067627,PASS_AFDB_P2RANK_PREDICTED_POCKET_D4_LOADER
Q9UUA2,0,0,0,0,0,0,11.059454679489136,PASS_AFDB_P2RANK_PREDICTED_POCKET_D4_LOADER
Q9UVC3,0,0,0,0,0,0,9.048450469970703,PASS_AFDB_P2RANK_PREDICTED_POCKET_D4_LOADER
Q9UWY8,0,0,0,0,0,0,5.884845972061157,BLOCKED_AFDB_P2RANK_NO_POCKET
Q9V2B0,0,0,0,0,0,0,11.055850982666016,PASS_AFDB_P2RANK_PREDICTED_POCKET_D4_LOADER
Q9V2Z4,0,0,0,0,0,0,8.435333013534546,PASS_AFDB_P2RANK_PREDICTED_POCKET_D4_LOADER
Q9VBL5,0,0,0,0,0,0,8.416769027709961,PASS_AFDB_P2RANK_PREDICTED_POCKET_D4_LOADER
Q9VDD9,0,0,0,0,0,0,8.447444915771484,PASS_AFDB_P2RANK_PREDICTED_POCKET_D4_LOADER
Q9VEP1,0,0,0,0,0,0,8.52504563331604,PASS_AFDB_P2RANK_PREDICTED_POCKET_D4_LOADER
Q9VF36,0,0,0,0,0,0,5.345920085906982,BLOCKED_AFDB_P2RANK_NO_POCKET
Q9VGH1,0,0,0,0,0,0,10.251143217086792,PASS_AFDB_P2RANK_PREDICTED_POCKET_D4_LOADER
Q9VGV8,0,0,0,0,0,0,7.482478857040405,PASS_AFDB_P2RANK_PREDICTED_POCKET_D4_LOADER
Q9VHP0,0,0,0,0,0,0,10.326375007629395,PASS_AFDB_P2RANK_PREDICTED_POCKET_D4_LOADER
Q9VKH6,0,0,0,0,0,0,9.165150880813599,PASS_AFDB_P2RANK_PREDICTED_POCKET_D4_LOADER
Q9VKY8,0,0,0,0,0,0,1.6574361324310303,BLOCKED_AFDB_STRUCTURE_FETCH_FAILED
Q9VQK4,0,0,0,0,0,0,8.977778911590576,PASS_AFDB_P2RANK_PREDICTED_POCKET_D4_LOADER
Q9VQK9,0,0,0,0,0,0,9.14543104171753,PASS_AFDB_P2RANK_PREDICTED_POCKET_D4_LOADER
Q9VQZ6,0,0,0,0,0,0,11.438426494598389,PASS_AFDB_P2RANK_PREDICTED_POCKET_D4_LOADER
Q9VWR5,0,0,0,0,0,0,10.090583562850952,PASS_AFDB_P2RANK_PREDICTED_POCKET_D4_LOADER
Q9W683,0,0,0,0,0,0,3.8971569538116455,BLOCKED_AFDB_STRUCTURE_FETCH_FAILED
Q9WBI3,0,0,0,0,0,0,2.590862989425659,BLOCKED_AFDB_STRUCTURE_FETCH_FAILED
Q9WIJ5,0,0,0,0,0,0,2.957029104232788,BLOCKED_AFDB_STRUCTURE_FETCH_FAILED
Q9WIK0,0,0,0,0,0,0,2.45625901222229,BLOCKED_AFDB_STRUCTURE_FETCH_FAILED
Q9WUW8,0,0,0,0,0,0,9.290472269058228,PASS_AFDB_P2RANK_PREDICTED_POCKET_D4_LOADER
Q9WY48,0,0,0,0,0,0,9.738096952438354,PASS_AFDB_P2RANK_PREDICTED_POCKET_D4_LOADER
Q9X0X1,0,0,0,0,0,0,5.769915342330933,BLOCKED_AFDB_P2RANK_NO_POCKET
Q9X448,0,0,0,0,0,0,1.9157004356384277,BLOCKED_AFDB_STRUCTURE_FETCH_FAILED
Q9X5W6,0,0,0,0,0,0,5.147829055786133,BLOCKED_AFDB_P2RANK_NO_POCKET
Q9X6J5,0,0,0,0,0,0,2.28283429145813,BLOCKED_AFDB_STRUCTURE_FETCH_FAILED
Q9Y2R4,0,0,0,0,0,0,10.072441816329956,PASS_AFDB_P2RANK_PREDICTED_POCKET_D4_LOADER
Q9Y305,0,0,0,0,0,0,9.096407413482666,PASS_AFDB_P2RANK_PREDICTED_POCKET_D4_LOADER
Q9Y3A0,0,0,0,0,0,0,8.662300825119019,PASS_AFDB_P2RANK_PREDICTED_POCKET_D4_LOADER
Q9Y4K4,0,0,0,0,0,0,9.513705253601074,PASS_AFDB_P2RANK_PREDICTED_POCKET_D4_LOADER
Q9Y5L3,0,0,0,0,0,0,8.84728217124939,PASS_AFDB_P2RANK_PREDICTED_POCKET_D4_LOADER
Q9Y620,0,0,0,0,0,0,11.389746189117432,PASS_AFDB_P2RANK_PREDICTED_POCKET_D4_LOADER
Q9Y8K3,0,0,0,0,0,0,5.788810729980469,BLOCKED_AFDB_P2RANK_NO_POCKET
Q9Y8K5,0,0,0,0,0,0,5.665931940078735,BLOCKED_AFDB_P2RANK_NO_POCKET
Q9YBD6,0,0,0,0,0,0,5.712900161743164,BLOCKED_AFDB_P2RANK_NO_POCKET
Q9YDV3,0,0,0,0,0,0,5.951334476470947,BLOCKED_AFDB_P2RANK_NO_POCKET
Q9YUD3,0,0,0,0,0,0,2.563750743865967,BLOCKED_AFDB_STRUCTURE_FETCH_FAILED
Q9YW06,0,0,0,0,0,0,1.5874204635620117,BLOCKED_AFDB_STRUCTURE_FETCH_FAILED
Q9YW20,0,0,0,0,0,0,1.63167405128479,BLOCKED_AFDB_STRUCTURE_FETCH_FAILED
Q9YW39,0,0,0,0,0,0,3.494818925857544,BLOCKED_AFDB_STRUCTURE_FETCH_FAILED
Q9YYS0,0,0,0,0,0,0,1.630514144897461,BLOCKED_AFDB_STRUCTURE_FETCH_FAILED
Q9Z034,0,0,0,0,0,0,2.084108352661133,BLOCKED_AFDB_STRUCTURE_FETCH_FAILED
Q9Z0D3,0,0,0,0,0,0,2.3018319606781006,BLOCKED_AFDB_STRUCTURE_FETCH_FAILED
Q9Z0D4,0,0,0,0,0,0,1.622492790222168,BLOCKED_AFDB_STRUCTURE_FETCH_FAILED
Q9Z0D5,0,0,0,0,0,0,2.0314340591430664,BLOCKED_AFDB_STRUCTURE_FETCH_FAILED
Q9Z0J5,0,0,0,0,0,0,3.773660898208618,BLOCKED_AFDB_STRUCTURE_FETCH_FAILED
Q9Z1Y9,0,0,0,0,0,0,1.6629283428192139,BLOCKED_AFDB_STRUCTURE_FETCH_FAILED
Q9Z431,0,0,0,0,0,0,5.43854832649231,BLOCKED_AFDB_P2RANK_NO_POCKET
Q9Z4Q7,0,0,0,0,0,0,3.1167361736297607,BLOCKED_AFDB_STRUCTURE_FETCH_FAILED
Q9Z9G8,0,0,0,0,0,0,5.666645526885986,BLOCKED_AFDB_P2RANK_NO_POCKET
Q9ZAA7,0,0,0,0,0,0,5.864706993103027,BLOCKED_AFDB_P2RANK_NO_POCKET
Q9ZAA8,0,0,0,0,0,0,6.029400587081909,BLOCKED_AFDB_P2RANK_NO_POCKET
Q9ZET6,0,0,0,0,0,0,5.185835838317871,BLOCKED_AFDB_P2RANK_NO_POCKET
Q9ZI54,0,0,0,0,0,0,4.9596171379089355,BLOCKED_AFDB_P2RANK_NO_POCKET
Q9ZKM6,0,0,0,0,0,0,5.47849702835083,BLOCKED_AFDB_P2RANK_NO_POCKET
Q9ZNT0,0,0,0,0,0,0,8.7312490940094,PASS_AFDB_P2RANK_PREDICTED_POCKET_D4_LOADER
Q9ZPL5,0,0,0,0,0,0,9.125095844268799,PASS_AFDB_P2RANK_PREDICTED_POCKET_D4_LOADER
Q9ZSQ4,0,0,0,0,0,0,3.5911600589752197,BLOCKED_AFDB_STRUCTURE_FETCH_FAILED
Q9ZW72,0,0,0,0,0,0,8.968474626541138,PASS_AFDB_P2RANK_PREDICTED_POCKET_D4_LOADER
Q9ZW85,0,0,0,0,0,0,7.804531097412109,PASS_AFDB_P2RANK_PREDICTED_POCKET_D4_LOADER
Q9ZX92,0,0,0,0,0,0,1.926217794418335,BLOCKED_AFDB_STRUCTURE_FETCH_FAILED
R4LHX8,0,0,0,0,0,0,9.335523843765259,PASS_AFDB_P2RANK_PREDICTED_POCKET_D4_LOADER
R4YXW8,0,0,0,0,0,0,8.607797622680664,PASS_AFDB_P2RANK_PREDICTED_POCKET_D4_LOADER
R9WTS6,0,0,0,0,0,0,2.4577884674072266,BLOCKED_AFDB_STRUCTURE_FETCH_FAILED
S5M744,0,0,0,0,0,0,9.443637132644653,PASS_AFDB_P2RANK_PREDICTED_POCKET_D4_LOADER
S8EYU3,0,0,0,0,0,0,9.748308181762695,PASS_AFDB_P2RANK_PREDICTED_POCKET_D4_LOADER
S8F0G9,0,0,0,0,0,0,10.577237844467163,PASS_AFDB_P2RANK_PREDICTED_POCKET_D4_LOADER
W1Q703,0,0,0,0,0,0,7.31801438331604,PASS_AFDB_P2RANK_PREDICTED_POCKET_D4_LOADER
W1Q7S6,0,0,0,0,0,0,8.186361312866211,PASS_AFDB_P2RANK_PREDICTED_POCKET_D4_LOADER
W1QDJ3,0,0,0,0,0,0,9.290137529373169,PASS_AFDB_P2RANK_PREDICTED_POCKET_D4_LOADER
W1QET1,0,0,0,0,0,0,8.496017456054688,PASS_AFDB_P2RANK_PREDICTED_POCKET_D4_LOADER
W1QGQ0,0,0,0,0,0,0,7.457810640335083,PASS_AFDB_P2RANK_PREDICTED_POCKET_D4_LOADER
W1QJK0,0,0,0,0,0,0,11.201148986816406,PASS_AFDB_P2RANK_PREDICTED_POCKET_D4_LOADER
W6JPP9,0,0,0,0,0,0,8.381587505340576,PASS_AFDB_P2RANK_PREDICTED_POCKET_D4_LOADER
W7K6N5,0,0,0,0,0,0,8.857772827148438,PASS_AFDB_P2RANK_PREDICTED_POCKET_D4_LOADER
