UniprotID,original_uid,uniprot_query_status,primary_accession,secondary_accessions,canonical_or_isoform,organism,sequence_length,afdb_primary_probe_status,afdb_secondary_probe_status,reviewed_accession_candidate,reviewed_accession_action,review_notes
A0A023GS29,A0A023GS29,,,,,,369,404,,,,AFDB v6 structure could not be fetched for the original UID.
A0A059WGE7,A0A059WGE7,,,,,,865,404,,,,AFDB v6 structure could not be fetched for the original UID.
A0A061FLA2,A0A061FLA2,,,,,,365,404,,,,AFDB v6 structure could not be fetched for the original UID.
A0A077EYL8,A0A077EYL8,,,,,,239,000,,,,AFDB v6 structure could not be fetched for the original UID.
A0A0S0MVI5,A0A0S0MVI5,,,,,,292,404,,,,AFDB v6 structure could not be fetched for the original UID.
A0A0S0MX59,A0A0S0MX59,,,,,,140,404,,,,AFDB v6 structure could not be fetched for the original UID.
A0A0S0N8M3,A0A0S0N8M3,,,,,,286,404,,,,AFDB v6 structure could not be fetched for the original UID.
A0A0S0N9S9,A0A0S0N9S9,,,,,,189,404,,,,AFDB v6 structure could not be fetched for the original UID.
A0A125SXN3,A0A125SXN3,,,,,,755,404,,,,AFDB v6 structure could not be fetched for the original UID.
A0A1E5RIW9,A0A1E5RIW9,,,,,,348,404,,,,AFDB v6 structure could not be fetched for the original UID.
A0A1E5S1A9,A0A1E5S1A9,,,,,,503,404,,,,AFDB v6 structure could not be fetched for the original UID.
A0A217ER65,A0A217ER65,,,,,,259,404,,,,AFDB v6 structure could not be fetched for the original UID.
A0A2H5BHG9,A0A2H5BHG9,,,,,,203,404,,,,AFDB v6 structure could not be fetched for the original UID.
A0A2H5BHJ6,A0A2H5BHJ6,,,,,,387,404,,,,AFDB v6 structure could not be fetched for the original UID.
A0A2L0V130,A0A2L0V130,,,,,,367,404,,,,AFDB v6 structure could not be fetched for the original UID.
A0A2L0V161,A0A2L0V161,,,,,,290,404,,,,AFDB v6 structure could not be fetched for the original UID.
A0A345MJY6,A0A345MJY6,,,,,,256,404,,,,AFDB v6 structure could not be fetched for the original UID.
A0A516KNH9,A0A516KNH9,,,,,,259,404,,,,AFDB v6 structure could not be fetched for the original UID.
A0A7H0DN19,A0A7H0DN19,,,,,,151,404,,,,AFDB v6 structure could not be fetched for the original UID.
A0A7H0DN21,A0A7H0DN21,,,,,,319,404,,,,AFDB v6 structure could not be fetched for the original UID.
A0A7H0DN27,A0A7H0DN27,,,,,,439,404,,,,AFDB v6 structure could not be fetched for the original UID.
A0A7H0DN30,A0A7H0DN30,,,,,,372,404,,,,AFDB v6 structure could not be fetched for the original UID.
A0A7H0DN45,A0A7H0DN45,,,,,,95,404,,,,AFDB v6 structure could not be fetched for the original UID.
A0A7H0DN52,A0A7H0DN52,,,,,,771,404,,,,AFDB v6 structure could not be fetched for the original UID.
A0A7H0DN56,A0A7H0DN56,,,,,,676,404,,,,AFDB v6 structure could not be fetched for the original UID.
A0A7H0DN73,A0A7H0DN73,,,,,,177,404,,,,AFDB v6 structure could not be fetched for the original UID.
A0A7H0DN74,A0A7H0DN74,,,,,,333,404,,,,AFDB v6 structure could not be fetched for the original UID.
A0A7H0DN78,A0A7H0DN78,,,,,,171,404,,,,AFDB v6 structure could not be fetched for the original UID.
A0A7H0DN85,A0A7H0DN85,,,,,,845,404,,,,AFDB v6 structure could not be fetched for the original UID.
A0A7H0DN93,A0A7H0DN93,,,,,,213,404,,,,AFDB v6 structure could not be fetched for the original UID.
A0A7H0DN95,A0A7H0DN95,,,,,,631,404,,,,AFDB v6 structure could not be fetched for the original UID.
A0A7H0DNE2,A0A7H0DNE2,,,,,,346,404,,,,AFDB v6 structure could not be fetched for the original UID.
A0A7H0DNE5,A0A7H0DNE5,,,,,,204,404,,,,AFDB v6 structure could not be fetched for the original UID.
A0A7H0DNE9,A0A7H0DNE9,,,,,,303,404,,,,AFDB v6 structure could not be fetched for the original UID.
A0A7H0DNF0,A0A7H0DNF0,,,,,,503,404,,,,AFDB v6 structure could not be fetched for the original UID.
A0A7U3TBV3,A0A7U3TBV3,,,,,,105,404,,,,AFDB v6 structure could not be fetched for the original UID.
A0A7U3TBV6,A0A7U3TBV6,,,,,,359,404,,,,AFDB v6 structure could not be fetched for the original UID.
A0A7U3TCA2,A0A7U3TCA2,,,,,,175,404,,,,AFDB v6 structure could not be fetched for the original UID.
A0A868BQY3,A0A868BQY3,,,,,,152,404,,,,AFDB v6 structure could not be fetched for the original UID.
A0A8G1LR08,A0A8G1LR08,,,,,,257,404,,,,AFDB v6 structure could not be fetched for the original UID.
A0A913XCT1,A0A913XCT1,,,,,,546,404,,,,AFDB v6 structure could not be fetched for the original UID.
A1E952,A1E952,,,,,,116,404,,,,AFDB v6 structure could not be fetched for the original UID.
A1VE87,A1VE87,,,,,,351,404,,,,AFDB v6 structure could not be fetched for the original UID.
A1YIZ1,A1YIZ1,,,,,,451,404,,,,AFDB v6 structure could not be fetched for the original UID.
A2QDI9,A2QDI9,,,,,,601,404,,,,AFDB v6 structure could not be fetched for the original UID.
A2T3S5,A2T3S5,,,,,,835,404,,,,AFDB v6 structure could not be fetched for the original UID.
A3MZ45,A3MZ45,,,,,,347,404,,,,AFDB v6 structure could not be fetched for the original UID.
A4GT88,A4GT88,,,,,,249,404,,,,AFDB v6 structure could not be fetched for the original UID.
A4KX71,A4KX71,,,,,,944,404,,,,AFDB v6 structure could not be fetched for the original UID.
A4KX74,A4KX74,,,,,,655,404,,,,AFDB v6 structure could not be fetched for the original UID.
A4QDS8,A4QDS8,,,,,,481,404,,,,AFDB v6 structure could not be fetched for the original UID.
A4ZCW6,A4ZCW6,,,,,,835,404,,,,AFDB v6 structure could not be fetched for the original UID.
A4ZU96,A4ZU96,,,,,,156,404,,,,AFDB v6 structure could not be fetched for the original UID.
A5B4D2,A5B4D2,,,,,,680,404,,,,AFDB v6 structure could not be fetched for the original UID.
A5HBG1,A5HBG1,,,,,,648,404,,,,AFDB v6 structure could not be fetched for the original UID.
A5UG02,A5UG02,,,,,,347,404,,,,AFDB v6 structure could not be fetched for the original UID.
A6QP01,A6QP01,,,,,,195,404,,,,AFDB v6 structure could not be fetched for the original UID.
A6TU46,A6TU46,,,,,,158,404,,,,AFDB v6 structure could not be fetched for the original UID.
A7FTE0,A7FTE0,,,,,,158,404,,,,AFDB v6 structure could not be fetched for the original UID.
A7GCV1,A7GCV1,,,,,,158,404,,,,AFDB v6 structure could not be fetched for the original UID.
A7J392,A7J392,,,,,,835,404,,,,AFDB v6 structure could not be fetched for the original UID.
A7J3A0,A7J3A0,,,,,,835,404,,,,AFDB v6 structure could not be fetched for the original UID.
A7J3A4,A7J3A4,,,,,,835,404,,,,AFDB v6 structure could not be fetched for the original UID.
A7YD35,A7YD35,,,,,,267,404,,,,AFDB v6 structure could not be fetched for the original UID.
A8MHJ6,A8MHJ6,,,,,,346,000,,,,AFDB v6 structure could not be fetched for the original UID.
A8Y984,A8Y984,,,,,,655,404,,,,AFDB v6 structure could not be fetched for the original UID.
A9Q1K9,A9Q1K9,,,,,,719,000,,,,AFDB v6 structure could not be fetched for the original UID.
B1NKR1,B1NKR1,,,,,,835,404,,,,AFDB v6 structure could not be fetched for the original UID.
B1NKR5,B1NKR5,,,,,,835,404,,,,AFDB v6 structure could not be fetched for the original UID.
B1NKS7,B1NKS7,,,,,,835,404,,,,AFDB v6 structure could not be fetched for the original UID.
B1NKT1,B1NKT1,,,,,,835,404,,,,AFDB v6 structure could not be fetched for the original UID.
B1NKT9,B1NKT9,,,,,,835,404,,,,AFDB v6 structure could not be fetched for the original UID.
B1NKU3,B1NKU3,,,,,,835,404,,,,AFDB v6 structure could not be fetched for the original UID.
B2BMF9,B2BMF9,,,,,,835,404,,,,AFDB v6 structure could not be fetched for the original UID.
B2BW43,B2BW43,,,,,,210,404,,,,AFDB v6 structure could not be fetched for the original UID.
B2S2W8,B2S2W8,,,,,,291,404,,,,AFDB v6 structure could not be fetched for the original UID.
B3A0L6,B3A0L6,,,,,,11,404,,,,AFDB v6 structure could not be fetched for the original UID.
B3E7F7,B3E7F7,,,,,,346,404,,,,AFDB v6 structure could not be fetched for the original UID.
B3EWG7,B3EWG7,,,,,,9,404,,,,AFDB v6 structure could not be fetched for the original UID.
B3EWG8,B3EWG8,,,,,,10,404,,,,AFDB v6 structure could not be fetched for the original UID.
B3F2X7,B3F2X7,,,,,,835,404,,,,AFDB v6 structure could not be fetched for the original UID.
B3FK34,B3FK34,,,,,,315,404,,,,AFDB v6 structure could not be fetched for the original UID.
B3Y522,B3Y522,,,,,,685,404,,,,AFDB v6 structure could not be fetched for the original UID.
B5E1P6,B5E1P6,,,,,,480,404,,,,AFDB v6 structure could not be fetched for the original UID.
B5E1Q6,B5E1Q6,,,,,,340,404,,,,AFDB v6 structure could not be fetched for the original UID.
B5E1U9,B5E1U9,,,,,,398,404,,,,AFDB v6 structure could not be fetched for the original UID.
B5E217,B5E217,,,,,,177,404,,,,AFDB v6 structure could not be fetched for the original UID.
B5E2R3,B5E2R3,,,,,,294,404,,,,AFDB v6 structure could not be fetched for the original UID.
B5E379,B5E379,,,,,,449,404,,,,AFDB v6 structure could not be fetched for the original UID.
B5E399,B5E399,,,,,,338,404,,,,AFDB v6 structure could not be fetched for the original UID.
B5E3C8,B5E3C8,,,,,,429,404,,,,AFDB v6 structure could not be fetched for the original UID.
B5E4A8,B5E4A8,,,,,,459,404,,,,AFDB v6 structure could not be fetched for the original UID.
B5E4E3,B5E4E3,,,,,,418,404,,,,AFDB v6 structure could not be fetched for the original UID.
B5E4L2,B5E4L2,,,,,,272,404,,,,AFDB v6 structure could not be fetched for the original UID.
B5E4N4,B5E4N4,,,,,,380,404,,,,AFDB v6 structure could not be fetched for the original UID.
B5E4T0,B5E4T0,,,,,,309,404,,,,AFDB v6 structure could not be fetched for the original UID.
B5E4U6,B5E4U6,,,,,,212,404,,,,AFDB v6 structure could not be fetched for the original UID.
B5E4Y3,B5E4Y3,,,,,,328,404,,,,AFDB v6 structure could not be fetched for the original UID.
B5E552,B5E552,,,,,,591,404,,,,AFDB v6 structure could not be fetched for the original UID.
B5E5J6,B5E5J6,,,,,,340,404,,,,AFDB v6 structure could not be fetched for the original UID.
B5E5N2,B5E5N2,,,,,,388,404,,,,AFDB v6 structure could not be fetched for the original UID.
B5E5N3,B5E5N3,,,,,,355,404,,,,AFDB v6 structure could not be fetched for the original UID.
B5E5P6,B5E5P6,,,,,,316,404,,,,AFDB v6 structure could not be fetched for the original UID.
B5E5S4,B5E5S4,,,,,,342,404,,,,AFDB v6 structure could not be fetched for the original UID.
B5E5U9,B5E5U9,,,,,,203,404,,,,AFDB v6 structure could not be fetched for the original UID.
B5E5W0,B5E5W0,,,,,,193,404,,,,AFDB v6 structure could not be fetched for the original UID.
B5E5X4,B5E5X4,,,,,,328,404,,,,AFDB v6 structure could not be fetched for the original UID.
B5E605,B5E605,,,,,,373,404,,,,AFDB v6 structure could not be fetched for the original UID.
B5E670,B5E670,,,,,,468,404,,,,AFDB v6 structure could not be fetched for the original UID.
B5E6K3,B5E6K3,,,,,,450,404,,,,AFDB v6 structure could not be fetched for the original UID.
B5E6K6,B5E6K6,,,,,,322,404,,,,AFDB v6 structure could not be fetched for the original UID.
B5E6L9,B5E6L9,,,,,,314,404,,,,AFDB v6 structure could not be fetched for the original UID.
B5E6M0,B5E6M0,,,,,,170,404,,,,AFDB v6 structure could not be fetched for the original UID.
B5E7F2,B5E7F2,,,,,,424,404,,,,AFDB v6 structure could not be fetched for the original UID.
B5EBG1,B5EBG1,,,,,,343,404,,,,AFDB v6 structure could not be fetched for the original UID.
B5WWZ9,B5WWZ9,,,,,,750,404,,,,AFDB v6 structure could not be fetched for the original UID.
B7JIE1,B7JIE1,,,,,,317,404,,,,AFDB v6 structure could not be fetched for the original UID.
B7JIX2,B7JIX2,,,,,,327,404,,,,AFDB v6 structure could not be fetched for the original UID.
B8B8K5,B8B8K5,,,,,,366,404,,,,AFDB v6 structure could not be fetched for the original UID.
B8DNL1,B8DNL1,,,,,,350,404,,,,AFDB v6 structure could not be fetched for the original UID.
B9A1H3,B9A1H3,,,,,,495,404,,,,AFDB v6 structure could not be fetched for the original UID.
B9UYK5,B9UYK5,,,,,,776,404,,,,AFDB v6 structure could not be fetched for the original UID.
B9UYK7,B9UYK7,,,,,,667,404,,,,AFDB v6 structure could not be fetched for the original UID.
C0HJL9,C0HJL9,,,,,,15,404,,,,AFDB v6 structure could not be fetched for the original UID.
C1IWT2,C1IWT2,,,,,,668,404,,,,AFDB v6 structure could not be fetched for the original UID.
C3RZA1,C3RZA1,,,,,,433,404,,,,AFDB v6 structure could not be fetched for the original UID.
C5IY43,C5IY43,,,,,,776,404,,,,AFDB v6 structure could not be fetched for the original UID.
C5IY46,C5IY46,,,,,,670,404,,,,AFDB v6 structure could not be fetched for the original UID.
C5IY48,C5IY48,,,,,,780,404,,,,AFDB v6 structure could not be fetched for the original UID.
C6E5Z5,C6E5Z5,,,,,,343,404,,,,AFDB v6 structure could not be fetched for the original UID.
C8XPS0,C8XPS0,,,,,,595,404,,,,AFDB v6 structure could not be fetched for the original UID.
C9DG80,C9DG80,,,,,,310,404,,,,AFDB v6 structure could not be fetched for the original UID.
C9DGK1,C9DGK1,,,,,,357,404,,,,AFDB v6 structure could not be fetched for the original UID.
D0EZM8,D0EZM8,,,,,,781,404,,,,AFDB v6 structure could not be fetched for the original UID.
D1L2Y9,D1L2Y9,,,,,,186,404,,,,AFDB v6 structure could not be fetched for the original UID.
D3XDS2,D3XDS2,,,,,,643,404,,,,AFDB v6 structure could not be fetched for the original UID.
D4N3P2,D4N3P2,,,,,,280,404,,,,AFDB v6 structure could not be fetched for the original UID.
D9ICP2,D9ICP2,,,,,,173,404,,,,AFDB v6 structure could not be fetched for the original UID.
E1XT70,E1XT70,,,,,,220,404,,,,AFDB v6 structure could not be fetched for the original UID.
E1XTJ1,E1XTJ1,,,,,,424,404,,,,AFDB v6 structure could not be fetched for the original UID.
E1XTK3,E1XTK3,,,,,,304,404,,,,AFDB v6 structure could not be fetched for the original UID.
E1XTK6,E1XTK6,,,,,,411,404,,,,AFDB v6 structure could not be fetched for the original UID.
E3SEW0,E3SEW0,,,,,,151,404,,,,AFDB v6 structure could not be fetched for the original UID.
E5EYS5,E5EYS5,,,,,,150,404,,,,AFDB v6 structure could not be fetched for the original UID.
F2Z9C1,F2Z9C1,,,,,,524,404,,,,AFDB v6 structure could not be fetched for the original UID.
F5HAW0,F5HAW0,,,,,,305,404,,,,AFDB v6 structure could not be fetched for the original UID.
F5HB62,F5HB62,,,,,,580,404,,,,AFDB v6 structure could not be fetched for the original UID.
F5HGH5,F5HGH5,,,,,,444,404,,,,AFDB v6 structure could not be fetched for the original UID.
F8SJR0,F8SJR0,,,,,,315,404,,,,AFDB v6 structure could not be fetched for the original UID.
G3FFN4,G3FFN4,,,,,,170,404,,,,AFDB v6 structure could not be fetched for the original UID.
G3FFN6,G3FFN6,,,,,,343,404,,,,AFDB v6 structure could not be fetched for the original UID.
G9JJU2,G9JJU2,,,,,,172,404,,,,AFDB v6 structure could not be fetched for the original UID.
I7K316,I7K316,,,,,,153,404,,,,AFDB v6 structure could not be fetched for the original UID.
L7WGA7,L7WGA7,,,,,,288,404,,,,AFDB v6 structure could not be fetched for the original UID.
M1EAP5,M1EAP5,,,,,,152,404,,,,AFDB v6 structure could not be fetched for the original UID.
M5AAG8,M5AAG8,,,,,,718,404,,,,AFDB v6 structure could not be fetched for the original UID.
O02827,O02827,,,,,,438,404,,,,AFDB v6 structure could not be fetched for the original UID.
O03063,O03063,,,,,,284,404,,,,AFDB v6 structure could not be fetched for the original UID.
O03067,O03067,,,,,,476,404,,,,AFDB v6 structure could not be fetched for the original UID.
O03070,O03070,,,,,,208,404,,,,AFDB v6 structure could not be fetched for the original UID.
O03073,O03073,,,,,,208,404,,,,AFDB v6 structure could not be fetched for the original UID.
O03077,O03077,,,,,,220,404,,,,AFDB v6 structure could not be fetched for the original UID.
O03085,O03085,,,,,,479,404,,,,AFDB v6 structure could not be fetched for the original UID.
O07824,O07824,,,,,,449,404,,,,AFDB v6 structure could not be fetched for the original UID.
O10269,O10269,,,,,,274,404,,,,AFDB v6 structure could not be fetched for the original UID.
O10273,O10273,,,,,,160,404,,,,AFDB v6 structure could not be fetched for the original UID.
O10274,O10274,,,,,,220,404,,,,AFDB v6 structure could not be fetched for the original UID.
O10340,O10340,,,,,,457,404,,,,AFDB v6 structure could not be fetched for the original UID.
O13010,O13010,,,,,,406,404,,,,AFDB v6 structure could not be fetched for the original UID.
O13434,O13434,,,,,,553,404,,,,AFDB v6 structure could not be fetched for the original UID.
O22000,O22000,,,,,,128,404,,,,AFDB v6 structure could not be fetched for the original UID.
O23939,O23939,,,,,,322,404,,,,AFDB v6 structure could not be fetched for the original UID.
O30642,O30642,,,,,,458,404,,,,AFDB v6 structure could not be fetched for the original UID.
O32378,O32378,,,,,,318,404,,,,AFDB v6 structure could not be fetched for the original UID.
O32414,O32414,,,,,,339,404,,,,AFDB v6 structure could not be fetched for the original UID.
O32518,O32518,,,,,,158,404,,,,AFDB v6 structure could not be fetched for the original UID.
O36371,O36371,,,,,,561,404,,,,AFDB v6 structure could not be fetched for the original UID.
O36385,O36385,,,,,,454,404,,,,AFDB v6 structure could not be fetched for the original UID.
O36404,O36404,,,,,,298,404,,,,AFDB v6 structure could not be fetched for the original UID.
O36410,O36410,,,,,,305,404,,,,AFDB v6 structure could not be fetched for the original UID.
O36411,O36411,,,,,,780,404,,,,AFDB v6 structure could not be fetched for the original UID.
O37319,O37319,,,,,,646,404,,,,AFDB v6 structure could not be fetched for the original UID.
O39828,O39828,,,,,,286,404,,,,AFDB v6 structure could not be fetched for the original UID.
O40619,O40619,,,,,,606,404,,,,AFDB v6 structure could not be fetched for the original UID.
O41033,O41033,,,,,,141,404,,,,AFDB v6 structure could not be fetched for the original UID.
O41136,O41136,,,,,,197,404,,,,AFDB v6 structure could not be fetched for the original UID.
O41156,O41156,,,,,,216,404,,,,AFDB v6 structure could not be fetched for the original UID.
O42411,O42411,,,,,,245,404,,,,AFDB v6 structure could not be fetched for the original UID.
O42412,O42412,,,,,,258,404,,,,AFDB v6 structure could not be fetched for the original UID.
O42449,O42449,,,,,,248,404,,,,AFDB v6 structure could not be fetched for the original UID.
O44111,O44111,,,,,,339,000,,,,AFDB v6 structure could not be fetched for the original UID.
O48500,O48500,,,,,,148,404,,,,AFDB v6 structure could not be fetched for the original UID.
O51215,O51215,,,,,,286,404,,,,AFDB v6 structure could not be fetched for the original UID.
O51291,O51291,,,,,,279,404,,,,AFDB v6 structure could not be fetched for the original UID.
O55716,O55716,,,,,,959,404,,,,AFDB v6 structure could not be fetched for the original UID.
O57175,O57175,,,,,,319,404,,,,AFDB v6 structure could not be fetched for the original UID.
O57177,O57177,,,,,,439,404,,,,AFDB v6 structure could not be fetched for the original UID.
O57179,O57179,,,,,,372,404,,,,AFDB v6 structure could not be fetched for the original UID.
O57193,O57193,,,,,,676,404,,,,AFDB v6 structure could not be fetched for the original UID.
O57203,O57203,,,,,,177,404,,,,AFDB v6 structure could not be fetched for the original UID.
O57209,O57209,,,,,,844,404,,,,AFDB v6 structure could not be fetched for the original UID.
O57214,O57214,,,,,,631,404,,,,AFDB v6 structure could not be fetched for the original UID.
O57245,O57245,,,,,,346,404,,,,AFDB v6 structure could not be fetched for the original UID.
O57252,O57252,,,,,,300,404,,,,AFDB v6 structure could not be fetched for the original UID.
O61069,O61069,,,,,,209,404,,,,AFDB v6 structure could not be fetched for the original UID.
O62768,O62768,,,,,,499,404,,,,AFDB v6 structure could not be fetched for the original UID.
O64174,O64174,,,,,,329,000,,,,AFDB v6 structure could not be fetched for the original UID.
O64238,O64238,,,,,,235,404,,,,AFDB v6 structure could not be fetched for the original UID.
O64240,O64240,,,,,,693,404,,,,AFDB v6 structure could not be fetched for the original UID.
O64900,O64900,,,,,,488,404,,,,AFDB v6 structure could not be fetched for the original UID.
O65316,O65316,,,,,,377,404,,,,AFDB v6 structure could not be fetched for the original UID.
O67139,O67139,,,,,,336,404,,,,AFDB v6 structure could not be fetched for the original UID.
O67441,O67441,,,,,,350,404,,,,AFDB v6 structure could not be fetched for the original UID.
O69407,O69407,,,,,,437,404,,,,AFDB v6 structure could not be fetched for the original UID.
O69783,O69783,,,,,,242,404,,,,AFDB v6 structure could not be fetched for the original UID.
O70325,O70325,,,,,,197,404,,,,AFDB v6 structure could not be fetched for the original UID.
O71028,O71028,,,,,,158,404,,,,AFDB v6 structure could not be fetched for the original UID.
O71153,O71153,,,,,,545,404,,,,AFDB v6 structure could not be fetched for the original UID.
O72904,O72904,,,,,,682,404,,,,AFDB v6 structure could not be fetched for the original UID.
O72907,O72907,,,,,,637,404,,,,AFDB v6 structure could not be fetched for the original UID.
O72908,O72908,,,,,,289,404,,,,AFDB v6 structure could not be fetched for the original UID.
O83386,O83386,,,,,,291,404,,,,AFDB v6 structure could not be fetched for the original UID.
O83432,O83432,,,,,,559,404,,,,AFDB v6 structure could not be fetched for the original UID.
O83571,O83571,,,,,,661,404,,,,AFDB v6 structure could not be fetched for the original UID.
O83759,O83759,,,,,,679,404,,,,AFDB v6 structure could not be fetched for the original UID.
O83774,O83774,,,,,,362,404,,,,AFDB v6 structure could not be fetched for the original UID.
O86186,O86186,,,,,,436,404,,,,AFDB v6 structure could not be fetched for the original UID.
O87790,O87790,,,,,,120,404,,,,AFDB v6 structure could not be fetched for the original UID.
O89049,O89049,,,,,,499,404,,,,AFDB v6 structure could not be fetched for the original UID.
O91254,O91254,,,,,,282,404,,,,AFDB v6 structure could not be fetched for the original UID.
O91262,O91262,,,,,,439,404,,,,AFDB v6 structure could not be fetched for the original UID.
O91729,O91729,,,,,,647,404,,,,AFDB v6 structure could not be fetched for the original UID.
O92367,O92367,,,,,,431,404,,,,AFDB v6 structure could not be fetched for the original UID.
O92490,O92490,,,,,,240,404,,,,AFDB v6 structure could not be fetched for the original UID.
O93658,O93658,,,,,,495,404,,,,AFDB v6 structure could not be fetched for the original UID.
O93661,O93661,,,,,,467,404,,,,AFDB v6 structure could not be fetched for the original UID.
O98360,O98360,,,,,,440,404,,,,AFDB v6 structure could not be fetched for the original UID.
O98668,O98668,,,,,,468,404,,,,AFDB v6 structure could not be fetched for the original UID.
O98766,O98766,,,,,,498,404,,,,AFDB v6 structure could not be fetched for the original UID.
O98883,O98883,,,,,,468,404,,,,AFDB v6 structure could not be fetched for the original UID.
O99001,O99001,,,,,,466,404,,,,AFDB v6 structure could not be fetched for the original UID.
P00346,P00346,,,,,,338,404,,,,AFDB v6 structure could not be fetched for the original UID.
P00368,P00368,,,,,,503,404,,,,AFDB v6 structure could not be fetched for the original UID.
P00435,P00435,,,,,,205,404,,,,AFDB v6 structure could not be fetched for the original UID.
P00471,P00471,,,,,,286,404,,,,AFDB v6 structure could not be fetched for the original UID.
P00476,P00476,,,,,,439,404,,,,AFDB v6 structure could not be fetched for the original UID.
P00513,P00513,,,,,,359,404,,,,AFDB v6 structure could not be fetched for the original UID.
P00521,P00521,,,,,,746,404,,,,AFDB v6 structure could not be fetched for the original UID.
P00524,P00524,,,,,,526,404,,,,AFDB v6 structure could not be fetched for the original UID.
P00525,P00525,,,,,,526,404,,,,AFDB v6 structure could not be fetched for the original UID.
P00526,P00526,,,,,,526,404,,,,AFDB v6 structure could not be fetched for the original UID.
P00527,P00527,,,,,,528,404,,,,AFDB v6 structure could not be fetched for the original UID.
P00529,P00529,,,,,,402,404,,,,AFDB v6 structure could not be fetched for the original UID.
P00530,P00530,,,,,,873,404,,,,AFDB v6 structure could not be fetched for the original UID.
P00531,P00531,,,,,,380,404,,,,AFDB v6 structure could not be fetched for the original UID.
P00532,P00532,,,,,,323,404,,,,AFDB v6 structure could not be fetched for the original UID.
P00534,P00534,,,,,,634,404,,,,AFDB v6 structure could not be fetched for the original UID.
P00535,P00535,,,,,,604,404,,,,AFDB v6 structure could not be fetched for the original UID.
P00537,P00537,,,,,,376,404,,,,AFDB v6 structure could not be fetched for the original UID.
P00538,P00538,,,,,,374,404,,,,AFDB v6 structure could not be fetched for the original UID.
P00541,P00541,,,,,,533,404,,,,AFDB v6 structure could not be fetched for the original UID.
P00542,P00542,,,,,,609,404,,,,AFDB v6 structure could not be fetched for the original UID.
P00543,P00543,,,,,,477,404,,,,AFDB v6 structure could not be fetched for the original UID.
P00545,P00545,,,,,,978,404,,,,AFDB v6 structure could not be fetched for the original UID.
P00587,P00587,,,,,,560,404,,,,AFDB v6 structure could not be fetched for the original UID.
P00588,P00588,,,,,,567,404,,,,AFDB v6 structure could not be fetched for the original UID.
P00814,P00814,,,,,,188,404,,,,AFDB v6 structure could not be fetched for the original UID.
P00917,P00917,,,,,,261,404,,,,AFDB v6 structure could not be fetched for the original UID.
P01113,P01113,,,,,,189,404,,,,AFDB v6 structure could not be fetched for the original UID.
P01114,P01114,,,,,,248,404,,,,AFDB v6 structure could not be fetched for the original UID.
P01115,P01115,,,,,,241,404,,,,AFDB v6 structure could not be fetched for the original UID.
P01117,P01117,,,,,,189,404,,,,AFDB v6 structure could not be fetched for the original UID.
P02580,P02580,,,,,,376,404,,,,AFDB v6 structure could not be fetched for the original UID.
P02581,P02581,,,,,,377,404,,,,AFDB v6 structure could not be fetched for the original UID.
P03006,P03006,,,,,,458,404,,,,AFDB v6 structure could not be fetched for the original UID.
P03070,P03070,,,,,,708,404,,,,AFDB v6 structure could not be fetched for the original UID.
P03071,P03071,,,,,,695,404,,,,AFDB v6 structure could not be fetched for the original UID.
P03072,P03072,,,,,,688,404,,,,AFDB v6 structure could not be fetched for the original UID.
P03073,P03073,,,,,,785,404,,,,AFDB v6 structure could not be fetched for the original UID.
P03075,P03075,,,,,,751,404,,,,AFDB v6 structure could not be fetched for the original UID.
P03111,P03111,,,,,,612,404,,,,AFDB v6 structure could not be fetched for the original UID.
P03112,P03112,,,,,,602,404,,,,AFDB v6 structure could not be fetched for the original UID.
P03113,P03113,,,,,,649,404,,,,AFDB v6 structure could not be fetched for the original UID.
P03114,P03114,,,,,,649,404,,,,AFDB v6 structure could not be fetched for the original UID.
P03116,P03116,,,,,,605,404,,,,AFDB v6 structure could not be fetched for the original UID.
P03117,P03117,,,,,,613,404,,,,AFDB v6 structure could not be fetched for the original UID.
P03132,P03132,,,,,,536,404,,,,AFDB v6 structure could not be fetched for the original UID.
P03133,P03133,,,,,,672,404,,,,AFDB v6 structure could not be fetched for the original UID.
P03134,P03134,,,,,,672,404,,,,AFDB v6 structure could not be fetched for the original UID.
P03177,P03177,,,,,,607,404,,,,AFDB v6 structure could not be fetched for the original UID.
P03190,P03190,,,,,,826,404,,,,AFDB v6 structure could not be fetched for the original UID.
P03195,P03195,,,,,,278,404,,,,AFDB v6 structure could not be fetched for the original UID.
P03318,P03318,,,,,,995,404,,,,AFDB v6 structure could not be fetched for the original UID.
P03465,P03465,,,,,,654,404,,,,AFDB v6 structure could not be fetched for the original UID.
P03692,P03692,,,,,,566,404,,,,AFDB v6 structure could not be fetched for the original UID.
P03707,P03707,,,,,,181,404,,,,AFDB v6 structure could not be fetched for the original UID.
P03763,P03763,,,,,,312,404,,,,AFDB v6 structure could not be fetched for the original UID.
P03772,P03772,,,,,,221,404,,,,AFDB v6 structure could not be fetched for the original UID.
P03781,P03781,,,,,,196,404,,,,AFDB v6 structure could not be fetched for the original UID.
P04008,P04008,,,,,,697,404,,,,AFDB v6 structure could not be fetched for the original UID.
P04014,P04014,,,,,,649,404,,,,AFDB v6 structure could not be fetched for the original UID.
P04021,P04021,,,,,,372,404,,,,AFDB v6 structure could not be fetched for the original UID.
P04024,P04024,,,,,,912,404,,,,AFDB v6 structure could not be fetched for the original UID.
P04041,P04041,,,,,,201,404,,,,AFDB v6 structure could not be fetched for the original UID.
P04048,P04048,,,,,,370,404,,,,AFDB v6 structure could not be fetched for the original UID.
P04290,P04290,,,,,,518,404,,,,AFDB v6 structure could not be fetched for the original UID.
P04298,P04298,,,,,,844,404,,,,AFDB v6 structure could not be fetched for the original UID.
P04311,P04311,,,,,,213,404,,,,AFDB v6 structure could not be fetched for the original UID.
P04363,P04363,,,,,,177,404,,,,AFDB v6 structure could not be fetched for the original UID.
P04382,P04382,,,,,,193,404,,,,AFDB v6 structure could not be fetched for the original UID.
P04392,P04392,,,,,,259,404,,,,AFDB v6 structure could not be fetched for the original UID.
P04407,P04407,,,,,,376,404,,,,AFDB v6 structure could not be fetched for the original UID.
P04408,P04408,,,,,,361,404,,,,AFDB v6 structure could not be fetched for the original UID.
P04413,P04413,,,,,,481,404,,,,AFDB v6 structure could not be fetched for the original UID.
P04418,P04418,,,,,,138,404,,,,AFDB v6 structure could not be fetched for the original UID.
P04531,P04531,,,,,,241,404,,,,AFDB v6 structure could not be fetched for the original UID.
P04533,P04533,,,,,,152,404,,,,AFDB v6 structure could not be fetched for the original UID.
P05079,P05079,,,,,,179,404,,,,AFDB v6 structure could not be fetched for the original UID.
P05807,P05807,,,,,,631,404,,,,AFDB v6 structure could not be fetched for the original UID.
P06018,P06018,,,,,,241,404,,,,AFDB v6 structure could not be fetched for the original UID.
P06420,P06420,,,,,,603,404,,,,AFDB v6 structure could not be fetched for the original UID.
P06421,P06421,,,,,,644,404,,,,AFDB v6 structure could not be fetched for the original UID.
P06431,P06431,,,,,,392,404,,,,AFDB v6 structure could not be fetched for the original UID.
P06474,P06474,,,,,,340,404,,,,AFDB v6 structure could not be fetched for the original UID.
P06478,P06478,,,,,,376,404,,,,AFDB v6 structure could not be fetched for the original UID.
P06479,P06479,,,,,,376,404,,,,AFDB v6 structure could not be fetched for the original UID.
P06789,P06789,,,,,,657,404,,,,AFDB v6 structure could not be fetched for the original UID.
P06854,P06854,,,,,,294,404,,,,AFDB v6 structure could not be fetched for the original UID.
P06855,P06855,,,,,,301,404,,,,AFDB v6 structure could not be fetched for the original UID.
P06920,P06920,,,,,,606,404,,,,AFDB v6 structure could not be fetched for the original UID.
P07071,P07071,,,,,,605,404,,,,AFDB v6 structure could not be fetched for the original UID.
P07203,P07203,,,,,,203,404,,,,AFDB v6 structure could not be fetched for the original UID.
P07239,P07239,,,,,,171,404,,,,AFDB v6 structure could not be fetched for the original UID.
P07296,P07296,,,,,,860,404,,,,AFDB v6 structure could not be fetched for the original UID.
P07297,P07297,,,,,,673,404,,,,AFDB v6 structure could not be fetched for the original UID.
P07298,P07298,,,,,,671,404,,,,AFDB v6 structure could not be fetched for the original UID.
P07299,P07299,,,,,,781,404,,,,AFDB v6 structure could not be fetched for the original UID.
P07300,P07300,,,,,,672,404,,,,AFDB v6 structure could not be fetched for the original UID.
P07331,P07331,,,,,,374,404,,,,AFDB v6 structure could not be fetched for the original UID.
P07541,P07541,,,,,,332,404,,,,AFDB v6 structure could not be fetched for the original UID.
P07570,P07570,,,,,,911,404,,,,AFDB v6 structure could not be fetched for the original UID.
P07605,P07605,,,,,,178,404,,,,AFDB v6 structure could not be fetched for the original UID.
P07606,P07606,,,,,,279,404,,,,AFDB v6 structure could not be fetched for the original UID.
P07617,P07617,,,,,,333,404,,,,AFDB v6 structure could not be fetched for the original UID.
P07658,P07658,,,,,,715,404,,,,AFDB v6 structure could not be fetched for the original UID.
P07693,P07693,,,,,,152,404,,,,AFDB v6 structure could not be fetched for the original UID.
P07966,P07966,,,,,,642,404,,,,AFDB v6 structure could not be fetched for the original UID.
P07967,P07967,,,,,,642,404,,,,AFDB v6 structure could not be fetched for the original UID.
P07968,P07968,,,,,,642,404,,,,AFDB v6 structure could not be fetched for the original UID.
P07970,P07970,,,,,,641,404,,,,AFDB v6 structure could not be fetched for the original UID.
P07971,P07971,,,,,,642,404,,,,AFDB v6 structure could not be fetched for the original UID.
P07973,P07973,,,,,,642,000,,,,AFDB v6 structure could not be fetched for the original UID.
P07974,P07974,,,,,,642,404,,,,AFDB v6 structure could not be fetched for the original UID.
P07975,P07975,,,,,,655,404,,,,AFDB v6 structure could not be fetched for the original UID.
P08333,P08333,,,,,,376,404,,,,AFDB v6 structure could not be fetched for the original UID.
P08344,P08344,,,,,,608,404,,,,AFDB v6 structure could not be fetched for the original UID.
P08358,P08358,,,,,,240,404,,,,AFDB v6 structure could not be fetched for the original UID.
P08763,P08763,,,,,,646,404,,,,AFDB v6 structure could not be fetched for the original UID.
P08773,P08773,,,,,,246,404,,,,AFDB v6 structure could not be fetched for the original UID.
P08794,P08794,,,,,,245,404,,,,AFDB v6 structure could not be fetched for the original UID.
P09247,P09247,,,,,,306,404,,,,AFDB v6 structure could not be fetched for the original UID.
P09248,P09248,,,,,,775,404,,,,AFDB v6 structure could not be fetched for the original UID.
P09249,P09249,,,,,,301,404,,,,AFDB v6 structure could not be fetched for the original UID.
P09250,P09250,,,,,,341,404,,,,AFDB v6 structure could not be fetched for the original UID.
P09251,P09251,,,,,,393,404,,,,AFDB v6 structure could not be fetched for the original UID.
P09254,P09254,,,,,,396,404,,,,AFDB v6 structure could not be fetched for the original UID.
P09296,P09296,,,,,,510,404,,,,AFDB v6 structure could not be fetched for the original UID.
P09389,P09389,,,,,,443,404,,,,AFDB v6 structure could not be fetched for the original UID.
P09503,P09503,,,,,,187,404,,,,AFDB v6 structure could not be fetched for the original UID.
P09915,P09915,,,,,,503,404,,,,AFDB v6 structure could not be fetched for the original UID.
P0C0E6,P0C0E6,,,,,,341,404,,,,AFDB v6 structure could not be fetched for the original UID.
P0C0V9,P0C0V9,,,,,,416,404,,,,AFDB v6 structure could not be fetched for the original UID.
P0C0W0,P0C0W0,,,,,,416,404,,,,AFDB v6 structure could not be fetched for the original UID.
P0C0W3,P0C0W3,,,,,,458,404,,,,AFDB v6 structure could not be fetched for the original UID.
P0C0W4,P0C0W4,,,,,,458,404,,,,AFDB v6 structure could not be fetched for the original UID.
P0C0W5,P0C0W5,,,,,,467,404,,,,AFDB v6 structure could not be fetched for the original UID.
P0C0W6,P0C0W6,,,,,,467,404,,,,AFDB v6 structure could not be fetched for the original UID.
P0C0W7,P0C0W7,,,,,,495,404,,,,AFDB v6 structure could not be fetched for the original UID.
P0C1G4,P0C1G4,,,,,,135,404,,,,AFDB v6 structure could not be fetched for the original UID.
P0C2D4,P0C2D4,,,,,,38,404,,,,AFDB v6 structure could not be fetched for the original UID.
P0C2K5,P0C2K5,,,,,,7,404,,,,AFDB v6 structure could not be fetched for the original UID.
P0C2K7,P0C2K7,,,,,,8,404,,,,AFDB v6 structure could not be fetched for the original UID.
P0C2K8,P0C2K8,,,,,,7,404,,,,AFDB v6 structure could not be fetched for the original UID.
P0C2K9,P0C2K9,,,,,,9,404,,,,AFDB v6 structure could not be fetched for the original UID.
P0C2L0,P0C2L0,,,,,,33,404,,,,AFDB v6 structure could not be fetched for the original UID.
P0C2L1,P0C2L1,,,,,,30,404,,,,AFDB v6 structure could not be fetched for the original UID.
P0C6L1,P0C6L1,,,,,,329,404,,,,AFDB v6 structure could not be fetched for the original UID.
P0C6Z8,P0C6Z8,,,,,,429,404,,,,AFDB v6 structure could not be fetched for the original UID.
P0C701,P0C701,,,,,,302,404,,,,AFDB v6 structure could not be fetched for the original UID.
P0C702,P0C702,,,,,,826,404,,,,AFDB v6 structure could not be fetched for the original UID.
P0C731,P0C731,,,,,,429,404,,,,AFDB v6 structure could not be fetched for the original UID.
P0C8F2,P0C8F2,,,,,,298,404,,,,AFDB v6 structure could not be fetched for the original UID.
P0C8F3,P0C8F3,,,,,,298,404,,,,AFDB v6 structure could not be fetched for the original UID.
P0C8F4,P0C8F4,,,,,,299,404,,,,AFDB v6 structure could not be fetched for the original UID.
P0C8F9,P0C8F9,,,,,,235,404,,,,AFDB v6 structure could not be fetched for the original UID.
P0C8G1,P0C8G1,,,,,,239,404,,,,AFDB v6 structure could not be fetched for the original UID.
P0C8G2,P0C8G2,,,,,,239,404,,,,AFDB v6 structure could not be fetched for the original UID.
P0C8G8,P0C8G8,,,,,,119,404,,,,AFDB v6 structure could not be fetched for the original UID.
P0C8G9,P0C8G9,,,,,,119,404,,,,AFDB v6 structure could not be fetched for the original UID.
P0C8H7,P0C8H7,,,,,,779,000,,,,AFDB v6 structure could not be fetched for the original UID.
P0C8H8,P0C8H8,,,,,,778,404,,,,AFDB v6 structure could not be fetched for the original UID.
P0C8H9,P0C8H9,,,,,,778,404,,,,AFDB v6 structure could not be fetched for the original UID.
P0C8I0,P0C8I0,,,,,,327,404,,,,AFDB v6 structure could not be fetched for the original UID.
P0C8I1,P0C8I1,,,,,,327,404,,,,AFDB v6 structure could not be fetched for the original UID.
P0C8I2,P0C8I2,,,,,,327,404,,,,AFDB v6 structure could not be fetched for the original UID.
P0C8I3,P0C8I3,,,,,,185,404,,,,AFDB v6 structure could not be fetched for the original UID.
P0C8I4,P0C8I4,,,,,,188,404,,,,AFDB v6 structure could not be fetched for the original UID.
P0C8I5,P0C8I5,,,,,,188,404,,,,AFDB v6 structure could not be fetched for the original UID.
P0C8I6,P0C8I6,,,,,,196,404,,,,AFDB v6 structure could not be fetched for the original UID.
P0C8L5,P0C8L5,,,,,,26,404,,,,AFDB v6 structure could not be fetched for the original UID.
P0C942,P0C942,,,,,,122,404,,,,AFDB v6 structure could not be fetched for the original UID.
P0C943,P0C943,,,,,,122,404,,,,AFDB v6 structure could not be fetched for the original UID.
P0C993,P0C993,,,,,,868,404,,,,AFDB v6 structure could not be fetched for the original UID.
P0C995,P0C995,,,,,,868,404,,,,AFDB v6 structure could not be fetched for the original UID.
P0C9A2,P0C9A2,,,,,,962,404,,,,AFDB v6 structure could not be fetched for the original UID.
P0C9A4,P0C9A4,,,,,,963,404,,,,AFDB v6 structure could not be fetched for the original UID.
P0C9A8,P0C9A8,,,,,,513,404,,,,AFDB v6 structure could not be fetched for the original UID.
P0C9A9,P0C9A9,,,,,,513,404,,,,AFDB v6 structure could not be fetched for the original UID.
P0C9B0,P0C9B0,,,,,,509,404,,,,AFDB v6 structure could not be fetched for the original UID.
P0C9C3,P0C9C3,,,,,,165,404,,,,AFDB v6 structure could not be fetched for the original UID.
P0C9C4,P0C9C4,,,,,,165,404,,,,AFDB v6 structure could not be fetched for the original UID.
P0C9C5,P0C9C5,,,,,,165,404,,,,AFDB v6 structure could not be fetched for the original UID.
P0C9E0,P0C9E0,,,,,,318,404,,,,AFDB v6 structure could not be fetched for the original UID.
P0C9E1,P0C9E1,,,,,,318,404,,,,AFDB v6 structure could not be fetched for the original UID.
P0C9E2,P0C9E2,,,,,,318,404,,,,AFDB v6 structure could not be fetched for the original UID.
P0CAP6,P0CAP6,,,,,,302,404,,,,AFDB v6 structure could not be fetched for the original UID.
P0CAP7,P0CAP7,,,,,,302,404,,,,AFDB v6 structure could not be fetched for the original UID.
P0CAT1,P0CAT1,,,,,,29,404,,,,AFDB v6 structure could not be fetched for the original UID.
P0CH86,P0CH86,,,,,,298,404,,,,AFDB v6 structure could not be fetched for the original UID.
P0CK60,P0CK60,,,,,,281,404,,,,AFDB v6 structure could not be fetched for the original UID.
P0DMG8,P0DMG8,,,,,,15,404,,,,AFDB v6 structure could not be fetched for the original UID.
P0DMG9,P0DMG9,,,,,,15,404,,,,AFDB v6 structure could not be fetched for the original UID.
P0DOI5,P0DOI5,,,,,,641,404,,,,AFDB v6 structure could not be fetched for the original UID.
P0DOI6,P0DOI6,,,,,,641,404,,,,AFDB v6 structure could not be fetched for the original UID.
P0DOI7,P0DOI7,,,,,,641,404,,,,AFDB v6 structure could not be fetched for the original UID.
P0DOJ4,P0DOJ4,,,,,,782,404,,,,AFDB v6 structure could not be fetched for the original UID.
P0DOJ5,P0DOJ5,,,,,,782,404,,,,AFDB v6 structure could not be fetched for the original UID.
P0DOJ6,P0DOJ6,,,,,,782,404,,,,AFDB v6 structure could not be fetched for the original UID.
P0DOL5,P0DOL5,,,,,,95,404,,,,AFDB v6 structure could not be fetched for the original UID.
P0DOL6,P0DOL6,,,,,,95,404,,,,AFDB v6 structure could not be fetched for the original UID.
P0DOM7,P0DOM7,,,,,,177,404,,,,AFDB v6 structure could not be fetched for the original UID.
P0DOM8,P0DOM8,,,,,,177,404,,,,AFDB v6 structure could not be fetched for the original UID.
P0DOQ3,P0DOQ3,,,,,,631,404,,,,AFDB v6 structure could not be fetched for the original UID.
P0DOQ4,P0DOQ4,,,,,,631,404,,,,AFDB v6 structure could not be fetched for the original UID.
P0DOQ5,P0DOQ5,,,,,,171,404,,,,AFDB v6 structure could not be fetched for the original UID.
P0DOQ6,P0DOQ6,,,,,,171,404,,,,AFDB v6 structure could not be fetched for the original UID.
P0DOU5,P0DOU5,,,,,,213,404,,,,AFDB v6 structure could not be fetched for the original UID.
P0DPS2,P0DPS2,,,,,,488,404,,,,AFDB v6 structure could not be fetched for the original UID.
P0DRL0,P0DRL0,,,,,,20,404,,,,AFDB v6 structure could not be fetched for the original UID.
P0DRM4,P0DRM4,,,,,,228,404,,,,AFDB v6 structure could not be fetched for the original UID.
P0DSS7,P0DSS7,,,,,,319,404,,,,AFDB v6 structure could not be fetched for the original UID.
P0DSS8,P0DSS8,,,,,,319,404,,,,AFDB v6 structure could not be fetched for the original UID.
P0DSU5,P0DSU5,,,,,,676,404,,,,AFDB v6 structure could not be fetched for the original UID.
P0DSU6,P0DSU6,,,,,,676,404,,,,AFDB v6 structure could not be fetched for the original UID.
P0DSV1,P0DSV1,,,,,,771,404,,,,AFDB v6 structure could not be fetched for the original UID.
P0DSV2,P0DSV2,,,,,,771,404,,,,AFDB v6 structure could not be fetched for the original UID.
P0DSV5,P0DSV5,,,,,,205,404,,,,AFDB v6 structure could not be fetched for the original UID.
P0DSV6,P0DSV6,,,,,,205,404,,,,AFDB v6 structure could not be fetched for the original UID.
P0DSX5,P0DSX5,,,,,,844,404,,,,AFDB v6 structure could not be fetched for the original UID.
P0DSX6,P0DSX6,,,,,,844,404,,,,AFDB v6 structure could not be fetched for the original UID.
P0DSZ7,P0DSZ7,,,,,,147,404,,,,AFDB v6 structure could not be fetched for the original UID.
P0DSZ8,P0DSZ8,,,,,,147,404,,,,AFDB v6 structure could not be fetched for the original UID.
P0DTH5,P0DTH5,,,,,,376,404,,,,AFDB v6 structure could not be fetched for the original UID.
P0DTK3,P0DTK3,,,,,,351,404,,,,AFDB v6 structure could not be fetched for the original UID.
P0DTK5,P0DTK5,,,,,,187,404,,,,AFDB v6 structure could not be fetched for the original UID.
P0DTK6,P0DTK6,,,,,,291,404,,,,AFDB v6 structure could not be fetched for the original UID.
P0DTK7,P0DTK7,,,,,,480,404,,,,AFDB v6 structure could not be fetched for the original UID.
P0DTK8,P0DTK8,,,,,,278,404,,,,AFDB v6 structure could not be fetched for the original UID.
P0DTL0,P0DTL0,,,,,,257,404,,,,AFDB v6 structure could not be fetched for the original UID.
P0DUN3,P0DUN3,,,,,,107,404,,,,AFDB v6 structure could not be fetched for the original UID.
P0DUN4,P0DUN4,,,,,,92,404,,,,AFDB v6 structure could not be fetched for the original UID.
P0DXF1,P0DXF1,,,,,,502,404,,,,AFDB v6 structure could not be fetched for the original UID.
P0DXV0,P0DXV0,,,,,,540,000,,,,AFDB v6 structure could not be fetched for the original UID.
P0DXY3,P0DXY3,,,,,,330,404,,,,AFDB v6 structure could not be fetched for the original UID.
P0DY08,P0DY08,,,,,,509,404,,,,AFDB v6 structure could not be fetched for the original UID.
P0DY09,P0DY09,,,,,,546,404,,,,AFDB v6 structure could not be fetched for the original UID.
P0DY10,P0DY10,,,,,,363,404,,,,AFDB v6 structure could not be fetched for the original UID.
P0DY11,P0DY11,,,,,,461,404,,,,AFDB v6 structure could not be fetched for the original UID.
P0DY12,P0DY12,,,,,,423,404,,,,AFDB v6 structure could not be fetched for the original UID.
P0DY14,P0DY14,,,,,,370,404,,,,AFDB v6 structure could not be fetched for the original UID.
P0DY29,P0DY29,,,,,,575,404,,,,AFDB v6 structure could not be fetched for the original UID.
P0DY30,P0DY30,,,,,,335,404,,,,AFDB v6 structure could not be fetched for the original UID.
P0DY32,P0DY32,,,,,,532,404,,,,AFDB v6 structure could not be fetched for the original UID.
P0DY33,P0DY33,,,,,,346,404,,,,AFDB v6 structure could not be fetched for the original UID.
P0DY34,P0DY34,,,,,,260,404,,,,AFDB v6 structure could not be fetched for the original UID.
P0DY45,P0DY45,,,,,,188,404,,,,AFDB v6 structure could not be fetched for the original UID.
P0DY46,P0DY46,,,,,,464,404,,,,AFDB v6 structure could not be fetched for the original UID.
P0DY48,P0DY48,,,,,,559,404,,,,AFDB v6 structure could not be fetched for the original UID.
P0DY49,P0DY49,,,,,,228,404,,,,AFDB v6 structure could not be fetched for the original UID.
P0DY52,P0DY52,,,,,,523,404,,,,AFDB v6 structure could not be fetched for the original UID.
P0DY53,P0DY53,,,,,,304,404,,,,AFDB v6 structure could not be fetched for the original UID.
P0DY54,P0DY54,,,,,,152,404,,,,AFDB v6 structure could not be fetched for the original UID.
P0DY61,P0DY61,,,,,,323,404,,,,AFDB v6 structure could not be fetched for the original UID.
P0DY62,P0DY62,,,,,,151,404,,,,AFDB v6 structure could not be fetched for the original UID.
P0DY63,P0DY63,,,,,,442,404,,,,AFDB v6 structure could not be fetched for the original UID.
P0DY81,P0DY81,,,,,,333,404,,,,AFDB v6 structure could not be fetched for the original UID.
P0DY82,P0DY82,,,,,,297,404,,,,AFDB v6 structure could not be fetched for the original UID.
P10052,P10052,,,,,,183,000,,,,AFDB v6 structure could not be fetched for the original UID.
P10224,P10224,,,,,,340,000,,,,AFDB v6 structure could not be fetched for the original UID.
P10234,P10234,,,,,,371,404,,,,AFDB v6 structure could not be fetched for the original UID.
P10271,P10271,,,,,,860,404,,,,AFDB v6 structure could not be fetched for the original UID.
P10277,P10277,,,,,,777,404,,,,AFDB v6 structure could not be fetched for the original UID.
P10421,P10421,,,,,,342,404,,,,AFDB v6 structure could not be fetched for the original UID.
P10447,P10447,,,,,,439,404,,,,AFDB v6 structure could not be fetched for the original UID.
P10533,P10533,,,,,,367,404,,,,AFDB v6 structure could not be fetched for the original UID.
P10748,P10748,,,,,,520,404,,,,AFDB v6 structure could not be fetched for the original UID.
P10835,P10835,,,,,,377,404,,,,AFDB v6 structure could not be fetched for the original UID.
P11014,P11014,,,,,,332,404,,,,AFDB v6 structure could not be fetched for the original UID.
P11037,P11037,,,,,,230,404,,,,AFDB v6 structure could not be fetched for the original UID.
P11107,P11107,,,,,,450,404,,,,AFDB v6 structure could not be fetched for the original UID.
P11156,P11156,,,,,,388,404,,,,AFDB v6 structure could not be fetched for the original UID.
P11158,P11158,,,,,,319,404,,,,AFDB v6 structure could not be fetched for the original UID.
P11273,P11273,,,,,,540,404,,,,AFDB v6 structure could not be fetched for the original UID.
P11298,P11298,,,,,,604,404,,,,AFDB v6 structure could not be fetched for the original UID.
P11328,P11328,,,,,,611,404,,,,AFDB v6 structure could not be fetched for the original UID.
P11352,P11352,,,,,,201,404,,,,AFDB v6 structure could not be fetched for the original UID.
P11887,P11887,,,,,,30,404,,,,AFDB v6 structure could not be fetched for the original UID.
P11909,P11909,,,,,,200,404,,,,AFDB v6 structure could not be fetched for the original UID.
P11918,P11918,,,,,,15,404,,,,AFDB v6 structure could not be fetched for the original UID.
P12320,P12320,,,,,,39,404,,,,AFDB v6 structure could not be fetched for the original UID.
P12366,P12366,,,,,,804,404,,,,AFDB v6 structure could not be fetched for the original UID.
P12381,P12381,,,,,,9,404,,,,AFDB v6 structure could not be fetched for the original UID.
P12427,P12427,,,,,,259,404,,,,AFDB v6 structure could not be fetched for the original UID.
P12431,P12431,,,,,,374,404,,,,AFDB v6 structure could not be fetched for the original UID.
P12462,P12462,,,,,,290,404,,,,AFDB v6 structure could not be fetched for the original UID.
P12726,P12726,,,,,,682,404,,,,AFDB v6 structure could not be fetched for the original UID.
P12848,P12848,,,,,,771,404,,,,AFDB v6 structure could not be fetched for the original UID.
P12905,P12905,,,,,,777,404,,,,AFDB v6 structure could not be fetched for the original UID.
P12927,P12927,,,,,,676,404,,,,AFDB v6 structure could not be fetched for the original UID.
P12929,P12929,,,,,,668,404,,,,AFDB v6 structure could not be fetched for the original UID.
P13071,P13071,,,,,,5,404,,,,AFDB v6 structure could not be fetched for the original UID.
P13157,P13157,,,,,,310,404,,,,AFDB v6 structure could not be fetched for the original UID.
P13159,P13159,,,,,,343,404,,,,AFDB v6 structure could not be fetched for the original UID.
P13287,P13287,,,,,,481,404,,,,AFDB v6 structure could not be fetched for the original UID.
P13288,P13288,,,,,,429,404,,,,AFDB v6 structure could not be fetched for the original UID.
P13300,P13300,,,,,,193,404,,,,AFDB v6 structure could not be fetched for the original UID.
P13771,P13771,,,,,,312,404,,,,AFDB v6 structure could not be fetched for the original UID.
P13894,P13894,,,,,,587,404,,,,AFDB v6 structure could not be fetched for the original UID.
P14084,P14084,,,,,,568,404,,,,AFDB v6 structure could not be fetched for the original UID.
P14085,P14085,,,,,,557,404,,,,AFDB v6 structure could not be fetched for the original UID.
P14217,P14217,,,,,,647,404,,,,AFDB v6 structure could not be fetched for the original UID.
P14396,P14396,,,,,,154,404,,,,AFDB v6 structure could not be fetched for the original UID.
P14398,P14398,,,,,,149,404,,,,AFDB v6 structure could not be fetched for the original UID.
P14405,P14405,,,,,,12,404,,,,AFDB v6 structure could not be fetched for the original UID.
P14422,P14422,,,,,,68,404,,,,AFDB v6 structure could not be fetched for the original UID.
P14583,P14583,,,,,,801,404,,,,AFDB v6 structure could not be fetched for the original UID.
P14597,P14597,,,,,,159,404,,,,AFDB v6 structure could not be fetched for the original UID.
P14999,P14999,,,,,,691,404,,,,AFDB v6 structure could not be fetched for the original UID.
P15054,P15054,,,,,,587,404,,,,AFDB v6 structure could not be fetched for the original UID.
P15443,P15443,,,,,,391,404,,,,AFDB v6 structure could not be fetched for the original UID.
P15736,P15736,,,,,,835,404,,,,AFDB v6 structure could not be fetched for the original UID.
P15776,P15776,,,,,,424,404,,,,AFDB v6 structure could not be fetched for the original UID.
P15879,P15879,,,,,,251,404,,,,AFDB v6 structure could not be fetched for the original UID.
P15916,P15916,,,,,,308,404,,,,AFDB v6 structure could not be fetched for the original UID.
P16006,P16006,,,,,,193,404,,,,AFDB v6 structure could not be fetched for the original UID.
P16101,P16101,,,,,,7,404,,,,AFDB v6 structure could not be fetched for the original UID.
P16392,P16392,,,,,,15,404,,,,AFDB v6 structure could not be fetched for the original UID.
P16600,P16600,,,,,,177,404,,,,AFDB v6 structure could not be fetched for the original UID.
P16788,P16788,,,,,,707,404,,,,AFDB v6 structure could not be fetched for the original UID.
P16824,P16824,,,,,,388,404,,,,AFDB v6 structure could not be fetched for the original UID.
P16913,P16913,,,,,,300,404,,,,AFDB v6 structure could not be fetched for the original UID.
P17003,P17003,,,,,,641,404,,,,AFDB v6 structure could not be fetched for the original UID.
P17004,P17004,,,,,,641,404,,,,AFDB v6 structure could not be fetched for the original UID.
P17005,P17005,,,,,,641,404,,,,AFDB v6 structure could not be fetched for the original UID.
P17337,P17337,,,,,,15,404,,,,AFDB v6 structure could not be fetched for the original UID.
P17338,P17338,,,,,,15,404,,,,AFDB v6 structure could not be fetched for the original UID.
P17339,P17339,,,,,,10,404,,,,AFDB v6 structure could not be fetched for the original UID.
P17374,P17374,,,,,,147,404,,,,AFDB v6 structure could not be fetched for the original UID.
P17382,P17382,,,,,,629,404,,,,AFDB v6 structure could not be fetched for the original UID.
P17402,P17402,,,,,,376,404,,,,AFDB v6 structure could not be fetched for the original UID.
P17440,P17440,,,,,,9,404,,,,AFDB v6 structure could not be fetched for the original UID.
P17441,P17441,,,,,,9,404,,,,AFDB v6 structure could not be fetched for the original UID.
P17613,P17613,,,,,,334,404,,,,AFDB v6 structure could not be fetched for the original UID.
P17653,P17653,,,,,,352,404,,,,AFDB v6 structure could not be fetched for the original UID.
P18029,P18029,,,,,,246,404,,,,AFDB v6 structure could not be fetched for the original UID.
P18030,P18030,,,,,,246,404,,,,AFDB v6 structure could not be fetched for the original UID.
P18172,P18172,,,,,,625,404,,,,AFDB v6 structure could not be fetched for the original UID.
P18173,P18173,,,,,,625,404,,,,AFDB v6 structure could not be fetched for the original UID.
P18250,P18250,,,,,,744,404,,,,AFDB v6 structure could not be fetched for the original UID.
P18283,P18283,,,,,,190,404,,,,AFDB v6 structure could not be fetched for the original UID.
P18547,P18547,,,,,,660,404,,,,AFDB v6 structure could not be fetched for the original UID.
P18555,P18555,,,,,,196,404,,,,AFDB v6 structure could not be fetched for the original UID.
P18999,P18999,,,,,,22,404,,,,AFDB v6 structure could not be fetched for the original UID.
P19118,P19118,,,,,,10,404,,,,AFDB v6 structure could not be fetched for the original UID.
P19149,P19149,,,,,,9,404,,,,AFDB v6 structure could not be fetched for the original UID.
P19574,P19574,,,,,,39,404,,,,AFDB v6 structure could not be fetched for the original UID.
P19618,P19618,,,,,,601,404,,,,AFDB v6 structure could not be fetched for the original UID.
P19621,P19621,,,,,,26,404,,,,AFDB v6 structure could not be fetched for the original UID.
P19916,P19916,,,,,,4,404,,,,AFDB v6 structure could not be fetched for the original UID.
P19917,P19917,,,,,,15,404,,,,AFDB v6 structure could not be fetched for the original UID.
P19918,P19918,,,,,,4,404,,,,AFDB v6 structure could not be fetched for the original UID.
P19985,P19985,,,,,,15,404,,,,AFDB v6 structure could not be fetched for the original UID.
P20011,P20011,,,,,,13,404,,,,AFDB v6 structure could not be fetched for the original UID.
P20012,P20012,,,,,,13,404,,,,AFDB v6 structure could not be fetched for the original UID.
P20304,P20304,,,,,,13,404,,,,AFDB v6 structure could not be fetched for the original UID.
P20315,P20315,,,,,,566,404,,,,AFDB v6 structure could not be fetched for the original UID.
P20493,P20493,,,,,,319,404,,,,AFDB v6 structure could not be fetched for the original UID.
P20495,P20495,,,,,,171,404,,,,AFDB v6 structure could not be fetched for the original UID.
P20502,P20502,,,,,,676,404,,,,AFDB v6 structure could not be fetched for the original UID.
P20503,P20503,,,,,,771,404,,,,AFDB v6 structure could not be fetched for the original UID.
P20505,P20505,,,,,,300,404,,,,AFDB v6 structure could not be fetched for the original UID.
P20637,P20637,,,,,,631,404,,,,AFDB v6 structure could not be fetched for the original UID.
P20638,P20638,,,,,,372,404,,,,AFDB v6 structure could not be fetched for the original UID.
P20979,P20979,,,,,,844,404,,,,AFDB v6 structure could not be fetched for the original UID.
P20999,P20999,,,,,,219,404,,,,AFDB v6 structure could not be fetched for the original UID.
P21011,P21011,,,,,,213,404,,,,AFDB v6 structure could not be fetched for the original UID.
P21033,P21033,,,,,,333,404,,,,AFDB v6 structure could not be fetched for the original UID.
P21050,P21050,,,,,,95,404,,,,AFDB v6 structure could not be fetched for the original UID.
P21095,P21095,,,,,,439,404,,,,AFDB v6 structure could not be fetched for the original UID.
P21097,P21097,,,,,,346,404,,,,AFDB v6 structure could not be fetched for the original UID.
P21290,P21290,,,,,,216,404,,,,AFDB v6 structure could not be fetched for the original UID.
P21293,P21293,,,,,,527,404,,,,AFDB v6 structure could not be fetched for the original UID.
P21407,P21407,,,,,,998,404,,,,AFDB v6 structure could not be fetched for the original UID.
P21974,P21974,,,,,,219,404,,,,AFDB v6 structure could not be fetched for the original UID.
P22153,P22153,,,,,,643,404,,,,AFDB v6 structure could not be fetched for the original UID.
P22154,P22154,,,,,,625,404,,,,AFDB v6 structure could not be fetched for the original UID.
P22352,P22352,,,,,,226,404,,,,AFDB v6 structure could not be fetched for the original UID.
P22416,P22416,,,,,,31,404,,,,AFDB v6 structure could not be fetched for the original UID.
P22419,P22419,,,,,,605,404,,,,AFDB v6 structure could not be fetched for the original UID.
P22508,P22508,,,,,,27,404,,,,AFDB v6 structure could not be fetched for the original UID.
P22573,P22573,,,,,,213,404,,,,AFDB v6 structure could not be fetched for the original UID.
P22649,P22649,,,,,,323,404,,,,AFDB v6 structure could not be fetched for the original UID.
P22657,P22657,,,,,,353,404,,,,AFDB v6 structure could not be fetched for the original UID.
P22779,P22779,,,,,,18,404,,,,AFDB v6 structure could not be fetched for the original UID.
P22948,P22948,,,,,,15,404,,,,AFDB v6 structure could not be fetched for the original UID.
P23007,P23007,,,,,,433,404,,,,AFDB v6 structure could not be fetched for the original UID.
P23049,P23049,,,,,,370,404,,,,AFDB v6 structure could not be fetched for the original UID.
P23175,P23175,,,,,,189,404,,,,AFDB v6 structure could not be fetched for the original UID.
P23334,P23334,,,,,,69,404,,,,AFDB v6 structure could not be fetched for the original UID.
P23335,P23335,,,,,,177,404,,,,AFDB v6 structure could not be fetched for the original UID.
P23373,P23373,,,,,,95,404,,,,AFDB v6 structure could not be fetched for the original UID.
P23764,P23764,,,,,,226,404,,,,AFDB v6 structure could not be fetched for the original UID.
P23983,P23983,,,,,,364,404,,,,AFDB v6 structure could not be fetched for the original UID.
P24030,P24030,,,,,,590,404,,,,AFDB v6 structure could not be fetched for the original UID.
P24096,P24096,,,,,,357,404,,,,AFDB v6 structure could not be fetched for the original UID.
P24134,P24134,,,,,,16,404,,,,AFDB v6 structure could not be fetched for the original UID.
P24381,P24381,,,,,,390,404,,,,AFDB v6 structure could not be fetched for the original UID.
P24389,P24389,,,,,,257,404,,,,AFDB v6 structure could not be fetched for the original UID.
P24424,P24424,,,,,,359,404,,,,AFDB v6 structure could not be fetched for the original UID.
P24425,P24425,,,,,,352,404,,,,AFDB v6 structure could not be fetched for the original UID.
P24486,P24486,,,,,,648,404,,,,AFDB v6 structure could not be fetched for the original UID.
P24597,P24597,,,,,,648,404,,,,AFDB v6 structure could not be fetched for the original UID.
P24656,P24656,,,,,,168,404,,,,AFDB v6 structure could not be fetched for the original UID.
P24829,P24829,,,,,,647,404,,,,AFDB v6 structure could not be fetched for the original UID.
P24842,P24842,,,,,,668,404,,,,AFDB v6 structure could not be fetched for the original UID.
P24851,P24851,,,,,,619,404,,,,AFDB v6 structure could not be fetched for the original UID.
P25013,P25013,,,,,,14,404,,,,AFDB v6 structure could not be fetched for the original UID.
P25020,P25020,,,,,,526,404,,,,AFDB v6 structure could not be fetched for the original UID.
P25072,P25072,,,,,,12,404,,,,AFDB v6 structure could not be fetched for the original UID.
P25481,P25481,,,,,,643,404,,,,AFDB v6 structure could not be fetched for the original UID.
P25933,P25933,,,,,,14,404,,,,AFDB v6 structure could not be fetched for the original UID.
P25934,P25934,,,,,,15,404,,,,AFDB v6 structure could not be fetched for the original UID.
P25950,P25950,,,,,,836,404,,,,AFDB v6 structure could not be fetched for the original UID.
P25987,P25987,,,,,,350,404,,,,AFDB v6 structure could not be fetched for the original UID.
P26192,P26192,,,,,,692,000,,,,AFDB v6 structure could not be fetched for the original UID.
P26460,P26460,,,,,,52,404,,,,AFDB v6 structure could not be fetched for the original UID.
P26542,P26542,,,,,,606,404,,,,AFDB v6 structure could not be fetched for the original UID.
P26543,P26543,,,,,,644,404,,,,AFDB v6 structure could not be fetched for the original UID.
P26544,P26544,,,,,,634,404,,,,AFDB v6 structure could not be fetched for the original UID.
P26653,P26653,,,,,,372,404,,,,AFDB v6 structure could not be fetched for the original UID.
P26670,P26670,,,,,,346,404,,,,AFDB v6 structure could not be fetched for the original UID.
P26685,P26685,,,,,,779,404,,,,AFDB v6 structure could not be fetched for the original UID.
P26713,P26713,,,,,,327,404,,,,AFDB v6 structure could not be fetched for the original UID.
P26970,P26970,,,,,,150,404,,,,AFDB v6 structure could not be fetched for the original UID.
P26971,P26971,,,,,,158,404,,,,AFDB v6 structure could not be fetched for the original UID.
P27220,P27220,,,,,,637,404,,,,AFDB v6 structure could not be fetched for the original UID.
P27221,P27221,,,,,,643,404,,,,AFDB v6 structure could not be fetched for the original UID.
P27327,P27327,,,,,,162,404,,,,AFDB v6 structure could not be fetched for the original UID.
P27328,P27328,,,,,,40,404,,,,AFDB v6 structure could not be fetched for the original UID.
P27363,P27363,,,,,,320,404,,,,AFDB v6 structure could not be fetched for the original UID.
P27421,P27421,,,,,,186,404,,,,AFDB v6 structure could not be fetched for the original UID.
P27438,P27438,,,,,,668,404,,,,AFDB v6 structure could not be fetched for the original UID.
P27454,P27454,,,,,,849,404,,,,AFDB v6 structure could not be fetched for the original UID.
P27551,P27551,,,,,,614,404,,,,AFDB v6 structure could not be fetched for the original UID.
P27582,P27582,,,,,,201,404,,,,AFDB v6 structure could not be fetched for the original UID.
P27583,P27583,,,,,,106,404,,,,AFDB v6 structure could not be fetched for the original UID.
P27966,P27966,,,,,,450,404,,,,AFDB v6 structure could not be fetched for the original UID.
P28378,P28378,,,,,,466,404,,,,AFDB v6 structure could not be fetched for the original UID.
P28380,P28380,,,,,,459,404,,,,AFDB v6 structure could not be fetched for the original UID.
P28390,P28390,,,,,,459,404,,,,AFDB v6 structure could not be fetched for the original UID.
P28392,P28392,,,,,,475,404,,,,AFDB v6 structure could not be fetched for the original UID.
P28409,P28409,,,,,,466,404,,,,AFDB v6 structure could not be fetched for the original UID.
P28413,P28413,,,,,,467,404,,,,AFDB v6 structure could not be fetched for the original UID.
P28419,P28419,,,,,,465,404,,,,AFDB v6 structure could not be fetched for the original UID.
P28421,P28421,,,,,,466,404,,,,AFDB v6 structure could not be fetched for the original UID.
P28429,P28429,,,,,,466,404,,,,AFDB v6 structure could not be fetched for the original UID.
P28436,P28436,,,,,,466,404,,,,AFDB v6 structure could not be fetched for the original UID.
P28438,P28438,,,,,,465,404,,,,AFDB v6 structure could not be fetched for the original UID.
P28453,P28453,,,,,,467,404,,,,AFDB v6 structure could not be fetched for the original UID.
P28459,P28459,,,,,,475,404,,,,AFDB v6 structure could not be fetched for the original UID.
P28467,P28467,,,,,,15,404,,,,AFDB v6 structure could not be fetched for the original UID.
P28624,P28624,,,,,,452,404,,,,AFDB v6 structure could not be fetched for the original UID.
P28846,P28846,,,,,,790,404,,,,AFDB v6 structure could not be fetched for the original UID.
P28847,P28847,,,,,,321,404,,,,AFDB v6 structure could not be fetched for the original UID.
P28851,P28851,,,,,,178,404,,,,AFDB v6 structure could not be fetched for the original UID.
P28852,P28852,,,,,,182,404,,,,AFDB v6 structure could not be fetched for the original UID.
P28855,P28855,,,,,,228,404,,,,AFDB v6 structure could not be fetched for the original UID.
P28892,P28892,,,,,,326,404,,,,AFDB v6 structure could not be fetched for the original UID.
P28926,P28926,,,,,,382,404,,,,AFDB v6 structure could not be fetched for the original UID.
P28966,P28966,,,,,,594,404,,,,AFDB v6 structure could not be fetched for the original UID.
P29177,P29177,,,,,,9,404,,,,AFDB v6 structure could not be fetched for the original UID.
P29188,P29188,,,,,,20,404,,,,AFDB v6 structure could not be fetched for the original UID.
P29259,P29259,,,,,,16,404,,,,AFDB v6 structure could not be fetched for the original UID.
P29260,P29260,,,,,,15,404,,,,AFDB v6 structure could not be fetched for the original UID.
P29261,P29261,,,,,,10,404,,,,AFDB v6 structure could not be fetched for the original UID.
P29262,P29262,,,,,,13,404,,,,AFDB v6 structure could not be fetched for the original UID.
P29263,P29263,,,,,,14,404,,,,AFDB v6 structure could not be fetched for the original UID.
P29264,P29264,,,,,,16,404,,,,AFDB v6 structure could not be fetched for the original UID.
P29265,P29265,,,,,,15,404,,,,AFDB v6 structure could not be fetched for the original UID.
P29605,P29605,,,,,,56,404,,,,AFDB v6 structure could not be fetched for the original UID.
P29814,P29814,,,,,,648,404,,,,AFDB v6 structure could not be fetched for the original UID.
P29883,P29883,,,,,,319,404,,,,AFDB v6 structure could not be fetched for the original UID.
P29884,P29884,,,,,,405,404,,,,AFDB v6 structure could not be fetched for the original UID.
P29885,P29885,,,,,,372,404,,,,AFDB v6 structure could not be fetched for the original UID.
P30007,P30007,,,,,,376,404,,,,AFDB v6 structure could not be fetched for the original UID.
P30168,P30168,,,,,,377,000,,,,AFDB v6 structure could not be fetched for the original UID.
P30169,P30169,,,,,,377,404,,,,AFDB v6 structure could not be fetched for the original UID.
P30215,P30215,,,,,,424,404,,,,AFDB v6 structure could not be fetched for the original UID.
P30662,P30662,,,,,,398,404,,,,AFDB v6 structure could not be fetched for the original UID.
P30810,P30810,,,,,,63,404,,,,AFDB v6 structure could not be fetched for the original UID.
P30918,P30918,,,,,,34,404,,,,AFDB v6 structure could not be fetched for the original UID.
P30930,P30930,,,,,,188,404,,,,AFDB v6 structure could not be fetched for the original UID.
P31118,P31118,,,,,,326,404,,,,AFDB v6 structure could not be fetched for the original UID.
P31182,P31182,,,,,,54,404,,,,AFDB v6 structure could not be fetched for the original UID.
P31183,P31183,,,,,,459,404,,,,AFDB v6 structure could not be fetched for the original UID.
P31184,P31184,,,,,,448,404,,,,AFDB v6 structure could not be fetched for the original UID.
P31196,P31196,,,,,,143,404,,,,AFDB v6 structure could not be fetched for the original UID.
P31201,P31201,,,,,,452,404,,,,AFDB v6 structure could not be fetched for the original UID.
P31202,P31202,,,,,,449,404,,,,AFDB v6 structure could not be fetched for the original UID.
P31613,P31613,,,,,,424,404,,,,AFDB v6 structure could not be fetched for the original UID.
P31614,P31614,,,,,,439,404,,,,AFDB v6 structure could not be fetched for the original UID.
P31615,P31615,,,,,,428,404,,,,AFDB v6 structure could not be fetched for the original UID.
P31625,P31625,,,,,,866,404,,,,AFDB v6 structure could not be fetched for the original UID.
P31654,P31654,,,,,,383,404,,,,AFDB v6 structure could not be fetched for the original UID.
P31693,P31693,,,,,,523,404,,,,AFDB v6 structure could not be fetched for the original UID.
P31748,P31748,,,,,,501,404,,,,AFDB v6 structure could not be fetched for the original UID.
P31859,P31859,,,,,,12,404,,,,AFDB v6 structure could not be fetched for the original UID.
P32094,P32094,,,,,,868,404,,,,AFDB v6 structure could not be fetched for the original UID.
P32208,P32208,,,,,,142,404,,,,AFDB v6 structure could not be fetched for the original UID.
P32209,P32209,,,,,,274,404,,,,AFDB v6 structure could not be fetched for the original UID.
P32216,P32216,,,,,,440,404,,,,AFDB v6 structure could not be fetched for the original UID.
P32270,P32270,,,,,,439,404,,,,AFDB v6 structure could not be fetched for the original UID.
P32282,P32282,,,,,,754,404,,,,AFDB v6 structure could not be fetched for the original UID.
P32428,P32428,,,,,,154,404,,,,AFDB v6 structure could not be fetched for the original UID.
P32516,P32516,,,,,,382,404,,,,AFDB v6 structure could not be fetched for the original UID.
P32593,P32593,,,,,,354,404,,,,AFDB v6 structure could not be fetched for the original UID.
P32933,P32933,,,,,,325,404,,,,AFDB v6 structure could not be fetched for the original UID.
P32934,P32934,,,,,,325,404,,,,AFDB v6 structure could not be fetched for the original UID.
P32935,P32935,,,,,,325,404,,,,AFDB v6 structure could not be fetched for the original UID.
P33052,P33052,,,,,,333,404,,,,AFDB v6 structure could not be fetched for the original UID.
P33072,P33072,,,,,,418,404,,,,AFDB v6 structure could not be fetched for the original UID.
P33422,P33422,,,,,,301,404,,,,AFDB v6 structure could not be fetched for the original UID.
P33468,P33468,,,,,,421,404,,,,AFDB v6 structure could not be fetched for the original UID.
P33497,P33497,,,,,,442,404,,,,AFDB v6 structure could not be fetched for the original UID.
P33623,P33623,,,,,,451,404,,,,AFDB v6 structure could not be fetched for the original UID.
P33800,P33800,,,,,,300,404,,,,AFDB v6 structure could not be fetched for the original UID.
P33801,P33801,,,,,,439,404,,,,AFDB v6 structure could not be fetched for the original UID.
P33802,P33802,,,,,,686,404,,,,AFDB v6 structure could not be fetched for the original UID.
P33815,P33815,,,,,,372,404,,,,AFDB v6 structure could not be fetched for the original UID.
P34039,P34039,,,,,,19,404,,,,AFDB v6 structure could not be fetched for the original UID.
P34206,P34206,,,,,,299,404,,,,AFDB v6 structure could not be fetched for the original UID.
P35946,P35946,,,,,,10,404,,,,AFDB v6 structure could not be fetched for the original UID.
P36216,P36216,,,,,,367,404,,,,AFDB v6 structure could not be fetched for the original UID.
P36226,P36226,,,,,,350,404,,,,AFDB v6 structure could not be fetched for the original UID.
P36232,P36232,,,,,,36,404,,,,AFDB v6 structure could not be fetched for the original UID.
P36311,P36311,,,,,,668,404,,,,AFDB v6 structure could not be fetched for the original UID.
P36479,P36479,,,,,,466,404,,,,AFDB v6 structure could not be fetched for the original UID.
P36480,P36480,,,,,,441,404,,,,AFDB v6 structure could not be fetched for the original UID.
P36483,P36483,,,,,,445,404,,,,AFDB v6 structure could not be fetched for the original UID.
P36484,P36484,,,,,,471,404,,,,AFDB v6 structure could not be fetched for the original UID.
P36485,P36485,,,,,,468,404,,,,AFDB v6 structure could not be fetched for the original UID.
P36487,P36487,,,,,,443,404,,,,AFDB v6 structure could not be fetched for the original UID.
P36488,P36488,,,,,,416,404,,,,AFDB v6 structure could not be fetched for the original UID.
P36489,P36489,,,,,,471,404,,,,AFDB v6 structure could not be fetched for the original UID.
P36490,P36490,,,,,,443,404,,,,AFDB v6 structure could not be fetched for the original UID.
P36510,P36510,,,,,,527,404,,,,AFDB v6 structure could not be fetched for the original UID.
P36719,P36719,,,,,,659,404,,,,AFDB v6 structure could not be fetched for the original UID.
P36720,P36720,,,,,,681,404,,,,AFDB v6 structure could not be fetched for the original UID.
P36721,P36721,,,,,,605,404,,,,AFDB v6 structure could not be fetched for the original UID.
P36722,P36722,,,,,,638,404,,,,AFDB v6 structure could not be fetched for the original UID.
P36723,P36723,,,,,,643,404,,,,AFDB v6 structure could not be fetched for the original UID.
P36724,P36724,,,,,,642,404,,,,AFDB v6 structure could not be fetched for the original UID.
P36725,P36725,,,,,,647,404,,,,AFDB v6 structure could not be fetched for the original UID.
P36727,P36727,,,,,,647,404,,,,AFDB v6 structure could not be fetched for the original UID.
P36728,P36728,,,,,,643,404,,,,AFDB v6 structure could not be fetched for the original UID.
P36729,P36729,,,,,,609,404,,,,AFDB v6 structure could not be fetched for the original UID.
P36730,P36730,,,,,,647,404,,,,AFDB v6 structure could not be fetched for the original UID.
P36968,P36968,,,,,,197,404,,,,AFDB v6 structure could not be fetched for the original UID.
P36969,P36969,,,,,,197,404,,,,AFDB v6 structure could not be fetched for the original UID.
P36970,P36970,,,,,,197,404,,,,AFDB v6 structure could not be fetched for the original UID.
P37141,P37141,,,,,,226,404,,,,AFDB v6 structure could not be fetched for the original UID.
P37356,P37356,,,,,,24,404,,,,AFDB v6 structure could not be fetched for the original UID.
P37365,P37365,,,,,,30,404,,,,AFDB v6 structure could not be fetched for the original UID.
P37987,P37987,,,,,,260,404,,,,AFDB v6 structure could not be fetched for the original UID.
P39262,P39262,,,,,,171,404,,,,AFDB v6 structure could not be fetched for the original UID.
P39421,P39421,,,,,,200,404,,,,AFDB v6 structure could not be fetched for the original UID.
P39423,P39423,,,,,,207,404,,,,AFDB v6 structure could not be fetched for the original UID.
P39915,P39915,,,,,,463,404,,,,AFDB v6 structure could not be fetched for the original UID.
P41415,P41415,,,,,,272,404,,,,AFDB v6 structure could not be fetched for the original UID.
P41469,P41469,,,,,,262,404,,,,AFDB v6 structure could not be fetched for the original UID.
P41476,P41476,,,,,,694,404,,,,AFDB v6 structure could not be fetched for the original UID.
P41477,P41477,,,,,,464,404,,,,AFDB v6 structure could not be fetched for the original UID.
P41480,P41480,,,,,,259,404,,,,AFDB v6 structure could not be fetched for the original UID.
P41676,P41676,,,,,,215,404,,,,AFDB v6 structure could not be fetched for the original UID.
P41719,P41719,,,,,,267,404,,,,AFDB v6 structure could not be fetched for the original UID.
P41720,P41720,,,,,,274,404,,,,AFDB v6 structure could not be fetched for the original UID.
P42490,P42490,,,,,,240,404,,,,AFDB v6 structure could not be fetched for the original UID.
P42491,P42491,,,,,,778,404,,,,AFDB v6 structure could not be fetched for the original UID.
P42492,P42492,,,,,,334,404,,,,AFDB v6 structure could not be fetched for the original UID.
P42493,P42493,,,,,,298,404,,,,AFDB v6 structure could not be fetched for the original UID.
P43806,P43806,,,,,,436,404,,,,AFDB v6 structure could not be fetched for the original UID.
P43836,P43836,,,,,,401,404,,,,AFDB v6 structure could not be fetched for the original UID.
P43892,P43892,,,,,,231,404,,,,AFDB v6 structure could not be fetched for the original UID.
P43911,P43911,,,,,,346,404,,,,AFDB v6 structure could not be fetched for the original UID.
P44197,P44197,,,,,,239,404,,,,AFDB v6 structure could not be fetched for the original UID.
P44431,P44431,,,,,,286,404,,,,AFDB v6 structure could not be fetched for the original UID.
P44534,P44534,,,,,,195,404,,,,AFDB v6 structure could not be fetched for the original UID.
P44785,P44785,,,,,,345,404,,,,AFDB v6 structure could not be fetched for the original UID.
P45120,P45120,,,,,,152,404,,,,AFDB v6 structure could not be fetched for the original UID.
P45845,P45845,,,,,,249,404,,,,AFDB v6 structure could not be fetched for the original UID.
P46364,P46364,,,,,,42,404,,,,AFDB v6 structure could not be fetched for the original UID.
P46366,P46366,,,,,,44,404,,,,AFDB v6 structure could not be fetched for the original UID.
P46412,P46412,,,,,,226,404,,,,AFDB v6 structure could not be fetched for the original UID.
P46796,P46796,,,,,,264,404,,,,AFDB v6 structure could not be fetched for the original UID.
P48073,P48073,,,,,,435,404,,,,AFDB v6 structure could not be fetched for the original UID.
P48074,P48074,,,,,,436,404,,,,AFDB v6 structure could not be fetched for the original UID.
P48429,P48429,,,,,,20,404,,,,AFDB v6 structure could not be fetched for the original UID.
P48438,P48438,,,,,,76,404,,,,AFDB v6 structure could not be fetched for the original UID.
P48689,P48689,,,,,,477,404,,,,AFDB v6 structure could not be fetched for the original UID.
P48691,P48691,,,,,,467,404,,,,AFDB v6 structure could not be fetched for the original UID.
P48699,P48699,,,,,,474,404,,,,AFDB v6 structure could not be fetched for the original UID.
P48712,P48712,,,,,,440,404,,,,AFDB v6 structure could not be fetched for the original UID.
P49823,P49823,,,,,,388,404,,,,AFDB v6 structure could not be fetched for the original UID.
P49894,P49894,,,,,,244,404,,,,AFDB v6 structure could not be fetched for the original UID.
P49895,P49895,,,,,,249,404,,,,AFDB v6 structure could not be fetched for the original UID.
P49896,P49896,,,,,,264,404,,,,AFDB v6 structure could not be fetched for the original UID.
P49897,P49897,,,,,,304,404,,,,AFDB v6 structure could not be fetched for the original UID.
P49898,P49898,,,,,,269,404,,,,AFDB v6 structure could not be fetched for the original UID.
P49899,P49899,,,,,,271,404,,,,AFDB v6 structure could not be fetched for the original UID.
P50642,P50642,,,,,,789,404,,,,AFDB v6 structure could not be fetched for the original UID.
P50643,P50643,,,,,,835,404,,,,AFDB v6 structure could not be fetched for the original UID.
P50644,P50644,,,,,,320,404,,,,AFDB v6 structure could not be fetched for the original UID.
P50645,P50645,,,,,,303,404,,,,AFDB v6 structure could not be fetched for the original UID.
P50646,P50646,,,,,,787,404,,,,AFDB v6 structure could not be fetched for the original UID.
P50758,P50758,,,,,,605,404,,,,AFDB v6 structure could not be fetched for the original UID.
P50759,P50759,,,,,,603,404,,,,AFDB v6 structure could not be fetched for the original UID.
P50760,P50760,,,,,,608,404,,,,AFDB v6 structure could not be fetched for the original UID.
P50761,P50761,,,,,,607,404,,,,AFDB v6 structure could not be fetched for the original UID.
P50762,P50762,,,,,,607,404,,,,AFDB v6 structure could not be fetched for the original UID.
P50763,P50763,,,,,,662,404,,,,AFDB v6 structure could not be fetched for the original UID.
P50764,P50764,,,,,,660,404,,,,AFDB v6 structure could not be fetched for the original UID.
P50765,P50765,,,,,,652,404,,,,AFDB v6 structure could not be fetched for the original UID.
P50808,P50808,,,,,,604,404,,,,AFDB v6 structure could not be fetched for the original UID.
P50972,P50972,,,,,,158,404,,,,AFDB v6 structure could not be fetched for the original UID.
P51101,P51101,,,,,,477,404,,,,AFDB v6 structure could not be fetched for the original UID.
P51518,P51518,,,,,,908,404,,,,AFDB v6 structure could not be fetched for the original UID.
P51552,P51552,,,,,,256,404,,,,AFDB v6 structure could not be fetched for the original UID.
P51715,P51715,,,,,,173,404,,,,AFDB v6 structure could not be fetched for the original UID.
P51894,P51894,,,,,,178,404,,,,AFDB v6 structure could not be fetched for the original UID.
P51994,P51994,,,,,,440,404,,,,AFDB v6 structure could not be fetched for the original UID.
P52216,P52216,,,,,,158,404,,,,AFDB v6 structure could not be fetched for the original UID.
P52217,P52217,,,,,,436,404,,,,AFDB v6 structure could not be fetched for the original UID.
P52284,P52284,,,,,,379,404,,,,AFDB v6 structure could not be fetched for the original UID.
P52341,P52341,,,,,,379,404,,,,AFDB v6 structure could not be fetched for the original UID.
P52502,P52502,,,,,,662,404,,,,AFDB v6 structure could not be fetched for the original UID.
P52541,P52541,,,,,,376,404,,,,AFDB v6 structure could not be fetched for the original UID.
P52552,P52552,,,,,,127,404,,,,AFDB v6 structure could not be fetched for the original UID.
P54092,P54092,,,,,,216,404,,,,AFDB v6 structure could not be fetched for the original UID.
P54093,P54093,,,,,,216,404,,,,AFDB v6 structure could not be fetched for the original UID.
P54835,P54835,,,,,,450,404,,,,AFDB v6 structure could not be fetched for the original UID.
P54836,P54836,,,,,,13,404,,,,AFDB v6 structure could not be fetched for the original UID.
P55073,P55073,,,,,,304,404,,,,AFDB v6 structure could not be fetched for the original UID.
P55173,P55173,,,,,,11,404,,,,AFDB v6 structure could not be fetched for the original UID.
P55235,P55235,,,,,,14,404,,,,AFDB v6 structure could not be fetched for the original UID.
P55804,P55804,,,,,,99,404,,,,AFDB v6 structure could not be fetched for the original UID.
P56591,P56591,,,,,,519,404,,,,AFDB v6 structure could not be fetched for the original UID.
P56870,P56870,,,,,,15,404,,,,AFDB v6 structure could not be fetched for the original UID.
P58763,P58763,,,,,,15,404,,,,AFDB v6 structure could not be fetched for the original UID.
P58865,P58865,,,,,,458,404,,,,AFDB v6 structure could not be fetched for the original UID.
P58866,P58866,,,,,,458,404,,,,AFDB v6 structure could not be fetched for the original UID.
P58898,P58898,,,,,,515,404,,,,AFDB v6 structure could not be fetched for the original UID.
P58945,P58945,,,,,,465,404,,,,AFDB v6 structure could not be fetched for the original UID.
P58969,P58969,,,,,,458,404,,,,AFDB v6 structure could not be fetched for the original UID.
P58970,P58970,,,,,,468,404,,,,AFDB v6 structure could not be fetched for the original UID.
P58971,P58971,,,,,,467,404,,,,AFDB v6 structure could not be fetched for the original UID.
P58972,P58972,,,,,,467,404,,,,AFDB v6 structure could not be fetched for the original UID.
P58973,P58973,,,,,,495,404,,,,AFDB v6 structure could not be fetched for the original UID.
P58974,P58974,,,,,,495,404,,,,AFDB v6 structure could not be fetched for the original UID.
P59677,P59677,,,,,,22,404,,,,AFDB v6 structure could not be fetched for the original UID.
P59709,P59709,,,,,,424,404,,,,AFDB v6 structure could not be fetched for the original UID.
P59710,P59710,,,,,,424,404,,,,AFDB v6 structure could not be fetched for the original UID.
P59711,P59711,,,,,,424,404,,,,AFDB v6 structure could not be fetched for the original UID.
P59796,P59796,,,,,,221,404,,,,AFDB v6 structure could not be fetched for the original UID.
P60819,P60819,,,,,,349,404,,,,AFDB v6 structure could not be fetched for the original UID.
P60820,P60820,,,,,,335,404,,,,AFDB v6 structure could not be fetched for the original UID.
P61154,P61154,,,,,,435,404,,,,AFDB v6 structure could not be fetched for the original UID.
P62341,P62341,,,,,,195,404,,,,AFDB v6 structure could not be fetched for the original UID.
P62342,P62342,,,,,,195,404,,,,AFDB v6 structure could not be fetched for the original UID.
P62463,P62463,,,,,,259,404,,,,AFDB v6 structure could not be fetched for the original UID.
P63185,P63185,,,,,,526,404,,,,AFDB v6 structure could not be fetched for the original UID.
P68544,P68544,,,,,,338,404,,,,AFDB v6 structure could not be fetched for the original UID.
P68545,P68545,,,,,,338,404,,,,AFDB v6 structure could not be fetched for the original UID.
P68563,P68563,,,,,,177,404,,,,AFDB v6 structure could not be fetched for the original UID.
P68564,P68564,,,,,,177,404,,,,AFDB v6 structure could not be fetched for the original UID.
P68586,P68586,,,,,,443,404,,,,AFDB v6 structure could not be fetched for the original UID.
P68634,P68634,,,,,,147,404,,,,AFDB v6 structure could not be fetched for the original UID.
P68635,P68635,,,,,,147,404,,,,AFDB v6 structure could not be fetched for the original UID.
P68693,P68693,,,,,,204,404,,,,AFDB v6 structure could not be fetched for the original UID.
P68761,P68761,,,,,,642,404,,,,AFDB v6 structure could not be fetched for the original UID.
P68762,P68762,,,,,,655,404,,,,AFDB v6 structure could not be fetched for the original UID.
P69185,P69185,,,,,,352,404,,,,AFDB v6 structure could not be fetched for the original UID.
P69186,P69186,,,,,,352,404,,,,AFDB v6 structure could not be fetched for the original UID.
P69484,P69484,,,,,,216,404,,,,AFDB v6 structure could not be fetched for the original UID.
P69485,P69485,,,,,,216,404,,,,AFDB v6 structure could not be fetched for the original UID.
P69520,P69520,,,,,,337,404,,,,AFDB v6 structure could not be fetched for the original UID.
P69521,P69521,,,,,,337,404,,,,AFDB v6 structure could not be fetched for the original UID.
P70551,P70551,,,,,,266,404,,,,AFDB v6 structure could not be fetched for the original UID.
P71384,P71384,,,,,,464,404,,,,AFDB v6 structure could not be fetched for the original UID.
P72581,P72581,,,,,,261,404,,,,AFDB v6 structure could not be fetched for the original UID.
P75146,P75146,,,,,,488,404,,,,AFDB v6 structure could not be fetched for the original UID.
P77868,P77868,,,,,,722,404,,,,AFDB v6 structure could not be fetched for the original UID.
P77908,P77908,,,,,,893,404,,,,AFDB v6 structure could not be fetched for the original UID.
P79303,P79303,,,,,,508,404,,,,AFDB v6 structure could not be fetched for the original UID.
P79747,P79747,,,,,,266,404,,,,AFDB v6 structure could not be fetched for the original UID.
P80037,P80037,,,,,,30,404,,,,AFDB v6 structure could not be fetched for the original UID.
P80048,P80048,,,,,,77,404,,,,AFDB v6 structure could not be fetched for the original UID.
P80081,P80081,,,,,,103,404,,,,AFDB v6 structure could not be fetched for the original UID.
P80083,P80083,,,,,,15,404,,,,AFDB v6 structure could not be fetched for the original UID.
P80212,P80212,,,,,,30,404,,,,AFDB v6 structure could not be fetched for the original UID.
P80213,P80213,,,,,,29,404,,,,AFDB v6 structure could not be fetched for the original UID.
P80225,P80225,,,,,,32,404,,,,AFDB v6 structure could not be fetched for the original UID.
P80459,P80459,,,,,,27,404,,,,AFDB v6 structure could not be fetched for the original UID.
P80464,P80464,,,,,,11,404,,,,AFDB v6 structure could not be fetched for the original UID.
P80465,P80465,,,,,,10,404,,,,AFDB v6 structure could not be fetched for the original UID.
P80466,P80466,,,,,,10,404,,,,AFDB v6 structure could not be fetched for the original UID.
P80503,P80503,,,,,,40,404,,,,AFDB v6 structure could not be fetched for the original UID.
P80525,P80525,,,,,,10,404,,,,AFDB v6 structure could not be fetched for the original UID.
P80539,P80539,,,,,,19,404,,,,AFDB v6 structure could not be fetched for the original UID.
P80540,P80540,,,,,,17,404,,,,AFDB v6 structure could not be fetched for the original UID.
P80542,P80542,,,,,,19,404,,,,AFDB v6 structure could not be fetched for the original UID.
P80543,P80543,,,,,,19,404,,,,AFDB v6 structure could not be fetched for the original UID.
P80550,P80550,,,,,,38,404,,,,AFDB v6 structure could not be fetched for the original UID.
P80616,P80616,,,,,,15,404,,,,AFDB v6 structure could not be fetched for the original UID.
P80619,P80619,,,,,,15,404,,,,AFDB v6 structure could not be fetched for the original UID.
P80652,P80652,,,,,,12,404,,,,AFDB v6 structure could not be fetched for the original UID.
P80659,P80659,,,,,,15,404,,,,AFDB v6 structure could not be fetched for the original UID.
P80701,P80701,,,,,,15,404,,,,AFDB v6 structure could not be fetched for the original UID.
P80994,P80994,,,,,,171,404,,,,AFDB v6 structure could not be fetched for the original UID.
P81011,P81011,,,,,,15,404,,,,AFDB v6 structure could not be fetched for the original UID.
P81012,P81012,,,,,,10,404,,,,AFDB v6 structure could not be fetched for the original UID.
P81098,P81098,,,,,,18,404,,,,AFDB v6 structure could not be fetched for the original UID.
P81107,P81107,,,,,,15,404,,,,AFDB v6 structure could not be fetched for the original UID.
P81123,P81123,,,,,,81,404,,,,AFDB v6 structure could not be fetched for the original UID.
P81173,P81173,,,,,,13,404,,,,AFDB v6 structure could not be fetched for the original UID.
P81174,P81174,,,,,,648,404,,,,AFDB v6 structure could not be fetched for the original UID.
P81185,P81185,,,,,,30,404,,,,AFDB v6 structure could not be fetched for the original UID.
P81337,P81337,,,,,,9,404,,,,AFDB v6 structure could not be fetched for the original UID.
P81340,P81340,,,,,,15,404,,,,AFDB v6 structure could not be fetched for the original UID.
P81344,P81344,,,,,,24,404,,,,AFDB v6 structure could not be fetched for the original UID.
P81346,P81346,,,,,,20,404,,,,AFDB v6 structure could not be fetched for the original UID.
P81347,P81347,,,,,,15,404,,,,AFDB v6 structure could not be fetched for the original UID.
P81348,P81348,,,,,,19,404,,,,AFDB v6 structure could not be fetched for the original UID.
P81356,P81356,,,,,,29,404,,,,AFDB v6 structure could not be fetched for the original UID.
P81357,P81357,,,,,,22,404,,,,AFDB v6 structure could not be fetched for the original UID.
P81420,P81420,,,,,,15,404,,,,AFDB v6 structure could not be fetched for the original UID.
P81643,P81643,,,,,,25,404,,,,AFDB v6 structure could not be fetched for the original UID.
P81663,P81663,,,,,,15,404,,,,AFDB v6 structure could not be fetched for the original UID.
P81895,P81895,,,,,,19,404,,,,AFDB v6 structure could not be fetched for the original UID.
P81896,P81896,,,,,,20,404,,,,AFDB v6 structure could not be fetched for the original UID.
P82607,P82607,,,,,,54,404,,,,AFDB v6 structure could not be fetched for the original UID.
P82608,P82608,,,,,,32,404,,,,AFDB v6 structure could not be fetched for the original UID.
P82609,P82609,,,,,,18,404,,,,AFDB v6 structure could not be fetched for the original UID.
P82679,P82679,,,,,,31,404,,,,AFDB v6 structure could not be fetched for the original UID.
P82809,P82809,,,,,,322,404,,,,AFDB v6 structure could not be fetched for the original UID.
P82810,P82810,,,,,,125,404,,,,AFDB v6 structure could not be fetched for the original UID.
P82816,P82816,,,,,,15,404,,,,AFDB v6 structure could not be fetched for the original UID.
P82858,P82858,,,,,,8,404,,,,AFDB v6 structure could not be fetched for the original UID.
P82893,P82893,,,,,,70,404,,,,AFDB v6 structure could not be fetched for the original UID.
P82996,P82996,,,,,,14,404,,,,AFDB v6 structure could not be fetched for the original UID.
P82999,P82999,,,,,,15,404,,,,AFDB v6 structure could not be fetched for the original UID.
P83000,P83000,,,,,,15,404,,,,AFDB v6 structure could not be fetched for the original UID.
P83049,P83049,,,,,,134,404,,,,AFDB v6 structure could not be fetched for the original UID.
P83077,P83077,,,,,,14,404,,,,AFDB v6 structure could not be fetched for the original UID.
P83127,P83127,,,,,,12,404,,,,AFDB v6 structure could not be fetched for the original UID.
P83200,P83200,,,,,,16,404,,,,AFDB v6 structure could not be fetched for the original UID.
P83246,P83246,,,,,,15,404,,,,AFDB v6 structure could not be fetched for the original UID.
P83329,P83329,,,,,,17,404,,,,AFDB v6 structure could not be fetched for the original UID.
P83373,P83373,,,,,,339,404,,,,AFDB v6 structure could not be fetched for the original UID.
P83564,P83564,,,,,,201,404,,,,AFDB v6 structure could not be fetched for the original UID.
P83601,P83601,,,,,,18,404,,,,AFDB v6 structure could not be fetched for the original UID.
P83645,P83645,,,,,,190,404,,,,AFDB v6 structure could not be fetched for the original UID.
P83662,P83662,,,,,,138,404,,,,AFDB v6 structure could not be fetched for the original UID.
P83682,P83682,,,,,,154,404,,,,AFDB v6 structure could not be fetched for the original UID.
P83708,P83708,,,,,,12,404,,,,AFDB v6 structure could not be fetched for the original UID.
P83712,P83712,,,,,,33,404,,,,AFDB v6 structure could not be fetched for the original UID.
P83715,P83715,,,,,,14,404,,,,AFDB v6 structure could not be fetched for the original UID.
P83726,P83726,,,,,,20,404,,,,AFDB v6 structure could not be fetched for the original UID.
P83813,P83813,,,,,,196,404,,,,AFDB v6 structure could not be fetched for the original UID.
P83855,P83855,,,,,,21,404,,,,AFDB v6 structure could not be fetched for the original UID.
P84178,P84178,,,,,,64,404,,,,AFDB v6 structure could not be fetched for the original UID.
P84390,P84390,,,,,,382,404,,,,AFDB v6 structure could not be fetched for the original UID.
P84391,P84391,,,,,,594,404,,,,AFDB v6 structure could not be fetched for the original UID.
P84472,P84472,,,,,,14,404,,,,AFDB v6 structure could not be fetched for the original UID.
P84474,P84474,,,,,,14,404,,,,AFDB v6 structure could not be fetched for the original UID.
P84475,P84475,,,,,,14,404,,,,AFDB v6 structure could not be fetched for the original UID.
P84520,P84520,,,,,,12,404,,,,AFDB v6 structure could not be fetched for the original UID.
P84532,P84532,,,,,,13,404,,,,AFDB v6 structure could not be fetched for the original UID.
P84533,P84533,,,,,,13,404,,,,AFDB v6 structure could not be fetched for the original UID.
P84534,P84534,,,,,,14,404,,,,AFDB v6 structure could not be fetched for the original UID.
P84540,P84540,,,,,,15,404,,,,AFDB v6 structure could not be fetched for the original UID.
P84544,P84544,,,,,,10,404,,,,AFDB v6 structure could not be fetched for the original UID.
P84545,P84545,,,,,,11,404,,,,AFDB v6 structure could not be fetched for the original UID.
P84547,P84547,,,,,,11,404,,,,AFDB v6 structure could not be fetched for the original UID.
P84722,P84722,,,,,,71,404,,,,AFDB v6 structure could not be fetched for the original UID.
P84752,P84752,,,,,,361,404,,,,AFDB v6 structure could not be fetched for the original UID.
P84819,P84819,,,,,,15,404,,,,AFDB v6 structure could not be fetched for the original UID.
P85026,P85026,,,,,,10,404,,,,AFDB v6 structure could not be fetched for the original UID.
P85085,P85085,,,,,,55,404,,,,AFDB v6 structure could not be fetched for the original UID.
P85317,P85317,,,,,,89,404,,,,AFDB v6 structure could not be fetched for the original UID.
P85332,P85332,,,,,,9,404,,,,AFDB v6 structure could not be fetched for the original UID.
P85333,P85333,,,,,,13,404,,,,AFDB v6 structure could not be fetched for the original UID.
P85335,P85335,,,,,,8,404,,,,AFDB v6 structure could not be fetched for the original UID.
P85346,P85346,,,,,,9,404,,,,AFDB v6 structure could not be fetched for the original UID.
P85347,P85347,,,,,,15,404,,,,AFDB v6 structure could not be fetched for the original UID.
P85348,P85348,,,,,,15,404,,,,AFDB v6 structure could not be fetched for the original UID.
P85349,P85349,,,,,,8,404,,,,AFDB v6 structure could not be fetched for the original UID.
P85351,P85351,,,,,,14,404,,,,AFDB v6 structure could not be fetched for the original UID.
P85362,P85362,,,,,,9,404,,,,AFDB v6 structure could not be fetched for the original UID.
P85432,P85432,,,,,,13,404,,,,AFDB v6 structure could not be fetched for the original UID.
P85434,P85434,,,,,,15,404,,,,AFDB v6 structure could not be fetched for the original UID.
P85931,P85931,,,,,,14,404,,,,AFDB v6 structure could not be fetched for the original UID.
P85940,P85940,,,,,,10,404,,,,AFDB v6 structure could not be fetched for the original UID.
P85957,P85957,,,,,,14,404,,,,AFDB v6 structure could not be fetched for the original UID.
P85976,P85976,,,,,,9,404,,,,AFDB v6 structure could not be fetched for the original UID.
P85994,P85994,,,,,,12,404,,,,AFDB v6 structure could not be fetched for the original UID.
P85995,P85995,,,,,,15,404,,,,AFDB v6 structure could not be fetched for the original UID.
P85996,P85996,,,,,,15,404,,,,AFDB v6 structure could not be fetched for the original UID.
P85998,P85998,,,,,,9,404,,,,AFDB v6 structure could not be fetched for the original UID.
P86000,P86000,,,,,,12,404,,,,AFDB v6 structure could not be fetched for the original UID.
P86002,P86002,,,,,,15,404,,,,AFDB v6 structure could not be fetched for the original UID.
P86003,P86003,,,,,,15,404,,,,AFDB v6 structure could not be fetched for the original UID.
P86004,P86004,,,,,,9,404,,,,AFDB v6 structure could not be fetched for the original UID.
P86006,P86006,,,,,,9,404,,,,AFDB v6 structure could not be fetched for the original UID.
P86007,P86007,,,,,,13,404,,,,AFDB v6 structure could not be fetched for the original UID.
P86008,P86008,,,,,,9,404,,,,AFDB v6 structure could not be fetched for the original UID.
P86054,P86054,,,,,,14,404,,,,AFDB v6 structure could not be fetched for the original UID.
P86055,P86055,,,,,,15,404,,,,AFDB v6 structure could not be fetched for the original UID.
P86056,P86056,,,,,,15,404,,,,AFDB v6 structure could not be fetched for the original UID.
P86057,P86057,,,,,,15,404,,,,AFDB v6 structure could not be fetched for the original UID.
P86062,P86062,,,,,,14,404,,,,AFDB v6 structure could not be fetched for the original UID.
P86064,P86064,,,,,,9,404,,,,AFDB v6 structure could not be fetched for the original UID.
P86066,P86066,,,,,,15,404,,,,AFDB v6 structure could not be fetched for the original UID.
P86067,P86067,,,,,,15,404,,,,AFDB v6 structure could not be fetched for the original UID.
P86517,P86517,,,,,,12,404,,,,AFDB v6 structure could not be fetched for the original UID.
P86542,P86542,,,,,,15,404,,,,AFDB v6 structure could not be fetched for the original UID.
P86699,P86699,,,,,,223,404,,,,AFDB v6 structure could not be fetched for the original UID.
P86833,P86833,,,,,,28,404,,,,AFDB v6 structure could not be fetched for the original UID.
P86974,P86974,,,,,,122,404,,,,AFDB v6 structure could not be fetched for the original UID.
P86978,P86978,,,,,,12,404,,,,AFDB v6 structure could not be fetched for the original UID.
P86980,P86980,,,,,,15,404,,,,AFDB v6 structure could not be fetched for the original UID.
P87630,P87630,,,,,,147,404,,,,AFDB v6 structure could not be fetched for the original UID.
P87691,P87691,,,,,,648,404,,,,AFDB v6 structure could not be fetched for the original UID.
P89079,P89079,,,,,,125,404,,,,AFDB v6 structure could not be fetched for the original UID.
P89436,P89436,,,,,,518,404,,,,AFDB v6 structure could not be fetched for the original UID.
P89446,P89446,,,,,,376,404,,,,AFDB v6 structure could not be fetched for the original UID.
P89469,P89469,,,,,,369,404,,,,AFDB v6 structure could not be fetched for the original UID.
P90463,P90463,,,,,,337,404,,,,AFDB v6 structure could not be fetched for the original UID.
P93400,P93400,,,,,,808,404,,,,AFDB v6 structure could not be fetched for the original UID.
P93906,P93906,,,,,,458,404,,,,AFDB v6 structure could not be fetched for the original UID.
P93936,P93936,,,,,,444,404,,,,AFDB v6 structure could not be fetched for the original UID.
P97364,P97364,,,,,,452,404,,,,AFDB v6 structure could not be fetched for the original UID.
P99504,P99504,,,,,,546,404,,,,AFDB v6 structure could not be fetched for the original UID.
P9WEE7,P9WEE7,,,,,,348,404,,,,AFDB v6 structure could not be fetched for the original UID.
P9WEE8,P9WEE8,,,,,,510,404,,,,AFDB v6 structure could not be fetched for the original UID.
P9WEF0,P9WEF0,,,,,,591,404,,,,AFDB v6 structure could not be fetched for the original UID.
P9WEF1,P9WEF1,,,,,,524,404,,,,AFDB v6 structure could not be fetched for the original UID.
P9WEF2,P9WEF2,,,,,,419,404,,,,AFDB v6 structure could not be fetched for the original UID.
Q00030,Q00030,,,,,,326,404,,,,AFDB v6 structure could not be fetched for the original UID.
Q00094,Q00094,,,,,,962,404,,,,AFDB v6 structure could not be fetched for the original UID.
Q00095,Q00095,,,,,,673,404,,,,AFDB v6 structure could not be fetched for the original UID.
Q00097,Q00097,,,,,,380,404,,,,AFDB v6 structure could not be fetched for the original UID.
Q00098,Q00098,,,,,,387,404,,,,AFDB v6 structure could not be fetched for the original UID.
Q00277,Q00277,,,,,,169,404,,,,AFDB v6 structure could not be fetched for the original UID.
Q00901,Q00901,,,,,,244,404,,,,AFDB v6 structure could not be fetched for the original UID.
Q01034,Q01034,,,,,,287,404,,,,AFDB v6 structure could not be fetched for the original UID.
Q01037,Q01037,,,,,,767,404,,,,AFDB v6 structure could not be fetched for the original UID.
Q01038,Q01038,,,,,,305,404,,,,AFDB v6 structure could not be fetched for the original UID.
Q01225,Q01225,,,,,,219,404,,,,AFDB v6 structure could not be fetched for the original UID.
Q01319,Q01319,,,,,,314,404,,,,AFDB v6 structure could not be fetched for the original UID.
Q01511,Q01511,,,,,,260,404,,,,AFDB v6 structure could not be fetched for the original UID.
Q02048,Q02048,,,,,,604,404,,,,AFDB v6 structure could not be fetched for the original UID.
Q02049,Q02049,,,,,,604,404,,,,AFDB v6 structure could not be fetched for the original UID.
Q02261,Q02261,,,,,,646,404,,,,AFDB v6 structure could not be fetched for the original UID.
Q02262,Q02262,,,,,,648,404,,,,AFDB v6 structure could not be fetched for the original UID.
Q02512,Q02512,,,,,,609,404,,,,AFDB v6 structure could not be fetched for the original UID.
Q02513,Q02513,,,,,,52,404,,,,AFDB v6 structure could not be fetched for the original UID.
Q03321,Q03321,,,,,,427,404,,,,AFDB v6 structure could not be fetched for the original UID.
Q03328,Q03328,,,,,,328,404,,,,AFDB v6 structure could not be fetched for the original UID.
Q04543,Q04543,,,,,,345,404,,,,AFDB v6 structure could not be fetched for the original UID.
Q05101,Q05101,,,,,,402,404,,,,AFDB v6 structure could not be fetched for the original UID.
Q05111,Q05111,,,,,,605,404,,,,AFDB v6 structure could not be fetched for the original UID.
Q05112,Q05112,,,,,,631,404,,,,AFDB v6 structure could not be fetched for the original UID.
Q05133,Q05133,,,,,,646,404,,,,AFDB v6 structure could not be fetched for the original UID.
Q05134,Q05134,,,,,,604,404,,,,AFDB v6 structure could not be fetched for the original UID.
Q05135,Q05135,,,,,,602,404,,,,AFDB v6 structure could not be fetched for the original UID.
Q05259,Q05259,,,,,,243,404,,,,AFDB v6 structure could not be fetched for the original UID.
Q05262,Q05262,,,,,,682,404,,,,AFDB v6 structure could not be fetched for the original UID.
Q05554,Q05554,,,,,,443,404,,,,AFDB v6 structure could not be fetched for the original UID.
Q05579,Q05579,,,,,,441,404,,,,AFDB v6 structure could not be fetched for the original UID.
Q05879,Q05879,,,,,,186,404,,,,AFDB v6 structure could not be fetched for the original UID.
Q05880,Q05880,,,,,,185,404,,,,AFDB v6 structure could not be fetched for the original UID.
Q05984,Q05984,,,,,,441,404,,,,AFDB v6 structure could not be fetched for the original UID.
Q05985,Q05985,,,,,,443,404,,,,AFDB v6 structure could not be fetched for the original UID.
Q05987,Q05987,,,,,,466,404,,,,AFDB v6 structure could not be fetched for the original UID.
Q05988,Q05988,,,,,,447,404,,,,AFDB v6 structure could not be fetched for the original UID.
Q05989,Q05989,,,,,,446,404,,,,AFDB v6 structure could not be fetched for the original UID.
Q05991,Q05991,,,,,,447,404,,,,AFDB v6 structure could not be fetched for the original UID.
Q05993,Q05993,,,,,,441,404,,,,AFDB v6 structure could not be fetched for the original UID.
Q05995,Q05995,,,,,,441,404,,,,AFDB v6 structure could not be fetched for the original UID.
Q06095,Q06095,,,,,,376,404,,,,AFDB v6 structure could not be fetched for the original UID.
Q06259,Q06259,,,,,,126,404,,,,AFDB v6 structure could not be fetched for the original UID.
Q07275,Q07275,,,,,,278,404,,,,AFDB v6 structure could not be fetched for the original UID.
Q07494,Q07494,,,,,,984,404,,,,AFDB v6 structure could not be fetched for the original UID.
Q07846,Q07846,,,,,,599,404,,,,AFDB v6 structure could not be fetched for the original UID.
Q07847,Q07847,,,,,,618,404,,,,AFDB v6 structure could not be fetched for the original UID.
Q07848,Q07848,,,,,,598,404,,,,AFDB v6 structure could not be fetched for the original UID.
Q08097,Q08097,,,,,,467,404,,,,AFDB v6 structure could not be fetched for the original UID.
Q08317,Q08317,,,,,,446,404,,,,AFDB v6 structure could not be fetched for the original UID.
Q08436,Q08436,,,,,,956,404,,,,AFDB v6 structure could not be fetched for the original UID.
Q08512,Q08512,,,,,,287,404,,,,AFDB v6 structure could not be fetched for the original UID.
Q08513,Q08513,,,,,,89,404,,,,AFDB v6 structure could not be fetched for the original UID.
Q09136,Q09136,,,,,,385,404,,,,AFDB v6 structure could not be fetched for the original UID.
Q0E592,Q0E592,,,,,,978,404,,,,AFDB v6 structure could not be fetched for the original UID.
Q0EF98,Q0EF98,,,,,,190,404,,,,AFDB v6 structure could not be fetched for the original UID.
Q0EF99,Q0EF99,,,,,,201,404,,,,AFDB v6 structure could not be fetched for the original UID.
Q0EFA0,Q0EFA0,,,,,,201,404,,,,AFDB v6 structure could not be fetched for the original UID.
Q0QF17,Q0QF17,,,,,,551,404,,,,AFDB v6 structure could not be fetched for the original UID.
Q0ZB81,Q0ZB81,,,,,,364,404,,,,AFDB v6 structure could not be fetched for the original UID.
Q0ZME8,Q0ZME8,,,,,,385,404,,,,AFDB v6 structure could not be fetched for the original UID.
Q12TR2,Q12TR2,,,,,,497,404,,,,AFDB v6 structure could not be fetched for the original UID.
Q14EB1,Q14EB1,,,,,,385,404,,,,AFDB v6 structure could not be fetched for the original UID.
Q16881,Q16881,,,,,,649,404,,,,AFDB v6 structure could not be fetched for the original UID.
Q17745,Q17745,,,,,,667,404,,,,AFDB v6 structure could not be fetched for the original UID.
Q17QM4,Q17QM4,,,,,,397,404,,,,AFDB v6 structure could not be fetched for the original UID.
Q182I1,Q182I1,,,,,,348,404,,,,AFDB v6 structure could not be fetched for the original UID.
Q18LD0,Q18LD0,,,,,,512,404,,,,AFDB v6 structure could not be fetched for the original UID.
Q18LE8,Q18LE8,,,,,,356,404,,,,AFDB v6 structure could not be fetched for the original UID.
Q18TV3,Q18TV3,,,,,,496,404,,,,AFDB v6 structure could not be fetched for the original UID.
Q196Z3,Q196Z3,,,,,,240,404,,,,AFDB v6 structure could not be fetched for the original UID.
Q196Z5,Q196Z5,,,,,,630,404,,,,AFDB v6 structure could not be fetched for the original UID.
Q197B2,Q197B2,,,,,,376,404,,,,AFDB v6 structure could not be fetched for the original UID.
Q197F0,Q197F0,,,,,,559,404,,,,AFDB v6 structure could not be fetched for the original UID.
Q19A54,Q19A54,,,,,,320,404,,,,AFDB v6 structure could not be fetched for the original UID.
Q19QT7,Q19QT7,,,,,,405,404,,,,AFDB v6 structure could not be fetched for the original UID.
Q1H5H1,Q1H5H1,,,,,,195,404,,,,AFDB v6 structure could not be fetched for the original UID.
Q1HVD1,Q1HVD1,,,,,,607,404,,,,AFDB v6 structure could not be fetched for the original UID.
Q1LU65,Q1LU65,,,,,,821,404,,,,AFDB v6 structure could not be fetched for the original UID.
Q1LU70,Q1LU70,,,,,,385,404,,,,AFDB v6 structure could not be fetched for the original UID.
Q1LVN8,Q1LVN8,,,,,,692,404,,,,AFDB v6 structure could not be fetched for the original UID.
Q1WNZ7,Q1WNZ7,,,,,,799,404,,,,AFDB v6 structure could not be fetched for the original UID.
Q24739,Q24739,,,,,,668,404,,,,AFDB v6 structure could not be fetched for the original UID.
Q24MI3,Q24MI3,,,,,,496,404,,,,AFDB v6 structure could not be fetched for the original UID.
Q26547,Q26547,,,,,,240,404,,,,AFDB v6 structure could not be fetched for the original UID.
Q27655,Q27655,,,,,,431,404,,,,AFDB v6 structure could not be fetched for the original UID.
Q29236,Q29236,,,,,,104,404,,,,AFDB v6 structure could not be fetched for the original UID.
Q29318,Q29318,,,,,,97,404,,,,AFDB v6 structure could not be fetched for the original UID.
Q2HR67,Q2HR67,,,,,,792,404,,,,AFDB v6 structure could not be fetched for the original UID.
Q2HR78,Q2HR78,,,,,,295,404,,,,AFDB v6 structure could not be fetched for the original UID.
Q2HRC6,Q2HRC6,,,,,,210,404,,,,AFDB v6 structure could not be fetched for the original UID.
Q2N2K0,Q2N2K0,,,,,,319,404,,,,AFDB v6 structure could not be fetched for the original UID.
Q2NIH4,Q2NIH4,,,,,,303,404,,,,AFDB v6 structure could not be fetched for the original UID.
Q2QEI3,Q2QEI3,,,,,,252,404,,,,AFDB v6 structure could not be fetched for the original UID.
Q31669,Q31669,,,,,,468,404,,,,AFDB v6 structure could not be fetched for the original UID.
Q31672,Q31672,,,,,,469,404,,,,AFDB v6 structure could not be fetched for the original UID.
Q31750,Q31750,,,,,,469,404,,,,AFDB v6 structure could not be fetched for the original UID.
Q32016,Q32016,,,,,,441,404,,,,AFDB v6 structure could not be fetched for the original UID.
Q32026,Q32026,,,,,,460,404,,,,AFDB v6 structure could not be fetched for the original UID.
Q32040,Q32040,,,,,,465,404,,,,AFDB v6 structure could not be fetched for the original UID.
Q32663,Q32663,,,,,,441,404,,,,AFDB v6 structure could not be fetched for the original UID.
Q32668,Q32668,,,,,,441,404,,,,AFDB v6 structure could not be fetched for the original UID.
Q32770,Q32770,,,,,,441,404,,,,AFDB v6 structure could not be fetched for the original UID.
Q32890,Q32890,,,,,,441,404,,,,AFDB v6 structure could not be fetched for the original UID.
Q32G86,Q32G86,,,,,,319,404,,,,AFDB v6 structure could not be fetched for the original UID.
Q32QL6,Q32QL6,,,,,,197,404,,,,AFDB v6 structure could not be fetched for the original UID.
Q33015,Q33015,,,,,,440,404,,,,AFDB v6 structure could not be fetched for the original UID.
Q331T7,Q331T7,,,,,,358,404,,,,AFDB v6 structure could not be fetched for the original UID.
Q33245,Q33245,,,,,,465,404,,,,AFDB v6 structure could not be fetched for the original UID.
Q33323,Q33323,,,,,,469,404,,,,AFDB v6 structure could not be fetched for the original UID.
Q33369,Q33369,,,,,,466,404,,,,AFDB v6 structure could not be fetched for the original UID.
Q33528,Q33528,,,,,,469,404,,,,AFDB v6 structure could not be fetched for the original UID.
Q37282,Q37282,,,,,,469,404,,,,AFDB v6 structure could not be fetched for the original UID.
Q37897,Q37897,,,,,,321,404,,,,AFDB v6 structure could not be fetched for the original UID.
Q38156,Q38156,,,,,,238,404,,,,AFDB v6 structure could not be fetched for the original UID.
Q38167,Q38167,,,,,,244,404,,,,AFDB v6 structure could not be fetched for the original UID.
Q38424,Q38424,,,,,,698,404,,,,AFDB v6 structure could not be fetched for the original UID.
Q38433,Q38433,,,,,,698,404,,,,AFDB v6 structure could not be fetched for the original UID.
Q38771,Q38771,,,,,,447,404,,,,AFDB v6 structure could not be fetched for the original UID.
Q39RJ9,Q39RJ9,,,,,,343,404,,,,AFDB v6 structure could not be fetched for the original UID.
Q3A9J4,Q3A9J4,,,,,,435,404,,,,AFDB v6 structure could not be fetched for the original UID.
Q3A9J5,Q3A9J5,,,,,,156,404,,,,AFDB v6 structure could not be fetched for the original UID.
Q3AAF7,Q3AAF7,,,,,,343,404,,,,AFDB v6 structure could not be fetched for the original UID.
Q3KSQ2,Q3KSQ2,,,,,,607,404,,,,AFDB v6 structure could not be fetched for the original UID.
Q3KST7,Q3KST7,,,,,,278,404,,,,AFDB v6 structure could not be fetched for the original UID.
Q3KSU5,Q3KSU5,,,,,,826,404,,,,AFDB v6 structure could not be fetched for the original UID.
Q3L6L5,Q3L6L5,,,,,,699,404,,,,AFDB v6 structure could not be fetched for the original UID.
Q3MHL9,Q3MHL9,,,,,,116,404,,,,AFDB v6 structure could not be fetched for the original UID.
Q3YPH4,Q3YPH4,,,,,,671,404,,,,AFDB v6 structure could not be fetched for the original UID.
Q3ZK57,Q3ZK57,,,,,,835,404,,,,AFDB v6 structure could not be fetched for the original UID.
Q45UF7,Q45UF7,,,,,,719,404,,,,AFDB v6 structure could not be fetched for the original UID.
Q46464,Q46464,,,,,,10,404,,,,AFDB v6 structure could not be fetched for the original UID.
Q46E72,Q46E72,,,,,,458,404,,,,AFDB v6 structure could not be fetched for the original UID.
Q4AEG9,Q4AEG9,,,,,,197,404,,,,AFDB v6 structure could not be fetched for the original UID.
Q4AEH0,Q4AEH0,,,,,,197,404,,,,AFDB v6 structure could not be fetched for the original UID.
Q4AEH1,Q4AEH1,,,,,,197,404,,,,AFDB v6 structure could not be fetched for the original UID.
Q4AEH2,Q4AEH2,,,,,,197,404,,,,AFDB v6 structure could not be fetched for the original UID.
Q4AEH3,Q4AEH3,,,,,,226,404,,,,AFDB v6 structure could not be fetched for the original UID.
Q4AEH4,Q4AEH4,,,,,,226,404,,,,AFDB v6 structure could not be fetched for the original UID.
Q4AEH5,Q4AEH5,,,,,,226,404,,,,AFDB v6 structure could not be fetched for the original UID.
Q4AEH7,Q4AEH7,,,,,,190,404,,,,AFDB v6 structure could not be fetched for the original UID.
Q4AEH8,Q4AEH8,,,,,,190,404,,,,AFDB v6 structure could not be fetched for the original UID.
Q4AEH9,Q4AEH9,,,,,,190,404,,,,AFDB v6 structure could not be fetched for the original UID.
Q4AEI0,Q4AEI0,,,,,,190,404,,,,AFDB v6 structure could not be fetched for the original UID.
Q4AEI1,Q4AEI1,,,,,,201,404,,,,AFDB v6 structure could not be fetched for the original UID.
Q4AEI2,Q4AEI2,,,,,,201,404,,,,AFDB v6 structure could not be fetched for the original UID.
Q4AEI3,Q4AEI3,,,,,,201,404,,,,AFDB v6 structure could not be fetched for the original UID.
Q4F8H9,Q4F8H9,,,,,,347,404,,,,AFDB v6 structure could not be fetched for the original UID.
Q4F8I0,Q4F8I0,,,,,,307,404,,,,AFDB v6 structure could not be fetched for the original UID.
Q4JQV6,Q4JQV6,,,,,,775,404,,,,AFDB v6 structure could not be fetched for the original UID.
Q4JQV7,Q4JQV7,,,,,,306,404,,,,AFDB v6 structure could not be fetched for the original UID.
Q4JQW2,Q4JQW2,,,,,,301,404,,,,AFDB v6 structure could not be fetched for the original UID.
Q4JQW7,Q4JQW7,,,,,,396,404,,,,AFDB v6 structure could not be fetched for the original UID.
Q4QNZ0,Q4QNZ0,,,,,,347,404,,,,AFDB v6 structure could not be fetched for the original UID.
Q51892,Q51892,,,,,,289,404,,,,AFDB v6 structure could not be fetched for the original UID.
Q52KJ8,Q52KJ8,,,,,,116,404,,,,AFDB v6 structure could not be fetched for the original UID.
Q56775,Q56775,,,,,,349,404,,,,AFDB v6 structure could not be fetched for the original UID.
Q575S9,Q575S9,,,,,,179,404,,,,AFDB v6 structure could not be fetched for the original UID.
Q58617,Q58617,,,,,,578,404,,,,AFDB v6 structure could not be fetched for the original UID.
Q58DK4,Q58DK4,,,,,,578,404,,,,AFDB v6 structure could not be fetched for the original UID.
Q58DL1,Q58DL1,,,,,,354,404,,,,AFDB v6 structure could not be fetched for the original UID.
Q58MU6,Q58MU6,,,,,,233,404,,,,AFDB v6 structure could not be fetched for the original UID.
Q59680,Q59680,,,,,,335,404,,,,AFDB v6 structure could not be fetched for the original UID.
Q5HSS7,Q5HSS7,,,,,,340,404,,,,AFDB v6 structure could not be fetched for the original UID.
Q5I128,Q5I128,,,,,,318,404,,,,AFDB v6 structure could not be fetched for the original UID.
Q5I137,Q5I137,,,,,,299,404,,,,AFDB v6 structure could not be fetched for the original UID.
Q5I139,Q5I139,,,,,,297,404,,,,AFDB v6 structure could not be fetched for the original UID.
Q5I143,Q5I143,,,,,,182,404,,,,AFDB v6 structure could not be fetched for the original UID.
Q5I145,Q5I145,,,,,,320,404,,,,AFDB v6 structure could not be fetched for the original UID.
Q5I146,Q5I146,,,,,,325,404,,,,AFDB v6 structure could not be fetched for the original UID.
Q5I3B1,Q5I3B1,,,,,,301,404,,,,AFDB v6 structure could not be fetched for the original UID.
Q5I3B2,Q5I3B2,,,,,,269,404,,,,AFDB v6 structure could not be fetched for the original UID.
Q5IS82,Q5IS82,,,,,,825,404,,,,AFDB v6 structure could not be fetched for the original UID.
Q5MQD1,Q5MQD1,,,,,,386,404,,,,AFDB v6 structure could not be fetched for the original UID.
Q5NV96,Q5NV96,,,,,,397,404,,,,AFDB v6 structure could not be fetched for the original UID.
Q5NVA2,Q5NVA2,,,,,,499,404,,,,AFDB v6 structure could not be fetched for the original UID.
Q5PU49,Q5PU49,,,,,,674,404,,,,AFDB v6 structure could not be fetched for the original UID.
Q5QQ46,Q5QQ46,,,,,,528,404,,,,AFDB v6 structure could not be fetched for the original UID.
Q5R869,Q5R869,,,,,,116,404,,,,AFDB v6 structure could not be fetched for the original UID.
Q5RFG3,Q5RFG3,,,,,,226,404,,,,AFDB v6 structure could not be fetched for the original UID.
Q5UNT1,Q5UNT1,,,,,,545,404,,,,AFDB v6 structure could not be fetched for the original UID.
Q5UNT4,Q5UNT4,,,,,,539,404,,,,AFDB v6 structure could not be fetched for the original UID.
Q5UNT7,Q5UNT7,,,,,,694,404,,,,AFDB v6 structure could not be fetched for the original UID.
Q5UNU9,Q5UNU9,,,,,,149,404,,,,AFDB v6 structure could not be fetched for the original UID.
Q5UNV4,Q5UNV4,,,,,,255,404,,,,AFDB v6 structure could not be fetched for the original UID.
Q5UP25,Q5UP25,,,,,,225,404,,,,AFDB v6 structure could not be fetched for the original UID.
Q5UP36,Q5UP36,,,,,,509,404,,,,AFDB v6 structure could not be fetched for the original UID.
Q5UP54,Q5UP54,,,,,,292,404,,,,AFDB v6 structure could not be fetched for the original UID.
Q5UP57,Q5UP57,,,,,,242,404,,,,AFDB v6 structure could not be fetched for the original UID.
Q5UPJ7,Q5UPJ7,,,,,,346,404,,,,AFDB v6 structure could not be fetched for the original UID.
Q5UPU3,Q5UPU3,,,,,,546,404,,,,AFDB v6 structure could not be fetched for the original UID.
Q5UPX0,Q5UPX0,,,,,,548,404,,,,AFDB v6 structure could not be fetched for the original UID.
Q5UPZ2,Q5UPZ2,,,,,,397,404,,,,AFDB v6 structure could not be fetched for the original UID.
Q5UPZ9,Q5UPZ9,,,,,,148,404,,,,AFDB v6 structure could not be fetched for the original UID.
Q5UQ00,Q5UQ00,,,,,,287,404,,,,AFDB v6 structure could not be fetched for the original UID.
Q5UQ24,Q5UQ24,,,,,,542,404,,,,AFDB v6 structure could not be fetched for the original UID.
Q5UQ46,Q5UQ46,,,,,,519,404,,,,AFDB v6 structure could not be fetched for the original UID.
Q5UQ59,Q5UQ59,,,,,,600,404,,,,AFDB v6 structure could not be fetched for the original UID.
Q5UQ70,Q5UQ70,,,,,,193,404,,,,AFDB v6 structure could not be fetched for the original UID.
Q5UQ78,Q5UQ78,,,,,,450,404,,,,AFDB v6 structure could not be fetched for the original UID.
Q5UQ96,Q5UQ96,,,,,,695,404,,,,AFDB v6 structure could not be fetched for the original UID.
Q5UQ98,Q5UQ98,,,,,,445,404,,,,AFDB v6 structure could not be fetched for the original UID.
Q5UQC1,Q5UQC1,,,,,,633,404,,,,AFDB v6 structure could not be fetched for the original UID.
Q5UQC3,Q5UQC3,,,,,,895,404,,,,AFDB v6 structure could not be fetched for the original UID.
Q5UQD1,Q5UQD1,,,,,,524,404,,,,AFDB v6 structure could not be fetched for the original UID.
Q5UQD2,Q5UQD2,,,,,,421,404,,,,AFDB v6 structure could not be fetched for the original UID.
Q5UQE1,Q5UQE1,,,,,,550,404,,,,AFDB v6 structure could not be fetched for the original UID.
Q5UQG3,Q5UQG3,,,,,,563,404,,,,AFDB v6 structure could not be fetched for the original UID.
Q5UQI4,Q5UQI4,,,,,,447,404,,,,AFDB v6 structure could not be fetched for the original UID.
Q5UQJ6,Q5UQJ6,,,,,,467,404,,,,AFDB v6 structure could not be fetched for the original UID.
Q5UQL3,Q5UQL3,,,,,,137,404,,,,AFDB v6 structure could not be fetched for the original UID.
Q5UQU2,Q5UQU2,,,,,,817,404,,,,AFDB v6 structure could not be fetched for the original UID.
Q5UQV6,Q5UQV6,,,,,,143,404,,,,AFDB v6 structure could not be fetched for the original UID.
Q5UR02,Q5UR02,,,,,,579,404,,,,AFDB v6 structure could not be fetched for the original UID.
Q5UR12,Q5UR12,,,,,,323,404,,,,AFDB v6 structure could not be fetched for the original UID.
Q5UR22,Q5UR22,,,,,,536,404,,,,AFDB v6 structure could not be fetched for the original UID.
Q5UR44,Q5UR44,,,,,,353,404,,,,AFDB v6 structure could not be fetched for the original UID.
Q5UR49,Q5UR49,,,,,,695,404,,,,AFDB v6 structure could not be fetched for the original UID.
Q5UR64,Q5UR64,,,,,,358,404,,,,AFDB v6 structure could not be fetched for the original UID.
Q5UR67,Q5UR67,,,,,,170,404,,,,AFDB v6 structure could not be fetched for the original UID.
Q5UR74,Q5UR74,,,,,,212,404,,,,AFDB v6 structure could not be fetched for the original UID.
Q5UR82,Q5UR82,,,,,,550,404,,,,AFDB v6 structure could not be fetched for the original UID.
Q5X9M0,Q5X9M0,,,,,,499,404,,,,AFDB v6 structure could not be fetched for the original UID.
Q5YD76,Q5YD76,,,,,,278,404,,,,AFDB v6 structure could not be fetched for the original UID.
Q5ZJN8,Q5ZJN8,,,,,,199,404,,,,AFDB v6 structure could not be fetched for the original UID.
Q60270,Q60270,,,,,,520,404,,,,AFDB v6 structure could not be fetched for the original UID.
Q61153,Q61153,,,,,,257,404,,,,AFDB v6 structure could not be fetched for the original UID.
Q65163,Q65163,,,,,,119,404,,,,AFDB v6 structure could not be fetched for the original UID.
Q65164,Q65164,,,,,,318,404,,,,AFDB v6 structure could not be fetched for the original UID.
Q65191,Q65191,,,,,,509,404,,,,AFDB v6 structure could not be fetched for the original UID.
Q65199,Q65199,,,,,,165,404,,,,AFDB v6 structure could not be fetched for the original UID.
Q65216,Q65216,,,,,,868,404,,,,AFDB v6 structure could not be fetched for the original UID.
Q65243,Q65243,,,,,,162,404,,,,AFDB v6 structure could not be fetched for the original UID.
Q65526,Q65526,,,,,,695,404,,,,AFDB v6 structure could not be fetched for the original UID.
Q66165,Q66165,,,,,,424,404,,,,AFDB v6 structure could not be fetched for the original UID.
Q66624,Q66624,,,,,,613,404,,,,AFDB v6 structure could not be fetched for the original UID.
Q66662,Q66662,,,,,,305,404,,,,AFDB v6 structure could not be fetched for the original UID.
Q66663,Q66663,,,,,,799,404,,,,AFDB v6 structure could not be fetched for the original UID.
Q66862,Q66862,,,,,,278,404,,,,AFDB v6 structure could not be fetched for the original UID.
Q66I14,Q66I14,,,,,,447,404,,,,AFDB v6 structure could not be fetched for the original UID.
Q67387,Q67387,,,,,,648,404,,,,AFDB v6 structure could not be fetched for the original UID.
Q67472,Q67472,,,,,,214,404,,,,AFDB v6 structure could not be fetched for the original UID.
Q67477,Q67477,,,,,,370,404,,,,AFDB v6 structure could not be fetched for the original UID.
Q67KE6,Q67KE6,,,,,,155,404,,,,AFDB v6 structure could not be fetched for the original UID.
Q67KE7,Q67KE7,,,,,,429,404,,,,AFDB v6 structure could not be fetched for the original UID.
Q68101,Q68101,,,,,,707,404,,,,AFDB v6 structure could not be fetched for the original UID.
Q69151,Q69151,,,,,,382,404,,,,AFDB v6 structure could not be fetched for the original UID.
Q694C5,Q694C5,,,,,,383,404,,,,AFDB v6 structure could not be fetched for the original UID.
Q69BJ7,Q69BJ7,,,,,,274,404,,,,AFDB v6 structure could not be fetched for the original UID.
Q69BJ8,Q69BJ8,,,,,,274,404,,,,AFDB v6 structure could not be fetched for the original UID.
Q69BJ9,Q69BJ9,,,,,,274,404,,,,AFDB v6 structure could not be fetched for the original UID.
Q69BK1,Q69BK1,,,,,,274,404,,,,AFDB v6 structure could not be fetched for the original UID.
Q6A2H0,Q6A2H0,,,,,,535,404,,,,AFDB v6 structure could not be fetched for the original UID.
Q6A2H2,Q6A2H2,,,,,,535,404,,,,AFDB v6 structure could not be fetched for the original UID.
Q6AL81,Q6AL81,,,,,,408,404,,,,AFDB v6 structure could not be fetched for the original UID.
Q6DN07,Q6DN07,,,,,,292,404,,,,AFDB v6 structure could not be fetched for the original UID.
Q6EE31,Q6EE31,,,,,,548,404,,,,AFDB v6 structure could not be fetched for the original UID.
Q6GZN7,Q6GZN7,,,,,,150,404,,,,AFDB v6 structure could not be fetched for the original UID.
Q6GZQ8,Q6GZQ8,,,,,,387,404,,,,AFDB v6 structure could not be fetched for the original UID.
Q6GZR2,Q6GZR2,,,,,,164,404,,,,AFDB v6 structure could not be fetched for the original UID.
Q6GZT8,Q6GZT8,,,,,,565,404,,,,AFDB v6 structure could not be fetched for the original UID.
Q6GZV6,Q6GZV6,,,,,,851,404,,,,AFDB v6 structure could not be fetched for the original UID.
Q6J362,Q6J362,,,,,,219,404,,,,AFDB v6 structure could not be fetched for the original UID.
Q6LH19,Q6LH19,,,,,,161,404,,,,AFDB v6 structure could not be fetched for the original UID.
Q6LH20,Q6LH20,,,,,,158,404,,,,AFDB v6 structure could not be fetched for the original UID.
Q6LWL2,Q6LWL2,,,,,,658,404,,,,AFDB v6 structure could not be fetched for the original UID.
Q6LWL8,Q6LWL8,,,,,,434,404,,,,AFDB v6 structure could not be fetched for the original UID.
Q6PBD1,Q6PBD1,,,,,,201,404,,,,AFDB v6 structure could not be fetched for the original UID.
Q6PHY8,Q6PHY8,,,,,,193,404,,,,AFDB v6 structure could not be fetched for the original UID.
Q6QGJ4,Q6QGJ4,,,,,,177,404,,,,AFDB v6 structure could not be fetched for the original UID.
Q6QGJ5,Q6QGJ5,,,,,,279,404,,,,AFDB v6 structure could not be fetched for the original UID.
Q6QGP4,Q6QGP4,,,,,,250,404,,,,AFDB v6 structure could not be fetched for the original UID.
Q6QN11,Q6QN11,,,,,,305,404,,,,AFDB v6 structure could not be fetched for the original UID.
Q6QN12,Q6QN12,,,,,,269,404,,,,AFDB v6 structure could not be fetched for the original UID.
Q6QN13,Q6QN13,,,,,,249,404,,,,AFDB v6 structure could not be fetched for the original UID.
Q6R7H4,Q6R7H4,,,,,,835,404,,,,AFDB v6 structure could not be fetched for the original UID.
Q6R7K3,Q6R7K3,,,,,,579,404,,,,AFDB v6 structure could not be fetched for the original UID.
Q6RZD4,Q6RZD4,,,,,,204,404,,,,AFDB v6 structure could not be fetched for the original UID.
Q6RZR1,Q6RZR1,,,,,,147,404,,,,AFDB v6 structure could not be fetched for the original UID.
Q6SW46,Q6SW46,,,,,,707,404,,,,AFDB v6 structure could not be fetched for the original UID.
Q6SW70,Q6SW70,,,,,,388,404,,,,AFDB v6 structure could not be fetched for the original UID.
Q6TUZ4,Q6TUZ4,,,,,,143,404,,,,AFDB v6 structure could not be fetched for the original UID.
Q6U6H1,Q6U6H1,,,,,,259,404,,,,AFDB v6 structure could not be fetched for the original UID.
Q6UDH7,Q6UDH7,,,,,,460,404,,,,AFDB v6 structure could not be fetched for the original UID.
Q6UDJ1,Q6UDJ1,,,,,,313,404,,,,AFDB v6 structure could not be fetched for the original UID.
Q6UDJ2,Q6UDJ2,,,,,,811,404,,,,AFDB v6 structure could not be fetched for the original UID.
Q6UDK9,Q6UDK9,,,,,,339,404,,,,AFDB v6 structure could not be fetched for the original UID.
Q6UDM0,Q6UDM0,,,,,,414,404,,,,AFDB v6 structure could not be fetched for the original UID.
Q6V915,Q6V915,,,,,,244,404,,,,AFDB v6 structure could not be fetched for the original UID.
Q6WAT6,Q6WAT6,,,,,,835,404,,,,AFDB v6 structure could not be fetched for the original UID.
Q6WHI1,Q6WHI1,,,,,,151,404,,,,AFDB v6 structure could not be fetched for the original UID.
Q6WNV6,Q6WNV6,,,,,,829,404,,,,AFDB v6 structure could not be fetched for the original UID.
Q6WNV7,Q6WNV7,,,,,,835,404,,,,AFDB v6 structure could not be fetched for the original UID.
Q6WNV8,Q6WNV8,,,,,,835,404,,,,AFDB v6 structure could not be fetched for the original UID.
Q6WNW3,Q6WNW3,,,,,,835,404,,,,AFDB v6 structure could not be fetched for the original UID.
Q6WNW5,Q6WNW5,,,,,,835,404,,,,AFDB v6 structure could not be fetched for the original UID.
Q6WVH5,Q6WVH5,,,,,,835,404,,,,AFDB v6 structure could not be fetched for the original UID.
Q6YP73,Q6YP73,,,,,,510,404,,,,AFDB v6 structure could not be fetched for the original UID.
Q702W0,Q702W0,,,,,,400,404,,,,AFDB v6 structure could not be fetched for the original UID.
Q705F4,Q705F4,,,,,,609,404,,,,AFDB v6 structure could not be fetched for the original UID.
Q705G8,Q705G8,,,,,,626,404,,,,AFDB v6 structure could not be fetched for the original UID.
Q70KP1,Q70KP1,,,,,,430,404,,,,AFDB v6 structure could not be fetched for the original UID.
Q715L4,Q715L4,,,,,,274,404,,,,AFDB v6 structure could not be fetched for the original UID.
Q71TL0,Q71TL0,,,,,,754,404,,,,AFDB v6 structure could not be fetched for the original UID.
Q72CF1,Q72CF1,,,,,,351,404,,,,AFDB v6 structure could not be fetched for the original UID.
Q72XC1,Q72XC1,,,,,,195,404,,,,AFDB v6 structure could not be fetched for the original UID.
Q72XY4,Q72XY4,,,,,,509,404,,,,AFDB v6 structure could not be fetched for the original UID.
Q732F6,Q732F6,,,,,,450,404,,,,AFDB v6 structure could not be fetched for the original UID.
Q732H8,Q732H8,,,,,,180,404,,,,AFDB v6 structure could not be fetched for the original UID.
Q73CE0,Q73CE0,,,,,,510,404,,,,AFDB v6 structure could not be fetched for the original UID.
Q73DE0,Q73DE0,,,,,,291,404,,,,AFDB v6 structure could not be fetched for the original UID.
Q73FB9,Q73FB9,,,,,,485,404,,,,AFDB v6 structure could not be fetched for the original UID.
Q73FJ3,Q73FJ3,,,,,,424,404,,,,AFDB v6 structure could not be fetched for the original UID.
Q73JP8,Q73JP8,,,,,,354,404,,,,AFDB v6 structure could not be fetched for the original UID.
Q73PQ2,Q73PQ2,,,,,,157,404,,,,AFDB v6 structure could not be fetched for the original UID.
Q74FK1,Q74FK1,,,,,,345,404,,,,AFDB v6 structure could not be fetched for the original UID.
Q76RA8,Q76RA8,,,,,,204,404,,,,AFDB v6 structure could not be fetched for the original UID.
Q76RD8,Q76RD8,,,,,,771,404,,,,AFDB v6 structure could not be fetched for the original UID.
Q76RE7,Q76RE7,,,,,,147,404,,,,AFDB v6 structure could not be fetched for the original UID.
Q76ZT1,Q76ZT1,,,,,,333,404,,,,AFDB v6 structure could not be fetched for the original UID.
Q775U0,Q775U0,,,,,,844,404,,,,AFDB v6 structure could not be fetched for the original UID.
Q775Z7,Q775Z7,,,,,,147,404,,,,AFDB v6 structure could not be fetched for the original UID.
Q77MS0,Q77MS0,,,,,,343,404,,,,AFDB v6 structure could not be fetched for the original UID.
Q77MS1,Q77MS1,,,,,,822,404,,,,AFDB v6 structure could not be fetched for the original UID.
Q77TG7,Q77TG7,,,,,,204,404,,,,AFDB v6 structure could not be fetched for the original UID.
Q7LZG1,Q7LZG1,,,,,,181,404,,,,AFDB v6 structure could not be fetched for the original UID.
Q7T6X3,Q7T6X3,,,,,,573,000,,,,AFDB v6 structure could not be fetched for the original UID.
Q7T6X6,Q7T6X6,,,,,,606,404,,,,AFDB v6 structure could not be fetched for the original UID.
Q7T6Y1,Q7T6Y1,,,,,,276,404,,,,AFDB v6 structure could not be fetched for the original UID.
Q7T6Y8,Q7T6Y8,,,,,,881,404,,,,AFDB v6 structure could not be fetched for the original UID.
Q7T6Y9,Q7T6Y9,,,,,,417,404,,,,AFDB v6 structure could not be fetched for the original UID.
Q7VNG0,Q7VNG0,,,,,,346,404,,,,AFDB v6 structure could not be fetched for the original UID.
Q7X2N3,Q7X2N3,,,,,,811,404,,,,AFDB v6 structure could not be fetched for the original UID.
Q7Y4Y9,Q7Y4Y9,,,,,,244,404,,,,AFDB v6 structure could not be fetched for the original UID.
Q802F2,Q802F2,,,,,,193,404,,,,AFDB v6 structure could not be fetched for the original UID.
Q802G6,Q802G6,,,,,,110,404,,,,AFDB v6 structure could not be fetched for the original UID.
Q804E1,Q804E1,,,,,,248,404,,,,AFDB v6 structure could not be fetched for the original UID.
Q805H4,Q805H4,,,,,,312,404,,,,AFDB v6 structure could not be fetched for the original UID.
Q805R1,Q805R1,,,,,,440,404,,,,AFDB v6 structure could not be fetched for the original UID.
Q80902,Q80902,,,,,,609,404,,,,AFDB v6 structure could not be fetched for the original UID.
Q80909,Q80909,,,,,,604,404,,,,AFDB v6 structure could not be fetched for the original UID.
Q80915,Q80915,,,,,,643,404,,,,AFDB v6 structure could not be fetched for the original UID.
Q80922,Q80922,,,,,,593,404,,,,AFDB v6 structure could not be fetched for the original UID.
Q80943,Q80943,,,,,,610,404,,,,AFDB v6 structure could not be fetched for the original UID.
Q80950,Q80950,,,,,,652,404,,,,AFDB v6 structure could not be fetched for the original UID.
Q80957,Q80957,,,,,,630,404,,,,AFDB v6 structure could not be fetched for the original UID.
Q80DS7,Q80DS7,,,,,,204,404,,,,AFDB v6 structure could not be fetched for the original UID.
Q80DX6,Q80DX6,,,,,,844,404,,,,AFDB v6 structure could not be fetched for the original UID.
Q80HT9,Q80HT9,,,,,,204,404,,,,AFDB v6 structure could not be fetched for the original UID.
Q80RC7,Q80RC7,,,,,,439,404,,,,AFDB v6 structure could not be fetched for the original UID.
Q80TA1,Q80TA1,,,,,,398,404,,,,AFDB v6 structure could not be fetched for the original UID.
Q81020,Q81020,,,,,,633,404,,,,AFDB v6 structure could not be fetched for the original UID.
Q811C4,Q811C4,,,,,,509,404,,,,AFDB v6 structure could not be fetched for the original UID.
Q81966,Q81966,,,,,,644,404,,,,AFDB v6 structure could not be fetched for the original UID.
Q81999,Q81999,,,,,,650,404,,,,AFDB v6 structure could not be fetched for the original UID.
Q82007,Q82007,,,,,,650,404,,,,AFDB v6 structure could not be fetched for the original UID.
Q82041,Q82041,,,,,,693,404,,,,AFDB v6 structure could not be fetched for the original UID.
Q83356,Q83356,,,,,,439,404,,,,AFDB v6 structure could not be fetched for the original UID.
Q84293,Q84293,,,,,,649,404,,,,AFDB v6 structure could not be fetched for the original UID.
Q84356,Q84356,,,,,,602,404,,,,AFDB v6 structure could not be fetched for the original UID.
Q84424,Q84424,,,,,,330,404,,,,AFDB v6 structure could not be fetched for the original UID.
Q848I4,Q848I4,,,,,,554,404,,,,AFDB v6 structure could not be fetched for the original UID.
Q85297,Q85297,,,,,,178,404,,,,AFDB v6 structure could not be fetched for the original UID.
Q85437,Q85437,,,,,,801,404,,,,AFDB v6 structure could not be fetched for the original UID.
Q857H2,Q857H2,,,,,,672,404,,,,AFDB v6 structure could not be fetched for the original UID.
Q86567,Q86567,,,,,,286,404,,,,AFDB v6 structure could not be fetched for the original UID.
Q865R2,Q865R2,,,,,,201,404,,,,AFDB v6 structure could not be fetched for the original UID.
Q86VQ6,Q86VQ6,,,,,,643,404,,,,AFDB v6 structure could not be fetched for the original UID.
Q87009,Q87009,,,,,,280,404,,,,AFDB v6 structure could not be fetched for the original UID.
Q87013,Q87013,,,,,,285,404,,,,AFDB v6 structure could not be fetched for the original UID.
Q89121,Q89121,,,,,,439,404,,,,AFDB v6 structure could not be fetched for the original UID.
Q89187,Q89187,,,,,,210,404,,,,AFDB v6 structure could not be fetched for the original UID.
Q89269,Q89269,,,,,,312,404,,,,AFDB v6 structure could not be fetched for the original UID.
Q89443,Q89443,,,,,,962,404,,,,AFDB v6 structure could not be fetched for the original UID.
Q89536,Q89536,,,,,,597,404,,,,AFDB v6 structure could not be fetched for the original UID.
Q89576,Q89576,,,,,,509,404,,,,AFDB v6 structure could not be fetched for the original UID.
Q89662,Q89662,,,,,,178,404,,,,AFDB v6 structure could not be fetched for the original UID.
Q89940,Q89940,,,,,,289,404,,,,AFDB v6 structure could not be fetched for the original UID.
Q8BB04,Q8BB04,,,,,,835,404,,,,AFDB v6 structure could not be fetched for the original UID.
Q8BB16,Q8BB16,,,,,,314,404,,,,AFDB v6 structure could not be fetched for the original UID.
Q8BB26,Q8BB26,,,,,,424,404,,,,AFDB v6 structure could not be fetched for the original UID.
Q8BDD7,Q8BDD7,,,,,,613,404,,,,AFDB v6 structure could not be fetched for the original UID.
Q8CXZ8,Q8CXZ8,,,,,,368,404,,,,AFDB v6 structure could not be fetched for the original UID.
Q8FDI4,Q8FDI4,,,,,,598,404,,,,AFDB v6 structure could not be fetched for the original UID.
Q8FHF4,Q8FHF4,,,,,,440,404,,,,AFDB v6 structure could not be fetched for the original UID.
Q8FKG1,Q8FKG1,,,,,,369,404,,,,AFDB v6 structure could not be fetched for the original UID.
Q8JL72,Q8JL72,,,,,,204,404,,,,AFDB v6 structure could not be fetched for the original UID.
Q8JSP9,Q8JSP9,,,,,,424,404,,,,AFDB v6 structure could not be fetched for the original UID.
Q8KAZ0,Q8KAZ0,,,,,,264,404,,,,AFDB v6 structure could not be fetched for the original UID.
Q8KBX0,Q8KBX0,,,,,,467,404,,,,AFDB v6 structure could not be fetched for the original UID.
Q8MBG5,Q8MBG5,,,,,,487,404,,,,AFDB v6 structure could not be fetched for the original UID.
Q8MBK3,Q8MBK3,,,,,,490,404,,,,AFDB v6 structure could not be fetched for the original UID.
Q8MBQ4,Q8MBQ4,,,,,,490,404,,,,AFDB v6 structure could not be fetched for the original UID.
Q8MIU0,Q8MIU0,,,,,,530,404,,,,AFDB v6 structure could not be fetched for the original UID.
Q8MJ14,Q8MJ14,,,,,,206,404,,,,AFDB v6 structure could not be fetched for the original UID.
Q8QMP8,Q8QMP8,,,,,,505,404,,,,AFDB v6 structure could not be fetched for the original UID.
Q8QMQ7,Q8QMQ7,,,,,,204,404,,,,AFDB v6 structure could not be fetched for the original UID.
Q8QMV9,Q8QMV9,,,,,,844,404,,,,AFDB v6 structure could not be fetched for the original UID.
Q8QQ21,Q8QQ21,,,,,,204,404,,,,AFDB v6 structure could not be fetched for the original UID.
Q8R8W3,Q8R8W3,,,,,,344,404,,,,AFDB v6 structure could not be fetched for the original UID.
Q8SDC3,Q8SDC3,,,,,,327,404,,,,AFDB v6 structure could not be fetched for the original UID.
Q8TN68,Q8TN68,,,,,,467,404,,,,AFDB v6 structure could not be fetched for the original UID.
Q8TS72,Q8TS72,,,,,,468,404,,,,AFDB v6 structure could not be fetched for the original UID.
Q8TS73,Q8TS73,,,,,,495,404,,,,AFDB v6 structure could not be fetched for the original UID.
Q8TTA5,Q8TTA5,,,,,,467,404,,,,AFDB v6 structure could not be fetched for the original UID.
Q8TTA9,Q8TTA9,,,,,,495,404,,,,AFDB v6 structure could not be fetched for the original UID.
Q8TVM0,Q8TVM0,,,,,,334,404,,,,AFDB v6 structure could not be fetched for the original UID.
Q8UVX8,Q8UVX8,,,,,,269,404,,,,AFDB v6 structure could not be fetched for the original UID.
Q8V2K9,Q8V2K9,,,,,,204,404,,,,AFDB v6 structure could not be fetched for the original UID.
Q8V2R8,Q8V2R8,,,,,,844,000,,,,AFDB v6 structure could not be fetched for the original UID.
Q8V2Y0,Q8V2Y0,,,,,,147,404,,,,AFDB v6 structure could not be fetched for the original UID.
Q8V3U0,Q8V3U0,,,,,,394,404,,,,AFDB v6 structure could not be fetched for the original UID.
Q8V437,Q8V437,,,,,,424,404,,,,AFDB v6 structure could not be fetched for the original UID.
Q8V4S4,Q8V4S4,,,,,,503,404,,,,AFDB v6 structure could not be fetched for the original UID.
Q8V9T7,Q8V9T7,,,,,,318,404,,,,AFDB v6 structure could not be fetched for the original UID.
Q8V9U2,Q8V9U2,,,,,,963,404,,,,AFDB v6 structure could not be fetched for the original UID.
Q8W3Z3,Q8W3Z3,,,,,,757,404,,,,AFDB v6 structure could not be fetched for the original UID.
Q8WMS6,Q8WMS6,,,,,,330,404,,,,AFDB v6 structure could not be fetched for the original UID.
Q8YD09,Q8YD09,,,,,,925,404,,,,AFDB v6 structure could not be fetched for the original UID.
Q8YI91,Q8YI91,,,,,,255,404,,,,AFDB v6 structure could not be fetched for the original UID.
Q90029,Q90029,,,,,,177,404,,,,AFDB v6 structure could not be fetched for the original UID.
Q90030,Q90030,,,,,,268,404,,,,AFDB v6 structure could not be fetched for the original UID.
Q90033,Q90033,,,,,,181,404,,,,AFDB v6 structure could not be fetched for the original UID.
Q90054,Q90054,,,,,,545,404,,,,AFDB v6 structure could not be fetched for the original UID.
Q90185,Q90185,,,,,,805,404,,,,AFDB v6 structure could not be fetched for the original UID.
Q912W1,Q912W1,,,,,,290,404,,,,AFDB v6 structure could not be fetched for the original UID.
Q91EK3,Q91EK3,,,,,,293,404,,,,AFDB v6 structure could not be fetched for the original UID.
Q91F87,Q91F87,,,,,,296,404,,,,AFDB v6 structure could not be fetched for the original UID.
Q91FD5,Q91FD5,,,,,,411,404,,,,AFDB v6 structure could not be fetched for the original UID.
Q91FE4,Q91FE4,,,,,,528,404,,,,AFDB v6 structure could not be fetched for the original UID.
Q91FE8,Q91FE8,,,,,,360,404,,,,AFDB v6 structure could not be fetched for the original UID.
Q91FH7,Q91FH7,,,,,,111,404,,,,AFDB v6 structure could not be fetched for the original UID.
Q91FS1,Q91FS1,,,,,,213,404,,,,AFDB v6 structure could not be fetched for the original UID.
Q91HJ9,Q91HJ9,,,,,,835,404,,,,AFDB v6 structure could not be fetched for the original UID.
Q91ZI8,Q91ZI8,,,,,,304,404,,,,AFDB v6 structure could not be fetched for the original UID.
Q92060,Q92060,,,,,,15,404,,,,AFDB v6 structure could not be fetched for the original UID.
Q92116,Q92116,,,,,,521,404,,,,AFDB v6 structure could not be fetched for the original UID.
Q92813,Q92813,,,,,,273,404,,,,AFDB v6 structure could not be fetched for the original UID.
Q937Z1,Q937Z1,,,,,,451,404,,,,AFDB v6 structure could not be fetched for the original UID.
Q93A90,Q93A90,,,,,,489,404,,,,AFDB v6 structure could not be fetched for the original UID.
Q93LE1,Q93LE1,,,,,,476,404,,,,AFDB v6 structure could not be fetched for the original UID.
Q94497,Q94497,,,,,,364,404,,,,AFDB v6 structure could not be fetched for the original UID.
Q94MV8,Q94MV8,,,,,,172,404,,,,AFDB v6 structure could not be fetched for the original UID.
Q95N00,Q95N00,,,,,,257,404,,,,AFDB v6 structure could not be fetched for the original UID.
Q98218,Q98218,,,,,,684,404,,,,AFDB v6 structure could not be fetched for the original UID.
Q98234,Q98234,,,,,,220,404,,,,AFDB v6 structure could not be fetched for the original UID.
Q98267,Q98267,,,,,,634,404,,,,AFDB v6 structure could not be fetched for the original UID.
Q98500,Q98500,,,,,,193,404,,,,AFDB v6 structure could not be fetched for the original UID.
Q98829,Q98829,,,,,,329,000,,,,AFDB v6 structure could not be fetched for the original UID.
Q99611,Q99611,,,,,,448,404,,,,AFDB v6 structure could not be fetched for the original UID.
Q99CW3,Q99CW3,,,,,,440,404,,,,AFDB v6 structure could not be fetched for the original UID.
Q99MD6,Q99MD6,,,,,,652,404,,,,AFDB v6 structure could not be fetched for the original UID.
Q9AQ98,Q9AQ98,,,,,,346,000,,,,AFDB v6 structure could not be fetched for the original UID.
Q9AT63,Q9AT63,,,,,,309,404,,,,AFDB v6 structure could not be fetched for the original UID.
Q9BVL4,Q9BVL4,,,,,,669,404,,,,AFDB v6 structure could not be fetched for the original UID.
Q9C0D9,Q9C0D9,,,,,,397,404,,,,AFDB v6 structure could not be fetched for the original UID.
Q9DBC0,Q9DBC0,,,,,,667,404,,,,AFDB v6 structure could not be fetched for the original UID.
Q9DHU2,Q9DHU2,,,,,,325,404,,,,AFDB v6 structure could not be fetched for the original UID.
Q9DR81,Q9DR81,,,,,,424,404,,,,AFDB v6 structure could not be fetched for the original UID.
Q9E6L8,Q9E6L8,,,,,,402,404,,,,AFDB v6 structure could not be fetched for the original UID.
Q9E6M6,Q9E6M6,,,,,,436,404,,,,AFDB v6 structure could not be fetched for the original UID.
Q9E6P5,Q9E6P5,,,,,,352,404,,,,AFDB v6 structure could not be fetched for the original UID.
Q9E6Q4,Q9E6Q4,,,,,,513,404,,,,AFDB v6 structure could not be fetched for the original UID.
Q9EMI7,Q9EMI7,,,,,,299,404,,,,AFDB v6 structure could not be fetched for the original UID.
Q9EVE0,Q9EVE0,,,,,,444,404,,,,AFDB v6 structure could not be fetched for the original UID.
Q9EVG2,Q9EVG2,,,,,,442,404,,,,AFDB v6 structure could not be fetched for the original UID.
Q9EVG3,Q9EVG3,,,,,,365,404,,,,AFDB v6 structure could not be fetched for the original UID.
Q9EVG9,Q9EVG9,,,,,,365,404,,,,AFDB v6 structure could not be fetched for the original UID.
Q9EVH4,Q9EVH4,,,,,,443,404,,,,AFDB v6 structure could not be fetched for the original UID.
Q9EVH6,Q9EVH6,,,,,,503,404,,,,AFDB v6 structure could not be fetched for the original UID.
Q9EVH7,Q9EVH7,,,,,,442,404,,,,AFDB v6 structure could not be fetched for the original UID.
Q9EVI3,Q9EVI3,,,,,,442,404,,,,AFDB v6 structure could not be fetched for the original UID.
Q9EVI4,Q9EVI4,,,,,,363,404,,,,AFDB v6 structure could not be fetched for the original UID.
Q9EVI6,Q9EVI6,,,,,,443,404,,,,AFDB v6 structure could not be fetched for the original UID.
Q9EVI8,Q9EVI8,,,,,,502,404,,,,AFDB v6 structure could not be fetched for the original UID.
Q9IAX2,Q9IAX2,,,,,,279,404,,,,AFDB v6 structure could not be fetched for the original UID.
Q9ICP7,Q9ICP7,,,,,,286,404,,,,AFDB v6 structure could not be fetched for the original UID.
Q9IG45,Q9IG45,,,,,,317,404,,,,AFDB v6 structure could not be fetched for the original UID.
Q9IKD2,Q9IKD2,,,,,,439,404,,,,AFDB v6 structure could not be fetched for the original UID.
Q9INI4,Q9INI4,,,,,,720,404,,,,AFDB v6 structure could not be fetched for the original UID.
Q9IR51,Q9IR51,,,,,,286,404,,,,AFDB v6 structure could not be fetched for the original UID.
Q9IV54,Q9IV54,,,,,,463,404,,,,AFDB v6 structure could not be fetched for the original UID.
Q9IZK2,Q9IZK2,,,,,,440,404,,,,AFDB v6 structure could not be fetched for the original UID.
Q9IZT2,Q9IZT2,,,,,,860,404,,,,AFDB v6 structure could not be fetched for the original UID.
Q9IZU7,Q9IZU7,,,,,,216,404,,,,AFDB v6 structure could not be fetched for the original UID.
Q9J509,Q9J509,,,,,,292,404,,,,AFDB v6 structure could not be fetched for the original UID.
Q9J523,Q9J523,,,,,,303,404,,,,AFDB v6 structure could not be fetched for the original UID.
Q9J579,Q9J579,,,,,,235,404,,,,AFDB v6 structure could not be fetched for the original UID.
Q9J584,Q9J584,,,,,,851,404,,,,AFDB v6 structure could not be fetched for the original UID.
Q9J592,Q9J592,,,,,,166,404,,,,AFDB v6 structure could not be fetched for the original UID.
Q9J5B1,Q9J5B1,,,,,,444,404,,,,AFDB v6 structure could not be fetched for the original UID.
Q9J5C7,Q9J5C7,,,,,,94,404,,,,AFDB v6 structure could not be fetched for the original UID.
Q9J5G5,Q9J5G5,,,,,,145,404,,,,AFDB v6 structure could not be fetched for the original UID.
Q9J5H2,Q9J5H2,,,,,,124,404,,,,AFDB v6 structure could not be fetched for the original UID.
Q9JFA8,Q9JFA8,,,,,,844,404,,,,AFDB v6 structure could not be fetched for the original UID.
Q9JFB7,Q9JFB7,,,,,,177,404,,,,AFDB v6 structure could not be fetched for the original UID.
Q9JFC3,Q9JFC3,,,,,,676,404,,,,AFDB v6 structure could not be fetched for the original UID.
Q9JFE5,Q9JFE5,,,,,,439,404,,,,AFDB v6 structure could not be fetched for the original UID.
Q9JFM9,Q9JFM9,,,,,,119,404,,,,AFDB v6 structure could not be fetched for the original UID.
Q9JH49,Q9JH49,,,,,,634,404,,,,AFDB v6 structure could not be fetched for the original UID.
Q9JHC0,Q9JHC0,,,,,,190,404,,,,AFDB v6 structure could not be fetched for the original UID.
Q9JLC3,Q9JLC3,,,,,,116,404,,,,AFDB v6 structure could not be fetched for the original UID.
Q9JLT4,Q9JLT4,,,,,,524,404,,,,AFDB v6 structure could not be fetched for the original UID.
Q9JMH6,Q9JMH6,,,,,,613,404,,,,AFDB v6 structure could not be fetched for the original UID.
Q9KH33,Q9KH33,,,,,,498,404,,,,AFDB v6 structure could not be fetched for the original UID.
Q9L3Q5,Q9L3Q5,,,,,,203,404,,,,AFDB v6 structure could not be fetched for the original UID.
Q9L473,Q9L473,,,,,,367,404,,,,AFDB v6 structure could not be fetched for the original UID.
Q9L4E1,Q9L4E1,,,,,,347,404,,,,AFDB v6 structure could not be fetched for the original UID.
Q9MRR9,Q9MRR9,,,,,,498,404,,,,AFDB v6 structure could not be fetched for the original UID.
Q9MRV8,Q9MRV8,,,,,,498,404,,,,AFDB v6 structure could not be fetched for the original UID.
Q9MTE7,Q9MTE7,,,,,,466,404,,,,AFDB v6 structure could not be fetched for the original UID.
Q9MTX9,Q9MTX9,,,,,,498,404,,,,AFDB v6 structure could not be fetched for the original UID.
Q9MU26,Q9MU26,,,,,,498,404,,,,AFDB v6 structure could not be fetched for the original UID.
Q9MU30,Q9MU30,,,,,,498,404,,,,AFDB v6 structure could not be fetched for the original UID.
Q9MU81,Q9MU81,,,,,,498,404,,,,AFDB v6 structure could not be fetched for the original UID.
Q9MYY8,Q9MYY8,,,,,,499,404,,,,AFDB v6 structure could not be fetched for the original UID.
Q9N272,Q9N272,,,,,,365,404,,,,AFDB v6 structure could not be fetched for the original UID.
Q9N290,Q9N290,,,,,,327,404,,,,AFDB v6 structure could not be fetched for the original UID.
Q9N2I8,Q9N2I8,,,,,,511,404,,,,AFDB v6 structure could not be fetched for the original UID.
Q9N2J2,Q9N2J2,,,,,,197,404,,,,AFDB v6 structure could not be fetched for the original UID.
Q9NNW7,Q9NNW7,,,,,,524,404,,,,AFDB v6 structure could not be fetched for the original UID.
Q9NZV6,Q9NZV6,,,,,,116,404,,,,AFDB v6 structure could not be fetched for the original UID.
Q9P995,Q9P995,,,,,,483,404,,,,AFDB v6 structure could not be fetched for the original UID.
Q9P9L4,Q9P9L4,,,,,,458,404,,,,AFDB v6 structure could not be fetched for the original UID.
Q9P9M9,Q9P9M9,,,,,,419,404,,,,AFDB v6 structure could not be fetched for the original UID.
Q9P9N0,Q9P9N0,,,,,,419,404,,,,AFDB v6 structure could not be fetched for the original UID.
Q9PK73,Q9PK73,,,,,,394,404,,,,AFDB v6 structure could not be fetched for the original UID.
Q9PMF9,Q9PMF9,,,,,,340,404,,,,AFDB v6 structure could not be fetched for the original UID.
Q9PRZ0,Q9PRZ0,,,,,,15,404,,,,AFDB v6 structure could not be fetched for the original UID.
Q9PZT0,Q9PZT0,,,,,,781,404,,,,AFDB v6 structure could not be fetched for the original UID.
Q9PZT1,Q9PZT1,,,,,,671,404,,,,AFDB v6 structure could not be fetched for the original UID.
Q9Q8L4,Q9Q8L4,,,,,,632,404,,,,AFDB v6 structure could not be fetched for the original UID.
Q9Q8N6,Q9Q8N6,,,,,,178,404,,,,AFDB v6 structure could not be fetched for the original UID.
Q9Q8Q2,Q9Q8Q2,,,,,,678,404,,,,AFDB v6 structure could not be fetched for the original UID.
Q9Q8Z2,Q9Q8Z2,,,,,,632,404,,,,AFDB v6 structure could not be fetched for the original UID.
Q9Q927,Q9Q927,,,,,,678,404,,,,AFDB v6 structure could not be fetched for the original UID.
Q9Q9G3,Q9Q9G3,,,,,,416,404,,,,AFDB v6 structure could not be fetched for the original UID.
Q9QAQ9,Q9QAQ9,,,,,,424,404,,,,AFDB v6 structure could not be fetched for the original UID.
Q9QAR6,Q9QAR6,,,,,,424,404,,,,AFDB v6 structure could not be fetched for the original UID.
Q9QB92,Q9QB92,,,,,,287,404,,,,AFDB v6 structure could not be fetched for the original UID.
Q9QB93,Q9QB93,,,,,,631,404,,,,AFDB v6 structure could not be fetched for the original UID.
Q9QNB1,Q9QNB1,,,,,,835,404,,,,AFDB v6 structure could not be fetched for the original UID.
Q9QNF7,Q9QNF7,,,,,,376,404,,,,AFDB v6 structure could not be fetched for the original UID.
Q9QTF2,Q9QTF2,,,,,,312,404,,,,AFDB v6 structure could not be fetched for the original UID.
Q9R101,Q9R101,,,,,,763,404,,,,AFDB v6 structure could not be fetched for the original UID.
Q9R4G8,Q9R4G8,,,,,,438,404,,,,AFDB v6 structure could not be fetched for the original UID.
Q9RUP5,Q9RUP5,,,,,,244,404,,,,AFDB v6 structure could not be fetched for the original UID.
Q9S926,Q9S926,,,,,,10,404,,,,AFDB v6 structure could not be fetched for the original UID.
Q9SEC2,Q9SEC2,,,,,,259,000,,,,AFDB v6 structure could not be fetched for the original UID.
Q9TWL9,Q9TWL9,,,,,,77,404,,,,AFDB v6 structure could not be fetched for the original UID.
Q9VKY8,Q9VKY8,,,,,,370,404,,,,AFDB v6 structure could not be fetched for the original UID.
Q9W683,Q9W683,,,,,,521,404,,,,AFDB v6 structure could not be fetched for the original UID.
Q9WBI3,Q9WBI3,,,,,,295,404,,,,AFDB v6 structure could not be fetched for the original UID.
Q9WIJ5,Q9WIJ5,,,,,,286,404,,,,AFDB v6 structure could not be fetched for the original UID.
Q9WIK0,Q9WIK0,,,,,,283,404,,,,AFDB v6 structure could not be fetched for the original UID.
Q9X448,Q9X448,,,,,,316,404,,,,AFDB v6 structure could not be fetched for the original UID.
Q9X6J5,Q9X6J5,,,,,,339,404,,,,AFDB v6 structure could not be fetched for the original UID.
Q9YUD3,Q9YUD3,,,,,,289,404,,,,AFDB v6 structure could not be fetched for the original UID.
Q9YW06,Q9YW06,,,,,,717,404,,,,AFDB v6 structure could not be fetched for the original UID.
Q9YW20,Q9YW20,,,,,,298,404,,,,AFDB v6 structure could not be fetched for the original UID.
Q9YW39,Q9YW39,,,,,,647,404,,,,AFDB v6 structure could not be fetched for the original UID.
Q9YYS0,Q9YYS0,,,,,,163,404,,,,AFDB v6 structure could not be fetched for the original UID.
Q9Z034,Q9Z034,,,,,,283,404,,,,AFDB v6 structure could not be fetched for the original UID.
Q9Z0D3,Q9Z0D3,,,,,,284,404,,,,AFDB v6 structure could not be fetched for the original UID.
Q9Z0D4,Q9Z0D4,,,,,,282,404,,,,AFDB v6 structure could not be fetched for the original UID.
Q9Z0D5,Q9Z0D5,,,,,,281,404,,,,AFDB v6 structure could not be fetched for the original UID.
Q9Z0J5,Q9Z0J5,,,,,,526,404,,,,AFDB v6 structure could not be fetched for the original UID.
Q9Z1Y9,Q9Z1Y9,,,,,,266,404,,,,AFDB v6 structure could not be fetched for the original UID.
Q9Z4Q7,Q9Z4Q7,,,,,,242,404,,,,AFDB v6 structure could not be fetched for the original UID.
Q9ZSQ4,Q9ZSQ4,,,,,,582,404,,,,AFDB v6 structure could not be fetched for the original UID.
Q9ZX92,Q9ZX92,,,,,,237,404,,,,AFDB v6 structure could not be fetched for the original UID.
R9WTS6,R9WTS6,,,,,,907,404,,,,AFDB v6 structure could not be fetched for the original UID.
