UniprotID,sequence_length,afdb_model_version,afdb_structure_sha256,p2rank_command,p2rank_version,p2rank_raw_prediction_csv,p2rank_raw_residue_csv,p2rank_log_path,no_pocket_reason,retryable,notes
A0A009IHW8,269,v6,bec53b3812dd9262c0f776c7a7ba1cda92ff5e6538f5978167577190308b2dfc,/usrdata/EnzymeCAGE_data/tools/p2rank_2.5.1/prank predict -threads 4 -c alphafold -visualizations 0 -o /root/projects/EnzymeCAGE-master/HPC_Returned_Result_Summaries/enzymecage_m4_e2_full_4681_staged_status_table_20260814/per_uid/A0A009IHW8/p2rank/raw /root/projects/EnzymeCAGE-master/HPC_Returned_Result_Summaries/enzymecage_m4_e2_full_4681_staged_status_table_20260814/per_uid/A0A009IHW8/p2rank/A0A009IHW8.ds,P2Rank 2.5.1,,,,AFDB structure fetched; P2Rank ran under the approved command contract; no usable top predicted pocket residues were produced or mapped.,False,
A0A0M2H929,131,v6,ba7c7e19d0d0bbd74917d017a3dc65b1aced46767a0e2908d2a076f488d8e36e,/usrdata/EnzymeCAGE_data/tools/p2rank_2.5.1/prank predict -threads 4 -c alphafold -visualizations 0 -o /root/projects/EnzymeCAGE-master/HPC_Returned_Result_Summaries/enzymecage_m4_e2_full_4681_staged_status_table_20260814/per_uid/A0A0M2H929/p2rank/raw /root/projects/EnzymeCAGE-master/HPC_Returned_Result_Summaries/enzymecage_m4_e2_full_4681_staged_status_table_20260814/per_uid/A0A0M2H929/p2rank/A0A0M2H929.ds,P2Rank 2.5.1,,,,AFDB structure fetched; P2Rank ran under the approved command contract; no usable top predicted pocket residues were produced or mapped.,False,
A0A0P0FGV9,287,v6,f867da97404c91aa8836c8af0a79552bfbb00231dce3436299fa6206f7b9acfe,/usrdata/EnzymeCAGE_data/tools/p2rank_2.5.1/prank predict -threads 4 -c alphafold -visualizations 0 -o /root/projects/EnzymeCAGE-master/HPC_Returned_Result_Summaries/enzymecage_m4_e2_full_4681_staged_status_table_20260814/per_uid/A0A0P0FGV9/p2rank/raw /root/projects/EnzymeCAGE-master/HPC_Returned_Result_Summaries/enzymecage_m4_e2_full_4681_staged_status_table_20260814/per_uid/A0A0P0FGV9/p2rank/A0A0P0FGV9.ds,P2Rank 2.5.1,,,,AFDB structure fetched; P2Rank ran under the approved command contract; no usable top predicted pocket residues were produced or mapped.,False,
A0AJK9,97,v6,45afd310753af45c07de059516e8c217544c1f4c8876359ac800e76e4698af59,/usrdata/EnzymeCAGE_data/tools/p2rank_2.5.1/prank predict -threads 4 -c alphafold -visualizations 0 -o /root/projects/EnzymeCAGE-master/HPC_Returned_Result_Summaries/enzymecage_m4_e2_full_4681_4gpu_sharded_continuation_20260814/shards/shard_00/per_uid/A0AJK9/p2rank/raw /root/projects/EnzymeCAGE-master/HPC_Returned_Result_Summaries/enzymecage_m4_e2_full_4681_4gpu_sharded_continuation_20260814/shards/shard_00/per_uid/A0AJK9/p2rank/A0AJK9.ds,P2Rank 2.5.1,,,,AFDB structure fetched; P2Rank ran under the approved command contract; no usable top predicted pocket residues were produced or mapped.,False,
A0JRH3,115,v6,f45840a05807af82d37f0b2559a84cc85fbdf40f6f0c35a3cac361a5a7288d54,/usrdata/EnzymeCAGE_data/tools/p2rank_2.5.1/prank predict -threads 4 -c alphafold -visualizations 0 -o /root/projects/EnzymeCAGE-master/HPC_Returned_Result_Summaries/enzymecage_m4_e2_full_4681_4gpu_sharded_continuation_20260814/shards/shard_00/per_uid/A0JRH3/p2rank/raw /root/projects/EnzymeCAGE-master/HPC_Returned_Result_Summaries/enzymecage_m4_e2_full_4681_4gpu_sharded_continuation_20260814/shards/shard_00/per_uid/A0JRH3/p2rank/A0JRH3.ds,P2Rank 2.5.1,,,,AFDB structure fetched; P2Rank ran under the approved command contract; no usable top predicted pocket residues were produced or mapped.,False,
A0JXX7,200,v6,c9d4d52d98e95420dc12304cddbdc7c3294a631e2d9c5cfe2475795a0cb0c4c9,/usrdata/EnzymeCAGE_data/tools/p2rank_2.5.1/prank predict -threads 4 -c alphafold -visualizations 0 -o /root/projects/EnzymeCAGE-master/HPC_Returned_Result_Summaries/enzymecage_m4_e2_full_4681_4gpu_sharded_continuation_20260814/shards/shard_01/per_uid/A0JXX7/p2rank/raw /root/projects/EnzymeCAGE-master/HPC_Returned_Result_Summaries/enzymecage_m4_e2_full_4681_4gpu_sharded_continuation_20260814/shards/shard_01/per_uid/A0JXX7/p2rank/A0JXX7.ds,P2Rank 2.5.1,,,,AFDB structure fetched; P2Rank ran under the approved command contract; no usable top predicted pocket residues were produced or mapped.,False,
A0K2V4,102,v6,2e60e502f6a0c1588ac74f49e921be7030430e35a718953babd4aba2278a0356,/usrdata/EnzymeCAGE_data/tools/p2rank_2.5.1/prank predict -threads 4 -c alphafold -visualizations 0 -o /root/projects/EnzymeCAGE-master/HPC_Returned_Result_Summaries/enzymecage_m4_e2_full_4681_4gpu_sharded_continuation_20260814/shards/shard_02/per_uid/A0K2V4/p2rank/raw /root/projects/EnzymeCAGE-master/HPC_Returned_Result_Summaries/enzymecage_m4_e2_full_4681_4gpu_sharded_continuation_20260814/shards/shard_02/per_uid/A0K2V4/p2rank/A0K2V4.ds,P2Rank 2.5.1,,,,AFDB structure fetched; P2Rank ran under the approved command contract; no usable top predicted pocket residues were produced or mapped.,False,
A0K577,101,v6,736d2907c0e69a1e37da6ba1c0715d3c4e0b43f6d4571edb6ef7991c20bbd287,/usrdata/EnzymeCAGE_data/tools/p2rank_2.5.1/prank predict -threads 4 -c alphafold -visualizations 0 -o /root/projects/EnzymeCAGE-master/HPC_Returned_Result_Summaries/enzymecage_m4_e2_full_4681_4gpu_sharded_continuation_20260814/shards/shard_03/per_uid/A0K577/p2rank/raw /root/projects/EnzymeCAGE-master/HPC_Returned_Result_Summaries/enzymecage_m4_e2_full_4681_4gpu_sharded_continuation_20260814/shards/shard_03/per_uid/A0K577/p2rank/A0K577.ds,P2Rank 2.5.1,,,,AFDB structure fetched; P2Rank ran under the approved command contract; no usable top predicted pocket residues were produced or mapped.,False,
A0K913,101,v6,12d2fd84db0d6187d267744268837c90090a09e0f57961b00143e9fa238e73ed,/usrdata/EnzymeCAGE_data/tools/p2rank_2.5.1/prank predict -threads 4 -c alphafold -visualizations 0 -o /root/projects/EnzymeCAGE-master/HPC_Returned_Result_Summaries/enzymecage_m4_e2_full_4681_4gpu_sharded_continuation_20260814/shards/shard_00/per_uid/A0K913/p2rank/raw /root/projects/EnzymeCAGE-master/HPC_Returned_Result_Summaries/enzymecage_m4_e2_full_4681_4gpu_sharded_continuation_20260814/shards/shard_00/per_uid/A0K913/p2rank/A0K913.ds,P2Rank 2.5.1,,,,AFDB structure fetched; P2Rank ran under the approved command contract; no usable top predicted pocket residues were produced or mapped.,False,
A0KBI0,99,v6,d481df29bead1aad7e2ccfd28645c9fe80b58e4b577c57429ba11e89096f29e5,/usrdata/EnzymeCAGE_data/tools/p2rank_2.5.1/prank predict -threads 4 -c alphafold -visualizations 0 -o /root/projects/EnzymeCAGE-master/HPC_Returned_Result_Summaries/enzymecage_m4_e2_full_4681_4gpu_sharded_continuation_20260814/shards/shard_01/per_uid/A0KBI0/p2rank/raw /root/projects/EnzymeCAGE-master/HPC_Returned_Result_Summaries/enzymecage_m4_e2_full_4681_4gpu_sharded_continuation_20260814/shards/shard_01/per_uid/A0KBI0/p2rank/A0KBI0.ds,P2Rank 2.5.1,,,,AFDB structure fetched; P2Rank ran under the approved command contract; no usable top predicted pocket residues were produced or mapped.,False,
A0L1Q7,201,v6,9a2137073b2cd1e1e837e73fee67627db2e8a399e51887fab7fb62b0fe0c255b,/usrdata/EnzymeCAGE_data/tools/p2rank_2.5.1/prank predict -threads 4 -c alphafold -visualizations 0 -o /root/projects/EnzymeCAGE-master/HPC_Returned_Result_Summaries/enzymecage_m4_e2_full_4681_4gpu_sharded_continuation_20260814/shards/shard_03/per_uid/A0L1Q7/p2rank/raw /root/projects/EnzymeCAGE-master/HPC_Returned_Result_Summaries/enzymecage_m4_e2_full_4681_4gpu_sharded_continuation_20260814/shards/shard_03/per_uid/A0L1Q7/p2rank/A0L1Q7.ds,P2Rank 2.5.1,,,,AFDB structure fetched; P2Rank ran under the approved command contract; no usable top predicted pocket residues were produced or mapped.,False,
A0L6F0,100,v6,d17e7a93bc5aba55b1b686571ddd99c899ba4dea1fb63730d3b5196098666b6a,/usrdata/EnzymeCAGE_data/tools/p2rank_2.5.1/prank predict -threads 4 -c alphafold -visualizations 0 -o /root/projects/EnzymeCAGE-master/HPC_Returned_Result_Summaries/enzymecage_m4_e2_full_4681_4gpu_sharded_continuation_20260814/shards/shard_00/per_uid/A0L6F0/p2rank/raw /root/projects/EnzymeCAGE-master/HPC_Returned_Result_Summaries/enzymecage_m4_e2_full_4681_4gpu_sharded_continuation_20260814/shards/shard_00/per_uid/A0L6F0/p2rank/A0L6F0.ds,P2Rank 2.5.1,,,,AFDB structure fetched; P2Rank ran under the approved command contract; no usable top predicted pocket residues were produced or mapped.,False,
A0L6F1,103,v6,cd9438dbf248d4735b5f3f4176bf5ad59ba001d6693801a25a93db74e31e89e3,/usrdata/EnzymeCAGE_data/tools/p2rank_2.5.1/prank predict -threads 4 -c alphafold -visualizations 0 -o /root/projects/EnzymeCAGE-master/HPC_Returned_Result_Summaries/enzymecage_m4_e2_full_4681_4gpu_sharded_continuation_20260814/shards/shard_01/per_uid/A0L6F1/p2rank/raw /root/projects/EnzymeCAGE-master/HPC_Returned_Result_Summaries/enzymecage_m4_e2_full_4681_4gpu_sharded_continuation_20260814/shards/shard_01/per_uid/A0L6F1/p2rank/A0L6F1.ds,P2Rank 2.5.1,,,,AFDB structure fetched; P2Rank ran under the approved command contract; no usable top predicted pocket residues were produced or mapped.,False,
A0M1H4,97,v6,4c5e667e02b726829e499f261829e472936e9dfe9fd96ac615fb8c5b53e27e7e,/usrdata/EnzymeCAGE_data/tools/p2rank_2.5.1/prank predict -threads 4 -c alphafold -visualizations 0 -o /root/projects/EnzymeCAGE-master/HPC_Returned_Result_Summaries/enzymecage_m4_e2_full_4681_4gpu_sharded_continuation_20260814/shards/shard_03/per_uid/A0M1H4/p2rank/raw /root/projects/EnzymeCAGE-master/HPC_Returned_Result_Summaries/enzymecage_m4_e2_full_4681_4gpu_sharded_continuation_20260814/shards/shard_03/per_uid/A0M1H4/p2rank/A0M1H4.ds,P2Rank 2.5.1,,,,AFDB structure fetched; P2Rank ran under the approved command contract; no usable top predicted pocket residues were produced or mapped.,False,
A0PPX3,99,v6,4de93db5c611426adbc4c7e1603031aefaf9e3ecfb85715d5c40cea8108fb8fa,/usrdata/EnzymeCAGE_data/tools/p2rank_2.5.1/prank predict -threads 4 -c alphafold -visualizations 0 -o /root/projects/EnzymeCAGE-master/HPC_Returned_Result_Summaries/enzymecage_m4_e2_full_4681_4gpu_sharded_continuation_20260814/shards/shard_01/per_uid/A0PPX3/p2rank/raw /root/projects/EnzymeCAGE-master/HPC_Returned_Result_Summaries/enzymecage_m4_e2_full_4681_4gpu_sharded_continuation_20260814/shards/shard_01/per_uid/A0PPX3/p2rank/A0PPX3.ds,P2Rank 2.5.1,,,,AFDB structure fetched; P2Rank ran under the approved command contract; no usable top predicted pocket residues were produced or mapped.,False,
A0PSG3,103,v6,e0c74c6e5ce8b9332dc96aa124f4b9cae48a16952f13942c1fd80d3b42b331cb,/usrdata/EnzymeCAGE_data/tools/p2rank_2.5.1/prank predict -threads 4 -c alphafold -visualizations 0 -o /root/projects/EnzymeCAGE-master/HPC_Returned_Result_Summaries/enzymecage_m4_e2_full_4681_4gpu_sharded_continuation_20260814/shards/shard_02/per_uid/A0PSG3/p2rank/raw /root/projects/EnzymeCAGE-master/HPC_Returned_Result_Summaries/enzymecage_m4_e2_full_4681_4gpu_sharded_continuation_20260814/shards/shard_02/per_uid/A0PSG3/p2rank/A0PSG3.ds,P2Rank 2.5.1,,,,AFDB structure fetched; P2Rank ran under the approved command contract; no usable top predicted pocket residues were produced or mapped.,False,
A0PSG4,100,v6,741e3d13db6f5a1f0f6b4c279ce0b05365cf30901b9183e7c1326ad78b55a320,/usrdata/EnzymeCAGE_data/tools/p2rank_2.5.1/prank predict -threads 4 -c alphafold -visualizations 0 -o /root/projects/EnzymeCAGE-master/HPC_Returned_Result_Summaries/enzymecage_m4_e2_full_4681_4gpu_sharded_continuation_20260814/shards/shard_03/per_uid/A0PSG4/p2rank/raw /root/projects/EnzymeCAGE-master/HPC_Returned_Result_Summaries/enzymecage_m4_e2_full_4681_4gpu_sharded_continuation_20260814/shards/shard_03/per_uid/A0PSG4/p2rank/A0PSG4.ds,P2Rank 2.5.1,,,,AFDB structure fetched; P2Rank ran under the approved command contract; no usable top predicted pocket residues were produced or mapped.,False,
A0PZY2,162,v6,d204af71ec1832c0a49726ae54c2fd2686695347ce4c8354ba9174cc7efeb891,/usrdata/EnzymeCAGE_data/tools/p2rank_2.5.1/prank predict -threads 4 -c alphafold -visualizations 0 -o /root/projects/EnzymeCAGE-master/HPC_Returned_Result_Summaries/enzymecage_m4_e2_full_4681_4gpu_sharded_continuation_20260814/shards/shard_01/per_uid/A0PZY2/p2rank/raw /root/projects/EnzymeCAGE-master/HPC_Returned_Result_Summaries/enzymecage_m4_e2_full_4681_4gpu_sharded_continuation_20260814/shards/shard_01/per_uid/A0PZY2/p2rank/A0PZY2.ds,P2Rank 2.5.1,,,,AFDB structure fetched; P2Rank ran under the approved command contract; no usable top predicted pocket residues were produced or mapped.,False,
A0QCA6,94,v6,bdac00fefaae813c9934889b7a2cf510faeee8c2bbd6859ed5d52c46308a73af,/usrdata/EnzymeCAGE_data/tools/p2rank_2.5.1/prank predict -threads 4 -c alphafold -visualizations 0 -o /root/projects/EnzymeCAGE-master/HPC_Returned_Result_Summaries/enzymecage_m4_e2_full_4681_4gpu_sharded_continuation_20260814/shards/shard_03/per_uid/A0QCA6/p2rank/raw /root/projects/EnzymeCAGE-master/HPC_Returned_Result_Summaries/enzymecage_m4_e2_full_4681_4gpu_sharded_continuation_20260814/shards/shard_03/per_uid/A0QCA6/p2rank/A0QCA6.ds,P2Rank 2.5.1,,,,AFDB structure fetched; P2Rank ran under the approved command contract; no usable top predicted pocket residues were produced or mapped.,False,
A0QUW9,99,v6,d4cd586211f2ce10657c67fa89f7650e0e68a1b3b79151d9c44fcbf0cc56d60f,/usrdata/EnzymeCAGE_data/tools/p2rank_2.5.1/prank predict -threads 4 -c alphafold -visualizations 0 -o /root/projects/EnzymeCAGE-master/HPC_Returned_Result_Summaries/enzymecage_m4_e2_full_4681_4gpu_sharded_continuation_20260814/shards/shard_02/per_uid/A0QUW9/p2rank/raw /root/projects/EnzymeCAGE-master/HPC_Returned_Result_Summaries/enzymecage_m4_e2_full_4681_4gpu_sharded_continuation_20260814/shards/shard_02/per_uid/A0QUW9/p2rank/A0QUW9.ds,P2Rank 2.5.1,,,,AFDB structure fetched; P2Rank ran under the approved command contract; no usable top predicted pocket residues were produced or mapped.,False,
A0QYE2,100,v6,fdb912aa092fa84b0cef42b8c09ce1bd01a1d69d35a65af7f874557f0cf56304,/usrdata/EnzymeCAGE_data/tools/p2rank_2.5.1/prank predict -threads 4 -c alphafold -visualizations 0 -o /root/projects/EnzymeCAGE-master/HPC_Returned_Result_Summaries/enzymecage_m4_e2_full_4681_4gpu_sharded_continuation_20260814/shards/shard_00/per_uid/A0QYE2/p2rank/raw /root/projects/EnzymeCAGE-master/HPC_Returned_Result_Summaries/enzymecage_m4_e2_full_4681_4gpu_sharded_continuation_20260814/shards/shard_00/per_uid/A0QYE2/p2rank/A0QYE2.ds,P2Rank 2.5.1,,,,AFDB structure fetched; P2Rank ran under the approved command contract; no usable top predicted pocket residues were produced or mapped.,False,
A0R2K7,94,v6,c8c555494f71d27f2c30605a32c01e3eb788a59987db10bcacf036d4daecc2fa,/usrdata/EnzymeCAGE_data/tools/p2rank_2.5.1/prank predict -threads 4 -c alphafold -visualizations 0 -o /root/projects/EnzymeCAGE-master/HPC_Returned_Result_Summaries/enzymecage_m4_e2_full_4681_4gpu_sharded_continuation_20260814/shards/shard_01/per_uid/A0R2K7/p2rank/raw /root/projects/EnzymeCAGE-master/HPC_Returned_Result_Summaries/enzymecage_m4_e2_full_4681_4gpu_sharded_continuation_20260814/shards/shard_01/per_uid/A0R2K7/p2rank/A0R2K7.ds,P2Rank 2.5.1,,,,AFDB structure fetched; P2Rank ran under the approved command contract; no usable top predicted pocket residues were produced or mapped.,False,
A0RQ21,95,v6,697119f25157b0f36964f92a91b4ba08139eed6c741508a1811b9c06b64efad7,/usrdata/EnzymeCAGE_data/tools/p2rank_2.5.1/prank predict -threads 4 -c alphafold -visualizations 0 -o /root/projects/EnzymeCAGE-master/HPC_Returned_Result_Summaries/enzymecage_m4_e2_full_4681_4gpu_sharded_continuation_20260814/shards/shard_00/per_uid/A0RQ21/p2rank/raw /root/projects/EnzymeCAGE-master/HPC_Returned_Result_Summaries/enzymecage_m4_e2_full_4681_4gpu_sharded_continuation_20260814/shards/shard_00/per_uid/A0RQ21/p2rank/A0RQ21.ds,P2Rank 2.5.1,,,,AFDB structure fetched; P2Rank ran under the approved command contract; no usable top predicted pocket residues were produced or mapped.,False,
A0ZZS8,229,v6,2c1cfcbdd431c7633ad39b8d9be1b1c7dccdb40c61566dd40a9240e9989ea73e,/usrdata/EnzymeCAGE_data/tools/p2rank_2.5.1/prank predict -threads 4 -c alphafold -visualizations 0 -o /root/projects/EnzymeCAGE-master/HPC_Returned_Result_Summaries/enzymecage_m4_e2_full_4681_4gpu_sharded_continuation_20260814/shards/shard_01/per_uid/A0ZZS8/p2rank/raw /root/projects/EnzymeCAGE-master/HPC_Returned_Result_Summaries/enzymecage_m4_e2_full_4681_4gpu_sharded_continuation_20260814/shards/shard_01/per_uid/A0ZZS8/p2rank/A0ZZS8.ds,P2Rank 2.5.1,,,,AFDB structure fetched; P2Rank ran under the approved command contract; no usable top predicted pocket residues were produced or mapped.,False,
A1A3F7,98,v6,73ec0de50d49b8fede3dbfaa0cae38a31c516d1e57c8910cbfa2e2eca0914ddb,/usrdata/EnzymeCAGE_data/tools/p2rank_2.5.1/prank predict -threads 4 -c alphafold -visualizations 0 -o /root/projects/EnzymeCAGE-master/HPC_Returned_Result_Summaries/enzymecage_m4_e2_full_4681_4gpu_sharded_continuation_20260814/shards/shard_02/per_uid/A1A3F7/p2rank/raw /root/projects/EnzymeCAGE-master/HPC_Returned_Result_Summaries/enzymecage_m4_e2_full_4681_4gpu_sharded_continuation_20260814/shards/shard_02/per_uid/A1A3F7/p2rank/A1A3F7.ds,P2Rank 2.5.1,,,,AFDB structure fetched; P2Rank ran under the approved command contract; no usable top predicted pocket residues were produced or mapped.,False,
A1AZJ3,95,v6,d0a15c773cf412f00b7ff9b38dce4680c39d96641eb076040fb0231aa3971a3f,/usrdata/EnzymeCAGE_data/tools/p2rank_2.5.1/prank predict -threads 4 -c alphafold -visualizations 0 -o /root/projects/EnzymeCAGE-master/HPC_Returned_Result_Summaries/enzymecage_m4_e2_full_4681_4gpu_sharded_continuation_20260814/shards/shard_02/per_uid/A1AZJ3/p2rank/raw /root/projects/EnzymeCAGE-master/HPC_Returned_Result_Summaries/enzymecage_m4_e2_full_4681_4gpu_sharded_continuation_20260814/shards/shard_02/per_uid/A1AZJ3/p2rank/A1AZJ3.ds,P2Rank 2.5.1,,,,AFDB structure fetched; P2Rank ran under the approved command contract; no usable top predicted pocket residues were produced or mapped.,False,
A1B1C2,103,v6,73cd08bdb8068a739f123168a9bd3ba77659f09c0770eb1489995a1091553d5b,/usrdata/EnzymeCAGE_data/tools/p2rank_2.5.1/prank predict -threads 4 -c alphafold -visualizations 0 -o /root/projects/EnzymeCAGE-master/HPC_Returned_Result_Summaries/enzymecage_m4_e2_full_4681_4gpu_sharded_continuation_20260814/shards/shard_03/per_uid/A1B1C2/p2rank/raw /root/projects/EnzymeCAGE-master/HPC_Returned_Result_Summaries/enzymecage_m4_e2_full_4681_4gpu_sharded_continuation_20260814/shards/shard_03/per_uid/A1B1C2/p2rank/A1B1C2.ds,P2Rank 2.5.1,,,,AFDB structure fetched; P2Rank ran under the approved command contract; no usable top predicted pocket residues were produced or mapped.,False,
A1B3I3,107,v6,f748f609f26b930ae58d2d757dbab8762509c825556cd5378da1152a3ec2e084,/usrdata/EnzymeCAGE_data/tools/p2rank_2.5.1/prank predict -threads 4 -c alphafold -visualizations 0 -o /root/projects/EnzymeCAGE-master/HPC_Returned_Result_Summaries/enzymecage_m4_e2_full_4681_4gpu_sharded_continuation_20260814/shards/shard_00/per_uid/A1B3I3/p2rank/raw /root/projects/EnzymeCAGE-master/HPC_Returned_Result_Summaries/enzymecage_m4_e2_full_4681_4gpu_sharded_continuation_20260814/shards/shard_00/per_uid/A1B3I3/p2rank/A1B3I3.ds,P2Rank 2.5.1,,,,AFDB structure fetched; P2Rank ran under the approved command contract; no usable top predicted pocket residues were produced or mapped.,False,
A1JLI8,100,v6,01270bcaf3db8d95bb8774690aa4e001af252b59949c0106fca2b40564061060,/usrdata/EnzymeCAGE_data/tools/p2rank_2.5.1/prank predict -threads 4 -c alphafold -visualizations 0 -o /root/projects/EnzymeCAGE-master/HPC_Returned_Result_Summaries/enzymecage_m4_e2_full_4681_4gpu_sharded_continuation_20260814/shards/shard_03/per_uid/A1JLI8/p2rank/raw /root/projects/EnzymeCAGE-master/HPC_Returned_Result_Summaries/enzymecage_m4_e2_full_4681_4gpu_sharded_continuation_20260814/shards/shard_03/per_uid/A1JLI8/p2rank/A1JLI8.ds,P2Rank 2.5.1,,,,AFDB structure fetched; P2Rank ran under the approved command contract; no usable top predicted pocket residues were produced or mapped.,False,
A1K1T6,95,v6,6ec64c5d681cd4e3f01d88611cbf509879dcbacd984fc6bdd2664f4c8f7ba70d,/usrdata/EnzymeCAGE_data/tools/p2rank_2.5.1/prank predict -threads 4 -c alphafold -visualizations 0 -o /root/projects/EnzymeCAGE-master/HPC_Returned_Result_Summaries/enzymecage_m4_e2_full_4681_4gpu_sharded_continuation_20260814/shards/shard_01/per_uid/A1K1T6/p2rank/raw /root/projects/EnzymeCAGE-master/HPC_Returned_Result_Summaries/enzymecage_m4_e2_full_4681_4gpu_sharded_continuation_20260814/shards/shard_01/per_uid/A1K1T6/p2rank/A1K1T6.ds,P2Rank 2.5.1,,,,AFDB structure fetched; P2Rank ran under the approved command contract; no usable top predicted pocket residues were produced or mapped.,False,
A1K5B8,101,v6,82be483bbc432b57fd4f9932b8c80285f6dea6778b5bc6eecbe114acc5fe1af3,/usrdata/EnzymeCAGE_data/tools/p2rank_2.5.1/prank predict -threads 4 -c alphafold -visualizations 0 -o /root/projects/EnzymeCAGE-master/HPC_Returned_Result_Summaries/enzymecage_m4_e2_full_4681_4gpu_sharded_continuation_20260814/shards/shard_02/per_uid/A1K5B8/p2rank/raw /root/projects/EnzymeCAGE-master/HPC_Returned_Result_Summaries/enzymecage_m4_e2_full_4681_4gpu_sharded_continuation_20260814/shards/shard_02/per_uid/A1K5B8/p2rank/A1K5B8.ds,P2Rank 2.5.1,,,,AFDB structure fetched; P2Rank ran under the approved command contract; no usable top predicted pocket residues were produced or mapped.,False,
A1KBB5,101,v6,b96fd81af6cc6fdfbfdfbadaf6b0acf26ef5dd1936011e0c07de1def01dbe073,/usrdata/EnzymeCAGE_data/tools/p2rank_2.5.1/prank predict -threads 4 -c alphafold -visualizations 0 -o /root/projects/EnzymeCAGE-master/HPC_Returned_Result_Summaries/enzymecage_m4_e2_full_4681_4gpu_sharded_continuation_20260814/shards/shard_03/per_uid/A1KBB5/p2rank/raw /root/projects/EnzymeCAGE-master/HPC_Returned_Result_Summaries/enzymecage_m4_e2_full_4681_4gpu_sharded_continuation_20260814/shards/shard_03/per_uid/A1KBB5/p2rank/A1KBB5.ds,P2Rank 2.5.1,,,,AFDB structure fetched; P2Rank ran under the approved command contract; no usable top predicted pocket residues were produced or mapped.,False,
A1KHV0,94,v6,ce4de0ae50b90318d36feeb469c7648e9ccb14ca38eaf4f350efa06fb8ef1d0f,/usrdata/EnzymeCAGE_data/tools/p2rank_2.5.1/prank predict -threads 4 -c alphafold -visualizations 0 -o /root/projects/EnzymeCAGE-master/HPC_Returned_Result_Summaries/enzymecage_m4_e2_full_4681_4gpu_sharded_continuation_20260814/shards/shard_01/per_uid/A1KHV0/p2rank/raw /root/projects/EnzymeCAGE-master/HPC_Returned_Result_Summaries/enzymecage_m4_e2_full_4681_4gpu_sharded_continuation_20260814/shards/shard_01/per_uid/A1KHV0/p2rank/A1KHV0.ds,P2Rank 2.5.1,,,,AFDB structure fetched; P2Rank ran under the approved command contract; no usable top predicted pocket residues were produced or mapped.,False,
A1KJR0,100,v6,206633cdad5b9b786974bf0d2c9ff7a6b0b16c7fe6f0b6277f01518961cf16d1,/usrdata/EnzymeCAGE_data/tools/p2rank_2.5.1/prank predict -threads 4 -c alphafold -visualizations 0 -o /root/projects/EnzymeCAGE-master/HPC_Returned_Result_Summaries/enzymecage_m4_e2_full_4681_4gpu_sharded_continuation_20260814/shards/shard_03/per_uid/A1KJR0/p2rank/raw /root/projects/EnzymeCAGE-master/HPC_Returned_Result_Summaries/enzymecage_m4_e2_full_4681_4gpu_sharded_continuation_20260814/shards/shard_03/per_uid/A1KJR0/p2rank/A1KJR0.ds,P2Rank 2.5.1,,,,AFDB structure fetched; P2Rank ran under the approved command contract; no usable top predicted pocket residues were produced or mapped.,False,
A1KJR1,104,v6,b01b893c7922f9a8dfe1f999124d7f1e1c06acc6a3e7794c880f295ddc99ccd2,/usrdata/EnzymeCAGE_data/tools/p2rank_2.5.1/prank predict -threads 4 -c alphafold -visualizations 0 -o /root/projects/EnzymeCAGE-master/HPC_Returned_Result_Summaries/enzymecage_m4_e2_full_4681_4gpu_sharded_continuation_20260814/shards/shard_00/per_uid/A1KJR1/p2rank/raw /root/projects/EnzymeCAGE-master/HPC_Returned_Result_Summaries/enzymecage_m4_e2_full_4681_4gpu_sharded_continuation_20260814/shards/shard_00/per_uid/A1KJR1/p2rank/A1KJR1.ds,P2Rank 2.5.1,,,,AFDB structure fetched; P2Rank ran under the approved command contract; no usable top predicted pocket residues were produced or mapped.,False,
A1R1C3,100,v6,a9f5df3783e97450183db88a19c47e18a75bee8afe65708325d585fa30e433cb,/usrdata/EnzymeCAGE_data/tools/p2rank_2.5.1/prank predict -threads 4 -c alphafold -visualizations 0 -o /root/projects/EnzymeCAGE-master/HPC_Returned_Result_Summaries/enzymecage_m4_e2_full_4681_4gpu_sharded_continuation_20260814/shards/shard_00/per_uid/A1R1C3/p2rank/raw /root/projects/EnzymeCAGE-master/HPC_Returned_Result_Summaries/enzymecage_m4_e2_full_4681_4gpu_sharded_continuation_20260814/shards/shard_00/per_uid/A1R1C3/p2rank/A1R1C3.ds,P2Rank 2.5.1,,,,AFDB structure fetched; P2Rank ran under the approved command contract; no usable top predicted pocket residues were produced or mapped.,False,
A1R1C4,122,v6,5ed69dc3627209a16250c58433a0a9dd7d6757c8b5934214a00af1d1ff816c10,/usrdata/EnzymeCAGE_data/tools/p2rank_2.5.1/prank predict -threads 4 -c alphafold -visualizations 0 -o /root/projects/EnzymeCAGE-master/HPC_Returned_Result_Summaries/enzymecage_m4_e2_full_4681_4gpu_sharded_continuation_20260814/shards/shard_01/per_uid/A1R1C4/p2rank/raw /root/projects/EnzymeCAGE-master/HPC_Returned_Result_Summaries/enzymecage_m4_e2_full_4681_4gpu_sharded_continuation_20260814/shards/shard_01/per_uid/A1R1C4/p2rank/A1R1C4.ds,P2Rank 2.5.1,,,,AFDB structure fetched; P2Rank ran under the approved command contract; no usable top predicted pocket residues were produced or mapped.,False,
A1R4R0,98,v6,867f7b570a6912cc640063bce9a5d9297ebcc2331e85c2ff26ff5742ba4266c6,/usrdata/EnzymeCAGE_data/tools/p2rank_2.5.1/prank predict -threads 4 -c alphafold -visualizations 0 -o /root/projects/EnzymeCAGE-master/HPC_Returned_Result_Summaries/enzymecage_m4_e2_full_4681_4gpu_sharded_continuation_20260814/shards/shard_02/per_uid/A1R4R0/p2rank/raw /root/projects/EnzymeCAGE-master/HPC_Returned_Result_Summaries/enzymecage_m4_e2_full_4681_4gpu_sharded_continuation_20260814/shards/shard_02/per_uid/A1R4R0/p2rank/A1R4R0.ds,P2Rank 2.5.1,,,,AFDB structure fetched; P2Rank ran under the approved command contract; no usable top predicted pocket residues were produced or mapped.,False,
A1RVI0,161,v6,348f7c492133017c15ae4a723fd6d6cdf9cf5bdb908afa2c46cd17071cd04c19,/usrdata/EnzymeCAGE_data/tools/p2rank_2.5.1/prank predict -threads 4 -c alphafold -visualizations 0 -o /root/projects/EnzymeCAGE-master/HPC_Returned_Result_Summaries/enzymecage_m4_e2_full_4681_4gpu_sharded_continuation_20260814/shards/shard_03/per_uid/A1RVI0/p2rank/raw /root/projects/EnzymeCAGE-master/HPC_Returned_Result_Summaries/enzymecage_m4_e2_full_4681_4gpu_sharded_continuation_20260814/shards/shard_03/per_uid/A1RVI0/p2rank/A1RVI0.ds,P2Rank 2.5.1,,,,AFDB structure fetched; P2Rank ran under the approved command contract; no usable top predicted pocket residues were produced or mapped.,False,
A1SYX9,100,v6,5f445f6231872fdca05671aa8b3815c6b804370b2edb8ec4862cb66108c8a0ac,/usrdata/EnzymeCAGE_data/tools/p2rank_2.5.1/prank predict -threads 4 -c alphafold -visualizations 0 -o /root/projects/EnzymeCAGE-master/HPC_Returned_Result_Summaries/enzymecage_m4_e2_full_4681_4gpu_sharded_continuation_20260814/shards/shard_01/per_uid/A1SYX9/p2rank/raw /root/projects/EnzymeCAGE-master/HPC_Returned_Result_Summaries/enzymecage_m4_e2_full_4681_4gpu_sharded_continuation_20260814/shards/shard_01/per_uid/A1SYX9/p2rank/A1SYX9.ds,P2Rank 2.5.1,,,,AFDB structure fetched; P2Rank ran under the approved command contract; no usable top predicted pocket residues were produced or mapped.,False,
A1SYY0,101,v6,297cef28b867f1f268af5beae678d6b0e1948d77947351c8f499a0799c43c374,/usrdata/EnzymeCAGE_data/tools/p2rank_2.5.1/prank predict -threads 4 -c alphafold -visualizations 0 -o /root/projects/EnzymeCAGE-master/HPC_Returned_Result_Summaries/enzymecage_m4_e2_full_4681_4gpu_sharded_continuation_20260814/shards/shard_02/per_uid/A1SYY0/p2rank/raw /root/projects/EnzymeCAGE-master/HPC_Returned_Result_Summaries/enzymecage_m4_e2_full_4681_4gpu_sharded_continuation_20260814/shards/shard_02/per_uid/A1SYY0/p2rank/A1SYY0.ds,P2Rank 2.5.1,,,,AFDB structure fetched; P2Rank ran under the approved command contract; no usable top predicted pocket residues were produced or mapped.,False,
A1T9N5,104,v6,7f12f36c7ad9c929b2b09108ef9728e6dcf0f360526c8af89a68507b8d6c2dac,/usrdata/EnzymeCAGE_data/tools/p2rank_2.5.1/prank predict -threads 4 -c alphafold -visualizations 0 -o /root/projects/EnzymeCAGE-master/HPC_Returned_Result_Summaries/enzymecage_m4_e2_full_4681_4gpu_sharded_continuation_20260814/shards/shard_00/per_uid/A1T9N5/p2rank/raw /root/projects/EnzymeCAGE-master/HPC_Returned_Result_Summaries/enzymecage_m4_e2_full_4681_4gpu_sharded_continuation_20260814/shards/shard_00/per_uid/A1T9N5/p2rank/A1T9N5.ds,P2Rank 2.5.1,,,,AFDB structure fetched; P2Rank ran under the approved command contract; no usable top predicted pocket residues were produced or mapped.,False,
A1T9N6,100,v6,2fa2aafdbbe7aaab3556c7b5253cd6383a8bcbb45ce321e70026e3802e4d28f1,/usrdata/EnzymeCAGE_data/tools/p2rank_2.5.1/prank predict -threads 4 -c alphafold -visualizations 0 -o /root/projects/EnzymeCAGE-master/HPC_Returned_Result_Summaries/enzymecage_m4_e2_full_4681_4gpu_sharded_continuation_20260814/shards/shard_01/per_uid/A1T9N6/p2rank/raw /root/projects/EnzymeCAGE-master/HPC_Returned_Result_Summaries/enzymecage_m4_e2_full_4681_4gpu_sharded_continuation_20260814/shards/shard_01/per_uid/A1T9N6/p2rank/A1T9N6.ds,P2Rank 2.5.1,,,,AFDB structure fetched; P2Rank ran under the approved command contract; no usable top predicted pocket residues were produced or mapped.,False,
A1TDS4,93,v6,20acae248f43ee4cbbf52113f8e5f318444b675f94b46d5bdbe1a1952df7c6ac,/usrdata/EnzymeCAGE_data/tools/p2rank_2.5.1/prank predict -threads 4 -c alphafold -visualizations 0 -o /root/projects/EnzymeCAGE-master/HPC_Returned_Result_Summaries/enzymecage_m4_e2_full_4681_4gpu_sharded_continuation_20260814/shards/shard_02/per_uid/A1TDS4/p2rank/raw /root/projects/EnzymeCAGE-master/HPC_Returned_Result_Summaries/enzymecage_m4_e2_full_4681_4gpu_sharded_continuation_20260814/shards/shard_02/per_uid/A1TDS4/p2rank/A1TDS4.ds,P2Rank 2.5.1,,,,AFDB structure fetched; P2Rank ran under the approved command contract; no usable top predicted pocket residues were produced or mapped.,False,
A1TIW2,99,v6,f44e16224919d7b38d9a54de164fddd9126fb3331f2e411d2119b930e0bba6f2,/usrdata/EnzymeCAGE_data/tools/p2rank_2.5.1/prank predict -threads 4 -c alphafold -visualizations 0 -o /root/projects/EnzymeCAGE-master/HPC_Returned_Result_Summaries/enzymecage_m4_e2_full_4681_4gpu_sharded_continuation_20260814/shards/shard_03/per_uid/A1TIW2/p2rank/raw /root/projects/EnzymeCAGE-master/HPC_Returned_Result_Summaries/enzymecage_m4_e2_full_4681_4gpu_sharded_continuation_20260814/shards/shard_03/per_uid/A1TIW2/p2rank/A1TIW2.ds,P2Rank 2.5.1,,,,AFDB structure fetched; P2Rank ran under the approved command contract; no usable top predicted pocket residues were produced or mapped.,False,
A1TSZ3,100,v6,2fefef960840cdd80e91ee24f3f52dccc5e0a0bab3f3e41dd19dc6e059d1a7f4,/usrdata/EnzymeCAGE_data/tools/p2rank_2.5.1/prank predict -threads 4 -c alphafold -visualizations 0 -o /root/projects/EnzymeCAGE-master/HPC_Returned_Result_Summaries/enzymecage_m4_e2_full_4681_4gpu_sharded_continuation_20260814/shards/shard_00/per_uid/A1TSZ3/p2rank/raw /root/projects/EnzymeCAGE-master/HPC_Returned_Result_Summaries/enzymecage_m4_e2_full_4681_4gpu_sharded_continuation_20260814/shards/shard_00/per_uid/A1TSZ3/p2rank/A1TSZ3.ds,P2Rank 2.5.1,,,,AFDB structure fetched; P2Rank ran under the approved command contract; no usable top predicted pocket residues were produced or mapped.,False,
A1TZV5,92,v6,ba5b917abb55b49e22a5914a29eb181369a31791f4b87fcb96ebf5832187c0cb,/usrdata/EnzymeCAGE_data/tools/p2rank_2.5.1/prank predict -threads 4 -c alphafold -visualizations 0 -o /root/projects/EnzymeCAGE-master/HPC_Returned_Result_Summaries/enzymecage_m4_e2_full_4681_4gpu_sharded_continuation_20260814/shards/shard_01/per_uid/A1TZV5/p2rank/raw /root/projects/EnzymeCAGE-master/HPC_Returned_Result_Summaries/enzymecage_m4_e2_full_4681_4gpu_sharded_continuation_20260814/shards/shard_01/per_uid/A1TZV5/p2rank/A1TZV5.ds,P2Rank 2.5.1,,,,AFDB structure fetched; P2Rank ran under the approved command contract; no usable top predicted pocket residues were produced or mapped.,False,
A1U500,100,v6,7cc1bb417ec030be999d83c5a7b9e05aba4733b3172f6c3eef3b5685047aac27,/usrdata/EnzymeCAGE_data/tools/p2rank_2.5.1/prank predict -threads 4 -c alphafold -visualizations 0 -o /root/projects/EnzymeCAGE-master/HPC_Returned_Result_Summaries/enzymecage_m4_e2_full_4681_4gpu_sharded_continuation_20260814/shards/shard_02/per_uid/A1U500/p2rank/raw /root/projects/EnzymeCAGE-master/HPC_Returned_Result_Summaries/enzymecage_m4_e2_full_4681_4gpu_sharded_continuation_20260814/shards/shard_02/per_uid/A1U500/p2rank/A1U500.ds,P2Rank 2.5.1,,,,AFDB structure fetched; P2Rank ran under the approved command contract; no usable top predicted pocket residues were produced or mapped.,False,
A1UGT6,105,v6,2756af4b9abfdaa7349624eaccab7bcaa1066d76dfb6cf743d5918edfa710458,/usrdata/EnzymeCAGE_data/tools/p2rank_2.5.1/prank predict -threads 4 -c alphafold -visualizations 0 -o /root/projects/EnzymeCAGE-master/HPC_Returned_Result_Summaries/enzymecage_m4_e2_full_4681_4gpu_sharded_continuation_20260814/shards/shard_00/per_uid/A1UGT6/p2rank/raw /root/projects/EnzymeCAGE-master/HPC_Returned_Result_Summaries/enzymecage_m4_e2_full_4681_4gpu_sharded_continuation_20260814/shards/shard_00/per_uid/A1UGT6/p2rank/A1UGT6.ds,P2Rank 2.5.1,,,,AFDB structure fetched; P2Rank ran under the approved command contract; no usable top predicted pocket residues were produced or mapped.,False,
A1UGT7,100,v6,928e78bd48c318bebfacdbf45ecf0820539c2d4317411b248389ee722b90eabc,/usrdata/EnzymeCAGE_data/tools/p2rank_2.5.1/prank predict -threads 4 -c alphafold -visualizations 0 -o /root/projects/EnzymeCAGE-master/HPC_Returned_Result_Summaries/enzymecage_m4_e2_full_4681_4gpu_sharded_continuation_20260814/shards/shard_01/per_uid/A1UGT7/p2rank/raw /root/projects/EnzymeCAGE-master/HPC_Returned_Result_Summaries/enzymecage_m4_e2_full_4681_4gpu_sharded_continuation_20260814/shards/shard_01/per_uid/A1UGT7/p2rank/A1UGT7.ds,P2Rank 2.5.1,,,,AFDB structure fetched; P2Rank ran under the approved command contract; no usable top predicted pocket residues were produced or mapped.,False,
A1V1G7,101,v6,f4142208476b5bc9baab30651984a2edafd23e9f8a70f695ee7e4e24ee948de3,/usrdata/EnzymeCAGE_data/tools/p2rank_2.5.1/prank predict -threads 4 -c alphafold -visualizations 0 -o /root/projects/EnzymeCAGE-master/HPC_Returned_Result_Summaries/enzymecage_m4_e2_full_4681_4gpu_sharded_continuation_20260814/shards/shard_02/per_uid/A1V1G7/p2rank/raw /root/projects/EnzymeCAGE-master/HPC_Returned_Result_Summaries/enzymecage_m4_e2_full_4681_4gpu_sharded_continuation_20260814/shards/shard_02/per_uid/A1V1G7/p2rank/A1V1G7.ds,P2Rank 2.5.1,,,,AFDB structure fetched; P2Rank ran under the approved command contract; no usable top predicted pocket residues were produced or mapped.,False,
A1V777,99,v6,909f191cb98b33f153672589df72cadbf53669bde96d4da865dc4803a8d170c2,/usrdata/EnzymeCAGE_data/tools/p2rank_2.5.1/prank predict -threads 4 -c alphafold -visualizations 0 -o /root/projects/EnzymeCAGE-master/HPC_Returned_Result_Summaries/enzymecage_m4_e2_full_4681_4gpu_sharded_continuation_20260814/shards/shard_03/per_uid/A1V777/p2rank/raw /root/projects/EnzymeCAGE-master/HPC_Returned_Result_Summaries/enzymecage_m4_e2_full_4681_4gpu_sharded_continuation_20260814/shards/shard_03/per_uid/A1V777/p2rank/A1V777.ds,P2Rank 2.5.1,,,,AFDB structure fetched; P2Rank ran under the approved command contract; no usable top predicted pocket residues were produced or mapped.,False,
A1VYB8,94,v6,e2b516f077f5a43c2f5b839cb4d2ab72fbd33ba49c1bb7a6d6280d2020cd96a9,/usrdata/EnzymeCAGE_data/tools/p2rank_2.5.1/prank predict -threads 4 -c alphafold -visualizations 0 -o /root/projects/EnzymeCAGE-master/HPC_Returned_Result_Summaries/enzymecage_m4_e2_full_4681_4gpu_sharded_continuation_20260814/shards/shard_01/per_uid/A1VYB8/p2rank/raw /root/projects/EnzymeCAGE-master/HPC_Returned_Result_Summaries/enzymecage_m4_e2_full_4681_4gpu_sharded_continuation_20260814/shards/shard_01/per_uid/A1VYB8/p2rank/A1VYB8.ds,P2Rank 2.5.1,,,,AFDB structure fetched; P2Rank ran under the approved command contract; no usable top predicted pocket residues were produced or mapped.,False,
A1WVR8,95,v6,5ad276b1a8b91325a4335ff45eb5e84cfcde5eb7644bf84b11150fc3691b0128,/usrdata/EnzymeCAGE_data/tools/p2rank_2.5.1/prank predict -threads 4 -c alphafold -visualizations 0 -o /root/projects/EnzymeCAGE-master/HPC_Returned_Result_Summaries/enzymecage_m4_e2_full_4681_4gpu_sharded_continuation_20260814/shards/shard_00/per_uid/A1WVR8/p2rank/raw /root/projects/EnzymeCAGE-master/HPC_Returned_Result_Summaries/enzymecage_m4_e2_full_4681_4gpu_sharded_continuation_20260814/shards/shard_00/per_uid/A1WVR8/p2rank/A1WVR8.ds,P2Rank 2.5.1,,,,AFDB structure fetched; P2Rank ran under the approved command contract; no usable top predicted pocket residues were produced or mapped.,False,
A2BHB7,184,v6,c13557159a657e677273546aab7a890dcf4842b18d3fac4603a456b8340e3dc5,/usrdata/EnzymeCAGE_data/tools/p2rank_2.5.1/prank predict -threads 4 -c alphafold -visualizations 0 -o /root/projects/EnzymeCAGE-master/HPC_Returned_Result_Summaries/enzymecage_m4_e2_full_4681_4gpu_sharded_continuation_20260814/shards/shard_03/per_uid/A2BHB7/p2rank/raw /root/projects/EnzymeCAGE-master/HPC_Returned_Result_Summaries/enzymecage_m4_e2_full_4681_4gpu_sharded_continuation_20260814/shards/shard_03/per_uid/A2BHB7/p2rank/A2BHB7.ds,P2Rank 2.5.1,,,,AFDB structure fetched; P2Rank ran under the approved command contract; no usable top predicted pocket residues were produced or mapped.,False,
A2BQW6,100,v6,b3b40128ecb141dbf9f811ad88f64d1a978f52744d7a44d65069969950afc9b1,/usrdata/EnzymeCAGE_data/tools/p2rank_2.5.1/prank predict -threads 4 -c alphafold -visualizations 0 -o /root/projects/EnzymeCAGE-master/HPC_Returned_Result_Summaries/enzymecage_m4_e2_full_4681_4gpu_sharded_continuation_20260814/shards/shard_00/per_uid/A2BQW6/p2rank/raw /root/projects/EnzymeCAGE-master/HPC_Returned_Result_Summaries/enzymecage_m4_e2_full_4681_4gpu_sharded_continuation_20260814/shards/shard_00/per_uid/A2BQW6/p2rank/A2BQW6.ds,P2Rank 2.5.1,,,,AFDB structure fetched; P2Rank ran under the approved command contract; no usable top predicted pocket residues were produced or mapped.,False,
A2C4S0,100,v6,3f92431bb72ac1f2a473e8bb7e861255ea8a9baafb2b40fcc73dede653ef4be8,/usrdata/EnzymeCAGE_data/tools/p2rank_2.5.1/prank predict -threads 4 -c alphafold -visualizations 0 -o /root/projects/EnzymeCAGE-master/HPC_Returned_Result_Summaries/enzymecage_m4_e2_full_4681_4gpu_sharded_continuation_20260814/shards/shard_01/per_uid/A2C4S0/p2rank/raw /root/projects/EnzymeCAGE-master/HPC_Returned_Result_Summaries/enzymecage_m4_e2_full_4681_4gpu_sharded_continuation_20260814/shards/shard_01/per_uid/A2C4S0/p2rank/A2C4S0.ds,P2Rank 2.5.1,,,,AFDB structure fetched; P2Rank ran under the approved command contract; no usable top predicted pocket residues were produced or mapped.,False,
A2C4S1,106,v6,7866b70163da24e0436a1ea02ec8b7f9df3081f1092212fd48f33efad1829dd2,/usrdata/EnzymeCAGE_data/tools/p2rank_2.5.1/prank predict -threads 4 -c alphafold -visualizations 0 -o /root/projects/EnzymeCAGE-master/HPC_Returned_Result_Summaries/enzymecage_m4_e2_full_4681_4gpu_sharded_continuation_20260814/shards/shard_02/per_uid/A2C4S1/p2rank/raw /root/projects/EnzymeCAGE-master/HPC_Returned_Result_Summaries/enzymecage_m4_e2_full_4681_4gpu_sharded_continuation_20260814/shards/shard_02/per_uid/A2C4S1/p2rank/A2C4S1.ds,P2Rank 2.5.1,,,,AFDB structure fetched; P2Rank ran under the approved command contract; no usable top predicted pocket residues were produced or mapped.,False,
A2C7K4,96,v6,50de389245781494f581716354d2b64f626803801425c6b1708156ba20aaeca1,/usrdata/EnzymeCAGE_data/tools/p2rank_2.5.1/prank predict -threads 4 -c alphafold -visualizations 0 -o /root/projects/EnzymeCAGE-master/HPC_Returned_Result_Summaries/enzymecage_m4_e2_full_4681_4gpu_sharded_continuation_20260814/shards/shard_03/per_uid/A2C7K4/p2rank/raw /root/projects/EnzymeCAGE-master/HPC_Returned_Result_Summaries/enzymecage_m4_e2_full_4681_4gpu_sharded_continuation_20260814/shards/shard_03/per_uid/A2C7K4/p2rank/A2C7K4.ds,P2Rank 2.5.1,,,,AFDB structure fetched; P2Rank ran under the approved command contract; no usable top predicted pocket residues were produced or mapped.,False,
A2CCF2,97,v6,68e3b23806410c550228cdb62c911cac468032790c887942e8074195de0c8555,/usrdata/EnzymeCAGE_data/tools/p2rank_2.5.1/prank predict -threads 4 -c alphafold -visualizations 0 -o /root/projects/EnzymeCAGE-master/HPC_Returned_Result_Summaries/enzymecage_m4_e2_full_4681_4gpu_sharded_continuation_20260814/shards/shard_00/per_uid/A2CCF2/p2rank/raw /root/projects/EnzymeCAGE-master/HPC_Returned_Result_Summaries/enzymecage_m4_e2_full_4681_4gpu_sharded_continuation_20260814/shards/shard_00/per_uid/A2CCF2/p2rank/A2CCF2.ds,P2Rank 2.5.1,,,,AFDB structure fetched; P2Rank ran under the approved command contract; no usable top predicted pocket residues were produced or mapped.,False,
A2RIE6,108,v6,3aa6b095dcfd36fb2fce8b4b7b56d4f08817156cb32037ad3e5d5c3720ca8784,/usrdata/EnzymeCAGE_data/tools/p2rank_2.5.1/prank predict -threads 4 -c alphafold -visualizations 0 -o /root/projects/EnzymeCAGE-master/HPC_Returned_Result_Summaries/enzymecage_m4_e2_full_4681_4gpu_sharded_continuation_20260814/shards/shard_02/per_uid/A2RIE6/p2rank/raw /root/projects/EnzymeCAGE-master/HPC_Returned_Result_Summaries/enzymecage_m4_e2_full_4681_4gpu_sharded_continuation_20260814/shards/shard_02/per_uid/A2RIE6/p2rank/A2RIE6.ds,P2Rank 2.5.1,,,,AFDB structure fetched; P2Rank ran under the approved command contract; no usable top predicted pocket residues were produced or mapped.,False,
A2S8I8,99,v6,2b74c58b5d9a5b4eb1ae88e2d5a1ef047f987d96f821e99e0319ef6591625af3,/usrdata/EnzymeCAGE_data/tools/p2rank_2.5.1/prank predict -threads 4 -c alphafold -visualizations 0 -o /root/projects/EnzymeCAGE-master/HPC_Returned_Result_Summaries/enzymecage_m4_e2_full_4681_4gpu_sharded_continuation_20260814/shards/shard_01/per_uid/A2S8I8/p2rank/raw /root/projects/EnzymeCAGE-master/HPC_Returned_Result_Summaries/enzymecage_m4_e2_full_4681_4gpu_sharded_continuation_20260814/shards/shard_01/per_uid/A2S8I8/p2rank/A2S8I8.ds,P2Rank 2.5.1,,,,AFDB structure fetched; P2Rank ran under the approved command contract; no usable top predicted pocket residues were produced or mapped.,False,
A2S997,101,v6,8580839e4c90d1ced4952aa9bf60c62c44a6e416057112390a911b6ee8871371,/usrdata/EnzymeCAGE_data/tools/p2rank_2.5.1/prank predict -threads 4 -c alphafold -visualizations 0 -o /root/projects/EnzymeCAGE-master/HPC_Returned_Result_Summaries/enzymecage_m4_e2_full_4681_4gpu_sharded_continuation_20260814/shards/shard_02/per_uid/A2S997/p2rank/raw /root/projects/EnzymeCAGE-master/HPC_Returned_Result_Summaries/enzymecage_m4_e2_full_4681_4gpu_sharded_continuation_20260814/shards/shard_02/per_uid/A2S997/p2rank/A2S997.ds,P2Rank 2.5.1,,,,AFDB structure fetched; P2Rank ran under the approved command contract; no usable top predicted pocket residues were produced or mapped.,False,
A2SBV7,99,v6,d21bec72aaf2daf9969fffa64e2c31647080c32f729ef8a6ac241f648f02fddc,/usrdata/EnzymeCAGE_data/tools/p2rank_2.5.1/prank predict -threads 4 -c alphafold -visualizations 0 -o /root/projects/EnzymeCAGE-master/HPC_Returned_Result_Summaries/enzymecage_m4_e2_full_4681_4gpu_sharded_continuation_20260814/shards/shard_03/per_uid/A2SBV7/p2rank/raw /root/projects/EnzymeCAGE-master/HPC_Returned_Result_Summaries/enzymecage_m4_e2_full_4681_4gpu_sharded_continuation_20260814/shards/shard_03/per_uid/A2SBV7/p2rank/A2SBV7.ds,P2Rank 2.5.1,,,,AFDB structure fetched; P2Rank ran under the approved command contract; no usable top predicted pocket residues were produced or mapped.,False,
A2SDJ1,102,v6,e9b0d98c253e60a727d40fee92740452e490cef5a2e0f20c9cdcaa8f244b1dd3,/usrdata/EnzymeCAGE_data/tools/p2rank_2.5.1/prank predict -threads 4 -c alphafold -visualizations 0 -o /root/projects/EnzymeCAGE-master/HPC_Returned_Result_Summaries/enzymecage_m4_e2_full_4681_4gpu_sharded_continuation_20260814/shards/shard_00/per_uid/A2SDJ1/p2rank/raw /root/projects/EnzymeCAGE-master/HPC_Returned_Result_Summaries/enzymecage_m4_e2_full_4681_4gpu_sharded_continuation_20260814/shards/shard_00/per_uid/A2SDJ1/p2rank/A2SDJ1.ds,P2Rank 2.5.1,,,,AFDB structure fetched; P2Rank ran under the approved command contract; no usable top predicted pocket residues were produced or mapped.,False,
A3DE86,95,v6,0b337ce2701d7da8f39656b4ba719b9b5e94f1ae049517e2b12dcfafee8c855f,/usrdata/EnzymeCAGE_data/tools/p2rank_2.5.1/prank predict -threads 4 -c alphafold -visualizations 0 -o /root/projects/EnzymeCAGE-master/HPC_Returned_Result_Summaries/enzymecage_m4_e2_full_4681_4gpu_sharded_continuation_20260814/shards/shard_02/per_uid/A3DE86/p2rank/raw /root/projects/EnzymeCAGE-master/HPC_Returned_Result_Summaries/enzymecage_m4_e2_full_4681_4gpu_sharded_continuation_20260814/shards/shard_02/per_uid/A3DE86/p2rank/A3DE86.ds,P2Rank 2.5.1,,,,AFDB structure fetched; P2Rank ran under the approved command contract; no usable top predicted pocket residues were produced or mapped.,False,
A3DGG0,100,v6,b546b1123140e2fce8a1451e8bf211602696ec78761670bb95f62a787f82855c,/usrdata/EnzymeCAGE_data/tools/p2rank_2.5.1/prank predict -threads 4 -c alphafold -visualizations 0 -o /root/projects/EnzymeCAGE-master/HPC_Returned_Result_Summaries/enzymecage_m4_e2_full_4681_4gpu_sharded_continuation_20260814/shards/shard_03/per_uid/A3DGG0/p2rank/raw /root/projects/EnzymeCAGE-master/HPC_Returned_Result_Summaries/enzymecage_m4_e2_full_4681_4gpu_sharded_continuation_20260814/shards/shard_03/per_uid/A3DGG0/p2rank/A3DGG0.ds,P2Rank 2.5.1,,,,AFDB structure fetched; P2Rank ran under the approved command contract; no usable top predicted pocket residues were produced or mapped.,False,
A3LU55,177,v6,df5df13d5e03888bc26dc2e3cc99f57eff56f7d8156ba171e4a8117cfe1f5c14,/usrdata/EnzymeCAGE_data/tools/p2rank_2.5.1/prank predict -threads 4 -c alphafold -visualizations 0 -o /root/projects/EnzymeCAGE-master/HPC_Returned_Result_Summaries/enzymecage_m4_e2_full_4681_4gpu_sharded_continuation_20260814/shards/shard_01/per_uid/A3LU55/p2rank/raw /root/projects/EnzymeCAGE-master/HPC_Returned_Result_Summaries/enzymecage_m4_e2_full_4681_4gpu_sharded_continuation_20260814/shards/shard_01/per_uid/A3LU55/p2rank/A3LU55.ds,P2Rank 2.5.1,,,,AFDB structure fetched; P2Rank ran under the approved command contract; no usable top predicted pocket residues were produced or mapped.,False,
A3M3F1,106,v6,6c7e6a8987764e981130418d89084ec7755486b5650cbc878a3da0c449e5e76d,/usrdata/EnzymeCAGE_data/tools/p2rank_2.5.1/prank predict -threads 4 -c alphafold -visualizations 0 -o /root/projects/EnzymeCAGE-master/HPC_Returned_Result_Summaries/enzymecage_m4_e2_full_4681_4gpu_sharded_continuation_20260814/shards/shard_02/per_uid/A3M3F1/p2rank/raw /root/projects/EnzymeCAGE-master/HPC_Returned_Result_Summaries/enzymecage_m4_e2_full_4681_4gpu_sharded_continuation_20260814/shards/shard_02/per_uid/A3M3F1/p2rank/A3M3F1.ds,P2Rank 2.5.1,,,,AFDB structure fetched; P2Rank ran under the approved command contract; no usable top predicted pocket residues were produced or mapped.,False,
A3MNR5,99,v6,849cfab658cf8c66ae56e55d7b64ca7d0a43be0c9528e6e66628edf958b01f97,/usrdata/EnzymeCAGE_data/tools/p2rank_2.5.1/prank predict -threads 4 -c alphafold -visualizations 0 -o /root/projects/EnzymeCAGE-master/HPC_Returned_Result_Summaries/enzymecage_m4_e2_full_4681_4gpu_sharded_continuation_20260814/shards/shard_03/per_uid/A3MNR5/p2rank/raw /root/projects/EnzymeCAGE-master/HPC_Returned_Result_Summaries/enzymecage_m4_e2_full_4681_4gpu_sharded_continuation_20260814/shards/shard_03/per_uid/A3MNR5/p2rank/A3MNR5.ds,P2Rank 2.5.1,,,,AFDB structure fetched; P2Rank ran under the approved command contract; no usable top predicted pocket residues were produced or mapped.,False,
A3MYF1,108,v6,63582dde28d3a0d1befbab43a7440c4365e77b3f7e29ba887260b2fa509531ea,/usrdata/EnzymeCAGE_data/tools/p2rank_2.5.1/prank predict -threads 4 -c alphafold -visualizations 0 -o /root/projects/EnzymeCAGE-master/HPC_Returned_Result_Summaries/enzymecage_m4_e2_full_4681_4gpu_sharded_continuation_20260814/shards/shard_00/per_uid/A3MYF1/p2rank/raw /root/projects/EnzymeCAGE-master/HPC_Returned_Result_Summaries/enzymecage_m4_e2_full_4681_4gpu_sharded_continuation_20260814/shards/shard_00/per_uid/A3MYF1/p2rank/A3MYF1.ds,P2Rank 2.5.1,,,,AFDB structure fetched; P2Rank ran under the approved command contract; no usable top predicted pocket residues were produced or mapped.,False,
A3N223,85,v6,a75cefdfc7278ae67d6d9a473b89c99efc219b39b027c2d88818fdbc2b5c9ea0,/usrdata/EnzymeCAGE_data/tools/p2rank_2.5.1/prank predict -threads 4 -c alphafold -visualizations 0 -o /root/projects/EnzymeCAGE-master/HPC_Returned_Result_Summaries/enzymecage_m4_e2_full_4681_4gpu_sharded_continuation_20260814/shards/shard_02/per_uid/A3N223/p2rank/raw /root/projects/EnzymeCAGE-master/HPC_Returned_Result_Summaries/enzymecage_m4_e2_full_4681_4gpu_sharded_continuation_20260814/shards/shard_02/per_uid/A3N223/p2rank/A3N223.ds,P2Rank 2.5.1,,,,AFDB structure fetched; P2Rank ran under the approved command contract; no usable top predicted pocket residues were produced or mapped.,False,
A3N2R6,100,v6,1af772b88a2900ce3a1c53a85cfbd2a41765394c07d59b4538eca22998a2a8de,/usrdata/EnzymeCAGE_data/tools/p2rank_2.5.1/prank predict -threads 4 -c alphafold -visualizations 0 -o /root/projects/EnzymeCAGE-master/HPC_Returned_Result_Summaries/enzymecage_m4_e2_full_4681_4gpu_sharded_continuation_20260814/shards/shard_03/per_uid/A3N2R6/p2rank/raw /root/projects/EnzymeCAGE-master/HPC_Returned_Result_Summaries/enzymecage_m4_e2_full_4681_4gpu_sharded_continuation_20260814/shards/shard_03/per_uid/A3N2R6/p2rank/A3N2R6.ds,P2Rank 2.5.1,,,,AFDB structure fetched; P2Rank ran under the approved command contract; no usable top predicted pocket residues were produced or mapped.,False,
A3N4F3,99,v6,520db852b6a1aa3ea82318e671d0aa5c1d00bb8e0615be95344ae73b6df089d2,/usrdata/EnzymeCAGE_data/tools/p2rank_2.5.1/prank predict -threads 4 -c alphafold -visualizations 0 -o /root/projects/EnzymeCAGE-master/HPC_Returned_Result_Summaries/enzymecage_m4_e2_full_4681_4gpu_sharded_continuation_20260814/shards/shard_00/per_uid/A3N4F3/p2rank/raw /root/projects/EnzymeCAGE-master/HPC_Returned_Result_Summaries/enzymecage_m4_e2_full_4681_4gpu_sharded_continuation_20260814/shards/shard_00/per_uid/A3N4F3/p2rank/A3N4F3.ds,P2Rank 2.5.1,,,,AFDB structure fetched; P2Rank ran under the approved command contract; no usable top predicted pocket residues were produced or mapped.,False,
A3NQ44,99,v6,fb931f3074c618815d06895f21e15b0fc25ad753c762bcf0dc416d37ce978721,/usrdata/EnzymeCAGE_data/tools/p2rank_2.5.1/prank predict -threads 4 -c alphafold -visualizations 0 -o /root/projects/EnzymeCAGE-master/HPC_Returned_Result_Summaries/enzymecage_m4_e2_full_4681_4gpu_sharded_continuation_20260814/shards/shard_01/per_uid/A3NQ44/p2rank/raw /root/projects/EnzymeCAGE-master/HPC_Returned_Result_Summaries/enzymecage_m4_e2_full_4681_4gpu_sharded_continuation_20260814/shards/shard_01/per_uid/A3NQ44/p2rank/A3NQ44.ds,P2Rank 2.5.1,,,,AFDB structure fetched; P2Rank ran under the approved command contract; no usable top predicted pocket residues were produced or mapped.,False,
A3NYC8,101,v6,b20c768aa3aaca62c191e41cca5ce9dc71069a436989bc05a61dbdf675593c54,/usrdata/EnzymeCAGE_data/tools/p2rank_2.5.1/prank predict -threads 4 -c alphafold -visualizations 0 -o /root/projects/EnzymeCAGE-master/HPC_Returned_Result_Summaries/enzymecage_m4_e2_full_4681_4gpu_sharded_continuation_20260814/shards/shard_02/per_uid/A3NYC8/p2rank/raw /root/projects/EnzymeCAGE-master/HPC_Returned_Result_Summaries/enzymecage_m4_e2_full_4681_4gpu_sharded_continuation_20260814/shards/shard_02/per_uid/A3NYC8/p2rank/A3NYC8.ds,P2Rank 2.5.1,,,,AFDB structure fetched; P2Rank ran under the approved command contract; no usable top predicted pocket residues were produced or mapped.,False,
A3PCN9,100,v6,a25a8dbad7c45a2cfd4627127b078b8c1b4bb3768bad354ea5d62e15819c871d,/usrdata/EnzymeCAGE_data/tools/p2rank_2.5.1/prank predict -threads 4 -c alphafold -visualizations 0 -o /root/projects/EnzymeCAGE-master/HPC_Returned_Result_Summaries/enzymecage_m4_e2_full_4681_4gpu_sharded_continuation_20260814/shards/shard_03/per_uid/A3PCN9/p2rank/raw /root/projects/EnzymeCAGE-master/HPC_Returned_Result_Summaries/enzymecage_m4_e2_full_4681_4gpu_sharded_continuation_20260814/shards/shard_03/per_uid/A3PCN9/p2rank/A3PCN9.ds,P2Rank 2.5.1,,,,AFDB structure fetched; P2Rank ran under the approved command contract; no usable top predicted pocket residues were produced or mapped.,False,
A3PI89,95,v6,ae4d5ab759f35931dd52f5a1d11d2c2636520c0991dcb0bf9c708ab82fe59318,/usrdata/EnzymeCAGE_data/tools/p2rank_2.5.1/prank predict -threads 4 -c alphafold -visualizations 0 -o /root/projects/EnzymeCAGE-master/HPC_Returned_Result_Summaries/enzymecage_m4_e2_full_4681_4gpu_sharded_continuation_20260814/shards/shard_00/per_uid/A3PI89/p2rank/raw /root/projects/EnzymeCAGE-master/HPC_Returned_Result_Summaries/enzymecage_m4_e2_full_4681_4gpu_sharded_continuation_20260814/shards/shard_00/per_uid/A3PI89/p2rank/A3PI89.ds,P2Rank 2.5.1,,,,AFDB structure fetched; P2Rank ran under the approved command contract; no usable top predicted pocket residues were produced or mapped.,False,
A3PL41,101,v6,0db5c04edaf0e9aa1f3c664b06ef5c5b852d70feafb3b34972724337cc3fbc5c,/usrdata/EnzymeCAGE_data/tools/p2rank_2.5.1/prank predict -threads 4 -c alphafold -visualizations 0 -o /root/projects/EnzymeCAGE-master/HPC_Returned_Result_Summaries/enzymecage_m4_e2_full_4681_4gpu_sharded_continuation_20260814/shards/shard_01/per_uid/A3PL41/p2rank/raw /root/projects/EnzymeCAGE-master/HPC_Returned_Result_Summaries/enzymecage_m4_e2_full_4681_4gpu_sharded_continuation_20260814/shards/shard_01/per_uid/A3PL41/p2rank/A3PL41.ds,P2Rank 2.5.1,,,,AFDB structure fetched; P2Rank ran under the approved command contract; no usable top predicted pocket residues were produced or mapped.,False,
A3PL42,100,v6,72109d1ceed16bd81be26a84e35177e090c4fd6a5d7574634c6c8a962da47fd3,/usrdata/EnzymeCAGE_data/tools/p2rank_2.5.1/prank predict -threads 4 -c alphafold -visualizations 0 -o /root/projects/EnzymeCAGE-master/HPC_Returned_Result_Summaries/enzymecage_m4_e2_full_4681_4gpu_sharded_continuation_20260814/shards/shard_02/per_uid/A3PL42/p2rank/raw /root/projects/EnzymeCAGE-master/HPC_Returned_Result_Summaries/enzymecage_m4_e2_full_4681_4gpu_sharded_continuation_20260814/shards/shard_02/per_uid/A3PL42/p2rank/A3PL42.ds,P2Rank 2.5.1,,,,AFDB structure fetched; P2Rank ran under the approved command contract; no usable top predicted pocket residues were produced or mapped.,False,
A3Q0D6,105,v6,e196cf5b1d91f604b4825c8275aeb47c3032320d49a3e90c3f274d098d554cb4,/usrdata/EnzymeCAGE_data/tools/p2rank_2.5.1/prank predict -threads 4 -c alphafold -visualizations 0 -o /root/projects/EnzymeCAGE-master/HPC_Returned_Result_Summaries/enzymecage_m4_e2_full_4681_4gpu_sharded_continuation_20260814/shards/shard_00/per_uid/A3Q0D6/p2rank/raw /root/projects/EnzymeCAGE-master/HPC_Returned_Result_Summaries/enzymecage_m4_e2_full_4681_4gpu_sharded_continuation_20260814/shards/shard_00/per_uid/A3Q0D6/p2rank/A3Q0D6.ds,P2Rank 2.5.1,,,,AFDB structure fetched; P2Rank ran under the approved command contract; no usable top predicted pocket residues were produced or mapped.,False,
A3Q0D7,100,v6,2e8a551d134026b015f090c62b9eb3310ef7d25fb5f98dcf54b80abee8cfd929,/usrdata/EnzymeCAGE_data/tools/p2rank_2.5.1/prank predict -threads 4 -c alphafold -visualizations 0 -o /root/projects/EnzymeCAGE-master/HPC_Returned_Result_Summaries/enzymecage_m4_e2_full_4681_4gpu_sharded_continuation_20260814/shards/shard_01/per_uid/A3Q0D7/p2rank/raw /root/projects/EnzymeCAGE-master/HPC_Returned_Result_Summaries/enzymecage_m4_e2_full_4681_4gpu_sharded_continuation_20260814/shards/shard_01/per_uid/A3Q0D7/p2rank/A3Q0D7.ds,P2Rank 2.5.1,,,,AFDB structure fetched; P2Rank ran under the approved command contract; no usable top predicted pocket residues were produced or mapped.,False,
A4FVW2,108,v6,dbd82994c9c32cb0647d12c1312137b6930ef3d57353272e7ba20d650d8196ae,/usrdata/EnzymeCAGE_data/tools/p2rank_2.5.1/prank predict -threads 4 -c alphafold -visualizations 0 -o /root/projects/EnzymeCAGE-master/HPC_Returned_Result_Summaries/enzymecage_m4_e2_full_4681_4gpu_sharded_continuation_20260814/shards/shard_01/per_uid/A4FVW2/p2rank/raw /root/projects/EnzymeCAGE-master/HPC_Returned_Result_Summaries/enzymecage_m4_e2_full_4681_4gpu_sharded_continuation_20260814/shards/shard_01/per_uid/A4FVW2/p2rank/A4FVW2.ds,P2Rank 2.5.1,,,,AFDB structure fetched; P2Rank ran under the approved command contract; no usable top predicted pocket residues were produced or mapped.,False,
A4G1L5,100,v6,a1d34850055d8fd5be36db54e515b52a1be969a4dca08398e1ad967ee23da617,/usrdata/EnzymeCAGE_data/tools/p2rank_2.5.1/prank predict -threads 4 -c alphafold -visualizations 0 -o /root/projects/EnzymeCAGE-master/HPC_Returned_Result_Summaries/enzymecage_m4_e2_full_4681_4gpu_sharded_continuation_20260814/shards/shard_03/per_uid/A4G1L5/p2rank/raw /root/projects/EnzymeCAGE-master/HPC_Returned_Result_Summaries/enzymecage_m4_e2_full_4681_4gpu_sharded_continuation_20260814/shards/shard_03/per_uid/A4G1L5/p2rank/A4G1L5.ds,P2Rank 2.5.1,,,,AFDB structure fetched; P2Rank ran under the approved command contract; no usable top predicted pocket residues were produced or mapped.,False,
A4IMB9,165,v6,8ea0f245381a52b0485311e2d364c54f3a47500c995b22ecd35117dace49313f,/usrdata/EnzymeCAGE_data/tools/p2rank_2.5.1/prank predict -threads 4 -c alphafold -visualizations 0 -o /root/projects/EnzymeCAGE-master/HPC_Returned_Result_Summaries/enzymecage_m4_e2_full_4681_4gpu_sharded_continuation_20260814/shards/shard_03/per_uid/A4IMB9/p2rank/raw /root/projects/EnzymeCAGE-master/HPC_Returned_Result_Summaries/enzymecage_m4_e2_full_4681_4gpu_sharded_continuation_20260814/shards/shard_03/per_uid/A4IMB9/p2rank/A4IMB9.ds,P2Rank 2.5.1,,,,AFDB structure fetched; P2Rank ran under the approved command contract; no usable top predicted pocket residues were produced or mapped.,False,
A4JC43,101,v6,1b88ec838d4f887ba789d14d6b77a143e263296299155e4e8d8790c4c6341ee7,/usrdata/EnzymeCAGE_data/tools/p2rank_2.5.1/prank predict -threads 4 -c alphafold -visualizations 0 -o /root/projects/EnzymeCAGE-master/HPC_Returned_Result_Summaries/enzymecage_m4_e2_full_4681_4gpu_sharded_continuation_20260814/shards/shard_00/per_uid/A4JC43/p2rank/raw /root/projects/EnzymeCAGE-master/HPC_Returned_Result_Summaries/enzymecage_m4_e2_full_4681_4gpu_sharded_continuation_20260814/shards/shard_00/per_uid/A4JC43/p2rank/A4JC43.ds,P2Rank 2.5.1,,,,AFDB structure fetched; P2Rank ran under the approved command contract; no usable top predicted pocket residues were produced or mapped.,False,
A4JIT1,99,v6,83b2834c5819aaea4fa4f22d28eb3715f1071bb775d1bf4f00cc1df7ce652dd2,/usrdata/EnzymeCAGE_data/tools/p2rank_2.5.1/prank predict -threads 4 -c alphafold -visualizations 0 -o /root/projects/EnzymeCAGE-master/HPC_Returned_Result_Summaries/enzymecage_m4_e2_full_4681_4gpu_sharded_continuation_20260814/shards/shard_01/per_uid/A4JIT1/p2rank/raw /root/projects/EnzymeCAGE-master/HPC_Returned_Result_Summaries/enzymecage_m4_e2_full_4681_4gpu_sharded_continuation_20260814/shards/shard_01/per_uid/A4JIT1/p2rank/A4JIT1.ds,P2Rank 2.5.1,,,,AFDB structure fetched; P2Rank ran under the approved command contract; no usable top predicted pocket residues were produced or mapped.,False,
A4QA21,100,v6,da5839ff71a183f7918cab663a24430992478739e9f5e69e3dc76a764d157d7d,/usrdata/EnzymeCAGE_data/tools/p2rank_2.5.1/prank predict -threads 4 -c alphafold -visualizations 0 -o /root/projects/EnzymeCAGE-master/HPC_Returned_Result_Summaries/enzymecage_m4_e2_full_4681_4gpu_sharded_continuation_20260814/shards/shard_00/per_uid/A4QA21/p2rank/raw /root/projects/EnzymeCAGE-master/HPC_Returned_Result_Summaries/enzymecage_m4_e2_full_4681_4gpu_sharded_continuation_20260814/shards/shard_00/per_uid/A4QA21/p2rank/A4QA21.ds,P2Rank 2.5.1,,,,AFDB structure fetched; P2Rank ran under the approved command contract; no usable top predicted pocket residues were produced or mapped.,False,
A4SD65,95,v6,64170c127695675379ce04fb0ee64590e89a8c663244fd0e48afbaec7c3f05a6,/usrdata/EnzymeCAGE_data/tools/p2rank_2.5.1/prank predict -threads 4 -c alphafold -visualizations 0 -o /root/projects/EnzymeCAGE-master/HPC_Returned_Result_Summaries/enzymecage_m4_e2_full_4681_4gpu_sharded_continuation_20260814/shards/shard_03/per_uid/A4SD65/p2rank/raw /root/projects/EnzymeCAGE-master/HPC_Returned_Result_Summaries/enzymecage_m4_e2_full_4681_4gpu_sharded_continuation_20260814/shards/shard_03/per_uid/A4SD65/p2rank/A4SD65.ds,P2Rank 2.5.1,,,,AFDB structure fetched; P2Rank ran under the approved command contract; no usable top predicted pocket residues were produced or mapped.,False,
A4SLN5,102,v6,fde238a2d23da421670bc1f29ae7ad907f11a98a56fbfb5facb5c7b4eb25f98e,/usrdata/EnzymeCAGE_data/tools/p2rank_2.5.1/prank predict -threads 4 -c alphafold -visualizations 0 -o /root/projects/EnzymeCAGE-master/HPC_Returned_Result_Summaries/enzymecage_m4_e2_full_4681_4gpu_sharded_continuation_20260814/shards/shard_01/per_uid/A4SLN5/p2rank/raw /root/projects/EnzymeCAGE-master/HPC_Returned_Result_Summaries/enzymecage_m4_e2_full_4681_4gpu_sharded_continuation_20260814/shards/shard_01/per_uid/A4SLN5/p2rank/A4SLN5.ds,P2Rank 2.5.1,,,,AFDB structure fetched; P2Rank ran under the approved command contract; no usable top predicted pocket residues were produced or mapped.,False,
A4TAD3,100,v6,783f1a21e914606e8e6161c1c00e71aa883eda9afdb4e139086939d4a72ccbdb,/usrdata/EnzymeCAGE_data/tools/p2rank_2.5.1/prank predict -threads 4 -c alphafold -visualizations 0 -o /root/projects/EnzymeCAGE-master/HPC_Returned_Result_Summaries/enzymecage_m4_e2_full_4681_4gpu_sharded_continuation_20260814/shards/shard_03/per_uid/A4TAD3/p2rank/raw /root/projects/EnzymeCAGE-master/HPC_Returned_Result_Summaries/enzymecage_m4_e2_full_4681_4gpu_sharded_continuation_20260814/shards/shard_03/per_uid/A4TAD3/p2rank/A4TAD3.ds,P2Rank 2.5.1,,,,AFDB structure fetched; P2Rank ran under the approved command contract; no usable top predicted pocket residues were produced or mapped.,False,
A4VQU9,100,v6,4f396a9d86d341ca173ddcfb904042378a4e3ca6789be12c3a99f5ccdcdb54d6,/usrdata/EnzymeCAGE_data/tools/p2rank_2.5.1/prank predict -threads 4 -c alphafold -visualizations 0 -o /root/projects/EnzymeCAGE-master/HPC_Returned_Result_Summaries/enzymecage_m4_e2_full_4681_4gpu_sharded_continuation_20260814/shards/shard_02/per_uid/A4VQU9/p2rank/raw /root/projects/EnzymeCAGE-master/HPC_Returned_Result_Summaries/enzymecage_m4_e2_full_4681_4gpu_sharded_continuation_20260814/shards/shard_02/per_uid/A4VQU9/p2rank/A4VQU9.ds,P2Rank 2.5.1,,,,AFDB structure fetched; P2Rank ran under the approved command contract; no usable top predicted pocket residues were produced or mapped.,False,
A4VT82,100,v6,bfd32f2e9cfb6a76ca4572986ae02f6d111f63bead612158a1381359a0fe0dee,/usrdata/EnzymeCAGE_data/tools/p2rank_2.5.1/prank predict -threads 4 -c alphafold -visualizations 0 -o /root/projects/EnzymeCAGE-master/HPC_Returned_Result_Summaries/enzymecage_m4_e2_full_4681_4gpu_sharded_continuation_20260814/shards/shard_03/per_uid/A4VT82/p2rank/raw /root/projects/EnzymeCAGE-master/HPC_Returned_Result_Summaries/enzymecage_m4_e2_full_4681_4gpu_sharded_continuation_20260814/shards/shard_03/per_uid/A4VT82/p2rank/A4VT82.ds,P2Rank 2.5.1,,,,AFDB structure fetched; P2Rank ran under the approved command contract; no usable top predicted pocket residues were produced or mapped.,False,
A4VXS3,197,v6,eb6a34a4105dd478493ce48878524289025f7ebefdf39551a42ce35567f9b6b0,/usrdata/EnzymeCAGE_data/tools/p2rank_2.5.1/prank predict -threads 4 -c alphafold -visualizations 0 -o /root/projects/EnzymeCAGE-master/HPC_Returned_Result_Summaries/enzymecage_m4_e2_full_4681_4gpu_sharded_continuation_20260814/shards/shard_00/per_uid/A4VXS3/p2rank/raw /root/projects/EnzymeCAGE-master/HPC_Returned_Result_Summaries/enzymecage_m4_e2_full_4681_4gpu_sharded_continuation_20260814/shards/shard_00/per_uid/A4VXS3/p2rank/A4VXS3.ds,P2Rank 2.5.1,,,,AFDB structure fetched; P2Rank ran under the approved command contract; no usable top predicted pocket residues were produced or mapped.,False,
A4WCQ8,100,v6,605cd535bcddb0a9ea0286d4ba37322deb63f8d1c15146d75a6e237585cffdfa,/usrdata/EnzymeCAGE_data/tools/p2rank_2.5.1/prank predict -threads 4 -c alphafold -visualizations 0 -o /root/projects/EnzymeCAGE-master/HPC_Returned_Result_Summaries/enzymecage_m4_e2_full_4681_4gpu_sharded_continuation_20260814/shards/shard_02/per_uid/A4WCQ8/p2rank/raw /root/projects/EnzymeCAGE-master/HPC_Returned_Result_Summaries/enzymecage_m4_e2_full_4681_4gpu_sharded_continuation_20260814/shards/shard_02/per_uid/A4WCQ8/p2rank/A4WCQ8.ds,P2Rank 2.5.1,,,,AFDB structure fetched; P2Rank ran under the approved command contract; no usable top predicted pocket residues were produced or mapped.,False,
A4WEJ3,100,v6,ffd9e4c5dc7a61c60fa5c5fb5771ae7d6d07c52d2af5cebd81b829d80ef18ca0,/usrdata/EnzymeCAGE_data/tools/p2rank_2.5.1/prank predict -threads 4 -c alphafold -visualizations 0 -o /root/projects/EnzymeCAGE-master/HPC_Returned_Result_Summaries/enzymecage_m4_e2_full_4681_4gpu_sharded_continuation_20260814/shards/shard_03/per_uid/A4WEJ3/p2rank/raw /root/projects/EnzymeCAGE-master/HPC_Returned_Result_Summaries/enzymecage_m4_e2_full_4681_4gpu_sharded_continuation_20260814/shards/shard_03/per_uid/A4WEJ3/p2rank/A4WEJ3.ds,P2Rank 2.5.1,,,,AFDB structure fetched; P2Rank ran under the approved command contract; no usable top predicted pocket residues were produced or mapped.,False,
A4WEJ4,106,v6,0d9f7f996b473aab8a5b8e4c0819b24c9d2fbfa419447cb807e27fde0d7c171d,/usrdata/EnzymeCAGE_data/tools/p2rank_2.5.1/prank predict -threads 4 -c alphafold -visualizations 0 -o /root/projects/EnzymeCAGE-master/HPC_Returned_Result_Summaries/enzymecage_m4_e2_full_4681_4gpu_sharded_continuation_20260814/shards/shard_00/per_uid/A4WEJ4/p2rank/raw /root/projects/EnzymeCAGE-master/HPC_Returned_Result_Summaries/enzymecage_m4_e2_full_4681_4gpu_sharded_continuation_20260814/shards/shard_00/per_uid/A4WEJ4/p2rank/A4WEJ4.ds,P2Rank 2.5.1,,,,AFDB structure fetched; P2Rank ran under the approved command contract; no usable top predicted pocket residues were produced or mapped.,False,
A4WR72,100,v6,1546fcd3b8611ea33f892ab9f35d7b12c46f554044c0f95a0e61acde57e5739e,/usrdata/EnzymeCAGE_data/tools/p2rank_2.5.1/prank predict -threads 4 -c alphafold -visualizations 0 -o /root/projects/EnzymeCAGE-master/HPC_Returned_Result_Summaries/enzymecage_m4_e2_full_4681_4gpu_sharded_continuation_20260814/shards/shard_01/per_uid/A4WR72/p2rank/raw /root/projects/EnzymeCAGE-master/HPC_Returned_Result_Summaries/enzymecage_m4_e2_full_4681_4gpu_sharded_continuation_20260814/shards/shard_01/per_uid/A4WR72/p2rank/A4WR72.ds,P2Rank 2.5.1,,,,AFDB structure fetched; P2Rank ran under the approved command contract; no usable top predicted pocket residues were produced or mapped.,False,
A4WUQ3,95,v6,fddc9dac232cd22f78ea0f00d7700ea87edd24dca9ca76b54c92250e7bcf8fc0,/usrdata/EnzymeCAGE_data/tools/p2rank_2.5.1/prank predict -threads 4 -c alphafold -visualizations 0 -o /root/projects/EnzymeCAGE-master/HPC_Returned_Result_Summaries/enzymecage_m4_e2_full_4681_4gpu_sharded_continuation_20260814/shards/shard_02/per_uid/A4WUQ3/p2rank/raw /root/projects/EnzymeCAGE-master/HPC_Returned_Result_Summaries/enzymecage_m4_e2_full_4681_4gpu_sharded_continuation_20260814/shards/shard_02/per_uid/A4WUQ3/p2rank/A4WUQ3.ds,P2Rank 2.5.1,,,,AFDB structure fetched; P2Rank ran under the approved command contract; no usable top predicted pocket residues were produced or mapped.,False,
A4X489,101,v6,0026c5a614ec81156ff5003a7b0de19fe26034df37b4316acd0feb5448f846dc,/usrdata/EnzymeCAGE_data/tools/p2rank_2.5.1/prank predict -threads 4 -c alphafold -visualizations 0 -o /root/projects/EnzymeCAGE-master/HPC_Returned_Result_Summaries/enzymecage_m4_e2_full_4681_4gpu_sharded_continuation_20260814/shards/shard_03/per_uid/A4X489/p2rank/raw /root/projects/EnzymeCAGE-master/HPC_Returned_Result_Summaries/enzymecage_m4_e2_full_4681_4gpu_sharded_continuation_20260814/shards/shard_03/per_uid/A4X489/p2rank/A4X489.ds,P2Rank 2.5.1,,,,AFDB structure fetched; P2Rank ran under the approved command contract; no usable top predicted pocket residues were produced or mapped.,False,
A4XQ45,101,v6,2c52787b412707a4ab877827184a3e3f6541ad4c6c490b03dfb44175ba3c7042,/usrdata/EnzymeCAGE_data/tools/p2rank_2.5.1/prank predict -threads 4 -c alphafold -visualizations 0 -o /root/projects/EnzymeCAGE-master/HPC_Returned_Result_Summaries/enzymecage_m4_e2_full_4681_4gpu_sharded_continuation_20260814/shards/shard_01/per_uid/A4XQ45/p2rank/raw /root/projects/EnzymeCAGE-master/HPC_Returned_Result_Summaries/enzymecage_m4_e2_full_4681_4gpu_sharded_continuation_20260814/shards/shard_01/per_uid/A4XQ45/p2rank/A4XQ45.ds,P2Rank 2.5.1,,,,AFDB structure fetched; P2Rank ran under the approved command contract; no usable top predicted pocket residues were produced or mapped.,False,
A4XQ47,100,v6,030ac5bea09d89c73167dd1d5b4e90ba454cd60f4c837e0da415a1bf523c6c36,/usrdata/EnzymeCAGE_data/tools/p2rank_2.5.1/prank predict -threads 4 -c alphafold -visualizations 0 -o /root/projects/EnzymeCAGE-master/HPC_Returned_Result_Summaries/enzymecage_m4_e2_full_4681_4gpu_sharded_continuation_20260814/shards/shard_02/per_uid/A4XQ47/p2rank/raw /root/projects/EnzymeCAGE-master/HPC_Returned_Result_Summaries/enzymecage_m4_e2_full_4681_4gpu_sharded_continuation_20260814/shards/shard_02/per_uid/A4XQ47/p2rank/A4XQ47.ds,P2Rank 2.5.1,,,,AFDB structure fetched; P2Rank ran under the approved command contract; no usable top predicted pocket residues were produced or mapped.,False,
A4XQK7,95,v6,2fd9649757affa3b845f524cdf164eaac394da76df15c6a3bee758b9844ae2f7,/usrdata/EnzymeCAGE_data/tools/p2rank_2.5.1/prank predict -threads 4 -c alphafold -visualizations 0 -o /root/projects/EnzymeCAGE-master/HPC_Returned_Result_Summaries/enzymecage_m4_e2_full_4681_4gpu_sharded_continuation_20260814/shards/shard_03/per_uid/A4XQK7/p2rank/raw /root/projects/EnzymeCAGE-master/HPC_Returned_Result_Summaries/enzymecage_m4_e2_full_4681_4gpu_sharded_continuation_20260814/shards/shard_03/per_uid/A4XQK7/p2rank/A4XQK7.ds,P2Rank 2.5.1,,,,AFDB structure fetched; P2Rank ran under the approved command contract; no usable top predicted pocket residues were produced or mapped.,False,
A4XV11,102,v6,d2162e52bb1661d48101d03f612feb7d21628147e4df2db6521c0c860abe265c,/usrdata/EnzymeCAGE_data/tools/p2rank_2.5.1/prank predict -threads 4 -c alphafold -visualizations 0 -o /root/projects/EnzymeCAGE-master/HPC_Returned_Result_Summaries/enzymecage_m4_e2_full_4681_4gpu_sharded_continuation_20260814/shards/shard_00/per_uid/A4XV11/p2rank/raw /root/projects/EnzymeCAGE-master/HPC_Returned_Result_Summaries/enzymecage_m4_e2_full_4681_4gpu_sharded_continuation_20260814/shards/shard_00/per_uid/A4XV11/p2rank/A4XV11.ds,P2Rank 2.5.1,,,,AFDB structure fetched; P2Rank ran under the approved command contract; no usable top predicted pocket residues were produced or mapped.,False,
A4YD82,117,v6,a059a3b72a9374bb41c36f3115d7250b9e1084d2cfc4cf1d456103e09f19067b,/usrdata/EnzymeCAGE_data/tools/p2rank_2.5.1/prank predict -threads 4 -c alphafold -visualizations 0 -o /root/projects/EnzymeCAGE-master/HPC_Returned_Result_Summaries/enzymecage_m4_e2_full_4681_4gpu_sharded_continuation_20260814/shards/shard_01/per_uid/A4YD82/p2rank/raw /root/projects/EnzymeCAGE-master/HPC_Returned_Result_Summaries/enzymecage_m4_e2_full_4681_4gpu_sharded_continuation_20260814/shards/shard_01/per_uid/A4YD82/p2rank/A4YD82.ds,P2Rank 2.5.1,,,,AFDB structure fetched; P2Rank ran under the approved command contract; no usable top predicted pocket residues were produced or mapped.,False,
A4YJY8,100,v6,c4c77608c19ffca8a860517d4d03325dfd95a77c828f6bdbd87e0f73063ed7b7,/usrdata/EnzymeCAGE_data/tools/p2rank_2.5.1/prank predict -threads 4 -c alphafold -visualizations 0 -o /root/projects/EnzymeCAGE-master/HPC_Returned_Result_Summaries/enzymecage_m4_e2_full_4681_4gpu_sharded_continuation_20260814/shards/shard_02/per_uid/A4YJY8/p2rank/raw /root/projects/EnzymeCAGE-master/HPC_Returned_Result_Summaries/enzymecage_m4_e2_full_4681_4gpu_sharded_continuation_20260814/shards/shard_02/per_uid/A4YJY8/p2rank/A4YJY8.ds,P2Rank 2.5.1,,,,AFDB structure fetched; P2Rank ran under the approved command contract; no usable top predicted pocket residues were produced or mapped.,False,
A4YWF3,95,v6,5e825dc7d1f5b3e469d6ff11027d0dad85e94850a3e61ac49a3cd5ba445c7684,/usrdata/EnzymeCAGE_data/tools/p2rank_2.5.1/prank predict -threads 4 -c alphafold -visualizations 0 -o /root/projects/EnzymeCAGE-master/HPC_Returned_Result_Summaries/enzymecage_m4_e2_full_4681_4gpu_sharded_continuation_20260814/shards/shard_03/per_uid/A4YWF3/p2rank/raw /root/projects/EnzymeCAGE-master/HPC_Returned_Result_Summaries/enzymecage_m4_e2_full_4681_4gpu_sharded_continuation_20260814/shards/shard_03/per_uid/A4YWF3/p2rank/A4YWF3.ds,P2Rank 2.5.1,,,,AFDB structure fetched; P2Rank ran under the approved command contract; no usable top predicted pocket residues were produced or mapped.,False,
A5CQN3,204,v6,7ab1afe2829524b9f7a6518e422fe7ac0fcf3b324165a654126db0a289a1e11a,/usrdata/EnzymeCAGE_data/tools/p2rank_2.5.1/prank predict -threads 4 -c alphafold -visualizations 0 -o /root/projects/EnzymeCAGE-master/HPC_Returned_Result_Summaries/enzymecage_m4_e2_full_4681_4gpu_sharded_continuation_20260814/shards/shard_03/per_uid/A5CQN3/p2rank/raw /root/projects/EnzymeCAGE-master/HPC_Returned_Result_Summaries/enzymecage_m4_e2_full_4681_4gpu_sharded_continuation_20260814/shards/shard_03/per_uid/A5CQN3/p2rank/A5CQN3.ds,P2Rank 2.5.1,,,,AFDB structure fetched; P2Rank ran under the approved command contract; no usable top predicted pocket residues were produced or mapped.,False,
A5CX64,95,v6,891b58b510720d219b0bb4435fb7e5a77f16882a90caf87c1cda604023d88e16,/usrdata/EnzymeCAGE_data/tools/p2rank_2.5.1/prank predict -threads 4 -c alphafold -visualizations 0 -o /root/projects/EnzymeCAGE-master/HPC_Returned_Result_Summaries/enzymecage_m4_e2_full_4681_4gpu_sharded_continuation_20260814/shards/shard_00/per_uid/A5CX64/p2rank/raw /root/projects/EnzymeCAGE-master/HPC_Returned_Result_Summaries/enzymecage_m4_e2_full_4681_4gpu_sharded_continuation_20260814/shards/shard_00/per_uid/A5CX64/p2rank/A5CX64.ds,P2Rank 2.5.1,,,,AFDB structure fetched; P2Rank ran under the approved command contract; no usable top predicted pocket residues were produced or mapped.,False,
A5DGY1,149,v6,aa8332d724d727c13c87b37ca8aa2e062c8675659d6fe7dd6f0e94a7afbf4ba0,/usrdata/EnzymeCAGE_data/tools/p2rank_2.5.1/prank predict -threads 4 -c alphafold -visualizations 0 -o /root/projects/EnzymeCAGE-master/HPC_Returned_Result_Summaries/enzymecage_m4_e2_full_4681_4gpu_sharded_continuation_20260814/shards/shard_01/per_uid/A5DGY1/p2rank/raw /root/projects/EnzymeCAGE-master/HPC_Returned_Result_Summaries/enzymecage_m4_e2_full_4681_4gpu_sharded_continuation_20260814/shards/shard_01/per_uid/A5DGY1/p2rank/A5DGY1.ds,P2Rank 2.5.1,,,,AFDB structure fetched; P2Rank ran under the approved command contract; no usable top predicted pocket residues were produced or mapped.,False,
A5EKP6,95,v6,c3b1abdaf2a16965950d2d3c9a63888c1da1f98fc09de8d8bbfe6c46535b5f45,/usrdata/EnzymeCAGE_data/tools/p2rank_2.5.1/prank predict -threads 4 -c alphafold -visualizations 0 -o /root/projects/EnzymeCAGE-master/HPC_Returned_Result_Summaries/enzymecage_m4_e2_full_4681_4gpu_sharded_continuation_20260814/shards/shard_02/per_uid/A5EKP6/p2rank/raw /root/projects/EnzymeCAGE-master/HPC_Returned_Result_Summaries/enzymecage_m4_e2_full_4681_4gpu_sharded_continuation_20260814/shards/shard_02/per_uid/A5EKP6/p2rank/A5EKP6.ds,P2Rank 2.5.1,,,,AFDB structure fetched; P2Rank ran under the approved command contract; no usable top predicted pocket residues were produced or mapped.,False,
A5FAD3,100,v6,c4e0ce16e27524edb98cc23f7ed2c93d15eb5b2ec627fff9a7ff0d9af459305d,/usrdata/EnzymeCAGE_data/tools/p2rank_2.5.1/prank predict -threads 4 -c alphafold -visualizations 0 -o /root/projects/EnzymeCAGE-master/HPC_Returned_Result_Summaries/enzymecage_m4_e2_full_4681_4gpu_sharded_continuation_20260814/shards/shard_03/per_uid/A5FAD3/p2rank/raw /root/projects/EnzymeCAGE-master/HPC_Returned_Result_Summaries/enzymecage_m4_e2_full_4681_4gpu_sharded_continuation_20260814/shards/shard_03/per_uid/A5FAD3/p2rank/A5FAD3.ds,P2Rank 2.5.1,,,,AFDB structure fetched; P2Rank ran under the approved command contract; no usable top predicted pocket residues were produced or mapped.,False,
A5FQ06,95,v6,691c26ad87a31ce477b521a776d05af4f6f161dd1ccea4a8b0d29b1dcbd0c201,/usrdata/EnzymeCAGE_data/tools/p2rank_2.5.1/prank predict -threads 4 -c alphafold -visualizations 0 -o /root/projects/EnzymeCAGE-master/HPC_Returned_Result_Summaries/enzymecage_m4_e2_full_4681_4gpu_sharded_continuation_20260814/shards/shard_01/per_uid/A5FQ06/p2rank/raw /root/projects/EnzymeCAGE-master/HPC_Returned_Result_Summaries/enzymecage_m4_e2_full_4681_4gpu_sharded_continuation_20260814/shards/shard_01/per_uid/A5FQ06/p2rank/A5FQ06.ds,P2Rank 2.5.1,,,,AFDB structure fetched; P2Rank ran under the approved command contract; no usable top predicted pocket residues were produced or mapped.,False,
A5FWV9,95,v6,7aec2f5b492c68c57cddc4dfc622b2d24b3f569a43d50d771d0a4e882c9f7210,/usrdata/EnzymeCAGE_data/tools/p2rank_2.5.1/prank predict -threads 4 -c alphafold -visualizations 0 -o /root/projects/EnzymeCAGE-master/HPC_Returned_Result_Summaries/enzymecage_m4_e2_full_4681_4gpu_sharded_continuation_20260814/shards/shard_02/per_uid/A5FWV9/p2rank/raw /root/projects/EnzymeCAGE-master/HPC_Returned_Result_Summaries/enzymecage_m4_e2_full_4681_4gpu_sharded_continuation_20260814/shards/shard_02/per_uid/A5FWV9/p2rank/A5FWV9.ds,P2Rank 2.5.1,,,,AFDB structure fetched; P2Rank ran under the approved command contract; no usable top predicted pocket residues were produced or mapped.,False,
A5GIJ9,97,v6,ced601a276ec521cd58cebbdfe33150be19c8d747ec788923d1f3a4616b86e45,/usrdata/EnzymeCAGE_data/tools/p2rank_2.5.1/prank predict -threads 4 -c alphafold -visualizations 0 -o /root/projects/EnzymeCAGE-master/HPC_Returned_Result_Summaries/enzymecage_m4_e2_full_4681_4gpu_sharded_continuation_20260814/shards/shard_03/per_uid/A5GIJ9/p2rank/raw /root/projects/EnzymeCAGE-master/HPC_Returned_Result_Summaries/enzymecage_m4_e2_full_4681_4gpu_sharded_continuation_20260814/shards/shard_03/per_uid/A5GIJ9/p2rank/A5GIJ9.ds,P2Rank 2.5.1,,,,AFDB structure fetched; P2Rank ran under the approved command contract; no usable top predicted pocket residues were produced or mapped.,False,
A5GIW2,128,v6,7621dc9752bbb94a1d55aeef1de5f9d239c78581480ed14ff38a54181bf3f449,/usrdata/EnzymeCAGE_data/tools/p2rank_2.5.1/prank predict -threads 4 -c alphafold -visualizations 0 -o /root/projects/EnzymeCAGE-master/HPC_Returned_Result_Summaries/enzymecage_m4_e2_full_4681_4gpu_sharded_continuation_20260814/shards/shard_00/per_uid/A5GIW2/p2rank/raw /root/projects/EnzymeCAGE-master/HPC_Returned_Result_Summaries/enzymecage_m4_e2_full_4681_4gpu_sharded_continuation_20260814/shards/shard_00/per_uid/A5GIW2/p2rank/A5GIW2.ds,P2Rank 2.5.1,,,,AFDB structure fetched; P2Rank ran under the approved command contract; no usable top predicted pocket residues were produced or mapped.,False,
A5GMR6,93,v6,eeb324d44bc283af177ef27b6b4852f3fe0c5dfa4e6f180d13dfebc3c3297657,/usrdata/EnzymeCAGE_data/tools/p2rank_2.5.1/prank predict -threads 4 -c alphafold -visualizations 0 -o /root/projects/EnzymeCAGE-master/HPC_Returned_Result_Summaries/enzymecage_m4_e2_full_4681_4gpu_sharded_continuation_20260814/shards/shard_01/per_uid/A5GMR6/p2rank/raw /root/projects/EnzymeCAGE-master/HPC_Returned_Result_Summaries/enzymecage_m4_e2_full_4681_4gpu_sharded_continuation_20260814/shards/shard_01/per_uid/A5GMR6/p2rank/A5GMR6.ds,P2Rank 2.5.1,,,,AFDB structure fetched; P2Rank ran under the approved command contract; no usable top predicted pocket residues were produced or mapped.,False,
A5GWV5,100,v6,a1356830b7069b139c1ae52c240990f316ed0a90d1a0013626b5038f73e56428,/usrdata/EnzymeCAGE_data/tools/p2rank_2.5.1/prank predict -threads 4 -c alphafold -visualizations 0 -o /root/projects/EnzymeCAGE-master/HPC_Returned_Result_Summaries/enzymecage_m4_e2_full_4681_4gpu_sharded_continuation_20260814/shards/shard_02/per_uid/A5GWV5/p2rank/raw /root/projects/EnzymeCAGE-master/HPC_Returned_Result_Summaries/enzymecage_m4_e2_full_4681_4gpu_sharded_continuation_20260814/shards/shard_02/per_uid/A5GWV5/p2rank/A5GWV5.ds,P2Rank 2.5.1,,,,AFDB structure fetched; P2Rank ran under the approved command contract; no usable top predicted pocket residues were produced or mapped.,False,
A5GWV6,104,v6,45973e57f8d67ffeb54daca7c9733eaa9522693ea927bae30fa0f800d75f93b6,/usrdata/EnzymeCAGE_data/tools/p2rank_2.5.1/prank predict -threads 4 -c alphafold -visualizations 0 -o /root/projects/EnzymeCAGE-master/HPC_Returned_Result_Summaries/enzymecage_m4_e2_full_4681_4gpu_sharded_continuation_20260814/shards/shard_03/per_uid/A5GWV6/p2rank/raw /root/projects/EnzymeCAGE-master/HPC_Returned_Result_Summaries/enzymecage_m4_e2_full_4681_4gpu_sharded_continuation_20260814/shards/shard_03/per_uid/A5GWV6/p2rank/A5GWV6.ds,P2Rank 2.5.1,,,,AFDB structure fetched; P2Rank ran under the approved command contract; no usable top predicted pocket residues were produced or mapped.,False,
A5I5I5,162,v6,d24f5604ac5b01a14b54c4bc375e863f78bada7d302270c0e305b416a3d77be4,/usrdata/EnzymeCAGE_data/tools/p2rank_2.5.1/prank predict -threads 4 -c alphafold -visualizations 0 -o /root/projects/EnzymeCAGE-master/HPC_Returned_Result_Summaries/enzymecage_m4_e2_full_4681_4gpu_sharded_continuation_20260814/shards/shard_01/per_uid/A5I5I5/p2rank/raw /root/projects/EnzymeCAGE-master/HPC_Returned_Result_Summaries/enzymecage_m4_e2_full_4681_4gpu_sharded_continuation_20260814/shards/shard_01/per_uid/A5I5I5/p2rank/A5I5I5.ds,P2Rank 2.5.1,,,,AFDB structure fetched; P2Rank ran under the approved command contract; no usable top predicted pocket residues were produced or mapped.,False,
A5IU68,100,v6,41462dae963c2247f81e1e40eed1ca9e13ca20a261e54342c1ec4c94b049a730,/usrdata/EnzymeCAGE_data/tools/p2rank_2.5.1/prank predict -threads 4 -c alphafold -visualizations 0 -o /root/projects/EnzymeCAGE-master/HPC_Returned_Result_Summaries/enzymecage_m4_e2_full_4681_4gpu_sharded_continuation_20260814/shards/shard_03/per_uid/A5IU68/p2rank/raw /root/projects/EnzymeCAGE-master/HPC_Returned_Result_Summaries/enzymecage_m4_e2_full_4681_4gpu_sharded_continuation_20260814/shards/shard_03/per_uid/A5IU68/p2rank/A5IU68.ds,P2Rank 2.5.1,,,,AFDB structure fetched; P2Rank ran under the approved command contract; no usable top predicted pocket residues were produced or mapped.,False,
A5IV69,100,v6,aea3d02cd6f53de97b7a619e6603df452f26e61bcf5d52ec3eaa208018b1fd5d,/usrdata/EnzymeCAGE_data/tools/p2rank_2.5.1/prank predict -threads 4 -c alphafold -visualizations 0 -o /root/projects/EnzymeCAGE-master/HPC_Returned_Result_Summaries/enzymecage_m4_e2_full_4681_4gpu_sharded_continuation_20260814/shards/shard_01/per_uid/A5IV69/p2rank/raw /root/projects/EnzymeCAGE-master/HPC_Returned_Result_Summaries/enzymecage_m4_e2_full_4681_4gpu_sharded_continuation_20260814/shards/shard_01/per_uid/A5IV69/p2rank/A5IV69.ds,P2Rank 2.5.1,,,,AFDB structure fetched; P2Rank ran under the approved command contract; no usable top predicted pocket residues were produced or mapped.,False,
A5MZ48,162,v6,06a028f051e9d79e383533ebfad014b6741af70e69a508370bdc9594a6408576,/usrdata/EnzymeCAGE_data/tools/p2rank_2.5.1/prank predict -threads 4 -c alphafold -visualizations 0 -o /root/projects/EnzymeCAGE-master/HPC_Returned_Result_Summaries/enzymecage_m4_e2_full_4681_4gpu_sharded_continuation_20260814/shards/shard_03/per_uid/A5MZ48/p2rank/raw /root/projects/EnzymeCAGE-master/HPC_Returned_Result_Summaries/enzymecage_m4_e2_full_4681_4gpu_sharded_continuation_20260814/shards/shard_03/per_uid/A5MZ48/p2rank/A5MZ48.ds,P2Rank 2.5.1,,,,AFDB structure fetched; P2Rank ran under the approved command contract; no usable top predicted pocket residues were produced or mapped.,False,
A5U3L5,100,v6,b460114cd7f1cdc1ba280fecb0dcbafbd9a4772cfae92d13c12201e0bbd511e1,/usrdata/EnzymeCAGE_data/tools/p2rank_2.5.1/prank predict -threads 4 -c alphafold -visualizations 0 -o /root/projects/EnzymeCAGE-master/HPC_Returned_Result_Summaries/enzymecage_m4_e2_full_4681_4gpu_sharded_continuation_20260814/shards/shard_02/per_uid/A5U3L5/p2rank/raw /root/projects/EnzymeCAGE-master/HPC_Returned_Result_Summaries/enzymecage_m4_e2_full_4681_4gpu_sharded_continuation_20260814/shards/shard_02/per_uid/A5U3L5/p2rank/A5U3L5.ds,P2Rank 2.5.1,,,,AFDB structure fetched; P2Rank ran under the approved command contract; no usable top predicted pocket residues were produced or mapped.,False,
A5U3L6,104,v6,48a198f88a28d6ce2f190ad46826de39ecd39093c8171426d4d11da8c98974ad,/usrdata/EnzymeCAGE_data/tools/p2rank_2.5.1/prank predict -threads 4 -c alphafold -visualizations 0 -o /root/projects/EnzymeCAGE-master/HPC_Returned_Result_Summaries/enzymecage_m4_e2_full_4681_4gpu_sharded_continuation_20260814/shards/shard_03/per_uid/A5U3L6/p2rank/raw /root/projects/EnzymeCAGE-master/HPC_Returned_Result_Summaries/enzymecage_m4_e2_full_4681_4gpu_sharded_continuation_20260814/shards/shard_03/per_uid/A5U3L6/p2rank/A5U3L6.ds,P2Rank 2.5.1,,,,AFDB structure fetched; P2Rank ran under the approved command contract; no usable top predicted pocket residues were produced or mapped.,False,
A5U9V4,100,v6,9f75e82eb94e9e60ec31d9ed747cdaef5a2a0424b25cd69fb7f68e30631fb132,/usrdata/EnzymeCAGE_data/tools/p2rank_2.5.1/prank predict -threads 4 -c alphafold -visualizations 0 -o /root/projects/EnzymeCAGE-master/HPC_Returned_Result_Summaries/enzymecage_m4_e2_full_4681_4gpu_sharded_continuation_20260814/shards/shard_00/per_uid/A5U9V4/p2rank/raw /root/projects/EnzymeCAGE-master/HPC_Returned_Result_Summaries/enzymecage_m4_e2_full_4681_4gpu_sharded_continuation_20260814/shards/shard_00/per_uid/A5U9V4/p2rank/A5U9V4.ds,P2Rank 2.5.1,,,,AFDB structure fetched; P2Rank ran under the approved command contract; no usable top predicted pocket residues were produced or mapped.,False,
A5UH46,100,v6,2288f34b4aaa3e6805e174fe379a42fa1fe99151334a8564844e8ed9163b146a,/usrdata/EnzymeCAGE_data/tools/p2rank_2.5.1/prank predict -threads 4 -c alphafold -visualizations 0 -o /root/projects/EnzymeCAGE-master/HPC_Returned_Result_Summaries/enzymecage_m4_e2_full_4681_4gpu_sharded_continuation_20260814/shards/shard_02/per_uid/A5UH46/p2rank/raw /root/projects/EnzymeCAGE-master/HPC_Returned_Result_Summaries/enzymecage_m4_e2_full_4681_4gpu_sharded_continuation_20260814/shards/shard_02/per_uid/A5UH46/p2rank/A5UH46.ds,P2Rank 2.5.1,,,,AFDB structure fetched; P2Rank ran under the approved command contract; no usable top predicted pocket residues were produced or mapped.,False,
A5UPS5,93,v6,153bd7671f2b95dd9339de9b81b4445e839e11365ec4f2618b194a6fbe3db5dd,/usrdata/EnzymeCAGE_data/tools/p2rank_2.5.1/prank predict -threads 4 -c alphafold -visualizations 0 -o /root/projects/EnzymeCAGE-master/HPC_Returned_Result_Summaries/enzymecage_m4_e2_full_4681_4gpu_sharded_continuation_20260814/shards/shard_00/per_uid/A5UPS5/p2rank/raw /root/projects/EnzymeCAGE-master/HPC_Returned_Result_Summaries/enzymecage_m4_e2_full_4681_4gpu_sharded_continuation_20260814/shards/shard_00/per_uid/A5UPS5/p2rank/A5UPS5.ds,P2Rank 2.5.1,,,,AFDB structure fetched; P2Rank ran under the approved command contract; no usable top predicted pocket residues were produced or mapped.,False,
A5UQ40,93,v6,1a61c7420ff0419a3fe1566e8cf7377bdd84a722292cc41dfd6c6466a2f870a0,/usrdata/EnzymeCAGE_data/tools/p2rank_2.5.1/prank predict -threads 4 -c alphafold -visualizations 0 -o /root/projects/EnzymeCAGE-master/HPC_Returned_Result_Summaries/enzymecage_m4_e2_full_4681_4gpu_sharded_continuation_20260814/shards/shard_01/per_uid/A5UQ40/p2rank/raw /root/projects/EnzymeCAGE-master/HPC_Returned_Result_Summaries/enzymecage_m4_e2_full_4681_4gpu_sharded_continuation_20260814/shards/shard_01/per_uid/A5UQ40/p2rank/A5UQ40.ds,P2Rank 2.5.1,,,,AFDB structure fetched; P2Rank ran under the approved command contract; no usable top predicted pocket residues were produced or mapped.,False,
A5USE7,97,v6,aad3a94bef3a7209ea846d282f5b6522b7b039e28cc88e8b9959bfddb21df4ac,/usrdata/EnzymeCAGE_data/tools/p2rank_2.5.1/prank predict -threads 4 -c alphafold -visualizations 0 -o /root/projects/EnzymeCAGE-master/HPC_Returned_Result_Summaries/enzymecage_m4_e2_full_4681_4gpu_sharded_continuation_20260814/shards/shard_02/per_uid/A5USE7/p2rank/raw /root/projects/EnzymeCAGE-master/HPC_Returned_Result_Summaries/enzymecage_m4_e2_full_4681_4gpu_sharded_continuation_20260814/shards/shard_02/per_uid/A5USE7/p2rank/A5USE7.ds,P2Rank 2.5.1,,,,AFDB structure fetched; P2Rank ran under the approved command contract; no usable top predicted pocket residues were produced or mapped.,False,
A5VZ23,95,v6,923dc07dad7df119a317d0dbbbb29783f12a33d3c9f1eec18663acf02f87ac31,/usrdata/EnzymeCAGE_data/tools/p2rank_2.5.1/prank predict -threads 4 -c alphafold -visualizations 0 -o /root/projects/EnzymeCAGE-master/HPC_Returned_Result_Summaries/enzymecage_m4_e2_full_4681_4gpu_sharded_continuation_20260814/shards/shard_00/per_uid/A5VZ23/p2rank/raw /root/projects/EnzymeCAGE-master/HPC_Returned_Result_Summaries/enzymecage_m4_e2_full_4681_4gpu_sharded_continuation_20260814/shards/shard_00/per_uid/A5VZ23/p2rank/A5VZ23.ds,P2Rank 2.5.1,,,,AFDB structure fetched; P2Rank ran under the approved command contract; no usable top predicted pocket residues were produced or mapped.,False,
A5W183,102,v6,ff40f4caed24948ac650fae554bed6181bc225ff27a7bb2154976991c338632c,/usrdata/EnzymeCAGE_data/tools/p2rank_2.5.1/prank predict -threads 4 -c alphafold -visualizations 0 -o /root/projects/EnzymeCAGE-master/HPC_Returned_Result_Summaries/enzymecage_m4_e2_full_4681_4gpu_sharded_continuation_20260814/shards/shard_01/per_uid/A5W183/p2rank/raw /root/projects/EnzymeCAGE-master/HPC_Returned_Result_Summaries/enzymecage_m4_e2_full_4681_4gpu_sharded_continuation_20260814/shards/shard_01/per_uid/A5W183/p2rank/A5W183.ds,P2Rank 2.5.1,,,,AFDB structure fetched; P2Rank ran under the approved command contract; no usable top predicted pocket residues were produced or mapped.,False,
A5W4B8,100,v6,96a3da08a7c96e98f30844e66ede801fecaa642b897bf6fa66a48e9fd2d7cf9e,/usrdata/EnzymeCAGE_data/tools/p2rank_2.5.1/prank predict -threads 4 -c alphafold -visualizations 0 -o /root/projects/EnzymeCAGE-master/HPC_Returned_Result_Summaries/enzymecage_m4_e2_full_4681_4gpu_sharded_continuation_20260814/shards/shard_02/per_uid/A5W4B8/p2rank/raw /root/projects/EnzymeCAGE-master/HPC_Returned_Result_Summaries/enzymecage_m4_e2_full_4681_4gpu_sharded_continuation_20260814/shards/shard_02/per_uid/A5W4B8/p2rank/A5W4B8.ds,P2Rank 2.5.1,,,,AFDB structure fetched; P2Rank ran under the approved command contract; no usable top predicted pocket residues were produced or mapped.,False,
A6QIC9,100,v6,1d9294fd8ad61a472158a8b53ae0b5d47a3df45c1f639b957efedb9fd77bb596,/usrdata/EnzymeCAGE_data/tools/p2rank_2.5.1/prank predict -threads 4 -c alphafold -visualizations 0 -o /root/projects/EnzymeCAGE-master/HPC_Returned_Result_Summaries/enzymecage_m4_e2_full_4681_4gpu_sharded_continuation_20260814/shards/shard_03/per_uid/A6QIC9/p2rank/raw /root/projects/EnzymeCAGE-master/HPC_Returned_Result_Summaries/enzymecage_m4_e2_full_4681_4gpu_sharded_continuation_20260814/shards/shard_03/per_uid/A6QIC9/p2rank/A6QIC9.ds,P2Rank 2.5.1,,,,AFDB structure fetched; P2Rank ran under the approved command contract; no usable top predicted pocket residues were produced or mapped.,False,
A6QJC8,100,v6,721261cbaa448bcc149170b01ee09db3294f40716e45c60e29507c1a39ee7428,/usrdata/EnzymeCAGE_data/tools/p2rank_2.5.1/prank predict -threads 4 -c alphafold -visualizations 0 -o /root/projects/EnzymeCAGE-master/HPC_Returned_Result_Summaries/enzymecage_m4_e2_full_4681_4gpu_sharded_continuation_20260814/shards/shard_00/per_uid/A6QJC8/p2rank/raw /root/projects/EnzymeCAGE-master/HPC_Returned_Result_Summaries/enzymecage_m4_e2_full_4681_4gpu_sharded_continuation_20260814/shards/shard_00/per_uid/A6QJC8/p2rank/A6QJC8.ds,P2Rank 2.5.1,,,,AFDB structure fetched; P2Rank ran under the approved command contract; no usable top predicted pocket residues were produced or mapped.,False,
A6SUD8,100,v6,e69151b54daba07e15367545bc80f09e7e990816e73aff8d866e5da4d20a9d3a,/usrdata/EnzymeCAGE_data/tools/p2rank_2.5.1/prank predict -threads 4 -c alphafold -visualizations 0 -o /root/projects/EnzymeCAGE-master/HPC_Returned_Result_Summaries/enzymecage_m4_e2_full_4681_4gpu_sharded_continuation_20260814/shards/shard_02/per_uid/A6SUD8/p2rank/raw /root/projects/EnzymeCAGE-master/HPC_Returned_Result_Summaries/enzymecage_m4_e2_full_4681_4gpu_sharded_continuation_20260814/shards/shard_02/per_uid/A6SUD8/p2rank/A6SUD8.ds,P2Rank 2.5.1,,,,AFDB structure fetched; P2Rank ran under the approved command contract; no usable top predicted pocket residues were produced or mapped.,False,
A6SZ06,107,v6,51b185f95daa20cd22839111d8c9901a750eb8ad5b23c2d5d8f59233863fff5a,/usrdata/EnzymeCAGE_data/tools/p2rank_2.5.1/prank predict -threads 4 -c alphafold -visualizations 0 -o /root/projects/EnzymeCAGE-master/HPC_Returned_Result_Summaries/enzymecage_m4_e2_full_4681_4gpu_sharded_continuation_20260814/shards/shard_03/per_uid/A6SZ06/p2rank/raw /root/projects/EnzymeCAGE-master/HPC_Returned_Result_Summaries/enzymecage_m4_e2_full_4681_4gpu_sharded_continuation_20260814/shards/shard_03/per_uid/A6SZ06/p2rank/A6SZ06.ds,P2Rank 2.5.1,,,,AFDB structure fetched; P2Rank ran under the approved command contract; no usable top predicted pocket residues were produced or mapped.,False,
A6T4H1,83,v6,4f5643d6dc185ee338d3ed0e796159b87d2f7fd7d20588c588c36a0e03687753,/usrdata/EnzymeCAGE_data/tools/p2rank_2.5.1/prank predict -threads 4 -c alphafold -visualizations 0 -o /root/projects/EnzymeCAGE-master/HPC_Returned_Result_Summaries/enzymecage_m4_e2_full_4681_4gpu_sharded_continuation_20260814/shards/shard_00/per_uid/A6T4H1/p2rank/raw /root/projects/EnzymeCAGE-master/HPC_Returned_Result_Summaries/enzymecage_m4_e2_full_4681_4gpu_sharded_continuation_20260814/shards/shard_00/per_uid/A6T4H1/p2rank/A6T4H1.ds,P2Rank 2.5.1,,,,AFDB structure fetched; P2Rank ran under the approved command contract; no usable top predicted pocket residues were produced or mapped.,False,
A6U306,100,v6,34c911e97afd33953a77106334710240cc81e1da75c93cf18fa7f9ff4520d7c8,/usrdata/EnzymeCAGE_data/tools/p2rank_2.5.1/prank predict -threads 4 -c alphafold -visualizations 0 -o /root/projects/EnzymeCAGE-master/HPC_Returned_Result_Summaries/enzymecage_m4_e2_full_4681_4gpu_sharded_continuation_20260814/shards/shard_03/per_uid/A6U306/p2rank/raw /root/projects/EnzymeCAGE-master/HPC_Returned_Result_Summaries/enzymecage_m4_e2_full_4681_4gpu_sharded_continuation_20260814/shards/shard_03/per_uid/A6U306/p2rank/A6U306.ds,P2Rank 2.5.1,,,,AFDB structure fetched; P2Rank ran under the approved command contract; no usable top predicted pocket residues were produced or mapped.,False,
A6U412,100,v6,d28b748272a804f019db2cd8faf7bbf8adb4570c7d7414224742c18c67b32197,/usrdata/EnzymeCAGE_data/tools/p2rank_2.5.1/prank predict -threads 4 -c alphafold -visualizations 0 -o /root/projects/EnzymeCAGE-master/HPC_Returned_Result_Summaries/enzymecage_m4_e2_full_4681_4gpu_sharded_continuation_20260814/shards/shard_00/per_uid/A6U412/p2rank/raw /root/projects/EnzymeCAGE-master/HPC_Returned_Result_Summaries/enzymecage_m4_e2_full_4681_4gpu_sharded_continuation_20260814/shards/shard_00/per_uid/A6U412/p2rank/A6U412.ds,P2Rank 2.5.1,,,,AFDB structure fetched; P2Rank ran under the approved command contract; no usable top predicted pocket residues were produced or mapped.,False,
A6U818,95,v6,3c2bc3f69ee6cfe4c8c5a6de385180c571685e6a46d14f4f4d1240d14628119c,/usrdata/EnzymeCAGE_data/tools/p2rank_2.5.1/prank predict -threads 4 -c alphafold -visualizations 0 -o /root/projects/EnzymeCAGE-master/HPC_Returned_Result_Summaries/enzymecage_m4_e2_full_4681_4gpu_sharded_continuation_20260814/shards/shard_02/per_uid/A6U818/p2rank/raw /root/projects/EnzymeCAGE-master/HPC_Returned_Result_Summaries/enzymecage_m4_e2_full_4681_4gpu_sharded_continuation_20260814/shards/shard_02/per_uid/A6U818/p2rank/A6U818.ds,P2Rank 2.5.1,,,,AFDB structure fetched; P2Rank ran under the approved command contract; no usable top predicted pocket residues were produced or mapped.,False,
A6UC38,101,v6,a38a13639e0e283883531e0dea6f1a416149a6132fcc7f57e805dc9302294c13,/usrdata/EnzymeCAGE_data/tools/p2rank_2.5.1/prank predict -threads 4 -c alphafold -visualizations 0 -o /root/projects/EnzymeCAGE-master/HPC_Returned_Result_Summaries/enzymecage_m4_e2_full_4681_4gpu_sharded_continuation_20260814/shards/shard_03/per_uid/A6UC38/p2rank/raw /root/projects/EnzymeCAGE-master/HPC_Returned_Result_Summaries/enzymecage_m4_e2_full_4681_4gpu_sharded_continuation_20260814/shards/shard_03/per_uid/A6UC38/p2rank/A6UC38.ds,P2Rank 2.5.1,,,,AFDB structure fetched; P2Rank ran under the approved command contract; no usable top predicted pocket residues were produced or mapped.,False,
A6UC40,100,v6,95bb16dc4d6d9163297d8725e72461c72c800f12b8d0e889e306a4ce3d5cc228,/usrdata/EnzymeCAGE_data/tools/p2rank_2.5.1/prank predict -threads 4 -c alphafold -visualizations 0 -o /root/projects/EnzymeCAGE-master/HPC_Returned_Result_Summaries/enzymecage_m4_e2_full_4681_4gpu_sharded_continuation_20260814/shards/shard_00/per_uid/A6UC40/p2rank/raw /root/projects/EnzymeCAGE-master/HPC_Returned_Result_Summaries/enzymecage_m4_e2_full_4681_4gpu_sharded_continuation_20260814/shards/shard_00/per_uid/A6UC40/p2rank/A6UC40.ds,P2Rank 2.5.1,,,,AFDB structure fetched; P2Rank ran under the approved command contract; no usable top predicted pocket residues were produced or mapped.,False,
A6UUL6,117,v6,0ee06f9f31e8b786a1f3586c34f4ca9de8999bff436ee9c1d1077c5f5885a47b,/usrdata/EnzymeCAGE_data/tools/p2rank_2.5.1/prank predict -threads 4 -c alphafold -visualizations 0 -o /root/projects/EnzymeCAGE-master/HPC_Returned_Result_Summaries/enzymecage_m4_e2_full_4681_4gpu_sharded_continuation_20260814/shards/shard_03/per_uid/A6UUL6/p2rank/raw /root/projects/EnzymeCAGE-master/HPC_Returned_Result_Summaries/enzymecage_m4_e2_full_4681_4gpu_sharded_continuation_20260814/shards/shard_03/per_uid/A6UUL6/p2rank/A6UUL6.ds,P2Rank 2.5.1,,,,AFDB structure fetched; P2Rank ran under the approved command contract; no usable top predicted pocket residues were produced or mapped.,False,
A6V4D9,102,v6,8062a62810bc4d5d6d9a12852563fd45dcc7d7b867bda826785d24d7004f770f,/usrdata/EnzymeCAGE_data/tools/p2rank_2.5.1/prank predict -threads 4 -c alphafold -visualizations 0 -o /root/projects/EnzymeCAGE-master/HPC_Returned_Result_Summaries/enzymecage_m4_e2_full_4681_4gpu_sharded_continuation_20260814/shards/shard_01/per_uid/A6V4D9/p2rank/raw /root/projects/EnzymeCAGE-master/HPC_Returned_Result_Summaries/enzymecage_m4_e2_full_4681_4gpu_sharded_continuation_20260814/shards/shard_01/per_uid/A6V4D9/p2rank/A6V4D9.ds,P2Rank 2.5.1,,,,AFDB structure fetched; P2Rank ran under the approved command contract; no usable top predicted pocket residues were produced or mapped.,False,
A6V6S8,132,v6,7632ab1aa42ced3f44d8607f8aa68b77ccd3ac4130a95d52bcfb12bfe566533b,/usrdata/EnzymeCAGE_data/tools/p2rank_2.5.1/prank predict -threads 4 -c alphafold -visualizations 0 -o /root/projects/EnzymeCAGE-master/HPC_Returned_Result_Summaries/enzymecage_m4_e2_full_4681_4gpu_sharded_continuation_20260814/shards/shard_02/per_uid/A6V6S8/p2rank/raw /root/projects/EnzymeCAGE-master/HPC_Returned_Result_Summaries/enzymecage_m4_e2_full_4681_4gpu_sharded_continuation_20260814/shards/shard_02/per_uid/A6V6S8/p2rank/A6V6S8.ds,P2Rank 2.5.1,,,,AFDB structure fetched; P2Rank ran under the approved command contract; no usable top predicted pocket residues were produced or mapped.,False,
A6VBJ7,95,v6,38026729c8a8e6bb3cdb3415adaf1533a23c639ccbaad927afc00454b7fb0ba6,/usrdata/EnzymeCAGE_data/tools/p2rank_2.5.1/prank predict -threads 4 -c alphafold -visualizations 0 -o /root/projects/EnzymeCAGE-master/HPC_Returned_Result_Summaries/enzymecage_m4_e2_full_4681_4gpu_sharded_continuation_20260814/shards/shard_03/per_uid/A6VBJ7/p2rank/raw /root/projects/EnzymeCAGE-master/HPC_Returned_Result_Summaries/enzymecage_m4_e2_full_4681_4gpu_sharded_continuation_20260814/shards/shard_03/per_uid/A6VBJ7/p2rank/A6VBJ7.ds,P2Rank 2.5.1,,,,AFDB structure fetched; P2Rank ran under the approved command contract; no usable top predicted pocket residues were produced or mapped.,False,
A6VCX2,100,v6,ab7f430f7cbfe18b265fba670bee7f446d874abcd8535f56d27b27efce57dd5d,/usrdata/EnzymeCAGE_data/tools/p2rank_2.5.1/prank predict -threads 4 -c alphafold -visualizations 0 -o /root/projects/EnzymeCAGE-master/HPC_Returned_Result_Summaries/enzymecage_m4_e2_full_4681_4gpu_sharded_continuation_20260814/shards/shard_00/per_uid/A6VCX2/p2rank/raw /root/projects/EnzymeCAGE-master/HPC_Returned_Result_Summaries/enzymecage_m4_e2_full_4681_4gpu_sharded_continuation_20260814/shards/shard_00/per_uid/A6VCX2/p2rank/A6VCX2.ds,P2Rank 2.5.1,,,,AFDB structure fetched; P2Rank ran under the approved command contract; no usable top predicted pocket residues were produced or mapped.,False,
A6VHF1,108,v6,637033c9c4cf2106bc6f80f406acea058c69f3ff41472f4b3fbedf6bfeb42564,/usrdata/EnzymeCAGE_data/tools/p2rank_2.5.1/prank predict -threads 4 -c alphafold -visualizations 0 -o /root/projects/EnzymeCAGE-master/HPC_Returned_Result_Summaries/enzymecage_m4_e2_full_4681_4gpu_sharded_continuation_20260814/shards/shard_01/per_uid/A6VHF1/p2rank/raw /root/projects/EnzymeCAGE-master/HPC_Returned_Result_Summaries/enzymecage_m4_e2_full_4681_4gpu_sharded_continuation_20260814/shards/shard_01/per_uid/A6VHF1/p2rank/A6VHF1.ds,P2Rank 2.5.1,,,,AFDB structure fetched; P2Rank ran under the approved command contract; no usable top predicted pocket residues were produced or mapped.,False,
A6VHH1,122,v6,9d06f78f28626af5c7f507c02b83090e9dab77e222f58db9951325b7ee7ea37b,/usrdata/EnzymeCAGE_data/tools/p2rank_2.5.1/prank predict -threads 4 -c alphafold -visualizations 0 -o /root/projects/EnzymeCAGE-master/HPC_Returned_Result_Summaries/enzymecage_m4_e2_full_4681_4gpu_sharded_continuation_20260814/shards/shard_02/per_uid/A6VHH1/p2rank/raw /root/projects/EnzymeCAGE-master/HPC_Returned_Result_Summaries/enzymecage_m4_e2_full_4681_4gpu_sharded_continuation_20260814/shards/shard_02/per_uid/A6VHH1/p2rank/A6VHH1.ds,P2Rank 2.5.1,,,,AFDB structure fetched; P2Rank ran under the approved command contract; no usable top predicted pocket residues were produced or mapped.,False,
A6VL34,89,v6,b1afdd234acc788e93d2b87ef747d4142b3d50373864665b7979a258ea3eba4d,/usrdata/EnzymeCAGE_data/tools/p2rank_2.5.1/prank predict -threads 4 -c alphafold -visualizations 0 -o /root/projects/EnzymeCAGE-master/HPC_Returned_Result_Summaries/enzymecage_m4_e2_full_4681_4gpu_sharded_continuation_20260814/shards/shard_00/per_uid/A6VL34/p2rank/raw /root/projects/EnzymeCAGE-master/HPC_Returned_Result_Summaries/enzymecage_m4_e2_full_4681_4gpu_sharded_continuation_20260814/shards/shard_00/per_uid/A6VL34/p2rank/A6VL34.ds,P2Rank 2.5.1,,,,AFDB structure fetched; P2Rank ran under the approved command contract; no usable top predicted pocket residues were produced or mapped.,False,
A6VTV6,100,v6,88b7ab2a363291ceaa5752a355d0b1e48f14d4e584cf4f28b7e93e2f98739903,/usrdata/EnzymeCAGE_data/tools/p2rank_2.5.1/prank predict -threads 4 -c alphafold -visualizations 0 -o /root/projects/EnzymeCAGE-master/HPC_Returned_Result_Summaries/enzymecage_m4_e2_full_4681_4gpu_sharded_continuation_20260814/shards/shard_01/per_uid/A6VTV6/p2rank/raw /root/projects/EnzymeCAGE-master/HPC_Returned_Result_Summaries/enzymecage_m4_e2_full_4681_4gpu_sharded_continuation_20260814/shards/shard_01/per_uid/A6VTV6/p2rank/A6VTV6.ds,P2Rank 2.5.1,,,,AFDB structure fetched; P2Rank ran under the approved command contract; no usable top predicted pocket residues were produced or mapped.,False,
A6VTV7,105,v6,c495f681529aa7e32950416d30065c3b77da458ffa4af78e0b79df95f4513b74,/usrdata/EnzymeCAGE_data/tools/p2rank_2.5.1/prank predict -threads 4 -c alphafold -visualizations 0 -o /root/projects/EnzymeCAGE-master/HPC_Returned_Result_Summaries/enzymecage_m4_e2_full_4681_4gpu_sharded_continuation_20260814/shards/shard_02/per_uid/A6VTV7/p2rank/raw /root/projects/EnzymeCAGE-master/HPC_Returned_Result_Summaries/enzymecage_m4_e2_full_4681_4gpu_sharded_continuation_20260814/shards/shard_02/per_uid/A6VTV7/p2rank/A6VTV7.ds,P2Rank 2.5.1,,,,AFDB structure fetched; P2Rank ran under the approved command contract; no usable top predicted pocket residues were produced or mapped.,False,
A6W7L6,99,v6,8c0d69e555d55556582c2a697b1b196d92f05447b75949b9f4cd049b2eba5771,/usrdata/EnzymeCAGE_data/tools/p2rank_2.5.1/prank predict -threads 4 -c alphafold -visualizations 0 -o /root/projects/EnzymeCAGE-master/HPC_Returned_Result_Summaries/enzymecage_m4_e2_full_4681_4gpu_sharded_continuation_20260814/shards/shard_03/per_uid/A6W7L6/p2rank/raw /root/projects/EnzymeCAGE-master/HPC_Returned_Result_Summaries/enzymecage_m4_e2_full_4681_4gpu_sharded_continuation_20260814/shards/shard_03/per_uid/A6W7L6/p2rank/A6W7L6.ds,P2Rank 2.5.1,,,,AFDB structure fetched; P2Rank ran under the approved command contract; no usable top predicted pocket residues were produced or mapped.,False,
A6W7Q8,201,v6,8bf324c6100326e5bc08925db20263ac2abcf1c3a4ee4a80e8e6eaadfa7a3000,/usrdata/EnzymeCAGE_data/tools/p2rank_2.5.1/prank predict -threads 4 -c alphafold -visualizations 0 -o /root/projects/EnzymeCAGE-master/HPC_Returned_Result_Summaries/enzymecage_m4_e2_full_4681_4gpu_sharded_continuation_20260814/shards/shard_00/per_uid/A6W7Q8/p2rank/raw /root/projects/EnzymeCAGE-master/HPC_Returned_Result_Summaries/enzymecage_m4_e2_full_4681_4gpu_sharded_continuation_20260814/shards/shard_00/per_uid/A6W7Q8/p2rank/A6W7Q8.ds,P2Rank 2.5.1,,,,AFDB structure fetched; P2Rank ran under the approved command contract; no usable top predicted pocket residues were produced or mapped.,False,
A6WIB8,201,v6,04b0a3411f7eda7dfc711b498f2d03db897a2a74edb37b2576dca1e317d3d7c1,/usrdata/EnzymeCAGE_data/tools/p2rank_2.5.1/prank predict -threads 4 -c alphafold -visualizations 0 -o /root/projects/EnzymeCAGE-master/HPC_Returned_Result_Summaries/enzymecage_m4_e2_full_4681_4gpu_sharded_continuation_20260814/shards/shard_01/per_uid/A6WIB8/p2rank/raw /root/projects/EnzymeCAGE-master/HPC_Returned_Result_Summaries/enzymecage_m4_e2_full_4681_4gpu_sharded_continuation_20260814/shards/shard_01/per_uid/A6WIB8/p2rank/A6WIB8.ds,P2Rank 2.5.1,,,,AFDB structure fetched; P2Rank ran under the approved command contract; no usable top predicted pocket residues were produced or mapped.,False,
A6X564,95,v6,89a77cee035fccb8ce269481a35a0e742f2e2a804a7918df70f8965749f45fe1,/usrdata/EnzymeCAGE_data/tools/p2rank_2.5.1/prank predict -threads 4 -c alphafold -visualizations 0 -o /root/projects/EnzymeCAGE-master/HPC_Returned_Result_Summaries/enzymecage_m4_e2_full_4681_4gpu_sharded_continuation_20260814/shards/shard_02/per_uid/A6X564/p2rank/raw /root/projects/EnzymeCAGE-master/HPC_Returned_Result_Summaries/enzymecage_m4_e2_full_4681_4gpu_sharded_continuation_20260814/shards/shard_02/per_uid/A6X564/p2rank/A6X564.ds,P2Rank 2.5.1,,,,AFDB structure fetched; P2Rank ran under the approved command contract; no usable top predicted pocket residues were produced or mapped.,False,
A7FGQ5,166,v6,34e9817bdf740fcaab7493960dbaf9e72dcf35613b5cc4613f807685a10767cc,/usrdata/EnzymeCAGE_data/tools/p2rank_2.5.1/prank predict -threads 4 -c alphafold -visualizations 0 -o /root/projects/EnzymeCAGE-master/HPC_Returned_Result_Summaries/enzymecage_m4_e2_full_4681_4gpu_sharded_continuation_20260814/shards/shard_01/per_uid/A7FGQ5/p2rank/raw /root/projects/EnzymeCAGE-master/HPC_Returned_Result_Summaries/enzymecage_m4_e2_full_4681_4gpu_sharded_continuation_20260814/shards/shard_01/per_uid/A7FGQ5/p2rank/A7FGQ5.ds,P2Rank 2.5.1,,,,AFDB structure fetched; P2Rank ran under the approved command contract; no usable top predicted pocket residues were produced or mapped.,False,
A7FX01,162,v6,207eaa60c582423c28af121284493fad6ece01fcbeb6e5924c8cc9ffcda6b122,/usrdata/EnzymeCAGE_data/tools/p2rank_2.5.1/prank predict -threads 4 -c alphafold -visualizations 0 -o /root/projects/EnzymeCAGE-master/HPC_Returned_Result_Summaries/enzymecage_m4_e2_full_4681_4gpu_sharded_continuation_20260814/shards/shard_00/per_uid/A7FX01/p2rank/raw /root/projects/EnzymeCAGE-master/HPC_Returned_Result_Summaries/enzymecage_m4_e2_full_4681_4gpu_sharded_continuation_20260814/shards/shard_00/per_uid/A7FX01/p2rank/A7FX01.ds,P2Rank 2.5.1,,,,AFDB structure fetched; P2Rank ran under the approved command contract; no usable top predicted pocket residues were produced or mapped.,False,
A7GTM8,130,v6,fe381066ab5f10ae203cca78ad620168295eca940a398d41558da97b93e1dbc6,/usrdata/EnzymeCAGE_data/tools/p2rank_2.5.1/prank predict -threads 4 -c alphafold -visualizations 0 -o /root/projects/EnzymeCAGE-master/HPC_Returned_Result_Summaries/enzymecage_m4_e2_full_4681_4gpu_sharded_continuation_20260814/shards/shard_02/per_uid/A7GTM8/p2rank/raw /root/projects/EnzymeCAGE-master/HPC_Returned_Result_Summaries/enzymecage_m4_e2_full_4681_4gpu_sharded_continuation_20260814/shards/shard_02/per_uid/A7GTM8/p2rank/A7GTM8.ds,P2Rank 2.5.1,,,,AFDB structure fetched; P2Rank ran under the approved command contract; no usable top predicted pocket residues were produced or mapped.,False,
A7GV51,122,v6,d6db67508d7ccdcb8240c4019d1c556f57ec1e164d5d74d95987195b38cf4724,/usrdata/EnzymeCAGE_data/tools/p2rank_2.5.1/prank predict -threads 4 -c alphafold -visualizations 0 -o /root/projects/EnzymeCAGE-master/HPC_Returned_Result_Summaries/enzymecage_m4_e2_full_4681_4gpu_sharded_continuation_20260814/shards/shard_03/per_uid/A7GV51/p2rank/raw /root/projects/EnzymeCAGE-master/HPC_Returned_Result_Summaries/enzymecage_m4_e2_full_4681_4gpu_sharded_continuation_20260814/shards/shard_03/per_uid/A7GV51/p2rank/A7GV51.ds,P2Rank 2.5.1,,,,AFDB structure fetched; P2Rank ran under the approved command contract; no usable top predicted pocket residues were produced or mapped.,False,
A7GX43,95,v6,c13b34963133037853ebca1067254c77711b6207e099be99748c639870eefe1e,/usrdata/EnzymeCAGE_data/tools/p2rank_2.5.1/prank predict -threads 4 -c alphafold -visualizations 0 -o /root/projects/EnzymeCAGE-master/HPC_Returned_Result_Summaries/enzymecage_m4_e2_full_4681_4gpu_sharded_continuation_20260814/shards/shard_00/per_uid/A7GX43/p2rank/raw /root/projects/EnzymeCAGE-master/HPC_Returned_Result_Summaries/enzymecage_m4_e2_full_4681_4gpu_sharded_continuation_20260814/shards/shard_00/per_uid/A7GX43/p2rank/A7GX43.ds,P2Rank 2.5.1,,,,AFDB structure fetched; P2Rank ran under the approved command contract; no usable top predicted pocket residues were produced or mapped.,False,
A7H4Y0,94,v6,12ead79a851e5a5481bb52934e7948e95cbc57f4f84ef4e4b3ebd9cb65b5f845,/usrdata/EnzymeCAGE_data/tools/p2rank_2.5.1/prank predict -threads 4 -c alphafold -visualizations 0 -o /root/projects/EnzymeCAGE-master/HPC_Returned_Result_Summaries/enzymecage_m4_e2_full_4681_4gpu_sharded_continuation_20260814/shards/shard_01/per_uid/A7H4Y0/p2rank/raw /root/projects/EnzymeCAGE-master/HPC_Returned_Result_Summaries/enzymecage_m4_e2_full_4681_4gpu_sharded_continuation_20260814/shards/shard_01/per_uid/A7H4Y0/p2rank/A7H4Y0.ds,P2Rank 2.5.1,,,,AFDB structure fetched; P2Rank ran under the approved command contract; no usable top predicted pocket residues were produced or mapped.,False,
A7IMA6,95,v6,f138aca5501bfe459f428e76b9c8e254a957a3751014816841f517fd1e6b08bf,/usrdata/EnzymeCAGE_data/tools/p2rank_2.5.1/prank predict -threads 4 -c alphafold -visualizations 0 -o /root/projects/EnzymeCAGE-master/HPC_Returned_Result_Summaries/enzymecage_m4_e2_full_4681_4gpu_sharded_continuation_20260814/shards/shard_00/per_uid/A7IMA6/p2rank/raw /root/projects/EnzymeCAGE-master/HPC_Returned_Result_Summaries/enzymecage_m4_e2_full_4681_4gpu_sharded_continuation_20260814/shards/shard_00/per_uid/A7IMA6/p2rank/A7IMA6.ds,P2Rank 2.5.1,,,,AFDB structure fetched; P2Rank ran under the approved command contract; no usable top predicted pocket residues were produced or mapped.,False,
A7NR21,98,v6,e0e5ae5419d09641b3e96e6b98c74311ff152541894e69a128a099805c41d182,/usrdata/EnzymeCAGE_data/tools/p2rank_2.5.1/prank predict -threads 4 -c alphafold -visualizations 0 -o /root/projects/EnzymeCAGE-master/HPC_Returned_Result_Summaries/enzymecage_m4_e2_full_4681_4gpu_sharded_continuation_20260814/shards/shard_02/per_uid/A7NR21/p2rank/raw /root/projects/EnzymeCAGE-master/HPC_Returned_Result_Summaries/enzymecage_m4_e2_full_4681_4gpu_sharded_continuation_20260814/shards/shard_02/per_uid/A7NR21/p2rank/A7NR21.ds,P2Rank 2.5.1,,,,AFDB structure fetched; P2Rank ran under the approved command contract; no usable top predicted pocket residues were produced or mapped.,False,
A7NS25,93,v6,1c461fa61ec272aba962c0dec6949d8675bd3ba85497fbda6948b8dc99d63687,/usrdata/EnzymeCAGE_data/tools/p2rank_2.5.1/prank predict -threads 4 -c alphafold -visualizations 0 -o /root/projects/EnzymeCAGE-master/HPC_Returned_Result_Summaries/enzymecage_m4_e2_full_4681_4gpu_sharded_continuation_20260814/shards/shard_03/per_uid/A7NS25/p2rank/raw /root/projects/EnzymeCAGE-master/HPC_Returned_Result_Summaries/enzymecage_m4_e2_full_4681_4gpu_sharded_continuation_20260814/shards/shard_03/per_uid/A7NS25/p2rank/A7NS25.ds,P2Rank 2.5.1,,,,AFDB structure fetched; P2Rank ran under the approved command contract; no usable top predicted pocket residues were produced or mapped.,False,
A7TSA9,152,v6,035b2009d151026f756ad53ac9374c70f7c39dabe3d46d7537d7a6e9e5f16a93,/usrdata/EnzymeCAGE_data/tools/p2rank_2.5.1/prank predict -threads 4 -c alphafold -visualizations 0 -o /root/projects/EnzymeCAGE-master/HPC_Returned_Result_Summaries/enzymecage_m4_e2_full_4681_4gpu_sharded_continuation_20260814/shards/shard_00/per_uid/A7TSA9/p2rank/raw /root/projects/EnzymeCAGE-master/HPC_Returned_Result_Summaries/enzymecage_m4_e2_full_4681_4gpu_sharded_continuation_20260814/shards/shard_00/per_uid/A7TSA9/p2rank/A7TSA9.ds,P2Rank 2.5.1,,,,AFDB structure fetched; P2Rank ran under the approved command contract; no usable top predicted pocket residues were produced or mapped.,False,
A7X428,100,v6,e22f2f30aae20282ef6589a4ff8413116e9a9a91ae7f1d2e75e882f296e6b245,/usrdata/EnzymeCAGE_data/tools/p2rank_2.5.1/prank predict -threads 4 -c alphafold -visualizations 0 -o /root/projects/EnzymeCAGE-master/HPC_Returned_Result_Summaries/enzymecage_m4_e2_full_4681_4gpu_sharded_continuation_20260814/shards/shard_02/per_uid/A7X428/p2rank/raw /root/projects/EnzymeCAGE-master/HPC_Returned_Result_Summaries/enzymecage_m4_e2_full_4681_4gpu_sharded_continuation_20260814/shards/shard_02/per_uid/A7X428/p2rank/A7X428.ds,P2Rank 2.5.1,,,,AFDB structure fetched; P2Rank ran under the approved command contract; no usable top predicted pocket residues were produced or mapped.,False,
A7X5L9,100,v6,77ff9a11fa7e51d60899ae0735edb69212d840eb734146cea9e8aeebe287196b,/usrdata/EnzymeCAGE_data/tools/p2rank_2.5.1/prank predict -threads 4 -c alphafold -visualizations 0 -o /root/projects/EnzymeCAGE-master/HPC_Returned_Result_Summaries/enzymecage_m4_e2_full_4681_4gpu_sharded_continuation_20260814/shards/shard_03/per_uid/A7X5L9/p2rank/raw /root/projects/EnzymeCAGE-master/HPC_Returned_Result_Summaries/enzymecage_m4_e2_full_4681_4gpu_sharded_continuation_20260814/shards/shard_03/per_uid/A7X5L9/p2rank/A7X5L9.ds,P2Rank 2.5.1,,,,AFDB structure fetched; P2Rank ran under the approved command contract; no usable top predicted pocket residues were produced or mapped.,False,
A7Z9N5,124,v6,27319f691747daa5db988b9d7c32165575611c314ddf825b798bb6e8580dfba0,/usrdata/EnzymeCAGE_data/tools/p2rank_2.5.1/prank predict -threads 4 -c alphafold -visualizations 0 -o /root/projects/EnzymeCAGE-master/HPC_Returned_Result_Summaries/enzymecage_m4_e2_full_4681_4gpu_sharded_continuation_20260814/shards/shard_03/per_uid/A7Z9N5/p2rank/raw /root/projects/EnzymeCAGE-master/HPC_Returned_Result_Summaries/enzymecage_m4_e2_full_4681_4gpu_sharded_continuation_20260814/shards/shard_03/per_uid/A7Z9N5/p2rank/A7Z9N5.ds,P2Rank 2.5.1,,,,AFDB structure fetched; P2Rank ran under the approved command contract; no usable top predicted pocket residues were produced or mapped.,False,
A7ZFA0,95,v6,e389085c4c9b19e3c27e748dfb9e137aa1d152dcf9514f293af1007de42ad66b,/usrdata/EnzymeCAGE_data/tools/p2rank_2.5.1/prank predict -threads 4 -c alphafold -visualizations 0 -o /root/projects/EnzymeCAGE-master/HPC_Returned_Result_Summaries/enzymecage_m4_e2_full_4681_4gpu_sharded_continuation_20260814/shards/shard_00/per_uid/A7ZFA0/p2rank/raw /root/projects/EnzymeCAGE-master/HPC_Returned_Result_Summaries/enzymecage_m4_e2_full_4681_4gpu_sharded_continuation_20260814/shards/shard_00/per_uid/A7ZFA0/p2rank/A7ZFA0.ds,P2Rank 2.5.1,,,,AFDB structure fetched; P2Rank ran under the approved command contract; no usable top predicted pocket residues were produced or mapped.,False,
A8APU8,100,v6,01e26c375cd8a537585856a0dbeb08065fec0cc8c1d9b6066eace69747f101be,/usrdata/EnzymeCAGE_data/tools/p2rank_2.5.1/prank predict -threads 4 -c alphafold -visualizations 0 -o /root/projects/EnzymeCAGE-master/HPC_Returned_Result_Summaries/enzymecage_m4_e2_full_4681_4gpu_sharded_continuation_20260814/shards/shard_00/per_uid/A8APU8/p2rank/raw /root/projects/EnzymeCAGE-master/HPC_Returned_Result_Summaries/enzymecage_m4_e2_full_4681_4gpu_sharded_continuation_20260814/shards/shard_00/per_uid/A8APU8/p2rank/A8APU8.ds,P2Rank 2.5.1,,,,AFDB structure fetched; P2Rank ran under the approved command contract; no usable top predicted pocket residues were produced or mapped.,False,
A8APU9,106,v6,e3fa2742a1fec6a5734457cb1ce6290bc2eb6c07e2b2ab23a6df14990add6bae,/usrdata/EnzymeCAGE_data/tools/p2rank_2.5.1/prank predict -threads 4 -c alphafold -visualizations 0 -o /root/projects/EnzymeCAGE-master/HPC_Returned_Result_Summaries/enzymecage_m4_e2_full_4681_4gpu_sharded_continuation_20260814/shards/shard_01/per_uid/A8APU9/p2rank/raw /root/projects/EnzymeCAGE-master/HPC_Returned_Result_Summaries/enzymecage_m4_e2_full_4681_4gpu_sharded_continuation_20260814/shards/shard_01/per_uid/A8APU9/p2rank/A8APU9.ds,P2Rank 2.5.1,,,,AFDB structure fetched; P2Rank ran under the approved command contract; no usable top predicted pocket residues were produced or mapped.,False,
A8ERD0,96,v6,ea66b0a80dd89bb552584e343f500d4ace023e122985975f149af35c753f6f04,/usrdata/EnzymeCAGE_data/tools/p2rank_2.5.1/prank predict -threads 4 -c alphafold -visualizations 0 -o /root/projects/EnzymeCAGE-master/HPC_Returned_Result_Summaries/enzymecage_m4_e2_full_4681_4gpu_sharded_continuation_20260814/shards/shard_00/per_uid/A8ERD0/p2rank/raw /root/projects/EnzymeCAGE-master/HPC_Returned_Result_Summaries/enzymecage_m4_e2_full_4681_4gpu_sharded_continuation_20260814/shards/shard_00/per_uid/A8ERD0/p2rank/A8ERD0.ds,P2Rank 2.5.1,,,,AFDB structure fetched; P2Rank ran under the approved command contract; no usable top predicted pocket residues were produced or mapped.,False,
A8FKI5,94,v6,cc99bef7dc3923bdc79a3ec172bff885e420873d391f93b0947c327594f289f6,/usrdata/EnzymeCAGE_data/tools/p2rank_2.5.1/prank predict -threads 4 -c alphafold -visualizations 0 -o /root/projects/EnzymeCAGE-master/HPC_Returned_Result_Summaries/enzymecage_m4_e2_full_4681_4gpu_sharded_continuation_20260814/shards/shard_03/per_uid/A8FKI5/p2rank/raw /root/projects/EnzymeCAGE-master/HPC_Returned_Result_Summaries/enzymecage_m4_e2_full_4681_4gpu_sharded_continuation_20260814/shards/shard_03/per_uid/A8FKI5/p2rank/A8FKI5.ds,P2Rank 2.5.1,,,,AFDB structure fetched; P2Rank ran under the approved command contract; no usable top predicted pocket residues were produced or mapped.,False,
A8G4K7,100,v6,534437cb0c144aa6e3b1a5955b61791437a688ee4f738711a8824ec090a4a4a1,/usrdata/EnzymeCAGE_data/tools/p2rank_2.5.1/prank predict -threads 4 -c alphafold -visualizations 0 -o /root/projects/EnzymeCAGE-master/HPC_Returned_Result_Summaries/enzymecage_m4_e2_full_4681_4gpu_sharded_continuation_20260814/shards/shard_00/per_uid/A8G4K7/p2rank/raw /root/projects/EnzymeCAGE-master/HPC_Returned_Result_Summaries/enzymecage_m4_e2_full_4681_4gpu_sharded_continuation_20260814/shards/shard_00/per_uid/A8G4K7/p2rank/A8G4K7.ds,P2Rank 2.5.1,,,,AFDB structure fetched; P2Rank ran under the approved command contract; no usable top predicted pocket residues were produced or mapped.,False,
A8I9X4,95,v6,a06b977550d3a36f3065930fcd15e8bf84d24eff3fee2cd6357a2b2254c050c4,/usrdata/EnzymeCAGE_data/tools/p2rank_2.5.1/prank predict -threads 4 -c alphafold -visualizations 0 -o /root/projects/EnzymeCAGE-master/HPC_Returned_Result_Summaries/enzymecage_m4_e2_full_4681_4gpu_sharded_continuation_20260814/shards/shard_03/per_uid/A8I9X4/p2rank/raw /root/projects/EnzymeCAGE-master/HPC_Returned_Result_Summaries/enzymecage_m4_e2_full_4681_4gpu_sharded_continuation_20260814/shards/shard_03/per_uid/A8I9X4/p2rank/A8I9X4.ds,P2Rank 2.5.1,,,,AFDB structure fetched; P2Rank ran under the approved command contract; no usable top predicted pocket residues were produced or mapped.,False,
A8L568,195,v6,8991d096d5b8f0a348d8c08ce57f2eb544d2045dcce475616a4b3711fc7df9ae,/usrdata/EnzymeCAGE_data/tools/p2rank_2.5.1/prank predict -threads 4 -c alphafold -visualizations 0 -o /root/projects/EnzymeCAGE-master/HPC_Returned_Result_Summaries/enzymecage_m4_e2_full_4681_4gpu_sharded_continuation_20260814/shards/shard_00/per_uid/A8L568/p2rank/raw /root/projects/EnzymeCAGE-master/HPC_Returned_Result_Summaries/enzymecage_m4_e2_full_4681_4gpu_sharded_continuation_20260814/shards/shard_00/per_uid/A8L568/p2rank/A8L568.ds,P2Rank 2.5.1,,,,AFDB structure fetched; P2Rank ran under the approved command contract; no usable top predicted pocket residues were produced or mapped.,False,
A8LJ24,95,v6,e72190f558b4a09fbd5a60d824c592b5378b5be00bacb50b87dc198e1db91275,/usrdata/EnzymeCAGE_data/tools/p2rank_2.5.1/prank predict -threads 4 -c alphafold -visualizations 0 -o /root/projects/EnzymeCAGE-master/HPC_Returned_Result_Summaries/enzymecage_m4_e2_full_4681_4gpu_sharded_continuation_20260814/shards/shard_01/per_uid/A8LJ24/p2rank/raw /root/projects/EnzymeCAGE-master/HPC_Returned_Result_Summaries/enzymecage_m4_e2_full_4681_4gpu_sharded_continuation_20260814/shards/shard_01/per_uid/A8LJ24/p2rank/A8LJ24.ds,P2Rank 2.5.1,,,,AFDB structure fetched; P2Rank ran under the approved command contract; no usable top predicted pocket residues were produced or mapped.,False,
A8LRS4,100,v6,e0f267dbd4041c53fb4ea4dbe56335b0a4b341f9d763684ab2ee049547dddcfc,/usrdata/EnzymeCAGE_data/tools/p2rank_2.5.1/prank predict -threads 4 -c alphafold -visualizations 0 -o /root/projects/EnzymeCAGE-master/HPC_Returned_Result_Summaries/enzymecage_m4_e2_full_4681_4gpu_sharded_continuation_20260814/shards/shard_02/per_uid/A8LRS4/p2rank/raw /root/projects/EnzymeCAGE-master/HPC_Returned_Result_Summaries/enzymecage_m4_e2_full_4681_4gpu_sharded_continuation_20260814/shards/shard_02/per_uid/A8LRS4/p2rank/A8LRS4.ds,P2Rank 2.5.1,,,,AFDB structure fetched; P2Rank ran under the approved command contract; no usable top predicted pocket residues were produced or mapped.,False,
A8MBW8,120,v6,4feefd69f028f7dcb1c5da238646593a08df9f8f6fcaa0e016e4aac7b21451a4,/usrdata/EnzymeCAGE_data/tools/p2rank_2.5.1/prank predict -threads 4 -c alphafold -visualizations 0 -o /root/projects/EnzymeCAGE-master/HPC_Returned_Result_Summaries/enzymecage_m4_e2_full_4681_4gpu_sharded_continuation_20260814/shards/shard_03/per_uid/A8MBW8/p2rank/raw /root/projects/EnzymeCAGE-master/HPC_Returned_Result_Summaries/enzymecage_m4_e2_full_4681_4gpu_sharded_continuation_20260814/shards/shard_03/per_uid/A8MBW8/p2rank/A8MBW8.ds,P2Rank 2.5.1,,,,AFDB structure fetched; P2Rank ran under the approved command contract; no usable top predicted pocket residues were produced or mapped.,False,
A8Z2R5,100,v6,5f66ab063ac879b71c9be3d8024c0cce470ebe8f8be0f6c04292cc1165cfb3e9,/usrdata/EnzymeCAGE_data/tools/p2rank_2.5.1/prank predict -threads 4 -c alphafold -visualizations 0 -o /root/projects/EnzymeCAGE-master/HPC_Returned_Result_Summaries/enzymecage_m4_e2_full_4681_4gpu_sharded_continuation_20260814/shards/shard_03/per_uid/A8Z2R5/p2rank/raw /root/projects/EnzymeCAGE-master/HPC_Returned_Result_Summaries/enzymecage_m4_e2_full_4681_4gpu_sharded_continuation_20260814/shards/shard_03/per_uid/A8Z2R5/p2rank/A8Z2R5.ds,P2Rank 2.5.1,,,,AFDB structure fetched; P2Rank ran under the approved command contract; no usable top predicted pocket residues were produced or mapped.,False,
A8Z385,100,v6,6eee3f9a9f4a6dc3965d2fcd086223a5220e994af9c5e6d878a2f1d364a6112c,/usrdata/EnzymeCAGE_data/tools/p2rank_2.5.1/prank predict -threads 4 -c alphafold -visualizations 0 -o /root/projects/EnzymeCAGE-master/HPC_Returned_Result_Summaries/enzymecage_m4_e2_full_4681_4gpu_sharded_continuation_20260814/shards/shard_00/per_uid/A8Z385/p2rank/raw /root/projects/EnzymeCAGE-master/HPC_Returned_Result_Summaries/enzymecage_m4_e2_full_4681_4gpu_sharded_continuation_20260814/shards/shard_00/per_uid/A8Z385/p2rank/A8Z385.ds,P2Rank 2.5.1,,,,AFDB structure fetched; P2Rank ran under the approved command contract; no usable top predicted pocket residues were produced or mapped.,False,
A9A978,122,v6,6a7eb11bd903b231798ac523aa74a0694d4286c6d4508add861b6f8a195333f7,/usrdata/EnzymeCAGE_data/tools/p2rank_2.5.1/prank predict -threads 4 -c alphafold -visualizations 0 -o /root/projects/EnzymeCAGE-master/HPC_Returned_Result_Summaries/enzymecage_m4_e2_full_4681_4gpu_sharded_continuation_20260814/shards/shard_02/per_uid/A9A978/p2rank/raw /root/projects/EnzymeCAGE-master/HPC_Returned_Result_Summaries/enzymecage_m4_e2_full_4681_4gpu_sharded_continuation_20260814/shards/shard_02/per_uid/A9A978/p2rank/A9A978.ds,P2Rank 2.5.1,,,,AFDB structure fetched; P2Rank ran under the approved command contract; no usable top predicted pocket residues were produced or mapped.,False,
A9AXS2,96,v6,b85224782649766c5313e19a7a3c10298353f5535ab1979727fde115e14b57c6,/usrdata/EnzymeCAGE_data/tools/p2rank_2.5.1/prank predict -threads 4 -c alphafold -visualizations 0 -o /root/projects/EnzymeCAGE-master/HPC_Returned_Result_Summaries/enzymecage_m4_e2_full_4681_4gpu_sharded_continuation_20260814/shards/shard_03/per_uid/A9AXS2/p2rank/raw /root/projects/EnzymeCAGE-master/HPC_Returned_Result_Summaries/enzymecage_m4_e2_full_4681_4gpu_sharded_continuation_20260814/shards/shard_03/per_uid/A9AXS2/p2rank/A9AXS2.ds,P2Rank 2.5.1,,,,AFDB structure fetched; P2Rank ran under the approved command contract; no usable top predicted pocket residues were produced or mapped.,False,
A9AZE8,100,v6,94d92aa008d5798ca324813edc64a46f80f36f0d41e66c0d254ac049bc39984e,/usrdata/EnzymeCAGE_data/tools/p2rank_2.5.1/prank predict -threads 4 -c alphafold -visualizations 0 -o /root/projects/EnzymeCAGE-master/HPC_Returned_Result_Summaries/enzymecage_m4_e2_full_4681_4gpu_sharded_continuation_20260814/shards/shard_00/per_uid/A9AZE8/p2rank/raw /root/projects/EnzymeCAGE-master/HPC_Returned_Result_Summaries/enzymecage_m4_e2_full_4681_4gpu_sharded_continuation_20260814/shards/shard_00/per_uid/A9AZE8/p2rank/A9AZE8.ds,P2Rank 2.5.1,,,,AFDB structure fetched; P2Rank ran under the approved command contract; no usable top predicted pocket residues were produced or mapped.,False,
A9B090,96,v6,81e8a758ed53f0b9a49308fed962886aa3ad99fc328d574cd9cd8a1ec2aa1461,/usrdata/EnzymeCAGE_data/tools/p2rank_2.5.1/prank predict -threads 4 -c alphafold -visualizations 0 -o /root/projects/EnzymeCAGE-master/HPC_Returned_Result_Summaries/enzymecage_m4_e2_full_4681_4gpu_sharded_continuation_20260814/shards/shard_01/per_uid/A9B090/p2rank/raw /root/projects/EnzymeCAGE-master/HPC_Returned_Result_Summaries/enzymecage_m4_e2_full_4681_4gpu_sharded_continuation_20260814/shards/shard_01/per_uid/A9B090/p2rank/A9B090.ds,P2Rank 2.5.1,,,,AFDB structure fetched; P2Rank ran under the approved command contract; no usable top predicted pocket residues were produced or mapped.,False,
A9BDK3,97,v6,7f96a0a1cffe326b9f0791888979b0da194723fd2598218375907cf146eaf05f,/usrdata/EnzymeCAGE_data/tools/p2rank_2.5.1/prank predict -threads 4 -c alphafold -visualizations 0 -o /root/projects/EnzymeCAGE-master/HPC_Returned_Result_Summaries/enzymecage_m4_e2_full_4681_4gpu_sharded_continuation_20260814/shards/shard_02/per_uid/A9BDK3/p2rank/raw /root/projects/EnzymeCAGE-master/HPC_Returned_Result_Summaries/enzymecage_m4_e2_full_4681_4gpu_sharded_continuation_20260814/shards/shard_02/per_uid/A9BDK3/p2rank/A9BDK3.ds,P2Rank 2.5.1,,,,AFDB structure fetched; P2Rank ran under the approved command contract; no usable top predicted pocket residues were produced or mapped.,False,
A9BNB4,119,v6,9c2583da0c37e2c411b50b871454c94fe28546f98489ea67487bc67a14a756da,/usrdata/EnzymeCAGE_data/tools/p2rank_2.5.1/prank predict -threads 4 -c alphafold -visualizations 0 -o /root/projects/EnzymeCAGE-master/HPC_Returned_Result_Summaries/enzymecage_m4_e2_full_4681_4gpu_sharded_continuation_20260814/shards/shard_00/per_uid/A9BNB4/p2rank/raw /root/projects/EnzymeCAGE-master/HPC_Returned_Result_Summaries/enzymecage_m4_e2_full_4681_4gpu_sharded_continuation_20260814/shards/shard_00/per_uid/A9BNB4/p2rank/A9BNB4.ds,P2Rank 2.5.1,,,,AFDB structure fetched; P2Rank ran under the approved command contract; no usable top predicted pocket residues were produced or mapped.,False,
A9BPN0,99,v6,93343b135393858b04c451107a82dacdf8ba8022719293cb1c6a5446b6e2b4bd,/usrdata/EnzymeCAGE_data/tools/p2rank_2.5.1/prank predict -threads 4 -c alphafold -visualizations 0 -o /root/projects/EnzymeCAGE-master/HPC_Returned_Result_Summaries/enzymecage_m4_e2_full_4681_4gpu_sharded_continuation_20260814/shards/shard_01/per_uid/A9BPN0/p2rank/raw /root/projects/EnzymeCAGE-master/HPC_Returned_Result_Summaries/enzymecage_m4_e2_full_4681_4gpu_sharded_continuation_20260814/shards/shard_01/per_uid/A9BPN0/p2rank/A9BPN0.ds,P2Rank 2.5.1,,,,AFDB structure fetched; P2Rank ran under the approved command contract; no usable top predicted pocket residues were produced or mapped.,False,
A9BUC7,100,v6,3108286e6581e8b41dd665afc75479f9789129210ae503c1a5dec6e73e8ff406,/usrdata/EnzymeCAGE_data/tools/p2rank_2.5.1/prank predict -threads 4 -c alphafold -visualizations 0 -o /root/projects/EnzymeCAGE-master/HPC_Returned_Result_Summaries/enzymecage_m4_e2_full_4681_4gpu_sharded_continuation_20260814/shards/shard_02/per_uid/A9BUC7/p2rank/raw /root/projects/EnzymeCAGE-master/HPC_Returned_Result_Summaries/enzymecage_m4_e2_full_4681_4gpu_sharded_continuation_20260814/shards/shard_02/per_uid/A9BUC7/p2rank/A9BUC7.ds,P2Rank 2.5.1,,,,AFDB structure fetched; P2Rank ran under the approved command contract; no usable top predicted pocket residues were produced or mapped.,False,
A9HRJ1,95,v6,4b90cb986204177ad0de979072f887830c03efce21a020b8f48d75cd529ca4e1,/usrdata/EnzymeCAGE_data/tools/p2rank_2.5.1/prank predict -threads 4 -c alphafold -visualizations 0 -o /root/projects/EnzymeCAGE-master/HPC_Returned_Result_Summaries/enzymecage_m4_e2_full_4681_4gpu_sharded_continuation_20260814/shards/shard_00/per_uid/A9HRJ1/p2rank/raw /root/projects/EnzymeCAGE-master/HPC_Returned_Result_Summaries/enzymecage_m4_e2_full_4681_4gpu_sharded_continuation_20260814/shards/shard_00/per_uid/A9HRJ1/p2rank/A9HRJ1.ds,P2Rank 2.5.1,,,,AFDB structure fetched; P2Rank ran under the approved command contract; no usable top predicted pocket residues were produced or mapped.,False,
A9HS54,207,v6,3d6fc007a55e853403bfbe106d30ba9a584528bd9bef832bc37e9715f9398674,/usrdata/EnzymeCAGE_data/tools/p2rank_2.5.1/prank predict -threads 4 -c alphafold -visualizations 0 -o /root/projects/EnzymeCAGE-master/HPC_Returned_Result_Summaries/enzymecage_m4_e2_full_4681_4gpu_sharded_continuation_20260814/shards/shard_01/per_uid/A9HS54/p2rank/raw /root/projects/EnzymeCAGE-master/HPC_Returned_Result_Summaries/enzymecage_m4_e2_full_4681_4gpu_sharded_continuation_20260814/shards/shard_01/per_uid/A9HS54/p2rank/A9HS54.ds,P2Rank 2.5.1,,,,AFDB structure fetched; P2Rank ran under the approved command contract; no usable top predicted pocket residues were produced or mapped.,False,
A9I0H9,102,v6,4904a5d0e0e0eeb11efb85274cc6522d2816995ea86950c8d8856d73eb3ed9c4,/usrdata/EnzymeCAGE_data/tools/p2rank_2.5.1/prank predict -threads 4 -c alphafold -visualizations 0 -o /root/projects/EnzymeCAGE-master/HPC_Returned_Result_Summaries/enzymecage_m4_e2_full_4681_4gpu_sharded_continuation_20260814/shards/shard_02/per_uid/A9I0H9/p2rank/raw /root/projects/EnzymeCAGE-master/HPC_Returned_Result_Summaries/enzymecage_m4_e2_full_4681_4gpu_sharded_continuation_20260814/shards/shard_02/per_uid/A9I0H9/p2rank/A9I0H9.ds,P2Rank 2.5.1,,,,AFDB structure fetched; P2Rank ran under the approved command contract; no usable top predicted pocket residues were produced or mapped.,False,
A9KJS1,100,v6,c99cd83b4ab1b4ffee0367867c61a93add90b4f0ad89bf583b3d34903b031975,/usrdata/EnzymeCAGE_data/tools/p2rank_2.5.1/prank predict -threads 4 -c alphafold -visualizations 0 -o /root/projects/EnzymeCAGE-master/HPC_Returned_Result_Summaries/enzymecage_m4_e2_full_4681_4gpu_sharded_continuation_20260814/shards/shard_00/per_uid/A9KJS1/p2rank/raw /root/projects/EnzymeCAGE-master/HPC_Returned_Result_Summaries/enzymecage_m4_e2_full_4681_4gpu_sharded_continuation_20260814/shards/shard_00/per_uid/A9KJS1/p2rank/A9KJS1.ds,P2Rank 2.5.1,,,,AFDB structure fetched; P2Rank ran under the approved command contract; no usable top predicted pocket residues were produced or mapped.,False,
A9KT78,165,v6,a4ab849458c6a807ca3b15bb316dee18fcbfebad1fa48445b53e5d903d79b81b,/usrdata/EnzymeCAGE_data/tools/p2rank_2.5.1/prank predict -threads 4 -c alphafold -visualizations 0 -o /root/projects/EnzymeCAGE-master/HPC_Returned_Result_Summaries/enzymecage_m4_e2_full_4681_4gpu_sharded_continuation_20260814/shards/shard_01/per_uid/A9KT78/p2rank/raw /root/projects/EnzymeCAGE-master/HPC_Returned_Result_Summaries/enzymecage_m4_e2_full_4681_4gpu_sharded_continuation_20260814/shards/shard_01/per_uid/A9KT78/p2rank/A9KT78.ds,P2Rank 2.5.1,,,,AFDB structure fetched; P2Rank ran under the approved command contract; no usable top predicted pocket residues were produced or mapped.,False,
A9R6L2,100,v6,d29fe0f5812c1103a4a773ae01b4462045aa821ec9cd63abda341f4d06801085,/usrdata/EnzymeCAGE_data/tools/p2rank_2.5.1/prank predict -threads 4 -c alphafold -visualizations 0 -o /root/projects/EnzymeCAGE-master/HPC_Returned_Result_Summaries/enzymecage_m4_e2_full_4681_4gpu_sharded_continuation_20260814/shards/shard_00/per_uid/A9R6L2/p2rank/raw /root/projects/EnzymeCAGE-master/HPC_Returned_Result_Summaries/enzymecage_m4_e2_full_4681_4gpu_sharded_continuation_20260814/shards/shard_00/per_uid/A9R6L2/p2rank/A9R6L2.ds,P2Rank 2.5.1,,,,AFDB structure fetched; P2Rank ran under the approved command contract; no usable top predicted pocket residues were produced or mapped.,False,
A9VJP4,130,v6,030c78b35434e5653dc9326c44a5dd218e4befc1cd522fe85e3aa45d8ceac34c,/usrdata/EnzymeCAGE_data/tools/p2rank_2.5.1/prank predict -threads 4 -c alphafold -visualizations 0 -o /root/projects/EnzymeCAGE-master/HPC_Returned_Result_Summaries/enzymecage_m4_e2_full_4681_4gpu_sharded_continuation_20260814/shards/shard_02/per_uid/A9VJP4/p2rank/raw /root/projects/EnzymeCAGE-master/HPC_Returned_Result_Summaries/enzymecage_m4_e2_full_4681_4gpu_sharded_continuation_20260814/shards/shard_02/per_uid/A9VJP4/p2rank/A9VJP4.ds,P2Rank 2.5.1,,,,AFDB structure fetched; P2Rank ran under the approved command contract; no usable top predicted pocket residues were produced or mapped.,False,
A9WA95,96,v6,00d19e7ecbe9dcf8a10a31a82c93266f967a16e1cdd8da485520bbf5edbe8903,/usrdata/EnzymeCAGE_data/tools/p2rank_2.5.1/prank predict -threads 4 -c alphafold -visualizations 0 -o /root/projects/EnzymeCAGE-master/HPC_Returned_Result_Summaries/enzymecage_m4_e2_full_4681_4gpu_sharded_continuation_20260814/shards/shard_01/per_uid/A9WA95/p2rank/raw /root/projects/EnzymeCAGE-master/HPC_Returned_Result_Summaries/enzymecage_m4_e2_full_4681_4gpu_sharded_continuation_20260814/shards/shard_01/per_uid/A9WA95/p2rank/A9WA95.ds,P2Rank 2.5.1,,,,AFDB structure fetched; P2Rank ran under the approved command contract; no usable top predicted pocket residues were produced or mapped.,False,
A9WI69,93,v6,03dfeecb1a5a865be81700932e81a43f8b6ea637ec91ed2c4def335182b20c37,/usrdata/EnzymeCAGE_data/tools/p2rank_2.5.1/prank predict -threads 4 -c alphafold -visualizations 0 -o /root/projects/EnzymeCAGE-master/HPC_Returned_Result_Summaries/enzymecage_m4_e2_full_4681_4gpu_sharded_continuation_20260814/shards/shard_02/per_uid/A9WI69/p2rank/raw /root/projects/EnzymeCAGE-master/HPC_Returned_Result_Summaries/enzymecage_m4_e2_full_4681_4gpu_sharded_continuation_20260814/shards/shard_02/per_uid/A9WI69/p2rank/A9WI69.ds,P2Rank 2.5.1,,,,AFDB structure fetched; P2Rank ran under the approved command contract; no usable top predicted pocket residues were produced or mapped.,False,
A9WPN1,98,v6,d09f7c93b818aaea40ba45edf5595921bfc3fae8b3e24563c4b3a659ec0b2b87,/usrdata/EnzymeCAGE_data/tools/p2rank_2.5.1/prank predict -threads 4 -c alphafold -visualizations 0 -o /root/projects/EnzymeCAGE-master/HPC_Returned_Result_Summaries/enzymecage_m4_e2_full_4681_4gpu_sharded_continuation_20260814/shards/shard_03/per_uid/A9WPN1/p2rank/raw /root/projects/EnzymeCAGE-master/HPC_Returned_Result_Summaries/enzymecage_m4_e2_full_4681_4gpu_sharded_continuation_20260814/shards/shard_03/per_uid/A9WPN1/p2rank/A9WPN1.ds,P2Rank 2.5.1,,,,AFDB structure fetched; P2Rank ran under the approved command contract; no usable top predicted pocket residues were produced or mapped.,False,
A9WYR4,95,v6,41008a2987c8920be7468092a2aa05884db854e4773102a8c5e3ddd5ccceafda,/usrdata/EnzymeCAGE_data/tools/p2rank_2.5.1/prank predict -threads 4 -c alphafold -visualizations 0 -o /root/projects/EnzymeCAGE-master/HPC_Returned_Result_Summaries/enzymecage_m4_e2_full_4681_4gpu_sharded_continuation_20260814/shards/shard_00/per_uid/A9WYR4/p2rank/raw /root/projects/EnzymeCAGE-master/HPC_Returned_Result_Summaries/enzymecage_m4_e2_full_4681_4gpu_sharded_continuation_20260814/shards/shard_00/per_uid/A9WYR4/p2rank/A9WYR4.ds,P2Rank 2.5.1,,,,AFDB structure fetched; P2Rank ran under the approved command contract; no usable top predicted pocket residues were produced or mapped.,False,
B0BRU4,100,v6,f49ee94088e04a9a16d436c950e611095f14d4227443a98cc82714fe49c244d2,/usrdata/EnzymeCAGE_data/tools/p2rank_2.5.1/prank predict -threads 4 -c alphafold -visualizations 0 -o /root/projects/EnzymeCAGE-master/HPC_Returned_Result_Summaries/enzymecage_m4_e2_full_4681_4gpu_sharded_continuation_20260814/shards/shard_01/per_uid/B0BRU4/p2rank/raw /root/projects/EnzymeCAGE-master/HPC_Returned_Result_Summaries/enzymecage_m4_e2_full_4681_4gpu_sharded_continuation_20260814/shards/shard_01/per_uid/B0BRU4/p2rank/B0BRU4.ds,P2Rank 2.5.1,,,,AFDB structure fetched; P2Rank ran under the approved command contract; no usable top predicted pocket residues were produced or mapped.,False,
B0C791,100,v6,2c5a05c17eff24de6b3bcde78157dc598ed30277cb0bbe1b489ee4967c529b9d,/usrdata/EnzymeCAGE_data/tools/p2rank_2.5.1/prank predict -threads 4 -c alphafold -visualizations 0 -o /root/projects/EnzymeCAGE-master/HPC_Returned_Result_Summaries/enzymecage_m4_e2_full_4681_4gpu_sharded_continuation_20260814/shards/shard_03/per_uid/B0C791/p2rank/raw /root/projects/EnzymeCAGE-master/HPC_Returned_Result_Summaries/enzymecage_m4_e2_full_4681_4gpu_sharded_continuation_20260814/shards/shard_03/per_uid/B0C791/p2rank/B0C791.ds,P2Rank 2.5.1,,,,AFDB structure fetched; P2Rank ran under the approved command contract; no usable top predicted pocket residues were produced or mapped.,False,
B0JTP1,100,v6,c3002d79b95a1d82abdd92ea3309832b13c89158d90db4cf449634331ebcf2bf,/usrdata/EnzymeCAGE_data/tools/p2rank_2.5.1/prank predict -threads 4 -c alphafold -visualizations 0 -o /root/projects/EnzymeCAGE-master/HPC_Returned_Result_Summaries/enzymecage_m4_e2_full_4681_4gpu_sharded_continuation_20260814/shards/shard_01/per_uid/B0JTP1/p2rank/raw /root/projects/EnzymeCAGE-master/HPC_Returned_Result_Summaries/enzymecage_m4_e2_full_4681_4gpu_sharded_continuation_20260814/shards/shard_01/per_uid/B0JTP1/p2rank/B0JTP1.ds,P2Rank 2.5.1,,,,AFDB structure fetched; P2Rank ran under the approved command contract; no usable top predicted pocket residues were produced or mapped.,False,
B0KQG1,95,v6,4926e0236abee5da60aac5a42088dfcae0f899cb3443ea922b2b56335f5a388b,/usrdata/EnzymeCAGE_data/tools/p2rank_2.5.1/prank predict -threads 4 -c alphafold -visualizations 0 -o /root/projects/EnzymeCAGE-master/HPC_Returned_Result_Summaries/enzymecage_m4_e2_full_4681_4gpu_sharded_continuation_20260814/shards/shard_03/per_uid/B0KQG1/p2rank/raw /root/projects/EnzymeCAGE-master/HPC_Returned_Result_Summaries/enzymecage_m4_e2_full_4681_4gpu_sharded_continuation_20260814/shards/shard_03/per_uid/B0KQG1/p2rank/B0KQG1.ds,P2Rank 2.5.1,,,,AFDB structure fetched; P2Rank ran under the approved command contract; no usable top predicted pocket residues were produced or mapped.,False,
B0KUZ8,105,v6,87802c9cf7f305ef69c906183d6195ed81fbbd66e1d4b4b6c390f829a40244a8,/usrdata/EnzymeCAGE_data/tools/p2rank_2.5.1/prank predict -threads 4 -c alphafold -visualizations 0 -o /root/projects/EnzymeCAGE-master/HPC_Returned_Result_Summaries/enzymecage_m4_e2_full_4681_4gpu_sharded_continuation_20260814/shards/shard_00/per_uid/B0KUZ8/p2rank/raw /root/projects/EnzymeCAGE-master/HPC_Returned_Result_Summaries/enzymecage_m4_e2_full_4681_4gpu_sharded_continuation_20260814/shards/shard_00/per_uid/B0KUZ8/p2rank/B0KUZ8.ds,P2Rank 2.5.1,,,,AFDB structure fetched; P2Rank ran under the approved command contract; no usable top predicted pocket residues were produced or mapped.,False,
B0KUZ9,100,v6,b388bfe300699b236f98e339e2552cb57d2efeecccce1b6db843d6f665e2ef4c,/usrdata/EnzymeCAGE_data/tools/p2rank_2.5.1/prank predict -threads 4 -c alphafold -visualizations 0 -o /root/projects/EnzymeCAGE-master/HPC_Returned_Result_Summaries/enzymecage_m4_e2_full_4681_4gpu_sharded_continuation_20260814/shards/shard_01/per_uid/B0KUZ9/p2rank/raw /root/projects/EnzymeCAGE-master/HPC_Returned_Result_Summaries/enzymecage_m4_e2_full_4681_4gpu_sharded_continuation_20260814/shards/shard_01/per_uid/B0KUZ9/p2rank/B0KUZ9.ds,P2Rank 2.5.1,,,,AFDB structure fetched; P2Rank ran under the approved command contract; no usable top predicted pocket residues were produced or mapped.,False,
B0R6B9,91,v6,ef5814d699eac7090abba50534a91f0385ba0e5cc22ec89063cd2042a7149544,/usrdata/EnzymeCAGE_data/tools/p2rank_2.5.1/prank predict -threads 4 -c alphafold -visualizations 0 -o /root/projects/EnzymeCAGE-master/HPC_Returned_Result_Summaries/enzymecage_m4_e2_full_4681_4gpu_sharded_continuation_20260814/shards/shard_02/per_uid/B0R6B9/p2rank/raw /root/projects/EnzymeCAGE-master/HPC_Returned_Result_Summaries/enzymecage_m4_e2_full_4681_4gpu_sharded_continuation_20260814/shards/shard_02/per_uid/B0R6B9/p2rank/B0R6B9.ds,P2Rank 2.5.1,,,,AFDB structure fetched; P2Rank ran under the approved command contract; no usable top predicted pocket residues were produced or mapped.,False,
B0REY1,204,v6,84cf1c33e66e71c6d3dd005f18893e56efc5c84130ac0138a4bbb0c8c8051904,/usrdata/EnzymeCAGE_data/tools/p2rank_2.5.1/prank predict -threads 4 -c alphafold -visualizations 0 -o /root/projects/EnzymeCAGE-master/HPC_Returned_Result_Summaries/enzymecage_m4_e2_full_4681_4gpu_sharded_continuation_20260814/shards/shard_00/per_uid/B0REY1/p2rank/raw /root/projects/EnzymeCAGE-master/HPC_Returned_Result_Summaries/enzymecage_m4_e2_full_4681_4gpu_sharded_continuation_20260814/shards/shard_00/per_uid/B0REY1/p2rank/B0REY1.ds,P2Rank 2.5.1,,,,AFDB structure fetched; P2Rank ran under the approved command contract; no usable top predicted pocket residues were produced or mapped.,False,
B0T192,95,v6,fcd8333da80446def7afaaf94910958a52988ee1173c48a03607693d305dd0b8,/usrdata/EnzymeCAGE_data/tools/p2rank_2.5.1/prank predict -threads 4 -c alphafold -visualizations 0 -o /root/projects/EnzymeCAGE-master/HPC_Returned_Result_Summaries/enzymecage_m4_e2_full_4681_4gpu_sharded_continuation_20260814/shards/shard_02/per_uid/B0T192/p2rank/raw /root/projects/EnzymeCAGE-master/HPC_Returned_Result_Summaries/enzymecage_m4_e2_full_4681_4gpu_sharded_continuation_20260814/shards/shard_02/per_uid/B0T192/p2rank/B0T192.ds,P2Rank 2.5.1,,,,AFDB structure fetched; P2Rank ran under the approved command contract; no usable top predicted pocket residues were produced or mapped.,False,
B0TDK8,94,v6,c33750f3c222ccbd96ca8e7f75fff8f650d887902bad58439869d8ed6b36723e,/usrdata/EnzymeCAGE_data/tools/p2rank_2.5.1/prank predict -threads 4 -c alphafold -visualizations 0 -o /root/projects/EnzymeCAGE-master/HPC_Returned_Result_Summaries/enzymecage_m4_e2_full_4681_4gpu_sharded_continuation_20260814/shards/shard_03/per_uid/B0TDK8/p2rank/raw /root/projects/EnzymeCAGE-master/HPC_Returned_Result_Summaries/enzymecage_m4_e2_full_4681_4gpu_sharded_continuation_20260814/shards/shard_03/per_uid/B0TDK8/p2rank/B0TDK8.ds,P2Rank 2.5.1,,,,AFDB structure fetched; P2Rank ran under the approved command contract; no usable top predicted pocket residues were produced or mapped.,False,
B0TT70,105,v6,ad4707c550ee156b899d858cc0983dffe0ecfa0d9f0be99e726ee80f353e8720,/usrdata/EnzymeCAGE_data/tools/p2rank_2.5.1/prank predict -threads 4 -c alphafold -visualizations 0 -o /root/projects/EnzymeCAGE-master/HPC_Returned_Result_Summaries/enzymecage_m4_e2_full_4681_4gpu_sharded_continuation_20260814/shards/shard_00/per_uid/B0TT70/p2rank/raw /root/projects/EnzymeCAGE-master/HPC_Returned_Result_Summaries/enzymecage_m4_e2_full_4681_4gpu_sharded_continuation_20260814/shards/shard_00/per_uid/B0TT70/p2rank/B0TT70.ds,P2Rank 2.5.1,,,,AFDB structure fetched; P2Rank ran under the approved command contract; no usable top predicted pocket residues were produced or mapped.,False,
B0UHC7,95,v6,7effff92fe5b21a7c436a3cc7a64d5b61eef37fbd8f06aefbd36cdce649295f6,/usrdata/EnzymeCAGE_data/tools/p2rank_2.5.1/prank predict -threads 4 -c alphafold -visualizations 0 -o /root/projects/EnzymeCAGE-master/HPC_Returned_Result_Summaries/enzymecage_m4_e2_full_4681_4gpu_sharded_continuation_20260814/shards/shard_01/per_uid/B0UHC7/p2rank/raw /root/projects/EnzymeCAGE-master/HPC_Returned_Result_Summaries/enzymecage_m4_e2_full_4681_4gpu_sharded_continuation_20260814/shards/shard_01/per_uid/B0UHC7/p2rank/B0UHC7.ds,P2Rank 2.5.1,,,,AFDB structure fetched; P2Rank ran under the approved command contract; no usable top predicted pocket residues were produced or mapped.,False,
B0V9P6,102,v6,bb2770b6c31a6e82a119945abef49e20e0e9c29072fc926eb30496419246f0fe,/usrdata/EnzymeCAGE_data/tools/p2rank_2.5.1/prank predict -threads 4 -c alphafold -visualizations 0 -o /root/projects/EnzymeCAGE-master/HPC_Returned_Result_Summaries/enzymecage_m4_e2_full_4681_4gpu_sharded_continuation_20260814/shards/shard_02/per_uid/B0V9P6/p2rank/raw /root/projects/EnzymeCAGE-master/HPC_Returned_Result_Summaries/enzymecage_m4_e2_full_4681_4gpu_sharded_continuation_20260814/shards/shard_02/per_uid/B0V9P6/p2rank/B0V9P6.ds,P2Rank 2.5.1,,,,AFDB structure fetched; P2Rank ran under the approved command contract; no usable top predicted pocket residues were produced or mapped.,False,
B0VSC1,106,v6,a7fb22259a2ae63fb271460fea9680d4667563ba62503df11482e4ee0f5925e5,/usrdata/EnzymeCAGE_data/tools/p2rank_2.5.1/prank predict -threads 4 -c alphafold -visualizations 0 -o /root/projects/EnzymeCAGE-master/HPC_Returned_Result_Summaries/enzymecage_m4_e2_full_4681_4gpu_sharded_continuation_20260814/shards/shard_03/per_uid/B0VSC1/p2rank/raw /root/projects/EnzymeCAGE-master/HPC_Returned_Result_Summaries/enzymecage_m4_e2_full_4681_4gpu_sharded_continuation_20260814/shards/shard_03/per_uid/B0VSC1/p2rank/B0VSC1.ds,P2Rank 2.5.1,,,,AFDB structure fetched; P2Rank ran under the approved command contract; no usable top predicted pocket residues were produced or mapped.,False,
B0W041,166,v6,788e85622730960f56ff18e6798450a557642a14a133cbc7136476a4c42e0730,/usrdata/EnzymeCAGE_data/tools/p2rank_2.5.1/prank predict -threads 4 -c alphafold -visualizations 0 -o /root/projects/EnzymeCAGE-master/HPC_Returned_Result_Summaries/enzymecage_m4_e2_full_4681_4gpu_sharded_continuation_20260814/shards/shard_00/per_uid/B0W041/p2rank/raw /root/projects/EnzymeCAGE-master/HPC_Returned_Result_Summaries/enzymecage_m4_e2_full_4681_4gpu_sharded_continuation_20260814/shards/shard_00/per_uid/B0W041/p2rank/B0W041.ds,P2Rank 2.5.1,,,,AFDB structure fetched; P2Rank ran under the approved command contract; no usable top predicted pocket residues were produced or mapped.,False,
B0WGN4,172,v6,b46e9468f1bce970f4d5d179a2f530d2b69d0fb581191e38b2804c0d6d37b408,/usrdata/EnzymeCAGE_data/tools/p2rank_2.5.1/prank predict -threads 4 -c alphafold -visualizations 0 -o /root/projects/EnzymeCAGE-master/HPC_Returned_Result_Summaries/enzymecage_m4_e2_full_4681_4gpu_sharded_continuation_20260814/shards/shard_01/per_uid/B0WGN4/p2rank/raw /root/projects/EnzymeCAGE-master/HPC_Returned_Result_Summaries/enzymecage_m4_e2_full_4681_4gpu_sharded_continuation_20260814/shards/shard_01/per_uid/B0WGN4/p2rank/B0WGN4.ds,P2Rank 2.5.1,,,,AFDB structure fetched; P2Rank ran under the approved command contract; no usable top predicted pocket residues were produced or mapped.,False,
B0WV73,172,v6,5d62f414d890ea58acb089c36a147bffd6c96e8d26ad306401811849c3981afc,/usrdata/EnzymeCAGE_data/tools/p2rank_2.5.1/prank predict -threads 4 -c alphafold -visualizations 0 -o /root/projects/EnzymeCAGE-master/HPC_Returned_Result_Summaries/enzymecage_m4_e2_full_4681_4gpu_sharded_continuation_20260814/shards/shard_02/per_uid/B0WV73/p2rank/raw /root/projects/EnzymeCAGE-master/HPC_Returned_Result_Summaries/enzymecage_m4_e2_full_4681_4gpu_sharded_continuation_20260814/shards/shard_02/per_uid/B0WV73/p2rank/B0WV73.ds,P2Rank 2.5.1,,,,AFDB structure fetched; P2Rank ran under the approved command contract; no usable top predicted pocket residues were produced or mapped.,False,
B1J813,100,v6,a8976cb49f7540737b2649bbf6bc852221c256f9a5e29799b286884d28bcdf27,/usrdata/EnzymeCAGE_data/tools/p2rank_2.5.1/prank predict -threads 4 -c alphafold -visualizations 0 -o /root/projects/EnzymeCAGE-master/HPC_Returned_Result_Summaries/enzymecage_m4_e2_full_4681_4gpu_sharded_continuation_20260814/shards/shard_00/per_uid/B1J813/p2rank/raw /root/projects/EnzymeCAGE-master/HPC_Returned_Result_Summaries/enzymecage_m4_e2_full_4681_4gpu_sharded_continuation_20260814/shards/shard_00/per_uid/B1J813/p2rank/B1J813.ds,P2Rank 2.5.1,,,,AFDB structure fetched; P2Rank ran under the approved command contract; no usable top predicted pocket residues were produced or mapped.,False,
B1JDP0,95,v6,3cb2238032a156e2965091971052ac2bd4f149e06cabfda4679f8c732c41534e,/usrdata/EnzymeCAGE_data/tools/p2rank_2.5.1/prank predict -threads 4 -c alphafold -visualizations 0 -o /root/projects/EnzymeCAGE-master/HPC_Returned_Result_Summaries/enzymecage_m4_e2_full_4681_4gpu_sharded_continuation_20260814/shards/shard_01/per_uid/B1JDP0/p2rank/raw /root/projects/EnzymeCAGE-master/HPC_Returned_Result_Summaries/enzymecage_m4_e2_full_4681_4gpu_sharded_continuation_20260814/shards/shard_01/per_uid/B1JDP0/p2rank/B1JDP0.ds,P2Rank 2.5.1,,,,AFDB structure fetched; P2Rank ran under the approved command contract; no usable top predicted pocket residues were produced or mapped.,False,
B1JX30,101,v6,9502baf31e39c816a883df75f6e48f135c95f456ccca538eeaba7910bac0fb60,/usrdata/EnzymeCAGE_data/tools/p2rank_2.5.1/prank predict -threads 4 -c alphafold -visualizations 0 -o /root/projects/EnzymeCAGE-master/HPC_Returned_Result_Summaries/enzymecage_m4_e2_full_4681_4gpu_sharded_continuation_20260814/shards/shard_03/per_uid/B1JX30/p2rank/raw /root/projects/EnzymeCAGE-master/HPC_Returned_Result_Summaries/enzymecage_m4_e2_full_4681_4gpu_sharded_continuation_20260814/shards/shard_03/per_uid/B1JX30/p2rank/B1JX30.ds,P2Rank 2.5.1,,,,AFDB structure fetched; P2Rank ran under the approved command contract; no usable top predicted pocket residues were produced or mapped.,False,
B1K0H8,99,v6,11cfc0558ab20aa5204b9c7d0a0f233325ad83277e893dca57806f40e1f303a1,/usrdata/EnzymeCAGE_data/tools/p2rank_2.5.1/prank predict -threads 4 -c alphafold -visualizations 0 -o /root/projects/EnzymeCAGE-master/HPC_Returned_Result_Summaries/enzymecage_m4_e2_full_4681_4gpu_sharded_continuation_20260814/shards/shard_00/per_uid/B1K0H8/p2rank/raw /root/projects/EnzymeCAGE-master/HPC_Returned_Result_Summaries/enzymecage_m4_e2_full_4681_4gpu_sharded_continuation_20260814/shards/shard_00/per_uid/B1K0H8/p2rank/B1K0H8.ds,P2Rank 2.5.1,,,,AFDB structure fetched; P2Rank ran under the approved command contract; no usable top predicted pocket residues were produced or mapped.,False,
B1K1I7,102,v6,3aad52e3d4af68c04547866823bc63f449f697befb21a06f1ae1bad2ef15fc1c,/usrdata/EnzymeCAGE_data/tools/p2rank_2.5.1/prank predict -threads 4 -c alphafold -visualizations 0 -o /root/projects/EnzymeCAGE-master/HPC_Returned_Result_Summaries/enzymecage_m4_e2_full_4681_4gpu_sharded_continuation_20260814/shards/shard_01/per_uid/B1K1I7/p2rank/raw /root/projects/EnzymeCAGE-master/HPC_Returned_Result_Summaries/enzymecage_m4_e2_full_4681_4gpu_sharded_continuation_20260814/shards/shard_01/per_uid/B1K1I7/p2rank/B1K1I7.ds,P2Rank 2.5.1,,,,AFDB structure fetched; P2Rank ran under the approved command contract; no usable top predicted pocket residues were produced or mapped.,False,
B1KJV7,100,v6,d209ac3a49834636a289220c72dec345979d29a8f8ad511a44d27f7b464341bd,/usrdata/EnzymeCAGE_data/tools/p2rank_2.5.1/prank predict -threads 4 -c alphafold -visualizations 0 -o /root/projects/EnzymeCAGE-master/HPC_Returned_Result_Summaries/enzymecage_m4_e2_full_4681_4gpu_sharded_continuation_20260814/shards/shard_02/per_uid/B1KJV7/p2rank/raw /root/projects/EnzymeCAGE-master/HPC_Returned_Result_Summaries/enzymecage_m4_e2_full_4681_4gpu_sharded_continuation_20260814/shards/shard_02/per_uid/B1KJV7/p2rank/B1KJV7.ds,P2Rank 2.5.1,,,,AFDB structure fetched; P2Rank ran under the approved command contract; no usable top predicted pocket residues were produced or mapped.,False,
B1KYG7,162,v6,3fd2bf2a1270ebc2af8aa31cd3ecaac63f2087454d3c9ba2675bd82c63f5a4dd,/usrdata/EnzymeCAGE_data/tools/p2rank_2.5.1/prank predict -threads 4 -c alphafold -visualizations 0 -o /root/projects/EnzymeCAGE-master/HPC_Returned_Result_Summaries/enzymecage_m4_e2_full_4681_4gpu_sharded_continuation_20260814/shards/shard_03/per_uid/B1KYG7/p2rank/raw /root/projects/EnzymeCAGE-master/HPC_Returned_Result_Summaries/enzymecage_m4_e2_full_4681_4gpu_sharded_continuation_20260814/shards/shard_03/per_uid/B1KYG7/p2rank/B1KYG7.ds,P2Rank 2.5.1,,,,AFDB structure fetched; P2Rank ran under the approved command contract; no usable top predicted pocket residues were produced or mapped.,False,
B1LUA9,95,v6,021eee3eef56e3b354cbf20a993b7c2b6fd33107ec3d4985b8f6be47832a1595,/usrdata/EnzymeCAGE_data/tools/p2rank_2.5.1/prank predict -threads 4 -c alphafold -visualizations 0 -o /root/projects/EnzymeCAGE-master/HPC_Returned_Result_Summaries/enzymecage_m4_e2_full_4681_4gpu_sharded_continuation_20260814/shards/shard_01/per_uid/B1LUA9/p2rank/raw /root/projects/EnzymeCAGE-master/HPC_Returned_Result_Summaries/enzymecage_m4_e2_full_4681_4gpu_sharded_continuation_20260814/shards/shard_01/per_uid/B1LUA9/p2rank/B1LUA9.ds,P2Rank 2.5.1,,,,AFDB structure fetched; P2Rank ran under the approved command contract; no usable top predicted pocket residues were produced or mapped.,False,
B1LZS5,200,v6,17affee8286cd8f6e89295f049577c84c41db8d3060482d466abcf05cf9a73a6,/usrdata/EnzymeCAGE_data/tools/p2rank_2.5.1/prank predict -threads 4 -c alphafold -visualizations 0 -o /root/projects/EnzymeCAGE-master/HPC_Returned_Result_Summaries/enzymecage_m4_e2_full_4681_4gpu_sharded_continuation_20260814/shards/shard_02/per_uid/B1LZS5/p2rank/raw /root/projects/EnzymeCAGE-master/HPC_Returned_Result_Summaries/enzymecage_m4_e2_full_4681_4gpu_sharded_continuation_20260814/shards/shard_02/per_uid/B1LZS5/p2rank/B1LZS5.ds,P2Rank 2.5.1,,,,AFDB structure fetched; P2Rank ran under the approved command contract; no usable top predicted pocket residues were produced or mapped.,False,
B1MB83,100,v6,432126799ead7a77f8ea7be7c6bfed8389cf521e1a94bf29c06b5df534cc3c29,/usrdata/EnzymeCAGE_data/tools/p2rank_2.5.1/prank predict -threads 4 -c alphafold -visualizations 0 -o /root/projects/EnzymeCAGE-master/HPC_Returned_Result_Summaries/enzymecage_m4_e2_full_4681_4gpu_sharded_continuation_20260814/shards/shard_03/per_uid/B1MB83/p2rank/raw /root/projects/EnzymeCAGE-master/HPC_Returned_Result_Summaries/enzymecage_m4_e2_full_4681_4gpu_sharded_continuation_20260814/shards/shard_03/per_uid/B1MB83/p2rank/B1MB83.ds,P2Rank 2.5.1,,,,AFDB structure fetched; P2Rank ran under the approved command contract; no usable top predicted pocket residues were produced or mapped.,False,
B1MDU9,102,v6,e1998bb4d9d28b5dfb61a9303088fb7d0ff188ddf21c55fc6c5415ef13c6309b,/usrdata/EnzymeCAGE_data/tools/p2rank_2.5.1/prank predict -threads 4 -c alphafold -visualizations 0 -o /root/projects/EnzymeCAGE-master/HPC_Returned_Result_Summaries/enzymecage_m4_e2_full_4681_4gpu_sharded_continuation_20260814/shards/shard_01/per_uid/B1MDU9/p2rank/raw /root/projects/EnzymeCAGE-master/HPC_Returned_Result_Summaries/enzymecage_m4_e2_full_4681_4gpu_sharded_continuation_20260814/shards/shard_01/per_uid/B1MDU9/p2rank/B1MDU9.ds,P2Rank 2.5.1,,,,AFDB structure fetched; P2Rank ran under the approved command contract; no usable top predicted pocket residues were produced or mapped.,False,
B1MLG8,94,v6,d628bee38a68492ca827a79ab3195da62bbeafde63c19578013169082fdc5f06,/usrdata/EnzymeCAGE_data/tools/p2rank_2.5.1/prank predict -threads 4 -c alphafold -visualizations 0 -o /root/projects/EnzymeCAGE-master/HPC_Returned_Result_Summaries/enzymecage_m4_e2_full_4681_4gpu_sharded_continuation_20260814/shards/shard_02/per_uid/B1MLG8/p2rank/raw /root/projects/EnzymeCAGE-master/HPC_Returned_Result_Summaries/enzymecage_m4_e2_full_4681_4gpu_sharded_continuation_20260814/shards/shard_02/per_uid/B1MLG8/p2rank/B1MLG8.ds,P2Rank 2.5.1,,,,AFDB structure fetched; P2Rank ran under the approved command contract; no usable top predicted pocket residues were produced or mapped.,False,
B1VHT0,100,v6,678d00a8be9b01402684fa945da92b529eb4caee1ea09e2390e3bbf1b19af3c1,/usrdata/EnzymeCAGE_data/tools/p2rank_2.5.1/prank predict -threads 4 -c alphafold -visualizations 0 -o /root/projects/EnzymeCAGE-master/HPC_Returned_Result_Summaries/enzymecage_m4_e2_full_4681_4gpu_sharded_continuation_20260814/shards/shard_01/per_uid/B1VHT0/p2rank/raw /root/projects/EnzymeCAGE-master/HPC_Returned_Result_Summaries/enzymecage_m4_e2_full_4681_4gpu_sharded_continuation_20260814/shards/shard_01/per_uid/B1VHT0/p2rank/B1VHT0.ds,P2Rank 2.5.1,,,,AFDB structure fetched; P2Rank ran under the approved command contract; no usable top predicted pocket residues were produced or mapped.,False,
B1W5G7,100,v6,925efa5221562639c072e194ed2d1f04bd9567b117bf4ab2948cf2279f94d344,/usrdata/EnzymeCAGE_data/tools/p2rank_2.5.1/prank predict -threads 4 -c alphafold -visualizations 0 -o /root/projects/EnzymeCAGE-master/HPC_Returned_Result_Summaries/enzymecage_m4_e2_full_4681_4gpu_sharded_continuation_20260814/shards/shard_00/per_uid/B1W5G7/p2rank/raw /root/projects/EnzymeCAGE-master/HPC_Returned_Result_Summaries/enzymecage_m4_e2_full_4681_4gpu_sharded_continuation_20260814/shards/shard_00/per_uid/B1W5G7/p2rank/B1W5G7.ds,P2Rank 2.5.1,,,,AFDB structure fetched; P2Rank ran under the approved command contract; no usable top predicted pocket residues were produced or mapped.,False,
B1W5G8,103,v6,052c2183d106d6c70531c591c5545e99ae6f511859a92763fa0fe2925e1ea237,/usrdata/EnzymeCAGE_data/tools/p2rank_2.5.1/prank predict -threads 4 -c alphafold -visualizations 0 -o /root/projects/EnzymeCAGE-master/HPC_Returned_Result_Summaries/enzymecage_m4_e2_full_4681_4gpu_sharded_continuation_20260814/shards/shard_01/per_uid/B1W5G8/p2rank/raw /root/projects/EnzymeCAGE-master/HPC_Returned_Result_Summaries/enzymecage_m4_e2_full_4681_4gpu_sharded_continuation_20260814/shards/shard_01/per_uid/B1W5G8/p2rank/B1W5G8.ds,P2Rank 2.5.1,,,,AFDB structure fetched; P2Rank ran under the approved command contract; no usable top predicted pocket residues were produced or mapped.,False,
B1X900,147,v6,0570a93ade2a96de1ea494d7e83cc4bf97d30fcb1aa69815c6cc0b90e8ae6e97,/usrdata/EnzymeCAGE_data/tools/p2rank_2.5.1/prank predict -threads 4 -c alphafold -visualizations 0 -o /root/projects/EnzymeCAGE-master/HPC_Returned_Result_Summaries/enzymecage_m4_e2_full_4681_4gpu_sharded_continuation_20260814/shards/shard_03/per_uid/B1X900/p2rank/raw /root/projects/EnzymeCAGE-master/HPC_Returned_Result_Summaries/enzymecage_m4_e2_full_4681_4gpu_sharded_continuation_20260814/shards/shard_03/per_uid/B1X900/p2rank/B1X900.ds,P2Rank 2.5.1,,,,AFDB structure fetched; P2Rank ran under the approved command contract; no usable top predicted pocket residues were produced or mapped.,False,
B1XNN1,97,v6,90ee42a0cbeaeaaee6a8437f13f80c8d04158a42faaf3fff17ae3de21ee015b6,/usrdata/EnzymeCAGE_data/tools/p2rank_2.5.1/prank predict -threads 4 -c alphafold -visualizations 0 -o /root/projects/EnzymeCAGE-master/HPC_Returned_Result_Summaries/enzymecage_m4_e2_full_4681_4gpu_sharded_continuation_20260814/shards/shard_00/per_uid/B1XNN1/p2rank/raw /root/projects/EnzymeCAGE-master/HPC_Returned_Result_Summaries/enzymecage_m4_e2_full_4681_4gpu_sharded_continuation_20260814/shards/shard_00/per_uid/B1XNN1/p2rank/B1XNN1.ds,P2Rank 2.5.1,,,,AFDB structure fetched; P2Rank ran under the approved command contract; no usable top predicted pocket residues were produced or mapped.,False,
B1Y3V2,101,v6,5e95886b5ea170218001e3721da941d78e08517bae57978d275f53370cf3c95f,/usrdata/EnzymeCAGE_data/tools/p2rank_2.5.1/prank predict -threads 4 -c alphafold -visualizations 0 -o /root/projects/EnzymeCAGE-master/HPC_Returned_Result_Summaries/enzymecage_m4_e2_full_4681_4gpu_sharded_continuation_20260814/shards/shard_01/per_uid/B1Y3V2/p2rank/raw /root/projects/EnzymeCAGE-master/HPC_Returned_Result_Summaries/enzymecage_m4_e2_full_4681_4gpu_sharded_continuation_20260814/shards/shard_01/per_uid/B1Y3V2/p2rank/B1Y3V2.ds,P2Rank 2.5.1,,,,AFDB structure fetched; P2Rank ran under the approved command contract; no usable top predicted pocket residues were produced or mapped.,False,
B1Y3V4,100,v6,1786407242761e397cf197008b1dfd97ed8a40e4e02bd99dd8b396b019c1d8ab,/usrdata/EnzymeCAGE_data/tools/p2rank_2.5.1/prank predict -threads 4 -c alphafold -visualizations 0 -o /root/projects/EnzymeCAGE-master/HPC_Returned_Result_Summaries/enzymecage_m4_e2_full_4681_4gpu_sharded_continuation_20260814/shards/shard_02/per_uid/B1Y3V4/p2rank/raw /root/projects/EnzymeCAGE-master/HPC_Returned_Result_Summaries/enzymecage_m4_e2_full_4681_4gpu_sharded_continuation_20260814/shards/shard_02/per_uid/B1Y3V4/p2rank/B1Y3V4.ds,P2Rank 2.5.1,,,,AFDB structure fetched; P2Rank ran under the approved command contract; no usable top predicted pocket residues were produced or mapped.,False,
B1YDA5,162,v6,97418b07f9e9519b008a394fd27e57d900138618725ac22570c1e02c508b1fba,/usrdata/EnzymeCAGE_data/tools/p2rank_2.5.1/prank predict -threads 4 -c alphafold -visualizations 0 -o /root/projects/EnzymeCAGE-master/HPC_Returned_Result_Summaries/enzymecage_m4_e2_full_4681_4gpu_sharded_continuation_20260814/shards/shard_03/per_uid/B1YDA5/p2rank/raw /root/projects/EnzymeCAGE-master/HPC_Returned_Result_Summaries/enzymecage_m4_e2_full_4681_4gpu_sharded_continuation_20260814/shards/shard_03/per_uid/B1YDA5/p2rank/B1YDA5.ds,P2Rank 2.5.1,,,,AFDB structure fetched; P2Rank ran under the approved command contract; no usable top predicted pocket residues were produced or mapped.,False,
B1YPV9,99,v6,6bb21b11d6931e9361a7fe5746bee55efac4a7f58510e27f40a548d6c7940cfc,/usrdata/EnzymeCAGE_data/tools/p2rank_2.5.1/prank predict -threads 4 -c alphafold -visualizations 0 -o /root/projects/EnzymeCAGE-master/HPC_Returned_Result_Summaries/enzymecage_m4_e2_full_4681_4gpu_sharded_continuation_20260814/shards/shard_00/per_uid/B1YPV9/p2rank/raw /root/projects/EnzymeCAGE-master/HPC_Returned_Result_Summaries/enzymecage_m4_e2_full_4681_4gpu_sharded_continuation_20260814/shards/shard_00/per_uid/B1YPV9/p2rank/B1YPV9.ds,P2Rank 2.5.1,,,,AFDB structure fetched; P2Rank ran under the approved command contract; no usable top predicted pocket residues were produced or mapped.,False,
B1YQ64,102,v6,391807887994206969f196eba0d5c6e15c7f2cc367517de2313e0a3ba01fccfa,/usrdata/EnzymeCAGE_data/tools/p2rank_2.5.1/prank predict -threads 4 -c alphafold -visualizations 0 -o /root/projects/EnzymeCAGE-master/HPC_Returned_Result_Summaries/enzymecage_m4_e2_full_4681_4gpu_sharded_continuation_20260814/shards/shard_01/per_uid/B1YQ64/p2rank/raw /root/projects/EnzymeCAGE-master/HPC_Returned_Result_Summaries/enzymecage_m4_e2_full_4681_4gpu_sharded_continuation_20260814/shards/shard_01/per_uid/B1YQ64/p2rank/B1YQ64.ds,P2Rank 2.5.1,,,,AFDB structure fetched; P2Rank ran under the approved command contract; no usable top predicted pocket residues were produced or mapped.,False,
B1YUG1,100,v6,66a5b5dacedf4d518630e8c00249b82c926ed7d00a8c6afe02fab50d32483a2c,/usrdata/EnzymeCAGE_data/tools/p2rank_2.5.1/prank predict -threads 4 -c alphafold -visualizations 0 -o /root/projects/EnzymeCAGE-master/HPC_Returned_Result_Summaries/enzymecage_m4_e2_full_4681_4gpu_sharded_continuation_20260814/shards/shard_02/per_uid/B1YUG1/p2rank/raw /root/projects/EnzymeCAGE-master/HPC_Returned_Result_Summaries/enzymecage_m4_e2_full_4681_4gpu_sharded_continuation_20260814/shards/shard_02/per_uid/B1YUG1/p2rank/B1YUG1.ds,P2Rank 2.5.1,,,,AFDB structure fetched; P2Rank ran under the approved command contract; no usable top predicted pocket residues were produced or mapped.,False,
B1ZLM0,95,v6,37521a24292e117a0b8e8d5441df31ed1ff50e7c95609caab409f1cd84671b51,/usrdata/EnzymeCAGE_data/tools/p2rank_2.5.1/prank predict -threads 4 -c alphafold -visualizations 0 -o /root/projects/EnzymeCAGE-master/HPC_Returned_Result_Summaries/enzymecage_m4_e2_full_4681_4gpu_sharded_continuation_20260814/shards/shard_03/per_uid/B1ZLM0/p2rank/raw /root/projects/EnzymeCAGE-master/HPC_Returned_Result_Summaries/enzymecage_m4_e2_full_4681_4gpu_sharded_continuation_20260814/shards/shard_03/per_uid/B1ZLM0/p2rank/B1ZLM0.ds,P2Rank 2.5.1,,,,AFDB structure fetched; P2Rank ran under the approved command contract; no usable top predicted pocket residues were produced or mapped.,False,
B1ZP07,102,v6,3c3d25f842e538f32c81519ffde6f142fb43bfecdae5a4af94e193843542c172,/usrdata/EnzymeCAGE_data/tools/p2rank_2.5.1/prank predict -threads 4 -c alphafold -visualizations 0 -o /root/projects/EnzymeCAGE-master/HPC_Returned_Result_Summaries/enzymecage_m4_e2_full_4681_4gpu_sharded_continuation_20260814/shards/shard_00/per_uid/B1ZP07/p2rank/raw /root/projects/EnzymeCAGE-master/HPC_Returned_Result_Summaries/enzymecage_m4_e2_full_4681_4gpu_sharded_continuation_20260814/shards/shard_00/per_uid/B1ZP07/p2rank/B1ZP07.ds,P2Rank 2.5.1,,,,AFDB structure fetched; P2Rank ran under the approved command contract; no usable top predicted pocket residues were produced or mapped.,False,
B1ZP08,100,v6,a6cae3c8b54a6e08027f0d151c634d73d1f538c786bc19efd23f64d2ed4911ed,/usrdata/EnzymeCAGE_data/tools/p2rank_2.5.1/prank predict -threads 4 -c alphafold -visualizations 0 -o /root/projects/EnzymeCAGE-master/HPC_Returned_Result_Summaries/enzymecage_m4_e2_full_4681_4gpu_sharded_continuation_20260814/shards/shard_01/per_uid/B1ZP08/p2rank/raw /root/projects/EnzymeCAGE-master/HPC_Returned_Result_Summaries/enzymecage_m4_e2_full_4681_4gpu_sharded_continuation_20260814/shards/shard_01/per_uid/B1ZP08/p2rank/B1ZP08.ds,P2Rank 2.5.1,,,,AFDB structure fetched; P2Rank ran under the approved command contract; no usable top predicted pocket residues were produced or mapped.,False,
B1ZQN2,94,v6,aa58706f2b0bb2e7e89c23340bc124a498bf4f32442295a76ca01b9d2541e393,/usrdata/EnzymeCAGE_data/tools/p2rank_2.5.1/prank predict -threads 4 -c alphafold -visualizations 0 -o /root/projects/EnzymeCAGE-master/HPC_Returned_Result_Summaries/enzymecage_m4_e2_full_4681_4gpu_sharded_continuation_20260814/shards/shard_02/per_uid/B1ZQN2/p2rank/raw /root/projects/EnzymeCAGE-master/HPC_Returned_Result_Summaries/enzymecage_m4_e2_full_4681_4gpu_sharded_continuation_20260814/shards/shard_02/per_uid/B1ZQN2/p2rank/B1ZQN2.ds,P2Rank 2.5.1,,,,AFDB structure fetched; P2Rank ran under the approved command contract; no usable top predicted pocket residues were produced or mapped.,False,
B1ZY08,97,v6,e1c8d6cc0e81f4fb59a548cd6fe37551c6f5b160ece8f01657c59ad58ae90347,/usrdata/EnzymeCAGE_data/tools/p2rank_2.5.1/prank predict -threads 4 -c alphafold -visualizations 0 -o /root/projects/EnzymeCAGE-master/HPC_Returned_Result_Summaries/enzymecage_m4_e2_full_4681_4gpu_sharded_continuation_20260814/shards/shard_03/per_uid/B1ZY08/p2rank/raw /root/projects/EnzymeCAGE-master/HPC_Returned_Result_Summaries/enzymecage_m4_e2_full_4681_4gpu_sharded_continuation_20260814/shards/shard_03/per_uid/B1ZY08/p2rank/B1ZY08.ds,P2Rank 2.5.1,,,,AFDB structure fetched; P2Rank ran under the approved command contract; no usable top predicted pocket residues were produced or mapped.,False,
B2AG26,99,v6,0bcc0911cf7b641fdeb9eafb3a1075e3ec97be46ea04b34d3fdd7dc1f8b2eb3d,/usrdata/EnzymeCAGE_data/tools/p2rank_2.5.1/prank predict -threads 4 -c alphafold -visualizations 0 -o /root/projects/EnzymeCAGE-master/HPC_Returned_Result_Summaries/enzymecage_m4_e2_full_4681_4gpu_sharded_continuation_20260814/shards/shard_01/per_uid/B2AG26/p2rank/raw /root/projects/EnzymeCAGE-master/HPC_Returned_Result_Summaries/enzymecage_m4_e2_full_4681_4gpu_sharded_continuation_20260814/shards/shard_01/per_uid/B2AG26/p2rank/B2AG26.ds,P2Rank 2.5.1,,,,AFDB structure fetched; P2Rank ran under the approved command contract; no usable top predicted pocket residues were produced or mapped.,False,
B2GFK7,199,v6,4b29aa1f8b7589ba8ee4239b8144ff4d91d1806fef16adeab142168fb3a8d777,/usrdata/EnzymeCAGE_data/tools/p2rank_2.5.1/prank predict -threads 4 -c alphafold -visualizations 0 -o /root/projects/EnzymeCAGE-master/HPC_Returned_Result_Summaries/enzymecage_m4_e2_full_4681_4gpu_sharded_continuation_20260814/shards/shard_02/per_uid/B2GFK7/p2rank/raw /root/projects/EnzymeCAGE-master/HPC_Returned_Result_Summaries/enzymecage_m4_e2_full_4681_4gpu_sharded_continuation_20260814/shards/shard_02/per_uid/B2GFK7/p2rank/B2GFK7.ds,P2Rank 2.5.1,,,,AFDB structure fetched; P2Rank ran under the approved command contract; no usable top predicted pocket residues were produced or mapped.,False,
B2GKN0,98,v6,767360e9d327b75a2ae7fb00da7dd0bea2731a0eb0a7201a5bfd7727addf483a,/usrdata/EnzymeCAGE_data/tools/p2rank_2.5.1/prank predict -threads 4 -c alphafold -visualizations 0 -o /root/projects/EnzymeCAGE-master/HPC_Returned_Result_Summaries/enzymecage_m4_e2_full_4681_4gpu_sharded_continuation_20260814/shards/shard_03/per_uid/B2GKN0/p2rank/raw /root/projects/EnzymeCAGE-master/HPC_Returned_Result_Summaries/enzymecage_m4_e2_full_4681_4gpu_sharded_continuation_20260814/shards/shard_03/per_uid/B2GKN0/p2rank/B2GKN0.ds,P2Rank 2.5.1,,,,AFDB structure fetched; P2Rank ran under the approved command contract; no usable top predicted pocket residues were produced or mapped.,False,
B2HSZ1,103,v6,6877de6992d80473821c9f219cd117c2aa684fe77e9b3a205c1547f619341b7d,/usrdata/EnzymeCAGE_data/tools/p2rank_2.5.1/prank predict -threads 4 -c alphafold -visualizations 0 -o /root/projects/EnzymeCAGE-master/HPC_Returned_Result_Summaries/enzymecage_m4_e2_full_4681_4gpu_sharded_continuation_20260814/shards/shard_02/per_uid/B2HSZ1/p2rank/raw /root/projects/EnzymeCAGE-master/HPC_Returned_Result_Summaries/enzymecage_m4_e2_full_4681_4gpu_sharded_continuation_20260814/shards/shard_02/per_uid/B2HSZ1/p2rank/B2HSZ1.ds,P2Rank 2.5.1,,,,AFDB structure fetched; P2Rank ran under the approved command contract; no usable top predicted pocket residues were produced or mapped.,False,
B2HU50,102,v6,38a7566ca5b9d988545e04719fac8fbd752742b8095e64b72d29362c8257cd27,/usrdata/EnzymeCAGE_data/tools/p2rank_2.5.1/prank predict -threads 4 -c alphafold -visualizations 0 -o /root/projects/EnzymeCAGE-master/HPC_Returned_Result_Summaries/enzymecage_m4_e2_full_4681_4gpu_sharded_continuation_20260814/shards/shard_03/per_uid/B2HU50/p2rank/raw /root/projects/EnzymeCAGE-master/HPC_Returned_Result_Summaries/enzymecage_m4_e2_full_4681_4gpu_sharded_continuation_20260814/shards/shard_03/per_uid/B2HU50/p2rank/B2HU50.ds,P2Rank 2.5.1,,,,AFDB structure fetched; P2Rank ran under the approved command contract; no usable top predicted pocket residues were produced or mapped.,False,
B2IEA5,95,v6,0714a7161fb60727f1dd86b1b625a51083064667ca08d27b1fbe486cda686a52,/usrdata/EnzymeCAGE_data/tools/p2rank_2.5.1/prank predict -threads 4 -c alphafold -visualizations 0 -o /root/projects/EnzymeCAGE-master/HPC_Returned_Result_Summaries/enzymecage_m4_e2_full_4681_4gpu_sharded_continuation_20260814/shards/shard_00/per_uid/B2IEA5/p2rank/raw /root/projects/EnzymeCAGE-master/HPC_Returned_Result_Summaries/enzymecage_m4_e2_full_4681_4gpu_sharded_continuation_20260814/shards/shard_00/per_uid/B2IEA5/p2rank/B2IEA5.ds,P2Rank 2.5.1,,,,AFDB structure fetched; P2Rank ran under the approved command contract; no usable top predicted pocket residues were produced or mapped.,False,
B2IVV2,93,v6,5730d9f8886b0c4c0ca520b9f7e2100f568966a786bafc49c4cd712ada465fc6,/usrdata/EnzymeCAGE_data/tools/p2rank_2.5.1/prank predict -threads 4 -c alphafold -visualizations 0 -o /root/projects/EnzymeCAGE-master/HPC_Returned_Result_Summaries/enzymecage_m4_e2_full_4681_4gpu_sharded_continuation_20260814/shards/shard_02/per_uid/B2IVV2/p2rank/raw /root/projects/EnzymeCAGE-master/HPC_Returned_Result_Summaries/enzymecage_m4_e2_full_4681_4gpu_sharded_continuation_20260814/shards/shard_02/per_uid/B2IVV2/p2rank/B2IVV2.ds,P2Rank 2.5.1,,,,AFDB structure fetched; P2Rank ran under the approved command contract; no usable top predicted pocket residues were produced or mapped.,False,
B2JF65,100,v6,0db214d75fc415010074b48f3f1f1cf2b7f6da1de73bc335569f61582f643574,/usrdata/EnzymeCAGE_data/tools/p2rank_2.5.1/prank predict -threads 4 -c alphafold -visualizations 0 -o /root/projects/EnzymeCAGE-master/HPC_Returned_Result_Summaries/enzymecage_m4_e2_full_4681_4gpu_sharded_continuation_20260814/shards/shard_03/per_uid/B2JF65/p2rank/raw /root/projects/EnzymeCAGE-master/HPC_Returned_Result_Summaries/enzymecage_m4_e2_full_4681_4gpu_sharded_continuation_20260814/shards/shard_03/per_uid/B2JF65/p2rank/B2JF65.ds,P2Rank 2.5.1,,,,AFDB structure fetched; P2Rank ran under the approved command contract; no usable top predicted pocket residues were produced or mapped.,False,
B2JF66,101,v6,89603c58b1779db985f9ba47b8855e145c0dede47fd794ad69d0d78216136cad,/usrdata/EnzymeCAGE_data/tools/p2rank_2.5.1/prank predict -threads 4 -c alphafold -visualizations 0 -o /root/projects/EnzymeCAGE-master/HPC_Returned_Result_Summaries/enzymecage_m4_e2_full_4681_4gpu_sharded_continuation_20260814/shards/shard_00/per_uid/B2JF66/p2rank/raw /root/projects/EnzymeCAGE-master/HPC_Returned_Result_Summaries/enzymecage_m4_e2_full_4681_4gpu_sharded_continuation_20260814/shards/shard_00/per_uid/B2JF66/p2rank/B2JF66.ds,P2Rank 2.5.1,,,,AFDB structure fetched; P2Rank ran under the approved command contract; no usable top predicted pocket residues were produced or mapped.,False,
B2JJW1,99,v6,2f6d76c873a884fcf76490ca554684182f067f89afec199c84a44e76a42f6659,/usrdata/EnzymeCAGE_data/tools/p2rank_2.5.1/prank predict -threads 4 -c alphafold -visualizations 0 -o /root/projects/EnzymeCAGE-master/HPC_Returned_Result_Summaries/enzymecage_m4_e2_full_4681_4gpu_sharded_continuation_20260814/shards/shard_01/per_uid/B2JJW1/p2rank/raw /root/projects/EnzymeCAGE-master/HPC_Returned_Result_Summaries/enzymecage_m4_e2_full_4681_4gpu_sharded_continuation_20260814/shards/shard_01/per_uid/B2JJW1/p2rank/B2JJW1.ds,P2Rank 2.5.1,,,,AFDB structure fetched; P2Rank ran under the approved command contract; no usable top predicted pocket residues were produced or mapped.,False,
B2SB61,95,v6,d16b76d4124ed58f003ff432646fd78939a879a69ba868c408786dbb7900f1c4,/usrdata/EnzymeCAGE_data/tools/p2rank_2.5.1/prank predict -threads 4 -c alphafold -visualizations 0 -o /root/projects/EnzymeCAGE-master/HPC_Returned_Result_Summaries/enzymecage_m4_e2_full_4681_4gpu_sharded_continuation_20260814/shards/shard_03/per_uid/B2SB61/p2rank/raw /root/projects/EnzymeCAGE-master/HPC_Returned_Result_Summaries/enzymecage_m4_e2_full_4681_4gpu_sharded_continuation_20260814/shards/shard_03/per_uid/B2SB61/p2rank/B2SB61.ds,P2Rank 2.5.1,,,,AFDB structure fetched; P2Rank ran under the approved command contract; no usable top predicted pocket residues were produced or mapped.,False,
B2T1M3,99,v6,0a23fce858e638a0f847d34283f02b1cdca97324659567f228f4c91eda604434,/usrdata/EnzymeCAGE_data/tools/p2rank_2.5.1/prank predict -threads 4 -c alphafold -visualizations 0 -o /root/projects/EnzymeCAGE-master/HPC_Returned_Result_Summaries/enzymecage_m4_e2_full_4681_4gpu_sharded_continuation_20260814/shards/shard_02/per_uid/B2T1M3/p2rank/raw /root/projects/EnzymeCAGE-master/HPC_Returned_Result_Summaries/enzymecage_m4_e2_full_4681_4gpu_sharded_continuation_20260814/shards/shard_02/per_uid/B2T1M3/p2rank/B2T1M3.ds,P2Rank 2.5.1,,,,AFDB structure fetched; P2Rank ran under the approved command contract; no usable top predicted pocket residues were produced or mapped.,False,
B2T7M8,96,v6,e761b7da19c2ae3b5d5bfe96e3ddaa91cfe2c57cf9705cd3ed3d0548de97541e,/usrdata/EnzymeCAGE_data/tools/p2rank_2.5.1/prank predict -threads 4 -c alphafold -visualizations 0 -o /root/projects/EnzymeCAGE-master/HPC_Returned_Result_Summaries/enzymecage_m4_e2_full_4681_4gpu_sharded_continuation_20260814/shards/shard_03/per_uid/B2T7M8/p2rank/raw /root/projects/EnzymeCAGE-master/HPC_Returned_Result_Summaries/enzymecage_m4_e2_full_4681_4gpu_sharded_continuation_20260814/shards/shard_03/per_uid/B2T7M8/p2rank/B2T7M8.ds,P2Rank 2.5.1,,,,AFDB structure fetched; P2Rank ran under the approved command contract; no usable top predicted pocket residues were produced or mapped.,False,
B2TIR0,161,v6,313b6f5617eb00eb2236e94f5c1645bbe6266093bfffd24ddd70ddcdbc58a657,/usrdata/EnzymeCAGE_data/tools/p2rank_2.5.1/prank predict -threads 4 -c alphafold -visualizations 0 -o /root/projects/EnzymeCAGE-master/HPC_Returned_Result_Summaries/enzymecage_m4_e2_full_4681_4gpu_sharded_continuation_20260814/shards/shard_01/per_uid/B2TIR0/p2rank/raw /root/projects/EnzymeCAGE-master/HPC_Returned_Result_Summaries/enzymecage_m4_e2_full_4681_4gpu_sharded_continuation_20260814/shards/shard_01/per_uid/B2TIR0/p2rank/B2TIR0.ds,P2Rank 2.5.1,,,,AFDB structure fetched; P2Rank ran under the approved command contract; no usable top predicted pocket residues were produced or mapped.,False,
B2U7Q1,103,v6,38546690a51694221179dbb5a44b3e06270548a0bb76dd3128778840d38facdf,/usrdata/EnzymeCAGE_data/tools/p2rank_2.5.1/prank predict -threads 4 -c alphafold -visualizations 0 -o /root/projects/EnzymeCAGE-master/HPC_Returned_Result_Summaries/enzymecage_m4_e2_full_4681_4gpu_sharded_continuation_20260814/shards/shard_02/per_uid/B2U7Q1/p2rank/raw /root/projects/EnzymeCAGE-master/HPC_Returned_Result_Summaries/enzymecage_m4_e2_full_4681_4gpu_sharded_continuation_20260814/shards/shard_02/per_uid/B2U7Q1/p2rank/B2U7Q1.ds,P2Rank 2.5.1,,,,AFDB structure fetched; P2Rank ran under the approved command contract; no usable top predicted pocket residues were produced or mapped.,False,
B2UGY6,101,v6,15feb401838d44f028fd143669b19527997f6ed0b1842ef7ca752c840505d31d,/usrdata/EnzymeCAGE_data/tools/p2rank_2.5.1/prank predict -threads 4 -c alphafold -visualizations 0 -o /root/projects/EnzymeCAGE-master/HPC_Returned_Result_Summaries/enzymecage_m4_e2_full_4681_4gpu_sharded_continuation_20260814/shards/shard_03/per_uid/B2UGY6/p2rank/raw /root/projects/EnzymeCAGE-master/HPC_Returned_Result_Summaries/enzymecage_m4_e2_full_4681_4gpu_sharded_continuation_20260814/shards/shard_03/per_uid/B2UGY6/p2rank/B2UGY6.ds,P2Rank 2.5.1,,,,AFDB structure fetched; P2Rank ran under the approved command contract; no usable top predicted pocket residues were produced or mapped.,False,
B2ULY3,105,v6,ab7e10933b670a3239bd25af80613d794d11c72d9002295d813ca1d9382be994,/usrdata/EnzymeCAGE_data/tools/p2rank_2.5.1/prank predict -threads 4 -c alphafold -visualizations 0 -o /root/projects/EnzymeCAGE-master/HPC_Returned_Result_Summaries/enzymecage_m4_e2_full_4681_4gpu_sharded_continuation_20260814/shards/shard_00/per_uid/B2ULY3/p2rank/raw /root/projects/EnzymeCAGE-master/HPC_Returned_Result_Summaries/enzymecage_m4_e2_full_4681_4gpu_sharded_continuation_20260814/shards/shard_00/per_uid/B2ULY3/p2rank/B2ULY3.ds,P2Rank 2.5.1,,,,AFDB structure fetched; P2Rank ran under the approved command contract; no usable top predicted pocket residues were produced or mapped.,False,
B2UMP5,97,v6,20a443112944374a79839b2c610f034b46689f4d262045742d009efd8c9b0184,/usrdata/EnzymeCAGE_data/tools/p2rank_2.5.1/prank predict -threads 4 -c alphafold -visualizations 0 -o /root/projects/EnzymeCAGE-master/HPC_Returned_Result_Summaries/enzymecage_m4_e2_full_4681_4gpu_sharded_continuation_20260814/shards/shard_01/per_uid/B2UMP5/p2rank/raw /root/projects/EnzymeCAGE-master/HPC_Returned_Result_Summaries/enzymecage_m4_e2_full_4681_4gpu_sharded_continuation_20260814/shards/shard_01/per_uid/B2UMP5/p2rank/B2UMP5.ds,P2Rank 2.5.1,,,,AFDB structure fetched; P2Rank ran under the approved command contract; no usable top predicted pocket residues were produced or mapped.,False,
B3E9W9,118,v6,5c77a065f340b81fbeddbfd0799187516fc12c086e3a6612c0a33f8378c0932f,/usrdata/EnzymeCAGE_data/tools/p2rank_2.5.1/prank predict -threads 4 -c alphafold -visualizations 0 -o /root/projects/EnzymeCAGE-master/HPC_Returned_Result_Summaries/enzymecage_m4_e2_full_4681_4gpu_sharded_continuation_20260814/shards/shard_03/per_uid/B3E9W9/p2rank/raw /root/projects/EnzymeCAGE-master/HPC_Returned_Result_Summaries/enzymecage_m4_e2_full_4681_4gpu_sharded_continuation_20260814/shards/shard_03/per_uid/B3E9W9/p2rank/B3E9W9.ds,P2Rank 2.5.1,,,,AFDB structure fetched; P2Rank ran under the approved command contract; no usable top predicted pocket residues were produced or mapped.,False,
B3EI93,143,v6,aa852c71519c37a316977314eb55f69c9dca5212121bcabae6e368833b05374a,/usrdata/EnzymeCAGE_data/tools/p2rank_2.5.1/prank predict -threads 4 -c alphafold -visualizations 0 -o /root/projects/EnzymeCAGE-master/HPC_Returned_Result_Summaries/enzymecage_m4_e2_full_4681_4gpu_sharded_continuation_20260814/shards/shard_00/per_uid/B3EI93/p2rank/raw /root/projects/EnzymeCAGE-master/HPC_Returned_Result_Summaries/enzymecage_m4_e2_full_4681_4gpu_sharded_continuation_20260814/shards/shard_00/per_uid/B3EI93/p2rank/B3EI93.ds,P2Rank 2.5.1,,,,AFDB structure fetched; P2Rank ran under the approved command contract; no usable top predicted pocket residues were produced or mapped.,False,
B3EWI9,31,v6,f20137e162602c1728b432e72d8210b53a0b7f441ff89ad340000ebd790fa933,/usrdata/EnzymeCAGE_data/tools/p2rank_2.5.1/prank predict -threads 4 -c alphafold -visualizations 0 -o /root/projects/EnzymeCAGE-master/HPC_Returned_Result_Summaries/enzymecage_m4_e2_full_4681_4gpu_sharded_continuation_20260814/shards/shard_03/per_uid/B3EWI9/p2rank/raw /root/projects/EnzymeCAGE-master/HPC_Returned_Result_Summaries/enzymecage_m4_e2_full_4681_4gpu_sharded_continuation_20260814/shards/shard_03/per_uid/B3EWI9/p2rank/B3EWI9.ds,P2Rank 2.5.1,,,,AFDB structure fetched; P2Rank ran under the approved command contract; no usable top predicted pocket residues were produced or mapped.,False,
B3EWQ8,16,v6,a695dd5c9dde989955ef79b1c258dc0bd4c2d857be5c666a99ec5bf717d96383,/usrdata/EnzymeCAGE_data/tools/p2rank_2.5.1/prank predict -threads 4 -c alphafold -visualizations 0 -o /root/projects/EnzymeCAGE-master/HPC_Returned_Result_Summaries/enzymecage_m4_e2_full_4681_4gpu_sharded_continuation_20260814/shards/shard_00/per_uid/B3EWQ8/p2rank/raw /root/projects/EnzymeCAGE-master/HPC_Returned_Result_Summaries/enzymecage_m4_e2_full_4681_4gpu_sharded_continuation_20260814/shards/shard_00/per_uid/B3EWQ8/p2rank/B3EWQ8.ds,P2Rank 2.5.1,,,,AFDB structure fetched; P2Rank ran under the approved command contract; no usable top predicted pocket residues were produced or mapped.,False,
B3GYF4,85,v6,b0d1b195288400e24490e49a5ffb99ee08330de0021fab56e50ab7c53d05dfde,/usrdata/EnzymeCAGE_data/tools/p2rank_2.5.1/prank predict -threads 4 -c alphafold -visualizations 0 -o /root/projects/EnzymeCAGE-master/HPC_Returned_Result_Summaries/enzymecage_m4_e2_full_4681_4gpu_sharded_continuation_20260814/shards/shard_03/per_uid/B3GYF4/p2rank/raw /root/projects/EnzymeCAGE-master/HPC_Returned_Result_Summaries/enzymecage_m4_e2_full_4681_4gpu_sharded_continuation_20260814/shards/shard_03/per_uid/B3GYF4/p2rank/B3GYF4.ds,P2Rank 2.5.1,,,,AFDB structure fetched; P2Rank ran under the approved command contract; no usable top predicted pocket residues were produced or mapped.,False,
B3GZR9,108,v6,64d20ebd4151e177c78929bc59c6ba422a9ade7a87684364c176c4c0584fa82f,/usrdata/EnzymeCAGE_data/tools/p2rank_2.5.1/prank predict -threads 4 -c alphafold -visualizations 0 -o /root/projects/EnzymeCAGE-master/HPC_Returned_Result_Summaries/enzymecage_m4_e2_full_4681_4gpu_sharded_continuation_20260814/shards/shard_00/per_uid/B3GZR9/p2rank/raw /root/projects/EnzymeCAGE-master/HPC_Returned_Result_Summaries/enzymecage_m4_e2_full_4681_4gpu_sharded_continuation_20260814/shards/shard_00/per_uid/B3GZR9/p2rank/B3GZR9.ds,P2Rank 2.5.1,,,,AFDB structure fetched; P2Rank ran under the approved command contract; no usable top predicted pocket residues were produced or mapped.,False,
B3H2L5,100,v6,d94ff9a569eb505243f33469531b1ebcda72bd1a368ad0148b568908185d676b,/usrdata/EnzymeCAGE_data/tools/p2rank_2.5.1/prank predict -threads 4 -c alphafold -visualizations 0 -o /root/projects/EnzymeCAGE-master/HPC_Returned_Result_Summaries/enzymecage_m4_e2_full_4681_4gpu_sharded_continuation_20260814/shards/shard_01/per_uid/B3H2L5/p2rank/raw /root/projects/EnzymeCAGE-master/HPC_Returned_Result_Summaries/enzymecage_m4_e2_full_4681_4gpu_sharded_continuation_20260814/shards/shard_01/per_uid/B3H2L5/p2rank/B3H2L5.ds,P2Rank 2.5.1,,,,AFDB structure fetched; P2Rank ran under the approved command contract; no usable top predicted pocket residues were produced or mapped.,False,
B3PXB6,101,v6,ce012d36393b5e5c9b746ef98e02fe4561c86766c3f07a6d85a681daacf3ff14,/usrdata/EnzymeCAGE_data/tools/p2rank_2.5.1/prank predict -threads 4 -c alphafold -visualizations 0 -o /root/projects/EnzymeCAGE-master/HPC_Returned_Result_Summaries/enzymecage_m4_e2_full_4681_4gpu_sharded_continuation_20260814/shards/shard_02/per_uid/B3PXB6/p2rank/raw /root/projects/EnzymeCAGE-master/HPC_Returned_Result_Summaries/enzymecage_m4_e2_full_4681_4gpu_sharded_continuation_20260814/shards/shard_02/per_uid/B3PXB6/p2rank/B3PXB6.ds,P2Rank 2.5.1,,,,AFDB structure fetched; P2Rank ran under the approved command contract; no usable top predicted pocket residues were produced or mapped.,False,
B3PXX2,95,v6,06e918042550983ac8157b66738038a9c96c01746e6a87a0034cbdff378e1bd0,/usrdata/EnzymeCAGE_data/tools/p2rank_2.5.1/prank predict -threads 4 -c alphafold -visualizations 0 -o /root/projects/EnzymeCAGE-master/HPC_Returned_Result_Summaries/enzymecage_m4_e2_full_4681_4gpu_sharded_continuation_20260814/shards/shard_03/per_uid/B3PXX2/p2rank/raw /root/projects/EnzymeCAGE-master/HPC_Returned_Result_Summaries/enzymecage_m4_e2_full_4681_4gpu_sharded_continuation_20260814/shards/shard_03/per_uid/B3PXX2/p2rank/B3PXX2.ds,P2Rank 2.5.1,,,,AFDB structure fetched; P2Rank ran under the approved command contract; no usable top predicted pocket residues were produced or mapped.,False,
B3Q6T5,129,v6,66aeb463673657685d01f466a938f93b7d00f2c76fd7fa27cc7590c2907a76b2,/usrdata/EnzymeCAGE_data/tools/p2rank_2.5.1/prank predict -threads 4 -c alphafold -visualizations 0 -o /root/projects/EnzymeCAGE-master/HPC_Returned_Result_Summaries/enzymecage_m4_e2_full_4681_4gpu_sharded_continuation_20260814/shards/shard_00/per_uid/B3Q6T5/p2rank/raw /root/projects/EnzymeCAGE-master/HPC_Returned_Result_Summaries/enzymecage_m4_e2_full_4681_4gpu_sharded_continuation_20260814/shards/shard_00/per_uid/B3Q6T5/p2rank/B3Q6T5.ds,P2Rank 2.5.1,,,,AFDB structure fetched; P2Rank ran under the approved command contract; no usable top predicted pocket residues were produced or mapped.,False,
B3Q9E4,100,v6,3b9c6e315280bb08c046fc4d57684eb65205389998c4bc3bbdedf9566a832fea,/usrdata/EnzymeCAGE_data/tools/p2rank_2.5.1/prank predict -threads 4 -c alphafold -visualizations 0 -o /root/projects/EnzymeCAGE-master/HPC_Returned_Result_Summaries/enzymecage_m4_e2_full_4681_4gpu_sharded_continuation_20260814/shards/shard_01/per_uid/B3Q9E4/p2rank/raw /root/projects/EnzymeCAGE-master/HPC_Returned_Result_Summaries/enzymecage_m4_e2_full_4681_4gpu_sharded_continuation_20260814/shards/shard_01/per_uid/B3Q9E4/p2rank/B3Q9E4.ds,P2Rank 2.5.1,,,,AFDB structure fetched; P2Rank ran under the approved command contract; no usable top predicted pocket residues were produced or mapped.,False,
B3Q9W8,95,v6,1b074bf7456d03da78e65d63d026c3cc09101e85786f8f9bc11da1e443d52c30,/usrdata/EnzymeCAGE_data/tools/p2rank_2.5.1/prank predict -threads 4 -c alphafold -visualizations 0 -o /root/projects/EnzymeCAGE-master/HPC_Returned_Result_Summaries/enzymecage_m4_e2_full_4681_4gpu_sharded_continuation_20260814/shards/shard_02/per_uid/B3Q9W8/p2rank/raw /root/projects/EnzymeCAGE-master/HPC_Returned_Result_Summaries/enzymecage_m4_e2_full_4681_4gpu_sharded_continuation_20260814/shards/shard_02/per_uid/B3Q9W8/p2rank/B3Q9W8.ds,P2Rank 2.5.1,,,,AFDB structure fetched; P2Rank ran under the approved command contract; no usable top predicted pocket residues were produced or mapped.,False,
B3QGK4,100,v6,bdae66cd276d1b9414775f6dfef4d292a3a6f583cc13f9e5bc432b6c4265e280,/usrdata/EnzymeCAGE_data/tools/p2rank_2.5.1/prank predict -threads 4 -c alphafold -visualizations 0 -o /root/projects/EnzymeCAGE-master/HPC_Returned_Result_Summaries/enzymecage_m4_e2_full_4681_4gpu_sharded_continuation_20260814/shards/shard_03/per_uid/B3QGK4/p2rank/raw /root/projects/EnzymeCAGE-master/HPC_Returned_Result_Summaries/enzymecage_m4_e2_full_4681_4gpu_sharded_continuation_20260814/shards/shard_03/per_uid/B3QGK4/p2rank/B3QGK4.ds,P2Rank 2.5.1,,,,AFDB structure fetched; P2Rank ran under the approved command contract; no usable top predicted pocket residues were produced or mapped.,False,
B3QSB6,95,v6,db66bd969f1a969a64fb13405476878825748e3fdcd321dcc6f975ccba0c5151,/usrdata/EnzymeCAGE_data/tools/p2rank_2.5.1/prank predict -threads 4 -c alphafold -visualizations 0 -o /root/projects/EnzymeCAGE-master/HPC_Returned_Result_Summaries/enzymecage_m4_e2_full_4681_4gpu_sharded_continuation_20260814/shards/shard_01/per_uid/B3QSB6/p2rank/raw /root/projects/EnzymeCAGE-master/HPC_Returned_Result_Summaries/enzymecage_m4_e2_full_4681_4gpu_sharded_continuation_20260814/shards/shard_01/per_uid/B3QSB6/p2rank/B3QSB6.ds,P2Rank 2.5.1,,,,AFDB structure fetched; P2Rank ran under the approved command contract; no usable top predicted pocket residues were produced or mapped.,False,
B3QUX5,121,v6,2073e9de5bdb80cb24dcf663741625c195db3779346ee9562f3f83905779ee8f,/usrdata/EnzymeCAGE_data/tools/p2rank_2.5.1/prank predict -threads 4 -c alphafold -visualizations 0 -o /root/projects/EnzymeCAGE-master/HPC_Returned_Result_Summaries/enzymecage_m4_e2_full_4681_4gpu_sharded_continuation_20260814/shards/shard_02/per_uid/B3QUX5/p2rank/raw /root/projects/EnzymeCAGE-master/HPC_Returned_Result_Summaries/enzymecage_m4_e2_full_4681_4gpu_sharded_continuation_20260814/shards/shard_02/per_uid/B3QUX5/p2rank/B3QUX5.ds,P2Rank 2.5.1,,,,AFDB structure fetched; P2Rank ran under the approved command contract; no usable top predicted pocket residues were produced or mapped.,False,
B3R3X7,101,v6,01c32be2deb46fdd45dca74925a64f778503154ad9fc45046c5b26cbb00828ee,/usrdata/EnzymeCAGE_data/tools/p2rank_2.5.1/prank predict -threads 4 -c alphafold -visualizations 0 -o /root/projects/EnzymeCAGE-master/HPC_Returned_Result_Summaries/enzymecage_m4_e2_full_4681_4gpu_sharded_continuation_20260814/shards/shard_03/per_uid/B3R3X7/p2rank/raw /root/projects/EnzymeCAGE-master/HPC_Returned_Result_Summaries/enzymecage_m4_e2_full_4681_4gpu_sharded_continuation_20260814/shards/shard_03/per_uid/B3R3X7/p2rank/B3R3X7.ds,P2Rank 2.5.1,,,,AFDB structure fetched; P2Rank ran under the approved command contract; no usable top predicted pocket residues were produced or mapped.,False,
B3R3Z9,100,v6,7801668bfe59e81431fc9000152d76547d1134118733932a1df9f431b4c1861e,/usrdata/EnzymeCAGE_data/tools/p2rank_2.5.1/prank predict -threads 4 -c alphafold -visualizations 0 -o /root/projects/EnzymeCAGE-master/HPC_Returned_Result_Summaries/enzymecage_m4_e2_full_4681_4gpu_sharded_continuation_20260814/shards/shard_00/per_uid/B3R3Z9/p2rank/raw /root/projects/EnzymeCAGE-master/HPC_Returned_Result_Summaries/enzymecage_m4_e2_full_4681_4gpu_sharded_continuation_20260814/shards/shard_00/per_uid/B3R3Z9/p2rank/B3R3Z9.ds,P2Rank 2.5.1,,,,AFDB structure fetched; P2Rank ran under the approved command contract; no usable top predicted pocket residues were produced or mapped.,False,
B4E7X5,99,v6,eea7d9b7f84f59d71ceb48304a373162706941f2b6c9a31fbf1f279f09b87bde,/usrdata/EnzymeCAGE_data/tools/p2rank_2.5.1/prank predict -threads 4 -c alphafold -visualizations 0 -o /root/projects/EnzymeCAGE-master/HPC_Returned_Result_Summaries/enzymecage_m4_e2_full_4681_4gpu_sharded_continuation_20260814/shards/shard_00/per_uid/B4E7X5/p2rank/raw /root/projects/EnzymeCAGE-master/HPC_Returned_Result_Summaries/enzymecage_m4_e2_full_4681_4gpu_sharded_continuation_20260814/shards/shard_00/per_uid/B4E7X5/p2rank/B4E7X5.ds,P2Rank 2.5.1,,,,AFDB structure fetched; P2Rank ran under the approved command contract; no usable top predicted pocket residues were produced or mapped.,False,
B4EZ50,100,v6,b47b153b42384129ea2598b522aecc3299cb7932ac38a731707e0d2115d696f8,/usrdata/EnzymeCAGE_data/tools/p2rank_2.5.1/prank predict -threads 4 -c alphafold -visualizations 0 -o /root/projects/EnzymeCAGE-master/HPC_Returned_Result_Summaries/enzymecage_m4_e2_full_4681_4gpu_sharded_continuation_20260814/shards/shard_01/per_uid/B4EZ50/p2rank/raw /root/projects/EnzymeCAGE-master/HPC_Returned_Result_Summaries/enzymecage_m4_e2_full_4681_4gpu_sharded_continuation_20260814/shards/shard_01/per_uid/B4EZ50/p2rank/B4EZ50.ds,P2Rank 2.5.1,,,,AFDB structure fetched; P2Rank ran under the approved command contract; no usable top predicted pocket residues were produced or mapped.,False,
B4GX14,173,v6,c39b57cd4f1ab5ba08a006c0bf9b068b4f6559fae8e846eab8f937b069ce9564,/usrdata/EnzymeCAGE_data/tools/p2rank_2.5.1/prank predict -threads 4 -c alphafold -visualizations 0 -o /root/projects/EnzymeCAGE-master/HPC_Returned_Result_Summaries/enzymecage_m4_e2_full_4681_4gpu_sharded_continuation_20260814/shards/shard_03/per_uid/B4GX14/p2rank/raw /root/projects/EnzymeCAGE-master/HPC_Returned_Result_Summaries/enzymecage_m4_e2_full_4681_4gpu_sharded_continuation_20260814/shards/shard_03/per_uid/B4GX14/p2rank/B4GX14.ds,P2Rank 2.5.1,,,,AFDB structure fetched; P2Rank ran under the approved command contract; no usable top predicted pocket residues were produced or mapped.,False,
B4HXA6,148,v6,d69805df5ba36e2bb552c88302ec540d66d03d05558d44bf8281769ff0ac08c2,/usrdata/EnzymeCAGE_data/tools/p2rank_2.5.1/prank predict -threads 4 -c alphafold -visualizations 0 -o /root/projects/EnzymeCAGE-master/HPC_Returned_Result_Summaries/enzymecage_m4_e2_full_4681_4gpu_sharded_continuation_20260814/shards/shard_00/per_uid/B4HXA6/p2rank/raw /root/projects/EnzymeCAGE-master/HPC_Returned_Result_Summaries/enzymecage_m4_e2_full_4681_4gpu_sharded_continuation_20260814/shards/shard_00/per_uid/B4HXA6/p2rank/B4HXA6.ds,P2Rank 2.5.1,,,,AFDB structure fetched; P2Rank ran under the approved command contract; no usable top predicted pocket residues were produced or mapped.,False,
B4KEN8,125,v6,a3d85f1c7e82e249700ce2931381dbfe29c05899da5231943e57ebbf9d8c1c38,/usrdata/EnzymeCAGE_data/tools/p2rank_2.5.1/prank predict -threads 4 -c alphafold -visualizations 0 -o /root/projects/EnzymeCAGE-master/HPC_Returned_Result_Summaries/enzymecage_m4_e2_full_4681_4gpu_sharded_continuation_20260814/shards/shard_02/per_uid/B4KEN8/p2rank/raw /root/projects/EnzymeCAGE-master/HPC_Returned_Result_Summaries/enzymecage_m4_e2_full_4681_4gpu_sharded_continuation_20260814/shards/shard_02/per_uid/B4KEN8/p2rank/B4KEN8.ds,P2Rank 2.5.1,,,,AFDB structure fetched; P2Rank ran under the approved command contract; no usable top predicted pocket residues were produced or mapped.,False,
B4MVR2,153,v6,64969570504ebe4cf7bb16b0210d197572be5e1aa5c4f825aacf024bcca38385,/usrdata/EnzymeCAGE_data/tools/p2rank_2.5.1/prank predict -threads 4 -c alphafold -visualizations 0 -o /root/projects/EnzymeCAGE-master/HPC_Returned_Result_Summaries/enzymecage_m4_e2_full_4681_4gpu_sharded_continuation_20260814/shards/shard_00/per_uid/B4MVR2/p2rank/raw /root/projects/EnzymeCAGE-master/HPC_Returned_Result_Summaries/enzymecage_m4_e2_full_4681_4gpu_sharded_continuation_20260814/shards/shard_00/per_uid/B4MVR2/p2rank/B4MVR2.ds,P2Rank 2.5.1,,,,AFDB structure fetched; P2Rank ran under the approved command contract; no usable top predicted pocket residues were produced or mapped.,False,
B4Q572,148,v6,29dcef165c1096c667376d2a4bcdaaf2d7ecc16b5bc48e68056facf304b7ce57,/usrdata/EnzymeCAGE_data/tools/p2rank_2.5.1/prank predict -threads 4 -c alphafold -visualizations 0 -o /root/projects/EnzymeCAGE-master/HPC_Returned_Result_Summaries/enzymecage_m4_e2_full_4681_4gpu_sharded_continuation_20260814/shards/shard_03/per_uid/B4Q572/p2rank/raw /root/projects/EnzymeCAGE-master/HPC_Returned_Result_Summaries/enzymecage_m4_e2_full_4681_4gpu_sharded_continuation_20260814/shards/shard_03/per_uid/B4Q572/p2rank/B4Q572.ds,P2Rank 2.5.1,,,,AFDB structure fetched; P2Rank ran under the approved command contract; no usable top predicted pocket residues were produced or mapped.,False,
B4R967,95,v6,90dccc8d5e15eb0fd8d5a7fa0b94fa6731fc515731560e981bdd11f1a1ffac04,/usrdata/EnzymeCAGE_data/tools/p2rank_2.5.1/prank predict -threads 4 -c alphafold -visualizations 0 -o /root/projects/EnzymeCAGE-master/HPC_Returned_Result_Summaries/enzymecage_m4_e2_full_4681_4gpu_sharded_continuation_20260814/shards/shard_00/per_uid/B4R967/p2rank/raw /root/projects/EnzymeCAGE-master/HPC_Returned_Result_Summaries/enzymecage_m4_e2_full_4681_4gpu_sharded_continuation_20260814/shards/shard_00/per_uid/B4R967/p2rank/B4R967.ds,P2Rank 2.5.1,,,,AFDB structure fetched; P2Rank ran under the approved command contract; no usable top predicted pocket residues were produced or mapped.,False,
B4RBN1,97,v6,79a56d1df18e6868eb9baa2d976fb1491214b8b58afdf68fb23dd14940e36cee,/usrdata/EnzymeCAGE_data/tools/p2rank_2.5.1/prank predict -threads 4 -c alphafold -visualizations 0 -o /root/projects/EnzymeCAGE-master/HPC_Returned_Result_Summaries/enzymecage_m4_e2_full_4681_4gpu_sharded_continuation_20260814/shards/shard_01/per_uid/B4RBN1/p2rank/raw /root/projects/EnzymeCAGE-master/HPC_Returned_Result_Summaries/enzymecage_m4_e2_full_4681_4gpu_sharded_continuation_20260814/shards/shard_01/per_uid/B4RBN1/p2rank/B4RBN1.ds,P2Rank 2.5.1,,,,AFDB structure fetched; P2Rank ran under the approved command contract; no usable top predicted pocket residues were produced or mapped.,False,
B4RM84,96,v6,ed7d0850e079c047be3b0ad73ff51a24809e29074ddddef420331a760e97495c,/usrdata/EnzymeCAGE_data/tools/p2rank_2.5.1/prank predict -threads 4 -c alphafold -visualizations 0 -o /root/projects/EnzymeCAGE-master/HPC_Returned_Result_Summaries/enzymecage_m4_e2_full_4681_4gpu_sharded_continuation_20260814/shards/shard_02/per_uid/B4RM84/p2rank/raw /root/projects/EnzymeCAGE-master/HPC_Returned_Result_Summaries/enzymecage_m4_e2_full_4681_4gpu_sharded_continuation_20260814/shards/shard_02/per_uid/B4RM84/p2rank/B4RM84.ds,P2Rank 2.5.1,,,,AFDB structure fetched; P2Rank ran under the approved command contract; no usable top predicted pocket residues were produced or mapped.,False,
B4RSX7,100,v6,bd6d97afacb1642139f3275ecf1f754426add858dc66f4310c2aa4bfc58aa4be,/usrdata/EnzymeCAGE_data/tools/p2rank_2.5.1/prank predict -threads 4 -c alphafold -visualizations 0 -o /root/projects/EnzymeCAGE-master/HPC_Returned_Result_Summaries/enzymecage_m4_e2_full_4681_4gpu_sharded_continuation_20260814/shards/shard_03/per_uid/B4RSX7/p2rank/raw /root/projects/EnzymeCAGE-master/HPC_Returned_Result_Summaries/enzymecage_m4_e2_full_4681_4gpu_sharded_continuation_20260814/shards/shard_03/per_uid/B4RSX7/p2rank/B4RSX7.ds,P2Rank 2.5.1,,,,AFDB structure fetched; P2Rank ran under the approved command contract; no usable top predicted pocket residues were produced or mapped.,False,
B4S751,138,v6,810c1917597dd5afb42479a24c57468b9215f4670ffe0b460ed5621012fcbbd4,/usrdata/EnzymeCAGE_data/tools/p2rank_2.5.1/prank predict -threads 4 -c alphafold -visualizations 0 -o /root/projects/EnzymeCAGE-master/HPC_Returned_Result_Summaries/enzymecage_m4_e2_full_4681_4gpu_sharded_continuation_20260814/shards/shard_00/per_uid/B4S751/p2rank/raw /root/projects/EnzymeCAGE-master/HPC_Returned_Result_Summaries/enzymecage_m4_e2_full_4681_4gpu_sharded_continuation_20260814/shards/shard_00/per_uid/B4S751/p2rank/B4S751.ds,P2Rank 2.5.1,,,,AFDB structure fetched; P2Rank ran under the approved command contract; no usable top predicted pocket residues were produced or mapped.,False,
B4TBI5,100,v6,e351f589743376d1ad5413acef2eeb1fabf0e3f77d82cd749c2e715ea4cdf2b3,/usrdata/EnzymeCAGE_data/tools/p2rank_2.5.1/prank predict -threads 4 -c alphafold -visualizations 0 -o /root/projects/EnzymeCAGE-master/HPC_Returned_Result_Summaries/enzymecage_m4_e2_full_4681_4gpu_sharded_continuation_20260814/shards/shard_02/per_uid/B4TBI5/p2rank/raw /root/projects/EnzymeCAGE-master/HPC_Returned_Result_Summaries/enzymecage_m4_e2_full_4681_4gpu_sharded_continuation_20260814/shards/shard_02/per_uid/B4TBI5/p2rank/B4TBI5.ds,P2Rank 2.5.1,,,,AFDB structure fetched; P2Rank ran under the approved command contract; no usable top predicted pocket residues were produced or mapped.,False,
B4TPK1,100,v6,8765680c92afcdfe926d77bbb7eb39f2ea5f071317c6ece5a87eff56b904f399,/usrdata/EnzymeCAGE_data/tools/p2rank_2.5.1/prank predict -threads 4 -c alphafold -visualizations 0 -o /root/projects/EnzymeCAGE-master/HPC_Returned_Result_Summaries/enzymecage_m4_e2_full_4681_4gpu_sharded_continuation_20260814/shards/shard_03/per_uid/B4TPK1/p2rank/raw /root/projects/EnzymeCAGE-master/HPC_Returned_Result_Summaries/enzymecage_m4_e2_full_4681_4gpu_sharded_continuation_20260814/shards/shard_03/per_uid/B4TPK1/p2rank/B4TPK1.ds,P2Rank 2.5.1,,,,AFDB structure fetched; P2Rank ran under the approved command contract; no usable top predicted pocket residues were produced or mapped.,False,
B5DK05,148,v6,435738976a3958c4e9e8f5a55f58bf0d20f024be2008678a8c973fe22e700467,/usrdata/EnzymeCAGE_data/tools/p2rank_2.5.1/prank predict -threads 4 -c alphafold -visualizations 0 -o /root/projects/EnzymeCAGE-master/HPC_Returned_Result_Summaries/enzymecage_m4_e2_full_4681_4gpu_sharded_continuation_20260814/shards/shard_00/per_uid/B5DK05/p2rank/raw /root/projects/EnzymeCAGE-master/HPC_Returned_Result_Summaries/enzymecage_m4_e2_full_4681_4gpu_sharded_continuation_20260814/shards/shard_00/per_uid/B5DK05/p2rank/B5DK05.ds,P2Rank 2.5.1,,,,AFDB structure fetched; P2Rank ran under the approved command contract; no usable top predicted pocket residues were produced or mapped.,False,
B5EKF7,95,v6,b439c1687d17a0504163f5af3d1413843148f1cd3c228ea2a43f57efe0537ad5,/usrdata/EnzymeCAGE_data/tools/p2rank_2.5.1/prank predict -threads 4 -c alphafold -visualizations 0 -o /root/projects/EnzymeCAGE-master/HPC_Returned_Result_Summaries/enzymecage_m4_e2_full_4681_4gpu_sharded_continuation_20260814/shards/shard_02/per_uid/B5EKF7/p2rank/raw /root/projects/EnzymeCAGE-master/HPC_Returned_Result_Summaries/enzymecage_m4_e2_full_4681_4gpu_sharded_continuation_20260814/shards/shard_02/per_uid/B5EKF7/p2rank/B5EKF7.ds,P2Rank 2.5.1,,,,AFDB structure fetched; P2Rank ran under the approved command contract; no usable top predicted pocket residues were produced or mapped.,False,
B5F736,79,v6,d84df20792a65d51ce2609e45e4406608775121c3a3f2aa1cb39600aa9d4b03f,/usrdata/EnzymeCAGE_data/tools/p2rank_2.5.1/prank predict -threads 4 -c alphafold -visualizations 0 -o /root/projects/EnzymeCAGE-master/HPC_Returned_Result_Summaries/enzymecage_m4_e2_full_4681_4gpu_sharded_continuation_20260814/shards/shard_03/per_uid/B5F736/p2rank/raw /root/projects/EnzymeCAGE-master/HPC_Returned_Result_Summaries/enzymecage_m4_e2_full_4681_4gpu_sharded_continuation_20260814/shards/shard_03/per_uid/B5F736/p2rank/B5F736.ds,P2Rank 2.5.1,,,,AFDB structure fetched; P2Rank ran under the approved command contract; no usable top predicted pocket residues were produced or mapped.,False,
B5FBC7,118,v6,17ebc2a181a051d215de02fe6ffb6f9f2d9cbd4cff7190f99983562b65de52e6,/usrdata/EnzymeCAGE_data/tools/p2rank_2.5.1/prank predict -threads 4 -c alphafold -visualizations 0 -o /root/projects/EnzymeCAGE-master/HPC_Returned_Result_Summaries/enzymecage_m4_e2_full_4681_4gpu_sharded_continuation_20260814/shards/shard_00/per_uid/B5FBC7/p2rank/raw /root/projects/EnzymeCAGE-master/HPC_Returned_Result_Summaries/enzymecage_m4_e2_full_4681_4gpu_sharded_continuation_20260814/shards/shard_00/per_uid/B5FBC7/p2rank/B5FBC7.ds,P2Rank 2.5.1,,,,AFDB structure fetched; P2Rank ran under the approved command contract; no usable top predicted pocket residues were produced or mapped.,False,
B5R300,100,v6,360bfe89f56e2ba04a512f48bb378c8982f00ee93528f2227209ff7301317375,/usrdata/EnzymeCAGE_data/tools/p2rank_2.5.1/prank predict -threads 4 -c alphafold -visualizations 0 -o /root/projects/EnzymeCAGE-master/HPC_Returned_Result_Summaries/enzymecage_m4_e2_full_4681_4gpu_sharded_continuation_20260814/shards/shard_01/per_uid/B5R300/p2rank/raw /root/projects/EnzymeCAGE-master/HPC_Returned_Result_Summaries/enzymecage_m4_e2_full_4681_4gpu_sharded_continuation_20260814/shards/shard_01/per_uid/B5R300/p2rank/B5R300.ds,P2Rank 2.5.1,,,,AFDB structure fetched; P2Rank ran under the approved command contract; no usable top predicted pocket residues were produced or mapped.,False,
B5XAM2,191,v6,abbc15f952bbb658423be6b7ab9b0b8f807481971df1fdcb3e506a93df650c5f,/usrdata/EnzymeCAGE_data/tools/p2rank_2.5.1/prank predict -threads 4 -c alphafold -visualizations 0 -o /root/projects/EnzymeCAGE-master/HPC_Returned_Result_Summaries/enzymecage_m4_e2_full_4681_4gpu_sharded_continuation_20260814/shards/shard_00/per_uid/B5XAM2/p2rank/raw /root/projects/EnzymeCAGE-master/HPC_Returned_Result_Summaries/enzymecage_m4_e2_full_4681_4gpu_sharded_continuation_20260814/shards/shard_00/per_uid/B5XAM2/p2rank/B5XAM2.ds,P2Rank 2.5.1,,,,AFDB structure fetched; P2Rank ran under the approved command contract; no usable top predicted pocket residues were produced or mapped.,False,
B5XI00,100,v6,20fc9773fe49a283c788f9cdb5c92ca0ba4bd0ddde16ddf12ffc30079035ad4b,/usrdata/EnzymeCAGE_data/tools/p2rank_2.5.1/prank predict -threads 4 -c alphafold -visualizations 0 -o /root/projects/EnzymeCAGE-master/HPC_Returned_Result_Summaries/enzymecage_m4_e2_full_4681_4gpu_sharded_continuation_20260814/shards/shard_01/per_uid/B5XI00/p2rank/raw /root/projects/EnzymeCAGE-master/HPC_Returned_Result_Summaries/enzymecage_m4_e2_full_4681_4gpu_sharded_continuation_20260814/shards/shard_01/per_uid/B5XI00/p2rank/B5XI00.ds,P2Rank 2.5.1,,,,AFDB structure fetched; P2Rank ran under the approved command contract; no usable top predicted pocket residues were produced or mapped.,False,
B5XU28,106,v6,46680d3a9e1ccfb6758ee6b2ef154ca810983d516f57142aab2f2a06041e84b9,/usrdata/EnzymeCAGE_data/tools/p2rank_2.5.1/prank predict -threads 4 -c alphafold -visualizations 0 -o /root/projects/EnzymeCAGE-master/HPC_Returned_Result_Summaries/enzymecage_m4_e2_full_4681_4gpu_sharded_continuation_20260814/shards/shard_02/per_uid/B5XU28/p2rank/raw /root/projects/EnzymeCAGE-master/HPC_Returned_Result_Summaries/enzymecage_m4_e2_full_4681_4gpu_sharded_continuation_20260814/shards/shard_02/per_uid/B5XU28/p2rank/B5XU28.ds,P2Rank 2.5.1,,,,AFDB structure fetched; P2Rank ran under the approved command contract; no usable top predicted pocket residues were produced or mapped.,False,
B5XU29,100,v6,fc1c6484505f460f4e3f3aa38e108e20d7f07f7bedc8100318bd9c59a567e8d6,/usrdata/EnzymeCAGE_data/tools/p2rank_2.5.1/prank predict -threads 4 -c alphafold -visualizations 0 -o /root/projects/EnzymeCAGE-master/HPC_Returned_Result_Summaries/enzymecage_m4_e2_full_4681_4gpu_sharded_continuation_20260814/shards/shard_03/per_uid/B5XU29/p2rank/raw /root/projects/EnzymeCAGE-master/HPC_Returned_Result_Summaries/enzymecage_m4_e2_full_4681_4gpu_sharded_continuation_20260814/shards/shard_03/per_uid/B5XU29/p2rank/B5XU29.ds,P2Rank 2.5.1,,,,AFDB structure fetched; P2Rank ran under the approved command contract; no usable top predicted pocket residues were produced or mapped.,False,
B5YEC9,100,v6,62ca01f3de1493bcaa6030e3b7e48e95298dff2ec099192ed75f8670d11912f0,/usrdata/EnzymeCAGE_data/tools/p2rank_2.5.1/prank predict -threads 4 -c alphafold -visualizations 0 -o /root/projects/EnzymeCAGE-master/HPC_Returned_Result_Summaries/enzymecage_m4_e2_full_4681_4gpu_sharded_continuation_20260814/shards/shard_00/per_uid/B5YEC9/p2rank/raw /root/projects/EnzymeCAGE-master/HPC_Returned_Result_Summaries/enzymecage_m4_e2_full_4681_4gpu_sharded_continuation_20260814/shards/shard_00/per_uid/B5YEC9/p2rank/B5YEC9.ds,P2Rank 2.5.1,,,,AFDB structure fetched; P2Rank ran under the approved command contract; no usable top predicted pocket residues were produced or mapped.,False,
B5YUX1,100,v6,62dc839073d09092984e3299e98da1d440248d7ea84eb709039a6095916c5a93,/usrdata/EnzymeCAGE_data/tools/p2rank_2.5.1/prank predict -threads 4 -c alphafold -visualizations 0 -o /root/projects/EnzymeCAGE-master/HPC_Returned_Result_Summaries/enzymecage_m4_e2_full_4681_4gpu_sharded_continuation_20260814/shards/shard_01/per_uid/B5YUX1/p2rank/raw /root/projects/EnzymeCAGE-master/HPC_Returned_Result_Summaries/enzymecage_m4_e2_full_4681_4gpu_sharded_continuation_20260814/shards/shard_01/per_uid/B5YUX1/p2rank/B5YUX1.ds,P2Rank 2.5.1,,,,AFDB structure fetched; P2Rank ran under the approved command contract; no usable top predicted pocket residues were produced or mapped.,False,
B5ZBT0,124,v6,965c5557baf4e7445c8239c7f0ca945c78dc4b931e27b0231f65099ab51c5ace,/usrdata/EnzymeCAGE_data/tools/p2rank_2.5.1/prank predict -threads 4 -c alphafold -visualizations 0 -o /root/projects/EnzymeCAGE-master/HPC_Returned_Result_Summaries/enzymecage_m4_e2_full_4681_4gpu_sharded_continuation_20260814/shards/shard_02/per_uid/B5ZBT0/p2rank/raw /root/projects/EnzymeCAGE-master/HPC_Returned_Result_Summaries/enzymecage_m4_e2_full_4681_4gpu_sharded_continuation_20260814/shards/shard_02/per_uid/B5ZBT0/p2rank/B5ZBT0.ds,P2Rank 2.5.1,,,,AFDB structure fetched; P2Rank ran under the approved command contract; no usable top predicted pocket residues were produced or mapped.,False,
B5ZBT1,101,v6,f6461516eff0366ef414aed9efe1333ac149be743a628dbbe3f742a6e1d63d06,/usrdata/EnzymeCAGE_data/tools/p2rank_2.5.1/prank predict -threads 4 -c alphafold -visualizations 0 -o /root/projects/EnzymeCAGE-master/HPC_Returned_Result_Summaries/enzymecage_m4_e2_full_4681_4gpu_sharded_continuation_20260814/shards/shard_03/per_uid/B5ZBT1/p2rank/raw /root/projects/EnzymeCAGE-master/HPC_Returned_Result_Summaries/enzymecage_m4_e2_full_4681_4gpu_sharded_continuation_20260814/shards/shard_03/per_uid/B5ZBT1/p2rank/B5ZBT1.ds,P2Rank 2.5.1,,,,AFDB structure fetched; P2Rank ran under the approved command contract; no usable top predicted pocket residues were produced or mapped.,False,
B5ZMI9,95,v6,d3d0e94ea8ffd769f4d4fb74117e16b677c0a07a35cff8ac7b944fa515d0b215,/usrdata/EnzymeCAGE_data/tools/p2rank_2.5.1/prank predict -threads 4 -c alphafold -visualizations 0 -o /root/projects/EnzymeCAGE-master/HPC_Returned_Result_Summaries/enzymecage_m4_e2_full_4681_4gpu_sharded_continuation_20260814/shards/shard_00/per_uid/B5ZMI9/p2rank/raw /root/projects/EnzymeCAGE-master/HPC_Returned_Result_Summaries/enzymecage_m4_e2_full_4681_4gpu_sharded_continuation_20260814/shards/shard_00/per_uid/B5ZMI9/p2rank/B5ZMI9.ds,P2Rank 2.5.1,,,,AFDB structure fetched; P2Rank ran under the approved command contract; no usable top predicted pocket residues were produced or mapped.,False,
B5ZMP3,101,v6,24e287c9eb81f0de23ed2bbe934d3a277085be8c2b113b402ec48931ea0f8dab,/usrdata/EnzymeCAGE_data/tools/p2rank_2.5.1/prank predict -threads 4 -c alphafold -visualizations 0 -o /root/projects/EnzymeCAGE-master/HPC_Returned_Result_Summaries/enzymecage_m4_e2_full_4681_4gpu_sharded_continuation_20260814/shards/shard_01/per_uid/B5ZMP3/p2rank/raw /root/projects/EnzymeCAGE-master/HPC_Returned_Result_Summaries/enzymecage_m4_e2_full_4681_4gpu_sharded_continuation_20260814/shards/shard_01/per_uid/B5ZMP3/p2rank/B5ZMP3.ds,P2Rank 2.5.1,,,,AFDB structure fetched; P2Rank ran under the approved command contract; no usable top predicted pocket residues were produced or mapped.,False,
B5ZMP5,100,v6,5aadc5adfbd730811ed5ebcf26f68c6e7fdbca68ca2ceafef0e1d057373c304d,/usrdata/EnzymeCAGE_data/tools/p2rank_2.5.1/prank predict -threads 4 -c alphafold -visualizations 0 -o /root/projects/EnzymeCAGE-master/HPC_Returned_Result_Summaries/enzymecage_m4_e2_full_4681_4gpu_sharded_continuation_20260814/shards/shard_02/per_uid/B5ZMP5/p2rank/raw /root/projects/EnzymeCAGE-master/HPC_Returned_Result_Summaries/enzymecage_m4_e2_full_4681_4gpu_sharded_continuation_20260814/shards/shard_02/per_uid/B5ZMP5/p2rank/B5ZMP5.ds,P2Rank 2.5.1,,,,AFDB structure fetched; P2Rank ran under the approved command contract; no usable top predicted pocket residues were produced or mapped.,False,
B5ZTF5,101,v6,bda1fa25ef1825200d9c3812e21de23896c07198c96f65ed12b185839e72729d,/usrdata/EnzymeCAGE_data/tools/p2rank_2.5.1/prank predict -threads 4 -c alphafold -visualizations 0 -o /root/projects/EnzymeCAGE-master/HPC_Returned_Result_Summaries/enzymecage_m4_e2_full_4681_4gpu_sharded_continuation_20260814/shards/shard_03/per_uid/B5ZTF5/p2rank/raw /root/projects/EnzymeCAGE-master/HPC_Returned_Result_Summaries/enzymecage_m4_e2_full_4681_4gpu_sharded_continuation_20260814/shards/shard_03/per_uid/B5ZTF5/p2rank/B5ZTF5.ds,P2Rank 2.5.1,,,,AFDB structure fetched; P2Rank ran under the approved command contract; no usable top predicted pocket residues were produced or mapped.,False,
B6IN24,95,v6,1c5f7f47c86582823f090b7bac86f84d74f0b4c91b259f9594991092f43e4754,/usrdata/EnzymeCAGE_data/tools/p2rank_2.5.1/prank predict -threads 4 -c alphafold -visualizations 0 -o /root/projects/EnzymeCAGE-master/HPC_Returned_Result_Summaries/enzymecage_m4_e2_full_4681_4gpu_sharded_continuation_20260814/shards/shard_02/per_uid/B6IN24/p2rank/raw /root/projects/EnzymeCAGE-master/HPC_Returned_Result_Summaries/enzymecage_m4_e2_full_4681_4gpu_sharded_continuation_20260814/shards/shard_02/per_uid/B6IN24/p2rank/B6IN24.ds,P2Rank 2.5.1,,,,AFDB structure fetched; P2Rank ran under the approved command contract; no usable top predicted pocket residues were produced or mapped.,False,
B6JFW0,95,v6,d693fff67fbde38a2ce4926e0ad7b8b6101b64ae0729a5f95e7f119620b50857,/usrdata/EnzymeCAGE_data/tools/p2rank_2.5.1/prank predict -threads 4 -c alphafold -visualizations 0 -o /root/projects/EnzymeCAGE-master/HPC_Returned_Result_Summaries/enzymecage_m4_e2_full_4681_4gpu_sharded_continuation_20260814/shards/shard_03/per_uid/B6JFW0/p2rank/raw /root/projects/EnzymeCAGE-master/HPC_Returned_Result_Summaries/enzymecage_m4_e2_full_4681_4gpu_sharded_continuation_20260814/shards/shard_03/per_uid/B6JFW0/p2rank/B6JFW0.ds,P2Rank 2.5.1,,,,AFDB structure fetched; P2Rank ran under the approved command contract; no usable top predicted pocket residues were produced or mapped.,False,
B6YRN2,197,v6,4cd80a80f88deabbbd64745f04e5c9b51ab23341b38ed95b824c058a775514b6,/usrdata/EnzymeCAGE_data/tools/p2rank_2.5.1/prank predict -threads 4 -c alphafold -visualizations 0 -o /root/projects/EnzymeCAGE-master/HPC_Returned_Result_Summaries/enzymecage_m4_e2_full_4681_4gpu_sharded_continuation_20260814/shards/shard_01/per_uid/B6YRN2/p2rank/raw /root/projects/EnzymeCAGE-master/HPC_Returned_Result_Summaries/enzymecage_m4_e2_full_4681_4gpu_sharded_continuation_20260814/shards/shard_01/per_uid/B6YRN2/p2rank/B6YRN2.ds,P2Rank 2.5.1,,,,AFDB structure fetched; P2Rank ran under the approved command contract; no usable top predicted pocket residues were produced or mapped.,False,
B7GXU4,102,v6,4dc273d90cc43e7308e571da96ee23e26d699048538a184a235772c05020b5f9,/usrdata/EnzymeCAGE_data/tools/p2rank_2.5.1/prank predict -threads 4 -c alphafold -visualizations 0 -o /root/projects/EnzymeCAGE-master/HPC_Returned_Result_Summaries/enzymecage_m4_e2_full_4681_4gpu_sharded_continuation_20260814/shards/shard_00/per_uid/B7GXU4/p2rank/raw /root/projects/EnzymeCAGE-master/HPC_Returned_Result_Summaries/enzymecage_m4_e2_full_4681_4gpu_sharded_continuation_20260814/shards/shard_00/per_uid/B7GXU4/p2rank/B7GXU4.ds,P2Rank 2.5.1,,,,AFDB structure fetched; P2Rank ran under the approved command contract; no usable top predicted pocket residues were produced or mapped.,False,
B7I748,102,v6,f858f3c794ff99a0490931ec048c56b1a3c2979221b0be6b99834538f0988205,/usrdata/EnzymeCAGE_data/tools/p2rank_2.5.1/prank predict -threads 4 -c alphafold -visualizations 0 -o /root/projects/EnzymeCAGE-master/HPC_Returned_Result_Summaries/enzymecage_m4_e2_full_4681_4gpu_sharded_continuation_20260814/shards/shard_01/per_uid/B7I748/p2rank/raw /root/projects/EnzymeCAGE-master/HPC_Returned_Result_Summaries/enzymecage_m4_e2_full_4681_4gpu_sharded_continuation_20260814/shards/shard_01/per_uid/B7I748/p2rank/B7I748.ds,P2Rank 2.5.1,,,,AFDB structure fetched; P2Rank ran under the approved command contract; no usable top predicted pocket residues were produced or mapped.,False,
B7I8T4,102,v6,9c2b28c2563d17c1bd3fbcb361e3a09fab8b337da254026ac5491a37193feae0,/usrdata/EnzymeCAGE_data/tools/p2rank_2.5.1/prank predict -threads 4 -c alphafold -visualizations 0 -o /root/projects/EnzymeCAGE-master/HPC_Returned_Result_Summaries/enzymecage_m4_e2_full_4681_4gpu_sharded_continuation_20260814/shards/shard_02/per_uid/B7I8T4/p2rank/raw /root/projects/EnzymeCAGE-master/HPC_Returned_Result_Summaries/enzymecage_m4_e2_full_4681_4gpu_sharded_continuation_20260814/shards/shard_02/per_uid/B7I8T4/p2rank/B7I8T4.ds,P2Rank 2.5.1,,,,AFDB structure fetched; P2Rank ran under the approved command contract; no usable top predicted pocket residues were produced or mapped.,False,
B7J4X0,95,v6,a7d4006a90c43ddf12970f4540d26015f69d6a0044e3faef49ebedc758adafcb,/usrdata/EnzymeCAGE_data/tools/p2rank_2.5.1/prank predict -threads 4 -c alphafold -visualizations 0 -o /root/projects/EnzymeCAGE-master/HPC_Returned_Result_Summaries/enzymecage_m4_e2_full_4681_4gpu_sharded_continuation_20260814/shards/shard_03/per_uid/B7J4X0/p2rank/raw /root/projects/EnzymeCAGE-master/HPC_Returned_Result_Summaries/enzymecage_m4_e2_full_4681_4gpu_sharded_continuation_20260814/shards/shard_03/per_uid/B7J4X0/p2rank/B7J4X0.ds,P2Rank 2.5.1,,,,AFDB structure fetched; P2Rank ran under the approved command contract; no usable top predicted pocket residues were produced or mapped.,False,
B7K906,112,v6,9eb39da45c39e368d91f4fd564768395e6559c968aeabc381c089f71861fb162,/usrdata/EnzymeCAGE_data/tools/p2rank_2.5.1/prank predict -threads 4 -c alphafold -visualizations 0 -o /root/projects/EnzymeCAGE-master/HPC_Returned_Result_Summaries/enzymecage_m4_e2_full_4681_4gpu_sharded_continuation_20260814/shards/shard_03/per_uid/B7K906/p2rank/raw /root/projects/EnzymeCAGE-master/HPC_Returned_Result_Summaries/enzymecage_m4_e2_full_4681_4gpu_sharded_continuation_20260814/shards/shard_03/per_uid/B7K906/p2rank/B7K906.ds,P2Rank 2.5.1,,,,AFDB structure fetched; P2Rank ran under the approved command contract; no usable top predicted pocket residues were produced or mapped.,False,
B7KZ04,201,v6,e98685cf1738dded510bed0d3d468f799c5a62bff147abc4cee2367cc52442a2,/usrdata/EnzymeCAGE_data/tools/p2rank_2.5.1/prank predict -threads 4 -c alphafold -visualizations 0 -o /root/projects/EnzymeCAGE-master/HPC_Returned_Result_Summaries/enzymecage_m4_e2_full_4681_4gpu_sharded_continuation_20260814/shards/shard_00/per_uid/B7KZ04/p2rank/raw /root/projects/EnzymeCAGE-master/HPC_Returned_Result_Summaries/enzymecage_m4_e2_full_4681_4gpu_sharded_continuation_20260814/shards/shard_00/per_uid/B7KZ04/p2rank/B7KZ04.ds,P2Rank 2.5.1,,,,AFDB structure fetched; P2Rank ran under the approved command contract; no usable top predicted pocket residues were produced or mapped.,False,
B7LVP2,82,v6,28acc64d84fc1d23aa27df69edc902c04b882be1a002af79f435b6d49fc363f2,/usrdata/EnzymeCAGE_data/tools/p2rank_2.5.1/prank predict -threads 4 -c alphafold -visualizations 0 -o /root/projects/EnzymeCAGE-master/HPC_Returned_Result_Summaries/enzymecage_m4_e2_full_4681_4gpu_sharded_continuation_20260814/shards/shard_02/per_uid/B7LVP2/p2rank/raw /root/projects/EnzymeCAGE-master/HPC_Returned_Result_Summaries/enzymecage_m4_e2_full_4681_4gpu_sharded_continuation_20260814/shards/shard_02/per_uid/B7LVP2/p2rank/B7LVP2.ds,P2Rank 2.5.1,,,,AFDB structure fetched; P2Rank ran under the approved command contract; no usable top predicted pocket residues were produced or mapped.,False,
B7LW38,126,v6,aeccacb07408b0acf2f669dea1688f6071df8a9e4fa06a2e31a1aa4dcc8eb9a9,/usrdata/EnzymeCAGE_data/tools/p2rank_2.5.1/prank predict -threads 4 -c alphafold -visualizations 0 -o /root/projects/EnzymeCAGE-master/HPC_Returned_Result_Summaries/enzymecage_m4_e2_full_4681_4gpu_sharded_continuation_20260814/shards/shard_03/per_uid/B7LW38/p2rank/raw /root/projects/EnzymeCAGE-master/HPC_Returned_Result_Summaries/enzymecage_m4_e2_full_4681_4gpu_sharded_continuation_20260814/shards/shard_03/per_uid/B7LW38/p2rank/B7LW38.ds,P2Rank 2.5.1,,,,AFDB structure fetched; P2Rank ran under the approved command contract; no usable top predicted pocket residues were produced or mapped.,False,
B7V022,95,v6,0a0077ea551bc66e899cbe086072fbff43fccee34c103700d1bc311ec1f1a602,/usrdata/EnzymeCAGE_data/tools/p2rank_2.5.1/prank predict -threads 4 -c alphafold -visualizations 0 -o /root/projects/EnzymeCAGE-master/HPC_Returned_Result_Summaries/enzymecage_m4_e2_full_4681_4gpu_sharded_continuation_20260814/shards/shard_01/per_uid/B7V022/p2rank/raw /root/projects/EnzymeCAGE-master/HPC_Returned_Result_Summaries/enzymecage_m4_e2_full_4681_4gpu_sharded_continuation_20260814/shards/shard_01/per_uid/B7V022/p2rank/B7V022.ds,P2Rank 2.5.1,,,,AFDB structure fetched; P2Rank ran under the approved command contract; no usable top predicted pocket residues were produced or mapped.,False,
B7V1S8,100,v6,f95974924a974d62756475d4fbe2941b1765ea1cecadb9cc5bc5ca633d712213,/usrdata/EnzymeCAGE_data/tools/p2rank_2.5.1/prank predict -threads 4 -c alphafold -visualizations 0 -o /root/projects/EnzymeCAGE-master/HPC_Returned_Result_Summaries/enzymecage_m4_e2_full_4681_4gpu_sharded_continuation_20260814/shards/shard_02/per_uid/B7V1S8/p2rank/raw /root/projects/EnzymeCAGE-master/HPC_Returned_Result_Summaries/enzymecage_m4_e2_full_4681_4gpu_sharded_continuation_20260814/shards/shard_02/per_uid/B7V1S8/p2rank/B7V1S8.ds,P2Rank 2.5.1,,,,AFDB structure fetched; P2Rank ran under the approved command contract; no usable top predicted pocket residues were produced or mapped.,False,
B7VAQ6,102,v6,ed5c14005937542062487efe16cbe35c682c0e7b5fa3f217e729c52e337428f8,/usrdata/EnzymeCAGE_data/tools/p2rank_2.5.1/prank predict -threads 4 -c alphafold -visualizations 0 -o /root/projects/EnzymeCAGE-master/HPC_Returned_Result_Summaries/enzymecage_m4_e2_full_4681_4gpu_sharded_continuation_20260814/shards/shard_03/per_uid/B7VAQ6/p2rank/raw /root/projects/EnzymeCAGE-master/HPC_Returned_Result_Summaries/enzymecage_m4_e2_full_4681_4gpu_sharded_continuation_20260814/shards/shard_03/per_uid/B7VAQ6/p2rank/B7VAQ6.ds,P2Rank 2.5.1,,,,AFDB structure fetched; P2Rank ran under the approved command contract; no usable top predicted pocket residues were produced or mapped.,False,
B8D768,100,v6,662e4e35f3cce1cbcfa38929658f849e76474a0ec7579cf21ccb1a19cac96560,/usrdata/EnzymeCAGE_data/tools/p2rank_2.5.1/prank predict -threads 4 -c alphafold -visualizations 0 -o /root/projects/EnzymeCAGE-master/HPC_Returned_Result_Summaries/enzymecage_m4_e2_full_4681_4gpu_sharded_continuation_20260814/shards/shard_02/per_uid/B8D768/p2rank/raw /root/projects/EnzymeCAGE-master/HPC_Returned_Result_Summaries/enzymecage_m4_e2_full_4681_4gpu_sharded_continuation_20260814/shards/shard_02/per_uid/B8D768/p2rank/B8D768.ds,P2Rank 2.5.1,,,,AFDB structure fetched; P2Rank ran under the approved command contract; no usable top predicted pocket residues were produced or mapped.,False,
B8D8W4,100,v6,a28ad4a77f85c8f3932016724b004d57805a22922dfeab6fe54505fc3620e260,/usrdata/EnzymeCAGE_data/tools/p2rank_2.5.1/prank predict -threads 4 -c alphafold -visualizations 0 -o /root/projects/EnzymeCAGE-master/HPC_Returned_Result_Summaries/enzymecage_m4_e2_full_4681_4gpu_sharded_continuation_20260814/shards/shard_03/per_uid/B8D8W4/p2rank/raw /root/projects/EnzymeCAGE-master/HPC_Returned_Result_Summaries/enzymecage_m4_e2_full_4681_4gpu_sharded_continuation_20260814/shards/shard_03/per_uid/B8D8W4/p2rank/B8D8W4.ds,P2Rank 2.5.1,,,,AFDB structure fetched; P2Rank ran under the approved command contract; no usable top predicted pocket residues were produced or mapped.,False,
B8DSI4,98,v6,d1bda9618ea311c39072b431e1500b54275df6f083147af88d1feeda90b92ec3,/usrdata/EnzymeCAGE_data/tools/p2rank_2.5.1/prank predict -threads 4 -c alphafold -visualizations 0 -o /root/projects/EnzymeCAGE-master/HPC_Returned_Result_Summaries/enzymecage_m4_e2_full_4681_4gpu_sharded_continuation_20260814/shards/shard_01/per_uid/B8DSI4/p2rank/raw /root/projects/EnzymeCAGE-master/HPC_Returned_Result_Summaries/enzymecage_m4_e2_full_4681_4gpu_sharded_continuation_20260814/shards/shard_01/per_uid/B8DSI4/p2rank/B8DSI4.ds,P2Rank 2.5.1,,,,AFDB structure fetched; P2Rank ran under the approved command contract; no usable top predicted pocket residues were produced or mapped.,False,
B8E2U4,100,v6,157d6c7e143473432d2c8506032208775ffacb001ba888375ffff666eb7296b1,/usrdata/EnzymeCAGE_data/tools/p2rank_2.5.1/prank predict -threads 4 -c alphafold -visualizations 0 -o /root/projects/EnzymeCAGE-master/HPC_Returned_Result_Summaries/enzymecage_m4_e2_full_4681_4gpu_sharded_continuation_20260814/shards/shard_02/per_uid/B8E2U4/p2rank/raw /root/projects/EnzymeCAGE-master/HPC_Returned_Result_Summaries/enzymecage_m4_e2_full_4681_4gpu_sharded_continuation_20260814/shards/shard_02/per_uid/B8E2U4/p2rank/B8E2U4.ds,P2Rank 2.5.1,,,,AFDB structure fetched; P2Rank ran under the approved command contract; no usable top predicted pocket residues were produced or mapped.,False,
B8EPC2,95,v6,7c626687c6211fcfd4eb655c92c69e0ad798eb5db0184ca940993869edf8fd00,/usrdata/EnzymeCAGE_data/tools/p2rank_2.5.1/prank predict -threads 4 -c alphafold -visualizations 0 -o /root/projects/EnzymeCAGE-master/HPC_Returned_Result_Summaries/enzymecage_m4_e2_full_4681_4gpu_sharded_continuation_20260814/shards/shard_03/per_uid/B8EPC2/p2rank/raw /root/projects/EnzymeCAGE-master/HPC_Returned_Result_Summaries/enzymecage_m4_e2_full_4681_4gpu_sharded_continuation_20260814/shards/shard_03/per_uid/B8EPC2/p2rank/B8EPC2.ds,P2Rank 2.5.1,,,,AFDB structure fetched; P2Rank ran under the approved command contract; no usable top predicted pocket residues were produced or mapped.,False,
B8EPV0,104,v6,ede2fc7c10c7ed4da41add5b563ca0796128ee7b1996f0c1c406439f38647690,/usrdata/EnzymeCAGE_data/tools/p2rank_2.5.1/prank predict -threads 4 -c alphafold -visualizations 0 -o /root/projects/EnzymeCAGE-master/HPC_Returned_Result_Summaries/enzymecage_m4_e2_full_4681_4gpu_sharded_continuation_20260814/shards/shard_00/per_uid/B8EPV0/p2rank/raw /root/projects/EnzymeCAGE-master/HPC_Returned_Result_Summaries/enzymecage_m4_e2_full_4681_4gpu_sharded_continuation_20260814/shards/shard_00/per_uid/B8EPV0/p2rank/B8EPV0.ds,P2Rank 2.5.1,,,,AFDB structure fetched; P2Rank ran under the approved command contract; no usable top predicted pocket residues were produced or mapped.,False,
B8EPV1,100,v6,26be7272e966c160369ac276a61732c64910ecdaa3270925404901f6f72c3484,/usrdata/EnzymeCAGE_data/tools/p2rank_2.5.1/prank predict -threads 4 -c alphafold -visualizations 0 -o /root/projects/EnzymeCAGE-master/HPC_Returned_Result_Summaries/enzymecage_m4_e2_full_4681_4gpu_sharded_continuation_20260814/shards/shard_01/per_uid/B8EPV1/p2rank/raw /root/projects/EnzymeCAGE-master/HPC_Returned_Result_Summaries/enzymecage_m4_e2_full_4681_4gpu_sharded_continuation_20260814/shards/shard_01/per_uid/B8EPV1/p2rank/B8EPV1.ds,P2Rank 2.5.1,,,,AFDB structure fetched; P2Rank ran under the approved command contract; no usable top predicted pocket residues were produced or mapped.,False,
B8FP45,94,v6,473aba25fb632aaf4044aa1cc38c3f09198530aae552b6a1db4c02b7ee596fed,/usrdata/EnzymeCAGE_data/tools/p2rank_2.5.1/prank predict -threads 4 -c alphafold -visualizations 0 -o /root/projects/EnzymeCAGE-master/HPC_Returned_Result_Summaries/enzymecage_m4_e2_full_4681_4gpu_sharded_continuation_20260814/shards/shard_02/per_uid/B8FP45/p2rank/raw /root/projects/EnzymeCAGE-master/HPC_Returned_Result_Summaries/enzymecage_m4_e2_full_4681_4gpu_sharded_continuation_20260814/shards/shard_02/per_uid/B8FP45/p2rank/B8FP45.ds,P2Rank 2.5.1,,,,AFDB structure fetched; P2Rank ran under the approved command contract; no usable top predicted pocket residues were produced or mapped.,False,
B8G3F7,94,v6,bb49f89cc7461f1331ecda17d1e953c9eff9d2261cc08d8fbae960b2318f487b,/usrdata/EnzymeCAGE_data/tools/p2rank_2.5.1/prank predict -threads 4 -c alphafold -visualizations 0 -o /root/projects/EnzymeCAGE-master/HPC_Returned_Result_Summaries/enzymecage_m4_e2_full_4681_4gpu_sharded_continuation_20260814/shards/shard_03/per_uid/B8G3F7/p2rank/raw /root/projects/EnzymeCAGE-master/HPC_Returned_Result_Summaries/enzymecage_m4_e2_full_4681_4gpu_sharded_continuation_20260814/shards/shard_03/per_uid/B8G3F7/p2rank/B8G3F7.ds,P2Rank 2.5.1,,,,AFDB structure fetched; P2Rank ran under the approved command contract; no usable top predicted pocket residues were produced or mapped.,False,
B8GCI2,96,v6,e2d6d4d5e29c9f82143bb278c410bfe42a7cda0d0ab27bb6159738e4c51a904f,/usrdata/EnzymeCAGE_data/tools/p2rank_2.5.1/prank predict -threads 4 -c alphafold -visualizations 0 -o /root/projects/EnzymeCAGE-master/HPC_Returned_Result_Summaries/enzymecage_m4_e2_full_4681_4gpu_sharded_continuation_20260814/shards/shard_00/per_uid/B8GCI2/p2rank/raw /root/projects/EnzymeCAGE-master/HPC_Returned_Result_Summaries/enzymecage_m4_e2_full_4681_4gpu_sharded_continuation_20260814/shards/shard_00/per_uid/B8GCI2/p2rank/B8GCI2.ds,P2Rank 2.5.1,,,,AFDB structure fetched; P2Rank ran under the approved command contract; no usable top predicted pocket residues were produced or mapped.,False,
B8GL94,95,v6,a4c025b78d85b465bac1b8fc088dcf4d377889ed1b53bd417f54914af128be42,/usrdata/EnzymeCAGE_data/tools/p2rank_2.5.1/prank predict -threads 4 -c alphafold -visualizations 0 -o /root/projects/EnzymeCAGE-master/HPC_Returned_Result_Summaries/enzymecage_m4_e2_full_4681_4gpu_sharded_continuation_20260814/shards/shard_02/per_uid/B8GL94/p2rank/raw /root/projects/EnzymeCAGE-master/HPC_Returned_Result_Summaries/enzymecage_m4_e2_full_4681_4gpu_sharded_continuation_20260814/shards/shard_02/per_uid/B8GL94/p2rank/B8GL94.ds,P2Rank 2.5.1,,,,AFDB structure fetched; P2Rank ran under the approved command contract; no usable top predicted pocket residues were produced or mapped.,False,
B8GQ24,100,v6,d1226be3a957ba25a6c4fb57115805c2e40c21a6ffada44470cb80e44a7a9636,/usrdata/EnzymeCAGE_data/tools/p2rank_2.5.1/prank predict -threads 4 -c alphafold -visualizations 0 -o /root/projects/EnzymeCAGE-master/HPC_Returned_Result_Summaries/enzymecage_m4_e2_full_4681_4gpu_sharded_continuation_20260814/shards/shard_03/per_uid/B8GQ24/p2rank/raw /root/projects/EnzymeCAGE-master/HPC_Returned_Result_Summaries/enzymecage_m4_e2_full_4681_4gpu_sharded_continuation_20260814/shards/shard_03/per_uid/B8GQ24/p2rank/B8GQ24.ds,P2Rank 2.5.1,,,,AFDB structure fetched; P2Rank ran under the approved command contract; no usable top predicted pocket residues were produced or mapped.,False,
B8GYB5,94,v6,3902fb16c0840b774a619c1cf1dc9136bf1d36a185645c3b04a14b21670d631e,/usrdata/EnzymeCAGE_data/tools/p2rank_2.5.1/prank predict -threads 4 -c alphafold -visualizations 0 -o /root/projects/EnzymeCAGE-master/HPC_Returned_Result_Summaries/enzymecage_m4_e2_full_4681_4gpu_sharded_continuation_20260814/shards/shard_00/per_uid/B8GYB5/p2rank/raw /root/projects/EnzymeCAGE-master/HPC_Returned_Result_Summaries/enzymecage_m4_e2_full_4681_4gpu_sharded_continuation_20260814/shards/shard_00/per_uid/B8GYB5/p2rank/B8GYB5.ds,P2Rank 2.5.1,,,,AFDB structure fetched; P2Rank ran under the approved command contract; no usable top predicted pocket residues were produced or mapped.,False,
B8GZJ6,95,v6,bb30ebb5bcdb01133d96025ffa99be80431193ef5bad83c2b5ef5315ffa133bb,/usrdata/EnzymeCAGE_data/tools/p2rank_2.5.1/prank predict -threads 4 -c alphafold -visualizations 0 -o /root/projects/EnzymeCAGE-master/HPC_Returned_Result_Summaries/enzymecage_m4_e2_full_4681_4gpu_sharded_continuation_20260814/shards/shard_01/per_uid/B8GZJ6/p2rank/raw /root/projects/EnzymeCAGE-master/HPC_Returned_Result_Summaries/enzymecage_m4_e2_full_4681_4gpu_sharded_continuation_20260814/shards/shard_01/per_uid/B8GZJ6/p2rank/B8GZJ6.ds,P2Rank 2.5.1,,,,AFDB structure fetched; P2Rank ran under the approved command contract; no usable top predicted pocket residues were produced or mapped.,False,
B8HA06,117,v6,cf343e138f8eb06e0e7ff973834799073c24ad0b9e84c4866e267ed85db4f9c1,/usrdata/EnzymeCAGE_data/tools/p2rank_2.5.1/prank predict -threads 4 -c alphafold -visualizations 0 -o /root/projects/EnzymeCAGE-master/HPC_Returned_Result_Summaries/enzymecage_m4_e2_full_4681_4gpu_sharded_continuation_20260814/shards/shard_02/per_uid/B8HA06/p2rank/raw /root/projects/EnzymeCAGE-master/HPC_Returned_Result_Summaries/enzymecage_m4_e2_full_4681_4gpu_sharded_continuation_20260814/shards/shard_02/per_uid/B8HA06/p2rank/B8HA06.ds,P2Rank 2.5.1,,,,AFDB structure fetched; P2Rank ran under the approved command contract; no usable top predicted pocket residues were produced or mapped.,False,
B8HAC8,200,v6,99c3791e6fe38d873a9db78d904680736aea20adba800d9f5f70993923a14e51,/usrdata/EnzymeCAGE_data/tools/p2rank_2.5.1/prank predict -threads 4 -c alphafold -visualizations 0 -o /root/projects/EnzymeCAGE-master/HPC_Returned_Result_Summaries/enzymecage_m4_e2_full_4681_4gpu_sharded_continuation_20260814/shards/shard_03/per_uid/B8HAC8/p2rank/raw /root/projects/EnzymeCAGE-master/HPC_Returned_Result_Summaries/enzymecage_m4_e2_full_4681_4gpu_sharded_continuation_20260814/shards/shard_03/per_uid/B8HAC8/p2rank/B8HAC8.ds,P2Rank 2.5.1,,,,AFDB structure fetched; P2Rank ran under the approved command contract; no usable top predicted pocket residues were produced or mapped.,False,
B8HFK0,98,v6,a3fdcbcbbd45ab5ad8b57081551f42a9370616e0dcacfec0f39f9721a080ed36,/usrdata/EnzymeCAGE_data/tools/p2rank_2.5.1/prank predict -threads 4 -c alphafold -visualizations 0 -o /root/projects/EnzymeCAGE-master/HPC_Returned_Result_Summaries/enzymecage_m4_e2_full_4681_4gpu_sharded_continuation_20260814/shards/shard_00/per_uid/B8HFK0/p2rank/raw /root/projects/EnzymeCAGE-master/HPC_Returned_Result_Summaries/enzymecage_m4_e2_full_4681_4gpu_sharded_continuation_20260814/shards/shard_00/per_uid/B8HFK0/p2rank/B8HFK0.ds,P2Rank 2.5.1,,,,AFDB structure fetched; P2Rank ran under the approved command contract; no usable top predicted pocket residues were produced or mapped.,False,
B8HU56,97,v6,f1ce3569d080b8bffda8869b9ee7e5b955d3daac61f3af39493de363fe435fd6,/usrdata/EnzymeCAGE_data/tools/p2rank_2.5.1/prank predict -threads 4 -c alphafold -visualizations 0 -o /root/projects/EnzymeCAGE-master/HPC_Returned_Result_Summaries/enzymecage_m4_e2_full_4681_4gpu_sharded_continuation_20260814/shards/shard_02/per_uid/B8HU56/p2rank/raw /root/projects/EnzymeCAGE-master/HPC_Returned_Result_Summaries/enzymecage_m4_e2_full_4681_4gpu_sharded_continuation_20260814/shards/shard_02/per_uid/B8HU56/p2rank/B8HU56.ds,P2Rank 2.5.1,,,,AFDB structure fetched; P2Rank ran under the approved command contract; no usable top predicted pocket residues were produced or mapped.,False,
B8HW52,100,v6,5bf06e6d95905aad446505faec999c92621814c474af7569646bd2220cafce62,/usrdata/EnzymeCAGE_data/tools/p2rank_2.5.1/prank predict -threads 4 -c alphafold -visualizations 0 -o /root/projects/EnzymeCAGE-master/HPC_Returned_Result_Summaries/enzymecage_m4_e2_full_4681_4gpu_sharded_continuation_20260814/shards/shard_03/per_uid/B8HW52/p2rank/raw /root/projects/EnzymeCAGE-master/HPC_Returned_Result_Summaries/enzymecage_m4_e2_full_4681_4gpu_sharded_continuation_20260814/shards/shard_03/per_uid/B8HW52/p2rank/B8HW52.ds,P2Rank 2.5.1,,,,AFDB structure fetched; P2Rank ran under the approved command contract; no usable top predicted pocket residues were produced or mapped.,False,
B8I4G1,163,v6,75701da316db929adc8cdf238b5c0ba97920c0c137a0689bbd214ca0a2cc9a25,/usrdata/EnzymeCAGE_data/tools/p2rank_2.5.1/prank predict -threads 4 -c alphafold -visualizations 0 -o /root/projects/EnzymeCAGE-master/HPC_Returned_Result_Summaries/enzymecage_m4_e2_full_4681_4gpu_sharded_continuation_20260814/shards/shard_00/per_uid/B8I4G1/p2rank/raw /root/projects/EnzymeCAGE-master/HPC_Returned_Result_Summaries/enzymecage_m4_e2_full_4681_4gpu_sharded_continuation_20260814/shards/shard_00/per_uid/B8I4G1/p2rank/B8I4G1.ds,P2Rank 2.5.1,,,,AFDB structure fetched; P2Rank ran under the approved command contract; no usable top predicted pocket residues were produced or mapped.,False,
B8IL52,95,v6,b112e3d08b606e6e93342e67ba37ec8c56328c16b610e6d0856a8369c3b9d857,/usrdata/EnzymeCAGE_data/tools/p2rank_2.5.1/prank predict -threads 4 -c alphafold -visualizations 0 -o /root/projects/EnzymeCAGE-master/HPC_Returned_Result_Summaries/enzymecage_m4_e2_full_4681_4gpu_sharded_continuation_20260814/shards/shard_01/per_uid/B8IL52/p2rank/raw /root/projects/EnzymeCAGE-master/HPC_Returned_Result_Summaries/enzymecage_m4_e2_full_4681_4gpu_sharded_continuation_20260814/shards/shard_01/per_uid/B8IL52/p2rank/B8IL52.ds,P2Rank 2.5.1,,,,AFDB structure fetched; P2Rank ran under the approved command contract; no usable top predicted pocket residues were produced or mapped.,False,
B8J364,173,v6,5f056be274e354d5c01304d9376448ed2318312a46a2d35478a3abc650d06f6a,/usrdata/EnzymeCAGE_data/tools/p2rank_2.5.1/prank predict -threads 4 -c alphafold -visualizations 0 -o /root/projects/EnzymeCAGE-master/HPC_Returned_Result_Summaries/enzymecage_m4_e2_full_4681_4gpu_sharded_continuation_20260814/shards/shard_03/per_uid/B8J364/p2rank/raw /root/projects/EnzymeCAGE-master/HPC_Returned_Result_Summaries/enzymecage_m4_e2_full_4681_4gpu_sharded_continuation_20260814/shards/shard_03/per_uid/B8J364/p2rank/B8J364.ds,P2Rank 2.5.1,,,,AFDB structure fetched; P2Rank ran under the approved command contract; no usable top predicted pocket residues were produced or mapped.,False,
B8ZLK2,100,v6,3066ee921dc4c5f4e0dcc705cf10c500af301cf98f7d892a6ef182c7072a98f7,/usrdata/EnzymeCAGE_data/tools/p2rank_2.5.1/prank predict -threads 4 -c alphafold -visualizations 0 -o /root/projects/EnzymeCAGE-master/HPC_Returned_Result_Summaries/enzymecage_m4_e2_full_4681_4gpu_sharded_continuation_20260814/shards/shard_00/per_uid/B8ZLK2/p2rank/raw /root/projects/EnzymeCAGE-master/HPC_Returned_Result_Summaries/enzymecage_m4_e2_full_4681_4gpu_sharded_continuation_20260814/shards/shard_00/per_uid/B8ZLK2/p2rank/B8ZLK2.ds,P2Rank 2.5.1,,,,AFDB structure fetched; P2Rank ran under the approved command contract; no usable top predicted pocket residues were produced or mapped.,False,
B9DLX8,100,v6,d24fd37626788d1f7849875ade85b2db287faacd5cc727265e7ccb2728728aea,/usrdata/EnzymeCAGE_data/tools/p2rank_2.5.1/prank predict -threads 4 -c alphafold -visualizations 0 -o /root/projects/EnzymeCAGE-master/HPC_Returned_Result_Summaries/enzymecage_m4_e2_full_4681_4gpu_sharded_continuation_20260814/shards/shard_01/per_uid/B9DLX8/p2rank/raw /root/projects/EnzymeCAGE-master/HPC_Returned_Result_Summaries/enzymecage_m4_e2_full_4681_4gpu_sharded_continuation_20260814/shards/shard_01/per_uid/B9DLX8/p2rank/B9DLX8.ds,P2Rank 2.5.1,,,,AFDB structure fetched; P2Rank ran under the approved command contract; no usable top predicted pocket residues were produced or mapped.,False,
B9DMT9,100,v6,1264514892203fac596ebfd2834a3dbdce7fe5452934022f30e7aa3d6594d27c,/usrdata/EnzymeCAGE_data/tools/p2rank_2.5.1/prank predict -threads 4 -c alphafold -visualizations 0 -o /root/projects/EnzymeCAGE-master/HPC_Returned_Result_Summaries/enzymecage_m4_e2_full_4681_4gpu_sharded_continuation_20260814/shards/shard_02/per_uid/B9DMT9/p2rank/raw /root/projects/EnzymeCAGE-master/HPC_Returned_Result_Summaries/enzymecage_m4_e2_full_4681_4gpu_sharded_continuation_20260814/shards/shard_02/per_uid/B9DMT9/p2rank/B9DMT9.ds,P2Rank 2.5.1,,,,AFDB structure fetched; P2Rank ran under the approved command contract; no usable top predicted pocket residues were produced or mapped.,False,
B9J8M5,101,v6,ebe4cbd0d3a9fbad0164901648827961ff6f36dab5e297879ae785be4e5883be,/usrdata/EnzymeCAGE_data/tools/p2rank_2.5.1/prank predict -threads 4 -c alphafold -visualizations 0 -o /root/projects/EnzymeCAGE-master/HPC_Returned_Result_Summaries/enzymecage_m4_e2_full_4681_4gpu_sharded_continuation_20260814/shards/shard_03/per_uid/B9J8M5/p2rank/raw /root/projects/EnzymeCAGE-master/HPC_Returned_Result_Summaries/enzymecage_m4_e2_full_4681_4gpu_sharded_continuation_20260814/shards/shard_03/per_uid/B9J8M5/p2rank/B9J8M5.ds,P2Rank 2.5.1,,,,AFDB structure fetched; P2Rank ran under the approved command contract; no usable top predicted pocket residues were produced or mapped.,False,
B9J8M6,100,v6,68595ff3b494354b87c9bf986dc2c7c8d5a4eff4bfad5c49d7e5ede5782834e7,/usrdata/EnzymeCAGE_data/tools/p2rank_2.5.1/prank predict -threads 4 -c alphafold -visualizations 0 -o /root/projects/EnzymeCAGE-master/HPC_Returned_Result_Summaries/enzymecage_m4_e2_full_4681_4gpu_sharded_continuation_20260814/shards/shard_00/per_uid/B9J8M6/p2rank/raw /root/projects/EnzymeCAGE-master/HPC_Returned_Result_Summaries/enzymecage_m4_e2_full_4681_4gpu_sharded_continuation_20260814/shards/shard_00/per_uid/B9J8M6/p2rank/B9J8M6.ds,P2Rank 2.5.1,,,,AFDB structure fetched; P2Rank ran under the approved command contract; no usable top predicted pocket residues were produced or mapped.,False,
B9JDM9,95,v6,b5d591f267e3001734372cca4e184f93b1794a8eb781749a8524f34d852ac277,/usrdata/EnzymeCAGE_data/tools/p2rank_2.5.1/prank predict -threads 4 -c alphafold -visualizations 0 -o /root/projects/EnzymeCAGE-master/HPC_Returned_Result_Summaries/enzymecage_m4_e2_full_4681_4gpu_sharded_continuation_20260814/shards/shard_01/per_uid/B9JDM9/p2rank/raw /root/projects/EnzymeCAGE-master/HPC_Returned_Result_Summaries/enzymecage_m4_e2_full_4681_4gpu_sharded_continuation_20260814/shards/shard_01/per_uid/B9JDM9/p2rank/B9JDM9.ds,P2Rank 2.5.1,,,,AFDB structure fetched; P2Rank ran under the approved command contract; no usable top predicted pocket residues were produced or mapped.,False,
B9JR84,101,v6,36937b19dc2e8eea4cbd738c2e213a574a2e7f12ee0e1cc92ce9832e545c5d6d,/usrdata/EnzymeCAGE_data/tools/p2rank_2.5.1/prank predict -threads 4 -c alphafold -visualizations 0 -o /root/projects/EnzymeCAGE-master/HPC_Returned_Result_Summaries/enzymecage_m4_e2_full_4681_4gpu_sharded_continuation_20260814/shards/shard_02/per_uid/B9JR84/p2rank/raw /root/projects/EnzymeCAGE-master/HPC_Returned_Result_Summaries/enzymecage_m4_e2_full_4681_4gpu_sharded_continuation_20260814/shards/shard_02/per_uid/B9JR84/p2rank/B9JR84.ds,P2Rank 2.5.1,,,,AFDB structure fetched; P2Rank ran under the approved command contract; no usable top predicted pocket residues were produced or mapped.,False,
B9JR86,100,v6,588abdc372289e2761a28944717541af343e1ab024bad1272d022410357c7ec6,/usrdata/EnzymeCAGE_data/tools/p2rank_2.5.1/prank predict -threads 4 -c alphafold -visualizations 0 -o /root/projects/EnzymeCAGE-master/HPC_Returned_Result_Summaries/enzymecage_m4_e2_full_4681_4gpu_sharded_continuation_20260814/shards/shard_03/per_uid/B9JR86/p2rank/raw /root/projects/EnzymeCAGE-master/HPC_Returned_Result_Summaries/enzymecage_m4_e2_full_4681_4gpu_sharded_continuation_20260814/shards/shard_03/per_uid/B9JR86/p2rank/B9JR86.ds,P2Rank 2.5.1,,,,AFDB structure fetched; P2Rank ran under the approved command contract; no usable top predicted pocket residues were produced or mapped.,False,
B9JVJ0,95,v6,0a01901d9dbd9f976c772a4d82fa5261a77fd49ead283584a92805ec496e6b0c,/usrdata/EnzymeCAGE_data/tools/p2rank_2.5.1/prank predict -threads 4 -c alphafold -visualizations 0 -o /root/projects/EnzymeCAGE-master/HPC_Returned_Result_Summaries/enzymecage_m4_e2_full_4681_4gpu_sharded_continuation_20260814/shards/shard_00/per_uid/B9JVJ0/p2rank/raw /root/projects/EnzymeCAGE-master/HPC_Returned_Result_Summaries/enzymecage_m4_e2_full_4681_4gpu_sharded_continuation_20260814/shards/shard_00/per_uid/B9JVJ0/p2rank/B9JVJ0.ds,P2Rank 2.5.1,,,,AFDB structure fetched; P2Rank ran under the approved command contract; no usable top predicted pocket residues were produced or mapped.,False,
B9KFJ8,95,v6,50afdef90ecb9fc64189d853f603c7c8ab71684b85db54b601f9020f6867fe64,/usrdata/EnzymeCAGE_data/tools/p2rank_2.5.1/prank predict -threads 4 -c alphafold -visualizations 0 -o /root/projects/EnzymeCAGE-master/HPC_Returned_Result_Summaries/enzymecage_m4_e2_full_4681_4gpu_sharded_continuation_20260814/shards/shard_01/per_uid/B9KFJ8/p2rank/raw /root/projects/EnzymeCAGE-master/HPC_Returned_Result_Summaries/enzymecage_m4_e2_full_4681_4gpu_sharded_continuation_20260814/shards/shard_01/per_uid/B9KFJ8/p2rank/B9KFJ8.ds,P2Rank 2.5.1,,,,AFDB structure fetched; P2Rank ran under the approved command contract; no usable top predicted pocket residues were produced or mapped.,False,
B9KK51,100,v6,59f3a49d8807a3463ba7db2a0d79fd47b67f9d0ad165b60f8c86477b3e7c310a,/usrdata/EnzymeCAGE_data/tools/p2rank_2.5.1/prank predict -threads 4 -c alphafold -visualizations 0 -o /root/projects/EnzymeCAGE-master/HPC_Returned_Result_Summaries/enzymecage_m4_e2_full_4681_4gpu_sharded_continuation_20260814/shards/shard_02/per_uid/B9KK51/p2rank/raw /root/projects/EnzymeCAGE-master/HPC_Returned_Result_Summaries/enzymecage_m4_e2_full_4681_4gpu_sharded_continuation_20260814/shards/shard_02/per_uid/B9KK51/p2rank/B9KK51.ds,P2Rank 2.5.1,,,,AFDB structure fetched; P2Rank ran under the approved command contract; no usable top predicted pocket residues were produced or mapped.,False,
B9KPF7,95,v6,4fc581cf66ccba283f508e703cf2ef24c52038b0e554155976b42da94416f50d,/usrdata/EnzymeCAGE_data/tools/p2rank_2.5.1/prank predict -threads 4 -c alphafold -visualizations 0 -o /root/projects/EnzymeCAGE-master/HPC_Returned_Result_Summaries/enzymecage_m4_e2_full_4681_4gpu_sharded_continuation_20260814/shards/shard_03/per_uid/B9KPF7/p2rank/raw /root/projects/EnzymeCAGE-master/HPC_Returned_Result_Summaries/enzymecage_m4_e2_full_4681_4gpu_sharded_continuation_20260814/shards/shard_03/per_uid/B9KPF7/p2rank/B9KPF7.ds,P2Rank 2.5.1,,,,AFDB structure fetched; P2Rank ran under the approved command contract; no usable top predicted pocket residues were produced or mapped.,False,
B9L146,97,v6,53f7c60789b0b5c8f3426720d135ff9621b40974d38a2407d4d22561985d61c5,/usrdata/EnzymeCAGE_data/tools/p2rank_2.5.1/prank predict -threads 4 -c alphafold -visualizations 0 -o /root/projects/EnzymeCAGE-master/HPC_Returned_Result_Summaries/enzymecage_m4_e2_full_4681_4gpu_sharded_continuation_20260814/shards/shard_00/per_uid/B9L146/p2rank/raw /root/projects/EnzymeCAGE-master/HPC_Returned_Result_Summaries/enzymecage_m4_e2_full_4681_4gpu_sharded_continuation_20260814/shards/shard_00/per_uid/B9L146/p2rank/B9L146.ds,P2Rank 2.5.1,,,,AFDB structure fetched; P2Rank ran under the approved command contract; no usable top predicted pocket residues were produced or mapped.,False,
B9L5K2,166,v6,e2f8bed0531dff3c63803cf716ee179f86757fdd0bf466ccb4566460f141583a,/usrdata/EnzymeCAGE_data/tools/p2rank_2.5.1/prank predict -threads 4 -c alphafold -visualizations 0 -o /root/projects/EnzymeCAGE-master/HPC_Returned_Result_Summaries/enzymecage_m4_e2_full_4681_4gpu_sharded_continuation_20260814/shards/shard_01/per_uid/B9L5K2/p2rank/raw /root/projects/EnzymeCAGE-master/HPC_Returned_Result_Summaries/enzymecage_m4_e2_full_4681_4gpu_sharded_continuation_20260814/shards/shard_01/per_uid/B9L5K2/p2rank/B9L5K2.ds,P2Rank 2.5.1,,,,AFDB structure fetched; P2Rank ran under the approved command contract; no usable top predicted pocket residues were produced or mapped.,False,
B9LA82,93,v6,3be73580f1585900dd782950b81c8ba63646511a61c7ba63228953f464b4aa91,/usrdata/EnzymeCAGE_data/tools/p2rank_2.5.1/prank predict -threads 4 -c alphafold -visualizations 0 -o /root/projects/EnzymeCAGE-master/HPC_Returned_Result_Summaries/enzymecage_m4_e2_full_4681_4gpu_sharded_continuation_20260814/shards/shard_02/per_uid/B9LA82/p2rank/raw /root/projects/EnzymeCAGE-master/HPC_Returned_Result_Summaries/enzymecage_m4_e2_full_4681_4gpu_sharded_continuation_20260814/shards/shard_02/per_uid/B9LA82/p2rank/B9LA82.ds,P2Rank 2.5.1,,,,AFDB structure fetched; P2Rank ran under the approved command contract; no usable top predicted pocket residues were produced or mapped.,False,
B9LCC8,93,v6,89c50eb3fb04f0cad626df5687ad23558168ca4f0a518fb66fe291e45eb3c406,/usrdata/EnzymeCAGE_data/tools/p2rank_2.5.1/prank predict -threads 4 -c alphafold -visualizations 0 -o /root/projects/EnzymeCAGE-master/HPC_Returned_Result_Summaries/enzymecage_m4_e2_full_4681_4gpu_sharded_continuation_20260814/shards/shard_03/per_uid/B9LCC8/p2rank/raw /root/projects/EnzymeCAGE-master/HPC_Returned_Result_Summaries/enzymecage_m4_e2_full_4681_4gpu_sharded_continuation_20260814/shards/shard_03/per_uid/B9LCC8/p2rank/B9LCC8.ds,P2Rank 2.5.1,,,,AFDB structure fetched; P2Rank ran under the approved command contract; no usable top predicted pocket residues were produced or mapped.,False,
B9LCU6,96,v6,5cabcad68cfb5e19b0d2c5148a960c7664b749afa0face5a0aece2c4fc6d1e3e,/usrdata/EnzymeCAGE_data/tools/p2rank_2.5.1/prank predict -threads 4 -c alphafold -visualizations 0 -o /root/projects/EnzymeCAGE-master/HPC_Returned_Result_Summaries/enzymecage_m4_e2_full_4681_4gpu_sharded_continuation_20260814/shards/shard_00/per_uid/B9LCU6/p2rank/raw /root/projects/EnzymeCAGE-master/HPC_Returned_Result_Summaries/enzymecage_m4_e2_full_4681_4gpu_sharded_continuation_20260814/shards/shard_00/per_uid/B9LCU6/p2rank/B9LCU6.ds,P2Rank 2.5.1,,,,AFDB structure fetched; P2Rank ran under the approved command contract; no usable top predicted pocket residues were produced or mapped.,False,
B9MQ83,94,v6,f6730b34ee0ed79d646817e719de7be36d8fc43665c6ef4f75af1bcf49b60bab,/usrdata/EnzymeCAGE_data/tools/p2rank_2.5.1/prank predict -threads 4 -c alphafold -visualizations 0 -o /root/projects/EnzymeCAGE-master/HPC_Returned_Result_Summaries/enzymecage_m4_e2_full_4681_4gpu_sharded_continuation_20260814/shards/shard_03/per_uid/B9MQ83/p2rank/raw /root/projects/EnzymeCAGE-master/HPC_Returned_Result_Summaries/enzymecage_m4_e2_full_4681_4gpu_sharded_continuation_20260814/shards/shard_03/per_uid/B9MQ83/p2rank/B9MQ83.ds,P2Rank 2.5.1,,,,AFDB structure fetched; P2Rank ran under the approved command contract; no usable top predicted pocket residues were produced or mapped.,False,
B9RRX2,143,v6,69d9abd31b572884d0290d27fdcd6b14c756fc1c21e356912408a6cc0ac16bbb,/usrdata/EnzymeCAGE_data/tools/p2rank_2.5.1/prank predict -threads 4 -c alphafold -visualizations 0 -o /root/projects/EnzymeCAGE-master/HPC_Returned_Result_Summaries/enzymecage_m4_e2_full_4681_4gpu_sharded_continuation_20260814/shards/shard_00/per_uid/B9RRX2/p2rank/raw /root/projects/EnzymeCAGE-master/HPC_Returned_Result_Summaries/enzymecage_m4_e2_full_4681_4gpu_sharded_continuation_20260814/shards/shard_00/per_uid/B9RRX2/p2rank/B9RRX2.ds,P2Rank 2.5.1,,,,AFDB structure fetched; P2Rank ran under the approved command contract; no usable top predicted pocket residues were produced or mapped.,False,
B9WCK0,167,v6,d555a09c4c1070010cca13c2d8b8e908f8de160fe500ee5e26ba105975586c36,/usrdata/EnzymeCAGE_data/tools/p2rank_2.5.1/prank predict -threads 4 -c alphafold -visualizations 0 -o /root/projects/EnzymeCAGE-master/HPC_Returned_Result_Summaries/enzymecage_m4_e2_full_4681_4gpu_sharded_continuation_20260814/shards/shard_02/per_uid/B9WCK0/p2rank/raw /root/projects/EnzymeCAGE-master/HPC_Returned_Result_Summaries/enzymecage_m4_e2_full_4681_4gpu_sharded_continuation_20260814/shards/shard_02/per_uid/B9WCK0/p2rank/B9WCK0.ds,P2Rank 2.5.1,,,,AFDB structure fetched; P2Rank ran under the approved command contract; no usable top predicted pocket residues were produced or mapped.,False,
C0HJP9,45,v6,54a15e84a45209c5cbf5fb39950553a10bde6bcbd4968f370d2e8b079f6b6eeb,/usrdata/EnzymeCAGE_data/tools/p2rank_2.5.1/prank predict -threads 4 -c alphafold -visualizations 0 -o /root/projects/EnzymeCAGE-master/HPC_Returned_Result_Summaries/enzymecage_m4_e2_full_4681_4gpu_sharded_continuation_20260814/shards/shard_01/per_uid/C0HJP9/p2rank/raw /root/projects/EnzymeCAGE-master/HPC_Returned_Result_Summaries/enzymecage_m4_e2_full_4681_4gpu_sharded_continuation_20260814/shards/shard_01/per_uid/C0HJP9/p2rank/C0HJP9.ds,P2Rank 2.5.1,,,,AFDB structure fetched; P2Rank ran under the approved command contract; no usable top predicted pocket residues were produced or mapped.,False,
C0HLB8,32,v6,dd5f8ec57504d6e7989745b98517ce1eddd2fd59b907c37ea80812402d4f50ed,/usrdata/EnzymeCAGE_data/tools/p2rank_2.5.1/prank predict -threads 4 -c alphafold -visualizations 0 -o /root/projects/EnzymeCAGE-master/HPC_Returned_Result_Summaries/enzymecage_m4_e2_full_4681_4gpu_sharded_continuation_20260814/shards/shard_02/per_uid/C0HLB8/p2rank/raw /root/projects/EnzymeCAGE-master/HPC_Returned_Result_Summaries/enzymecage_m4_e2_full_4681_4gpu_sharded_continuation_20260814/shards/shard_02/per_uid/C0HLB8/p2rank/C0HLB8.ds,P2Rank 2.5.1,,,,AFDB structure fetched; P2Rank ran under the approved command contract; no usable top predicted pocket residues were produced or mapped.,False,
C0HLL7,50,v6,88bac6e0226318ba308d7511a36079fb80b85df8215ca39c105cc579fd5aa609,/usrdata/EnzymeCAGE_data/tools/p2rank_2.5.1/prank predict -threads 4 -c alphafold -visualizations 0 -o /root/projects/EnzymeCAGE-master/HPC_Returned_Result_Summaries/enzymecage_m4_e2_full_4681_4gpu_sharded_continuation_20260814/shards/shard_03/per_uid/C0HLL7/p2rank/raw /root/projects/EnzymeCAGE-master/HPC_Returned_Result_Summaries/enzymecage_m4_e2_full_4681_4gpu_sharded_continuation_20260814/shards/shard_03/per_uid/C0HLL7/p2rank/C0HLL7.ds,P2Rank 2.5.1,,,,AFDB structure fetched; P2Rank ran under the approved command contract; no usable top predicted pocket residues were produced or mapped.,False,
C0HLL8,49,v6,0fc25c66b915509d26cc025661de04bb91e1e0f41466d628109482ff640215f1,/usrdata/EnzymeCAGE_data/tools/p2rank_2.5.1/prank predict -threads 4 -c alphafold -visualizations 0 -o /root/projects/EnzymeCAGE-master/HPC_Returned_Result_Summaries/enzymecage_m4_e2_full_4681_4gpu_sharded_continuation_20260814/shards/shard_00/per_uid/C0HLL8/p2rank/raw /root/projects/EnzymeCAGE-master/HPC_Returned_Result_Summaries/enzymecage_m4_e2_full_4681_4gpu_sharded_continuation_20260814/shards/shard_00/per_uid/C0HLL8/p2rank/C0HLL8.ds,P2Rank 2.5.1,,,,AFDB structure fetched; P2Rank ran under the approved command contract; no usable top predicted pocket residues were produced or mapped.,False,
C0HLQ4,20,v6,be5608ffc14455493d1ac05035aa767de6298d1cb81794f9bfd2151c3981947a,/usrdata/EnzymeCAGE_data/tools/p2rank_2.5.1/prank predict -threads 4 -c alphafold -visualizations 0 -o /root/projects/EnzymeCAGE-master/HPC_Returned_Result_Summaries/enzymecage_m4_e2_full_4681_4gpu_sharded_continuation_20260814/shards/shard_01/per_uid/C0HLQ4/p2rank/raw /root/projects/EnzymeCAGE-master/HPC_Returned_Result_Summaries/enzymecage_m4_e2_full_4681_4gpu_sharded_continuation_20260814/shards/shard_01/per_uid/C0HLQ4/p2rank/C0HLQ4.ds,P2Rank 2.5.1,,,,AFDB structure fetched; P2Rank ran under the approved command contract; no usable top predicted pocket residues were produced or mapped.,False,
C0HLQ6,16,v6,73bd2d1c17eb7d5d5aaf756b8a93296058c35a3548f4fc6e925e2ae1b6f3f6a1,/usrdata/EnzymeCAGE_data/tools/p2rank_2.5.1/prank predict -threads 4 -c alphafold -visualizations 0 -o /root/projects/EnzymeCAGE-master/HPC_Returned_Result_Summaries/enzymecage_m4_e2_full_4681_4gpu_sharded_continuation_20260814/shards/shard_02/per_uid/C0HLQ6/p2rank/raw /root/projects/EnzymeCAGE-master/HPC_Returned_Result_Summaries/enzymecage_m4_e2_full_4681_4gpu_sharded_continuation_20260814/shards/shard_02/per_uid/C0HLQ6/p2rank/C0HLQ6.ds,P2Rank 2.5.1,,,,AFDB structure fetched; P2Rank ran under the approved command contract; no usable top predicted pocket residues were produced or mapped.,False,
C0HM48,26,v6,12c8e2c6e84bad887279ef8f6cabfc6214613648267dfc447af33cdef2236421,/usrdata/EnzymeCAGE_data/tools/p2rank_2.5.1/prank predict -threads 4 -c alphafold -visualizations 0 -o /root/projects/EnzymeCAGE-master/HPC_Returned_Result_Summaries/enzymecage_m4_e2_full_4681_4gpu_sharded_continuation_20260814/shards/shard_00/per_uid/C0HM48/p2rank/raw /root/projects/EnzymeCAGE-master/HPC_Returned_Result_Summaries/enzymecage_m4_e2_full_4681_4gpu_sharded_continuation_20260814/shards/shard_00/per_uid/C0HM48/p2rank/C0HM48.ds,P2Rank 2.5.1,,,,AFDB structure fetched; P2Rank ran under the approved command contract; no usable top predicted pocket residues were produced or mapped.,False,
C0HM50,18,v6,b9b3d20a4eff300a78245a46fb843c8f70da9b26fd98f34030639929c4448ede,/usrdata/EnzymeCAGE_data/tools/p2rank_2.5.1/prank predict -threads 4 -c alphafold -visualizations 0 -o /root/projects/EnzymeCAGE-master/HPC_Returned_Result_Summaries/enzymecage_m4_e2_full_4681_4gpu_sharded_continuation_20260814/shards/shard_01/per_uid/C0HM50/p2rank/raw /root/projects/EnzymeCAGE-master/HPC_Returned_Result_Summaries/enzymecage_m4_e2_full_4681_4gpu_sharded_continuation_20260814/shards/shard_01/per_uid/C0HM50/p2rank/C0HM50.ds,P2Rank 2.5.1,,,,AFDB structure fetched; P2Rank ran under the approved command contract; no usable top predicted pocket residues were produced or mapped.,False,
C0QRY8,133,v6,fc996e45bd87aeaad3671a62470c9c1f885da0adead42908c924c9b646585998,/usrdata/EnzymeCAGE_data/tools/p2rank_2.5.1/prank predict -threads 4 -c alphafold -visualizations 0 -o /root/projects/EnzymeCAGE-master/HPC_Returned_Result_Summaries/enzymecage_m4_e2_full_4681_4gpu_sharded_continuation_20260814/shards/shard_00/per_uid/C0QRY8/p2rank/raw /root/projects/EnzymeCAGE-master/HPC_Returned_Result_Summaries/enzymecage_m4_e2_full_4681_4gpu_sharded_continuation_20260814/shards/shard_00/per_uid/C0QRY8/p2rank/C0QRY8.ds,P2Rank 2.5.1,,,,AFDB structure fetched; P2Rank ran under the approved command contract; no usable top predicted pocket residues were produced or mapped.,False,
C0ZGF5,133,v6,4da27b6febae364b7de8bfa52585a392d1bb0927b22bc45bd955b8d3acc65c7f,/usrdata/EnzymeCAGE_data/tools/p2rank_2.5.1/prank predict -threads 4 -c alphafold -visualizations 0 -o /root/projects/EnzymeCAGE-master/HPC_Returned_Result_Summaries/enzymecage_m4_e2_full_4681_4gpu_sharded_continuation_20260814/shards/shard_02/per_uid/C0ZGF5/p2rank/raw /root/projects/EnzymeCAGE-master/HPC_Returned_Result_Summaries/enzymecage_m4_e2_full_4681_4gpu_sharded_continuation_20260814/shards/shard_02/per_uid/C0ZGF5/p2rank/C0ZGF5.ds,P2Rank 2.5.1,,,,AFDB structure fetched; P2Rank ran under the approved command contract; no usable top predicted pocket residues were produced or mapped.,False,
C1AGC8,99,v6,430f239d50a91ae4feae8a26ae7a03311cbbf36fe4121867991d228e4b6e0a05,/usrdata/EnzymeCAGE_data/tools/p2rank_2.5.1/prank predict -threads 4 -c alphafold -visualizations 0 -o /root/projects/EnzymeCAGE-master/HPC_Returned_Result_Summaries/enzymecage_m4_e2_full_4681_4gpu_sharded_continuation_20260814/shards/shard_00/per_uid/C1AGC8/p2rank/raw /root/projects/EnzymeCAGE-master/HPC_Returned_Result_Summaries/enzymecage_m4_e2_full_4681_4gpu_sharded_continuation_20260814/shards/shard_00/per_uid/C1AGC8/p2rank/C1AGC8.ds,P2Rank 2.5.1,,,,AFDB structure fetched; P2Rank ran under the approved command contract; no usable top predicted pocket residues were produced or mapped.,False,
C1AMF4,94,v6,32693a62e7ee0ba262c55f65aab10db6dc24def1621aae9be3928ab4c683747f,/usrdata/EnzymeCAGE_data/tools/p2rank_2.5.1/prank predict -threads 4 -c alphafold -visualizations 0 -o /root/projects/EnzymeCAGE-master/HPC_Returned_Result_Summaries/enzymecage_m4_e2_full_4681_4gpu_sharded_continuation_20260814/shards/shard_02/per_uid/C1AMF4/p2rank/raw /root/projects/EnzymeCAGE-master/HPC_Returned_Result_Summaries/enzymecage_m4_e2_full_4681_4gpu_sharded_continuation_20260814/shards/shard_02/per_uid/C1AMF4/p2rank/C1AMF4.ds,P2Rank 2.5.1,,,,AFDB structure fetched; P2Rank ran under the approved command contract; no usable top predicted pocket residues were produced or mapped.,False,
C1APC5,100,v6,09ac4baefe05a2ad92be3537f75198e479eb98236dbb6809ddc4576a7640aad6,/usrdata/EnzymeCAGE_data/tools/p2rank_2.5.1/prank predict -threads 4 -c alphafold -visualizations 0 -o /root/projects/EnzymeCAGE-master/HPC_Returned_Result_Summaries/enzymecage_m4_e2_full_4681_4gpu_sharded_continuation_20260814/shards/shard_00/per_uid/C1APC5/p2rank/raw /root/projects/EnzymeCAGE-master/HPC_Returned_Result_Summaries/enzymecage_m4_e2_full_4681_4gpu_sharded_continuation_20260814/shards/shard_00/per_uid/C1APC5/p2rank/C1APC5.ds,P2Rank 2.5.1,,,,AFDB structure fetched; P2Rank ran under the approved command contract; no usable top predicted pocket residues were produced or mapped.,False,
C1APC6,104,v6,5d33e1ce71a8236d781d9c0dae4a74569040dec38eaa1dcf5394886f651a5c3f,/usrdata/EnzymeCAGE_data/tools/p2rank_2.5.1/prank predict -threads 4 -c alphafold -visualizations 0 -o /root/projects/EnzymeCAGE-master/HPC_Returned_Result_Summaries/enzymecage_m4_e2_full_4681_4gpu_sharded_continuation_20260814/shards/shard_01/per_uid/C1APC6/p2rank/raw /root/projects/EnzymeCAGE-master/HPC_Returned_Result_Summaries/enzymecage_m4_e2_full_4681_4gpu_sharded_continuation_20260814/shards/shard_01/per_uid/C1APC6/p2rank/C1APC6.ds,P2Rank 2.5.1,,,,AFDB structure fetched; P2Rank ran under the approved command contract; no usable top predicted pocket residues were produced or mapped.,False,
C1AXZ0,100,v6,36465a69d054f91c37b7f32dbab2bf2f2f84c2aca71c17826c7dffc6051c05b6,/usrdata/EnzymeCAGE_data/tools/p2rank_2.5.1/prank predict -threads 4 -c alphafold -visualizations 0 -o /root/projects/EnzymeCAGE-master/HPC_Returned_Result_Summaries/enzymecage_m4_e2_full_4681_4gpu_sharded_continuation_20260814/shards/shard_02/per_uid/C1AXZ0/p2rank/raw /root/projects/EnzymeCAGE-master/HPC_Returned_Result_Summaries/enzymecage_m4_e2_full_4681_4gpu_sharded_continuation_20260814/shards/shard_02/per_uid/C1AXZ0/p2rank/C1AXZ0.ds,P2Rank 2.5.1,,,,AFDB structure fetched; P2Rank ran under the approved command contract; no usable top predicted pocket residues were produced or mapped.,False,
C1AXZ1,104,v6,bf5687e50f3026f89d8b2b402023a25cb0515833418fbf49a4febb6a86d4b76f,/usrdata/EnzymeCAGE_data/tools/p2rank_2.5.1/prank predict -threads 4 -c alphafold -visualizations 0 -o /root/projects/EnzymeCAGE-master/HPC_Returned_Result_Summaries/enzymecage_m4_e2_full_4681_4gpu_sharded_continuation_20260814/shards/shard_03/per_uid/C1AXZ1/p2rank/raw /root/projects/EnzymeCAGE-master/HPC_Returned_Result_Summaries/enzymecage_m4_e2_full_4681_4gpu_sharded_continuation_20260814/shards/shard_03/per_uid/C1AXZ1/p2rank/C1AXZ1.ds,P2Rank 2.5.1,,,,AFDB structure fetched; P2Rank ran under the approved command contract; no usable top predicted pocket residues were produced or mapped.,False,
C1D0J7,96,v6,6e34a4c754af5d6bba125d425973b828f9e36d55629fad411bd74d2bce864441,/usrdata/EnzymeCAGE_data/tools/p2rank_2.5.1/prank predict -threads 4 -c alphafold -visualizations 0 -o /root/projects/EnzymeCAGE-master/HPC_Returned_Result_Summaries/enzymecage_m4_e2_full_4681_4gpu_sharded_continuation_20260814/shards/shard_03/per_uid/C1D0J7/p2rank/raw /root/projects/EnzymeCAGE-master/HPC_Returned_Result_Summaries/enzymecage_m4_e2_full_4681_4gpu_sharded_continuation_20260814/shards/shard_03/per_uid/C1D0J7/p2rank/C1D0J7.ds,P2Rank 2.5.1,,,,AFDB structure fetched; P2Rank ran under the approved command contract; no usable top predicted pocket residues were produced or mapped.,False,
C1D5N0,95,v6,ffe2a709b3edec4c1f4b5e5d21c08903fda52a29864b5080bd7d7bfa792707dd,/usrdata/EnzymeCAGE_data/tools/p2rank_2.5.1/prank predict -threads 4 -c alphafold -visualizations 0 -o /root/projects/EnzymeCAGE-master/HPC_Returned_Result_Summaries/enzymecage_m4_e2_full_4681_4gpu_sharded_continuation_20260814/shards/shard_00/per_uid/C1D5N0/p2rank/raw /root/projects/EnzymeCAGE-master/HPC_Returned_Result_Summaries/enzymecage_m4_e2_full_4681_4gpu_sharded_continuation_20260814/shards/shard_00/per_uid/C1D5N0/p2rank/C1D5N0.ds,P2Rank 2.5.1,,,,AFDB structure fetched; P2Rank ran under the approved command contract; no usable top predicted pocket residues were produced or mapped.,False,
C1DNK5,101,v6,d8a97ad720feb66ff25299b47d39d804a860f2d32338f2389c3439e6457afc7a,/usrdata/EnzymeCAGE_data/tools/p2rank_2.5.1/prank predict -threads 4 -c alphafold -visualizations 0 -o /root/projects/EnzymeCAGE-master/HPC_Returned_Result_Summaries/enzymecage_m4_e2_full_4681_4gpu_sharded_continuation_20260814/shards/shard_01/per_uid/C1DNK5/p2rank/raw /root/projects/EnzymeCAGE-master/HPC_Returned_Result_Summaries/enzymecage_m4_e2_full_4681_4gpu_sharded_continuation_20260814/shards/shard_01/per_uid/C1DNK5/p2rank/C1DNK5.ds,P2Rank 2.5.1,,,,AFDB structure fetched; P2Rank ran under the approved command contract; no usable top predicted pocket residues were produced or mapped.,False,
C1DQ38,95,v6,dcf437e2a5e526bcb29890ec00db8412675b6f560370833bbb8712fed2615de3,/usrdata/EnzymeCAGE_data/tools/p2rank_2.5.1/prank predict -threads 4 -c alphafold -visualizations 0 -o /root/projects/EnzymeCAGE-master/HPC_Returned_Result_Summaries/enzymecage_m4_e2_full_4681_4gpu_sharded_continuation_20260814/shards/shard_02/per_uid/C1DQ38/p2rank/raw /root/projects/EnzymeCAGE-master/HPC_Returned_Result_Summaries/enzymecage_m4_e2_full_4681_4gpu_sharded_continuation_20260814/shards/shard_02/per_uid/C1DQ38/p2rank/C1DQ38.ds,P2Rank 2.5.1,,,,AFDB structure fetched; P2Rank ran under the approved command contract; no usable top predicted pocket residues were produced or mapped.,False,
C1EV87,96,v6,6be33fd4960b20f165fb13653e618d28f4fa2897c31992725f76303a986611b2,/usrdata/EnzymeCAGE_data/tools/p2rank_2.5.1/prank predict -threads 4 -c alphafold -visualizations 0 -o /root/projects/EnzymeCAGE-master/HPC_Returned_Result_Summaries/enzymecage_m4_e2_full_4681_4gpu_sharded_continuation_20260814/shards/shard_03/per_uid/C1EV87/p2rank/raw /root/projects/EnzymeCAGE-master/HPC_Returned_Result_Summaries/enzymecage_m4_e2_full_4681_4gpu_sharded_continuation_20260814/shards/shard_03/per_uid/C1EV87/p2rank/C1EV87.ds,P2Rank 2.5.1,,,,AFDB structure fetched; P2Rank ran under the approved command contract; no usable top predicted pocket residues were produced or mapped.,False,
C1F425,92,v6,bed6468ece74fbd48e84c14bed5a9e398406a6e15a418b500a12785e65aab14b,/usrdata/EnzymeCAGE_data/tools/p2rank_2.5.1/prank predict -threads 4 -c alphafold -visualizations 0 -o /root/projects/EnzymeCAGE-master/HPC_Returned_Result_Summaries/enzymecage_m4_e2_full_4681_4gpu_sharded_continuation_20260814/shards/shard_00/per_uid/C1F425/p2rank/raw /root/projects/EnzymeCAGE-master/HPC_Returned_Result_Summaries/enzymecage_m4_e2_full_4681_4gpu_sharded_continuation_20260814/shards/shard_00/per_uid/C1F425/p2rank/C1F425.ds,P2Rank 2.5.1,,,,AFDB structure fetched; P2Rank ran under the approved command contract; no usable top predicted pocket residues were produced or mapped.,False,
C1FW06,101,v6,e0918508fdfbd72a0232ecf2c928c346a1fa45c8b791df8b122776c5f3bec7b5,/usrdata/EnzymeCAGE_data/tools/p2rank_2.5.1/prank predict -threads 4 -c alphafold -visualizations 0 -o /root/projects/EnzymeCAGE-master/HPC_Returned_Result_Summaries/enzymecage_m4_e2_full_4681_4gpu_sharded_continuation_20260814/shards/shard_01/per_uid/C1FW06/p2rank/raw /root/projects/EnzymeCAGE-master/HPC_Returned_Result_Summaries/enzymecage_m4_e2_full_4681_4gpu_sharded_continuation_20260814/shards/shard_01/per_uid/C1FW06/p2rank/C1FW06.ds,P2Rank 2.5.1,,,,AFDB structure fetched; P2Rank ran under the approved command contract; no usable top predicted pocket residues were produced or mapped.,False,
C1KW55,97,v6,3ceafec36810304eaf3f425fdf549661dd96be8e06ea0c65c40e256fcb998591,/usrdata/EnzymeCAGE_data/tools/p2rank_2.5.1/prank predict -threads 4 -c alphafold -visualizations 0 -o /root/projects/EnzymeCAGE-master/HPC_Returned_Result_Summaries/enzymecage_m4_e2_full_4681_4gpu_sharded_continuation_20260814/shards/shard_03/per_uid/C1KW55/p2rank/raw /root/projects/EnzymeCAGE-master/HPC_Returned_Result_Summaries/enzymecage_m4_e2_full_4681_4gpu_sharded_continuation_20260814/shards/shard_03/per_uid/C1KW55/p2rank/C1KW55.ds,P2Rank 2.5.1,,,,AFDB structure fetched; P2Rank ran under the approved command contract; no usable top predicted pocket residues were produced or mapped.,False,
C3K5A5,100,v6,683ae957d4db1df83b00e70b1b41185d3f7b32b66a46dda5f5ff04aceb436296,/usrdata/EnzymeCAGE_data/tools/p2rank_2.5.1/prank predict -threads 4 -c alphafold -visualizations 0 -o /root/projects/EnzymeCAGE-master/HPC_Returned_Result_Summaries/enzymecage_m4_e2_full_4681_4gpu_sharded_continuation_20260814/shards/shard_01/per_uid/C3K5A5/p2rank/raw /root/projects/EnzymeCAGE-master/HPC_Returned_Result_Summaries/enzymecage_m4_e2_full_4681_4gpu_sharded_continuation_20260814/shards/shard_01/per_uid/C3K5A5/p2rank/C3K5A5.ds,P2Rank 2.5.1,,,,AFDB structure fetched; P2Rank ran under the approved command contract; no usable top predicted pocket residues were produced or mapped.,False,
C3K6Y5,95,v6,d05938668d78ff8f9e16cf39ecf37dd813b16169b353499f5a5f6bb6e405d8bc,/usrdata/EnzymeCAGE_data/tools/p2rank_2.5.1/prank predict -threads 4 -c alphafold -visualizations 0 -o /root/projects/EnzymeCAGE-master/HPC_Returned_Result_Summaries/enzymecage_m4_e2_full_4681_4gpu_sharded_continuation_20260814/shards/shard_02/per_uid/C3K6Y5/p2rank/raw /root/projects/EnzymeCAGE-master/HPC_Returned_Result_Summaries/enzymecage_m4_e2_full_4681_4gpu_sharded_continuation_20260814/shards/shard_02/per_uid/C3K6Y5/p2rank/C3K6Y5.ds,P2Rank 2.5.1,,,,AFDB structure fetched; P2Rank ran under the approved command contract; no usable top predicted pocket residues were produced or mapped.,False,
C3MAA2,95,v6,f0c38dbfcd97fe273e852116e0025a230ee47b12afb43c1bb2e9f8b79e06cff6,/usrdata/EnzymeCAGE_data/tools/p2rank_2.5.1/prank predict -threads 4 -c alphafold -visualizations 0 -o /root/projects/EnzymeCAGE-master/HPC_Returned_Result_Summaries/enzymecage_m4_e2_full_4681_4gpu_sharded_continuation_20260814/shards/shard_03/per_uid/C3MAA2/p2rank/raw /root/projects/EnzymeCAGE-master/HPC_Returned_Result_Summaries/enzymecage_m4_e2_full_4681_4gpu_sharded_continuation_20260814/shards/shard_03/per_uid/C3MAA2/p2rank/C3MAA2.ds,P2Rank 2.5.1,,,,AFDB structure fetched; P2Rank ran under the approved command contract; no usable top predicted pocket residues were produced or mapped.,False,
C3MGX4,101,v6,c9c1cd031193f7ba5163cf2ef98d013bc1b658f42482cf7e0b661ed52e47da01,/usrdata/EnzymeCAGE_data/tools/p2rank_2.5.1/prank predict -threads 4 -c alphafold -visualizations 0 -o /root/projects/EnzymeCAGE-master/HPC_Returned_Result_Summaries/enzymecage_m4_e2_full_4681_4gpu_sharded_continuation_20260814/shards/shard_01/per_uid/C3MGX4/p2rank/raw /root/projects/EnzymeCAGE-master/HPC_Returned_Result_Summaries/enzymecage_m4_e2_full_4681_4gpu_sharded_continuation_20260814/shards/shard_01/per_uid/C3MGX4/p2rank/C3MGX4.ds,P2Rank 2.5.1,,,,AFDB structure fetched; P2Rank ran under the approved command contract; no usable top predicted pocket residues were produced or mapped.,False,
C3MGX6,100,v6,3e6c252c395926949bf866928b7cabcce1e7a57995eb7b6d09d0c126e575243c,/usrdata/EnzymeCAGE_data/tools/p2rank_2.5.1/prank predict -threads 4 -c alphafold -visualizations 0 -o /root/projects/EnzymeCAGE-master/HPC_Returned_Result_Summaries/enzymecage_m4_e2_full_4681_4gpu_sharded_continuation_20260814/shards/shard_02/per_uid/C3MGX6/p2rank/raw /root/projects/EnzymeCAGE-master/HPC_Returned_Result_Summaries/enzymecage_m4_e2_full_4681_4gpu_sharded_continuation_20260814/shards/shard_02/per_uid/C3MGX6/p2rank/C3MGX6.ds,P2Rank 2.5.1,,,,AFDB structure fetched; P2Rank ran under the approved command contract; no usable top predicted pocket residues were produced or mapped.,False,
C3MPQ0,97,v6,38bea49f3a0bc0a73b7e2717229d94a35fec099e03cefec2d0fcc9f11dd4658f,/usrdata/EnzymeCAGE_data/tools/p2rank_2.5.1/prank predict -threads 4 -c alphafold -visualizations 0 -o /root/projects/EnzymeCAGE-master/HPC_Returned_Result_Summaries/enzymecage_m4_e2_full_4681_4gpu_sharded_continuation_20260814/shards/shard_03/per_uid/C3MPQ0/p2rank/raw /root/projects/EnzymeCAGE-master/HPC_Returned_Result_Summaries/enzymecage_m4_e2_full_4681_4gpu_sharded_continuation_20260814/shards/shard_03/per_uid/C3MPQ0/p2rank/C3MPQ0.ds,P2Rank 2.5.1,,,,AFDB structure fetched; P2Rank ran under the approved command contract; no usable top predicted pocket residues were produced or mapped.,False,
C3MQJ5,122,v6,5ffec9c170d3de7ff8736a2f6637c4770082a8a6ec608e9031443756218b6687,/usrdata/EnzymeCAGE_data/tools/p2rank_2.5.1/prank predict -threads 4 -c alphafold -visualizations 0 -o /root/projects/EnzymeCAGE-master/HPC_Returned_Result_Summaries/enzymecage_m4_e2_full_4681_4gpu_sharded_continuation_20260814/shards/shard_00/per_uid/C3MQJ5/p2rank/raw /root/projects/EnzymeCAGE-master/HPC_Returned_Result_Summaries/enzymecage_m4_e2_full_4681_4gpu_sharded_continuation_20260814/shards/shard_00/per_uid/C3MQJ5/p2rank/C3MQJ5.ds,P2Rank 2.5.1,,,,AFDB structure fetched; P2Rank ran under the approved command contract; no usable top predicted pocket residues were produced or mapped.,False,
C3MTL3,99,v6,0c1ef11e2613be2400d132b9e36723e9ce2669785382cadb590fb5c8e74b91c6,/usrdata/EnzymeCAGE_data/tools/p2rank_2.5.1/prank predict -threads 4 -c alphafold -visualizations 0 -o /root/projects/EnzymeCAGE-master/HPC_Returned_Result_Summaries/enzymecage_m4_e2_full_4681_4gpu_sharded_continuation_20260814/shards/shard_01/per_uid/C3MTL3/p2rank/raw /root/projects/EnzymeCAGE-master/HPC_Returned_Result_Summaries/enzymecage_m4_e2_full_4681_4gpu_sharded_continuation_20260814/shards/shard_01/per_uid/C3MTL3/p2rank/C3MTL3.ds,P2Rank 2.5.1,,,,AFDB structure fetched; P2Rank ran under the approved command contract; no usable top predicted pocket residues were produced or mapped.,False,
C3MUB4,165,v6,e494e912aa046e8288544a21c8e851c98d330053d13e368be381a17d0a0a3a88,/usrdata/EnzymeCAGE_data/tools/p2rank_2.5.1/prank predict -threads 4 -c alphafold -visualizations 0 -o /root/projects/EnzymeCAGE-master/HPC_Returned_Result_Summaries/enzymecage_m4_e2_full_4681_4gpu_sharded_continuation_20260814/shards/shard_02/per_uid/C3MUB4/p2rank/raw /root/projects/EnzymeCAGE-master/HPC_Returned_Result_Summaries/enzymecage_m4_e2_full_4681_4gpu_sharded_continuation_20260814/shards/shard_02/per_uid/C3MUB4/p2rank/C3MUB4.ds,P2Rank 2.5.1,,,,AFDB structure fetched; P2Rank ran under the approved command contract; no usable top predicted pocket residues were produced or mapped.,False,
C3MW73,122,v6,5945b4f49adc3f1ca1435524f737ae0ab3142e3aa8d3d2c1a0ec4db0d1914a71,/usrdata/EnzymeCAGE_data/tools/p2rank_2.5.1/prank predict -threads 4 -c alphafold -visualizations 0 -o /root/projects/EnzymeCAGE-master/HPC_Returned_Result_Summaries/enzymecage_m4_e2_full_4681_4gpu_sharded_continuation_20260814/shards/shard_03/per_uid/C3MW73/p2rank/raw /root/projects/EnzymeCAGE-master/HPC_Returned_Result_Summaries/enzymecage_m4_e2_full_4681_4gpu_sharded_continuation_20260814/shards/shard_03/per_uid/C3MW73/p2rank/C3MW73.ds,P2Rank 2.5.1,,,,AFDB structure fetched; P2Rank ran under the approved command contract; no usable top predicted pocket residues were produced or mapped.,False,
C3MYP4,97,v6,056443f8ce25ca268794c72b28dd9d82a2351c6bfab9fb18507101d0e6dbea34,/usrdata/EnzymeCAGE_data/tools/p2rank_2.5.1/prank predict -threads 4 -c alphafold -visualizations 0 -o /root/projects/EnzymeCAGE-master/HPC_Returned_Result_Summaries/enzymecage_m4_e2_full_4681_4gpu_sharded_continuation_20260814/shards/shard_00/per_uid/C3MYP4/p2rank/raw /root/projects/EnzymeCAGE-master/HPC_Returned_Result_Summaries/enzymecage_m4_e2_full_4681_4gpu_sharded_continuation_20260814/shards/shard_00/per_uid/C3MYP4/p2rank/C3MYP4.ds,P2Rank 2.5.1,,,,AFDB structure fetched; P2Rank ran under the approved command contract; no usable top predicted pocket residues were produced or mapped.,False,
C3MZU9,99,v6,9aedf0e8942559c310367ad6a667774b1fec35dd02be0d86cc52c94413ec069c,/usrdata/EnzymeCAGE_data/tools/p2rank_2.5.1/prank predict -threads 4 -c alphafold -visualizations 0 -o /root/projects/EnzymeCAGE-master/HPC_Returned_Result_Summaries/enzymecage_m4_e2_full_4681_4gpu_sharded_continuation_20260814/shards/shard_01/per_uid/C3MZU9/p2rank/raw /root/projects/EnzymeCAGE-master/HPC_Returned_Result_Summaries/enzymecage_m4_e2_full_4681_4gpu_sharded_continuation_20260814/shards/shard_01/per_uid/C3MZU9/p2rank/C3MZU9.ds,P2Rank 2.5.1,,,,AFDB structure fetched; P2Rank ran under the approved command contract; no usable top predicted pocket residues were produced or mapped.,False,
C3N5C6,97,v6,f376b9341a191668bc7208c7a7c608b3f769050f578d737844e11e3cdf56fb7c,/usrdata/EnzymeCAGE_data/tools/p2rank_2.5.1/prank predict -threads 4 -c alphafold -visualizations 0 -o /root/projects/EnzymeCAGE-master/HPC_Returned_Result_Summaries/enzymecage_m4_e2_full_4681_4gpu_sharded_continuation_20260814/shards/shard_02/per_uid/C3N5C6/p2rank/raw /root/projects/EnzymeCAGE-master/HPC_Returned_Result_Summaries/enzymecage_m4_e2_full_4681_4gpu_sharded_continuation_20260814/shards/shard_02/per_uid/C3N5C6/p2rank/C3N5C6.ds,P2Rank 2.5.1,,,,AFDB structure fetched; P2Rank ran under the approved command contract; no usable top predicted pocket residues were produced or mapped.,False,
C3NDY0,97,v6,067699cd24eea9d15af6b328f1b9cc4f6b80b5f2e07d600ff8c949ee35f6783c,/usrdata/EnzymeCAGE_data/tools/p2rank_2.5.1/prank predict -threads 4 -c alphafold -visualizations 0 -o /root/projects/EnzymeCAGE-master/HPC_Returned_Result_Summaries/enzymecage_m4_e2_full_4681_4gpu_sharded_continuation_20260814/shards/shard_03/per_uid/C3NDY0/p2rank/raw /root/projects/EnzymeCAGE-master/HPC_Returned_Result_Summaries/enzymecage_m4_e2_full_4681_4gpu_sharded_continuation_20260814/shards/shard_03/per_uid/C3NDY0/p2rank/C3NDY0.ds,P2Rank 2.5.1,,,,AFDB structure fetched; P2Rank ran under the approved command contract; no usable top predicted pocket residues were produced or mapped.,False,
C3NHS3,97,v6,4b176e2c6348636323e2074bf9c5b7bc99707619bcfd80ae90948747ab0e384a,/usrdata/EnzymeCAGE_data/tools/p2rank_2.5.1/prank predict -threads 4 -c alphafold -visualizations 0 -o /root/projects/EnzymeCAGE-master/HPC_Returned_Result_Summaries/enzymecage_m4_e2_full_4681_4gpu_sharded_continuation_20260814/shards/shard_00/per_uid/C3NHS3/p2rank/raw /root/projects/EnzymeCAGE-master/HPC_Returned_Result_Summaries/enzymecage_m4_e2_full_4681_4gpu_sharded_continuation_20260814/shards/shard_00/per_uid/C3NHS3/p2rank/C3NHS3.ds,P2Rank 2.5.1,,,,AFDB structure fetched; P2Rank ran under the approved command contract; no usable top predicted pocket residues were produced or mapped.,False,
C3NMW1,165,v6,beefce7afc90097051060f7eabbbef1b19bdf4be9bbb47ea777f9df1f1ede26f,/usrdata/EnzymeCAGE_data/tools/p2rank_2.5.1/prank predict -threads 4 -c alphafold -visualizations 0 -o /root/projects/EnzymeCAGE-master/HPC_Returned_Result_Summaries/enzymecage_m4_e2_full_4681_4gpu_sharded_continuation_20260814/shards/shard_01/per_uid/C3NMW1/p2rank/raw /root/projects/EnzymeCAGE-master/HPC_Returned_Result_Summaries/enzymecage_m4_e2_full_4681_4gpu_sharded_continuation_20260814/shards/shard_01/per_uid/C3NMW1/p2rank/C3NMW1.ds,P2Rank 2.5.1,,,,AFDB structure fetched; P2Rank ran under the approved command contract; no usable top predicted pocket residues were produced or mapped.,False,
C4K0R3,100,v6,37174eddfff4b746309e6baa09a18e9baba0d6a13e82ec230d54c533c8896212,/usrdata/EnzymeCAGE_data/tools/p2rank_2.5.1/prank predict -threads 4 -c alphafold -visualizations 0 -o /root/projects/EnzymeCAGE-master/HPC_Returned_Result_Summaries/enzymecage_m4_e2_full_4681_4gpu_sharded_continuation_20260814/shards/shard_01/per_uid/C4K0R3/p2rank/raw /root/projects/EnzymeCAGE-master/HPC_Returned_Result_Summaries/enzymecage_m4_e2_full_4681_4gpu_sharded_continuation_20260814/shards/shard_01/per_uid/C4K0R3/p2rank/C4K0R3.ds,P2Rank 2.5.1,,,,AFDB structure fetched; P2Rank ran under the approved command contract; no usable top predicted pocket residues were produced or mapped.,False,
C4KGZ2,97,v6,fc62a752188b078f92a4ab0af9d2bcbdd6cb5b58724ae8b00277d54732176d00,/usrdata/EnzymeCAGE_data/tools/p2rank_2.5.1/prank predict -threads 4 -c alphafold -visualizations 0 -o /root/projects/EnzymeCAGE-master/HPC_Returned_Result_Summaries/enzymecage_m4_e2_full_4681_4gpu_sharded_continuation_20260814/shards/shard_02/per_uid/C4KGZ2/p2rank/raw /root/projects/EnzymeCAGE-master/HPC_Returned_Result_Summaries/enzymecage_m4_e2_full_4681_4gpu_sharded_continuation_20260814/shards/shard_02/per_uid/C4KGZ2/p2rank/C4KGZ2.ds,P2Rank 2.5.1,,,,AFDB structure fetched; P2Rank ran under the approved command contract; no usable top predicted pocket residues were produced or mapped.,False,
C4KJC1,99,v6,104ff72bbf9e2155cbc2825a34546041649408592866c2e5fb6c3752d92ae3d1,/usrdata/EnzymeCAGE_data/tools/p2rank_2.5.1/prank predict -threads 4 -c alphafold -visualizations 0 -o /root/projects/EnzymeCAGE-master/HPC_Returned_Result_Summaries/enzymecage_m4_e2_full_4681_4gpu_sharded_continuation_20260814/shards/shard_03/per_uid/C4KJC1/p2rank/raw /root/projects/EnzymeCAGE-master/HPC_Returned_Result_Summaries/enzymecage_m4_e2_full_4681_4gpu_sharded_continuation_20260814/shards/shard_03/per_uid/C4KJC1/p2rank/C4KJC1.ds,P2Rank 2.5.1,,,,AFDB structure fetched; P2Rank ran under the approved command contract; no usable top predicted pocket residues were produced or mapped.,False,
C4KKU5,165,v6,5ef22dd70f91c1378d483fa8d93be2e6b3ba14353f627065d5b8d7805449e9d9,/usrdata/EnzymeCAGE_data/tools/p2rank_2.5.1/prank predict -threads 4 -c alphafold -visualizations 0 -o /root/projects/EnzymeCAGE-master/HPC_Returned_Result_Summaries/enzymecage_m4_e2_full_4681_4gpu_sharded_continuation_20260814/shards/shard_00/per_uid/C4KKU5/p2rank/raw /root/projects/EnzymeCAGE-master/HPC_Returned_Result_Summaries/enzymecage_m4_e2_full_4681_4gpu_sharded_continuation_20260814/shards/shard_00/per_uid/C4KKU5/p2rank/C4KKU5.ds,P2Rank 2.5.1,,,,AFDB structure fetched; P2Rank ran under the approved command contract; no usable top predicted pocket residues were produced or mapped.,False,
C4L7X3,106,v6,368807a272c7045de786fca354163bcd3cc366a228e557249ac4a63bf7e26987,/usrdata/EnzymeCAGE_data/tools/p2rank_2.5.1/prank predict -threads 4 -c alphafold -visualizations 0 -o /root/projects/EnzymeCAGE-master/HPC_Returned_Result_Summaries/enzymecage_m4_e2_full_4681_4gpu_sharded_continuation_20260814/shards/shard_01/per_uid/C4L7X3/p2rank/raw /root/projects/EnzymeCAGE-master/HPC_Returned_Result_Summaries/enzymecage_m4_e2_full_4681_4gpu_sharded_continuation_20260814/shards/shard_01/per_uid/C4L7X3/p2rank/C4L7X3.ds,P2Rank 2.5.1,,,,AFDB structure fetched; P2Rank ran under the approved command contract; no usable top predicted pocket residues were produced or mapped.,False,
C4LF65,100,v6,978e654f28ff4250d4dd2a0035c6ea0851345a6afb0821c633e295db3558f0bc,/usrdata/EnzymeCAGE_data/tools/p2rank_2.5.1/prank predict -threads 4 -c alphafold -visualizations 0 -o /root/projects/EnzymeCAGE-master/HPC_Returned_Result_Summaries/enzymecage_m4_e2_full_4681_4gpu_sharded_continuation_20260814/shards/shard_02/per_uid/C4LF65/p2rank/raw /root/projects/EnzymeCAGE-master/HPC_Returned_Result_Summaries/enzymecage_m4_e2_full_4681_4gpu_sharded_continuation_20260814/shards/shard_02/per_uid/C4LF65/p2rank/C4LF65.ds,P2Rank 2.5.1,,,,AFDB structure fetched; P2Rank ran under the approved command contract; no usable top predicted pocket residues were produced or mapped.,False,
C4R8Q1,152,v6,119149055b7cbfd56a2c641a8ec748d93e27d9e428eb2f532f56118ac7f1bab6,/usrdata/EnzymeCAGE_data/tools/p2rank_2.5.1/prank predict -threads 4 -c alphafold -visualizations 0 -o /root/projects/EnzymeCAGE-master/HPC_Returned_Result_Summaries/enzymecage_m4_e2_full_4681_4gpu_sharded_continuation_20260814/shards/shard_03/per_uid/C4R8Q1/p2rank/raw /root/projects/EnzymeCAGE-master/HPC_Returned_Result_Summaries/enzymecage_m4_e2_full_4681_4gpu_sharded_continuation_20260814/shards/shard_03/per_uid/C4R8Q1/p2rank/C4R8Q1.ds,P2Rank 2.5.1,,,,AFDB structure fetched; P2Rank ran under the approved command contract; no usable top predicted pocket residues were produced or mapped.,False,
C4Z1K1,164,v6,1b5dfd3f4716d5889a045d3bf3dfe3e38c13f216e464db9feb090f22df9b0baf,/usrdata/EnzymeCAGE_data/tools/p2rank_2.5.1/prank predict -threads 4 -c alphafold -visualizations 0 -o /root/projects/EnzymeCAGE-master/HPC_Returned_Result_Summaries/enzymecage_m4_e2_full_4681_4gpu_sharded_continuation_20260814/shards/shard_01/per_uid/C4Z1K1/p2rank/raw /root/projects/EnzymeCAGE-master/HPC_Returned_Result_Summaries/enzymecage_m4_e2_full_4681_4gpu_sharded_continuation_20260814/shards/shard_01/per_uid/C4Z1K1/p2rank/C4Z1K1.ds,P2Rank 2.5.1,,,,AFDB structure fetched; P2Rank ran under the approved command contract; no usable top predicted pocket residues were produced or mapped.,False,
C5B8H7,100,v6,2323d2e4d909377173917ed0e747c3b2c42bcd16714a1e424c492ce37aeb0c10,/usrdata/EnzymeCAGE_data/tools/p2rank_2.5.1/prank predict -threads 4 -c alphafold -visualizations 0 -o /root/projects/EnzymeCAGE-master/HPC_Returned_Result_Summaries/enzymecage_m4_e2_full_4681_4gpu_sharded_continuation_20260814/shards/shard_00/per_uid/C5B8H7/p2rank/raw /root/projects/EnzymeCAGE-master/HPC_Returned_Result_Summaries/enzymecage_m4_e2_full_4681_4gpu_sharded_continuation_20260814/shards/shard_00/per_uid/C5B8H7/p2rank/C5B8H7.ds,P2Rank 2.5.1,,,,AFDB structure fetched; P2Rank ran under the approved command contract; no usable top predicted pocket residues were produced or mapped.,False,
C5C8U1,100,v6,8f335674e36b9d4b522f9b09e064f381d8721476661b97e21b501a1f6897b3f2,/usrdata/EnzymeCAGE_data/tools/p2rank_2.5.1/prank predict -threads 4 -c alphafold -visualizations 0 -o /root/projects/EnzymeCAGE-master/HPC_Returned_Result_Summaries/enzymecage_m4_e2_full_4681_4gpu_sharded_continuation_20260814/shards/shard_03/per_uid/C5C8U1/p2rank/raw /root/projects/EnzymeCAGE-master/HPC_Returned_Result_Summaries/enzymecage_m4_e2_full_4681_4gpu_sharded_continuation_20260814/shards/shard_03/per_uid/C5C8U1/p2rank/C5C8U1.ds,P2Rank 2.5.1,,,,AFDB structure fetched; P2Rank ran under the approved command contract; no usable top predicted pocket residues were produced or mapped.,False,
C5C9I3,98,v6,e334648f14de23e9d5d0aed2e29de446989b41f4f994febb5a6ea1dbca2c1078,/usrdata/EnzymeCAGE_data/tools/p2rank_2.5.1/prank predict -threads 4 -c alphafold -visualizations 0 -o /root/projects/EnzymeCAGE-master/HPC_Returned_Result_Summaries/enzymecage_m4_e2_full_4681_4gpu_sharded_continuation_20260814/shards/shard_00/per_uid/C5C9I3/p2rank/raw /root/projects/EnzymeCAGE-master/HPC_Returned_Result_Summaries/enzymecage_m4_e2_full_4681_4gpu_sharded_continuation_20260814/shards/shard_00/per_uid/C5C9I3/p2rank/C5C9I3.ds,P2Rank 2.5.1,,,,AFDB structure fetched; P2Rank ran under the approved command contract; no usable top predicted pocket residues were produced or mapped.,False,
C5CY41,99,v6,6ba89ea305af4b81262a7f88fc71f3091e083b5c92a492ce6696e77b8865f824,/usrdata/EnzymeCAGE_data/tools/p2rank_2.5.1/prank predict -threads 4 -c alphafold -visualizations 0 -o /root/projects/EnzymeCAGE-master/HPC_Returned_Result_Summaries/enzymecage_m4_e2_full_4681_4gpu_sharded_continuation_20260814/shards/shard_01/per_uid/C5CY41/p2rank/raw /root/projects/EnzymeCAGE-master/HPC_Returned_Result_Summaries/enzymecage_m4_e2_full_4681_4gpu_sharded_continuation_20260814/shards/shard_01/per_uid/C5CY41/p2rank/C5CY41.ds,P2Rank 2.5.1,,,,AFDB structure fetched; P2Rank ran under the approved command contract; no usable top predicted pocket residues were produced or mapped.,False,
C5D646,124,v6,b9e5247f51d6e399dfc83ee66a2d6b92e4f3fae94bbf9bffb39856e04a9d79f8,/usrdata/EnzymeCAGE_data/tools/p2rank_2.5.1/prank predict -threads 4 -c alphafold -visualizations 0 -o /root/projects/EnzymeCAGE-master/HPC_Returned_Result_Summaries/enzymecage_m4_e2_full_4681_4gpu_sharded_continuation_20260814/shards/shard_02/per_uid/C5D646/p2rank/raw /root/projects/EnzymeCAGE-master/HPC_Returned_Result_Summaries/enzymecage_m4_e2_full_4681_4gpu_sharded_continuation_20260814/shards/shard_02/per_uid/C5D646/p2rank/C5D646.ds,P2Rank 2.5.1,,,,AFDB structure fetched; P2Rank ran under the approved command contract; no usable top predicted pocket residues were produced or mapped.,False,
C5WR30,146,v6,ea23adbd73eb006089881c3e585998c7d68e9a9823017767912f98296fe66ea9,/usrdata/EnzymeCAGE_data/tools/p2rank_2.5.1/prank predict -threads 4 -c alphafold -visualizations 0 -o /root/projects/EnzymeCAGE-master/HPC_Returned_Result_Summaries/enzymecage_m4_e2_full_4681_4gpu_sharded_continuation_20260814/shards/shard_01/per_uid/C5WR30/p2rank/raw /root/projects/EnzymeCAGE-master/HPC_Returned_Result_Summaries/enzymecage_m4_e2_full_4681_4gpu_sharded_continuation_20260814/shards/shard_01/per_uid/C5WR30/p2rank/C5WR30.ds,P2Rank 2.5.1,,,,AFDB structure fetched; P2Rank ran under the approved command contract; no usable top predicted pocket residues were produced or mapped.,False,
D2HD32,206,v6,4f41623f3553e4627bd7c4812d17bf87b51b5a9c995b985eaba562e81e290637,/usrdata/EnzymeCAGE_data/tools/p2rank_2.5.1/prank predict -threads 4 -c alphafold -visualizations 0 -o /root/projects/EnzymeCAGE-master/HPC_Returned_Result_Summaries/enzymecage_m4_e2_full_4681_4gpu_sharded_continuation_20260814/shards/shard_00/per_uid/D2HD32/p2rank/raw /root/projects/EnzymeCAGE-master/HPC_Returned_Result_Summaries/enzymecage_m4_e2_full_4681_4gpu_sharded_continuation_20260814/shards/shard_00/per_uid/D2HD32/p2rank/D2HD32.ds,P2Rank 2.5.1,,,,AFDB structure fetched; P2Rank ran under the approved command contract; no usable top predicted pocket residues were produced or mapped.,False,
D3ZKU7,125,v6,4369edcad38f801bc4befba36bafbb8ed6ba143184d0f374b7140ae8235d1d83,/usrdata/EnzymeCAGE_data/tools/p2rank_2.5.1/prank predict -threads 4 -c alphafold -visualizations 0 -o /root/projects/EnzymeCAGE-master/HPC_Returned_Result_Summaries/enzymecage_m4_e2_full_4681_4gpu_sharded_continuation_20260814/shards/shard_03/per_uid/D3ZKU7/p2rank/raw /root/projects/EnzymeCAGE-master/HPC_Returned_Result_Summaries/enzymecage_m4_e2_full_4681_4gpu_sharded_continuation_20260814/shards/shard_03/per_uid/D3ZKU7/p2rank/D3ZKU7.ds,P2Rank 2.5.1,,,,AFDB structure fetched; P2Rank ran under the approved command contract; no usable top predicted pocket residues were produced or mapped.,False,
D7STK2,137,v6,79e31036a1877fff559c9af78ef8b7df51347b2c597bf4d160be22bcc6e158d4,/usrdata/EnzymeCAGE_data/tools/p2rank_2.5.1/prank predict -threads 4 -c alphafold -visualizations 0 -o /root/projects/EnzymeCAGE-master/HPC_Returned_Result_Summaries/enzymecage_m4_e2_full_4681_4gpu_sharded_continuation_20260814/shards/shard_01/per_uid/D7STK2/p2rank/raw /root/projects/EnzymeCAGE-master/HPC_Returned_Result_Summaries/enzymecage_m4_e2_full_4681_4gpu_sharded_continuation_20260814/shards/shard_01/per_uid/D7STK2/p2rank/D7STK2.ds,P2Rank 2.5.1,,,,AFDB structure fetched; P2Rank ran under the approved command contract; no usable top predicted pocket residues were produced or mapped.,False,
E1FU46,190,v6,92ebb6f5a339c85ce9476e690a1e07819822ae8ed6ccf65e419217ffa0ce211b,/usrdata/EnzymeCAGE_data/tools/p2rank_2.5.1/prank predict -threads 4 -c alphafold -visualizations 0 -o /root/projects/EnzymeCAGE-master/HPC_Returned_Result_Summaries/enzymecage_m4_e2_full_4681_4gpu_sharded_continuation_20260814/shards/shard_02/per_uid/E1FU46/p2rank/raw /root/projects/EnzymeCAGE-master/HPC_Returned_Result_Summaries/enzymecage_m4_e2_full_4681_4gpu_sharded_continuation_20260814/shards/shard_02/per_uid/E1FU46/p2rank/E1FU46.ds,P2Rank 2.5.1,,,,AFDB structure fetched; P2Rank ran under the approved command contract; no usable top predicted pocket residues were produced or mapped.,False,
E2RK33,155,v6,7085c4f6b8efedf1ba0269a5e31655ad777b318d1c85fb290fa44afca5dbb167,/usrdata/EnzymeCAGE_data/tools/p2rank_2.5.1/prank predict -threads 4 -c alphafold -visualizations 0 -o /root/projects/EnzymeCAGE-master/HPC_Returned_Result_Summaries/enzymecage_m4_e2_full_4681_4gpu_sharded_continuation_20260814/shards/shard_03/per_uid/E2RK33/p2rank/raw /root/projects/EnzymeCAGE-master/HPC_Returned_Result_Summaries/enzymecage_m4_e2_full_4681_4gpu_sharded_continuation_20260814/shards/shard_03/per_uid/E2RK33/p2rank/E2RK33.ds,P2Rank 2.5.1,,,,AFDB structure fetched; P2Rank ran under the approved command contract; no usable top predicted pocket residues were produced or mapped.,False,
E3MIE2,198,v6,50d8983f957b36ce75d3f985613a70741182b4ecec1c3f403065064327d8407f,/usrdata/EnzymeCAGE_data/tools/p2rank_2.5.1/prank predict -threads 4 -c alphafold -visualizations 0 -o /root/projects/EnzymeCAGE-master/HPC_Returned_Result_Summaries/enzymecage_m4_e2_full_4681_4gpu_sharded_continuation_20260814/shards/shard_00/per_uid/E3MIE2/p2rank/raw /root/projects/EnzymeCAGE-master/HPC_Returned_Result_Summaries/enzymecage_m4_e2_full_4681_4gpu_sharded_continuation_20260814/shards/shard_00/per_uid/E3MIE2/p2rank/E3MIE2.ds,P2Rank 2.5.1,,,,AFDB structure fetched; P2Rank ran under the approved command contract; no usable top predicted pocket residues were produced or mapped.,False,
E3WSB5,166,v6,b785cc7f89bfe8659daea707d89e09772ef85a1584415945ee78d3d1e1a8847e,/usrdata/EnzymeCAGE_data/tools/p2rank_2.5.1/prank predict -threads 4 -c alphafold -visualizations 0 -o /root/projects/EnzymeCAGE-master/HPC_Returned_Result_Summaries/enzymecage_m4_e2_full_4681_4gpu_sharded_continuation_20260814/shards/shard_02/per_uid/E3WSB5/p2rank/raw /root/projects/EnzymeCAGE-master/HPC_Returned_Result_Summaries/enzymecage_m4_e2_full_4681_4gpu_sharded_continuation_20260814/shards/shard_02/per_uid/E3WSB5/p2rank/E3WSB5.ds,P2Rank 2.5.1,,,,AFDB structure fetched; P2Rank ran under the approved command contract; no usable top predicted pocket residues were produced or mapped.,False,
F5L3T2,210,v6,60ae5578c920b9dea8d3a76b75858176f82f1c80ea6f2690059f62e010f14127,/usrdata/EnzymeCAGE_data/tools/p2rank_2.5.1/prank predict -threads 4 -c alphafold -visualizations 0 -o /root/projects/EnzymeCAGE-master/HPC_Returned_Result_Summaries/enzymecage_m4_e2_full_4681_4gpu_sharded_continuation_20260814/shards/shard_02/per_uid/F5L3T2/p2rank/raw /root/projects/EnzymeCAGE-master/HPC_Returned_Result_Summaries/enzymecage_m4_e2_full_4681_4gpu_sharded_continuation_20260814/shards/shard_02/per_uid/F5L3T2/p2rank/F5L3T2.ds,P2Rank 2.5.1,,,,AFDB structure fetched; P2Rank ran under the approved command contract; no usable top predicted pocket residues were produced or mapped.,False,
G3XD67,104,v6,96027230ac5d2f5f1ed1a68ac3aef865dbbeb0f50b336528a95c62377b2e2268,/usrdata/EnzymeCAGE_data/tools/p2rank_2.5.1/prank predict -threads 4 -c alphafold -visualizations 0 -o /root/projects/EnzymeCAGE-master/HPC_Returned_Result_Summaries/enzymecage_m4_e2_full_4681_4gpu_sharded_continuation_20260814/shards/shard_02/per_uid/G3XD67/p2rank/raw /root/projects/EnzymeCAGE-master/HPC_Returned_Result_Summaries/enzymecage_m4_e2_full_4681_4gpu_sharded_continuation_20260814/shards/shard_02/per_uid/G3XD67/p2rank/G3XD67.ds,P2Rank 2.5.1,,,,AFDB structure fetched; P2Rank ran under the approved command contract; no usable top predicted pocket residues were produced or mapped.,False,
H0QPL8,132,v6,ba0e62b71afe0fa96ea53790bdd7750594e7e4d1f4d4ac7b3ecfe5bc0ec3d127,/usrdata/EnzymeCAGE_data/tools/p2rank_2.5.1/prank predict -threads 4 -c alphafold -visualizations 0 -o /root/projects/EnzymeCAGE-master/HPC_Returned_Result_Summaries/enzymecage_m4_e2_full_4681_4gpu_sharded_continuation_20260814/shards/shard_03/per_uid/H0QPL8/p2rank/raw /root/projects/EnzymeCAGE-master/HPC_Returned_Result_Summaries/enzymecage_m4_e2_full_4681_4gpu_sharded_continuation_20260814/shards/shard_03/per_uid/H0QPL8/p2rank/H0QPL8.ds,P2Rank 2.5.1,,,,AFDB structure fetched; P2Rank ran under the approved command contract; no usable top predicted pocket residues were produced or mapped.,False,
I1MRZ6,338,v6,0b778a108a86e8ccb26f587298db8bc723b85e8da6c0c0ecfea6ed9b12250e65,/usrdata/EnzymeCAGE_data/tools/p2rank_2.5.1/prank predict -threads 4 -c alphafold -visualizations 0 -o /root/projects/EnzymeCAGE-master/HPC_Returned_Result_Summaries/enzymecage_m4_e2_full_4681_4gpu_sharded_continuation_20260814/shards/shard_00/per_uid/I1MRZ6/p2rank/raw /root/projects/EnzymeCAGE-master/HPC_Returned_Result_Summaries/enzymecage_m4_e2_full_4681_4gpu_sharded_continuation_20260814/shards/shard_00/per_uid/I1MRZ6/p2rank/I1MRZ6.ds,P2Rank 2.5.1,,,,AFDB structure fetched; P2Rank ran under the approved command contract; no usable top predicted pocket residues were produced or mapped.,False,
I3R7F2,88,v6,d31b331237e42e03e8c1e2eb972924bc66cbd42b06f03458c77e1044e1e7e32f,/usrdata/EnzymeCAGE_data/tools/p2rank_2.5.1/prank predict -threads 4 -c alphafold -visualizations 0 -o /root/projects/EnzymeCAGE-master/HPC_Returned_Result_Summaries/enzymecage_m4_e2_full_4681_4gpu_sharded_continuation_20260814/shards/shard_02/per_uid/I3R7F2/p2rank/raw /root/projects/EnzymeCAGE-master/HPC_Returned_Result_Summaries/enzymecage_m4_e2_full_4681_4gpu_sharded_continuation_20260814/shards/shard_02/per_uid/I3R7F2/p2rank/I3R7F2.ds,P2Rank 2.5.1,,,,AFDB structure fetched; P2Rank ran under the approved command contract; no usable top predicted pocket residues were produced or mapped.,False,
O05505,103,v6,2c88ff01cb26825c121f7e1982a11c9381edf3c0cc3e424226e9ec3ff1a71b7b,/usrdata/EnzymeCAGE_data/tools/p2rank_2.5.1/prank predict -threads 4 -c alphafold -visualizations 0 -o /root/projects/EnzymeCAGE-master/HPC_Returned_Result_Summaries/enzymecage_m4_e2_full_4681_4gpu_sharded_continuation_20260814/shards/shard_02/per_uid/O05505/p2rank/raw /root/projects/EnzymeCAGE-master/HPC_Returned_Result_Summaries/enzymecage_m4_e2_full_4681_4gpu_sharded_continuation_20260814/shards/shard_02/per_uid/O05505/p2rank/O05505.ds,P2Rank 2.5.1,,,,AFDB structure fetched; P2Rank ran under the approved command contract; no usable top predicted pocket residues were produced or mapped.,False,
O05755,79,v6,b49ee7ab85afb7af0d509c07b08b0772f7f6b8de07ac0332a105eac36e5aac71,/usrdata/EnzymeCAGE_data/tools/p2rank_2.5.1/prank predict -threads 4 -c alphafold -visualizations 0 -o /root/projects/EnzymeCAGE-master/HPC_Returned_Result_Summaries/enzymecage_m4_e2_full_4681_4gpu_sharded_continuation_20260814/shards/shard_03/per_uid/O05755/p2rank/raw /root/projects/EnzymeCAGE-master/HPC_Returned_Result_Summaries/enzymecage_m4_e2_full_4681_4gpu_sharded_continuation_20260814/shards/shard_03/per_uid/O05755/p2rank/O05755.ds,P2Rank 2.5.1,,,,AFDB structure fetched; P2Rank ran under the approved command contract; no usable top predicted pocket residues were produced or mapped.,False,
O08615,46,v6,57d93d7dafc3534e0a09f70a15026818c7e17abe2c2e154f4184f912f4401d38,/usrdata/EnzymeCAGE_data/tools/p2rank_2.5.1/prank predict -threads 4 -c alphafold -visualizations 0 -o /root/projects/EnzymeCAGE-master/HPC_Returned_Result_Summaries/enzymecage_m4_e2_full_4681_4gpu_sharded_continuation_20260814/shards/shard_00/per_uid/O08615/p2rank/raw /root/projects/EnzymeCAGE-master/HPC_Returned_Result_Summaries/enzymecage_m4_e2_full_4681_4gpu_sharded_continuation_20260814/shards/shard_00/per_uid/O08615/p2rank/O08615.ds,P2Rank 2.5.1,,,,AFDB structure fetched; P2Rank ran under the approved command contract; no usable top predicted pocket residues were produced or mapped.,False,
O18851,46,v6,793ed2f334398d8e67d753e480b1260df13c7acf365cf597ab85bbcda2e192a1,/usrdata/EnzymeCAGE_data/tools/p2rank_2.5.1/prank predict -threads 4 -c alphafold -visualizations 0 -o /root/projects/EnzymeCAGE-master/HPC_Returned_Result_Summaries/enzymecage_m4_e2_full_4681_4gpu_sharded_continuation_20260814/shards/shard_03/per_uid/O18851/p2rank/raw /root/projects/EnzymeCAGE-master/HPC_Returned_Result_Summaries/enzymecage_m4_e2_full_4681_4gpu_sharded_continuation_20260814/shards/shard_03/per_uid/O18851/p2rank/O18851.ds,P2Rank 2.5.1,,,,AFDB structure fetched; P2Rank ran under the approved command contract; no usable top predicted pocket residues were produced or mapped.,False,
O19098,31,v6,224a9455fc9b7781f164520841ef3b43eacd0992fea8804bfebffb4592842e81,/usrdata/EnzymeCAGE_data/tools/p2rank_2.5.1/prank predict -threads 4 -c alphafold -visualizations 0 -o /root/projects/EnzymeCAGE-master/HPC_Returned_Result_Summaries/enzymecage_m4_e2_full_4681_4gpu_sharded_continuation_20260814/shards/shard_00/per_uid/O19098/p2rank/raw /root/projects/EnzymeCAGE-master/HPC_Returned_Result_Summaries/enzymecage_m4_e2_full_4681_4gpu_sharded_continuation_20260814/shards/shard_00/per_uid/O19098/p2rank/O19098.ds,P2Rank 2.5.1,,,,AFDB structure fetched; P2Rank ran under the approved command contract; no usable top predicted pocket residues were produced or mapped.,False,
O26271,84,v6,8372d8491c6d4c2ae2ffed98327fec95e69a9d54eea6c2394e7baaf788eab0ff,/usrdata/EnzymeCAGE_data/tools/p2rank_2.5.1/prank predict -threads 4 -c alphafold -visualizations 0 -o /root/projects/EnzymeCAGE-master/HPC_Returned_Result_Summaries/enzymecage_m4_e2_full_4681_4gpu_sharded_continuation_20260814/shards/shard_00/per_uid/O26271/p2rank/raw /root/projects/EnzymeCAGE-master/HPC_Returned_Result_Summaries/enzymecage_m4_e2_full_4681_4gpu_sharded_continuation_20260814/shards/shard_00/per_uid/O26271/p2rank/O26271.ds,P2Rank 2.5.1,,,,AFDB structure fetched; P2Rank ran under the approved command contract; no usable top predicted pocket residues were produced or mapped.,False,
O27225,86,v6,6a992a1103a0edd1e95125c353e648eecaf905a8119777bb20640d890f936d01,/usrdata/EnzymeCAGE_data/tools/p2rank_2.5.1/prank predict -threads 4 -c alphafold -visualizations 0 -o /root/projects/EnzymeCAGE-master/HPC_Returned_Result_Summaries/enzymecage_m4_e2_full_4681_4gpu_sharded_continuation_20260814/shards/shard_02/per_uid/O27225/p2rank/raw /root/projects/EnzymeCAGE-master/HPC_Returned_Result_Summaries/enzymecage_m4_e2_full_4681_4gpu_sharded_continuation_20260814/shards/shard_02/per_uid/O27225/p2rank/O27225.ds,P2Rank 2.5.1,,,,AFDB structure fetched; P2Rank ran under the approved command contract; no usable top predicted pocket residues were produced or mapped.,False,
O27226,68,v6,4daf8bcb19513e2c68cb8d3998630cc469f7fe1569b0a6378fe05f77a7188f5f,/usrdata/EnzymeCAGE_data/tools/p2rank_2.5.1/prank predict -threads 4 -c alphafold -visualizations 0 -o /root/projects/EnzymeCAGE-master/HPC_Returned_Result_Summaries/enzymecage_m4_e2_full_4681_4gpu_sharded_continuation_20260814/shards/shard_03/per_uid/O27226/p2rank/raw /root/projects/EnzymeCAGE-master/HPC_Returned_Result_Summaries/enzymecage_m4_e2_full_4681_4gpu_sharded_continuation_20260814/shards/shard_03/per_uid/O27226/p2rank/O27226.ds,P2Rank 2.5.1,,,,AFDB structure fetched; P2Rank ran under the approved command contract; no usable top predicted pocket residues were produced or mapped.,False,
O27228,100,v6,90bf87bd6ed64674cbfde7a39d91d0f7195ac8e209ac631d37b10e1cbd45afee,/usrdata/EnzymeCAGE_data/tools/p2rank_2.5.1/prank predict -threads 4 -c alphafold -visualizations 0 -o /root/projects/EnzymeCAGE-master/HPC_Returned_Result_Summaries/enzymecage_m4_e2_full_4681_4gpu_sharded_continuation_20260814/shards/shard_00/per_uid/O27228/p2rank/raw /root/projects/EnzymeCAGE-master/HPC_Returned_Result_Summaries/enzymecage_m4_e2_full_4681_4gpu_sharded_continuation_20260814/shards/shard_00/per_uid/O27228/p2rank/O27228.ds,P2Rank 2.5.1,,,,AFDB structure fetched; P2Rank ran under the approved command contract; no usable top predicted pocket residues were produced or mapped.,False,
O28185,115,v6,66df0ee7fe0f6180b3f7c770d59b54c1ff3c352fbf95b3ca114bf8955fd974d1,/usrdata/EnzymeCAGE_data/tools/p2rank_2.5.1/prank predict -threads 4 -c alphafold -visualizations 0 -o /root/projects/EnzymeCAGE-master/HPC_Returned_Result_Summaries/enzymecage_m4_e2_full_4681_4gpu_sharded_continuation_20260814/shards/shard_03/per_uid/O28185/p2rank/raw /root/projects/EnzymeCAGE-master/HPC_Returned_Result_Summaries/enzymecage_m4_e2_full_4681_4gpu_sharded_continuation_20260814/shards/shard_03/per_uid/O28185/p2rank/O28185.ds,P2Rank 2.5.1,,,,AFDB structure fetched; P2Rank ran under the approved command contract; no usable top predicted pocket residues were produced or mapped.,False,
O28338,80,v6,e1eef005a577f80a84fab45ec356e0794be89ddd35fa03c5d96ca60d049f88e5,/usrdata/EnzymeCAGE_data/tools/p2rank_2.5.1/prank predict -threads 4 -c alphafold -visualizations 0 -o /root/projects/EnzymeCAGE-master/HPC_Returned_Result_Summaries/enzymecage_m4_e2_full_4681_4gpu_sharded_continuation_20260814/shards/shard_00/per_uid/O28338/p2rank/raw /root/projects/EnzymeCAGE-master/HPC_Returned_Result_Summaries/enzymecage_m4_e2_full_4681_4gpu_sharded_continuation_20260814/shards/shard_00/per_uid/O28338/p2rank/O28338.ds,P2Rank 2.5.1,,,,AFDB structure fetched; P2Rank ran under the approved command contract; no usable top predicted pocket residues were produced or mapped.,False,
O28663,112,v6,a3dfdbfe66c76cfca1a9509849004bd57d6b06c6bdee92a49bd291f1ec62bf40,/usrdata/EnzymeCAGE_data/tools/p2rank_2.5.1/prank predict -threads 4 -c alphafold -visualizations 0 -o /root/projects/EnzymeCAGE-master/HPC_Returned_Result_Summaries/enzymecage_m4_e2_full_4681_4gpu_sharded_continuation_20260814/shards/shard_01/per_uid/O28663/p2rank/raw /root/projects/EnzymeCAGE-master/HPC_Returned_Result_Summaries/enzymecage_m4_e2_full_4681_4gpu_sharded_continuation_20260814/shards/shard_01/per_uid/O28663/p2rank/O28663.ds,P2Rank 2.5.1,,,,AFDB structure fetched; P2Rank ran under the approved command contract; no usable top predicted pocket residues were produced or mapped.,False,
O30334,100,v6,a819199d4ac01bac2d2ce16aca8d71d0d73363a9c21dfb10fab3a4b9a34041f3,/usrdata/EnzymeCAGE_data/tools/p2rank_2.5.1/prank predict -threads 4 -c alphafold -visualizations 0 -o /root/projects/EnzymeCAGE-master/HPC_Returned_Result_Summaries/enzymecage_m4_e2_full_4681_4gpu_sharded_continuation_20260814/shards/shard_02/per_uid/O30334/p2rank/raw /root/projects/EnzymeCAGE-master/HPC_Returned_Result_Summaries/enzymecage_m4_e2_full_4681_4gpu_sharded_continuation_20260814/shards/shard_02/per_uid/O30334/p2rank/O30334.ds,P2Rank 2.5.1,,,,AFDB structure fetched; P2Rank ran under the approved command contract; no usable top predicted pocket residues were produced or mapped.,False,
O32868,74,v6,9c9c4d2945de71d0cd0172f51ba0e5ee193b535a45c397906c7c4380f4c5340d,/usrdata/EnzymeCAGE_data/tools/p2rank_2.5.1/prank predict -threads 4 -c alphafold -visualizations 0 -o /root/projects/EnzymeCAGE-master/HPC_Returned_Result_Summaries/enzymecage_m4_e2_full_4681_4gpu_sharded_continuation_20260814/shards/shard_00/per_uid/O32868/p2rank/raw /root/projects/EnzymeCAGE-master/HPC_Returned_Result_Summaries/enzymecage_m4_e2_full_4681_4gpu_sharded_continuation_20260814/shards/shard_00/per_uid/O32868/p2rank/O32868.ds,P2Rank 2.5.1,,,,AFDB structure fetched; P2Rank ran under the approved command contract; no usable top predicted pocket residues were produced or mapped.,False,
O43716,136,v6,eca6f8b6d1f087602e17c56cf9b63bed32a1ecc8bc1ad07f6fcd08559e2110e4,/usrdata/EnzymeCAGE_data/tools/p2rank_2.5.1/prank predict -threads 4 -c alphafold -visualizations 0 -o /root/projects/EnzymeCAGE-master/HPC_Returned_Result_Summaries/enzymecage_m4_e2_full_4681_4gpu_sharded_continuation_20260814/shards/shard_01/per_uid/O43716/p2rank/raw /root/projects/EnzymeCAGE-master/HPC_Returned_Result_Summaries/enzymecage_m4_e2_full_4681_4gpu_sharded_continuation_20260814/shards/shard_01/per_uid/O43716/p2rank/O43716.ds,P2Rank 2.5.1,,,,AFDB structure fetched; P2Rank ran under the approved command contract; no usable top predicted pocket residues were produced or mapped.,False,
O51318,91,v6,97061dcdeda45e38b41914142fe84a88b3156ccb536cad80b82cc96871afff95,/usrdata/EnzymeCAGE_data/tools/p2rank_2.5.1/prank predict -threads 4 -c alphafold -visualizations 0 -o /root/projects/EnzymeCAGE-master/HPC_Returned_Result_Summaries/enzymecage_m4_e2_full_4681_4gpu_sharded_continuation_20260814/shards/shard_00/per_uid/O51318/p2rank/raw /root/projects/EnzymeCAGE-master/HPC_Returned_Result_Summaries/enzymecage_m4_e2_full_4681_4gpu_sharded_continuation_20260814/shards/shard_00/per_uid/O51318/p2rank/O51318.ds,P2Rank 2.5.1,,,,AFDB structure fetched; P2Rank ran under the approved command contract; no usable top predicted pocket residues were produced or mapped.,False,
O54030,134,v6,8a3809c5f19dfdc98492adb7011967128f6dbfc5dbe36549c4182e87e29e52f5,/usrdata/EnzymeCAGE_data/tools/p2rank_2.5.1/prank predict -threads 4 -c alphafold -visualizations 0 -o /root/projects/EnzymeCAGE-master/HPC_Returned_Result_Summaries/enzymecage_m4_e2_full_4681_4gpu_sharded_continuation_20260814/shards/shard_01/per_uid/O54030/p2rank/raw /root/projects/EnzymeCAGE-master/HPC_Returned_Result_Summaries/enzymecage_m4_e2_full_4681_4gpu_sharded_continuation_20260814/shards/shard_01/per_uid/O54030/p2rank/O54030.ds,P2Rank 2.5.1,,,,AFDB structure fetched; P2Rank ran under the approved command contract; no usable top predicted pocket residues were produced or mapped.,False,
O54457,61,v6,a76d8237bf423aeb867a740053829e381ad8f199828ae93bfc825be91a5eb853,/usrdata/EnzymeCAGE_data/tools/p2rank_2.5.1/prank predict -threads 4 -c alphafold -visualizations 0 -o /root/projects/EnzymeCAGE-master/HPC_Returned_Result_Summaries/enzymecage_m4_e2_full_4681_4gpu_sharded_continuation_20260814/shards/shard_02/per_uid/O54457/p2rank/raw /root/projects/EnzymeCAGE-master/HPC_Returned_Result_Summaries/enzymecage_m4_e2_full_4681_4gpu_sharded_continuation_20260814/shards/shard_02/per_uid/O54457/p2rank/O54457.ds,P2Rank 2.5.1,,,,AFDB structure fetched; P2Rank ran under the approved command contract; no usable top predicted pocket residues were produced or mapped.,False,
O55102,125,v6,4b62313fa229e32c3c71219599d52f5b521b42bef65e79e6907b456b81a626f8,/usrdata/EnzymeCAGE_data/tools/p2rank_2.5.1/prank predict -threads 4 -c alphafold -visualizations 0 -o /root/projects/EnzymeCAGE-master/HPC_Returned_Result_Summaries/enzymecage_m4_e2_full_4681_4gpu_sharded_continuation_20260814/shards/shard_01/per_uid/O55102/p2rank/raw /root/projects/EnzymeCAGE-master/HPC_Returned_Result_Summaries/enzymecage_m4_e2_full_4681_4gpu_sharded_continuation_20260814/shards/shard_01/per_uid/O55102/p2rank/O55102.ds,P2Rank 2.5.1,,,,AFDB structure fetched; P2Rank ran under the approved command contract; no usable top predicted pocket residues were produced or mapped.,False,
O58226,162,v6,5b51d6e25d4f189df102057cecf66e301f9a380aa018c684c59fdb16f36ae7fe,/usrdata/EnzymeCAGE_data/tools/p2rank_2.5.1/prank predict -threads 4 -c alphafold -visualizations 0 -o /root/projects/EnzymeCAGE-master/HPC_Returned_Result_Summaries/enzymecage_m4_e2_full_4681_4gpu_sharded_continuation_20260814/shards/shard_01/per_uid/O58226/p2rank/raw /root/projects/EnzymeCAGE-master/HPC_Returned_Result_Summaries/enzymecage_m4_e2_full_4681_4gpu_sharded_continuation_20260814/shards/shard_01/per_uid/O58226/p2rank/O58226.ds,P2Rank 2.5.1,,,,AFDB structure fetched; P2Rank ran under the approved command contract; no usable top predicted pocket residues were produced or mapped.,False,
O66462,99,v6,c944ab6063bc503f51b2f620c388180b4ac9a03761632f5b8a55b10b423896c9,/usrdata/EnzymeCAGE_data/tools/p2rank_2.5.1/prank predict -threads 4 -c alphafold -visualizations 0 -o /root/projects/EnzymeCAGE-master/HPC_Returned_Result_Summaries/enzymecage_m4_e2_full_4681_4gpu_sharded_continuation_20260814/shards/shard_01/per_uid/O66462/p2rank/raw /root/projects/EnzymeCAGE-master/HPC_Returned_Result_Summaries/enzymecage_m4_e2_full_4681_4gpu_sharded_continuation_20260814/shards/shard_01/per_uid/O66462/p2rank/O66462.ds,P2Rank 2.5.1,,,,AFDB structure fetched; P2Rank ran under the approved command contract; no usable top predicted pocket residues were produced or mapped.,False,
O67339,100,v6,08aaf25ea368583cfb1f4ad88cc815b7767ef6ff431cdeeb638fde95776272f1,/usrdata/EnzymeCAGE_data/tools/p2rank_2.5.1/prank predict -threads 4 -c alphafold -visualizations 0 -o /root/projects/EnzymeCAGE-master/HPC_Returned_Result_Summaries/enzymecage_m4_e2_full_4681_4gpu_sharded_continuation_20260814/shards/shard_00/per_uid/O67339/p2rank/raw /root/projects/EnzymeCAGE-master/HPC_Returned_Result_Summaries/enzymecage_m4_e2_full_4681_4gpu_sharded_continuation_20260814/shards/shard_00/per_uid/O67339/p2rank/O67339.ds,P2Rank 2.5.1,,,,AFDB structure fetched; P2Rank ran under the approved command contract; no usable top predicted pocket residues were produced or mapped.,False,
O67388,102,v6,d990c02fb307b2340fc3be1f97d6ce70e90ae214aba000eaf18c680a74df2cd2,/usrdata/EnzymeCAGE_data/tools/p2rank_2.5.1/prank predict -threads 4 -c alphafold -visualizations 0 -o /root/projects/EnzymeCAGE-master/HPC_Returned_Result_Summaries/enzymecage_m4_e2_full_4681_4gpu_sharded_continuation_20260814/shards/shard_01/per_uid/O67388/p2rank/raw /root/projects/EnzymeCAGE-master/HPC_Returned_Result_Summaries/enzymecage_m4_e2_full_4681_4gpu_sharded_continuation_20260814/shards/shard_01/per_uid/O67388/p2rank/O67388.ds,P2Rank 2.5.1,,,,AFDB structure fetched; P2Rank ran under the approved command contract; no usable top predicted pocket residues were produced or mapped.,False,
O83982,114,v6,ab8933a210842625d960a6b202b0ce43ba4dc360ead1684e6a89c08f538804d2,/usrdata/EnzymeCAGE_data/tools/p2rank_2.5.1/prank predict -threads 4 -c alphafold -visualizations 0 -o /root/projects/EnzymeCAGE-master/HPC_Returned_Result_Summaries/enzymecage_m4_e2_full_4681_4gpu_sharded_continuation_20260814/shards/shard_00/per_uid/O83982/p2rank/raw /root/projects/EnzymeCAGE-master/HPC_Returned_Result_Summaries/enzymecage_m4_e2_full_4681_4gpu_sharded_continuation_20260814/shards/shard_00/per_uid/O83982/p2rank/O83982.ds,P2Rank 2.5.1,,,,AFDB structure fetched; P2Rank ran under the approved command contract; no usable top predicted pocket residues were produced or mapped.,False,
O84005,100,v6,2778ef05577763ce1be572d871aa8f574320fa672a92abd6859c45f84c07059a,/usrdata/EnzymeCAGE_data/tools/p2rank_2.5.1/prank predict -threads 4 -c alphafold -visualizations 0 -o /root/projects/EnzymeCAGE-master/HPC_Returned_Result_Summaries/enzymecage_m4_e2_full_4681_4gpu_sharded_continuation_20260814/shards/shard_01/per_uid/O84005/p2rank/raw /root/projects/EnzymeCAGE-master/HPC_Returned_Result_Summaries/enzymecage_m4_e2_full_4681_4gpu_sharded_continuation_20260814/shards/shard_01/per_uid/O84005/p2rank/O84005.ds,P2Rank 2.5.1,,,,AFDB structure fetched; P2Rank ran under the approved command contract; no usable top predicted pocket residues were produced or mapped.,False,
O86535,197,v6,b11d8405041341a54e5fc74fd18180ad5b71fb460d0570800a8c256701e75f21,/usrdata/EnzymeCAGE_data/tools/p2rank_2.5.1/prank predict -threads 4 -c alphafold -visualizations 0 -o /root/projects/EnzymeCAGE-master/HPC_Returned_Result_Summaries/enzymecage_m4_e2_full_4681_4gpu_sharded_continuation_20260814/shards/shard_00/per_uid/O86535/p2rank/raw /root/projects/EnzymeCAGE-master/HPC_Returned_Result_Summaries/enzymecage_m4_e2_full_4681_4gpu_sharded_continuation_20260814/shards/shard_00/per_uid/O86535/p2rank/O86535.ds,P2Rank 2.5.1,,,,AFDB structure fetched; P2Rank ran under the approved command contract; no usable top predicted pocket residues were produced or mapped.,False,
O86722,101,v6,4dfaa879ab8d09174afe0ccfa3fd4c47d865f7c177a84fcf110c53779fa55149,/usrdata/EnzymeCAGE_data/tools/p2rank_2.5.1/prank predict -threads 4 -c alphafold -visualizations 0 -o /root/projects/EnzymeCAGE-master/HPC_Returned_Result_Summaries/enzymecage_m4_e2_full_4681_4gpu_sharded_continuation_20260814/shards/shard_01/per_uid/O86722/p2rank/raw /root/projects/EnzymeCAGE-master/HPC_Returned_Result_Summaries/enzymecage_m4_e2_full_4681_4gpu_sharded_continuation_20260814/shards/shard_01/per_uid/O86722/p2rank/O86722.ds,P2Rank 2.5.1,,,,AFDB structure fetched; P2Rank ran under the approved command contract; no usable top predicted pocket residues were produced or mapped.,False,
O87400,100,v6,cf4ada8ec5d79da791c2cfddfab31f2c62175e073ae9bf635984006450ef0714,/usrdata/EnzymeCAGE_data/tools/p2rank_2.5.1/prank predict -threads 4 -c alphafold -visualizations 0 -o /root/projects/EnzymeCAGE-master/HPC_Returned_Result_Summaries/enzymecage_m4_e2_full_4681_4gpu_sharded_continuation_20260814/shards/shard_03/per_uid/O87400/p2rank/raw /root/projects/EnzymeCAGE-master/HPC_Returned_Result_Summaries/enzymecage_m4_e2_full_4681_4gpu_sharded_continuation_20260814/shards/shard_03/per_uid/O87400/p2rank/O87400.ds,P2Rank 2.5.1,,,,AFDB structure fetched; P2Rank ran under the approved command contract; no usable top predicted pocket residues were produced or mapped.,False,
P00383,78,v6,546c059174732c10ceb56620530721d70eb4fb3e218f681148fed523fc22f38b,/usrdata/EnzymeCAGE_data/tools/p2rank_2.5.1/prank predict -threads 4 -c alphafold -visualizations 0 -o /root/projects/EnzymeCAGE-master/HPC_Returned_Result_Summaries/enzymecage_m4_e2_full_4681_4gpu_sharded_continuation_20260814/shards/shard_03/per_uid/P00383/p2rank/raw /root/projects/EnzymeCAGE-master/HPC_Returned_Result_Summaries/enzymecage_m4_e2_full_4681_4gpu_sharded_continuation_20260814/shards/shard_03/per_uid/P00383/p2rank/P00383.ds,P2Rank 2.5.1,,,,AFDB structure fetched; P2Rank ran under the approved command contract; no usable top predicted pocket residues were produced or mapped.,False,
P00384,78,v6,da2adb829bff0495da6b9f678d819a2ce688915e17156753f629823becebb9fc,/usrdata/EnzymeCAGE_data/tools/p2rank_2.5.1/prank predict -threads 4 -c alphafold -visualizations 0 -o /root/projects/EnzymeCAGE-master/HPC_Returned_Result_Summaries/enzymecage_m4_e2_full_4681_4gpu_sharded_continuation_20260814/shards/shard_00/per_uid/P00384/p2rank/raw /root/projects/EnzymeCAGE-master/HPC_Returned_Result_Summaries/enzymecage_m4_e2_full_4681_4gpu_sharded_continuation_20260814/shards/shard_00/per_uid/P00384/p2rank/P00384.ds,P2Rank 2.5.1,,,,AFDB structure fetched; P2Rank ran under the approved command contract; no usable top predicted pocket residues were produced or mapped.,False,
P00863,38,v6,5d4ef278c9dcf857db10dafaa0346b37e0df8a5be6727c7fe2461b92b58ee3cb,/usrdata/EnzymeCAGE_data/tools/p2rank_2.5.1/prank predict -threads 4 -c alphafold -visualizations 0 -o /root/projects/EnzymeCAGE-master/HPC_Returned_Result_Summaries/enzymecage_m4_e2_full_4681_4gpu_sharded_continuation_20260814/shards/shard_03/per_uid/P00863/p2rank/raw /root/projects/EnzymeCAGE-master/HPC_Returned_Result_Summaries/enzymecage_m4_e2_full_4681_4gpu_sharded_continuation_20260814/shards/shard_03/per_uid/P00863/p2rank/P00863.ds,P2Rank 2.5.1,,,,AFDB structure fetched; P2Rank ran under the approved command contract; no usable top predicted pocket residues were produced or mapped.,False,
P02904,123,v6,38b1f69b927cf95ca5e1868872449837ee4276255c79803362fd5f4ab4c4d946,/usrdata/EnzymeCAGE_data/tools/p2rank_2.5.1/prank predict -threads 4 -c alphafold -visualizations 0 -o /root/projects/EnzymeCAGE-master/HPC_Returned_Result_Summaries/enzymecage_m4_e2_full_4681_4gpu_sharded_continuation_20260814/shards/shard_00/per_uid/P02904/p2rank/raw /root/projects/EnzymeCAGE-master/HPC_Returned_Result_Summaries/enzymecage_m4_e2_full_4681_4gpu_sharded_continuation_20260814/shards/shard_00/per_uid/P02904/p2rank/P02904.ds,P2Rank 2.5.1,,,,AFDB structure fetched; P2Rank ran under the approved command contract; no usable top predicted pocket residues were produced or mapped.,False,
P04972,87,v6,28fefe3f05ed316c55801aff25c6e45bd745a194eb9c34b336185988c7b5d6e8,/usrdata/EnzymeCAGE_data/tools/p2rank_2.5.1/prank predict -threads 4 -c alphafold -visualizations 0 -o /root/projects/EnzymeCAGE-master/HPC_Returned_Result_Summaries/enzymecage_m4_e2_full_4681_4gpu_sharded_continuation_20260814/shards/shard_02/per_uid/P04972/p2rank/raw /root/projects/EnzymeCAGE-master/HPC_Returned_Result_Summaries/enzymecage_m4_e2_full_4681_4gpu_sharded_continuation_20260814/shards/shard_02/per_uid/P04972/p2rank/P04972.ds,P2Rank 2.5.1,,,,AFDB structure fetched; P2Rank ran under the approved command contract; no usable top predicted pocket residues were produced or mapped.,False,
P05699,26,v6,3f5650d441355e1bb3a3cbc0d0db21a14337a0d2232bbf561dcd5c085b7d593f,/usrdata/EnzymeCAGE_data/tools/p2rank_2.5.1/prank predict -threads 4 -c alphafold -visualizations 0 -o /root/projects/EnzymeCAGE-master/HPC_Returned_Result_Summaries/enzymecage_m4_e2_full_4681_4gpu_sharded_continuation_20260814/shards/shard_00/per_uid/P05699/p2rank/raw /root/projects/EnzymeCAGE-master/HPC_Returned_Result_Summaries/enzymecage_m4_e2_full_4681_4gpu_sharded_continuation_20260814/shards/shard_00/per_uid/P05699/p2rank/P05699.ds,P2Rank 2.5.1,,,,AFDB structure fetched; P2Rank ran under the approved command contract; no usable top predicted pocket residues were produced or mapped.,False,
P05794,78,v6,433678ff5b75b567d052d7b5ae4a8322ab398b7747490c1c52823c6b794df5f0,/usrdata/EnzymeCAGE_data/tools/p2rank_2.5.1/prank predict -threads 4 -c alphafold -visualizations 0 -o /root/projects/EnzymeCAGE-master/HPC_Returned_Result_Summaries/enzymecage_m4_e2_full_4681_4gpu_sharded_continuation_20260814/shards/shard_01/per_uid/P05794/p2rank/raw /root/projects/EnzymeCAGE-master/HPC_Returned_Result_Summaries/enzymecage_m4_e2_full_4681_4gpu_sharded_continuation_20260814/shards/shard_01/per_uid/P05794/p2rank/P05794.ds,P2Rank 2.5.1,,,,AFDB structure fetched; P2Rank ran under the approved command contract; no usable top predicted pocket residues were produced or mapped.,False,
P09174,87,v6,02d5d72bf11ef67916ac67737c284c0c2d9c4286899bc07cadf69440205c67e8,/usrdata/EnzymeCAGE_data/tools/p2rank_2.5.1/prank predict -threads 4 -c alphafold -visualizations 0 -o /root/projects/EnzymeCAGE-master/HPC_Returned_Result_Summaries/enzymecage_m4_e2_full_4681_4gpu_sharded_continuation_20260814/shards/shard_02/per_uid/P09174/p2rank/raw /root/projects/EnzymeCAGE-master/HPC_Returned_Result_Summaries/enzymecage_m4_e2_full_4681_4gpu_sharded_continuation_20260814/shards/shard_02/per_uid/P09174/p2rank/P09174.ds,P2Rank 2.5.1,,,,AFDB structure fetched; P2Rank ran under the approved command contract; no usable top predicted pocket residues were produced or mapped.,False,
P0A229,108,v6,6f222fcfbf6c6c80e8a0dd11cab59fcd6e81d60a060497ad198499713e2480b8,/usrdata/EnzymeCAGE_data/tools/p2rank_2.5.1/prank predict -threads 4 -c alphafold -visualizations 0 -o /root/projects/EnzymeCAGE-master/HPC_Returned_Result_Summaries/enzymecage_m4_e2_full_4681_4gpu_sharded_continuation_20260814/shards/shard_01/per_uid/P0A229/p2rank/raw /root/projects/EnzymeCAGE-master/HPC_Returned_Result_Summaries/enzymecage_m4_e2_full_4681_4gpu_sharded_continuation_20260814/shards/shard_01/per_uid/P0A229/p2rank/P0A229.ds,P2Rank 2.5.1,,,,AFDB structure fetched; P2Rank ran under the approved command contract; no usable top predicted pocket residues were produced or mapped.,False,
P0A230,108,v6,9c7c23e8b03fa71b760b080eefc0b0e1d02b29cd360b51811659b1ef43de24e7,/usrdata/EnzymeCAGE_data/tools/p2rank_2.5.1/prank predict -threads 4 -c alphafold -visualizations 0 -o /root/projects/EnzymeCAGE-master/HPC_Returned_Result_Summaries/enzymecage_m4_e2_full_4681_4gpu_sharded_continuation_20260814/shards/shard_02/per_uid/P0A230/p2rank/raw /root/projects/EnzymeCAGE-master/HPC_Returned_Result_Summaries/enzymecage_m4_e2_full_4681_4gpu_sharded_continuation_20260814/shards/shard_02/per_uid/P0A230/p2rank/P0A230.ds,P2Rank 2.5.1,,,,AFDB structure fetched; P2Rank ran under the approved command contract; no usable top predicted pocket residues were produced or mapped.,False,
P0A435,94,v6,47c05e81378a49101bbed5e297497f6d110d544bc21d42efb8166f335240e20c,/usrdata/EnzymeCAGE_data/tools/p2rank_2.5.1/prank predict -threads 4 -c alphafold -visualizations 0 -o /root/projects/EnzymeCAGE-master/HPC_Returned_Result_Summaries/enzymecage_m4_e2_full_4681_4gpu_sharded_continuation_20260814/shards/shard_00/per_uid/P0A435/p2rank/raw /root/projects/EnzymeCAGE-master/HPC_Returned_Result_Summaries/enzymecage_m4_e2_full_4681_4gpu_sharded_continuation_20260814/shards/shard_00/per_uid/P0A435/p2rank/P0A435.ds,P2Rank 2.5.1,,,,AFDB structure fetched; P2Rank ran under the approved command contract; no usable top predicted pocket residues were produced or mapped.,False,
P0A436,94,v6,008c219c163caede4682cc61e83a9fe2729b87490bcf73241d86a03fab73fbdf,/usrdata/EnzymeCAGE_data/tools/p2rank_2.5.1/prank predict -threads 4 -c alphafold -visualizations 0 -o /root/projects/EnzymeCAGE-master/HPC_Returned_Result_Summaries/enzymecage_m4_e2_full_4681_4gpu_sharded_continuation_20260814/shards/shard_01/per_uid/P0A436/p2rank/raw /root/projects/EnzymeCAGE-master/HPC_Returned_Result_Summaries/enzymecage_m4_e2_full_4681_4gpu_sharded_continuation_20260814/shards/shard_01/per_uid/P0A436/p2rank/P0A436.ds,P2Rank 2.5.1,,,,AFDB structure fetched; P2Rank ran under the approved command contract; no usable top predicted pocket residues were produced or mapped.,False,
P0A437,94,v6,851ae8a26583e494cf4f0c63ecac71b19a441b282a6c9fd9c37bc1a275c25c1b,/usrdata/EnzymeCAGE_data/tools/p2rank_2.5.1/prank predict -threads 4 -c alphafold -visualizations 0 -o /root/projects/EnzymeCAGE-master/HPC_Returned_Result_Summaries/enzymecage_m4_e2_full_4681_4gpu_sharded_continuation_20260814/shards/shard_02/per_uid/P0A437/p2rank/raw /root/projects/EnzymeCAGE-master/HPC_Returned_Result_Summaries/enzymecage_m4_e2_full_4681_4gpu_sharded_continuation_20260814/shards/shard_02/per_uid/P0A437/p2rank/P0A437.ds,P2Rank 2.5.1,,,,AFDB structure fetched; P2Rank ran under the approved command contract; no usable top predicted pocket residues were produced or mapped.,False,
P0A4U0,100,v6,50f135bc6ca58ffd653fd29de4f629ea5a6e75dc8ab7396c46762a97afb6bc99,/usrdata/EnzymeCAGE_data/tools/p2rank_2.5.1/prank predict -threads 4 -c alphafold -visualizations 0 -o /root/projects/EnzymeCAGE-master/HPC_Returned_Result_Summaries/enzymecage_m4_e2_full_4681_4gpu_sharded_continuation_20260814/shards/shard_00/per_uid/P0A4U0/p2rank/raw /root/projects/EnzymeCAGE-master/HPC_Returned_Result_Summaries/enzymecage_m4_e2_full_4681_4gpu_sharded_continuation_20260814/shards/shard_00/per_uid/P0A4U0/p2rank/P0A4U0.ds,P2Rank 2.5.1,,,,AFDB structure fetched; P2Rank ran under the approved command contract; no usable top predicted pocket residues were produced or mapped.,False,
P0A4U1,100,v6,289c89dd6df6a5315e70f552effc94ff112dd57654de44d216970f9d26f865da,/usrdata/EnzymeCAGE_data/tools/p2rank_2.5.1/prank predict -threads 4 -c alphafold -visualizations 0 -o /root/projects/EnzymeCAGE-master/HPC_Returned_Result_Summaries/enzymecage_m4_e2_full_4681_4gpu_sharded_continuation_20260814/shards/shard_01/per_uid/P0A4U1/p2rank/raw /root/projects/EnzymeCAGE-master/HPC_Returned_Result_Summaries/enzymecage_m4_e2_full_4681_4gpu_sharded_continuation_20260814/shards/shard_01/per_uid/P0A4U1/p2rank/P0A4U1.ds,P2Rank 2.5.1,,,,AFDB structure fetched; P2Rank ran under the approved command contract; no usable top predicted pocket residues were produced or mapped.,False,
P0A5S3,94,v6,02ff44e2ebd1dfe5e9028b5473d3235e4846b97887942b00c8ffd67eb4145f40,/usrdata/EnzymeCAGE_data/tools/p2rank_2.5.1/prank predict -threads 4 -c alphafold -visualizations 0 -o /root/projects/EnzymeCAGE-master/HPC_Returned_Result_Summaries/enzymecage_m4_e2_full_4681_4gpu_sharded_continuation_20260814/shards/shard_00/per_uid/P0A5S3/p2rank/raw /root/projects/EnzymeCAGE-master/HPC_Returned_Result_Summaries/enzymecage_m4_e2_full_4681_4gpu_sharded_continuation_20260814/shards/shard_00/per_uid/P0A5S3/p2rank/P0A5S3.ds,P2Rank 2.5.1,,,,AFDB structure fetched; P2Rank ran under the approved command contract; no usable top predicted pocket residues were produced or mapped.,False,
P0A663,104,v6,82e126588270eef16367986baf2909470f683bf28a6c1e5a63d8153c78ec820e,/usrdata/EnzymeCAGE_data/tools/p2rank_2.5.1/prank predict -threads 4 -c alphafold -visualizations 0 -o /root/projects/EnzymeCAGE-master/HPC_Returned_Result_Summaries/enzymecage_m4_e2_full_4681_4gpu_sharded_continuation_20260814/shards/shard_01/per_uid/P0A663/p2rank/raw /root/projects/EnzymeCAGE-master/HPC_Returned_Result_Summaries/enzymecage_m4_e2_full_4681_4gpu_sharded_continuation_20260814/shards/shard_01/per_uid/P0A663/p2rank/P0A663.ds,P2Rank 2.5.1,,,,AFDB structure fetched; P2Rank ran under the approved command contract; no usable top predicted pocket residues were produced or mapped.,False,
P0A677,100,v6,974aa24e0f9824e9e91ead21841de6359d56ac25bcfff7fbdeff9af214299fb3,/usrdata/EnzymeCAGE_data/tools/p2rank_2.5.1/prank predict -threads 4 -c alphafold -visualizations 0 -o /root/projects/EnzymeCAGE-master/HPC_Returned_Result_Summaries/enzymecage_m4_e2_full_4681_4gpu_sharded_continuation_20260814/shards/shard_02/per_uid/P0A677/p2rank/raw /root/projects/EnzymeCAGE-master/HPC_Returned_Result_Summaries/enzymecage_m4_e2_full_4681_4gpu_sharded_continuation_20260814/shards/shard_02/per_uid/P0A677/p2rank/P0A677.ds,P2Rank 2.5.1,,,,AFDB structure fetched; P2Rank ran under the approved command contract; no usable top predicted pocket residues were produced or mapped.,False,
P0A791,126,v6,8c22625ede9198d3b42ba7fc7e114c338b612ca0f5b5f3af935540673453aefd,/usrdata/EnzymeCAGE_data/tools/p2rank_2.5.1/prank predict -threads 4 -c alphafold -visualizations 0 -o /root/projects/EnzymeCAGE-master/HPC_Returned_Result_Summaries/enzymecage_m4_e2_full_4681_4gpu_sharded_continuation_20260814/shards/shard_01/per_uid/P0A791/p2rank/raw /root/projects/EnzymeCAGE-master/HPC_Returned_Result_Summaries/enzymecage_m4_e2_full_4681_4gpu_sharded_continuation_20260814/shards/shard_01/per_uid/P0A791/p2rank/P0A791.ds,P2Rank 2.5.1,,,,AFDB structure fetched; P2Rank ran under the approved command contract; no usable top predicted pocket residues were produced or mapped.,False,
P0A9I8,108,v6,e34f7a50f7f5906b5d5263a11cf53da88f13c2f1bd7a9fda2c13469af1659e0a,/usrdata/EnzymeCAGE_data/tools/p2rank_2.5.1/prank predict -threads 4 -c alphafold -visualizations 0 -o /root/projects/EnzymeCAGE-master/HPC_Returned_Result_Summaries/enzymecage_m4_e2_full_4681_4gpu_sharded_continuation_20260814/shards/shard_03/per_uid/P0A9I8/p2rank/raw /root/projects/EnzymeCAGE-master/HPC_Returned_Result_Summaries/enzymecage_m4_e2_full_4681_4gpu_sharded_continuation_20260814/shards/shard_03/per_uid/P0A9I8/p2rank/P0A9I8.ds,P2Rank 2.5.1,,,,AFDB structure fetched; P2Rank ran under the approved command contract; no usable top predicted pocket residues were produced or mapped.,False,
P0A9I9,108,v6,c0604834813ff38ede81ad4a46a584c09245e3405f559905bbfa44268c8db713,/usrdata/EnzymeCAGE_data/tools/p2rank_2.5.1/prank predict -threads 4 -c alphafold -visualizations 0 -o /root/projects/EnzymeCAGE-master/HPC_Returned_Result_Summaries/enzymecage_m4_e2_full_4681_4gpu_sharded_continuation_20260814/shards/shard_00/per_uid/P0A9I9/p2rank/raw /root/projects/EnzymeCAGE-master/HPC_Returned_Result_Summaries/enzymecage_m4_e2_full_4681_4gpu_sharded_continuation_20260814/shards/shard_00/per_uid/P0A9I9/p2rank/P0A9I9.ds,P2Rank 2.5.1,,,,AFDB structure fetched; P2Rank ran under the approved command contract; no usable top predicted pocket residues were produced or mapped.,False,
P0ACX7,69,v6,0165715c184a9fad28218f389513ab0ded7ec73678d54a3f03a3460fefcda8c6,/usrdata/EnzymeCAGE_data/tools/p2rank_2.5.1/prank predict -threads 4 -c alphafold -visualizations 0 -o /root/projects/EnzymeCAGE-master/HPC_Returned_Result_Summaries/enzymecage_m4_e2_full_4681_4gpu_sharded_continuation_20260814/shards/shard_02/per_uid/P0ACX7/p2rank/raw /root/projects/EnzymeCAGE-master/HPC_Returned_Result_Summaries/enzymecage_m4_e2_full_4681_4gpu_sharded_continuation_20260814/shards/shard_02/per_uid/P0ACX7/p2rank/P0ACX7.ds,P2Rank 2.5.1,,,,AFDB structure fetched; P2Rank ran under the approved command contract; no usable top predicted pocket residues were produced or mapped.,False,
P0ADG1,87,v6,f26fbb5d2537227f34912ab4115598c39c6760f2021112b5ba4abca37b92c8ef,/usrdata/EnzymeCAGE_data/tools/p2rank_2.5.1/prank predict -threads 4 -c alphafold -visualizations 0 -o /root/projects/EnzymeCAGE-master/HPC_Returned_Result_Summaries/enzymecage_m4_e2_full_4681_4gpu_sharded_continuation_20260814/shards/shard_00/per_uid/P0ADG1/p2rank/raw /root/projects/EnzymeCAGE-master/HPC_Returned_Result_Summaries/enzymecage_m4_e2_full_4681_4gpu_sharded_continuation_20260814/shards/shard_00/per_uid/P0ADG1/p2rank/P0ADG1.ds,P2Rank 2.5.1,,,,AFDB structure fetched; P2Rank ran under the approved command contract; no usable top predicted pocket residues were produced or mapped.,False,
P0ADG2,87,v6,0ca3110bf874df89c395f2fb10f41b702bbb90c6d59fd758d6e3ee0018034363,/usrdata/EnzymeCAGE_data/tools/p2rank_2.5.1/prank predict -threads 4 -c alphafold -visualizations 0 -o /root/projects/EnzymeCAGE-master/HPC_Returned_Result_Summaries/enzymecage_m4_e2_full_4681_4gpu_sharded_continuation_20260814/shards/shard_01/per_uid/P0ADG2/p2rank/raw /root/projects/EnzymeCAGE-master/HPC_Returned_Result_Summaries/enzymecage_m4_e2_full_4681_4gpu_sharded_continuation_20260814/shards/shard_01/per_uid/P0ADG2/p2rank/P0ADG2.ds,P2Rank 2.5.1,,,,AFDB structure fetched; P2Rank ran under the approved command contract; no usable top predicted pocket residues were produced or mapped.,False,
P0ADG3,87,v6,96c1ac59b410e7b42679bfa5be4232cee11f854b8182dbf166326b0ceb87cafd,/usrdata/EnzymeCAGE_data/tools/p2rank_2.5.1/prank predict -threads 4 -c alphafold -visualizations 0 -o /root/projects/EnzymeCAGE-master/HPC_Returned_Result_Summaries/enzymecage_m4_e2_full_4681_4gpu_sharded_continuation_20260814/shards/shard_02/per_uid/P0ADG3/p2rank/raw /root/projects/EnzymeCAGE-master/HPC_Returned_Result_Summaries/enzymecage_m4_e2_full_4681_4gpu_sharded_continuation_20260814/shards/shard_02/per_uid/P0ADG3/p2rank/P0ADG3.ds,P2Rank 2.5.1,,,,AFDB structure fetched; P2Rank ran under the approved command contract; no usable top predicted pocket residues were produced or mapped.,False,
P0AFC4,147,v6,b7a6cb2bc2e74ec974444dbb394391d854b69aed29912d9c2f809f0e81560e67,/usrdata/EnzymeCAGE_data/tools/p2rank_2.5.1/prank predict -threads 4 -c alphafold -visualizations 0 -o /root/projects/EnzymeCAGE-master/HPC_Returned_Result_Summaries/enzymecage_m4_e2_full_4681_4gpu_sharded_continuation_20260814/shards/shard_00/per_uid/P0AFC4/p2rank/raw /root/projects/EnzymeCAGE-master/HPC_Returned_Result_Summaries/enzymecage_m4_e2_full_4681_4gpu_sharded_continuation_20260814/shards/shard_00/per_uid/P0AFC4/p2rank/P0AFC4.ds,P2Rank 2.5.1,,,,AFDB structure fetched; P2Rank ran under the approved command contract; no usable top predicted pocket residues were produced or mapped.,False,
P0AFE5,100,v6,7f54b6462dfa91b39f078f47d310e3ba7984241c58f68d576e1d43dd4fba7b1c,/usrdata/EnzymeCAGE_data/tools/p2rank_2.5.1/prank predict -threads 4 -c alphafold -visualizations 0 -o /root/projects/EnzymeCAGE-master/HPC_Returned_Result_Summaries/enzymecage_m4_e2_full_4681_4gpu_sharded_continuation_20260814/shards/shard_01/per_uid/P0AFE5/p2rank/raw /root/projects/EnzymeCAGE-master/HPC_Returned_Result_Summaries/enzymecage_m4_e2_full_4681_4gpu_sharded_continuation_20260814/shards/shard_01/per_uid/P0AFE5/p2rank/P0AFE5.ds,P2Rank 2.5.1,,,,AFDB structure fetched; P2Rank ran under the approved command contract; no usable top predicted pocket residues were produced or mapped.,False,
P0AFJ1,111,v6,0127f3add449d7bd2e2600cf56f29dfdc48b3d353080090e6292a207dff09fcc,/usrdata/EnzymeCAGE_data/tools/p2rank_2.5.1/prank predict -threads 4 -c alphafold -visualizations 0 -o /root/projects/EnzymeCAGE-master/HPC_Returned_Result_Summaries/enzymecage_m4_e2_full_4681_4gpu_sharded_continuation_20260814/shards/shard_02/per_uid/P0AFJ1/p2rank/raw /root/projects/EnzymeCAGE-master/HPC_Returned_Result_Summaries/enzymecage_m4_e2_full_4681_4gpu_sharded_continuation_20260814/shards/shard_02/per_uid/P0AFJ1/p2rank/P0AFJ1.ds,P2Rank 2.5.1,,,,AFDB structure fetched; P2Rank ran under the approved command contract; no usable top predicted pocket residues were produced or mapped.,False,
P0AFJ2,111,v6,6adcbc9939f189907b36e00cbc2ac228134fa8d3423904e365750c0c46e0212b,/usrdata/EnzymeCAGE_data/tools/p2rank_2.5.1/prank predict -threads 4 -c alphafold -visualizations 0 -o /root/projects/EnzymeCAGE-master/HPC_Returned_Result_Summaries/enzymecage_m4_e2_full_4681_4gpu_sharded_continuation_20260814/shards/shard_03/per_uid/P0AFJ2/p2rank/raw /root/projects/EnzymeCAGE-master/HPC_Returned_Result_Summaries/enzymecage_m4_e2_full_4681_4gpu_sharded_continuation_20260814/shards/shard_03/per_uid/P0AFJ2/p2rank/P0AFJ2.ds,P2Rank 2.5.1,,,,AFDB structure fetched; P2Rank ran under the approved command contract; no usable top predicted pocket residues were produced or mapped.,False,
P0AFJ3,111,v6,8a703c03188a66ef4a66663146b3fd0d368e7cb2ba14b66aa7f2d8c02dc5b3eb,/usrdata/EnzymeCAGE_data/tools/p2rank_2.5.1/prank predict -threads 4 -c alphafold -visualizations 0 -o /root/projects/EnzymeCAGE-master/HPC_Returned_Result_Summaries/enzymecage_m4_e2_full_4681_4gpu_sharded_continuation_20260814/shards/shard_00/per_uid/P0AFJ3/p2rank/raw /root/projects/EnzymeCAGE-master/HPC_Returned_Result_Summaries/enzymecage_m4_e2_full_4681_4gpu_sharded_continuation_20260814/shards/shard_00/per_uid/P0AFJ3/p2rank/P0AFJ3.ds,P2Rank 2.5.1,,,,AFDB structure fetched; P2Rank ran under the approved command contract; no usable top predicted pocket residues were produced or mapped.,False,
P0AFJ4,111,v6,989cedc8f8334baad6d75f33c02032247f32f280614838b9d3338eca2d3a8710,/usrdata/EnzymeCAGE_data/tools/p2rank_2.5.1/prank predict -threads 4 -c alphafold -visualizations 0 -o /root/projects/EnzymeCAGE-master/HPC_Returned_Result_Summaries/enzymecage_m4_e2_full_4681_4gpu_sharded_continuation_20260814/shards/shard_01/per_uid/P0AFJ4/p2rank/raw /root/projects/EnzymeCAGE-master/HPC_Returned_Result_Summaries/enzymecage_m4_e2_full_4681_4gpu_sharded_continuation_20260814/shards/shard_01/per_uid/P0AFJ4/p2rank/P0AFJ4.ds,P2Rank 2.5.1,,,,AFDB structure fetched; P2Rank ran under the approved command contract; no usable top predicted pocket residues were produced or mapped.,False,
P0AGG5,139,v6,1933bf3cdd0e17147c1fba4c3d6fc5e58cd38e1cfe5a042a0339edc558895dd2,/usrdata/EnzymeCAGE_data/tools/p2rank_2.5.1/prank predict -threads 4 -c alphafold -visualizations 0 -o /root/projects/EnzymeCAGE-master/HPC_Returned_Result_Summaries/enzymecage_m4_e2_full_4681_4gpu_sharded_continuation_20260814/shards/shard_01/per_uid/P0AGG5/p2rank/raw /root/projects/EnzymeCAGE-master/HPC_Returned_Result_Summaries/enzymecage_m4_e2_full_4681_4gpu_sharded_continuation_20260814/shards/shard_01/per_uid/P0AGG5/p2rank/P0AGG5.ds,P2Rank 2.5.1,,,,AFDB structure fetched; P2Rank ran under the approved command contract; no usable top predicted pocket residues were produced or mapped.,False,
P0AGG6,139,v6,c3d21a4167576bad66b3e6b547e72c61bc34f1ac3aa654603337ad9966dfdf69,/usrdata/EnzymeCAGE_data/tools/p2rank_2.5.1/prank predict -threads 4 -c alphafold -visualizations 0 -o /root/projects/EnzymeCAGE-master/HPC_Returned_Result_Summaries/enzymecage_m4_e2_full_4681_4gpu_sharded_continuation_20260814/shards/shard_02/per_uid/P0AGG6/p2rank/raw /root/projects/EnzymeCAGE-master/HPC_Returned_Result_Summaries/enzymecage_m4_e2_full_4681_4gpu_sharded_continuation_20260814/shards/shard_02/per_uid/P0AGG6/p2rank/P0AGG6.ds,P2Rank 2.5.1,,,,AFDB structure fetched; P2Rank ran under the approved command contract; no usable top predicted pocket residues were produced or mapped.,False,
P0AGG7,139,v6,3bc27ccf073cae5141929aa74802355f1e20ba6e16c44f1f4d6d2138505d69c0,/usrdata/EnzymeCAGE_data/tools/p2rank_2.5.1/prank predict -threads 4 -c alphafold -visualizations 0 -o /root/projects/EnzymeCAGE-master/HPC_Returned_Result_Summaries/enzymecage_m4_e2_full_4681_4gpu_sharded_continuation_20260814/shards/shard_03/per_uid/P0AGG7/p2rank/raw /root/projects/EnzymeCAGE-master/HPC_Returned_Result_Summaries/enzymecage_m4_e2_full_4681_4gpu_sharded_continuation_20260814/shards/shard_03/per_uid/P0AGG7/p2rank/P0AGG7.ds,P2Rank 2.5.1,,,,AFDB structure fetched; P2Rank ran under the approved command contract; no usable top predicted pocket residues were produced or mapped.,False,
P0C0N0,30,v6,63a3cd3da601d6199c3fda6d3aaba9b37bdb3fcc08ddd1e3c1bc35526a32c3aa,/usrdata/EnzymeCAGE_data/tools/p2rank_2.5.1/prank predict -threads 4 -c alphafold -visualizations 0 -o /root/projects/EnzymeCAGE-master/HPC_Returned_Result_Summaries/enzymecage_m4_e2_full_4681_4gpu_sharded_continuation_20260814/shards/shard_03/per_uid/P0C0N0/p2rank/raw /root/projects/EnzymeCAGE-master/HPC_Returned_Result_Summaries/enzymecage_m4_e2_full_4681_4gpu_sharded_continuation_20260814/shards/shard_03/per_uid/P0C0N0/p2rank/P0C0N0.ds,P2Rank 2.5.1,,,,AFDB structure fetched; P2Rank ran under the approved command contract; no usable top predicted pocket residues were produced or mapped.,False,
P0C0V4,83,v6,c03e1aa646ea2d4fd50d571a83fcb77a1e449edef3bbca0b595c118bb31af86d,/usrdata/EnzymeCAGE_data/tools/p2rank_2.5.1/prank predict -threads 4 -c alphafold -visualizations 0 -o /root/projects/EnzymeCAGE-master/HPC_Returned_Result_Summaries/enzymecage_m4_e2_full_4681_4gpu_sharded_continuation_20260814/shards/shard_00/per_uid/P0C0V4/p2rank/raw /root/projects/EnzymeCAGE-master/HPC_Returned_Result_Summaries/enzymecage_m4_e2_full_4681_4gpu_sharded_continuation_20260814/shards/shard_00/per_uid/P0C0V4/p2rank/P0C0V4.ds,P2Rank 2.5.1,,,,AFDB structure fetched; P2Rank ran under the approved command contract; no usable top predicted pocket residues were produced or mapped.,False,
P0C121,100,v6,ae09e51ef5e602c130b8b100b26654489ba3fb70b1e7f7d01437f48ebff2e715,/usrdata/EnzymeCAGE_data/tools/p2rank_2.5.1/prank predict -threads 4 -c alphafold -visualizations 0 -o /root/projects/EnzymeCAGE-master/HPC_Returned_Result_Summaries/enzymecage_m4_e2_full_4681_4gpu_sharded_continuation_20260814/shards/shard_00/per_uid/P0C121/p2rank/raw /root/projects/EnzymeCAGE-master/HPC_Returned_Result_Summaries/enzymecage_m4_e2_full_4681_4gpu_sharded_continuation_20260814/shards/shard_00/per_uid/P0C121/p2rank/P0C121.ds,P2Rank 2.5.1,,,,AFDB structure fetched; P2Rank ran under the approved command contract; no usable top predicted pocket residues were produced or mapped.,False,
P0C1D5,101,v6,00b9ba73515fe699b88deaf42750fc2fbde3645e9d19eae2055e822635b48185,/usrdata/EnzymeCAGE_data/tools/p2rank_2.5.1/prank predict -threads 4 -c alphafold -visualizations 0 -o /root/projects/EnzymeCAGE-master/HPC_Returned_Result_Summaries/enzymecage_m4_e2_full_4681_4gpu_sharded_continuation_20260814/shards/shard_01/per_uid/P0C1D5/p2rank/raw /root/projects/EnzymeCAGE-master/HPC_Returned_Result_Summaries/enzymecage_m4_e2_full_4681_4gpu_sharded_continuation_20260814/shards/shard_01/per_uid/P0C1D5/p2rank/P0C1D5.ds,P2Rank 2.5.1,,,,AFDB structure fetched; P2Rank ran under the approved command contract; no usable top predicted pocket residues were produced or mapped.,False,
P0C2C3,40,v6,a04e4baa1bdf726a022490ccdbe823b1d2a3e422055c4fade2b7249c50cf6f73,/usrdata/EnzymeCAGE_data/tools/p2rank_2.5.1/prank predict -threads 4 -c alphafold -visualizations 0 -o /root/projects/EnzymeCAGE-master/HPC_Returned_Result_Summaries/enzymecage_m4_e2_full_4681_4gpu_sharded_continuation_20260814/shards/shard_03/per_uid/P0C2C3/p2rank/raw /root/projects/EnzymeCAGE-master/HPC_Returned_Result_Summaries/enzymecage_m4_e2_full_4681_4gpu_sharded_continuation_20260814/shards/shard_03/per_uid/P0C2C3/p2rank/P0C2C3.ds,P2Rank 2.5.1,,,,AFDB structure fetched; P2Rank ran under the approved command contract; no usable top predicted pocket residues were produced or mapped.,False,
P0C2D1,49,v6,25904740cc17f53d5a05e54bb5833c7ad2eb5e059a97fb128bcdfb43e97ed88d,/usrdata/EnzymeCAGE_data/tools/p2rank_2.5.1/prank predict -threads 4 -c alphafold -visualizations 0 -o /root/projects/EnzymeCAGE-master/HPC_Returned_Result_Summaries/enzymecage_m4_e2_full_4681_4gpu_sharded_continuation_20260814/shards/shard_00/per_uid/P0C2D1/p2rank/raw /root/projects/EnzymeCAGE-master/HPC_Returned_Result_Summaries/enzymecage_m4_e2_full_4681_4gpu_sharded_continuation_20260814/shards/shard_00/per_uid/P0C2D1/p2rank/P0C2D1.ds,P2Rank 2.5.1,,,,AFDB structure fetched; P2Rank ran under the approved command contract; no usable top predicted pocket residues were produced or mapped.,False,
P0C2D3,27,v6,4b70de509bdee20a48061c9d3f18367ef7d7414d4dae548f39e57c27bcdf025c,/usrdata/EnzymeCAGE_data/tools/p2rank_2.5.1/prank predict -threads 4 -c alphafold -visualizations 0 -o /root/projects/EnzymeCAGE-master/HPC_Returned_Result_Summaries/enzymecage_m4_e2_full_4681_4gpu_sharded_continuation_20260814/shards/shard_01/per_uid/P0C2D3/p2rank/raw /root/projects/EnzymeCAGE-master/HPC_Returned_Result_Summaries/enzymecage_m4_e2_full_4681_4gpu_sharded_continuation_20260814/shards/shard_01/per_uid/P0C2D3/p2rank/P0C2D3.ds,P2Rank 2.5.1,,,,AFDB structure fetched; P2Rank ran under the approved command contract; no usable top predicted pocket residues were produced or mapped.,False,
P0C2D6,24,v6,c7e4146a1ce1709408a0785fe00d209fe323317ac43f3ce6f06f47aa1487aba0,/usrdata/EnzymeCAGE_data/tools/p2rank_2.5.1/prank predict -threads 4 -c alphafold -visualizations 0 -o /root/projects/EnzymeCAGE-master/HPC_Returned_Result_Summaries/enzymecage_m4_e2_full_4681_4gpu_sharded_continuation_20260814/shards/shard_00/per_uid/P0C2D6/p2rank/raw /root/projects/EnzymeCAGE-master/HPC_Returned_Result_Summaries/enzymecage_m4_e2_full_4681_4gpu_sharded_continuation_20260814/shards/shard_00/per_uid/P0C2D6/p2rank/P0C2D6.ds,P2Rank 2.5.1,,,,AFDB structure fetched; P2Rank ran under the approved command contract; no usable top predicted pocket residues were produced or mapped.,False,
P0C2K0,33,v6,0045af97dad821fff9404db2a1ef6686360c5d2be504691f5d47775ba86b6d63,/usrdata/EnzymeCAGE_data/tools/p2rank_2.5.1/prank predict -threads 4 -c alphafold -visualizations 0 -o /root/projects/EnzymeCAGE-master/HPC_Returned_Result_Summaries/enzymecage_m4_e2_full_4681_4gpu_sharded_continuation_20260814/shards/shard_01/per_uid/P0C2K0/p2rank/raw /root/projects/EnzymeCAGE-master/HPC_Returned_Result_Summaries/enzymecage_m4_e2_full_4681_4gpu_sharded_continuation_20260814/shards/shard_01/per_uid/P0C2K0/p2rank/P0C2K0.ds,P2Rank 2.5.1,,,,AFDB structure fetched; P2Rank ran under the approved command contract; no usable top predicted pocket residues were produced or mapped.,False,
P0C2K1,35,v6,07df4208c3c4ee0b5a55ff0abd248905d4f47d96056ea19ffd752524f6b6b94b,/usrdata/EnzymeCAGE_data/tools/p2rank_2.5.1/prank predict -threads 4 -c alphafold -visualizations 0 -o /root/projects/EnzymeCAGE-master/HPC_Returned_Result_Summaries/enzymecage_m4_e2_full_4681_4gpu_sharded_continuation_20260814/shards/shard_02/per_uid/P0C2K1/p2rank/raw /root/projects/EnzymeCAGE-master/HPC_Returned_Result_Summaries/enzymecage_m4_e2_full_4681_4gpu_sharded_continuation_20260814/shards/shard_02/per_uid/P0C2K1/p2rank/P0C2K1.ds,P2Rank 2.5.1,,,,AFDB structure fetched; P2Rank ran under the approved command contract; no usable top predicted pocket residues were produced or mapped.,False,
P0C2K2,40,v6,2bf542e243ef488dfed2a329b7d563b6eb44fa7ea4ba6f1b5553892b327077a6,/usrdata/EnzymeCAGE_data/tools/p2rank_2.5.1/prank predict -threads 4 -c alphafold -visualizations 0 -o /root/projects/EnzymeCAGE-master/HPC_Returned_Result_Summaries/enzymecage_m4_e2_full_4681_4gpu_sharded_continuation_20260814/shards/shard_03/per_uid/P0C2K2/p2rank/raw /root/projects/EnzymeCAGE-master/HPC_Returned_Result_Summaries/enzymecage_m4_e2_full_4681_4gpu_sharded_continuation_20260814/shards/shard_03/per_uid/P0C2K2/p2rank/P0C2K2.ds,P2Rank 2.5.1,,,,AFDB structure fetched; P2Rank ran under the approved command contract; no usable top predicted pocket residues were produced or mapped.,False,
P0C2K3,36,v6,13cbfa3f6a556c62450732d061b8931a180a19bc4eacb8aaa49679aa0a337da4,/usrdata/EnzymeCAGE_data/tools/p2rank_2.5.1/prank predict -threads 4 -c alphafold -visualizations 0 -o /root/projects/EnzymeCAGE-master/HPC_Returned_Result_Summaries/enzymecage_m4_e2_full_4681_4gpu_sharded_continuation_20260814/shards/shard_00/per_uid/P0C2K3/p2rank/raw /root/projects/EnzymeCAGE-master/HPC_Returned_Result_Summaries/enzymecage_m4_e2_full_4681_4gpu_sharded_continuation_20260814/shards/shard_00/per_uid/P0C2K3/p2rank/P0C2K3.ds,P2Rank 2.5.1,,,,AFDB structure fetched; P2Rank ran under the approved command contract; no usable top predicted pocket residues were produced or mapped.,False,
P0C2K4,36,v6,2a61057db6fbe958bca9d3573232dc6e7e55dd577dbafd4b8b48f1ea2e52874c,/usrdata/EnzymeCAGE_data/tools/p2rank_2.5.1/prank predict -threads 4 -c alphafold -visualizations 0 -o /root/projects/EnzymeCAGE-master/HPC_Returned_Result_Summaries/enzymecage_m4_e2_full_4681_4gpu_sharded_continuation_20260814/shards/shard_01/per_uid/P0C2K4/p2rank/raw /root/projects/EnzymeCAGE-master/HPC_Returned_Result_Summaries/enzymecage_m4_e2_full_4681_4gpu_sharded_continuation_20260814/shards/shard_01/per_uid/P0C2K4/p2rank/P0C2K4.ds,P2Rank 2.5.1,,,,AFDB structure fetched; P2Rank ran under the approved command contract; no usable top predicted pocket residues were produced or mapped.,False,
P0C2K6,35,v6,34e778b90ab60acb5ae7d108c25b7c4b9480d44f2c6781cfd50bc35853dcbcb8,/usrdata/EnzymeCAGE_data/tools/p2rank_2.5.1/prank predict -threads 4 -c alphafold -visualizations 0 -o /root/projects/EnzymeCAGE-master/HPC_Returned_Result_Summaries/enzymecage_m4_e2_full_4681_4gpu_sharded_continuation_20260814/shards/shard_03/per_uid/P0C2K6/p2rank/raw /root/projects/EnzymeCAGE-master/HPC_Returned_Result_Summaries/enzymecage_m4_e2_full_4681_4gpu_sharded_continuation_20260814/shards/shard_03/per_uid/P0C2K6/p2rank/P0C2K6.ds,P2Rank 2.5.1,,,,AFDB structure fetched; P2Rank ran under the approved command contract; no usable top predicted pocket residues were produced or mapped.,False,
P0C7K9,101,v6,40c6d1251f523a9fac69383e146702934ee3e7f9e529fb65c4c5426f151d3549,/usrdata/EnzymeCAGE_data/tools/p2rank_2.5.1/prank predict -threads 4 -c alphafold -visualizations 0 -o /root/projects/EnzymeCAGE-master/HPC_Returned_Result_Summaries/enzymecage_m4_e2_full_4681_4gpu_sharded_continuation_20260814/shards/shard_00/per_uid/P0C7K9/p2rank/raw /root/projects/EnzymeCAGE-master/HPC_Returned_Result_Summaries/enzymecage_m4_e2_full_4681_4gpu_sharded_continuation_20260814/shards/shard_00/per_uid/P0C7K9/p2rank/P0C7K9.ds,P2Rank 2.5.1,,,,AFDB structure fetched; P2Rank ran under the approved command contract; no usable top predicted pocket residues were produced or mapped.,False,
P0CAR8,21,v6,5c8e04d962a41fdbcfa59d89e110d8df5777c96c894dc02c69cbf0547b11eb2c,/usrdata/EnzymeCAGE_data/tools/p2rank_2.5.1/prank predict -threads 4 -c alphafold -visualizations 0 -o /root/projects/EnzymeCAGE-master/HPC_Returned_Result_Summaries/enzymecage_m4_e2_full_4681_4gpu_sharded_continuation_20260814/shards/shard_01/per_uid/P0CAR8/p2rank/raw /root/projects/EnzymeCAGE-master/HPC_Returned_Result_Summaries/enzymecage_m4_e2_full_4681_4gpu_sharded_continuation_20260814/shards/shard_01/per_uid/P0CAR8/p2rank/P0CAR8.ds,P2Rank 2.5.1,,,,AFDB structure fetched; P2Rank ran under the approved command contract; no usable top predicted pocket residues were produced or mapped.,False,
P0CAT0,20,v6,f9e324e98e5cab97f61e74e3de3e6c2c94b01971b50498706a21be284a37ac95,/usrdata/EnzymeCAGE_data/tools/p2rank_2.5.1/prank predict -threads 4 -c alphafold -visualizations 0 -o /root/projects/EnzymeCAGE-master/HPC_Returned_Result_Summaries/enzymecage_m4_e2_full_4681_4gpu_sharded_continuation_20260814/shards/shard_03/per_uid/P0CAT0/p2rank/raw /root/projects/EnzymeCAGE-master/HPC_Returned_Result_Summaries/enzymecage_m4_e2_full_4681_4gpu_sharded_continuation_20260814/shards/shard_03/per_uid/P0CAT0/p2rank/P0CAT0.ds,P2Rank 2.5.1,,,,AFDB structure fetched; P2Rank ran under the approved command contract; no usable top predicted pocket residues were produced or mapped.,False,
P0CB01,124,v6,0c09e2ddc169f79eaa267f91343583ac73e8d5f4ace7a12c3c8a6a971046e1f2,/usrdata/EnzymeCAGE_data/tools/p2rank_2.5.1/prank predict -threads 4 -c alphafold -visualizations 0 -o /root/projects/EnzymeCAGE-master/HPC_Returned_Result_Summaries/enzymecage_m4_e2_full_4681_4gpu_sharded_continuation_20260814/shards/shard_01/per_uid/P0CB01/p2rank/raw /root/projects/EnzymeCAGE-master/HPC_Returned_Result_Summaries/enzymecage_m4_e2_full_4681_4gpu_sharded_continuation_20260814/shards/shard_01/per_uid/P0CB01/p2rank/P0CB01.ds,P2Rank 2.5.1,,,,AFDB structure fetched; P2Rank ran under the approved command contract; no usable top predicted pocket residues were produced or mapped.,False,
P0CB02,101,v6,7c52deb61df9ca4a80aaea170c3284002c84bdb16ab9a4722f1887768ca719e6,/usrdata/EnzymeCAGE_data/tools/p2rank_2.5.1/prank predict -threads 4 -c alphafold -visualizations 0 -o /root/projects/EnzymeCAGE-master/HPC_Returned_Result_Summaries/enzymecage_m4_e2_full_4681_4gpu_sharded_continuation_20260814/shards/shard_02/per_uid/P0CB02/p2rank/raw /root/projects/EnzymeCAGE-master/HPC_Returned_Result_Summaries/enzymecage_m4_e2_full_4681_4gpu_sharded_continuation_20260814/shards/shard_02/per_uid/P0CB02/p2rank/P0CB02.ds,P2Rank 2.5.1,,,,AFDB structure fetched; P2Rank ran under the approved command contract; no usable top predicted pocket residues were produced or mapped.,False,
P0CC16,19,v6,647304a814f926ce11a4a5a59c0031ad21e67125ee7f8597e31aec888cd5e6d4,/usrdata/EnzymeCAGE_data/tools/p2rank_2.5.1/prank predict -threads 4 -c alphafold -visualizations 0 -o /root/projects/EnzymeCAGE-master/HPC_Returned_Result_Summaries/enzymecage_m4_e2_full_4681_4gpu_sharded_continuation_20260814/shards/shard_03/per_uid/P0CC16/p2rank/raw /root/projects/EnzymeCAGE-master/HPC_Returned_Result_Summaries/enzymecage_m4_e2_full_4681_4gpu_sharded_continuation_20260814/shards/shard_03/per_uid/P0CC16/p2rank/P0CC16.ds,P2Rank 2.5.1,,,,AFDB structure fetched; P2Rank ran under the approved command contract; no usable top predicted pocket residues were produced or mapped.,False,
P0CJ40,39,v6,ab0032eb986a32f93d558675852e3ac3aacb7023b9f51cb3b056d77a3c584745,/usrdata/EnzymeCAGE_data/tools/p2rank_2.5.1/prank predict -threads 4 -c alphafold -visualizations 0 -o /root/projects/EnzymeCAGE-master/HPC_Returned_Result_Summaries/enzymecage_m4_e2_full_4681_4gpu_sharded_continuation_20260814/shards/shard_03/per_uid/P0CJ40/p2rank/raw /root/projects/EnzymeCAGE-master/HPC_Returned_Result_Summaries/enzymecage_m4_e2_full_4681_4gpu_sharded_continuation_20260814/shards/shard_03/per_uid/P0CJ40/p2rank/P0CJ40.ds,P2Rank 2.5.1,,,,AFDB structure fetched; P2Rank ran under the approved command contract; no usable top predicted pocket residues were produced or mapped.,False,
P0CV91,36,v6,529610c183347f4fc814b732647d5be772b37f87ee49ea380d21d97cd61e6621,/usrdata/EnzymeCAGE_data/tools/p2rank_2.5.1/prank predict -threads 4 -c alphafold -visualizations 0 -o /root/projects/EnzymeCAGE-master/HPC_Returned_Result_Summaries/enzymecage_m4_e2_full_4681_4gpu_sharded_continuation_20260814/shards/shard_01/per_uid/P0CV91/p2rank/raw /root/projects/EnzymeCAGE-master/HPC_Returned_Result_Summaries/enzymecage_m4_e2_full_4681_4gpu_sharded_continuation_20260814/shards/shard_01/per_uid/P0CV91/p2rank/P0CV91.ds,P2Rank 2.5.1,,,,AFDB structure fetched; P2Rank ran under the approved command contract; no usable top predicted pocket residues were produced or mapped.,False,
P0DI85,19,v6,f19e973572ba93be44dc99ba3ae5e5c5f75bdb577756da14710c1b7d9b2c8891,/usrdata/EnzymeCAGE_data/tools/p2rank_2.5.1/prank predict -threads 4 -c alphafold -visualizations 0 -o /root/projects/EnzymeCAGE-master/HPC_Returned_Result_Summaries/enzymecage_m4_e2_full_4681_4gpu_sharded_continuation_20260814/shards/shard_02/per_uid/P0DI85/p2rank/raw /root/projects/EnzymeCAGE-master/HPC_Returned_Result_Summaries/enzymecage_m4_e2_full_4681_4gpu_sharded_continuation_20260814/shards/shard_02/per_uid/P0DI85/p2rank/P0DI85.ds,P2Rank 2.5.1,,,,AFDB structure fetched; P2Rank ran under the approved command contract; no usable top predicted pocket residues were produced or mapped.,False,
P0DI86,18,v6,bdbf0074dbbe7f985466506a53daccb2a3d3bafaaeba3b17494489c4bb1eae81,/usrdata/EnzymeCAGE_data/tools/p2rank_2.5.1/prank predict -threads 4 -c alphafold -visualizations 0 -o /root/projects/EnzymeCAGE-master/HPC_Returned_Result_Summaries/enzymecage_m4_e2_full_4681_4gpu_sharded_continuation_20260814/shards/shard_03/per_uid/P0DI86/p2rank/raw /root/projects/EnzymeCAGE-master/HPC_Returned_Result_Summaries/enzymecage_m4_e2_full_4681_4gpu_sharded_continuation_20260814/shards/shard_03/per_uid/P0DI86/p2rank/P0DI86.ds,P2Rank 2.5.1,,,,AFDB structure fetched; P2Rank ran under the approved command contract; no usable top predicted pocket residues were produced or mapped.,False,
P0DI87,49,v6,fa7b85d5e8dfb4e60b7caf9d4d2227b10a1426028fa32db0678ff135db9a0115,/usrdata/EnzymeCAGE_data/tools/p2rank_2.5.1/prank predict -threads 4 -c alphafold -visualizations 0 -o /root/projects/EnzymeCAGE-master/HPC_Returned_Result_Summaries/enzymecage_m4_e2_full_4681_4gpu_sharded_continuation_20260814/shards/shard_00/per_uid/P0DI87/p2rank/raw /root/projects/EnzymeCAGE-master/HPC_Returned_Result_Summaries/enzymecage_m4_e2_full_4681_4gpu_sharded_continuation_20260814/shards/shard_00/per_uid/P0DI87/p2rank/P0DI87.ds,P2Rank 2.5.1,,,,AFDB structure fetched; P2Rank ran under the approved command contract; no usable top predicted pocket residues were produced or mapped.,False,
P0DI88,37,v6,d12f08bcd280aa97da6795d27bd77abba01e9d20aac6572a80b465422fb81e13,/usrdata/EnzymeCAGE_data/tools/p2rank_2.5.1/prank predict -threads 4 -c alphafold -visualizations 0 -o /root/projects/EnzymeCAGE-master/HPC_Returned_Result_Summaries/enzymecage_m4_e2_full_4681_4gpu_sharded_continuation_20260814/shards/shard_01/per_uid/P0DI88/p2rank/raw /root/projects/EnzymeCAGE-master/HPC_Returned_Result_Summaries/enzymecage_m4_e2_full_4681_4gpu_sharded_continuation_20260814/shards/shard_01/per_uid/P0DI88/p2rank/P0DI88.ds,P2Rank 2.5.1,,,,AFDB structure fetched; P2Rank ran under the approved command contract; no usable top predicted pocket residues were produced or mapped.,False,
P0DI89,30,v6,d574c47add9916b56974492f5d0baac65ade3f2297f1571379b00d7d2aee9c8e,/usrdata/EnzymeCAGE_data/tools/p2rank_2.5.1/prank predict -threads 4 -c alphafold -visualizations 0 -o /root/projects/EnzymeCAGE-master/HPC_Returned_Result_Summaries/enzymecage_m4_e2_full_4681_4gpu_sharded_continuation_20260814/shards/shard_02/per_uid/P0DI89/p2rank/raw /root/projects/EnzymeCAGE-master/HPC_Returned_Result_Summaries/enzymecage_m4_e2_full_4681_4gpu_sharded_continuation_20260814/shards/shard_02/per_uid/P0DI89/p2rank/P0DI89.ds,P2Rank 2.5.1,,,,AFDB structure fetched; P2Rank ran under the approved command contract; no usable top predicted pocket residues were produced or mapped.,False,
P0DI90,20,v6,f8d23d038e83a2522af9b64d458e585204576569cae80916fdbab57fc9411762,/usrdata/EnzymeCAGE_data/tools/p2rank_2.5.1/prank predict -threads 4 -c alphafold -visualizations 0 -o /root/projects/EnzymeCAGE-master/HPC_Returned_Result_Summaries/enzymecage_m4_e2_full_4681_4gpu_sharded_continuation_20260814/shards/shard_03/per_uid/P0DI90/p2rank/raw /root/projects/EnzymeCAGE-master/HPC_Returned_Result_Summaries/enzymecage_m4_e2_full_4681_4gpu_sharded_continuation_20260814/shards/shard_03/per_uid/P0DI90/p2rank/P0DI90.ds,P2Rank 2.5.1,,,,AFDB structure fetched; P2Rank ran under the approved command contract; no usable top predicted pocket residues were produced or mapped.,False,
P0DJJ5,54,v6,62a686e7810c4c7e65c69657e1d29f130c1ef8c19f07da847343acebaed3ae88,/usrdata/EnzymeCAGE_data/tools/p2rank_2.5.1/prank predict -threads 4 -c alphafold -visualizations 0 -o /root/projects/EnzymeCAGE-master/HPC_Returned_Result_Summaries/enzymecage_m4_e2_full_4681_4gpu_sharded_continuation_20260814/shards/shard_00/per_uid/P0DJJ5/p2rank/raw /root/projects/EnzymeCAGE-master/HPC_Returned_Result_Summaries/enzymecage_m4_e2_full_4681_4gpu_sharded_continuation_20260814/shards/shard_00/per_uid/P0DJJ5/p2rank/P0DJJ5.ds,P2Rank 2.5.1,,,,AFDB structure fetched; P2Rank ran under the approved command contract; no usable top predicted pocket residues were produced or mapped.,False,
P0DJJ7,29,v6,b2bb2d9b5ada81751b7f6dd50d4340043b537dbfd7859189cc830209792482ed,/usrdata/EnzymeCAGE_data/tools/p2rank_2.5.1/prank predict -threads 4 -c alphafold -visualizations 0 -o /root/projects/EnzymeCAGE-master/HPC_Returned_Result_Summaries/enzymecage_m4_e2_full_4681_4gpu_sharded_continuation_20260814/shards/shard_01/per_uid/P0DJJ7/p2rank/raw /root/projects/EnzymeCAGE-master/HPC_Returned_Result_Summaries/enzymecage_m4_e2_full_4681_4gpu_sharded_continuation_20260814/shards/shard_01/per_uid/P0DJJ7/p2rank/P0DJJ7.ds,P2Rank 2.5.1,,,,AFDB structure fetched; P2Rank ran under the approved command contract; no usable top predicted pocket residues were produced or mapped.,False,
P0DJM5,23,v6,64a3836a025175f0c5683b984935d2bb4a46568322170745f13f5a1fdedd5817,/usrdata/EnzymeCAGE_data/tools/p2rank_2.5.1/prank predict -threads 4 -c alphafold -visualizations 0 -o /root/projects/EnzymeCAGE-master/HPC_Returned_Result_Summaries/enzymecage_m4_e2_full_4681_4gpu_sharded_continuation_20260814/shards/shard_02/per_uid/P0DJM5/p2rank/raw /root/projects/EnzymeCAGE-master/HPC_Returned_Result_Summaries/enzymecage_m4_e2_full_4681_4gpu_sharded_continuation_20260814/shards/shard_02/per_uid/P0DJM5/p2rank/P0DJM5.ds,P2Rank 2.5.1,,,,AFDB structure fetched; P2Rank ran under the approved command contract; no usable top predicted pocket residues were produced or mapped.,False,
P0DJM6,23,v6,72858cac429a0eec5eb79f23c1803cbf5512656c4abe522f40abf2ddec6d0b99,/usrdata/EnzymeCAGE_data/tools/p2rank_2.5.1/prank predict -threads 4 -c alphafold -visualizations 0 -o /root/projects/EnzymeCAGE-master/HPC_Returned_Result_Summaries/enzymecage_m4_e2_full_4681_4gpu_sharded_continuation_20260814/shards/shard_03/per_uid/P0DJM6/p2rank/raw /root/projects/EnzymeCAGE-master/HPC_Returned_Result_Summaries/enzymecage_m4_e2_full_4681_4gpu_sharded_continuation_20260814/shards/shard_03/per_uid/P0DJM6/p2rank/P0DJM6.ds,P2Rank 2.5.1,,,,AFDB structure fetched; P2Rank ran under the approved command contract; no usable top predicted pocket residues were produced or mapped.,False,
P0DJM7,23,v6,38d65d298e82f2f479911fd4c9bac7f592d334eda3d0196968172d240bfa7800,/usrdata/EnzymeCAGE_data/tools/p2rank_2.5.1/prank predict -threads 4 -c alphafold -visualizations 0 -o /root/projects/EnzymeCAGE-master/HPC_Returned_Result_Summaries/enzymecage_m4_e2_full_4681_4gpu_sharded_continuation_20260814/shards/shard_00/per_uid/P0DJM7/p2rank/raw /root/projects/EnzymeCAGE-master/HPC_Returned_Result_Summaries/enzymecage_m4_e2_full_4681_4gpu_sharded_continuation_20260814/shards/shard_00/per_uid/P0DJM7/p2rank/P0DJM7.ds,P2Rank 2.5.1,,,,AFDB structure fetched; P2Rank ran under the approved command contract; no usable top predicted pocket residues were produced or mapped.,False,
P0DJM8,23,v6,09a207fc3043af6100247db628a4184016f75a782ee77edbce08c609b5a10960,/usrdata/EnzymeCAGE_data/tools/p2rank_2.5.1/prank predict -threads 4 -c alphafold -visualizations 0 -o /root/projects/EnzymeCAGE-master/HPC_Returned_Result_Summaries/enzymecage_m4_e2_full_4681_4gpu_sharded_continuation_20260814/shards/shard_01/per_uid/P0DJM8/p2rank/raw /root/projects/EnzymeCAGE-master/HPC_Returned_Result_Summaries/enzymecage_m4_e2_full_4681_4gpu_sharded_continuation_20260814/shards/shard_01/per_uid/P0DJM8/p2rank/P0DJM8.ds,P2Rank 2.5.1,,,,AFDB structure fetched; P2Rank ran under the approved command contract; no usable top predicted pocket residues were produced or mapped.,False,
P0DJM9,23,v6,c7f1e94b0861c99a50116e9b036251a3335e31c288766a03bf238794f25b6d83,/usrdata/EnzymeCAGE_data/tools/p2rank_2.5.1/prank predict -threads 4 -c alphafold -visualizations 0 -o /root/projects/EnzymeCAGE-master/HPC_Returned_Result_Summaries/enzymecage_m4_e2_full_4681_4gpu_sharded_continuation_20260814/shards/shard_02/per_uid/P0DJM9/p2rank/raw /root/projects/EnzymeCAGE-master/HPC_Returned_Result_Summaries/enzymecage_m4_e2_full_4681_4gpu_sharded_continuation_20260814/shards/shard_02/per_uid/P0DJM9/p2rank/P0DJM9.ds,P2Rank 2.5.1,,,,AFDB structure fetched; P2Rank ran under the approved command contract; no usable top predicted pocket residues were produced or mapped.,False,
P0DJN0,23,v6,7d7c80810d72e53b8f7ba5da9488ceb126c22d15a3be7a1ba8cd6095a8586ce7,/usrdata/EnzymeCAGE_data/tools/p2rank_2.5.1/prank predict -threads 4 -c alphafold -visualizations 0 -o /root/projects/EnzymeCAGE-master/HPC_Returned_Result_Summaries/enzymecage_m4_e2_full_4681_4gpu_sharded_continuation_20260814/shards/shard_03/per_uid/P0DJN0/p2rank/raw /root/projects/EnzymeCAGE-master/HPC_Returned_Result_Summaries/enzymecage_m4_e2_full_4681_4gpu_sharded_continuation_20260814/shards/shard_03/per_uid/P0DJN0/p2rank/P0DJN0.ds,P2Rank 2.5.1,,,,AFDB structure fetched; P2Rank ran under the approved command contract; no usable top predicted pocket residues were produced or mapped.,False,
P0DJN1,23,v6,83867b85078aceaa47a30cec0c1f84fb72a4de9a14c027bf0d56679827808000,/usrdata/EnzymeCAGE_data/tools/p2rank_2.5.1/prank predict -threads 4 -c alphafold -visualizations 0 -o /root/projects/EnzymeCAGE-master/HPC_Returned_Result_Summaries/enzymecage_m4_e2_full_4681_4gpu_sharded_continuation_20260814/shards/shard_00/per_uid/P0DJN1/p2rank/raw /root/projects/EnzymeCAGE-master/HPC_Returned_Result_Summaries/enzymecage_m4_e2_full_4681_4gpu_sharded_continuation_20260814/shards/shard_00/per_uid/P0DJN1/p2rank/P0DJN1.ds,P2Rank 2.5.1,,,,AFDB structure fetched; P2Rank ran under the approved command contract; no usable top predicted pocket residues were produced or mapped.,False,
P0DJN3,23,v6,bf7ed1d464115dbc27be1ee01afa48faff835f941a0a3db37a20ebac09418ef5,/usrdata/EnzymeCAGE_data/tools/p2rank_2.5.1/prank predict -threads 4 -c alphafold -visualizations 0 -o /root/projects/EnzymeCAGE-master/HPC_Returned_Result_Summaries/enzymecage_m4_e2_full_4681_4gpu_sharded_continuation_20260814/shards/shard_01/per_uid/P0DJN3/p2rank/raw /root/projects/EnzymeCAGE-master/HPC_Returned_Result_Summaries/enzymecage_m4_e2_full_4681_4gpu_sharded_continuation_20260814/shards/shard_01/per_uid/P0DJN3/p2rank/P0DJN3.ds,P2Rank 2.5.1,,,,AFDB structure fetched; P2Rank ran under the approved command contract; no usable top predicted pocket residues were produced or mapped.,False,
P0DJN4,23,v6,b9927cd3fa73517a5af8159aa616e75086c6a6c20e943d1d869a9d29a8db3deb,/usrdata/EnzymeCAGE_data/tools/p2rank_2.5.1/prank predict -threads 4 -c alphafold -visualizations 0 -o /root/projects/EnzymeCAGE-master/HPC_Returned_Result_Summaries/enzymecage_m4_e2_full_4681_4gpu_sharded_continuation_20260814/shards/shard_02/per_uid/P0DJN4/p2rank/raw /root/projects/EnzymeCAGE-master/HPC_Returned_Result_Summaries/enzymecage_m4_e2_full_4681_4gpu_sharded_continuation_20260814/shards/shard_02/per_uid/P0DJN4/p2rank/P0DJN4.ds,P2Rank 2.5.1,,,,AFDB structure fetched; P2Rank ran under the approved command contract; no usable top predicted pocket residues were produced or mapped.,False,
P0DJN5,23,v6,2af87d8242773c4af01706625cdce8f834f18b62620e08ce8eebd844f6995035,/usrdata/EnzymeCAGE_data/tools/p2rank_2.5.1/prank predict -threads 4 -c alphafold -visualizations 0 -o /root/projects/EnzymeCAGE-master/HPC_Returned_Result_Summaries/enzymecage_m4_e2_full_4681_4gpu_sharded_continuation_20260814/shards/shard_03/per_uid/P0DJN5/p2rank/raw /root/projects/EnzymeCAGE-master/HPC_Returned_Result_Summaries/enzymecage_m4_e2_full_4681_4gpu_sharded_continuation_20260814/shards/shard_03/per_uid/P0DJN5/p2rank/P0DJN5.ds,P2Rank 2.5.1,,,,AFDB structure fetched; P2Rank ran under the approved command contract; no usable top predicted pocket residues were produced or mapped.,False,
P0DJN8,23,v6,829357f55920eb3a8bdcadd0a5979173bf3e0fcf68d2b418487dba0d52ffa799,/usrdata/EnzymeCAGE_data/tools/p2rank_2.5.1/prank predict -threads 4 -c alphafold -visualizations 0 -o /root/projects/EnzymeCAGE-master/HPC_Returned_Result_Summaries/enzymecage_m4_e2_full_4681_4gpu_sharded_continuation_20260814/shards/shard_02/per_uid/P0DJN8/p2rank/raw /root/projects/EnzymeCAGE-master/HPC_Returned_Result_Summaries/enzymecage_m4_e2_full_4681_4gpu_sharded_continuation_20260814/shards/shard_02/per_uid/P0DJN8/p2rank/P0DJN8.ds,P2Rank 2.5.1,,,,AFDB structure fetched; P2Rank ran under the approved command contract; no usable top predicted pocket residues were produced or mapped.,False,
P0DJP5,18,v6,e41780711374a746da714f27ef5711b972ddf1c4bff3c793f5cbbfef388aa722,/usrdata/EnzymeCAGE_data/tools/p2rank_2.5.1/prank predict -threads 4 -c alphafold -visualizations 0 -o /root/projects/EnzymeCAGE-master/HPC_Returned_Result_Summaries/enzymecage_m4_e2_full_4681_4gpu_sharded_continuation_20260814/shards/shard_03/per_uid/P0DJP5/p2rank/raw /root/projects/EnzymeCAGE-master/HPC_Returned_Result_Summaries/enzymecage_m4_e2_full_4681_4gpu_sharded_continuation_20260814/shards/shard_03/per_uid/P0DJP5/p2rank/P0DJP5.ds,P2Rank 2.5.1,,,,AFDB structure fetched; P2Rank ran under the approved command contract; no usable top predicted pocket residues were produced or mapped.,False,
P0DJP6,23,v6,0f5761fd7832e3734292e90cd56861607281d616cb5a938c64af6a9c400dfbce,/usrdata/EnzymeCAGE_data/tools/p2rank_2.5.1/prank predict -threads 4 -c alphafold -visualizations 0 -o /root/projects/EnzymeCAGE-master/HPC_Returned_Result_Summaries/enzymecage_m4_e2_full_4681_4gpu_sharded_continuation_20260814/shards/shard_00/per_uid/P0DJP6/p2rank/raw /root/projects/EnzymeCAGE-master/HPC_Returned_Result_Summaries/enzymecage_m4_e2_full_4681_4gpu_sharded_continuation_20260814/shards/shard_00/per_uid/P0DJP6/p2rank/P0DJP6.ds,P2Rank 2.5.1,,,,AFDB structure fetched; P2Rank ran under the approved command contract; no usable top predicted pocket residues were produced or mapped.,False,
P0DJP8,23,v6,4b9186bd3c4c942b2da7beaaf3c7b48e8b6aeac7d7134aae52de2e7adc6bff7a,/usrdata/EnzymeCAGE_data/tools/p2rank_2.5.1/prank predict -threads 4 -c alphafold -visualizations 0 -o /root/projects/EnzymeCAGE-master/HPC_Returned_Result_Summaries/enzymecage_m4_e2_full_4681_4gpu_sharded_continuation_20260814/shards/shard_02/per_uid/P0DJP8/p2rank/raw /root/projects/EnzymeCAGE-master/HPC_Returned_Result_Summaries/enzymecage_m4_e2_full_4681_4gpu_sharded_continuation_20260814/shards/shard_02/per_uid/P0DJP8/p2rank/P0DJP8.ds,P2Rank 2.5.1,,,,AFDB structure fetched; P2Rank ran under the approved command contract; no usable top predicted pocket residues were produced or mapped.,False,
P0DJP9,23,v6,280287a9fea1c61edd4522db186735b16227d8db89ec99748aa650c0a5772f5e,/usrdata/EnzymeCAGE_data/tools/p2rank_2.5.1/prank predict -threads 4 -c alphafold -visualizations 0 -o /root/projects/EnzymeCAGE-master/HPC_Returned_Result_Summaries/enzymecage_m4_e2_full_4681_4gpu_sharded_continuation_20260814/shards/shard_03/per_uid/P0DJP9/p2rank/raw /root/projects/EnzymeCAGE-master/HPC_Returned_Result_Summaries/enzymecage_m4_e2_full_4681_4gpu_sharded_continuation_20260814/shards/shard_03/per_uid/P0DJP9/p2rank/P0DJP9.ds,P2Rank 2.5.1,,,,AFDB structure fetched; P2Rank ran under the approved command contract; no usable top predicted pocket residues were produced or mapped.,False,
P0DJQ0,23,v6,3b44e717b7fdf47c6da1a61c66f612c2f3c25c0dc2052abe23f70f872852b606,/usrdata/EnzymeCAGE_data/tools/p2rank_2.5.1/prank predict -threads 4 -c alphafold -visualizations 0 -o /root/projects/EnzymeCAGE-master/HPC_Returned_Result_Summaries/enzymecage_m4_e2_full_4681_4gpu_sharded_continuation_20260814/shards/shard_00/per_uid/P0DJQ0/p2rank/raw /root/projects/EnzymeCAGE-master/HPC_Returned_Result_Summaries/enzymecage_m4_e2_full_4681_4gpu_sharded_continuation_20260814/shards/shard_00/per_uid/P0DJQ0/p2rank/P0DJQ0.ds,P2Rank 2.5.1,,,,AFDB structure fetched; P2Rank ran under the approved command contract; no usable top predicted pocket residues were produced or mapped.,False,
P0DJR1,23,v6,6fac8f48ada607323828b1d0f7c72af3ef0dce151ca2876b7c06c8c516ac38d2,/usrdata/EnzymeCAGE_data/tools/p2rank_2.5.1/prank predict -threads 4 -c alphafold -visualizations 0 -o /root/projects/EnzymeCAGE-master/HPC_Returned_Result_Summaries/enzymecage_m4_e2_full_4681_4gpu_sharded_continuation_20260814/shards/shard_01/per_uid/P0DJR1/p2rank/raw /root/projects/EnzymeCAGE-master/HPC_Returned_Result_Summaries/enzymecage_m4_e2_full_4681_4gpu_sharded_continuation_20260814/shards/shard_01/per_uid/P0DJR1/p2rank/P0DJR1.ds,P2Rank 2.5.1,,,,AFDB structure fetched; P2Rank ran under the approved command contract; no usable top predicted pocket residues were produced or mapped.,False,
P0DKH4,61,v6,7ed0fbdf229a23d08ba41ca1d3cc685d4a729312964fbcbe0141e9ca5007d477,/usrdata/EnzymeCAGE_data/tools/p2rank_2.5.1/prank predict -threads 4 -c alphafold -visualizations 0 -o /root/projects/EnzymeCAGE-master/HPC_Returned_Result_Summaries/enzymecage_m4_e2_full_4681_4gpu_sharded_continuation_20260814/shards/shard_02/per_uid/P0DKH4/p2rank/raw /root/projects/EnzymeCAGE-master/HPC_Returned_Result_Summaries/enzymecage_m4_e2_full_4681_4gpu_sharded_continuation_20260814/shards/shard_02/per_uid/P0DKH4/p2rank/P0DKH4.ds,P2Rank 2.5.1,,,,AFDB structure fetched; P2Rank ran under the approved command contract; no usable top predicted pocket residues were produced or mapped.,False,
P0DKR4,20,v6,f584276efd5a32f33e3959fe8c1d71838c040b9c2cb8434ee6ff00cff721eb33,/usrdata/EnzymeCAGE_data/tools/p2rank_2.5.1/prank predict -threads 4 -c alphafold -visualizations 0 -o /root/projects/EnzymeCAGE-master/HPC_Returned_Result_Summaries/enzymecage_m4_e2_full_4681_4gpu_sharded_continuation_20260814/shards/shard_03/per_uid/P0DKR4/p2rank/raw /root/projects/EnzymeCAGE-master/HPC_Returned_Result_Summaries/enzymecage_m4_e2_full_4681_4gpu_sharded_continuation_20260814/shards/shard_03/per_uid/P0DKR4/p2rank/P0DKR4.ds,P2Rank 2.5.1,,,,AFDB structure fetched; P2Rank ran under the approved command contract; no usable top predicted pocket residues were produced or mapped.,False,
P0DKS9,79,v6,7b5522e94acd20f627031f88a026fb64d416555e10117294cb917e897381e331,/usrdata/EnzymeCAGE_data/tools/p2rank_2.5.1/prank predict -threads 4 -c alphafold -visualizations 0 -o /root/projects/EnzymeCAGE-master/HPC_Returned_Result_Summaries/enzymecage_m4_e2_full_4681_4gpu_sharded_continuation_20260814/shards/shard_00/per_uid/P0DKS9/p2rank/raw /root/projects/EnzymeCAGE-master/HPC_Returned_Result_Summaries/enzymecage_m4_e2_full_4681_4gpu_sharded_continuation_20260814/shards/shard_00/per_uid/P0DKS9/p2rank/P0DKS9.ds,P2Rank 2.5.1,,,,AFDB structure fetched; P2Rank ran under the approved command contract; no usable top predicted pocket residues were produced or mapped.,False,
P0DKT0,79,v6,ec4c238c1e16543b8db936b420ed507c03db09154f20c8220c2fbe95ea215266,/usrdata/EnzymeCAGE_data/tools/p2rank_2.5.1/prank predict -threads 4 -c alphafold -visualizations 0 -o /root/projects/EnzymeCAGE-master/HPC_Returned_Result_Summaries/enzymecage_m4_e2_full_4681_4gpu_sharded_continuation_20260814/shards/shard_01/per_uid/P0DKT0/p2rank/raw /root/projects/EnzymeCAGE-master/HPC_Returned_Result_Summaries/enzymecage_m4_e2_full_4681_4gpu_sharded_continuation_20260814/shards/shard_01/per_uid/P0DKT0/p2rank/P0DKT0.ds,P2Rank 2.5.1,,,,AFDB structure fetched; P2Rank ran under the approved command contract; no usable top predicted pocket residues were produced or mapped.,False,
P0DKT6,35,v6,c95a44e3ffeb3a52aa74c09b92ce6d4888bf809d9610384c540d9cbee188046d,/usrdata/EnzymeCAGE_data/tools/p2rank_2.5.1/prank predict -threads 4 -c alphafold -visualizations 0 -o /root/projects/EnzymeCAGE-master/HPC_Returned_Result_Summaries/enzymecage_m4_e2_full_4681_4gpu_sharded_continuation_20260814/shards/shard_02/per_uid/P0DKT6/p2rank/raw /root/projects/EnzymeCAGE-master/HPC_Returned_Result_Summaries/enzymecage_m4_e2_full_4681_4gpu_sharded_continuation_20260814/shards/shard_02/per_uid/P0DKT6/p2rank/P0DKT6.ds,P2Rank 2.5.1,,,,AFDB structure fetched; P2Rank ran under the approved command contract; no usable top predicted pocket residues were produced or mapped.,False,
P0DKT7,20,v6,25cf2afe99e06d22238389074b745c74af1da3116f288d5728a9ff6acbb9206d,/usrdata/EnzymeCAGE_data/tools/p2rank_2.5.1/prank predict -threads 4 -c alphafold -visualizations 0 -o /root/projects/EnzymeCAGE-master/HPC_Returned_Result_Summaries/enzymecage_m4_e2_full_4681_4gpu_sharded_continuation_20260814/shards/shard_03/per_uid/P0DKT7/p2rank/raw /root/projects/EnzymeCAGE-master/HPC_Returned_Result_Summaries/enzymecage_m4_e2_full_4681_4gpu_sharded_continuation_20260814/shards/shard_03/per_uid/P0DKT7/p2rank/P0DKT7.ds,P2Rank 2.5.1,,,,AFDB structure fetched; P2Rank ran under the approved command contract; no usable top predicted pocket residues were produced or mapped.,False,
P0DKU3,30,v6,d9e5ef6c55ed72ae1339c86a70601bc0a4541d40fe44e6d60824cfc9ff21fff0,/usrdata/EnzymeCAGE_data/tools/p2rank_2.5.1/prank predict -threads 4 -c alphafold -visualizations 0 -o /root/projects/EnzymeCAGE-master/HPC_Returned_Result_Summaries/enzymecage_m4_e2_full_4681_4gpu_sharded_continuation_20260814/shards/shard_00/per_uid/P0DKU3/p2rank/raw /root/projects/EnzymeCAGE-master/HPC_Returned_Result_Summaries/enzymecage_m4_e2_full_4681_4gpu_sharded_continuation_20260814/shards/shard_00/per_uid/P0DKU3/p2rank/P0DKU3.ds,P2Rank 2.5.1,,,,AFDB structure fetched; P2Rank ran under the approved command contract; no usable top predicted pocket residues were produced or mapped.,False,
P0DKU4,30,v6,694592259c8870dc8a023a7aba56b8316831e2d015386f814e415b2581444ab5,/usrdata/EnzymeCAGE_data/tools/p2rank_2.5.1/prank predict -threads 4 -c alphafold -visualizations 0 -o /root/projects/EnzymeCAGE-master/HPC_Returned_Result_Summaries/enzymecage_m4_e2_full_4681_4gpu_sharded_continuation_20260814/shards/shard_01/per_uid/P0DKU4/p2rank/raw /root/projects/EnzymeCAGE-master/HPC_Returned_Result_Summaries/enzymecage_m4_e2_full_4681_4gpu_sharded_continuation_20260814/shards/shard_01/per_uid/P0DKU4/p2rank/P0DKU4.ds,P2Rank 2.5.1,,,,AFDB structure fetched; P2Rank ran under the approved command contract; no usable top predicted pocket residues were produced or mapped.,False,
P0DKX1,19,v6,468408adbeb168a4594deb8dc0a876124a612a5b8b9098d87f5c5ae5d2b42a2d,/usrdata/EnzymeCAGE_data/tools/p2rank_2.5.1/prank predict -threads 4 -c alphafold -visualizations 0 -o /root/projects/EnzymeCAGE-master/HPC_Returned_Result_Summaries/enzymecage_m4_e2_full_4681_4gpu_sharded_continuation_20260814/shards/shard_02/per_uid/P0DKX1/p2rank/raw /root/projects/EnzymeCAGE-master/HPC_Returned_Result_Summaries/enzymecage_m4_e2_full_4681_4gpu_sharded_continuation_20260814/shards/shard_02/per_uid/P0DKX1/p2rank/P0DKX1.ds,P2Rank 2.5.1,,,,AFDB structure fetched; P2Rank ran under the approved command contract; no usable top predicted pocket residues were produced or mapped.,False,
P0DMB6,23,v6,94702a15d195335014f05339ca5a527a0470622e5f3004518af381faaec9af04,/usrdata/EnzymeCAGE_data/tools/p2rank_2.5.1/prank predict -threads 4 -c alphafold -visualizations 0 -o /root/projects/EnzymeCAGE-master/HPC_Returned_Result_Summaries/enzymecage_m4_e2_full_4681_4gpu_sharded_continuation_20260814/shards/shard_03/per_uid/P0DMB6/p2rank/raw /root/projects/EnzymeCAGE-master/HPC_Returned_Result_Summaries/enzymecage_m4_e2_full_4681_4gpu_sharded_continuation_20260814/shards/shard_03/per_uid/P0DMB6/p2rank/P0DMB6.ds,P2Rank 2.5.1,,,,AFDB structure fetched; P2Rank ran under the approved command contract; no usable top predicted pocket residues were produced or mapped.,False,
P0DMB7,25,v6,03389e5affa55a574219769134bb1c6f73b9046aa3bfbd2986dc26ac9a76d8d1,/usrdata/EnzymeCAGE_data/tools/p2rank_2.5.1/prank predict -threads 4 -c alphafold -visualizations 0 -o /root/projects/EnzymeCAGE-master/HPC_Returned_Result_Summaries/enzymecage_m4_e2_full_4681_4gpu_sharded_continuation_20260814/shards/shard_00/per_uid/P0DMB7/p2rank/raw /root/projects/EnzymeCAGE-master/HPC_Returned_Result_Summaries/enzymecage_m4_e2_full_4681_4gpu_sharded_continuation_20260814/shards/shard_00/per_uid/P0DMB7/p2rank/P0DMB7.ds,P2Rank 2.5.1,,,,AFDB structure fetched; P2Rank ran under the approved command contract; no usable top predicted pocket residues were produced or mapped.,False,
P0DMB8,25,v6,cc4add1e1db2b79a824a51642412cb8955a056b606f27878e0d473ee90d3e2fc,/usrdata/EnzymeCAGE_data/tools/p2rank_2.5.1/prank predict -threads 4 -c alphafold -visualizations 0 -o /root/projects/EnzymeCAGE-master/HPC_Returned_Result_Summaries/enzymecage_m4_e2_full_4681_4gpu_sharded_continuation_20260814/shards/shard_01/per_uid/P0DMB8/p2rank/raw /root/projects/EnzymeCAGE-master/HPC_Returned_Result_Summaries/enzymecage_m4_e2_full_4681_4gpu_sharded_continuation_20260814/shards/shard_01/per_uid/P0DMB8/p2rank/P0DMB8.ds,P2Rank 2.5.1,,,,AFDB structure fetched; P2Rank ran under the approved command contract; no usable top predicted pocket residues were produced or mapped.,False,
P0DMK1,32,v6,0716c5c584e0cfc852042a98340f19828d07f4948ba8c48cce9fc23a7f09ca30,/usrdata/EnzymeCAGE_data/tools/p2rank_2.5.1/prank predict -threads 4 -c alphafold -visualizations 0 -o /root/projects/EnzymeCAGE-master/HPC_Returned_Result_Summaries/enzymecage_m4_e2_full_4681_4gpu_sharded_continuation_20260814/shards/shard_01/per_uid/P0DMK1/p2rank/raw /root/projects/EnzymeCAGE-master/HPC_Returned_Result_Summaries/enzymecage_m4_e2_full_4681_4gpu_sharded_continuation_20260814/shards/shard_01/per_uid/P0DMK1/p2rank/P0DMK1.ds,P2Rank 2.5.1,,,,AFDB structure fetched; P2Rank ran under the approved command contract; no usable top predicted pocket residues were produced or mapped.,False,
P0DPT8,28,v6,15e20ad5c7ee0a7d170a8afdd129d1359fd26682396cd8b4c803a6044edf2012,/usrdata/EnzymeCAGE_data/tools/p2rank_2.5.1/prank predict -threads 4 -c alphafold -visualizations 0 -o /root/projects/EnzymeCAGE-master/HPC_Returned_Result_Summaries/enzymecage_m4_e2_full_4681_4gpu_sharded_continuation_20260814/shards/shard_02/per_uid/P0DPT8/p2rank/raw /root/projects/EnzymeCAGE-master/HPC_Returned_Result_Summaries/enzymecage_m4_e2_full_4681_4gpu_sharded_continuation_20260814/shards/shard_02/per_uid/P0DPT8/p2rank/P0DPT8.ds,P2Rank 2.5.1,,,,AFDB structure fetched; P2Rank ran under the approved command contract; no usable top predicted pocket residues were produced or mapped.,False,
P0DSN5,36,v6,fad8caf67f872c68c3c6c7555b7b344099e7a7bd8760143c02bb4b8d58c24ebf,/usrdata/EnzymeCAGE_data/tools/p2rank_2.5.1/prank predict -threads 4 -c alphafold -visualizations 0 -o /root/projects/EnzymeCAGE-master/HPC_Returned_Result_Summaries/enzymecage_m4_e2_full_4681_4gpu_sharded_continuation_20260814/shards/shard_01/per_uid/P0DSN5/p2rank/raw /root/projects/EnzymeCAGE-master/HPC_Returned_Result_Summaries/enzymecage_m4_e2_full_4681_4gpu_sharded_continuation_20260814/shards/shard_01/per_uid/P0DSN5/p2rank/P0DSN5.ds,P2Rank 2.5.1,,,,AFDB structure fetched; P2Rank ran under the approved command contract; no usable top predicted pocket residues were produced or mapped.,False,
P0DUR6,108,v6,425a212ace5a40d9e67d913c596cdc5361e795c01fec3d4cd440f75b2b99af5b,/usrdata/EnzymeCAGE_data/tools/p2rank_2.5.1/prank predict -threads 4 -c alphafold -visualizations 0 -o /root/projects/EnzymeCAGE-master/HPC_Returned_Result_Summaries/enzymecage_m4_e2_full_4681_4gpu_sharded_continuation_20260814/shards/shard_02/per_uid/P0DUR6/p2rank/raw /root/projects/EnzymeCAGE-master/HPC_Returned_Result_Summaries/enzymecage_m4_e2_full_4681_4gpu_sharded_continuation_20260814/shards/shard_02/per_uid/P0DUR6/p2rank/P0DUR6.ds,P2Rank 2.5.1,,,,AFDB structure fetched; P2Rank ran under the approved command contract; no usable top predicted pocket residues were produced or mapped.,False,
P0DV78,116,v6,571fdd9fa61cc50b19e3c3184c177db8821f97f3ad6a01243618d884c54f6946,/usrdata/EnzymeCAGE_data/tools/p2rank_2.5.1/prank predict -threads 4 -c alphafold -visualizations 0 -o /root/projects/EnzymeCAGE-master/HPC_Returned_Result_Summaries/enzymecage_m4_e2_full_4681_4gpu_sharded_continuation_20260814/shards/shard_01/per_uid/P0DV78/p2rank/raw /root/projects/EnzymeCAGE-master/HPC_Returned_Result_Summaries/enzymecage_m4_e2_full_4681_4gpu_sharded_continuation_20260814/shards/shard_01/per_uid/P0DV78/p2rank/P0DV78.ds,P2Rank 2.5.1,,,,AFDB structure fetched; P2Rank ran under the approved command contract; no usable top predicted pocket residues were produced or mapped.,False,
P0DXE6,132,v6,f218a3d99f905b69c8507f1a2a6f852e54872488a59f885554ef4de592ccc0f6,/usrdata/EnzymeCAGE_data/tools/p2rank_2.5.1/prank predict -threads 4 -c alphafold -visualizations 0 -o /root/projects/EnzymeCAGE-master/HPC_Returned_Result_Summaries/enzymecage_m4_e2_full_4681_4gpu_sharded_continuation_20260814/shards/shard_03/per_uid/P0DXE6/p2rank/raw /root/projects/EnzymeCAGE-master/HPC_Returned_Result_Summaries/enzymecage_m4_e2_full_4681_4gpu_sharded_continuation_20260814/shards/shard_03/per_uid/P0DXE6/p2rank/P0DXE6.ds,P2Rank 2.5.1,,,,AFDB structure fetched; P2Rank ran under the approved command contract; no usable top predicted pocket residues were produced or mapped.,False,
P10094,40,v6,18eb1702c295a4976bd042d5174fbe7055cd8f1a2abf4c132fcb24a116e67c4f,/usrdata/EnzymeCAGE_data/tools/p2rank_2.5.1/prank predict -threads 4 -c alphafold -visualizations 0 -o /root/projects/EnzymeCAGE-master/HPC_Returned_Result_Summaries/enzymecage_m4_e2_full_4681_4gpu_sharded_continuation_20260814/shards/shard_00/per_uid/P10094/p2rank/raw /root/projects/EnzymeCAGE-master/HPC_Returned_Result_Summaries/enzymecage_m4_e2_full_4681_4gpu_sharded_continuation_20260814/shards/shard_00/per_uid/P10094/p2rank/P10094.ds,P2Rank 2.5.1,,,,AFDB structure fetched; P2Rank ran under the approved command contract; no usable top predicted pocket residues were produced or mapped.,False,
P10095,38,v6,b8fa301eaa24909198ab2e6c7c54d3fec3e7bd856aef1a8aa72da40b9b64378d,/usrdata/EnzymeCAGE_data/tools/p2rank_2.5.1/prank predict -threads 4 -c alphafold -visualizations 0 -o /root/projects/EnzymeCAGE-master/HPC_Returned_Result_Summaries/enzymecage_m4_e2_full_4681_4gpu_sharded_continuation_20260814/shards/shard_01/per_uid/P10095/p2rank/raw /root/projects/EnzymeCAGE-master/HPC_Returned_Result_Summaries/enzymecage_m4_e2_full_4681_4gpu_sharded_continuation_20260814/shards/shard_01/per_uid/P10095/p2rank/P10095.ds,P2Rank 2.5.1,,,,AFDB structure fetched; P2Rank ran under the approved command contract; no usable top predicted pocket residues were produced or mapped.,False,
P10489,25,v6,b7ddf36f7970d6d4d7b13954003a48e11034691a2f0eea4b9fdc0bd99bf6fb68,/usrdata/EnzymeCAGE_data/tools/p2rank_2.5.1/prank predict -threads 4 -c alphafold -visualizations 0 -o /root/projects/EnzymeCAGE-master/HPC_Returned_Result_Summaries/enzymecage_m4_e2_full_4681_4gpu_sharded_continuation_20260814/shards/shard_00/per_uid/P10489/p2rank/raw /root/projects/EnzymeCAGE-master/HPC_Returned_Result_Summaries/enzymecage_m4_e2_full_4681_4gpu_sharded_continuation_20260814/shards/shard_00/per_uid/P10489/p2rank/P10489.ds,P2Rank 2.5.1,,,,AFDB structure fetched; P2Rank ran under the approved command contract; no usable top predicted pocket residues were produced or mapped.,False,
P10801,45,v6,3575e821f08d76becd3f6eb0824770f19c0023a35ae54c07ab8fd0fd8aa55c6a,/usrdata/EnzymeCAGE_data/tools/p2rank_2.5.1/prank predict -threads 4 -c alphafold -visualizations 0 -o /root/projects/EnzymeCAGE-master/HPC_Returned_Result_Summaries/enzymecage_m4_e2_full_4681_4gpu_sharded_continuation_20260814/shards/shard_01/per_uid/P10801/p2rank/raw /root/projects/EnzymeCAGE-master/HPC_Returned_Result_Summaries/enzymecage_m4_e2_full_4681_4gpu_sharded_continuation_20260814/shards/shard_01/per_uid/P10801/p2rank/P10801.ds,P2Rank 2.5.1,,,,AFDB structure fetched; P2Rank ran under the approved command contract; no usable top predicted pocket residues were produced or mapped.,False,
P10887,32,v6,a4a8fc65a66dd18579e8a06b9a00c039fa49e3f420eca1fa1da03ef668084d75,/usrdata/EnzymeCAGE_data/tools/p2rank_2.5.1/prank predict -threads 4 -c alphafold -visualizations 0 -o /root/projects/EnzymeCAGE-master/HPC_Returned_Result_Summaries/enzymecage_m4_e2_full_4681_4gpu_sharded_continuation_20260814/shards/shard_03/per_uid/P10887/p2rank/raw /root/projects/EnzymeCAGE-master/HPC_Returned_Result_Summaries/enzymecage_m4_e2_full_4681_4gpu_sharded_continuation_20260814/shards/shard_03/per_uid/P10887/p2rank/P10887.ds,P2Rank 2.5.1,,,,AFDB structure fetched; P2Rank ran under the approved command contract; no usable top predicted pocket residues were produced or mapped.,False,
P11727,34,v6,b66a9e88eef0d64a35ec49e56ae2996aab0ae180884fc033ec03e301fa5c1f18,/usrdata/EnzymeCAGE_data/tools/p2rank_2.5.1/prank predict -threads 4 -c alphafold -visualizations 0 -o /root/projects/EnzymeCAGE-master/HPC_Returned_Result_Summaries/enzymecage_m4_e2_full_4681_4gpu_sharded_continuation_20260814/shards/shard_01/per_uid/P11727/p2rank/raw /root/projects/EnzymeCAGE-master/HPC_Returned_Result_Summaries/enzymecage_m4_e2_full_4681_4gpu_sharded_continuation_20260814/shards/shard_01/per_uid/P11727/p2rank/P11727.ds,P2Rank 2.5.1,,,,AFDB structure fetched; P2Rank ran under the approved command contract; no usable top predicted pocket residues were produced or mapped.,False,
P11917,16,v6,630b548332f2fe904c19a85674f6aee1809af2698b33ee5597453070973aa882,/usrdata/EnzymeCAGE_data/tools/p2rank_2.5.1/prank predict -threads 4 -c alphafold -visualizations 0 -o /root/projects/EnzymeCAGE-master/HPC_Returned_Result_Summaries/enzymecage_m4_e2_full_4681_4gpu_sharded_continuation_20260814/shards/shard_00/per_uid/P11917/p2rank/raw /root/projects/EnzymeCAGE-master/HPC_Returned_Result_Summaries/enzymecage_m4_e2_full_4681_4gpu_sharded_continuation_20260814/shards/shard_00/per_uid/P11917/p2rank/P11917.ds,P2Rank 2.5.1,,,,AFDB structure fetched; P2Rank ran under the approved command contract; no usable top predicted pocket residues were produced or mapped.,False,
P12049,84,v6,6075d4508149edf5b2dce074b055c4153cb11a9babc40e8c0d8c4d56e16fb563,/usrdata/EnzymeCAGE_data/tools/p2rank_2.5.1/prank predict -threads 4 -c alphafold -visualizations 0 -o /root/projects/EnzymeCAGE-master/HPC_Returned_Result_Summaries/enzymecage_m4_e2_full_4681_4gpu_sharded_continuation_20260814/shards/shard_02/per_uid/P12049/p2rank/raw /root/projects/EnzymeCAGE-master/HPC_Returned_Result_Summaries/enzymecage_m4_e2_full_4681_4gpu_sharded_continuation_20260814/shards/shard_02/per_uid/P12049/p2rank/P12049.ds,P2Rank 2.5.1,,,,AFDB structure fetched; P2Rank ran under the approved command contract; no usable top predicted pocket residues were produced or mapped.,False,
P12321,38,v6,0d526c215f70f5acd543c479f6cd964e71f9d93efbf6a3e31b543d845ab2bcc4,/usrdata/EnzymeCAGE_data/tools/p2rank_2.5.1/prank predict -threads 4 -c alphafold -visualizations 0 -o /root/projects/EnzymeCAGE-master/HPC_Returned_Result_Summaries/enzymecage_m4_e2_full_4681_4gpu_sharded_continuation_20260814/shards/shard_00/per_uid/P12321/p2rank/raw /root/projects/EnzymeCAGE-master/HPC_Returned_Result_Summaries/enzymecage_m4_e2_full_4681_4gpu_sharded_continuation_20260814/shards/shard_00/per_uid/P12321/p2rank/P12321.ds,P2Rank 2.5.1,,,,AFDB structure fetched; P2Rank ran under the approved command contract; no usable top predicted pocket residues were produced or mapped.,False,
P12343,31,v6,b279388a85d83cdc327ebf2a83ccb48430e9b6def3c59c859828774e664795fb,/usrdata/EnzymeCAGE_data/tools/p2rank_2.5.1/prank predict -threads 4 -c alphafold -visualizations 0 -o /root/projects/EnzymeCAGE-master/HPC_Returned_Result_Summaries/enzymecage_m4_e2_full_4681_4gpu_sharded_continuation_20260814/shards/shard_01/per_uid/P12343/p2rank/raw /root/projects/EnzymeCAGE-master/HPC_Returned_Result_Summaries/enzymecage_m4_e2_full_4681_4gpu_sharded_continuation_20260814/shards/shard_01/per_uid/P12343/p2rank/P12343.ds,P2Rank 2.5.1,,,,AFDB structure fetched; P2Rank ran under the approved command contract; no usable top predicted pocket residues were produced or mapped.,False,
P13155,83,v6,71eb796f59ba10e561dc4a3c9523d4b21c3b2e9673be4f106544360def621627,/usrdata/EnzymeCAGE_data/tools/p2rank_2.5.1/prank predict -threads 4 -c alphafold -visualizations 0 -o /root/projects/EnzymeCAGE-master/HPC_Returned_Result_Summaries/enzymecage_m4_e2_full_4681_4gpu_sharded_continuation_20260814/shards/shard_01/per_uid/P13155/p2rank/raw /root/projects/EnzymeCAGE-master/HPC_Returned_Result_Summaries/enzymecage_m4_e2_full_4681_4gpu_sharded_continuation_20260814/shards/shard_01/per_uid/P13155/p2rank/P13155.ds,P2Rank 2.5.1,,,,AFDB structure fetched; P2Rank ran under the approved command contract; no usable top predicted pocket residues were produced or mapped.,False,
P13191,20,v6,033cf7340641daa82d7ab1f07adaa2e835891f41b646a686097fab432bec4f78,/usrdata/EnzymeCAGE_data/tools/p2rank_2.5.1/prank predict -threads 4 -c alphafold -visualizations 0 -o /root/projects/EnzymeCAGE-master/HPC_Returned_Result_Summaries/enzymecage_m4_e2_full_4681_4gpu_sharded_continuation_20260814/shards/shard_00/per_uid/P13191/p2rank/raw /root/projects/EnzymeCAGE-master/HPC_Returned_Result_Summaries/enzymecage_m4_e2_full_4681_4gpu_sharded_continuation_20260814/shards/shard_00/per_uid/P13191/p2rank/P13191.ds,P2Rank 2.5.1,,,,AFDB structure fetched; P2Rank ran under the approved command contract; no usable top predicted pocket residues were produced or mapped.,False,
P13272,274,v6,210623f71f10c2882f12d86e06dd4212ba3023b351a30a0e7ec790b62c45ae1c,/usrdata/EnzymeCAGE_data/tools/p2rank_2.5.1/prank predict -threads 4 -c alphafold -visualizations 0 -o /root/projects/EnzymeCAGE-master/HPC_Returned_Result_Summaries/enzymecage_m4_e2_full_4681_4gpu_sharded_continuation_20260814/shards/shard_01/per_uid/P13272/p2rank/raw /root/projects/EnzymeCAGE-master/HPC_Returned_Result_Summaries/enzymecage_m4_e2_full_4681_4gpu_sharded_continuation_20260814/shards/shard_01/per_uid/P13272/p2rank/P13272.ds,P2Rank 2.5.1,,,,AFDB structure fetched; P2Rank ran under the approved command contract; no usable top predicted pocket residues were produced or mapped.,False,
P13774,42,v6,1a15c48a13e1d9e9d84df53de72f981b966c53d88c013b85743b5cde8b749aef,/usrdata/EnzymeCAGE_data/tools/p2rank_2.5.1/prank predict -threads 4 -c alphafold -visualizations 0 -o /root/projects/EnzymeCAGE-master/HPC_Returned_Result_Summaries/enzymecage_m4_e2_full_4681_4gpu_sharded_continuation_20260814/shards/shard_01/per_uid/P13774/p2rank/raw /root/projects/EnzymeCAGE-master/HPC_Returned_Result_Summaries/enzymecage_m4_e2_full_4681_4gpu_sharded_continuation_20260814/shards/shard_01/per_uid/P13774/p2rank/P13774.ds,P2Rank 2.5.1,,,,AFDB structure fetched; P2Rank ran under the approved command contract; no usable top predicted pocket residues were produced or mapped.,False,
P14552,19,v6,01bfa9e9c6e4a861d67a123cb7d80dbcdfbabd6f88e65fc945b801d2e97f27a3,/usrdata/EnzymeCAGE_data/tools/p2rank_2.5.1/prank predict -threads 4 -c alphafold -visualizations 0 -o /root/projects/EnzymeCAGE-master/HPC_Returned_Result_Summaries/enzymecage_m4_e2_full_4681_4gpu_sharded_continuation_20260814/shards/shard_00/per_uid/P14552/p2rank/raw /root/projects/EnzymeCAGE-master/HPC_Returned_Result_Summaries/enzymecage_m4_e2_full_4681_4gpu_sharded_continuation_20260814/shards/shard_00/per_uid/P14552/p2rank/P14552.ds,P2Rank 2.5.1,,,,AFDB structure fetched; P2Rank ran under the approved command contract; no usable top predicted pocket residues were produced or mapped.,False,
P14610,26,v6,9069b152722d8e366645446a5928b63e67f75d90c2a3316647725ed24d08607a,/usrdata/EnzymeCAGE_data/tools/p2rank_2.5.1/prank predict -threads 4 -c alphafold -visualizations 0 -o /root/projects/EnzymeCAGE-master/HPC_Returned_Result_Summaries/enzymecage_m4_e2_full_4681_4gpu_sharded_continuation_20260814/shards/shard_03/per_uid/P14610/p2rank/raw /root/projects/EnzymeCAGE-master/HPC_Returned_Result_Summaries/enzymecage_m4_e2_full_4681_4gpu_sharded_continuation_20260814/shards/shard_03/per_uid/P14610/p2rank/P14610.ds,P2Rank 2.5.1,,,,AFDB structure fetched; P2Rank ran under the approved command contract; no usable top predicted pocket residues were produced or mapped.,False,
P14775,96,v6,c5775341c23621bbaf460122edb4ad128fd48b8738d4868e5b6edfc6c0c9cd75,/usrdata/EnzymeCAGE_data/tools/p2rank_2.5.1/prank predict -threads 4 -c alphafold -visualizations 0 -o /root/projects/EnzymeCAGE-master/HPC_Returned_Result_Summaries/enzymecage_m4_e2_full_4681_4gpu_sharded_continuation_20260814/shards/shard_02/per_uid/P14775/p2rank/raw /root/projects/EnzymeCAGE-master/HPC_Returned_Result_Summaries/enzymecage_m4_e2_full_4681_4gpu_sharded_continuation_20260814/shards/shard_02/per_uid/P14775/p2rank/P14775.ds,P2Rank 2.5.1,,,,AFDB structure fetched; P2Rank ran under the approved command contract; no usable top predicted pocket residues were produced or mapped.,False,
P15984,80,v6,c7e7a76237ca29f3d92a95d06c7f6cf1d9eb8f1bbe1eedb13af92b08aeaf08b4,/usrdata/EnzymeCAGE_data/tools/p2rank_2.5.1/prank predict -threads 4 -c alphafold -visualizations 0 -o /root/projects/EnzymeCAGE-master/HPC_Returned_Result_Summaries/enzymecage_m4_e2_full_4681_4gpu_sharded_continuation_20260814/shards/shard_02/per_uid/P15984/p2rank/raw /root/projects/EnzymeCAGE-master/HPC_Returned_Result_Summaries/enzymecage_m4_e2_full_4681_4gpu_sharded_continuation_20260814/shards/shard_02/per_uid/P15984/p2rank/P15984.ds,P2Rank 2.5.1,,,,AFDB structure fetched; P2Rank ran under the approved command contract; no usable top predicted pocket residues were produced or mapped.,False,
P16123,108,v6,c70dd0819745b44154399a61fa7a6cfe5b8741b914d3f723813d7a313839c09b,/usrdata/EnzymeCAGE_data/tools/p2rank_2.5.1/prank predict -threads 4 -c alphafold -visualizations 0 -o /root/projects/EnzymeCAGE-master/HPC_Returned_Result_Summaries/enzymecage_m4_e2_full_4681_4gpu_sharded_continuation_20260814/shards/shard_01/per_uid/P16123/p2rank/raw /root/projects/EnzymeCAGE-master/HPC_Returned_Result_Summaries/enzymecage_m4_e2_full_4681_4gpu_sharded_continuation_20260814/shards/shard_01/per_uid/P16123/p2rank/P16123.ds,P2Rank 2.5.1,,,,AFDB structure fetched; P2Rank ran under the approved command contract; no usable top predicted pocket residues were produced or mapped.,False,
P17087,108,v6,984012f846af1cc24b2de00476db06c61d9cefb1a02ae0f316e60a62dfad92dc,/usrdata/EnzymeCAGE_data/tools/p2rank_2.5.1/prank predict -threads 4 -c alphafold -visualizations 0 -o /root/projects/EnzymeCAGE-master/HPC_Returned_Result_Summaries/enzymecage_m4_e2_full_4681_4gpu_sharded_continuation_20260814/shards/shard_02/per_uid/P17087/p2rank/raw /root/projects/EnzymeCAGE-master/HPC_Returned_Result_Summaries/enzymecage_m4_e2_full_4681_4gpu_sharded_continuation_20260814/shards/shard_02/per_uid/P17087/p2rank/P17087.ds,P2Rank 2.5.1,,,,AFDB structure fetched; P2Rank ran under the approved command contract; no usable top predicted pocket residues were produced or mapped.,False,
P18268,68,v6,1690eafd344c5b172c9be1e7e204bd4a23111e00cdc037810412552e3c36c2e7,/usrdata/EnzymeCAGE_data/tools/p2rank_2.5.1/prank predict -threads 4 -c alphafold -visualizations 0 -o /root/projects/EnzymeCAGE-master/HPC_Returned_Result_Summaries/enzymecage_m4_e2_full_4681_4gpu_sharded_continuation_20260814/shards/shard_03/per_uid/P18268/p2rank/raw /root/projects/EnzymeCAGE-master/HPC_Returned_Result_Summaries/enzymecage_m4_e2_full_4681_4gpu_sharded_continuation_20260814/shards/shard_03/per_uid/P18268/p2rank/P18268.ds,P2Rank 2.5.1,,,,AFDB structure fetched; P2Rank ran under the approved command contract; no usable top predicted pocket residues were produced or mapped.,False,
P18300,18,v6,0efe87ebccb0039a165078d992024a65616604fb5d64ae9ee929de51a218e4a0,/usrdata/EnzymeCAGE_data/tools/p2rank_2.5.1/prank predict -threads 4 -c alphafold -visualizations 0 -o /root/projects/EnzymeCAGE-master/HPC_Returned_Result_Summaries/enzymecage_m4_e2_full_4681_4gpu_sharded_continuation_20260814/shards/shard_01/per_uid/P18300/p2rank/raw /root/projects/EnzymeCAGE-master/HPC_Returned_Result_Summaries/enzymecage_m4_e2_full_4681_4gpu_sharded_continuation_20260814/shards/shard_01/per_uid/P18300/p2rank/P18300.ds,P2Rank 2.5.1,,,,AFDB structure fetched; P2Rank ran under the approved command contract; no usable top predicted pocket residues were produced or mapped.,False,
P18316,100,v6,566d7b43feec08ed2b64db882e50a5c09d9c715d11125ab69c5c06a7561a1eb6,/usrdata/EnzymeCAGE_data/tools/p2rank_2.5.1/prank predict -threads 4 -c alphafold -visualizations 0 -o /root/projects/EnzymeCAGE-master/HPC_Returned_Result_Summaries/enzymecage_m4_e2_full_4681_4gpu_sharded_continuation_20260814/shards/shard_02/per_uid/P18316/p2rank/raw /root/projects/EnzymeCAGE-master/HPC_Returned_Result_Summaries/enzymecage_m4_e2_full_4681_4gpu_sharded_continuation_20260814/shards/shard_02/per_uid/P18316/p2rank/P18316.ds,P2Rank 2.5.1,,,,AFDB structure fetched; P2Rank ran under the approved command contract; no usable top predicted pocket residues were produced or mapped.,False,
P18545,87,v6,cc6035348045066aff19c441a316f80641b1f0b018ba99e776296ddf070981f4,/usrdata/EnzymeCAGE_data/tools/p2rank_2.5.1/prank predict -threads 4 -c alphafold -visualizations 0 -o /root/projects/EnzymeCAGE-master/HPC_Returned_Result_Summaries/enzymecage_m4_e2_full_4681_4gpu_sharded_continuation_20260814/shards/shard_03/per_uid/P18545/p2rank/raw /root/projects/EnzymeCAGE-master/HPC_Returned_Result_Summaries/enzymecage_m4_e2_full_4681_4gpu_sharded_continuation_20260814/shards/shard_03/per_uid/P18545/p2rank/P18545.ds,P2Rank 2.5.1,,,,AFDB structure fetched; P2Rank ran under the approved command contract; no usable top predicted pocket residues were produced or mapped.,False,
P18786,128,v6,8292ea256492cc88bd6b9757ba09e42b6c0dc562212861f4c441d6158e78071a,/usrdata/EnzymeCAGE_data/tools/p2rank_2.5.1/prank predict -threads 4 -c alphafold -visualizations 0 -o /root/projects/EnzymeCAGE-master/HPC_Returned_Result_Summaries/enzymecage_m4_e2_full_4681_4gpu_sharded_continuation_20260814/shards/shard_02/per_uid/P18786/p2rank/raw /root/projects/EnzymeCAGE-master/HPC_Returned_Result_Summaries/enzymecage_m4_e2_full_4681_4gpu_sharded_continuation_20260814/shards/shard_02/per_uid/P18786/p2rank/P18786.ds,P2Rank 2.5.1,,,,AFDB structure fetched; P2Rank ran under the approved command contract; no usable top predicted pocket residues were produced or mapped.,False,
P18997,32,v6,ecf62a50fd5549b81d71200d09c18d753847576306d9b72767098d6a87143ed2,/usrdata/EnzymeCAGE_data/tools/p2rank_2.5.1/prank predict -threads 4 -c alphafold -visualizations 0 -o /root/projects/EnzymeCAGE-master/HPC_Returned_Result_Summaries/enzymecage_m4_e2_full_4681_4gpu_sharded_continuation_20260814/shards/shard_00/per_uid/P18997/p2rank/raw /root/projects/EnzymeCAGE-master/HPC_Returned_Result_Summaries/enzymecage_m4_e2_full_4681_4gpu_sharded_continuation_20260814/shards/shard_00/per_uid/P18997/p2rank/P18997.ds,P2Rank 2.5.1,,,,AFDB structure fetched; P2Rank ran under the approved command contract; no usable top predicted pocket residues were produced or mapped.,False,
P19662,23,v6,40d027dd4c5c5ce5aa8ab4d3fbe592abe781fbae56ee0865149f4d8d42cf4e37,/usrdata/EnzymeCAGE_data/tools/p2rank_2.5.1/prank predict -threads 4 -c alphafold -visualizations 0 -o /root/projects/EnzymeCAGE-master/HPC_Returned_Result_Summaries/enzymecage_m4_e2_full_4681_4gpu_sharded_continuation_20260814/shards/shard_01/per_uid/P19662/p2rank/raw /root/projects/EnzymeCAGE-master/HPC_Returned_Result_Summaries/enzymecage_m4_e2_full_4681_4gpu_sharded_continuation_20260814/shards/shard_01/per_uid/P19662/p2rank/P19662.ds,P2Rank 2.5.1,,,,AFDB structure fetched; P2Rank ran under the approved command contract; no usable top predicted pocket residues were produced or mapped.,False,
P19663,23,v6,3409cfeed7cdf1608b27d45e252ca1a184e2be4b9ad25935f5631e0643c1c8d7,/usrdata/EnzymeCAGE_data/tools/p2rank_2.5.1/prank predict -threads 4 -c alphafold -visualizations 0 -o /root/projects/EnzymeCAGE-master/HPC_Returned_Result_Summaries/enzymecage_m4_e2_full_4681_4gpu_sharded_continuation_20260814/shards/shard_02/per_uid/P19663/p2rank/raw /root/projects/EnzymeCAGE-master/HPC_Returned_Result_Summaries/enzymecage_m4_e2_full_4681_4gpu_sharded_continuation_20260814/shards/shard_02/per_uid/P19663/p2rank/P19663.ds,P2Rank 2.5.1,,,,AFDB structure fetched; P2Rank ran under the approved command contract; no usable top predicted pocket residues were produced or mapped.,False,
P19733,119,v6,98645f26eee3b2f654290636053e1c020e1b1c35b863e3f9600539231e83d4db,/usrdata/EnzymeCAGE_data/tools/p2rank_2.5.1/prank predict -threads 4 -c alphafold -visualizations 0 -o /root/projects/EnzymeCAGE-master/HPC_Returned_Result_Summaries/enzymecage_m4_e2_full_4681_4gpu_sharded_continuation_20260814/shards/shard_03/per_uid/P19733/p2rank/raw /root/projects/EnzymeCAGE-master/HPC_Returned_Result_Summaries/enzymecage_m4_e2_full_4681_4gpu_sharded_continuation_20260814/shards/shard_03/per_uid/P19733/p2rank/P19733.ds,P2Rank 2.5.1,,,,AFDB structure fetched; P2Rank ran under the approved command contract; no usable top predicted pocket residues were produced or mapped.,False,
P19977,22,v6,2bb6294158e99d34ab1a7b6f6966d00eb9aa27122712e28f5b0efbdb9ebfb1e8,/usrdata/EnzymeCAGE_data/tools/p2rank_2.5.1/prank predict -threads 4 -c alphafold -visualizations 0 -o /root/projects/EnzymeCAGE-master/HPC_Returned_Result_Summaries/enzymecage_m4_e2_full_4681_4gpu_sharded_continuation_20260814/shards/shard_03/per_uid/P19977/p2rank/raw /root/projects/EnzymeCAGE-master/HPC_Returned_Result_Summaries/enzymecage_m4_e2_full_4681_4gpu_sharded_continuation_20260814/shards/shard_03/per_uid/P19977/p2rank/P19977.ds,P2Rank 2.5.1,,,,AFDB structure fetched; P2Rank ran under the approved command contract; no usable top predicted pocket residues were produced or mapped.,False,
P19978,20,v6,1a3a5b87452b3d938712020f39251123a07ec7c5f4fa9d288cd4d36b4edc56fd,/usrdata/EnzymeCAGE_data/tools/p2rank_2.5.1/prank predict -threads 4 -c alphafold -visualizations 0 -o /root/projects/EnzymeCAGE-master/HPC_Returned_Result_Summaries/enzymecage_m4_e2_full_4681_4gpu_sharded_continuation_20260814/shards/shard_00/per_uid/P19978/p2rank/raw /root/projects/EnzymeCAGE-master/HPC_Returned_Result_Summaries/enzymecage_m4_e2_full_4681_4gpu_sharded_continuation_20260814/shards/shard_00/per_uid/P19978/p2rank/P19978.ds,P2Rank 2.5.1,,,,AFDB structure fetched; P2Rank ran under the approved command contract; no usable top predicted pocket residues were produced or mapped.,False,
P19979,20,v6,a0cb1acce8539a4755e78f78e726a20b1970d932f097dbd4572fb97775c844af,/usrdata/EnzymeCAGE_data/tools/p2rank_2.5.1/prank predict -threads 4 -c alphafold -visualizations 0 -o /root/projects/EnzymeCAGE-master/HPC_Returned_Result_Summaries/enzymecage_m4_e2_full_4681_4gpu_sharded_continuation_20260814/shards/shard_01/per_uid/P19979/p2rank/raw /root/projects/EnzymeCAGE-master/HPC_Returned_Result_Summaries/enzymecage_m4_e2_full_4681_4gpu_sharded_continuation_20260814/shards/shard_01/per_uid/P19979/p2rank/P19979.ds,P2Rank 2.5.1,,,,AFDB structure fetched; P2Rank ran under the approved command contract; no usable top predicted pocket residues were produced or mapped.,False,
P19980,25,v6,114d43490203c3eba9512fed8092fc89cfa4a07e6cd4a811457aedc60d0bece7,/usrdata/EnzymeCAGE_data/tools/p2rank_2.5.1/prank predict -threads 4 -c alphafold -visualizations 0 -o /root/projects/EnzymeCAGE-master/HPC_Returned_Result_Summaries/enzymecage_m4_e2_full_4681_4gpu_sharded_continuation_20260814/shards/shard_02/per_uid/P19980/p2rank/raw /root/projects/EnzymeCAGE-master/HPC_Returned_Result_Summaries/enzymecage_m4_e2_full_4681_4gpu_sharded_continuation_20260814/shards/shard_02/per_uid/P19980/p2rank/P19980.ds,P2Rank 2.5.1,,,,AFDB structure fetched; P2Rank ran under the approved command contract; no usable top predicted pocket residues were produced or mapped.,False,
P19981,24,v6,1c14b2a07742123ebe4750603dc33dc2693d881bc402ea694b25f6c72d194c43,/usrdata/EnzymeCAGE_data/tools/p2rank_2.5.1/prank predict -threads 4 -c alphafold -visualizations 0 -o /root/projects/EnzymeCAGE-master/HPC_Returned_Result_Summaries/enzymecage_m4_e2_full_4681_4gpu_sharded_continuation_20260814/shards/shard_03/per_uid/P19981/p2rank/raw /root/projects/EnzymeCAGE-master/HPC_Returned_Result_Summaries/enzymecage_m4_e2_full_4681_4gpu_sharded_continuation_20260814/shards/shard_03/per_uid/P19981/p2rank/P19981.ds,P2Rank 2.5.1,,,,AFDB structure fetched; P2Rank ran under the approved command contract; no usable top predicted pocket residues were produced or mapped.,False,
P19982,31,v6,30d75d36d8aa480d625ffb0ae9d6524baec90090239bb4406321c97db8cd24d1,/usrdata/EnzymeCAGE_data/tools/p2rank_2.5.1/prank predict -threads 4 -c alphafold -visualizations 0 -o /root/projects/EnzymeCAGE-master/HPC_Returned_Result_Summaries/enzymecage_m4_e2_full_4681_4gpu_sharded_continuation_20260814/shards/shard_00/per_uid/P19982/p2rank/raw /root/projects/EnzymeCAGE-master/HPC_Returned_Result_Summaries/enzymecage_m4_e2_full_4681_4gpu_sharded_continuation_20260814/shards/shard_00/per_uid/P19982/p2rank/P19982.ds,P2Rank 2.5.1,,,,AFDB structure fetched; P2Rank ran under the approved command contract; no usable top predicted pocket residues were produced or mapped.,False,
P19983,24,v6,acbd39df23f410836bc8eb8ff7ae281ace65bd4d20453f4911ccca2340bfbfa5,/usrdata/EnzymeCAGE_data/tools/p2rank_2.5.1/prank predict -threads 4 -c alphafold -visualizations 0 -o /root/projects/EnzymeCAGE-master/HPC_Returned_Result_Summaries/enzymecage_m4_e2_full_4681_4gpu_sharded_continuation_20260814/shards/shard_01/per_uid/P19983/p2rank/raw /root/projects/EnzymeCAGE-master/HPC_Returned_Result_Summaries/enzymecage_m4_e2_full_4681_4gpu_sharded_continuation_20260814/shards/shard_01/per_uid/P19983/p2rank/P19983.ds,P2Rank 2.5.1,,,,AFDB structure fetched; P2Rank ran under the approved command contract; no usable top predicted pocket residues were produced or mapped.,False,
P20016,16,v6,1c0010680f59581ede794a2c1a0c071e1bfafe335622a495d46794d35d31e9ad,/usrdata/EnzymeCAGE_data/tools/p2rank_2.5.1/prank predict -threads 4 -c alphafold -visualizations 0 -o /root/projects/EnzymeCAGE-master/HPC_Returned_Result_Summaries/enzymecage_m4_e2_full_4681_4gpu_sharded_continuation_20260814/shards/shard_01/per_uid/P20016/p2rank/raw /root/projects/EnzymeCAGE-master/HPC_Returned_Result_Summaries/enzymecage_m4_e2_full_4681_4gpu_sharded_continuation_20260814/shards/shard_01/per_uid/P20016/p2rank/P20016.ds,P2Rank 2.5.1,,,,AFDB structure fetched; P2Rank ran under the approved command contract; no usable top predicted pocket residues were produced or mapped.,False,
P20137,28,v6,b7fed40e9744000b2e20fab9d9b09a91ceae5a3c8b6d17f26b0b256f5000cc71,/usrdata/EnzymeCAGE_data/tools/p2rank_2.5.1/prank predict -threads 4 -c alphafold -visualizations 0 -o /root/projects/EnzymeCAGE-master/HPC_Returned_Result_Summaries/enzymecage_m4_e2_full_4681_4gpu_sharded_continuation_20260814/shards/shard_02/per_uid/P20137/p2rank/raw /root/projects/EnzymeCAGE-master/HPC_Returned_Result_Summaries/enzymecage_m4_e2_full_4681_4gpu_sharded_continuation_20260814/shards/shard_02/per_uid/P20137/p2rank/P20137.ds,P2Rank 2.5.1,,,,AFDB structure fetched; P2Rank ran under the approved command contract; no usable top predicted pocket residues were produced or mapped.,False,
P20260,28,v6,86c96e99b99629b55cf4f10ca48a7d741facaaa0c6315e8804eec6cf190c7b59,/usrdata/EnzymeCAGE_data/tools/p2rank_2.5.1/prank predict -threads 4 -c alphafold -visualizations 0 -o /root/projects/EnzymeCAGE-master/HPC_Returned_Result_Summaries/enzymecage_m4_e2_full_4681_4gpu_sharded_continuation_20260814/shards/shard_03/per_uid/P20260/p2rank/raw /root/projects/EnzymeCAGE-master/HPC_Returned_Result_Summaries/enzymecage_m4_e2_full_4681_4gpu_sharded_continuation_20260814/shards/shard_03/per_uid/P20260/p2rank/P20260.ds,P2Rank 2.5.1,,,,AFDB structure fetched; P2Rank ran under the approved command contract; no usable top predicted pocket residues were produced or mapped.,False,
P20479,23,v6,2464e34288752c13ca5eb75e37d5b199714e73a44a132dbfe124fe2be5f1c0ac,/usrdata/EnzymeCAGE_data/tools/p2rank_2.5.1/prank predict -threads 4 -c alphafold -visualizations 0 -o /root/projects/EnzymeCAGE-master/HPC_Returned_Result_Summaries/enzymecage_m4_e2_full_4681_4gpu_sharded_continuation_20260814/shards/shard_00/per_uid/P20479/p2rank/raw /root/projects/EnzymeCAGE-master/HPC_Returned_Result_Summaries/enzymecage_m4_e2_full_4681_4gpu_sharded_continuation_20260814/shards/shard_00/per_uid/P20479/p2rank/P20479.ds,P2Rank 2.5.1,,,,AFDB structure fetched; P2Rank ran under the approved command contract; no usable top predicted pocket residues were produced or mapped.,False,
P20699,58,v6,6280cb3727b14682d44f3965b40400faeacabc5e68b09042093cc78a4fae0d74,/usrdata/EnzymeCAGE_data/tools/p2rank_2.5.1/prank predict -threads 4 -c alphafold -visualizations 0 -o /root/projects/EnzymeCAGE-master/HPC_Returned_Result_Summaries/enzymecage_m4_e2_full_4681_4gpu_sharded_continuation_20260814/shards/shard_00/per_uid/P20699/p2rank/raw /root/projects/EnzymeCAGE-master/HPC_Returned_Result_Summaries/enzymecage_m4_e2_full_4681_4gpu_sharded_continuation_20260814/shards/shard_00/per_uid/P20699/p2rank/P20699.ds,P2Rank 2.5.1,,,,AFDB structure fetched; P2Rank ran under the approved command contract; no usable top predicted pocket residues were produced or mapped.,False,
P21778,25,v6,8aa1ae154e9c49563db4ea211cc551005a18a25b3d16ca5f8c4ad97d20c9f4ac,/usrdata/EnzymeCAGE_data/tools/p2rank_2.5.1/prank predict -threads 4 -c alphafold -visualizations 0 -o /root/projects/EnzymeCAGE-master/HPC_Returned_Result_Summaries/enzymecage_m4_e2_full_4681_4gpu_sharded_continuation_20260814/shards/shard_03/per_uid/P21778/p2rank/raw /root/projects/EnzymeCAGE-master/HPC_Returned_Result_Summaries/enzymecage_m4_e2_full_4681_4gpu_sharded_continuation_20260814/shards/shard_03/per_uid/P21778/p2rank/P21778.ds,P2Rank 2.5.1,,,,AFDB structure fetched; P2Rank ran under the approved command contract; no usable top predicted pocket residues were produced or mapped.,False,
P21790,27,v6,38f90e51c6db334468b29a8b443ee3f2d0696c8dda7986de2bc456b95f859fac,/usrdata/EnzymeCAGE_data/tools/p2rank_2.5.1/prank predict -threads 4 -c alphafold -visualizations 0 -o /root/projects/EnzymeCAGE-master/HPC_Returned_Result_Summaries/enzymecage_m4_e2_full_4681_4gpu_sharded_continuation_20260814/shards/shard_00/per_uid/P21790/p2rank/raw /root/projects/EnzymeCAGE-master/HPC_Returned_Result_Summaries/enzymecage_m4_e2_full_4681_4gpu_sharded_continuation_20260814/shards/shard_00/per_uid/P21790/p2rank/P21790.ds,P2Rank 2.5.1,,,,AFDB structure fetched; P2Rank ran under the approved command contract; no usable top predicted pocket residues were produced or mapped.,False,
P21792,28,v6,31fc8b18719ee404c22480de1dc5b4a8c1c53593cbbd3883fbd5f7340c3fef0b,/usrdata/EnzymeCAGE_data/tools/p2rank_2.5.1/prank predict -threads 4 -c alphafold -visualizations 0 -o /root/projects/EnzymeCAGE-master/HPC_Returned_Result_Summaries/enzymecage_m4_e2_full_4681_4gpu_sharded_continuation_20260814/shards/shard_01/per_uid/P21792/p2rank/raw /root/projects/EnzymeCAGE-master/HPC_Returned_Result_Summaries/enzymecage_m4_e2_full_4681_4gpu_sharded_continuation_20260814/shards/shard_01/per_uid/P21792/p2rank/P21792.ds,P2Rank 2.5.1,,,,AFDB structure fetched; P2Rank ran under the approved command contract; no usable top predicted pocket residues were produced or mapped.,False,
P22571,83,v6,03f2bb2c81fb6b8ffe5383c44f936cbf5aaf9d3b34a6295271bcdac688c58563,/usrdata/EnzymeCAGE_data/tools/p2rank_2.5.1/prank predict -threads 4 -c alphafold -visualizations 0 -o /root/projects/EnzymeCAGE-master/HPC_Returned_Result_Summaries/enzymecage_m4_e2_full_4681_4gpu_sharded_continuation_20260814/shards/shard_00/per_uid/P22571/p2rank/raw /root/projects/EnzymeCAGE-master/HPC_Returned_Result_Summaries/enzymecage_m4_e2_full_4681_4gpu_sharded_continuation_20260814/shards/shard_00/per_uid/P22571/p2rank/P22571.ds,P2Rank 2.5.1,,,,AFDB structure fetched; P2Rank ran under the approved command contract; no usable top predicted pocket residues were produced or mapped.,False,
P22658,37,v6,942133b3347bec7d1c547eee1f30bba657f803c25b5c89529008fffff5588cfb,/usrdata/EnzymeCAGE_data/tools/p2rank_2.5.1/prank predict -threads 4 -c alphafold -visualizations 0 -o /root/projects/EnzymeCAGE-master/HPC_Returned_Result_Summaries/enzymecage_m4_e2_full_4681_4gpu_sharded_continuation_20260814/shards/shard_00/per_uid/P22658/p2rank/raw /root/projects/EnzymeCAGE-master/HPC_Returned_Result_Summaries/enzymecage_m4_e2_full_4681_4gpu_sharded_continuation_20260814/shards/shard_00/per_uid/P22658/p2rank/P22658.ds,P2Rank 2.5.1,,,,AFDB structure fetched; P2Rank ran under the approved command contract; no usable top predicted pocket residues were produced or mapped.,False,
P22659,33,v6,81baabc0d50e0fc6abac9b0ad68d41508aa8114b19d9b1a1e615053ab386ef3f,/usrdata/EnzymeCAGE_data/tools/p2rank_2.5.1/prank predict -threads 4 -c alphafold -visualizations 0 -o /root/projects/EnzymeCAGE-master/HPC_Returned_Result_Summaries/enzymecage_m4_e2_full_4681_4gpu_sharded_continuation_20260814/shards/shard_01/per_uid/P22659/p2rank/raw /root/projects/EnzymeCAGE-master/HPC_Returned_Result_Summaries/enzymecage_m4_e2_full_4681_4gpu_sharded_continuation_20260814/shards/shard_01/per_uid/P22659/p2rank/P22659.ds,P2Rank 2.5.1,,,,AFDB structure fetched; P2Rank ran under the approved command contract; no usable top predicted pocket residues were produced or mapped.,False,
P22660,29,v6,b253527050d95e4303b8235ce875a4553b8101ff4945549460fcb96401fb79a7,/usrdata/EnzymeCAGE_data/tools/p2rank_2.5.1/prank predict -threads 4 -c alphafold -visualizations 0 -o /root/projects/EnzymeCAGE-master/HPC_Returned_Result_Summaries/enzymecage_m4_e2_full_4681_4gpu_sharded_continuation_20260814/shards/shard_02/per_uid/P22660/p2rank/raw /root/projects/EnzymeCAGE-master/HPC_Returned_Result_Summaries/enzymecage_m4_e2_full_4681_4gpu_sharded_continuation_20260814/shards/shard_02/per_uid/P22660/p2rank/P22660.ds,P2Rank 2.5.1,,,,AFDB structure fetched; P2Rank ran under the approved command contract; no usable top predicted pocket residues were produced or mapped.,False,
P22949,18,v6,7d72fc1d4dce1a771ace6ac5b0adb114b49ef7fee67e8ad8dcde8f5e99dc8869,/usrdata/EnzymeCAGE_data/tools/p2rank_2.5.1/prank predict -threads 4 -c alphafold -visualizations 0 -o /root/projects/EnzymeCAGE-master/HPC_Returned_Result_Summaries/enzymecage_m4_e2_full_4681_4gpu_sharded_continuation_20260814/shards/shard_00/per_uid/P22949/p2rank/raw /root/projects/EnzymeCAGE-master/HPC_Returned_Result_Summaries/enzymecage_m4_e2_full_4681_4gpu_sharded_continuation_20260814/shards/shard_00/per_uid/P22949/p2rank/P22949.ds,P2Rank 2.5.1,,,,AFDB structure fetched; P2Rank ran under the approved command contract; no usable top predicted pocket residues were produced or mapped.,False,
P22950,20,v6,72028bfe27edfd45c71c437d7417486713a225400f41bcd486c6b26a833b770f,/usrdata/EnzymeCAGE_data/tools/p2rank_2.5.1/prank predict -threads 4 -c alphafold -visualizations 0 -o /root/projects/EnzymeCAGE-master/HPC_Returned_Result_Summaries/enzymecage_m4_e2_full_4681_4gpu_sharded_continuation_20260814/shards/shard_01/per_uid/P22950/p2rank/raw /root/projects/EnzymeCAGE-master/HPC_Returned_Result_Summaries/enzymecage_m4_e2_full_4681_4gpu_sharded_continuation_20260814/shards/shard_01/per_uid/P22950/p2rank/P22950.ds,P2Rank 2.5.1,,,,AFDB structure fetched; P2Rank ran under the approved command contract; no usable top predicted pocket residues were produced or mapped.,False,
P23725,26,v6,a9610981c0f1d9130a0e39070471b3baae95420f9b35fd7d37324810aef0dcfe,/usrdata/EnzymeCAGE_data/tools/p2rank_2.5.1/prank predict -threads 4 -c alphafold -visualizations 0 -o /root/projects/EnzymeCAGE-master/HPC_Returned_Result_Summaries/enzymecage_m4_e2_full_4681_4gpu_sharded_continuation_20260814/shards/shard_02/per_uid/P23725/p2rank/raw /root/projects/EnzymeCAGE-master/HPC_Returned_Result_Summaries/enzymecage_m4_e2_full_4681_4gpu_sharded_continuation_20260814/shards/shard_02/per_uid/P23725/p2rank/P23725.ds,P2Rank 2.5.1,,,,AFDB structure fetched; P2Rank ran under the approved command contract; no usable top predicted pocket residues were produced or mapped.,False,
P23857,104,v6,2cc28ebeedda06bc3ac7da3b05d53f191ef1c8b275d6b6bdf6693d75d0734b61,/usrdata/EnzymeCAGE_data/tools/p2rank_2.5.1/prank predict -threads 4 -c alphafold -visualizations 0 -o /root/projects/EnzymeCAGE-master/HPC_Returned_Result_Summaries/enzymecage_m4_e2_full_4681_4gpu_sharded_continuation_20260814/shards/shard_00/per_uid/P23857/p2rank/raw /root/projects/EnzymeCAGE-master/HPC_Returned_Result_Summaries/enzymecage_m4_e2_full_4681_4gpu_sharded_continuation_20260814/shards/shard_00/per_uid/P23857/p2rank/P23857.ds,P2Rank 2.5.1,,,,AFDB structure fetched; P2Rank ran under the approved command contract; no usable top predicted pocket residues were produced or mapped.,False,
P26843,161,v6,6743eae881d867c659445291a9dd34539d6395e2f4df52345dee131046eb9e99,/usrdata/EnzymeCAGE_data/tools/p2rank_2.5.1/prank predict -threads 4 -c alphafold -visualizations 0 -o /root/projects/EnzymeCAGE-master/HPC_Returned_Result_Summaries/enzymecage_m4_e2_full_4681_4gpu_sharded_continuation_20260814/shards/shard_02/per_uid/P26843/p2rank/raw /root/projects/EnzymeCAGE-master/HPC_Returned_Result_Summaries/enzymecage_m4_e2_full_4681_4gpu_sharded_continuation_20260814/shards/shard_02/per_uid/P26843/p2rank/P26843.ds,P2Rank 2.5.1,,,,AFDB structure fetched; P2Rank ran under the approved command contract; no usable top predicted pocket residues were produced or mapped.,False,
P26965,29,v6,99c47cf602e6ce1b0aa6fea08bcf3215678b134721d430279f69b855584f4123,/usrdata/EnzymeCAGE_data/tools/p2rank_2.5.1/prank predict -threads 4 -c alphafold -visualizations 0 -o /root/projects/EnzymeCAGE-master/HPC_Returned_Result_Summaries/enzymecage_m4_e2_full_4681_4gpu_sharded_continuation_20260814/shards/shard_03/per_uid/P26965/p2rank/raw /root/projects/EnzymeCAGE-master/HPC_Returned_Result_Summaries/enzymecage_m4_e2_full_4681_4gpu_sharded_continuation_20260814/shards/shard_03/per_uid/P26965/p2rank/P26965.ds,P2Rank 2.5.1,,,,AFDB structure fetched; P2Rank ran under the approved command contract; no usable top predicted pocket residues were produced or mapped.,False,
P27063,16,v6,de8e2a03ffcb5200c2b461d9ed003ec3c553ba98f325b68ba73694fb63d37a9c,/usrdata/EnzymeCAGE_data/tools/p2rank_2.5.1/prank predict -threads 4 -c alphafold -visualizations 0 -o /root/projects/EnzymeCAGE-master/HPC_Returned_Result_Summaries/enzymecage_m4_e2_full_4681_4gpu_sharded_continuation_20260814/shards/shard_02/per_uid/P27063/p2rank/raw /root/projects/EnzymeCAGE-master/HPC_Returned_Result_Summaries/enzymecage_m4_e2_full_4681_4gpu_sharded_continuation_20260814/shards/shard_02/per_uid/P27063/p2rank/P27063.ds,P2Rank 2.5.1,,,,AFDB structure fetched; P2Rank ran under the approved command contract; no usable top predicted pocket residues were produced or mapped.,False,
P27067,16,v6,b53275c1693b47eda89881427de04362d1049b62f60332e2a02ca2ae963c9aae,/usrdata/EnzymeCAGE_data/tools/p2rank_2.5.1/prank predict -threads 4 -c alphafold -visualizations 0 -o /root/projects/EnzymeCAGE-master/HPC_Returned_Result_Summaries/enzymecage_m4_e2_full_4681_4gpu_sharded_continuation_20260814/shards/shard_03/per_uid/P27067/p2rank/raw /root/projects/EnzymeCAGE-master/HPC_Returned_Result_Summaries/enzymecage_m4_e2_full_4681_4gpu_sharded_continuation_20260814/shards/shard_03/per_uid/P27067/p2rank/P27067.ds,P2Rank 2.5.1,,,,AFDB structure fetched; P2Rank ran under the approved command contract; no usable top predicted pocket residues were produced or mapped.,False,
P28017,68,v6,d7f02baf1da48a9dab5efff90ef2e0e7057f8e0bae394f33f5655e51de5f4050,/usrdata/EnzymeCAGE_data/tools/p2rank_2.5.1/prank predict -threads 4 -c alphafold -visualizations 0 -o /root/projects/EnzymeCAGE-master/HPC_Returned_Result_Summaries/enzymecage_m4_e2_full_4681_4gpu_sharded_continuation_20260814/shards/shard_01/per_uid/P28017/p2rank/raw /root/projects/EnzymeCAGE-master/HPC_Returned_Result_Summaries/enzymecage_m4_e2_full_4681_4gpu_sharded_continuation_20260814/shards/shard_01/per_uid/P28017/p2rank/P28017.ds,P2Rank 2.5.1,,,,AFDB structure fetched; P2Rank ran under the approved command contract; no usable top predicted pocket residues were produced or mapped.,False,
P28270,51,v6,ee1f0f1dcc65c7bfdc15bac653ad45df7d36da1f243552d918461e65e1e845be,/usrdata/EnzymeCAGE_data/tools/p2rank_2.5.1/prank predict -threads 4 -c alphafold -visualizations 0 -o /root/projects/EnzymeCAGE-master/HPC_Returned_Result_Summaries/enzymecage_m4_e2_full_4681_4gpu_sharded_continuation_20260814/shards/shard_02/per_uid/P28270/p2rank/raw /root/projects/EnzymeCAGE-master/HPC_Returned_Result_Summaries/enzymecage_m4_e2_full_4681_4gpu_sharded_continuation_20260814/shards/shard_02/per_uid/P28270/p2rank/P28270.ds,P2Rank 2.5.1,,,,AFDB structure fetched; P2Rank ran under the approved command contract; no usable top predicted pocket residues were produced or mapped.,False,
P31051,58,v6,b11b519f54ead5b4fcd5833ec1c40c841b0f34409699de1e179ec426ef5ac8a7,/usrdata/EnzymeCAGE_data/tools/p2rank_2.5.1/prank predict -threads 4 -c alphafold -visualizations 0 -o /root/projects/EnzymeCAGE-master/HPC_Returned_Result_Summaries/enzymecage_m4_e2_full_4681_4gpu_sharded_continuation_20260814/shards/shard_02/per_uid/P31051/p2rank/raw /root/projects/EnzymeCAGE-master/HPC_Returned_Result_Summaries/enzymecage_m4_e2_full_4681_4gpu_sharded_continuation_20260814/shards/shard_02/per_uid/P31051/p2rank/P31051.ds,P2Rank 2.5.1,,,,AFDB structure fetched; P2Rank ran under the approved command contract; no usable top predicted pocket residues were produced or mapped.,False,
P31180,57,v6,5351763ce753f41a2205e4ed38dcaa56209203f949639173eb0357011766d160,/usrdata/EnzymeCAGE_data/tools/p2rank_2.5.1/prank predict -threads 4 -c alphafold -visualizations 0 -o /root/projects/EnzymeCAGE-master/HPC_Returned_Result_Summaries/enzymecage_m4_e2_full_4681_4gpu_sharded_continuation_20260814/shards/shard_00/per_uid/P31180/p2rank/raw /root/projects/EnzymeCAGE-master/HPC_Returned_Result_Summaries/enzymecage_m4_e2_full_4681_4gpu_sharded_continuation_20260814/shards/shard_00/per_uid/P31180/p2rank/P31180.ds,P2Rank 2.5.1,,,,AFDB structure fetched; P2Rank ran under the approved command contract; no usable top predicted pocket residues were produced or mapped.,False,
P31181,57,v6,638fcd60cb6525c2cbb0589b0256948a6e4a713a09b612a90cc61324f882c74e,/usrdata/EnzymeCAGE_data/tools/p2rank_2.5.1/prank predict -threads 4 -c alphafold -visualizations 0 -o /root/projects/EnzymeCAGE-master/HPC_Returned_Result_Summaries/enzymecage_m4_e2_full_4681_4gpu_sharded_continuation_20260814/shards/shard_01/per_uid/P31181/p2rank/raw /root/projects/EnzymeCAGE-master/HPC_Returned_Result_Summaries/enzymecage_m4_e2_full_4681_4gpu_sharded_continuation_20260814/shards/shard_01/per_uid/P31181/p2rank/P31181.ds,P2Rank 2.5.1,,,,AFDB structure fetched; P2Rank ran under the approved command contract; no usable top predicted pocket residues were produced or mapped.,False,
P31188,54,v6,904f402e6ab54302a39ae60514e52833c13897801b1f8026996d797caf591bf9,/usrdata/EnzymeCAGE_data/tools/p2rank_2.5.1/prank predict -threads 4 -c alphafold -visualizations 0 -o /root/projects/EnzymeCAGE-master/HPC_Returned_Result_Summaries/enzymecage_m4_e2_full_4681_4gpu_sharded_continuation_20260814/shards/shard_01/per_uid/P31188/p2rank/raw /root/projects/EnzymeCAGE-master/HPC_Returned_Result_Summaries/enzymecage_m4_e2_full_4681_4gpu_sharded_continuation_20260814/shards/shard_01/per_uid/P31188/p2rank/P31188.ds,P2Rank 2.5.1,,,,AFDB structure fetched; P2Rank ran under the approved command contract; no usable top predicted pocket residues were produced or mapped.,False,
P31190,54,v6,66860943bf8676c63594c556c26f3bf0d692abc0cfc12c86ef2d905ef1b928f7,/usrdata/EnzymeCAGE_data/tools/p2rank_2.5.1/prank predict -threads 4 -c alphafold -visualizations 0 -o /root/projects/EnzymeCAGE-master/HPC_Returned_Result_Summaries/enzymecage_m4_e2_full_4681_4gpu_sharded_continuation_20260814/shards/shard_02/per_uid/P31190/p2rank/raw /root/projects/EnzymeCAGE-master/HPC_Returned_Result_Summaries/enzymecage_m4_e2_full_4681_4gpu_sharded_continuation_20260814/shards/shard_02/per_uid/P31190/p2rank/P31190.ds,P2Rank 2.5.1,,,,AFDB structure fetched; P2Rank ran under the approved command contract; no usable top predicted pocket residues were produced or mapped.,False,
P31191,54,v6,23f44abcb7de2e4368a8846de7178a1a61c18395d321f62159cee0354968c32a,/usrdata/EnzymeCAGE_data/tools/p2rank_2.5.1/prank predict -threads 4 -c alphafold -visualizations 0 -o /root/projects/EnzymeCAGE-master/HPC_Returned_Result_Summaries/enzymecage_m4_e2_full_4681_4gpu_sharded_continuation_20260814/shards/shard_03/per_uid/P31191/p2rank/raw /root/projects/EnzymeCAGE-master/HPC_Returned_Result_Summaries/enzymecage_m4_e2_full_4681_4gpu_sharded_continuation_20260814/shards/shard_03/per_uid/P31191/p2rank/P31191.ds,P2Rank 2.5.1,,,,AFDB structure fetched; P2Rank ran under the approved command contract; no usable top predicted pocket residues were produced or mapped.,False,
P31192,54,v6,5f2aa317bae576a3164dd7e60cdb22b72ed642387a38e30421dc3f86a051bc19,/usrdata/EnzymeCAGE_data/tools/p2rank_2.5.1/prank predict -threads 4 -c alphafold -visualizations 0 -o /root/projects/EnzymeCAGE-master/HPC_Returned_Result_Summaries/enzymecage_m4_e2_full_4681_4gpu_sharded_continuation_20260814/shards/shard_00/per_uid/P31192/p2rank/raw /root/projects/EnzymeCAGE-master/HPC_Returned_Result_Summaries/enzymecage_m4_e2_full_4681_4gpu_sharded_continuation_20260814/shards/shard_00/per_uid/P31192/p2rank/P31192.ds,P2Rank 2.5.1,,,,AFDB structure fetched; P2Rank ran under the approved command contract; no usable top predicted pocket residues were produced or mapped.,False,
P31193,54,v6,ae43c6a63d5425f13d5b26a3ec6a80cb92197f8a45979feb879058b86576d806,/usrdata/EnzymeCAGE_data/tools/p2rank_2.5.1/prank predict -threads 4 -c alphafold -visualizations 0 -o /root/projects/EnzymeCAGE-master/HPC_Returned_Result_Summaries/enzymecage_m4_e2_full_4681_4gpu_sharded_continuation_20260814/shards/shard_01/per_uid/P31193/p2rank/raw /root/projects/EnzymeCAGE-master/HPC_Returned_Result_Summaries/enzymecage_m4_e2_full_4681_4gpu_sharded_continuation_20260814/shards/shard_01/per_uid/P31193/p2rank/P31193.ds,P2Rank 2.5.1,,,,AFDB structure fetched; P2Rank ran under the approved command contract; no usable top predicted pocket residues were produced or mapped.,False,
P31194,53,v6,c75dcecac78b94f6052e96659472a810d5828b2f4ec4f3c2631d8d8d1c9ac58c,/usrdata/EnzymeCAGE_data/tools/p2rank_2.5.1/prank predict -threads 4 -c alphafold -visualizations 0 -o /root/projects/EnzymeCAGE-master/HPC_Returned_Result_Summaries/enzymecage_m4_e2_full_4681_4gpu_sharded_continuation_20260814/shards/shard_02/per_uid/P31194/p2rank/raw /root/projects/EnzymeCAGE-master/HPC_Returned_Result_Summaries/enzymecage_m4_e2_full_4681_4gpu_sharded_continuation_20260814/shards/shard_02/per_uid/P31194/p2rank/P31194.ds,P2Rank 2.5.1,,,,AFDB structure fetched; P2Rank ran under the approved command contract; no usable top predicted pocket residues were produced or mapped.,False,
P31195,54,v6,df2dfe4ce333b696d8425fe23a56d015c124681bd4d361f00647f916e864ba8c,/usrdata/EnzymeCAGE_data/tools/p2rank_2.5.1/prank predict -threads 4 -c alphafold -visualizations 0 -o /root/projects/EnzymeCAGE-master/HPC_Returned_Result_Summaries/enzymecage_m4_e2_full_4681_4gpu_sharded_continuation_20260814/shards/shard_03/per_uid/P31195/p2rank/raw /root/projects/EnzymeCAGE-master/HPC_Returned_Result_Summaries/enzymecage_m4_e2_full_4681_4gpu_sharded_continuation_20260814/shards/shard_03/per_uid/P31195/p2rank/P31195.ds,P2Rank 2.5.1,,,,AFDB structure fetched; P2Rank ran under the approved command contract; no usable top predicted pocket residues were produced or mapped.,False,
P31198,54,v6,c85c9bb7b44ba8c8869ca8d07c66847b2a1ff8e7da310973750aad7084e9215f,/usrdata/EnzymeCAGE_data/tools/p2rank_2.5.1/prank predict -threads 4 -c alphafold -visualizations 0 -o /root/projects/EnzymeCAGE-master/HPC_Returned_Result_Summaries/enzymecage_m4_e2_full_4681_4gpu_sharded_continuation_20260814/shards/shard_01/per_uid/P31198/p2rank/raw /root/projects/EnzymeCAGE-master/HPC_Returned_Result_Summaries/enzymecage_m4_e2_full_4681_4gpu_sharded_continuation_20260814/shards/shard_01/per_uid/P31198/p2rank/P31198.ds,P2Rank 2.5.1,,,,AFDB structure fetched; P2Rank ran under the approved command contract; no usable top predicted pocket residues were produced or mapped.,False,
P31199,54,v6,cd929fe6921c56892ec8e1588fc1195d2e2d79f9475ba82cdc18ad791ddde7e2,/usrdata/EnzymeCAGE_data/tools/p2rank_2.5.1/prank predict -threads 4 -c alphafold -visualizations 0 -o /root/projects/EnzymeCAGE-master/HPC_Returned_Result_Summaries/enzymecage_m4_e2_full_4681_4gpu_sharded_continuation_20260814/shards/shard_02/per_uid/P31199/p2rank/raw /root/projects/EnzymeCAGE-master/HPC_Returned_Result_Summaries/enzymecage_m4_e2_full_4681_4gpu_sharded_continuation_20260814/shards/shard_02/per_uid/P31199/p2rank/P31199.ds,P2Rank 2.5.1,,,,AFDB structure fetched; P2Rank ran under the approved command contract; no usable top predicted pocket residues were produced or mapped.,False,
P31200,58,v6,b0f51002ced66754a8586b58687d13081546fc7bda0b98785c66e11cfd63a121,/usrdata/EnzymeCAGE_data/tools/p2rank_2.5.1/prank predict -threads 4 -c alphafold -visualizations 0 -o /root/projects/EnzymeCAGE-master/HPC_Returned_Result_Summaries/enzymecage_m4_e2_full_4681_4gpu_sharded_continuation_20260814/shards/shard_03/per_uid/P31200/p2rank/raw /root/projects/EnzymeCAGE-master/HPC_Returned_Result_Summaries/enzymecage_m4_e2_full_4681_4gpu_sharded_continuation_20260814/shards/shard_03/per_uid/P31200/p2rank/P31200.ds,P2Rank 2.5.1,,,,AFDB structure fetched; P2Rank ran under the approved command contract; no usable top predicted pocket residues were produced or mapped.,False,
P31874,46,v6,da2b3506347989c1520b8b60477a006974d92beab78b901ebdf47c7b2d462e9d,/usrdata/EnzymeCAGE_data/tools/p2rank_2.5.1/prank predict -threads 4 -c alphafold -visualizations 0 -o /root/projects/EnzymeCAGE-master/HPC_Returned_Result_Summaries/enzymecage_m4_e2_full_4681_4gpu_sharded_continuation_20260814/shards/shard_01/per_uid/P31874/p2rank/raw /root/projects/EnzymeCAGE-master/HPC_Returned_Result_Summaries/enzymecage_m4_e2_full_4681_4gpu_sharded_continuation_20260814/shards/shard_01/per_uid/P31874/p2rank/P31874.ds,P2Rank 2.5.1,,,,AFDB structure fetched; P2Rank ran under the approved command contract; no usable top predicted pocket residues were produced or mapped.,False,
P32185,35,v6,9eede7429c715a277c4ead8d9c88141586ad17868c90a21aec6079d168549a5e,/usrdata/EnzymeCAGE_data/tools/p2rank_2.5.1/prank predict -threads 4 -c alphafold -visualizations 0 -o /root/projects/EnzymeCAGE-master/HPC_Returned_Result_Summaries/enzymecage_m4_e2_full_4681_4gpu_sharded_continuation_20260814/shards/shard_01/per_uid/P32185/p2rank/raw /root/projects/EnzymeCAGE-master/HPC_Returned_Result_Summaries/enzymecage_m4_e2_full_4681_4gpu_sharded_continuation_20260814/shards/shard_01/per_uid/P32185/p2rank/P32185.ds,P2Rank 2.5.1,,,,AFDB structure fetched; P2Rank ran under the approved command contract; no usable top predicted pocket residues were produced or mapped.,False,
P32441,19,v6,e031bca035829063dc39ce418c6eec24990b38b82490e593bdc075f1d15f6b7e,/usrdata/EnzymeCAGE_data/tools/p2rank_2.5.1/prank predict -threads 4 -c alphafold -visualizations 0 -o /root/projects/EnzymeCAGE-master/HPC_Returned_Result_Summaries/enzymecage_m4_e2_full_4681_4gpu_sharded_continuation_20260814/shards/shard_01/per_uid/P32441/p2rank/raw /root/projects/EnzymeCAGE-master/HPC_Returned_Result_Summaries/enzymecage_m4_e2_full_4681_4gpu_sharded_continuation_20260814/shards/shard_01/per_uid/P32441/p2rank/P32441.ds,P2Rank 2.5.1,,,,AFDB structure fetched; P2Rank ran under the approved command contract; no usable top predicted pocket residues were produced or mapped.,False,
P33036,21,v6,081b5863ca7b14daa5edc99da9a717953c976330846f5f4588940a74ac201eae,/usrdata/EnzymeCAGE_data/tools/p2rank_2.5.1/prank predict -threads 4 -c alphafold -visualizations 0 -o /root/projects/EnzymeCAGE-master/HPC_Returned_Result_Summaries/enzymecage_m4_e2_full_4681_4gpu_sharded_continuation_20260814/shards/shard_01/per_uid/P33036/p2rank/raw /root/projects/EnzymeCAGE-master/HPC_Returned_Result_Summaries/enzymecage_m4_e2_full_4681_4gpu_sharded_continuation_20260814/shards/shard_01/per_uid/P33036/p2rank/P33036.ds,P2Rank 2.5.1,,,,AFDB structure fetched; P2Rank ran under the approved command contract; no usable top predicted pocket residues were produced or mapped.,False,
P33163,23,v6,2d10eda7b3871f0af6e4ccbbfd54c79103c193159fa61b42e94f3832c235f248,/usrdata/EnzymeCAGE_data/tools/p2rank_2.5.1/prank predict -threads 4 -c alphafold -visualizations 0 -o /root/projects/EnzymeCAGE-master/HPC_Returned_Result_Summaries/enzymecage_m4_e2_full_4681_4gpu_sharded_continuation_20260814/shards/shard_00/per_uid/P33163/p2rank/raw /root/projects/EnzymeCAGE-master/HPC_Returned_Result_Summaries/enzymecage_m4_e2_full_4681_4gpu_sharded_continuation_20260814/shards/shard_00/per_uid/P33163/p2rank/P33163.ds,P2Rank 2.5.1,,,,AFDB structure fetched; P2Rank ran under the approved command contract; no usable top predicted pocket residues were produced or mapped.,False,
P33626,61,v6,414033498f09157c2bf660165ea1f769ce9629cadcd2910dc05a3ba636536c63,/usrdata/EnzymeCAGE_data/tools/p2rank_2.5.1/prank predict -threads 4 -c alphafold -visualizations 0 -o /root/projects/EnzymeCAGE-master/HPC_Returned_Result_Summaries/enzymecage_m4_e2_full_4681_4gpu_sharded_continuation_20260814/shards/shard_03/per_uid/P33626/p2rank/raw /root/projects/EnzymeCAGE-master/HPC_Returned_Result_Summaries/enzymecage_m4_e2_full_4681_4gpu_sharded_continuation_20260814/shards/shard_03/per_uid/P33626/p2rank/P33626.ds,P2Rank 2.5.1,,,,AFDB structure fetched; P2Rank ran under the approved command contract; no usable top predicted pocket residues were produced or mapped.,False,
P34033,20,v6,a468eadf78d92470244ccb143c94217a8e18687bd2f20162e21d4b8b84dbd878,/usrdata/EnzymeCAGE_data/tools/p2rank_2.5.1/prank predict -threads 4 -c alphafold -visualizations 0 -o /root/projects/EnzymeCAGE-master/HPC_Returned_Result_Summaries/enzymecage_m4_e2_full_4681_4gpu_sharded_continuation_20260814/shards/shard_00/per_uid/P34033/p2rank/raw /root/projects/EnzymeCAGE-master/HPC_Returned_Result_Summaries/enzymecage_m4_e2_full_4681_4gpu_sharded_continuation_20260814/shards/shard_00/per_uid/P34033/p2rank/P34033.ds,P2Rank 2.5.1,,,,AFDB structure fetched; P2Rank ran under the approved command contract; no usable top predicted pocket residues were produced or mapped.,False,
P35430,18,v6,47ef4cabde586cc84000dacb5d6aa0c9af94ab14c0ccd34ae3bd6845cb107cc8,/usrdata/EnzymeCAGE_data/tools/p2rank_2.5.1/prank predict -threads 4 -c alphafold -visualizations 0 -o /root/projects/EnzymeCAGE-master/HPC_Returned_Result_Summaries/enzymecage_m4_e2_full_4681_4gpu_sharded_continuation_20260814/shards/shard_01/per_uid/P35430/p2rank/raw /root/projects/EnzymeCAGE-master/HPC_Returned_Result_Summaries/enzymecage_m4_e2_full_4681_4gpu_sharded_continuation_20260814/shards/shard_01/per_uid/P35430/p2rank/P35430.ds,P2Rank 2.5.1,,,,AFDB structure fetched; P2Rank ran under the approved command contract; no usable top predicted pocket residues were produced or mapped.,False,
P35851,54,v6,47db62ef491b02f9943c92c71c0d120ed5173b01de344e501805c420bf0749e4,/usrdata/EnzymeCAGE_data/tools/p2rank_2.5.1/prank predict -threads 4 -c alphafold -visualizations 0 -o /root/projects/EnzymeCAGE-master/HPC_Returned_Result_Summaries/enzymecage_m4_e2_full_4681_4gpu_sharded_continuation_20260814/shards/shard_00/per_uid/P35851/p2rank/raw /root/projects/EnzymeCAGE-master/HPC_Returned_Result_Summaries/enzymecage_m4_e2_full_4681_4gpu_sharded_continuation_20260814/shards/shard_00/per_uid/P35851/p2rank/P35851.ds,P2Rank 2.5.1,,,,AFDB structure fetched; P2Rank ran under the approved command contract; no usable top predicted pocket residues were produced or mapped.,False,
P35902,28,v6,2fd598e84466256914f0487ae03271e21322335784e7ae80f4ef518df7c76064,/usrdata/EnzymeCAGE_data/tools/p2rank_2.5.1/prank predict -threads 4 -c alphafold -visualizations 0 -o /root/projects/EnzymeCAGE-master/HPC_Returned_Result_Summaries/enzymecage_m4_e2_full_4681_4gpu_sharded_continuation_20260814/shards/shard_01/per_uid/P35902/p2rank/raw /root/projects/EnzymeCAGE-master/HPC_Returned_Result_Summaries/enzymecage_m4_e2_full_4681_4gpu_sharded_continuation_20260814/shards/shard_01/per_uid/P35902/p2rank/P35902.ds,P2Rank 2.5.1,,,,AFDB structure fetched; P2Rank ran under the approved command contract; no usable top predicted pocket residues were produced or mapped.,False,
P36686,51,v6,e82b3d445e400f1bd3e6d8ef6742ee6a1bace3220e7a8fe6e552af7d93c10b41,/usrdata/EnzymeCAGE_data/tools/p2rank_2.5.1/prank predict -threads 4 -c alphafold -visualizations 0 -o /root/projects/EnzymeCAGE-master/HPC_Returned_Result_Summaries/enzymecage_m4_e2_full_4681_4gpu_sharded_continuation_20260814/shards/shard_02/per_uid/P36686/p2rank/raw /root/projects/EnzymeCAGE-master/HPC_Returned_Result_Summaries/enzymecage_m4_e2_full_4681_4gpu_sharded_continuation_20260814/shards/shard_02/per_uid/P36686/p2rank/P36686.ds,P2Rank 2.5.1,,,,AFDB structure fetched; P2Rank ran under the approved command contract; no usable top predicted pocket residues were produced or mapped.,False,
P37188,94,v6,755c7db0a738a94533eada6bc254d3b74e51e9d62518662f74eeb7f9014e0431,/usrdata/EnzymeCAGE_data/tools/p2rank_2.5.1/prank predict -threads 4 -c alphafold -visualizations 0 -o /root/projects/EnzymeCAGE-master/HPC_Returned_Result_Summaries/enzymecage_m4_e2_full_4681_4gpu_sharded_continuation_20260814/shards/shard_02/per_uid/P37188/p2rank/raw /root/projects/EnzymeCAGE-master/HPC_Returned_Result_Summaries/enzymecage_m4_e2_full_4681_4gpu_sharded_continuation_20260814/shards/shard_02/per_uid/P37188/p2rank/P37188.ds,P2Rank 2.5.1,,,,AFDB structure fetched; P2Rank ran under the approved command contract; no usable top predicted pocket residues were produced or mapped.,False,
P39746,62,v6,9ac4939426c2ae49e81e5b7988d8651f42a64082256ba92c439ac062da9be1be,/usrdata/EnzymeCAGE_data/tools/p2rank_2.5.1/prank predict -threads 4 -c alphafold -visualizations 0 -o /root/projects/EnzymeCAGE-master/HPC_Returned_Result_Summaries/enzymecage_m4_e2_full_4681_4gpu_sharded_continuation_20260814/shards/shard_02/per_uid/P39746/p2rank/raw /root/projects/EnzymeCAGE-master/HPC_Returned_Result_Summaries/enzymecage_m4_e2_full_4681_4gpu_sharded_continuation_20260814/shards/shard_02/per_uid/P39746/p2rank/P39746.ds,P2Rank 2.5.1,,,,AFDB structure fetched; P2Rank ran under the approved command contract; no usable top predicted pocket residues were produced or mapped.,False,
P41021,126,v6,16f0f6532c3f971c978347aa33c4c43e938b6d36f17bd5122df7e4ff3f99d23e,/usrdata/EnzymeCAGE_data/tools/p2rank_2.5.1/prank predict -threads 4 -c alphafold -visualizations 0 -o /root/projects/EnzymeCAGE-master/HPC_Returned_Result_Summaries/enzymecage_m4_e2_full_4681_4gpu_sharded_continuation_20260814/shards/shard_00/per_uid/P41021/p2rank/raw /root/projects/EnzymeCAGE-master/HPC_Returned_Result_Summaries/enzymecage_m4_e2_full_4681_4gpu_sharded_continuation_20260814/shards/shard_00/per_uid/P41021/p2rank/P41021.ds,P2Rank 2.5.1,,,,AFDB structure fetched; P2Rank ran under the approved command contract; no usable top predicted pocket residues were produced or mapped.,False,
P41022,100,v6,9e7402e696faa9f0ed6e792fa5beea7eb93bdb72cbafabcc6004093d802c1fe6,/usrdata/EnzymeCAGE_data/tools/p2rank_2.5.1/prank predict -threads 4 -c alphafold -visualizations 0 -o /root/projects/EnzymeCAGE-master/HPC_Returned_Result_Summaries/enzymecage_m4_e2_full_4681_4gpu_sharded_continuation_20260814/shards/shard_01/per_uid/P41022/p2rank/raw /root/projects/EnzymeCAGE-master/HPC_Returned_Result_Summaries/enzymecage_m4_e2_full_4681_4gpu_sharded_continuation_20260814/shards/shard_01/per_uid/P41022/p2rank/P41022.ds,P2Rank 2.5.1,,,,AFDB structure fetched; P2Rank ran under the approved command contract; no usable top predicted pocket residues were produced or mapped.,False,
P41124,31,v6,a43e025ccc9bb990fa8b099570460f5ba4d90dcd714b5c13a9681700e61c0166,/usrdata/EnzymeCAGE_data/tools/p2rank_2.5.1/prank predict -threads 4 -c alphafold -visualizations 0 -o /root/projects/EnzymeCAGE-master/HPC_Returned_Result_Summaries/enzymecage_m4_e2_full_4681_4gpu_sharded_continuation_20260814/shards/shard_02/per_uid/P41124/p2rank/raw /root/projects/EnzymeCAGE-master/HPC_Returned_Result_Summaries/enzymecage_m4_e2_full_4681_4gpu_sharded_continuation_20260814/shards/shard_02/per_uid/P41124/p2rank/P41124.ds,P2Rank 2.5.1,,,,AFDB structure fetched; P2Rank ran under the approved command contract; no usable top predicted pocket residues were produced or mapped.,False,
P42215,72,v6,cca8aa6204bf576771da452c965fbf35117ec299ccd2d06020c0702a54a91a9d,/usrdata/EnzymeCAGE_data/tools/p2rank_2.5.1/prank predict -threads 4 -c alphafold -visualizations 0 -o /root/projects/EnzymeCAGE-master/HPC_Returned_Result_Summaries/enzymecage_m4_e2_full_4681_4gpu_sharded_continuation_20260814/shards/shard_02/per_uid/P42215/p2rank/raw /root/projects/EnzymeCAGE-master/HPC_Returned_Result_Summaries/enzymecage_m4_e2_full_4681_4gpu_sharded_continuation_20260814/shards/shard_02/per_uid/P42215/p2rank/P42215.ds,P2Rank 2.5.1,,,,AFDB structure fetched; P2Rank ran under the approved command contract; no usable top predicted pocket residues were produced or mapped.,False,
P42365,50,v6,8b988865142fd9b2bd59d16e2a2aad539a69695ccb3ac3d423cc9ab719366b09,/usrdata/EnzymeCAGE_data/tools/p2rank_2.5.1/prank predict -threads 4 -c alphafold -visualizations 0 -o /root/projects/EnzymeCAGE-master/HPC_Returned_Result_Summaries/enzymecage_m4_e2_full_4681_4gpu_sharded_continuation_20260814/shards/shard_03/per_uid/P42365/p2rank/raw /root/projects/EnzymeCAGE-master/HPC_Returned_Result_Summaries/enzymecage_m4_e2_full_4681_4gpu_sharded_continuation_20260814/shards/shard_03/per_uid/P42365/p2rank/P42365.ds,P2Rank 2.5.1,,,,AFDB structure fetched; P2Rank ran under the approved command contract; no usable top predicted pocket residues were produced or mapped.,False,
P42875,100,v6,915ed8997c5edfba321adde28243d20b6c93c73cd33094ede8f01aa88b4e9389,/usrdata/EnzymeCAGE_data/tools/p2rank_2.5.1/prank predict -threads 4 -c alphafold -visualizations 0 -o /root/projects/EnzymeCAGE-master/HPC_Returned_Result_Summaries/enzymecage_m4_e2_full_4681_4gpu_sharded_continuation_20260814/shards/shard_01/per_uid/P42875/p2rank/raw /root/projects/EnzymeCAGE-master/HPC_Returned_Result_Summaries/enzymecage_m4_e2_full_4681_4gpu_sharded_continuation_20260814/shards/shard_01/per_uid/P42875/p2rank/P42875.ds,P2Rank 2.5.1,,,,AFDB structure fetched; P2Rank ran under the approved command contract; no usable top predicted pocket residues were produced or mapped.,False,
P42886,101,v6,35cf6c5a1b885a4e789086a818905ed0e8aa2ea1664fc7a912415116c9668639,/usrdata/EnzymeCAGE_data/tools/p2rank_2.5.1/prank predict -threads 4 -c alphafold -visualizations 0 -o /root/projects/EnzymeCAGE-master/HPC_Returned_Result_Summaries/enzymecage_m4_e2_full_4681_4gpu_sharded_continuation_20260814/shards/shard_02/per_uid/P42886/p2rank/raw /root/projects/EnzymeCAGE-master/HPC_Returned_Result_Summaries/enzymecage_m4_e2_full_4681_4gpu_sharded_continuation_20260814/shards/shard_02/per_uid/P42886/p2rank/P42886.ds,P2Rank 2.5.1,,,,AFDB structure fetched; P2Rank ran under the approved command contract; no usable top predicted pocket residues were produced or mapped.,False,
P42887,100,v6,a1df565e57309aceacdffdbfa9a309eeba20f72481b33d1f5f78fac7f4978fe8,/usrdata/EnzymeCAGE_data/tools/p2rank_2.5.1/prank predict -threads 4 -c alphafold -visualizations 0 -o /root/projects/EnzymeCAGE-master/HPC_Returned_Result_Summaries/enzymecage_m4_e2_full_4681_4gpu_sharded_continuation_20260814/shards/shard_03/per_uid/P42887/p2rank/raw /root/projects/EnzymeCAGE-master/HPC_Returned_Result_Summaries/enzymecage_m4_e2_full_4681_4gpu_sharded_continuation_20260814/shards/shard_03/per_uid/P42887/p2rank/P42887.ds,P2Rank 2.5.1,,,,AFDB structure fetched; P2Rank ran under the approved command contract; no usable top predicted pocket residues were produced or mapped.,False,
P43318,32,v6,5100438db05e155efa71739449806127d5a78a71f22c7765b6fe7bc2ec11fe05,/usrdata/EnzymeCAGE_data/tools/p2rank_2.5.1/prank predict -threads 4 -c alphafold -visualizations 0 -o /root/projects/EnzymeCAGE-master/HPC_Returned_Result_Summaries/enzymecage_m4_e2_full_4681_4gpu_sharded_continuation_20260814/shards/shard_01/per_uid/P43318/p2rank/raw /root/projects/EnzymeCAGE-master/HPC_Returned_Result_Summaries/enzymecage_m4_e2_full_4681_4gpu_sharded_continuation_20260814/shards/shard_01/per_uid/P43318/p2rank/P43318.ds,P2Rank 2.5.1,,,,AFDB structure fetched; P2Rank ran under the approved command contract; no usable top predicted pocket residues were produced or mapped.,False,
P44393,100,v6,4551dd85729a0f435097eea1b5c125620e32e8c8d1a2105eaccd34a0430b1a3c,/usrdata/EnzymeCAGE_data/tools/p2rank_2.5.1/prank predict -threads 4 -c alphafold -visualizations 0 -o /root/projects/EnzymeCAGE-master/HPC_Returned_Result_Summaries/enzymecage_m4_e2_full_4681_4gpu_sharded_continuation_20260814/shards/shard_00/per_uid/P44393/p2rank/raw /root/projects/EnzymeCAGE-master/HPC_Returned_Result_Summaries/enzymecage_m4_e2_full_4681_4gpu_sharded_continuation_20260814/shards/shard_00/per_uid/P44393/p2rank/P44393.ds,P2Rank 2.5.1,,,,AFDB structure fetched; P2Rank ran under the approved command contract; no usable top predicted pocket residues were produced or mapped.,False,
P44479,120,v6,fe9c81d5f396a791c6fd93efc4ba4622cf55850aac4fe87f0bc13ed78d7b38c4,/usrdata/EnzymeCAGE_data/tools/p2rank_2.5.1/prank predict -threads 4 -c alphafold -visualizations 0 -o /root/projects/EnzymeCAGE-master/HPC_Returned_Result_Summaries/enzymecage_m4_e2_full_4681_4gpu_sharded_continuation_20260814/shards/shard_02/per_uid/P44479/p2rank/raw /root/projects/EnzymeCAGE-master/HPC_Returned_Result_Summaries/enzymecage_m4_e2_full_4681_4gpu_sharded_continuation_20260814/shards/shard_02/per_uid/P44479/p2rank/P44479.ds,P2Rank 2.5.1,,,,AFDB structure fetched; P2Rank ran under the approved command contract; no usable top predicted pocket residues were produced or mapped.,False,
P45388,137,v6,d7e50ee7dc32ac140cd795d40292e434ddaba22b4673a3033a90b5dca7c0a2aa,/usrdata/EnzymeCAGE_data/tools/p2rank_2.5.1/prank predict -threads 4 -c alphafold -visualizations 0 -o /root/projects/EnzymeCAGE-master/HPC_Returned_Result_Summaries/enzymecage_m4_e2_full_4681_4gpu_sharded_continuation_20260814/shards/shard_02/per_uid/P45388/p2rank/raw /root/projects/EnzymeCAGE-master/HPC_Returned_Result_Summaries/enzymecage_m4_e2_full_4681_4gpu_sharded_continuation_20260814/shards/shard_02/per_uid/P45388/p2rank/P45388.ds,P2Rank 2.5.1,,,,AFDB structure fetched; P2Rank ran under the approved command contract; no usable top predicted pocket residues were produced or mapped.,False,
P46365,23,v6,205a9ac532a8fb5c9df3729be977eaf62b26ad4043638bc80a19a3f8889cdd17,/usrdata/EnzymeCAGE_data/tools/p2rank_2.5.1/prank predict -threads 4 -c alphafold -visualizations 0 -o /root/projects/EnzymeCAGE-master/HPC_Returned_Result_Summaries/enzymecage_m4_e2_full_4681_4gpu_sharded_continuation_20260814/shards/shard_00/per_uid/P46365/p2rank/raw /root/projects/EnzymeCAGE-master/HPC_Returned_Result_Summaries/enzymecage_m4_e2_full_4681_4gpu_sharded_continuation_20260814/shards/shard_00/per_uid/P46365/p2rank/P46365.ds,P2Rank 2.5.1,,,,AFDB structure fetched; P2Rank ran under the approved command contract; no usable top predicted pocket residues were produced or mapped.,False,
P46380,20,v6,7ef3973f23a14a043e1d61ccaa5add2511637e65356281a94456b67a560ff2c3,/usrdata/EnzymeCAGE_data/tools/p2rank_2.5.1/prank predict -threads 4 -c alphafold -visualizations 0 -o /root/projects/EnzymeCAGE-master/HPC_Returned_Result_Summaries/enzymecage_m4_e2_full_4681_4gpu_sharded_continuation_20260814/shards/shard_02/per_uid/P46380/p2rank/raw /root/projects/EnzymeCAGE-master/HPC_Returned_Result_Summaries/enzymecage_m4_e2_full_4681_4gpu_sharded_continuation_20260814/shards/shard_02/per_uid/P46380/p2rank/P46380.ds,P2Rank 2.5.1,,,,AFDB structure fetched; P2Rank ran under the approved command contract; no usable top predicted pocket residues were produced or mapped.,False,
P47724,42,v6,207541a2f9cb374d530950d96ad99e1661f4a590e96692f395b97dbfb968296f,/usrdata/EnzymeCAGE_data/tools/p2rank_2.5.1/prank predict -threads 4 -c alphafold -visualizations 0 -o /root/projects/EnzymeCAGE-master/HPC_Returned_Result_Summaries/enzymecage_m4_e2_full_4681_4gpu_sharded_continuation_20260814/shards/shard_00/per_uid/P47724/p2rank/raw /root/projects/EnzymeCAGE-master/HPC_Returned_Result_Summaries/enzymecage_m4_e2_full_4681_4gpu_sharded_continuation_20260814/shards/shard_00/per_uid/P47724/p2rank/P47724.ds,P2Rank 2.5.1,,,,AFDB structure fetched; P2Rank ran under the approved command contract; no usable top predicted pocket residues were produced or mapped.,False,
P47981,47,v6,e36af146bb0a10d1de23643ddfb336a769e0e1f81fb1374729738c495c98ac5f,/usrdata/EnzymeCAGE_data/tools/p2rank_2.5.1/prank predict -threads 4 -c alphafold -visualizations 0 -o /root/projects/EnzymeCAGE-master/HPC_Returned_Result_Summaries/enzymecage_m4_e2_full_4681_4gpu_sharded_continuation_20260814/shards/shard_01/per_uid/P47981/p2rank/raw /root/projects/EnzymeCAGE-master/HPC_Returned_Result_Summaries/enzymecage_m4_e2_full_4681_4gpu_sharded_continuation_20260814/shards/shard_01/per_uid/P47981/p2rank/P47981.ds,P2Rank 2.5.1,,,,AFDB structure fetched; P2Rank ran under the approved command contract; no usable top predicted pocket residues were produced or mapped.,False,
P47985,274,v6,364739bfb25cc7526b62259b3256859239b7a342e828659bceafe269c6687366,/usrdata/EnzymeCAGE_data/tools/p2rank_2.5.1/prank predict -threads 4 -c alphafold -visualizations 0 -o /root/projects/EnzymeCAGE-master/HPC_Returned_Result_Summaries/enzymecage_m4_e2_full_4681_4gpu_sharded_continuation_20260814/shards/shard_02/per_uid/P47985/p2rank/raw /root/projects/EnzymeCAGE-master/HPC_Returned_Result_Summaries/enzymecage_m4_e2_full_4681_4gpu_sharded_continuation_20260814/shards/shard_02/per_uid/P47985/p2rank/P47985.ds,P2Rank 2.5.1,,,,AFDB structure fetched; P2Rank ran under the approved command contract; no usable top predicted pocket residues were produced or mapped.,False,
P48063,46,v6,1c242f5b3eb48d49b151c3a8adf091efbf629a57c9d06b66631be46d1fd9c308,/usrdata/EnzymeCAGE_data/tools/p2rank_2.5.1/prank predict -threads 4 -c alphafold -visualizations 0 -o /root/projects/EnzymeCAGE-master/HPC_Returned_Result_Summaries/enzymecage_m4_e2_full_4681_4gpu_sharded_continuation_20260814/shards/shard_03/per_uid/P48063/p2rank/raw /root/projects/EnzymeCAGE-master/HPC_Returned_Result_Summaries/enzymecage_m4_e2_full_4681_4gpu_sharded_continuation_20260814/shards/shard_03/per_uid/P48063/p2rank/P48063.ds,P2Rank 2.5.1,,,,AFDB structure fetched; P2Rank ran under the approved command contract; no usable top predicted pocket residues were produced or mapped.,False,
P49172,63,v6,31978e2e914219e9210f970591c66baeb0f573977437cd993c97f75643650f89,/usrdata/EnzymeCAGE_data/tools/p2rank_2.5.1/prank predict -threads 4 -c alphafold -visualizations 0 -o /root/projects/EnzymeCAGE-master/HPC_Returned_Result_Summaries/enzymecage_m4_e2_full_4681_4gpu_sharded_continuation_20260814/shards/shard_00/per_uid/P49172/p2rank/raw /root/projects/EnzymeCAGE-master/HPC_Returned_Result_Summaries/enzymecage_m4_e2_full_4681_4gpu_sharded_continuation_20260814/shards/shard_00/per_uid/P49172/p2rank/P49172.ds,P2Rank 2.5.1,,,,AFDB structure fetched; P2Rank ran under the approved command contract; no usable top predicted pocket residues were produced or mapped.,False,
P52201,88,v6,a9294f000d22da149876ef09d28f82a7f339dbbd71b9a092d057104bb789a4d1,/usrdata/EnzymeCAGE_data/tools/p2rank_2.5.1/prank predict -threads 4 -c alphafold -visualizations 0 -o /root/projects/EnzymeCAGE-master/HPC_Returned_Result_Summaries/enzymecage_m4_e2_full_4681_4gpu_sharded_continuation_20260814/shards/shard_00/per_uid/P52201/p2rank/raw /root/projects/EnzymeCAGE-master/HPC_Returned_Result_Summaries/enzymecage_m4_e2_full_4681_4gpu_sharded_continuation_20260814/shards/shard_00/per_uid/P52201/p2rank/P52201.ds,P2Rank 2.5.1,,,,AFDB structure fetched; P2Rank ran under the approved command contract; no usable top predicted pocket residues were produced or mapped.,False,
P54621,46,v6,0d2b992f359496a6af27a70ad30549d2d96bf6407fe95aecd39668471199a8b4,/usrdata/EnzymeCAGE_data/tools/p2rank_2.5.1/prank predict -threads 4 -c alphafold -visualizations 0 -o /root/projects/EnzymeCAGE-master/HPC_Returned_Result_Summaries/enzymecage_m4_e2_full_4681_4gpu_sharded_continuation_20260814/shards/shard_03/per_uid/P54621/p2rank/raw /root/projects/EnzymeCAGE-master/HPC_Returned_Result_Summaries/enzymecage_m4_e2_full_4681_4gpu_sharded_continuation_20260814/shards/shard_03/per_uid/P54621/p2rank/P54621.ds,P2Rank 2.5.1,,,,AFDB structure fetched; P2Rank ran under the approved command contract; no usable top predicted pocket residues were produced or mapped.,False,
P54827,87,v6,fcbe1e0c54f26ae2a9e3f92c87c898d5d3310b0d035eb7f61014a7424239493f,/usrdata/EnzymeCAGE_data/tools/p2rank_2.5.1/prank predict -threads 4 -c alphafold -visualizations 0 -o /root/projects/EnzymeCAGE-master/HPC_Returned_Result_Summaries/enzymecage_m4_e2_full_4681_4gpu_sharded_continuation_20260814/shards/shard_00/per_uid/P54827/p2rank/raw /root/projects/EnzymeCAGE-master/HPC_Returned_Result_Summaries/enzymecage_m4_e2_full_4681_4gpu_sharded_continuation_20260814/shards/shard_00/per_uid/P54827/p2rank/P54827.ds,P2Rank 2.5.1,,,,AFDB structure fetched; P2Rank ran under the approved command contract; no usable top predicted pocket residues were produced or mapped.,False,
P55236,21,v6,8a9ace014986340b96528f6b9a9e2592b9682b2e976cff7da2d6288f94a418af,/usrdata/EnzymeCAGE_data/tools/p2rank_2.5.1/prank predict -threads 4 -c alphafold -visualizations 0 -o /root/projects/EnzymeCAGE-master/HPC_Returned_Result_Summaries/enzymecage_m4_e2_full_4681_4gpu_sharded_continuation_20260814/shards/shard_03/per_uid/P55236/p2rank/raw /root/projects/EnzymeCAGE-master/HPC_Returned_Result_Summaries/enzymecage_m4_e2_full_4681_4gpu_sharded_continuation_20260814/shards/shard_03/per_uid/P55236/p2rank/P55236.ds,P2Rank 2.5.1,,,,AFDB structure fetched; P2Rank ran under the approved command contract; no usable top predicted pocket residues were produced or mapped.,False,
P55736,24,v6,c105d398b9e9aac29f5fc70459d9d75da359f52b13f69055e6e7435c65c0810a,/usrdata/EnzymeCAGE_data/tools/p2rank_2.5.1/prank predict -threads 4 -c alphafold -visualizations 0 -o /root/projects/EnzymeCAGE-master/HPC_Returned_Result_Summaries/enzymecage_m4_e2_full_4681_4gpu_sharded_continuation_20260814/shards/shard_02/per_uid/P55736/p2rank/raw /root/projects/EnzymeCAGE-master/HPC_Returned_Result_Summaries/enzymecage_m4_e2_full_4681_4gpu_sharded_continuation_20260814/shards/shard_02/per_uid/P55736/p2rank/P55736.ds,P2Rank 2.5.1,,,,AFDB structure fetched; P2Rank ran under the approved command contract; no usable top predicted pocket residues were produced or mapped.,False,
P55739,42,v6,c8885fd508cad2feac336972497e8e16fdba3157f6a00f24f972a39c36181d43,/usrdata/EnzymeCAGE_data/tools/p2rank_2.5.1/prank predict -threads 4 -c alphafold -visualizations 0 -o /root/projects/EnzymeCAGE-master/HPC_Returned_Result_Summaries/enzymecage_m4_e2_full_4681_4gpu_sharded_continuation_20260814/shards/shard_03/per_uid/P55739/p2rank/raw /root/projects/EnzymeCAGE-master/HPC_Returned_Result_Summaries/enzymecage_m4_e2_full_4681_4gpu_sharded_continuation_20260814/shards/shard_03/per_uid/P55739/p2rank/P55739.ds,P2Rank 2.5.1,,,,AFDB structure fetched; P2Rank ran under the approved command contract; no usable top predicted pocket residues were produced or mapped.,False,
P55793,35,v6,e427002909e1e01b14ad89ab58c959cf3e2c76012d683727d8391ce95dd22026,/usrdata/EnzymeCAGE_data/tools/p2rank_2.5.1/prank predict -threads 4 -c alphafold -visualizations 0 -o /root/projects/EnzymeCAGE-master/HPC_Returned_Result_Summaries/enzymecage_m4_e2_full_4681_4gpu_sharded_continuation_20260814/shards/shard_01/per_uid/P55793/p2rank/raw /root/projects/EnzymeCAGE-master/HPC_Returned_Result_Summaries/enzymecage_m4_e2_full_4681_4gpu_sharded_continuation_20260814/shards/shard_01/per_uid/P55793/p2rank/P55793.ds,P2Rank 2.5.1,,,,AFDB structure fetched; P2Rank ran under the approved command contract; no usable top predicted pocket residues were produced or mapped.,False,
P56544,120,v6,406949286848ae1b72fb835517507c5a83e3f7e5da1fe2688178ee279583c400,/usrdata/EnzymeCAGE_data/tools/p2rank_2.5.1/prank predict -threads 4 -c alphafold -visualizations 0 -o /root/projects/EnzymeCAGE-master/HPC_Returned_Result_Summaries/enzymecage_m4_e2_full_4681_4gpu_sharded_continuation_20260814/shards/shard_02/per_uid/P56544/p2rank/raw /root/projects/EnzymeCAGE-master/HPC_Returned_Result_Summaries/enzymecage_m4_e2_full_4681_4gpu_sharded_continuation_20260814/shards/shard_02/per_uid/P56544/p2rank/P56544.ds,P2Rank 2.5.1,,,,AFDB structure fetched; P2Rank ran under the approved command contract; no usable top predicted pocket residues were produced or mapped.,False,
P58101,30,v6,0083e2941a49e6e6f2c97c58cb3b0a8485e2b36e7066116cec0069c16a75632f,/usrdata/EnzymeCAGE_data/tools/p2rank_2.5.1/prank predict -threads 4 -c alphafold -visualizations 0 -o /root/projects/EnzymeCAGE-master/HPC_Returned_Result_Summaries/enzymecage_m4_e2_full_4681_4gpu_sharded_continuation_20260814/shards/shard_01/per_uid/P58101/p2rank/raw /root/projects/EnzymeCAGE-master/HPC_Returned_Result_Summaries/enzymecage_m4_e2_full_4681_4gpu_sharded_continuation_20260814/shards/shard_01/per_uid/P58101/p2rank/P58101.ds,P2Rank 2.5.1,,,,AFDB structure fetched; P2Rank ran under the approved command contract; no usable top predicted pocket residues were produced or mapped.,False,
P58650,81,v6,a2eac4649cdea4bb94d7749a3b8cc1414504442c5b70a49f0607c397e9cc6c0d,/usrdata/EnzymeCAGE_data/tools/p2rank_2.5.1/prank predict -threads 4 -c alphafold -visualizations 0 -o /root/projects/EnzymeCAGE-master/HPC_Returned_Result_Summaries/enzymecage_m4_e2_full_4681_4gpu_sharded_continuation_20260814/shards/shard_02/per_uid/P58650/p2rank/raw /root/projects/EnzymeCAGE-master/HPC_Returned_Result_Summaries/enzymecage_m4_e2_full_4681_4gpu_sharded_continuation_20260814/shards/shard_02/per_uid/P58650/p2rank/P58650.ds,P2Rank 2.5.1,,,,AFDB structure fetched; P2Rank ran under the approved command contract; no usable top predicted pocket residues were produced or mapped.,False,
P58817,97,v6,6a4ddccf2c2491049571b7596bf673a50a6c20d513c3aa6f2b0a6fa59e90e5e4,/usrdata/EnzymeCAGE_data/tools/p2rank_2.5.1/prank predict -threads 4 -c alphafold -visualizations 0 -o /root/projects/EnzymeCAGE-master/HPC_Returned_Result_Summaries/enzymecage_m4_e2_full_4681_4gpu_sharded_continuation_20260814/shards/shard_00/per_uid/P58817/p2rank/raw /root/projects/EnzymeCAGE-master/HPC_Returned_Result_Summaries/enzymecage_m4_e2_full_4681_4gpu_sharded_continuation_20260814/shards/shard_00/per_uid/P58817/p2rank/P58817.ds,P2Rank 2.5.1,,,,AFDB structure fetched; P2Rank ran under the approved command contract; no usable top predicted pocket residues were produced or mapped.,False,
P59066,17,v6,32c7ee6a815d8a4330c6780c83ae19954f6f6b69274e1894298265d7d6b6d55a,/usrdata/EnzymeCAGE_data/tools/p2rank_2.5.1/prank predict -threads 4 -c alphafold -visualizations 0 -o /root/projects/EnzymeCAGE-master/HPC_Returned_Result_Summaries/enzymecage_m4_e2_full_4681_4gpu_sharded_continuation_20260814/shards/shard_00/per_uid/P59066/p2rank/raw /root/projects/EnzymeCAGE-master/HPC_Returned_Result_Summaries/enzymecage_m4_e2_full_4681_4gpu_sharded_continuation_20260814/shards/shard_00/per_uid/P59066/p2rank/P59066.ds,P2Rank 2.5.1,,,,AFDB structure fetched; P2Rank ran under the approved command contract; no usable top predicted pocket residues were produced or mapped.,False,
P59678,21,v6,3c59e2faff91671e8f7c626acdd7275d6ff7e54d29ae8b658af480575d74a07a,/usrdata/EnzymeCAGE_data/tools/p2rank_2.5.1/prank predict -threads 4 -c alphafold -visualizations 0 -o /root/projects/EnzymeCAGE-master/HPC_Returned_Result_Summaries/enzymecage_m4_e2_full_4681_4gpu_sharded_continuation_20260814/shards/shard_03/per_uid/P59678/p2rank/raw /root/projects/EnzymeCAGE-master/HPC_Returned_Result_Summaries/enzymecage_m4_e2_full_4681_4gpu_sharded_continuation_20260814/shards/shard_03/per_uid/P59678/p2rank/P59678.ds,P2Rank 2.5.1,,,,AFDB structure fetched; P2Rank ran under the approved command contract; no usable top predicted pocket residues were produced or mapped.,False,
P61248,87,v6,ec7ddce12be48ec8dac6b5b7f45d118b1275ade510e7bc1f5a54b6918273c3b8,/usrdata/EnzymeCAGE_data/tools/p2rank_2.5.1/prank predict -threads 4 -c alphafold -visualizations 0 -o /root/projects/EnzymeCAGE-master/HPC_Returned_Result_Summaries/enzymecage_m4_e2_full_4681_4gpu_sharded_continuation_20260814/shards/shard_01/per_uid/P61248/p2rank/raw /root/projects/EnzymeCAGE-master/HPC_Returned_Result_Summaries/enzymecage_m4_e2_full_4681_4gpu_sharded_continuation_20260814/shards/shard_01/per_uid/P61248/p2rank/P61248.ds,P2Rank 2.5.1,,,,AFDB structure fetched; P2Rank ran under the approved command contract; no usable top predicted pocket residues were produced or mapped.,False,
P61250,83,v6,1ac46fa0df9391bf99a287cb44107f00f0c097d3d37f04cedeb61f35cbcc1c09,/usrdata/EnzymeCAGE_data/tools/p2rank_2.5.1/prank predict -threads 4 -c alphafold -visualizations 0 -o /root/projects/EnzymeCAGE-master/HPC_Returned_Result_Summaries/enzymecage_m4_e2_full_4681_4gpu_sharded_continuation_20260814/shards/shard_02/per_uid/P61250/p2rank/raw /root/projects/EnzymeCAGE-master/HPC_Returned_Result_Summaries/enzymecage_m4_e2_full_4681_4gpu_sharded_continuation_20260814/shards/shard_02/per_uid/P61250/p2rank/P61250.ds,P2Rank 2.5.1,,,,AFDB structure fetched; P2Rank ran under the approved command contract; no usable top predicted pocket residues were produced or mapped.,False,
P61733,94,v6,c8281771c803138b4f93c5a02d564f4770baf190a4d06456b1fdd36626cd6f52,/usrdata/EnzymeCAGE_data/tools/p2rank_2.5.1/prank predict -threads 4 -c alphafold -visualizations 0 -o /root/projects/EnzymeCAGE-master/HPC_Returned_Result_Summaries/enzymecage_m4_e2_full_4681_4gpu_sharded_continuation_20260814/shards/shard_03/per_uid/P61733/p2rank/raw /root/projects/EnzymeCAGE-master/HPC_Returned_Result_Summaries/enzymecage_m4_e2_full_4681_4gpu_sharded_continuation_20260814/shards/shard_03/per_uid/P61733/p2rank/P61733.ds,P2Rank 2.5.1,,,,AFDB structure fetched; P2Rank ran under the approved command contract; no usable top predicted pocket residues were produced or mapped.,False,
P61734,100,v6,17cde8184f274ff343b01bb03a9108fc299938e53da1df3064857af94fe22ad5,/usrdata/EnzymeCAGE_data/tools/p2rank_2.5.1/prank predict -threads 4 -c alphafold -visualizations 0 -o /root/projects/EnzymeCAGE-master/HPC_Returned_Result_Summaries/enzymecage_m4_e2_full_4681_4gpu_sharded_continuation_20260814/shards/shard_00/per_uid/P61734/p2rank/raw /root/projects/EnzymeCAGE-master/HPC_Returned_Result_Summaries/enzymecage_m4_e2_full_4681_4gpu_sharded_continuation_20260814/shards/shard_00/per_uid/P61734/p2rank/P61734.ds,P2Rank 2.5.1,,,,AFDB structure fetched; P2Rank ran under the approved command contract; no usable top predicted pocket residues were produced or mapped.,False,
P62019,59,v6,b0cf3a1d9b5cfe9a2e539538181a848a75d7a045b185eb3ac0ce080629e645f1,/usrdata/EnzymeCAGE_data/tools/p2rank_2.5.1/prank predict -threads 4 -c alphafold -visualizations 0 -o /root/projects/EnzymeCAGE-master/HPC_Returned_Result_Summaries/enzymecage_m4_e2_full_4681_4gpu_sharded_continuation_20260814/shards/shard_03/per_uid/P62019/p2rank/raw /root/projects/EnzymeCAGE-master/HPC_Returned_Result_Summaries/enzymecage_m4_e2_full_4681_4gpu_sharded_continuation_20260814/shards/shard_03/per_uid/P62019/p2rank/P62019.ds,P2Rank 2.5.1,,,,AFDB structure fetched; P2Rank ran under the approved command contract; no usable top predicted pocket residues were produced or mapped.,False,
P65280,190,v6,52391a3fdbf2c00d400cab63c2dc919bc0ea207b1407604ae29b5c9f20ca0ea2,/usrdata/EnzymeCAGE_data/tools/p2rank_2.5.1/prank predict -threads 4 -c alphafold -visualizations 0 -o /root/projects/EnzymeCAGE-master/HPC_Returned_Result_Summaries/enzymecage_m4_e2_full_4681_4gpu_sharded_continuation_20260814/shards/shard_02/per_uid/P65280/p2rank/raw /root/projects/EnzymeCAGE-master/HPC_Returned_Result_Summaries/enzymecage_m4_e2_full_4681_4gpu_sharded_continuation_20260814/shards/shard_02/per_uid/P65280/p2rank/P65280.ds,P2Rank 2.5.1,,,,AFDB structure fetched; P2Rank ran under the approved command contract; no usable top predicted pocket residues were produced or mapped.,False,
P67718,100,v6,4c7925713b24ea2fe54cf6c14c0bb3e3cfe00375a6c27eda9c4eafa928de82dd,/usrdata/EnzymeCAGE_data/tools/p2rank_2.5.1/prank predict -threads 4 -c alphafold -visualizations 0 -o /root/projects/EnzymeCAGE-master/HPC_Returned_Result_Summaries/enzymecage_m4_e2_full_4681_4gpu_sharded_continuation_20260814/shards/shard_00/per_uid/P67718/p2rank/raw /root/projects/EnzymeCAGE-master/HPC_Returned_Result_Summaries/enzymecage_m4_e2_full_4681_4gpu_sharded_continuation_20260814/shards/shard_00/per_uid/P67718/p2rank/P67718.ds,P2Rank 2.5.1,,,,AFDB structure fetched; P2Rank ran under the approved command contract; no usable top predicted pocket residues were produced or mapped.,False,
P67719,100,v6,60ff852d0900dde2ec1d63e710c271c4b5529e53a2e5a3a8b35d785c74f25b8d,/usrdata/EnzymeCAGE_data/tools/p2rank_2.5.1/prank predict -threads 4 -c alphafold -visualizations 0 -o /root/projects/EnzymeCAGE-master/HPC_Returned_Result_Summaries/enzymecage_m4_e2_full_4681_4gpu_sharded_continuation_20260814/shards/shard_01/per_uid/P67719/p2rank/raw /root/projects/EnzymeCAGE-master/HPC_Returned_Result_Summaries/enzymecage_m4_e2_full_4681_4gpu_sharded_continuation_20260814/shards/shard_01/per_uid/P67719/p2rank/P67719.ds,P2Rank 2.5.1,,,,AFDB structure fetched; P2Rank ran under the approved command contract; no usable top predicted pocket residues were produced or mapped.,False,
P67720,100,v6,970dfb435d5bf57e9ca1b2f0353ab2da1e40d274cbac7c171fc0c8c0a2cca29e,/usrdata/EnzymeCAGE_data/tools/p2rank_2.5.1/prank predict -threads 4 -c alphafold -visualizations 0 -o /root/projects/EnzymeCAGE-master/HPC_Returned_Result_Summaries/enzymecage_m4_e2_full_4681_4gpu_sharded_continuation_20260814/shards/shard_02/per_uid/P67720/p2rank/raw /root/projects/EnzymeCAGE-master/HPC_Returned_Result_Summaries/enzymecage_m4_e2_full_4681_4gpu_sharded_continuation_20260814/shards/shard_02/per_uid/P67720/p2rank/P67720.ds,P2Rank 2.5.1,,,,AFDB structure fetched; P2Rank ran under the approved command contract; no usable top predicted pocket residues were produced or mapped.,False,
P68807,100,v6,db6a9af488a69924ec15e1471e74bec169b7b5a5571ca616e485d024a12a8e21,/usrdata/EnzymeCAGE_data/tools/p2rank_2.5.1/prank predict -threads 4 -c alphafold -visualizations 0 -o /root/projects/EnzymeCAGE-master/HPC_Returned_Result_Summaries/enzymecage_m4_e2_full_4681_4gpu_sharded_continuation_20260814/shards/shard_01/per_uid/P68807/p2rank/raw /root/projects/EnzymeCAGE-master/HPC_Returned_Result_Summaries/enzymecage_m4_e2_full_4681_4gpu_sharded_continuation_20260814/shards/shard_01/per_uid/P68807/p2rank/P68807.ds,P2Rank 2.5.1,,,,AFDB structure fetched; P2Rank ran under the approved command contract; no usable top predicted pocket residues were produced or mapped.,False,
P68808,100,v6,be7e4590be0813e651e7aba14495ed484e4aeef6f27d9a9fca8282a5d6e090fb,/usrdata/EnzymeCAGE_data/tools/p2rank_2.5.1/prank predict -threads 4 -c alphafold -visualizations 0 -o /root/projects/EnzymeCAGE-master/HPC_Returned_Result_Summaries/enzymecage_m4_e2_full_4681_4gpu_sharded_continuation_20260814/shards/shard_02/per_uid/P68808/p2rank/raw /root/projects/EnzymeCAGE-master/HPC_Returned_Result_Summaries/enzymecage_m4_e2_full_4681_4gpu_sharded_continuation_20260814/shards/shard_02/per_uid/P68808/p2rank/P68808.ds,P2Rank 2.5.1,,,,AFDB structure fetched; P2Rank ran under the approved command contract; no usable top predicted pocket residues were produced or mapped.,False,
P68809,100,v6,208e97219f4ab78bddc1bf75780141a4dde948a3cdd17806edfabcfe3e500bc8,/usrdata/EnzymeCAGE_data/tools/p2rank_2.5.1/prank predict -threads 4 -c alphafold -visualizations 0 -o /root/projects/EnzymeCAGE-master/HPC_Returned_Result_Summaries/enzymecage_m4_e2_full_4681_4gpu_sharded_continuation_20260814/shards/shard_03/per_uid/P68809/p2rank/raw /root/projects/EnzymeCAGE-master/HPC_Returned_Result_Summaries/enzymecage_m4_e2_full_4681_4gpu_sharded_continuation_20260814/shards/shard_03/per_uid/P68809/p2rank/P68809.ds,P2Rank 2.5.1,,,,AFDB structure fetched; P2Rank ran under the approved command contract; no usable top predicted pocket residues were produced or mapped.,False,
P68810,100,v6,ac491cc6fbceeda18b81b28a0106ddf259e98890756507a440569b68ea0e7495,/usrdata/EnzymeCAGE_data/tools/p2rank_2.5.1/prank predict -threads 4 -c alphafold -visualizations 0 -o /root/projects/EnzymeCAGE-master/HPC_Returned_Result_Summaries/enzymecage_m4_e2_full_4681_4gpu_sharded_continuation_20260814/shards/shard_00/per_uid/P68810/p2rank/raw /root/projects/EnzymeCAGE-master/HPC_Returned_Result_Summaries/enzymecage_m4_e2_full_4681_4gpu_sharded_continuation_20260814/shards/shard_00/per_uid/P68810/p2rank/P68810.ds,P2Rank 2.5.1,,,,AFDB structure fetched; P2Rank ran under the approved command contract; no usable top predicted pocket residues were produced or mapped.,False,
P69568,58,v6,247d188667afa22f703ded166ed2ca66ed9b53345113f7e17f29c15331d0ea47,/usrdata/EnzymeCAGE_data/tools/p2rank_2.5.1/prank predict -threads 4 -c alphafold -visualizations 0 -o /root/projects/EnzymeCAGE-master/HPC_Returned_Result_Summaries/enzymecage_m4_e2_full_4681_4gpu_sharded_continuation_20260814/shards/shard_03/per_uid/P69568/p2rank/raw /root/projects/EnzymeCAGE-master/HPC_Returned_Result_Summaries/enzymecage_m4_e2_full_4681_4gpu_sharded_continuation_20260814/shards/shard_03/per_uid/P69568/p2rank/P69568.ds,P2Rank 2.5.1,,,,AFDB structure fetched; P2Rank ran under the approved command contract; no usable top predicted pocket residues were produced or mapped.,False,
P69569,58,v6,0544e5ab55e37ee7399eeaf63c5db7ae5a0b93e973f7e6be52865d74c948e87d,/usrdata/EnzymeCAGE_data/tools/p2rank_2.5.1/prank predict -threads 4 -c alphafold -visualizations 0 -o /root/projects/EnzymeCAGE-master/HPC_Returned_Result_Summaries/enzymecage_m4_e2_full_4681_4gpu_sharded_continuation_20260814/shards/shard_00/per_uid/P69569/p2rank/raw /root/projects/EnzymeCAGE-master/HPC_Returned_Result_Summaries/enzymecage_m4_e2_full_4681_4gpu_sharded_continuation_20260814/shards/shard_00/per_uid/P69569/p2rank/P69569.ds,P2Rank 2.5.1,,,,AFDB structure fetched; P2Rank ran under the approved command contract; no usable top predicted pocket residues were produced or mapped.,False,
P69795,106,v6,17341d0e9615dd961e9453e8ebe294bf22c6e0218774d5f833e3b7683b88df96,/usrdata/EnzymeCAGE_data/tools/p2rank_2.5.1/prank predict -threads 4 -c alphafold -visualizations 0 -o /root/projects/EnzymeCAGE-master/HPC_Returned_Result_Summaries/enzymecage_m4_e2_full_4681_4gpu_sharded_continuation_20260814/shards/shard_01/per_uid/P69795/p2rank/raw /root/projects/EnzymeCAGE-master/HPC_Returned_Result_Summaries/enzymecage_m4_e2_full_4681_4gpu_sharded_continuation_20260814/shards/shard_01/per_uid/P69795/p2rank/P69795.ds,P2Rank 2.5.1,,,,AFDB structure fetched; P2Rank ran under the approved command contract; no usable top predicted pocket residues were produced or mapped.,False,
P69796,106,v6,3bb4a6574d5cd843b16175529a57798cc96baf294e4b241cfed84f50af8d896c,/usrdata/EnzymeCAGE_data/tools/p2rank_2.5.1/prank predict -threads 4 -c alphafold -visualizations 0 -o /root/projects/EnzymeCAGE-master/HPC_Returned_Result_Summaries/enzymecage_m4_e2_full_4681_4gpu_sharded_continuation_20260814/shards/shard_02/per_uid/P69796/p2rank/raw /root/projects/EnzymeCAGE-master/HPC_Returned_Result_Summaries/enzymecage_m4_e2_full_4681_4gpu_sharded_continuation_20260814/shards/shard_02/per_uid/P69796/p2rank/P69796.ds,P2Rank 2.5.1,,,,AFDB structure fetched; P2Rank ran under the approved command contract; no usable top predicted pocket residues were produced or mapped.,False,
P69816,106,v6,25ecb45fa9eebd24cb81aaa94443b9562bfa05bd1aa6f2b5e15ccc1cf15b63dc,/usrdata/EnzymeCAGE_data/tools/p2rank_2.5.1/prank predict -threads 4 -c alphafold -visualizations 0 -o /root/projects/EnzymeCAGE-master/HPC_Returned_Result_Summaries/enzymecage_m4_e2_full_4681_4gpu_sharded_continuation_20260814/shards/shard_00/per_uid/P69816/p2rank/raw /root/projects/EnzymeCAGE-master/HPC_Returned_Result_Summaries/enzymecage_m4_e2_full_4681_4gpu_sharded_continuation_20260814/shards/shard_00/per_uid/P69816/p2rank/P69816.ds,P2Rank 2.5.1,,,,AFDB structure fetched; P2Rank ran under the approved command contract; no usable top predicted pocket residues were produced or mapped.,False,
P69817,106,v6,944737189837fbc99d026822e98c49b70b5bd71fa5f35f44a72ea82f6c65347b,/usrdata/EnzymeCAGE_data/tools/p2rank_2.5.1/prank predict -threads 4 -c alphafold -visualizations 0 -o /root/projects/EnzymeCAGE-master/HPC_Returned_Result_Summaries/enzymecage_m4_e2_full_4681_4gpu_sharded_continuation_20260814/shards/shard_01/per_uid/P69817/p2rank/raw /root/projects/EnzymeCAGE-master/HPC_Returned_Result_Summaries/enzymecage_m4_e2_full_4681_4gpu_sharded_continuation_20260814/shards/shard_01/per_uid/P69817/p2rank/P69817.ds,P2Rank 2.5.1,,,,AFDB structure fetched; P2Rank ran under the approved command contract; no usable top predicted pocket residues were produced or mapped.,False,
P69818,106,v6,9f6dcfd918b357de5d47b7a2edce9e82c802ae1ea84a3671062394ceb1a0bdac,/usrdata/EnzymeCAGE_data/tools/p2rank_2.5.1/prank predict -threads 4 -c alphafold -visualizations 0 -o /root/projects/EnzymeCAGE-master/HPC_Returned_Result_Summaries/enzymecage_m4_e2_full_4681_4gpu_sharded_continuation_20260814/shards/shard_02/per_uid/P69818/p2rank/raw /root/projects/EnzymeCAGE-master/HPC_Returned_Result_Summaries/enzymecage_m4_e2_full_4681_4gpu_sharded_continuation_20260814/shards/shard_02/per_uid/P69818/p2rank/P69818.ds,P2Rank 2.5.1,,,,AFDB structure fetched; P2Rank ran under the approved command contract; no usable top predicted pocket residues were produced or mapped.,False,
P69819,106,v6,9c1cb36bd5e12fc629b25d8198aab8f86c4cf0df1b931f29c08bc428b4d0d158,/usrdata/EnzymeCAGE_data/tools/p2rank_2.5.1/prank predict -threads 4 -c alphafold -visualizations 0 -o /root/projects/EnzymeCAGE-master/HPC_Returned_Result_Summaries/enzymecage_m4_e2_full_4681_4gpu_sharded_continuation_20260814/shards/shard_03/per_uid/P69819/p2rank/raw /root/projects/EnzymeCAGE-master/HPC_Returned_Result_Summaries/enzymecage_m4_e2_full_4681_4gpu_sharded_continuation_20260814/shards/shard_03/per_uid/P69819/p2rank/P69819.ds,P2Rank 2.5.1,,,,AFDB structure fetched; P2Rank ran under the approved command contract; no usable top predicted pocket residues were produced or mapped.,False,
P69822,101,v6,146cff31f08ab8c2c9cfb2e686bbae986cac48c86ec159a2ec8a3f7b40ad7f82,/usrdata/EnzymeCAGE_data/tools/p2rank_2.5.1/prank predict -threads 4 -c alphafold -visualizations 0 -o /root/projects/EnzymeCAGE-master/HPC_Returned_Result_Summaries/enzymecage_m4_e2_full_4681_4gpu_sharded_continuation_20260814/shards/shard_00/per_uid/P69822/p2rank/raw /root/projects/EnzymeCAGE-master/HPC_Returned_Result_Summaries/enzymecage_m4_e2_full_4681_4gpu_sharded_continuation_20260814/shards/shard_00/per_uid/P69822/p2rank/P69822.ds,P2Rank 2.5.1,,,,AFDB structure fetched; P2Rank ran under the approved command contract; no usable top predicted pocket residues were produced or mapped.,False,
P69823,101,v6,a805e9a547b6947d477f6de0af0aaa1191a4d5b7824b75803e212a09ffaa88cc,/usrdata/EnzymeCAGE_data/tools/p2rank_2.5.1/prank predict -threads 4 -c alphafold -visualizations 0 -o /root/projects/EnzymeCAGE-master/HPC_Returned_Result_Summaries/enzymecage_m4_e2_full_4681_4gpu_sharded_continuation_20260814/shards/shard_01/per_uid/P69823/p2rank/raw /root/projects/EnzymeCAGE-master/HPC_Returned_Result_Summaries/enzymecage_m4_e2_full_4681_4gpu_sharded_continuation_20260814/shards/shard_01/per_uid/P69823/p2rank/P69823.ds,P2Rank 2.5.1,,,,AFDB structure fetched; P2Rank ran under the approved command contract; no usable top predicted pocket residues were produced or mapped.,False,
P69830,106,v6,a3bf64acf2189c5419eb53b249339ca06b2d8e272e915e60ff490be94cc25dbe,/usrdata/EnzymeCAGE_data/tools/p2rank_2.5.1/prank predict -threads 4 -c alphafold -visualizations 0 -o /root/projects/EnzymeCAGE-master/HPC_Returned_Result_Summaries/enzymecage_m4_e2_full_4681_4gpu_sharded_continuation_20260814/shards/shard_02/per_uid/P69830/p2rank/raw /root/projects/EnzymeCAGE-master/HPC_Returned_Result_Summaries/enzymecage_m4_e2_full_4681_4gpu_sharded_continuation_20260814/shards/shard_02/per_uid/P69830/p2rank/P69830.ds,P2Rank 2.5.1,,,,AFDB structure fetched; P2Rank ran under the approved command contract; no usable top predicted pocket residues were produced or mapped.,False,
P70486,527,v6,fef5bdad668b6ad18380238da781a6f2d5afc51da69c0ad547e0afeb3aae4d0c,/usrdata/EnzymeCAGE_data/tools/p2rank_2.5.1/prank predict -threads 4 -c alphafold -visualizations 0 -o /root/projects/EnzymeCAGE-master/HPC_Returned_Result_Summaries/enzymecage_m4_e2_full_4681_4gpu_sharded_continuation_20260814/shards/shard_03/per_uid/P70486/p2rank/raw /root/projects/EnzymeCAGE-master/HPC_Returned_Result_Summaries/enzymecage_m4_e2_full_4681_4gpu_sharded_continuation_20260814/shards/shard_03/per_uid/P70486/p2rank/P70486.ds,P2Rank 2.5.1,,,,AFDB structure fetched; P2Rank ran under the approved command contract; no usable top predicted pocket residues were produced or mapped.,False,
P70994,62,v6,a089d395bbf3df15b83adf1895a3947d133aa749bef3d777b4b8650db9a4f180,/usrdata/EnzymeCAGE_data/tools/p2rank_2.5.1/prank predict -threads 4 -c alphafold -visualizations 0 -o /root/projects/EnzymeCAGE-master/HPC_Returned_Result_Summaries/enzymecage_m4_e2_full_4681_4gpu_sharded_continuation_20260814/shards/shard_02/per_uid/P70994/p2rank/raw /root/projects/EnzymeCAGE-master/HPC_Returned_Result_Summaries/enzymecage_m4_e2_full_4681_4gpu_sharded_continuation_20260814/shards/shard_02/per_uid/P70994/p2rank/P70994.ds,P2Rank 2.5.1,,,,AFDB structure fetched; P2Rank ran under the approved command contract; no usable top predicted pocket residues were produced or mapped.,False,
P71035,124,v6,9084fc13c90f8702f8d6f956c5bb7c56949629a05eb573186720cc5c59405200,/usrdata/EnzymeCAGE_data/tools/p2rank_2.5.1/prank predict -threads 4 -c alphafold -visualizations 0 -o /root/projects/EnzymeCAGE-master/HPC_Returned_Result_Summaries/enzymecage_m4_e2_full_4681_4gpu_sharded_continuation_20260814/shards/shard_03/per_uid/P71035/p2rank/raw /root/projects/EnzymeCAGE-master/HPC_Returned_Result_Summaries/enzymecage_m4_e2_full_4681_4gpu_sharded_continuation_20260814/shards/shard_03/per_uid/P71035/p2rank/P71035.ds,P2Rank 2.5.1,,,,AFDB structure fetched; P2Rank ran under the approved command contract; no usable top predicted pocket residues were produced or mapped.,False,
P72216,141,v6,e2a896bd47eb16f84807e9f27ccea5bba67dedbe705ff26873993cafcc8712c2,/usrdata/EnzymeCAGE_data/tools/p2rank_2.5.1/prank predict -threads 4 -c alphafold -visualizations 0 -o /root/projects/EnzymeCAGE-master/HPC_Returned_Result_Summaries/enzymecage_m4_e2_full_4681_4gpu_sharded_continuation_20260814/shards/shard_02/per_uid/P72216/p2rank/raw /root/projects/EnzymeCAGE-master/HPC_Returned_Result_Summaries/enzymecage_m4_e2_full_4681_4gpu_sharded_continuation_20260814/shards/shard_02/per_uid/P72216/p2rank/P72216.ds,P2Rank 2.5.1,,,,AFDB structure fetched; P2Rank ran under the approved command contract; no usable top predicted pocket residues were produced or mapped.,False,
P73790,96,v6,9ba1baa3aac58a8897797f80a51217c344e1f79faebf76116a055d596f371a15,/usrdata/EnzymeCAGE_data/tools/p2rank_2.5.1/prank predict -threads 4 -c alphafold -visualizations 0 -o /root/projects/EnzymeCAGE-master/HPC_Returned_Result_Summaries/enzymecage_m4_e2_full_4681_4gpu_sharded_continuation_20260814/shards/shard_00/per_uid/P73790/p2rank/raw /root/projects/EnzymeCAGE-master/HPC_Returned_Result_Summaries/enzymecage_m4_e2_full_4681_4gpu_sharded_continuation_20260814/shards/shard_00/per_uid/P73790/p2rank/P73790.ds,P2Rank 2.5.1,,,,AFDB structure fetched; P2Rank ran under the approved command contract; no usable top predicted pocket residues were produced or mapped.,False,
P73796,100,v6,521f6f87f6e79469101db2b49409f307635197a630d572381969a22941d74071,/usrdata/EnzymeCAGE_data/tools/p2rank_2.5.1/prank predict -threads 4 -c alphafold -visualizations 0 -o /root/projects/EnzymeCAGE-master/HPC_Returned_Result_Summaries/enzymecage_m4_e2_full_4681_4gpu_sharded_continuation_20260814/shards/shard_01/per_uid/P73796/p2rank/raw /root/projects/EnzymeCAGE-master/HPC_Returned_Result_Summaries/enzymecage_m4_e2_full_4681_4gpu_sharded_continuation_20260814/shards/shard_01/per_uid/P73796/p2rank/P73796.ds,P2Rank 2.5.1,,,,AFDB structure fetched; P2Rank ran under the approved command contract; no usable top predicted pocket residues were produced or mapped.,False,
P74386,105,v6,f89096998a27312f99cfdfe0dd590ce058122d1d11914d55ec188a0574851b66,/usrdata/EnzymeCAGE_data/tools/p2rank_2.5.1/prank predict -threads 4 -c alphafold -visualizations 0 -o /root/projects/EnzymeCAGE-master/HPC_Returned_Result_Summaries/enzymecage_m4_e2_full_4681_4gpu_sharded_continuation_20260814/shards/shard_02/per_uid/P74386/p2rank/raw /root/projects/EnzymeCAGE-master/HPC_Returned_Result_Summaries/enzymecage_m4_e2_full_4681_4gpu_sharded_continuation_20260814/shards/shard_02/per_uid/P74386/p2rank/P74386.ds,P2Rank 2.5.1,,,,AFDB structure fetched; P2Rank ran under the approved command contract; no usable top predicted pocket residues were produced or mapped.,False,
P78537,153,v6,65e220cb97c8c38a76676736c1801fc45682729d36a84125915cf513b9329840,/usrdata/EnzymeCAGE_data/tools/p2rank_2.5.1/prank predict -threads 4 -c alphafold -visualizations 0 -o /root/projects/EnzymeCAGE-master/HPC_Returned_Result_Summaries/enzymecage_m4_e2_full_4681_4gpu_sharded_continuation_20260814/shards/shard_03/per_uid/P78537/p2rank/raw /root/projects/EnzymeCAGE-master/HPC_Returned_Result_Summaries/enzymecage_m4_e2_full_4681_4gpu_sharded_continuation_20260814/shards/shard_03/per_uid/P78537/p2rank/P78537.ds,P2Rank 2.5.1,,,,AFDB structure fetched; P2Rank ran under the approved command contract; no usable top predicted pocket residues were produced or mapped.,False,
P79280,139,v6,2963b7f1dc7add699649217b0d25b231200ade6cb5754865edd634fbc3bdf753,/usrdata/EnzymeCAGE_data/tools/p2rank_2.5.1/prank predict -threads 4 -c alphafold -visualizations 0 -o /root/projects/EnzymeCAGE-master/HPC_Returned_Result_Summaries/enzymecage_m4_e2_full_4681_4gpu_sharded_continuation_20260814/shards/shard_01/per_uid/P79280/p2rank/raw /root/projects/EnzymeCAGE-master/HPC_Returned_Result_Summaries/enzymecage_m4_e2_full_4681_4gpu_sharded_continuation_20260814/shards/shard_01/per_uid/P79280/p2rank/P79280.ds,P2Rank 2.5.1,,,,AFDB structure fetched; P2Rank ran under the approved command contract; no usable top predicted pocket residues were produced or mapped.,False,
P80008,28,v6,80e19967dedfceb4eb757c5f8fb25f166e608b3b95216e6d13ab141b51e38d70,/usrdata/EnzymeCAGE_data/tools/p2rank_2.5.1/prank predict -threads 4 -c alphafold -visualizations 0 -o /root/projects/EnzymeCAGE-master/HPC_Returned_Result_Summaries/enzymecage_m4_e2_full_4681_4gpu_sharded_continuation_20260814/shards/shard_01/per_uid/P80008/p2rank/raw /root/projects/EnzymeCAGE-master/HPC_Returned_Result_Summaries/enzymecage_m4_e2_full_4681_4gpu_sharded_continuation_20260814/shards/shard_01/per_uid/P80008/p2rank/P80008.ds,P2Rank 2.5.1,,,,AFDB structure fetched; P2Rank ran under the approved command contract; no usable top predicted pocket residues were produced or mapped.,False,
P80055,20,v6,d95d7e078c9a4e047cc39b90cd8f574226ee8716ac0a4a0e2377a58fcbc4ccf5,/usrdata/EnzymeCAGE_data/tools/p2rank_2.5.1/prank predict -threads 4 -c alphafold -visualizations 0 -o /root/projects/EnzymeCAGE-master/HPC_Returned_Result_Summaries/enzymecage_m4_e2_full_4681_4gpu_sharded_continuation_20260814/shards/shard_00/per_uid/P80055/p2rank/raw /root/projects/EnzymeCAGE-master/HPC_Returned_Result_Summaries/enzymecage_m4_e2_full_4681_4gpu_sharded_continuation_20260814/shards/shard_00/per_uid/P80055/p2rank/P80055.ds,P2Rank 2.5.1,,,,AFDB structure fetched; P2Rank ran under the approved command contract; no usable top predicted pocket residues were produced or mapped.,False,
P80056,20,v6,82b372260ce287b6fe658cacccd13c47d06a3ec4031ab431efaac4eb5406f93b,/usrdata/EnzymeCAGE_data/tools/p2rank_2.5.1/prank predict -threads 4 -c alphafold -visualizations 0 -o /root/projects/EnzymeCAGE-master/HPC_Returned_Result_Summaries/enzymecage_m4_e2_full_4681_4gpu_sharded_continuation_20260814/shards/shard_01/per_uid/P80056/p2rank/raw /root/projects/EnzymeCAGE-master/HPC_Returned_Result_Summaries/enzymecage_m4_e2_full_4681_4gpu_sharded_continuation_20260814/shards/shard_01/per_uid/P80056/p2rank/P80056.ds,P2Rank 2.5.1,,,,AFDB structure fetched; P2Rank ran under the approved command contract; no usable top predicted pocket residues were produced or mapped.,False,
P80250,64,v6,2ede1bfb9f0d047386c98c4871011e95c7053041f70de90a93745417d72ad1ce,/usrdata/EnzymeCAGE_data/tools/p2rank_2.5.1/prank predict -threads 4 -c alphafold -visualizations 0 -o /root/projects/EnzymeCAGE-master/HPC_Returned_Result_Summaries/enzymecage_m4_e2_full_4681_4gpu_sharded_continuation_20260814/shards/shard_00/per_uid/P80250/p2rank/raw /root/projects/EnzymeCAGE-master/HPC_Returned_Result_Summaries/enzymecage_m4_e2_full_4681_4gpu_sharded_continuation_20260814/shards/shard_00/per_uid/P80250/p2rank/P80250.ds,P2Rank 2.5.1,,,,AFDB structure fetched; P2Rank ran under the approved command contract; no usable top predicted pocket residues were produced or mapped.,False,
P80472,26,v6,f6df6da291498fa93b729657c7d8689612e8e354e1b32be01a682c77a31660ab,/usrdata/EnzymeCAGE_data/tools/p2rank_2.5.1/prank predict -threads 4 -c alphafold -visualizations 0 -o /root/projects/EnzymeCAGE-master/HPC_Returned_Result_Summaries/enzymecage_m4_e2_full_4681_4gpu_sharded_continuation_20260814/shards/shard_00/per_uid/P80472/p2rank/raw /root/projects/EnzymeCAGE-master/HPC_Returned_Result_Summaries/enzymecage_m4_e2_full_4681_4gpu_sharded_continuation_20260814/shards/shard_00/per_uid/P80472/p2rank/P80472.ds,P2Rank 2.5.1,,,,AFDB structure fetched; P2Rank ran under the approved command contract; no usable top predicted pocket residues were produced or mapped.,False,
P80537,21,v6,1a1bd95485fedb03e2f6de933b1a130ceae3f95f84e603bf4c042b75a6d20000,/usrdata/EnzymeCAGE_data/tools/p2rank_2.5.1/prank predict -threads 4 -c alphafold -visualizations 0 -o /root/projects/EnzymeCAGE-master/HPC_Returned_Result_Summaries/enzymecage_m4_e2_full_4681_4gpu_sharded_continuation_20260814/shards/shard_03/per_uid/P80537/p2rank/raw /root/projects/EnzymeCAGE-master/HPC_Returned_Result_Summaries/enzymecage_m4_e2_full_4681_4gpu_sharded_continuation_20260814/shards/shard_03/per_uid/P80537/p2rank/P80537.ds,P2Rank 2.5.1,,,,AFDB structure fetched; P2Rank ran under the approved command contract; no usable top predicted pocket residues were produced or mapped.,False,
P80538,21,v6,8c9ceeb372afadd3c4e84927534cece45744feab153af87062960481286b1968,/usrdata/EnzymeCAGE_data/tools/p2rank_2.5.1/prank predict -threads 4 -c alphafold -visualizations 0 -o /root/projects/EnzymeCAGE-master/HPC_Returned_Result_Summaries/enzymecage_m4_e2_full_4681_4gpu_sharded_continuation_20260814/shards/shard_00/per_uid/P80538/p2rank/raw /root/projects/EnzymeCAGE-master/HPC_Returned_Result_Summaries/enzymecage_m4_e2_full_4681_4gpu_sharded_continuation_20260814/shards/shard_00/per_uid/P80538/p2rank/P80538.ds,P2Rank 2.5.1,,,,AFDB structure fetched; P2Rank ran under the approved command contract; no usable top predicted pocket residues were produced or mapped.,False,
P80575,18,v6,ac26674055b7c5067e54d1e4ff1d9b2e70cc525bce105db2ab5d876c407bc0fd,/usrdata/EnzymeCAGE_data/tools/p2rank_2.5.1/prank predict -threads 4 -c alphafold -visualizations 0 -o /root/projects/EnzymeCAGE-master/HPC_Returned_Result_Summaries/enzymecage_m4_e2_full_4681_4gpu_sharded_continuation_20260814/shards/shard_02/per_uid/P80575/p2rank/raw /root/projects/EnzymeCAGE-master/HPC_Returned_Result_Summaries/enzymecage_m4_e2_full_4681_4gpu_sharded_continuation_20260814/shards/shard_02/per_uid/P80575/p2rank/P80575.ds,P2Rank 2.5.1,,,,AFDB structure fetched; P2Rank ran under the approved command contract; no usable top predicted pocket residues were produced or mapped.,False,
P80654,72,v6,3c23ee33afc12a839d399019b05bf2192344bd714915e93d278d745c7f7f8b17,/usrdata/EnzymeCAGE_data/tools/p2rank_2.5.1/prank predict -threads 4 -c alphafold -visualizations 0 -o /root/projects/EnzymeCAGE-master/HPC_Returned_Result_Summaries/enzymecage_m4_e2_full_4681_4gpu_sharded_continuation_20260814/shards/shard_02/per_uid/P80654/p2rank/raw /root/projects/EnzymeCAGE-master/HPC_Returned_Result_Summaries/enzymecage_m4_e2_full_4681_4gpu_sharded_continuation_20260814/shards/shard_02/per_uid/P80654/p2rank/P80654.ds,P2Rank 2.5.1,,,,AFDB structure fetched; P2Rank ran under the approved command contract; no usable top predicted pocket residues were produced or mapped.,False,
P80656,72,v6,17b81af75289cff3e92e7b110c6593761cfebdf0870a5cbd8d2bb10cb63e498c,/usrdata/EnzymeCAGE_data/tools/p2rank_2.5.1/prank predict -threads 4 -c alphafold -visualizations 0 -o /root/projects/EnzymeCAGE-master/HPC_Returned_Result_Summaries/enzymecage_m4_e2_full_4681_4gpu_sharded_continuation_20260814/shards/shard_03/per_uid/P80656/p2rank/raw /root/projects/EnzymeCAGE-master/HPC_Returned_Result_Summaries/enzymecage_m4_e2_full_4681_4gpu_sharded_continuation_20260814/shards/shard_03/per_uid/P80656/p2rank/P80656.ds,P2Rank 2.5.1,,,,AFDB structure fetched; P2Rank ran under the approved command contract; no usable top predicted pocket residues were produced or mapped.,False,
P80704,19,v6,0e55ffa7bbdb55cdb389d6626de9be6ae99d97d5ea74a1289c4a009e32b35ea4,/usrdata/EnzymeCAGE_data/tools/p2rank_2.5.1/prank predict -threads 4 -c alphafold -visualizations 0 -o /root/projects/EnzymeCAGE-master/HPC_Returned_Result_Summaries/enzymecage_m4_e2_full_4681_4gpu_sharded_continuation_20260814/shards/shard_02/per_uid/P80704/p2rank/raw /root/projects/EnzymeCAGE-master/HPC_Returned_Result_Summaries/enzymecage_m4_e2_full_4681_4gpu_sharded_continuation_20260814/shards/shard_02/per_uid/P80704/p2rank/P80704.ds,P2Rank 2.5.1,,,,AFDB structure fetched; P2Rank ran under the approved command contract; no usable top predicted pocket residues were produced or mapped.,False,
P80705,24,v6,d63e77dafcb79f76f697e491082d04331b77b04dcd809252a55531ba5c3f2e18,/usrdata/EnzymeCAGE_data/tools/p2rank_2.5.1/prank predict -threads 4 -c alphafold -visualizations 0 -o /root/projects/EnzymeCAGE-master/HPC_Returned_Result_Summaries/enzymecage_m4_e2_full_4681_4gpu_sharded_continuation_20260814/shards/shard_03/per_uid/P80705/p2rank/raw /root/projects/EnzymeCAGE-master/HPC_Returned_Result_Summaries/enzymecage_m4_e2_full_4681_4gpu_sharded_continuation_20260814/shards/shard_03/per_uid/P80705/p2rank/P80705.ds,P2Rank 2.5.1,,,,AFDB structure fetched; P2Rank ran under the approved command contract; no usable top predicted pocket residues were produced or mapped.,False,
P80924,19,v6,404d28c35375cd3a5d7615e6902b77e21690a49e1e022fe06517a8259fb8b7a6,/usrdata/EnzymeCAGE_data/tools/p2rank_2.5.1/prank predict -threads 4 -c alphafold -visualizations 0 -o /root/projects/EnzymeCAGE-master/HPC_Returned_Result_Summaries/enzymecage_m4_e2_full_4681_4gpu_sharded_continuation_20260814/shards/shard_00/per_uid/P80924/p2rank/raw /root/projects/EnzymeCAGE-master/HPC_Returned_Result_Summaries/enzymecage_m4_e2_full_4681_4gpu_sharded_continuation_20260814/shards/shard_00/per_uid/P80924/p2rank/P80924.ds,P2Rank 2.5.1,,,,AFDB structure fetched; P2Rank ran under the approved command contract; no usable top predicted pocket residues were produced or mapped.,False,
P81072,26,v6,7a8de2a46e969d375f4aa44647eb24c94d6c5bd27a3177ed20fffd4c734ca269,/usrdata/EnzymeCAGE_data/tools/p2rank_2.5.1/prank predict -threads 4 -c alphafold -visualizations 0 -o /root/projects/EnzymeCAGE-master/HPC_Returned_Result_Summaries/enzymecage_m4_e2_full_4681_4gpu_sharded_continuation_20260814/shards/shard_00/per_uid/P81072/p2rank/raw /root/projects/EnzymeCAGE-master/HPC_Returned_Result_Summaries/enzymecage_m4_e2_full_4681_4gpu_sharded_continuation_20260814/shards/shard_00/per_uid/P81072/p2rank/P81072.ds,P2Rank 2.5.1,,,,AFDB structure fetched; P2Rank ran under the approved command contract; no usable top predicted pocket residues were produced or mapped.,False,
P81073,26,v6,8ee4c67dcf8f2da6ba6df30194d16391efd52de9e22597d3b83438a3e396d9f7,/usrdata/EnzymeCAGE_data/tools/p2rank_2.5.1/prank predict -threads 4 -c alphafold -visualizations 0 -o /root/projects/EnzymeCAGE-master/HPC_Returned_Result_Summaries/enzymecage_m4_e2_full_4681_4gpu_sharded_continuation_20260814/shards/shard_01/per_uid/P81073/p2rank/raw /root/projects/EnzymeCAGE-master/HPC_Returned_Result_Summaries/enzymecage_m4_e2_full_4681_4gpu_sharded_continuation_20260814/shards/shard_01/per_uid/P81073/p2rank/P81073.ds,P2Rank 2.5.1,,,,AFDB structure fetched; P2Rank ran under the approved command contract; no usable top predicted pocket residues were produced or mapped.,False,
P81080,48,v6,5a52d1da502d5827b2bacea5444ca8065cf497e6080e736ad73d331a5c7db07f,/usrdata/EnzymeCAGE_data/tools/p2rank_2.5.1/prank predict -threads 4 -c alphafold -visualizations 0 -o /root/projects/EnzymeCAGE-master/HPC_Returned_Result_Summaries/enzymecage_m4_e2_full_4681_4gpu_sharded_continuation_20260814/shards/shard_02/per_uid/P81080/p2rank/raw /root/projects/EnzymeCAGE-master/HPC_Returned_Result_Summaries/enzymecage_m4_e2_full_4681_4gpu_sharded_continuation_20260814/shards/shard_02/per_uid/P81080/p2rank/P81080.ds,P2Rank 2.5.1,,,,AFDB structure fetched; P2Rank ran under the approved command contract; no usable top predicted pocket residues were produced or mapped.,False,
P81081,24,v6,32648efae87f371705a29360c4766157449aef03ca555640060ef7b809b2aefb,/usrdata/EnzymeCAGE_data/tools/p2rank_2.5.1/prank predict -threads 4 -c alphafold -visualizations 0 -o /root/projects/EnzymeCAGE-master/HPC_Returned_Result_Summaries/enzymecage_m4_e2_full_4681_4gpu_sharded_continuation_20260814/shards/shard_03/per_uid/P81081/p2rank/raw /root/projects/EnzymeCAGE-master/HPC_Returned_Result_Summaries/enzymecage_m4_e2_full_4681_4gpu_sharded_continuation_20260814/shards/shard_03/per_uid/P81081/p2rank/P81081.ds,P2Rank 2.5.1,,,,AFDB structure fetched; P2Rank ran under the approved command contract; no usable top predicted pocket residues were produced or mapped.,False,
P81087,17,v6,b519bc1243612e4d40f0196e4c7502a2a3c01858308c51d8654537c0aeff3910,/usrdata/EnzymeCAGE_data/tools/p2rank_2.5.1/prank predict -threads 4 -c alphafold -visualizations 0 -o /root/projects/EnzymeCAGE-master/HPC_Returned_Result_Summaries/enzymecage_m4_e2_full_4681_4gpu_sharded_continuation_20260814/shards/shard_00/per_uid/P81087/p2rank/raw /root/projects/EnzymeCAGE-master/HPC_Returned_Result_Summaries/enzymecage_m4_e2_full_4681_4gpu_sharded_continuation_20260814/shards/shard_00/per_uid/P81087/p2rank/P81087.ds,P2Rank 2.5.1,,,,AFDB structure fetched; P2Rank ran under the approved command contract; no usable top predicted pocket residues were produced or mapped.,False,
P81336,19,v6,7aca8b39d46cd4b85414621c5eb7fb75a336dd7397babfad47d803dcbdd7e7fc,/usrdata/EnzymeCAGE_data/tools/p2rank_2.5.1/prank predict -threads 4 -c alphafold -visualizations 0 -o /root/projects/EnzymeCAGE-master/HPC_Returned_Result_Summaries/enzymecage_m4_e2_full_4681_4gpu_sharded_continuation_20260814/shards/shard_00/per_uid/P81336/p2rank/raw /root/projects/EnzymeCAGE-master/HPC_Returned_Result_Summaries/enzymecage_m4_e2_full_4681_4gpu_sharded_continuation_20260814/shards/shard_00/per_uid/P81336/p2rank/P81336.ds,P2Rank 2.5.1,,,,AFDB structure fetched; P2Rank ran under the approved command contract; no usable top predicted pocket residues were produced or mapped.,False,
P81343,16,v6,044e863fad2b453404f69630e30cc83460177184df4e7ef7923386a98c3d10ae,/usrdata/EnzymeCAGE_data/tools/p2rank_2.5.1/prank predict -threads 4 -c alphafold -visualizations 0 -o /root/projects/EnzymeCAGE-master/HPC_Returned_Result_Summaries/enzymecage_m4_e2_full_4681_4gpu_sharded_continuation_20260814/shards/shard_03/per_uid/P81343/p2rank/raw /root/projects/EnzymeCAGE-master/HPC_Returned_Result_Summaries/enzymecage_m4_e2_full_4681_4gpu_sharded_continuation_20260814/shards/shard_03/per_uid/P81343/p2rank/P81343.ds,P2Rank 2.5.1,,,,AFDB structure fetched; P2Rank ran under the approved command contract; no usable top predicted pocket residues were produced or mapped.,False,
P81361,20,v6,34532d6c7a82ffcb69909c0a4c25dc9844ddda4e512cf56f91c0e6e01ac7431f,/usrdata/EnzymeCAGE_data/tools/p2rank_2.5.1/prank predict -threads 4 -c alphafold -visualizations 0 -o /root/projects/EnzymeCAGE-master/HPC_Returned_Result_Summaries/enzymecage_m4_e2_full_4681_4gpu_sharded_continuation_20260814/shards/shard_02/per_uid/P81361/p2rank/raw /root/projects/EnzymeCAGE-master/HPC_Returned_Result_Summaries/enzymecage_m4_e2_full_4681_4gpu_sharded_continuation_20260814/shards/shard_02/per_uid/P81361/p2rank/P81361.ds,P2Rank 2.5.1,,,,AFDB structure fetched; P2Rank ran under the approved command contract; no usable top predicted pocket residues were produced or mapped.,False,
P81419,16,v6,ccd43b185849f1ca0f6a3ee22947e00d22f9206cbd6809bdc79345fdbcbbb16a,/usrdata/EnzymeCAGE_data/tools/p2rank_2.5.1/prank predict -threads 4 -c alphafold -visualizations 0 -o /root/projects/EnzymeCAGE-master/HPC_Returned_Result_Summaries/enzymecage_m4_e2_full_4681_4gpu_sharded_continuation_20260814/shards/shard_03/per_uid/P81419/p2rank/raw /root/projects/EnzymeCAGE-master/HPC_Returned_Result_Summaries/enzymecage_m4_e2_full_4681_4gpu_sharded_continuation_20260814/shards/shard_03/per_uid/P81419/p2rank/P81419.ds,P2Rank 2.5.1,,,,AFDB structure fetched; P2Rank ran under the approved command contract; no usable top predicted pocket residues were produced or mapped.,False,
P81421,21,v6,824f1e2720543e1cffc891b838e8eb8cc19deb504663e905fdca06971adecc6c,/usrdata/EnzymeCAGE_data/tools/p2rank_2.5.1/prank predict -threads 4 -c alphafold -visualizations 0 -o /root/projects/EnzymeCAGE-master/HPC_Returned_Result_Summaries/enzymecage_m4_e2_full_4681_4gpu_sharded_continuation_20260814/shards/shard_01/per_uid/P81421/p2rank/raw /root/projects/EnzymeCAGE-master/HPC_Returned_Result_Summaries/enzymecage_m4_e2_full_4681_4gpu_sharded_continuation_20260814/shards/shard_01/per_uid/P81421/p2rank/P81421.ds,P2Rank 2.5.1,,,,AFDB structure fetched; P2Rank ran under the approved command contract; no usable top predicted pocket residues were produced or mapped.,False,
P81422,20,v6,baed9c24b31099bf05d7d8db1389652e82411c434174610b610164a1f444bbb0,/usrdata/EnzymeCAGE_data/tools/p2rank_2.5.1/prank predict -threads 4 -c alphafold -visualizations 0 -o /root/projects/EnzymeCAGE-master/HPC_Returned_Result_Summaries/enzymecage_m4_e2_full_4681_4gpu_sharded_continuation_20260814/shards/shard_02/per_uid/P81422/p2rank/raw /root/projects/EnzymeCAGE-master/HPC_Returned_Result_Summaries/enzymecage_m4_e2_full_4681_4gpu_sharded_continuation_20260814/shards/shard_02/per_uid/P81422/p2rank/P81422.ds,P2Rank 2.5.1,,,,AFDB structure fetched; P2Rank ran under the approved command contract; no usable top predicted pocket residues were produced or mapped.,False,
P81440,28,v6,6f31aae7c0afc9812cf85022284e71fe520bb88d9c6e18a1376f3bbc2897bc3f,/usrdata/EnzymeCAGE_data/tools/p2rank_2.5.1/prank predict -threads 4 -c alphafold -visualizations 0 -o /root/projects/EnzymeCAGE-master/HPC_Returned_Result_Summaries/enzymecage_m4_e2_full_4681_4gpu_sharded_continuation_20260814/shards/shard_03/per_uid/P81440/p2rank/raw /root/projects/EnzymeCAGE-master/HPC_Returned_Result_Summaries/enzymecage_m4_e2_full_4681_4gpu_sharded_continuation_20260814/shards/shard_03/per_uid/P81440/p2rank/P81440.ds,P2Rank 2.5.1,,,,AFDB structure fetched; P2Rank ran under the approved command contract; no usable top predicted pocket residues were produced or mapped.,False,
P81593,54,v6,e418ba470c9b8a41b8dc81b7d7349b7f47378a72a2cdb26a916b942aff26b8ab,/usrdata/EnzymeCAGE_data/tools/p2rank_2.5.1/prank predict -threads 4 -c alphafold -visualizations 0 -o /root/projects/EnzymeCAGE-master/HPC_Returned_Result_Summaries/enzymecage_m4_e2_full_4681_4gpu_sharded_continuation_20260814/shards/shard_00/per_uid/P81593/p2rank/raw /root/projects/EnzymeCAGE-master/HPC_Returned_Result_Summaries/enzymecage_m4_e2_full_4681_4gpu_sharded_continuation_20260814/shards/shard_00/per_uid/P81593/p2rank/P81593.ds,P2Rank 2.5.1,,,,AFDB structure fetched; P2Rank ran under the approved command contract; no usable top predicted pocket residues were produced or mapped.,False,
P81664,35,v6,df1d23c63b9aab269ab9f1592a10d6c688b1fb657eae266987b17ef7ca0968d1,/usrdata/EnzymeCAGE_data/tools/p2rank_2.5.1/prank predict -threads 4 -c alphafold -visualizations 0 -o /root/projects/EnzymeCAGE-master/HPC_Returned_Result_Summaries/enzymecage_m4_e2_full_4681_4gpu_sharded_continuation_20260814/shards/shard_03/per_uid/P81664/p2rank/raw /root/projects/EnzymeCAGE-master/HPC_Returned_Result_Summaries/enzymecage_m4_e2_full_4681_4gpu_sharded_continuation_20260814/shards/shard_03/per_uid/P81664/p2rank/P81664.ds,P2Rank 2.5.1,,,,AFDB structure fetched; P2Rank ran under the approved command contract; no usable top predicted pocket residues were produced or mapped.,False,
P81666,17,v6,7c264d66920ea2cdf9b8c517857761c14cc97be053b2e7362277212dc5a6f6e4,/usrdata/EnzymeCAGE_data/tools/p2rank_2.5.1/prank predict -threads 4 -c alphafold -visualizations 0 -o /root/projects/EnzymeCAGE-master/HPC_Returned_Result_Summaries/enzymecage_m4_e2_full_4681_4gpu_sharded_continuation_20260814/shards/shard_00/per_uid/P81666/p2rank/raw /root/projects/EnzymeCAGE-master/HPC_Returned_Result_Summaries/enzymecage_m4_e2_full_4681_4gpu_sharded_continuation_20260814/shards/shard_00/per_uid/P81666/p2rank/P81666.ds,P2Rank 2.5.1,,,,AFDB structure fetched; P2Rank ran under the approved command contract; no usable top predicted pocket residues were produced or mapped.,False,
P81747,22,v6,34bd472170b4a99884519ec4ec187e5cde25aa9b8a709734d1a7f31fd4026011,/usrdata/EnzymeCAGE_data/tools/p2rank_2.5.1/prank predict -threads 4 -c alphafold -visualizations 0 -o /root/projects/EnzymeCAGE-master/HPC_Returned_Result_Summaries/enzymecage_m4_e2_full_4681_4gpu_sharded_continuation_20260814/shards/shard_01/per_uid/P81747/p2rank/raw /root/projects/EnzymeCAGE-master/HPC_Returned_Result_Summaries/enzymecage_m4_e2_full_4681_4gpu_sharded_continuation_20260814/shards/shard_01/per_uid/P81747/p2rank/P81747.ds,P2Rank 2.5.1,,,,AFDB structure fetched; P2Rank ran under the approved command contract; no usable top predicted pocket residues were produced or mapped.,False,
P81786,23,v6,0ce298737250fdc26d96ce8863621153553e7b5dbe6279a52ae550094f811296,/usrdata/EnzymeCAGE_data/tools/p2rank_2.5.1/prank predict -threads 4 -c alphafold -visualizations 0 -o /root/projects/EnzymeCAGE-master/HPC_Returned_Result_Summaries/enzymecage_m4_e2_full_4681_4gpu_sharded_continuation_20260814/shards/shard_02/per_uid/P81786/p2rank/raw /root/projects/EnzymeCAGE-master/HPC_Returned_Result_Summaries/enzymecage_m4_e2_full_4681_4gpu_sharded_continuation_20260814/shards/shard_02/per_uid/P81786/p2rank/P81786.ds,P2Rank 2.5.1,,,,AFDB structure fetched; P2Rank ran under the approved command contract; no usable top predicted pocket residues were produced or mapped.,False,
P82678,162,v6,521fd144a02e75d353cb1371329165affa494035f542c3d9d150d26f1af73738,/usrdata/EnzymeCAGE_data/tools/p2rank_2.5.1/prank predict -threads 4 -c alphafold -visualizations 0 -o /root/projects/EnzymeCAGE-master/HPC_Returned_Result_Summaries/enzymecage_m4_e2_full_4681_4gpu_sharded_continuation_20260814/shards/shard_00/per_uid/P82678/p2rank/raw /root/projects/EnzymeCAGE-master/HPC_Returned_Result_Summaries/enzymecage_m4_e2_full_4681_4gpu_sharded_continuation_20260814/shards/shard_00/per_uid/P82678/p2rank/P82678.ds,P2Rank 2.5.1,,,,AFDB structure fetched; P2Rank ran under the approved command contract; no usable top predicted pocket residues were produced or mapped.,False,
P82680,25,v6,ec3fcf2b31ebe2c610256e8fcdb8836c5003a8d1906ccbcf7120f5aab0ee6ee8,/usrdata/EnzymeCAGE_data/tools/p2rank_2.5.1/prank predict -threads 4 -c alphafold -visualizations 0 -o /root/projects/EnzymeCAGE-master/HPC_Returned_Result_Summaries/enzymecage_m4_e2_full_4681_4gpu_sharded_continuation_20260814/shards/shard_02/per_uid/P82680/p2rank/raw /root/projects/EnzymeCAGE-master/HPC_Returned_Result_Summaries/enzymecage_m4_e2_full_4681_4gpu_sharded_continuation_20260814/shards/shard_02/per_uid/P82680/p2rank/P82680.ds,P2Rank 2.5.1,,,,AFDB structure fetched; P2Rank ran under the approved command contract; no usable top predicted pocket residues were produced or mapped.,False,
P82895,24,v6,d5a6cfa17707f9731aeb732c70a99c82d0520b5cc2077f9cd1676ed109404286,/usrdata/EnzymeCAGE_data/tools/p2rank_2.5.1/prank predict -threads 4 -c alphafold -visualizations 0 -o /root/projects/EnzymeCAGE-master/HPC_Returned_Result_Summaries/enzymecage_m4_e2_full_4681_4gpu_sharded_continuation_20260814/shards/shard_00/per_uid/P82895/p2rank/raw /root/projects/EnzymeCAGE-master/HPC_Returned_Result_Summaries/enzymecage_m4_e2_full_4681_4gpu_sharded_continuation_20260814/shards/shard_00/per_uid/P82895/p2rank/P82895.ds,P2Rank 2.5.1,,,,AFDB structure fetched; P2Rank ran under the approved command contract; no usable top predicted pocket residues were produced or mapped.,False,
P82954,25,v6,a515856b09204ca493db65e801be6e4df6ded17d12e53e017975785972f10f20,/usrdata/EnzymeCAGE_data/tools/p2rank_2.5.1/prank predict -threads 4 -c alphafold -visualizations 0 -o /root/projects/EnzymeCAGE-master/HPC_Returned_Result_Summaries/enzymecage_m4_e2_full_4681_4gpu_sharded_continuation_20260814/shards/shard_02/per_uid/P82954/p2rank/raw /root/projects/EnzymeCAGE-master/HPC_Returned_Result_Summaries/enzymecage_m4_e2_full_4681_4gpu_sharded_continuation_20260814/shards/shard_02/per_uid/P82954/p2rank/P82954.ds,P2Rank 2.5.1,,,,AFDB structure fetched; P2Rank ran under the approved command contract; no usable top predicted pocket residues were produced or mapped.,False,
P82997,24,v6,97a11979376adcfd28854e0552223c5be25e5a017dc076b8f646cc1fa8ee39fe,/usrdata/EnzymeCAGE_data/tools/p2rank_2.5.1/prank predict -threads 4 -c alphafold -visualizations 0 -o /root/projects/EnzymeCAGE-master/HPC_Returned_Result_Summaries/enzymecage_m4_e2_full_4681_4gpu_sharded_continuation_20260814/shards/shard_00/per_uid/P82997/p2rank/raw /root/projects/EnzymeCAGE-master/HPC_Returned_Result_Summaries/enzymecage_m4_e2_full_4681_4gpu_sharded_continuation_20260814/shards/shard_00/per_uid/P82997/p2rank/P82997.ds,P2Rank 2.5.1,,,,AFDB structure fetched; P2Rank ran under the approved command contract; no usable top predicted pocket residues were produced or mapped.,False,
P83001,30,v6,7d704b004e35b339427600e4974ab9d3440a475b8950e985fe1447132edf638b,/usrdata/EnzymeCAGE_data/tools/p2rank_2.5.1/prank predict -threads 4 -c alphafold -visualizations 0 -o /root/projects/EnzymeCAGE-master/HPC_Returned_Result_Summaries/enzymecage_m4_e2_full_4681_4gpu_sharded_continuation_20260814/shards/shard_03/per_uid/P83001/p2rank/raw /root/projects/EnzymeCAGE-master/HPC_Returned_Result_Summaries/enzymecage_m4_e2_full_4681_4gpu_sharded_continuation_20260814/shards/shard_03/per_uid/P83001/p2rank/P83001.ds,P2Rank 2.5.1,,,,AFDB structure fetched; P2Rank ran under the approved command contract; no usable top predicted pocket residues were produced or mapped.,False,
P83075,20,v6,295b0ddc776cadcc4bed2b6363a1a3b3ee28570922ce7a9dd5cac8dd0c8d5e84,/usrdata/EnzymeCAGE_data/tools/p2rank_2.5.1/prank predict -threads 4 -c alphafold -visualizations 0 -o /root/projects/EnzymeCAGE-master/HPC_Returned_Result_Summaries/enzymecage_m4_e2_full_4681_4gpu_sharded_continuation_20260814/shards/shard_01/per_uid/P83075/p2rank/raw /root/projects/EnzymeCAGE-master/HPC_Returned_Result_Summaries/enzymecage_m4_e2_full_4681_4gpu_sharded_continuation_20260814/shards/shard_01/per_uid/P83075/p2rank/P83075.ds,P2Rank 2.5.1,,,,AFDB structure fetched; P2Rank ran under the approved command contract; no usable top predicted pocket residues were produced or mapped.,False,
P83115,25,v6,229b41849f8094399b8ebf7233c5e539b35b21630c9e739622c47fd56739d85d,/usrdata/EnzymeCAGE_data/tools/p2rank_2.5.1/prank predict -threads 4 -c alphafold -visualizations 0 -o /root/projects/EnzymeCAGE-master/HPC_Returned_Result_Summaries/enzymecage_m4_e2_full_4681_4gpu_sharded_continuation_20260814/shards/shard_03/per_uid/P83115/p2rank/raw /root/projects/EnzymeCAGE-master/HPC_Returned_Result_Summaries/enzymecage_m4_e2_full_4681_4gpu_sharded_continuation_20260814/shards/shard_03/per_uid/P83115/p2rank/P83115.ds,P2Rank 2.5.1,,,,AFDB structure fetched; P2Rank ran under the approved command contract; no usable top predicted pocket residues were produced or mapped.,False,
P83116,25,v6,66aea6fca698c950bc7fbf9276eb3af6afb9c42d22fca8c76c9bea64487bc38e,/usrdata/EnzymeCAGE_data/tools/p2rank_2.5.1/prank predict -threads 4 -c alphafold -visualizations 0 -o /root/projects/EnzymeCAGE-master/HPC_Returned_Result_Summaries/enzymecage_m4_e2_full_4681_4gpu_sharded_continuation_20260814/shards/shard_00/per_uid/P83116/p2rank/raw /root/projects/EnzymeCAGE-master/HPC_Returned_Result_Summaries/enzymecage_m4_e2_full_4681_4gpu_sharded_continuation_20260814/shards/shard_00/per_uid/P83116/p2rank/P83116.ds,P2Rank 2.5.1,,,,AFDB structure fetched; P2Rank ran under the approved command contract; no usable top predicted pocket residues were produced or mapped.,False,
P83117,25,v6,6b4225f042f48364bc39b56f3c8ee4c7b5b6b47af4105f4cfa1959d307995a2e,/usrdata/EnzymeCAGE_data/tools/p2rank_2.5.1/prank predict -threads 4 -c alphafold -visualizations 0 -o /root/projects/EnzymeCAGE-master/HPC_Returned_Result_Summaries/enzymecage_m4_e2_full_4681_4gpu_sharded_continuation_20260814/shards/shard_01/per_uid/P83117/p2rank/raw /root/projects/EnzymeCAGE-master/HPC_Returned_Result_Summaries/enzymecage_m4_e2_full_4681_4gpu_sharded_continuation_20260814/shards/shard_01/per_uid/P83117/p2rank/P83117.ds,P2Rank 2.5.1,,,,AFDB structure fetched; P2Rank ran under the approved command contract; no usable top predicted pocket residues were produced or mapped.,False,
P83155,16,v6,cc614ea77e05fe39764f40490b52528a09902cc57312171fda8a1fa24e2791de,/usrdata/EnzymeCAGE_data/tools/p2rank_2.5.1/prank predict -threads 4 -c alphafold -visualizations 0 -o /root/projects/EnzymeCAGE-master/HPC_Returned_Result_Summaries/enzymecage_m4_e2_full_4681_4gpu_sharded_continuation_20260814/shards/shard_03/per_uid/P83155/p2rank/raw /root/projects/EnzymeCAGE-master/HPC_Returned_Result_Summaries/enzymecage_m4_e2_full_4681_4gpu_sharded_continuation_20260814/shards/shard_03/per_uid/P83155/p2rank/P83155.ds,P2Rank 2.5.1,,,,AFDB structure fetched; P2Rank ran under the approved command contract; no usable top predicted pocket residues were produced or mapped.,False,
P83402,18,v6,93ce38dbfa31eca00e284386743a9628aa643b81c137a5af0535d5d64165a766,/usrdata/EnzymeCAGE_data/tools/p2rank_2.5.1/prank predict -threads 4 -c alphafold -visualizations 0 -o /root/projects/EnzymeCAGE-master/HPC_Returned_Result_Summaries/enzymecage_m4_e2_full_4681_4gpu_sharded_continuation_20260814/shards/shard_00/per_uid/P83402/p2rank/raw /root/projects/EnzymeCAGE-master/HPC_Returned_Result_Summaries/enzymecage_m4_e2_full_4681_4gpu_sharded_continuation_20260814/shards/shard_00/per_uid/P83402/p2rank/P83402.ds,P2Rank 2.5.1,,,,AFDB structure fetched; P2Rank ran under the approved command contract; no usable top predicted pocket residues were produced or mapped.,False,
P83451,40,v6,66eafc80488fcbe1190212d1b0f26839c330f87e6fa836abd1445fd76c23f0f9,/usrdata/EnzymeCAGE_data/tools/p2rank_2.5.1/prank predict -threads 4 -c alphafold -visualizations 0 -o /root/projects/EnzymeCAGE-master/HPC_Returned_Result_Summaries/enzymecage_m4_e2_full_4681_4gpu_sharded_continuation_20260814/shards/shard_01/per_uid/P83451/p2rank/raw /root/projects/EnzymeCAGE-master/HPC_Returned_Result_Summaries/enzymecage_m4_e2_full_4681_4gpu_sharded_continuation_20260814/shards/shard_01/per_uid/P83451/p2rank/P83451.ds,P2Rank 2.5.1,,,,AFDB structure fetched; P2Rank ran under the approved command contract; no usable top predicted pocket residues were produced or mapped.,False,
P83505,32,v6,de47a7b1c21c9f39449913cb9e23b6f4d3a4cf92ebc47f0252e38b4ae550654a,/usrdata/EnzymeCAGE_data/tools/p2rank_2.5.1/prank predict -threads 4 -c alphafold -visualizations 0 -o /root/projects/EnzymeCAGE-master/HPC_Returned_Result_Summaries/enzymecage_m4_e2_full_4681_4gpu_sharded_continuation_20260814/shards/shard_02/per_uid/P83505/p2rank/raw /root/projects/EnzymeCAGE-master/HPC_Returned_Result_Summaries/enzymecage_m4_e2_full_4681_4gpu_sharded_continuation_20260814/shards/shard_02/per_uid/P83505/p2rank/P83505.ds,P2Rank 2.5.1,,,,AFDB structure fetched; P2Rank ran under the approved command contract; no usable top predicted pocket residues were produced or mapped.,False,
P83540,20,v6,1421e0ddcbda417e7b4d958cb1e206b16493be0d70ffd9c5042fa08c3bac9111,/usrdata/EnzymeCAGE_data/tools/p2rank_2.5.1/prank predict -threads 4 -c alphafold -visualizations 0 -o /root/projects/EnzymeCAGE-master/HPC_Returned_Result_Summaries/enzymecage_m4_e2_full_4681_4gpu_sharded_continuation_20260814/shards/shard_03/per_uid/P83540/p2rank/raw /root/projects/EnzymeCAGE-master/HPC_Returned_Result_Summaries/enzymecage_m4_e2_full_4681_4gpu_sharded_continuation_20260814/shards/shard_03/per_uid/P83540/p2rank/P83540.ds,P2Rank 2.5.1,,,,AFDB structure fetched; P2Rank ran under the approved command contract; no usable top predicted pocket residues were produced or mapped.,False,
P83542,42,v6,e51b09a6152b6b5f8d1306dc456dff00310bdd6009817abe9596db5692e1c0b9,/usrdata/EnzymeCAGE_data/tools/p2rank_2.5.1/prank predict -threads 4 -c alphafold -visualizations 0 -o /root/projects/EnzymeCAGE-master/HPC_Returned_Result_Summaries/enzymecage_m4_e2_full_4681_4gpu_sharded_continuation_20260814/shards/shard_00/per_uid/P83542/p2rank/raw /root/projects/EnzymeCAGE-master/HPC_Returned_Result_Summaries/enzymecage_m4_e2_full_4681_4gpu_sharded_continuation_20260814/shards/shard_00/per_uid/P83542/p2rank/P83542.ds,P2Rank 2.5.1,,,,AFDB structure fetched; P2Rank ran under the approved command contract; no usable top predicted pocket residues were produced or mapped.,False,
P84208,32,v6,ef346706cec58c37eb35b1c2add165d15f38862ceb0e1c61a329fa153517ac30,/usrdata/EnzymeCAGE_data/tools/p2rank_2.5.1/prank predict -threads 4 -c alphafold -visualizations 0 -o /root/projects/EnzymeCAGE-master/HPC_Returned_Result_Summaries/enzymecage_m4_e2_full_4681_4gpu_sharded_continuation_20260814/shards/shard_01/per_uid/P84208/p2rank/raw /root/projects/EnzymeCAGE-master/HPC_Returned_Result_Summaries/enzymecage_m4_e2_full_4681_4gpu_sharded_continuation_20260814/shards/shard_01/per_uid/P84208/p2rank/P84208.ds,P2Rank 2.5.1,,,,AFDB structure fetched; P2Rank ran under the approved command contract; no usable top predicted pocket residues were produced or mapped.,False,
P84209,31,v6,e16e698c5c9f4148e285a9e469b85aa3d7778f21654973f0877afaccaa329f1a,/usrdata/EnzymeCAGE_data/tools/p2rank_2.5.1/prank predict -threads 4 -c alphafold -visualizations 0 -o /root/projects/EnzymeCAGE-master/HPC_Returned_Result_Summaries/enzymecage_m4_e2_full_4681_4gpu_sharded_continuation_20260814/shards/shard_02/per_uid/P84209/p2rank/raw /root/projects/EnzymeCAGE-master/HPC_Returned_Result_Summaries/enzymecage_m4_e2_full_4681_4gpu_sharded_continuation_20260814/shards/shard_02/per_uid/P84209/p2rank/P84209.ds,P2Rank 2.5.1,,,,AFDB structure fetched; P2Rank ran under the approved command contract; no usable top predicted pocket residues were produced or mapped.,False,
P84210,37,v6,dbabcfd325ef5702ff676f553d3ca4e06e8f4f81c84e7316c69c336b9218ff09,/usrdata/EnzymeCAGE_data/tools/p2rank_2.5.1/prank predict -threads 4 -c alphafold -visualizations 0 -o /root/projects/EnzymeCAGE-master/HPC_Returned_Result_Summaries/enzymecage_m4_e2_full_4681_4gpu_sharded_continuation_20260814/shards/shard_03/per_uid/P84210/p2rank/raw /root/projects/EnzymeCAGE-master/HPC_Returned_Result_Summaries/enzymecage_m4_e2_full_4681_4gpu_sharded_continuation_20260814/shards/shard_03/per_uid/P84210/p2rank/P84210.ds,P2Rank 2.5.1,,,,AFDB structure fetched; P2Rank ran under the approved command contract; no usable top predicted pocket residues were produced or mapped.,False,
P84463,21,v6,f3d7352436d536dd350a7d8766fa701440d8782e56b762473bfa4c61cdbb8704,/usrdata/EnzymeCAGE_data/tools/p2rank_2.5.1/prank predict -threads 4 -c alphafold -visualizations 0 -o /root/projects/EnzymeCAGE-master/HPC_Returned_Result_Summaries/enzymecage_m4_e2_full_4681_4gpu_sharded_continuation_20260814/shards/shard_02/per_uid/P84463/p2rank/raw /root/projects/EnzymeCAGE-master/HPC_Returned_Result_Summaries/enzymecage_m4_e2_full_4681_4gpu_sharded_continuation_20260814/shards/shard_02/per_uid/P84463/p2rank/P84463.ds,P2Rank 2.5.1,,,,AFDB structure fetched; P2Rank ran under the approved command contract; no usable top predicted pocket residues were produced or mapped.,False,
P84468,20,v6,ee80097f817806b095dbf17498581e344aef855639d49e98dfb019be217db20e,/usrdata/EnzymeCAGE_data/tools/p2rank_2.5.1/prank predict -threads 4 -c alphafold -visualizations 0 -o /root/projects/EnzymeCAGE-master/HPC_Returned_Result_Summaries/enzymecage_m4_e2_full_4681_4gpu_sharded_continuation_20260814/shards/shard_03/per_uid/P84468/p2rank/raw /root/projects/EnzymeCAGE-master/HPC_Returned_Result_Summaries/enzymecage_m4_e2_full_4681_4gpu_sharded_continuation_20260814/shards/shard_03/per_uid/P84468/p2rank/P84468.ds,P2Rank 2.5.1,,,,AFDB structure fetched; P2Rank ran under the approved command contract; no usable top predicted pocket residues were produced or mapped.,False,
P84469,27,v6,6d88dbee23088d76f7e448c45004f6109a69be67ac3f341361cedbd327bbab1b,/usrdata/EnzymeCAGE_data/tools/p2rank_2.5.1/prank predict -threads 4 -c alphafold -visualizations 0 -o /root/projects/EnzymeCAGE-master/HPC_Returned_Result_Summaries/enzymecage_m4_e2_full_4681_4gpu_sharded_continuation_20260814/shards/shard_00/per_uid/P84469/p2rank/raw /root/projects/EnzymeCAGE-master/HPC_Returned_Result_Summaries/enzymecage_m4_e2_full_4681_4gpu_sharded_continuation_20260814/shards/shard_00/per_uid/P84469/p2rank/P84469.ds,P2Rank 2.5.1,,,,AFDB structure fetched; P2Rank ran under the approved command contract; no usable top predicted pocket residues were produced or mapped.,False,
P84538,29,v6,4f576ee2e22b0f22b4428dd2d8cb21d009aff22081bfcbe4645178764a858712,/usrdata/EnzymeCAGE_data/tools/p2rank_2.5.1/prank predict -threads 4 -c alphafold -visualizations 0 -o /root/projects/EnzymeCAGE-master/HPC_Returned_Result_Summaries/enzymecage_m4_e2_full_4681_4gpu_sharded_continuation_20260814/shards/shard_00/per_uid/P84538/p2rank/raw /root/projects/EnzymeCAGE-master/HPC_Returned_Result_Summaries/enzymecage_m4_e2_full_4681_4gpu_sharded_continuation_20260814/shards/shard_00/per_uid/P84538/p2rank/P84538.ds,P2Rank 2.5.1,,,,AFDB structure fetched; P2Rank ran under the approved command contract; no usable top predicted pocket residues were produced or mapped.,False,
P84539,23,v6,be36b4c6ad3eca2fad80704b0abeb82f9ff925ecaf5dab4fffb792b374acbc42,/usrdata/EnzymeCAGE_data/tools/p2rank_2.5.1/prank predict -threads 4 -c alphafold -visualizations 0 -o /root/projects/EnzymeCAGE-master/HPC_Returned_Result_Summaries/enzymecage_m4_e2_full_4681_4gpu_sharded_continuation_20260814/shards/shard_01/per_uid/P84539/p2rank/raw /root/projects/EnzymeCAGE-master/HPC_Returned_Result_Summaries/enzymecage_m4_e2_full_4681_4gpu_sharded_continuation_20260814/shards/shard_01/per_uid/P84539/p2rank/P84539.ds,P2Rank 2.5.1,,,,AFDB structure fetched; P2Rank ran under the approved command contract; no usable top predicted pocket residues were produced or mapped.,False,
P84541,26,v6,adbff739b5776f5fdf68f38024af921518b042d1fce4aea1a3e858d4a0b5cf97,/usrdata/EnzymeCAGE_data/tools/p2rank_2.5.1/prank predict -threads 4 -c alphafold -visualizations 0 -o /root/projects/EnzymeCAGE-master/HPC_Returned_Result_Summaries/enzymecage_m4_e2_full_4681_4gpu_sharded_continuation_20260814/shards/shard_03/per_uid/P84541/p2rank/raw /root/projects/EnzymeCAGE-master/HPC_Returned_Result_Summaries/enzymecage_m4_e2_full_4681_4gpu_sharded_continuation_20260814/shards/shard_03/per_uid/P84541/p2rank/P84541.ds,P2Rank 2.5.1,,,,AFDB structure fetched; P2Rank ran under the approved command contract; no usable top predicted pocket residues were produced or mapped.,False,
P84542,21,v6,725f52ae1477c1881a4bf6c0b1daa1ddcdeccc80ff8d7147189c1fd21f152982,/usrdata/EnzymeCAGE_data/tools/p2rank_2.5.1/prank predict -threads 4 -c alphafold -visualizations 0 -o /root/projects/EnzymeCAGE-master/HPC_Returned_Result_Summaries/enzymecage_m4_e2_full_4681_4gpu_sharded_continuation_20260814/shards/shard_00/per_uid/P84542/p2rank/raw /root/projects/EnzymeCAGE-master/HPC_Returned_Result_Summaries/enzymecage_m4_e2_full_4681_4gpu_sharded_continuation_20260814/shards/shard_00/per_uid/P84542/p2rank/P84542.ds,P2Rank 2.5.1,,,,AFDB structure fetched; P2Rank ran under the approved command contract; no usable top predicted pocket residues were produced or mapped.,False,
P84543,20,v6,a9b2a9ee69e8c9d7a7345ef02ce42d3534587c42bcec8dafa18dd8c315142255,/usrdata/EnzymeCAGE_data/tools/p2rank_2.5.1/prank predict -threads 4 -c alphafold -visualizations 0 -o /root/projects/EnzymeCAGE-master/HPC_Returned_Result_Summaries/enzymecage_m4_e2_full_4681_4gpu_sharded_continuation_20260814/shards/shard_01/per_uid/P84543/p2rank/raw /root/projects/EnzymeCAGE-master/HPC_Returned_Result_Summaries/enzymecage_m4_e2_full_4681_4gpu_sharded_continuation_20260814/shards/shard_01/per_uid/P84543/p2rank/P84543.ds,P2Rank 2.5.1,,,,AFDB structure fetched; P2Rank ran under the approved command contract; no usable top predicted pocket residues were produced or mapped.,False,
P84546,40,v6,c760d47405516f54734b6ef2c03560e912914a25df5021f28430c350cb6d9685,/usrdata/EnzymeCAGE_data/tools/p2rank_2.5.1/prank predict -threads 4 -c alphafold -visualizations 0 -o /root/projects/EnzymeCAGE-master/HPC_Returned_Result_Summaries/enzymecage_m4_e2_full_4681_4gpu_sharded_continuation_20260814/shards/shard_00/per_uid/P84546/p2rank/raw /root/projects/EnzymeCAGE-master/HPC_Returned_Result_Summaries/enzymecage_m4_e2_full_4681_4gpu_sharded_continuation_20260814/shards/shard_00/per_uid/P84546/p2rank/P84546.ds,P2Rank 2.5.1,,,,AFDB structure fetched; P2Rank ran under the approved command contract; no usable top predicted pocket residues were produced or mapped.,False,
P84548,48,v6,cbd27593f6027ae4a79ee29e40ce550697d1e3faabb4a9abfe8e93816f6c54fb,/usrdata/EnzymeCAGE_data/tools/p2rank_2.5.1/prank predict -threads 4 -c alphafold -visualizations 0 -o /root/projects/EnzymeCAGE-master/HPC_Returned_Result_Summaries/enzymecage_m4_e2_full_4681_4gpu_sharded_continuation_20260814/shards/shard_02/per_uid/P84548/p2rank/raw /root/projects/EnzymeCAGE-master/HPC_Returned_Result_Summaries/enzymecage_m4_e2_full_4681_4gpu_sharded_continuation_20260814/shards/shard_02/per_uid/P84548/p2rank/P84548.ds,P2Rank 2.5.1,,,,AFDB structure fetched; P2Rank ran under the approved command contract; no usable top predicted pocket residues were produced or mapped.,False,
P84549,50,v6,a56790d3cdb907b39cbc8671a38a2f2f638baea0312f3121b572fbe2c9c45f4c,/usrdata/EnzymeCAGE_data/tools/p2rank_2.5.1/prank predict -threads 4 -c alphafold -visualizations 0 -o /root/projects/EnzymeCAGE-master/HPC_Returned_Result_Summaries/enzymecage_m4_e2_full_4681_4gpu_sharded_continuation_20260814/shards/shard_03/per_uid/P84549/p2rank/raw /root/projects/EnzymeCAGE-master/HPC_Returned_Result_Summaries/enzymecage_m4_e2_full_4681_4gpu_sharded_continuation_20260814/shards/shard_03/per_uid/P84549/p2rank/P84549.ds,P2Rank 2.5.1,,,,AFDB structure fetched; P2Rank ran under the approved command contract; no usable top predicted pocket residues were produced or mapped.,False,
P84582,98,v6,e46b612562a1a540dc24e31e127288e89d96472e022c010b8682b82b20b66b08,/usrdata/EnzymeCAGE_data/tools/p2rank_2.5.1/prank predict -threads 4 -c alphafold -visualizations 0 -o /root/projects/EnzymeCAGE-master/HPC_Returned_Result_Summaries/enzymecage_m4_e2_full_4681_4gpu_sharded_continuation_20260814/shards/shard_00/per_uid/P84582/p2rank/raw /root/projects/EnzymeCAGE-master/HPC_Returned_Result_Summaries/enzymecage_m4_e2_full_4681_4gpu_sharded_continuation_20260814/shards/shard_00/per_uid/P84582/p2rank/P84582.ds,P2Rank 2.5.1,,,,AFDB structure fetched; P2Rank ran under the approved command contract; no usable top predicted pocket residues were produced or mapped.,False,
P84714,43,v6,bce03c49be71c7c681dcec97abc5ef0d9285e0a2fe54cb811e0305c547424604,/usrdata/EnzymeCAGE_data/tools/p2rank_2.5.1/prank predict -threads 4 -c alphafold -visualizations 0 -o /root/projects/EnzymeCAGE-master/HPC_Returned_Result_Summaries/enzymecage_m4_e2_full_4681_4gpu_sharded_continuation_20260814/shards/shard_01/per_uid/P84714/p2rank/raw /root/projects/EnzymeCAGE-master/HPC_Returned_Result_Summaries/enzymecage_m4_e2_full_4681_4gpu_sharded_continuation_20260814/shards/shard_01/per_uid/P84714/p2rank/P84714.ds,P2Rank 2.5.1,,,,AFDB structure fetched; P2Rank ran under the approved command contract; no usable top predicted pocket residues were produced or mapped.,False,
P84719,22,v6,d4508f8cc3283bc5fca96ae9195d7d9b5ed56cad2bf974a73ba7c25a5d7a9031,/usrdata/EnzymeCAGE_data/tools/p2rank_2.5.1/prank predict -threads 4 -c alphafold -visualizations 0 -o /root/projects/EnzymeCAGE-master/HPC_Returned_Result_Summaries/enzymecage_m4_e2_full_4681_4gpu_sharded_continuation_20260814/shards/shard_02/per_uid/P84719/p2rank/raw /root/projects/EnzymeCAGE-master/HPC_Returned_Result_Summaries/enzymecage_m4_e2_full_4681_4gpu_sharded_continuation_20260814/shards/shard_02/per_uid/P84719/p2rank/P84719.ds,P2Rank 2.5.1,,,,AFDB structure fetched; P2Rank ran under the approved command contract; no usable top predicted pocket residues were produced or mapped.,False,
P84729,56,v6,56983aeec9d624bbd37abab4bdd82e39e57b47bd09e6db92382dcf3a8d895b8e,/usrdata/EnzymeCAGE_data/tools/p2rank_2.5.1/prank predict -threads 4 -c alphafold -visualizations 0 -o /root/projects/EnzymeCAGE-master/HPC_Returned_Result_Summaries/enzymecage_m4_e2_full_4681_4gpu_sharded_continuation_20260814/shards/shard_00/per_uid/P84729/p2rank/raw /root/projects/EnzymeCAGE-master/HPC_Returned_Result_Summaries/enzymecage_m4_e2_full_4681_4gpu_sharded_continuation_20260814/shards/shard_00/per_uid/P84729/p2rank/P84729.ds,P2Rank 2.5.1,,,,AFDB structure fetched; P2Rank ran under the approved command contract; no usable top predicted pocket residues were produced or mapped.,False,
P84981,19,v6,4e2e1a390e4b103a254df6445783ea964498cbdd28a2032082cd66493e5fb4a4,/usrdata/EnzymeCAGE_data/tools/p2rank_2.5.1/prank predict -threads 4 -c alphafold -visualizations 0 -o /root/projects/EnzymeCAGE-master/HPC_Returned_Result_Summaries/enzymecage_m4_e2_full_4681_4gpu_sharded_continuation_20260814/shards/shard_03/per_uid/P84981/p2rank/raw /root/projects/EnzymeCAGE-master/HPC_Returned_Result_Summaries/enzymecage_m4_e2_full_4681_4gpu_sharded_continuation_20260814/shards/shard_03/per_uid/P84981/p2rank/P84981.ds,P2Rank 2.5.1,,,,AFDB structure fetched; P2Rank ran under the approved command contract; no usable top predicted pocket residues were produced or mapped.,False,
P84983,21,v6,990ddb91f2b722c2c43a19ad453c0befadd06ddb7a3e27bc7ee2156c6564789c,/usrdata/EnzymeCAGE_data/tools/p2rank_2.5.1/prank predict -threads 4 -c alphafold -visualizations 0 -o /root/projects/EnzymeCAGE-master/HPC_Returned_Result_Summaries/enzymecage_m4_e2_full_4681_4gpu_sharded_continuation_20260814/shards/shard_00/per_uid/P84983/p2rank/raw /root/projects/EnzymeCAGE-master/HPC_Returned_Result_Summaries/enzymecage_m4_e2_full_4681_4gpu_sharded_continuation_20260814/shards/shard_00/per_uid/P84983/p2rank/P84983.ds,P2Rank 2.5.1,,,,AFDB structure fetched; P2Rank ran under the approved command contract; no usable top predicted pocket residues were produced or mapped.,False,
P84984,38,v6,1f9387ded177f706314e75f367f9f654e67ed7b3054ebf996fd567f58e96dd12,/usrdata/EnzymeCAGE_data/tools/p2rank_2.5.1/prank predict -threads 4 -c alphafold -visualizations 0 -o /root/projects/EnzymeCAGE-master/HPC_Returned_Result_Summaries/enzymecage_m4_e2_full_4681_4gpu_sharded_continuation_20260814/shards/shard_01/per_uid/P84984/p2rank/raw /root/projects/EnzymeCAGE-master/HPC_Returned_Result_Summaries/enzymecage_m4_e2_full_4681_4gpu_sharded_continuation_20260814/shards/shard_01/per_uid/P84984/p2rank/P84984.ds,P2Rank 2.5.1,,,,AFDB structure fetched; P2Rank ran under the approved command contract; no usable top predicted pocket residues were produced or mapped.,False,
P85061,30,v6,e22ebd5dbff323403f792142800d478691525d8cdf68bbce43e498f5bbd38a52,/usrdata/EnzymeCAGE_data/tools/p2rank_2.5.1/prank predict -threads 4 -c alphafold -visualizations 0 -o /root/projects/EnzymeCAGE-master/HPC_Returned_Result_Summaries/enzymecage_m4_e2_full_4681_4gpu_sharded_continuation_20260814/shards/shard_00/per_uid/P85061/p2rank/raw /root/projects/EnzymeCAGE-master/HPC_Returned_Result_Summaries/enzymecage_m4_e2_full_4681_4gpu_sharded_continuation_20260814/shards/shard_00/per_uid/P85061/p2rank/P85061.ds,P2Rank 2.5.1,,,,AFDB structure fetched; P2Rank ran under the approved command contract; no usable top predicted pocket residues were produced or mapped.,False,
P85062,29,v6,057a2050b43e47e9552988035c9c03f2abd129719338a11e249075db3d6237cc,/usrdata/EnzymeCAGE_data/tools/p2rank_2.5.1/prank predict -threads 4 -c alphafold -visualizations 0 -o /root/projects/EnzymeCAGE-master/HPC_Returned_Result_Summaries/enzymecage_m4_e2_full_4681_4gpu_sharded_continuation_20260814/shards/shard_01/per_uid/P85062/p2rank/raw /root/projects/EnzymeCAGE-master/HPC_Returned_Result_Summaries/enzymecage_m4_e2_full_4681_4gpu_sharded_continuation_20260814/shards/shard_01/per_uid/P85062/p2rank/P85062.ds,P2Rank 2.5.1,,,,AFDB structure fetched; P2Rank ran under the approved command contract; no usable top predicted pocket residues were produced or mapped.,False,
P85087,51,v6,b64b10942a3df2ac183bb6d5902a54a497886124452e640f0836efdcf85986ba,/usrdata/EnzymeCAGE_data/tools/p2rank_2.5.1/prank predict -threads 4 -c alphafold -visualizations 0 -o /root/projects/EnzymeCAGE-master/HPC_Returned_Result_Summaries/enzymecage_m4_e2_full_4681_4gpu_sharded_continuation_20260814/shards/shard_03/per_uid/P85087/p2rank/raw /root/projects/EnzymeCAGE-master/HPC_Returned_Result_Summaries/enzymecage_m4_e2_full_4681_4gpu_sharded_continuation_20260814/shards/shard_03/per_uid/P85087/p2rank/P85087.ds,P2Rank 2.5.1,,,,AFDB structure fetched; P2Rank ran under the approved command contract; no usable top predicted pocket residues were produced or mapped.,False,
P85088,62,v6,0ab6e21f4a3fc17d45ef56762d73f36046d5de81edb5c5a0307a3640f1dee567,/usrdata/EnzymeCAGE_data/tools/p2rank_2.5.1/prank predict -threads 4 -c alphafold -visualizations 0 -o /root/projects/EnzymeCAGE-master/HPC_Returned_Result_Summaries/enzymecage_m4_e2_full_4681_4gpu_sharded_continuation_20260814/shards/shard_00/per_uid/P85088/p2rank/raw /root/projects/EnzymeCAGE-master/HPC_Returned_Result_Summaries/enzymecage_m4_e2_full_4681_4gpu_sharded_continuation_20260814/shards/shard_00/per_uid/P85088/p2rank/P85088.ds,P2Rank 2.5.1,,,,AFDB structure fetched; P2Rank ran under the approved command contract; no usable top predicted pocket residues were produced or mapped.,False,
P85217,17,v6,a1f7350fe28a729dba5bad08d8b2dd54e5cca57b114c41ed602a1c0aa05c3349,/usrdata/EnzymeCAGE_data/tools/p2rank_2.5.1/prank predict -threads 4 -c alphafold -visualizations 0 -o /root/projects/EnzymeCAGE-master/HPC_Returned_Result_Summaries/enzymecage_m4_e2_full_4681_4gpu_sharded_continuation_20260814/shards/shard_01/per_uid/P85217/p2rank/raw /root/projects/EnzymeCAGE-master/HPC_Returned_Result_Summaries/enzymecage_m4_e2_full_4681_4gpu_sharded_continuation_20260814/shards/shard_01/per_uid/P85217/p2rank/P85217.ds,P2Rank 2.5.1,,,,AFDB structure fetched; P2Rank ran under the approved command contract; no usable top predicted pocket residues were produced or mapped.,False,
P85331,20,v6,9d742947736481f9a5290d8f9dfe448720a3efa09f096408598a46f30ff681a6,/usrdata/EnzymeCAGE_data/tools/p2rank_2.5.1/prank predict -threads 4 -c alphafold -visualizations 0 -o /root/projects/EnzymeCAGE-master/HPC_Returned_Result_Summaries/enzymecage_m4_e2_full_4681_4gpu_sharded_continuation_20260814/shards/shard_03/per_uid/P85331/p2rank/raw /root/projects/EnzymeCAGE-master/HPC_Returned_Result_Summaries/enzymecage_m4_e2_full_4681_4gpu_sharded_continuation_20260814/shards/shard_03/per_uid/P85331/p2rank/P85331.ds,P2Rank 2.5.1,,,,AFDB structure fetched; P2Rank ran under the approved command contract; no usable top predicted pocket residues were produced or mapped.,False,
P85334,19,v6,fcc9ad98a5d37dc89299a06741f1f56c8807b76ac70e190081985b82db43dbfe,/usrdata/EnzymeCAGE_data/tools/p2rank_2.5.1/prank predict -threads 4 -c alphafold -visualizations 0 -o /root/projects/EnzymeCAGE-master/HPC_Returned_Result_Summaries/enzymecage_m4_e2_full_4681_4gpu_sharded_continuation_20260814/shards/shard_02/per_uid/P85334/p2rank/raw /root/projects/EnzymeCAGE-master/HPC_Returned_Result_Summaries/enzymecage_m4_e2_full_4681_4gpu_sharded_continuation_20260814/shards/shard_02/per_uid/P85334/p2rank/P85334.ds,P2Rank 2.5.1,,,,AFDB structure fetched; P2Rank ran under the approved command contract; no usable top predicted pocket residues were produced or mapped.,False,
P85413,60,v6,d9e221414ea716f3076bf225b156287ce4540bd1942a90efcd8c111c2a5f9df7,/usrdata/EnzymeCAGE_data/tools/p2rank_2.5.1/prank predict -threads 4 -c alphafold -visualizations 0 -o /root/projects/EnzymeCAGE-master/HPC_Returned_Result_Summaries/enzymecage_m4_e2_full_4681_4gpu_sharded_continuation_20260814/shards/shard_02/per_uid/P85413/p2rank/raw /root/projects/EnzymeCAGE-master/HPC_Returned_Result_Summaries/enzymecage_m4_e2_full_4681_4gpu_sharded_continuation_20260814/shards/shard_02/per_uid/P85413/p2rank/P85413.ds,P2Rank 2.5.1,,,,AFDB structure fetched; P2Rank ran under the approved command contract; no usable top predicted pocket residues were produced or mapped.,False,
P85431,22,v6,311774de052323c461b65fef9c1bcf70dbc89c9496702ec9e556d0e848b6b6fb,/usrdata/EnzymeCAGE_data/tools/p2rank_2.5.1/prank predict -threads 4 -c alphafold -visualizations 0 -o /root/projects/EnzymeCAGE-master/HPC_Returned_Result_Summaries/enzymecage_m4_e2_full_4681_4gpu_sharded_continuation_20260814/shards/shard_03/per_uid/P85431/p2rank/raw /root/projects/EnzymeCAGE-master/HPC_Returned_Result_Summaries/enzymecage_m4_e2_full_4681_4gpu_sharded_continuation_20260814/shards/shard_03/per_uid/P85431/p2rank/P85431.ds,P2Rank 2.5.1,,,,AFDB structure fetched; P2Rank ran under the approved command contract; no usable top predicted pocket residues were produced or mapped.,False,
P85433,24,v6,9f9559add54a79b0a88dcaa8eb65523f15fe214d0d30dc92cba3f80992801b72,/usrdata/EnzymeCAGE_data/tools/p2rank_2.5.1/prank predict -threads 4 -c alphafold -visualizations 0 -o /root/projects/EnzymeCAGE-master/HPC_Returned_Result_Summaries/enzymecage_m4_e2_full_4681_4gpu_sharded_continuation_20260814/shards/shard_01/per_uid/P85433/p2rank/raw /root/projects/EnzymeCAGE-master/HPC_Returned_Result_Summaries/enzymecage_m4_e2_full_4681_4gpu_sharded_continuation_20260814/shards/shard_01/per_uid/P85433/p2rank/P85433.ds,P2Rank 2.5.1,,,,AFDB structure fetched; P2Rank ran under the approved command contract; no usable top predicted pocket residues were produced or mapped.,False,
P85438,31,v6,33c560aa90cde14c7eb1e1b0bd464ec758eb7a11bd1c3d2f85180451c587eda5,/usrdata/EnzymeCAGE_data/tools/p2rank_2.5.1/prank predict -threads 4 -c alphafold -visualizations 0 -o /root/projects/EnzymeCAGE-master/HPC_Returned_Result_Summaries/enzymecage_m4_e2_full_4681_4gpu_sharded_continuation_20260814/shards/shard_03/per_uid/P85438/p2rank/raw /root/projects/EnzymeCAGE-master/HPC_Returned_Result_Summaries/enzymecage_m4_e2_full_4681_4gpu_sharded_continuation_20260814/shards/shard_03/per_uid/P85438/p2rank/P85438.ds,P2Rank 2.5.1,,,,AFDB structure fetched; P2Rank ran under the approved command contract; no usable top predicted pocket residues were produced or mapped.,False,
P85439,46,v6,c3e4608aae5a6b41ee4209d0d0bdba20c6e000aab38b55dec18d9be876334cb5,/usrdata/EnzymeCAGE_data/tools/p2rank_2.5.1/prank predict -threads 4 -c alphafold -visualizations 0 -o /root/projects/EnzymeCAGE-master/HPC_Returned_Result_Summaries/enzymecage_m4_e2_full_4681_4gpu_sharded_continuation_20260814/shards/shard_00/per_uid/P85439/p2rank/raw /root/projects/EnzymeCAGE-master/HPC_Returned_Result_Summaries/enzymecage_m4_e2_full_4681_4gpu_sharded_continuation_20260814/shards/shard_00/per_uid/P85439/p2rank/P85439.ds,P2Rank 2.5.1,,,,AFDB structure fetched; P2Rank ran under the approved command contract; no usable top predicted pocket residues were produced or mapped.,False,
P85440,31,v6,8ac25205a2475942a15c47f1f242a808323890e0c3ef505770654de63b9c0cc6,/usrdata/EnzymeCAGE_data/tools/p2rank_2.5.1/prank predict -threads 4 -c alphafold -visualizations 0 -o /root/projects/EnzymeCAGE-master/HPC_Returned_Result_Summaries/enzymecage_m4_e2_full_4681_4gpu_sharded_continuation_20260814/shards/shard_01/per_uid/P85440/p2rank/raw /root/projects/EnzymeCAGE-master/HPC_Returned_Result_Summaries/enzymecage_m4_e2_full_4681_4gpu_sharded_continuation_20260814/shards/shard_01/per_uid/P85440/p2rank/P85440.ds,P2Rank 2.5.1,,,,AFDB structure fetched; P2Rank ran under the approved command contract; no usable top predicted pocket residues were produced or mapped.,False,
P85441,26,v6,25f033cb52b374bd8fa764bdd8e38a73fe2215ccd90d1ccec641836de354155b,/usrdata/EnzymeCAGE_data/tools/p2rank_2.5.1/prank predict -threads 4 -c alphafold -visualizations 0 -o /root/projects/EnzymeCAGE-master/HPC_Returned_Result_Summaries/enzymecage_m4_e2_full_4681_4gpu_sharded_continuation_20260814/shards/shard_02/per_uid/P85441/p2rank/raw /root/projects/EnzymeCAGE-master/HPC_Returned_Result_Summaries/enzymecage_m4_e2_full_4681_4gpu_sharded_continuation_20260814/shards/shard_02/per_uid/P85441/p2rank/P85441.ds,P2Rank 2.5.1,,,,AFDB structure fetched; P2Rank ran under the approved command contract; no usable top predicted pocket residues were produced or mapped.,False,
P85906,46,v6,830175ce8ecfd0c3221f03e5639b8a6533bf4ac0c7ad2f07446f6a022c7863ee,/usrdata/EnzymeCAGE_data/tools/p2rank_2.5.1/prank predict -threads 4 -c alphafold -visualizations 0 -o /root/projects/EnzymeCAGE-master/HPC_Returned_Result_Summaries/enzymecage_m4_e2_full_4681_4gpu_sharded_continuation_20260814/shards/shard_03/per_uid/P85906/p2rank/raw /root/projects/EnzymeCAGE-master/HPC_Returned_Result_Summaries/enzymecage_m4_e2_full_4681_4gpu_sharded_continuation_20260814/shards/shard_03/per_uid/P85906/p2rank/P85906.ds,P2Rank 2.5.1,,,,AFDB structure fetched; P2Rank ran under the approved command contract; no usable top predicted pocket residues were produced or mapped.,False,
P85910,18,v6,6773ddc4b1221944187d1231f9215f13fcd016bada92150e08244b0149344b54,/usrdata/EnzymeCAGE_data/tools/p2rank_2.5.1/prank predict -threads 4 -c alphafold -visualizations 0 -o /root/projects/EnzymeCAGE-master/HPC_Returned_Result_Summaries/enzymecage_m4_e2_full_4681_4gpu_sharded_continuation_20260814/shards/shard_00/per_uid/P85910/p2rank/raw /root/projects/EnzymeCAGE-master/HPC_Returned_Result_Summaries/enzymecage_m4_e2_full_4681_4gpu_sharded_continuation_20260814/shards/shard_00/per_uid/P85910/p2rank/P85910.ds,P2Rank 2.5.1,,,,AFDB structure fetched; P2Rank ran under the approved command contract; no usable top predicted pocket residues were produced or mapped.,False,
P85911,45,v6,835cf0b1438187e2cb9324e998574c07d37bee0b8906661ae8b911336fdd3522,/usrdata/EnzymeCAGE_data/tools/p2rank_2.5.1/prank predict -threads 4 -c alphafold -visualizations 0 -o /root/projects/EnzymeCAGE-master/HPC_Returned_Result_Summaries/enzymecage_m4_e2_full_4681_4gpu_sharded_continuation_20260814/shards/shard_01/per_uid/P85911/p2rank/raw /root/projects/EnzymeCAGE-master/HPC_Returned_Result_Summaries/enzymecage_m4_e2_full_4681_4gpu_sharded_continuation_20260814/shards/shard_01/per_uid/P85911/p2rank/P85911.ds,P2Rank 2.5.1,,,,AFDB structure fetched; P2Rank ran under the approved command contract; no usable top predicted pocket residues were produced or mapped.,False,
P85913,20,v6,cc51e800e75eef807a2e6e445331c74465f9667cdaa54949ede175aa6cb53d4f,/usrdata/EnzymeCAGE_data/tools/p2rank_2.5.1/prank predict -threads 4 -c alphafold -visualizations 0 -o /root/projects/EnzymeCAGE-master/HPC_Returned_Result_Summaries/enzymecage_m4_e2_full_4681_4gpu_sharded_continuation_20260814/shards/shard_02/per_uid/P85913/p2rank/raw /root/projects/EnzymeCAGE-master/HPC_Returned_Result_Summaries/enzymecage_m4_e2_full_4681_4gpu_sharded_continuation_20260814/shards/shard_02/per_uid/P85913/p2rank/P85913.ds,P2Rank 2.5.1,,,,AFDB structure fetched; P2Rank ran under the approved command contract; no usable top predicted pocket residues were produced or mapped.,False,
P85916,41,v6,b745ad86344e446022d352b95365a513d2bd49f0a301544dce0d28814560198b,/usrdata/EnzymeCAGE_data/tools/p2rank_2.5.1/prank predict -threads 4 -c alphafold -visualizations 0 -o /root/projects/EnzymeCAGE-master/HPC_Returned_Result_Summaries/enzymecage_m4_e2_full_4681_4gpu_sharded_continuation_20260814/shards/shard_03/per_uid/P85916/p2rank/raw /root/projects/EnzymeCAGE-master/HPC_Returned_Result_Summaries/enzymecage_m4_e2_full_4681_4gpu_sharded_continuation_20260814/shards/shard_03/per_uid/P85916/p2rank/P85916.ds,P2Rank 2.5.1,,,,AFDB structure fetched; P2Rank ran under the approved command contract; no usable top predicted pocket residues were produced or mapped.,False,
P85918,22,v6,852fa989c919156836a2468cd7c6920fab8b589cb283b6834b1f55fd845d63c8,/usrdata/EnzymeCAGE_data/tools/p2rank_2.5.1/prank predict -threads 4 -c alphafold -visualizations 0 -o /root/projects/EnzymeCAGE-master/HPC_Returned_Result_Summaries/enzymecage_m4_e2_full_4681_4gpu_sharded_continuation_20260814/shards/shard_00/per_uid/P85918/p2rank/raw /root/projects/EnzymeCAGE-master/HPC_Returned_Result_Summaries/enzymecage_m4_e2_full_4681_4gpu_sharded_continuation_20260814/shards/shard_00/per_uid/P85918/p2rank/P85918.ds,P2Rank 2.5.1,,,,AFDB structure fetched; P2Rank ran under the approved command contract; no usable top predicted pocket residues were produced or mapped.,False,
P85920,23,v6,fbf957b43f2ccc3561dfbd6b0a20587f1cc57f187d361d741116be7c4d0b363b,/usrdata/EnzymeCAGE_data/tools/p2rank_2.5.1/prank predict -threads 4 -c alphafold -visualizations 0 -o /root/projects/EnzymeCAGE-master/HPC_Returned_Result_Summaries/enzymecage_m4_e2_full_4681_4gpu_sharded_continuation_20260814/shards/shard_01/per_uid/P85920/p2rank/raw /root/projects/EnzymeCAGE-master/HPC_Returned_Result_Summaries/enzymecage_m4_e2_full_4681_4gpu_sharded_continuation_20260814/shards/shard_01/per_uid/P85920/p2rank/P85920.ds,P2Rank 2.5.1,,,,AFDB structure fetched; P2Rank ran under the approved command contract; no usable top predicted pocket residues were produced or mapped.,False,
P85929,18,v6,c344945582ead566f5638c949db74e473b0ca8f9f5ea88e08f6719777843a5ad,/usrdata/EnzymeCAGE_data/tools/p2rank_2.5.1/prank predict -threads 4 -c alphafold -visualizations 0 -o /root/projects/EnzymeCAGE-master/HPC_Returned_Result_Summaries/enzymecage_m4_e2_full_4681_4gpu_sharded_continuation_20260814/shards/shard_02/per_uid/P85929/p2rank/raw /root/projects/EnzymeCAGE-master/HPC_Returned_Result_Summaries/enzymecage_m4_e2_full_4681_4gpu_sharded_continuation_20260814/shards/shard_02/per_uid/P85929/p2rank/P85929.ds,P2Rank 2.5.1,,,,AFDB structure fetched; P2Rank ran under the approved command contract; no usable top predicted pocket residues were produced or mapped.,False,
P85930,27,v6,7d0f3f976c078f0ea884a3f626e5669b695f374cb499f35530a53b4ee25fa4b3,/usrdata/EnzymeCAGE_data/tools/p2rank_2.5.1/prank predict -threads 4 -c alphafold -visualizations 0 -o /root/projects/EnzymeCAGE-master/HPC_Returned_Result_Summaries/enzymecage_m4_e2_full_4681_4gpu_sharded_continuation_20260814/shards/shard_03/per_uid/P85930/p2rank/raw /root/projects/EnzymeCAGE-master/HPC_Returned_Result_Summaries/enzymecage_m4_e2_full_4681_4gpu_sharded_continuation_20260814/shards/shard_03/per_uid/P85930/p2rank/P85930.ds,P2Rank 2.5.1,,,,AFDB structure fetched; P2Rank ran under the approved command contract; no usable top predicted pocket residues were produced or mapped.,False,
P85949,33,v6,4c29073a9e900faa6204eb910d78f37c582730efe45e888f21166dfaf9f5cad7,/usrdata/EnzymeCAGE_data/tools/p2rank_2.5.1/prank predict -threads 4 -c alphafold -visualizations 0 -o /root/projects/EnzymeCAGE-master/HPC_Returned_Result_Summaries/enzymecage_m4_e2_full_4681_4gpu_sharded_continuation_20260814/shards/shard_02/per_uid/P85949/p2rank/raw /root/projects/EnzymeCAGE-master/HPC_Returned_Result_Summaries/enzymecage_m4_e2_full_4681_4gpu_sharded_continuation_20260814/shards/shard_02/per_uid/P85949/p2rank/P85949.ds,P2Rank 2.5.1,,,,AFDB structure fetched; P2Rank ran under the approved command contract; no usable top predicted pocket residues were produced or mapped.,False,
P85951,34,v6,9bcc86c78cc2362a957957b87e18afd6aba4318fe8eec48156d25d3719e87c86,/usrdata/EnzymeCAGE_data/tools/p2rank_2.5.1/prank predict -threads 4 -c alphafold -visualizations 0 -o /root/projects/EnzymeCAGE-master/HPC_Returned_Result_Summaries/enzymecage_m4_e2_full_4681_4gpu_sharded_continuation_20260814/shards/shard_03/per_uid/P85951/p2rank/raw /root/projects/EnzymeCAGE-master/HPC_Returned_Result_Summaries/enzymecage_m4_e2_full_4681_4gpu_sharded_continuation_20260814/shards/shard_03/per_uid/P85951/p2rank/P85951.ds,P2Rank 2.5.1,,,,AFDB structure fetched; P2Rank ran under the approved command contract; no usable top predicted pocket residues were produced or mapped.,False,
P85954,47,v6,ee154665ca94be34cb3e94d3df8722523384f586df364674bca1f918481c8219,/usrdata/EnzymeCAGE_data/tools/p2rank_2.5.1/prank predict -threads 4 -c alphafold -visualizations 0 -o /root/projects/EnzymeCAGE-master/HPC_Returned_Result_Summaries/enzymecage_m4_e2_full_4681_4gpu_sharded_continuation_20260814/shards/shard_00/per_uid/P85954/p2rank/raw /root/projects/EnzymeCAGE-master/HPC_Returned_Result_Summaries/enzymecage_m4_e2_full_4681_4gpu_sharded_continuation_20260814/shards/shard_00/per_uid/P85954/p2rank/P85954.ds,P2Rank 2.5.1,,,,AFDB structure fetched; P2Rank ran under the approved command contract; no usable top predicted pocket residues were produced or mapped.,False,
P85999,51,v6,113f13ddb49594d48321db3aa4758b0ed682ff8291f63c50360502857842a840,/usrdata/EnzymeCAGE_data/tools/p2rank_2.5.1/prank predict -threads 4 -c alphafold -visualizations 0 -o /root/projects/EnzymeCAGE-master/HPC_Returned_Result_Summaries/enzymecage_m4_e2_full_4681_4gpu_sharded_continuation_20260814/shards/shard_03/per_uid/P85999/p2rank/raw /root/projects/EnzymeCAGE-master/HPC_Returned_Result_Summaries/enzymecage_m4_e2_full_4681_4gpu_sharded_continuation_20260814/shards/shard_03/per_uid/P85999/p2rank/P85999.ds,P2Rank 2.5.1,,,,AFDB structure fetched; P2Rank ran under the approved command contract; no usable top predicted pocket residues were produced or mapped.,False,
P86001,45,v6,f7e8f7bd360f4e6249d251ada02e7566eb29c7da2c43ce94c7637243bd5afca7,/usrdata/EnzymeCAGE_data/tools/p2rank_2.5.1/prank predict -threads 4 -c alphafold -visualizations 0 -o /root/projects/EnzymeCAGE-master/HPC_Returned_Result_Summaries/enzymecage_m4_e2_full_4681_4gpu_sharded_continuation_20260814/shards/shard_01/per_uid/P86001/p2rank/raw /root/projects/EnzymeCAGE-master/HPC_Returned_Result_Summaries/enzymecage_m4_e2_full_4681_4gpu_sharded_continuation_20260814/shards/shard_01/per_uid/P86001/p2rank/P86001.ds,P2Rank 2.5.1,,,,AFDB structure fetched; P2Rank ran under the approved command contract; no usable top predicted pocket residues were produced or mapped.,False,
P86014,26,v6,549d94a1b7b11a1549731747facaa2fff8159c14f58e60edb320bc8dd9b17d7e,/usrdata/EnzymeCAGE_data/tools/p2rank_2.5.1/prank predict -threads 4 -c alphafold -visualizations 0 -o /root/projects/EnzymeCAGE-master/HPC_Returned_Result_Summaries/enzymecage_m4_e2_full_4681_4gpu_sharded_continuation_20260814/shards/shard_00/per_uid/P86014/p2rank/raw /root/projects/EnzymeCAGE-master/HPC_Returned_Result_Summaries/enzymecage_m4_e2_full_4681_4gpu_sharded_continuation_20260814/shards/shard_00/per_uid/P86014/p2rank/P86014.ds,P2Rank 2.5.1,,,,AFDB structure fetched; P2Rank ran under the approved command contract; no usable top predicted pocket residues were produced or mapped.,False,
P86015,41,v6,adbcf03cff57a63bebfcf9d5540ccca3c43c88f2ccd0695c224a381eae869891,/usrdata/EnzymeCAGE_data/tools/p2rank_2.5.1/prank predict -threads 4 -c alphafold -visualizations 0 -o /root/projects/EnzymeCAGE-master/HPC_Returned_Result_Summaries/enzymecage_m4_e2_full_4681_4gpu_sharded_continuation_20260814/shards/shard_01/per_uid/P86015/p2rank/raw /root/projects/EnzymeCAGE-master/HPC_Returned_Result_Summaries/enzymecage_m4_e2_full_4681_4gpu_sharded_continuation_20260814/shards/shard_01/per_uid/P86015/p2rank/P86015.ds,P2Rank 2.5.1,,,,AFDB structure fetched; P2Rank ran under the approved command contract; no usable top predicted pocket residues were produced or mapped.,False,
P86043,22,v6,743c2c98496c7703798bfdf4aefba2e83defdb5a7971567da11d1b4aeab3a573,/usrdata/EnzymeCAGE_data/tools/p2rank_2.5.1/prank predict -threads 4 -c alphafold -visualizations 0 -o /root/projects/EnzymeCAGE-master/HPC_Returned_Result_Summaries/enzymecage_m4_e2_full_4681_4gpu_sharded_continuation_20260814/shards/shard_02/per_uid/P86043/p2rank/raw /root/projects/EnzymeCAGE-master/HPC_Returned_Result_Summaries/enzymecage_m4_e2_full_4681_4gpu_sharded_continuation_20260814/shards/shard_02/per_uid/P86043/p2rank/P86043.ds,P2Rank 2.5.1,,,,AFDB structure fetched; P2Rank ran under the approved command contract; no usable top predicted pocket residues were produced or mapped.,False,
P86058,17,v6,a1c4050379d4765b1f54c291e4d535da06ea5b77c5bf6be1f87815ad049266dc,/usrdata/EnzymeCAGE_data/tools/p2rank_2.5.1/prank predict -threads 4 -c alphafold -visualizations 0 -o /root/projects/EnzymeCAGE-master/HPC_Returned_Result_Summaries/enzymecage_m4_e2_full_4681_4gpu_sharded_continuation_20260814/shards/shard_03/per_uid/P86058/p2rank/raw /root/projects/EnzymeCAGE-master/HPC_Returned_Result_Summaries/enzymecage_m4_e2_full_4681_4gpu_sharded_continuation_20260814/shards/shard_03/per_uid/P86058/p2rank/P86058.ds,P2Rank 2.5.1,,,,AFDB structure fetched; P2Rank ran under the approved command contract; no usable top predicted pocket residues were produced or mapped.,False,
P86063,17,v6,e7baedc89f87eb33f53df497060074f390a9ac982c626d29a8f84bbe17cfcb27,/usrdata/EnzymeCAGE_data/tools/p2rank_2.5.1/prank predict -threads 4 -c alphafold -visualizations 0 -o /root/projects/EnzymeCAGE-master/HPC_Returned_Result_Summaries/enzymecage_m4_e2_full_4681_4gpu_sharded_continuation_20260814/shards/shard_01/per_uid/P86063/p2rank/raw /root/projects/EnzymeCAGE-master/HPC_Returned_Result_Summaries/enzymecage_m4_e2_full_4681_4gpu_sharded_continuation_20260814/shards/shard_01/per_uid/P86063/p2rank/P86063.ds,P2Rank 2.5.1,,,,AFDB structure fetched; P2Rank ran under the approved command contract; no usable top predicted pocket residues were produced or mapped.,False,
P86071,24,v6,1969fd35a547bf85d7132d3cf7ebbb539e759f0e6be074e534256244a3208a29,/usrdata/EnzymeCAGE_data/tools/p2rank_2.5.1/prank predict -threads 4 -c alphafold -visualizations 0 -o /root/projects/EnzymeCAGE-master/HPC_Returned_Result_Summaries/enzymecage_m4_e2_full_4681_4gpu_sharded_continuation_20260814/shards/shard_01/per_uid/P86071/p2rank/raw /root/projects/EnzymeCAGE-master/HPC_Returned_Result_Summaries/enzymecage_m4_e2_full_4681_4gpu_sharded_continuation_20260814/shards/shard_01/per_uid/P86071/p2rank/P86071.ds,P2Rank 2.5.1,,,,AFDB structure fetched; P2Rank ran under the approved command contract; no usable top predicted pocket residues were produced or mapped.,False,
P86074,35,v6,4dc2e94710de8a326540bde8eecba11cf5fdae7c175339cb09719e4004cbfe4e,/usrdata/EnzymeCAGE_data/tools/p2rank_2.5.1/prank predict -threads 4 -c alphafold -visualizations 0 -o /root/projects/EnzymeCAGE-master/HPC_Returned_Result_Summaries/enzymecage_m4_e2_full_4681_4gpu_sharded_continuation_20260814/shards/shard_02/per_uid/P86074/p2rank/raw /root/projects/EnzymeCAGE-master/HPC_Returned_Result_Summaries/enzymecage_m4_e2_full_4681_4gpu_sharded_continuation_20260814/shards/shard_02/per_uid/P86074/p2rank/P86074.ds,P2Rank 2.5.1,,,,AFDB structure fetched; P2Rank ran under the approved command contract; no usable top predicted pocket residues were produced or mapped.,False,
P86103,61,v6,ee290f91b4e1bacd42959a2ba08bbf7bed74305f97cbd6b0422189e4c5bdae2a,/usrdata/EnzymeCAGE_data/tools/p2rank_2.5.1/prank predict -threads 4 -c alphafold -visualizations 0 -o /root/projects/EnzymeCAGE-master/HPC_Returned_Result_Summaries/enzymecage_m4_e2_full_4681_4gpu_sharded_continuation_20260814/shards/shard_03/per_uid/P86103/p2rank/raw /root/projects/EnzymeCAGE-master/HPC_Returned_Result_Summaries/enzymecage_m4_e2_full_4681_4gpu_sharded_continuation_20260814/shards/shard_03/per_uid/P86103/p2rank/P86103.ds,P2Rank 2.5.1,,,,AFDB structure fetched; P2Rank ran under the approved command contract; no usable top predicted pocket residues were produced or mapped.,False,
P86119,16,v6,3034417be0db82cf87ca3ac91ddf4478be2d0eb040af6b3b475292f97d91c428,/usrdata/EnzymeCAGE_data/tools/p2rank_2.5.1/prank predict -threads 4 -c alphafold -visualizations 0 -o /root/projects/EnzymeCAGE-master/HPC_Returned_Result_Summaries/enzymecage_m4_e2_full_4681_4gpu_sharded_continuation_20260814/shards/shard_00/per_uid/P86119/p2rank/raw /root/projects/EnzymeCAGE-master/HPC_Returned_Result_Summaries/enzymecage_m4_e2_full_4681_4gpu_sharded_continuation_20260814/shards/shard_00/per_uid/P86119/p2rank/P86119.ds,P2Rank 2.5.1,,,,AFDB structure fetched; P2Rank ran under the approved command contract; no usable top predicted pocket residues were produced or mapped.,False,
P86120,27,v6,0aeee0b849b346f3794075c8870867a99fbcbb33639b4d1b746b956b7a5ff19f,/usrdata/EnzymeCAGE_data/tools/p2rank_2.5.1/prank predict -threads 4 -c alphafold -visualizations 0 -o /root/projects/EnzymeCAGE-master/HPC_Returned_Result_Summaries/enzymecage_m4_e2_full_4681_4gpu_sharded_continuation_20260814/shards/shard_01/per_uid/P86120/p2rank/raw /root/projects/EnzymeCAGE-master/HPC_Returned_Result_Summaries/enzymecage_m4_e2_full_4681_4gpu_sharded_continuation_20260814/shards/shard_01/per_uid/P86120/p2rank/P86120.ds,P2Rank 2.5.1,,,,AFDB structure fetched; P2Rank ran under the approved command contract; no usable top predicted pocket residues were produced or mapped.,False,
P86163,26,v6,57dcadc814a424270b99715ff4b12af6e1305e88ed9747261684783fd14f54fb,/usrdata/EnzymeCAGE_data/tools/p2rank_2.5.1/prank predict -threads 4 -c alphafold -visualizations 0 -o /root/projects/EnzymeCAGE-master/HPC_Returned_Result_Summaries/enzymecage_m4_e2_full_4681_4gpu_sharded_continuation_20260814/shards/shard_02/per_uid/P86163/p2rank/raw /root/projects/EnzymeCAGE-master/HPC_Returned_Result_Summaries/enzymecage_m4_e2_full_4681_4gpu_sharded_continuation_20260814/shards/shard_02/per_uid/P86163/p2rank/P86163.ds,P2Rank 2.5.1,,,,AFDB structure fetched; P2Rank ran under the approved command contract; no usable top predicted pocket residues were produced or mapped.,False,
P86241,18,v6,5291aa3c0033fe85f96c6d2e1f0eaa7464a2ba85d1a3af1455ce951298edfd24,/usrdata/EnzymeCAGE_data/tools/p2rank_2.5.1/prank predict -threads 4 -c alphafold -visualizations 0 -o /root/projects/EnzymeCAGE-master/HPC_Returned_Result_Summaries/enzymecage_m4_e2_full_4681_4gpu_sharded_continuation_20260814/shards/shard_02/per_uid/P86241/p2rank/raw /root/projects/EnzymeCAGE-master/HPC_Returned_Result_Summaries/enzymecage_m4_e2_full_4681_4gpu_sharded_continuation_20260814/shards/shard_02/per_uid/P86241/p2rank/P86241.ds,P2Rank 2.5.1,,,,AFDB structure fetched; P2Rank ran under the approved command contract; no usable top predicted pocket residues were produced or mapped.,False,
P86249,20,v6,0cc6ad58c3936955c954615b4f7d8a078329feac6518c631473d0362ed141540,/usrdata/EnzymeCAGE_data/tools/p2rank_2.5.1/prank predict -threads 4 -c alphafold -visualizations 0 -o /root/projects/EnzymeCAGE-master/HPC_Returned_Result_Summaries/enzymecage_m4_e2_full_4681_4gpu_sharded_continuation_20260814/shards/shard_03/per_uid/P86249/p2rank/raw /root/projects/EnzymeCAGE-master/HPC_Returned_Result_Summaries/enzymecage_m4_e2_full_4681_4gpu_sharded_continuation_20260814/shards/shard_03/per_uid/P86249/p2rank/P86249.ds,P2Rank 2.5.1,,,,AFDB structure fetched; P2Rank ran under the approved command contract; no usable top predicted pocket residues were produced or mapped.,False,
P86535,20,v6,691d02d2386d9aff7711cca5d012c61b26951a321af629c513b9ea01a87e5f09,/usrdata/EnzymeCAGE_data/tools/p2rank_2.5.1/prank predict -threads 4 -c alphafold -visualizations 0 -o /root/projects/EnzymeCAGE-master/HPC_Returned_Result_Summaries/enzymecage_m4_e2_full_4681_4gpu_sharded_continuation_20260814/shards/shard_01/per_uid/P86535/p2rank/raw /root/projects/EnzymeCAGE-master/HPC_Returned_Result_Summaries/enzymecage_m4_e2_full_4681_4gpu_sharded_continuation_20260814/shards/shard_01/per_uid/P86535/p2rank/P86535.ds,P2Rank 2.5.1,,,,AFDB structure fetched; P2Rank ran under the approved command contract; no usable top predicted pocket residues were produced or mapped.,False,
P86830,46,v6,7d973836abb1fcb88345fe99575a8e7015f83c2732570f53fc0aec3800fb2de1,/usrdata/EnzymeCAGE_data/tools/p2rank_2.5.1/prank predict -threads 4 -c alphafold -visualizations 0 -o /root/projects/EnzymeCAGE-master/HPC_Returned_Result_Summaries/enzymecage_m4_e2_full_4681_4gpu_sharded_continuation_20260814/shards/shard_01/per_uid/P86830/p2rank/raw /root/projects/EnzymeCAGE-master/HPC_Returned_Result_Summaries/enzymecage_m4_e2_full_4681_4gpu_sharded_continuation_20260814/shards/shard_01/per_uid/P86830/p2rank/P86830.ds,P2Rank 2.5.1,,,,AFDB structure fetched; P2Rank ran under the approved command contract; no usable top predicted pocket residues were produced or mapped.,False,
P86979,37,v6,63929f150c67f46f88756ba40414cd1a0cf1bd661675674ac4f9546c4b631583,/usrdata/EnzymeCAGE_data/tools/p2rank_2.5.1/prank predict -threads 4 -c alphafold -visualizations 0 -o /root/projects/EnzymeCAGE-master/HPC_Returned_Result_Summaries/enzymecage_m4_e2_full_4681_4gpu_sharded_continuation_20260814/shards/shard_01/per_uid/P86979/p2rank/raw /root/projects/EnzymeCAGE-master/HPC_Returned_Result_Summaries/enzymecage_m4_e2_full_4681_4gpu_sharded_continuation_20260814/shards/shard_01/per_uid/P86979/p2rank/P86979.ds,P2Rank 2.5.1,,,,AFDB structure fetched; P2Rank ran under the approved command contract; no usable top predicted pocket residues were produced or mapped.,False,
P94667,100,v6,61afff439588c1752568a19b6c4c0fba334982f355bcbcc08fee447eeba11cca,/usrdata/EnzymeCAGE_data/tools/p2rank_2.5.1/prank predict -threads 4 -c alphafold -visualizations 0 -o /root/projects/EnzymeCAGE-master/HPC_Returned_Result_Summaries/enzymecage_m4_e2_full_4681_4gpu_sharded_continuation_20260814/shards/shard_03/per_uid/P94667/p2rank/raw /root/projects/EnzymeCAGE-master/HPC_Returned_Result_Summaries/enzymecage_m4_e2_full_4681_4gpu_sharded_continuation_20260814/shards/shard_03/per_uid/P94667/p2rank/P94667.ds,P2Rank 2.5.1,,,,AFDB structure fetched; P2Rank ran under the approved command contract; no usable top predicted pocket residues were produced or mapped.,False,
P95414,147,v6,b12ca9bd65df3db873e9fd8e8a3f9f8647b4ae26553e91cbb8b059e90d9a7e58,/usrdata/EnzymeCAGE_data/tools/p2rank_2.5.1/prank predict -threads 4 -c alphafold -visualizations 0 -o /root/projects/EnzymeCAGE-master/HPC_Returned_Result_Summaries/enzymecage_m4_e2_full_4681_4gpu_sharded_continuation_20260814/shards/shard_02/per_uid/P95414/p2rank/raw /root/projects/EnzymeCAGE-master/HPC_Returned_Result_Summaries/enzymecage_m4_e2_full_4681_4gpu_sharded_continuation_20260814/shards/shard_02/per_uid/P95414/p2rank/P95414.ds,P2Rank 2.5.1,,,,AFDB structure fetched; P2Rank ran under the approved command contract; no usable top predicted pocket residues were produced or mapped.,False,
P99507,20,v6,18fa4f6b245b032ef5eb67ed1d230499e4ada4ad4520b7d9419108d8ad7250e2,/usrdata/EnzymeCAGE_data/tools/p2rank_2.5.1/prank predict -threads 4 -c alphafold -visualizations 0 -o /root/projects/EnzymeCAGE-master/HPC_Returned_Result_Summaries/enzymecage_m4_e2_full_4681_4gpu_sharded_continuation_20260814/shards/shard_02/per_uid/P99507/p2rank/raw /root/projects/EnzymeCAGE-master/HPC_Returned_Result_Summaries/enzymecage_m4_e2_full_4681_4gpu_sharded_continuation_20260814/shards/shard_02/per_uid/P99507/p2rank/P99507.ds,P2Rank 2.5.1,,,,AFDB structure fetched; P2Rank ran under the approved command contract; no usable top predicted pocket residues were produced or mapped.,False,
P9WFE6,100,v6,d4b32ddc55db20d431012eecde8c2c71c494be028faf5960be14fe08f4d9a692,/usrdata/EnzymeCAGE_data/tools/p2rank_2.5.1/prank predict -threads 4 -c alphafold -visualizations 0 -o /root/projects/EnzymeCAGE-master/HPC_Returned_Result_Summaries/enzymecage_m4_e2_full_4681_4gpu_sharded_continuation_20260814/shards/shard_01/per_uid/P9WFE6/p2rank/raw /root/projects/EnzymeCAGE-master/HPC_Returned_Result_Summaries/enzymecage_m4_e2_full_4681_4gpu_sharded_continuation_20260814/shards/shard_01/per_uid/P9WFE6/p2rank/P9WFE6.ds,P2Rank 2.5.1,,,,AFDB structure fetched; P2Rank ran under the approved command contract; no usable top predicted pocket residues were produced or mapped.,False,
P9WFE7,100,v6,02d66f57eac1035af627b00abfbcc4b3dc1c3bfae57f108e9c2831fb18e50e87,/usrdata/EnzymeCAGE_data/tools/p2rank_2.5.1/prank predict -threads 4 -c alphafold -visualizations 0 -o /root/projects/EnzymeCAGE-master/HPC_Returned_Result_Summaries/enzymecage_m4_e2_full_4681_4gpu_sharded_continuation_20260814/shards/shard_02/per_uid/P9WFE7/p2rank/raw /root/projects/EnzymeCAGE-master/HPC_Returned_Result_Summaries/enzymecage_m4_e2_full_4681_4gpu_sharded_continuation_20260814/shards/shard_02/per_uid/P9WFE7/p2rank/P9WFE7.ds,P2Rank 2.5.1,,,,AFDB structure fetched; P2Rank ran under the approved command contract; no usable top predicted pocket residues were produced or mapped.,False,
P9WFE8,104,v6,13a5532a379ad0bf3bd0aad63dcbd45536594bd8e38df0f0b62f04fb010d1995,/usrdata/EnzymeCAGE_data/tools/p2rank_2.5.1/prank predict -threads 4 -c alphafold -visualizations 0 -o /root/projects/EnzymeCAGE-master/HPC_Returned_Result_Summaries/enzymecage_m4_e2_full_4681_4gpu_sharded_continuation_20260814/shards/shard_03/per_uid/P9WFE8/p2rank/raw /root/projects/EnzymeCAGE-master/HPC_Returned_Result_Summaries/enzymecage_m4_e2_full_4681_4gpu_sharded_continuation_20260814/shards/shard_03/per_uid/P9WFE8/p2rank/P9WFE8.ds,P2Rank 2.5.1,,,,AFDB structure fetched; P2Rank ran under the approved command contract; no usable top predicted pocket residues were produced or mapped.,False,
P9WFE9,104,v6,94e3420296f5e64e55e97fd9dd2a2330dbec16d8b1f9d8b3746f2cdaa119d960,/usrdata/EnzymeCAGE_data/tools/p2rank_2.5.1/prank predict -threads 4 -c alphafold -visualizations 0 -o /root/projects/EnzymeCAGE-master/HPC_Returned_Result_Summaries/enzymecage_m4_e2_full_4681_4gpu_sharded_continuation_20260814/shards/shard_00/per_uid/P9WFE9/p2rank/raw /root/projects/EnzymeCAGE-master/HPC_Returned_Result_Summaries/enzymecage_m4_e2_full_4681_4gpu_sharded_continuation_20260814/shards/shard_00/per_uid/P9WFE9/p2rank/P9WFE9.ds,P2Rank 2.5.1,,,,AFDB structure fetched; P2Rank ran under the approved command contract; no usable top predicted pocket residues were produced or mapped.,False,
P9WI92,94,v6,4f5bc6b400d02bffe9e61e7f86e4202ebd4567c3256a376e4cc8e408b3847170,/usrdata/EnzymeCAGE_data/tools/p2rank_2.5.1/prank predict -threads 4 -c alphafold -visualizations 0 -o /root/projects/EnzymeCAGE-master/HPC_Returned_Result_Summaries/enzymecage_m4_e2_full_4681_4gpu_sharded_continuation_20260814/shards/shard_00/per_uid/P9WI92/p2rank/raw /root/projects/EnzymeCAGE-master/HPC_Returned_Result_Summaries/enzymecage_m4_e2_full_4681_4gpu_sharded_continuation_20260814/shards/shard_00/per_uid/P9WI92/p2rank/P9WI92.ds,P2Rank 2.5.1,,,,AFDB structure fetched; P2Rank ran under the approved command contract; no usable top predicted pocket residues were produced or mapped.,False,
P9WN59,99,v6,4b00001ddc745e6506d91ae8c1a8da7b268c82d6b3f6965b9803509331e75566,/usrdata/EnzymeCAGE_data/tools/p2rank_2.5.1/prank predict -threads 4 -c alphafold -visualizations 0 -o /root/projects/EnzymeCAGE-master/HPC_Returned_Result_Summaries/enzymecage_m4_e2_full_4681_4gpu_sharded_continuation_20260814/shards/shard_02/per_uid/P9WN59/p2rank/raw /root/projects/EnzymeCAGE-master/HPC_Returned_Result_Summaries/enzymecage_m4_e2_full_4681_4gpu_sharded_continuation_20260814/shards/shard_02/per_uid/P9WN59/p2rank/P9WN59.ds,P2Rank 2.5.1,,,,AFDB structure fetched; P2Rank ran under the approved command contract; no usable top predicted pocket residues were produced or mapped.,False,
P9WQB7,195,v6,878bb3312d506fe294e835dffb0de1394b46a4c64437043fc96be91feb0de42d,/usrdata/EnzymeCAGE_data/tools/p2rank_2.5.1/prank predict -threads 4 -c alphafold -visualizations 0 -o /root/projects/EnzymeCAGE-master/HPC_Returned_Result_Summaries/enzymecage_m4_e2_full_4681_4gpu_sharded_continuation_20260814/shards/shard_01/per_uid/P9WQB7/p2rank/raw /root/projects/EnzymeCAGE-master/HPC_Returned_Result_Summaries/enzymecage_m4_e2_full_4681_4gpu_sharded_continuation_20260814/shards/shard_01/per_uid/P9WQB7/p2rank/P9WQB7.ds,P2Rank 2.5.1,,,,AFDB structure fetched; P2Rank ran under the approved command contract; no usable top predicted pocket residues were produced or mapped.,False,
Q01458,175,v6,fb7b73df05281b2ac323c882f47fd7beed619504e0ff6996877bc4377005d1ac,/usrdata/EnzymeCAGE_data/tools/p2rank_2.5.1/prank predict -threads 4 -c alphafold -visualizations 0 -o /root/projects/EnzymeCAGE-master/HPC_Returned_Result_Summaries/enzymecage_m4_e2_full_4681_4gpu_sharded_continuation_20260814/shards/shard_01/per_uid/Q01458/p2rank/raw /root/projects/EnzymeCAGE-master/HPC_Returned_Result_Summaries/enzymecage_m4_e2_full_4681_4gpu_sharded_continuation_20260814/shards/shard_01/per_uid/Q01458/p2rank/Q01458.ds,P2Rank 2.5.1,,,,AFDB structure fetched; P2Rank ran under the approved command contract; no usable top predicted pocket residues were produced or mapped.,False,
Q01468,63,v6,434c787877c8953e10fba2ce5589ed3b62ca7cbb6c3ed9f9c7f0aff4c86f41be,/usrdata/EnzymeCAGE_data/tools/p2rank_2.5.1/prank predict -threads 4 -c alphafold -visualizations 0 -o /root/projects/EnzymeCAGE-master/HPC_Returned_Result_Summaries/enzymecage_m4_e2_full_4681_4gpu_sharded_continuation_20260814/shards/shard_02/per_uid/Q01468/p2rank/raw /root/projects/EnzymeCAGE-master/HPC_Returned_Result_Summaries/enzymecage_m4_e2_full_4681_4gpu_sharded_continuation_20260814/shards/shard_02/per_uid/Q01468/p2rank/Q01468.ds,P2Rank 2.5.1,,,,AFDB structure fetched; P2Rank ran under the approved command contract; no usable top predicted pocket residues were produced or mapped.,False,
Q01UN6,102,v6,016df2bf6bd44105fb9ac903d7ad025ce068028108df00bbc8cd420f91c94620,/usrdata/EnzymeCAGE_data/tools/p2rank_2.5.1/prank predict -threads 4 -c alphafold -visualizations 0 -o /root/projects/EnzymeCAGE-master/HPC_Returned_Result_Summaries/enzymecage_m4_e2_full_4681_4gpu_sharded_continuation_20260814/shards/shard_02/per_uid/Q01UN6/p2rank/raw /root/projects/EnzymeCAGE-master/HPC_Returned_Result_Summaries/enzymecage_m4_e2_full_4681_4gpu_sharded_continuation_20260814/shards/shard_02/per_uid/Q01UN6/p2rank/Q01UN6.ds,P2Rank 2.5.1,,,,AFDB structure fetched; P2Rank ran under the approved command contract; no usable top predicted pocket residues were produced or mapped.,False,
Q02419,110,v6,aea4a4637de90ac2b5d20261553d1cf9e2312ac9c413bd54f402d87a413cdb8d,/usrdata/EnzymeCAGE_data/tools/p2rank_2.5.1/prank predict -threads 4 -c alphafold -visualizations 0 -o /root/projects/EnzymeCAGE-master/HPC_Returned_Result_Summaries/enzymecage_m4_e2_full_4681_4gpu_sharded_continuation_20260814/shards/shard_00/per_uid/Q02419/p2rank/raw /root/projects/EnzymeCAGE-master/HPC_Returned_Result_Summaries/enzymecage_m4_e2_full_4681_4gpu_sharded_continuation_20260814/shards/shard_00/per_uid/Q02419/p2rank/Q02419.ds,P2Rank 2.5.1,,,,AFDB structure fetched; P2Rank ran under the approved command contract; no usable top predicted pocket residues were produced or mapped.,False,
Q02943,100,v6,d0759fb1891f5ff7ee5d950148475936e96c092cd9b37db9f30435efc57f6547,/usrdata/EnzymeCAGE_data/tools/p2rank_2.5.1/prank predict -threads 4 -c alphafold -visualizations 0 -o /root/projects/EnzymeCAGE-master/HPC_Returned_Result_Summaries/enzymecage_m4_e2_full_4681_4gpu_sharded_continuation_20260814/shards/shard_03/per_uid/Q02943/p2rank/raw /root/projects/EnzymeCAGE-master/HPC_Returned_Result_Summaries/enzymecage_m4_e2_full_4681_4gpu_sharded_continuation_20260814/shards/shard_03/per_uid/Q02943/p2rank/Q02943.ds,P2Rank 2.5.1,,,,AFDB structure fetched; P2Rank ran under the approved command contract; no usable top predicted pocket residues were produced or mapped.,False,
Q02997,138,v6,a3973e4f21dd58f58298144807c145647755bd4c868b0b2860cdf09ad02de7a5,/usrdata/EnzymeCAGE_data/tools/p2rank_2.5.1/prank predict -threads 4 -c alphafold -visualizations 0 -o /root/projects/EnzymeCAGE-master/HPC_Returned_Result_Summaries/enzymecage_m4_e2_full_4681_4gpu_sharded_continuation_20260814/shards/shard_00/per_uid/Q02997/p2rank/raw /root/projects/EnzymeCAGE-master/HPC_Returned_Result_Summaries/enzymecage_m4_e2_full_4681_4gpu_sharded_continuation_20260814/shards/shard_00/per_uid/Q02997/p2rank/Q02997.ds,P2Rank 2.5.1,,,,AFDB structure fetched; P2Rank ran under the approved command contract; no usable top predicted pocket residues were produced or mapped.,False,
Q02A54,99,v6,49d89f6600e8183180fbf3d8c525ee4049bee203d26dc57f5acea7e7acd6eaaf,/usrdata/EnzymeCAGE_data/tools/p2rank_2.5.1/prank predict -threads 4 -c alphafold -visualizations 0 -o /root/projects/EnzymeCAGE-master/HPC_Returned_Result_Summaries/enzymecage_m4_e2_full_4681_4gpu_sharded_continuation_20260814/shards/shard_01/per_uid/Q02A54/p2rank/raw /root/projects/EnzymeCAGE-master/HPC_Returned_Result_Summaries/enzymecage_m4_e2_full_4681_4gpu_sharded_continuation_20260814/shards/shard_01/per_uid/Q02A54/p2rank/Q02A54.ds,P2Rank 2.5.1,,,,AFDB structure fetched; P2Rank ran under the approved command contract; no usable top predicted pocket residues were produced or mapped.,False,
Q02FF4,100,v6,13d91cdcf1c1b164741b81a55ec98ce7180e98d561d3e72dcce7a76b7f8be53b,/usrdata/EnzymeCAGE_data/tools/p2rank_2.5.1/prank predict -threads 4 -c alphafold -visualizations 0 -o /root/projects/EnzymeCAGE-master/HPC_Returned_Result_Summaries/enzymecage_m4_e2_full_4681_4gpu_sharded_continuation_20260814/shards/shard_02/per_uid/Q02FF4/p2rank/raw /root/projects/EnzymeCAGE-master/HPC_Returned_Result_Summaries/enzymecage_m4_e2_full_4681_4gpu_sharded_continuation_20260814/shards/shard_02/per_uid/Q02FF4/p2rank/Q02FF4.ds,P2Rank 2.5.1,,,,AFDB structure fetched; P2Rank ran under the approved command contract; no usable top predicted pocket residues were produced or mapped.,False,
Q02GV9,95,v6,a6c9486c1dcef9920ced776f6660a3330f607e52e49c0efec197466506a6a88e,/usrdata/EnzymeCAGE_data/tools/p2rank_2.5.1/prank predict -threads 4 -c alphafold -visualizations 0 -o /root/projects/EnzymeCAGE-master/HPC_Returned_Result_Summaries/enzymecage_m4_e2_full_4681_4gpu_sharded_continuation_20260814/shards/shard_03/per_uid/Q02GV9/p2rank/raw /root/projects/EnzymeCAGE-master/HPC_Returned_Result_Summaries/enzymecage_m4_e2_full_4681_4gpu_sharded_continuation_20260814/shards/shard_03/per_uid/Q02GV9/p2rank/Q02GV9.ds,P2Rank 2.5.1,,,,AFDB structure fetched; P2Rank ran under the approved command contract; no usable top predicted pocket residues were produced or mapped.,False,
Q02ND8,102,v6,d766b62ee8f220188d6bd42ba7f72eb2bc9829c73572ced62837c3ecddcc28ac,/usrdata/EnzymeCAGE_data/tools/p2rank_2.5.1/prank predict -threads 4 -c alphafold -visualizations 0 -o /root/projects/EnzymeCAGE-master/HPC_Returned_Result_Summaries/enzymecage_m4_e2_full_4681_4gpu_sharded_continuation_20260814/shards/shard_00/per_uid/Q02ND8/p2rank/raw /root/projects/EnzymeCAGE-master/HPC_Returned_Result_Summaries/enzymecage_m4_e2_full_4681_4gpu_sharded_continuation_20260814/shards/shard_00/per_uid/Q02ND8/p2rank/Q02ND8.ds,P2Rank 2.5.1,,,,AFDB structure fetched; P2Rank ran under the approved command contract; no usable top predicted pocket residues were produced or mapped.,False,
Q03032,84,v6,8e8bb66d47f1c20ac57a989cda20b87fbbae9963adfd985dca552c75c0d7d43a,/usrdata/EnzymeCAGE_data/tools/p2rank_2.5.1/prank predict -threads 4 -c alphafold -visualizations 0 -o /root/projects/EnzymeCAGE-master/HPC_Returned_Result_Summaries/enzymecage_m4_e2_full_4681_4gpu_sharded_continuation_20260814/shards/shard_02/per_uid/Q03032/p2rank/raw /root/projects/EnzymeCAGE-master/HPC_Returned_Result_Summaries/enzymecage_m4_e2_full_4681_4gpu_sharded_continuation_20260814/shards/shard_02/per_uid/Q03032/p2rank/Q03032.ds,P2Rank 2.5.1,,,,AFDB structure fetched; P2Rank ran under the approved command contract; no usable top predicted pocket residues were produced or mapped.,False,
Q03284,30,v6,97d00d75cb246960bfea2db6b317a3955969eece46bbd7c625bbf430efd153f2,/usrdata/EnzymeCAGE_data/tools/p2rank_2.5.1/prank predict -threads 4 -c alphafold -visualizations 0 -o /root/projects/EnzymeCAGE-master/HPC_Returned_Result_Summaries/enzymecage_m4_e2_full_4681_4gpu_sharded_continuation_20260814/shards/shard_00/per_uid/Q03284/p2rank/raw /root/projects/EnzymeCAGE-master/HPC_Returned_Result_Summaries/enzymecage_m4_e2_full_4681_4gpu_sharded_continuation_20260814/shards/shard_00/per_uid/Q03284/p2rank/Q03284.ds,P2Rank 2.5.1,,,,AFDB structure fetched; P2Rank ran under the approved command contract; no usable top predicted pocket residues were produced or mapped.,False,
Q03ME4,103,v6,a24166c93d14c2e2c57003a37c242e6233fc7dc89c9fa1e250d0398b1c1746b2,/usrdata/EnzymeCAGE_data/tools/p2rank_2.5.1/prank predict -threads 4 -c alphafold -visualizations 0 -o /root/projects/EnzymeCAGE-master/HPC_Returned_Result_Summaries/enzymecage_m4_e2_full_4681_4gpu_sharded_continuation_20260814/shards/shard_01/per_uid/Q03ME4/p2rank/raw /root/projects/EnzymeCAGE-master/HPC_Returned_Result_Summaries/enzymecage_m4_e2_full_4681_4gpu_sharded_continuation_20260814/shards/shard_01/per_uid/Q03ME4/p2rank/Q03ME4.ds,P2Rank 2.5.1,,,,AFDB structure fetched; P2Rank ran under the approved command contract; no usable top predicted pocket residues were produced or mapped.,False,
Q03ME5,100,v6,3f08a00e908f81f12e5bab31020aed08f125a15d2d0f12ede14319c7c6a4b24d,/usrdata/EnzymeCAGE_data/tools/p2rank_2.5.1/prank predict -threads 4 -c alphafold -visualizations 0 -o /root/projects/EnzymeCAGE-master/HPC_Returned_Result_Summaries/enzymecage_m4_e2_full_4681_4gpu_sharded_continuation_20260814/shards/shard_02/per_uid/Q03ME5/p2rank/raw /root/projects/EnzymeCAGE-master/HPC_Returned_Result_Summaries/enzymecage_m4_e2_full_4681_4gpu_sharded_continuation_20260814/shards/shard_02/per_uid/Q03ME5/p2rank/Q03ME5.ds,P2Rank 2.5.1,,,,AFDB structure fetched; P2Rank ran under the approved command contract; no usable top predicted pocket residues were produced or mapped.,False,
Q04236,30,v6,750c6860672c9d0f6f7d148d3cac7dc1baef05072bfb56c2c26d63c0f310e509,/usrdata/EnzymeCAGE_data/tools/p2rank_2.5.1/prank predict -threads 4 -c alphafold -visualizations 0 -o /root/projects/EnzymeCAGE-master/HPC_Returned_Result_Summaries/enzymecage_m4_e2_full_4681_4gpu_sharded_continuation_20260814/shards/shard_01/per_uid/Q04236/p2rank/raw /root/projects/EnzymeCAGE-master/HPC_Returned_Result_Summaries/enzymecage_m4_e2_full_4681_4gpu_sharded_continuation_20260814/shards/shard_01/per_uid/Q04236/p2rank/Q04236.ds,P2Rank 2.5.1,,,,AFDB structure fetched; P2Rank ran under the approved command contract; no usable top predicted pocket residues were produced or mapped.,False,
Q04237,30,v6,8af82590285514b5d162ee850f41bcc08d51b4bb8fe4549e36d5cba41a00bbcd,/usrdata/EnzymeCAGE_data/tools/p2rank_2.5.1/prank predict -threads 4 -c alphafold -visualizations 0 -o /root/projects/EnzymeCAGE-master/HPC_Returned_Result_Summaries/enzymecage_m4_e2_full_4681_4gpu_sharded_continuation_20260814/shards/shard_02/per_uid/Q04237/p2rank/raw /root/projects/EnzymeCAGE-master/HPC_Returned_Result_Summaries/enzymecage_m4_e2_full_4681_4gpu_sharded_continuation_20260814/shards/shard_02/per_uid/Q04237/p2rank/Q04237.ds,P2Rank 2.5.1,,,,AFDB structure fetched; P2Rank ran under the approved command contract; no usable top predicted pocket residues were produced or mapped.,False,
Q04238,30,v6,6e153e1283e9dfd2bc3005f10339fb6739b9e15b32858f173bbb4e143b6af4de,/usrdata/EnzymeCAGE_data/tools/p2rank_2.5.1/prank predict -threads 4 -c alphafold -visualizations 0 -o /root/projects/EnzymeCAGE-master/HPC_Returned_Result_Summaries/enzymecage_m4_e2_full_4681_4gpu_sharded_continuation_20260814/shards/shard_03/per_uid/Q04238/p2rank/raw /root/projects/EnzymeCAGE-master/HPC_Returned_Result_Summaries/enzymecage_m4_e2_full_4681_4gpu_sharded_continuation_20260814/shards/shard_03/per_uid/Q04238/p2rank/Q04238.ds,P2Rank 2.5.1,,,,AFDB structure fetched; P2Rank ran under the approved command contract; no usable top predicted pocket residues were produced or mapped.,False,
Q04239,30,v6,36f5cf8bc0190c65d96dfa4af1c93fc463b49748c99240c59c50b82194c67678,/usrdata/EnzymeCAGE_data/tools/p2rank_2.5.1/prank predict -threads 4 -c alphafold -visualizations 0 -o /root/projects/EnzymeCAGE-master/HPC_Returned_Result_Summaries/enzymecage_m4_e2_full_4681_4gpu_sharded_continuation_20260814/shards/shard_00/per_uid/Q04239/p2rank/raw /root/projects/EnzymeCAGE-master/HPC_Returned_Result_Summaries/enzymecage_m4_e2_full_4681_4gpu_sharded_continuation_20260814/shards/shard_00/per_uid/Q04239/p2rank/Q04239.ds,P2Rank 2.5.1,,,,AFDB structure fetched; P2Rank ran under the approved command contract; no usable top predicted pocket residues were produced or mapped.,False,
Q04938,40,v6,18b6f65468a89271b3f8e7f385a38c559198280a2cc5252255709f56f4a0ad94,/usrdata/EnzymeCAGE_data/tools/p2rank_2.5.1/prank predict -threads 4 -c alphafold -visualizations 0 -o /root/projects/EnzymeCAGE-master/HPC_Returned_Result_Summaries/enzymecage_m4_e2_full_4681_4gpu_sharded_continuation_20260814/shards/shard_03/per_uid/Q04938/p2rank/raw /root/projects/EnzymeCAGE-master/HPC_Returned_Result_Summaries/enzymecage_m4_e2_full_4681_4gpu_sharded_continuation_20260814/shards/shard_03/per_uid/Q04938/p2rank/Q04938.ds,P2Rank 2.5.1,,,,AFDB structure fetched; P2Rank ran under the approved command contract; no usable top predicted pocket residues were produced or mapped.,False,
Q04DA2,195,v6,51f1a0990e1d6dcbedaba4141cbedb7f0d8c842d47731bd9275e9f45984251e7,/usrdata/EnzymeCAGE_data/tools/p2rank_2.5.1/prank predict -threads 4 -c alphafold -visualizations 0 -o /root/projects/EnzymeCAGE-master/HPC_Returned_Result_Summaries/enzymecage_m4_e2_full_4681_4gpu_sharded_continuation_20260814/shards/shard_00/per_uid/Q04DA2/p2rank/raw /root/projects/EnzymeCAGE-master/HPC_Returned_Result_Summaries/enzymecage_m4_e2_full_4681_4gpu_sharded_continuation_20260814/shards/shard_00/per_uid/Q04DA2/p2rank/Q04DA2.ds,P2Rank 2.5.1,,,,AFDB structure fetched; P2Rank ran under the approved command contract; no usable top predicted pocket residues were produced or mapped.,False,
Q04SA4,96,v6,49df32f078ba50ea0ff2a1479d130696b85554ad6460e4aecde335341c549675,/usrdata/EnzymeCAGE_data/tools/p2rank_2.5.1/prank predict -threads 4 -c alphafold -visualizations 0 -o /root/projects/EnzymeCAGE-master/HPC_Returned_Result_Summaries/enzymecage_m4_e2_full_4681_4gpu_sharded_continuation_20260814/shards/shard_02/per_uid/Q04SA4/p2rank/raw /root/projects/EnzymeCAGE-master/HPC_Returned_Result_Summaries/enzymecage_m4_e2_full_4681_4gpu_sharded_continuation_20260814/shards/shard_02/per_uid/Q04SA4/p2rank/Q04SA4.ds,P2Rank 2.5.1,,,,AFDB structure fetched; P2Rank ran under the approved command contract; no usable top predicted pocket residues were produced or mapped.,False,
Q06S87,138,v6,e7a690987c2a36a6d19577f0c4c660dac0609ef6e67ea114beb6e1d6d7e5e608,/usrdata/EnzymeCAGE_data/tools/p2rank_2.5.1/prank predict -threads 4 -c alphafold -visualizations 0 -o /root/projects/EnzymeCAGE-master/HPC_Returned_Result_Summaries/enzymecage_m4_e2_full_4681_4gpu_sharded_continuation_20260814/shards/shard_03/per_uid/Q06S87/p2rank/raw /root/projects/EnzymeCAGE-master/HPC_Returned_Result_Summaries/enzymecage_m4_e2_full_4681_4gpu_sharded_continuation_20260814/shards/shard_03/per_uid/Q06S87/p2rank/Q06S87.ds,P2Rank 2.5.1,,,,AFDB structure fetched; P2Rank ran under the approved command contract; no usable top predicted pocket residues were produced or mapped.,False,
Q07049,54,v6,ca54500048c7b1ba70012caa05f7357afee12b632821b635477aba2b0a010047,/usrdata/EnzymeCAGE_data/tools/p2rank_2.5.1/prank predict -threads 4 -c alphafold -visualizations 0 -o /root/projects/EnzymeCAGE-master/HPC_Returned_Result_Summaries/enzymecage_m4_e2_full_4681_4gpu_sharded_continuation_20260814/shards/shard_00/per_uid/Q07049/p2rank/raw /root/projects/EnzymeCAGE-master/HPC_Returned_Result_Summaries/enzymecage_m4_e2_full_4681_4gpu_sharded_continuation_20260814/shards/shard_00/per_uid/Q07049/p2rank/Q07049.ds,P2Rank 2.5.1,,,,AFDB structure fetched; P2Rank ran under the approved command contract; no usable top predicted pocket residues were produced or mapped.,False,
Q07399,100,v6,f47b2f23c58bbae522a0503f7a6e097402057edcc890e16c970d970f04d3c131,/usrdata/EnzymeCAGE_data/tools/p2rank_2.5.1/prank predict -threads 4 -c alphafold -visualizations 0 -o /root/projects/EnzymeCAGE-master/HPC_Returned_Result_Summaries/enzymecage_m4_e2_full_4681_4gpu_sharded_continuation_20260814/shards/shard_02/per_uid/Q07399/p2rank/raw /root/projects/EnzymeCAGE-master/HPC_Returned_Result_Summaries/enzymecage_m4_e2_full_4681_4gpu_sharded_continuation_20260814/shards/shard_02/per_uid/Q07399/p2rank/Q07399.ds,P2Rank 2.5.1,,,,AFDB structure fetched; P2Rank ran under the approved command contract; no usable top predicted pocket residues were produced or mapped.,False,
Q07K71,101,v6,54d6c711421eec428fda1b39878762674c45145111a61f122bb47d3f23d9705b,/usrdata/EnzymeCAGE_data/tools/p2rank_2.5.1/prank predict -threads 4 -c alphafold -visualizations 0 -o /root/projects/EnzymeCAGE-master/HPC_Returned_Result_Summaries/enzymecage_m4_e2_full_4681_4gpu_sharded_continuation_20260814/shards/shard_03/per_uid/Q07K71/p2rank/raw /root/projects/EnzymeCAGE-master/HPC_Returned_Result_Summaries/enzymecage_m4_e2_full_4681_4gpu_sharded_continuation_20260814/shards/shard_03/per_uid/Q07K71/p2rank/Q07K71.ds,P2Rank 2.5.1,,,,AFDB structure fetched; P2Rank ran under the approved command contract; no usable top predicted pocket residues were produced or mapped.,False,
Q07L90,95,v6,883332f730fb8ef61f1e8e10f883ef9f92496bf4d01dbdd8fb39538efd1c714f,/usrdata/EnzymeCAGE_data/tools/p2rank_2.5.1/prank predict -threads 4 -c alphafold -visualizations 0 -o /root/projects/EnzymeCAGE-master/HPC_Returned_Result_Summaries/enzymecage_m4_e2_full_4681_4gpu_sharded_continuation_20260814/shards/shard_00/per_uid/Q07L90/p2rank/raw /root/projects/EnzymeCAGE-master/HPC_Returned_Result_Summaries/enzymecage_m4_e2_full_4681_4gpu_sharded_continuation_20260814/shards/shard_00/per_uid/Q07L90/p2rank/Q07L90.ds,P2Rank 2.5.1,,,,AFDB structure fetched; P2Rank ran under the approved command contract; no usable top predicted pocket residues were produced or mapped.,False,
Q07Z00,126,v6,6584c9c2b5c52450dde2a8ce79119da38881e205ddfadea277d7d3033c37c92a,/usrdata/EnzymeCAGE_data/tools/p2rank_2.5.1/prank predict -threads 4 -c alphafold -visualizations 0 -o /root/projects/EnzymeCAGE-master/HPC_Returned_Result_Summaries/enzymecage_m4_e2_full_4681_4gpu_sharded_continuation_20260814/shards/shard_01/per_uid/Q07Z00/p2rank/raw /root/projects/EnzymeCAGE-master/HPC_Returned_Result_Summaries/enzymecage_m4_e2_full_4681_4gpu_sharded_continuation_20260814/shards/shard_01/per_uid/Q07Z00/p2rank/Q07Z00.ds,P2Rank 2.5.1,,,,AFDB structure fetched; P2Rank ran under the approved command contract; no usable top predicted pocket residues were produced or mapped.,False,
Q09053,18,v6,eee806628e61937be3ba694857d419acef637f3c1fbdf298c15fdbcfcc90f953,/usrdata/EnzymeCAGE_data/tools/p2rank_2.5.1/prank predict -threads 4 -c alphafold -visualizations 0 -o /root/projects/EnzymeCAGE-master/HPC_Returned_Result_Summaries/enzymecage_m4_e2_full_4681_4gpu_sharded_continuation_20260814/shards/shard_02/per_uid/Q09053/p2rank/raw /root/projects/EnzymeCAGE-master/HPC_Returned_Result_Summaries/enzymecage_m4_e2_full_4681_4gpu_sharded_continuation_20260814/shards/shard_02/per_uid/Q09053/p2rank/Q09053.ds,P2Rank 2.5.1,,,,AFDB structure fetched; P2Rank ran under the approved command contract; no usable top predicted pocket residues were produced or mapped.,False,
Q09115,24,v6,ab54998d6b9c8bce9d41afcad03b5125e9db88acf4a8d7692cbe67e8553f2431,/usrdata/EnzymeCAGE_data/tools/p2rank_2.5.1/prank predict -threads 4 -c alphafold -visualizations 0 -o /root/projects/EnzymeCAGE-master/HPC_Returned_Result_Summaries/enzymecage_m4_e2_full_4681_4gpu_sharded_continuation_20260814/shards/shard_03/per_uid/Q09115/p2rank/raw /root/projects/EnzymeCAGE-master/HPC_Returned_Result_Summaries/enzymecage_m4_e2_full_4681_4gpu_sharded_continuation_20260814/shards/shard_03/per_uid/Q09115/p2rank/Q09115.ds,P2Rank 2.5.1,,,,AFDB structure fetched; P2Rank ran under the approved command contract; no usable top predicted pocket residues were produced or mapped.,False,
Q09123,27,v6,1e96271ed78ee40576967e29743176f007087b2df8981b60e233bef668964638,/usrdata/EnzymeCAGE_data/tools/p2rank_2.5.1/prank predict -threads 4 -c alphafold -visualizations 0 -o /root/projects/EnzymeCAGE-master/HPC_Returned_Result_Summaries/enzymecage_m4_e2_full_4681_4gpu_sharded_continuation_20260814/shards/shard_00/per_uid/Q09123/p2rank/raw /root/projects/EnzymeCAGE-master/HPC_Returned_Result_Summaries/enzymecage_m4_e2_full_4681_4gpu_sharded_continuation_20260814/shards/shard_00/per_uid/Q09123/p2rank/Q09123.ds,P2Rank 2.5.1,,,,AFDB structure fetched; P2Rank ran under the approved command contract; no usable top predicted pocket residues were produced or mapped.,False,
Q09124,25,v6,ddf016acddc7e006fc14c6b06183aa7ca8282a279db56366b52dfeebcfec3b33,/usrdata/EnzymeCAGE_data/tools/p2rank_2.5.1/prank predict -threads 4 -c alphafold -visualizations 0 -o /root/projects/EnzymeCAGE-master/HPC_Returned_Result_Summaries/enzymecage_m4_e2_full_4681_4gpu_sharded_continuation_20260814/shards/shard_01/per_uid/Q09124/p2rank/raw /root/projects/EnzymeCAGE-master/HPC_Returned_Result_Summaries/enzymecage_m4_e2_full_4681_4gpu_sharded_continuation_20260814/shards/shard_01/per_uid/Q09124/p2rank/Q09124.ds,P2Rank 2.5.1,,,,AFDB structure fetched; P2Rank ran under the approved command contract; no usable top predicted pocket residues were produced or mapped.,False,
Q09129,32,v6,b4ad8e10ad863666fd5bacaca0255916859bd60900916988f3c466de6b8df585,/usrdata/EnzymeCAGE_data/tools/p2rank_2.5.1/prank predict -threads 4 -c alphafold -visualizations 0 -o /root/projects/EnzymeCAGE-master/HPC_Returned_Result_Summaries/enzymecage_m4_e2_full_4681_4gpu_sharded_continuation_20260814/shards/shard_02/per_uid/Q09129/p2rank/raw /root/projects/EnzymeCAGE-master/HPC_Returned_Result_Summaries/enzymecage_m4_e2_full_4681_4gpu_sharded_continuation_20260814/shards/shard_02/per_uid/Q09129/p2rank/Q09129.ds,P2Rank 2.5.1,,,,AFDB structure fetched; P2Rank ran under the approved command contract; no usable top predicted pocket residues were produced or mapped.,False,
Q0AC99,106,v6,b001aaf6bdd2886e7199b7b01385e8174a46455ecdddc7e19921aca07b1c17f0,/usrdata/EnzymeCAGE_data/tools/p2rank_2.5.1/prank predict -threads 4 -c alphafold -visualizations 0 -o /root/projects/EnzymeCAGE-master/HPC_Returned_Result_Summaries/enzymecage_m4_e2_full_4681_4gpu_sharded_continuation_20260814/shards/shard_01/per_uid/Q0AC99/p2rank/raw /root/projects/EnzymeCAGE-master/HPC_Returned_Result_Summaries/enzymecage_m4_e2_full_4681_4gpu_sharded_continuation_20260814/shards/shard_01/per_uid/Q0AC99/p2rank/Q0AC99.ds,P2Rank 2.5.1,,,,AFDB structure fetched; P2Rank ran under the approved command contract; no usable top predicted pocket residues were produced or mapped.,False,
Q0ACB4,95,v6,f949a3b51116468da456ceaa74608cc66129524bc872f4225d77e7d0a6269723,/usrdata/EnzymeCAGE_data/tools/p2rank_2.5.1/prank predict -threads 4 -c alphafold -visualizations 0 -o /root/projects/EnzymeCAGE-master/HPC_Returned_Result_Summaries/enzymecage_m4_e2_full_4681_4gpu_sharded_continuation_20260814/shards/shard_02/per_uid/Q0ACB4/p2rank/raw /root/projects/EnzymeCAGE-master/HPC_Returned_Result_Summaries/enzymecage_m4_e2_full_4681_4gpu_sharded_continuation_20260814/shards/shard_02/per_uid/Q0ACB4/p2rank/Q0ACB4.ds,P2Rank 2.5.1,,,,AFDB structure fetched; P2Rank ran under the approved command contract; no usable top predicted pocket residues were produced or mapped.,False,
Q0ANY8,95,v6,69de80465cb1fe7277bbd9c30748902baa5f70134eb73bc458fc6154e5756284,/usrdata/EnzymeCAGE_data/tools/p2rank_2.5.1/prank predict -threads 4 -c alphafold -visualizations 0 -o /root/projects/EnzymeCAGE-master/HPC_Returned_Result_Summaries/enzymecage_m4_e2_full_4681_4gpu_sharded_continuation_20260814/shards/shard_03/per_uid/Q0ANY8/p2rank/raw /root/projects/EnzymeCAGE-master/HPC_Returned_Result_Summaries/enzymecage_m4_e2_full_4681_4gpu_sharded_continuation_20260814/shards/shard_03/per_uid/Q0ANY8/p2rank/Q0ANY8.ds,P2Rank 2.5.1,,,,AFDB structure fetched; P2Rank ran under the approved command contract; no usable top predicted pocket residues were produced or mapped.,False,
Q0BJP4,102,v6,b7c0a37cc93991066d83d0e805146f6c812150766a23da00231da1777c3f996d,/usrdata/EnzymeCAGE_data/tools/p2rank_2.5.1/prank predict -threads 4 -c alphafold -visualizations 0 -o /root/projects/EnzymeCAGE-master/HPC_Returned_Result_Summaries/enzymecage_m4_e2_full_4681_4gpu_sharded_continuation_20260814/shards/shard_00/per_uid/Q0BJP4/p2rank/raw /root/projects/EnzymeCAGE-master/HPC_Returned_Result_Summaries/enzymecage_m4_e2_full_4681_4gpu_sharded_continuation_20260814/shards/shard_00/per_uid/Q0BJP4/p2rank/Q0BJP4.ds,P2Rank 2.5.1,,,,AFDB structure fetched; P2Rank ran under the approved command contract; no usable top predicted pocket residues were produced or mapped.,False,
Q0BQ42,100,v6,e01b09bc95f6993d847398fd481ddda45e7cd8cd8bae4809aac35329324a7022,/usrdata/EnzymeCAGE_data/tools/p2rank_2.5.1/prank predict -threads 4 -c alphafold -visualizations 0 -o /root/projects/EnzymeCAGE-master/HPC_Returned_Result_Summaries/enzymecage_m4_e2_full_4681_4gpu_sharded_continuation_20260814/shards/shard_01/per_uid/Q0BQ42/p2rank/raw /root/projects/EnzymeCAGE-master/HPC_Returned_Result_Summaries/enzymecage_m4_e2_full_4681_4gpu_sharded_continuation_20260814/shards/shard_01/per_uid/Q0BQ42/p2rank/Q0BQ42.ds,P2Rank 2.5.1,,,,AFDB structure fetched; P2Rank ran under the approved command contract; no usable top predicted pocket residues were produced or mapped.,False,
Q0BZU9,95,v6,ac5151fead8fa27e3232fb930954b9918cdb8a7489f66f26d6e961d6e9178fab,/usrdata/EnzymeCAGE_data/tools/p2rank_2.5.1/prank predict -threads 4 -c alphafold -visualizations 0 -o /root/projects/EnzymeCAGE-master/HPC_Returned_Result_Summaries/enzymecage_m4_e2_full_4681_4gpu_sharded_continuation_20260814/shards/shard_02/per_uid/Q0BZU9/p2rank/raw /root/projects/EnzymeCAGE-master/HPC_Returned_Result_Summaries/enzymecage_m4_e2_full_4681_4gpu_sharded_continuation_20260814/shards/shard_02/per_uid/Q0BZU9/p2rank/Q0BZU9.ds,P2Rank 2.5.1,,,,AFDB structure fetched; P2Rank ran under the approved command contract; no usable top predicted pocket residues were produced or mapped.,False,
Q0I657,106,v6,6967c2e42ad0407a36f204de114da8fa43592ebbd099b141146d546b28fef1fb,/usrdata/EnzymeCAGE_data/tools/p2rank_2.5.1/prank predict -threads 4 -c alphafold -visualizations 0 -o /root/projects/EnzymeCAGE-master/HPC_Returned_Result_Summaries/enzymecage_m4_e2_full_4681_4gpu_sharded_continuation_20260814/shards/shard_03/per_uid/Q0I657/p2rank/raw /root/projects/EnzymeCAGE-master/HPC_Returned_Result_Summaries/enzymecage_m4_e2_full_4681_4gpu_sharded_continuation_20260814/shards/shard_03/per_uid/Q0I657/p2rank/Q0I657.ds,P2Rank 2.5.1,,,,AFDB structure fetched; P2Rank ran under the approved command contract; no usable top predicted pocket residues were produced or mapped.,False,
Q0I658,100,v6,50699b868c6709eb4a06670ec565e4857ffd0285782823bf9a57a9eed08d35ce,/usrdata/EnzymeCAGE_data/tools/p2rank_2.5.1/prank predict -threads 4 -c alphafold -visualizations 0 -o /root/projects/EnzymeCAGE-master/HPC_Returned_Result_Summaries/enzymecage_m4_e2_full_4681_4gpu_sharded_continuation_20260814/shards/shard_00/per_uid/Q0I658/p2rank/raw /root/projects/EnzymeCAGE-master/HPC_Returned_Result_Summaries/enzymecage_m4_e2_full_4681_4gpu_sharded_continuation_20260814/shards/shard_00/per_uid/Q0I658/p2rank/Q0I658.ds,P2Rank 2.5.1,,,,AFDB structure fetched; P2Rank ran under the approved command contract; no usable top predicted pocket residues were produced or mapped.,False,
Q0IDA2,97,v6,a29fc2bc615d734c0419e064c9cfb62e55840731eb85db3133454862690cbe83,/usrdata/EnzymeCAGE_data/tools/p2rank_2.5.1/prank predict -threads 4 -c alphafold -visualizations 0 -o /root/projects/EnzymeCAGE-master/HPC_Returned_Result_Summaries/enzymecage_m4_e2_full_4681_4gpu_sharded_continuation_20260814/shards/shard_01/per_uid/Q0IDA2/p2rank/raw /root/projects/EnzymeCAGE-master/HPC_Returned_Result_Summaries/enzymecage_m4_e2_full_4681_4gpu_sharded_continuation_20260814/shards/shard_01/per_uid/Q0IDA2/p2rank/Q0IDA2.ds,P2Rank 2.5.1,,,,AFDB structure fetched; P2Rank ran under the approved command contract; no usable top predicted pocket residues were produced or mapped.,False,
Q0KFF7,99,v6,f2dd038d8dd26f12d0410955a142caa90bc7f58d1ae4825beb904bec3b2a34be,/usrdata/EnzymeCAGE_data/tools/p2rank_2.5.1/prank predict -threads 4 -c alphafold -visualizations 0 -o /root/projects/EnzymeCAGE-master/HPC_Returned_Result_Summaries/enzymecage_m4_e2_full_4681_4gpu_sharded_continuation_20260814/shards/shard_00/per_uid/Q0KFF7/p2rank/raw /root/projects/EnzymeCAGE-master/HPC_Returned_Result_Summaries/enzymecage_m4_e2_full_4681_4gpu_sharded_continuation_20260814/shards/shard_00/per_uid/Q0KFF7/p2rank/Q0KFF7.ds,P2Rank 2.5.1,,,,AFDB structure fetched; P2Rank ran under the approved command contract; no usable top predicted pocket residues were produced or mapped.,False,
Q0RDK8,195,v6,27c9588705cf605be752026885e92ad5f542bd9442f47e6889c9f38fb88da664,/usrdata/EnzymeCAGE_data/tools/p2rank_2.5.1/prank predict -threads 4 -c alphafold -visualizations 0 -o /root/projects/EnzymeCAGE-master/HPC_Returned_Result_Summaries/enzymecage_m4_e2_full_4681_4gpu_sharded_continuation_20260814/shards/shard_01/per_uid/Q0RDK8/p2rank/raw /root/projects/EnzymeCAGE-master/HPC_Returned_Result_Summaries/enzymecage_m4_e2_full_4681_4gpu_sharded_continuation_20260814/shards/shard_01/per_uid/Q0RDK8/p2rank/Q0RDK8.ds,P2Rank 2.5.1,,,,AFDB structure fetched; P2Rank ran under the approved command contract; no usable top predicted pocket residues were produced or mapped.,False,
Q0RQR8,100,v6,5112933e33a79e6c43cedfdc19f88874fa78038c3b62b51fb6679452e77ddd5e,/usrdata/EnzymeCAGE_data/tools/p2rank_2.5.1/prank predict -threads 4 -c alphafold -visualizations 0 -o /root/projects/EnzymeCAGE-master/HPC_Returned_Result_Summaries/enzymecage_m4_e2_full_4681_4gpu_sharded_continuation_20260814/shards/shard_03/per_uid/Q0RQR8/p2rank/raw /root/projects/EnzymeCAGE-master/HPC_Returned_Result_Summaries/enzymecage_m4_e2_full_4681_4gpu_sharded_continuation_20260814/shards/shard_03/per_uid/Q0RQR8/p2rank/Q0RQR8.ds,P2Rank 2.5.1,,,,AFDB structure fetched; P2Rank ran under the approved command contract; no usable top predicted pocket residues were produced or mapped.,False,
Q0RQR9,150,v6,b8adc98d6aa8ed655f9734b703b2571adbb8b9413b09c8255a3de30be2bd0735,/usrdata/EnzymeCAGE_data/tools/p2rank_2.5.1/prank predict -threads 4 -c alphafold -visualizations 0 -o /root/projects/EnzymeCAGE-master/HPC_Returned_Result_Summaries/enzymecage_m4_e2_full_4681_4gpu_sharded_continuation_20260814/shards/shard_00/per_uid/Q0RQR9/p2rank/raw /root/projects/EnzymeCAGE-master/HPC_Returned_Result_Summaries/enzymecage_m4_e2_full_4681_4gpu_sharded_continuation_20260814/shards/shard_00/per_uid/Q0RQR9/p2rank/Q0RQR9.ds,P2Rank 2.5.1,,,,AFDB structure fetched; P2Rank ran under the approved command contract; no usable top predicted pocket residues were produced or mapped.,False,
Q0S4S8,104,v6,47db26c2e1d755e613d2069ab726c9640df029c4265386656d1b21877a2b59a6,/usrdata/EnzymeCAGE_data/tools/p2rank_2.5.1/prank predict -threads 4 -c alphafold -visualizations 0 -o /root/projects/EnzymeCAGE-master/HPC_Returned_Result_Summaries/enzymecage_m4_e2_full_4681_4gpu_sharded_continuation_20260814/shards/shard_02/per_uid/Q0S4S8/p2rank/raw /root/projects/EnzymeCAGE-master/HPC_Returned_Result_Summaries/enzymecage_m4_e2_full_4681_4gpu_sharded_continuation_20260814/shards/shard_02/per_uid/Q0S4S8/p2rank/Q0S4S8.ds,P2Rank 2.5.1,,,,AFDB structure fetched; P2Rank ran under the approved command contract; no usable top predicted pocket residues were produced or mapped.,False,
Q0S4S9,100,v6,d2f6d54405fc3fd3b226b441fb94e39da992d1e08ca327d8f16e4c4b8564ca21,/usrdata/EnzymeCAGE_data/tools/p2rank_2.5.1/prank predict -threads 4 -c alphafold -visualizations 0 -o /root/projects/EnzymeCAGE-master/HPC_Returned_Result_Summaries/enzymecage_m4_e2_full_4681_4gpu_sharded_continuation_20260814/shards/shard_03/per_uid/Q0S4S9/p2rank/raw /root/projects/EnzymeCAGE-master/HPC_Returned_Result_Summaries/enzymecage_m4_e2_full_4681_4gpu_sharded_continuation_20260814/shards/shard_03/per_uid/Q0S4S9/p2rank/Q0S4S9.ds,P2Rank 2.5.1,,,,AFDB structure fetched; P2Rank ran under the approved command contract; no usable top predicted pocket residues were produced or mapped.,False,
Q0VFD8,125,v6,99d70b349c7150c05576797f7f0fca9c13246e120621af9964cdc0fd56c1f9d9,/usrdata/EnzymeCAGE_data/tools/p2rank_2.5.1/prank predict -threads 4 -c alphafold -visualizations 0 -o /root/projects/EnzymeCAGE-master/HPC_Returned_Result_Summaries/enzymecage_m4_e2_full_4681_4gpu_sharded_continuation_20260814/shards/shard_02/per_uid/Q0VFD8/p2rank/raw /root/projects/EnzymeCAGE-master/HPC_Returned_Result_Summaries/enzymecage_m4_e2_full_4681_4gpu_sharded_continuation_20260814/shards/shard_02/per_uid/Q0VFD8/p2rank/Q0VFD8.ds,P2Rank 2.5.1,,,,AFDB structure fetched; P2Rank ran under the approved command contract; no usable top predicted pocket residues were produced or mapped.,False,
Q0VKX9,100,v6,0b99ac1c581c1a7a535ba9a4e60269926dd87524e02f64df488791dbe675646e,/usrdata/EnzymeCAGE_data/tools/p2rank_2.5.1/prank predict -threads 4 -c alphafold -visualizations 0 -o /root/projects/EnzymeCAGE-master/HPC_Returned_Result_Summaries/enzymecage_m4_e2_full_4681_4gpu_sharded_continuation_20260814/shards/shard_00/per_uid/Q0VKX9/p2rank/raw /root/projects/EnzymeCAGE-master/HPC_Returned_Result_Summaries/enzymecage_m4_e2_full_4681_4gpu_sharded_continuation_20260814/shards/shard_00/per_uid/Q0VKX9/p2rank/Q0VKX9.ds,P2Rank 2.5.1,,,,AFDB structure fetched; P2Rank ran under the approved command contract; no usable top predicted pocket residues were produced or mapped.,False,
Q0VKY0,101,v6,a369543b28b02b453b5b86591aa04a8e4e17812be6f0f1f56fe985c522490b10,/usrdata/EnzymeCAGE_data/tools/p2rank_2.5.1/prank predict -threads 4 -c alphafold -visualizations 0 -o /root/projects/EnzymeCAGE-master/HPC_Returned_Result_Summaries/enzymecage_m4_e2_full_4681_4gpu_sharded_continuation_20260814/shards/shard_01/per_uid/Q0VKY0/p2rank/raw /root/projects/EnzymeCAGE-master/HPC_Returned_Result_Summaries/enzymecage_m4_e2_full_4681_4gpu_sharded_continuation_20260814/shards/shard_01/per_uid/Q0VKY0/p2rank/Q0VKY0.ds,P2Rank 2.5.1,,,,AFDB structure fetched; P2Rank ran under the approved command contract; no usable top predicted pocket residues were produced or mapped.,False,
Q0VS71,95,v6,498b4a1dc017a91aca0c9f0c804843a89b0deba7c0834f649886ec99acbef940,/usrdata/EnzymeCAGE_data/tools/p2rank_2.5.1/prank predict -threads 4 -c alphafold -visualizations 0 -o /root/projects/EnzymeCAGE-master/HPC_Returned_Result_Summaries/enzymecage_m4_e2_full_4681_4gpu_sharded_continuation_20260814/shards/shard_02/per_uid/Q0VS71/p2rank/raw /root/projects/EnzymeCAGE-master/HPC_Returned_Result_Summaries/enzymecage_m4_e2_full_4681_4gpu_sharded_continuation_20260814/shards/shard_02/per_uid/Q0VS71/p2rank/Q0VS71.ds,P2Rank 2.5.1,,,,AFDB structure fetched; P2Rank ran under the approved command contract; no usable top predicted pocket residues were produced or mapped.,False,
Q116J2,93,v6,2650e8477a536d3a1fff7dab775d72cf468d696a498722e7df34f5073e9e9cd3,/usrdata/EnzymeCAGE_data/tools/p2rank_2.5.1/prank predict -threads 4 -c alphafold -visualizations 0 -o /root/projects/EnzymeCAGE-master/HPC_Returned_Result_Summaries/enzymecage_m4_e2_full_4681_4gpu_sharded_continuation_20260814/shards/shard_02/per_uid/Q116J2/p2rank/raw /root/projects/EnzymeCAGE-master/HPC_Returned_Result_Summaries/enzymecage_m4_e2_full_4681_4gpu_sharded_continuation_20260814/shards/shard_02/per_uid/Q116J2/p2rank/Q116J2.ds,P2Rank 2.5.1,,,,AFDB structure fetched; P2Rank ran under the approved command contract; no usable top predicted pocket residues were produced or mapped.,False,
Q117Z9,108,v6,e2a705e87f3be358fc67c62d3759ae7e2fc588017cc5dbe5fba5eb87891e7dfe,/usrdata/EnzymeCAGE_data/tools/p2rank_2.5.1/prank predict -threads 4 -c alphafold -visualizations 0 -o /root/projects/EnzymeCAGE-master/HPC_Returned_Result_Summaries/enzymecage_m4_e2_full_4681_4gpu_sharded_continuation_20260814/shards/shard_03/per_uid/Q117Z9/p2rank/raw /root/projects/EnzymeCAGE-master/HPC_Returned_Result_Summaries/enzymecage_m4_e2_full_4681_4gpu_sharded_continuation_20260814/shards/shard_03/per_uid/Q117Z9/p2rank/Q117Z9.ds,P2Rank 2.5.1,,,,AFDB structure fetched; P2Rank ran under the approved command contract; no usable top predicted pocket residues were produced or mapped.,False,
Q11EW5,101,v6,18c9c24a22b4ce409cdf88f7fa81f12a13dc43f07864b657f6760d268ca037ee,/usrdata/EnzymeCAGE_data/tools/p2rank_2.5.1/prank predict -threads 4 -c alphafold -visualizations 0 -o /root/projects/EnzymeCAGE-master/HPC_Returned_Result_Summaries/enzymecage_m4_e2_full_4681_4gpu_sharded_continuation_20260814/shards/shard_00/per_uid/Q11EW5/p2rank/raw /root/projects/EnzymeCAGE-master/HPC_Returned_Result_Summaries/enzymecage_m4_e2_full_4681_4gpu_sharded_continuation_20260814/shards/shard_00/per_uid/Q11EW5/p2rank/Q11EW5.ds,P2Rank 2.5.1,,,,AFDB structure fetched; P2Rank ran under the approved command contract; no usable top predicted pocket residues were produced or mapped.,False,
Q11EW7,100,v6,d080eaf46cc7531ebe3bf48a056791d83573eb3770408aa0bf28fd9bf2a586ec,/usrdata/EnzymeCAGE_data/tools/p2rank_2.5.1/prank predict -threads 4 -c alphafold -visualizations 0 -o /root/projects/EnzymeCAGE-master/HPC_Returned_Result_Summaries/enzymecage_m4_e2_full_4681_4gpu_sharded_continuation_20260814/shards/shard_01/per_uid/Q11EW7/p2rank/raw /root/projects/EnzymeCAGE-master/HPC_Returned_Result_Summaries/enzymecage_m4_e2_full_4681_4gpu_sharded_continuation_20260814/shards/shard_01/per_uid/Q11EW7/p2rank/Q11EW7.ds,P2Rank 2.5.1,,,,AFDB structure fetched; P2Rank ran under the approved command contract; no usable top predicted pocket residues were produced or mapped.,False,
Q11R87,95,v6,92d42edff05f2ea46e7d040a80f693551b0da89f1dad4881baa744d9771914a8,/usrdata/EnzymeCAGE_data/tools/p2rank_2.5.1/prank predict -threads 4 -c alphafold -visualizations 0 -o /root/projects/EnzymeCAGE-master/HPC_Returned_Result_Summaries/enzymecage_m4_e2_full_4681_4gpu_sharded_continuation_20260814/shards/shard_02/per_uid/Q11R87/p2rank/raw /root/projects/EnzymeCAGE-master/HPC_Returned_Result_Summaries/enzymecage_m4_e2_full_4681_4gpu_sharded_continuation_20260814/shards/shard_02/per_uid/Q11R87/p2rank/Q11R87.ds,P2Rank 2.5.1,,,,AFDB structure fetched; P2Rank ran under the approved command contract; no usable top predicted pocket residues were produced or mapped.,False,
Q12H06,99,v6,c29d3a891f467de96c0d8a0a615bc192b48db8bda992c96dad041b88964f6d9d,/usrdata/EnzymeCAGE_data/tools/p2rank_2.5.1/prank predict -threads 4 -c alphafold -visualizations 0 -o /root/projects/EnzymeCAGE-master/HPC_Returned_Result_Summaries/enzymecage_m4_e2_full_4681_4gpu_sharded_continuation_20260814/shards/shard_00/per_uid/Q12H06/p2rank/raw /root/projects/EnzymeCAGE-master/HPC_Returned_Result_Summaries/enzymecage_m4_e2_full_4681_4gpu_sharded_continuation_20260814/shards/shard_00/per_uid/Q12H06/p2rank/Q12H06.ds,P2Rank 2.5.1,,,,AFDB structure fetched; P2Rank ran under the approved command contract; no usable top predicted pocket residues were produced or mapped.,False,
Q12WH8,115,v6,d462d002cfc277693069f93fffc8b954c4c2fc29a0a1841af468842a7b301709,/usrdata/EnzymeCAGE_data/tools/p2rank_2.5.1/prank predict -threads 4 -c alphafold -visualizations 0 -o /root/projects/EnzymeCAGE-master/HPC_Returned_Result_Summaries/enzymecage_m4_e2_full_4681_4gpu_sharded_continuation_20260814/shards/shard_03/per_uid/Q12WH8/p2rank/raw /root/projects/EnzymeCAGE-master/HPC_Returned_Result_Summaries/enzymecage_m4_e2_full_4681_4gpu_sharded_continuation_20260814/shards/shard_03/per_uid/Q12WH8/p2rank/Q12WH8.ds,P2Rank 2.5.1,,,,AFDB structure fetched; P2Rank ran under the approved command contract; no usable top predicted pocket residues were produced or mapped.,False,
Q133L2,100,v6,2bcdf80c3c1199f0073008be652480718ec2b79b0ba54d760c5568819b5869e9,/usrdata/EnzymeCAGE_data/tools/p2rank_2.5.1/prank predict -threads 4 -c alphafold -visualizations 0 -o /root/projects/EnzymeCAGE-master/HPC_Returned_Result_Summaries/enzymecage_m4_e2_full_4681_4gpu_sharded_continuation_20260814/shards/shard_01/per_uid/Q133L2/p2rank/raw /root/projects/EnzymeCAGE-master/HPC_Returned_Result_Summaries/enzymecage_m4_e2_full_4681_4gpu_sharded_continuation_20260814/shards/shard_01/per_uid/Q133L2/p2rank/Q133L2.ds,P2Rank 2.5.1,,,,AFDB structure fetched; P2Rank ran under the approved command contract; no usable top predicted pocket residues were produced or mapped.,False,
Q133L3,104,v6,c223d05f990755a0bb5b39be070cb73b3ff43828270b776f5a5b3426a139c15a,/usrdata/EnzymeCAGE_data/tools/p2rank_2.5.1/prank predict -threads 4 -c alphafold -visualizations 0 -o /root/projects/EnzymeCAGE-master/HPC_Returned_Result_Summaries/enzymecage_m4_e2_full_4681_4gpu_sharded_continuation_20260814/shards/shard_02/per_uid/Q133L3/p2rank/raw /root/projects/EnzymeCAGE-master/HPC_Returned_Result_Summaries/enzymecage_m4_e2_full_4681_4gpu_sharded_continuation_20260814/shards/shard_02/per_uid/Q133L3/p2rank/Q133L3.ds,P2Rank 2.5.1,,,,AFDB structure fetched; P2Rank ran under the approved command contract; no usable top predicted pocket residues were produced or mapped.,False,
Q135J5,95,v6,21bf91a14b07b6b42afcc197fde767c8c80c5c191c023e9452e9d85804b427af,/usrdata/EnzymeCAGE_data/tools/p2rank_2.5.1/prank predict -threads 4 -c alphafold -visualizations 0 -o /root/projects/EnzymeCAGE-master/HPC_Returned_Result_Summaries/enzymecage_m4_e2_full_4681_4gpu_sharded_continuation_20260814/shards/shard_03/per_uid/Q135J5/p2rank/raw /root/projects/EnzymeCAGE-master/HPC_Returned_Result_Summaries/enzymecage_m4_e2_full_4681_4gpu_sharded_continuation_20260814/shards/shard_03/per_uid/Q135J5/p2rank/Q135J5.ds,P2Rank 2.5.1,,,,AFDB structure fetched; P2Rank ran under the approved command contract; no usable top predicted pocket residues were produced or mapped.,False,
Q13956,83,v6,554e6c6ffee471abe8e1ce4df99e698caa5f5b3c8aa6926b5b3f8927ee948543,/usrdata/EnzymeCAGE_data/tools/p2rank_2.5.1/prank predict -threads 4 -c alphafold -visualizations 0 -o /root/projects/EnzymeCAGE-master/HPC_Returned_Result_Summaries/enzymecage_m4_e2_full_4681_4gpu_sharded_continuation_20260814/shards/shard_02/per_uid/Q13956/p2rank/raw /root/projects/EnzymeCAGE-master/HPC_Returned_Result_Summaries/enzymecage_m4_e2_full_4681_4gpu_sharded_continuation_20260814/shards/shard_02/per_uid/Q13956/p2rank/Q13956.ds,P2Rank 2.5.1,,,,AFDB structure fetched; P2Rank ran under the approved command contract; no usable top predicted pocket residues were produced or mapped.,False,
Q13BG6,102,v6,2bccb15b43e2f1d2dfa29ba259a8867db5fb4904d25c9ec4d4ada2625bc54bcf,/usrdata/EnzymeCAGE_data/tools/p2rank_2.5.1/prank predict -threads 4 -c alphafold -visualizations 0 -o /root/projects/EnzymeCAGE-master/HPC_Returned_Result_Summaries/enzymecage_m4_e2_full_4681_4gpu_sharded_continuation_20260814/shards/shard_03/per_uid/Q13BG6/p2rank/raw /root/projects/EnzymeCAGE-master/HPC_Returned_Result_Summaries/enzymecage_m4_e2_full_4681_4gpu_sharded_continuation_20260814/shards/shard_03/per_uid/Q13BG6/p2rank/Q13BG6.ds,P2Rank 2.5.1,,,,AFDB structure fetched; P2Rank ran under the approved command contract; no usable top predicted pocket residues were produced or mapped.,False,
Q13BH5,129,v6,5ad9a5816f025199f0b02f55d746ae552870bacb00f19aa958f7f9b83a69c0a5,/usrdata/EnzymeCAGE_data/tools/p2rank_2.5.1/prank predict -threads 4 -c alphafold -visualizations 0 -o /root/projects/EnzymeCAGE-master/HPC_Returned_Result_Summaries/enzymecage_m4_e2_full_4681_4gpu_sharded_continuation_20260814/shards/shard_00/per_uid/Q13BH5/p2rank/raw /root/projects/EnzymeCAGE-master/HPC_Returned_Result_Summaries/enzymecage_m4_e2_full_4681_4gpu_sharded_continuation_20260814/shards/shard_00/per_uid/Q13BH5/p2rank/Q13BH5.ds,P2Rank 2.5.1,,,,AFDB structure fetched; P2Rank ran under the approved command contract; no usable top predicted pocket residues were produced or mapped.,False,
Q13SM2,96,v6,c0945ec8c8ade9d6f146e94f850306c4b6bcee957f8714ec577fb1ccfc978044,/usrdata/EnzymeCAGE_data/tools/p2rank_2.5.1/prank predict -threads 4 -c alphafold -visualizations 0 -o /root/projects/EnzymeCAGE-master/HPC_Returned_Result_Summaries/enzymecage_m4_e2_full_4681_4gpu_sharded_continuation_20260814/shards/shard_01/per_uid/Q13SM2/p2rank/raw /root/projects/EnzymeCAGE-master/HPC_Returned_Result_Summaries/enzymecage_m4_e2_full_4681_4gpu_sharded_continuation_20260814/shards/shard_01/per_uid/Q13SM2/p2rank/Q13SM2.ds,P2Rank 2.5.1,,,,AFDB structure fetched; P2Rank ran under the approved command contract; no usable top predicted pocket residues were produced or mapped.,False,
Q144E3,101,v6,325ca834c6e1b0bc16ce245b87302b2aa01b9a8dc24d3b63747d8fe05590ee43,/usrdata/EnzymeCAGE_data/tools/p2rank_2.5.1/prank predict -threads 4 -c alphafold -visualizations 0 -o /root/projects/EnzymeCAGE-master/HPC_Returned_Result_Summaries/enzymecage_m4_e2_full_4681_4gpu_sharded_continuation_20260814/shards/shard_02/per_uid/Q144E3/p2rank/raw /root/projects/EnzymeCAGE-master/HPC_Returned_Result_Summaries/enzymecage_m4_e2_full_4681_4gpu_sharded_continuation_20260814/shards/shard_02/per_uid/Q144E3/p2rank/Q144E3.ds,P2Rank 2.5.1,,,,AFDB structure fetched; P2Rank ran under the approved command contract; no usable top predicted pocket residues were produced or mapped.,False,
Q146Y6,99,v6,7f11a46d8033607a7898cad4a63f89576fa15701f913232a1123fc8dee1b80bc,/usrdata/EnzymeCAGE_data/tools/p2rank_2.5.1/prank predict -threads 4 -c alphafold -visualizations 0 -o /root/projects/EnzymeCAGE-master/HPC_Returned_Result_Summaries/enzymecage_m4_e2_full_4681_4gpu_sharded_continuation_20260814/shards/shard_03/per_uid/Q146Y6/p2rank/raw /root/projects/EnzymeCAGE-master/HPC_Returned_Result_Summaries/enzymecage_m4_e2_full_4681_4gpu_sharded_continuation_20260814/shards/shard_03/per_uid/Q146Y6/p2rank/Q146Y6.ds,P2Rank 2.5.1,,,,AFDB structure fetched; P2Rank ran under the approved command contract; no usable top predicted pocket residues were produced or mapped.,False,
Q161T1,101,v6,88c4591e14ddb8054b5e985d4237c4fcd270c6a6900087dfbe0059cdc919d538,/usrdata/EnzymeCAGE_data/tools/p2rank_2.5.1/prank predict -threads 4 -c alphafold -visualizations 0 -o /root/projects/EnzymeCAGE-master/HPC_Returned_Result_Summaries/enzymecage_m4_e2_full_4681_4gpu_sharded_continuation_20260814/shards/shard_02/per_uid/Q161T1/p2rank/raw /root/projects/EnzymeCAGE-master/HPC_Returned_Result_Summaries/enzymecage_m4_e2_full_4681_4gpu_sharded_continuation_20260814/shards/shard_02/per_uid/Q161T1/p2rank/Q161T1.ds,P2Rank 2.5.1,,,,AFDB structure fetched; P2Rank ran under the approved command contract; no usable top predicted pocket residues were produced or mapped.,False,
Q161T2,100,v6,07ea14ad81e7661c0d479b5ea98de2a967e31c8c12c772e2f10091a574de378d,/usrdata/EnzymeCAGE_data/tools/p2rank_2.5.1/prank predict -threads 4 -c alphafold -visualizations 0 -o /root/projects/EnzymeCAGE-master/HPC_Returned_Result_Summaries/enzymecage_m4_e2_full_4681_4gpu_sharded_continuation_20260814/shards/shard_03/per_uid/Q161T2/p2rank/raw /root/projects/EnzymeCAGE-master/HPC_Returned_Result_Summaries/enzymecage_m4_e2_full_4681_4gpu_sharded_continuation_20260814/shards/shard_03/per_uid/Q161T2/p2rank/Q161T2.ds,P2Rank 2.5.1,,,,AFDB structure fetched; P2Rank ran under the approved command contract; no usable top predicted pocket residues were produced or mapped.,False,
Q168I8,95,v6,528ec793a56fb3f48c0629b1b91091bc4d09f7d1936ac121af2ed053f04056bc,/usrdata/EnzymeCAGE_data/tools/p2rank_2.5.1/prank predict -threads 4 -c alphafold -visualizations 0 -o /root/projects/EnzymeCAGE-master/HPC_Returned_Result_Summaries/enzymecage_m4_e2_full_4681_4gpu_sharded_continuation_20260814/shards/shard_03/per_uid/Q168I8/p2rank/raw /root/projects/EnzymeCAGE-master/HPC_Returned_Result_Summaries/enzymecage_m4_e2_full_4681_4gpu_sharded_continuation_20260814/shards/shard_03/per_uid/Q168I8/p2rank/Q168I8.ds,P2Rank 2.5.1,,,,AFDB structure fetched; P2Rank ran under the approved command contract; no usable top predicted pocket residues were produced or mapped.,False,
Q16BN1,98,v6,1adac3d1d215fbfba384c32c0e81032f4192e22fd96e6580ba8a4fd2f9d1c9a9,/usrdata/EnzymeCAGE_data/tools/p2rank_2.5.1/prank predict -threads 4 -c alphafold -visualizations 0 -o /root/projects/EnzymeCAGE-master/HPC_Returned_Result_Summaries/enzymecage_m4_e2_full_4681_4gpu_sharded_continuation_20260814/shards/shard_00/per_uid/Q16BN1/p2rank/raw /root/projects/EnzymeCAGE-master/HPC_Returned_Result_Summaries/enzymecage_m4_e2_full_4681_4gpu_sharded_continuation_20260814/shards/shard_00/per_uid/Q16BN1/p2rank/Q16BN1.ds,P2Rank 2.5.1,,,,AFDB structure fetched; P2Rank ran under the approved command contract; no usable top predicted pocket residues were produced or mapped.,False,
Q16Q94,178,v6,0ee83b7b1f220217d06e16922a91257ef858ecce65511e047558e371bcca1de3,/usrdata/EnzymeCAGE_data/tools/p2rank_2.5.1/prank predict -threads 4 -c alphafold -visualizations 0 -o /root/projects/EnzymeCAGE-master/HPC_Returned_Result_Summaries/enzymecage_m4_e2_full_4681_4gpu_sharded_continuation_20260814/shards/shard_01/per_uid/Q16Q94/p2rank/raw /root/projects/EnzymeCAGE-master/HPC_Returned_Result_Summaries/enzymecage_m4_e2_full_4681_4gpu_sharded_continuation_20260814/shards/shard_01/per_uid/Q16Q94/p2rank/Q16Q94.ds,P2Rank 2.5.1,,,,AFDB structure fetched; P2Rank ran under the approved command contract; no usable top predicted pocket residues were produced or mapped.,False,
Q18EC0,126,v6,94d4669e1f4eb6eaa3c757dfa3f007b3cf4995ee62e1b8057b78ad32aabfe5c3,/usrdata/EnzymeCAGE_data/tools/p2rank_2.5.1/prank predict -threads 4 -c alphafold -visualizations 0 -o /root/projects/EnzymeCAGE-master/HPC_Returned_Result_Summaries/enzymecage_m4_e2_full_4681_4gpu_sharded_continuation_20260814/shards/shard_00/per_uid/Q18EC0/p2rank/raw /root/projects/EnzymeCAGE-master/HPC_Returned_Result_Summaries/enzymecage_m4_e2_full_4681_4gpu_sharded_continuation_20260814/shards/shard_00/per_uid/Q18EC0/p2rank/Q18EC0.ds,P2Rank 2.5.1,,,,AFDB structure fetched; P2Rank ran under the approved command contract; no usable top predicted pocket residues were produced or mapped.,False,
Q18K02,93,v6,b21256cfad44605b7a72a714a20a09acb67544db5333067c692193b79d20d77a,/usrdata/EnzymeCAGE_data/tools/p2rank_2.5.1/prank predict -threads 4 -c alphafold -visualizations 0 -o /root/projects/EnzymeCAGE-master/HPC_Returned_Result_Summaries/enzymecage_m4_e2_full_4681_4gpu_sharded_continuation_20260814/shards/shard_01/per_uid/Q18K02/p2rank/raw /root/projects/EnzymeCAGE-master/HPC_Returned_Result_Summaries/enzymecage_m4_e2_full_4681_4gpu_sharded_continuation_20260814/shards/shard_01/per_uid/Q18K02/p2rank/Q18K02.ds,P2Rank 2.5.1,,,,AFDB structure fetched; P2Rank ran under the approved command contract; no usable top predicted pocket residues were produced or mapped.,False,
Q18KN8,112,v6,0dcea16e2be500c662dfc66ea1d5689114d590722a61d776e6edef01dbbcef93,/usrdata/EnzymeCAGE_data/tools/p2rank_2.5.1/prank predict -threads 4 -c alphafold -visualizations 0 -o /root/projects/EnzymeCAGE-master/HPC_Returned_Result_Summaries/enzymecage_m4_e2_full_4681_4gpu_sharded_continuation_20260814/shards/shard_02/per_uid/Q18KN8/p2rank/raw /root/projects/EnzymeCAGE-master/HPC_Returned_Result_Summaries/enzymecage_m4_e2_full_4681_4gpu_sharded_continuation_20260814/shards/shard_02/per_uid/Q18KN8/p2rank/Q18KN8.ds,P2Rank 2.5.1,,,,AFDB structure fetched; P2Rank ran under the approved command contract; no usable top predicted pocket residues were produced or mapped.,False,
Q1B870,100,v6,c61ef44959adb7b0d91e2b20accc88df682e3c8864e8a0039e493d18899e763a,/usrdata/EnzymeCAGE_data/tools/p2rank_2.5.1/prank predict -threads 4 -c alphafold -visualizations 0 -o /root/projects/EnzymeCAGE-master/HPC_Returned_Result_Summaries/enzymecage_m4_e2_full_4681_4gpu_sharded_continuation_20260814/shards/shard_01/per_uid/Q1B870/p2rank/raw /root/projects/EnzymeCAGE-master/HPC_Returned_Result_Summaries/enzymecage_m4_e2_full_4681_4gpu_sharded_continuation_20260814/shards/shard_01/per_uid/Q1B870/p2rank/Q1B870.ds,P2Rank 2.5.1,,,,AFDB structure fetched; P2Rank ran under the approved command contract; no usable top predicted pocket residues were produced or mapped.,False,
Q1B871,105,v6,0b6eeb83da6d6f33b87840bb1a75a76d72c5857c6dcdbbd575b68528797cdfe0,/usrdata/EnzymeCAGE_data/tools/p2rank_2.5.1/prank predict -threads 4 -c alphafold -visualizations 0 -o /root/projects/EnzymeCAGE-master/HPC_Returned_Result_Summaries/enzymecage_m4_e2_full_4681_4gpu_sharded_continuation_20260814/shards/shard_02/per_uid/Q1B871/p2rank/raw /root/projects/EnzymeCAGE-master/HPC_Returned_Result_Summaries/enzymecage_m4_e2_full_4681_4gpu_sharded_continuation_20260814/shards/shard_02/per_uid/Q1B871/p2rank/Q1B871.ds,P2Rank 2.5.1,,,,AFDB structure fetched; P2Rank ran under the approved command contract; no usable top predicted pocket residues were produced or mapped.,False,
Q1BSL1,99,v6,e4acc5479b6045fd31b63aea683062900618ea03397aa7c52d5bbb83c4f37f90,/usrdata/EnzymeCAGE_data/tools/p2rank_2.5.1/prank predict -threads 4 -c alphafold -visualizations 0 -o /root/projects/EnzymeCAGE-master/HPC_Returned_Result_Summaries/enzymecage_m4_e2_full_4681_4gpu_sharded_continuation_20260814/shards/shard_00/per_uid/Q1BSL1/p2rank/raw /root/projects/EnzymeCAGE-master/HPC_Returned_Result_Summaries/enzymecage_m4_e2_full_4681_4gpu_sharded_continuation_20260814/shards/shard_00/per_uid/Q1BSL1/p2rank/Q1BSL1.ds,P2Rank 2.5.1,,,,AFDB structure fetched; P2Rank ran under the approved command contract; no usable top predicted pocket residues were produced or mapped.,False,
Q1CHQ1,166,v6,184f9040ad11c428d2dd013f183cb71ddbd536a6c03ff4b43821fd809b7296d4,/usrdata/EnzymeCAGE_data/tools/p2rank_2.5.1/prank predict -threads 4 -c alphafold -visualizations 0 -o /root/projects/EnzymeCAGE-master/HPC_Returned_Result_Summaries/enzymecage_m4_e2_full_4681_4gpu_sharded_continuation_20260814/shards/shard_03/per_uid/Q1CHQ1/p2rank/raw /root/projects/EnzymeCAGE-master/HPC_Returned_Result_Summaries/enzymecage_m4_e2_full_4681_4gpu_sharded_continuation_20260814/shards/shard_03/per_uid/Q1CHQ1/p2rank/Q1CHQ1.ds,P2Rank 2.5.1,,,,AFDB structure fetched; P2Rank ran under the approved command contract; no usable top predicted pocket residues were produced or mapped.,False,
Q1CHR0,100,v6,bb1c273cdf9efef87018bdd807ebee3212397cd6e3a402e2aa87601e8f0fd39c,/usrdata/EnzymeCAGE_data/tools/p2rank_2.5.1/prank predict -threads 4 -c alphafold -visualizations 0 -o /root/projects/EnzymeCAGE-master/HPC_Returned_Result_Summaries/enzymecage_m4_e2_full_4681_4gpu_sharded_continuation_20260814/shards/shard_00/per_uid/Q1CHR0/p2rank/raw /root/projects/EnzymeCAGE-master/HPC_Returned_Result_Summaries/enzymecage_m4_e2_full_4681_4gpu_sharded_continuation_20260814/shards/shard_00/per_uid/Q1CHR0/p2rank/Q1CHR0.ds,P2Rank 2.5.1,,,,AFDB structure fetched; P2Rank ran under the approved command contract; no usable top predicted pocket residues were produced or mapped.,False,
Q1D8S2,123,v6,d379e0334b2692f3af1a56d28f86ac5dc6514e742d041d452933130283795158,/usrdata/EnzymeCAGE_data/tools/p2rank_2.5.1/prank predict -threads 4 -c alphafold -visualizations 0 -o /root/projects/EnzymeCAGE-master/HPC_Returned_Result_Summaries/enzymecage_m4_e2_full_4681_4gpu_sharded_continuation_20260814/shards/shard_02/per_uid/Q1D8S2/p2rank/raw /root/projects/EnzymeCAGE-master/HPC_Returned_Result_Summaries/enzymecage_m4_e2_full_4681_4gpu_sharded_continuation_20260814/shards/shard_02/per_uid/Q1D8S2/p2rank/Q1D8S2.ds,P2Rank 2.5.1,,,,AFDB structure fetched; P2Rank ran under the approved command contract; no usable top predicted pocket residues were produced or mapped.,False,
Q1GDR0,98,v6,357f8402edc6d97f814ea80a40bf650c7a34354ed6d056298b73e696bc4b0bcf,/usrdata/EnzymeCAGE_data/tools/p2rank_2.5.1/prank predict -threads 4 -c alphafold -visualizations 0 -o /root/projects/EnzymeCAGE-master/HPC_Returned_Result_Summaries/enzymecage_m4_e2_full_4681_4gpu_sharded_continuation_20260814/shards/shard_03/per_uid/Q1GDR0/p2rank/raw /root/projects/EnzymeCAGE-master/HPC_Returned_Result_Summaries/enzymecage_m4_e2_full_4681_4gpu_sharded_continuation_20260814/shards/shard_03/per_uid/Q1GDR0/p2rank/Q1GDR0.ds,P2Rank 2.5.1,,,,AFDB structure fetched; P2Rank ran under the approved command contract; no usable top predicted pocket residues were produced or mapped.,False,
Q1GFB4,95,v6,d78c2be43d23f3e6ad0e781fd5b212b5a3f7250b93ee5cafd77ffa04cde82d02,/usrdata/EnzymeCAGE_data/tools/p2rank_2.5.1/prank predict -threads 4 -c alphafold -visualizations 0 -o /root/projects/EnzymeCAGE-master/HPC_Returned_Result_Summaries/enzymecage_m4_e2_full_4681_4gpu_sharded_continuation_20260814/shards/shard_00/per_uid/Q1GFB4/p2rank/raw /root/projects/EnzymeCAGE-master/HPC_Returned_Result_Summaries/enzymecage_m4_e2_full_4681_4gpu_sharded_continuation_20260814/shards/shard_00/per_uid/Q1GFB4/p2rank/Q1GFB4.ds,P2Rank 2.5.1,,,,AFDB structure fetched; P2Rank ran under the approved command contract; no usable top predicted pocket residues were produced or mapped.,False,
Q1GJP6,100,v6,d867c216354eb82d62bb996248304a778651487e55ff5850fbe48fe028c07eb3,/usrdata/EnzymeCAGE_data/tools/p2rank_2.5.1/prank predict -threads 4 -c alphafold -visualizations 0 -o /root/projects/EnzymeCAGE-master/HPC_Returned_Result_Summaries/enzymecage_m4_e2_full_4681_4gpu_sharded_continuation_20260814/shards/shard_01/per_uid/Q1GJP6/p2rank/raw /root/projects/EnzymeCAGE-master/HPC_Returned_Result_Summaries/enzymecage_m4_e2_full_4681_4gpu_sharded_continuation_20260814/shards/shard_01/per_uid/Q1GJP6/p2rank/Q1GJP6.ds,P2Rank 2.5.1,,,,AFDB structure fetched; P2Rank ran under the approved command contract; no usable top predicted pocket residues were produced or mapped.,False,
Q1GJP7,101,v6,c8c04586827b4c24bc1701a9d6e490df5cf5ef2f0d0e02278700fab7b6dbbcd8,/usrdata/EnzymeCAGE_data/tools/p2rank_2.5.1/prank predict -threads 4 -c alphafold -visualizations 0 -o /root/projects/EnzymeCAGE-master/HPC_Returned_Result_Summaries/enzymecage_m4_e2_full_4681_4gpu_sharded_continuation_20260814/shards/shard_02/per_uid/Q1GJP7/p2rank/raw /root/projects/EnzymeCAGE-master/HPC_Returned_Result_Summaries/enzymecage_m4_e2_full_4681_4gpu_sharded_continuation_20260814/shards/shard_02/per_uid/Q1GJP7/p2rank/Q1GJP7.ds,P2Rank 2.5.1,,,,AFDB structure fetched; P2Rank ran under the approved command contract; no usable top predicted pocket residues were produced or mapped.,False,
Q1GYD2,95,v6,7cedb72ce47341f643bda2abb96ea3df09bd88aa0a38036958db259f060e8d05,/usrdata/EnzymeCAGE_data/tools/p2rank_2.5.1/prank predict -threads 4 -c alphafold -visualizations 0 -o /root/projects/EnzymeCAGE-master/HPC_Returned_Result_Summaries/enzymecage_m4_e2_full_4681_4gpu_sharded_continuation_20260814/shards/shard_03/per_uid/Q1GYD2/p2rank/raw /root/projects/EnzymeCAGE-master/HPC_Returned_Result_Summaries/enzymecage_m4_e2_full_4681_4gpu_sharded_continuation_20260814/shards/shard_03/per_uid/Q1GYD2/p2rank/Q1GYD2.ds,P2Rank 2.5.1,,,,AFDB structure fetched; P2Rank ran under the approved command contract; no usable top predicted pocket residues were produced or mapped.,False,
Q1H0F0,100,v6,dcef1947a1a14669e7e0100ca972d97ec9003f09b75ea2e449467c3af3aa2aa6,/usrdata/EnzymeCAGE_data/tools/p2rank_2.5.1/prank predict -threads 4 -c alphafold -visualizations 0 -o /root/projects/EnzymeCAGE-master/HPC_Returned_Result_Summaries/enzymecage_m4_e2_full_4681_4gpu_sharded_continuation_20260814/shards/shard_00/per_uid/Q1H0F0/p2rank/raw /root/projects/EnzymeCAGE-master/HPC_Returned_Result_Summaries/enzymecage_m4_e2_full_4681_4gpu_sharded_continuation_20260814/shards/shard_00/per_uid/Q1H0F0/p2rank/Q1H0F0.ds,P2Rank 2.5.1,,,,AFDB structure fetched; P2Rank ran under the approved command contract; no usable top predicted pocket residues were produced or mapped.,False,
Q1H0F1,102,v6,6f1dc1adbbb329136126c03e4981249f02ef29b8fee025205dfe51d539ee2c2c,/usrdata/EnzymeCAGE_data/tools/p2rank_2.5.1/prank predict -threads 4 -c alphafold -visualizations 0 -o /root/projects/EnzymeCAGE-master/HPC_Returned_Result_Summaries/enzymecage_m4_e2_full_4681_4gpu_sharded_continuation_20260814/shards/shard_01/per_uid/Q1H0F1/p2rank/raw /root/projects/EnzymeCAGE-master/HPC_Returned_Result_Summaries/enzymecage_m4_e2_full_4681_4gpu_sharded_continuation_20260814/shards/shard_01/per_uid/Q1H0F1/p2rank/Q1H0F1.ds,P2Rank 2.5.1,,,,AFDB structure fetched; P2Rank ran under the approved command contract; no usable top predicted pocket residues were produced or mapped.,False,
Q1IBP1,105,v6,f3a89f3b778d3aacc31431d352a5286d0685ea00e17a6411058be12205b85be6,/usrdata/EnzymeCAGE_data/tools/p2rank_2.5.1/prank predict -threads 4 -c alphafold -visualizations 0 -o /root/projects/EnzymeCAGE-master/HPC_Returned_Result_Summaries/enzymecage_m4_e2_full_4681_4gpu_sharded_continuation_20260814/shards/shard_01/per_uid/Q1IBP1/p2rank/raw /root/projects/EnzymeCAGE-master/HPC_Returned_Result_Summaries/enzymecage_m4_e2_full_4681_4gpu_sharded_continuation_20260814/shards/shard_01/per_uid/Q1IBP1/p2rank/Q1IBP1.ds,P2Rank 2.5.1,,,,AFDB structure fetched; P2Rank ran under the approved command contract; no usable top predicted pocket residues were produced or mapped.,False,
Q1IBP2,100,v6,efec15fe72ddfd16c1d3534ad2035b0ce802185c394b98ce1a796bf20e05cf70,/usrdata/EnzymeCAGE_data/tools/p2rank_2.5.1/prank predict -threads 4 -c alphafold -visualizations 0 -o /root/projects/EnzymeCAGE-master/HPC_Returned_Result_Summaries/enzymecage_m4_e2_full_4681_4gpu_sharded_continuation_20260814/shards/shard_02/per_uid/Q1IBP2/p2rank/raw /root/projects/EnzymeCAGE-master/HPC_Returned_Result_Summaries/enzymecage_m4_e2_full_4681_4gpu_sharded_continuation_20260814/shards/shard_02/per_uid/Q1IBP2/p2rank/Q1IBP2.ds,P2Rank 2.5.1,,,,AFDB structure fetched; P2Rank ran under the approved command contract; no usable top predicted pocket residues were produced or mapped.,False,
Q1IED2,95,v6,4d2cd13d6963f46ce152fc85164cd29f65c519886ecbdc8e8e41b825e16797d1,/usrdata/EnzymeCAGE_data/tools/p2rank_2.5.1/prank predict -threads 4 -c alphafold -visualizations 0 -o /root/projects/EnzymeCAGE-master/HPC_Returned_Result_Summaries/enzymecage_m4_e2_full_4681_4gpu_sharded_continuation_20260814/shards/shard_03/per_uid/Q1IED2/p2rank/raw /root/projects/EnzymeCAGE-master/HPC_Returned_Result_Summaries/enzymecage_m4_e2_full_4681_4gpu_sharded_continuation_20260814/shards/shard_03/per_uid/Q1IED2/p2rank/Q1IED2.ds,P2Rank 2.5.1,,,,AFDB structure fetched; P2Rank ran under the approved command contract; no usable top predicted pocket residues were produced or mapped.,False,
Q1IP68,94,v6,539939c8997b99a5367468b0a6eb5cfea7518dddb21cfb130167c4ed82e24ca9,/usrdata/EnzymeCAGE_data/tools/p2rank_2.5.1/prank predict -threads 4 -c alphafold -visualizations 0 -o /root/projects/EnzymeCAGE-master/HPC_Returned_Result_Summaries/enzymecage_m4_e2_full_4681_4gpu_sharded_continuation_20260814/shards/shard_00/per_uid/Q1IP68/p2rank/raw /root/projects/EnzymeCAGE-master/HPC_Returned_Result_Summaries/enzymecage_m4_e2_full_4681_4gpu_sharded_continuation_20260814/shards/shard_00/per_uid/Q1IP68/p2rank/Q1IP68.ds,P2Rank 2.5.1,,,,AFDB structure fetched; P2Rank ran under the approved command contract; no usable top predicted pocket residues were produced or mapped.,False,
Q1IZV0,96,v6,cf42be3478d71f023c510081b7d8618326f50d8eba2fbc70dd0cf3415af1b579,/usrdata/EnzymeCAGE_data/tools/p2rank_2.5.1/prank predict -threads 4 -c alphafold -visualizations 0 -o /root/projects/EnzymeCAGE-master/HPC_Returned_Result_Summaries/enzymecage_m4_e2_full_4681_4gpu_sharded_continuation_20260814/shards/shard_02/per_uid/Q1IZV0/p2rank/raw /root/projects/EnzymeCAGE-master/HPC_Returned_Result_Summaries/enzymecage_m4_e2_full_4681_4gpu_sharded_continuation_20260814/shards/shard_02/per_uid/Q1IZV0/p2rank/Q1IZV0.ds,P2Rank 2.5.1,,,,AFDB structure fetched; P2Rank ran under the approved command contract; no usable top predicted pocket residues were produced or mapped.,False,
Q1LPT2,100,v6,58c845a5ae03cdd8420418d107d64d17a3e92b305634980988d322d65ce215d5,/usrdata/EnzymeCAGE_data/tools/p2rank_2.5.1/prank predict -threads 4 -c alphafold -visualizations 0 -o /root/projects/EnzymeCAGE-master/HPC_Returned_Result_Summaries/enzymecage_m4_e2_full_4681_4gpu_sharded_continuation_20260814/shards/shard_00/per_uid/Q1LPT2/p2rank/raw /root/projects/EnzymeCAGE-master/HPC_Returned_Result_Summaries/enzymecage_m4_e2_full_4681_4gpu_sharded_continuation_20260814/shards/shard_00/per_uid/Q1LPT2/p2rank/Q1LPT2.ds,P2Rank 2.5.1,,,,AFDB structure fetched; P2Rank ran under the approved command contract; no usable top predicted pocket residues were produced or mapped.,False,
Q1LSE0,99,v6,3be994299a3cb34dce377b368819ece3e61512779efb951cfa4f96367745c02e,/usrdata/EnzymeCAGE_data/tools/p2rank_2.5.1/prank predict -threads 4 -c alphafold -visualizations 0 -o /root/projects/EnzymeCAGE-master/HPC_Returned_Result_Summaries/enzymecage_m4_e2_full_4681_4gpu_sharded_continuation_20260814/shards/shard_01/per_uid/Q1LSE0/p2rank/raw /root/projects/EnzymeCAGE-master/HPC_Returned_Result_Summaries/enzymecage_m4_e2_full_4681_4gpu_sharded_continuation_20260814/shards/shard_01/per_uid/Q1LSE0/p2rank/Q1LSE0.ds,P2Rank 2.5.1,,,,AFDB structure fetched; P2Rank ran under the approved command contract; no usable top predicted pocket residues were produced or mapped.,False,
Q1MCV6,101,v6,5b4732f899d5ca878cd20b4d98ac002e8787ee414460ba363fe20ac19658ad8a,/usrdata/EnzymeCAGE_data/tools/p2rank_2.5.1/prank predict -threads 4 -c alphafold -visualizations 0 -o /root/projects/EnzymeCAGE-master/HPC_Returned_Result_Summaries/enzymecage_m4_e2_full_4681_4gpu_sharded_continuation_20260814/shards/shard_03/per_uid/Q1MCV6/p2rank/raw /root/projects/EnzymeCAGE-master/HPC_Returned_Result_Summaries/enzymecage_m4_e2_full_4681_4gpu_sharded_continuation_20260814/shards/shard_03/per_uid/Q1MCV6/p2rank/Q1MCV6.ds,P2Rank 2.5.1,,,,AFDB structure fetched; P2Rank ran under the approved command contract; no usable top predicted pocket residues were produced or mapped.,False,
Q1MHJ6,95,v6,7369dfb40ae79d9feb2f753ff1904402c88d5b64f385b218559022ef64b6e3a1,/usrdata/EnzymeCAGE_data/tools/p2rank_2.5.1/prank predict -threads 4 -c alphafold -visualizations 0 -o /root/projects/EnzymeCAGE-master/HPC_Returned_Result_Summaries/enzymecage_m4_e2_full_4681_4gpu_sharded_continuation_20260814/shards/shard_00/per_uid/Q1MHJ6/p2rank/raw /root/projects/EnzymeCAGE-master/HPC_Returned_Result_Summaries/enzymecage_m4_e2_full_4681_4gpu_sharded_continuation_20260814/shards/shard_00/per_uid/Q1MHJ6/p2rank/Q1MHJ6.ds,P2Rank 2.5.1,,,,AFDB structure fetched; P2Rank ran under the approved command contract; no usable top predicted pocket residues were produced or mapped.,False,
Q1QHE0,101,v6,a3ea4c0e6a332cc50a72ab3ef152414e7bd0465461b81cad9f668ad6868618e6,/usrdata/EnzymeCAGE_data/tools/p2rank_2.5.1/prank predict -threads 4 -c alphafold -visualizations 0 -o /root/projects/EnzymeCAGE-master/HPC_Returned_Result_Summaries/enzymecage_m4_e2_full_4681_4gpu_sharded_continuation_20260814/shards/shard_01/per_uid/Q1QHE0/p2rank/raw /root/projects/EnzymeCAGE-master/HPC_Returned_Result_Summaries/enzymecage_m4_e2_full_4681_4gpu_sharded_continuation_20260814/shards/shard_01/per_uid/Q1QHE0/p2rank/Q1QHE0.ds,P2Rank 2.5.1,,,,AFDB structure fetched; P2Rank ran under the approved command contract; no usable top predicted pocket residues were produced or mapped.,False,
Q1QL28,95,v6,9e4876cb0548fb6179e9e536bc8b62e132a35ad2c3efd512acdedda880d161b8,/usrdata/EnzymeCAGE_data/tools/p2rank_2.5.1/prank predict -threads 4 -c alphafold -visualizations 0 -o /root/projects/EnzymeCAGE-master/HPC_Returned_Result_Summaries/enzymecage_m4_e2_full_4681_4gpu_sharded_continuation_20260814/shards/shard_02/per_uid/Q1QL28/p2rank/raw /root/projects/EnzymeCAGE-master/HPC_Returned_Result_Summaries/enzymecage_m4_e2_full_4681_4gpu_sharded_continuation_20260814/shards/shard_02/per_uid/Q1QL28/p2rank/Q1QL28.ds,P2Rank 2.5.1,,,,AFDB structure fetched; P2Rank ran under the approved command contract; no usable top predicted pocket residues were produced or mapped.,False,
Q1QL95,102,v6,038e8d21dabfa498ff347f4f6e5b594fdd003ee2a03525a443ca65f6734e5427,/usrdata/EnzymeCAGE_data/tools/p2rank_2.5.1/prank predict -threads 4 -c alphafold -visualizations 0 -o /root/projects/EnzymeCAGE-master/HPC_Returned_Result_Summaries/enzymecage_m4_e2_full_4681_4gpu_sharded_continuation_20260814/shards/shard_03/per_uid/Q1QL95/p2rank/raw /root/projects/EnzymeCAGE-master/HPC_Returned_Result_Summaries/enzymecage_m4_e2_full_4681_4gpu_sharded_continuation_20260814/shards/shard_03/per_uid/Q1QL95/p2rank/Q1QL95.ds,P2Rank 2.5.1,,,,AFDB structure fetched; P2Rank ran under the approved command contract; no usable top predicted pocket residues were produced or mapped.,False,
Q1QSU1,102,v6,31551bed86bdc2f26d4e0bb5a09b0a13293ace4fc9dcd31bbc53ce31dc0dc7b3,/usrdata/EnzymeCAGE_data/tools/p2rank_2.5.1/prank predict -threads 4 -c alphafold -visualizations 0 -o /root/projects/EnzymeCAGE-master/HPC_Returned_Result_Summaries/enzymecage_m4_e2_full_4681_4gpu_sharded_continuation_20260814/shards/shard_00/per_uid/Q1QSU1/p2rank/raw /root/projects/EnzymeCAGE-master/HPC_Returned_Result_Summaries/enzymecage_m4_e2_full_4681_4gpu_sharded_continuation_20260814/shards/shard_00/per_uid/Q1QSU1/p2rank/Q1QSU1.ds,P2Rank 2.5.1,,,,AFDB structure fetched; P2Rank ran under the approved command contract; no usable top predicted pocket residues were produced or mapped.,False,
Q1QV51,100,v6,394b2549d8b3800562f03ff4edb2dcbd51faf57610e5063811d843ff3e67f37f,/usrdata/EnzymeCAGE_data/tools/p2rank_2.5.1/prank predict -threads 4 -c alphafold -visualizations 0 -o /root/projects/EnzymeCAGE-master/HPC_Returned_Result_Summaries/enzymecage_m4_e2_full_4681_4gpu_sharded_continuation_20260814/shards/shard_01/per_uid/Q1QV51/p2rank/raw /root/projects/EnzymeCAGE-master/HPC_Returned_Result_Summaries/enzymecage_m4_e2_full_4681_4gpu_sharded_continuation_20260814/shards/shard_01/per_uid/Q1QV51/p2rank/Q1QV51.ds,P2Rank 2.5.1,,,,AFDB structure fetched; P2Rank ran under the approved command contract; no usable top predicted pocket residues were produced or mapped.,False,
Q1QVB6,95,v6,3f9087d715e498855332af8fa454b88f5435e7bd0ec7629029782cbda68cd0a7,/usrdata/EnzymeCAGE_data/tools/p2rank_2.5.1/prank predict -threads 4 -c alphafold -visualizations 0 -o /root/projects/EnzymeCAGE-master/HPC_Returned_Result_Summaries/enzymecage_m4_e2_full_4681_4gpu_sharded_continuation_20260814/shards/shard_02/per_uid/Q1QVB6/p2rank/raw /root/projects/EnzymeCAGE-master/HPC_Returned_Result_Summaries/enzymecage_m4_e2_full_4681_4gpu_sharded_continuation_20260814/shards/shard_02/per_uid/Q1QVB6/p2rank/Q1QVB6.ds,P2Rank 2.5.1,,,,AFDB structure fetched; P2Rank ran under the approved command contract; no usable top predicted pocket residues were produced or mapped.,False,
Q1R9D8,100,v6,38188fc1cead2c99b42dd7a923dbfe554039f809536820a820f9113aabcefa1f,/usrdata/EnzymeCAGE_data/tools/p2rank_2.5.1/prank predict -threads 4 -c alphafold -visualizations 0 -o /root/projects/EnzymeCAGE-master/HPC_Returned_Result_Summaries/enzymecage_m4_e2_full_4681_4gpu_sharded_continuation_20260814/shards/shard_00/per_uid/Q1R9D8/p2rank/raw /root/projects/EnzymeCAGE-master/HPC_Returned_Result_Summaries/enzymecage_m4_e2_full_4681_4gpu_sharded_continuation_20260814/shards/shard_00/per_uid/Q1R9D8/p2rank/Q1R9D8.ds,P2Rank 2.5.1,,,,AFDB structure fetched; P2Rank ran under the approved command contract; no usable top predicted pocket residues were produced or mapped.,False,
Q20Z39,129,v6,eef024add1029eb277cf1c795936d2eb8862899d25e40922cfce08e896af323b,/usrdata/EnzymeCAGE_data/tools/p2rank_2.5.1/prank predict -threads 4 -c alphafold -visualizations 0 -o /root/projects/EnzymeCAGE-master/HPC_Returned_Result_Summaries/enzymecage_m4_e2_full_4681_4gpu_sharded_continuation_20260814/shards/shard_01/per_uid/Q20Z39/p2rank/raw /root/projects/EnzymeCAGE-master/HPC_Returned_Result_Summaries/enzymecage_m4_e2_full_4681_4gpu_sharded_continuation_20260814/shards/shard_01/per_uid/Q20Z39/p2rank/Q20Z39.ds,P2Rank 2.5.1,,,,AFDB structure fetched; P2Rank ran under the approved command contract; no usable top predicted pocket residues were produced or mapped.,False,
Q20Z48,102,v6,aa4d5c28333735b4095fb7c739be022c244a8c60f85264090bfb3d361a0f416b,/usrdata/EnzymeCAGE_data/tools/p2rank_2.5.1/prank predict -threads 4 -c alphafold -visualizations 0 -o /root/projects/EnzymeCAGE-master/HPC_Returned_Result_Summaries/enzymecage_m4_e2_full_4681_4gpu_sharded_continuation_20260814/shards/shard_02/per_uid/Q20Z48/p2rank/raw /root/projects/EnzymeCAGE-master/HPC_Returned_Result_Summaries/enzymecage_m4_e2_full_4681_4gpu_sharded_continuation_20260814/shards/shard_02/per_uid/Q20Z48/p2rank/Q20Z48.ds,P2Rank 2.5.1,,,,AFDB structure fetched; P2Rank ran under the approved command contract; no usable top predicted pocket residues were produced or mapped.,False,
Q210F5,100,v6,8038e4fd3a33c3ce5a7eca309a6f9442e1999351deb9002fb2ecb64d13a79d71,/usrdata/EnzymeCAGE_data/tools/p2rank_2.5.1/prank predict -threads 4 -c alphafold -visualizations 0 -o /root/projects/EnzymeCAGE-master/HPC_Returned_Result_Summaries/enzymecage_m4_e2_full_4681_4gpu_sharded_continuation_20260814/shards/shard_03/per_uid/Q210F5/p2rank/raw /root/projects/EnzymeCAGE-master/HPC_Returned_Result_Summaries/enzymecage_m4_e2_full_4681_4gpu_sharded_continuation_20260814/shards/shard_03/per_uid/Q210F5/p2rank/Q210F5.ds,P2Rank 2.5.1,,,,AFDB structure fetched; P2Rank ran under the approved command contract; no usable top predicted pocket residues were produced or mapped.,False,
Q210F6,104,v6,8e477a64e7fa564f05aa44c295c91c83d770ff133afe26b22cc2bc557280bbdc,/usrdata/EnzymeCAGE_data/tools/p2rank_2.5.1/prank predict -threads 4 -c alphafold -visualizations 0 -o /root/projects/EnzymeCAGE-master/HPC_Returned_Result_Summaries/enzymecage_m4_e2_full_4681_4gpu_sharded_continuation_20260814/shards/shard_00/per_uid/Q210F6/p2rank/raw /root/projects/EnzymeCAGE-master/HPC_Returned_Result_Summaries/enzymecage_m4_e2_full_4681_4gpu_sharded_continuation_20260814/shards/shard_00/per_uid/Q210F6/p2rank/Q210F6.ds,P2Rank 2.5.1,,,,AFDB structure fetched; P2Rank ran under the approved command contract; no usable top predicted pocket residues were produced or mapped.,False,
Q215X2,95,v6,02d2636d1dc633cd0ba2c6bc2abd1909cb1406e63cffe02aa1ce349d30bb58a6,/usrdata/EnzymeCAGE_data/tools/p2rank_2.5.1/prank predict -threads 4 -c alphafold -visualizations 0 -o /root/projects/EnzymeCAGE-master/HPC_Returned_Result_Summaries/enzymecage_m4_e2_full_4681_4gpu_sharded_continuation_20260814/shards/shard_01/per_uid/Q215X2/p2rank/raw /root/projects/EnzymeCAGE-master/HPC_Returned_Result_Summaries/enzymecage_m4_e2_full_4681_4gpu_sharded_continuation_20260814/shards/shard_01/per_uid/Q215X2/p2rank/Q215X2.ds,P2Rank 2.5.1,,,,AFDB structure fetched; P2Rank ran under the approved command contract; no usable top predicted pocket residues were produced or mapped.,False,
Q21P96,100,v6,63b08771cc3d2edf94f3d4d857ff4d8f7ae11c30fdbb2452cd22920bb4578fde,/usrdata/EnzymeCAGE_data/tools/p2rank_2.5.1/prank predict -threads 4 -c alphafold -visualizations 0 -o /root/projects/EnzymeCAGE-master/HPC_Returned_Result_Summaries/enzymecage_m4_e2_full_4681_4gpu_sharded_continuation_20260814/shards/shard_03/per_uid/Q21P96/p2rank/raw /root/projects/EnzymeCAGE-master/HPC_Returned_Result_Summaries/enzymecage_m4_e2_full_4681_4gpu_sharded_continuation_20260814/shards/shard_03/per_uid/Q21P96/p2rank/Q21P96.ds,P2Rank 2.5.1,,,,AFDB structure fetched; P2Rank ran under the approved command contract; no usable top predicted pocket residues were produced or mapped.,False,
Q21SZ4,101,v6,47038462b3dec87485b28801d3432b98f21e87f9df59370aaedf73ea9a44ae66,/usrdata/EnzymeCAGE_data/tools/p2rank_2.5.1/prank predict -threads 4 -c alphafold -visualizations 0 -o /root/projects/EnzymeCAGE-master/HPC_Returned_Result_Summaries/enzymecage_m4_e2_full_4681_4gpu_sharded_continuation_20260814/shards/shard_00/per_uid/Q21SZ4/p2rank/raw /root/projects/EnzymeCAGE-master/HPC_Returned_Result_Summaries/enzymecage_m4_e2_full_4681_4gpu_sharded_continuation_20260814/shards/shard_00/per_uid/Q21SZ4/p2rank/Q21SZ4.ds,P2Rank 2.5.1,,,,AFDB structure fetched; P2Rank ran under the approved command contract; no usable top predicted pocket residues were produced or mapped.,False,
Q21SZ5,100,v6,6d87d1ddd9a314ed1859e02a8deb8558c0115f6408d6277dbd28b440b81e85cc,/usrdata/EnzymeCAGE_data/tools/p2rank_2.5.1/prank predict -threads 4 -c alphafold -visualizations 0 -o /root/projects/EnzymeCAGE-master/HPC_Returned_Result_Summaries/enzymecage_m4_e2_full_4681_4gpu_sharded_continuation_20260814/shards/shard_01/per_uid/Q21SZ5/p2rank/raw /root/projects/EnzymeCAGE-master/HPC_Returned_Result_Summaries/enzymecage_m4_e2_full_4681_4gpu_sharded_continuation_20260814/shards/shard_01/per_uid/Q21SZ5/p2rank/Q21SZ5.ds,P2Rank 2.5.1,,,,AFDB structure fetched; P2Rank ran under the approved command contract; no usable top predicted pocket residues were produced or mapped.,False,
Q21YC7,119,v6,018ffcf44cbcd97c3e254009d9429558dac7a7be4faeb53d03bd42969bdbdd48,/usrdata/EnzymeCAGE_data/tools/p2rank_2.5.1/prank predict -threads 4 -c alphafold -visualizations 0 -o /root/projects/EnzymeCAGE-master/HPC_Returned_Result_Summaries/enzymecage_m4_e2_full_4681_4gpu_sharded_continuation_20260814/shards/shard_02/per_uid/Q21YC7/p2rank/raw /root/projects/EnzymeCAGE-master/HPC_Returned_Result_Summaries/enzymecage_m4_e2_full_4681_4gpu_sharded_continuation_20260814/shards/shard_02/per_uid/Q21YC7/p2rank/Q21YC7.ds,P2Rank 2.5.1,,,,AFDB structure fetched; P2Rank ran under the approved command contract; no usable top predicted pocket residues were produced or mapped.,False,
Q24733,33,v6,7e43a422bdf59711cf6c7c53315a4eafa89df76ad970c4250148003e7ee2b753,/usrdata/EnzymeCAGE_data/tools/p2rank_2.5.1/prank predict -threads 4 -c alphafold -visualizations 0 -o /root/projects/EnzymeCAGE-master/HPC_Returned_Result_Summaries/enzymecage_m4_e2_full_4681_4gpu_sharded_continuation_20260814/shards/shard_00/per_uid/Q24733/p2rank/raw /root/projects/EnzymeCAGE-master/HPC_Returned_Result_Summaries/enzymecage_m4_e2_full_4681_4gpu_sharded_continuation_20260814/shards/shard_00/per_uid/Q24733/p2rank/Q24733.ds,P2Rank 2.5.1,,,,AFDB structure fetched; P2Rank ran under the approved command contract; no usable top predicted pocket residues were produced or mapped.,False,
Q24QL6,94,v6,3ae3ce0a76aea5151730fa0dbd88f8ec65faaa7080a352a3d491dac72baeb808,/usrdata/EnzymeCAGE_data/tools/p2rank_2.5.1/prank predict -threads 4 -c alphafold -visualizations 0 -o /root/projects/EnzymeCAGE-master/HPC_Returned_Result_Summaries/enzymecage_m4_e2_full_4681_4gpu_sharded_continuation_20260814/shards/shard_01/per_uid/Q24QL6/p2rank/raw /root/projects/EnzymeCAGE-master/HPC_Returned_Result_Summaries/enzymecage_m4_e2_full_4681_4gpu_sharded_continuation_20260814/shards/shard_01/per_uid/Q24QL6/p2rank/Q24QL6.ds,P2Rank 2.5.1,,,,AFDB structure fetched; P2Rank ran under the approved command contract; no usable top predicted pocket residues were produced or mapped.,False,
Q24T84,160,v6,7eda587033e254dd08fa2d2ac86d20ebe4cae7480f0103da7162edb08b4a9a63,/usrdata/EnzymeCAGE_data/tools/p2rank_2.5.1/prank predict -threads 4 -c alphafold -visualizations 0 -o /root/projects/EnzymeCAGE-master/HPC_Returned_Result_Summaries/enzymecage_m4_e2_full_4681_4gpu_sharded_continuation_20260814/shards/shard_02/per_uid/Q24T84/p2rank/raw /root/projects/EnzymeCAGE-master/HPC_Returned_Result_Summaries/enzymecage_m4_e2_full_4681_4gpu_sharded_continuation_20260814/shards/shard_02/per_uid/Q24T84/p2rank/Q24T84.ds,P2Rank 2.5.1,,,,AFDB structure fetched; P2Rank ran under the approved command contract; no usable top predicted pocket residues were produced or mapped.,False,
Q28RJ8,101,v6,a76963cdc0a441097302a1fbb0a9a4764999c8223dad2a41d99cf2e91254966a,/usrdata/EnzymeCAGE_data/tools/p2rank_2.5.1/prank predict -threads 4 -c alphafold -visualizations 0 -o /root/projects/EnzymeCAGE-master/HPC_Returned_Result_Summaries/enzymecage_m4_e2_full_4681_4gpu_sharded_continuation_20260814/shards/shard_03/per_uid/Q28RJ8/p2rank/raw /root/projects/EnzymeCAGE-master/HPC_Returned_Result_Summaries/enzymecage_m4_e2_full_4681_4gpu_sharded_continuation_20260814/shards/shard_03/per_uid/Q28RJ8/p2rank/Q28RJ8.ds,P2Rank 2.5.1,,,,AFDB structure fetched; P2Rank ran under the approved command contract; no usable top predicted pocket residues were produced or mapped.,False,
Q28RK0,100,v6,5c2bba4c1bf1df640aacd3956034efc5618b1a7b1d177e6c965f69c072bdd7e0,/usrdata/EnzymeCAGE_data/tools/p2rank_2.5.1/prank predict -threads 4 -c alphafold -visualizations 0 -o /root/projects/EnzymeCAGE-master/HPC_Returned_Result_Summaries/enzymecage_m4_e2_full_4681_4gpu_sharded_continuation_20260814/shards/shard_00/per_uid/Q28RK0/p2rank/raw /root/projects/EnzymeCAGE-master/HPC_Returned_Result_Summaries/enzymecage_m4_e2_full_4681_4gpu_sharded_continuation_20260814/shards/shard_00/per_uid/Q28RK0/p2rank/Q28RK0.ds,P2Rank 2.5.1,,,,AFDB structure fetched; P2Rank ran under the approved command contract; no usable top predicted pocket residues were produced or mapped.,False,
Q28T23,95,v6,4bc5605d64f6bd7e355054c6b27547fcad8c65449fdcc6054de9f75e21f1aa31,/usrdata/EnzymeCAGE_data/tools/p2rank_2.5.1/prank predict -threads 4 -c alphafold -visualizations 0 -o /root/projects/EnzymeCAGE-master/HPC_Returned_Result_Summaries/enzymecage_m4_e2_full_4681_4gpu_sharded_continuation_20260814/shards/shard_01/per_uid/Q28T23/p2rank/raw /root/projects/EnzymeCAGE-master/HPC_Returned_Result_Summaries/enzymecage_m4_e2_full_4681_4gpu_sharded_continuation_20260814/shards/shard_01/per_uid/Q28T23/p2rank/Q28T23.ds,P2Rank 2.5.1,,,,AFDB structure fetched; P2Rank ran under the approved command contract; no usable top predicted pocket residues were produced or mapped.,False,
Q28VA7,98,v6,18b47bc851a832d8561f8382b9844ca126754325f5c0fa2428613a6304e68df1,/usrdata/EnzymeCAGE_data/tools/p2rank_2.5.1/prank predict -threads 4 -c alphafold -visualizations 0 -o /root/projects/EnzymeCAGE-master/HPC_Returned_Result_Summaries/enzymecage_m4_e2_full_4681_4gpu_sharded_continuation_20260814/shards/shard_02/per_uid/Q28VA7/p2rank/raw /root/projects/EnzymeCAGE-master/HPC_Returned_Result_Summaries/enzymecage_m4_e2_full_4681_4gpu_sharded_continuation_20260814/shards/shard_02/per_uid/Q28VA7/p2rank/Q28VA7.ds,P2Rank 2.5.1,,,,AFDB structure fetched; P2Rank ran under the approved command contract; no usable top predicted pocket residues were produced or mapped.,False,
Q29068,82,v6,25bfd33af73a50e07ff50efb78b7d59f5e510987f1b95199af5b8f461c3bbd53,/usrdata/EnzymeCAGE_data/tools/p2rank_2.5.1/prank predict -threads 4 -c alphafold -visualizations 0 -o /root/projects/EnzymeCAGE-master/HPC_Returned_Result_Summaries/enzymecage_m4_e2_full_4681_4gpu_sharded_continuation_20260814/shards/shard_03/per_uid/Q29068/p2rank/raw /root/projects/EnzymeCAGE-master/HPC_Returned_Result_Summaries/enzymecage_m4_e2_full_4681_4gpu_sharded_continuation_20260814/shards/shard_03/per_uid/Q29068/p2rank/Q29068.ds,P2Rank 2.5.1,,,,AFDB structure fetched; P2Rank ran under the approved command contract; no usable top predicted pocket residues were produced or mapped.,False,
Q2FEK5,100,v6,d7408098c5a6e40779ed467276bf28e7e8def4da9482742c473dbe84b068fbdc,/usrdata/EnzymeCAGE_data/tools/p2rank_2.5.1/prank predict -threads 4 -c alphafold -visualizations 0 -o /root/projects/EnzymeCAGE-master/HPC_Returned_Result_Summaries/enzymecage_m4_e2_full_4681_4gpu_sharded_continuation_20260814/shards/shard_02/per_uid/Q2FEK5/p2rank/raw /root/projects/EnzymeCAGE-master/HPC_Returned_Result_Summaries/enzymecage_m4_e2_full_4681_4gpu_sharded_continuation_20260814/shards/shard_02/per_uid/Q2FEK5/p2rank/Q2FEK5.ds,P2Rank 2.5.1,,,,AFDB structure fetched; P2Rank ran under the approved command contract; no usable top predicted pocket residues were produced or mapped.,False,
Q2FFJ4,100,v6,cd5ef94f42aab40b18108946d931d59b11095c2e28bffe9e72a1a8a66a8893bc,/usrdata/EnzymeCAGE_data/tools/p2rank_2.5.1/prank predict -threads 4 -c alphafold -visualizations 0 -o /root/projects/EnzymeCAGE-master/HPC_Returned_Result_Summaries/enzymecage_m4_e2_full_4681_4gpu_sharded_continuation_20260814/shards/shard_03/per_uid/Q2FFJ4/p2rank/raw /root/projects/EnzymeCAGE-master/HPC_Returned_Result_Summaries/enzymecage_m4_e2_full_4681_4gpu_sharded_continuation_20260814/shards/shard_03/per_uid/Q2FFJ4/p2rank/Q2FFJ4.ds,P2Rank 2.5.1,,,,AFDB structure fetched; P2Rank ran under the approved command contract; no usable top predicted pocket residues were produced or mapped.,False,
Q2FVW5,100,v6,23a539c2edf573cc25c6637a4ac7beb4f9f4a216b4d558013d25c400a7704078,/usrdata/EnzymeCAGE_data/tools/p2rank_2.5.1/prank predict -threads 4 -c alphafold -visualizations 0 -o /root/projects/EnzymeCAGE-master/HPC_Returned_Result_Summaries/enzymecage_m4_e2_full_4681_4gpu_sharded_continuation_20260814/shards/shard_01/per_uid/Q2FVW5/p2rank/raw /root/projects/EnzymeCAGE-master/HPC_Returned_Result_Summaries/enzymecage_m4_e2_full_4681_4gpu_sharded_continuation_20260814/shards/shard_01/per_uid/Q2FVW5/p2rank/Q2FVW5.ds,P2Rank 2.5.1,,,,AFDB structure fetched; P2Rank ran under the approved command contract; no usable top predicted pocket residues were produced or mapped.,False,
Q2FWY8,100,v6,4c22d93c0b0dda0edddb1d1caaea069bdfe344f51c81eb11bcb26e56168864bf,/usrdata/EnzymeCAGE_data/tools/p2rank_2.5.1/prank predict -threads 4 -c alphafold -visualizations 0 -o /root/projects/EnzymeCAGE-master/HPC_Returned_Result_Summaries/enzymecage_m4_e2_full_4681_4gpu_sharded_continuation_20260814/shards/shard_03/per_uid/Q2FWY8/p2rank/raw /root/projects/EnzymeCAGE-master/HPC_Returned_Result_Summaries/enzymecage_m4_e2_full_4681_4gpu_sharded_continuation_20260814/shards/shard_03/per_uid/Q2FWY8/p2rank/Q2FWY8.ds,P2Rank 2.5.1,,,,AFDB structure fetched; P2Rank ran under the approved command contract; no usable top predicted pocket residues were produced or mapped.,False,
Q2FZK2,96,v6,f9ebf651eaa0975c684206d631e903733bdc982b830284fc1f7a04a5cf1650af,/usrdata/EnzymeCAGE_data/tools/p2rank_2.5.1/prank predict -threads 4 -c alphafold -visualizations 0 -o /root/projects/EnzymeCAGE-master/HPC_Returned_Result_Summaries/enzymecage_m4_e2_full_4681_4gpu_sharded_continuation_20260814/shards/shard_02/per_uid/Q2FZK2/p2rank/raw /root/projects/EnzymeCAGE-master/HPC_Returned_Result_Summaries/enzymecage_m4_e2_full_4681_4gpu_sharded_continuation_20260814/shards/shard_02/per_uid/Q2FZK2/p2rank/Q2FZK2.ds,P2Rank 2.5.1,,,,AFDB structure fetched; P2Rank ran under the approved command contract; no usable top predicted pocket residues were produced or mapped.,False,
Q2GDY1,130,v6,e200f17bd829a6c4ce8bd2e144058695845cade8d84d890139396057e19aa24f,/usrdata/EnzymeCAGE_data/tools/p2rank_2.5.1/prank predict -threads 4 -c alphafold -visualizations 0 -o /root/projects/EnzymeCAGE-master/HPC_Returned_Result_Summaries/enzymecage_m4_e2_full_4681_4gpu_sharded_continuation_20260814/shards/shard_01/per_uid/Q2GDY1/p2rank/raw /root/projects/EnzymeCAGE-master/HPC_Returned_Result_Summaries/enzymecage_m4_e2_full_4681_4gpu_sharded_continuation_20260814/shards/shard_01/per_uid/Q2GDY1/p2rank/Q2GDY1.ds,P2Rank 2.5.1,,,,AFDB structure fetched; P2Rank ran under the approved command contract; no usable top predicted pocket residues were produced or mapped.,False,
Q2J0E4,102,v6,3bf5938e15f4c4df17fb6b6d34d9b3dc430f3a37d04537318c73382561a6729d,/usrdata/EnzymeCAGE_data/tools/p2rank_2.5.1/prank predict -threads 4 -c alphafold -visualizations 0 -o /root/projects/EnzymeCAGE-master/HPC_Returned_Result_Summaries/enzymecage_m4_e2_full_4681_4gpu_sharded_continuation_20260814/shards/shard_00/per_uid/Q2J0E4/p2rank/raw /root/projects/EnzymeCAGE-master/HPC_Returned_Result_Summaries/enzymecage_m4_e2_full_4681_4gpu_sharded_continuation_20260814/shards/shard_00/per_uid/Q2J0E4/p2rank/Q2J0E4.ds,P2Rank 2.5.1,,,,AFDB structure fetched; P2Rank ran under the approved command contract; no usable top predicted pocket residues were produced or mapped.,False,
Q2J0F3,129,v6,f5904457abd2485bc136c8b3213c125f12ca1e4e5064d8f613f510d05164dfb7,/usrdata/EnzymeCAGE_data/tools/p2rank_2.5.1/prank predict -threads 4 -c alphafold -visualizations 0 -o /root/projects/EnzymeCAGE-master/HPC_Returned_Result_Summaries/enzymecage_m4_e2_full_4681_4gpu_sharded_continuation_20260814/shards/shard_01/per_uid/Q2J0F3/p2rank/raw /root/projects/EnzymeCAGE-master/HPC_Returned_Result_Summaries/enzymecage_m4_e2_full_4681_4gpu_sharded_continuation_20260814/shards/shard_01/per_uid/Q2J0F3/p2rank/Q2J0F3.ds,P2Rank 2.5.1,,,,AFDB structure fetched; P2Rank ran under the approved command contract; no usable top predicted pocket residues were produced or mapped.,False,
Q2JES4,100,v6,ab5da5520f3ef8a2aa502f225216a8fa9fc3477324fedd287616038764a4000a,/usrdata/EnzymeCAGE_data/tools/p2rank_2.5.1/prank predict -threads 4 -c alphafold -visualizations 0 -o /root/projects/EnzymeCAGE-master/HPC_Returned_Result_Summaries/enzymecage_m4_e2_full_4681_4gpu_sharded_continuation_20260814/shards/shard_02/per_uid/Q2JES4/p2rank/raw /root/projects/EnzymeCAGE-master/HPC_Returned_Result_Summaries/enzymecage_m4_e2_full_4681_4gpu_sharded_continuation_20260814/shards/shard_02/per_uid/Q2JES4/p2rank/Q2JES4.ds,P2Rank 2.5.1,,,,AFDB structure fetched; P2Rank ran under the approved command contract; no usable top predicted pocket residues were produced or mapped.,False,
Q2JFL0,99,v6,719181a36fabecb0f8ccbb88464c3ed7c81bef6f13dca33826983532f0ad6a71,/usrdata/EnzymeCAGE_data/tools/p2rank_2.5.1/prank predict -threads 4 -c alphafold -visualizations 0 -o /root/projects/EnzymeCAGE-master/HPC_Returned_Result_Summaries/enzymecage_m4_e2_full_4681_4gpu_sharded_continuation_20260814/shards/shard_03/per_uid/Q2JFL0/p2rank/raw /root/projects/EnzymeCAGE-master/HPC_Returned_Result_Summaries/enzymecage_m4_e2_full_4681_4gpu_sharded_continuation_20260814/shards/shard_03/per_uid/Q2JFL0/p2rank/Q2JFL0.ds,P2Rank 2.5.1,,,,AFDB structure fetched; P2Rank ran under the approved command contract; no usable top predicted pocket residues were produced or mapped.,False,
Q2K3A7,101,v6,5d66438b5ec87017e71608664429e88267651a69f9db3e51b103e84490628d1c,/usrdata/EnzymeCAGE_data/tools/p2rank_2.5.1/prank predict -threads 4 -c alphafold -visualizations 0 -o /root/projects/EnzymeCAGE-master/HPC_Returned_Result_Summaries/enzymecage_m4_e2_full_4681_4gpu_sharded_continuation_20260814/shards/shard_00/per_uid/Q2K3A7/p2rank/raw /root/projects/EnzymeCAGE-master/HPC_Returned_Result_Summaries/enzymecage_m4_e2_full_4681_4gpu_sharded_continuation_20260814/shards/shard_00/per_uid/Q2K3A7/p2rank/Q2K3A7.ds,P2Rank 2.5.1,,,,AFDB structure fetched; P2Rank ran under the approved command contract; no usable top predicted pocket residues were produced or mapped.,False,
Q2K512,100,v6,96d5e6d9fb8c5bcdf1f57adde3adcf8ade4314c239be5bd60ed2adc5344a5c48,/usrdata/EnzymeCAGE_data/tools/p2rank_2.5.1/prank predict -threads 4 -c alphafold -visualizations 0 -o /root/projects/EnzymeCAGE-master/HPC_Returned_Result_Summaries/enzymecage_m4_e2_full_4681_4gpu_sharded_continuation_20260814/shards/shard_01/per_uid/Q2K512/p2rank/raw /root/projects/EnzymeCAGE-master/HPC_Returned_Result_Summaries/enzymecage_m4_e2_full_4681_4gpu_sharded_continuation_20260814/shards/shard_01/per_uid/Q2K512/p2rank/Q2K512.ds,P2Rank 2.5.1,,,,AFDB structure fetched; P2Rank ran under the approved command contract; no usable top predicted pocket residues were produced or mapped.,False,
Q2K514,101,v6,d3869e4c1320d38615b2f6fcea1018ea0854816767a5ad38a13ee795084317a5,/usrdata/EnzymeCAGE_data/tools/p2rank_2.5.1/prank predict -threads 4 -c alphafold -visualizations 0 -o /root/projects/EnzymeCAGE-master/HPC_Returned_Result_Summaries/enzymecage_m4_e2_full_4681_4gpu_sharded_continuation_20260814/shards/shard_02/per_uid/Q2K514/p2rank/raw /root/projects/EnzymeCAGE-master/HPC_Returned_Result_Summaries/enzymecage_m4_e2_full_4681_4gpu_sharded_continuation_20260814/shards/shard_02/per_uid/Q2K514/p2rank/Q2K514.ds,P2Rank 2.5.1,,,,AFDB structure fetched; P2Rank ran under the approved command contract; no usable top predicted pocket residues were produced or mapped.,False,
Q2KIF1,136,v6,686b66d63ec02af8034f7f620efee23001b05b9ed3b9dda0ea8dfefbb62d47b1,/usrdata/EnzymeCAGE_data/tools/p2rank_2.5.1/prank predict -threads 4 -c alphafold -visualizations 0 -o /root/projects/EnzymeCAGE-master/HPC_Returned_Result_Summaries/enzymecage_m4_e2_full_4681_4gpu_sharded_continuation_20260814/shards/shard_03/per_uid/Q2KIF1/p2rank/raw /root/projects/EnzymeCAGE-master/HPC_Returned_Result_Summaries/enzymecage_m4_e2_full_4681_4gpu_sharded_continuation_20260814/shards/shard_03/per_uid/Q2KIF1/p2rank/Q2KIF1.ds,P2Rank 2.5.1,,,,AFDB structure fetched; P2Rank ran under the approved command contract; no usable top predicted pocket residues were produced or mapped.,False,
Q2KU73,102,v6,5a0cde7aa30df49e94de5c3ea9e465667b83d5588e23fbd3f794962dca49d175,/usrdata/EnzymeCAGE_data/tools/p2rank_2.5.1/prank predict -threads 4 -c alphafold -visualizations 0 -o /root/projects/EnzymeCAGE-master/HPC_Returned_Result_Summaries/enzymecage_m4_e2_full_4681_4gpu_sharded_continuation_20260814/shards/shard_01/per_uid/Q2KU73/p2rank/raw /root/projects/EnzymeCAGE-master/HPC_Returned_Result_Summaries/enzymecage_m4_e2_full_4681_4gpu_sharded_continuation_20260814/shards/shard_01/per_uid/Q2KU73/p2rank/Q2KU73.ds,P2Rank 2.5.1,,,,AFDB structure fetched; P2Rank ran under the approved command contract; no usable top predicted pocket residues were produced or mapped.,False,
Q2ND76,100,v6,e1a00f0afd3a37f47038dcece6b905a67e668d859e6f38fe18563f2da2734d32,/usrdata/EnzymeCAGE_data/tools/p2rank_2.5.1/prank predict -threads 4 -c alphafold -visualizations 0 -o /root/projects/EnzymeCAGE-master/HPC_Returned_Result_Summaries/enzymecage_m4_e2_full_4681_4gpu_sharded_continuation_20260814/shards/shard_00/per_uid/Q2ND76/p2rank/raw /root/projects/EnzymeCAGE-master/HPC_Returned_Result_Summaries/enzymecage_m4_e2_full_4681_4gpu_sharded_continuation_20260814/shards/shard_00/per_uid/Q2ND76/p2rank/Q2ND76.ds,P2Rank 2.5.1,,,,AFDB structure fetched; P2Rank ran under the approved command contract; no usable top predicted pocket residues were produced or mapped.,False,
Q2NKW0,125,v6,f3274da0b4b03493047ca91adf6d175a2357d9e5d4cf4e5b9964878040953ee6,/usrdata/EnzymeCAGE_data/tools/p2rank_2.5.1/prank predict -threads 4 -c alphafold -visualizations 0 -o /root/projects/EnzymeCAGE-master/HPC_Returned_Result_Summaries/enzymecage_m4_e2_full_4681_4gpu_sharded_continuation_20260814/shards/shard_01/per_uid/Q2NKW0/p2rank/raw /root/projects/EnzymeCAGE-master/HPC_Returned_Result_Summaries/enzymecage_m4_e2_full_4681_4gpu_sharded_continuation_20260814/shards/shard_01/per_uid/Q2NKW0/p2rank/Q2NKW0.ds,P2Rank 2.5.1,,,,AFDB structure fetched; P2Rank ran under the approved command contract; no usable top predicted pocket residues were produced or mapped.,False,
Q2NZV7,88,v6,10c33af59cab22835bc99ea04bbf26e5f9c24514e633aefb44e0aca33ded4645,/usrdata/EnzymeCAGE_data/tools/p2rank_2.5.1/prank predict -threads 4 -c alphafold -visualizations 0 -o /root/projects/EnzymeCAGE-master/HPC_Returned_Result_Summaries/enzymecage_m4_e2_full_4681_4gpu_sharded_continuation_20260814/shards/shard_00/per_uid/Q2NZV7/p2rank/raw /root/projects/EnzymeCAGE-master/HPC_Returned_Result_Summaries/enzymecage_m4_e2_full_4681_4gpu_sharded_continuation_20260814/shards/shard_00/per_uid/Q2NZV7/p2rank/Q2NZV7.ds,P2Rank 2.5.1,,,,AFDB structure fetched; P2Rank ran under the approved command contract; no usable top predicted pocket residues were produced or mapped.,False,
Q2RGY3,94,v6,009b098f419cde06def1421a5fc7b75541a81e8aad168e1e77c48593f47caf46,/usrdata/EnzymeCAGE_data/tools/p2rank_2.5.1/prank predict -threads 4 -c alphafold -visualizations 0 -o /root/projects/EnzymeCAGE-master/HPC_Returned_Result_Summaries/enzymecage_m4_e2_full_4681_4gpu_sharded_continuation_20260814/shards/shard_01/per_uid/Q2RGY3/p2rank/raw /root/projects/EnzymeCAGE-master/HPC_Returned_Result_Summaries/enzymecage_m4_e2_full_4681_4gpu_sharded_continuation_20260814/shards/shard_01/per_uid/Q2RGY3/p2rank/Q2RGY3.ds,P2Rank 2.5.1,,,,AFDB structure fetched; P2Rank ran under the approved command contract; no usable top predicted pocket residues were produced or mapped.,False,
Q2RIZ3,125,v6,e984152b44b453cfa528bd46a0a02c52b5a24dc28346f4b5acda7a05c5e1c4b3,/usrdata/EnzymeCAGE_data/tools/p2rank_2.5.1/prank predict -threads 4 -c alphafold -visualizations 0 -o /root/projects/EnzymeCAGE-master/HPC_Returned_Result_Summaries/enzymecage_m4_e2_full_4681_4gpu_sharded_continuation_20260814/shards/shard_02/per_uid/Q2RIZ3/p2rank/raw /root/projects/EnzymeCAGE-master/HPC_Returned_Result_Summaries/enzymecage_m4_e2_full_4681_4gpu_sharded_continuation_20260814/shards/shard_02/per_uid/Q2RIZ3/p2rank/Q2RIZ3.ds,P2Rank 2.5.1,,,,AFDB structure fetched; P2Rank ran under the approved command contract; no usable top predicted pocket residues were produced or mapped.,False,
Q2RNC0,96,v6,29e7e3453a041b1bfaf87373f509031ae337f0af7f8d1298b9eb3d39ba75ee7f,/usrdata/EnzymeCAGE_data/tools/p2rank_2.5.1/prank predict -threads 4 -c alphafold -visualizations 0 -o /root/projects/EnzymeCAGE-master/HPC_Returned_Result_Summaries/enzymecage_m4_e2_full_4681_4gpu_sharded_continuation_20260814/shards/shard_03/per_uid/Q2RNC0/p2rank/raw /root/projects/EnzymeCAGE-master/HPC_Returned_Result_Summaries/enzymecage_m4_e2_full_4681_4gpu_sharded_continuation_20260814/shards/shard_03/per_uid/Q2RNC0/p2rank/Q2RNC0.ds,P2Rank 2.5.1,,,,AFDB structure fetched; P2Rank ran under the approved command contract; no usable top predicted pocket residues were produced or mapped.,False,
Q2RPH3,95,v6,309c5c6dc0f5f59a901d85b8192491fe9142b4b68fec14342e82a9d7132b992d,/usrdata/EnzymeCAGE_data/tools/p2rank_2.5.1/prank predict -threads 4 -c alphafold -visualizations 0 -o /root/projects/EnzymeCAGE-master/HPC_Returned_Result_Summaries/enzymecage_m4_e2_full_4681_4gpu_sharded_continuation_20260814/shards/shard_00/per_uid/Q2RPH3/p2rank/raw /root/projects/EnzymeCAGE-master/HPC_Returned_Result_Summaries/enzymecage_m4_e2_full_4681_4gpu_sharded_continuation_20260814/shards/shard_00/per_uid/Q2RPH3/p2rank/Q2RPH3.ds,P2Rank 2.5.1,,,,AFDB structure fetched; P2Rank ran under the approved command contract; no usable top predicted pocket residues were produced or mapped.,False,
Q2RQZ4,91,v6,ab208558b0be192d78f941804e84f43c3ff3734e4bbaff84c52ab90ee8fd0eec,/usrdata/EnzymeCAGE_data/tools/p2rank_2.5.1/prank predict -threads 4 -c alphafold -visualizations 0 -o /root/projects/EnzymeCAGE-master/HPC_Returned_Result_Summaries/enzymecage_m4_e2_full_4681_4gpu_sharded_continuation_20260814/shards/shard_01/per_uid/Q2RQZ4/p2rank/raw /root/projects/EnzymeCAGE-master/HPC_Returned_Result_Summaries/enzymecage_m4_e2_full_4681_4gpu_sharded_continuation_20260814/shards/shard_01/per_uid/Q2RQZ4/p2rank/Q2RQZ4.ds,P2Rank 2.5.1,,,,AFDB structure fetched; P2Rank ran under the approved command contract; no usable top predicted pocket residues were produced or mapped.,False,
Q2SDQ2,101,v6,b84e5f1ebf73811f9fb31853a0474b69ec519c83853e676cba6e331f765bc25d,/usrdata/EnzymeCAGE_data/tools/p2rank_2.5.1/prank predict -threads 4 -c alphafold -visualizations 0 -o /root/projects/EnzymeCAGE-master/HPC_Returned_Result_Summaries/enzymecage_m4_e2_full_4681_4gpu_sharded_continuation_20260814/shards/shard_01/per_uid/Q2SDQ2/p2rank/raw /root/projects/EnzymeCAGE-master/HPC_Returned_Result_Summaries/enzymecage_m4_e2_full_4681_4gpu_sharded_continuation_20260814/shards/shard_01/per_uid/Q2SDQ2/p2rank/Q2SDQ2.ds,P2Rank 2.5.1,,,,AFDB structure fetched; P2Rank ran under the approved command contract; no usable top predicted pocket residues were produced or mapped.,False,
Q2SDQ3,100,v6,5bb240cd55500491c0990965d02b43b425f43bf604216a1b724b0e0707144352,/usrdata/EnzymeCAGE_data/tools/p2rank_2.5.1/prank predict -threads 4 -c alphafold -visualizations 0 -o /root/projects/EnzymeCAGE-master/HPC_Returned_Result_Summaries/enzymecage_m4_e2_full_4681_4gpu_sharded_continuation_20260814/shards/shard_02/per_uid/Q2SDQ3/p2rank/raw /root/projects/EnzymeCAGE-master/HPC_Returned_Result_Summaries/enzymecage_m4_e2_full_4681_4gpu_sharded_continuation_20260814/shards/shard_02/per_uid/Q2SDQ3/p2rank/Q2SDQ3.ds,P2Rank 2.5.1,,,,AFDB structure fetched; P2Rank ran under the approved command contract; no usable top predicted pocket residues were produced or mapped.,False,
Q2SYF5,100,v6,46a1b2ba001b97aa9cd879596d45e36de9fe5fbb2bc62ea25599fd32252d2710,/usrdata/EnzymeCAGE_data/tools/p2rank_2.5.1/prank predict -threads 4 -c alphafold -visualizations 0 -o /root/projects/EnzymeCAGE-master/HPC_Returned_Result_Summaries/enzymecage_m4_e2_full_4681_4gpu_sharded_continuation_20260814/shards/shard_03/per_uid/Q2SYF5/p2rank/raw /root/projects/EnzymeCAGE-master/HPC_Returned_Result_Summaries/enzymecage_m4_e2_full_4681_4gpu_sharded_continuation_20260814/shards/shard_03/per_uid/Q2SYF5/p2rank/Q2SYF5.ds,P2Rank 2.5.1,,,,AFDB structure fetched; P2Rank ran under the approved command contract; no usable top predicted pocket residues were produced or mapped.,False,
Q2SYF6,101,v6,dff262df034d5500aadd8722ebbbbc1c58587cf5aaf64a1cd0f4ae89dac22714,/usrdata/EnzymeCAGE_data/tools/p2rank_2.5.1/prank predict -threads 4 -c alphafold -visualizations 0 -o /root/projects/EnzymeCAGE-master/HPC_Returned_Result_Summaries/enzymecage_m4_e2_full_4681_4gpu_sharded_continuation_20260814/shards/shard_00/per_uid/Q2SYF6/p2rank/raw /root/projects/EnzymeCAGE-master/HPC_Returned_Result_Summaries/enzymecage_m4_e2_full_4681_4gpu_sharded_continuation_20260814/shards/shard_00/per_uid/Q2SYF6/p2rank/Q2SYF6.ds,P2Rank 2.5.1,,,,AFDB structure fetched; P2Rank ran under the approved command contract; no usable top predicted pocket residues were produced or mapped.,False,
Q2T294,99,v6,9a143fe41a16c12f1e334e524e8601da944f55398cbf04578eb389761e3f3759,/usrdata/EnzymeCAGE_data/tools/p2rank_2.5.1/prank predict -threads 4 -c alphafold -visualizations 0 -o /root/projects/EnzymeCAGE-master/HPC_Returned_Result_Summaries/enzymecage_m4_e2_full_4681_4gpu_sharded_continuation_20260814/shards/shard_01/per_uid/Q2T294/p2rank/raw /root/projects/EnzymeCAGE-master/HPC_Returned_Result_Summaries/enzymecage_m4_e2_full_4681_4gpu_sharded_continuation_20260814/shards/shard_01/per_uid/Q2T294/p2rank/Q2T294.ds,P2Rank 2.5.1,,,,AFDB structure fetched; P2Rank ran under the approved command contract; no usable top predicted pocket residues were produced or mapped.,False,
Q2YA96,102,v6,aae0f0ec70c84311bd0e5ce849e847816dba6802d19942ad2485a10fb8ff5aea,/usrdata/EnzymeCAGE_data/tools/p2rank_2.5.1/prank predict -threads 4 -c alphafold -visualizations 0 -o /root/projects/EnzymeCAGE-master/HPC_Returned_Result_Summaries/enzymecage_m4_e2_full_4681_4gpu_sharded_continuation_20260814/shards/shard_02/per_uid/Q2YA96/p2rank/raw /root/projects/EnzymeCAGE-master/HPC_Returned_Result_Summaries/enzymecage_m4_e2_full_4681_4gpu_sharded_continuation_20260814/shards/shard_02/per_uid/Q2YA96/p2rank/Q2YA96.ds,P2Rank 2.5.1,,,,AFDB structure fetched; P2Rank ran under the approved command contract; no usable top predicted pocket residues were produced or mapped.,False,
Q2YC92,95,v6,5c7a91b2fda9a8445d6aabfdaf6bc0f1edcd1c8b4d0913c2d0c6cc4bcd915975,/usrdata/EnzymeCAGE_data/tools/p2rank_2.5.1/prank predict -threads 4 -c alphafold -visualizations 0 -o /root/projects/EnzymeCAGE-master/HPC_Returned_Result_Summaries/enzymecage_m4_e2_full_4681_4gpu_sharded_continuation_20260814/shards/shard_03/per_uid/Q2YC92/p2rank/raw /root/projects/EnzymeCAGE-master/HPC_Returned_Result_Summaries/enzymecage_m4_e2_full_4681_4gpu_sharded_continuation_20260814/shards/shard_03/per_uid/Q2YC92/p2rank/Q2YC92.ds,P2Rank 2.5.1,,,,AFDB structure fetched; P2Rank ran under the approved command contract; no usable top predicted pocket residues were produced or mapped.,False,
Q2YKL4,95,v6,555aaa6a7755aa63c24e2b9c42aaf276ef4950879465ebdc80d13550b6a743ad,/usrdata/EnzymeCAGE_data/tools/p2rank_2.5.1/prank predict -threads 4 -c alphafold -visualizations 0 -o /root/projects/EnzymeCAGE-master/HPC_Returned_Result_Summaries/enzymecage_m4_e2_full_4681_4gpu_sharded_continuation_20260814/shards/shard_00/per_uid/Q2YKL4/p2rank/raw /root/projects/EnzymeCAGE-master/HPC_Returned_Result_Summaries/enzymecage_m4_e2_full_4681_4gpu_sharded_continuation_20260814/shards/shard_00/per_uid/Q2YKL4/p2rank/Q2YKL4.ds,P2Rank 2.5.1,,,,AFDB structure fetched; P2Rank ran under the approved command contract; no usable top predicted pocket residues were produced or mapped.,False,
Q2YPD6,101,v6,99f77b58c81fabf00dea9d414d24004c799867c64707e04545c785522fa685f8,/usrdata/EnzymeCAGE_data/tools/p2rank_2.5.1/prank predict -threads 4 -c alphafold -visualizations 0 -o /root/projects/EnzymeCAGE-master/HPC_Returned_Result_Summaries/enzymecage_m4_e2_full_4681_4gpu_sharded_continuation_20260814/shards/shard_01/per_uid/Q2YPD6/p2rank/raw /root/projects/EnzymeCAGE-master/HPC_Returned_Result_Summaries/enzymecage_m4_e2_full_4681_4gpu_sharded_continuation_20260814/shards/shard_01/per_uid/Q2YPD6/p2rank/Q2YPD6.ds,P2Rank 2.5.1,,,,AFDB structure fetched; P2Rank ran under the approved command contract; no usable top predicted pocket residues were produced or mapped.,False,
Q2YPD7,100,v6,f98918ddbcd95800efea4e346bffb2bcfc4027b80c6c21186cfc2af771b11dd2,/usrdata/EnzymeCAGE_data/tools/p2rank_2.5.1/prank predict -threads 4 -c alphafold -visualizations 0 -o /root/projects/EnzymeCAGE-master/HPC_Returned_Result_Summaries/enzymecage_m4_e2_full_4681_4gpu_sharded_continuation_20260814/shards/shard_02/per_uid/Q2YPD7/p2rank/raw /root/projects/EnzymeCAGE-master/HPC_Returned_Result_Summaries/enzymecage_m4_e2_full_4681_4gpu_sharded_continuation_20260814/shards/shard_02/per_uid/Q2YPD7/p2rank/Q2YPD7.ds,P2Rank 2.5.1,,,,AFDB structure fetched; P2Rank ran under the approved command contract; no usable top predicted pocket residues were produced or mapped.,False,
Q2YQE0,100,v6,bd75dffedebe7a224d0eb31f68fde9449acff77d4feb83fe9bddabdbe8cf13d3,/usrdata/EnzymeCAGE_data/tools/p2rank_2.5.1/prank predict -threads 4 -c alphafold -visualizations 0 -o /root/projects/EnzymeCAGE-master/HPC_Returned_Result_Summaries/enzymecage_m4_e2_full_4681_4gpu_sharded_continuation_20260814/shards/shard_03/per_uid/Q2YQE0/p2rank/raw /root/projects/EnzymeCAGE-master/HPC_Returned_Result_Summaries/enzymecage_m4_e2_full_4681_4gpu_sharded_continuation_20260814/shards/shard_03/per_uid/Q2YQE0/p2rank/Q2YQE0.ds,P2Rank 2.5.1,,,,AFDB structure fetched; P2Rank ran under the approved command contract; no usable top predicted pocket residues were produced or mapped.,False,
Q2YU75,100,v6,8829a8076b0f1376dba6f339f0ce9e785da2bd62f4147c6f20214a8a271bc33b,/usrdata/EnzymeCAGE_data/tools/p2rank_2.5.1/prank predict -threads 4 -c alphafold -visualizations 0 -o /root/projects/EnzymeCAGE-master/HPC_Returned_Result_Summaries/enzymecage_m4_e2_full_4681_4gpu_sharded_continuation_20260814/shards/shard_00/per_uid/Q2YU75/p2rank/raw /root/projects/EnzymeCAGE-master/HPC_Returned_Result_Summaries/enzymecage_m4_e2_full_4681_4gpu_sharded_continuation_20260814/shards/shard_00/per_uid/Q2YU75/p2rank/Q2YU75.ds,P2Rank 2.5.1,,,,AFDB structure fetched; P2Rank ran under the approved command contract; no usable top predicted pocket residues were produced or mapped.,False,
Q30R53,96,v6,80cef975835f34c65bc96bed4d2e5f90a442fa9d8fd8fa3a7323f7c6cadf9994,/usrdata/EnzymeCAGE_data/tools/p2rank_2.5.1/prank predict -threads 4 -c alphafold -visualizations 0 -o /root/projects/EnzymeCAGE-master/HPC_Returned_Result_Summaries/enzymecage_m4_e2_full_4681_4gpu_sharded_continuation_20260814/shards/shard_02/per_uid/Q30R53/p2rank/raw /root/projects/EnzymeCAGE-master/HPC_Returned_Result_Summaries/enzymecage_m4_e2_full_4681_4gpu_sharded_continuation_20260814/shards/shard_02/per_uid/Q30R53/p2rank/Q30R53.ds,P2Rank 2.5.1,,,,AFDB structure fetched; P2Rank ran under the approved command contract; no usable top predicted pocket residues were produced or mapped.,False,
Q30Y72,164,v6,c5e6464806de02520fff4515a247b1cc4527914e6d2bb70ce0abeb58c29a5bdd,/usrdata/EnzymeCAGE_data/tools/p2rank_2.5.1/prank predict -threads 4 -c alphafold -visualizations 0 -o /root/projects/EnzymeCAGE-master/HPC_Returned_Result_Summaries/enzymecage_m4_e2_full_4681_4gpu_sharded_continuation_20260814/shards/shard_00/per_uid/Q30Y72/p2rank/raw /root/projects/EnzymeCAGE-master/HPC_Returned_Result_Summaries/enzymecage_m4_e2_full_4681_4gpu_sharded_continuation_20260814/shards/shard_00/per_uid/Q30Y72/p2rank/Q30Y72.ds,P2Rank 2.5.1,,,,AFDB structure fetched; P2Rank ran under the approved command contract; no usable top predicted pocket residues were produced or mapped.,False,
Q31B51,100,v6,6cf734f0bb6dfde2d093cdb365e26545f126fbab7c3d04bc387fa934437f81e2,/usrdata/EnzymeCAGE_data/tools/p2rank_2.5.1/prank predict -threads 4 -c alphafold -visualizations 0 -o /root/projects/EnzymeCAGE-master/HPC_Returned_Result_Summaries/enzymecage_m4_e2_full_4681_4gpu_sharded_continuation_20260814/shards/shard_00/per_uid/Q31B51/p2rank/raw /root/projects/EnzymeCAGE-master/HPC_Returned_Result_Summaries/enzymecage_m4_e2_full_4681_4gpu_sharded_continuation_20260814/shards/shard_00/per_uid/Q31B51/p2rank/Q31B51.ds,P2Rank 2.5.1,,,,AFDB structure fetched; P2Rank ran under the approved command contract; no usable top predicted pocket residues were produced or mapped.,False,
Q31F52,95,v6,a8ad514e681d13bcfa4ca3d479ea565851571f6f283b7a7c5018e1de251a6e15,/usrdata/EnzymeCAGE_data/tools/p2rank_2.5.1/prank predict -threads 4 -c alphafold -visualizations 0 -o /root/projects/EnzymeCAGE-master/HPC_Returned_Result_Summaries/enzymecage_m4_e2_full_4681_4gpu_sharded_continuation_20260814/shards/shard_01/per_uid/Q31F52/p2rank/raw /root/projects/EnzymeCAGE-master/HPC_Returned_Result_Summaries/enzymecage_m4_e2_full_4681_4gpu_sharded_continuation_20260814/shards/shard_01/per_uid/Q31F52/p2rank/Q31F52.ds,P2Rank 2.5.1,,,,AFDB structure fetched; P2Rank ran under the approved command contract; no usable top predicted pocket residues were produced or mapped.,False,
Q32DQ1,147,v6,0a24f836fa6ad7c2325f199d68f65bad2404172743ff3dcd0d9e871049e32479,/usrdata/EnzymeCAGE_data/tools/p2rank_2.5.1/prank predict -threads 4 -c alphafold -visualizations 0 -o /root/projects/EnzymeCAGE-master/HPC_Returned_Result_Summaries/enzymecage_m4_e2_full_4681_4gpu_sharded_continuation_20260814/shards/shard_02/per_uid/Q32DQ1/p2rank/raw /root/projects/EnzymeCAGE-master/HPC_Returned_Result_Summaries/enzymecage_m4_e2_full_4681_4gpu_sharded_continuation_20260814/shards/shard_02/per_uid/Q32DQ1/p2rank/Q32DQ1.ds,P2Rank 2.5.1,,,,AFDB structure fetched; P2Rank ran under the approved command contract; no usable top predicted pocket residues were produced or mapped.,False,
Q33093,48,v6,fdaf57041ee779aa82b5425e7dda5d8a68ecc8526af88b80574519b69499205a,/usrdata/EnzymeCAGE_data/tools/p2rank_2.5.1/prank predict -threads 4 -c alphafold -visualizations 0 -o /root/projects/EnzymeCAGE-master/HPC_Returned_Result_Summaries/enzymecage_m4_e2_full_4681_4gpu_sharded_continuation_20260814/shards/shard_00/per_uid/Q33093/p2rank/raw /root/projects/EnzymeCAGE-master/HPC_Returned_Result_Summaries/enzymecage_m4_e2_full_4681_4gpu_sharded_continuation_20260814/shards/shard_00/per_uid/Q33093/p2rank/Q33093.ds,P2Rank 2.5.1,,,,AFDB structure fetched; P2Rank ran under the approved command contract; no usable top predicted pocket residues were produced or mapped.,False,
Q39BW2,99,v6,bb39764b8232f674d9902534f6c63e74131ce8f684521bce1689c7a998e108ff,/usrdata/EnzymeCAGE_data/tools/p2rank_2.5.1/prank predict -threads 4 -c alphafold -visualizations 0 -o /root/projects/EnzymeCAGE-master/HPC_Returned_Result_Summaries/enzymecage_m4_e2_full_4681_4gpu_sharded_continuation_20260814/shards/shard_03/per_uid/Q39BW2/p2rank/raw /root/projects/EnzymeCAGE-master/HPC_Returned_Result_Summaries/enzymecage_m4_e2_full_4681_4gpu_sharded_continuation_20260814/shards/shard_03/per_uid/Q39BW2/p2rank/Q39BW2.ds,P2Rank 2.5.1,,,,AFDB structure fetched; P2Rank ran under the approved command contract; no usable top predicted pocket residues were produced or mapped.,False,
Q39IW1,100,v6,85fb874b5e914b480ba766eefb0cb81ce39dd46108bd173781182aad424481e1,/usrdata/EnzymeCAGE_data/tools/p2rank_2.5.1/prank predict -threads 4 -c alphafold -visualizations 0 -o /root/projects/EnzymeCAGE-master/HPC_Returned_Result_Summaries/enzymecage_m4_e2_full_4681_4gpu_sharded_continuation_20260814/shards/shard_00/per_uid/Q39IW1/p2rank/raw /root/projects/EnzymeCAGE-master/HPC_Returned_Result_Summaries/enzymecage_m4_e2_full_4681_4gpu_sharded_continuation_20260814/shards/shard_00/per_uid/Q39IW1/p2rank/Q39IW1.ds,P2Rank 2.5.1,,,,AFDB structure fetched; P2Rank ran under the approved command contract; no usable top predicted pocket residues were produced or mapped.,False,
Q39L06,102,v6,3b773b14a9fb314b60d208e6447f69e07f2a09d3101731533a9e722642cdd88f,/usrdata/EnzymeCAGE_data/tools/p2rank_2.5.1/prank predict -threads 4 -c alphafold -visualizations 0 -o /root/projects/EnzymeCAGE-master/HPC_Returned_Result_Summaries/enzymecage_m4_e2_full_4681_4gpu_sharded_continuation_20260814/shards/shard_01/per_uid/Q39L06/p2rank/raw /root/projects/EnzymeCAGE-master/HPC_Returned_Result_Summaries/enzymecage_m4_e2_full_4681_4gpu_sharded_continuation_20260814/shards/shard_01/per_uid/Q39L06/p2rank/Q39L06.ds,P2Rank 2.5.1,,,,AFDB structure fetched; P2Rank ran under the approved command contract; no usable top predicted pocket residues were produced or mapped.,False,
Q39QQ2,162,v6,4b41fab06495c987dbfec32d974398a2542ff882989abaaed2927631414e69eb,/usrdata/EnzymeCAGE_data/tools/p2rank_2.5.1/prank predict -threads 4 -c alphafold -visualizations 0 -o /root/projects/EnzymeCAGE-master/HPC_Returned_Result_Summaries/enzymecage_m4_e2_full_4681_4gpu_sharded_continuation_20260814/shards/shard_02/per_uid/Q39QQ2/p2rank/raw /root/projects/EnzymeCAGE-master/HPC_Returned_Result_Summaries/enzymecage_m4_e2_full_4681_4gpu_sharded_continuation_20260814/shards/shard_02/per_uid/Q39QQ2/p2rank/Q39QQ2.ds,P2Rank 2.5.1,,,,AFDB structure fetched; P2Rank ran under the approved command contract; no usable top predicted pocket residues were produced or mapped.,False,
Q3A2K1,95,v6,d4f19285acb8ecfcc7abf5f53e1ee6f90d71d4d65c73472b34047b3a13f2d0f5,/usrdata/EnzymeCAGE_data/tools/p2rank_2.5.1/prank predict -threads 4 -c alphafold -visualizations 0 -o /root/projects/EnzymeCAGE-master/HPC_Returned_Result_Summaries/enzymecage_m4_e2_full_4681_4gpu_sharded_continuation_20260814/shards/shard_00/per_uid/Q3A2K1/p2rank/raw /root/projects/EnzymeCAGE-master/HPC_Returned_Result_Summaries/enzymecage_m4_e2_full_4681_4gpu_sharded_continuation_20260814/shards/shard_00/per_uid/Q3A2K1/p2rank/Q3A2K1.ds,P2Rank 2.5.1,,,,AFDB structure fetched; P2Rank ran under the approved command contract; no usable top predicted pocket residues were produced or mapped.,False,
Q3A826,141,v6,f4575c79e3ef52a3d6c77170693ab7ea29254cb59528c97b3ed538432a60f938,/usrdata/EnzymeCAGE_data/tools/p2rank_2.5.1/prank predict -threads 4 -c alphafold -visualizations 0 -o /root/projects/EnzymeCAGE-master/HPC_Returned_Result_Summaries/enzymecage_m4_e2_full_4681_4gpu_sharded_continuation_20260814/shards/shard_01/per_uid/Q3A826/p2rank/raw /root/projects/EnzymeCAGE-master/HPC_Returned_Result_Summaries/enzymecage_m4_e2_full_4681_4gpu_sharded_continuation_20260814/shards/shard_01/per_uid/Q3A826/p2rank/Q3A826.ds,P2Rank 2.5.1,,,,AFDB structure fetched; P2Rank ran under the approved command contract; no usable top predicted pocket residues were produced or mapped.,False,
Q3AD37,94,v6,11ce30d6a0269e84ba5de60ba65b090926c0b6b5e6687db48d7da7903b5ea9fd,/usrdata/EnzymeCAGE_data/tools/p2rank_2.5.1/prank predict -threads 4 -c alphafold -visualizations 0 -o /root/projects/EnzymeCAGE-master/HPC_Returned_Result_Summaries/enzymecage_m4_e2_full_4681_4gpu_sharded_continuation_20260814/shards/shard_01/per_uid/Q3AD37/p2rank/raw /root/projects/EnzymeCAGE-master/HPC_Returned_Result_Summaries/enzymecage_m4_e2_full_4681_4gpu_sharded_continuation_20260814/shards/shard_01/per_uid/Q3AD37/p2rank/Q3AD37.ds,P2Rank 2.5.1,,,,AFDB structure fetched; P2Rank ran under the approved command contract; no usable top predicted pocket residues were produced or mapped.,False,
Q3AMW9,97,v6,7ebf79fa99b0415327acd46a526ec5a4484906cbafa60fb104cc7de75f376e45,/usrdata/EnzymeCAGE_data/tools/p2rank_2.5.1/prank predict -threads 4 -c alphafold -visualizations 0 -o /root/projects/EnzymeCAGE-master/HPC_Returned_Result_Summaries/enzymecage_m4_e2_full_4681_4gpu_sharded_continuation_20260814/shards/shard_02/per_uid/Q3AMW9/p2rank/raw /root/projects/EnzymeCAGE-master/HPC_Returned_Result_Summaries/enzymecage_m4_e2_full_4681_4gpu_sharded_continuation_20260814/shards/shard_02/per_uid/Q3AMW9/p2rank/Q3AMW9.ds,P2Rank 2.5.1,,,,AFDB structure fetched; P2Rank ran under the approved command contract; no usable top predicted pocket residues were produced or mapped.,False,
Q3ASW8,146,v6,7a7ada1811ad50feca57242b88d03acb8de7089ec9d7180a6601ed01795eab67,/usrdata/EnzymeCAGE_data/tools/p2rank_2.5.1/prank predict -threads 4 -c alphafold -visualizations 0 -o /root/projects/EnzymeCAGE-master/HPC_Returned_Result_Summaries/enzymecage_m4_e2_full_4681_4gpu_sharded_continuation_20260814/shards/shard_03/per_uid/Q3ASW8/p2rank/raw /root/projects/EnzymeCAGE-master/HPC_Returned_Result_Summaries/enzymecage_m4_e2_full_4681_4gpu_sharded_continuation_20260814/shards/shard_03/per_uid/Q3ASW8/p2rank/Q3ASW8.ds,P2Rank 2.5.1,,,,AFDB structure fetched; P2Rank ran under the approved command contract; no usable top predicted pocket residues were produced or mapped.,False,
Q3AVR2,106,v6,9ff521210b17568248d6ee09ed1132edbe0cee1162edfc79762ea64314b3aff1,/usrdata/EnzymeCAGE_data/tools/p2rank_2.5.1/prank predict -threads 4 -c alphafold -visualizations 0 -o /root/projects/EnzymeCAGE-master/HPC_Returned_Result_Summaries/enzymecage_m4_e2_full_4681_4gpu_sharded_continuation_20260814/shards/shard_00/per_uid/Q3AVR2/p2rank/raw /root/projects/EnzymeCAGE-master/HPC_Returned_Result_Summaries/enzymecage_m4_e2_full_4681_4gpu_sharded_continuation_20260814/shards/shard_00/per_uid/Q3AVR2/p2rank/Q3AVR2.ds,P2Rank 2.5.1,,,,AFDB structure fetched; P2Rank ran under the approved command contract; no usable top predicted pocket residues were produced or mapped.,False,
Q3AVR3,100,v6,38c9ea7156b2a1bf5c2185a87098ac747bf2170e876c23ca39f3b81464095c81,/usrdata/EnzymeCAGE_data/tools/p2rank_2.5.1/prank predict -threads 4 -c alphafold -visualizations 0 -o /root/projects/EnzymeCAGE-master/HPC_Returned_Result_Summaries/enzymecage_m4_e2_full_4681_4gpu_sharded_continuation_20260814/shards/shard_01/per_uid/Q3AVR3/p2rank/raw /root/projects/EnzymeCAGE-master/HPC_Returned_Result_Summaries/enzymecage_m4_e2_full_4681_4gpu_sharded_continuation_20260814/shards/shard_01/per_uid/Q3AVR3/p2rank/Q3AVR3.ds,P2Rank 2.5.1,,,,AFDB structure fetched; P2Rank ran under the approved command contract; no usable top predicted pocket residues were produced or mapped.,False,
Q3AW42,97,v6,a403fee2545236816d504e4eb927c4127e8fac57fd99b80c3c2116e0497978db,/usrdata/EnzymeCAGE_data/tools/p2rank_2.5.1/prank predict -threads 4 -c alphafold -visualizations 0 -o /root/projects/EnzymeCAGE-master/HPC_Returned_Result_Summaries/enzymecage_m4_e2_full_4681_4gpu_sharded_continuation_20260814/shards/shard_02/per_uid/Q3AW42/p2rank/raw /root/projects/EnzymeCAGE-master/HPC_Returned_Result_Summaries/enzymecage_m4_e2_full_4681_4gpu_sharded_continuation_20260814/shards/shard_02/per_uid/Q3AW42/p2rank/Q3AW42.ds,P2Rank 2.5.1,,,,AFDB structure fetched; P2Rank ran under the approved command contract; no usable top predicted pocket residues were produced or mapped.,False,
Q3BX12,88,v6,30c1b84b120de50db839e84cc532e98f3cd847d7997013a08c8994aed2aa42bc,/usrdata/EnzymeCAGE_data/tools/p2rank_2.5.1/prank predict -threads 4 -c alphafold -visualizations 0 -o /root/projects/EnzymeCAGE-master/HPC_Returned_Result_Summaries/enzymecage_m4_e2_full_4681_4gpu_sharded_continuation_20260814/shards/shard_00/per_uid/Q3BX12/p2rank/raw /root/projects/EnzymeCAGE-master/HPC_Returned_Result_Summaries/enzymecage_m4_e2_full_4681_4gpu_sharded_continuation_20260814/shards/shard_00/per_uid/Q3BX12/p2rank/Q3BX12.ds,P2Rank 2.5.1,,,,AFDB structure fetched; P2Rank ran under the approved command contract; no usable top predicted pocket residues were produced or mapped.,False,
Q3E840,82,v6,1901b7572e3734a7cd0bf2d5418956fc572e8ae347ee41ba6bbdf2c37989a754,/usrdata/EnzymeCAGE_data/tools/p2rank_2.5.1/prank predict -threads 4 -c alphafold -visualizations 0 -o /root/projects/EnzymeCAGE-master/HPC_Returned_Result_Summaries/enzymecage_m4_e2_full_4681_4gpu_sharded_continuation_20260814/shards/shard_01/per_uid/Q3E840/p2rank/raw /root/projects/EnzymeCAGE-master/HPC_Returned_Result_Summaries/enzymecage_m4_e2_full_4681_4gpu_sharded_continuation_20260814/shards/shard_01/per_uid/Q3E840/p2rank/Q3E840.ds,P2Rank 2.5.1,,,,AFDB structure fetched; P2Rank ran under the approved command contract; no usable top predicted pocket residues were produced or mapped.,False,
Q3IPI5,92,v6,0fec59509b2e356f7de14c2baff05226bdca2ef676cfd76510f5954612aee2a3,/usrdata/EnzymeCAGE_data/tools/p2rank_2.5.1/prank predict -threads 4 -c alphafold -visualizations 0 -o /root/projects/EnzymeCAGE-master/HPC_Returned_Result_Summaries/enzymecage_m4_e2_full_4681_4gpu_sharded_continuation_20260814/shards/shard_03/per_uid/Q3IPI5/p2rank/raw /root/projects/EnzymeCAGE-master/HPC_Returned_Result_Summaries/enzymecage_m4_e2_full_4681_4gpu_sharded_continuation_20260814/shards/shard_03/per_uid/Q3IPI5/p2rank/Q3IPI5.ds,P2Rank 2.5.1,,,,AFDB structure fetched; P2Rank ran under the approved command contract; no usable top predicted pocket residues were produced or mapped.,False,
Q3ISB3,92,v6,10df384967b27afcd93328fc243d2556c12e57e53a06bfdbd92cc00786ac7518,/usrdata/EnzymeCAGE_data/tools/p2rank_2.5.1/prank predict -threads 4 -c alphafold -visualizations 0 -o /root/projects/EnzymeCAGE-master/HPC_Returned_Result_Summaries/enzymecage_m4_e2_full_4681_4gpu_sharded_continuation_20260814/shards/shard_00/per_uid/Q3ISB3/p2rank/raw /root/projects/EnzymeCAGE-master/HPC_Returned_Result_Summaries/enzymecage_m4_e2_full_4681_4gpu_sharded_continuation_20260814/shards/shard_00/per_uid/Q3ISB3/p2rank/Q3ISB3.ds,P2Rank 2.5.1,,,,AFDB structure fetched; P2Rank ran under the approved command contract; no usable top predicted pocket residues were produced or mapped.,False,
Q3J151,101,v6,ea7f50fdb4065e2476b031e0cf7d5a12614bd1ff7f0915c1b79a04c64e85bbd5,/usrdata/EnzymeCAGE_data/tools/p2rank_2.5.1/prank predict -threads 4 -c alphafold -visualizations 0 -o /root/projects/EnzymeCAGE-master/HPC_Returned_Result_Summaries/enzymecage_m4_e2_full_4681_4gpu_sharded_continuation_20260814/shards/shard_02/per_uid/Q3J151/p2rank/raw /root/projects/EnzymeCAGE-master/HPC_Returned_Result_Summaries/enzymecage_m4_e2_full_4681_4gpu_sharded_continuation_20260814/shards/shard_02/per_uid/Q3J151/p2rank/Q3J151.ds,P2Rank 2.5.1,,,,AFDB structure fetched; P2Rank ran under the approved command contract; no usable top predicted pocket residues were produced or mapped.,False,
Q3J460,95,v6,23c363394210a5e4da7318e5abec448bcfee274782f8c433c1e6a1773316c625,/usrdata/EnzymeCAGE_data/tools/p2rank_2.5.1/prank predict -threads 4 -c alphafold -visualizations 0 -o /root/projects/EnzymeCAGE-master/HPC_Returned_Result_Summaries/enzymecage_m4_e2_full_4681_4gpu_sharded_continuation_20260814/shards/shard_03/per_uid/Q3J460/p2rank/raw /root/projects/EnzymeCAGE-master/HPC_Returned_Result_Summaries/enzymecage_m4_e2_full_4681_4gpu_sharded_continuation_20260814/shards/shard_03/per_uid/Q3J460/p2rank/Q3J460.ds,P2Rank 2.5.1,,,,AFDB structure fetched; P2Rank ran under the approved command contract; no usable top predicted pocket residues were produced or mapped.,False,
Q3J768,100,v6,78da3072255411e715b3d4a3762966fe1899ba76ccfdc2c90364f6a8e7ee96fb,/usrdata/EnzymeCAGE_data/tools/p2rank_2.5.1/prank predict -threads 4 -c alphafold -visualizations 0 -o /root/projects/EnzymeCAGE-master/HPC_Returned_Result_Summaries/enzymecage_m4_e2_full_4681_4gpu_sharded_continuation_20260814/shards/shard_01/per_uid/Q3J768/p2rank/raw /root/projects/EnzymeCAGE-master/HPC_Returned_Result_Summaries/enzymecage_m4_e2_full_4681_4gpu_sharded_continuation_20260814/shards/shard_01/per_uid/Q3J768/p2rank/Q3J768.ds,P2Rank 2.5.1,,,,AFDB structure fetched; P2Rank ran under the approved command contract; no usable top predicted pocket residues were produced or mapped.,False,
Q3J7V8,95,v6,2d9d6d05577b1b80b7010f6489faa3e87aab2884ac7f46197dfa60492dba6f38,/usrdata/EnzymeCAGE_data/tools/p2rank_2.5.1/prank predict -threads 4 -c alphafold -visualizations 0 -o /root/projects/EnzymeCAGE-master/HPC_Returned_Result_Summaries/enzymecage_m4_e2_full_4681_4gpu_sharded_continuation_20260814/shards/shard_02/per_uid/Q3J7V8/p2rank/raw /root/projects/EnzymeCAGE-master/HPC_Returned_Result_Summaries/enzymecage_m4_e2_full_4681_4gpu_sharded_continuation_20260814/shards/shard_02/per_uid/Q3J7V8/p2rank/Q3J7V8.ds,P2Rank 2.5.1,,,,AFDB structure fetched; P2Rank ran under the approved command contract; no usable top predicted pocket residues were produced or mapped.,False,
Q3JPJ8,100,v6,321cb97f11910035c3962ee4c99c0e7fa905d9a777ce1acaf07fe84b79edd404,/usrdata/EnzymeCAGE_data/tools/p2rank_2.5.1/prank predict -threads 4 -c alphafold -visualizations 0 -o /root/projects/EnzymeCAGE-master/HPC_Returned_Result_Summaries/enzymecage_m4_e2_full_4681_4gpu_sharded_continuation_20260814/shards/shard_03/per_uid/Q3JPJ8/p2rank/raw /root/projects/EnzymeCAGE-master/HPC_Returned_Result_Summaries/enzymecage_m4_e2_full_4681_4gpu_sharded_continuation_20260814/shards/shard_03/per_uid/Q3JPJ8/p2rank/Q3JPJ8.ds,P2Rank 2.5.1,,,,AFDB structure fetched; P2Rank ran under the approved command contract; no usable top predicted pocket residues were produced or mapped.,False,
Q3JXC2,99,v6,5c2352059e4384a9c127f9e6c098183304b1ee10eec0d8c81a191ee2d899485c,/usrdata/EnzymeCAGE_data/tools/p2rank_2.5.1/prank predict -threads 4 -c alphafold -visualizations 0 -o /root/projects/EnzymeCAGE-master/HPC_Returned_Result_Summaries/enzymecage_m4_e2_full_4681_4gpu_sharded_continuation_20260814/shards/shard_00/per_uid/Q3JXC2/p2rank/raw /root/projects/EnzymeCAGE-master/HPC_Returned_Result_Summaries/enzymecage_m4_e2_full_4681_4gpu_sharded_continuation_20260814/shards/shard_00/per_uid/Q3JXC2/p2rank/Q3JXC2.ds,P2Rank 2.5.1,,,,AFDB structure fetched; P2Rank ran under the approved command contract; no usable top predicted pocket residues were produced or mapped.,False,
Q3JXT0,101,v6,127233c75d67cbb5ddcf8994f5e9301de4d2c7a3aca9fab99326be0ea59a516c,/usrdata/EnzymeCAGE_data/tools/p2rank_2.5.1/prank predict -threads 4 -c alphafold -visualizations 0 -o /root/projects/EnzymeCAGE-master/HPC_Returned_Result_Summaries/enzymecage_m4_e2_full_4681_4gpu_sharded_continuation_20260814/shards/shard_01/per_uid/Q3JXT0/p2rank/raw /root/projects/EnzymeCAGE-master/HPC_Returned_Result_Summaries/enzymecage_m4_e2_full_4681_4gpu_sharded_continuation_20260814/shards/shard_01/per_uid/Q3JXT0/p2rank/Q3JXT0.ds,P2Rank 2.5.1,,,,AFDB structure fetched; P2Rank ran under the approved command contract; no usable top predicted pocket residues were produced or mapped.,False,
Q3KA63,137,v6,7380e6e7fb0ca4615c85d95d8bd945f6892c34524a4d4b6148c6eaefcb2349d1,/usrdata/EnzymeCAGE_data/tools/p2rank_2.5.1/prank predict -threads 4 -c alphafold -visualizations 0 -o /root/projects/EnzymeCAGE-master/HPC_Returned_Result_Summaries/enzymecage_m4_e2_full_4681_4gpu_sharded_continuation_20260814/shards/shard_03/per_uid/Q3KA63/p2rank/raw /root/projects/EnzymeCAGE-master/HPC_Returned_Result_Summaries/enzymecage_m4_e2_full_4681_4gpu_sharded_continuation_20260814/shards/shard_03/per_uid/Q3KA63/p2rank/Q3KA63.ds,P2Rank 2.5.1,,,,AFDB structure fetched; P2Rank ran under the approved command contract; no usable top predicted pocket residues were produced or mapped.,False,
Q3KI26,95,v6,330bfc66d2a8e0ba3bc71107be5755d7011d4c6ab74f2ef2032d4ca3467652d3,/usrdata/EnzymeCAGE_data/tools/p2rank_2.5.1/prank predict -threads 4 -c alphafold -visualizations 0 -o /root/projects/EnzymeCAGE-master/HPC_Returned_Result_Summaries/enzymecage_m4_e2_full_4681_4gpu_sharded_continuation_20260814/shards/shard_00/per_uid/Q3KI26/p2rank/raw /root/projects/EnzymeCAGE-master/HPC_Returned_Result_Summaries/enzymecage_m4_e2_full_4681_4gpu_sharded_continuation_20260814/shards/shard_00/per_uid/Q3KI26/p2rank/Q3KI26.ds,P2Rank 2.5.1,,,,AFDB structure fetched; P2Rank ran under the approved command contract; no usable top predicted pocket residues were produced or mapped.,False,
Q3M709,100,v6,9e9c28c697f78ad5356cadcd6aea3f6856c5244d1a19bfce8e9bce846b566f28,/usrdata/EnzymeCAGE_data/tools/p2rank_2.5.1/prank predict -threads 4 -c alphafold -visualizations 0 -o /root/projects/EnzymeCAGE-master/HPC_Returned_Result_Summaries/enzymecage_m4_e2_full_4681_4gpu_sharded_continuation_20260814/shards/shard_02/per_uid/Q3M709/p2rank/raw /root/projects/EnzymeCAGE-master/HPC_Returned_Result_Summaries/enzymecage_m4_e2_full_4681_4gpu_sharded_continuation_20260814/shards/shard_02/per_uid/Q3M709/p2rank/Q3M709.ds,P2Rank 2.5.1,,,,AFDB structure fetched; P2Rank ran under the approved command contract; no usable top predicted pocket residues were produced or mapped.,False,
Q3MA60,93,v6,acd59da57f8d3feea23793ddf5f1bb50e83295ecf4fade9b68dee6c64ef63f76,/usrdata/EnzymeCAGE_data/tools/p2rank_2.5.1/prank predict -threads 4 -c alphafold -visualizations 0 -o /root/projects/EnzymeCAGE-master/HPC_Returned_Result_Summaries/enzymecage_m4_e2_full_4681_4gpu_sharded_continuation_20260814/shards/shard_03/per_uid/Q3MA60/p2rank/raw /root/projects/EnzymeCAGE-master/HPC_Returned_Result_Summaries/enzymecage_m4_e2_full_4681_4gpu_sharded_continuation_20260814/shards/shard_03/per_uid/Q3MA60/p2rank/Q3MA60.ds,P2Rank 2.5.1,,,,AFDB structure fetched; P2Rank ran under the approved command contract; no usable top predicted pocket residues were produced or mapped.,False,
Q3SKG9,89,v6,af22e32c8cba796b572b493ebe81cad851d39c3bff0ab7c6127a972cba1c9051,/usrdata/EnzymeCAGE_data/tools/p2rank_2.5.1/prank predict -threads 4 -c alphafold -visualizations 0 -o /root/projects/EnzymeCAGE-master/HPC_Returned_Result_Summaries/enzymecage_m4_e2_full_4681_4gpu_sharded_continuation_20260814/shards/shard_03/per_uid/Q3SKG9/p2rank/raw /root/projects/EnzymeCAGE-master/HPC_Returned_Result_Summaries/enzymecage_m4_e2_full_4681_4gpu_sharded_continuation_20260814/shards/shard_03/per_uid/Q3SKG9/p2rank/Q3SKG9.ds,P2Rank 2.5.1,,,,AFDB structure fetched; P2Rank ran under the approved command contract; no usable top predicted pocket residues were produced or mapped.,False,
Q3SR29,95,v6,101d1857c70cfa9244726b097a09e260395e67273252d679a608a607ccde6bb3,/usrdata/EnzymeCAGE_data/tools/p2rank_2.5.1/prank predict -threads 4 -c alphafold -visualizations 0 -o /root/projects/EnzymeCAGE-master/HPC_Returned_Result_Summaries/enzymecage_m4_e2_full_4681_4gpu_sharded_continuation_20260814/shards/shard_00/per_uid/Q3SR29/p2rank/raw /root/projects/EnzymeCAGE-master/HPC_Returned_Result_Summaries/enzymecage_m4_e2_full_4681_4gpu_sharded_continuation_20260814/shards/shard_00/per_uid/Q3SR29/p2rank/Q3SR29.ds,P2Rank 2.5.1,,,,AFDB structure fetched; P2Rank ran under the approved command contract; no usable top predicted pocket residues were produced or mapped.,False,
Q3Z6V4,95,v6,2b407ad0497d103ca7e3f5c1ce0d41608b6aa653b0c922b68e72082ec093aac4,/usrdata/EnzymeCAGE_data/tools/p2rank_2.5.1/prank predict -threads 4 -c alphafold -visualizations 0 -o /root/projects/EnzymeCAGE-master/HPC_Returned_Result_Summaries/enzymecage_m4_e2_full_4681_4gpu_sharded_continuation_20260814/shards/shard_00/per_uid/Q3Z6V4/p2rank/raw /root/projects/EnzymeCAGE-master/HPC_Returned_Result_Summaries/enzymecage_m4_e2_full_4681_4gpu_sharded_continuation_20260814/shards/shard_00/per_uid/Q3Z6V4/p2rank/Q3Z6V4.ds,P2Rank 2.5.1,,,,AFDB structure fetched; P2Rank ran under the approved command contract; no usable top predicted pocket residues were produced or mapped.,False,
Q3ZYM6,95,v6,99ce4f79ef2418a6553e2cf213b3ae146d5dc33b9f1e6c1302d49e51482f0f3a,/usrdata/EnzymeCAGE_data/tools/p2rank_2.5.1/prank predict -threads 4 -c alphafold -visualizations 0 -o /root/projects/EnzymeCAGE-master/HPC_Returned_Result_Summaries/enzymecage_m4_e2_full_4681_4gpu_sharded_continuation_20260814/shards/shard_02/per_uid/Q3ZYM6/p2rank/raw /root/projects/EnzymeCAGE-master/HPC_Returned_Result_Summaries/enzymecage_m4_e2_full_4681_4gpu_sharded_continuation_20260814/shards/shard_02/per_uid/Q3ZYM6/p2rank/Q3ZYM6.ds,P2Rank 2.5.1,,,,AFDB structure fetched; P2Rank ran under the approved command contract; no usable top predicted pocket residues were produced or mapped.,False,
Q44022,208,v6,353c0dc2d34247e3217d189a01115b6a9660665ab21a35b4607c70f4cb45ba7b,/usrdata/EnzymeCAGE_data/tools/p2rank_2.5.1/prank predict -threads 4 -c alphafold -visualizations 0 -o /root/projects/EnzymeCAGE-master/HPC_Returned_Result_Summaries/enzymecage_m4_e2_full_4681_4gpu_sharded_continuation_20260814/shards/shard_01/per_uid/Q44022/p2rank/raw /root/projects/EnzymeCAGE-master/HPC_Returned_Result_Summaries/enzymecage_m4_e2_full_4681_4gpu_sharded_continuation_20260814/shards/shard_01/per_uid/Q44022/p2rank/Q44022.ds,P2Rank 2.5.1,,,,AFDB structure fetched; P2Rank ran under the approved command contract; no usable top predicted pocket residues were produced or mapped.,False,
Q44558,48,v6,bc14a5e64e4b8e64c21d8656ff7d93f6901653ca538d95f6b87986904bafaacb,/usrdata/EnzymeCAGE_data/tools/p2rank_2.5.1/prank predict -threads 4 -c alphafold -visualizations 0 -o /root/projects/EnzymeCAGE-master/HPC_Returned_Result_Summaries/enzymecage_m4_e2_full_4681_4gpu_sharded_continuation_20260814/shards/shard_02/per_uid/Q44558/p2rank/raw /root/projects/EnzymeCAGE-master/HPC_Returned_Result_Summaries/enzymecage_m4_e2_full_4681_4gpu_sharded_continuation_20260814/shards/shard_02/per_uid/Q44558/p2rank/Q44558.ds,P2Rank 2.5.1,,,,AFDB structure fetched; P2Rank ran under the approved command contract; no usable top predicted pocket residues were produced or mapped.,False,
Q45399,100,v6,7f6f163346307c78b7b90a8be8aaf02f2e007d56e1168572faed29745c54c902,/usrdata/EnzymeCAGE_data/tools/p2rank_2.5.1/prank predict -threads 4 -c alphafold -visualizations 0 -o /root/projects/EnzymeCAGE-master/HPC_Returned_Result_Summaries/enzymecage_m4_e2_full_4681_4gpu_sharded_continuation_20260814/shards/shard_03/per_uid/Q45399/p2rank/raw /root/projects/EnzymeCAGE-master/HPC_Returned_Result_Summaries/enzymecage_m4_e2_full_4681_4gpu_sharded_continuation_20260814/shards/shard_03/per_uid/Q45399/p2rank/Q45399.ds,P2Rank 2.5.1,,,,AFDB structure fetched; P2Rank ran under the approved command contract; no usable top predicted pocket residues were produced or mapped.,False,
Q46CH6,182,v6,a6096cb2b04893034de48c900f5203fea07f528abd1720b56495ba40a5286bab,/usrdata/EnzymeCAGE_data/tools/p2rank_2.5.1/prank predict -threads 4 -c alphafold -visualizations 0 -o /root/projects/EnzymeCAGE-master/HPC_Returned_Result_Summaries/enzymecage_m4_e2_full_4681_4gpu_sharded_continuation_20260814/shards/shard_02/per_uid/Q46CH6/p2rank/raw /root/projects/EnzymeCAGE-master/HPC_Returned_Result_Summaries/enzymecage_m4_e2_full_4681_4gpu_sharded_continuation_20260814/shards/shard_02/per_uid/Q46CH6/p2rank/Q46CH6.ds,P2Rank 2.5.1,,,,AFDB structure fetched; P2Rank ran under the approved command contract; no usable top predicted pocket residues were produced or mapped.,False,
Q46GT1,95,v6,31a1c8092ce44645f7a6d5d4a4b53dbced12e691149b21ad555fffe6b104aafb,/usrdata/EnzymeCAGE_data/tools/p2rank_2.5.1/prank predict -threads 4 -c alphafold -visualizations 0 -o /root/projects/EnzymeCAGE-master/HPC_Returned_Result_Summaries/enzymecage_m4_e2_full_4681_4gpu_sharded_continuation_20260814/shards/shard_00/per_uid/Q46GT1/p2rank/raw /root/projects/EnzymeCAGE-master/HPC_Returned_Result_Summaries/enzymecage_m4_e2_full_4681_4gpu_sharded_continuation_20260814/shards/shard_00/per_uid/Q46GT1/p2rank/Q46GT1.ds,P2Rank 2.5.1,,,,AFDB structure fetched; P2Rank ran under the approved command contract; no usable top predicted pocket residues were produced or mapped.,False,
Q46HD8,95,v6,36a1a40e7637c004ac96b9eff9712b980292dc86f75eebaec175d753c3d46783,/usrdata/EnzymeCAGE_data/tools/p2rank_2.5.1/prank predict -threads 4 -c alphafold -visualizations 0 -o /root/projects/EnzymeCAGE-master/HPC_Returned_Result_Summaries/enzymecage_m4_e2_full_4681_4gpu_sharded_continuation_20260814/shards/shard_01/per_uid/Q46HD8/p2rank/raw /root/projects/EnzymeCAGE-master/HPC_Returned_Result_Summaries/enzymecage_m4_e2_full_4681_4gpu_sharded_continuation_20260814/shards/shard_01/per_uid/Q46HD8/p2rank/Q46HD8.ds,P2Rank 2.5.1,,,,AFDB structure fetched; P2Rank ran under the approved command contract; no usable top predicted pocket residues were produced or mapped.,False,
Q46IY4,106,v6,679d967474508d6a466bd579a6bdb65e6b85ca2b75b95deadf58ee1edd6b1db8,/usrdata/EnzymeCAGE_data/tools/p2rank_2.5.1/prank predict -threads 4 -c alphafold -visualizations 0 -o /root/projects/EnzymeCAGE-master/HPC_Returned_Result_Summaries/enzymecage_m4_e2_full_4681_4gpu_sharded_continuation_20260814/shards/shard_02/per_uid/Q46IY4/p2rank/raw /root/projects/EnzymeCAGE-master/HPC_Returned_Result_Summaries/enzymecage_m4_e2_full_4681_4gpu_sharded_continuation_20260814/shards/shard_02/per_uid/Q46IY4/p2rank/Q46IY4.ds,P2Rank 2.5.1,,,,AFDB structure fetched; P2Rank ran under the approved command contract; no usable top predicted pocket residues were produced or mapped.,False,
Q46IY5,100,v6,f2690a3732487f4652d52cf07b38b152562d06df09b367e43acf558b24a1dc29,/usrdata/EnzymeCAGE_data/tools/p2rank_2.5.1/prank predict -threads 4 -c alphafold -visualizations 0 -o /root/projects/EnzymeCAGE-master/HPC_Returned_Result_Summaries/enzymecage_m4_e2_full_4681_4gpu_sharded_continuation_20260814/shards/shard_03/per_uid/Q46IY5/p2rank/raw /root/projects/EnzymeCAGE-master/HPC_Returned_Result_Summaries/enzymecage_m4_e2_full_4681_4gpu_sharded_continuation_20260814/shards/shard_03/per_uid/Q46IY5/p2rank/Q46IY5.ds,P2Rank 2.5.1,,,,AFDB structure fetched; P2Rank ran under the approved command contract; no usable top predicted pocket residues were produced or mapped.,False,
Q46VT8,100,v6,7b42f0a7aea73c1fe7e9ee2c57153b185a7c0bc980ad15e24f40e16f40f0d211,/usrdata/EnzymeCAGE_data/tools/p2rank_2.5.1/prank predict -threads 4 -c alphafold -visualizations 0 -o /root/projects/EnzymeCAGE-master/HPC_Returned_Result_Summaries/enzymecage_m4_e2_full_4681_4gpu_sharded_continuation_20260814/shards/shard_00/per_uid/Q46VT8/p2rank/raw /root/projects/EnzymeCAGE-master/HPC_Returned_Result_Summaries/enzymecage_m4_e2_full_4681_4gpu_sharded_continuation_20260814/shards/shard_00/per_uid/Q46VT8/p2rank/Q46VT8.ds,P2Rank 2.5.1,,,,AFDB structure fetched; P2Rank ran under the approved command contract; no usable top predicted pocket residues were produced or mapped.,False,
Q473R2,100,v6,1326b46b6164200c555e9107102e786454e9f7fc99fd1bee47d792f6886ba47d,/usrdata/EnzymeCAGE_data/tools/p2rank_2.5.1/prank predict -threads 4 -c alphafold -visualizations 0 -o /root/projects/EnzymeCAGE-master/HPC_Returned_Result_Summaries/enzymecage_m4_e2_full_4681_4gpu_sharded_continuation_20260814/shards/shard_01/per_uid/Q473R2/p2rank/raw /root/projects/EnzymeCAGE-master/HPC_Returned_Result_Summaries/enzymecage_m4_e2_full_4681_4gpu_sharded_continuation_20260814/shards/shard_01/per_uid/Q473R2/p2rank/Q473R2.ds,P2Rank 2.5.1,,,,AFDB structure fetched; P2Rank ran under the approved command contract; no usable top predicted pocket residues were produced or mapped.,False,
Q47JV5,95,v6,9c9b40a810f102476517c376e0d837e177d2b34c1cd7df30075ff858b4aa7669,/usrdata/EnzymeCAGE_data/tools/p2rank_2.5.1/prank predict -threads 4 -c alphafold -visualizations 0 -o /root/projects/EnzymeCAGE-master/HPC_Returned_Result_Summaries/enzymecage_m4_e2_full_4681_4gpu_sharded_continuation_20260814/shards/shard_00/per_uid/Q47JV5/p2rank/raw /root/projects/EnzymeCAGE-master/HPC_Returned_Result_Summaries/enzymecage_m4_e2_full_4681_4gpu_sharded_continuation_20260814/shards/shard_00/per_uid/Q47JV5/p2rank/Q47JV5.ds,P2Rank 2.5.1,,,,AFDB structure fetched; P2Rank ran under the approved command contract; no usable top predicted pocket residues were produced or mapped.,False,
Q47SC4,99,v6,c5463d2b066ac4f3e51cb41567272f1b8cf455534454431e6715a4946dfe366b,/usrdata/EnzymeCAGE_data/tools/p2rank_2.5.1/prank predict -threads 4 -c alphafold -visualizations 0 -o /root/projects/EnzymeCAGE-master/HPC_Returned_Result_Summaries/enzymecage_m4_e2_full_4681_4gpu_sharded_continuation_20260814/shards/shard_01/per_uid/Q47SC4/p2rank/raw /root/projects/EnzymeCAGE-master/HPC_Returned_Result_Summaries/enzymecage_m4_e2_full_4681_4gpu_sharded_continuation_20260814/shards/shard_01/per_uid/Q47SC4/p2rank/Q47SC4.ds,P2Rank 2.5.1,,,,AFDB structure fetched; P2Rank ran under the approved command contract; no usable top predicted pocket residues were produced or mapped.,False,
Q482P4,89,v6,75f771bcecdfd63ec2b494194a0f6567682ffb31d92fb181694738d7dddd7fe2,/usrdata/EnzymeCAGE_data/tools/p2rank_2.5.1/prank predict -threads 4 -c alphafold -visualizations 0 -o /root/projects/EnzymeCAGE-master/HPC_Returned_Result_Summaries/enzymecage_m4_e2_full_4681_4gpu_sharded_continuation_20260814/shards/shard_02/per_uid/Q482P4/p2rank/raw /root/projects/EnzymeCAGE-master/HPC_Returned_Result_Summaries/enzymecage_m4_e2_full_4681_4gpu_sharded_continuation_20260814/shards/shard_02/per_uid/Q482P4/p2rank/Q482P4.ds,P2Rank 2.5.1,,,,AFDB structure fetched; P2Rank ran under the approved command contract; no usable top predicted pocket residues were produced or mapped.,False,
Q48433,43,v6,f4068ddf9b0d72c0065865025313d40d8d1c0f446c63ba0cb9bf162617a0cbca,/usrdata/EnzymeCAGE_data/tools/p2rank_2.5.1/prank predict -threads 4 -c alphafold -visualizations 0 -o /root/projects/EnzymeCAGE-master/HPC_Returned_Result_Summaries/enzymecage_m4_e2_full_4681_4gpu_sharded_continuation_20260814/shards/shard_03/per_uid/Q48433/p2rank/raw /root/projects/EnzymeCAGE-master/HPC_Returned_Result_Summaries/enzymecage_m4_e2_full_4681_4gpu_sharded_continuation_20260814/shards/shard_03/per_uid/Q48433/p2rank/Q48433.ds,P2Rank 2.5.1,,,,AFDB structure fetched; P2Rank ran under the approved command contract; no usable top predicted pocket residues were produced or mapped.,False,
Q48DE7,102,v6,f2e0bee2d4fc9f1433abcfe818375ac6111c39a4b6daea5833f0e281fbcd3872,/usrdata/EnzymeCAGE_data/tools/p2rank_2.5.1/prank predict -threads 4 -c alphafold -visualizations 0 -o /root/projects/EnzymeCAGE-master/HPC_Returned_Result_Summaries/enzymecage_m4_e2_full_4681_4gpu_sharded_continuation_20260814/shards/shard_00/per_uid/Q48DE7/p2rank/raw /root/projects/EnzymeCAGE-master/HPC_Returned_Result_Summaries/enzymecage_m4_e2_full_4681_4gpu_sharded_continuation_20260814/shards/shard_00/per_uid/Q48DE7/p2rank/Q48DE7.ds,P2Rank 2.5.1,,,,AFDB structure fetched; P2Rank ran under the approved command contract; no usable top predicted pocket residues were produced or mapped.,False,
Q48E93,95,v6,eb19b3c4525c78f6e4d3bbf080f16c4cd6fb135eb9c358d91789ab9558008dbe,/usrdata/EnzymeCAGE_data/tools/p2rank_2.5.1/prank predict -threads 4 -c alphafold -visualizations 0 -o /root/projects/EnzymeCAGE-master/HPC_Returned_Result_Summaries/enzymecage_m4_e2_full_4681_4gpu_sharded_continuation_20260814/shards/shard_01/per_uid/Q48E93/p2rank/raw /root/projects/EnzymeCAGE-master/HPC_Returned_Result_Summaries/enzymecage_m4_e2_full_4681_4gpu_sharded_continuation_20260814/shards/shard_01/per_uid/Q48E93/p2rank/Q48E93.ds,P2Rank 2.5.1,,,,AFDB structure fetched; P2Rank ran under the approved command contract; no usable top predicted pocket residues were produced or mapped.,False,
Q48H54,137,v6,bce484eb4644ba629335d6c3f74fd7e2ce03f97dc705286656dd0abae9c47945,/usrdata/EnzymeCAGE_data/tools/p2rank_2.5.1/prank predict -threads 4 -c alphafold -visualizations 0 -o /root/projects/EnzymeCAGE-master/HPC_Returned_Result_Summaries/enzymecage_m4_e2_full_4681_4gpu_sharded_continuation_20260814/shards/shard_02/per_uid/Q48H54/p2rank/raw /root/projects/EnzymeCAGE-master/HPC_Returned_Result_Summaries/enzymecage_m4_e2_full_4681_4gpu_sharded_continuation_20260814/shards/shard_02/per_uid/Q48H54/p2rank/Q48H54.ds,P2Rank 2.5.1,,,,AFDB structure fetched; P2Rank ran under the approved command contract; no usable top predicted pocket residues were produced or mapped.,False,
Q492E7,100,v6,4d2c93c4ab96fb6ae5559ee951d897ea71e4b08514e430786d3b7fbb9a280c5b,/usrdata/EnzymeCAGE_data/tools/p2rank_2.5.1/prank predict -threads 4 -c alphafold -visualizations 0 -o /root/projects/EnzymeCAGE-master/HPC_Returned_Result_Summaries/enzymecage_m4_e2_full_4681_4gpu_sharded_continuation_20260814/shards/shard_03/per_uid/Q492E7/p2rank/raw /root/projects/EnzymeCAGE-master/HPC_Returned_Result_Summaries/enzymecage_m4_e2_full_4681_4gpu_sharded_continuation_20260814/shards/shard_03/per_uid/Q492E7/p2rank/Q492E7.ds,P2Rank 2.5.1,,,,AFDB structure fetched; P2Rank ran under the approved command contract; no usable top predicted pocket residues were produced or mapped.,False,
Q492E8,102,v6,abe5e0198d49fe23a1c32cfd9293244041d30791778a35ce832e760c17fa80ba,/usrdata/EnzymeCAGE_data/tools/p2rank_2.5.1/prank predict -threads 4 -c alphafold -visualizations 0 -o /root/projects/EnzymeCAGE-master/HPC_Returned_Result_Summaries/enzymecage_m4_e2_full_4681_4gpu_sharded_continuation_20260814/shards/shard_00/per_uid/Q492E8/p2rank/raw /root/projects/EnzymeCAGE-master/HPC_Returned_Result_Summaries/enzymecage_m4_e2_full_4681_4gpu_sharded_continuation_20260814/shards/shard_00/per_uid/Q492E8/p2rank/Q492E8.ds,P2Rank 2.5.1,,,,AFDB structure fetched; P2Rank ran under the approved command contract; no usable top predicted pocket residues were produced or mapped.,False,
Q4A0J3,100,v6,dd1361b29817fd47a85142f3aee96e18216cd50295b66f5b8221640f9cb89a8f,/usrdata/EnzymeCAGE_data/tools/p2rank_2.5.1/prank predict -threads 4 -c alphafold -visualizations 0 -o /root/projects/EnzymeCAGE-master/HPC_Returned_Result_Summaries/enzymecage_m4_e2_full_4681_4gpu_sharded_continuation_20260814/shards/shard_01/per_uid/Q4A0J3/p2rank/raw /root/projects/EnzymeCAGE-master/HPC_Returned_Result_Summaries/enzymecage_m4_e2_full_4681_4gpu_sharded_continuation_20260814/shards/shard_01/per_uid/Q4A0J3/p2rank/Q4A0J3.ds,P2Rank 2.5.1,,,,AFDB structure fetched; P2Rank ran under the approved command contract; no usable top predicted pocket residues were produced or mapped.,False,
Q4A0J4,134,v6,981b24c01def27852a1dbc20f72015103622fc81c79912ffe9af2849edbc7bf9,/usrdata/EnzymeCAGE_data/tools/p2rank_2.5.1/prank predict -threads 4 -c alphafold -visualizations 0 -o /root/projects/EnzymeCAGE-master/HPC_Returned_Result_Summaries/enzymecage_m4_e2_full_4681_4gpu_sharded_continuation_20260814/shards/shard_02/per_uid/Q4A0J4/p2rank/raw /root/projects/EnzymeCAGE-master/HPC_Returned_Result_Summaries/enzymecage_m4_e2_full_4681_4gpu_sharded_continuation_20260814/shards/shard_02/per_uid/Q4A0J4/p2rank/Q4A0J4.ds,P2Rank 2.5.1,,,,AFDB structure fetched; P2Rank ran under the approved command contract; no usable top predicted pocket residues were produced or mapped.,False,
Q4FLQ6,95,v6,0cc1ec0e0b823ff391a0a697a64750aa03a86d0d14df2261a9fcec7c079943c4,/usrdata/EnzymeCAGE_data/tools/p2rank_2.5.1/prank predict -threads 4 -c alphafold -visualizations 0 -o /root/projects/EnzymeCAGE-master/HPC_Returned_Result_Summaries/enzymecage_m4_e2_full_4681_4gpu_sharded_continuation_20260814/shards/shard_01/per_uid/Q4FLQ6/p2rank/raw /root/projects/EnzymeCAGE-master/HPC_Returned_Result_Summaries/enzymecage_m4_e2_full_4681_4gpu_sharded_continuation_20260814/shards/shard_01/per_uid/Q4FLQ6/p2rank/Q4FLQ6.ds,P2Rank 2.5.1,,,,AFDB structure fetched; P2Rank ran under the approved command contract; no usable top predicted pocket residues were produced or mapped.,False,
Q4FVF3,97,v6,5cf27746344574007d10c2f39b21d0710a9f1b66e39b3fa363b535eaf0d483e7,/usrdata/EnzymeCAGE_data/tools/p2rank_2.5.1/prank predict -threads 4 -c alphafold -visualizations 0 -o /root/projects/EnzymeCAGE-master/HPC_Returned_Result_Summaries/enzymecage_m4_e2_full_4681_4gpu_sharded_continuation_20260814/shards/shard_02/per_uid/Q4FVF3/p2rank/raw /root/projects/EnzymeCAGE-master/HPC_Returned_Result_Summaries/enzymecage_m4_e2_full_4681_4gpu_sharded_continuation_20260814/shards/shard_02/per_uid/Q4FVF3/p2rank/Q4FVF3.ds,P2Rank 2.5.1,,,,AFDB structure fetched; P2Rank ran under the approved command contract; no usable top predicted pocket residues were produced or mapped.,False,
Q4H4E3,82,v6,602522d994b74ebc3c3b9ffe2c5ab950e28e020a7933a1b49e67762dee84bfa5,/usrdata/EnzymeCAGE_data/tools/p2rank_2.5.1/prank predict -threads 4 -c alphafold -visualizations 0 -o /root/projects/EnzymeCAGE-master/HPC_Returned_Result_Summaries/enzymecage_m4_e2_full_4681_4gpu_sharded_continuation_20260814/shards/shard_00/per_uid/Q4H4E3/p2rank/raw /root/projects/EnzymeCAGE-master/HPC_Returned_Result_Summaries/enzymecage_m4_e2_full_4681_4gpu_sharded_continuation_20260814/shards/shard_00/per_uid/Q4H4E3/p2rank/Q4H4E3.ds,P2Rank 2.5.1,,,,AFDB structure fetched; P2Rank ran under the approved command contract; no usable top predicted pocket residues were produced or mapped.,False,
Q4I9U7,86,v6,457543aabc9fc4f9bdf774a7f6d48ebd6635ec510591a759cabc297401a5b744,/usrdata/EnzymeCAGE_data/tools/p2rank_2.5.1/prank predict -threads 4 -c alphafold -visualizations 0 -o /root/projects/EnzymeCAGE-master/HPC_Returned_Result_Summaries/enzymecage_m4_e2_full_4681_4gpu_sharded_continuation_20260814/shards/shard_03/per_uid/Q4I9U7/p2rank/raw /root/projects/EnzymeCAGE-master/HPC_Returned_Result_Summaries/enzymecage_m4_e2_full_4681_4gpu_sharded_continuation_20260814/shards/shard_03/per_uid/Q4I9U7/p2rank/Q4I9U7.ds,P2Rank 2.5.1,,,,AFDB structure fetched; P2Rank ran under the approved command contract; no usable top predicted pocket residues were produced or mapped.,False,
Q4J6J6,91,v6,0a7b2ac842dcede445bf79cc2baedb83885d30988167b3f07f429023a62c8c88,/usrdata/EnzymeCAGE_data/tools/p2rank_2.5.1/prank predict -threads 4 -c alphafold -visualizations 0 -o /root/projects/EnzymeCAGE-master/HPC_Returned_Result_Summaries/enzymecage_m4_e2_full_4681_4gpu_sharded_continuation_20260814/shards/shard_00/per_uid/Q4J6J6/p2rank/raw /root/projects/EnzymeCAGE-master/HPC_Returned_Result_Summaries/enzymecage_m4_e2_full_4681_4gpu_sharded_continuation_20260814/shards/shard_00/per_uid/Q4J6J6/p2rank/Q4J6J6.ds,P2Rank 2.5.1,,,,AFDB structure fetched; P2Rank ran under the approved command contract; no usable top predicted pocket residues were produced or mapped.,False,
Q4J8L6,77,v6,da97f4e0d66ac1ab436ee08618b6a57ef303fd41f916679fad6419a684585978,/usrdata/EnzymeCAGE_data/tools/p2rank_2.5.1/prank predict -threads 4 -c alphafold -visualizations 0 -o /root/projects/EnzymeCAGE-master/HPC_Returned_Result_Summaries/enzymecage_m4_e2_full_4681_4gpu_sharded_continuation_20260814/shards/shard_01/per_uid/Q4J8L6/p2rank/raw /root/projects/EnzymeCAGE-master/HPC_Returned_Result_Summaries/enzymecage_m4_e2_full_4681_4gpu_sharded_continuation_20260814/shards/shard_01/per_uid/Q4J8L6/p2rank/Q4J8L6.ds,P2Rank 2.5.1,,,,AFDB structure fetched; P2Rank ran under the approved command contract; no usable top predicted pocket residues were produced or mapped.,False,
Q4J966,97,v6,e9788b4c61068f24db6b116edd5febedb66bedf8617d2cb3923a2c70b96db840,/usrdata/EnzymeCAGE_data/tools/p2rank_2.5.1/prank predict -threads 4 -c alphafold -visualizations 0 -o /root/projects/EnzymeCAGE-master/HPC_Returned_Result_Summaries/enzymecage_m4_e2_full_4681_4gpu_sharded_continuation_20260814/shards/shard_00/per_uid/Q4J966/p2rank/raw /root/projects/EnzymeCAGE-master/HPC_Returned_Result_Summaries/enzymecage_m4_e2_full_4681_4gpu_sharded_continuation_20260814/shards/shard_00/per_uid/Q4J966/p2rank/Q4J966.ds,P2Rank 2.5.1,,,,AFDB structure fetched; P2Rank ran under the approved command contract; no usable top predicted pocket residues were produced or mapped.,False,
Q4KIA7,95,v6,44dddd69f63c0676ced3fdfdde763cfbb42fd92bddccb431e28d68545952e5b2,/usrdata/EnzymeCAGE_data/tools/p2rank_2.5.1/prank predict -threads 4 -c alphafold -visualizations 0 -o /root/projects/EnzymeCAGE-master/HPC_Returned_Result_Summaries/enzymecage_m4_e2_full_4681_4gpu_sharded_continuation_20260814/shards/shard_03/per_uid/Q4KIA7/p2rank/raw /root/projects/EnzymeCAGE-master/HPC_Returned_Result_Summaries/enzymecage_m4_e2_full_4681_4gpu_sharded_continuation_20260814/shards/shard_03/per_uid/Q4KIA7/p2rank/Q4KIA7.ds,P2Rank 2.5.1,,,,AFDB structure fetched; P2Rank ran under the approved command contract; no usable top predicted pocket residues were produced or mapped.,False,
Q4KJ06,100,v6,52eee83048cb364f24b30d490b599cef2f0b42d31ac31384ddf6a790922dc29a,/usrdata/EnzymeCAGE_data/tools/p2rank_2.5.1/prank predict -threads 4 -c alphafold -visualizations 0 -o /root/projects/EnzymeCAGE-master/HPC_Returned_Result_Summaries/enzymecage_m4_e2_full_4681_4gpu_sharded_continuation_20260814/shards/shard_00/per_uid/Q4KJ06/p2rank/raw /root/projects/EnzymeCAGE-master/HPC_Returned_Result_Summaries/enzymecage_m4_e2_full_4681_4gpu_sharded_continuation_20260814/shards/shard_00/per_uid/Q4KJ06/p2rank/Q4KJ06.ds,P2Rank 2.5.1,,,,AFDB structure fetched; P2Rank ran under the approved command contract; no usable top predicted pocket residues were produced or mapped.,False,
Q4KJ09,101,v6,2bcbcafb1fd7fefa1e933f8677b16e607265b417fede1708301fd7cddf006ebd,/usrdata/EnzymeCAGE_data/tools/p2rank_2.5.1/prank predict -threads 4 -c alphafold -visualizations 0 -o /root/projects/EnzymeCAGE-master/HPC_Returned_Result_Summaries/enzymecage_m4_e2_full_4681_4gpu_sharded_continuation_20260814/shards/shard_01/per_uid/Q4KJ09/p2rank/raw /root/projects/EnzymeCAGE-master/HPC_Returned_Result_Summaries/enzymecage_m4_e2_full_4681_4gpu_sharded_continuation_20260814/shards/shard_01/per_uid/Q4KJ09/p2rank/Q4KJ09.ds,P2Rank 2.5.1,,,,AFDB structure fetched; P2Rank ran under the approved command contract; no usable top predicted pocket residues were produced or mapped.,False,
Q4L7L5,100,v6,557d6697f0aa5a1c28d0f379bf68321c29c4b131acdfbd3d52e74782be634645,/usrdata/EnzymeCAGE_data/tools/p2rank_2.5.1/prank predict -threads 4 -c alphafold -visualizations 0 -o /root/projects/EnzymeCAGE-master/HPC_Returned_Result_Summaries/enzymecage_m4_e2_full_4681_4gpu_sharded_continuation_20260814/shards/shard_00/per_uid/Q4L7L5/p2rank/raw /root/projects/EnzymeCAGE-master/HPC_Returned_Result_Summaries/enzymecage_m4_e2_full_4681_4gpu_sharded_continuation_20260814/shards/shard_00/per_uid/Q4L7L5/p2rank/Q4L7L5.ds,P2Rank 2.5.1,,,,AFDB structure fetched; P2Rank ran under the approved command contract; no usable top predicted pocket residues were produced or mapped.,False,
Q4P8G2,89,v6,04dfc84e66da4cb98ab25901c8ec0eaf47607594ea5b713b040919ab0bfae2fd,/usrdata/EnzymeCAGE_data/tools/p2rank_2.5.1/prank predict -threads 4 -c alphafold -visualizations 0 -o /root/projects/EnzymeCAGE-master/HPC_Returned_Result_Summaries/enzymecage_m4_e2_full_4681_4gpu_sharded_continuation_20260814/shards/shard_01/per_uid/Q4P8G2/p2rank/raw /root/projects/EnzymeCAGE-master/HPC_Returned_Result_Summaries/enzymecage_m4_e2_full_4681_4gpu_sharded_continuation_20260814/shards/shard_01/per_uid/Q4P8G2/p2rank/Q4P8G2.ds,P2Rank 2.5.1,,,,AFDB structure fetched; P2Rank ran under the approved command contract; no usable top predicted pocket residues were produced or mapped.,False,
Q4QN07,100,v6,2d08ecf064e5327b71dc337aeea7f8100546ef0c598399f71e76817397724e51,/usrdata/EnzymeCAGE_data/tools/p2rank_2.5.1/prank predict -threads 4 -c alphafold -visualizations 0 -o /root/projects/EnzymeCAGE-master/HPC_Returned_Result_Summaries/enzymecage_m4_e2_full_4681_4gpu_sharded_continuation_20260814/shards/shard_01/per_uid/Q4QN07/p2rank/raw /root/projects/EnzymeCAGE-master/HPC_Returned_Result_Summaries/enzymecage_m4_e2_full_4681_4gpu_sharded_continuation_20260814/shards/shard_01/per_uid/Q4QN07/p2rank/Q4QN07.ds,P2Rank 2.5.1,,,,AFDB structure fetched; P2Rank ran under the approved command contract; no usable top predicted pocket residues were produced or mapped.,False,
Q4URB1,88,v6,e869fdb9be2c0ddb7f8ffbf04808700460f06d9afd5455d3e2fe0de948e1479c,/usrdata/EnzymeCAGE_data/tools/p2rank_2.5.1/prank predict -threads 4 -c alphafold -visualizations 0 -o /root/projects/EnzymeCAGE-master/HPC_Returned_Result_Summaries/enzymecage_m4_e2_full_4681_4gpu_sharded_continuation_20260814/shards/shard_03/per_uid/Q4URB1/p2rank/raw /root/projects/EnzymeCAGE-master/HPC_Returned_Result_Summaries/enzymecage_m4_e2_full_4681_4gpu_sharded_continuation_20260814/shards/shard_03/per_uid/Q4URB1/p2rank/Q4URB1.ds,P2Rank 2.5.1,,,,AFDB structure fetched; P2Rank ran under the approved command contract; no usable top predicted pocket residues were produced or mapped.,False,
Q4WPU8,106,v6,dfa12709311fb11c43de9a8c0b7ac06f6b6205f2577680e3c1ad77f1f3634aeb,/usrdata/EnzymeCAGE_data/tools/p2rank_2.5.1/prank predict -threads 4 -c alphafold -visualizations 0 -o /root/projects/EnzymeCAGE-master/HPC_Returned_Result_Summaries/enzymecage_m4_e2_full_4681_4gpu_sharded_continuation_20260814/shards/shard_01/per_uid/Q4WPU8/p2rank/raw /root/projects/EnzymeCAGE-master/HPC_Returned_Result_Summaries/enzymecage_m4_e2_full_4681_4gpu_sharded_continuation_20260814/shards/shard_01/per_uid/Q4WPU8/p2rank/Q4WPU8.ds,P2Rank 2.5.1,,,,AFDB structure fetched; P2Rank ran under the approved command contract; no usable top predicted pocket residues were produced or mapped.,False,
Q4ZN07,101,v6,f410d122fbd0ab90249b5734bae39c508ca7aed3a66f807da0ef3d2521dddb97,/usrdata/EnzymeCAGE_data/tools/p2rank_2.5.1/prank predict -threads 4 -c alphafold -visualizations 0 -o /root/projects/EnzymeCAGE-master/HPC_Returned_Result_Summaries/enzymecage_m4_e2_full_4681_4gpu_sharded_continuation_20260814/shards/shard_00/per_uid/Q4ZN07/p2rank/raw /root/projects/EnzymeCAGE-master/HPC_Returned_Result_Summaries/enzymecage_m4_e2_full_4681_4gpu_sharded_continuation_20260814/shards/shard_00/per_uid/Q4ZN07/p2rank/Q4ZN07.ds,P2Rank 2.5.1,,,,AFDB structure fetched; P2Rank ran under the approved command contract; no usable top predicted pocket residues were produced or mapped.,False,
Q4ZN10,100,v6,65f893858b8c5d8dd36e25f4d025a675e711f77483ab9a24477b229f9cc659be,/usrdata/EnzymeCAGE_data/tools/p2rank_2.5.1/prank predict -threads 4 -c alphafold -visualizations 0 -o /root/projects/EnzymeCAGE-master/HPC_Returned_Result_Summaries/enzymecage_m4_e2_full_4681_4gpu_sharded_continuation_20260814/shards/shard_01/per_uid/Q4ZN10/p2rank/raw /root/projects/EnzymeCAGE-master/HPC_Returned_Result_Summaries/enzymecage_m4_e2_full_4681_4gpu_sharded_continuation_20260814/shards/shard_01/per_uid/Q4ZN10/p2rank/Q4ZN10.ds,P2Rank 2.5.1,,,,AFDB structure fetched; P2Rank ran under the approved command contract; no usable top predicted pocket residues were produced or mapped.,False,
Q4ZNS8,95,v6,16ea15da4feaebe4211be5dd39a88a9b936bd95426966ba904f51eb960ab2be3,/usrdata/EnzymeCAGE_data/tools/p2rank_2.5.1/prank predict -threads 4 -c alphafold -visualizations 0 -o /root/projects/EnzymeCAGE-master/HPC_Returned_Result_Summaries/enzymecage_m4_e2_full_4681_4gpu_sharded_continuation_20260814/shards/shard_02/per_uid/Q4ZNS8/p2rank/raw /root/projects/EnzymeCAGE-master/HPC_Returned_Result_Summaries/enzymecage_m4_e2_full_4681_4gpu_sharded_continuation_20260814/shards/shard_02/per_uid/Q4ZNS8/p2rank/Q4ZNS8.ds,P2Rank 2.5.1,,,,AFDB structure fetched; P2Rank ran under the approved command contract; no usable top predicted pocket residues were produced or mapped.,False,
Q4ZRI4,102,v6,a0c96b97b01b13f6715b704f8e2672bcdf290c439017de8c15cd5fb271c5c9bd,/usrdata/EnzymeCAGE_data/tools/p2rank_2.5.1/prank predict -threads 4 -c alphafold -visualizations 0 -o /root/projects/EnzymeCAGE-master/HPC_Returned_Result_Summaries/enzymecage_m4_e2_full_4681_4gpu_sharded_continuation_20260814/shards/shard_03/per_uid/Q4ZRI4/p2rank/raw /root/projects/EnzymeCAGE-master/HPC_Returned_Result_Summaries/enzymecage_m4_e2_full_4681_4gpu_sharded_continuation_20260814/shards/shard_03/per_uid/Q4ZRI4/p2rank/Q4ZRI4.ds,P2Rank 2.5.1,,,,AFDB structure fetched; P2Rank ran under the approved command contract; no usable top predicted pocket residues were produced or mapped.,False,
Q50773,68,v6,31f3635cc96558103efff4d853127c49199feebc47ed774bb3acdf7dcc7de04e,/usrdata/EnzymeCAGE_data/tools/p2rank_2.5.1/prank predict -threads 4 -c alphafold -visualizations 0 -o /root/projects/EnzymeCAGE-master/HPC_Returned_Result_Summaries/enzymecage_m4_e2_full_4681_4gpu_sharded_continuation_20260814/shards/shard_00/per_uid/Q50773/p2rank/raw /root/projects/EnzymeCAGE-master/HPC_Returned_Result_Summaries/enzymecage_m4_e2_full_4681_4gpu_sharded_continuation_20260814/shards/shard_00/per_uid/Q50773/p2rank/Q50773.ds,P2Rank 2.5.1,,,,AFDB structure fetched; P2Rank ran under the approved command contract; no usable top predicted pocket residues were produced or mapped.,False,
Q50774,86,v6,cc4eeff8f3198581eeb49bd8a72bb01454311c55708ce9a34ecf6a5daf0d56eb,/usrdata/EnzymeCAGE_data/tools/p2rank_2.5.1/prank predict -threads 4 -c alphafold -visualizations 0 -o /root/projects/EnzymeCAGE-master/HPC_Returned_Result_Summaries/enzymecage_m4_e2_full_4681_4gpu_sharded_continuation_20260814/shards/shard_01/per_uid/Q50774/p2rank/raw /root/projects/EnzymeCAGE-master/HPC_Returned_Result_Summaries/enzymecage_m4_e2_full_4681_4gpu_sharded_continuation_20260814/shards/shard_01/per_uid/Q50774/p2rank/Q50774.ds,P2Rank 2.5.1,,,,AFDB structure fetched; P2Rank ran under the approved command contract; no usable top predicted pocket residues were produced or mapped.,False,
Q50974,79,v6,7fc2546ff5b6e7bb53a54df67391d1803aae1f65cc54a28f704a58f4a6ca2e21,/usrdata/EnzymeCAGE_data/tools/p2rank_2.5.1/prank predict -threads 4 -c alphafold -visualizations 0 -o /root/projects/EnzymeCAGE-master/HPC_Returned_Result_Summaries/enzymecage_m4_e2_full_4681_4gpu_sharded_continuation_20260814/shards/shard_02/per_uid/Q50974/p2rank/raw /root/projects/EnzymeCAGE-master/HPC_Returned_Result_Summaries/enzymecage_m4_e2_full_4681_4gpu_sharded_continuation_20260814/shards/shard_02/per_uid/Q50974/p2rank/Q50974.ds,P2Rank 2.5.1,,,,AFDB structure fetched; P2Rank ran under the approved command contract; no usable top predicted pocket residues were produced or mapped.,False,
Q52524,147,v6,c20171fe72710f39f882e927926d905ac910bfbbc3b2b32bf332c9a5bee51431,/usrdata/EnzymeCAGE_data/tools/p2rank_2.5.1/prank predict -threads 4 -c alphafold -visualizations 0 -o /root/projects/EnzymeCAGE-master/HPC_Returned_Result_Summaries/enzymecage_m4_e2_full_4681_4gpu_sharded_continuation_20260814/shards/shard_03/per_uid/Q52524/p2rank/raw /root/projects/EnzymeCAGE-master/HPC_Returned_Result_Summaries/enzymecage_m4_e2_full_4681_4gpu_sharded_continuation_20260814/shards/shard_03/per_uid/Q52524/p2rank/Q52524.ds,P2Rank 2.5.1,,,,AFDB structure fetched; P2Rank ran under the approved command contract; no usable top predicted pocket residues were produced or mapped.,False,
Q52984,156,v6,924fa9bd5a620d6a9af9db9d4d758946151562ec5015a8784473de2617d393b4,/usrdata/EnzymeCAGE_data/tools/p2rank_2.5.1/prank predict -threads 4 -c alphafold -visualizations 0 -o /root/projects/EnzymeCAGE-master/HPC_Returned_Result_Summaries/enzymecage_m4_e2_full_4681_4gpu_sharded_continuation_20260814/shards/shard_01/per_uid/Q52984/p2rank/raw /root/projects/EnzymeCAGE-master/HPC_Returned_Result_Summaries/enzymecage_m4_e2_full_4681_4gpu_sharded_continuation_20260814/shards/shard_01/per_uid/Q52984/p2rank/Q52984.ds,P2Rank 2.5.1,,,,AFDB structure fetched; P2Rank ran under the approved command contract; no usable top predicted pocket residues were produced or mapped.,False,
Q54PU2,99,v6,439b82b1716627bea6707465735a239c3dcb7ddf89925c8a5ccd3a75c5c5752c,/usrdata/EnzymeCAGE_data/tools/p2rank_2.5.1/prank predict -threads 4 -c alphafold -visualizations 0 -o /root/projects/EnzymeCAGE-master/HPC_Returned_Result_Summaries/enzymecage_m4_e2_full_4681_4gpu_sharded_continuation_20260814/shards/shard_02/per_uid/Q54PU2/p2rank/raw /root/projects/EnzymeCAGE-master/HPC_Returned_Result_Summaries/enzymecage_m4_e2_full_4681_4gpu_sharded_continuation_20260814/shards/shard_02/per_uid/Q54PU2/p2rank/Q54PU2.ds,P2Rank 2.5.1,,,,AFDB structure fetched; P2Rank ran under the approved command contract; no usable top predicted pocket residues were produced or mapped.,False,
Q54RY8,99,v6,eaafd1cd7d3a47e98199437a89c6d98b995cb1b38f0fa449c3bb0f8e01039ceb,/usrdata/EnzymeCAGE_data/tools/p2rank_2.5.1/prank predict -threads 4 -c alphafold -visualizations 0 -o /root/projects/EnzymeCAGE-master/HPC_Returned_Result_Summaries/enzymecage_m4_e2_full_4681_4gpu_sharded_continuation_20260814/shards/shard_03/per_uid/Q54RY8/p2rank/raw /root/projects/EnzymeCAGE-master/HPC_Returned_Result_Summaries/enzymecage_m4_e2_full_4681_4gpu_sharded_continuation_20260814/shards/shard_03/per_uid/Q54RY8/p2rank/Q54RY8.ds,P2Rank 2.5.1,,,,AFDB structure fetched; P2Rank ran under the approved command contract; no usable top predicted pocket residues were produced or mapped.,False,
Q55053,100,v6,29e695312ef37553dcd2f4a20ba8b876ede690788399454073dc6a6c9b39aefb,/usrdata/EnzymeCAGE_data/tools/p2rank_2.5.1/prank predict -threads 4 -c alphafold -visualizations 0 -o /root/projects/EnzymeCAGE-master/HPC_Returned_Result_Summaries/enzymecage_m4_e2_full_4681_4gpu_sharded_continuation_20260814/shards/shard_01/per_uid/Q55053/p2rank/raw /root/projects/EnzymeCAGE-master/HPC_Returned_Result_Summaries/enzymecage_m4_e2_full_4681_4gpu_sharded_continuation_20260814/shards/shard_01/per_uid/Q55053/p2rank/Q55053.ds,P2Rank 2.5.1,,,,AFDB structure fetched; P2Rank ran under the approved command contract; no usable top predicted pocket residues were produced or mapped.,False,
Q55054,103,v6,05fb57d6a851049e1c705b47442d68be3cc22c6190721f7103c17e9618aa7a2b,/usrdata/EnzymeCAGE_data/tools/p2rank_2.5.1/prank predict -threads 4 -c alphafold -visualizations 0 -o /root/projects/EnzymeCAGE-master/HPC_Returned_Result_Summaries/enzymecage_m4_e2_full_4681_4gpu_sharded_continuation_20260814/shards/shard_02/per_uid/Q55054/p2rank/raw /root/projects/EnzymeCAGE-master/HPC_Returned_Result_Summaries/enzymecage_m4_e2_full_4681_4gpu_sharded_continuation_20260814/shards/shard_02/per_uid/Q55054/p2rank/Q55054.ds,P2Rank 2.5.1,,,,AFDB structure fetched; P2Rank ran under the approved command contract; no usable top predicted pocket residues were produced or mapped.,False,
Q55842,100,v6,544f516200db0d920560d3685ef54017efae80123191cb6adc3e02afe74af7c4,/usrdata/EnzymeCAGE_data/tools/p2rank_2.5.1/prank predict -threads 4 -c alphafold -visualizations 0 -o /root/projects/EnzymeCAGE-master/HPC_Returned_Result_Summaries/enzymecage_m4_e2_full_4681_4gpu_sharded_continuation_20260814/shards/shard_03/per_uid/Q55842/p2rank/raw /root/projects/EnzymeCAGE-master/HPC_Returned_Result_Summaries/enzymecage_m4_e2_full_4681_4gpu_sharded_continuation_20260814/shards/shard_03/per_uid/Q55842/p2rank/Q55842.ds,P2Rank 2.5.1,,,,AFDB structure fetched; P2Rank ran under the approved command contract; no usable top predicted pocket residues were produced or mapped.,False,
Q56724,115,v6,53d266788f32be3dc603229b53227367ab4b875618f0dc6c042ddb6844026766,/usrdata/EnzymeCAGE_data/tools/p2rank_2.5.1/prank predict -threads 4 -c alphafold -visualizations 0 -o /root/projects/EnzymeCAGE-master/HPC_Returned_Result_Summaries/enzymecage_m4_e2_full_4681_4gpu_sharded_continuation_20260814/shards/shard_03/per_uid/Q56724/p2rank/raw /root/projects/EnzymeCAGE-master/HPC_Returned_Result_Summaries/enzymecage_m4_e2_full_4681_4gpu_sharded_continuation_20260814/shards/shard_03/per_uid/Q56724/p2rank/Q56724.ds,P2Rank 2.5.1,,,,AFDB structure fetched; P2Rank ran under the approved command contract; no usable top predicted pocket residues were produced or mapped.,False,
Q57111,129,v6,2fc028257bbe16f50b3cb11cc88ef66e206f2da3a3e9cc62ac159b051562ce02,/usrdata/EnzymeCAGE_data/tools/p2rank_2.5.1/prank predict -threads 4 -c alphafold -visualizations 0 -o /root/projects/EnzymeCAGE-master/HPC_Returned_Result_Summaries/enzymecage_m4_e2_full_4681_4gpu_sharded_continuation_20260814/shards/shard_02/per_uid/Q57111/p2rank/raw /root/projects/EnzymeCAGE-master/HPC_Returned_Result_Summaries/enzymecage_m4_e2_full_4681_4gpu_sharded_continuation_20260814/shards/shard_02/per_uid/Q57111/p2rank/Q57111.ds,P2Rank 2.5.1,,,,AFDB structure fetched; P2Rank ran under the approved command contract; no usable top predicted pocket residues were produced or mapped.,False,
Q57490,55,v6,294d06bd112b6ebf0026deb53d313fe80f9ca6de3dc71224b6a0181929de0612,/usrdata/EnzymeCAGE_data/tools/p2rank_2.5.1/prank predict -threads 4 -c alphafold -visualizations 0 -o /root/projects/EnzymeCAGE-master/HPC_Returned_Result_Summaries/enzymecage_m4_e2_full_4681_4gpu_sharded_continuation_20260814/shards/shard_03/per_uid/Q57490/p2rank/raw /root/projects/EnzymeCAGE-master/HPC_Returned_Result_Summaries/enzymecage_m4_e2_full_4681_4gpu_sharded_continuation_20260814/shards/shard_03/per_uid/Q57490/p2rank/Q57490.ds,P2Rank 2.5.1,,,,AFDB structure fetched; P2Rank ran under the approved command contract; no usable top predicted pocket residues were produced or mapped.,False,
Q57CF0,100,v6,99ca3546f0a98886f3c4e48675a3d5bcc8d05d80268ca202b12b7f932dc19fac,/usrdata/EnzymeCAGE_data/tools/p2rank_2.5.1/prank predict -threads 4 -c alphafold -visualizations 0 -o /root/projects/EnzymeCAGE-master/HPC_Returned_Result_Summaries/enzymecage_m4_e2_full_4681_4gpu_sharded_continuation_20260814/shards/shard_00/per_uid/Q57CF0/p2rank/raw /root/projects/EnzymeCAGE-master/HPC_Returned_Result_Summaries/enzymecage_m4_e2_full_4681_4gpu_sharded_continuation_20260814/shards/shard_00/per_uid/Q57CF0/p2rank/Q57CF0.ds,P2Rank 2.5.1,,,,AFDB structure fetched; P2Rank ran under the approved command contract; no usable top predicted pocket residues were produced or mapped.,False,
Q57GJ8,101,v6,267fffaf035d851864407ab7b58611450d2900cf0e0276a97ef9140c0f7a2f6d,/usrdata/EnzymeCAGE_data/tools/p2rank_2.5.1/prank predict -threads 4 -c alphafold -visualizations 0 -o /root/projects/EnzymeCAGE-master/HPC_Returned_Result_Summaries/enzymecage_m4_e2_full_4681_4gpu_sharded_continuation_20260814/shards/shard_01/per_uid/Q57GJ8/p2rank/raw /root/projects/EnzymeCAGE-master/HPC_Returned_Result_Summaries/enzymecage_m4_e2_full_4681_4gpu_sharded_continuation_20260814/shards/shard_01/per_uid/Q57GJ8/p2rank/Q57GJ8.ds,P2Rank 2.5.1,,,,AFDB structure fetched; P2Rank ran under the approved command contract; no usable top predicted pocket residues were produced or mapped.,False,
Q58262,68,v6,cdbd7b1e65c237a44b53050a789421e2261f2eaf3d48262785a85bc028567403,/usrdata/EnzymeCAGE_data/tools/p2rank_2.5.1/prank predict -threads 4 -c alphafold -visualizations 0 -o /root/projects/EnzymeCAGE-master/HPC_Returned_Result_Summaries/enzymecage_m4_e2_full_4681_4gpu_sharded_continuation_20260814/shards/shard_00/per_uid/Q58262/p2rank/raw /root/projects/EnzymeCAGE-master/HPC_Returned_Result_Summaries/enzymecage_m4_e2_full_4681_4gpu_sharded_continuation_20260814/shards/shard_00/per_uid/Q58262/p2rank/Q58262.ds,P2Rank 2.5.1,,,,AFDB structure fetched; P2Rank ran under the approved command contract; no usable top predicted pocket residues were produced or mapped.,False,
Q58263,84,v6,d19aa60ab68b620d6d3d9357fb87bc1fb6cf5b526cdc140c8feab5fbacb2a7b3,/usrdata/EnzymeCAGE_data/tools/p2rank_2.5.1/prank predict -threads 4 -c alphafold -visualizations 0 -o /root/projects/EnzymeCAGE-master/HPC_Returned_Result_Summaries/enzymecage_m4_e2_full_4681_4gpu_sharded_continuation_20260814/shards/shard_01/per_uid/Q58263/p2rank/raw /root/projects/EnzymeCAGE-master/HPC_Returned_Result_Summaries/enzymecage_m4_e2_full_4681_4gpu_sharded_continuation_20260814/shards/shard_01/per_uid/Q58263/p2rank/Q58263.ds,P2Rank 2.5.1,,,,AFDB structure fetched; P2Rank ran under the approved command contract; no usable top predicted pocket residues were produced or mapped.,False,
Q58667,170,v6,0220340a73e83baf528881853671d220f41067c9c77365480020d2cf8ad473c6,/usrdata/EnzymeCAGE_data/tools/p2rank_2.5.1/prank predict -threads 4 -c alphafold -visualizations 0 -o /root/projects/EnzymeCAGE-master/HPC_Returned_Result_Summaries/enzymecage_m4_e2_full_4681_4gpu_sharded_continuation_20260814/shards/shard_03/per_uid/Q58667/p2rank/raw /root/projects/EnzymeCAGE-master/HPC_Returned_Result_Summaries/enzymecage_m4_e2_full_4681_4gpu_sharded_continuation_20260814/shards/shard_03/per_uid/Q58667/p2rank/Q58667.ds,P2Rank 2.5.1,,,,AFDB structure fetched; P2Rank ran under the approved command contract; no usable top predicted pocket residues were produced or mapped.,False,
Q58905,193,v6,dfcf4e697e8b4f7483e5281bd124793297bca8e61373a6ff48dbc19eff986cc5,/usrdata/EnzymeCAGE_data/tools/p2rank_2.5.1/prank predict -threads 4 -c alphafold -visualizations 0 -o /root/projects/EnzymeCAGE-master/HPC_Returned_Result_Summaries/enzymecage_m4_e2_full_4681_4gpu_sharded_continuation_20260814/shards/shard_00/per_uid/Q58905/p2rank/raw /root/projects/EnzymeCAGE-master/HPC_Returned_Result_Summaries/enzymecage_m4_e2_full_4681_4gpu_sharded_continuation_20260814/shards/shard_00/per_uid/Q58905/p2rank/Q58905.ds,P2Rank 2.5.1,,,,AFDB structure fetched; P2Rank ran under the approved command contract; no usable top predicted pocket residues were produced or mapped.,False,
Q59584,100,v6,c13b24978b12aa187a26bcebf40614a2b3e6a46fe303c75c36a9e7a42a7e0557,/usrdata/EnzymeCAGE_data/tools/p2rank_2.5.1/prank predict -threads 4 -c alphafold -visualizations 0 -o /root/projects/EnzymeCAGE-master/HPC_Returned_Result_Summaries/enzymecage_m4_e2_full_4681_4gpu_sharded_continuation_20260814/shards/shard_02/per_uid/Q59584/p2rank/raw /root/projects/EnzymeCAGE-master/HPC_Returned_Result_Summaries/enzymecage_m4_e2_full_4681_4gpu_sharded_continuation_20260814/shards/shard_02/per_uid/Q59584/p2rank/Q59584.ds,P2Rank 2.5.1,,,,AFDB structure fetched; P2Rank ran under the approved command contract; no usable top predicted pocket residues were produced or mapped.,False,
Q59X39,165,v6,159f8cb6cf95ca87bd3e120b331a7879753d8f0733a06459fcdd86e9b527e137,/usrdata/EnzymeCAGE_data/tools/p2rank_2.5.1/prank predict -threads 4 -c alphafold -visualizations 0 -o /root/projects/EnzymeCAGE-master/HPC_Returned_Result_Summaries/enzymecage_m4_e2_full_4681_4gpu_sharded_continuation_20260814/shards/shard_00/per_uid/Q59X39/p2rank/raw /root/projects/EnzymeCAGE-master/HPC_Returned_Result_Summaries/enzymecage_m4_e2_full_4681_4gpu_sharded_continuation_20260814/shards/shard_00/per_uid/Q59X39/p2rank/Q59X39.ds,P2Rank 2.5.1,,,,AFDB structure fetched; P2Rank ran under the approved command contract; no usable top predicted pocket residues were produced or mapped.,False,
Q5F8U7,96,v6,89a584673eaee76296aa859a55d7c789decbfa992ea6970e9b94e661085dae0e,/usrdata/EnzymeCAGE_data/tools/p2rank_2.5.1/prank predict -threads 4 -c alphafold -visualizations 0 -o /root/projects/EnzymeCAGE-master/HPC_Returned_Result_Summaries/enzymecage_m4_e2_full_4681_4gpu_sharded_continuation_20260814/shards/shard_00/per_uid/Q5F8U7/p2rank/raw /root/projects/EnzymeCAGE-master/HPC_Returned_Result_Summaries/enzymecage_m4_e2_full_4681_4gpu_sharded_continuation_20260814/shards/shard_00/per_uid/Q5F8U7/p2rank/Q5F8U7.ds,P2Rank 2.5.1,,,,AFDB structure fetched; P2Rank ran under the approved command contract; no usable top predicted pocket residues were produced or mapped.,False,
Q5FB24,223,v6,ec3bb715a78baa16e2dbc7ca6ed1124106c50c33243eb1ee9308b8c94bc1ff33,/usrdata/EnzymeCAGE_data/tools/p2rank_2.5.1/prank predict -threads 4 -c alphafold -visualizations 0 -o /root/projects/EnzymeCAGE-master/HPC_Returned_Result_Summaries/enzymecage_m4_e2_full_4681_4gpu_sharded_continuation_20260814/shards/shard_00/per_uid/Q5FB24/p2rank/raw /root/projects/EnzymeCAGE-master/HPC_Returned_Result_Summaries/enzymecage_m4_e2_full_4681_4gpu_sharded_continuation_20260814/shards/shard_00/per_uid/Q5FB24/p2rank/Q5FB24.ds,P2Rank 2.5.1,,,,AFDB structure fetched; P2Rank ran under the approved command contract; no usable top predicted pocket residues were produced or mapped.,False,
Q5FND2,95,v6,2c5fefc32f4b75ae075f100162a20f6d50e97a9f3fc5bab293b3e1e365844abb,/usrdata/EnzymeCAGE_data/tools/p2rank_2.5.1/prank predict -threads 4 -c alphafold -visualizations 0 -o /root/projects/EnzymeCAGE-master/HPC_Returned_Result_Summaries/enzymecage_m4_e2_full_4681_4gpu_sharded_continuation_20260814/shards/shard_01/per_uid/Q5FND2/p2rank/raw /root/projects/EnzymeCAGE-master/HPC_Returned_Result_Summaries/enzymecage_m4_e2_full_4681_4gpu_sharded_continuation_20260814/shards/shard_01/per_uid/Q5FND2/p2rank/Q5FND2.ds,P2Rank 2.5.1,,,,AFDB structure fetched; P2Rank ran under the approved command contract; no usable top predicted pocket residues were produced or mapped.,False,
Q5FUG4,208,v6,d213614036282f8c87afcb15385071e00bcb5181a9f80914825612bbe7c8bf37,/usrdata/EnzymeCAGE_data/tools/p2rank_2.5.1/prank predict -threads 4 -c alphafold -visualizations 0 -o /root/projects/EnzymeCAGE-master/HPC_Returned_Result_Summaries/enzymecage_m4_e2_full_4681_4gpu_sharded_continuation_20260814/shards/shard_02/per_uid/Q5FUG4/p2rank/raw /root/projects/EnzymeCAGE-master/HPC_Returned_Result_Summaries/enzymecage_m4_e2_full_4681_4gpu_sharded_continuation_20260814/shards/shard_02/per_uid/Q5FUG4/p2rank/Q5FUG4.ds,P2Rank 2.5.1,,,,AFDB structure fetched; P2Rank ran under the approved command contract; no usable top predicted pocket residues were produced or mapped.,False,
Q5GWQ4,88,v6,96b8bbe6f9c4c79bd6b5766401db188dca37ba8170629cb18d2625b4f8c08de9,/usrdata/EnzymeCAGE_data/tools/p2rank_2.5.1/prank predict -threads 4 -c alphafold -visualizations 0 -o /root/projects/EnzymeCAGE-master/HPC_Returned_Result_Summaries/enzymecage_m4_e2_full_4681_4gpu_sharded_continuation_20260814/shards/shard_03/per_uid/Q5GWQ4/p2rank/raw /root/projects/EnzymeCAGE-master/HPC_Returned_Result_Summaries/enzymecage_m4_e2_full_4681_4gpu_sharded_continuation_20260814/shards/shard_03/per_uid/Q5GWQ4/p2rank/Q5GWQ4.ds,P2Rank 2.5.1,,,,AFDB structure fetched; P2Rank ran under the approved command contract; no usable top predicted pocket residues were produced or mapped.,False,
Q5HDS0,100,v6,a8de73072bd8343181da8e17f5c52227415322154e86bdc9a01166d359ed132a,/usrdata/EnzymeCAGE_data/tools/p2rank_2.5.1/prank predict -threads 4 -c alphafold -visualizations 0 -o /root/projects/EnzymeCAGE-master/HPC_Returned_Result_Summaries/enzymecage_m4_e2_full_4681_4gpu_sharded_continuation_20260814/shards/shard_00/per_uid/Q5HDS0/p2rank/raw /root/projects/EnzymeCAGE-master/HPC_Returned_Result_Summaries/enzymecage_m4_e2_full_4681_4gpu_sharded_continuation_20260814/shards/shard_00/per_uid/Q5HDS0/p2rank/Q5HDS0.ds,P2Rank 2.5.1,,,,AFDB structure fetched; P2Rank ran under the approved command contract; no usable top predicted pocket residues were produced or mapped.,False,
Q5HEM1,100,v6,ee0c1eef29d2b7bcfe1d082786f82650a77f3241c3488d84bf83d8bdff95b8e3,/usrdata/EnzymeCAGE_data/tools/p2rank_2.5.1/prank predict -threads 4 -c alphafold -visualizations 0 -o /root/projects/EnzymeCAGE-master/HPC_Returned_Result_Summaries/enzymecage_m4_e2_full_4681_4gpu_sharded_continuation_20260814/shards/shard_01/per_uid/Q5HEM1/p2rank/raw /root/projects/EnzymeCAGE-master/HPC_Returned_Result_Summaries/enzymecage_m4_e2_full_4681_4gpu_sharded_continuation_20260814/shards/shard_01/per_uid/Q5HEM1/p2rank/Q5HEM1.ds,P2Rank 2.5.1,,,,AFDB structure fetched; P2Rank ran under the approved command contract; no usable top predicted pocket residues were produced or mapped.,False,
Q5HLW3,100,v6,ec2279eb63ce13647b12325e15c252fbec4ac8309267bff3a6dc81f774befff8,/usrdata/EnzymeCAGE_data/tools/p2rank_2.5.1/prank predict -threads 4 -c alphafold -visualizations 0 -o /root/projects/EnzymeCAGE-master/HPC_Returned_Result_Summaries/enzymecage_m4_e2_full_4681_4gpu_sharded_continuation_20260814/shards/shard_02/per_uid/Q5HLW3/p2rank/raw /root/projects/EnzymeCAGE-master/HPC_Returned_Result_Summaries/enzymecage_m4_e2_full_4681_4gpu_sharded_continuation_20260814/shards/shard_02/per_uid/Q5HLW3/p2rank/Q5HLW3.ds,P2Rank 2.5.1,,,,AFDB structure fetched; P2Rank ran under the approved command contract; no usable top predicted pocket residues were produced or mapped.,False,
Q5HN33,100,v6,0c0d655875437b1f7558e3912f5421c522be18a6f69a9d9d6e4bb588bb7bbace,/usrdata/EnzymeCAGE_data/tools/p2rank_2.5.1/prank predict -threads 4 -c alphafold -visualizations 0 -o /root/projects/EnzymeCAGE-master/HPC_Returned_Result_Summaries/enzymecage_m4_e2_full_4681_4gpu_sharded_continuation_20260814/shards/shard_00/per_uid/Q5HN33/p2rank/raw /root/projects/EnzymeCAGE-master/HPC_Returned_Result_Summaries/enzymecage_m4_e2_full_4681_4gpu_sharded_continuation_20260814/shards/shard_00/per_uid/Q5HN33/p2rank/Q5HN33.ds,P2Rank 2.5.1,,,,AFDB structure fetched; P2Rank ran under the approved command contract; no usable top predicted pocket residues were produced or mapped.,False,
Q5HW69,94,v6,0b4c675370ce00e131c7cd1d8752b45f7516187aea0a86947dfb7693470e14ce,/usrdata/EnzymeCAGE_data/tools/p2rank_2.5.1/prank predict -threads 4 -c alphafold -visualizations 0 -o /root/projects/EnzymeCAGE-master/HPC_Returned_Result_Summaries/enzymecage_m4_e2_full_4681_4gpu_sharded_continuation_20260814/shards/shard_03/per_uid/Q5HW69/p2rank/raw /root/projects/EnzymeCAGE-master/HPC_Returned_Result_Summaries/enzymecage_m4_e2_full_4681_4gpu_sharded_continuation_20260814/shards/shard_03/per_uid/Q5HW69/p2rank/Q5HW69.ds,P2Rank 2.5.1,,,,AFDB structure fetched; P2Rank ran under the approved command contract; no usable top predicted pocket residues were produced or mapped.,False,
Q5KYL9,101,v6,72b815eaada22efd008ad12a42d808aaea37903656b8df478c1a28d0001c0dab,/usrdata/EnzymeCAGE_data/tools/p2rank_2.5.1/prank predict -threads 4 -c alphafold -visualizations 0 -o /root/projects/EnzymeCAGE-master/HPC_Returned_Result_Summaries/enzymecage_m4_e2_full_4681_4gpu_sharded_continuation_20260814/shards/shard_03/per_uid/Q5KYL9/p2rank/raw /root/projects/EnzymeCAGE-master/HPC_Returned_Result_Summaries/enzymecage_m4_e2_full_4681_4gpu_sharded_continuation_20260814/shards/shard_03/per_uid/Q5KYL9/p2rank/Q5KYL9.ds,P2Rank 2.5.1,,,,AFDB structure fetched; P2Rank ran under the approved command contract; no usable top predicted pocket residues were produced or mapped.,False,
Q5LM31,97,v6,c0671953b6d3e953899be6f62540cf840904d1e9beb83c9d9c95f6345d5f5115,/usrdata/EnzymeCAGE_data/tools/p2rank_2.5.1/prank predict -threads 4 -c alphafold -visualizations 0 -o /root/projects/EnzymeCAGE-master/HPC_Returned_Result_Summaries/enzymecage_m4_e2_full_4681_4gpu_sharded_continuation_20260814/shards/shard_01/per_uid/Q5LM31/p2rank/raw /root/projects/EnzymeCAGE-master/HPC_Returned_Result_Summaries/enzymecage_m4_e2_full_4681_4gpu_sharded_continuation_20260814/shards/shard_01/per_uid/Q5LM31/p2rank/Q5LM31.ds,P2Rank 2.5.1,,,,AFDB structure fetched; P2Rank ran under the approved command contract; no usable top predicted pocket residues were produced or mapped.,False,
Q5LP79,95,v6,9d8008ee6640b94735e66c3a402e102608af3ce7f54379bb24c21c82df6f6c53,/usrdata/EnzymeCAGE_data/tools/p2rank_2.5.1/prank predict -threads 4 -c alphafold -visualizations 0 -o /root/projects/EnzymeCAGE-master/HPC_Returned_Result_Summaries/enzymecage_m4_e2_full_4681_4gpu_sharded_continuation_20260814/shards/shard_02/per_uid/Q5LP79/p2rank/raw /root/projects/EnzymeCAGE-master/HPC_Returned_Result_Summaries/enzymecage_m4_e2_full_4681_4gpu_sharded_continuation_20260814/shards/shard_02/per_uid/Q5LP79/p2rank/Q5LP79.ds,P2Rank 2.5.1,,,,AFDB structure fetched; P2Rank ran under the approved command contract; no usable top predicted pocket residues were produced or mapped.,False,
Q5LSQ3,101,v6,ee50d64e2143bc69138392b0e80250b483e7ead8a67b931fb5cbe87e5efee042,/usrdata/EnzymeCAGE_data/tools/p2rank_2.5.1/prank predict -threads 4 -c alphafold -visualizations 0 -o /root/projects/EnzymeCAGE-master/HPC_Returned_Result_Summaries/enzymecage_m4_e2_full_4681_4gpu_sharded_continuation_20260814/shards/shard_03/per_uid/Q5LSQ3/p2rank/raw /root/projects/EnzymeCAGE-master/HPC_Returned_Result_Summaries/enzymecage_m4_e2_full_4681_4gpu_sharded_continuation_20260814/shards/shard_03/per_uid/Q5LSQ3/p2rank/Q5LSQ3.ds,P2Rank 2.5.1,,,,AFDB structure fetched; P2Rank ran under the approved command contract; no usable top predicted pocket residues were produced or mapped.,False,
Q5M1G7,103,v6,af7a2c3f6655d5f948f40d080d9a5aebb9b2a80b7f3d80740a6ac572d35eb50c,/usrdata/EnzymeCAGE_data/tools/p2rank_2.5.1/prank predict -threads 4 -c alphafold -visualizations 0 -o /root/projects/EnzymeCAGE-master/HPC_Returned_Result_Summaries/enzymecage_m4_e2_full_4681_4gpu_sharded_continuation_20260814/shards/shard_00/per_uid/Q5M1G7/p2rank/raw /root/projects/EnzymeCAGE-master/HPC_Returned_Result_Summaries/enzymecage_m4_e2_full_4681_4gpu_sharded_continuation_20260814/shards/shard_00/per_uid/Q5M1G7/p2rank/Q5M1G7.ds,P2Rank 2.5.1,,,,AFDB structure fetched; P2Rank ran under the approved command contract; no usable top predicted pocket residues were produced or mapped.,False,
Q5M608,103,v6,f947fd9edbc8947e5d8d7a25a480787bc148a531e7c678dd27f672e40a977b2a,/usrdata/EnzymeCAGE_data/tools/p2rank_2.5.1/prank predict -threads 4 -c alphafold -visualizations 0 -o /root/projects/EnzymeCAGE-master/HPC_Returned_Result_Summaries/enzymecage_m4_e2_full_4681_4gpu_sharded_continuation_20260814/shards/shard_01/per_uid/Q5M608/p2rank/raw /root/projects/EnzymeCAGE-master/HPC_Returned_Result_Summaries/enzymecage_m4_e2_full_4681_4gpu_sharded_continuation_20260814/shards/shard_01/per_uid/Q5M608/p2rank/Q5M608.ds,P2Rank 2.5.1,,,,AFDB structure fetched; P2Rank ran under the approved command contract; no usable top predicted pocket residues were produced or mapped.,False,
Q5M609,100,v6,2525acb893cf052f0004786ff4e0beb4c00520b8235be4cf8fcf31ad17ceed05,/usrdata/EnzymeCAGE_data/tools/p2rank_2.5.1/prank predict -threads 4 -c alphafold -visualizations 0 -o /root/projects/EnzymeCAGE-master/HPC_Returned_Result_Summaries/enzymecage_m4_e2_full_4681_4gpu_sharded_continuation_20260814/shards/shard_02/per_uid/Q5M609/p2rank/raw /root/projects/EnzymeCAGE-master/HPC_Returned_Result_Summaries/enzymecage_m4_e2_full_4681_4gpu_sharded_continuation_20260814/shards/shard_02/per_uid/Q5M609/p2rank/Q5M609.ds,P2Rank 2.5.1,,,,AFDB structure fetched; P2Rank ran under the approved command contract; no usable top predicted pocket residues were produced or mapped.,False,
Q5PGB8,93,v6,72b21229f1f8e5a81fabe592d3f038d6911166df7e3bc35f3ef2d6f399c6bf30,/usrdata/EnzymeCAGE_data/tools/p2rank_2.5.1/prank predict -threads 4 -c alphafold -visualizations 0 -o /root/projects/EnzymeCAGE-master/HPC_Returned_Result_Summaries/enzymecage_m4_e2_full_4681_4gpu_sharded_continuation_20260814/shards/shard_03/per_uid/Q5PGB8/p2rank/raw /root/projects/EnzymeCAGE-master/HPC_Returned_Result_Summaries/enzymecage_m4_e2_full_4681_4gpu_sharded_continuation_20260814/shards/shard_03/per_uid/Q5PGB8/p2rank/Q5PGB8.ds,P2Rank 2.5.1,,,,AFDB structure fetched; P2Rank ran under the approved command contract; no usable top predicted pocket residues were produced or mapped.,False,
Q5PJT2,80,v6,2b7719a9b27ac06917d77c25d23f2e090cc69f45bd2785231d4c23f62a0370a1,/usrdata/EnzymeCAGE_data/tools/p2rank_2.5.1/prank predict -threads 4 -c alphafold -visualizations 0 -o /root/projects/EnzymeCAGE-master/HPC_Returned_Result_Summaries/enzymecage_m4_e2_full_4681_4gpu_sharded_continuation_20260814/shards/shard_00/per_uid/Q5PJT2/p2rank/raw /root/projects/EnzymeCAGE-master/HPC_Returned_Result_Summaries/enzymecage_m4_e2_full_4681_4gpu_sharded_continuation_20260814/shards/shard_00/per_uid/Q5PJT2/p2rank/Q5PJT2.ds,P2Rank 2.5.1,,,,AFDB structure fetched; P2Rank ran under the approved command contract; no usable top predicted pocket residues were produced or mapped.,False,
Q5PKI8,79,v6,a86b40ea17f73c2a951f8f19c7291fcee79f2c686398f4177b89b1f1f29824d7,/usrdata/EnzymeCAGE_data/tools/p2rank_2.5.1/prank predict -threads 4 -c alphafold -visualizations 0 -o /root/projects/EnzymeCAGE-master/HPC_Returned_Result_Summaries/enzymecage_m4_e2_full_4681_4gpu_sharded_continuation_20260814/shards/shard_01/per_uid/Q5PKI8/p2rank/raw /root/projects/EnzymeCAGE-master/HPC_Returned_Result_Summaries/enzymecage_m4_e2_full_4681_4gpu_sharded_continuation_20260814/shards/shard_01/per_uid/Q5PKI8/p2rank/Q5PKI8.ds,P2Rank 2.5.1,,,,AFDB structure fetched; P2Rank ran under the approved command contract; no usable top predicted pocket residues were produced or mapped.,False,
Q5R7K1,117,v6,473b23e4e6d27d3153bc0850f269fc02637f844290d3c5e2c0cc88597ea66e1e,/usrdata/EnzymeCAGE_data/tools/p2rank_2.5.1/prank predict -threads 4 -c alphafold -visualizations 0 -o /root/projects/EnzymeCAGE-master/HPC_Returned_Result_Summaries/enzymecage_m4_e2_full_4681_4gpu_sharded_continuation_20260814/shards/shard_01/per_uid/Q5R7K1/p2rank/raw /root/projects/EnzymeCAGE-master/HPC_Returned_Result_Summaries/enzymecage_m4_e2_full_4681_4gpu_sharded_continuation_20260814/shards/shard_01/per_uid/Q5R7K1/p2rank/Q5R7K1.ds,P2Rank 2.5.1,,,,AFDB structure fetched; P2Rank ran under the approved command contract; no usable top predicted pocket residues were produced or mapped.,False,
Q5R7L8,153,v6,aff46ade79d5920859186945f60d4d8e55a7e0c2ea7e4d7a3d24070ef45e6253,/usrdata/EnzymeCAGE_data/tools/p2rank_2.5.1/prank predict -threads 4 -c alphafold -visualizations 0 -o /root/projects/EnzymeCAGE-master/HPC_Returned_Result_Summaries/enzymecage_m4_e2_full_4681_4gpu_sharded_continuation_20260814/shards/shard_02/per_uid/Q5R7L8/p2rank/raw /root/projects/EnzymeCAGE-master/HPC_Returned_Result_Summaries/enzymecage_m4_e2_full_4681_4gpu_sharded_continuation_20260814/shards/shard_02/per_uid/Q5R7L8/p2rank/Q5R7L8.ds,P2Rank 2.5.1,,,,AFDB structure fetched; P2Rank ran under the approved command contract; no usable top predicted pocket residues were produced or mapped.,False,
Q5R8L6,125,v6,2cf1ddee54c9ab7086895c96cd263f92538ce5c2c00d6ceaf2733db1cb6cf1e4,/usrdata/EnzymeCAGE_data/tools/p2rank_2.5.1/prank predict -threads 4 -c alphafold -visualizations 0 -o /root/projects/EnzymeCAGE-master/HPC_Returned_Result_Summaries/enzymecage_m4_e2_full_4681_4gpu_sharded_continuation_20260814/shards/shard_02/per_uid/Q5R8L6/p2rank/raw /root/projects/EnzymeCAGE-master/HPC_Returned_Result_Summaries/enzymecage_m4_e2_full_4681_4gpu_sharded_continuation_20260814/shards/shard_02/per_uid/Q5R8L6/p2rank/Q5R8L6.ds,P2Rank 2.5.1,,,,AFDB structure fetched; P2Rank ran under the approved command contract; no usable top predicted pocket residues were produced or mapped.,False,
Q5RA61,188,v6,1646b31cb6ef1ec086bf192fe0b79952290d131eb1f3d95a8969d8edd8a58421,/usrdata/EnzymeCAGE_data/tools/p2rank_2.5.1/prank predict -threads 4 -c alphafold -visualizations 0 -o /root/projects/EnzymeCAGE-master/HPC_Returned_Result_Summaries/enzymecage_m4_e2_full_4681_4gpu_sharded_continuation_20260814/shards/shard_00/per_uid/Q5RA61/p2rank/raw /root/projects/EnzymeCAGE-master/HPC_Returned_Result_Summaries/enzymecage_m4_e2_full_4681_4gpu_sharded_continuation_20260814/shards/shard_00/per_uid/Q5RA61/p2rank/Q5RA61.ds,P2Rank 2.5.1,,,,AFDB structure fetched; P2Rank ran under the approved command contract; no usable top predicted pocket residues were produced or mapped.,False,
Q5V1I9,92,v6,b6ed78a8619a8342f975554499f2c4901779f92585833efeee7cb91c055ce080,/usrdata/EnzymeCAGE_data/tools/p2rank_2.5.1/prank predict -threads 4 -c alphafold -visualizations 0 -o /root/projects/EnzymeCAGE-master/HPC_Returned_Result_Summaries/enzymecage_m4_e2_full_4681_4gpu_sharded_continuation_20260814/shards/shard_02/per_uid/Q5V1I9/p2rank/raw /root/projects/EnzymeCAGE-master/HPC_Returned_Result_Summaries/enzymecage_m4_e2_full_4681_4gpu_sharded_continuation_20260814/shards/shard_02/per_uid/Q5V1I9/p2rank/Q5V1I9.ds,P2Rank 2.5.1,,,,AFDB structure fetched; P2Rank ran under the approved command contract; no usable top predicted pocket residues were produced or mapped.,False,
Q5V2Y4,91,v6,06374b6467dd11f78e9ae667b5c7a7e2559938b31722ef8f1a0f7e486563501b,/usrdata/EnzymeCAGE_data/tools/p2rank_2.5.1/prank predict -threads 4 -c alphafold -visualizations 0 -o /root/projects/EnzymeCAGE-master/HPC_Returned_Result_Summaries/enzymecage_m4_e2_full_4681_4gpu_sharded_continuation_20260814/shards/shard_03/per_uid/Q5V2Y4/p2rank/raw /root/projects/EnzymeCAGE-master/HPC_Returned_Result_Summaries/enzymecage_m4_e2_full_4681_4gpu_sharded_continuation_20260814/shards/shard_03/per_uid/Q5V2Y4/p2rank/Q5V2Y4.ds,P2Rank 2.5.1,,,,AFDB structure fetched; P2Rank ran under the approved command contract; no usable top predicted pocket residues were produced or mapped.,False,
Q5YQC8,95,v6,a31b6dfe65d9502c5bc1f16825f878e684f7997dc8b1258799c4ccedd5608080,/usrdata/EnzymeCAGE_data/tools/p2rank_2.5.1/prank predict -threads 4 -c alphafold -visualizations 0 -o /root/projects/EnzymeCAGE-master/HPC_Returned_Result_Summaries/enzymecage_m4_e2_full_4681_4gpu_sharded_continuation_20260814/shards/shard_01/per_uid/Q5YQC8/p2rank/raw /root/projects/EnzymeCAGE-master/HPC_Returned_Result_Summaries/enzymecage_m4_e2_full_4681_4gpu_sharded_continuation_20260814/shards/shard_01/per_uid/Q5YQC8/p2rank/Q5YQC8.ds,P2Rank 2.5.1,,,,AFDB structure fetched; P2Rank ran under the approved command contract; no usable top predicted pocket residues were produced or mapped.,False,
Q5YWR9,108,v6,575ac21b66c3ac063becc42eac7da63bc0e5658cc073805771f1a78bbc63fa91,/usrdata/EnzymeCAGE_data/tools/p2rank_2.5.1/prank predict -threads 4 -c alphafold -visualizations 0 -o /root/projects/EnzymeCAGE-master/HPC_Returned_Result_Summaries/enzymecage_m4_e2_full_4681_4gpu_sharded_continuation_20260814/shards/shard_03/per_uid/Q5YWR9/p2rank/raw /root/projects/EnzymeCAGE-master/HPC_Returned_Result_Summaries/enzymecage_m4_e2_full_4681_4gpu_sharded_continuation_20260814/shards/shard_03/per_uid/Q5YWR9/p2rank/Q5YWR9.ds,P2Rank 2.5.1,,,,AFDB structure fetched; P2Rank ran under the approved command contract; no usable top predicted pocket residues were produced or mapped.,False,
Q5YWS0,100,v6,bbd91b7f29cd893316f9f8c6ed7e7b6720b6121c824bca96b77f2b1bb0b69617,/usrdata/EnzymeCAGE_data/tools/p2rank_2.5.1/prank predict -threads 4 -c alphafold -visualizations 0 -o /root/projects/EnzymeCAGE-master/HPC_Returned_Result_Summaries/enzymecage_m4_e2_full_4681_4gpu_sharded_continuation_20260814/shards/shard_00/per_uid/Q5YWS0/p2rank/raw /root/projects/EnzymeCAGE-master/HPC_Returned_Result_Summaries/enzymecage_m4_e2_full_4681_4gpu_sharded_continuation_20260814/shards/shard_00/per_uid/Q5YWS0/p2rank/Q5YWS0.ds,P2Rank 2.5.1,,,,AFDB structure fetched; P2Rank ran under the approved command contract; no usable top predicted pocket residues were produced or mapped.,False,
Q5ZLR5,272,v6,718db891de2d6eafb44abbfa1535bff8a69f5a436ad782ff0fb772a522a31fa9,/usrdata/EnzymeCAGE_data/tools/p2rank_2.5.1/prank predict -threads 4 -c alphafold -visualizations 0 -o /root/projects/EnzymeCAGE-master/HPC_Returned_Result_Summaries/enzymecage_m4_e2_full_4681_4gpu_sharded_continuation_20260814/shards/shard_02/per_uid/Q5ZLR5/p2rank/raw /root/projects/EnzymeCAGE-master/HPC_Returned_Result_Summaries/enzymecage_m4_e2_full_4681_4gpu_sharded_continuation_20260814/shards/shard_02/per_uid/Q5ZLR5/p2rank/Q5ZLR5.ds,P2Rank 2.5.1,,,,AFDB structure fetched; P2Rank ran under the approved command contract; no usable top predicted pocket residues were produced or mapped.,False,
Q60CK7,95,v6,e1006a7674e5fea399dfc1a47ea2b8cca31a8b20629099da93af6343f10d1d03,/usrdata/EnzymeCAGE_data/tools/p2rank_2.5.1/prank predict -threads 4 -c alphafold -visualizations 0 -o /root/projects/EnzymeCAGE-master/HPC_Returned_Result_Summaries/enzymecage_m4_e2_full_4681_4gpu_sharded_continuation_20260814/shards/shard_00/per_uid/Q60CK7/p2rank/raw /root/projects/EnzymeCAGE-master/HPC_Returned_Result_Summaries/enzymecage_m4_e2_full_4681_4gpu_sharded_continuation_20260814/shards/shard_00/per_uid/Q60CK7/p2rank/Q60CK7.ds,P2Rank 2.5.1,,,,AFDB structure fetched; P2Rank ran under the approved command contract; no usable top predicted pocket residues were produced or mapped.,False,
Q62HS1,101,v6,b506398422ddbf261b5da757127edc96affe63c99352f559191d68eff1e77bb6,/usrdata/EnzymeCAGE_data/tools/p2rank_2.5.1/prank predict -threads 4 -c alphafold -visualizations 0 -o /root/projects/EnzymeCAGE-master/HPC_Returned_Result_Summaries/enzymecage_m4_e2_full_4681_4gpu_sharded_continuation_20260814/shards/shard_03/per_uid/Q62HS1/p2rank/raw /root/projects/EnzymeCAGE-master/HPC_Returned_Result_Summaries/enzymecage_m4_e2_full_4681_4gpu_sharded_continuation_20260814/shards/shard_03/per_uid/Q62HS1/p2rank/Q62HS1.ds,P2Rank 2.5.1,,,,AFDB structure fetched; P2Rank ran under the approved command contract; no usable top predicted pocket residues were produced or mapped.,False,
Q62MR5,99,v6,5aafd654a840fd3d7ec9ab3754b3952c7f8e7503094155419688d88f4cfdeca9,/usrdata/EnzymeCAGE_data/tools/p2rank_2.5.1/prank predict -threads 4 -c alphafold -visualizations 0 -o /root/projects/EnzymeCAGE-master/HPC_Returned_Result_Summaries/enzymecage_m4_e2_full_4681_4gpu_sharded_continuation_20260814/shards/shard_00/per_uid/Q62MR5/p2rank/raw /root/projects/EnzymeCAGE-master/HPC_Returned_Result_Summaries/enzymecage_m4_e2_full_4681_4gpu_sharded_continuation_20260814/shards/shard_00/per_uid/Q62MR5/p2rank/Q62MR5.ds,P2Rank 2.5.1,,,,AFDB structure fetched; P2Rank ran under the approved command contract; no usable top predicted pocket residues were produced or mapped.,False,
Q633L5,130,v6,bbd3547457fb7c4a23b12e46da50ca2fc9b1cd98938cdd7ef7c6fde665b0b903,/usrdata/EnzymeCAGE_data/tools/p2rank_2.5.1/prank predict -threads 4 -c alphafold -visualizations 0 -o /root/projects/EnzymeCAGE-master/HPC_Returned_Result_Summaries/enzymecage_m4_e2_full_4681_4gpu_sharded_continuation_20260814/shards/shard_03/per_uid/Q633L5/p2rank/raw /root/projects/EnzymeCAGE-master/HPC_Returned_Result_Summaries/enzymecage_m4_e2_full_4681_4gpu_sharded_continuation_20260814/shards/shard_03/per_uid/Q633L5/p2rank/Q633L5.ds,P2Rank 2.5.1,,,,AFDB structure fetched; P2Rank ran under the approved command contract; no usable top predicted pocket residues were produced or mapped.,False,
Q63PF1,101,v6,8fc36ea8cf4fde3bfa831ff5193c73c813f1c491eaddc7b55464d83cc8e170f3,/usrdata/EnzymeCAGE_data/tools/p2rank_2.5.1/prank predict -threads 4 -c alphafold -visualizations 0 -o /root/projects/EnzymeCAGE-master/HPC_Returned_Result_Summaries/enzymecage_m4_e2_full_4681_4gpu_sharded_continuation_20260814/shards/shard_00/per_uid/Q63PF1/p2rank/raw /root/projects/EnzymeCAGE-master/HPC_Returned_Result_Summaries/enzymecage_m4_e2_full_4681_4gpu_sharded_continuation_20260814/shards/shard_00/per_uid/Q63PF1/p2rank/Q63PF1.ds,P2Rank 2.5.1,,,,AFDB structure fetched; P2Rank ran under the approved command contract; no usable top predicted pocket residues were produced or mapped.,False,
Q65WL3,88,v6,5f769bb586ac4301b1e7f54e8f8b90ac69f86bc8fe7843d114c50c75320f376a,/usrdata/EnzymeCAGE_data/tools/p2rank_2.5.1/prank predict -threads 4 -c alphafold -visualizations 0 -o /root/projects/EnzymeCAGE-master/HPC_Returned_Result_Summaries/enzymecage_m4_e2_full_4681_4gpu_sharded_continuation_20260814/shards/shard_02/per_uid/Q65WL3/p2rank/raw /root/projects/EnzymeCAGE-master/HPC_Returned_Result_Summaries/enzymecage_m4_e2_full_4681_4gpu_sharded_continuation_20260814/shards/shard_02/per_uid/Q65WL3/p2rank/Q65WL3.ds,P2Rank 2.5.1,,,,AFDB structure fetched; P2Rank ran under the approved command contract; no usable top predicted pocket residues were produced or mapped.,False,
Q669A9,100,v6,09b1c1b7e48d1b3841c26790e284dafa8f12a5e857410f3b560d109df58c8b90,/usrdata/EnzymeCAGE_data/tools/p2rank_2.5.1/prank predict -threads 4 -c alphafold -visualizations 0 -o /root/projects/EnzymeCAGE-master/HPC_Returned_Result_Summaries/enzymecage_m4_e2_full_4681_4gpu_sharded_continuation_20260814/shards/shard_01/per_uid/Q669A9/p2rank/raw /root/projects/EnzymeCAGE-master/HPC_Returned_Result_Summaries/enzymecage_m4_e2_full_4681_4gpu_sharded_continuation_20260814/shards/shard_01/per_uid/Q669A9/p2rank/Q669A9.ds,P2Rank 2.5.1,,,,AFDB structure fetched; P2Rank ran under the approved command contract; no usable top predicted pocket residues were produced or mapped.,False,
Q67KJ1,96,v6,8842b1d8b6000efcc6ee4be97be976e1a3e4ee3dfce7710244f64726fba13bd6,/usrdata/EnzymeCAGE_data/tools/p2rank_2.5.1/prank predict -threads 4 -c alphafold -visualizations 0 -o /root/projects/EnzymeCAGE-master/HPC_Returned_Result_Summaries/enzymecage_m4_e2_full_4681_4gpu_sharded_continuation_20260814/shards/shard_00/per_uid/Q67KJ1/p2rank/raw /root/projects/EnzymeCAGE-master/HPC_Returned_Result_Summaries/enzymecage_m4_e2_full_4681_4gpu_sharded_continuation_20260814/shards/shard_00/per_uid/Q67KJ1/p2rank/Q67KJ1.ds,P2Rank 2.5.1,,,,AFDB structure fetched; P2Rank ran under the approved command contract; no usable top predicted pocket residues were produced or mapped.,False,
Q67MJ3,203,v6,a1912ee7a54a791772c0f7004a9dd55e309d1366507f411605892a040c7a82a7,/usrdata/EnzymeCAGE_data/tools/p2rank_2.5.1/prank predict -threads 4 -c alphafold -visualizations 0 -o /root/projects/EnzymeCAGE-master/HPC_Returned_Result_Summaries/enzymecage_m4_e2_full_4681_4gpu_sharded_continuation_20260814/shards/shard_01/per_uid/Q67MJ3/p2rank/raw /root/projects/EnzymeCAGE-master/HPC_Returned_Result_Summaries/enzymecage_m4_e2_full_4681_4gpu_sharded_continuation_20260814/shards/shard_01/per_uid/Q67MJ3/p2rank/Q67MJ3.ds,P2Rank 2.5.1,,,,AFDB structure fetched; P2Rank ran under the approved command contract; no usable top predicted pocket residues were produced or mapped.,False,
Q69BK5,274,v6,67d97860965b901446d36916f1354b36cffd24c492d95d95b054c887bc039e6a,/usrdata/EnzymeCAGE_data/tools/p2rank_2.5.1/prank predict -threads 4 -c alphafold -visualizations 0 -o /root/projects/EnzymeCAGE-master/HPC_Returned_Result_Summaries/enzymecage_m4_e2_full_4681_4gpu_sharded_continuation_20260814/shards/shard_00/per_uid/Q69BK5/p2rank/raw /root/projects/EnzymeCAGE-master/HPC_Returned_Result_Summaries/enzymecage_m4_e2_full_4681_4gpu_sharded_continuation_20260814/shards/shard_00/per_uid/Q69BK5/p2rank/Q69BK5.ds,P2Rank 2.5.1,,,,AFDB structure fetched; P2Rank ran under the approved command contract; no usable top predicted pocket residues were produced or mapped.,False,
Q69BK6,274,v6,01f00b1931d6f88cf0b38914c25fb04c23cca60a82f16f09b6fc43a5030eae04,/usrdata/EnzymeCAGE_data/tools/p2rank_2.5.1/prank predict -threads 4 -c alphafold -visualizations 0 -o /root/projects/EnzymeCAGE-master/HPC_Returned_Result_Summaries/enzymecage_m4_e2_full_4681_4gpu_sharded_continuation_20260814/shards/shard_01/per_uid/Q69BK6/p2rank/raw /root/projects/EnzymeCAGE-master/HPC_Returned_Result_Summaries/enzymecage_m4_e2_full_4681_4gpu_sharded_continuation_20260814/shards/shard_01/per_uid/Q69BK6/p2rank/Q69BK6.ds,P2Rank 2.5.1,,,,AFDB structure fetched; P2Rank ran under the approved command contract; no usable top predicted pocket residues were produced or mapped.,False,
Q6AF75,87,v6,1342748fa7cb3185a295f432bc0d1893312512fc2ecfdeb337fbecd62a8c1be9,/usrdata/EnzymeCAGE_data/tools/p2rank_2.5.1/prank predict -threads 4 -c alphafold -visualizations 0 -o /root/projects/EnzymeCAGE-master/HPC_Returned_Result_Summaries/enzymecage_m4_e2_full_4681_4gpu_sharded_continuation_20260814/shards/shard_01/per_uid/Q6AF75/p2rank/raw /root/projects/EnzymeCAGE-master/HPC_Returned_Result_Summaries/enzymecage_m4_e2_full_4681_4gpu_sharded_continuation_20260814/shards/shard_01/per_uid/Q6AF75/p2rank/Q6AF75.ds,P2Rank 2.5.1,,,,AFDB structure fetched; P2Rank ran under the approved command contract; no usable top predicted pocket residues were produced or mapped.,False,
Q6AFK6,199,v6,2df62d9988a383bd25650143de158654b12cdb153465dd5705dbba301d986a80,/usrdata/EnzymeCAGE_data/tools/p2rank_2.5.1/prank predict -threads 4 -c alphafold -visualizations 0 -o /root/projects/EnzymeCAGE-master/HPC_Returned_Result_Summaries/enzymecage_m4_e2_full_4681_4gpu_sharded_continuation_20260814/shards/shard_02/per_uid/Q6AFK6/p2rank/raw /root/projects/EnzymeCAGE-master/HPC_Returned_Result_Summaries/enzymecage_m4_e2_full_4681_4gpu_sharded_continuation_20260814/shards/shard_02/per_uid/Q6AFK6/p2rank/Q6AFK6.ds,P2Rank 2.5.1,,,,AFDB structure fetched; P2Rank ran under the approved command contract; no usable top predicted pocket residues were produced or mapped.,False,
Q6AQK0,94,v6,ae326d7c42603c1b10fd93d12f25685b8bb761e1ca8ffd93cf51f7a465d260e9,/usrdata/EnzymeCAGE_data/tools/p2rank_2.5.1/prank predict -threads 4 -c alphafold -visualizations 0 -o /root/projects/EnzymeCAGE-master/HPC_Returned_Result_Summaries/enzymecage_m4_e2_full_4681_4gpu_sharded_continuation_20260814/shards/shard_01/per_uid/Q6AQK0/p2rank/raw /root/projects/EnzymeCAGE-master/HPC_Returned_Result_Summaries/enzymecage_m4_e2_full_4681_4gpu_sharded_continuation_20260814/shards/shard_01/per_uid/Q6AQK0/p2rank/Q6AQK0.ds,P2Rank 2.5.1,,,,AFDB structure fetched; P2Rank ran under the approved command contract; no usable top predicted pocket residues were produced or mapped.,False,
Q6BTW5,71,v6,9c77ab52c2c6c5031934ebefee34c8307c675b6bbad6544ce2ae17aecb83f76d,/usrdata/EnzymeCAGE_data/tools/p2rank_2.5.1/prank predict -threads 4 -c alphafold -visualizations 0 -o /root/projects/EnzymeCAGE-master/HPC_Returned_Result_Summaries/enzymecage_m4_e2_full_4681_4gpu_sharded_continuation_20260814/shards/shard_00/per_uid/Q6BTW5/p2rank/raw /root/projects/EnzymeCAGE-master/HPC_Returned_Result_Summaries/enzymecage_m4_e2_full_4681_4gpu_sharded_continuation_20260814/shards/shard_00/per_uid/Q6BTW5/p2rank/Q6BTW5.ds,P2Rank 2.5.1,,,,AFDB structure fetched; P2Rank ran under the approved command contract; no usable top predicted pocket residues were produced or mapped.,False,
Q6C0G3,69,v6,9bd23f431dedc66f0d2fa07b950d8f449003ede53114ad2c01dd08eff7cf515c,/usrdata/EnzymeCAGE_data/tools/p2rank_2.5.1/prank predict -threads 4 -c alphafold -visualizations 0 -o /root/projects/EnzymeCAGE-master/HPC_Returned_Result_Summaries/enzymecage_m4_e2_full_4681_4gpu_sharded_continuation_20260814/shards/shard_01/per_uid/Q6C0G3/p2rank/raw /root/projects/EnzymeCAGE-master/HPC_Returned_Result_Summaries/enzymecage_m4_e2_full_4681_4gpu_sharded_continuation_20260814/shards/shard_01/per_uid/Q6C0G3/p2rank/Q6C0G3.ds,P2Rank 2.5.1,,,,AFDB structure fetched; P2Rank ran under the approved command contract; no usable top predicted pocket residues were produced or mapped.,False,
Q6CMG4,82,v6,2bc6fbac15df2f3ed495b1a13b0ae2eccd82582360f1d87b0c44b8579ad74c98,/usrdata/EnzymeCAGE_data/tools/p2rank_2.5.1/prank predict -threads 4 -c alphafold -visualizations 0 -o /root/projects/EnzymeCAGE-master/HPC_Returned_Result_Summaries/enzymecage_m4_e2_full_4681_4gpu_sharded_continuation_20260814/shards/shard_03/per_uid/Q6CMG4/p2rank/raw /root/projects/EnzymeCAGE-master/HPC_Returned_Result_Summaries/enzymecage_m4_e2_full_4681_4gpu_sharded_continuation_20260814/shards/shard_03/per_uid/Q6CMG4/p2rank/Q6CMG4.ds,P2Rank 2.5.1,,,,AFDB structure fetched; P2Rank ran under the approved command contract; no usable top predicted pocket residues were produced or mapped.,False,
Q6CQQ2,174,v6,fb94d6a9ff179070f9292075ca7f1a62fdcdd5649101179f7ceb5796dd391fc4,/usrdata/EnzymeCAGE_data/tools/p2rank_2.5.1/prank predict -threads 4 -c alphafold -visualizations 0 -o /root/projects/EnzymeCAGE-master/HPC_Returned_Result_Summaries/enzymecage_m4_e2_full_4681_4gpu_sharded_continuation_20260814/shards/shard_01/per_uid/Q6CQQ2/p2rank/raw /root/projects/EnzymeCAGE-master/HPC_Returned_Result_Summaries/enzymecage_m4_e2_full_4681_4gpu_sharded_continuation_20260814/shards/shard_01/per_uid/Q6CQQ2/p2rank/Q6CQQ2.ds,P2Rank 2.5.1,,,,AFDB structure fetched; P2Rank ran under the approved command contract; no usable top predicted pocket residues were produced or mapped.,False,
Q6FD84,102,v6,f15387058135d16c7213e00361404f259da7f2f3ab0412135cd85a9c55261ef1,/usrdata/EnzymeCAGE_data/tools/p2rank_2.5.1/prank predict -threads 4 -c alphafold -visualizations 0 -o /root/projects/EnzymeCAGE-master/HPC_Returned_Result_Summaries/enzymecage_m4_e2_full_4681_4gpu_sharded_continuation_20260814/shards/shard_00/per_uid/Q6FD84/p2rank/raw /root/projects/EnzymeCAGE-master/HPC_Returned_Result_Summaries/enzymecage_m4_e2_full_4681_4gpu_sharded_continuation_20260814/shards/shard_00/per_uid/Q6FD84/p2rank/Q6FD84.ds,P2Rank 2.5.1,,,,AFDB structure fetched; P2Rank ran under the approved command contract; no usable top predicted pocket residues were produced or mapped.,False,
Q6FD85,100,v6,0268a70de6ef37a62e05cba0f8af067ee5fac2b39cf4c65c7d49b5d99d004706,/usrdata/EnzymeCAGE_data/tools/p2rank_2.5.1/prank predict -threads 4 -c alphafold -visualizations 0 -o /root/projects/EnzymeCAGE-master/HPC_Returned_Result_Summaries/enzymecage_m4_e2_full_4681_4gpu_sharded_continuation_20260814/shards/shard_01/per_uid/Q6FD85/p2rank/raw /root/projects/EnzymeCAGE-master/HPC_Returned_Result_Summaries/enzymecage_m4_e2_full_4681_4gpu_sharded_continuation_20260814/shards/shard_01/per_uid/Q6FD85/p2rank/Q6FD85.ds,P2Rank 2.5.1,,,,AFDB structure fetched; P2Rank ran under the approved command contract; no usable top predicted pocket residues were produced or mapped.,False,
Q6FXS6,82,v6,f3eb0f709864f3ffefbf761e4ddea137d7891753a7e0d4d327b0cb30dfd5a982,/usrdata/EnzymeCAGE_data/tools/p2rank_2.5.1/prank predict -threads 4 -c alphafold -visualizations 0 -o /root/projects/EnzymeCAGE-master/HPC_Returned_Result_Summaries/enzymecage_m4_e2_full_4681_4gpu_sharded_continuation_20260814/shards/shard_02/per_uid/Q6FXS6/p2rank/raw /root/projects/EnzymeCAGE-master/HPC_Returned_Result_Summaries/enzymecage_m4_e2_full_4681_4gpu_sharded_continuation_20260814/shards/shard_02/per_uid/Q6FXS6/p2rank/Q6FXS6.ds,P2Rank 2.5.1,,,,AFDB structure fetched; P2Rank ran under the approved command contract; no usable top predicted pocket residues were produced or mapped.,False,
Q6FZS8,95,v6,6965238ff2329f96aed8ba6333943f923e0106f9d2057975c64b3d401a4ccbe3,/usrdata/EnzymeCAGE_data/tools/p2rank_2.5.1/prank predict -threads 4 -c alphafold -visualizations 0 -o /root/projects/EnzymeCAGE-master/HPC_Returned_Result_Summaries/enzymecage_m4_e2_full_4681_4gpu_sharded_continuation_20260814/shards/shard_01/per_uid/Q6FZS8/p2rank/raw /root/projects/EnzymeCAGE-master/HPC_Returned_Result_Summaries/enzymecage_m4_e2_full_4681_4gpu_sharded_continuation_20260814/shards/shard_01/per_uid/Q6FZS8/p2rank/Q6FZS8.ds,P2Rank 2.5.1,,,,AFDB structure fetched; P2Rank ran under the approved command contract; no usable top predicted pocket residues were produced or mapped.,False,
Q6G3F0,95,v6,e56e31e81f84e4901ab8a9e4c279b4971e42cba672ae68cac28e4ee456df286c,/usrdata/EnzymeCAGE_data/tools/p2rank_2.5.1/prank predict -threads 4 -c alphafold -visualizations 0 -o /root/projects/EnzymeCAGE-master/HPC_Returned_Result_Summaries/enzymecage_m4_e2_full_4681_4gpu_sharded_continuation_20260814/shards/shard_03/per_uid/Q6G3F0/p2rank/raw /root/projects/EnzymeCAGE-master/HPC_Returned_Result_Summaries/enzymecage_m4_e2_full_4681_4gpu_sharded_continuation_20260814/shards/shard_03/per_uid/Q6G3F0/p2rank/Q6G3F0.ds,P2Rank 2.5.1,,,,AFDB structure fetched; P2Rank ran under the approved command contract; no usable top predicted pocket residues were produced or mapped.,False,
Q6G734,100,v6,208c991124c68d2e726a12f9828d2911d838b7fe7cd3ce9283939da1cedf5939,/usrdata/EnzymeCAGE_data/tools/p2rank_2.5.1/prank predict -threads 4 -c alphafold -visualizations 0 -o /root/projects/EnzymeCAGE-master/HPC_Returned_Result_Summaries/enzymecage_m4_e2_full_4681_4gpu_sharded_continuation_20260814/shards/shard_00/per_uid/Q6G734/p2rank/raw /root/projects/EnzymeCAGE-master/HPC_Returned_Result_Summaries/enzymecage_m4_e2_full_4681_4gpu_sharded_continuation_20260814/shards/shard_00/per_uid/Q6G734/p2rank/Q6G734.ds,P2Rank 2.5.1,,,,AFDB structure fetched; P2Rank ran under the approved command contract; no usable top predicted pocket residues were produced or mapped.,False,
Q6G832,100,v6,f6ecdc7faf209b0ab3e8ff548796e8b39b92251b45094ad9c0307e8c50db5d50,/usrdata/EnzymeCAGE_data/tools/p2rank_2.5.1/prank predict -threads 4 -c alphafold -visualizations 0 -o /root/projects/EnzymeCAGE-master/HPC_Returned_Result_Summaries/enzymecage_m4_e2_full_4681_4gpu_sharded_continuation_20260814/shards/shard_01/per_uid/Q6G832/p2rank/raw /root/projects/EnzymeCAGE-master/HPC_Returned_Result_Summaries/enzymecage_m4_e2_full_4681_4gpu_sharded_continuation_20260814/shards/shard_01/per_uid/Q6G832/p2rank/Q6G832.ds,P2Rank 2.5.1,,,,AFDB structure fetched; P2Rank ran under the approved command contract; no usable top predicted pocket residues were produced or mapped.,False,
Q6GEE6,100,v6,007d3d217cc1ff08471ed47f985819dbff19a295fafa01d9d0c9f8af4df0c399,/usrdata/EnzymeCAGE_data/tools/p2rank_2.5.1/prank predict -threads 4 -c alphafold -visualizations 0 -o /root/projects/EnzymeCAGE-master/HPC_Returned_Result_Summaries/enzymecage_m4_e2_full_4681_4gpu_sharded_continuation_20260814/shards/shard_02/per_uid/Q6GEE6/p2rank/raw /root/projects/EnzymeCAGE-master/HPC_Returned_Result_Summaries/enzymecage_m4_e2_full_4681_4gpu_sharded_continuation_20260814/shards/shard_02/per_uid/Q6GEE6/p2rank/Q6GEE6.ds,P2Rank 2.5.1,,,,AFDB structure fetched; P2Rank ran under the approved command contract; no usable top predicted pocket residues were produced or mapped.,False,
Q6GI26,96,v6,32f68840eea1cfb3df175a1b6e2fd2b522252252694230107520c58bfd1a5534,/usrdata/EnzymeCAGE_data/tools/p2rank_2.5.1/prank predict -threads 4 -c alphafold -visualizations 0 -o /root/projects/EnzymeCAGE-master/HPC_Returned_Result_Summaries/enzymecage_m4_e2_full_4681_4gpu_sharded_continuation_20260814/shards/shard_01/per_uid/Q6GI26/p2rank/raw /root/projects/EnzymeCAGE-master/HPC_Returned_Result_Summaries/enzymecage_m4_e2_full_4681_4gpu_sharded_continuation_20260814/shards/shard_01/per_uid/Q6GI26/p2rank/Q6GI26.ds,P2Rank 2.5.1,,,,AFDB structure fetched; P2Rank ran under the approved command contract; no usable top predicted pocket residues were produced or mapped.,False,
Q6LWX1,122,v6,8e63acc552bdb82dc115c18e0d12c3d008bed7b3a6a6fb8a8d547b794010a967,/usrdata/EnzymeCAGE_data/tools/p2rank_2.5.1/prank predict -threads 4 -c alphafold -visualizations 0 -o /root/projects/EnzymeCAGE-master/HPC_Returned_Result_Summaries/enzymecage_m4_e2_full_4681_4gpu_sharded_continuation_20260814/shards/shard_03/per_uid/Q6LWX1/p2rank/raw /root/projects/EnzymeCAGE-master/HPC_Returned_Result_Summaries/enzymecage_m4_e2_full_4681_4gpu_sharded_continuation_20260814/shards/shard_03/per_uid/Q6LWX1/p2rank/Q6LWX1.ds,P2Rank 2.5.1,,,,AFDB structure fetched; P2Rank ran under the approved command contract; no usable top predicted pocket residues were produced or mapped.,False,
Q6LWY8,74,v6,2f8d154774ea76f1c66eeac1e1446780cbc787d54df06647a1ded12881acce1b,/usrdata/EnzymeCAGE_data/tools/p2rank_2.5.1/prank predict -threads 4 -c alphafold -visualizations 0 -o /root/projects/EnzymeCAGE-master/HPC_Returned_Result_Summaries/enzymecage_m4_e2_full_4681_4gpu_sharded_continuation_20260814/shards/shard_00/per_uid/Q6LWY8/p2rank/raw /root/projects/EnzymeCAGE-master/HPC_Returned_Result_Summaries/enzymecage_m4_e2_full_4681_4gpu_sharded_continuation_20260814/shards/shard_00/per_uid/Q6LWY8/p2rank/Q6LWY8.ds,P2Rank 2.5.1,,,,AFDB structure fetched; P2Rank ran under the approved command contract; no usable top predicted pocket residues were produced or mapped.,False,
Q6N1Y8,129,v6,dd6e38c56d412c3cc4e55722a73e0854b124e0309943862f5e111e2ba248ef0a,/usrdata/EnzymeCAGE_data/tools/p2rank_2.5.1/prank predict -threads 4 -c alphafold -visualizations 0 -o /root/projects/EnzymeCAGE-master/HPC_Returned_Result_Summaries/enzymecage_m4_e2_full_4681_4gpu_sharded_continuation_20260814/shards/shard_01/per_uid/Q6N1Y8/p2rank/raw /root/projects/EnzymeCAGE-master/HPC_Returned_Result_Summaries/enzymecage_m4_e2_full_4681_4gpu_sharded_continuation_20260814/shards/shard_01/per_uid/Q6N1Y8/p2rank/Q6N1Y8.ds,P2Rank 2.5.1,,,,AFDB structure fetched; P2Rank ran under the approved command contract; no usable top predicted pocket residues were produced or mapped.,False,
Q6N3N0,100,v6,d0520f877a3707017f68eb7bb5ec606d1b78112324b4f21bb5d9ecb14243cb6c,/usrdata/EnzymeCAGE_data/tools/p2rank_2.5.1/prank predict -threads 4 -c alphafold -visualizations 0 -o /root/projects/EnzymeCAGE-master/HPC_Returned_Result_Summaries/enzymecage_m4_e2_full_4681_4gpu_sharded_continuation_20260814/shards/shard_02/per_uid/Q6N3N0/p2rank/raw /root/projects/EnzymeCAGE-master/HPC_Returned_Result_Summaries/enzymecage_m4_e2_full_4681_4gpu_sharded_continuation_20260814/shards/shard_02/per_uid/Q6N3N0/p2rank/Q6N3N0.ds,P2Rank 2.5.1,,,,AFDB structure fetched; P2Rank ran under the approved command contract; no usable top predicted pocket residues were produced or mapped.,False,
Q6N571,95,v6,04bd0da2cf4e7984f744f30d773341b658e792711a036fb8f8289c92ef5944f2,/usrdata/EnzymeCAGE_data/tools/p2rank_2.5.1/prank predict -threads 4 -c alphafold -visualizations 0 -o /root/projects/EnzymeCAGE-master/HPC_Returned_Result_Summaries/enzymecage_m4_e2_full_4681_4gpu_sharded_continuation_20260814/shards/shard_03/per_uid/Q6N571/p2rank/raw /root/projects/EnzymeCAGE-master/HPC_Returned_Result_Summaries/enzymecage_m4_e2_full_4681_4gpu_sharded_continuation_20260814/shards/shard_03/per_uid/Q6N571/p2rank/Q6N571.ds,P2Rank 2.5.1,,,,AFDB structure fetched; P2Rank ran under the approved command contract; no usable top predicted pocket residues were produced or mapped.,False,
Q6PBI4,582,v6,e40ccc67490116a7e1132f506aa102acd02fde376d58be7d293314199f452d42,/usrdata/EnzymeCAGE_data/tools/p2rank_2.5.1/prank predict -threads 4 -c alphafold -visualizations 0 -o /root/projects/EnzymeCAGE-master/HPC_Returned_Result_Summaries/enzymecage_m4_e2_full_4681_4gpu_sharded_continuation_20260814/shards/shard_03/per_uid/Q6PBI4/p2rank/raw /root/projects/EnzymeCAGE-master/HPC_Returned_Result_Summaries/enzymecage_m4_e2_full_4681_4gpu_sharded_continuation_20260814/shards/shard_03/per_uid/Q6PBI4/p2rank/Q6PBI4.ds,P2Rank 2.5.1,,,,AFDB structure fetched; P2Rank ran under the approved command contract; no usable top predicted pocket residues were produced or mapped.,False,
Q6T627,60,v6,ced1b81d5f36b9addeffc70f9e49a885907d88f2064f856bee1aad0f495d7008,/usrdata/EnzymeCAGE_data/tools/p2rank_2.5.1/prank predict -threads 4 -c alphafold -visualizations 0 -o /root/projects/EnzymeCAGE-master/HPC_Returned_Result_Summaries/enzymecage_m4_e2_full_4681_4gpu_sharded_continuation_20260814/shards/shard_01/per_uid/Q6T627/p2rank/raw /root/projects/EnzymeCAGE-master/HPC_Returned_Result_Summaries/enzymecage_m4_e2_full_4681_4gpu_sharded_continuation_20260814/shards/shard_01/per_uid/Q6T627/p2rank/Q6T627.ds,P2Rank 2.5.1,,,,AFDB structure fetched; P2Rank ran under the approved command contract; no usable top predicted pocket residues were produced or mapped.,False,
Q6UR53,100,v6,eff891cfd6141c60d5552ad666051e0b03d1d971c2efff54f56b49998bba3579,/usrdata/EnzymeCAGE_data/tools/p2rank_2.5.1/prank predict -threads 4 -c alphafold -visualizations 0 -o /root/projects/EnzymeCAGE-master/HPC_Returned_Result_Summaries/enzymecage_m4_e2_full_4681_4gpu_sharded_continuation_20260814/shards/shard_02/per_uid/Q6UR53/p2rank/raw /root/projects/EnzymeCAGE-master/HPC_Returned_Result_Summaries/enzymecage_m4_e2_full_4681_4gpu_sharded_continuation_20260814/shards/shard_02/per_uid/Q6UR53/p2rank/Q6UR53.ds,P2Rank 2.5.1,,,,AFDB structure fetched; P2Rank ran under the approved command contract; no usable top predicted pocket residues were produced or mapped.,False,
Q72SC4,96,v6,aa834b7c63234ef899d9491de727246fc7cb1e4eac163e33658e2dd9af75140d,/usrdata/EnzymeCAGE_data/tools/p2rank_2.5.1/prank predict -threads 4 -c alphafold -visualizations 0 -o /root/projects/EnzymeCAGE-master/HPC_Returned_Result_Summaries/enzymecage_m4_e2_full_4681_4gpu_sharded_continuation_20260814/shards/shard_01/per_uid/Q72SC4/p2rank/raw /root/projects/EnzymeCAGE-master/HPC_Returned_Result_Summaries/enzymecage_m4_e2_full_4681_4gpu_sharded_continuation_20260814/shards/shard_01/per_uid/Q72SC4/p2rank/Q72SC4.ds,P2Rank 2.5.1,,,,AFDB structure fetched; P2Rank ran under the approved command contract; no usable top predicted pocket residues were produced or mapped.,False,
Q733J4,100,v6,b9c747f823da0fb132df57554b5195392e09247bd081550ac9714ad18b70b21f,/usrdata/EnzymeCAGE_data/tools/p2rank_2.5.1/prank predict -threads 4 -c alphafold -visualizations 0 -o /root/projects/EnzymeCAGE-master/HPC_Returned_Result_Summaries/enzymecage_m4_e2_full_4681_4gpu_sharded_continuation_20260814/shards/shard_02/per_uid/Q733J4/p2rank/raw /root/projects/EnzymeCAGE-master/HPC_Returned_Result_Summaries/enzymecage_m4_e2_full_4681_4gpu_sharded_continuation_20260814/shards/shard_02/per_uid/Q733J4/p2rank/Q733J4.ds,P2Rank 2.5.1,,,,AFDB structure fetched; P2Rank ran under the approved command contract; no usable top predicted pocket residues were produced or mapped.,False,
Q74ES0,91,v6,656c84e1e9d9127a4b566baf4b880425cadfad9b99be2c11bb7576c542806706,/usrdata/EnzymeCAGE_data/tools/p2rank_2.5.1/prank predict -threads 4 -c alphafold -visualizations 0 -o /root/projects/EnzymeCAGE-master/HPC_Returned_Result_Summaries/enzymecage_m4_e2_full_4681_4gpu_sharded_continuation_20260814/shards/shard_01/per_uid/Q74ES0/p2rank/raw /root/projects/EnzymeCAGE-master/HPC_Returned_Result_Summaries/enzymecage_m4_e2_full_4681_4gpu_sharded_continuation_20260814/shards/shard_01/per_uid/Q74ES0/p2rank/Q74ES0.ds,P2Rank 2.5.1,,,,AFDB structure fetched; P2Rank ran under the approved command contract; no usable top predicted pocket residues were produced or mapped.,False,
Q74Z32,82,v6,74ac1cdd5eec9f3f41d51f3e0a8705a649f88c7f1b26481f6a41396bae48ee9b,/usrdata/EnzymeCAGE_data/tools/p2rank_2.5.1/prank predict -threads 4 -c alphafold -visualizations 0 -o /root/projects/EnzymeCAGE-master/HPC_Returned_Result_Summaries/enzymecage_m4_e2_full_4681_4gpu_sharded_continuation_20260814/shards/shard_03/per_uid/Q74Z32/p2rank/raw /root/projects/EnzymeCAGE-master/HPC_Returned_Result_Summaries/enzymecage_m4_e2_full_4681_4gpu_sharded_continuation_20260814/shards/shard_03/per_uid/Q74Z32/p2rank/Q74Z32.ds,P2Rank 2.5.1,,,,AFDB structure fetched; P2Rank ran under the approved command contract; no usable top predicted pocket residues were produced or mapped.,False,
Q79FR5,100,v6,e1d19559f334a96401e3eed571d61a53922cae13c5d6fc738761373b3d57d998,/usrdata/EnzymeCAGE_data/tools/p2rank_2.5.1/prank predict -threads 4 -c alphafold -visualizations 0 -o /root/projects/EnzymeCAGE-master/HPC_Returned_Result_Summaries/enzymecage_m4_e2_full_4681_4gpu_sharded_continuation_20260814/shards/shard_03/per_uid/Q79FR5/p2rank/raw /root/projects/EnzymeCAGE-master/HPC_Returned_Result_Summaries/enzymecage_m4_e2_full_4681_4gpu_sharded_continuation_20260814/shards/shard_03/per_uid/Q79FR5/p2rank/Q79FR5.ds,P2Rank 2.5.1,,,,AFDB structure fetched; P2Rank ran under the approved command contract; no usable top predicted pocket residues were produced or mapped.,False,
Q7CNT2,101,v6,365f617911616c067d792f3e9258f665a02a2330a4f94d71fa85dfa86a53bf4f,/usrdata/EnzymeCAGE_data/tools/p2rank_2.5.1/prank predict -threads 4 -c alphafold -visualizations 0 -o /root/projects/EnzymeCAGE-master/HPC_Returned_Result_Summaries/enzymecage_m4_e2_full_4681_4gpu_sharded_continuation_20260814/shards/shard_00/per_uid/Q7CNT2/p2rank/raw /root/projects/EnzymeCAGE-master/HPC_Returned_Result_Summaries/enzymecage_m4_e2_full_4681_4gpu_sharded_continuation_20260814/shards/shard_00/per_uid/Q7CNT2/p2rank/Q7CNT2.ds,P2Rank 2.5.1,,,,AFDB structure fetched; P2Rank ran under the approved command contract; no usable top predicted pocket residues were produced or mapped.,False,
Q7LZG2,27,v6,fde0494ec88dece9dfb66ff78fd61914ac87d5976eef04256e265d3859f198db,/usrdata/EnzymeCAGE_data/tools/p2rank_2.5.1/prank predict -threads 4 -c alphafold -visualizations 0 -o /root/projects/EnzymeCAGE-master/HPC_Returned_Result_Summaries/enzymecage_m4_e2_full_4681_4gpu_sharded_continuation_20260814/shards/shard_03/per_uid/Q7LZG2/p2rank/raw /root/projects/EnzymeCAGE-master/HPC_Returned_Result_Summaries/enzymecage_m4_e2_full_4681_4gpu_sharded_continuation_20260814/shards/shard_03/per_uid/Q7LZG2/p2rank/Q7LZG2.ds,P2Rank 2.5.1,,,,AFDB structure fetched; P2Rank ran under the approved command contract; no usable top predicted pocket residues were produced or mapped.,False,
Q7LZG3,34,v6,ce571ed54e9d45fd94480f557fbb65763781589b8aee2b8b002c42e46b54d642,/usrdata/EnzymeCAGE_data/tools/p2rank_2.5.1/prank predict -threads 4 -c alphafold -visualizations 0 -o /root/projects/EnzymeCAGE-master/HPC_Returned_Result_Summaries/enzymecage_m4_e2_full_4681_4gpu_sharded_continuation_20260814/shards/shard_00/per_uid/Q7LZG3/p2rank/raw /root/projects/EnzymeCAGE-master/HPC_Returned_Result_Summaries/enzymecage_m4_e2_full_4681_4gpu_sharded_continuation_20260814/shards/shard_00/per_uid/Q7LZG3/p2rank/Q7LZG3.ds,P2Rank 2.5.1,,,,AFDB structure fetched; P2Rank ran under the approved command contract; no usable top predicted pocket residues were produced or mapped.,False,
Q7LZG5,20,v6,feb465d7126327b926f36506afc4fe65560b4644b1bccc93c020f0495e6c5bc9,/usrdata/EnzymeCAGE_data/tools/p2rank_2.5.1/prank predict -threads 4 -c alphafold -visualizations 0 -o /root/projects/EnzymeCAGE-master/HPC_Returned_Result_Summaries/enzymecage_m4_e2_full_4681_4gpu_sharded_continuation_20260814/shards/shard_01/per_uid/Q7LZG5/p2rank/raw /root/projects/EnzymeCAGE-master/HPC_Returned_Result_Summaries/enzymecage_m4_e2_full_4681_4gpu_sharded_continuation_20260814/shards/shard_01/per_uid/Q7LZG5/p2rank/Q7LZG5.ds,P2Rank 2.5.1,,,,AFDB structure fetched; P2Rank ran under the approved command contract; no usable top predicted pocket residues were produced or mapped.,False,
Q7LZQ6,31,v6,6536fa11679a415ef7a514d9a3c949969d4ba0e872e59cb317980d1f6f1fea57,/usrdata/EnzymeCAGE_data/tools/p2rank_2.5.1/prank predict -threads 4 -c alphafold -visualizations 0 -o /root/projects/EnzymeCAGE-master/HPC_Returned_Result_Summaries/enzymecage_m4_e2_full_4681_4gpu_sharded_continuation_20260814/shards/shard_02/per_uid/Q7LZQ6/p2rank/raw /root/projects/EnzymeCAGE-master/HPC_Returned_Result_Summaries/enzymecage_m4_e2_full_4681_4gpu_sharded_continuation_20260814/shards/shard_02/per_uid/Q7LZQ6/p2rank/Q7LZQ6.ds,P2Rank 2.5.1,,,,AFDB structure fetched; P2Rank ran under the approved command contract; no usable top predicted pocket residues were produced or mapped.,False,
Q7M485,35,v6,25f6ff16647f110b60530c37c71bd96a5df5e4cded2aeaf2183e86d351961101,/usrdata/EnzymeCAGE_data/tools/p2rank_2.5.1/prank predict -threads 4 -c alphafold -visualizations 0 -o /root/projects/EnzymeCAGE-master/HPC_Returned_Result_Summaries/enzymecage_m4_e2_full_4681_4gpu_sharded_continuation_20260814/shards/shard_03/per_uid/Q7M485/p2rank/raw /root/projects/EnzymeCAGE-master/HPC_Returned_Result_Summaries/enzymecage_m4_e2_full_4681_4gpu_sharded_continuation_20260814/shards/shard_03/per_uid/Q7M485/p2rank/Q7M485.ds,P2Rank 2.5.1,,,,AFDB structure fetched; P2Rank ran under the approved command contract; no usable top predicted pocket residues were produced or mapped.,False,
Q7MHR9,85,v6,751273b30c2a6d3459a21b811dbd08ecdcf4f81595e16591da9ba61d1643a7bb,/usrdata/EnzymeCAGE_data/tools/p2rank_2.5.1/prank predict -threads 4 -c alphafold -visualizations 0 -o /root/projects/EnzymeCAGE-master/HPC_Returned_Result_Summaries/enzymecage_m4_e2_full_4681_4gpu_sharded_continuation_20260814/shards/shard_00/per_uid/Q7MHR9/p2rank/raw /root/projects/EnzymeCAGE-master/HPC_Returned_Result_Summaries/enzymecage_m4_e2_full_4681_4gpu_sharded_continuation_20260814/shards/shard_00/per_uid/Q7MHR9/p2rank/Q7MHR9.ds,P2Rank 2.5.1,,,,AFDB structure fetched; P2Rank ran under the approved command contract; no usable top predicted pocket residues were produced or mapped.,False,
Q7MSD5,96,v6,741745127cd3802b6ffd1812724435c2df18e056ecc0235fa31462e164628eef,/usrdata/EnzymeCAGE_data/tools/p2rank_2.5.1/prank predict -threads 4 -c alphafold -visualizations 0 -o /root/projects/EnzymeCAGE-master/HPC_Returned_Result_Summaries/enzymecage_m4_e2_full_4681_4gpu_sharded_continuation_20260814/shards/shard_01/per_uid/Q7MSD5/p2rank/raw /root/projects/EnzymeCAGE-master/HPC_Returned_Result_Summaries/enzymecage_m4_e2_full_4681_4gpu_sharded_continuation_20260814/shards/shard_01/per_uid/Q7MSD5/p2rank/Q7MSD5.ds,P2Rank 2.5.1,,,,AFDB structure fetched; P2Rank ran under the approved command contract; no usable top predicted pocket residues were produced or mapped.,False,
Q7N2J6,100,v6,b3d06958ae6f10d623d4c9c60777a288d1ef356abf001efa8743181d3b38b74b,/usrdata/EnzymeCAGE_data/tools/p2rank_2.5.1/prank predict -threads 4 -c alphafold -visualizations 0 -o /root/projects/EnzymeCAGE-master/HPC_Returned_Result_Summaries/enzymecage_m4_e2_full_4681_4gpu_sharded_continuation_20260814/shards/shard_02/per_uid/Q7N2J6/p2rank/raw /root/projects/EnzymeCAGE-master/HPC_Returned_Result_Summaries/enzymecage_m4_e2_full_4681_4gpu_sharded_continuation_20260814/shards/shard_02/per_uid/Q7N2J6/p2rank/Q7N2J6.ds,P2Rank 2.5.1,,,,AFDB structure fetched; P2Rank ran under the approved command contract; no usable top predicted pocket residues were produced or mapped.,False,
Q7SC15,82,v6,7606fb35760740e3c8f75f7f2cf9cb154c4e76fdf4f3d8ac9d69250f18cf8173,/usrdata/EnzymeCAGE_data/tools/p2rank_2.5.1/prank predict -threads 4 -c alphafold -visualizations 0 -o /root/projects/EnzymeCAGE-master/HPC_Returned_Result_Summaries/enzymecage_m4_e2_full_4681_4gpu_sharded_continuation_20260814/shards/shard_01/per_uid/Q7SC15/p2rank/raw /root/projects/EnzymeCAGE-master/HPC_Returned_Result_Summaries/enzymecage_m4_e2_full_4681_4gpu_sharded_continuation_20260814/shards/shard_01/per_uid/Q7SC15/p2rank/Q7SC15.ds,P2Rank 2.5.1,,,,AFDB structure fetched; P2Rank ran under the approved command contract; no usable top predicted pocket residues were produced or mapped.,False,
Q7TUN4,97,v6,8edb7002de0265c026199b8238f026153c3e5240d8b55e1206b180a2e7d05223,/usrdata/EnzymeCAGE_data/tools/p2rank_2.5.1/prank predict -threads 4 -c alphafold -visualizations 0 -o /root/projects/EnzymeCAGE-master/HPC_Returned_Result_Summaries/enzymecage_m4_e2_full_4681_4gpu_sharded_continuation_20260814/shards/shard_01/per_uid/Q7TUN4/p2rank/raw /root/projects/EnzymeCAGE-master/HPC_Returned_Result_Summaries/enzymecage_m4_e2_full_4681_4gpu_sharded_continuation_20260814/shards/shard_01/per_uid/Q7TUN4/p2rank/Q7TUN4.ds,P2Rank 2.5.1,,,,AFDB structure fetched; P2Rank ran under the approved command contract; no usable top predicted pocket residues were produced or mapped.,False,
Q7U3I5,100,v6,dea31be8020cef729b0399a27fd5705593df05c843007d4d5d311216445604ff,/usrdata/EnzymeCAGE_data/tools/p2rank_2.5.1/prank predict -threads 4 -c alphafold -visualizations 0 -o /root/projects/EnzymeCAGE-master/HPC_Returned_Result_Summaries/enzymecage_m4_e2_full_4681_4gpu_sharded_continuation_20260814/shards/shard_00/per_uid/Q7U3I5/p2rank/raw /root/projects/EnzymeCAGE-master/HPC_Returned_Result_Summaries/enzymecage_m4_e2_full_4681_4gpu_sharded_continuation_20260814/shards/shard_00/per_uid/Q7U3I5/p2rank/Q7U3I5.ds,P2Rank 2.5.1,,,,AFDB structure fetched; P2Rank ran under the approved command contract; no usable top predicted pocket residues were produced or mapped.,False,
Q7U4L7,128,v6,fcce4609948203b8057579ca152c5efdaded64af145c8cdc00e67b1d6c2208e7,/usrdata/EnzymeCAGE_data/tools/p2rank_2.5.1/prank predict -threads 4 -c alphafold -visualizations 0 -o /root/projects/EnzymeCAGE-master/HPC_Returned_Result_Summaries/enzymecage_m4_e2_full_4681_4gpu_sharded_continuation_20260814/shards/shard_01/per_uid/Q7U4L7/p2rank/raw /root/projects/EnzymeCAGE-master/HPC_Returned_Result_Summaries/enzymecage_m4_e2_full_4681_4gpu_sharded_continuation_20260814/shards/shard_01/per_uid/Q7U4L7/p2rank/Q7U4L7.ds,P2Rank 2.5.1,,,,AFDB structure fetched; P2Rank ran under the approved command contract; no usable top predicted pocket residues were produced or mapped.,False,
Q7U9G6,97,v6,bda8b843d800e078cd1597b297aedfe502f4bef37cbb10d8cd1056029c5b088b,/usrdata/EnzymeCAGE_data/tools/p2rank_2.5.1/prank predict -threads 4 -c alphafold -visualizations 0 -o /root/projects/EnzymeCAGE-master/HPC_Returned_Result_Summaries/enzymecage_m4_e2_full_4681_4gpu_sharded_continuation_20260814/shards/shard_02/per_uid/Q7U9G6/p2rank/raw /root/projects/EnzymeCAGE-master/HPC_Returned_Result_Summaries/enzymecage_m4_e2_full_4681_4gpu_sharded_continuation_20260814/shards/shard_02/per_uid/Q7U9G6/p2rank/Q7U9G6.ds,P2Rank 2.5.1,,,,AFDB structure fetched; P2Rank ran under the approved command contract; no usable top predicted pocket residues were produced or mapped.,False,
Q7V3V3,105,v6,626536dd298c1059fa4ba58512df3c61aaa0c46e0a62bda528628cd79ad7c1dc,/usrdata/EnzymeCAGE_data/tools/p2rank_2.5.1/prank predict -threads 4 -c alphafold -visualizations 0 -o /root/projects/EnzymeCAGE-master/HPC_Returned_Result_Summaries/enzymecage_m4_e2_full_4681_4gpu_sharded_continuation_20260814/shards/shard_03/per_uid/Q7V3V3/p2rank/raw /root/projects/EnzymeCAGE-master/HPC_Returned_Result_Summaries/enzymecage_m4_e2_full_4681_4gpu_sharded_continuation_20260814/shards/shard_03/per_uid/Q7V3V3/p2rank/Q7V3V3.ds,P2Rank 2.5.1,,,,AFDB structure fetched; P2Rank ran under the approved command contract; no usable top predicted pocket residues were produced or mapped.,False,
Q7V689,96,v6,601ec30875d7a734bf37d6a99f8b66d998f10bea3a4106ad58998c708d1ebbad,/usrdata/EnzymeCAGE_data/tools/p2rank_2.5.1/prank predict -threads 4 -c alphafold -visualizations 0 -o /root/projects/EnzymeCAGE-master/HPC_Returned_Result_Summaries/enzymecage_m4_e2_full_4681_4gpu_sharded_continuation_20260814/shards/shard_00/per_uid/Q7V689/p2rank/raw /root/projects/EnzymeCAGE-master/HPC_Returned_Result_Summaries/enzymecage_m4_e2_full_4681_4gpu_sharded_continuation_20260814/shards/shard_00/per_uid/Q7V689/p2rank/Q7V689.ds,P2Rank 2.5.1,,,,AFDB structure fetched; P2Rank ran under the approved command contract; no usable top predicted pocket residues were produced or mapped.,False,
Q7V9U7,123,v6,331a37d672f2158ac3caed4af9ee4181e19d1f949b6ad085315c10f722985521,/usrdata/EnzymeCAGE_data/tools/p2rank_2.5.1/prank predict -threads 4 -c alphafold -visualizations 0 -o /root/projects/EnzymeCAGE-master/HPC_Returned_Result_Summaries/enzymecage_m4_e2_full_4681_4gpu_sharded_continuation_20260814/shards/shard_01/per_uid/Q7V9U7/p2rank/raw /root/projects/EnzymeCAGE-master/HPC_Returned_Result_Summaries/enzymecage_m4_e2_full_4681_4gpu_sharded_continuation_20260814/shards/shard_01/per_uid/Q7V9U7/p2rank/Q7V9U7.ds,P2Rank 2.5.1,,,,AFDB structure fetched; P2Rank ran under the approved command contract; no usable top predicted pocket residues were produced or mapped.,False,
Q7VQJ9,204,v6,365dd00583ad6f737e74d45de093cfac978a55bad4f9065e3298bbffa4b86f49,/usrdata/EnzymeCAGE_data/tools/p2rank_2.5.1/prank predict -threads 4 -c alphafold -visualizations 0 -o /root/projects/EnzymeCAGE-master/HPC_Returned_Result_Summaries/enzymecage_m4_e2_full_4681_4gpu_sharded_continuation_20260814/shards/shard_00/per_uid/Q7VQJ9/p2rank/raw /root/projects/EnzymeCAGE-master/HPC_Returned_Result_Summaries/enzymecage_m4_e2_full_4681_4gpu_sharded_continuation_20260814/shards/shard_00/per_uid/Q7VQJ9/p2rank/Q7VQJ9.ds,P2Rank 2.5.1,,,,AFDB structure fetched; P2Rank ran under the approved command contract; no usable top predicted pocket residues were produced or mapped.,False,
Q7VRS4,100,v6,6eb2989898efa61cd645cc2a4d827c34f95aae1710ab45ef9d0ab58bb9dd71e2,/usrdata/EnzymeCAGE_data/tools/p2rank_2.5.1/prank predict -threads 4 -c alphafold -visualizations 0 -o /root/projects/EnzymeCAGE-master/HPC_Returned_Result_Summaries/enzymecage_m4_e2_full_4681_4gpu_sharded_continuation_20260814/shards/shard_02/per_uid/Q7VRS4/p2rank/raw /root/projects/EnzymeCAGE-master/HPC_Returned_Result_Summaries/enzymecage_m4_e2_full_4681_4gpu_sharded_continuation_20260814/shards/shard_02/per_uid/Q7VRS4/p2rank/Q7VRS4.ds,P2Rank 2.5.1,,,,AFDB structure fetched; P2Rank ran under the approved command contract; no usable top predicted pocket residues were produced or mapped.,False,
Q7VRW1,100,v6,03ab2751fb2867d7c1b0a0d2055842e9945dddd7e6e010ff0a77743492462849,/usrdata/EnzymeCAGE_data/tools/p2rank_2.5.1/prank predict -threads 4 -c alphafold -visualizations 0 -o /root/projects/EnzymeCAGE-master/HPC_Returned_Result_Summaries/enzymecage_m4_e2_full_4681_4gpu_sharded_continuation_20260814/shards/shard_03/per_uid/Q7VRW1/p2rank/raw /root/projects/EnzymeCAGE-master/HPC_Returned_Result_Summaries/enzymecage_m4_e2_full_4681_4gpu_sharded_continuation_20260814/shards/shard_03/per_uid/Q7VRW1/p2rank/Q7VRW1.ds,P2Rank 2.5.1,,,,AFDB structure fetched; P2Rank ran under the approved command contract; no usable top predicted pocket residues were produced or mapped.,False,
Q7VSN1,102,v6,599a6abe77a6ad1109840e8f5f7899e3e4094d3f37cde94889179391bbb895d4,/usrdata/EnzymeCAGE_data/tools/p2rank_2.5.1/prank predict -threads 4 -c alphafold -visualizations 0 -o /root/projects/EnzymeCAGE-master/HPC_Returned_Result_Summaries/enzymecage_m4_e2_full_4681_4gpu_sharded_continuation_20260814/shards/shard_00/per_uid/Q7VSN1/p2rank/raw /root/projects/EnzymeCAGE-master/HPC_Returned_Result_Summaries/enzymecage_m4_e2_full_4681_4gpu_sharded_continuation_20260814/shards/shard_00/per_uid/Q7VSN1/p2rank/Q7VSN1.ds,P2Rank 2.5.1,,,,AFDB structure fetched; P2Rank ran under the approved command contract; no usable top predicted pocket residues were produced or mapped.,False,
Q7VUD0,100,v6,624a12aae35be693cdcc70f884e7ac405517651a9c2a61f4f348b5042fd56e2c,/usrdata/EnzymeCAGE_data/tools/p2rank_2.5.1/prank predict -threads 4 -c alphafold -visualizations 0 -o /root/projects/EnzymeCAGE-master/HPC_Returned_Result_Summaries/enzymecage_m4_e2_full_4681_4gpu_sharded_continuation_20260814/shards/shard_01/per_uid/Q7VUD0/p2rank/raw /root/projects/EnzymeCAGE-master/HPC_Returned_Result_Summaries/enzymecage_m4_e2_full_4681_4gpu_sharded_continuation_20260814/shards/shard_01/per_uid/Q7VUD0/p2rank/Q7VUD0.ds,P2Rank 2.5.1,,,,AFDB structure fetched; P2Rank ran under the approved command contract; no usable top predicted pocket residues were produced or mapped.,False,
Q7VZP5,102,v6,d4483e8737642766803d07ea0149898e9c48dc8e4e6bd5f83b6881dc117586fb,/usrdata/EnzymeCAGE_data/tools/p2rank_2.5.1/prank predict -threads 4 -c alphafold -visualizations 0 -o /root/projects/EnzymeCAGE-master/HPC_Returned_Result_Summaries/enzymecage_m4_e2_full_4681_4gpu_sharded_continuation_20260814/shards/shard_02/per_uid/Q7VZP5/p2rank/raw /root/projects/EnzymeCAGE-master/HPC_Returned_Result_Summaries/enzymecage_m4_e2_full_4681_4gpu_sharded_continuation_20260814/shards/shard_02/per_uid/Q7VZP5/p2rank/Q7VZP5.ds,P2Rank 2.5.1,,,,AFDB structure fetched; P2Rank ran under the approved command contract; no usable top predicted pocket residues were produced or mapped.,False,
Q7W3H8,102,v6,d9d86fad8d32661fa57ba97b29a34339b4fd29f2545d9b87e46be42b9960d1d2,/usrdata/EnzymeCAGE_data/tools/p2rank_2.5.1/prank predict -threads 4 -c alphafold -visualizations 0 -o /root/projects/EnzymeCAGE-master/HPC_Returned_Result_Summaries/enzymecage_m4_e2_full_4681_4gpu_sharded_continuation_20260814/shards/shard_03/per_uid/Q7W3H8/p2rank/raw /root/projects/EnzymeCAGE-master/HPC_Returned_Result_Summaries/enzymecage_m4_e2_full_4681_4gpu_sharded_continuation_20260814/shards/shard_03/per_uid/Q7W3H8/p2rank/Q7W3H8.ds,P2Rank 2.5.1,,,,AFDB structure fetched; P2Rank ran under the approved command contract; no usable top predicted pocket residues were produced or mapped.,False,
Q7WEV2,102,v6,a604847b6f84d63f39435e7ffd320d1dad5c2018c6ffe33e2162e18d8c554ef1,/usrdata/EnzymeCAGE_data/tools/p2rank_2.5.1/prank predict -threads 4 -c alphafold -visualizations 0 -o /root/projects/EnzymeCAGE-master/HPC_Returned_Result_Summaries/enzymecage_m4_e2_full_4681_4gpu_sharded_continuation_20260814/shards/shard_00/per_uid/Q7WEV2/p2rank/raw /root/projects/EnzymeCAGE-master/HPC_Returned_Result_Summaries/enzymecage_m4_e2_full_4681_4gpu_sharded_continuation_20260814/shards/shard_00/per_uid/Q7WEV2/p2rank/Q7WEV2.ds,P2Rank 2.5.1,,,,AFDB structure fetched; P2Rank ran under the approved command contract; no usable top predicted pocket residues were produced or mapped.,False,
Q7WG14,113,v6,9ed037d710104de9c9466b596ec9ef8e7971e139a3d30c26d18d204d79efa518,/usrdata/EnzymeCAGE_data/tools/p2rank_2.5.1/prank predict -threads 4 -c alphafold -visualizations 0 -o /root/projects/EnzymeCAGE-master/HPC_Returned_Result_Summaries/enzymecage_m4_e2_full_4681_4gpu_sharded_continuation_20260814/shards/shard_01/per_uid/Q7WG14/p2rank/raw /root/projects/EnzymeCAGE-master/HPC_Returned_Result_Summaries/enzymecage_m4_e2_full_4681_4gpu_sharded_continuation_20260814/shards/shard_01/per_uid/Q7WG14/p2rank/Q7WG14.ds,P2Rank 2.5.1,,,,AFDB structure fetched; P2Rank ran under the approved command contract; no usable top predicted pocket residues were produced or mapped.,False,
Q817G9,130,v6,ac0312721d94baac81a1b7de539cd42971b2823324c1d5db8e83e00e3383b009,/usrdata/EnzymeCAGE_data/tools/p2rank_2.5.1/prank predict -threads 4 -c alphafold -visualizations 0 -o /root/projects/EnzymeCAGE-master/HPC_Returned_Result_Summaries/enzymecage_m4_e2_full_4681_4gpu_sharded_continuation_20260814/shards/shard_02/per_uid/Q817G9/p2rank/raw /root/projects/EnzymeCAGE-master/HPC_Returned_Result_Summaries/enzymecage_m4_e2_full_4681_4gpu_sharded_continuation_20260814/shards/shard_02/per_uid/Q817G9/p2rank/Q817G9.ds,P2Rank 2.5.1,,,,AFDB structure fetched; P2Rank ran under the approved command contract; no usable top predicted pocket residues were produced or mapped.,False,
Q826S0,103,v6,b8e498934d687ccbc81a86282a79814b5d1708cc11207476ebaf75c1a1dce2ec,/usrdata/EnzymeCAGE_data/tools/p2rank_2.5.1/prank predict -threads 4 -c alphafold -visualizations 0 -o /root/projects/EnzymeCAGE-master/HPC_Returned_Result_Summaries/enzymecage_m4_e2_full_4681_4gpu_sharded_continuation_20260814/shards/shard_00/per_uid/Q826S0/p2rank/raw /root/projects/EnzymeCAGE-master/HPC_Returned_Result_Summaries/enzymecage_m4_e2_full_4681_4gpu_sharded_continuation_20260814/shards/shard_00/per_uid/Q826S0/p2rank/Q826S0.ds,P2Rank 2.5.1,,,,AFDB structure fetched; P2Rank ran under the approved command contract; no usable top predicted pocket residues were produced or mapped.,False,
Q826S1,100,v6,b828cf3df60054e4c6c13ff929a240b603696c72ba1db7f4224f87dccbfd5242,/usrdata/EnzymeCAGE_data/tools/p2rank_2.5.1/prank predict -threads 4 -c alphafold -visualizations 0 -o /root/projects/EnzymeCAGE-master/HPC_Returned_Result_Summaries/enzymecage_m4_e2_full_4681_4gpu_sharded_continuation_20260814/shards/shard_01/per_uid/Q826S1/p2rank/raw /root/projects/EnzymeCAGE-master/HPC_Returned_Result_Summaries/enzymecage_m4_e2_full_4681_4gpu_sharded_continuation_20260814/shards/shard_01/per_uid/Q826S1/p2rank/Q826S1.ds,P2Rank 2.5.1,,,,AFDB structure fetched; P2Rank ran under the approved command contract; no usable top predicted pocket residues were produced or mapped.,False,
Q82DT1,129,v6,749cd3461545862766d173b220858c64b0269f55e308a51fae5f3328076987f2,/usrdata/EnzymeCAGE_data/tools/p2rank_2.5.1/prank predict -threads 4 -c alphafold -visualizations 0 -o /root/projects/EnzymeCAGE-master/HPC_Returned_Result_Summaries/enzymecage_m4_e2_full_4681_4gpu_sharded_continuation_20260814/shards/shard_02/per_uid/Q82DT1/p2rank/raw /root/projects/EnzymeCAGE-master/HPC_Returned_Result_Summaries/enzymecage_m4_e2_full_4681_4gpu_sharded_continuation_20260814/shards/shard_02/per_uid/Q82DT1/p2rank/Q82DT1.ds,P2Rank 2.5.1,,,,AFDB structure fetched; P2Rank ran under the approved command contract; no usable top predicted pocket residues were produced or mapped.,False,
Q82JK9,98,v6,34f7d777f4d2ff4871ae996b4d1a2317069e6ace84ca6ba9e6b9e14e178ce226,/usrdata/EnzymeCAGE_data/tools/p2rank_2.5.1/prank predict -threads 4 -c alphafold -visualizations 0 -o /root/projects/EnzymeCAGE-master/HPC_Returned_Result_Summaries/enzymecage_m4_e2_full_4681_4gpu_sharded_continuation_20260814/shards/shard_03/per_uid/Q82JK9/p2rank/raw /root/projects/EnzymeCAGE-master/HPC_Returned_Result_Summaries/enzymecage_m4_e2_full_4681_4gpu_sharded_continuation_20260814/shards/shard_03/per_uid/Q82JK9/p2rank/Q82JK9.ds,P2Rank 2.5.1,,,,AFDB structure fetched; P2Rank ran under the approved command contract; no usable top predicted pocket residues were produced or mapped.,False,
Q82JR9,197,v6,c6eed0f9830d4404ffd162d41390d36dbecae005bc4916059f136e487b478e5f,/usrdata/EnzymeCAGE_data/tools/p2rank_2.5.1/prank predict -threads 4 -c alphafold -visualizations 0 -o /root/projects/EnzymeCAGE-master/HPC_Returned_Result_Summaries/enzymecage_m4_e2_full_4681_4gpu_sharded_continuation_20260814/shards/shard_00/per_uid/Q82JR9/p2rank/raw /root/projects/EnzymeCAGE-master/HPC_Returned_Result_Summaries/enzymecage_m4_e2_full_4681_4gpu_sharded_continuation_20260814/shards/shard_00/per_uid/Q82JR9/p2rank/Q82JR9.ds,P2Rank 2.5.1,,,,AFDB structure fetched; P2Rank ran under the approved command contract; no usable top predicted pocket residues were produced or mapped.,False,
Q82M02,101,v6,58e0462239998b3a640518982af9fd784ef0b192c13fe1b4a5a32a96dbf6864f,/usrdata/EnzymeCAGE_data/tools/p2rank_2.5.1/prank predict -threads 4 -c alphafold -visualizations 0 -o /root/projects/EnzymeCAGE-master/HPC_Returned_Result_Summaries/enzymecage_m4_e2_full_4681_4gpu_sharded_continuation_20260814/shards/shard_02/per_uid/Q82M02/p2rank/raw /root/projects/EnzymeCAGE-master/HPC_Returned_Result_Summaries/enzymecage_m4_e2_full_4681_4gpu_sharded_continuation_20260814/shards/shard_02/per_uid/Q82M02/p2rank/Q82M02.ds,P2Rank 2.5.1,,,,AFDB structure fetched; P2Rank ran under the approved command contract; no usable top predicted pocket residues were produced or mapped.,False,
Q82T57,95,v6,38cd7b93ca6757f8694b5bf17bbc67fd3c1a45b4955cc7151d9016f321661f0d,/usrdata/EnzymeCAGE_data/tools/p2rank_2.5.1/prank predict -threads 4 -c alphafold -visualizations 0 -o /root/projects/EnzymeCAGE-master/HPC_Returned_Result_Summaries/enzymecage_m4_e2_full_4681_4gpu_sharded_continuation_20260814/shards/shard_03/per_uid/Q82T57/p2rank/raw /root/projects/EnzymeCAGE-master/HPC_Returned_Result_Summaries/enzymecage_m4_e2_full_4681_4gpu_sharded_continuation_20260814/shards/shard_03/per_uid/Q82T57/p2rank/Q82T57.ds,P2Rank 2.5.1,,,,AFDB structure fetched; P2Rank ran under the approved command contract; no usable top predicted pocket residues were produced or mapped.,False,
Q83U21,100,v6,e7bc5695e014f424dcc82cbcdf55e529d25131a4aeaf075d2288c35249b1b525,/usrdata/EnzymeCAGE_data/tools/p2rank_2.5.1/prank predict -threads 4 -c alphafold -visualizations 0 -o /root/projects/EnzymeCAGE-master/HPC_Returned_Result_Summaries/enzymecage_m4_e2_full_4681_4gpu_sharded_continuation_20260814/shards/shard_03/per_uid/Q83U21/p2rank/raw /root/projects/EnzymeCAGE-master/HPC_Returned_Result_Summaries/enzymecage_m4_e2_full_4681_4gpu_sharded_continuation_20260814/shards/shard_03/per_uid/Q83U21/p2rank/Q83U21.ds,P2Rank 2.5.1,,,,AFDB structure fetched; P2Rank ran under the approved command contract; no usable top predicted pocket residues were produced or mapped.,False,
Q86BL4,148,v6,9fb7d820a25067444249cb3dd5d31727ae84b453bdaaa73c7c0a508fcb90c415,/usrdata/EnzymeCAGE_data/tools/p2rank_2.5.1/prank predict -threads 4 -c alphafold -visualizations 0 -o /root/projects/EnzymeCAGE-master/HPC_Returned_Result_Summaries/enzymecage_m4_e2_full_4681_4gpu_sharded_continuation_20260814/shards/shard_00/per_uid/Q86BL4/p2rank/raw /root/projects/EnzymeCAGE-master/HPC_Returned_Result_Summaries/enzymecage_m4_e2_full_4681_4gpu_sharded_continuation_20260814/shards/shard_00/per_uid/Q86BL4/p2rank/Q86BL4.ds,P2Rank 2.5.1,,,,AFDB structure fetched; P2Rank ran under the approved command contract; no usable top predicted pocket residues were produced or mapped.,False,
Q87LR6,85,v6,a532d7ae0a1e4215b7e3beaafff13acab38eea8130e45edb24d40acd5770b365,/usrdata/EnzymeCAGE_data/tools/p2rank_2.5.1/prank predict -threads 4 -c alphafold -visualizations 0 -o /root/projects/EnzymeCAGE-master/HPC_Returned_Result_Summaries/enzymecage_m4_e2_full_4681_4gpu_sharded_continuation_20260814/shards/shard_00/per_uid/Q87LR6/p2rank/raw /root/projects/EnzymeCAGE-master/HPC_Returned_Result_Summaries/enzymecage_m4_e2_full_4681_4gpu_sharded_continuation_20260814/shards/shard_00/per_uid/Q87LR6/p2rank/Q87LR6.ds,P2Rank 2.5.1,,,,AFDB structure fetched; P2Rank ran under the approved command contract; no usable top predicted pocket residues were produced or mapped.,False,
Q87VP1,102,v6,324de3fe90701f87da1805891083846fda1789ff9303e90f2cebfdb17ad7dcad,/usrdata/EnzymeCAGE_data/tools/p2rank_2.5.1/prank predict -threads 4 -c alphafold -visualizations 0 -o /root/projects/EnzymeCAGE-master/HPC_Returned_Result_Summaries/enzymecage_m4_e2_full_4681_4gpu_sharded_continuation_20260814/shards/shard_01/per_uid/Q87VP1/p2rank/raw /root/projects/EnzymeCAGE-master/HPC_Returned_Result_Summaries/enzymecage_m4_e2_full_4681_4gpu_sharded_continuation_20260814/shards/shard_01/per_uid/Q87VP1/p2rank/Q87VP1.ds,P2Rank 2.5.1,,,,AFDB structure fetched; P2Rank ran under the approved command contract; no usable top predicted pocket residues were produced or mapped.,False,
Q87VP4,100,v6,db9e192d5474e69bada2cf52cfaa13fc5029ea421d37a3ccbf5b7fddeb752495,/usrdata/EnzymeCAGE_data/tools/p2rank_2.5.1/prank predict -threads 4 -c alphafold -visualizations 0 -o /root/projects/EnzymeCAGE-master/HPC_Returned_Result_Summaries/enzymecage_m4_e2_full_4681_4gpu_sharded_continuation_20260814/shards/shard_02/per_uid/Q87VP4/p2rank/raw /root/projects/EnzymeCAGE-master/HPC_Returned_Result_Summaries/enzymecage_m4_e2_full_4681_4gpu_sharded_continuation_20260814/shards/shard_02/per_uid/Q87VP4/p2rank/Q87VP4.ds,P2Rank 2.5.1,,,,AFDB structure fetched; P2Rank ran under the approved command contract; no usable top predicted pocket residues were produced or mapped.,False,
Q87WS0,95,v6,31616507f35413990b02f8debb27fa4019cbde64e45090cfa9715565cf7cfc9c,/usrdata/EnzymeCAGE_data/tools/p2rank_2.5.1/prank predict -threads 4 -c alphafold -visualizations 0 -o /root/projects/EnzymeCAGE-master/HPC_Returned_Result_Summaries/enzymecage_m4_e2_full_4681_4gpu_sharded_continuation_20260814/shards/shard_03/per_uid/Q87WS0/p2rank/raw /root/projects/EnzymeCAGE-master/HPC_Returned_Result_Summaries/enzymecage_m4_e2_full_4681_4gpu_sharded_continuation_20260814/shards/shard_03/per_uid/Q87WS0/p2rank/Q87WS0.ds,P2Rank 2.5.1,,,,AFDB structure fetched; P2Rank ran under the approved command contract; no usable top predicted pocket residues were produced or mapped.,False,
Q87ZQ0,102,v6,0c3639e05d52bc367f83f56d91520f969c3a809942fae9c7aa1943d63fe2b920,/usrdata/EnzymeCAGE_data/tools/p2rank_2.5.1/prank predict -threads 4 -c alphafold -visualizations 0 -o /root/projects/EnzymeCAGE-master/HPC_Returned_Result_Summaries/enzymecage_m4_e2_full_4681_4gpu_sharded_continuation_20260814/shards/shard_00/per_uid/Q87ZQ0/p2rank/raw /root/projects/EnzymeCAGE-master/HPC_Returned_Result_Summaries/enzymecage_m4_e2_full_4681_4gpu_sharded_continuation_20260814/shards/shard_00/per_uid/Q87ZQ0/p2rank/Q87ZQ0.ds,P2Rank 2.5.1,,,,AFDB structure fetched; P2Rank ran under the approved command contract; no usable top predicted pocket residues were produced or mapped.,False,
Q87ZQ9,137,v6,5eac5dfeb77f8c1da54e9ba16f300a3a3b23a0bace6a19290b7d7d22d7dc23f2,/usrdata/EnzymeCAGE_data/tools/p2rank_2.5.1/prank predict -threads 4 -c alphafold -visualizations 0 -o /root/projects/EnzymeCAGE-master/HPC_Returned_Result_Summaries/enzymecage_m4_e2_full_4681_4gpu_sharded_continuation_20260814/shards/shard_01/per_uid/Q87ZQ9/p2rank/raw /root/projects/EnzymeCAGE-master/HPC_Returned_Result_Summaries/enzymecage_m4_e2_full_4681_4gpu_sharded_continuation_20260814/shards/shard_01/per_uid/Q87ZQ9/p2rank/Q87ZQ9.ds,P2Rank 2.5.1,,,,AFDB structure fetched; P2Rank ran under the approved command contract; no usable top predicted pocket residues were produced or mapped.,False,
Q889M3,287,v6,495b2a971f85c5fd8cf34e7ae8217916e694357ce2208a7a6d068391f95d8929,/usrdata/EnzymeCAGE_data/tools/p2rank_2.5.1/prank predict -threads 4 -c alphafold -visualizations 0 -o /root/projects/EnzymeCAGE-master/HPC_Returned_Result_Summaries/enzymecage_m4_e2_full_4681_4gpu_sharded_continuation_20260814/shards/shard_02/per_uid/Q889M3/p2rank/raw /root/projects/EnzymeCAGE-master/HPC_Returned_Result_Summaries/enzymecage_m4_e2_full_4681_4gpu_sharded_continuation_20260814/shards/shard_02/per_uid/Q889M3/p2rank/Q889M3.ds,P2Rank 2.5.1,,,,AFDB structure fetched; P2Rank ran under the approved command contract; no usable top predicted pocket residues were produced or mapped.,False,
Q88FG8,102,v6,35f6393475adda39ad34bbac83920e9739ae4155abf6ed5e19d3885b8218a801,/usrdata/EnzymeCAGE_data/tools/p2rank_2.5.1/prank predict -threads 4 -c alphafold -visualizations 0 -o /root/projects/EnzymeCAGE-master/HPC_Returned_Result_Summaries/enzymecage_m4_e2_full_4681_4gpu_sharded_continuation_20260814/shards/shard_03/per_uid/Q88FG8/p2rank/raw /root/projects/EnzymeCAGE-master/HPC_Returned_Result_Summaries/enzymecage_m4_e2_full_4681_4gpu_sharded_continuation_20260814/shards/shard_03/per_uid/Q88FG8/p2rank/Q88FG8.ds,P2Rank 2.5.1,,,,AFDB structure fetched; P2Rank ran under the approved command contract; no usable top predicted pocket residues were produced or mapped.,False,
Q88FH7,137,v6,04d07be803e1b305bc37b40592548af0244653b66ad9681347dd85f9f9a0790e,/usrdata/EnzymeCAGE_data/tools/p2rank_2.5.1/prank predict -threads 4 -c alphafold -visualizations 0 -o /root/projects/EnzymeCAGE-master/HPC_Returned_Result_Summaries/enzymecage_m4_e2_full_4681_4gpu_sharded_continuation_20260814/shards/shard_00/per_uid/Q88FH7/p2rank/raw /root/projects/EnzymeCAGE-master/HPC_Returned_Result_Summaries/enzymecage_m4_e2_full_4681_4gpu_sharded_continuation_20260814/shards/shard_00/per_uid/Q88FH7/p2rank/Q88FH7.ds,P2Rank 2.5.1,,,,AFDB structure fetched; P2Rank ran under the approved command contract; no usable top predicted pocket residues were produced or mapped.,False,
Q88J05,105,v6,5ff2af6d6bc91b9086a8af4a5d8394c53c649fafd8bb2532436d79169949b531,/usrdata/EnzymeCAGE_data/tools/p2rank_2.5.1/prank predict -threads 4 -c alphafold -visualizations 0 -o /root/projects/EnzymeCAGE-master/HPC_Returned_Result_Summaries/enzymecage_m4_e2_full_4681_4gpu_sharded_continuation_20260814/shards/shard_01/per_uid/Q88J05/p2rank/raw /root/projects/EnzymeCAGE-master/HPC_Returned_Result_Summaries/enzymecage_m4_e2_full_4681_4gpu_sharded_continuation_20260814/shards/shard_01/per_uid/Q88J05/p2rank/Q88J05.ds,P2Rank 2.5.1,,,,AFDB structure fetched; P2Rank ran under the approved command contract; no usable top predicted pocket residues were produced or mapped.,False,
Q88J06,100,v6,83d7f3c1857f4a058fc6226288352441d9c201a799127b8a77f0c9afa5659dcf,/usrdata/EnzymeCAGE_data/tools/p2rank_2.5.1/prank predict -threads 4 -c alphafold -visualizations 0 -o /root/projects/EnzymeCAGE-master/HPC_Returned_Result_Summaries/enzymecage_m4_e2_full_4681_4gpu_sharded_continuation_20260814/shards/shard_02/per_uid/Q88J06/p2rank/raw /root/projects/EnzymeCAGE-master/HPC_Returned_Result_Summaries/enzymecage_m4_e2_full_4681_4gpu_sharded_continuation_20260814/shards/shard_02/per_uid/Q88J06/p2rank/Q88J06.ds,P2Rank 2.5.1,,,,AFDB structure fetched; P2Rank ran under the approved command contract; no usable top predicted pocket residues were produced or mapped.,False,
Q88PB8,95,v6,6a0cb026f9eed6682fc59541be33a13e3ca308a3ea68bb431f6a14c0a42abbc3,/usrdata/EnzymeCAGE_data/tools/p2rank_2.5.1/prank predict -threads 4 -c alphafold -visualizations 0 -o /root/projects/EnzymeCAGE-master/HPC_Returned_Result_Summaries/enzymecage_m4_e2_full_4681_4gpu_sharded_continuation_20260814/shards/shard_00/per_uid/Q88PB8/p2rank/raw /root/projects/EnzymeCAGE-master/HPC_Returned_Result_Summaries/enzymecage_m4_e2_full_4681_4gpu_sharded_continuation_20260814/shards/shard_00/per_uid/Q88PB8/p2rank/Q88PB8.ds,P2Rank 2.5.1,,,,AFDB structure fetched; P2Rank ran under the approved command contract; no usable top predicted pocket residues were produced or mapped.,False,
Q89K28,95,v6,f220f11237c8ec35fc51b59f3064089fc80b7fae9a659a3222cf448e3a6a2ca7,/usrdata/EnzymeCAGE_data/tools/p2rank_2.5.1/prank predict -threads 4 -c alphafold -visualizations 0 -o /root/projects/EnzymeCAGE-master/HPC_Returned_Result_Summaries/enzymecage_m4_e2_full_4681_4gpu_sharded_continuation_20260814/shards/shard_03/per_uid/Q89K28/p2rank/raw /root/projects/EnzymeCAGE-master/HPC_Returned_Result_Summaries/enzymecage_m4_e2_full_4681_4gpu_sharded_continuation_20260814/shards/shard_03/per_uid/Q89K28/p2rank/Q89K28.ds,P2Rank 2.5.1,,,,AFDB structure fetched; P2Rank ran under the approved command contract; no usable top predicted pocket residues were produced or mapped.,False,
Q89UG2,101,v6,2f944509d2db44228a5908e5d5290f62e509943ccba9a72ae2464b312388f498,/usrdata/EnzymeCAGE_data/tools/p2rank_2.5.1/prank predict -threads 4 -c alphafold -visualizations 0 -o /root/projects/EnzymeCAGE-master/HPC_Returned_Result_Summaries/enzymecage_m4_e2_full_4681_4gpu_sharded_continuation_20260814/shards/shard_00/per_uid/Q89UG2/p2rank/raw /root/projects/EnzymeCAGE-master/HPC_Returned_Result_Summaries/enzymecage_m4_e2_full_4681_4gpu_sharded_continuation_20260814/shards/shard_00/per_uid/Q89UG2/p2rank/Q89UG2.ds,P2Rank 2.5.1,,,,AFDB structure fetched; P2Rank ran under the approved command contract; no usable top predicted pocket residues were produced or mapped.,False,
Q89UG3,100,v6,6f5803b2b3c26742a244cc065f4a5662edab0fb00e8e6f89980e5a2efe2b93de,/usrdata/EnzymeCAGE_data/tools/p2rank_2.5.1/prank predict -threads 4 -c alphafold -visualizations 0 -o /root/projects/EnzymeCAGE-master/HPC_Returned_Result_Summaries/enzymecage_m4_e2_full_4681_4gpu_sharded_continuation_20260814/shards/shard_01/per_uid/Q89UG3/p2rank/raw /root/projects/EnzymeCAGE-master/HPC_Returned_Result_Summaries/enzymecage_m4_e2_full_4681_4gpu_sharded_continuation_20260814/shards/shard_01/per_uid/Q89UG3/p2rank/Q89UG3.ds,P2Rank 2.5.1,,,,AFDB structure fetched; P2Rank ran under the approved command contract; no usable top predicted pocket residues were produced or mapped.,False,
Q8CBY0,155,v6,1d6fd00f5fe4dc309ca6b00e26e73c7676bbbd6cc537a20c5004f51b3a7d137e,/usrdata/EnzymeCAGE_data/tools/p2rank_2.5.1/prank predict -threads 4 -c alphafold -visualizations 0 -o /root/projects/EnzymeCAGE-master/HPC_Returned_Result_Summaries/enzymecage_m4_e2_full_4681_4gpu_sharded_continuation_20260814/shards/shard_00/per_uid/Q8CBY0/p2rank/raw /root/projects/EnzymeCAGE-master/HPC_Returned_Result_Summaries/enzymecage_m4_e2_full_4681_4gpu_sharded_continuation_20260814/shards/shard_00/per_uid/Q8CBY0/p2rank/Q8CBY0.ds,P2Rank 2.5.1,,,,AFDB structure fetched; P2Rank ran under the approved command contract; no usable top predicted pocket residues were produced or mapped.,False,
Q8CND1,100,v6,d8b2706d0516ca28a96b42986b1b9a17c7f272fc5c76dbb08adc8432b52ef15c,/usrdata/EnzymeCAGE_data/tools/p2rank_2.5.1/prank predict -threads 4 -c alphafold -visualizations 0 -o /root/projects/EnzymeCAGE-master/HPC_Returned_Result_Summaries/enzymecage_m4_e2_full_4681_4gpu_sharded_continuation_20260814/shards/shard_02/per_uid/Q8CND1/p2rank/raw /root/projects/EnzymeCAGE-master/HPC_Returned_Result_Summaries/enzymecage_m4_e2_full_4681_4gpu_sharded_continuation_20260814/shards/shard_02/per_uid/Q8CND1/p2rank/Q8CND1.ds,P2Rank 2.5.1,,,,AFDB structure fetched; P2Rank ran under the approved command contract; no usable top predicted pocket residues were produced or mapped.,False,
Q8DC44,85,v6,5d64b7d8f3ff3eae1bdc16f73f1fcbc3af98f53ff0866f31846831179d8d3b6a,/usrdata/EnzymeCAGE_data/tools/p2rank_2.5.1/prank predict -threads 4 -c alphafold -visualizations 0 -o /root/projects/EnzymeCAGE-master/HPC_Returned_Result_Summaries/enzymecage_m4_e2_full_4681_4gpu_sharded_continuation_20260814/shards/shard_03/per_uid/Q8DC44/p2rank/raw /root/projects/EnzymeCAGE-master/HPC_Returned_Result_Summaries/enzymecage_m4_e2_full_4681_4gpu_sharded_continuation_20260814/shards/shard_03/per_uid/Q8DC44/p2rank/Q8DC44.ds,P2Rank 2.5.1,,,,AFDB structure fetched; P2Rank ran under the approved command contract; no usable top predicted pocket residues were produced or mapped.,False,
Q8DHW8,95,v6,c2c35b1833e16ce9578469876e8ecc4080ca354c7e44fc21839d4f440dde2daf,/usrdata/EnzymeCAGE_data/tools/p2rank_2.5.1/prank predict -threads 4 -c alphafold -visualizations 0 -o /root/projects/EnzymeCAGE-master/HPC_Returned_Result_Summaries/enzymecage_m4_e2_full_4681_4gpu_sharded_continuation_20260814/shards/shard_00/per_uid/Q8DHW8/p2rank/raw /root/projects/EnzymeCAGE-master/HPC_Returned_Result_Summaries/enzymecage_m4_e2_full_4681_4gpu_sharded_continuation_20260814/shards/shard_00/per_uid/Q8DHW8/p2rank/Q8DHW8.ds,P2Rank 2.5.1,,,,AFDB structure fetched; P2Rank ran under the approved command contract; no usable top predicted pocket residues were produced or mapped.,False,
Q8DK85,100,v6,029b10573fea262eca9f07d5b45919774ecd50bddcdd8548578f66c9ee58669b,/usrdata/EnzymeCAGE_data/tools/p2rank_2.5.1/prank predict -threads 4 -c alphafold -visualizations 0 -o /root/projects/EnzymeCAGE-master/HPC_Returned_Result_Summaries/enzymecage_m4_e2_full_4681_4gpu_sharded_continuation_20260814/shards/shard_01/per_uid/Q8DK85/p2rank/raw /root/projects/EnzymeCAGE-master/HPC_Returned_Result_Summaries/enzymecage_m4_e2_full_4681_4gpu_sharded_continuation_20260814/shards/shard_01/per_uid/Q8DK85/p2rank/Q8DK85.ds,P2Rank 2.5.1,,,,AFDB structure fetched; P2Rank ran under the approved command contract; no usable top predicted pocket residues were produced or mapped.,False,
Q8ES79,96,v6,f524d0e7c072a3f958782b517da88e8a1507c20feb958d703cfa37a2ee0952d9,/usrdata/EnzymeCAGE_data/tools/p2rank_2.5.1/prank predict -threads 4 -c alphafold -visualizations 0 -o /root/projects/EnzymeCAGE-master/HPC_Returned_Result_Summaries/enzymecage_m4_e2_full_4681_4gpu_sharded_continuation_20260814/shards/shard_01/per_uid/Q8ES79/p2rank/raw /root/projects/EnzymeCAGE-master/HPC_Returned_Result_Summaries/enzymecage_m4_e2_full_4681_4gpu_sharded_continuation_20260814/shards/shard_01/per_uid/Q8ES79/p2rank/Q8ES79.ds,P2Rank 2.5.1,,,,AFDB structure fetched; P2Rank ran under the approved command contract; no usable top predicted pocket residues were produced or mapped.,False,
Q8FQX3,120,v6,db9dab9ad321f2ab5063fa923f91ea9a45251d6945dbc16ea628d3c1122c5220,/usrdata/EnzymeCAGE_data/tools/p2rank_2.5.1/prank predict -threads 4 -c alphafold -visualizations 0 -o /root/projects/EnzymeCAGE-master/HPC_Returned_Result_Summaries/enzymecage_m4_e2_full_4681_4gpu_sharded_continuation_20260814/shards/shard_01/per_uid/Q8FQX3/p2rank/raw /root/projects/EnzymeCAGE-master/HPC_Returned_Result_Summaries/enzymecage_m4_e2_full_4681_4gpu_sharded_continuation_20260814/shards/shard_01/per_uid/Q8FQX3/p2rank/Q8FQX3.ds,P2Rank 2.5.1,,,,AFDB structure fetched; P2Rank ran under the approved command contract; no usable top predicted pocket residues were produced or mapped.,False,
Q8FQX4,100,v6,8a25a42366309eb7a8c505cbaced8fd0804a366b24999e16e1738d2166a323e2,/usrdata/EnzymeCAGE_data/tools/p2rank_2.5.1/prank predict -threads 4 -c alphafold -visualizations 0 -o /root/projects/EnzymeCAGE-master/HPC_Returned_Result_Summaries/enzymecage_m4_e2_full_4681_4gpu_sharded_continuation_20260814/shards/shard_02/per_uid/Q8FQX4/p2rank/raw /root/projects/EnzymeCAGE-master/HPC_Returned_Result_Summaries/enzymecage_m4_e2_full_4681_4gpu_sharded_continuation_20260814/shards/shard_02/per_uid/Q8FQX4/p2rank/Q8FQX4.ds,P2Rank 2.5.1,,,,AFDB structure fetched; P2Rank ran under the approved command contract; no usable top predicted pocket residues were produced or mapped.,False,
Q8FZW4,100,v6,5f6388c74e44e93c4f5f6422091820bacd17c6cc9ad6d437b5d26f1e1fd4ca87,/usrdata/EnzymeCAGE_data/tools/p2rank_2.5.1/prank predict -threads 4 -c alphafold -visualizations 0 -o /root/projects/EnzymeCAGE-master/HPC_Returned_Result_Summaries/enzymecage_m4_e2_full_4681_4gpu_sharded_continuation_20260814/shards/shard_01/per_uid/Q8FZW4/p2rank/raw /root/projects/EnzymeCAGE-master/HPC_Returned_Result_Summaries/enzymecage_m4_e2_full_4681_4gpu_sharded_continuation_20260814/shards/shard_01/per_uid/Q8FZW4/p2rank/Q8FZW4.ds,P2Rank 2.5.1,,,,AFDB structure fetched; P2Rank ran under the approved command contract; no usable top predicted pocket residues were produced or mapped.,False,
Q8G2P9,101,v6,7334ef79c67b6718c5d2719c5446754ee83e306ad84e70e4c77c20078045ace8,/usrdata/EnzymeCAGE_data/tools/p2rank_2.5.1/prank predict -threads 4 -c alphafold -visualizations 0 -o /root/projects/EnzymeCAGE-master/HPC_Returned_Result_Summaries/enzymecage_m4_e2_full_4681_4gpu_sharded_continuation_20260814/shards/shard_02/per_uid/Q8G2P9/p2rank/raw /root/projects/EnzymeCAGE-master/HPC_Returned_Result_Summaries/enzymecage_m4_e2_full_4681_4gpu_sharded_continuation_20260814/shards/shard_02/per_uid/Q8G2P9/p2rank/Q8G2P9.ds,P2Rank 2.5.1,,,,AFDB structure fetched; P2Rank ran under the approved command contract; no usable top predicted pocket residues were produced or mapped.,False,
Q8G2Q0,100,v6,dafd15f9c289cbdc5d600bd1454eb976e7cbd4e650e67b92ba6d0171195132c8,/usrdata/EnzymeCAGE_data/tools/p2rank_2.5.1/prank predict -threads 4 -c alphafold -visualizations 0 -o /root/projects/EnzymeCAGE-master/HPC_Returned_Result_Summaries/enzymecage_m4_e2_full_4681_4gpu_sharded_continuation_20260814/shards/shard_03/per_uid/Q8G2Q0/p2rank/raw /root/projects/EnzymeCAGE-master/HPC_Returned_Result_Summaries/enzymecage_m4_e2_full_4681_4gpu_sharded_continuation_20260814/shards/shard_03/per_uid/Q8G2Q0/p2rank/Q8G2Q0.ds,P2Rank 2.5.1,,,,AFDB structure fetched; P2Rank ran under the approved command contract; no usable top predicted pocket residues were produced or mapped.,False,
Q8G767,99,v6,2fabadc9b29d7f5e8fe0ea7006a0a5239946f079ef65b3f56da36c130e34103a,/usrdata/EnzymeCAGE_data/tools/p2rank_2.5.1/prank predict -threads 4 -c alphafold -visualizations 0 -o /root/projects/EnzymeCAGE-master/HPC_Returned_Result_Summaries/enzymecage_m4_e2_full_4681_4gpu_sharded_continuation_20260814/shards/shard_00/per_uid/Q8G767/p2rank/raw /root/projects/EnzymeCAGE-master/HPC_Returned_Result_Summaries/enzymecage_m4_e2_full_4681_4gpu_sharded_continuation_20260814/shards/shard_00/per_uid/Q8G767/p2rank/Q8G767.ds,P2Rank 2.5.1,,,,AFDB structure fetched; P2Rank ran under the approved command contract; no usable top predicted pocket residues were produced or mapped.,False,
Q8H215,68,v6,3682d70a24a9ba0930bc120dc1c8082bd0cdd0d54812debdb81a26ada7334271,/usrdata/EnzymeCAGE_data/tools/p2rank_2.5.1/prank predict -threads 4 -c alphafold -visualizations 0 -o /root/projects/EnzymeCAGE-master/HPC_Returned_Result_Summaries/enzymecage_m4_e2_full_4681_4gpu_sharded_continuation_20260814/shards/shard_02/per_uid/Q8H215/p2rank/raw /root/projects/EnzymeCAGE-master/HPC_Returned_Result_Summaries/enzymecage_m4_e2_full_4681_4gpu_sharded_continuation_20260814/shards/shard_02/per_uid/Q8H215/p2rank/Q8H215.ds,P2Rank 2.5.1,,,,AFDB structure fetched; P2Rank ran under the approved command contract; no usable top predicted pocket residues were produced or mapped.,False,
Q8K9X8,100,v6,b340cf148756bca7e1bdab3f7e93761ca9bc0388a3922e08a0d52fe0a53b7e72,/usrdata/EnzymeCAGE_data/tools/p2rank_2.5.1/prank predict -threads 4 -c alphafold -visualizations 0 -o /root/projects/EnzymeCAGE-master/HPC_Returned_Result_Summaries/enzymecage_m4_e2_full_4681_4gpu_sharded_continuation_20260814/shards/shard_00/per_uid/Q8K9X8/p2rank/raw /root/projects/EnzymeCAGE-master/HPC_Returned_Result_Summaries/enzymecage_m4_e2_full_4681_4gpu_sharded_continuation_20260814/shards/shard_00/per_uid/Q8K9X8/p2rank/Q8K9X8.ds,P2Rank 2.5.1,,,,AFDB structure fetched; P2Rank ran under the approved command contract; no usable top predicted pocket residues were produced or mapped.,False,
Q8KRR5,63,v6,a7f18fb89ca66499fb7582bcaab83f2df52282ccb9623c22d7ec69292b572d37,/usrdata/EnzymeCAGE_data/tools/p2rank_2.5.1/prank predict -threads 4 -c alphafold -visualizations 0 -o /root/projects/EnzymeCAGE-master/HPC_Returned_Result_Summaries/enzymecage_m4_e2_full_4681_4gpu_sharded_continuation_20260814/shards/shard_03/per_uid/Q8KRR5/p2rank/raw /root/projects/EnzymeCAGE-master/HPC_Returned_Result_Summaries/enzymecage_m4_e2_full_4681_4gpu_sharded_continuation_20260814/shards/shard_03/per_uid/Q8KRR5/p2rank/Q8KRR5.ds,P2Rank 2.5.1,,,,AFDB structure fetched; P2Rank ran under the approved command contract; no usable top predicted pocket residues were produced or mapped.,False,
Q8NZL9,100,v6,e08d4dfa627c2842ff4533cc141ba0e72180c72d08e9326715e58c6080b7b4e9,/usrdata/EnzymeCAGE_data/tools/p2rank_2.5.1/prank predict -threads 4 -c alphafold -visualizations 0 -o /root/projects/EnzymeCAGE-master/HPC_Returned_Result_Summaries/enzymecage_m4_e2_full_4681_4gpu_sharded_continuation_20260814/shards/shard_03/per_uid/Q8NZL9/p2rank/raw /root/projects/EnzymeCAGE-master/HPC_Returned_Result_Summaries/enzymecage_m4_e2_full_4681_4gpu_sharded_continuation_20260814/shards/shard_03/per_uid/Q8NZL9/p2rank/Q8NZL9.ds,P2Rank 2.5.1,,,,AFDB structure fetched; P2Rank ran under the approved command contract; no usable top predicted pocket residues were produced or mapped.,False,
Q8PC73,88,v6,9f8efb7f79c55bbe9315ea507d4578f0a9c6b11cead434d2b78bf7a0e095206a,/usrdata/EnzymeCAGE_data/tools/p2rank_2.5.1/prank predict -threads 4 -c alphafold -visualizations 0 -o /root/projects/EnzymeCAGE-master/HPC_Returned_Result_Summaries/enzymecage_m4_e2_full_4681_4gpu_sharded_continuation_20260814/shards/shard_00/per_uid/Q8PC73/p2rank/raw /root/projects/EnzymeCAGE-master/HPC_Returned_Result_Summaries/enzymecage_m4_e2_full_4681_4gpu_sharded_continuation_20260814/shards/shard_00/per_uid/Q8PC73/p2rank/Q8PC73.ds,P2Rank 2.5.1,,,,AFDB structure fetched; P2Rank ran under the approved command contract; no usable top predicted pocket residues were produced or mapped.,False,
Q8PXA0,159,v6,c6209ea50fcedcd9084ece977d5d028b067deec446852001ebf9bb17bac456ff,/usrdata/EnzymeCAGE_data/tools/p2rank_2.5.1/prank predict -threads 4 -c alphafold -visualizations 0 -o /root/projects/EnzymeCAGE-master/HPC_Returned_Result_Summaries/enzymecage_m4_e2_full_4681_4gpu_sharded_continuation_20260814/shards/shard_02/per_uid/Q8PXA0/p2rank/raw /root/projects/EnzymeCAGE-master/HPC_Returned_Result_Summaries/enzymecage_m4_e2_full_4681_4gpu_sharded_continuation_20260814/shards/shard_02/per_uid/Q8PXA0/p2rank/Q8PXA0.ds,P2Rank 2.5.1,,,,AFDB structure fetched; P2Rank ran under the approved command contract; no usable top predicted pocket residues were produced or mapped.,False,
Q8PZ49,169,v6,1bd9862655c6a7477b50d9de31be6c61291a7b59169304dd14173fd428fa6f6c,/usrdata/EnzymeCAGE_data/tools/p2rank_2.5.1/prank predict -threads 4 -c alphafold -visualizations 0 -o /root/projects/EnzymeCAGE-master/HPC_Returned_Result_Summaries/enzymecage_m4_e2_full_4681_4gpu_sharded_continuation_20260814/shards/shard_03/per_uid/Q8PZ49/p2rank/raw /root/projects/EnzymeCAGE-master/HPC_Returned_Result_Summaries/enzymecage_m4_e2_full_4681_4gpu_sharded_continuation_20260814/shards/shard_03/per_uid/Q8PZ49/p2rank/Q8PZ49.ds,P2Rank 2.5.1,,,,AFDB structure fetched; P2Rank ran under the approved command contract; no usable top predicted pocket residues were produced or mapped.,False,
Q8RC41,95,v6,146248cecf1444ba9cd499464796ff9973d028cfde6d5d317dc0bdec353e2f09,/usrdata/EnzymeCAGE_data/tools/p2rank_2.5.1/prank predict -threads 4 -c alphafold -visualizations 0 -o /root/projects/EnzymeCAGE-master/HPC_Returned_Result_Summaries/enzymecage_m4_e2_full_4681_4gpu_sharded_continuation_20260814/shards/shard_00/per_uid/Q8RC41/p2rank/raw /root/projects/EnzymeCAGE-master/HPC_Returned_Result_Summaries/enzymecage_m4_e2_full_4681_4gpu_sharded_continuation_20260814/shards/shard_00/per_uid/Q8RC41/p2rank/Q8RC41.ds,P2Rank 2.5.1,,,,AFDB structure fetched; P2Rank ran under the approved command contract; no usable top predicted pocket residues were produced or mapped.,False,
Q8RDK1,161,v6,a346293845f49cf26fba7d0bcea68614b0888cedfeefc37386ae160cca0f973c,/usrdata/EnzymeCAGE_data/tools/p2rank_2.5.1/prank predict -threads 4 -c alphafold -visualizations 0 -o /root/projects/EnzymeCAGE-master/HPC_Returned_Result_Summaries/enzymecage_m4_e2_full_4681_4gpu_sharded_continuation_20260814/shards/shard_01/per_uid/Q8RDK1/p2rank/raw /root/projects/EnzymeCAGE-master/HPC_Returned_Result_Summaries/enzymecage_m4_e2_full_4681_4gpu_sharded_continuation_20260814/shards/shard_01/per_uid/Q8RDK1/p2rank/Q8RDK1.ds,P2Rank 2.5.1,,,,AFDB structure fetched; P2Rank ran under the approved command contract; no usable top predicted pocket residues were produced or mapped.,False,
Q8RP98,201,v6,7d59fef28e9d3aa2381b5a97037b9292e90155e53f781274f7aee556c7bcebf2,/usrdata/EnzymeCAGE_data/tools/p2rank_2.5.1/prank predict -threads 4 -c alphafold -visualizations 0 -o /root/projects/EnzymeCAGE-master/HPC_Returned_Result_Summaries/enzymecage_m4_e2_full_4681_4gpu_sharded_continuation_20260814/shards/shard_02/per_uid/Q8RP98/p2rank/raw /root/projects/EnzymeCAGE-master/HPC_Returned_Result_Summaries/enzymecage_m4_e2_full_4681_4gpu_sharded_continuation_20260814/shards/shard_02/per_uid/Q8RP98/p2rank/Q8RP98.ds,P2Rank 2.5.1,,,,AFDB structure fetched; P2Rank ran under the approved command contract; no usable top predicted pocket residues were produced or mapped.,False,
Q8RPY7,100,v6,741b248a0c7fbe40ff625509db4889079591f47c342d1b49089027812796da33,/usrdata/EnzymeCAGE_data/tools/p2rank_2.5.1/prank predict -threads 4 -c alphafold -visualizations 0 -o /root/projects/EnzymeCAGE-master/HPC_Returned_Result_Summaries/enzymecage_m4_e2_full_4681_4gpu_sharded_continuation_20260814/shards/shard_03/per_uid/Q8RPY7/p2rank/raw /root/projects/EnzymeCAGE-master/HPC_Returned_Result_Summaries/enzymecage_m4_e2_full_4681_4gpu_sharded_continuation_20260814/shards/shard_03/per_uid/Q8RPY7/p2rank/Q8RPY7.ds,P2Rank 2.5.1,,,,AFDB structure fetched; P2Rank ran under the approved command contract; no usable top predicted pocket residues were produced or mapped.,False,
Q8RQD2,63,v6,6a5f082e88419eb59726c4c80db364229fdba20800b0a99ab892503a6d8bf7ff,/usrdata/EnzymeCAGE_data/tools/p2rank_2.5.1/prank predict -threads 4 -c alphafold -visualizations 0 -o /root/projects/EnzymeCAGE-master/HPC_Returned_Result_Summaries/enzymecage_m4_e2_full_4681_4gpu_sharded_continuation_20260814/shards/shard_00/per_uid/Q8RQD2/p2rank/raw /root/projects/EnzymeCAGE-master/HPC_Returned_Result_Summaries/enzymecage_m4_e2_full_4681_4gpu_sharded_continuation_20260814/shards/shard_00/per_uid/Q8RQD2/p2rank/Q8RQD2.ds,P2Rank 2.5.1,,,,AFDB structure fetched; P2Rank ran under the approved command contract; no usable top predicted pocket residues were produced or mapped.,False,
Q8TU02,108,v6,4172bef92278ba2e02362ebc9580b6172b383e0ff78b555a7dfe300b4ab1b356,/usrdata/EnzymeCAGE_data/tools/p2rank_2.5.1/prank predict -threads 4 -c alphafold -visualizations 0 -o /root/projects/EnzymeCAGE-master/HPC_Returned_Result_Summaries/enzymecage_m4_e2_full_4681_4gpu_sharded_continuation_20260814/shards/shard_02/per_uid/Q8TU02/p2rank/raw /root/projects/EnzymeCAGE-master/HPC_Returned_Result_Summaries/enzymecage_m4_e2_full_4681_4gpu_sharded_continuation_20260814/shards/shard_02/per_uid/Q8TU02/p2rank/Q8TU02.ds,P2Rank 2.5.1,,,,AFDB structure fetched; P2Rank ran under the approved command contract; no usable top predicted pocket residues were produced or mapped.,False,
Q8TU04,74,v6,376faee507580796eb9e6f937bafdc8a595c3766d8679677f78ba1b75ce85175,/usrdata/EnzymeCAGE_data/tools/p2rank_2.5.1/prank predict -threads 4 -c alphafold -visualizations 0 -o /root/projects/EnzymeCAGE-master/HPC_Returned_Result_Summaries/enzymecage_m4_e2_full_4681_4gpu_sharded_continuation_20260814/shards/shard_03/per_uid/Q8TU04/p2rank/raw /root/projects/EnzymeCAGE-master/HPC_Returned_Result_Summaries/enzymecage_m4_e2_full_4681_4gpu_sharded_continuation_20260814/shards/shard_03/per_uid/Q8TU04/p2rank/Q8TU04.ds,P2Rank 2.5.1,,,,AFDB structure fetched; P2Rank ran under the approved command contract; no usable top predicted pocket residues were produced or mapped.,False,
Q8TU05,73,v6,d380ebfecf2d2d91fb81c234c83c5854d21745993fbaa85d41052c7d96d5bb5f,/usrdata/EnzymeCAGE_data/tools/p2rank_2.5.1/prank predict -threads 4 -c alphafold -visualizations 0 -o /root/projects/EnzymeCAGE-master/HPC_Returned_Result_Summaries/enzymecage_m4_e2_full_4681_4gpu_sharded_continuation_20260814/shards/shard_00/per_uid/Q8TU05/p2rank/raw /root/projects/EnzymeCAGE-master/HPC_Returned_Result_Summaries/enzymecage_m4_e2_full_4681_4gpu_sharded_continuation_20260814/shards/shard_00/per_uid/Q8TU05/p2rank/Q8TU05.ds,P2Rank 2.5.1,,,,AFDB structure fetched; P2Rank ran under the approved command contract; no usable top predicted pocket residues were produced or mapped.,False,
Q8TVA7,75,v6,1dcf1830ea9a307f957a7547fd792e81ae682b1f7bac826c05a18720f3e034c9,/usrdata/EnzymeCAGE_data/tools/p2rank_2.5.1/prank predict -threads 4 -c alphafold -visualizations 0 -o /root/projects/EnzymeCAGE-master/HPC_Returned_Result_Summaries/enzymecage_m4_e2_full_4681_4gpu_sharded_continuation_20260814/shards/shard_02/per_uid/Q8TVA7/p2rank/raw /root/projects/EnzymeCAGE-master/HPC_Returned_Result_Summaries/enzymecage_m4_e2_full_4681_4gpu_sharded_continuation_20260814/shards/shard_02/per_uid/Q8TVA7/p2rank/Q8TVA7.ds,P2Rank 2.5.1,,,,AFDB structure fetched; P2Rank ran under the approved command contract; no usable top predicted pocket residues were produced or mapped.,False,
Q8U0B9,164,v6,6f759e9a9b9f8e400d55651fb8ea94ba0ae19b40d5f0397fd84d209678db062a,/usrdata/EnzymeCAGE_data/tools/p2rank_2.5.1/prank predict -threads 4 -c alphafold -visualizations 0 -o /root/projects/EnzymeCAGE-master/HPC_Returned_Result_Summaries/enzymecage_m4_e2_full_4681_4gpu_sharded_continuation_20260814/shards/shard_01/per_uid/Q8U0B9/p2rank/raw /root/projects/EnzymeCAGE-master/HPC_Returned_Result_Summaries/enzymecage_m4_e2_full_4681_4gpu_sharded_continuation_20260814/shards/shard_01/per_uid/Q8U0B9/p2rank/Q8U0B9.ds,P2Rank 2.5.1,,,,AFDB structure fetched; P2Rank ran under the approved command contract; no usable top predicted pocket residues were produced or mapped.,False,
Q8UC22,101,v6,0c99e6547a1a275d52ef79f23e812c3e31dc21427778dedabef1bb2709901171,/usrdata/EnzymeCAGE_data/tools/p2rank_2.5.1/prank predict -threads 4 -c alphafold -visualizations 0 -o /root/projects/EnzymeCAGE-master/HPC_Returned_Result_Summaries/enzymecage_m4_e2_full_4681_4gpu_sharded_continuation_20260814/shards/shard_03/per_uid/Q8UC22/p2rank/raw /root/projects/EnzymeCAGE-master/HPC_Returned_Result_Summaries/enzymecage_m4_e2_full_4681_4gpu_sharded_continuation_20260814/shards/shard_03/per_uid/Q8UC22/p2rank/Q8UC22.ds,P2Rank 2.5.1,,,,AFDB structure fetched; P2Rank ran under the approved command contract; no usable top predicted pocket residues were produced or mapped.,False,
Q8UCS6,100,v6,9083dd4324357d111a8edbe79ba25544c6fe1a8fa58c569657e65af8a9373e85,/usrdata/EnzymeCAGE_data/tools/p2rank_2.5.1/prank predict -threads 4 -c alphafold -visualizations 0 -o /root/projects/EnzymeCAGE-master/HPC_Returned_Result_Summaries/enzymecage_m4_e2_full_4681_4gpu_sharded_continuation_20260814/shards/shard_00/per_uid/Q8UCS6/p2rank/raw /root/projects/EnzymeCAGE-master/HPC_Returned_Result_Summaries/enzymecage_m4_e2_full_4681_4gpu_sharded_continuation_20260814/shards/shard_00/per_uid/Q8UCS6/p2rank/Q8UCS6.ds,P2Rank 2.5.1,,,,AFDB structure fetched; P2Rank ran under the approved command contract; no usable top predicted pocket residues were produced or mapped.,False,
Q8UCS8,101,v6,4e066fc6a5d986aad101f7004b4c8825b31504d22688579a820a2c2872122a06,/usrdata/EnzymeCAGE_data/tools/p2rank_2.5.1/prank predict -threads 4 -c alphafold -visualizations 0 -o /root/projects/EnzymeCAGE-master/HPC_Returned_Result_Summaries/enzymecage_m4_e2_full_4681_4gpu_sharded_continuation_20260814/shards/shard_01/per_uid/Q8UCS8/p2rank/raw /root/projects/EnzymeCAGE-master/HPC_Returned_Result_Summaries/enzymecage_m4_e2_full_4681_4gpu_sharded_continuation_20260814/shards/shard_01/per_uid/Q8UCS8/p2rank/Q8UCS8.ds,P2Rank 2.5.1,,,,AFDB structure fetched; P2Rank ran under the approved command contract; no usable top predicted pocket residues were produced or mapped.,False,
Q8UFS9,95,v6,76026cdd2c9e0928b531a170f343602a92234a37b5509459b40e56feba80909f,/usrdata/EnzymeCAGE_data/tools/p2rank_2.5.1/prank predict -threads 4 -c alphafold -visualizations 0 -o /root/projects/EnzymeCAGE-master/HPC_Returned_Result_Summaries/enzymecage_m4_e2_full_4681_4gpu_sharded_continuation_20260814/shards/shard_02/per_uid/Q8UFS9/p2rank/raw /root/projects/EnzymeCAGE-master/HPC_Returned_Result_Summaries/enzymecage_m4_e2_full_4681_4gpu_sharded_continuation_20260814/shards/shard_02/per_uid/Q8UFS9/p2rank/Q8UFS9.ds,P2Rank 2.5.1,,,,AFDB structure fetched; P2Rank ran under the approved command contract; no usable top predicted pocket residues were produced or mapped.,False,
Q8XAG2,100,v6,735720989f6eb8dc888e46fe70cdd6c61570c92f89ceae4a0e8580ced199561a,/usrdata/EnzymeCAGE_data/tools/p2rank_2.5.1/prank predict -threads 4 -c alphafold -visualizations 0 -o /root/projects/EnzymeCAGE-master/HPC_Returned_Result_Summaries/enzymecage_m4_e2_full_4681_4gpu_sharded_continuation_20260814/shards/shard_00/per_uid/Q8XAG2/p2rank/raw /root/projects/EnzymeCAGE-master/HPC_Returned_Result_Summaries/enzymecage_m4_e2_full_4681_4gpu_sharded_continuation_20260814/shards/shard_00/per_uid/Q8XAG2/p2rank/Q8XAG2.ds,P2Rank 2.5.1,,,,AFDB structure fetched; P2Rank ran under the approved command contract; no usable top predicted pocket residues were produced or mapped.,False,
Q8XXR1,101,v6,34f613243c15f1e4c6b6b134a960f00d8e7fc4b70d4f00bf8ec848b51d2af9a5,/usrdata/EnzymeCAGE_data/tools/p2rank_2.5.1/prank predict -threads 4 -c alphafold -visualizations 0 -o /root/projects/EnzymeCAGE-master/HPC_Returned_Result_Summaries/enzymecage_m4_e2_full_4681_4gpu_sharded_continuation_20260814/shards/shard_03/per_uid/Q8XXR1/p2rank/raw /root/projects/EnzymeCAGE-master/HPC_Returned_Result_Summaries/enzymecage_m4_e2_full_4681_4gpu_sharded_continuation_20260814/shards/shard_03/per_uid/Q8XXR1/p2rank/Q8XXR1.ds,P2Rank 2.5.1,,,,AFDB structure fetched; P2Rank ran under the approved command contract; no usable top predicted pocket residues were produced or mapped.,False,
Q8XXT0,101,v6,507afa83d3ef956ffc7cfbbbbcf70c4e229c569fca4c5964f253365e87ea922b,/usrdata/EnzymeCAGE_data/tools/p2rank_2.5.1/prank predict -threads 4 -c alphafold -visualizations 0 -o /root/projects/EnzymeCAGE-master/HPC_Returned_Result_Summaries/enzymecage_m4_e2_full_4681_4gpu_sharded_continuation_20260814/shards/shard_00/per_uid/Q8XXT0/p2rank/raw /root/projects/EnzymeCAGE-master/HPC_Returned_Result_Summaries/enzymecage_m4_e2_full_4681_4gpu_sharded_continuation_20260814/shards/shard_00/per_uid/Q8XXT0/p2rank/Q8XXT0.ds,P2Rank 2.5.1,,,,AFDB structure fetched; P2Rank ran under the approved command contract; no usable top predicted pocket residues were produced or mapped.,False,
Q8Y3C2,99,v6,26834782fc69a83bd974b3e84815c19577ca4fecaf96e79d61ea7ba8f14683be,/usrdata/EnzymeCAGE_data/tools/p2rank_2.5.1/prank predict -threads 4 -c alphafold -visualizations 0 -o /root/projects/EnzymeCAGE-master/HPC_Returned_Result_Summaries/enzymecage_m4_e2_full_4681_4gpu_sharded_continuation_20260814/shards/shard_01/per_uid/Q8Y3C2/p2rank/raw /root/projects/EnzymeCAGE-master/HPC_Returned_Result_Summaries/enzymecage_m4_e2_full_4681_4gpu_sharded_continuation_20260814/shards/shard_01/per_uid/Q8Y3C2/p2rank/Q8Y3C2.ds,P2Rank 2.5.1,,,,AFDB structure fetched; P2Rank ran under the approved command contract; no usable top predicted pocket residues were produced or mapped.,False,
Q8YF71,100,v6,d6c0a39f775060c480b263a304f397402421cc7030f1ac74e2ac8330bf354a8d,/usrdata/EnzymeCAGE_data/tools/p2rank_2.5.1/prank predict -threads 4 -c alphafold -visualizations 0 -o /root/projects/EnzymeCAGE-master/HPC_Returned_Result_Summaries/enzymecage_m4_e2_full_4681_4gpu_sharded_continuation_20260814/shards/shard_02/per_uid/Q8YF71/p2rank/raw /root/projects/EnzymeCAGE-master/HPC_Returned_Result_Summaries/enzymecage_m4_e2_full_4681_4gpu_sharded_continuation_20260814/shards/shard_02/per_uid/Q8YF71/p2rank/Q8YF71.ds,P2Rank 2.5.1,,,,AFDB structure fetched; P2Rank ran under the approved command contract; no usable top predicted pocket residues were produced or mapped.,False,
Q8YHZ6,100,v6,0cf9cb9c8c7289c60cda9467c03af95fd03a721eaee2c4a5eaa62a958dff6e81,/usrdata/EnzymeCAGE_data/tools/p2rank_2.5.1/prank predict -threads 4 -c alphafold -visualizations 0 -o /root/projects/EnzymeCAGE-master/HPC_Returned_Result_Summaries/enzymecage_m4_e2_full_4681_4gpu_sharded_continuation_20260814/shards/shard_03/per_uid/Q8YHZ6/p2rank/raw /root/projects/EnzymeCAGE-master/HPC_Returned_Result_Summaries/enzymecage_m4_e2_full_4681_4gpu_sharded_continuation_20260814/shards/shard_03/per_uid/Q8YHZ6/p2rank/Q8YHZ6.ds,P2Rank 2.5.1,,,,AFDB structure fetched; P2Rank ran under the approved command contract; no usable top predicted pocket residues were produced or mapped.,False,
Q8YNL6,93,v6,52c9014a33808ec48a9ee5fe577a5bb7254024ed891dee6a447bfee7ca151bf9,/usrdata/EnzymeCAGE_data/tools/p2rank_2.5.1/prank predict -threads 4 -c alphafold -visualizations 0 -o /root/projects/EnzymeCAGE-master/HPC_Returned_Result_Summaries/enzymecage_m4_e2_full_4681_4gpu_sharded_continuation_20260814/shards/shard_01/per_uid/Q8YNL6/p2rank/raw /root/projects/EnzymeCAGE-master/HPC_Returned_Result_Summaries/enzymecage_m4_e2_full_4681_4gpu_sharded_continuation_20260814/shards/shard_01/per_uid/Q8YNL6/p2rank/Q8YNL6.ds,P2Rank 2.5.1,,,,AFDB structure fetched; P2Rank ran under the approved command contract; no usable top predicted pocket residues were produced or mapped.,False,
Q8YQZ2,108,v6,77218be95e3dc82e4ddf66f68a2dcb87d2565f11b173feaad4ebb647f31a0169,/usrdata/EnzymeCAGE_data/tools/p2rank_2.5.1/prank predict -threads 4 -c alphafold -visualizations 0 -o /root/projects/EnzymeCAGE-master/HPC_Returned_Result_Summaries/enzymecage_m4_e2_full_4681_4gpu_sharded_continuation_20260814/shards/shard_02/per_uid/Q8YQZ2/p2rank/raw /root/projects/EnzymeCAGE-master/HPC_Returned_Result_Summaries/enzymecage_m4_e2_full_4681_4gpu_sharded_continuation_20260814/shards/shard_02/per_uid/Q8YQZ2/p2rank/Q8YQZ2.ds,P2Rank 2.5.1,,,,AFDB structure fetched; P2Rank ran under the approved command contract; no usable top predicted pocket residues were produced or mapped.,False,
Q8YQZ3,100,v6,5d4fa585e664875c8e129910e767e8aa21afef1100948153f4cfd36262508dbd,/usrdata/EnzymeCAGE_data/tools/p2rank_2.5.1/prank predict -threads 4 -c alphafold -visualizations 0 -o /root/projects/EnzymeCAGE-master/HPC_Returned_Result_Summaries/enzymecage_m4_e2_full_4681_4gpu_sharded_continuation_20260814/shards/shard_03/per_uid/Q8YQZ3/p2rank/raw /root/projects/EnzymeCAGE-master/HPC_Returned_Result_Summaries/enzymecage_m4_e2_full_4681_4gpu_sharded_continuation_20260814/shards/shard_03/per_uid/Q8YQZ3/p2rank/Q8YQZ3.ds,P2Rank 2.5.1,,,,AFDB structure fetched; P2Rank ran under the approved command contract; no usable top predicted pocket residues were produced or mapped.,False,
Q8Z171,101,v6,361f543a86d0094dcab1651ee530487ef4b05c1e8b8e9975755fd45d624a8d31,/usrdata/EnzymeCAGE_data/tools/p2rank_2.5.1/prank predict -threads 4 -c alphafold -visualizations 0 -o /root/projects/EnzymeCAGE-master/HPC_Returned_Result_Summaries/enzymecage_m4_e2_full_4681_4gpu_sharded_continuation_20260814/shards/shard_00/per_uid/Q8Z171/p2rank/raw /root/projects/EnzymeCAGE-master/HPC_Returned_Result_Summaries/enzymecage_m4_e2_full_4681_4gpu_sharded_continuation_20260814/shards/shard_00/per_uid/Q8Z171/p2rank/Q8Z171.ds,P2Rank 2.5.1,,,,AFDB structure fetched; P2Rank ran under the approved command contract; no usable top predicted pocket residues were produced or mapped.,False,
Q8Z3E4,80,v6,3f69273b56a3f6b88f472049ba985e4247c20d4d4b10a7d47b1580c25e25dd65,/usrdata/EnzymeCAGE_data/tools/p2rank_2.5.1/prank predict -threads 4 -c alphafold -visualizations 0 -o /root/projects/EnzymeCAGE-master/HPC_Returned_Result_Summaries/enzymecage_m4_e2_full_4681_4gpu_sharded_continuation_20260814/shards/shard_01/per_uid/Q8Z3E4/p2rank/raw /root/projects/EnzymeCAGE-master/HPC_Returned_Result_Summaries/enzymecage_m4_e2_full_4681_4gpu_sharded_continuation_20260814/shards/shard_01/per_uid/Q8Z3E4/p2rank/Q8Z3E4.ds,P2Rank 2.5.1,,,,AFDB structure fetched; P2Rank ran under the approved command contract; no usable top predicted pocket residues were produced or mapped.,False,
Q8Z9M5,79,v6,1e54b8b1741e1d295fbe9571255c8c29184ebd1e0d5ea47143c855c22707e56f,/usrdata/EnzymeCAGE_data/tools/p2rank_2.5.1/prank predict -threads 4 -c alphafold -visualizations 0 -o /root/projects/EnzymeCAGE-master/HPC_Returned_Result_Summaries/enzymecage_m4_e2_full_4681_4gpu_sharded_continuation_20260814/shards/shard_02/per_uid/Q8Z9M5/p2rank/raw /root/projects/EnzymeCAGE-master/HPC_Returned_Result_Summaries/enzymecage_m4_e2_full_4681_4gpu_sharded_continuation_20260814/shards/shard_02/per_uid/Q8Z9M5/p2rank/Q8Z9M5.ds,P2Rank 2.5.1,,,,AFDB structure fetched; P2Rank ran under the approved command contract; no usable top predicted pocket residues were produced or mapped.,False,
Q8ZK89,101,v6,318692106fc7a797058c0f730f857b76a281faeed94dbbcfc88677e6bea9e565,/usrdata/EnzymeCAGE_data/tools/p2rank_2.5.1/prank predict -threads 4 -c alphafold -visualizations 0 -o /root/projects/EnzymeCAGE-master/HPC_Returned_Result_Summaries/enzymecage_m4_e2_full_4681_4gpu_sharded_continuation_20260814/shards/shard_00/per_uid/Q8ZK89/p2rank/raw /root/projects/EnzymeCAGE-master/HPC_Returned_Result_Summaries/enzymecage_m4_e2_full_4681_4gpu_sharded_continuation_20260814/shards/shard_00/per_uid/Q8ZK89/p2rank/Q8ZK89.ds,P2Rank 2.5.1,,,,AFDB structure fetched; P2Rank ran under the approved command contract; no usable top predicted pocket residues were produced or mapped.,False,
Q8ZQ52,136,v6,46cda0da52289045fcd2e8f59e9a30c9c5247d629c07d06280bffb98a0cf549b,/usrdata/EnzymeCAGE_data/tools/p2rank_2.5.1/prank predict -threads 4 -c alphafold -visualizations 0 -o /root/projects/EnzymeCAGE-master/HPC_Returned_Result_Summaries/enzymecage_m4_e2_full_4681_4gpu_sharded_continuation_20260814/shards/shard_02/per_uid/Q8ZQ52/p2rank/raw /root/projects/EnzymeCAGE-master/HPC_Returned_Result_Summaries/enzymecage_m4_e2_full_4681_4gpu_sharded_continuation_20260814/shards/shard_02/per_uid/Q8ZQ52/p2rank/Q8ZQ52.ds,P2Rank 2.5.1,,,,AFDB structure fetched; P2Rank ran under the approved command contract; no usable top predicted pocket residues were produced or mapped.,False,
Q8ZR64,103,v6,e6a7854de6d14b588b315fd104a9e65ef3fd8b6fc3e8ea28df72059a8c00d6bb,/usrdata/EnzymeCAGE_data/tools/p2rank_2.5.1/prank predict -threads 4 -c alphafold -visualizations 0 -o /root/projects/EnzymeCAGE-master/HPC_Returned_Result_Summaries/enzymecage_m4_e2_full_4681_4gpu_sharded_continuation_20260814/shards/shard_03/per_uid/Q8ZR64/p2rank/raw /root/projects/EnzymeCAGE-master/HPC_Returned_Result_Summaries/enzymecage_m4_e2_full_4681_4gpu_sharded_continuation_20260814/shards/shard_03/per_uid/Q8ZR64/p2rank/Q8ZR64.ds,P2Rank 2.5.1,,,,AFDB structure fetched; P2Rank ran under the approved command contract; no usable top predicted pocket residues were produced or mapped.,False,
Q8ZYM4,120,v6,4cf0387af6f168fc0c88aad2034c08f1994a8a298a49b2ca273f577060482106,/usrdata/EnzymeCAGE_data/tools/p2rank_2.5.1/prank predict -threads 4 -c alphafold -visualizations 0 -o /root/projects/EnzymeCAGE-master/HPC_Returned_Result_Summaries/enzymecage_m4_e2_full_4681_4gpu_sharded_continuation_20260814/shards/shard_02/per_uid/Q8ZYM4/p2rank/raw /root/projects/EnzymeCAGE-master/HPC_Returned_Result_Summaries/enzymecage_m4_e2_full_4681_4gpu_sharded_continuation_20260814/shards/shard_02/per_uid/Q8ZYM4/p2rank/Q8ZYM4.ds,P2Rank 2.5.1,,,,AFDB structure fetched; P2Rank ran under the approved command contract; no usable top predicted pocket residues were produced or mapped.,False,
Q92L66,104,v6,21ebf32a91a1ea1d5e95ec88449f0453f320641fb63c7af2ac7433cded72420a,/usrdata/EnzymeCAGE_data/tools/p2rank_2.5.1/prank predict -threads 4 -c alphafold -visualizations 0 -o /root/projects/EnzymeCAGE-master/HPC_Returned_Result_Summaries/enzymecage_m4_e2_full_4681_4gpu_sharded_continuation_20260814/shards/shard_01/per_uid/Q92L66/p2rank/raw /root/projects/EnzymeCAGE-master/HPC_Returned_Result_Summaries/enzymecage_m4_e2_full_4681_4gpu_sharded_continuation_20260814/shards/shard_01/per_uid/Q92L66/p2rank/Q92L66.ds,P2Rank 2.5.1,,,,AFDB structure fetched; P2Rank ran under the approved command contract; no usable top predicted pocket residues were produced or mapped.,False,
Q93JW0,63,v6,2765779160f703520895f78818de1cf71e5c9c0c5acb7873803fa2147c7e6432,/usrdata/EnzymeCAGE_data/tools/p2rank_2.5.1/prank predict -threads 4 -c alphafold -visualizations 0 -o /root/projects/EnzymeCAGE-master/HPC_Returned_Result_Summaries/enzymecage_m4_e2_full_4681_4gpu_sharded_continuation_20260814/shards/shard_03/per_uid/Q93JW0/p2rank/raw /root/projects/EnzymeCAGE-master/HPC_Returned_Result_Summaries/enzymecage_m4_e2_full_4681_4gpu_sharded_continuation_20260814/shards/shard_03/per_uid/Q93JW0/p2rank/Q93JW0.ds,P2Rank 2.5.1,,,,AFDB structure fetched; P2Rank ran under the approved command contract; no usable top predicted pocket residues were produced or mapped.,False,
Q96YL0,93,v6,e6964a8e4d18d94f3352de08938c4f4759e50196a1ef5b2e4932930f1c011148,/usrdata/EnzymeCAGE_data/tools/p2rank_2.5.1/prank predict -threads 4 -c alphafold -visualizations 0 -o /root/projects/EnzymeCAGE-master/HPC_Returned_Result_Summaries/enzymecage_m4_e2_full_4681_4gpu_sharded_continuation_20260814/shards/shard_00/per_uid/Q96YL0/p2rank/raw /root/projects/EnzymeCAGE-master/HPC_Returned_Result_Summaries/enzymecage_m4_e2_full_4681_4gpu_sharded_continuation_20260814/shards/shard_00/per_uid/Q96YL0/p2rank/Q96YL0.ds,P2Rank 2.5.1,,,,AFDB structure fetched; P2Rank ran under the approved command contract; no usable top predicted pocket residues were produced or mapped.,False,
Q971U4,97,v6,0cc5ea1cf3e82429e1b99b75511beb6ef7d88541742f7257ae61ed059795710f,/usrdata/EnzymeCAGE_data/tools/p2rank_2.5.1/prank predict -threads 4 -c alphafold -visualizations 0 -o /root/projects/EnzymeCAGE-master/HPC_Returned_Result_Summaries/enzymecage_m4_e2_full_4681_4gpu_sharded_continuation_20260814/shards/shard_02/per_uid/Q971U4/p2rank/raw /root/projects/EnzymeCAGE-master/HPC_Returned_Result_Summaries/enzymecage_m4_e2_full_4681_4gpu_sharded_continuation_20260814/shards/shard_02/per_uid/Q971U4/p2rank/Q971U4.ds,P2Rank 2.5.1,,,,AFDB structure fetched; P2Rank ran under the approved command contract; no usable top predicted pocket residues were produced or mapped.,False,
Q972V9,219,v6,4e4e8d8505e8b635bccd1b5d2a133511046c96ce2a0dd876a700c29460756fd6,/usrdata/EnzymeCAGE_data/tools/p2rank_2.5.1/prank predict -threads 4 -c alphafold -visualizations 0 -o /root/projects/EnzymeCAGE-master/HPC_Returned_Result_Summaries/enzymecage_m4_e2_full_4681_4gpu_sharded_continuation_20260814/shards/shard_03/per_uid/Q972V9/p2rank/raw /root/projects/EnzymeCAGE-master/HPC_Returned_Result_Summaries/enzymecage_m4_e2_full_4681_4gpu_sharded_continuation_20260814/shards/shard_03/per_uid/Q972V9/p2rank/Q972V9.ds,P2Rank 2.5.1,,,,AFDB structure fetched; P2Rank ran under the approved command contract; no usable top predicted pocket residues were produced or mapped.,False,
Q976I0,121,v6,0126b221e0573e726287762dba7acdb6660747d82d265bc3850ba0d5a63e1f79,/usrdata/EnzymeCAGE_data/tools/p2rank_2.5.1/prank predict -threads 4 -c alphafold -visualizations 0 -o /root/projects/EnzymeCAGE-master/HPC_Returned_Result_Summaries/enzymecage_m4_e2_full_4681_4gpu_sharded_continuation_20260814/shards/shard_00/per_uid/Q976I0/p2rank/raw /root/projects/EnzymeCAGE-master/HPC_Returned_Result_Summaries/enzymecage_m4_e2_full_4681_4gpu_sharded_continuation_20260814/shards/shard_00/per_uid/Q976I0/p2rank/Q976I0.ds,P2Rank 2.5.1,,,,AFDB structure fetched; P2Rank ran under the approved command contract; no usable top predicted pocket residues were produced or mapped.,False,
Q97CT1,90,v6,0421d4a189c364b5d9a14d3618cbb026f4e64b2eb309394f2beda9bd8ef92c8f,/usrdata/EnzymeCAGE_data/tools/p2rank_2.5.1/prank predict -threads 4 -c alphafold -visualizations 0 -o /root/projects/EnzymeCAGE-master/HPC_Returned_Result_Summaries/enzymecage_m4_e2_full_4681_4gpu_sharded_continuation_20260814/shards/shard_03/per_uid/Q97CT1/p2rank/raw /root/projects/EnzymeCAGE-master/HPC_Returned_Result_Summaries/enzymecage_m4_e2_full_4681_4gpu_sharded_continuation_20260814/shards/shard_03/per_uid/Q97CT1/p2rank/Q97CT1.ds,P2Rank 2.5.1,,,,AFDB structure fetched; P2Rank ran under the approved command contract; no usable top predicted pocket residues were produced or mapped.,False,
Q97EX7,97,v6,23683abd9998085f0a38463fd7e2bb05c1b1be83612d320ac10b690a6b8de20a,/usrdata/EnzymeCAGE_data/tools/p2rank_2.5.1/prank predict -threads 4 -c alphafold -visualizations 0 -o /root/projects/EnzymeCAGE-master/HPC_Returned_Result_Summaries/enzymecage_m4_e2_full_4681_4gpu_sharded_continuation_20260814/shards/shard_00/per_uid/Q97EX7/p2rank/raw /root/projects/EnzymeCAGE-master/HPC_Returned_Result_Summaries/enzymecage_m4_e2_full_4681_4gpu_sharded_continuation_20260814/shards/shard_00/per_uid/Q97EX7/p2rank/Q97EX7.ds,P2Rank 2.5.1,,,,AFDB structure fetched; P2Rank ran under the approved command contract; no usable top predicted pocket residues were produced or mapped.,False,
Q97VY3,165,v6,51b7065e9bd895c95831a30eeffcaa0b7c25f841368b54af9f45d183480e8a6b,/usrdata/EnzymeCAGE_data/tools/p2rank_2.5.1/prank predict -threads 4 -c alphafold -visualizations 0 -o /root/projects/EnzymeCAGE-master/HPC_Returned_Result_Summaries/enzymecage_m4_e2_full_4681_4gpu_sharded_continuation_20260814/shards/shard_02/per_uid/Q97VY3/p2rank/raw /root/projects/EnzymeCAGE-master/HPC_Returned_Result_Summaries/enzymecage_m4_e2_full_4681_4gpu_sharded_continuation_20260814/shards/shard_02/per_uid/Q97VY3/p2rank/Q97VY3.ds,P2Rank 2.5.1,,,,AFDB structure fetched; P2Rank ran under the approved command contract; no usable top predicted pocket residues were produced or mapped.,False,
Q97WM6,97,v6,0d2c73897ce145c142cacc28d5b3f279d38eddba879071ab70c1cc734500bc15,/usrdata/EnzymeCAGE_data/tools/p2rank_2.5.1/prank predict -threads 4 -c alphafold -visualizations 0 -o /root/projects/EnzymeCAGE-master/HPC_Returned_Result_Summaries/enzymecage_m4_e2_full_4681_4gpu_sharded_continuation_20260814/shards/shard_00/per_uid/Q97WM6/p2rank/raw /root/projects/EnzymeCAGE-master/HPC_Returned_Result_Summaries/enzymecage_m4_e2_full_4681_4gpu_sharded_continuation_20260814/shards/shard_00/per_uid/Q97WM6/p2rank/Q97WM6.ds,P2Rank 2.5.1,,,,AFDB structure fetched; P2Rank ran under the approved command contract; no usable top predicted pocket residues were produced or mapped.,False,
Q97ZG0,97,v6,25688fc60fce70213d67fc155919ed5d00a93090f32b717c9374fe6cfd08c8d7,/usrdata/EnzymeCAGE_data/tools/p2rank_2.5.1/prank predict -threads 4 -c alphafold -visualizations 0 -o /root/projects/EnzymeCAGE-master/HPC_Returned_Result_Summaries/enzymecage_m4_e2_full_4681_4gpu_sharded_continuation_20260814/shards/shard_01/per_uid/Q97ZG0/p2rank/raw /root/projects/EnzymeCAGE-master/HPC_Returned_Result_Summaries/enzymecage_m4_e2_full_4681_4gpu_sharded_continuation_20260814/shards/shard_01/per_uid/Q97ZG0/p2rank/Q97ZG0.ds,P2Rank 2.5.1,,,,AFDB structure fetched; P2Rank ran under the approved command contract; no usable top predicted pocket residues were produced or mapped.,False,
Q98CY3,100,v6,940e398cc5a0f374142564a3ca84d4ae1392d870ec7e5402dafed39239850838,/usrdata/EnzymeCAGE_data/tools/p2rank_2.5.1/prank predict -threads 4 -c alphafold -visualizations 0 -o /root/projects/EnzymeCAGE-master/HPC_Returned_Result_Summaries/enzymecage_m4_e2_full_4681_4gpu_sharded_continuation_20260814/shards/shard_03/per_uid/Q98CY3/p2rank/raw /root/projects/EnzymeCAGE-master/HPC_Returned_Result_Summaries/enzymecage_m4_e2_full_4681_4gpu_sharded_continuation_20260814/shards/shard_03/per_uid/Q98CY3/p2rank/Q98CY3.ds,P2Rank 2.5.1,,,,AFDB structure fetched; P2Rank ran under the approved command contract; no usable top predicted pocket residues were produced or mapped.,False,
Q98CY6,101,v6,734dfaa24a050aa142016864c0c798614f95f5ae1f39cbbec3be3b8eea7d1ce7,/usrdata/EnzymeCAGE_data/tools/p2rank_2.5.1/prank predict -threads 4 -c alphafold -visualizations 0 -o /root/projects/EnzymeCAGE-master/HPC_Returned_Result_Summaries/enzymecage_m4_e2_full_4681_4gpu_sharded_continuation_20260814/shards/shard_00/per_uid/Q98CY6/p2rank/raw /root/projects/EnzymeCAGE-master/HPC_Returned_Result_Summaries/enzymecage_m4_e2_full_4681_4gpu_sharded_continuation_20260814/shards/shard_00/per_uid/Q98CY6/p2rank/Q98CY6.ds,P2Rank 2.5.1,,,,AFDB structure fetched; P2Rank ran under the approved command contract; no usable top predicted pocket residues were produced or mapped.,False,
Q98E92,98,v6,84d17135c1b49b3a0c12d7851a4976b1b891ff9809a50ecc6b8860f40d89be59,/usrdata/EnzymeCAGE_data/tools/p2rank_2.5.1/prank predict -threads 4 -c alphafold -visualizations 0 -o /root/projects/EnzymeCAGE-master/HPC_Returned_Result_Summaries/enzymecage_m4_e2_full_4681_4gpu_sharded_continuation_20260814/shards/shard_01/per_uid/Q98E92/p2rank/raw /root/projects/EnzymeCAGE-master/HPC_Returned_Result_Summaries/enzymecage_m4_e2_full_4681_4gpu_sharded_continuation_20260814/shards/shard_01/per_uid/Q98E92/p2rank/Q98E92.ds,P2Rank 2.5.1,,,,AFDB structure fetched; P2Rank ran under the approved command contract; no usable top predicted pocket residues were produced or mapped.,False,
Q98M93,95,v6,7a12eb3e4a4a96b2a91b75fac86a731460172e4ec6108d290a7ce5b5a860a772,/usrdata/EnzymeCAGE_data/tools/p2rank_2.5.1/prank predict -threads 4 -c alphafold -visualizations 0 -o /root/projects/EnzymeCAGE-master/HPC_Returned_Result_Summaries/enzymecage_m4_e2_full_4681_4gpu_sharded_continuation_20260814/shards/shard_02/per_uid/Q98M93/p2rank/raw /root/projects/EnzymeCAGE-master/HPC_Returned_Result_Summaries/enzymecage_m4_e2_full_4681_4gpu_sharded_continuation_20260814/shards/shard_02/per_uid/Q98M93/p2rank/Q98M93.ds,P2Rank 2.5.1,,,,AFDB structure fetched; P2Rank ran under the approved command contract; no usable top predicted pocket residues were produced or mapped.,False,
Q99N13,588,v6,50faf7084c4f46f019d53c71e0cceebdbe5b0645fd0faa826d7c5178bcaa10b5,/usrdata/EnzymeCAGE_data/tools/p2rank_2.5.1/prank predict -threads 4 -c alphafold -visualizations 0 -o /root/projects/EnzymeCAGE-master/HPC_Returned_Result_Summaries/enzymecage_m4_e2_full_4681_4gpu_sharded_continuation_20260814/shards/shard_03/per_uid/Q99N13/p2rank/raw /root/projects/EnzymeCAGE-master/HPC_Returned_Result_Summaries/enzymecage_m4_e2_full_4681_4gpu_sharded_continuation_20260814/shards/shard_03/per_uid/Q99N13/p2rank/Q99N13.ds,P2Rank 2.5.1,,,,AFDB structure fetched; P2Rank ran under the approved command contract; no usable top predicted pocket residues were produced or mapped.,False,
Q99P96,238,v6,e358f7c0fa45c30fc0606200bffc669d80ed2c2d4de06678ce4f0ce1fe88a164,/usrdata/EnzymeCAGE_data/tools/p2rank_2.5.1/prank predict -threads 4 -c alphafold -visualizations 0 -o /root/projects/EnzymeCAGE-master/HPC_Returned_Result_Summaries/enzymecage_m4_e2_full_4681_4gpu_sharded_continuation_20260814/shards/shard_01/per_uid/Q99P96/p2rank/raw /root/projects/EnzymeCAGE-master/HPC_Returned_Result_Summaries/enzymecage_m4_e2_full_4681_4gpu_sharded_continuation_20260814/shards/shard_01/per_uid/Q99P96/p2rank/Q99P96.ds,P2Rank 2.5.1,,,,AFDB structure fetched; P2Rank ran under the approved command contract; no usable top predicted pocket residues were produced or mapped.,False,
Q99V39,96,v6,63f05e23328370f61f493dbb5af058d8878d95b530ea5a80a26024723078d64f,/usrdata/EnzymeCAGE_data/tools/p2rank_2.5.1/prank predict -threads 4 -c alphafold -visualizations 0 -o /root/projects/EnzymeCAGE-master/HPC_Returned_Result_Summaries/enzymecage_m4_e2_full_4681_4gpu_sharded_continuation_20260814/shards/shard_00/per_uid/Q99V39/p2rank/raw /root/projects/EnzymeCAGE-master/HPC_Returned_Result_Summaries/enzymecage_m4_e2_full_4681_4gpu_sharded_continuation_20260814/shards/shard_00/per_uid/Q99V39/p2rank/Q99V39.ds,P2Rank 2.5.1,,,,AFDB structure fetched; P2Rank ran under the approved command contract; no usable top predicted pocket residues were produced or mapped.,False,
Q9A5K9,95,v6,22ee2fb63f8c13ce1d0d52faee3acf9f08d8b715790bf9e8f72e92c1bdd25193,/usrdata/EnzymeCAGE_data/tools/p2rank_2.5.1/prank predict -threads 4 -c alphafold -visualizations 0 -o /root/projects/EnzymeCAGE-master/HPC_Returned_Result_Summaries/enzymecage_m4_e2_full_4681_4gpu_sharded_continuation_20260814/shards/shard_03/per_uid/Q9A5K9/p2rank/raw /root/projects/EnzymeCAGE-master/HPC_Returned_Result_Summaries/enzymecage_m4_e2_full_4681_4gpu_sharded_continuation_20260814/shards/shard_03/per_uid/Q9A5K9/p2rank/Q9A5K9.ds,P2Rank 2.5.1,,,,AFDB structure fetched; P2Rank ran under the approved command contract; no usable top predicted pocket residues were produced or mapped.,False,
Q9ABI2,94,v6,9d9705321301763660a77a7f03444a60dd4ce999561142baa7996ff8c00c0507,/usrdata/EnzymeCAGE_data/tools/p2rank_2.5.1/prank predict -threads 4 -c alphafold -visualizations 0 -o /root/projects/EnzymeCAGE-master/HPC_Returned_Result_Summaries/enzymecage_m4_e2_full_4681_4gpu_sharded_continuation_20260814/shards/shard_00/per_uid/Q9ABI2/p2rank/raw /root/projects/EnzymeCAGE-master/HPC_Returned_Result_Summaries/enzymecage_m4_e2_full_4681_4gpu_sharded_continuation_20260814/shards/shard_00/per_uid/Q9ABI2/p2rank/Q9ABI2.ds,P2Rank 2.5.1,,,,AFDB structure fetched; P2Rank ran under the approved command contract; no usable top predicted pocket residues were produced or mapped.,False,
Q9AQT6,100,v6,1f0e92a80243db2589baa80a155c28ae3258cafba71c2a525efbfaf5b01c9b87,/usrdata/EnzymeCAGE_data/tools/p2rank_2.5.1/prank predict -threads 4 -c alphafold -visualizations 0 -o /root/projects/EnzymeCAGE-master/HPC_Returned_Result_Summaries/enzymecage_m4_e2_full_4681_4gpu_sharded_continuation_20260814/shards/shard_03/per_uid/Q9AQT6/p2rank/raw /root/projects/EnzymeCAGE-master/HPC_Returned_Result_Summaries/enzymecage_m4_e2_full_4681_4gpu_sharded_continuation_20260814/shards/shard_03/per_uid/Q9AQT6/p2rank/Q9AQT6.ds,P2Rank 2.5.1,,,,AFDB structure fetched; P2Rank ran under the approved command contract; no usable top predicted pocket residues were produced or mapped.,False,
Q9CRB3,118,v6,04ae7bbc084830cca1c6e72da8cfcd8bf8053014e6e656530d372af8a287d3b4,/usrdata/EnzymeCAGE_data/tools/p2rank_2.5.1/prank predict -threads 4 -c alphafold -visualizations 0 -o /root/projects/EnzymeCAGE-master/HPC_Returned_Result_Summaries/enzymecage_m4_e2_full_4681_4gpu_sharded_continuation_20260814/shards/shard_00/per_uid/Q9CRB3/p2rank/raw /root/projects/EnzymeCAGE-master/HPC_Returned_Result_Summaries/enzymecage_m4_e2_full_4681_4gpu_sharded_continuation_20260814/shards/shard_00/per_uid/Q9CRB3/p2rank/Q9CRB3.ds,P2Rank 2.5.1,,,,AFDB structure fetched; P2Rank ran under the approved command contract; no usable top predicted pocket residues were produced or mapped.,False,
Q9F2V6,130,v6,abc5ae233c4b9aad10c13abc9ed0e3183516187f12e2448e2b34906d7781c34d,/usrdata/EnzymeCAGE_data/tools/p2rank_2.5.1/prank predict -threads 4 -c alphafold -visualizations 0 -o /root/projects/EnzymeCAGE-master/HPC_Returned_Result_Summaries/enzymecage_m4_e2_full_4681_4gpu_sharded_continuation_20260814/shards/shard_01/per_uid/Q9F2V6/p2rank/raw /root/projects/EnzymeCAGE-master/HPC_Returned_Result_Summaries/enzymecage_m4_e2_full_4681_4gpu_sharded_continuation_20260814/shards/shard_01/per_uid/Q9F2V6/p2rank/Q9F2V6.ds,P2Rank 2.5.1,,,,AFDB structure fetched; P2Rank ran under the approved command contract; no usable top predicted pocket residues were produced or mapped.,False,
Q9FCD1,100,v6,2673147257c4169a5d7b6e3c4053aedd8a7bec99281b89a9941a6b9f394c0797,/usrdata/EnzymeCAGE_data/tools/p2rank_2.5.1/prank predict -threads 4 -c alphafold -visualizations 0 -o /root/projects/EnzymeCAGE-master/HPC_Returned_Result_Summaries/enzymecage_m4_e2_full_4681_4gpu_sharded_continuation_20260814/shards/shard_02/per_uid/Q9FCD1/p2rank/raw /root/projects/EnzymeCAGE-master/HPC_Returned_Result_Summaries/enzymecage_m4_e2_full_4681_4gpu_sharded_continuation_20260814/shards/shard_02/per_uid/Q9FCD1/p2rank/Q9FCD1.ds,P2Rank 2.5.1,,,,AFDB structure fetched; P2Rank ran under the approved command contract; no usable top predicted pocket residues were produced or mapped.,False,
Q9FCD2,103,v6,d014d6baf9af1e4e60f132a3baef60408ebac15f6ce36c53bb353fb0afde8473,/usrdata/EnzymeCAGE_data/tools/p2rank_2.5.1/prank predict -threads 4 -c alphafold -visualizations 0 -o /root/projects/EnzymeCAGE-master/HPC_Returned_Result_Summaries/enzymecage_m4_e2_full_4681_4gpu_sharded_continuation_20260814/shards/shard_03/per_uid/Q9FCD2/p2rank/raw /root/projects/EnzymeCAGE-master/HPC_Returned_Result_Summaries/enzymecage_m4_e2_full_4681_4gpu_sharded_continuation_20260814/shards/shard_03/per_uid/Q9FCD2/p2rank/Q9FCD2.ds,P2Rank 2.5.1,,,,AFDB structure fetched; P2Rank ran under the approved command contract; no usable top predicted pocket residues were produced or mapped.,False,
Q9HKT2,94,v6,6a718ba9ad802cea0343ad8020242e04d5157f5dd6add84c44ff6f853c4747cc,/usrdata/EnzymeCAGE_data/tools/p2rank_2.5.1/prank predict -threads 4 -c alphafold -visualizations 0 -o /root/projects/EnzymeCAGE-master/HPC_Returned_Result_Summaries/enzymecage_m4_e2_full_4681_4gpu_sharded_continuation_20260814/shards/shard_03/per_uid/Q9HKT2/p2rank/raw /root/projects/EnzymeCAGE-master/HPC_Returned_Result_Summaries/enzymecage_m4_e2_full_4681_4gpu_sharded_continuation_20260814/shards/shard_03/per_uid/Q9HKT2/p2rank/Q9HKT2.ds,P2Rank 2.5.1,,,,AFDB structure fetched; P2Rank ran under the approved command contract; no usable top predicted pocket residues were produced or mapped.,False,
Q9HP73,91,v6,1bf01db8eab246c31674013173b661e405610b86c4abc3b8a062682187f707d7,/usrdata/EnzymeCAGE_data/tools/p2rank_2.5.1/prank predict -threads 4 -c alphafold -visualizations 0 -o /root/projects/EnzymeCAGE-master/HPC_Returned_Result_Summaries/enzymecage_m4_e2_full_4681_4gpu_sharded_continuation_20260814/shards/shard_00/per_uid/Q9HP73/p2rank/raw /root/projects/EnzymeCAGE-master/HPC_Returned_Result_Summaries/enzymecage_m4_e2_full_4681_4gpu_sharded_continuation_20260814/shards/shard_00/per_uid/Q9HP73/p2rank/Q9HP73.ds,P2Rank 2.5.1,,,,AFDB structure fetched; P2Rank ran under the approved command contract; no usable top predicted pocket residues were produced or mapped.,False,
Q9HUU6,101,v6,538f699729ff645671c23fc2800acb307c9a36930423f192ffdebc3536cd049c,/usrdata/EnzymeCAGE_data/tools/p2rank_2.5.1/prank predict -threads 4 -c alphafold -visualizations 0 -o /root/projects/EnzymeCAGE-master/HPC_Returned_Result_Summaries/enzymecage_m4_e2_full_4681_4gpu_sharded_continuation_20260814/shards/shard_01/per_uid/Q9HUU6/p2rank/raw /root/projects/EnzymeCAGE-master/HPC_Returned_Result_Summaries/enzymecage_m4_e2_full_4681_4gpu_sharded_continuation_20260814/shards/shard_01/per_uid/Q9HUU6/p2rank/Q9HUU6.ds,P2Rank 2.5.1,,,,AFDB structure fetched; P2Rank ran under the approved command contract; no usable top predicted pocket residues were produced or mapped.,False,
Q9HUU8,100,v6,506b0a0728a2cee7e156832f667f8b5e5109b334e2448c913118d6cc6ac15207,/usrdata/EnzymeCAGE_data/tools/p2rank_2.5.1/prank predict -threads 4 -c alphafold -visualizations 0 -o /root/projects/EnzymeCAGE-master/HPC_Returned_Result_Summaries/enzymecage_m4_e2_full_4681_4gpu_sharded_continuation_20260814/shards/shard_02/per_uid/Q9HUU8/p2rank/raw /root/projects/EnzymeCAGE-master/HPC_Returned_Result_Summaries/enzymecage_m4_e2_full_4681_4gpu_sharded_continuation_20260814/shards/shard_02/per_uid/Q9HUU8/p2rank/Q9HUU8.ds,P2Rank 2.5.1,,,,AFDB structure fetched; P2Rank ran under the approved command contract; no usable top predicted pocket residues were produced or mapped.,False,
Q9HVT9,96,v6,aa8b00088ff0399e2d9141a09238cb1ea46e66fee4ef6aab0db880a41ac1698b,/usrdata/EnzymeCAGE_data/tools/p2rank_2.5.1/prank predict -threads 4 -c alphafold -visualizations 0 -o /root/projects/EnzymeCAGE-master/HPC_Returned_Result_Summaries/enzymecage_m4_e2_full_4681_4gpu_sharded_continuation_20260814/shards/shard_03/per_uid/Q9HVT9/p2rank/raw /root/projects/EnzymeCAGE-master/HPC_Returned_Result_Summaries/enzymecage_m4_e2_full_4681_4gpu_sharded_continuation_20260814/shards/shard_03/per_uid/Q9HVT9/p2rank/Q9HVT9.ds,P2Rank 2.5.1,,,,AFDB structure fetched; P2Rank ran under the approved command contract; no usable top predicted pocket residues were produced or mapped.,False,
Q9I0J2,102,v6,2412e50d16a782db6d86e7b2252058c506d4a4fd4bc1aa9fe33f5b96bae15b60,/usrdata/EnzymeCAGE_data/tools/p2rank_2.5.1/prank predict -threads 4 -c alphafold -visualizations 0 -o /root/projects/EnzymeCAGE-master/HPC_Returned_Result_Summaries/enzymecage_m4_e2_full_4681_4gpu_sharded_continuation_20260814/shards/shard_02/per_uid/Q9I0J2/p2rank/raw /root/projects/EnzymeCAGE-master/HPC_Returned_Result_Summaries/enzymecage_m4_e2_full_4681_4gpu_sharded_continuation_20260814/shards/shard_02/per_uid/Q9I0J2/p2rank/Q9I0J2.ds,P2Rank 2.5.1,,,,AFDB structure fetched; P2Rank ran under the approved command contract; no usable top predicted pocket residues were produced or mapped.,False,
Q9I0K1,137,v6,ee7db731dae526bd24bdc79e7597d10dc65d89e70768e4138362c24113c68fab,/usrdata/EnzymeCAGE_data/tools/p2rank_2.5.1/prank predict -threads 4 -c alphafold -visualizations 0 -o /root/projects/EnzymeCAGE-master/HPC_Returned_Result_Summaries/enzymecage_m4_e2_full_4681_4gpu_sharded_continuation_20260814/shards/shard_03/per_uid/Q9I0K1/p2rank/raw /root/projects/EnzymeCAGE-master/HPC_Returned_Result_Summaries/enzymecage_m4_e2_full_4681_4gpu_sharded_continuation_20260814/shards/shard_03/per_uid/Q9I0K1/p2rank/Q9I0K1.ds,P2Rank 2.5.1,,,,AFDB structure fetched; P2Rank ran under the approved command contract; no usable top predicted pocket residues were produced or mapped.,False,
Q9JTZ6,96,v6,514935131fe1fb7ed5381363538c5a5677d56102eaea5b070dab9d99db5a84ac,/usrdata/EnzymeCAGE_data/tools/p2rank_2.5.1/prank predict -threads 4 -c alphafold -visualizations 0 -o /root/projects/EnzymeCAGE-master/HPC_Returned_Result_Summaries/enzymecage_m4_e2_full_4681_4gpu_sharded_continuation_20260814/shards/shard_01/per_uid/Q9JTZ6/p2rank/raw /root/projects/EnzymeCAGE-master/HPC_Returned_Result_Summaries/enzymecage_m4_e2_full_4681_4gpu_sharded_continuation_20260814/shards/shard_01/per_uid/Q9JTZ6/p2rank/Q9JTZ6.ds,P2Rank 2.5.1,,,,AFDB structure fetched; P2Rank ran under the approved command contract; no usable top predicted pocket residues were produced or mapped.,False,
Q9JZ00,96,v6,e5186b562a2cd873bafc2ac1fc6dda583cc8857bb2b99c586abda85810006a35,/usrdata/EnzymeCAGE_data/tools/p2rank_2.5.1/prank predict -threads 4 -c alphafold -visualizations 0 -o /root/projects/EnzymeCAGE-master/HPC_Returned_Result_Summaries/enzymecage_m4_e2_full_4681_4gpu_sharded_continuation_20260814/shards/shard_02/per_uid/Q9JZ00/p2rank/raw /root/projects/EnzymeCAGE-master/HPC_Returned_Result_Summaries/enzymecage_m4_e2_full_4681_4gpu_sharded_continuation_20260814/shards/shard_02/per_uid/Q9JZ00/p2rank/Q9JZ00.ds,P2Rank 2.5.1,,,,AFDB structure fetched; P2Rank ran under the approved command contract; no usable top predicted pocket residues were produced or mapped.,False,
Q9KL41,176,v6,5aa1bacaa70cbb898bf414cfae330e9d32ab175ce31f626fa4241e7ae8a8bf7a,/usrdata/EnzymeCAGE_data/tools/p2rank_2.5.1/prank predict -threads 4 -c alphafold -visualizations 0 -o /root/projects/EnzymeCAGE-master/HPC_Returned_Result_Summaries/enzymecage_m4_e2_full_4681_4gpu_sharded_continuation_20260814/shards/shard_03/per_uid/Q9KL41/p2rank/raw /root/projects/EnzymeCAGE-master/HPC_Returned_Result_Summaries/enzymecage_m4_e2_full_4681_4gpu_sharded_continuation_20260814/shards/shard_03/per_uid/Q9KL41/p2rank/Q9KL41.ds,P2Rank 2.5.1,,,,AFDB structure fetched; P2Rank ran under the approved command contract; no usable top predicted pocket residues were produced or mapped.,False,
Q9KTU4,90,v6,f57f3cf05d79e9ac5a8b0f804f3cc3f763d83ac3b6bbc8604ee357643ee7b663,/usrdata/EnzymeCAGE_data/tools/p2rank_2.5.1/prank predict -threads 4 -c alphafold -visualizations 0 -o /root/projects/EnzymeCAGE-master/HPC_Returned_Result_Summaries/enzymecage_m4_e2_full_4681_4gpu_sharded_continuation_20260814/shards/shard_00/per_uid/Q9KTU4/p2rank/raw /root/projects/EnzymeCAGE-master/HPC_Returned_Result_Summaries/enzymecage_m4_e2_full_4681_4gpu_sharded_continuation_20260814/shards/shard_00/per_uid/Q9KTU4/p2rank/Q9KTU4.ds,P2Rank 2.5.1,,,,AFDB structure fetched; P2Rank ran under the approved command contract; no usable top predicted pocket residues were produced or mapped.,False,
Q9KUH2,86,v6,efbf55527bac3327743091c352ccd231bac961e80c21b6548f88c193a7c3c47f,/usrdata/EnzymeCAGE_data/tools/p2rank_2.5.1/prank predict -threads 4 -c alphafold -visualizations 0 -o /root/projects/EnzymeCAGE-master/HPC_Returned_Result_Summaries/enzymecage_m4_e2_full_4681_4gpu_sharded_continuation_20260814/shards/shard_01/per_uid/Q9KUH2/p2rank/raw /root/projects/EnzymeCAGE-master/HPC_Returned_Result_Summaries/enzymecage_m4_e2_full_4681_4gpu_sharded_continuation_20260814/shards/shard_01/per_uid/Q9KUH2/p2rank/Q9KUH2.ds,P2Rank 2.5.1,,,,AFDB structure fetched; P2Rank ran under the approved command contract; no usable top predicted pocket residues were produced or mapped.,False,
Q9L642,100,v6,bd57337391952dd8fd8455d1bbe643e126ddaae66ffb3c3845a58310e5f95306,/usrdata/EnzymeCAGE_data/tools/p2rank_2.5.1/prank predict -threads 4 -c alphafold -visualizations 0 -o /root/projects/EnzymeCAGE-master/HPC_Returned_Result_Summaries/enzymecage_m4_e2_full_4681_4gpu_sharded_continuation_20260814/shards/shard_02/per_uid/Q9L642/p2rank/raw /root/projects/EnzymeCAGE-master/HPC_Returned_Result_Summaries/enzymecage_m4_e2_full_4681_4gpu_sharded_continuation_20260814/shards/shard_02/per_uid/Q9L642/p2rank/Q9L642.ds,P2Rank 2.5.1,,,,AFDB structure fetched; P2Rank ran under the approved command contract; no usable top predicted pocket residues were produced or mapped.,False,
Q9LCX4,89,v6,39e8aed9f9d5a0282fb76343cae348e3c9f9032b989f66a68e53211b62e90195,/usrdata/EnzymeCAGE_data/tools/p2rank_2.5.1/prank predict -threads 4 -c alphafold -visualizations 0 -o /root/projects/EnzymeCAGE-master/HPC_Returned_Result_Summaries/enzymecage_m4_e2_full_4681_4gpu_sharded_continuation_20260814/shards/shard_03/per_uid/Q9LCX4/p2rank/raw /root/projects/EnzymeCAGE-master/HPC_Returned_Result_Summaries/enzymecage_m4_e2_full_4681_4gpu_sharded_continuation_20260814/shards/shard_03/per_uid/Q9LCX4/p2rank/Q9LCX4.ds,P2Rank 2.5.1,,,,AFDB structure fetched; P2Rank ran under the approved command contract; no usable top predicted pocket residues were produced or mapped.,False,
Q9NRX4,125,v6,f6cca753abb644bf936fd70598528b3033130ef19cd0c3be3db63d7d3225e087,/usrdata/EnzymeCAGE_data/tools/p2rank_2.5.1/prank predict -threads 4 -c alphafold -visualizations 0 -o /root/projects/EnzymeCAGE-master/HPC_Returned_Result_Summaries/enzymecage_m4_e2_full_4681_4gpu_sharded_continuation_20260814/shards/shard_03/per_uid/Q9NRX4/p2rank/raw /root/projects/EnzymeCAGE-master/HPC_Returned_Result_Summaries/enzymecage_m4_e2_full_4681_4gpu_sharded_continuation_20260814/shards/shard_03/per_uid/Q9NRX4/p2rank/Q9NRX4.ds,P2Rank 2.5.1,,,,AFDB structure fetched; P2Rank ran under the approved command contract; no usable top predicted pocket residues were produced or mapped.,False,
Q9PIA5,94,v6,2c3fa30d00cbbacfaf40e01233cf80268404a0a25f3057570b1f2852bc4f6c6c,/usrdata/EnzymeCAGE_data/tools/p2rank_2.5.1/prank predict -threads 4 -c alphafold -visualizations 0 -o /root/projects/EnzymeCAGE-master/HPC_Returned_Result_Summaries/enzymecage_m4_e2_full_4681_4gpu_sharded_continuation_20260814/shards/shard_01/per_uid/Q9PIA5/p2rank/raw /root/projects/EnzymeCAGE-master/HPC_Returned_Result_Summaries/enzymecage_m4_e2_full_4681_4gpu_sharded_continuation_20260814/shards/shard_01/per_uid/Q9PIA5/p2rank/Q9PIA5.ds,P2Rank 2.5.1,,,,AFDB structure fetched; P2Rank ran under the approved command contract; no usable top predicted pocket residues were produced or mapped.,False,
Q9PJC6,122,v6,d90a2163fea7d3759da449b685102d2efe04bb71f0ca344b534a14219daecc8f,/usrdata/EnzymeCAGE_data/tools/p2rank_2.5.1/prank predict -threads 4 -c alphafold -visualizations 0 -o /root/projects/EnzymeCAGE-master/HPC_Returned_Result_Summaries/enzymecage_m4_e2_full_4681_4gpu_sharded_continuation_20260814/shards/shard_02/per_uid/Q9PJC6/p2rank/raw /root/projects/EnzymeCAGE-master/HPC_Returned_Result_Summaries/enzymecage_m4_e2_full_4681_4gpu_sharded_continuation_20260814/shards/shard_02/per_uid/Q9PJC6/p2rank/Q9PJC6.ds,P2Rank 2.5.1,,,,AFDB structure fetched; P2Rank ran under the approved command contract; no usable top predicted pocket residues were produced or mapped.,False,
Q9R4A1,35,v6,ce62e9813dad43291572ff454440975e1afe610bec7b749c0795e81253abbf5a,/usrdata/EnzymeCAGE_data/tools/p2rank_2.5.1/prank predict -threads 4 -c alphafold -visualizations 0 -o /root/projects/EnzymeCAGE-master/HPC_Returned_Result_Summaries/enzymecage_m4_e2_full_4681_4gpu_sharded_continuation_20260814/shards/shard_01/per_uid/Q9R4A1/p2rank/raw /root/projects/EnzymeCAGE-master/HPC_Returned_Result_Summaries/enzymecage_m4_e2_full_4681_4gpu_sharded_continuation_20260814/shards/shard_01/per_uid/Q9R4A1/p2rank/Q9R4A1.ds,P2Rank 2.5.1,,,,AFDB structure fetched; P2Rank ran under the approved command contract; no usable top predicted pocket residues were produced or mapped.,False,
Q9R4Y1,20,v6,3293e61e8230a875b17e948e99a338ba6b93c970221f962ca0bcc68f64e6821d,/usrdata/EnzymeCAGE_data/tools/p2rank_2.5.1/prank predict -threads 4 -c alphafold -visualizations 0 -o /root/projects/EnzymeCAGE-master/HPC_Returned_Result_Summaries/enzymecage_m4_e2_full_4681_4gpu_sharded_continuation_20260814/shards/shard_03/per_uid/Q9R4Y1/p2rank/raw /root/projects/EnzymeCAGE-master/HPC_Returned_Result_Summaries/enzymecage_m4_e2_full_4681_4gpu_sharded_continuation_20260814/shards/shard_03/per_uid/Q9R4Y1/p2rank/Q9R4Y1.ds,P2Rank 2.5.1,,,,AFDB structure fetched; P2Rank ran under the approved command contract; no usable top predicted pocket residues were produced or mapped.,False,
Q9RFA0,85,v6,5f6e0ddae2a078062e2ac1451aaeca91dd07eb710af11c16bc0c42e561abc57a,/usrdata/EnzymeCAGE_data/tools/p2rank_2.5.1/prank predict -threads 4 -c alphafold -visualizations 0 -o /root/projects/EnzymeCAGE-master/HPC_Returned_Result_Summaries/enzymecage_m4_e2_full_4681_4gpu_sharded_continuation_20260814/shards/shard_00/per_uid/Q9RFA0/p2rank/raw /root/projects/EnzymeCAGE-master/HPC_Returned_Result_Summaries/enzymecage_m4_e2_full_4681_4gpu_sharded_continuation_20260814/shards/shard_00/per_uid/Q9RFA0/p2rank/Q9RFA0.ds,P2Rank 2.5.1,,,,AFDB structure fetched; P2Rank ran under the approved command contract; no usable top predicted pocket residues were produced or mapped.,False,
Q9RFF5,100,v6,a4e1e5a3f9c5a1b1f5100a0c3c1b391d121bac2d7492f61941848e79cdc7a6f1,/usrdata/EnzymeCAGE_data/tools/p2rank_2.5.1/prank predict -threads 4 -c alphafold -visualizations 0 -o /root/projects/EnzymeCAGE-master/HPC_Returned_Result_Summaries/enzymecage_m4_e2_full_4681_4gpu_sharded_continuation_20260814/shards/shard_01/per_uid/Q9RFF5/p2rank/raw /root/projects/EnzymeCAGE-master/HPC_Returned_Result_Summaries/enzymecage_m4_e2_full_4681_4gpu_sharded_continuation_20260814/shards/shard_01/per_uid/Q9RFF5/p2rank/Q9RFF5.ds,P2Rank 2.5.1,,,,AFDB structure fetched; P2Rank ran under the approved command contract; no usable top predicted pocket residues were produced or mapped.,False,
Q9RHM6,100,v6,3029042c58a407f0a99bd9a9e35cfe25455b18b7aefcdd6f59080e6be2ca53a8,/usrdata/EnzymeCAGE_data/tools/p2rank_2.5.1/prank predict -threads 4 -c alphafold -visualizations 0 -o /root/projects/EnzymeCAGE-master/HPC_Returned_Result_Summaries/enzymecage_m4_e2_full_4681_4gpu_sharded_continuation_20260814/shards/shard_02/per_uid/Q9RHM6/p2rank/raw /root/projects/EnzymeCAGE-master/HPC_Returned_Result_Summaries/enzymecage_m4_e2_full_4681_4gpu_sharded_continuation_20260814/shards/shard_02/per_uid/Q9RHM6/p2rank/Q9RHM6.ds,P2Rank 2.5.1,,,,AFDB structure fetched; P2Rank ran under the approved command contract; no usable top predicted pocket residues were produced or mapped.,False,
Q9RHM8,63,v6,b7c63e5bda1072db20bf852fec553bd8668cc0ec65c8f7a0916b4eafc16ac46e,/usrdata/EnzymeCAGE_data/tools/p2rank_2.5.1/prank predict -threads 4 -c alphafold -visualizations 0 -o /root/projects/EnzymeCAGE-master/HPC_Returned_Result_Summaries/enzymecage_m4_e2_full_4681_4gpu_sharded_continuation_20260814/shards/shard_03/per_uid/Q9RHM8/p2rank/raw /root/projects/EnzymeCAGE-master/HPC_Returned_Result_Summaries/enzymecage_m4_e2_full_4681_4gpu_sharded_continuation_20260814/shards/shard_03/per_uid/Q9RHM8/p2rank/Q9RHM8.ds,P2Rank 2.5.1,,,,AFDB structure fetched; P2Rank ran under the approved command contract; no usable top predicted pocket residues were produced or mapped.,False,
Q9RUV6,96,v6,3b3a97b9b9a18891af0d18e8177940d58d6e9b48391fb2370b2dce9dc3f4c247,/usrdata/EnzymeCAGE_data/tools/p2rank_2.5.1/prank predict -threads 4 -c alphafold -visualizations 0 -o /root/projects/EnzymeCAGE-master/HPC_Returned_Result_Summaries/enzymecage_m4_e2_full_4681_4gpu_sharded_continuation_20260814/shards/shard_00/per_uid/Q9RUV6/p2rank/raw /root/projects/EnzymeCAGE-master/HPC_Returned_Result_Summaries/enzymecage_m4_e2_full_4681_4gpu_sharded_continuation_20260814/shards/shard_00/per_uid/Q9RUV6/p2rank/Q9RUV6.ds,P2Rank 2.5.1,,,,AFDB structure fetched; P2Rank ran under the approved command contract; no usable top predicted pocket residues were produced or mapped.,False,
Q9RYJ3,228,v6,c1f55ae3418ac21299a64630100d44c40ba4df4ea89d342f86116d0793f4cb09,/usrdata/EnzymeCAGE_data/tools/p2rank_2.5.1/prank predict -threads 4 -c alphafold -visualizations 0 -o /root/projects/EnzymeCAGE-master/HPC_Returned_Result_Summaries/enzymecage_m4_e2_full_4681_4gpu_sharded_continuation_20260814/shards/shard_01/per_uid/Q9RYJ3/p2rank/raw /root/projects/EnzymeCAGE-master/HPC_Returned_Result_Summaries/enzymecage_m4_e2_full_4681_4gpu_sharded_continuation_20260814/shards/shard_01/per_uid/Q9RYJ3/p2rank/Q9RYJ3.ds,P2Rank 2.5.1,,,,AFDB structure fetched; P2Rank ran under the approved command contract; no usable top predicted pocket residues were produced or mapped.,False,
Q9S2H6,77,v6,262b0cd66f8223fcf51493c3d20b137bd165449d1d0f386397a11082be9f39b0,/usrdata/EnzymeCAGE_data/tools/p2rank_2.5.1/prank predict -threads 4 -c alphafold -visualizations 0 -o /root/projects/EnzymeCAGE-master/HPC_Returned_Result_Summaries/enzymecage_m4_e2_full_4681_4gpu_sharded_continuation_20260814/shards/shard_02/per_uid/Q9S2H6/p2rank/raw /root/projects/EnzymeCAGE-master/HPC_Returned_Result_Summaries/enzymecage_m4_e2_full_4681_4gpu_sharded_continuation_20260814/shards/shard_02/per_uid/Q9S2H6/p2rank/Q9S2H6.ds,P2Rank 2.5.1,,,,AFDB structure fetched; P2Rank ran under the approved command contract; no usable top predicted pocket residues were produced or mapped.,False,
Q9UR66,21,v6,44dc7c6b7527adbb186fb6b9d0aab5d85295002e0ac7f57ccad3a2f2610604f4,/usrdata/EnzymeCAGE_data/tools/p2rank_2.5.1/prank predict -threads 4 -c alphafold -visualizations 0 -o /root/projects/EnzymeCAGE-master/HPC_Returned_Result_Summaries/enzymecage_m4_e2_full_4681_4gpu_sharded_continuation_20260814/shards/shard_01/per_uid/Q9UR66/p2rank/raw /root/projects/EnzymeCAGE-master/HPC_Returned_Result_Summaries/enzymecage_m4_e2_full_4681_4gpu_sharded_continuation_20260814/shards/shard_01/per_uid/Q9UR66/p2rank/Q9UR66.ds,P2Rank 2.5.1,,,,AFDB structure fetched; P2Rank ran under the approved command contract; no usable top predicted pocket residues were produced or mapped.,False,
Q9UT33,79,v6,223b808ff902118ab7d25fa2a7e935540634ebe8648dd093e9bd966a2936a2ce,/usrdata/EnzymeCAGE_data/tools/p2rank_2.5.1/prank predict -threads 4 -c alphafold -visualizations 0 -o /root/projects/EnzymeCAGE-master/HPC_Returned_Result_Summaries/enzymecage_m4_e2_full_4681_4gpu_sharded_continuation_20260814/shards/shard_02/per_uid/Q9UT33/p2rank/raw /root/projects/EnzymeCAGE-master/HPC_Returned_Result_Summaries/enzymecage_m4_e2_full_4681_4gpu_sharded_continuation_20260814/shards/shard_02/per_uid/Q9UT33/p2rank/Q9UT33.ds,P2Rank 2.5.1,,,,AFDB structure fetched; P2Rank ran under the approved command contract; no usable top predicted pocket residues were produced or mapped.,False,
Q9UWY8,124,v6,e8af4fe4ef76277864f26f1694a3931e72532e7d062fc9f084df8baaa413f889,/usrdata/EnzymeCAGE_data/tools/p2rank_2.5.1/prank predict -threads 4 -c alphafold -visualizations 0 -o /root/projects/EnzymeCAGE-master/HPC_Returned_Result_Summaries/enzymecage_m4_e2_full_4681_4gpu_sharded_continuation_20260814/shards/shard_00/per_uid/Q9UWY8/p2rank/raw /root/projects/EnzymeCAGE-master/HPC_Returned_Result_Summaries/enzymecage_m4_e2_full_4681_4gpu_sharded_continuation_20260814/shards/shard_00/per_uid/Q9UWY8/p2rank/Q9UWY8.ds,P2Rank 2.5.1,,,,AFDB structure fetched; P2Rank ran under the approved command contract; no usable top predicted pocket residues were produced or mapped.,False,
Q9VF36,102,v6,88f74777e6bd4c3edf5f71c0031e860fa350c895c140912a781e9018f9e86032,/usrdata/EnzymeCAGE_data/tools/p2rank_2.5.1/prank predict -threads 4 -c alphafold -visualizations 0 -o /root/projects/EnzymeCAGE-master/HPC_Returned_Result_Summaries/enzymecage_m4_e2_full_4681_4gpu_sharded_continuation_20260814/shards/shard_02/per_uid/Q9VF36/p2rank/raw /root/projects/EnzymeCAGE-master/HPC_Returned_Result_Summaries/enzymecage_m4_e2_full_4681_4gpu_sharded_continuation_20260814/shards/shard_02/per_uid/Q9VF36/p2rank/Q9VF36.ds,P2Rank 2.5.1,,,,AFDB structure fetched; P2Rank ran under the approved command contract; no usable top predicted pocket residues were produced or mapped.,False,
Q9X0X1,82,v6,1404c37bafa75df6026354dd62049a5f4535c507efa0967181314d8d427177ae,/usrdata/EnzymeCAGE_data/tools/p2rank_2.5.1/prank predict -threads 4 -c alphafold -visualizations 0 -o /root/projects/EnzymeCAGE-master/HPC_Returned_Result_Summaries/enzymecage_m4_e2_full_4681_4gpu_sharded_continuation_20260814/shards/shard_02/per_uid/Q9X0X1/p2rank/raw /root/projects/EnzymeCAGE-master/HPC_Returned_Result_Summaries/enzymecage_m4_e2_full_4681_4gpu_sharded_continuation_20260814/shards/shard_02/per_uid/Q9X0X1/p2rank/Q9X0X1.ds,P2Rank 2.5.1,,,,AFDB structure fetched; P2Rank ran under the approved command contract; no usable top predicted pocket residues were produced or mapped.,False,
Q9X5W6,77,v6,6053b2ff15f2fdd75b6500999bf3e37351c8d03be4a1efea79eaf298a32e5f32,/usrdata/EnzymeCAGE_data/tools/p2rank_2.5.1/prank predict -threads 4 -c alphafold -visualizations 0 -o /root/projects/EnzymeCAGE-master/HPC_Returned_Result_Summaries/enzymecage_m4_e2_full_4681_4gpu_sharded_continuation_20260814/shards/shard_00/per_uid/Q9X5W6/p2rank/raw /root/projects/EnzymeCAGE-master/HPC_Returned_Result_Summaries/enzymecage_m4_e2_full_4681_4gpu_sharded_continuation_20260814/shards/shard_00/per_uid/Q9X5W6/p2rank/Q9X5W6.ds,P2Rank 2.5.1,,,,AFDB structure fetched; P2Rank ran under the approved command contract; no usable top predicted pocket residues were produced or mapped.,False,
Q9Y8K3,108,v6,e919ba56f0d2cb3a5afd1ee9c418b2e4dcd82f6c046f349d9981da3a5c0226bd,/usrdata/EnzymeCAGE_data/tools/p2rank_2.5.1/prank predict -threads 4 -c alphafold -visualizations 0 -o /root/projects/EnzymeCAGE-master/HPC_Returned_Result_Summaries/enzymecage_m4_e2_full_4681_4gpu_sharded_continuation_20260814/shards/shard_00/per_uid/Q9Y8K3/p2rank/raw /root/projects/EnzymeCAGE-master/HPC_Returned_Result_Summaries/enzymecage_m4_e2_full_4681_4gpu_sharded_continuation_20260814/shards/shard_00/per_uid/Q9Y8K3/p2rank/Q9Y8K3.ds,P2Rank 2.5.1,,,,AFDB structure fetched; P2Rank ran under the approved command contract; no usable top predicted pocket residues were produced or mapped.,False,
Q9Y8K5,73,v6,de505f1559366a8e7fb7e16ecb10bc8b2688311a715532cab51dc658f7d73e59,/usrdata/EnzymeCAGE_data/tools/p2rank_2.5.1/prank predict -threads 4 -c alphafold -visualizations 0 -o /root/projects/EnzymeCAGE-master/HPC_Returned_Result_Summaries/enzymecage_m4_e2_full_4681_4gpu_sharded_continuation_20260814/shards/shard_01/per_uid/Q9Y8K5/p2rank/raw /root/projects/EnzymeCAGE-master/HPC_Returned_Result_Summaries/enzymecage_m4_e2_full_4681_4gpu_sharded_continuation_20260814/shards/shard_01/per_uid/Q9Y8K5/p2rank/Q9Y8K5.ds,P2Rank 2.5.1,,,,AFDB structure fetched; P2Rank ran under the approved command contract; no usable top predicted pocket residues were produced or mapped.,False,
Q9YBD6,124,v6,dc7ded0e40699e9ca04aa161ee9613093e164cfddc06af76f9f5260570183785,/usrdata/EnzymeCAGE_data/tools/p2rank_2.5.1/prank predict -threads 4 -c alphafold -visualizations 0 -o /root/projects/EnzymeCAGE-master/HPC_Returned_Result_Summaries/enzymecage_m4_e2_full_4681_4gpu_sharded_continuation_20260814/shards/shard_02/per_uid/Q9YBD6/p2rank/raw /root/projects/EnzymeCAGE-master/HPC_Returned_Result_Summaries/enzymecage_m4_e2_full_4681_4gpu_sharded_continuation_20260814/shards/shard_02/per_uid/Q9YBD6/p2rank/Q9YBD6.ds,P2Rank 2.5.1,,,,AFDB structure fetched; P2Rank ran under the approved command contract; no usable top predicted pocket residues were produced or mapped.,False,
Q9YDV3,188,v6,57d51e35d7350cb224c33416b3038384b4f02a8239aa8b93ef02ed7c32dc05b6,/usrdata/EnzymeCAGE_data/tools/p2rank_2.5.1/prank predict -threads 4 -c alphafold -visualizations 0 -o /root/projects/EnzymeCAGE-master/HPC_Returned_Result_Summaries/enzymecage_m4_e2_full_4681_4gpu_sharded_continuation_20260814/shards/shard_03/per_uid/Q9YDV3/p2rank/raw /root/projects/EnzymeCAGE-master/HPC_Returned_Result_Summaries/enzymecage_m4_e2_full_4681_4gpu_sharded_continuation_20260814/shards/shard_03/per_uid/Q9YDV3/p2rank/Q9YDV3.ds,P2Rank 2.5.1,,,,AFDB structure fetched; P2Rank ran under the approved command contract; no usable top predicted pocket residues were produced or mapped.,False,
Q9Z431,63,v6,ae1220407c96dd1019245037249b51109e0f29adce04ac9fddf390b58a292f06,/usrdata/EnzymeCAGE_data/tools/p2rank_2.5.1/prank predict -threads 4 -c alphafold -visualizations 0 -o /root/projects/EnzymeCAGE-master/HPC_Returned_Result_Summaries/enzymecage_m4_e2_full_4681_4gpu_sharded_continuation_20260814/shards/shard_03/per_uid/Q9Z431/p2rank/raw /root/projects/EnzymeCAGE-master/HPC_Returned_Result_Summaries/enzymecage_m4_e2_full_4681_4gpu_sharded_continuation_20260814/shards/shard_03/per_uid/Q9Z431/p2rank/Q9Z431.ds,P2Rank 2.5.1,,,,AFDB structure fetched; P2Rank ran under the approved command contract; no usable top predicted pocket residues were produced or mapped.,False,
Q9Z9G8,101,v6,f09f09aabd29c8945141f7a40cd361e15d7162a87ea9dbea0a48129edf414cd4,/usrdata/EnzymeCAGE_data/tools/p2rank_2.5.1/prank predict -threads 4 -c alphafold -visualizations 0 -o /root/projects/EnzymeCAGE-master/HPC_Returned_Result_Summaries/enzymecage_m4_e2_full_4681_4gpu_sharded_continuation_20260814/shards/shard_01/per_uid/Q9Z9G8/p2rank/raw /root/projects/EnzymeCAGE-master/HPC_Returned_Result_Summaries/enzymecage_m4_e2_full_4681_4gpu_sharded_continuation_20260814/shards/shard_01/per_uid/Q9Z9G8/p2rank/Q9Z9G8.ds,P2Rank 2.5.1,,,,AFDB structure fetched; P2Rank ran under the approved command contract; no usable top predicted pocket residues were produced or mapped.,False,
Q9ZAA7,145,v6,7c0ce69525ee35f51b8969fe5015face26219f030cd843177fd2b6d3cc75a975,/usrdata/EnzymeCAGE_data/tools/p2rank_2.5.1/prank predict -threads 4 -c alphafold -visualizations 0 -o /root/projects/EnzymeCAGE-master/HPC_Returned_Result_Summaries/enzymecage_m4_e2_full_4681_4gpu_sharded_continuation_20260814/shards/shard_02/per_uid/Q9ZAA7/p2rank/raw /root/projects/EnzymeCAGE-master/HPC_Returned_Result_Summaries/enzymecage_m4_e2_full_4681_4gpu_sharded_continuation_20260814/shards/shard_02/per_uid/Q9ZAA7/p2rank/Q9ZAA7.ds,P2Rank 2.5.1,,,,AFDB structure fetched; P2Rank ran under the approved command contract; no usable top predicted pocket residues were produced or mapped.,False,
Q9ZAA8,107,v6,eca3c911f867a04e770042393a5c02335c1d479ade766f3f836c91fd50bfc006,/usrdata/EnzymeCAGE_data/tools/p2rank_2.5.1/prank predict -threads 4 -c alphafold -visualizations 0 -o /root/projects/EnzymeCAGE-master/HPC_Returned_Result_Summaries/enzymecage_m4_e2_full_4681_4gpu_sharded_continuation_20260814/shards/shard_03/per_uid/Q9ZAA8/p2rank/raw /root/projects/EnzymeCAGE-master/HPC_Returned_Result_Summaries/enzymecage_m4_e2_full_4681_4gpu_sharded_continuation_20260814/shards/shard_03/per_uid/Q9ZAA8/p2rank/Q9ZAA8.ds,P2Rank 2.5.1,,,,AFDB structure fetched; P2Rank ran under the approved command contract; no usable top predicted pocket residues were produced or mapped.,False,
Q9ZET6,88,v6,a180cb766c3c05d0ee63a41f31a23c590e929f4e3ec67b0758f4ed591829813f,/usrdata/EnzymeCAGE_data/tools/p2rank_2.5.1/prank predict -threads 4 -c alphafold -visualizations 0 -o /root/projects/EnzymeCAGE-master/HPC_Returned_Result_Summaries/enzymecage_m4_e2_full_4681_4gpu_sharded_continuation_20260814/shards/shard_00/per_uid/Q9ZET6/p2rank/raw /root/projects/EnzymeCAGE-master/HPC_Returned_Result_Summaries/enzymecage_m4_e2_full_4681_4gpu_sharded_continuation_20260814/shards/shard_00/per_uid/Q9ZET6/p2rank/Q9ZET6.ds,P2Rank 2.5.1,,,,AFDB structure fetched; P2Rank ran under the approved command contract; no usable top predicted pocket residues were produced or mapped.,False,
Q9ZI54,63,v6,5c018152da0ad9202a949eb536bcf501a79a2d293e31849256a77e816ea4f2c2,/usrdata/EnzymeCAGE_data/tools/p2rank_2.5.1/prank predict -threads 4 -c alphafold -visualizations 0 -o /root/projects/EnzymeCAGE-master/HPC_Returned_Result_Summaries/enzymecage_m4_e2_full_4681_4gpu_sharded_continuation_20260814/shards/shard_01/per_uid/Q9ZI54/p2rank/raw /root/projects/EnzymeCAGE-master/HPC_Returned_Result_Summaries/enzymecage_m4_e2_full_4681_4gpu_sharded_continuation_20260814/shards/shard_01/per_uid/Q9ZI54/p2rank/Q9ZI54.ds,P2Rank 2.5.1,,,,AFDB structure fetched; P2Rank ran under the approved command contract; no usable top predicted pocket residues were produced or mapped.,False,
Q9ZKM6,93,v6,c84d59db8abfc11a28b6b60e92a5193aad9549c1a680a6405374984d73699c12,/usrdata/EnzymeCAGE_data/tools/p2rank_2.5.1/prank predict -threads 4 -c alphafold -visualizations 0 -o /root/projects/EnzymeCAGE-master/HPC_Returned_Result_Summaries/enzymecage_m4_e2_full_4681_4gpu_sharded_continuation_20260814/shards/shard_02/per_uid/Q9ZKM6/p2rank/raw /root/projects/EnzymeCAGE-master/HPC_Returned_Result_Summaries/enzymecage_m4_e2_full_4681_4gpu_sharded_continuation_20260814/shards/shard_02/per_uid/Q9ZKM6/p2rank/Q9ZKM6.ds,P2Rank 2.5.1,,,,AFDB structure fetched; P2Rank ran under the approved command contract; no usable top predicted pocket residues were produced or mapped.,False,
