UniprotID,manifest_order_index,base_completed,assigned_shard,assigned_gpu,assignment_reason
A0A009IHW8,0,true,,,base_completed
A0A017SPL2,1,true,,,base_completed
A0A023GS29,2,true,,,base_completed
A0A059WGE7,3,true,,,base_completed
A0A059WI14,4,true,,,base_completed
A0A061FLA2,5,true,,,base_completed
A0A067DDU9,6,true,,,base_completed
A0A067DKP1,7,true,,,base_completed
A0A067ECN5,8,true,,,base_completed
A0A067FI21,9,true,,,base_completed
A0A075D654,10,true,,,base_completed
A0A075D6M1,11,true,,,base_completed
A0A077EYL8,12,true,,,base_completed
A0A089LCJ8,13,true,,,base_completed
A0A089MMR2,14,true,,,base_completed
A0A0E0S0W9,15,true,,,base_completed
A0A0E1RWL5,16,true,,,base_completed
A0A0F4YI33,17,true,,,base_completed
A0A0F7TWW9,18,true,,,base_completed
A0A0F9X418,19,true,,,base_completed
A0A0G2JDV3,20,true,,,base_completed
A0A0G2JZ79,21,true,,,base_completed
A0A0H2V660,22,true,,,base_completed
A0A0H2V760,23,true,,,base_completed
A0A0H3DK98,24,true,,,base_completed
A0A0H3DN66,25,true,,,base_completed
A0A0H3GEM5,26,true,,,base_completed
A0A0H3LSV1,27,true,,,base_completed
A0A0H3LVU7,28,true,,,base_completed
A0A0J9UVX2,29,true,,,base_completed
A0A0J9X285,30,true,,,base_completed
A0A0M2H929,31,true,,,base_completed
A0A0M8N4S6,32,true,,,base_completed
A0A0M8N8I0,33,true,,,base_completed
A0A0M8N9Q3,34,true,,,base_completed
A0A0M9VUI4,35,true,,,base_completed
A0A0M9VUJ4,36,true,,,base_completed
A0A0P0FGV9,37,true,,,base_completed
A0A0Q9K4R6,38,true,,,base_completed
A0A0Q9K529,39,true,,,base_completed
A0A0Q9KFZ4,40,true,,,base_completed
A0A0S0MVI5,41,true,,,base_completed
A0A0S0MX59,42,true,,,base_completed
A0A0S0N8M3,43,true,,,base_completed
A0A0S0N9S9,44,true,,,base_completed
A0A0U3AB61,45,true,,,base_completed
A0A0U3S9Q3,46,true,,,base_completed
A0A0U4AHM6,47,true,,,base_completed
A0A0U4BHM2,48,true,,,base_completed
A0A0U5G0B1,49,true,,,base_completed
A0A0X1KHF9,50,true,,,base_completed
A0A125SXN3,51,true,,,base_completed
A0A125YY17,52,true,,,base_completed
A0A125YYB5,53,true,,,base_completed
A0A140LIF8,54,true,,,base_completed
A0A166ACJ5,55,true,,,base_completed
A0A179UL48,56,true,,,base_completed
A0A194VNL2,57,true,,,base_completed
A0A194W185,58,true,,,base_completed
A0A194WDG1,59,true,,,base_completed
A0A1B5KW97,60,true,,,base_completed
A0A1C3NEV1,61,true,,,base_completed
A0A1D8PJ01,62,true,,,base_completed
A0A1D9Q0B7,63,true,,,base_completed
A0A1D9QMS2,64,true,,,base_completed
A0A1E3M8P2,65,true,,,base_completed
A0A1E5RIW9,66,true,,,base_completed
A0A1E5S1A9,67,true,,,base_completed
A0A1F5L592,68,true,,,base_completed
A0A1H1YBL2,69,true,,,base_completed
A0A1L7NVA6,70,false,0,0,remaining_order_0_mod_4
A0A1L9X985,71,false,1,1,remaining_order_1_mod_4
A0A1Q5Q699,72,false,2,2,remaining_order_2_mod_4
A0A1S1YUU1,73,false,3,3,remaining_order_3_mod_4
A0A1U8CC89,74,false,0,0,remaining_order_4_mod_4
A0A1V0QSF4,75,false,1,1,remaining_order_5_mod_4
A0A1V0QSF8,76,false,2,2,remaining_order_6_mod_4
A0A1V0QSG0,77,false,3,3,remaining_order_7_mod_4
A0A1V0QSG6,78,false,0,0,remaining_order_8_mod_4
A0A1V0QSH7,79,false,1,1,remaining_order_9_mod_4
A0A217ER65,80,false,2,2,remaining_order_10_mod_4
A0A218NGS0,81,false,3,3,remaining_order_11_mod_4
A0A224AU14,82,false,0,0,remaining_order_12_mod_4
A0A2G0QDN4,83,false,1,1,remaining_order_13_mod_4
A0A2G0QDP0,84,false,2,2,remaining_order_14_mod_4
A0A2H1K3G9,85,false,3,3,remaining_order_15_mod_4
A0A2H5BHG9,86,false,0,0,remaining_order_16_mod_4
A0A2H5BHJ6,87,false,1,1,remaining_order_17_mod_4
A0A2I1CSG1,88,false,2,2,remaining_order_18_mod_4
A0A2I1CSG7,89,false,3,3,remaining_order_19_mod_4
A0A2I1CSH5,90,false,0,0,remaining_order_20_mod_4
A0A2I1CSH6,91,false,1,1,remaining_order_21_mod_4
A0A2I1CSH9,92,false,2,2,remaining_order_22_mod_4
A0A2K3D179,93,false,3,3,remaining_order_23_mod_4
A0A2L0V130,94,false,0,0,remaining_order_24_mod_4
A0A2L0V161,95,false,1,1,remaining_order_25_mod_4
A0A2P5I554,96,false,2,2,remaining_order_26_mod_4
A0A2T1AE85,97,false,3,3,remaining_order_27_mod_4
A0A2Z5P0W7,98,false,0,0,remaining_order_28_mod_4
A0A2Z5P2H9,99,false,1,1,remaining_order_29_mod_4
A0A2Z5U367,100,false,2,2,remaining_order_30_mod_4
A0A2Z5U368,101,false,3,3,remaining_order_31_mod_4
A0A2Z5U3C2,102,false,0,0,remaining_order_32_mod_4
A0A2Z5U507,103,false,1,1,remaining_order_33_mod_4
A0A2Z5U6I9,104,false,2,2,remaining_order_34_mod_4
A0A2Z5UFJ1,105,false,3,3,remaining_order_35_mod_4
A0A345MJY6,106,false,0,0,remaining_order_36_mod_4
A0A364MYA3,107,false,1,1,remaining_order_37_mod_4
A0A384JQC9,108,false,2,2,remaining_order_38_mod_4
A0A3B6EFE3,109,false,3,3,remaining_order_39_mod_4
A0A3B6UEU3,110,false,0,0,remaining_order_40_mod_4
A0A3Q0KQY7,111,false,1,1,remaining_order_41_mod_4
A0A3Q7GYG2,112,false,2,2,remaining_order_42_mod_4
A0A3R5XUE6,113,false,3,3,remaining_order_43_mod_4
A0A423V942,114,false,0,0,remaining_order_44_mod_4
A0A423VZH2,115,false,1,1,remaining_order_45_mod_4
A0A423WA64,116,false,2,2,remaining_order_46_mod_4
A0A429XC68,117,false,3,3,remaining_order_47_mod_4
A0A429XCI2,118,false,0,0,remaining_order_48_mod_4
A0A429XDI3,119,false,1,1,remaining_order_49_mod_4
A0A437A6S9,120,false,2,2,remaining_order_50_mod_4
A0A498JQK2,121,false,3,3,remaining_order_51_mod_4
A0A499W357,122,false,0,0,remaining_order_52_mod_4
A0A4P1QUJ3,123,false,1,1,remaining_order_53_mod_4
A0A4S4DBB3,124,false,2,2,remaining_order_54_mod_4
A0A4S4ESS1,125,false,3,3,remaining_order_55_mod_4
A0A4X1T4U3,126,false,0,0,remaining_order_56_mod_4
A0A516KNH9,127,false,1,1,remaining_order_57_mod_4
A0A559KX76,128,false,2,2,remaining_order_58_mod_4
A0A565D474,129,false,3,3,remaining_order_59_mod_4
A0A565D475,130,false,0,0,remaining_order_60_mod_4
A0A565D477,131,false,1,1,remaining_order_61_mod_4
A0A5B8ND22,132,false,2,2,remaining_order_62_mod_4
A0A5B8X6A1,133,false,3,3,remaining_order_63_mod_4
A0A5B8X6B5,134,false,0,0,remaining_order_64_mod_4
A0A5B8X6S2,135,false,1,1,remaining_order_65_mod_4
A0A5B8X7E6,136,false,2,2,remaining_order_66_mod_4
A0A5B8X7H4,137,false,3,3,remaining_order_67_mod_4
A0A5B8X840,138,false,0,0,remaining_order_68_mod_4
A0A5B8XAH0,139,false,1,1,remaining_order_69_mod_4
A0A5B8XB28,140,false,2,2,remaining_order_70_mod_4
A0A5B8XC60,141,false,3,3,remaining_order_71_mod_4
A0A5B8Z1N3,142,false,0,0,remaining_order_72_mod_4
A0A5C0SBK3,143,false,1,1,remaining_order_73_mod_4
A0A5J5NT52,144,false,2,2,remaining_order_74_mod_4
A0A5J5T2N2,145,false,3,3,remaining_order_75_mod_4
A0A5N6TQK6,146,false,0,0,remaining_order_76_mod_4
A0A5N6TQL1,147,false,1,1,remaining_order_77_mod_4
A0A5N6TQN5,148,false,2,2,remaining_order_78_mod_4
A0A5N6TR74,149,false,3,3,remaining_order_79_mod_4
A0A649V088,150,false,0,0,remaining_order_80_mod_4
A0A6A6H2E0,151,false,1,1,remaining_order_81_mod_4
A0A6A6H402,152,false,2,2,remaining_order_82_mod_4
A0A6M7H989,153,false,3,3,remaining_order_83_mod_4
A0A6N3IN21,154,false,0,0,remaining_order_84_mod_4
A0A7H0DN19,155,false,1,1,remaining_order_85_mod_4
A0A7H0DN21,156,false,2,2,remaining_order_86_mod_4
A0A7H0DN27,157,false,3,3,remaining_order_87_mod_4
A0A7H0DN30,158,false,0,0,remaining_order_88_mod_4
A0A7H0DN45,159,false,1,1,remaining_order_89_mod_4
A0A7H0DN52,160,false,2,2,remaining_order_90_mod_4
A0A7H0DN56,161,false,3,3,remaining_order_91_mod_4
A0A7H0DN73,162,false,0,0,remaining_order_92_mod_4
A0A7H0DN74,163,false,1,1,remaining_order_93_mod_4
A0A7H0DN78,164,false,2,2,remaining_order_94_mod_4
A0A7H0DN85,165,false,3,3,remaining_order_95_mod_4
A0A7H0DN93,166,false,0,0,remaining_order_96_mod_4
A0A7H0DN95,167,false,1,1,remaining_order_97_mod_4
A0A7H0DNE2,168,false,2,2,remaining_order_98_mod_4
A0A7H0DNE5,169,false,3,3,remaining_order_99_mod_4
A0A7H0DNE9,170,false,0,0,remaining_order_100_mod_4
A0A7H0DNF0,171,false,1,1,remaining_order_101_mod_4
A0A7J6HK32,172,false,2,2,remaining_order_102_mod_4
A0A7L5EB83,173,false,3,3,remaining_order_103_mod_4
A0A7S7NT01,174,false,0,0,remaining_order_104_mod_4
A0A7T8F1I4,175,false,1,1,remaining_order_105_mod_4
A0A7T8F1J6,176,false,2,2,remaining_order_106_mod_4
A0A7T8F1J7,177,false,3,3,remaining_order_107_mod_4
A0A7T8F1L1,178,false,0,0,remaining_order_108_mod_4
A0A7T8F1L3,179,false,1,1,remaining_order_109_mod_4
A0A7T8F1M6,180,false,2,2,remaining_order_110_mod_4
A0A7T8F1M9,181,false,3,3,remaining_order_111_mod_4
A0A7T8F1N2,182,false,0,0,remaining_order_112_mod_4
A0A7T8J1U7,183,false,1,1,remaining_order_113_mod_4
A0A7T8J1Z8,184,false,2,2,remaining_order_114_mod_4
A0A7U2MMF3,185,false,3,3,remaining_order_115_mod_4
A0A7U2QYM2,186,false,0,0,remaining_order_116_mod_4
A0A7U3TBV3,187,false,1,1,remaining_order_117_mod_4
A0A7U3TBV6,188,false,2,2,remaining_order_118_mod_4
A0A7U3TCA2,189,false,3,3,remaining_order_119_mod_4
A0A803PDZ0,190,false,0,0,remaining_order_120_mod_4
A0A868BQY3,191,false,1,1,remaining_order_121_mod_4
A0A8B6XWW9,192,false,2,2,remaining_order_122_mod_4
A0A8B8BQ58,193,false,3,3,remaining_order_123_mod_4
A0A8C2MDK8,194,false,0,0,remaining_order_124_mod_4
A0A8D5M3Y5,195,false,1,1,remaining_order_125_mod_4
A0A8F4N283,196,false,2,2,remaining_order_126_mod_4
A0A8F4PN06,197,false,3,3,remaining_order_127_mod_4
A0A8F4SN83,198,false,0,0,remaining_order_128_mod_4
A0A8F5SIS3,199,false,1,1,remaining_order_129_mod_4
A0A8F5XX49,200,false,2,2,remaining_order_130_mod_4
A0A8G1LR08,201,false,3,3,remaining_order_131_mod_4
A0A8H4CUY8,202,false,0,0,remaining_order_132_mod_4
A0A8H7XMX0,203,false,1,1,remaining_order_133_mod_4
A0A8H7XP09,204,false,2,2,remaining_order_134_mod_4
A0A8H7XQ49,205,false,3,3,remaining_order_135_mod_4
A0A8H8CFI5,206,false,0,0,remaining_order_136_mod_4
A0A8H8CMW1,207,false,1,1,remaining_order_137_mod_4
A0A8I3S724,208,false,2,2,remaining_order_138_mod_4
A0A8I5ZNK2,209,false,3,3,remaining_order_139_mod_4
A0A8I6AGW3,210,false,0,0,remaining_order_140_mod_4
A0A8I6G2K8,211,false,1,1,remaining_order_141_mod_4
A0A8I6GJ95,212,false,2,2,remaining_order_142_mod_4
A0A8K1AY78,213,false,3,3,remaining_order_143_mod_4
A0A8M1PLI9,214,false,0,0,remaining_order_144_mod_4
A0A8R9YVA6,215,false,1,1,remaining_order_145_mod_4
A0A8R9YZM7,216,false,2,2,remaining_order_146_mod_4
A0A8R9Z3C6,217,false,3,3,remaining_order_147_mod_4
A0A8R9Z5V5,218,false,0,0,remaining_order_148_mod_4
A0A8X8M4T9,219,false,1,1,remaining_order_149_mod_4
A0A8X8M4W6,220,false,2,2,remaining_order_150_mod_4
A0A8X8M501,221,false,3,3,remaining_order_151_mod_4
A0A8X8M505,222,false,0,0,remaining_order_152_mod_4
A0A913XCT1,223,false,1,1,remaining_order_153_mod_4
A0A976YI25,224,false,2,2,remaining_order_154_mod_4
A0A9E7LUJ4,225,false,3,3,remaining_order_155_mod_4
A0A9E7LUL3,226,false,0,0,remaining_order_156_mod_4
A0A9E7LUR3,227,false,1,1,remaining_order_157_mod_4
A0A9E7S4M3,228,false,2,2,remaining_order_158_mod_4
A0A9E7S4M4,229,false,3,3,remaining_order_159_mod_4
A0A9E7S518,230,false,0,0,remaining_order_160_mod_4
A0A9E7S5B9,231,false,1,1,remaining_order_161_mod_4
A0A9E7S5E3,232,false,2,2,remaining_order_162_mod_4
A0A9E8G339,233,false,3,3,remaining_order_163_mod_4
A0A9J9HGY6,234,false,0,0,remaining_order_164_mod_4
A0A9P5CQV5,235,false,1,1,remaining_order_165_mod_4
A0A9Y1LLN2,236,false,2,2,remaining_order_166_mod_4
A0A9Y1LNE1,237,false,3,3,remaining_order_167_mod_4
A0A9Y1LQX3,238,false,0,0,remaining_order_168_mod_4
A0AA51VIL5,239,false,1,1,remaining_order_169_mod_4
A0AA51VIL7,240,false,2,2,remaining_order_170_mod_4
A0AA51VIM4,241,false,3,3,remaining_order_171_mod_4
A0AA51VJB7,242,false,0,0,remaining_order_172_mod_4
A0AA51VKJ3,243,false,1,1,remaining_order_173_mod_4
A0AA51Z0J6,244,false,2,2,remaining_order_174_mod_4
A0AA51Z3J4,245,false,3,3,remaining_order_175_mod_4
A0AA51Z3S7,246,false,0,0,remaining_order_176_mod_4
A0AAD6ITA8,247,false,1,1,remaining_order_177_mod_4
A0AAD6IZ24,248,false,2,2,remaining_order_178_mod_4
A0AAD6J5K1,249,false,3,3,remaining_order_179_mod_4
A0AAD6J5T3,250,false,0,0,remaining_order_180_mod_4
A0AAD6NF83,251,false,1,1,remaining_order_181_mod_4
A0AAD6NFV5,252,false,2,2,remaining_order_182_mod_4
A0AAD6NLP7,253,false,3,3,remaining_order_183_mod_4
A0AAI7ZGA5,254,false,0,0,remaining_order_184_mod_4
A0AAI7ZGC9,255,false,1,1,remaining_order_185_mod_4
A0AAN4PAE6,256,false,2,2,remaining_order_186_mod_4
A0AAT9JA24,257,false,3,3,remaining_order_187_mod_4
A0AAW1HA02,258,false,0,0,remaining_order_188_mod_4
A0AAW1IQ05,259,false,1,1,remaining_order_189_mod_4
A0AAW1J1B8,260,false,2,2,remaining_order_190_mod_4
A0AAW1J8D7,261,false,3,3,remaining_order_191_mod_4
A0AAW1J9R8,262,false,0,0,remaining_order_192_mod_4
A0AAW1JA93,263,false,1,1,remaining_order_193_mod_4
A0AAW1K8I9,264,false,2,2,remaining_order_194_mod_4
A0AAW1L0L7,265,false,3,3,remaining_order_195_mod_4
A0AAW1M2U7,266,false,0,0,remaining_order_196_mod_4
A0AAW1MQS1,267,false,1,1,remaining_order_197_mod_4
A0AAW1NHX6,268,false,2,2,remaining_order_198_mod_4
A0AB36VXQ9,269,false,3,3,remaining_order_199_mod_4
A0AJK9,270,false,0,0,remaining_order_200_mod_4
A0B573,271,false,1,1,remaining_order_201_mod_4
A0JPE9,272,false,2,2,remaining_order_202_mod_4
A0JRH2,273,false,3,3,remaining_order_203_mod_4
A0JRH3,274,false,0,0,remaining_order_204_mod_4
A0JXX7,275,false,1,1,remaining_order_205_mod_4
A0K2V4,276,false,2,2,remaining_order_206_mod_4
A0K577,277,false,3,3,remaining_order_207_mod_4
A0K913,278,false,0,0,remaining_order_208_mod_4
A0KBI0,279,false,1,1,remaining_order_209_mod_4
A0KQ95,280,false,2,2,remaining_order_210_mod_4
A0L1Q7,281,false,3,3,remaining_order_211_mod_4
A0L6F0,282,false,0,0,remaining_order_212_mod_4
A0L6F1,283,false,1,1,remaining_order_213_mod_4
A0LRJ1,284,false,2,2,remaining_order_214_mod_4
A0M1H4,285,false,3,3,remaining_order_215_mod_4
A0PNU6,286,false,0,0,remaining_order_216_mod_4
A0PPX3,287,false,1,1,remaining_order_217_mod_4
A0PSG3,288,false,2,2,remaining_order_218_mod_4
A0PSG4,289,false,3,3,remaining_order_219_mod_4
A0PW69,290,false,0,0,remaining_order_220_mod_4
A0PZY2,291,false,1,1,remaining_order_221_mod_4
A0QBW1,292,false,2,2,remaining_order_222_mod_4
A0QCA6,293,false,3,3,remaining_order_223_mod_4
A0QHT7,294,false,0,0,remaining_order_224_mod_4
A0QT90,295,false,1,1,remaining_order_225_mod_4
A0QUW9,296,false,2,2,remaining_order_226_mod_4
A0QX29,297,false,3,3,remaining_order_227_mod_4
A0QYE2,298,false,0,0,remaining_order_228_mod_4
A0R2K7,299,false,1,1,remaining_order_229_mod_4
A0R3N5,300,false,2,2,remaining_order_230_mod_4
A0R627,301,false,3,3,remaining_order_231_mod_4
A0RQ21,302,false,0,0,remaining_order_232_mod_4
A0ZZS8,303,false,1,1,remaining_order_233_mod_4
A1A3F7,304,false,2,2,remaining_order_234_mod_4
A1A7H7,305,false,3,3,remaining_order_235_mod_4
A1AIF3,306,false,0,0,remaining_order_236_mod_4
A1AW12,307,false,1,1,remaining_order_237_mod_4
A1AZJ3,308,false,2,2,remaining_order_238_mod_4
A1B1C2,309,false,3,3,remaining_order_239_mod_4
A1B3I3,310,false,0,0,remaining_order_240_mod_4
A1CVQ3,311,false,1,1,remaining_order_241_mod_4
A1E952,312,false,2,2,remaining_order_242_mod_4
A1JLI8,313,false,3,3,remaining_order_243_mod_4
A1JS52,314,false,0,0,remaining_order_244_mod_4
A1K1T6,315,false,1,1,remaining_order_245_mod_4
A1K5B8,316,false,2,2,remaining_order_246_mod_4
A1KBB5,317,false,3,3,remaining_order_247_mod_4
A1KHE9,318,false,0,0,remaining_order_248_mod_4
A1KHV0,319,false,1,1,remaining_order_249_mod_4
A1KIS5,320,false,2,2,remaining_order_250_mod_4
A1KJR0,321,false,3,3,remaining_order_251_mod_4
A1KJR1,322,false,0,0,remaining_order_252_mod_4
A1KLB3,323,false,1,1,remaining_order_253_mod_4
A1KMA6,324,false,2,2,remaining_order_254_mod_4
A1KN36,325,false,3,3,remaining_order_255_mod_4
A1R1C3,326,false,0,0,remaining_order_256_mod_4
A1R1C4,327,false,1,1,remaining_order_257_mod_4
A1R4R0,328,false,2,2,remaining_order_258_mod_4
A1RVI0,329,false,3,3,remaining_order_259_mod_4
A1SPV1,330,false,0,0,remaining_order_260_mod_4
A1SYX9,331,false,1,1,remaining_order_261_mod_4
A1SYY0,332,false,2,2,remaining_order_262_mod_4
A1T8R1,333,false,3,3,remaining_order_263_mod_4
A1T9N5,334,false,0,0,remaining_order_264_mod_4
A1T9N6,335,false,1,1,remaining_order_265_mod_4
A1TDS4,336,false,2,2,remaining_order_266_mod_4
A1TIW2,337,false,3,3,remaining_order_267_mod_4
A1TSZ3,338,false,0,0,remaining_order_268_mod_4
A1TZV5,339,false,1,1,remaining_order_269_mod_4
A1U500,340,false,2,2,remaining_order_270_mod_4
A1UFU2,341,false,3,3,remaining_order_271_mod_4
A1UGT6,342,false,0,0,remaining_order_272_mod_4
A1UGT7,343,false,1,1,remaining_order_273_mod_4
A1V1G7,344,false,2,2,remaining_order_274_mod_4
A1V777,345,false,3,3,remaining_order_275_mod_4
A1VE87,346,false,0,0,remaining_order_276_mod_4
A1VYB8,347,false,1,1,remaining_order_277_mod_4
A1WDC8,348,false,2,2,remaining_order_278_mod_4
A1WUX3,349,false,3,3,remaining_order_279_mod_4
A1WVR8,350,false,0,0,remaining_order_280_mod_4
A1YIZ1,351,false,1,1,remaining_order_281_mod_4
A2A559,352,false,2,2,remaining_order_282_mod_4
A2BHB7,353,false,3,3,remaining_order_283_mod_4
A2BQW6,354,false,0,0,remaining_order_284_mod_4
A2C4S0,355,false,1,1,remaining_order_285_mod_4
A2C4S1,356,false,2,2,remaining_order_286_mod_4
A2C7K4,357,false,3,3,remaining_order_287_mod_4
A2CCF2,358,false,0,0,remaining_order_288_mod_4
A2QDI9,359,false,1,1,remaining_order_289_mod_4
A2RIE6,360,false,2,2,remaining_order_290_mod_4
A2RJD5,361,false,3,3,remaining_order_291_mod_4
A2RJS3,362,false,0,0,remaining_order_292_mod_4
A2S8I8,363,false,1,1,remaining_order_293_mod_4
A2S997,364,false,2,2,remaining_order_294_mod_4
A2SBV7,365,false,3,3,remaining_order_295_mod_4
A2SDJ1,366,false,0,0,remaining_order_296_mod_4
A2SQK1,367,false,1,1,remaining_order_297_mod_4
A2T3S5,368,false,2,2,remaining_order_298_mod_4
A2V7M9,369,false,3,3,remaining_order_299_mod_4
A2V9Y8,370,false,0,0,remaining_order_300_mod_4
A3CST9,371,false,1,1,remaining_order_301_mod_4
A3DE86,372,false,2,2,remaining_order_302_mod_4
A3DGG0,373,false,3,3,remaining_order_303_mod_4
A3KCL7,374,false,0,0,remaining_order_304_mod_4
A3LU55,375,false,1,1,remaining_order_305_mod_4
A3M3F1,376,false,2,2,remaining_order_306_mod_4
A3MNR5,377,false,3,3,remaining_order_307_mod_4
A3MYF1,378,false,0,0,remaining_order_308_mod_4
A3MZ45,379,false,1,1,remaining_order_309_mod_4
A3N223,380,false,2,2,remaining_order_310_mod_4
A3N2R6,381,false,3,3,remaining_order_311_mod_4
A3N4F3,382,false,0,0,remaining_order_312_mod_4
A3NQ44,383,false,1,1,remaining_order_313_mod_4
A3NYC8,384,false,2,2,remaining_order_314_mod_4
A3PCN9,385,false,3,3,remaining_order_315_mod_4
A3PI89,386,false,0,0,remaining_order_316_mod_4
A3PL41,387,false,1,1,remaining_order_317_mod_4
A3PL42,388,false,2,2,remaining_order_318_mod_4
A3PZF2,389,false,3,3,remaining_order_319_mod_4
A3Q0D6,390,false,0,0,remaining_order_320_mod_4
A3Q0D7,391,false,1,1,remaining_order_321_mod_4
A4D9B0,392,false,2,2,remaining_order_322_mod_4
A4FMH0,393,false,3,3,remaining_order_323_mod_4
A4FUG7,394,false,0,0,remaining_order_324_mod_4
A4FVW2,395,false,1,1,remaining_order_325_mod_4
A4FZB4,396,false,2,2,remaining_order_326_mod_4
A4G1L5,397,false,3,3,remaining_order_327_mod_4
A4GT88,398,false,0,0,remaining_order_328_mod_4
A4II73,399,false,1,1,remaining_order_329_mod_4
A4IKU8,400,false,2,2,remaining_order_330_mod_4
A4IMB9,401,false,3,3,remaining_order_331_mod_4
A4JC43,402,false,0,0,remaining_order_332_mod_4
A4JIT1,403,false,1,1,remaining_order_333_mod_4
A4KX71,404,false,2,2,remaining_order_334_mod_4
A4KX74,405,false,3,3,remaining_order_335_mod_4
A4QA21,406,false,0,0,remaining_order_336_mod_4
A4QDS8,407,false,1,1,remaining_order_337_mod_4
A4QEC1,408,false,2,2,remaining_order_338_mod_4
A4SD65,409,false,3,3,remaining_order_339_mod_4
A4SHU2,410,false,0,0,remaining_order_340_mod_4
A4SLN5,411,false,1,1,remaining_order_341_mod_4
A4T9I1,412,false,2,2,remaining_order_342_mod_4
A4TAD3,413,false,3,3,remaining_order_343_mod_4
A4TGY7,414,false,0,0,remaining_order_344_mod_4
A4VCL2,415,false,1,1,remaining_order_345_mod_4
A4VQU9,416,false,2,2,remaining_order_346_mod_4
A4VT82,417,false,3,3,remaining_order_347_mod_4
A4VXS3,418,false,0,0,remaining_order_348_mod_4
A4W5A0,419,false,1,1,remaining_order_349_mod_4
A4WCQ8,420,false,2,2,remaining_order_350_mod_4
A4WEJ3,421,false,3,3,remaining_order_351_mod_4
A4WEJ4,422,false,0,0,remaining_order_352_mod_4
A4WR72,423,false,1,1,remaining_order_353_mod_4
A4WUQ3,424,false,2,2,remaining_order_354_mod_4
A4X489,425,false,3,3,remaining_order_355_mod_4
A4X5N0,426,false,0,0,remaining_order_356_mod_4
A4XQ45,427,false,1,1,remaining_order_357_mod_4
A4XQ47,428,false,2,2,remaining_order_358_mod_4
A4XQK7,429,false,3,3,remaining_order_359_mod_4
A4XV11,430,false,0,0,remaining_order_360_mod_4
A4YD82,431,false,1,1,remaining_order_361_mod_4
A4YJY8,432,false,2,2,remaining_order_362_mod_4
A4YWF3,433,false,3,3,remaining_order_363_mod_4
A4ZCW6,434,false,0,0,remaining_order_364_mod_4
A4ZU96,435,false,1,1,remaining_order_365_mod_4
A5B4D2,436,false,2,2,remaining_order_366_mod_4
A5CQN3,437,false,3,3,remaining_order_367_mod_4
A5CX64,438,false,0,0,remaining_order_368_mod_4
A5DGY1,439,false,1,1,remaining_order_369_mod_4
A5EKP6,440,false,2,2,remaining_order_370_mod_4
A5FAD3,441,false,3,3,remaining_order_371_mod_4
A5FBJ5,442,false,0,0,remaining_order_372_mod_4
A5FQ06,443,false,1,1,remaining_order_373_mod_4
A5FWV9,444,false,2,2,remaining_order_374_mod_4
A5GIJ9,445,false,3,3,remaining_order_375_mod_4
A5GIW2,446,false,0,0,remaining_order_376_mod_4
A5GMR6,447,false,1,1,remaining_order_377_mod_4
A5GWV5,448,false,2,2,remaining_order_378_mod_4
A5GWV6,449,false,3,3,remaining_order_379_mod_4
A5HBG1,450,false,0,0,remaining_order_380_mod_4
A5I5I5,451,false,1,1,remaining_order_381_mod_4
A5IR97,452,false,2,2,remaining_order_382_mod_4
A5IU68,453,false,3,3,remaining_order_383_mod_4
A5IUK6,454,false,0,0,remaining_order_384_mod_4
A5IV69,455,false,1,1,remaining_order_385_mod_4
A5K264,456,false,2,2,remaining_order_386_mod_4
A5MZ48,457,false,3,3,remaining_order_387_mod_4
A5U154,458,false,0,0,remaining_order_388_mod_4
A5U2I9,459,false,1,1,remaining_order_389_mod_4
A5U3L5,460,false,2,2,remaining_order_390_mod_4
A5U3L6,461,false,3,3,remaining_order_391_mod_4
A5U5B6,462,false,0,0,remaining_order_392_mod_4
A5U6B7,463,false,1,1,remaining_order_393_mod_4
A5U753,464,false,2,2,remaining_order_394_mod_4
A5U908,465,false,3,3,remaining_order_395_mod_4
A5U9V4,466,false,0,0,remaining_order_396_mod_4
A5UG02,467,false,1,1,remaining_order_397_mod_4
A5UH46,468,false,2,2,remaining_order_398_mod_4
A5UNX8,469,false,3,3,remaining_order_399_mod_4
A5UPS5,470,false,0,0,remaining_order_400_mod_4
A5UQ40,471,false,1,1,remaining_order_401_mod_4
A5USE7,472,false,2,2,remaining_order_402_mod_4
A5VLS3,473,false,3,3,remaining_order_403_mod_4
A5VZ23,474,false,0,0,remaining_order_404_mod_4
A5W183,475,false,1,1,remaining_order_405_mod_4
A5W4B8,476,false,2,2,remaining_order_406_mod_4
A6K136,477,false,3,3,remaining_order_407_mod_4
A6QDF1,478,false,0,0,remaining_order_408_mod_4
A6QFD2,479,false,1,1,remaining_order_409_mod_4
A6QG37,480,false,2,2,remaining_order_410_mod_4
A6QIC9,481,false,3,3,remaining_order_411_mod_4
A6QJC8,482,false,0,0,remaining_order_412_mod_4
A6QP01,483,false,1,1,remaining_order_413_mod_4
A6QPN6,484,false,2,2,remaining_order_414_mod_4
A6RJA2,485,false,3,3,remaining_order_415_mod_4
A6S950,486,false,0,0,remaining_order_416_mod_4
A6S9T6,487,false,1,1,remaining_order_417_mod_4
A6SAG8,488,false,2,2,remaining_order_418_mod_4
A6SBT4,489,false,3,3,remaining_order_419_mod_4
A6SCT6,490,false,0,0,remaining_order_420_mod_4
A6SFW7,491,false,1,1,remaining_order_421_mod_4
A6SUD8,492,false,2,2,remaining_order_422_mod_4
A6SZ06,493,false,3,3,remaining_order_423_mod_4
A6T4H1,494,false,0,0,remaining_order_424_mod_4
A6TU46,495,false,1,1,remaining_order_425_mod_4
A6U025,496,false,2,2,remaining_order_426_mod_4
A6U306,497,false,3,3,remaining_order_427_mod_4
A6U412,498,false,0,0,remaining_order_428_mod_4
A6U413,499,false,1,1,remaining_order_429_mod_4
A6U818,500,false,2,2,remaining_order_430_mod_4
A6UC38,501,false,3,3,remaining_order_431_mod_4
A6UC40,502,false,0,0,remaining_order_432_mod_4
A6UH73,503,false,1,1,remaining_order_433_mod_4
A6US00,504,false,2,2,remaining_order_434_mod_4
A6UUL6,505,false,3,3,remaining_order_435_mod_4
A6UWL1,506,false,0,0,remaining_order_436_mod_4
A6V4D9,507,false,1,1,remaining_order_437_mod_4
A6V6S8,508,false,2,2,remaining_order_438_mod_4
A6VBJ7,509,false,3,3,remaining_order_439_mod_4
A6VCX2,510,false,0,0,remaining_order_440_mod_4
A6VHF1,511,false,1,1,remaining_order_441_mod_4
A6VHH1,512,false,2,2,remaining_order_442_mod_4
A6VJ23,513,false,3,3,remaining_order_443_mod_4
A6VL34,514,false,0,0,remaining_order_444_mod_4
A6VTV6,515,false,1,1,remaining_order_445_mod_4
A6VTV7,516,false,2,2,remaining_order_446_mod_4
A6W7L6,517,false,3,3,remaining_order_447_mod_4
A6W7Q8,518,false,0,0,remaining_order_448_mod_4
A6WIB8,519,false,1,1,remaining_order_449_mod_4
A6X564,520,false,2,2,remaining_order_450_mod_4
A6ZN61,521,false,3,3,remaining_order_451_mod_4
A6ZYG1,522,false,0,0,remaining_order_452_mod_4
A7FGQ5,523,false,1,1,remaining_order_453_mod_4
A7FNN8,524,false,2,2,remaining_order_454_mod_4
A7FTE0,525,false,3,3,remaining_order_455_mod_4
A7FX01,526,false,0,0,remaining_order_456_mod_4
A7GCV1,527,false,1,1,remaining_order_457_mod_4
A7GTM8,528,false,2,2,remaining_order_458_mod_4
A7GV51,529,false,3,3,remaining_order_459_mod_4
A7GX43,530,false,0,0,remaining_order_460_mod_4
A7H4Y0,531,false,1,1,remaining_order_461_mod_4
A7HBI3,532,false,2,2,remaining_order_462_mod_4
A7I9P9,533,false,3,3,remaining_order_463_mod_4
A7IMA6,534,false,0,0,remaining_order_464_mod_4
A7IZZ1,535,false,1,1,remaining_order_465_mod_4
A7J392,536,false,2,2,remaining_order_466_mod_4
A7J3A0,537,false,3,3,remaining_order_467_mod_4
A7J3A4,538,false,0,0,remaining_order_468_mod_4
A7NJH1,539,false,1,1,remaining_order_469_mod_4
A7NR21,540,false,2,2,remaining_order_470_mod_4
A7NS25,541,false,3,3,remaining_order_471_mod_4
A7TSA9,542,false,0,0,remaining_order_472_mod_4
A7WXE5,543,false,1,1,remaining_order_473_mod_4
A7X428,544,false,2,2,remaining_order_474_mod_4
A7X5L9,545,false,3,3,remaining_order_475_mod_4
A7YD35,546,false,0,0,remaining_order_476_mod_4
A7YWP2,547,false,1,1,remaining_order_477_mod_4
A7YY46,548,false,2,2,remaining_order_478_mod_4
A7Z9N5,549,false,3,3,remaining_order_479_mod_4
A7ZFA0,550,false,0,0,remaining_order_480_mod_4
A7ZUJ2,551,false,1,1,remaining_order_481_mod_4
A8A779,552,false,2,2,remaining_order_482_mod_4
A8A8G1,553,false,3,3,remaining_order_483_mod_4
A8APU8,554,false,0,0,remaining_order_484_mod_4
A8APU9,555,false,1,1,remaining_order_485_mod_4
A8CF74,556,false,2,2,remaining_order_486_mod_4
A8DYP7,557,false,3,3,remaining_order_487_mod_4
A8ERD0,558,false,0,0,remaining_order_488_mod_4
A8FAY5,559,false,1,1,remaining_order_489_mod_4
A8FBM6,560,false,2,2,remaining_order_490_mod_4
A8FKI5,561,false,3,3,remaining_order_491_mod_4
A8G4K7,562,false,0,0,remaining_order_492_mod_4
A8G8E0,563,false,1,1,remaining_order_493_mod_4
A8GKK1,564,false,2,2,remaining_order_494_mod_4
A8I9X4,565,false,3,3,remaining_order_495_mod_4
A8L568,566,false,0,0,remaining_order_496_mod_4
A8LJ24,567,false,1,1,remaining_order_497_mod_4
A8LRS4,568,false,2,2,remaining_order_498_mod_4
A8MBW8,569,false,3,3,remaining_order_499_mod_4
A8MHJ6,570,false,0,0,remaining_order_500_mod_4
A8WFS8,571,false,1,1,remaining_order_501_mod_4
A8WZ92,572,false,2,2,remaining_order_502_mod_4
A8XW88,573,false,3,3,remaining_order_503_mod_4
A8Y984,574,false,0,0,remaining_order_504_mod_4
A8Z1H7,575,false,1,1,remaining_order_505_mod_4
A8Z1R5,576,false,2,2,remaining_order_506_mod_4
A8Z2R5,577,false,3,3,remaining_order_507_mod_4
A8Z385,578,false,0,0,remaining_order_508_mod_4
A9A6R1,579,false,1,1,remaining_order_509_mod_4
A9A978,580,false,2,2,remaining_order_510_mod_4
A9AXS2,581,false,3,3,remaining_order_511_mod_4
A9AZE8,582,false,0,0,remaining_order_512_mod_4
A9B090,583,false,1,1,remaining_order_513_mod_4
A9BDK3,584,false,2,2,remaining_order_514_mod_4
A9BHL2,585,false,3,3,remaining_order_515_mod_4
A9BNB4,586,false,0,0,remaining_order_516_mod_4
A9BPN0,587,false,1,1,remaining_order_517_mod_4
A9BUC7,588,false,2,2,remaining_order_518_mod_4
A9CJR8,589,false,3,3,remaining_order_519_mod_4
A9HRJ1,590,false,0,0,remaining_order_520_mod_4
A9HS54,591,false,1,1,remaining_order_521_mod_4
A9I0H9,592,false,2,2,remaining_order_522_mod_4
A9KJS0,593,false,3,3,remaining_order_523_mod_4
A9KJS1,594,false,0,0,remaining_order_524_mod_4
A9KT78,595,false,1,1,remaining_order_525_mod_4
A9P2J1,596,false,2,2,remaining_order_526_mod_4
A9Q1K9,597,false,3,3,remaining_order_527_mod_4
A9R6L2,598,false,0,0,remaining_order_528_mod_4
A9VI99,599,false,1,1,remaining_order_529_mod_4
A9VJP4,600,false,2,2,remaining_order_530_mod_4
A9VRH6,601,false,3,3,remaining_order_531_mod_4
A9VZG4,602,false,0,0,remaining_order_532_mod_4
A9WA95,603,false,1,1,remaining_order_533_mod_4
A9WI69,604,false,2,2,remaining_order_534_mod_4
A9WPN1,605,false,3,3,remaining_order_535_mod_4
A9WYR4,606,false,0,0,remaining_order_536_mod_4
B0BRU4,607,false,1,1,remaining_order_537_mod_4
B0BRY5,608,false,2,2,remaining_order_538_mod_4
B0C791,609,false,3,3,remaining_order_539_mod_4
B0JQV0,610,false,0,0,remaining_order_540_mod_4
B0JTP1,611,false,1,1,remaining_order_541_mod_4
B0KMX8,612,false,2,2,remaining_order_542_mod_4
B0KQG1,613,false,3,3,remaining_order_543_mod_4
B0KUZ8,614,false,0,0,remaining_order_544_mod_4
B0KUZ9,615,false,1,1,remaining_order_545_mod_4
B0R6B9,616,false,2,2,remaining_order_546_mod_4
B0R6U7,617,false,3,3,remaining_order_547_mod_4
B0REY1,618,false,0,0,remaining_order_548_mod_4
B0RTH5,619,false,1,1,remaining_order_549_mod_4
B0T192,620,false,2,2,remaining_order_550_mod_4
B0TDK8,621,false,3,3,remaining_order_551_mod_4
B0TT70,622,false,0,0,remaining_order_552_mod_4
B0UHC7,623,false,1,1,remaining_order_553_mod_4
B0V9P6,624,false,2,2,remaining_order_554_mod_4
B0VSC1,625,false,3,3,remaining_order_555_mod_4
B0W041,626,false,0,0,remaining_order_556_mod_4
B0WGN4,627,false,1,1,remaining_order_557_mod_4
B0WV73,628,false,2,2,remaining_order_558_mod_4
B1AJ75,629,false,3,3,remaining_order_559_mod_4
B1HZE3,630,false,0,0,remaining_order_560_mod_4
B1IBG8,631,false,1,1,remaining_order_561_mod_4
B1IKG3,632,false,2,2,remaining_order_562_mod_4
B1IVA7,633,false,3,3,remaining_order_563_mod_4
B1J813,634,false,0,0,remaining_order_564_mod_4
B1JDP0,635,false,1,1,remaining_order_565_mod_4
B1JHY9,636,false,2,2,remaining_order_566_mod_4
B1JX30,637,false,3,3,remaining_order_567_mod_4
B1K0H8,638,false,0,0,remaining_order_568_mod_4
B1K1I7,639,false,1,1,remaining_order_569_mod_4
B1KJV7,640,false,2,2,remaining_order_570_mod_4
B1KYG7,641,false,3,3,remaining_order_571_mod_4
B1LGT2,642,false,0,0,remaining_order_572_mod_4
B1LUA9,643,false,1,1,remaining_order_573_mod_4
B1LZS5,644,false,2,2,remaining_order_574_mod_4
B1MB83,645,false,3,3,remaining_order_575_mod_4
B1MC29,646,false,0,0,remaining_order_576_mod_4
B1MDU9,647,false,1,1,remaining_order_577_mod_4
B1MLG8,648,false,2,2,remaining_order_578_mod_4
B1NKR1,649,false,3,3,remaining_order_579_mod_4
B1NKR5,650,false,0,0,remaining_order_580_mod_4
B1NKS7,651,false,1,1,remaining_order_581_mod_4
B1NKT1,652,false,2,2,remaining_order_582_mod_4
B1NKT9,653,false,3,3,remaining_order_583_mod_4
B1NKU3,654,false,0,0,remaining_order_584_mod_4
B1VHT0,655,false,1,1,remaining_order_585_mod_4
B1VXN6,656,false,2,2,remaining_order_586_mod_4
B1VZ02,657,false,3,3,remaining_order_587_mod_4
B1W5G7,658,false,0,0,remaining_order_588_mod_4
B1W5G8,659,false,1,1,remaining_order_589_mod_4
B1WC86,660,false,2,2,remaining_order_590_mod_4
B1X900,661,false,3,3,remaining_order_591_mod_4
B1XNN1,662,false,0,0,remaining_order_592_mod_4
B1Y3V2,663,false,1,1,remaining_order_593_mod_4
B1Y3V4,664,false,2,2,remaining_order_594_mod_4
B1YDA5,665,false,3,3,remaining_order_595_mod_4
B1YPV9,666,false,0,0,remaining_order_596_mod_4
B1YQ64,667,false,1,1,remaining_order_597_mod_4
B1YUG1,668,false,2,2,remaining_order_598_mod_4
B1ZLM0,669,false,3,3,remaining_order_599_mod_4
B1ZP07,670,false,0,0,remaining_order_600_mod_4
B1ZP08,671,false,1,1,remaining_order_601_mod_4
B1ZQN2,672,false,2,2,remaining_order_602_mod_4
B1ZY08,673,false,3,3,remaining_order_603_mod_4
B2A5W6,674,false,0,0,remaining_order_604_mod_4
B2AG26,675,false,1,1,remaining_order_605_mod_4
B2BMF9,676,false,2,2,remaining_order_606_mod_4
B2BW43,677,false,3,3,remaining_order_607_mod_4
B2CML6,678,false,0,0,remaining_order_608_mod_4
B2G944,679,false,1,1,remaining_order_609_mod_4
B2GFK7,680,false,2,2,remaining_order_610_mod_4
B2GKN0,681,false,3,3,remaining_order_611_mod_4
B2HDJ9,682,false,0,0,remaining_order_612_mod_4
B2HPD6,683,false,1,1,remaining_order_613_mod_4
B2HSZ1,684,false,2,2,remaining_order_614_mod_4
B2HU50,685,false,3,3,remaining_order_615_mod_4
B2IEA5,686,false,0,0,remaining_order_616_mod_4
B2IPG3,687,false,1,1,remaining_order_617_mod_4
B2IVV2,688,false,2,2,remaining_order_618_mod_4
B2JF65,689,false,3,3,remaining_order_619_mod_4
B2JF66,690,false,0,0,remaining_order_620_mod_4
B2JJW1,691,false,1,1,remaining_order_621_mod_4
B2S2W8,692,false,2,2,remaining_order_622_mod_4
B2SB61,693,false,3,3,remaining_order_623_mod_4
B2SNG9,694,false,0,0,remaining_order_624_mod_4
B2STN6,695,false,1,1,remaining_order_625_mod_4
B2T1M3,696,false,2,2,remaining_order_626_mod_4
B2T7M8,697,false,3,3,remaining_order_627_mod_4
B2TEK6,698,false,0,0,remaining_order_628_mod_4
B2TIR0,699,false,1,1,remaining_order_629_mod_4
B2U7Q1,700,false,2,2,remaining_order_630_mod_4
B2UGY6,701,false,3,3,remaining_order_631_mod_4
B2ULY3,702,false,0,0,remaining_order_632_mod_4
B2UMP5,703,false,1,1,remaining_order_633_mod_4
B2UNU8,704,false,2,2,remaining_order_634_mod_4
B2UQG6,705,false,3,3,remaining_order_635_mod_4
B2ZFP3,706,false,0,0,remaining_order_636_mod_4
B3A0L6,707,false,1,1,remaining_order_637_mod_4
B3E7F7,708,false,2,2,remaining_order_638_mod_4
B3E9W9,709,false,3,3,remaining_order_639_mod_4
B3EI93,710,false,0,0,remaining_order_640_mod_4
B3EWG7,711,false,1,1,remaining_order_641_mod_4
B3EWG8,712,false,2,2,remaining_order_642_mod_4
B3EWI9,713,false,3,3,remaining_order_643_mod_4
B3EWQ8,714,false,0,0,remaining_order_644_mod_4
B3F2X7,715,false,1,1,remaining_order_645_mod_4
B3FK34,716,false,2,2,remaining_order_646_mod_4
B3GYF4,717,false,3,3,remaining_order_647_mod_4
B3GZR9,718,false,0,0,remaining_order_648_mod_4
B3H2L5,719,false,1,1,remaining_order_649_mod_4
B3LG81,720,false,2,2,remaining_order_650_mod_4
B3MMA5,721,false,3,3,remaining_order_651_mod_4
B3NAN8,722,false,0,0,remaining_order_652_mod_4
B3PC73,723,false,1,1,remaining_order_653_mod_4
B3PXB6,724,false,2,2,remaining_order_654_mod_4
B3PXX2,725,false,3,3,remaining_order_655_mod_4
B3Q6T5,726,false,0,0,remaining_order_656_mod_4
B3Q9E4,727,false,1,1,remaining_order_657_mod_4
B3Q9W8,728,false,2,2,remaining_order_658_mod_4
B3QGK4,729,false,3,3,remaining_order_659_mod_4
B3QL05,730,false,0,0,remaining_order_660_mod_4
B3QSB6,731,false,1,1,remaining_order_661_mod_4
B3QUX5,732,false,2,2,remaining_order_662_mod_4
B3R3X7,733,false,3,3,remaining_order_663_mod_4
B3R3Z9,734,false,0,0,remaining_order_664_mod_4
B3SP85,735,false,1,1,remaining_order_665_mod_4
B3W963,736,false,2,2,remaining_order_666_mod_4
B3Y522,737,false,3,3,remaining_order_667_mod_4
B4E7X5,738,false,0,0,remaining_order_668_mod_4
B4EZ50,739,false,1,1,remaining_order_669_mod_4
B4GS98,740,false,2,2,remaining_order_670_mod_4
B4GX14,741,false,3,3,remaining_order_671_mod_4
B4HXA6,742,false,0,0,remaining_order_672_mod_4
B4JCS7,743,false,1,1,remaining_order_673_mod_4
B4KEN8,744,false,2,2,remaining_order_674_mod_4
B4KHL5,745,false,3,3,remaining_order_675_mod_4
B4MVR2,746,false,0,0,remaining_order_676_mod_4
B4MX21,747,false,1,1,remaining_order_677_mod_4
B4NXB8,748,false,2,2,remaining_order_678_mod_4
B4Q572,749,false,3,3,remaining_order_679_mod_4
B4R967,750,false,0,0,remaining_order_680_mod_4
B4RBN1,751,false,1,1,remaining_order_681_mod_4
B4RM84,752,false,2,2,remaining_order_682_mod_4
B4RSX7,753,false,3,3,remaining_order_683_mod_4
B4S751,754,false,0,0,remaining_order_684_mod_4
B4SPV4,755,false,1,1,remaining_order_685_mod_4
B4TBI5,756,false,2,2,remaining_order_686_mod_4
B4TPK1,757,false,3,3,remaining_order_687_mod_4
B5DK05,758,false,0,0,remaining_order_688_mod_4
B5E1P6,759,false,1,1,remaining_order_689_mod_4
B5E1P8,760,false,2,2,remaining_order_690_mod_4
B5E1Q6,761,false,3,3,remaining_order_691_mod_4
B5E1U9,762,false,0,0,remaining_order_692_mod_4
B5E217,763,false,1,1,remaining_order_693_mod_4
B5E2R3,764,false,2,2,remaining_order_694_mod_4
B5E379,765,false,3,3,remaining_order_695_mod_4
B5E399,766,false,0,0,remaining_order_696_mod_4
B5E3C8,767,false,1,1,remaining_order_697_mod_4
B5E4A8,768,false,2,2,remaining_order_698_mod_4
B5E4E3,769,false,3,3,remaining_order_699_mod_4
B5E4L2,770,false,0,0,remaining_order_700_mod_4
B5E4N4,771,false,1,1,remaining_order_701_mod_4
B5E4T0,772,false,2,2,remaining_order_702_mod_4
B5E4U6,773,false,3,3,remaining_order_703_mod_4
B5E4Y3,774,false,0,0,remaining_order_704_mod_4
B5E552,775,false,1,1,remaining_order_705_mod_4
B5E5J6,776,false,2,2,remaining_order_706_mod_4
B5E5N2,777,false,3,3,remaining_order_707_mod_4
B5E5N3,778,false,0,0,remaining_order_708_mod_4
B5E5P6,779,false,1,1,remaining_order_709_mod_4
B5E5S4,780,false,2,2,remaining_order_710_mod_4
B5E5U9,781,false,3,3,remaining_order_711_mod_4
B5E5W0,782,false,0,0,remaining_order_712_mod_4
B5E5X4,783,false,1,1,remaining_order_713_mod_4
B5E605,784,false,2,2,remaining_order_714_mod_4
B5E670,785,false,3,3,remaining_order_715_mod_4
B5E6K3,786,false,0,0,remaining_order_716_mod_4
B5E6K6,787,false,1,1,remaining_order_717_mod_4
B5E6L9,788,false,2,2,remaining_order_718_mod_4
B5E6M0,789,false,3,3,remaining_order_719_mod_4
B5E7F2,790,false,0,0,remaining_order_720_mod_4
B5EBG1,791,false,1,1,remaining_order_721_mod_4
B5EKF7,792,false,2,2,remaining_order_722_mod_4
B5F736,793,false,3,3,remaining_order_723_mod_4
B5FBC7,794,false,0,0,remaining_order_724_mod_4
B5R300,795,false,1,1,remaining_order_725_mod_4
B5VG95,796,false,2,2,remaining_order_726_mod_4
B5WWZ9,797,false,3,3,remaining_order_727_mod_4
B5XAM2,798,false,0,0,remaining_order_728_mod_4
B5XI00,799,false,1,1,remaining_order_729_mod_4
B5XU28,800,false,2,2,remaining_order_730_mod_4
B5XU29,801,false,3,3,remaining_order_731_mod_4
B5YEC9,802,false,0,0,remaining_order_732_mod_4
B5YUX1,803,false,1,1,remaining_order_733_mod_4
B5ZBT0,804,false,2,2,remaining_order_734_mod_4
B5ZBT1,805,false,3,3,remaining_order_735_mod_4
B5ZMI9,806,false,0,0,remaining_order_736_mod_4
B5ZMP3,807,false,1,1,remaining_order_737_mod_4
B5ZMP5,808,false,2,2,remaining_order_738_mod_4
B5ZTF5,809,false,3,3,remaining_order_739_mod_4
B6ECN9,810,false,0,0,remaining_order_740_mod_4
B6EKH2,811,false,1,1,remaining_order_741_mod_4
B6IN24,812,false,2,2,remaining_order_742_mod_4
B6JFW0,813,false,3,3,remaining_order_743_mod_4
B6JWE5,814,false,0,0,remaining_order_744_mod_4
B6YRN2,815,false,1,1,remaining_order_745_mod_4
B6ZKM3,816,false,2,2,remaining_order_746_mod_4
B6ZKM4,817,false,3,3,remaining_order_747_mod_4
B6ZKM5,818,false,0,0,remaining_order_748_mod_4
B6ZKN1,819,false,1,1,remaining_order_749_mod_4
B7G620,820,false,2,2,remaining_order_750_mod_4
B7GF12,821,false,3,3,remaining_order_751_mod_4
B7GXU4,822,false,0,0,remaining_order_752_mod_4
B7I748,823,false,1,1,remaining_order_753_mod_4
B7I8T4,824,false,2,2,remaining_order_754_mod_4
B7J4X0,825,false,3,3,remaining_order_755_mod_4
B7JGM1,826,false,0,0,remaining_order_756_mod_4
B7JIE1,827,false,1,1,remaining_order_757_mod_4
B7JIX2,828,false,2,2,remaining_order_758_mod_4
B7K906,829,false,3,3,remaining_order_759_mod_4
B7KZ04,830,false,0,0,remaining_order_760_mod_4
B7L2C1,831,false,1,1,remaining_order_761_mod_4
B7LVP2,832,false,2,2,remaining_order_762_mod_4
B7LW38,833,false,3,3,remaining_order_763_mod_4
B7UP19,834,false,0,0,remaining_order_764_mod_4
B7V022,835,false,1,1,remaining_order_765_mod_4
B7V1S8,836,false,2,2,remaining_order_766_mod_4
B7VAQ6,837,false,3,3,remaining_order_767_mod_4
B8ARK7,838,false,0,0,remaining_order_768_mod_4
B8B8K5,839,false,1,1,remaining_order_769_mod_4
B8D768,840,false,2,2,remaining_order_770_mod_4
B8D8W4,841,false,3,3,remaining_order_771_mod_4
B8DNL1,842,false,0,0,remaining_order_772_mod_4
B8DSI4,843,false,1,1,remaining_order_773_mod_4
B8E2U4,844,false,2,2,remaining_order_774_mod_4
B8EPC2,845,false,3,3,remaining_order_775_mod_4
B8EPV0,846,false,0,0,remaining_order_776_mod_4
B8EPV1,847,false,1,1,remaining_order_777_mod_4
B8FP45,848,false,2,2,remaining_order_778_mod_4
B8G3F7,849,false,3,3,remaining_order_779_mod_4
B8GCI2,850,false,0,0,remaining_order_780_mod_4
B8GGQ9,851,false,1,1,remaining_order_781_mod_4
B8GL94,852,false,2,2,remaining_order_782_mod_4
B8GQ24,853,false,3,3,remaining_order_783_mod_4
B8GYB5,854,false,0,0,remaining_order_784_mod_4
B8GZJ6,855,false,1,1,remaining_order_785_mod_4
B8HA06,856,false,2,2,remaining_order_786_mod_4
B8HAC8,857,false,3,3,remaining_order_787_mod_4
B8HFK0,858,false,0,0,remaining_order_788_mod_4
B8HU22,859,false,1,1,remaining_order_789_mod_4
B8HU56,860,false,2,2,remaining_order_790_mod_4
B8HW52,861,false,3,3,remaining_order_791_mod_4
B8I4G1,862,false,0,0,remaining_order_792_mod_4
B8IL52,863,false,1,1,remaining_order_793_mod_4
B8IPH2,864,false,2,2,remaining_order_794_mod_4
B8J364,865,false,3,3,remaining_order_795_mod_4
B8J3A4,866,false,0,0,remaining_order_796_mod_4
B8N2C8,867,false,1,1,remaining_order_797_mod_4
B8NFL5,868,false,2,2,remaining_order_798_mod_4
B8NUK6,869,false,3,3,remaining_order_799_mod_4
B8ZLK2,870,false,0,0,remaining_order_800_mod_4
B8ZPG2,871,false,1,1,remaining_order_801_mod_4
B8ZS79,872,false,2,2,remaining_order_802_mod_4
B8ZU60,873,false,3,3,remaining_order_803_mod_4
B9A1H3,874,false,0,0,remaining_order_804_mod_4
B9DLX8,875,false,1,1,remaining_order_805_mod_4
B9DMT9,876,false,2,2,remaining_order_806_mod_4
B9J8M5,877,false,3,3,remaining_order_807_mod_4
B9J8M6,878,false,0,0,remaining_order_808_mod_4
B9JDM9,879,false,1,1,remaining_order_809_mod_4
B9JR84,880,false,2,2,remaining_order_810_mod_4
B9JR86,881,false,3,3,remaining_order_811_mod_4
B9JVJ0,882,false,0,0,remaining_order_812_mod_4
B9KFJ8,883,false,1,1,remaining_order_813_mod_4
B9KK51,884,false,2,2,remaining_order_814_mod_4
B9KPF7,885,false,3,3,remaining_order_815_mod_4
B9L146,886,false,0,0,remaining_order_816_mod_4
B9L5K2,887,false,1,1,remaining_order_817_mod_4
B9LA82,888,false,2,2,remaining_order_818_mod_4
B9LCC8,889,false,3,3,remaining_order_819_mod_4
B9LCU6,890,false,0,0,remaining_order_820_mod_4
B9LPE3,891,false,1,1,remaining_order_821_mod_4
B9LTP1,892,false,2,2,remaining_order_822_mod_4
B9MQ83,893,false,3,3,remaining_order_823_mod_4
B9RRX2,894,false,0,0,remaining_order_824_mod_4
B9SIL7,895,false,1,1,remaining_order_825_mod_4
B9SIM3,896,false,2,2,remaining_order_826_mod_4
B9T625,897,false,3,3,remaining_order_827_mod_4
B9UYK5,898,false,0,0,remaining_order_828_mod_4
B9UYK7,899,false,1,1,remaining_order_829_mod_4
B9WCK0,900,false,2,2,remaining_order_830_mod_4
C0H559,901,false,3,3,remaining_order_831_mod_4
C0HJL9,902,false,0,0,remaining_order_832_mod_4
C0HJP9,903,false,1,1,remaining_order_833_mod_4
C0HLB8,904,false,2,2,remaining_order_834_mod_4
C0HLL7,905,false,3,3,remaining_order_835_mod_4
C0HLL8,906,false,0,0,remaining_order_836_mod_4
C0HLQ4,907,false,1,1,remaining_order_837_mod_4
C0HLQ6,908,false,2,2,remaining_order_838_mod_4
C0HM14,909,false,3,3,remaining_order_839_mod_4
C0HM48,910,false,0,0,remaining_order_840_mod_4
C0HM50,911,false,1,1,remaining_order_841_mod_4
C0HM53,912,false,2,2,remaining_order_842_mod_4
C0HM79,913,false,3,3,remaining_order_843_mod_4
C0HMB0,914,false,0,0,remaining_order_844_mod_4
C0HMB1,915,false,1,1,remaining_order_845_mod_4
C0HMB2,916,false,2,2,remaining_order_846_mod_4
C0HMD9,917,false,3,3,remaining_order_847_mod_4
C0QRY8,918,false,0,0,remaining_order_848_mod_4
C0SPC1,919,false,1,1,remaining_order_849_mod_4
C0ZGF5,920,false,2,2,remaining_order_850_mod_4
C1AFM7,921,false,3,3,remaining_order_851_mod_4
C1AGC8,922,false,0,0,remaining_order_852_mod_4
C1AM02,923,false,1,1,remaining_order_853_mod_4
C1AMF4,924,false,2,2,remaining_order_854_mod_4
C1AND1,925,false,3,3,remaining_order_855_mod_4
C1APC5,926,false,0,0,remaining_order_856_mod_4
C1APC6,927,false,1,1,remaining_order_857_mod_4
C1AXZ0,928,false,2,2,remaining_order_858_mod_4
C1AXZ1,929,false,3,3,remaining_order_859_mod_4
C1C6Y5,930,false,0,0,remaining_order_860_mod_4
C1CE03,931,false,1,1,remaining_order_861_mod_4
C1CRD1,932,false,2,2,remaining_order_862_mod_4
C1D0J7,933,false,3,3,remaining_order_863_mod_4
C1D5N0,934,false,0,0,remaining_order_864_mod_4
C1DNK5,935,false,1,1,remaining_order_865_mod_4
C1DQ38,936,false,2,2,remaining_order_866_mod_4
C1EV87,937,false,3,3,remaining_order_867_mod_4
C1F425,938,false,0,0,remaining_order_868_mod_4
C1FW06,939,false,1,1,remaining_order_869_mod_4
C1IWT2,940,false,2,2,remaining_order_870_mod_4
C1KW55,941,false,3,3,remaining_order_871_mod_4
C1L0J0,942,false,0,0,remaining_order_872_mod_4
C3K5A5,943,false,1,1,remaining_order_873_mod_4
C3K6Y5,944,false,2,2,remaining_order_874_mod_4
C3MAA2,945,false,3,3,remaining_order_875_mod_4
C3MAI8,946,false,0,0,remaining_order_876_mod_4
C3MGX4,947,false,1,1,remaining_order_877_mod_4
C3MGX6,948,false,2,2,remaining_order_878_mod_4
C3MPQ0,949,false,3,3,remaining_order_879_mod_4
C3MQJ5,950,false,0,0,remaining_order_880_mod_4
C3MTL3,951,false,1,1,remaining_order_881_mod_4
C3MUB4,952,false,2,2,remaining_order_882_mod_4
C3MW73,953,false,3,3,remaining_order_883_mod_4
C3MYP4,954,false,0,0,remaining_order_884_mod_4
C3MZU9,955,false,1,1,remaining_order_885_mod_4
C3N5C6,956,false,2,2,remaining_order_886_mod_4
C3NDY0,957,false,3,3,remaining_order_887_mod_4
C3NHS3,958,false,0,0,remaining_order_888_mod_4
C3NMW1,959,false,1,1,remaining_order_889_mod_4
C3RZA1,960,false,2,2,remaining_order_890_mod_4
C4JF75,961,false,3,3,remaining_order_891_mod_4
C4JF77,962,false,0,0,remaining_order_892_mod_4
C4JF78,963,false,1,1,remaining_order_893_mod_4
C4JF79,964,false,2,2,remaining_order_894_mod_4
C4JF81,965,false,3,3,remaining_order_895_mod_4
C4JF82,966,false,0,0,remaining_order_896_mod_4
C4K0R3,967,false,1,1,remaining_order_897_mod_4
C4KGZ2,968,false,2,2,remaining_order_898_mod_4
C4KJC1,969,false,3,3,remaining_order_899_mod_4
C4KKU5,970,false,0,0,remaining_order_900_mod_4
C4L7X3,971,false,1,1,remaining_order_901_mod_4
C4LF65,972,false,2,2,remaining_order_902_mod_4
C4R8Q1,973,false,3,3,remaining_order_903_mod_4
C4XGU1,974,false,0,0,remaining_order_904_mod_4
C4Z1K1,975,false,1,1,remaining_order_905_mod_4
C4ZX13,976,false,2,2,remaining_order_906_mod_4
C5A6E5,977,false,3,3,remaining_order_907_mod_4
C5B8H7,978,false,0,0,remaining_order_908_mod_4
C5C2F6,979,false,1,1,remaining_order_909_mod_4
C5C3D1,980,false,2,2,remaining_order_910_mod_4
C5C8U1,981,false,3,3,remaining_order_911_mod_4
C5C9I3,982,false,0,0,remaining_order_912_mod_4
C5CY41,983,false,1,1,remaining_order_913_mod_4
C5D646,984,false,2,2,remaining_order_914_mod_4
C5D6M6,985,false,3,3,remaining_order_915_mod_4
C5G6H8,986,false,0,0,remaining_order_916_mod_4
C5IY43,987,false,1,1,remaining_order_917_mod_4
C5IY46,988,false,2,2,remaining_order_918_mod_4
C5IY48,989,false,3,3,remaining_order_919_mod_4
C5MR76,990,false,0,0,remaining_order_920_mod_4
C5WR30,991,false,1,1,remaining_order_921_mod_4
C6E5Z5,992,false,2,2,remaining_order_922_mod_4
C6KEM4,993,false,3,3,remaining_order_923_mod_4
C6SZ50,994,false,0,0,remaining_order_924_mod_4
C7G3A0,995,false,1,1,remaining_order_925_mod_4
C7M8J5,996,false,2,2,remaining_order_926_mod_4
C7M8J6,997,false,3,3,remaining_order_927_mod_4
C8XPS0,998,false,0,0,remaining_order_928_mod_4
C8YTM5,999,false,1,1,remaining_order_929_mod_4
C9DG80,1000,false,2,2,remaining_order_930_mod_4
C9DGK1,1001,false,3,3,remaining_order_931_mod_4
C9ZDC6,1002,false,0,0,remaining_order_932_mod_4
D0EZM8,1003,false,1,1,remaining_order_933_mod_4
D0V3Y4,1004,false,2,2,remaining_order_934_mod_4
D1L2Y9,1005,false,3,3,remaining_order_935_mod_4
D2HD32,1006,false,0,0,remaining_order_936_mod_4
D2I2M6,1007,false,1,1,remaining_order_937_mod_4
D3DFS4,1008,false,2,2,remaining_order_938_mod_4
D3KY98,1009,false,3,3,remaining_order_939_mod_4
D3KY99,1010,false,0,0,remaining_order_940_mod_4
D3KYA0,1011,false,1,1,remaining_order_941_mod_4
D3XDS2,1012,false,2,2,remaining_order_942_mod_4
D3ZKU7,1013,false,3,3,remaining_order_943_mod_4
D3ZMY7,1014,false,0,0,remaining_order_944_mod_4
D4A7C0,1015,false,1,1,remaining_order_945_mod_4
D4GSC3,1016,false,2,2,remaining_order_946_mod_4
D4GVK8,1017,false,3,3,remaining_order_947_mod_4
D4GW96,1018,false,0,0,remaining_order_948_mod_4
D4GYV5,1019,false,1,1,remaining_order_949_mod_4
D4GZN2,1020,false,2,2,remaining_order_950_mod_4
D4N3P2,1021,false,3,3,remaining_order_951_mod_4
D4N500,1022,false,0,0,remaining_order_952_mod_4
D5AKX4,1023,false,1,1,remaining_order_953_mod_4
D5AKX5,1024,false,2,2,remaining_order_954_mod_4
D5AKX6,1025,false,3,3,remaining_order_955_mod_4
D5AQY6,1026,false,0,0,remaining_order_956_mod_4
D7STK2,1027,false,1,1,remaining_order_957_mod_4
D8LQS7,1028,false,2,2,remaining_order_958_mod_4
D8QZ31,1029,false,3,3,remaining_order_959_mod_4
D8S724,1030,false,0,0,remaining_order_960_mod_4
D9ICP2,1031,false,1,1,remaining_order_961_mod_4
D9XF46,1032,false,2,2,remaining_order_962_mod_4
D9YT79,1033,false,3,3,remaining_order_963_mod_4
E1B8U2,1034,false,0,0,remaining_order_964_mod_4
E1BR24,1035,false,1,1,remaining_order_965_mod_4
E1FU46,1036,false,2,2,remaining_order_966_mod_4
E1XT70,1037,false,3,3,remaining_order_967_mod_4
E1XTJ1,1038,false,0,0,remaining_order_968_mod_4
E1XTK3,1039,false,1,1,remaining_order_969_mod_4
E1XTK6,1040,false,2,2,remaining_order_970_mod_4
E2RK33,1041,false,3,3,remaining_order_971_mod_4
E3MIE2,1042,false,0,0,remaining_order_972_mod_4
E3SEW0,1043,false,1,1,remaining_order_973_mod_4
E3WSB5,1044,false,2,2,remaining_order_974_mod_4
E5A7E2,1045,false,3,3,remaining_order_975_mod_4
E5EYS5,1046,false,0,0,remaining_order_976_mod_4
E7E2N8,1047,false,1,1,remaining_order_977_mod_4
E7FHH1,1048,false,2,2,remaining_order_978_mod_4
E7FL15,1049,false,3,3,remaining_order_979_mod_4
E9Q9D5,1050,false,0,0,remaining_order_980_mod_4
E9QY26,1051,false,1,1,remaining_order_981_mod_4
F0LJX3,1052,false,2,2,remaining_order_982_mod_4
F0NF15,1053,false,3,3,remaining_order_983_mod_4
F1QWW8,1054,false,0,0,remaining_order_984_mod_4
F2Z9C1,1055,false,1,1,remaining_order_985_mod_4
F4HWU0,1056,false,2,2,remaining_order_986_mod_4
F5HAW0,1057,false,3,3,remaining_order_987_mod_4
F5HB62,1058,false,0,0,remaining_order_988_mod_4
F5HGH5,1059,false,1,1,remaining_order_989_mod_4
F5L3T2,1060,false,2,2,remaining_order_990_mod_4
F8SJR0,1061,false,3,3,remaining_order_991_mod_4
F8U969,1062,false,0,0,remaining_order_992_mod_4
F8U970,1063,false,1,1,remaining_order_993_mod_4
F8U971,1064,false,2,2,remaining_order_994_mod_4
F8U972,1065,false,3,3,remaining_order_995_mod_4
G1TNM3,1066,false,0,0,remaining_order_996_mod_4
G1X456,1067,false,1,1,remaining_order_997_mod_4
G1XJZ4,1068,false,2,2,remaining_order_998_mod_4
G3FFN4,1069,false,3,3,remaining_order_999_mod_4
G3FFN6,1070,false,0,0,remaining_order_1000_mod_4
G3XCZ8,1071,false,1,1,remaining_order_1001_mod_4
G3XD67,1072,false,2,2,remaining_order_1002_mod_4
G4MSY9,1073,false,3,3,remaining_order_1003_mod_4
G4MYB0,1074,false,0,0,remaining_order_1004_mod_4
G4N954,1075,false,1,1,remaining_order_1005_mod_4
G4NCP4,1076,false,2,2,remaining_order_1006_mod_4
G5EI58,1077,false,3,3,remaining_order_1007_mod_4
G7IFI7,1078,false,0,0,remaining_order_1008_mod_4
G9JJU2,1079,false,1,1,remaining_order_1009_mod_4
G9MQI4,1080,false,2,2,remaining_order_1010_mod_4
H0QPL8,1081,false,3,3,remaining_order_1011_mod_4
I1MRZ6,1082,false,0,0,remaining_order_1012_mod_4
I1S050,1083,false,1,1,remaining_order_1013_mod_4
I3R7F2,1084,false,2,2,remaining_order_1014_mod_4
I6L8L7,1085,false,3,3,remaining_order_1015_mod_4
I6TCK3,1086,false,0,0,remaining_order_1016_mod_4
I6UF18,1087,false,1,1,remaining_order_1017_mod_4
I6UH61,1088,false,2,2,remaining_order_1018_mod_4
I6XHJ3,1089,false,3,3,remaining_order_1019_mod_4
I7K316,1090,false,0,0,remaining_order_1020_mod_4
J3KAS1,1091,false,1,1,remaining_order_1021_mod_4
J3KAS2,1092,false,2,2,remaining_order_1022_mod_4
J3KAS3,1093,false,3,3,remaining_order_1023_mod_4
J8G6Z1,1094,false,0,0,remaining_order_1024_mod_4
J9VED5,1095,false,1,1,remaining_order_1025_mod_4
K4PZA7,1096,false,2,2,remaining_order_1026_mod_4
L7F3F8,1097,false,3,3,remaining_order_1027_mod_4
L7IKV1,1098,false,0,0,remaining_order_1028_mod_4
L7WGA7,1099,false,1,1,remaining_order_1029_mod_4
M1EAP5,1100,false,2,2,remaining_order_1030_mod_4
M3B4Q3,1101,false,3,3,remaining_order_1031_mod_4
M5AAG8,1102,false,0,0,remaining_order_1032_mod_4
M7TBG7,1103,false,1,1,remaining_order_1033_mod_4
O00571,1104,false,2,2,remaining_order_1034_mod_4
O02611,1105,false,3,3,remaining_order_1035_mod_4
O02705,1106,false,0,0,remaining_order_1036_mod_4
O02827,1107,false,1,1,remaining_order_1037_mod_4
O03063,1108,false,2,2,remaining_order_1038_mod_4
O03067,1109,false,3,3,remaining_order_1039_mod_4
O03070,1110,false,0,0,remaining_order_1040_mod_4
O03073,1111,false,1,1,remaining_order_1041_mod_4
O03077,1112,false,2,2,remaining_order_1042_mod_4
O03085,1113,false,3,3,remaining_order_1043_mod_4
O04986,1114,false,0,0,remaining_order_1044_mod_4
O05413,1115,false,1,1,remaining_order_1045_mod_4
O05505,1116,false,2,2,remaining_order_1046_mod_4
O05755,1117,false,3,3,remaining_order_1047_mod_4
O06350,1118,false,0,0,remaining_order_1048_mod_4
O07244,1119,false,1,1,remaining_order_1049_mod_4
O07824,1120,false,2,2,remaining_order_1050_mod_4
O08453,1121,false,3,3,remaining_order_1051_mod_4
O08615,1122,false,0,0,remaining_order_1052_mod_4
O10269,1123,false,1,1,remaining_order_1053_mod_4
O10273,1124,false,2,2,remaining_order_1054_mod_4
O10274,1125,false,3,3,remaining_order_1055_mod_4
O10340,1126,false,0,0,remaining_order_1056_mod_4
O12944,1127,false,1,1,remaining_order_1057_mod_4
O13010,1128,false,2,2,remaining_order_1058_mod_4
O13434,1129,false,3,3,remaining_order_1059_mod_4
O13525,1130,false,0,0,remaining_order_1060_mod_4
O13762,1131,false,1,1,remaining_order_1061_mod_4
O13899,1132,false,2,2,remaining_order_1062_mod_4
O14442,1133,false,3,3,remaining_order_1063_mod_4
O14443,1134,false,0,0,remaining_order_1064_mod_4
O14929,1135,false,1,1,remaining_order_1065_mod_4
O14965,1136,false,2,2,remaining_order_1066_mod_4
O15523,1137,false,3,3,remaining_order_1067_mod_4
O15770,1138,false,0,0,remaining_order_1068_mod_4
O15821,1139,false,1,1,remaining_order_1069_mod_4
O18750,1140,false,2,2,remaining_order_1070_mod_4
O18851,1141,false,3,3,remaining_order_1071_mod_4
O19098,1142,false,0,0,remaining_order_1072_mod_4
O22000,1143,false,1,1,remaining_order_1073_mod_4
O23051,1144,false,2,2,remaining_order_1074_mod_4
O23939,1145,false,3,3,remaining_order_1075_mod_4
O26271,1146,false,0,0,remaining_order_1076_mod_4
O26377,1147,false,1,1,remaining_order_1077_mod_4
O27225,1148,false,2,2,remaining_order_1078_mod_4
O27226,1149,false,3,3,remaining_order_1079_mod_4
O27228,1150,false,0,0,remaining_order_1080_mod_4
O27753,1151,false,1,1,remaining_order_1081_mod_4
O27830,1152,false,2,2,remaining_order_1082_mod_4
O28185,1153,false,3,3,remaining_order_1083_mod_4
O28338,1154,false,0,0,remaining_order_1084_mod_4
O28663,1155,false,1,1,remaining_order_1085_mod_4
O30334,1156,false,2,2,remaining_order_1086_mod_4
O30642,1157,false,3,3,remaining_order_1087_mod_4
O31294,1158,false,0,0,remaining_order_1088_mod_4
O32378,1159,false,1,1,remaining_order_1089_mod_4
O32414,1160,false,2,2,remaining_order_1090_mod_4
O32518,1161,false,3,3,remaining_order_1091_mod_4
O32868,1162,false,0,0,remaining_order_1092_mod_4
O34928,1163,false,1,1,remaining_order_1093_mod_4
O35448,1164,false,2,2,remaining_order_1094_mod_4
O35492,1165,false,3,3,remaining_order_1095_mod_4
O35795,1166,false,0,0,remaining_order_1096_mod_4
O36371,1167,false,1,1,remaining_order_1097_mod_4
O36385,1168,false,2,2,remaining_order_1098_mod_4
O36404,1169,false,3,3,remaining_order_1099_mod_4
O36410,1170,false,0,0,remaining_order_1100_mod_4
O36411,1171,false,1,1,remaining_order_1101_mod_4
O37319,1172,false,2,2,remaining_order_1102_mod_4
O39828,1173,false,3,3,remaining_order_1103_mod_4
O40619,1174,false,0,0,remaining_order_1104_mod_4
O41033,1175,false,1,1,remaining_order_1105_mod_4
O41136,1176,false,2,2,remaining_order_1106_mod_4
O41156,1177,false,3,3,remaining_order_1107_mod_4
O42411,1178,false,0,0,remaining_order_1108_mod_4
O42412,1179,false,1,1,remaining_order_1109_mod_4
O42449,1180,false,2,2,remaining_order_1110_mod_4
O43272,1181,false,3,3,remaining_order_1111_mod_4
O43463,1182,false,0,0,remaining_order_1112_mod_4
O43716,1183,false,1,1,remaining_order_1113_mod_4
O44111,1184,false,2,2,remaining_order_1114_mod_4
O46420,1185,false,3,3,remaining_order_1115_mod_4
O48500,1186,false,0,0,remaining_order_1116_mod_4
O49338,1187,false,1,1,remaining_order_1117_mod_4
O50224,1188,false,2,2,remaining_order_1118_mod_4
O50330,1189,false,3,3,remaining_order_1119_mod_4
O50338,1190,false,0,0,remaining_order_1120_mod_4
O50533,1191,false,1,1,remaining_order_1121_mod_4
O51215,1192,false,2,2,remaining_order_1122_mod_4
O51291,1193,false,3,3,remaining_order_1123_mod_4
O51318,1194,false,0,0,remaining_order_1124_mod_4
O51799,1195,false,1,1,remaining_order_1125_mod_4
O51900,1196,false,2,2,remaining_order_1126_mod_4
O53561,1197,false,3,3,remaining_order_1127_mod_4
O53873,1198,false,0,0,remaining_order_1128_mod_4
O54030,1199,false,1,1,remaining_order_1129_mod_4
O54457,1200,false,2,2,remaining_order_1130_mod_4
O54864,1201,false,3,3,remaining_order_1131_mod_4
O55026,1202,false,0,0,remaining_order_1132_mod_4
O55102,1203,false,1,1,remaining_order_1133_mod_4
O55716,1204,false,2,2,remaining_order_1134_mod_4
O57175,1205,false,3,3,remaining_order_1135_mod_4
O57177,1206,false,0,0,remaining_order_1136_mod_4
O57179,1207,false,1,1,remaining_order_1137_mod_4
O57193,1208,false,2,2,remaining_order_1138_mod_4
O57203,1209,false,3,3,remaining_order_1139_mod_4
O57209,1210,false,0,0,remaining_order_1140_mod_4
O57214,1211,false,1,1,remaining_order_1141_mod_4
O57245,1212,false,2,2,remaining_order_1142_mod_4
O57252,1213,false,3,3,remaining_order_1143_mod_4
O57920,1214,false,0,0,remaining_order_1144_mod_4
O58226,1215,false,1,1,remaining_order_1145_mod_4
O61069,1216,false,2,2,remaining_order_1146_mod_4
O62768,1217,false,3,3,remaining_order_1147_mod_4
O64174,1218,false,0,0,remaining_order_1148_mod_4
O64238,1219,false,1,1,remaining_order_1149_mod_4
O64240,1220,false,2,2,remaining_order_1150_mod_4
O64900,1221,false,3,3,remaining_order_1151_mod_4
O65316,1222,false,0,0,remaining_order_1152_mod_4
O66462,1223,false,1,1,remaining_order_1153_mod_4
O66615,1224,false,2,2,remaining_order_1154_mod_4
O67139,1225,false,3,3,remaining_order_1155_mod_4
O67339,1226,false,0,0,remaining_order_1156_mod_4
O67388,1227,false,1,1,remaining_order_1157_mod_4
O67441,1228,false,2,2,remaining_order_1158_mod_4
O68196,1229,false,3,3,remaining_order_1159_mod_4
O69407,1230,false,0,0,remaining_order_1160_mod_4
O69652,1231,false,1,1,remaining_order_1161_mod_4
O69783,1232,false,2,2,remaining_order_1162_mod_4
O70325,1233,false,3,3,remaining_order_1163_mod_4
O70489,1234,false,0,0,remaining_order_1164_mod_4
O71028,1235,false,1,1,remaining_order_1165_mod_4
O71153,1236,false,2,2,remaining_order_1166_mod_4
O72904,1237,false,3,3,remaining_order_1167_mod_4
O72907,1238,false,0,0,remaining_order_1168_mod_4
O72908,1239,false,1,1,remaining_order_1169_mod_4
O74794,1240,false,2,2,remaining_order_1170_mod_4
O74827,1241,false,3,3,remaining_order_1171_mod_4
O75884,1242,false,0,0,remaining_order_1172_mod_4
O76460,1243,false,1,1,remaining_order_1173_mod_4
O77622,1244,false,2,2,remaining_order_1174_mod_4
O83386,1245,false,3,3,remaining_order_1175_mod_4
O83432,1246,false,0,0,remaining_order_1176_mod_4
O83571,1247,false,1,1,remaining_order_1177_mod_4
O83759,1248,false,2,2,remaining_order_1178_mod_4
O83774,1249,false,3,3,remaining_order_1179_mod_4
O83982,1250,false,0,0,remaining_order_1180_mod_4
O84005,1251,false,1,1,remaining_order_1181_mod_4
O84378,1252,false,2,2,remaining_order_1182_mod_4
O86186,1253,false,3,3,remaining_order_1183_mod_4
O86535,1254,false,0,0,remaining_order_1184_mod_4
O86722,1255,false,1,1,remaining_order_1185_mod_4
O87278,1256,false,2,2,remaining_order_1186_mod_4
O87400,1257,false,3,3,remaining_order_1187_mod_4
O87790,1258,false,0,0,remaining_order_1188_mod_4
O88350,1259,false,1,1,remaining_order_1189_mod_4
O88426,1260,false,2,2,remaining_order_1190_mod_4
O88483,1261,false,3,3,remaining_order_1191_mod_4
O88484,1262,false,0,0,remaining_order_1192_mod_4
O88851,1263,false,1,1,remaining_order_1193_mod_4
O88895,1264,false,2,2,remaining_order_1194_mod_4
O89049,1265,false,3,3,remaining_order_1195_mod_4
O91254,1266,false,0,0,remaining_order_1196_mod_4
O91262,1267,false,1,1,remaining_order_1197_mod_4
O91729,1268,false,2,2,remaining_order_1198_mod_4
O92367,1269,false,3,3,remaining_order_1199_mod_4
O92490,1270,false,0,0,remaining_order_1200_mod_4
O93257,1271,false,1,1,remaining_order_1201_mod_4
O93658,1272,false,2,2,remaining_order_1202_mod_4
O93661,1273,false,3,3,remaining_order_1203_mod_4
O94453,1274,false,0,0,remaining_order_1204_mod_4
O94524,1275,false,1,1,remaining_order_1205_mod_4
O94642,1276,false,2,2,remaining_order_1206_mod_4
O94727,1277,false,3,3,remaining_order_1207_mod_4
O95427,1278,false,0,0,remaining_order_1208_mod_4
O95786,1279,false,1,1,remaining_order_1209_mod_4
O96720,1280,false,2,2,remaining_order_1210_mod_4
O98360,1281,false,3,3,remaining_order_1211_mod_4
O98668,1282,false,0,0,remaining_order_1212_mod_4
O98766,1283,false,1,1,remaining_order_1213_mod_4
O98883,1284,false,2,2,remaining_order_1214_mod_4
O99001,1285,false,3,3,remaining_order_1215_mod_4
P00325,1286,false,0,0,remaining_order_1216_mod_4
P00346,1287,false,1,1,remaining_order_1217_mod_4
P00368,1288,false,2,2,remaining_order_1218_mod_4
P00383,1289,false,3,3,remaining_order_1219_mod_4
P00384,1290,false,0,0,remaining_order_1220_mod_4
P00435,1291,false,1,1,remaining_order_1221_mod_4
P00471,1292,false,2,2,remaining_order_1222_mod_4
P00476,1293,false,3,3,remaining_order_1223_mod_4
P00488,1294,false,0,0,remaining_order_1224_mod_4
P00513,1295,false,1,1,remaining_order_1225_mod_4
P00521,1296,false,2,2,remaining_order_1226_mod_4
P00524,1297,false,3,3,remaining_order_1227_mod_4
P00525,1298,false,0,0,remaining_order_1228_mod_4
P00526,1299,false,1,1,remaining_order_1229_mod_4
P00527,1300,false,2,2,remaining_order_1230_mod_4
P00529,1301,false,3,3,remaining_order_1231_mod_4
P00530,1302,false,0,0,remaining_order_1232_mod_4
P00531,1303,false,1,1,remaining_order_1233_mod_4
P00532,1304,false,2,2,remaining_order_1234_mod_4
P00534,1305,false,3,3,remaining_order_1235_mod_4
P00535,1306,false,0,0,remaining_order_1236_mod_4
P00537,1307,false,1,1,remaining_order_1237_mod_4
P00538,1308,false,2,2,remaining_order_1238_mod_4
P00541,1309,false,3,3,remaining_order_1239_mod_4
P00542,1310,false,0,0,remaining_order_1240_mod_4
P00543,1311,false,1,1,remaining_order_1241_mod_4
P00545,1312,false,2,2,remaining_order_1242_mod_4
P00587,1313,false,3,3,remaining_order_1243_mod_4
P00588,1314,false,0,0,remaining_order_1244_mod_4
P00629,1315,false,1,1,remaining_order_1245_mod_4
P00814,1316,false,2,2,remaining_order_1246_mod_4
P00863,1317,false,3,3,remaining_order_1247_mod_4
P00917,1318,false,0,0,remaining_order_1248_mod_4
P01113,1319,false,1,1,remaining_order_1249_mod_4
P01114,1320,false,2,2,remaining_order_1250_mod_4
P01115,1321,false,3,3,remaining_order_1251_mod_4
P01117,1322,false,0,0,remaining_order_1252_mod_4
P02552,1323,false,1,1,remaining_order_1253_mod_4
P02580,1324,false,2,2,remaining_order_1254_mod_4
P02581,1325,false,3,3,remaining_order_1255_mod_4
P02904,1326,false,0,0,remaining_order_1256_mod_4
P03006,1327,false,1,1,remaining_order_1257_mod_4
P03018,1328,false,2,2,remaining_order_1258_mod_4
P03070,1329,false,3,3,remaining_order_1259_mod_4
P03071,1330,false,0,0,remaining_order_1260_mod_4
P03072,1331,false,1,1,remaining_order_1261_mod_4
P03073,1332,false,2,2,remaining_order_1262_mod_4
P03075,1333,false,3,3,remaining_order_1263_mod_4
P03111,1334,false,0,0,remaining_order_1264_mod_4
P03112,1335,false,1,1,remaining_order_1265_mod_4
P03113,1336,false,2,2,remaining_order_1266_mod_4
P03114,1337,false,3,3,remaining_order_1267_mod_4
P03116,1338,false,0,0,remaining_order_1268_mod_4
P03117,1339,false,1,1,remaining_order_1269_mod_4
P03132,1340,false,2,2,remaining_order_1270_mod_4
P03133,1341,false,3,3,remaining_order_1271_mod_4
P03134,1342,false,0,0,remaining_order_1272_mod_4
P03177,1343,false,1,1,remaining_order_1273_mod_4
P03190,1344,false,2,2,remaining_order_1274_mod_4
P03195,1345,false,3,3,remaining_order_1275_mod_4
P03318,1346,false,0,0,remaining_order_1276_mod_4
P03465,1347,false,1,1,remaining_order_1277_mod_4
P03692,1348,false,2,2,remaining_order_1278_mod_4
P03707,1349,false,3,3,remaining_order_1279_mod_4
P03763,1350,false,0,0,remaining_order_1280_mod_4
P03772,1351,false,1,1,remaining_order_1281_mod_4
P03781,1352,false,2,2,remaining_order_1282_mod_4
P04008,1353,false,3,3,remaining_order_1283_mod_4
P04014,1354,false,0,0,remaining_order_1284_mod_4
P04021,1355,false,1,1,remaining_order_1285_mod_4
P04024,1356,false,2,2,remaining_order_1286_mod_4
P04041,1357,false,3,3,remaining_order_1287_mod_4
P04048,1358,false,0,0,remaining_order_1288_mod_4
P04290,1359,false,1,1,remaining_order_1289_mod_4
P04298,1360,false,2,2,remaining_order_1290_mod_4
P04311,1361,false,3,3,remaining_order_1291_mod_4
P04362,1362,false,0,0,remaining_order_1292_mod_4
P04363,1363,false,1,1,remaining_order_1293_mod_4
P04382,1364,false,2,2,remaining_order_1294_mod_4
P04392,1365,false,3,3,remaining_order_1295_mod_4
P04407,1366,false,0,0,remaining_order_1296_mod_4
P04408,1367,false,1,1,remaining_order_1297_mod_4
P04413,1368,false,2,2,remaining_order_1298_mod_4
P04418,1369,false,3,3,remaining_order_1299_mod_4
P04531,1370,false,0,0,remaining_order_1300_mod_4
P04533,1371,false,1,1,remaining_order_1301_mod_4
P04972,1372,false,2,2,remaining_order_1302_mod_4
P05079,1373,false,3,3,remaining_order_1303_mod_4
P05699,1374,false,0,0,remaining_order_1304_mod_4
P05794,1375,false,1,1,remaining_order_1305_mod_4
P05807,1376,false,2,2,remaining_order_1306_mod_4
P06018,1377,false,3,3,remaining_order_1307_mod_4
P06420,1378,false,0,0,remaining_order_1308_mod_4
P06421,1379,false,1,1,remaining_order_1309_mod_4
P06431,1380,false,2,2,remaining_order_1310_mod_4
P06474,1381,false,3,3,remaining_order_1311_mod_4
P06478,1382,false,0,0,remaining_order_1312_mod_4
P06479,1383,false,1,1,remaining_order_1313_mod_4
P06634,1384,false,2,2,remaining_order_1314_mod_4
P06789,1385,false,3,3,remaining_order_1315_mod_4
P06854,1386,false,0,0,remaining_order_1316_mod_4
P06855,1387,false,1,1,remaining_order_1317_mod_4
P06920,1388,false,2,2,remaining_order_1318_mod_4
P07071,1389,false,3,3,remaining_order_1319_mod_4
P07169,1390,false,0,0,remaining_order_1320_mod_4
P07203,1391,false,1,1,remaining_order_1321_mod_4
P07239,1392,false,2,2,remaining_order_1322_mod_4
P07271,1393,false,3,3,remaining_order_1323_mod_4
P07296,1394,false,0,0,remaining_order_1324_mod_4
P07297,1395,false,1,1,remaining_order_1325_mod_4
P07298,1396,false,2,2,remaining_order_1326_mod_4
P07299,1397,false,3,3,remaining_order_1327_mod_4
P07300,1398,false,0,0,remaining_order_1328_mod_4
P07331,1399,false,1,1,remaining_order_1329_mod_4
P07541,1400,false,2,2,remaining_order_1330_mod_4
P07570,1401,false,3,3,remaining_order_1331_mod_4
P07605,1402,false,0,0,remaining_order_1332_mod_4
P07606,1403,false,1,1,remaining_order_1333_mod_4
P07617,1404,false,2,2,remaining_order_1334_mod_4
P07658,1405,false,3,3,remaining_order_1335_mod_4
P07686,1406,false,0,0,remaining_order_1336_mod_4
P07693,1407,false,1,1,remaining_order_1337_mod_4
P07966,1408,false,2,2,remaining_order_1338_mod_4
P07967,1409,false,3,3,remaining_order_1339_mod_4
P07968,1410,false,0,0,remaining_order_1340_mod_4
P07970,1411,false,1,1,remaining_order_1341_mod_4
P07971,1412,false,2,2,remaining_order_1342_mod_4
P07973,1413,false,3,3,remaining_order_1343_mod_4
P07974,1414,false,0,0,remaining_order_1344_mod_4
P07975,1415,false,1,1,remaining_order_1345_mod_4
P08110,1416,false,2,2,remaining_order_1346_mod_4
P08113,1417,false,3,3,remaining_order_1347_mod_4
P08298,1418,false,0,0,remaining_order_1348_mod_4
P08333,1419,false,1,1,remaining_order_1349_mod_4
P08344,1420,false,2,2,remaining_order_1350_mod_4
P08358,1421,false,3,3,remaining_order_1351_mod_4
P08455,1422,false,0,0,remaining_order_1352_mod_4
P08686,1423,false,1,1,remaining_order_1353_mod_4
P08712,1424,false,2,2,remaining_order_1354_mod_4
P08763,1425,false,3,3,remaining_order_1355_mod_4
P08773,1426,false,0,0,remaining_order_1356_mod_4
P08794,1427,false,1,1,remaining_order_1357_mod_4
P09174,1428,false,2,2,remaining_order_1358_mod_4
P09247,1429,false,3,3,remaining_order_1359_mod_4
P09248,1430,false,0,0,remaining_order_1360_mod_4
P09249,1431,false,1,1,remaining_order_1361_mod_4
P09250,1432,false,2,2,remaining_order_1362_mod_4
P09251,1433,false,3,3,remaining_order_1363_mod_4
P09254,1434,false,0,0,remaining_order_1364_mod_4
P09296,1435,false,1,1,remaining_order_1365_mod_4
P09389,1436,false,2,2,remaining_order_1366_mod_4
P09503,1437,false,3,3,remaining_order_1367_mod_4
P09915,1438,false,0,0,remaining_order_1368_mod_4
P0A229,1439,false,1,1,remaining_order_1369_mod_4
P0A230,1440,false,2,2,remaining_order_1370_mod_4
P0A251,1441,false,3,3,remaining_order_1371_mod_4
P0A3F8,1442,false,0,0,remaining_order_1372_mod_4
P0A3F9,1443,false,1,1,remaining_order_1373_mod_4
P0A3W0,1444,false,2,2,remaining_order_1374_mod_4
P0A3W1,1445,false,3,3,remaining_order_1375_mod_4
P0A435,1446,false,0,0,remaining_order_1376_mod_4
P0A436,1447,false,1,1,remaining_order_1377_mod_4
P0A437,1448,false,2,2,remaining_order_1378_mod_4
P0A4R3,1449,false,3,3,remaining_order_1379_mod_4
P0A4U0,1450,false,0,0,remaining_order_1380_mod_4
P0A4U1,1451,false,1,1,remaining_order_1381_mod_4
P0A513,1452,false,2,2,remaining_order_1382_mod_4
P0A577,1453,false,3,3,remaining_order_1383_mod_4
P0A5S3,1454,false,0,0,remaining_order_1384_mod_4
P0A663,1455,false,1,1,remaining_order_1385_mod_4
P0A677,1456,false,2,2,remaining_order_1386_mod_4
P0A6N2,1457,false,3,3,remaining_order_1387_mod_4
P0A6N3,1458,false,0,0,remaining_order_1388_mod_4
P0A791,1459,false,1,1,remaining_order_1389_mod_4
P0A8N7,1460,false,2,2,remaining_order_1390_mod_4
P0A9I8,1461,false,3,3,remaining_order_1391_mod_4
P0A9I9,1462,false,0,0,remaining_order_1392_mod_4
P0A9P6,1463,false,1,1,remaining_order_1393_mod_4
P0ACX7,1464,false,2,2,remaining_order_1394_mod_4
P0ADF9,1465,false,3,3,remaining_order_1395_mod_4
P0ADG1,1466,false,0,0,remaining_order_1396_mod_4
P0ADG2,1467,false,1,1,remaining_order_1397_mod_4
P0ADG3,1468,false,2,2,remaining_order_1398_mod_4
P0AFC3,1469,false,3,3,remaining_order_1399_mod_4
P0AFC4,1470,false,0,0,remaining_order_1400_mod_4
P0AFE5,1471,false,1,1,remaining_order_1401_mod_4
P0AFJ1,1472,false,2,2,remaining_order_1402_mod_4
P0AFJ2,1473,false,3,3,remaining_order_1403_mod_4
P0AFJ3,1474,false,0,0,remaining_order_1404_mod_4
P0AFJ4,1475,false,1,1,remaining_order_1405_mod_4
P0AFR4,1476,false,2,2,remaining_order_1406_mod_4
P0AFR5,1477,false,3,3,remaining_order_1407_mod_4
P0AFR6,1478,false,0,0,remaining_order_1408_mod_4
P0AGG5,1479,false,1,1,remaining_order_1409_mod_4
P0AGG6,1480,false,2,2,remaining_order_1410_mod_4
P0AGG7,1481,false,3,3,remaining_order_1411_mod_4
P0C025,1482,false,0,0,remaining_order_1412_mod_4
P0C0E4,1483,false,1,1,remaining_order_1413_mod_4
P0C0E6,1484,false,2,2,remaining_order_1414_mod_4
P0C0N0,1485,false,3,3,remaining_order_1415_mod_4
P0C0V4,1486,false,0,0,remaining_order_1416_mod_4
P0C0V9,1487,false,1,1,remaining_order_1417_mod_4
P0C0W0,1488,false,2,2,remaining_order_1418_mod_4
P0C0W3,1489,false,3,3,remaining_order_1419_mod_4
P0C0W4,1490,false,0,0,remaining_order_1420_mod_4
P0C0W5,1491,false,1,1,remaining_order_1421_mod_4
P0C0W6,1492,false,2,2,remaining_order_1422_mod_4
P0C0W7,1493,false,3,3,remaining_order_1423_mod_4
P0C121,1494,false,0,0,remaining_order_1424_mod_4
P0C1D5,1495,false,1,1,remaining_order_1425_mod_4
P0C1G4,1496,false,2,2,remaining_order_1426_mod_4
P0C2C3,1497,false,3,3,remaining_order_1427_mod_4
P0C2D1,1498,false,0,0,remaining_order_1428_mod_4
P0C2D3,1499,false,1,1,remaining_order_1429_mod_4
P0C2D4,1500,false,2,2,remaining_order_1430_mod_4
P0C2D5,1501,false,3,3,remaining_order_1431_mod_4
P0C2D6,1502,false,0,0,remaining_order_1432_mod_4
P0C2K0,1503,false,1,1,remaining_order_1433_mod_4
P0C2K1,1504,false,2,2,remaining_order_1434_mod_4
P0C2K2,1505,false,3,3,remaining_order_1435_mod_4
P0C2K3,1506,false,0,0,remaining_order_1436_mod_4
P0C2K4,1507,false,1,1,remaining_order_1437_mod_4
P0C2K5,1508,false,2,2,remaining_order_1438_mod_4
P0C2K6,1509,false,3,3,remaining_order_1439_mod_4
P0C2K7,1510,false,0,0,remaining_order_1440_mod_4
P0C2K8,1511,false,1,1,remaining_order_1441_mod_4
P0C2K9,1512,false,2,2,remaining_order_1442_mod_4
P0C2L0,1513,false,3,3,remaining_order_1443_mod_4
P0C2L1,1514,false,0,0,remaining_order_1444_mod_4
P0C525,1515,false,1,1,remaining_order_1445_mod_4
P0C534,1516,false,2,2,remaining_order_1446_mod_4
P0C6L1,1517,false,3,3,remaining_order_1447_mod_4
P0C6Z8,1518,false,0,0,remaining_order_1448_mod_4
P0C701,1519,false,1,1,remaining_order_1449_mod_4
P0C702,1520,false,2,2,remaining_order_1450_mod_4
P0C731,1521,false,3,3,remaining_order_1451_mod_4
P0C7K9,1522,false,0,0,remaining_order_1452_mod_4
P0C8F2,1523,false,1,1,remaining_order_1453_mod_4
P0C8F3,1524,false,2,2,remaining_order_1454_mod_4
P0C8F4,1525,false,3,3,remaining_order_1455_mod_4
P0C8F9,1526,false,0,0,remaining_order_1456_mod_4
P0C8G1,1527,false,1,1,remaining_order_1457_mod_4
P0C8G2,1528,false,2,2,remaining_order_1458_mod_4
P0C8G8,1529,false,3,3,remaining_order_1459_mod_4
P0C8G9,1530,false,0,0,remaining_order_1460_mod_4
P0C8H7,1531,false,1,1,remaining_order_1461_mod_4
P0C8H8,1532,false,2,2,remaining_order_1462_mod_4
P0C8H9,1533,false,3,3,remaining_order_1463_mod_4
P0C8I0,1534,false,0,0,remaining_order_1464_mod_4
P0C8I1,1535,false,1,1,remaining_order_1465_mod_4
P0C8I2,1536,false,2,2,remaining_order_1466_mod_4
P0C8I3,1537,false,3,3,remaining_order_1467_mod_4
P0C8I4,1538,false,0,0,remaining_order_1468_mod_4
P0C8I5,1539,false,1,1,remaining_order_1469_mod_4
P0C8I6,1540,false,2,2,remaining_order_1470_mod_4
P0C8L5,1541,false,3,3,remaining_order_1471_mod_4
P0C942,1542,false,0,0,remaining_order_1472_mod_4
P0C943,1543,false,1,1,remaining_order_1473_mod_4
P0C993,1544,false,2,2,remaining_order_1474_mod_4
P0C995,1545,false,3,3,remaining_order_1475_mod_4
P0C9A2,1546,false,0,0,remaining_order_1476_mod_4
P0C9A4,1547,false,1,1,remaining_order_1477_mod_4
P0C9A8,1548,false,2,2,remaining_order_1478_mod_4
P0C9A9,1549,false,3,3,remaining_order_1479_mod_4
P0C9B0,1550,false,0,0,remaining_order_1480_mod_4
P0C9C3,1551,false,1,1,remaining_order_1481_mod_4
P0C9C4,1552,false,2,2,remaining_order_1482_mod_4
P0C9C5,1553,false,3,3,remaining_order_1483_mod_4
P0C9E0,1554,false,0,0,remaining_order_1484_mod_4
P0C9E1,1555,false,1,1,remaining_order_1485_mod_4
P0C9E2,1556,false,2,2,remaining_order_1486_mod_4
P0CAP6,1557,false,3,3,remaining_order_1487_mod_4
P0CAP7,1558,false,0,0,remaining_order_1488_mod_4
P0CAR8,1559,false,1,1,remaining_order_1489_mod_4
P0CAS1,1560,false,2,2,remaining_order_1490_mod_4
P0CAT0,1561,false,3,3,remaining_order_1491_mod_4
P0CAT1,1562,false,0,0,remaining_order_1492_mod_4
P0CB01,1563,false,1,1,remaining_order_1493_mod_4
P0CB02,1564,false,2,2,remaining_order_1494_mod_4
P0CC16,1565,false,3,3,remaining_order_1495_mod_4
P0CE47,1566,false,0,0,remaining_order_1496_mod_4
P0CE48,1567,false,1,1,remaining_order_1497_mod_4
P0CH86,1568,false,2,2,remaining_order_1498_mod_4
P0CJ40,1569,false,3,3,remaining_order_1499_mod_4
P0CK60,1570,false,0,0,remaining_order_1500_mod_4
P0CM18,1571,false,1,1,remaining_order_1501_mod_4
P0CN22,1572,false,2,2,remaining_order_1502_mod_4
P0CN94,1573,false,3,3,remaining_order_1503_mod_4
P0CN95,1574,false,0,0,remaining_order_1504_mod_4
P0CO50,1575,false,1,1,remaining_order_1505_mod_4
P0CO56,1576,false,2,2,remaining_order_1506_mod_4
P0CO64,1577,false,3,3,remaining_order_1507_mod_4
P0CP72,1578,false,0,0,remaining_order_1508_mod_4
P0CP74,1579,false,1,1,remaining_order_1509_mod_4
P0CQ14,1580,false,2,2,remaining_order_1510_mod_4
P0CQ82,1581,false,3,3,remaining_order_1511_mod_4
P0CQ84,1582,false,0,0,remaining_order_1512_mod_4
P0CQ86,1583,false,1,1,remaining_order_1513_mod_4
P0CQ92,1584,false,2,2,remaining_order_1514_mod_4
P0CR08,1585,false,3,3,remaining_order_1515_mod_4
P0CR12,1586,false,0,0,remaining_order_1516_mod_4
P0CR76,1587,false,1,1,remaining_order_1517_mod_4
P0CS10,1588,false,2,2,remaining_order_1518_mod_4
P0CS80,1589,false,3,3,remaining_order_1519_mod_4
P0CU76,1590,false,0,0,remaining_order_1520_mod_4
P0CV91,1591,false,1,1,remaining_order_1521_mod_4
P0DI85,1592,false,2,2,remaining_order_1522_mod_4
P0DI86,1593,false,3,3,remaining_order_1523_mod_4
P0DI87,1594,false,0,0,remaining_order_1524_mod_4
P0DI88,1595,false,1,1,remaining_order_1525_mod_4
P0DI89,1596,false,2,2,remaining_order_1526_mod_4
P0DI90,1597,false,3,3,remaining_order_1527_mod_4
P0DJJ5,1598,false,0,0,remaining_order_1528_mod_4
P0DJJ7,1599,false,1,1,remaining_order_1529_mod_4
P0DJM5,1600,false,2,2,remaining_order_1530_mod_4
P0DJM6,1601,false,3,3,remaining_order_1531_mod_4
P0DJM7,1602,false,0,0,remaining_order_1532_mod_4
P0DJM8,1603,false,1,1,remaining_order_1533_mod_4
P0DJM9,1604,false,2,2,remaining_order_1534_mod_4
P0DJN0,1605,false,3,3,remaining_order_1535_mod_4
P0DJN1,1606,false,0,0,remaining_order_1536_mod_4
P0DJN3,1607,false,1,1,remaining_order_1537_mod_4
P0DJN4,1608,false,2,2,remaining_order_1538_mod_4
P0DJN5,1609,false,3,3,remaining_order_1539_mod_4
P0DJN6,1610,false,0,0,remaining_order_1540_mod_4
P0DJN7,1611,false,1,1,remaining_order_1541_mod_4
P0DJN8,1612,false,2,2,remaining_order_1542_mod_4
P0DJP5,1613,false,3,3,remaining_order_1543_mod_4
P0DJP6,1614,false,0,0,remaining_order_1544_mod_4
P0DJP7,1615,false,1,1,remaining_order_1545_mod_4
P0DJP8,1616,false,2,2,remaining_order_1546_mod_4
P0DJP9,1617,false,3,3,remaining_order_1547_mod_4
P0DJQ0,1618,false,0,0,remaining_order_1548_mod_4
P0DJR1,1619,false,1,1,remaining_order_1549_mod_4
P0DKH4,1620,false,2,2,remaining_order_1550_mod_4
P0DKR4,1621,false,3,3,remaining_order_1551_mod_4
P0DKS9,1622,false,0,0,remaining_order_1552_mod_4
P0DKT0,1623,false,1,1,remaining_order_1553_mod_4
P0DKT6,1624,false,2,2,remaining_order_1554_mod_4
P0DKT7,1625,false,3,3,remaining_order_1555_mod_4
P0DKU3,1626,false,0,0,remaining_order_1556_mod_4
P0DKU4,1627,false,1,1,remaining_order_1557_mod_4
P0DKX1,1628,false,2,2,remaining_order_1558_mod_4
P0DMB6,1629,false,3,3,remaining_order_1559_mod_4
P0DMB7,1630,false,0,0,remaining_order_1560_mod_4
P0DMB8,1631,false,1,1,remaining_order_1561_mod_4
P0DMG8,1632,false,2,2,remaining_order_1562_mod_4
P0DMG9,1633,false,3,3,remaining_order_1563_mod_4
P0DMI1,1634,false,0,0,remaining_order_1564_mod_4
P0DMK1,1635,false,1,1,remaining_order_1565_mod_4
P0DO49,1636,false,2,2,remaining_order_1566_mod_4
P0DO50,1637,false,3,3,remaining_order_1567_mod_4
P0DO52,1638,false,0,0,remaining_order_1568_mod_4
P0DO55,1639,false,1,1,remaining_order_1569_mod_4
P0DO56,1640,false,2,2,remaining_order_1570_mod_4
P0DO57,1641,false,3,3,remaining_order_1571_mod_4
P0DO58,1642,false,0,0,remaining_order_1572_mod_4
P0DO59,1643,false,1,1,remaining_order_1573_mod_4
P0DO65,1644,false,2,2,remaining_order_1574_mod_4
P0DO66,1645,false,3,3,remaining_order_1575_mod_4
P0DO67,1646,false,0,0,remaining_order_1576_mod_4
P0DO68,1647,false,1,1,remaining_order_1577_mod_4
P0DO69,1648,false,2,2,remaining_order_1578_mod_4
P0DO70,1649,false,3,3,remaining_order_1579_mod_4
P0DO71,1650,false,0,0,remaining_order_1580_mod_4
P0DO72,1651,false,1,1,remaining_order_1581_mod_4
P0DO73,1652,false,2,2,remaining_order_1582_mod_4
P0DO74,1653,false,3,3,remaining_order_1583_mod_4
P0DO75,1654,false,0,0,remaining_order_1584_mod_4
P0DO76,1655,false,1,1,remaining_order_1585_mod_4
P0DO77,1656,false,2,2,remaining_order_1586_mod_4
P0DO78,1657,false,3,3,remaining_order_1587_mod_4
P0DO79,1658,false,0,0,remaining_order_1588_mod_4
P0DO80,1659,false,1,1,remaining_order_1589_mod_4
P0DO81,1660,false,2,2,remaining_order_1590_mod_4
P0DO82,1661,false,3,3,remaining_order_1591_mod_4
P0DO83,1662,false,0,0,remaining_order_1592_mod_4
P0DO84,1663,false,1,1,remaining_order_1593_mod_4
P0DO85,1664,false,2,2,remaining_order_1594_mod_4
P0DO86,1665,false,3,3,remaining_order_1595_mod_4
P0DO87,1666,false,0,0,remaining_order_1596_mod_4
P0DO88,1667,false,1,1,remaining_order_1597_mod_4
P0DO89,1668,false,2,2,remaining_order_1598_mod_4
P0DO90,1669,false,3,3,remaining_order_1599_mod_4
P0DO91,1670,false,0,0,remaining_order_1600_mod_4
P0DOI5,1671,false,1,1,remaining_order_1601_mod_4
P0DOI6,1672,false,2,2,remaining_order_1602_mod_4
P0DOI7,1673,false,3,3,remaining_order_1603_mod_4
P0DOJ4,1674,false,0,0,remaining_order_1604_mod_4
P0DOJ5,1675,false,1,1,remaining_order_1605_mod_4
P0DOJ6,1676,false,2,2,remaining_order_1606_mod_4
P0DOL5,1677,false,3,3,remaining_order_1607_mod_4
P0DOL6,1678,false,0,0,remaining_order_1608_mod_4
P0DOM7,1679,false,1,1,remaining_order_1609_mod_4
P0DOM8,1680,false,2,2,remaining_order_1610_mod_4
P0DOQ3,1681,false,3,3,remaining_order_1611_mod_4
P0DOQ4,1682,false,0,0,remaining_order_1612_mod_4
P0DOQ5,1683,false,1,1,remaining_order_1613_mod_4
P0DOQ6,1684,false,2,2,remaining_order_1614_mod_4
P0DOU5,1685,false,3,3,remaining_order_1615_mod_4
P0DPQ8,1686,false,0,0,remaining_order_1616_mod_4
P0DPS2,1687,false,1,1,remaining_order_1617_mod_4
P0DPT8,1688,false,2,2,remaining_order_1618_mod_4
P0DRL0,1689,false,3,3,remaining_order_1619_mod_4
P0DRM4,1690,false,0,0,remaining_order_1620_mod_4
P0DSN5,1691,false,1,1,remaining_order_1621_mod_4
P0DSS7,1692,false,2,2,remaining_order_1622_mod_4
P0DSS8,1693,false,3,3,remaining_order_1623_mod_4
P0DSU5,1694,false,0,0,remaining_order_1624_mod_4
P0DSU6,1695,false,1,1,remaining_order_1625_mod_4
P0DSV1,1696,false,2,2,remaining_order_1626_mod_4
P0DSV2,1697,false,3,3,remaining_order_1627_mod_4
P0DSV5,1698,false,0,0,remaining_order_1628_mod_4
P0DSV6,1699,false,1,1,remaining_order_1629_mod_4
P0DSX5,1700,false,2,2,remaining_order_1630_mod_4
P0DSX6,1701,false,3,3,remaining_order_1631_mod_4
P0DSZ7,1702,false,0,0,remaining_order_1632_mod_4
P0DSZ8,1703,false,1,1,remaining_order_1633_mod_4
P0DTE4,1704,false,2,2,remaining_order_1634_mod_4
P0DTH5,1705,false,3,3,remaining_order_1635_mod_4
P0DTK3,1706,false,0,0,remaining_order_1636_mod_4
P0DTK5,1707,false,1,1,remaining_order_1637_mod_4
P0DTK6,1708,false,2,2,remaining_order_1638_mod_4
P0DTK7,1709,false,3,3,remaining_order_1639_mod_4
P0DTK8,1710,false,0,0,remaining_order_1640_mod_4
P0DTK9,1711,false,1,1,remaining_order_1641_mod_4
P0DTL0,1712,false,2,2,remaining_order_1642_mod_4
P0DTL1,1713,false,3,3,remaining_order_1643_mod_4
P0DTL2,1714,false,0,0,remaining_order_1644_mod_4
P0DUM7,1715,false,1,1,remaining_order_1645_mod_4
P0DUM8,1716,false,2,2,remaining_order_1646_mod_4
P0DUM9,1717,false,3,3,remaining_order_1647_mod_4
P0DUN3,1718,false,0,0,remaining_order_1648_mod_4
P0DUN4,1719,false,1,1,remaining_order_1649_mod_4
P0DUR6,1720,false,2,2,remaining_order_1650_mod_4
P0DUV9,1721,false,3,3,remaining_order_1651_mod_4
P0DV09,1722,false,0,0,remaining_order_1652_mod_4
P0DV11,1723,false,1,1,remaining_order_1653_mod_4
P0DV12,1724,false,2,2,remaining_order_1654_mod_4
P0DV24,1725,false,3,3,remaining_order_1655_mod_4
P0DV26,1726,false,0,0,remaining_order_1656_mod_4
P0DV28,1727,false,1,1,remaining_order_1657_mod_4
P0DV29,1728,false,2,2,remaining_order_1658_mod_4
P0DV34,1729,false,3,3,remaining_order_1659_mod_4
P0DV35,1730,false,0,0,remaining_order_1660_mod_4
P0DV36,1731,false,1,1,remaining_order_1661_mod_4
P0DV38,1732,false,2,2,remaining_order_1662_mod_4
P0DV40,1733,false,3,3,remaining_order_1663_mod_4
P0DV41,1734,false,0,0,remaining_order_1664_mod_4
P0DV42,1735,false,1,1,remaining_order_1665_mod_4
P0DV56,1736,false,2,2,remaining_order_1666_mod_4
P0DV57,1737,false,3,3,remaining_order_1667_mod_4
P0DV65,1738,false,0,0,remaining_order_1668_mod_4
P0DV78,1739,false,1,1,remaining_order_1669_mod_4
P0DV82,1740,false,2,2,remaining_order_1670_mod_4
P0DW08,1741,false,3,3,remaining_order_1671_mod_4
P0DW49,1742,false,0,0,remaining_order_1672_mod_4
P0DW52,1743,false,1,1,remaining_order_1673_mod_4
P0DW53,1744,false,2,2,remaining_order_1674_mod_4
P0DW59,1745,false,3,3,remaining_order_1675_mod_4
P0DW60,1746,false,0,0,remaining_order_1676_mod_4
P0DW70,1747,false,1,1,remaining_order_1677_mod_4
P0DW79,1748,false,2,2,remaining_order_1678_mod_4
P0DW80,1749,false,3,3,remaining_order_1679_mod_4
P0DW99,1750,false,0,0,remaining_order_1680_mod_4
P0DX06,1751,false,1,1,remaining_order_1681_mod_4
P0DX08,1752,false,2,2,remaining_order_1682_mod_4
P0DX09,1753,false,3,3,remaining_order_1683_mod_4
P0DX11,1754,false,0,0,remaining_order_1684_mod_4
P0DX12,1755,false,1,1,remaining_order_1685_mod_4
P0DX13,1756,false,2,2,remaining_order_1686_mod_4
P0DX14,1757,false,3,3,remaining_order_1687_mod_4
P0DX22,1758,false,0,0,remaining_order_1688_mod_4
P0DX23,1759,false,1,1,remaining_order_1689_mod_4
P0DX24,1760,false,2,2,remaining_order_1690_mod_4
P0DX29,1761,false,3,3,remaining_order_1691_mod_4
P0DX40,1762,false,0,0,remaining_order_1692_mod_4
P0DX41,1763,false,1,1,remaining_order_1693_mod_4
P0DX42,1764,false,2,2,remaining_order_1694_mod_4
P0DX43,1765,false,3,3,remaining_order_1695_mod_4
P0DX54,1766,false,0,0,remaining_order_1696_mod_4
P0DX62,1767,false,1,1,remaining_order_1697_mod_4
P0DX71,1768,false,2,2,remaining_order_1698_mod_4
P0DX75,1769,false,3,3,remaining_order_1699_mod_4
P0DX84,1770,false,0,0,remaining_order_1700_mod_4
P0DX85,1771,false,1,1,remaining_order_1701_mod_4
P0DX86,1772,false,2,2,remaining_order_1702_mod_4
P0DX91,1773,false,3,3,remaining_order_1703_mod_4
P0DX92,1774,false,0,0,remaining_order_1704_mod_4
P0DX97,1775,false,1,1,remaining_order_1705_mod_4
P0DX98,1776,false,2,2,remaining_order_1706_mod_4
P0DXA3,1777,false,3,3,remaining_order_1707_mod_4
P0DXA5,1778,false,0,0,remaining_order_1708_mod_4
P0DXA6,1779,false,1,1,remaining_order_1709_mod_4
P0DXB0,1780,false,2,2,remaining_order_1710_mod_4
P0DXB2,1781,false,3,3,remaining_order_1711_mod_4
P0DXB4,1782,false,0,0,remaining_order_1712_mod_4
P0DXB5,1783,false,1,1,remaining_order_1713_mod_4
P0DXB6,1784,false,2,2,remaining_order_1714_mod_4
P0DXB7,1785,false,3,3,remaining_order_1715_mod_4
P0DXB8,1786,false,0,0,remaining_order_1716_mod_4
P0DXB9,1787,false,1,1,remaining_order_1717_mod_4
P0DXC0,1788,false,2,2,remaining_order_1718_mod_4
P0DXC4,1789,false,3,3,remaining_order_1719_mod_4
P0DXC5,1790,false,0,0,remaining_order_1720_mod_4
P0DXC6,1791,false,1,1,remaining_order_1721_mod_4
P0DXC7,1792,false,2,2,remaining_order_1722_mod_4
P0DXC8,1793,false,3,3,remaining_order_1723_mod_4
P0DXD0,1794,false,0,0,remaining_order_1724_mod_4
P0DXD2,1795,false,1,1,remaining_order_1725_mod_4
P0DXD3,1796,false,2,2,remaining_order_1726_mod_4
P0DXD4,1797,false,3,3,remaining_order_1727_mod_4
P0DXD5,1798,false,0,0,remaining_order_1728_mod_4
P0DXD6,1799,false,1,1,remaining_order_1729_mod_4
P0DXD7,1800,false,2,2,remaining_order_1730_mod_4
P0DXD8,1801,false,3,3,remaining_order_1731_mod_4
P0DXD9,1802,false,0,0,remaining_order_1732_mod_4
P0DXE0,1803,false,1,1,remaining_order_1733_mod_4
P0DXE1,1804,false,2,2,remaining_order_1734_mod_4
P0DXE2,1805,false,3,3,remaining_order_1735_mod_4
P0DXE3,1806,false,0,0,remaining_order_1736_mod_4
P0DXE4,1807,false,1,1,remaining_order_1737_mod_4
P0DXE5,1808,false,2,2,remaining_order_1738_mod_4
P0DXE6,1809,false,3,3,remaining_order_1739_mod_4
P0DXE7,1810,false,0,0,remaining_order_1740_mod_4
P0DXF1,1811,false,1,1,remaining_order_1741_mod_4
P0DXF9,1812,false,2,2,remaining_order_1742_mod_4
P0DXG0,1813,false,3,3,remaining_order_1743_mod_4
P0DXG4,1814,false,0,0,remaining_order_1744_mod_4
P0DXG6,1815,false,1,1,remaining_order_1745_mod_4
P0DXG7,1816,false,2,2,remaining_order_1746_mod_4
P0DXG8,1817,false,3,3,remaining_order_1747_mod_4
P0DXG9,1818,false,0,0,remaining_order_1748_mod_4
P0DXH0,1819,false,1,1,remaining_order_1749_mod_4
P0DXH1,1820,false,2,2,remaining_order_1750_mod_4
P0DXH2,1821,false,3,3,remaining_order_1751_mod_4
P0DXH3,1822,false,0,0,remaining_order_1752_mod_4
P0DXH4,1823,false,1,1,remaining_order_1753_mod_4
P0DXH5,1824,false,2,2,remaining_order_1754_mod_4
P0DXH6,1825,false,3,3,remaining_order_1755_mod_4
P0DXH7,1826,false,0,0,remaining_order_1756_mod_4
P0DXH8,1827,false,1,1,remaining_order_1757_mod_4
P0DXH9,1828,false,2,2,remaining_order_1758_mod_4
P0DXI1,1829,false,3,3,remaining_order_1759_mod_4
P0DXI2,1830,false,0,0,remaining_order_1760_mod_4
P0DXI3,1831,false,1,1,remaining_order_1761_mod_4
P0DXI4,1832,false,2,2,remaining_order_1762_mod_4
P0DXJ0,1833,false,3,3,remaining_order_1763_mod_4
P0DXJ1,1834,false,0,0,remaining_order_1764_mod_4
P0DXJ2,1835,false,1,1,remaining_order_1765_mod_4
P0DXJ3,1836,false,2,2,remaining_order_1766_mod_4
P0DXJ4,1837,false,3,3,remaining_order_1767_mod_4
P0DXJ5,1838,false,0,0,remaining_order_1768_mod_4
P0DXJ6,1839,false,1,1,remaining_order_1769_mod_4
P0DXJ7,1840,false,2,2,remaining_order_1770_mod_4
P0DXJ8,1841,false,3,3,remaining_order_1771_mod_4
P0DXJ9,1842,false,0,0,remaining_order_1772_mod_4
P0DXU5,1843,false,1,1,remaining_order_1773_mod_4
P0DXU7,1844,false,2,2,remaining_order_1774_mod_4
P0DXU9,1845,false,3,3,remaining_order_1775_mod_4
P0DXV0,1846,false,0,0,remaining_order_1776_mod_4
P0DXV1,1847,false,1,1,remaining_order_1777_mod_4
P0DXX5,1848,false,2,2,remaining_order_1778_mod_4
P0DXY1,1849,false,3,3,remaining_order_1779_mod_4
P0DXY3,1850,false,0,0,remaining_order_1780_mod_4
P0DXZ0,1851,false,1,1,remaining_order_1781_mod_4
P0DXZ1,1852,false,2,2,remaining_order_1782_mod_4
P0DXZ6,1853,false,3,3,remaining_order_1783_mod_4
P0DY05,1854,false,0,0,remaining_order_1784_mod_4
P0DY06,1855,false,1,1,remaining_order_1785_mod_4
P0DY07,1856,false,2,2,remaining_order_1786_mod_4
P0DY08,1857,false,3,3,remaining_order_1787_mod_4
P0DY09,1858,false,0,0,remaining_order_1788_mod_4
P0DY10,1859,false,1,1,remaining_order_1789_mod_4
P0DY11,1860,false,2,2,remaining_order_1790_mod_4
P0DY12,1861,false,3,3,remaining_order_1791_mod_4
P0DY14,1862,false,0,0,remaining_order_1792_mod_4
P0DY29,1863,false,1,1,remaining_order_1793_mod_4
P0DY30,1864,false,2,2,remaining_order_1794_mod_4
P0DY32,1865,false,3,3,remaining_order_1795_mod_4
P0DY33,1866,false,0,0,remaining_order_1796_mod_4
P0DY34,1867,false,1,1,remaining_order_1797_mod_4
P0DY42,1868,false,2,2,remaining_order_1798_mod_4
P0DY45,1869,false,3,3,remaining_order_1799_mod_4
P0DY46,1870,false,0,0,remaining_order_1800_mod_4
P0DY48,1871,false,1,1,remaining_order_1801_mod_4
P0DY49,1872,false,2,2,remaining_order_1802_mod_4
P0DY52,1873,false,3,3,remaining_order_1803_mod_4
P0DY53,1874,false,0,0,remaining_order_1804_mod_4
P0DY54,1875,false,1,1,remaining_order_1805_mod_4
P0DY61,1876,false,2,2,remaining_order_1806_mod_4
P0DY62,1877,false,3,3,remaining_order_1807_mod_4
P0DY63,1878,false,0,0,remaining_order_1808_mod_4
P0DY81,1879,false,1,1,remaining_order_1809_mod_4
P0DY82,1880,false,2,2,remaining_order_1810_mod_4
P10052,1881,false,3,3,remaining_order_1811_mod_4
P10094,1882,false,0,0,remaining_order_1812_mod_4
P10095,1883,false,1,1,remaining_order_1813_mod_4
P10224,1884,false,2,2,remaining_order_1814_mod_4
P10234,1885,false,3,3,remaining_order_1815_mod_4
P10271,1886,false,0,0,remaining_order_1816_mod_4
P10277,1887,false,1,1,remaining_order_1817_mod_4
P10421,1888,false,2,2,remaining_order_1818_mod_4
P10447,1889,false,3,3,remaining_order_1819_mod_4
P10489,1890,false,0,0,remaining_order_1820_mod_4
P10533,1891,false,1,1,remaining_order_1821_mod_4
P10613,1892,false,2,2,remaining_order_1822_mod_4
P10614,1893,false,3,3,remaining_order_1823_mod_4
P10748,1894,false,0,0,remaining_order_1824_mod_4
P10801,1895,false,1,1,remaining_order_1825_mod_4
P10835,1896,false,2,2,remaining_order_1826_mod_4
P10887,1897,false,3,3,remaining_order_1827_mod_4
P10948,1898,false,0,0,remaining_order_1828_mod_4
P11014,1899,false,1,1,remaining_order_1829_mod_4
P11037,1900,false,2,2,remaining_order_1830_mod_4
P11107,1901,false,3,3,remaining_order_1831_mod_4
P11156,1902,false,0,0,remaining_order_1832_mod_4
P11158,1903,false,1,1,remaining_order_1833_mod_4
P11180,1904,false,2,2,remaining_order_1834_mod_4
P11182,1905,false,3,3,remaining_order_1835_mod_4
P11245,1906,false,0,0,remaining_order_1836_mod_4
P11273,1907,false,1,1,remaining_order_1837_mod_4
P11298,1908,false,2,2,remaining_order_1838_mod_4
P11328,1909,false,3,3,remaining_order_1839_mod_4
P11352,1910,false,0,0,remaining_order_1840_mod_4
P11727,1911,false,1,1,remaining_order_1841_mod_4
P11887,1912,false,2,2,remaining_order_1842_mod_4
P11909,1913,false,3,3,remaining_order_1843_mod_4
P11917,1914,false,0,0,remaining_order_1844_mod_4
P11918,1915,false,1,1,remaining_order_1845_mod_4
P12049,1916,false,2,2,remaining_order_1846_mod_4
P12320,1917,false,3,3,remaining_order_1847_mod_4
P12321,1918,false,0,0,remaining_order_1848_mod_4
P12343,1919,false,1,1,remaining_order_1849_mod_4
P12364,1920,false,2,2,remaining_order_1850_mod_4
P12366,1921,false,3,3,remaining_order_1851_mod_4
P12381,1922,false,0,0,remaining_order_1852_mod_4
P12427,1923,false,1,1,remaining_order_1853_mod_4
P12431,1924,false,2,2,remaining_order_1854_mod_4
P12462,1925,false,3,3,remaining_order_1855_mod_4
P12646,1926,false,0,0,remaining_order_1856_mod_4
P12726,1927,false,1,1,remaining_order_1857_mod_4
P12848,1928,false,2,2,remaining_order_1858_mod_4
P12905,1929,false,3,3,remaining_order_1859_mod_4
P12927,1930,false,0,0,remaining_order_1860_mod_4
P12929,1931,false,1,1,remaining_order_1861_mod_4
P12956,1932,false,2,2,remaining_order_1862_mod_4
P13010,1933,false,3,3,remaining_order_1863_mod_4
P13071,1934,false,0,0,remaining_order_1864_mod_4
P13155,1935,false,1,1,remaining_order_1865_mod_4
P13157,1936,false,2,2,remaining_order_1866_mod_4
P13159,1937,false,3,3,remaining_order_1867_mod_4
P13191,1938,false,0,0,remaining_order_1868_mod_4
P13272,1939,false,1,1,remaining_order_1869_mod_4
P13284,1940,false,2,2,remaining_order_1870_mod_4
P13287,1941,false,3,3,remaining_order_1871_mod_4
P13288,1942,false,0,0,remaining_order_1872_mod_4
P13300,1943,false,1,1,remaining_order_1873_mod_4
P13464,1944,false,2,2,remaining_order_1874_mod_4
P13676,1945,false,3,3,remaining_order_1875_mod_4
P13771,1946,false,0,0,remaining_order_1876_mod_4
P13774,1947,false,1,1,remaining_order_1877_mod_4
P13798,1948,false,2,2,remaining_order_1878_mod_4
P13894,1949,false,3,3,remaining_order_1879_mod_4
P14084,1950,false,0,0,remaining_order_1880_mod_4
P14085,1951,false,1,1,remaining_order_1881_mod_4
P14217,1952,false,2,2,remaining_order_1882_mod_4
P14263,1953,false,3,3,remaining_order_1883_mod_4
P14396,1954,false,0,0,remaining_order_1884_mod_4
P14398,1955,false,1,1,remaining_order_1885_mod_4
P14405,1956,false,2,2,remaining_order_1886_mod_4
P14422,1957,false,3,3,remaining_order_1887_mod_4
P14552,1958,false,0,0,remaining_order_1888_mod_4
P14583,1959,false,1,1,remaining_order_1889_mod_4
P14597,1960,false,2,2,remaining_order_1890_mod_4
P14610,1961,false,3,3,remaining_order_1891_mod_4
P14621,1962,false,0,0,remaining_order_1892_mod_4
P14625,1963,false,1,1,remaining_order_1893_mod_4
P14775,1964,false,2,2,remaining_order_1894_mod_4
P14999,1965,false,3,3,remaining_order_1895_mod_4
P15054,1966,false,0,0,remaining_order_1896_mod_4
P15443,1967,false,1,1,remaining_order_1897_mod_4
P15736,1968,false,2,2,remaining_order_1898_mod_4
P15776,1969,false,3,3,remaining_order_1899_mod_4
P15879,1970,false,0,0,remaining_order_1900_mod_4
P15916,1971,false,1,1,remaining_order_1901_mod_4
P15984,1972,false,2,2,remaining_order_1902_mod_4
P16006,1973,false,3,3,remaining_order_1903_mod_4
P16101,1974,false,0,0,remaining_order_1904_mod_4
P16123,1975,false,1,1,remaining_order_1905_mod_4
P16392,1976,false,2,2,remaining_order_1906_mod_4
P16600,1977,false,3,3,remaining_order_1907_mod_4
P16788,1978,false,0,0,remaining_order_1908_mod_4
P16824,1979,false,1,1,remaining_order_1909_mod_4
P16913,1980,false,2,2,remaining_order_1910_mod_4
P17003,1981,false,3,3,remaining_order_1911_mod_4
P17004,1982,false,0,0,remaining_order_1912_mod_4
P17005,1983,false,1,1,remaining_order_1913_mod_4
P17087,1984,false,2,2,remaining_order_1914_mod_4
P17337,1985,false,3,3,remaining_order_1915_mod_4
P17338,1986,false,0,0,remaining_order_1916_mod_4
P17339,1987,false,1,1,remaining_order_1917_mod_4
P17374,1988,false,2,2,remaining_order_1918_mod_4
P17382,1989,false,3,3,remaining_order_1919_mod_4
P17402,1990,false,0,0,remaining_order_1920_mod_4
P17440,1991,false,1,1,remaining_order_1921_mod_4
P17441,1992,false,2,2,remaining_order_1922_mod_4
P17613,1993,false,3,3,remaining_order_1923_mod_4
P17653,1994,false,0,0,remaining_order_1924_mod_4
P17746,1995,false,1,1,remaining_order_1925_mod_4
P17794,1996,false,2,2,remaining_order_1926_mod_4
P17844,1997,false,3,3,remaining_order_1927_mod_4
P17888,1998,false,0,0,remaining_order_1928_mod_4
P18029,1999,false,1,1,remaining_order_1929_mod_4
P18030,2000,false,2,2,remaining_order_1930_mod_4
P18074,2001,false,3,3,remaining_order_1931_mod_4
P18172,2002,false,0,0,remaining_order_1932_mod_4
P18173,2003,false,1,1,remaining_order_1933_mod_4
P18250,2004,false,2,2,remaining_order_1934_mod_4
P18268,2005,false,3,3,remaining_order_1935_mod_4
P18283,2006,false,0,0,remaining_order_1936_mod_4
P18300,2007,false,1,1,remaining_order_1937_mod_4
P18316,2008,false,2,2,remaining_order_1938_mod_4
P18545,2009,false,3,3,remaining_order_1939_mod_4
P18547,2010,false,0,0,remaining_order_1940_mod_4
P18555,2011,false,1,1,remaining_order_1941_mod_4
P18786,2012,false,2,2,remaining_order_1942_mod_4
P18894,2013,false,3,3,remaining_order_1943_mod_4
P18997,2014,false,0,0,remaining_order_1944_mod_4
P18999,2015,false,1,1,remaining_order_1945_mod_4
P19109,2016,false,2,2,remaining_order_1946_mod_4
P19118,2017,false,3,3,remaining_order_1947_mod_4
P19149,2018,false,0,0,remaining_order_1948_mod_4
P19205,2019,false,1,1,remaining_order_1949_mod_4
P19574,2020,false,2,2,remaining_order_1950_mod_4
P19618,2021,false,3,3,remaining_order_1951_mod_4
P19621,2022,false,0,0,remaining_order_1952_mod_4
P19662,2023,false,1,1,remaining_order_1953_mod_4
P19663,2024,false,2,2,remaining_order_1954_mod_4
P19733,2025,false,3,3,remaining_order_1955_mod_4
P19916,2026,false,0,0,remaining_order_1956_mod_4
P19917,2027,false,1,1,remaining_order_1957_mod_4
P19918,2028,false,2,2,remaining_order_1958_mod_4
P19977,2029,false,3,3,remaining_order_1959_mod_4
P19978,2030,false,0,0,remaining_order_1960_mod_4
P19979,2031,false,1,1,remaining_order_1961_mod_4
P19980,2032,false,2,2,remaining_order_1962_mod_4
P19981,2033,false,3,3,remaining_order_1963_mod_4
P19982,2034,false,0,0,remaining_order_1964_mod_4
P19983,2035,false,1,1,remaining_order_1965_mod_4
P19985,2036,false,2,2,remaining_order_1966_mod_4
P20011,2037,false,3,3,remaining_order_1967_mod_4
P20012,2038,false,0,0,remaining_order_1968_mod_4
P20016,2039,false,1,1,remaining_order_1969_mod_4
P20137,2040,false,2,2,remaining_order_1970_mod_4
P20260,2041,false,3,3,remaining_order_1971_mod_4
P20304,2042,false,0,0,remaining_order_1972_mod_4
P20315,2043,false,1,1,remaining_order_1973_mod_4
P20337,2044,false,2,2,remaining_order_1974_mod_4
P20461,2045,false,3,3,remaining_order_1975_mod_4
P20479,2046,false,0,0,remaining_order_1976_mod_4
P20493,2047,false,1,1,remaining_order_1977_mod_4
P20495,2048,false,2,2,remaining_order_1978_mod_4
P20502,2049,false,3,3,remaining_order_1979_mod_4
P20503,2050,false,0,0,remaining_order_1980_mod_4
P20505,2051,false,1,1,remaining_order_1981_mod_4
P20637,2052,false,2,2,remaining_order_1982_mod_4
P20638,2053,false,3,3,remaining_order_1983_mod_4
P20699,2054,false,0,0,remaining_order_1984_mod_4
P20979,2055,false,1,1,remaining_order_1985_mod_4
P20999,2056,false,2,2,remaining_order_1986_mod_4
P21011,2057,false,3,3,remaining_order_1987_mod_4
P21033,2058,false,0,0,remaining_order_1988_mod_4
P21050,2059,false,1,1,remaining_order_1989_mod_4
P21095,2060,false,2,2,remaining_order_1990_mod_4
P21097,2061,false,3,3,remaining_order_1991_mod_4
P21215,2062,false,0,0,remaining_order_1992_mod_4
P21217,2063,false,1,1,remaining_order_1993_mod_4
P21290,2064,false,2,2,remaining_order_1994_mod_4
P21293,2065,false,3,3,remaining_order_1995_mod_4
P21372,2066,false,0,0,remaining_order_1996_mod_4
P21407,2067,false,1,1,remaining_order_1997_mod_4
P21693,2068,false,2,2,remaining_order_1998_mod_4
P21778,2069,false,3,3,remaining_order_1999_mod_4
P21790,2070,false,0,0,remaining_order_2000_mod_4
P21792,2071,false,1,1,remaining_order_2001_mod_4
P21974,2072,false,2,2,remaining_order_2002_mod_4
P22127,2073,false,3,3,remaining_order_2003_mod_4
P22153,2074,false,0,0,remaining_order_2004_mod_4
P22154,2075,false,1,1,remaining_order_2005_mod_4
P22281,2076,false,2,2,remaining_order_2006_mod_4
P22315,2077,false,3,3,remaining_order_2007_mod_4
P22352,2078,false,0,0,remaining_order_2008_mod_4
P22416,2079,false,1,1,remaining_order_2009_mod_4
P22419,2080,false,2,2,remaining_order_2010_mod_4
P22508,2081,false,3,3,remaining_order_2011_mod_4
P22571,2082,false,0,0,remaining_order_2012_mod_4
P22573,2083,false,1,1,remaining_order_2013_mod_4
P22649,2084,false,2,2,remaining_order_2014_mod_4
P22657,2085,false,3,3,remaining_order_2015_mod_4
P22658,2086,false,0,0,remaining_order_2016_mod_4
P22659,2087,false,1,1,remaining_order_2017_mod_4
P22660,2088,false,2,2,remaining_order_2018_mod_4
P22772,2089,false,3,3,remaining_order_2019_mod_4
P22779,2090,false,0,0,remaining_order_2020_mod_4
P22830,2091,false,1,1,remaining_order_2021_mod_4
P22942,2092,false,2,2,remaining_order_2022_mod_4
P22948,2093,false,3,3,remaining_order_2023_mod_4
P22949,2094,false,0,0,remaining_order_2024_mod_4
P22950,2095,false,1,1,remaining_order_2025_mod_4
P23007,2096,false,2,2,remaining_order_2026_mod_4
P23049,2097,false,3,3,remaining_order_2027_mod_4
P23109,2098,false,0,0,remaining_order_2028_mod_4
P23175,2099,false,1,1,remaining_order_2029_mod_4
P23334,2100,false,2,2,remaining_order_2030_mod_4
P23335,2101,false,3,3,remaining_order_2031_mod_4
P23373,2102,false,0,0,remaining_order_2032_mod_4
P23475,2103,false,1,1,remaining_order_2033_mod_4
P23725,2104,false,2,2,remaining_order_2034_mod_4
P23764,2105,false,3,3,remaining_order_2035_mod_4
P23857,2106,false,0,0,remaining_order_2036_mod_4
P23871,2107,false,1,1,remaining_order_2037_mod_4
P23983,2108,false,2,2,remaining_order_2038_mod_4
P24030,2109,false,3,3,remaining_order_2039_mod_4
P24096,2110,false,0,0,remaining_order_2040_mod_4
P24134,2111,false,1,1,remaining_order_2041_mod_4
P24381,2112,false,2,2,remaining_order_2042_mod_4
P24389,2113,false,3,3,remaining_order_2043_mod_4
P24424,2114,false,0,0,remaining_order_2044_mod_4
P24425,2115,false,1,1,remaining_order_2045_mod_4
P24486,2116,false,2,2,remaining_order_2046_mod_4
P24597,2117,false,3,3,remaining_order_2047_mod_4
P24656,2118,false,0,0,remaining_order_2048_mod_4
P24829,2119,false,1,1,remaining_order_2049_mod_4
P24842,2120,false,2,2,remaining_order_2050_mod_4
P24851,2121,false,3,3,remaining_order_2051_mod_4
P25013,2122,false,0,0,remaining_order_2052_mod_4
P25020,2123,false,1,1,remaining_order_2053_mod_4
P25072,2124,false,2,2,remaining_order_2054_mod_4
P25154,2125,false,3,3,remaining_order_2055_mod_4
P25481,2126,false,0,0,remaining_order_2056_mod_4
P25933,2127,false,1,1,remaining_order_2057_mod_4
P25934,2128,false,2,2,remaining_order_2058_mod_4
P25950,2129,false,3,3,remaining_order_2059_mod_4
P25987,2130,false,0,0,remaining_order_2060_mod_4
P26192,2131,false,1,1,remaining_order_2061_mod_4
P26460,2132,false,2,2,remaining_order_2062_mod_4
P26542,2133,false,3,3,remaining_order_2063_mod_4
P26543,2134,false,0,0,remaining_order_2064_mod_4
P26544,2135,false,1,1,remaining_order_2065_mod_4
P26653,2136,false,2,2,remaining_order_2066_mod_4
P26670,2137,false,3,3,remaining_order_2067_mod_4
P26685,2138,false,0,0,remaining_order_2068_mod_4
P26713,2139,false,1,1,remaining_order_2069_mod_4
P26843,2140,false,2,2,remaining_order_2070_mod_4
P26965,2141,false,3,3,remaining_order_2071_mod_4
P26970,2142,false,0,0,remaining_order_2072_mod_4
P26971,2143,false,1,1,remaining_order_2073_mod_4
P27063,2144,false,2,2,remaining_order_2074_mod_4
P27067,2145,false,3,3,remaining_order_2075_mod_4
P27220,2146,false,0,0,remaining_order_2076_mod_4
P27221,2147,false,1,1,remaining_order_2077_mod_4
P27327,2148,false,2,2,remaining_order_2078_mod_4
P27328,2149,false,3,3,remaining_order_2079_mod_4
P27363,2150,false,0,0,remaining_order_2080_mod_4
P27421,2151,false,1,1,remaining_order_2081_mod_4
P27438,2152,false,2,2,remaining_order_2082_mod_4
P27454,2153,false,3,3,remaining_order_2083_mod_4
P27551,2154,false,0,0,remaining_order_2084_mod_4
P27582,2155,false,1,1,remaining_order_2085_mod_4
P27583,2156,false,2,2,remaining_order_2086_mod_4
P27641,2157,false,3,3,remaining_order_2087_mod_4
P27966,2158,false,0,0,remaining_order_2088_mod_4
P28017,2159,false,1,1,remaining_order_2089_mod_4
P28270,2160,false,2,2,remaining_order_2090_mod_4
P28378,2161,false,3,3,remaining_order_2091_mod_4
P28380,2162,false,0,0,remaining_order_2092_mod_4
P28390,2163,false,1,1,remaining_order_2093_mod_4
P28392,2164,false,2,2,remaining_order_2094_mod_4
P28409,2165,false,3,3,remaining_order_2095_mod_4
P28413,2166,false,0,0,remaining_order_2096_mod_4
P28419,2167,false,1,1,remaining_order_2097_mod_4
P28421,2168,false,2,2,remaining_order_2098_mod_4
P28429,2169,false,3,3,remaining_order_2099_mod_4
P28436,2170,false,0,0,remaining_order_2100_mod_4
P28438,2171,false,1,1,remaining_order_2101_mod_4
P28453,2172,false,2,2,remaining_order_2102_mod_4
P28459,2173,false,3,3,remaining_order_2103_mod_4
P28467,2174,false,0,0,remaining_order_2104_mod_4
P28624,2175,false,1,1,remaining_order_2105_mod_4
P28846,2176,false,2,2,remaining_order_2106_mod_4
P28847,2177,false,3,3,remaining_order_2107_mod_4
P28851,2178,false,0,0,remaining_order_2108_mod_4
P28852,2179,false,1,1,remaining_order_2109_mod_4
P28855,2180,false,2,2,remaining_order_2110_mod_4
P28892,2181,false,3,3,remaining_order_2111_mod_4
P28926,2182,false,0,0,remaining_order_2112_mod_4
P28966,2183,false,1,1,remaining_order_2113_mod_4
P29177,2184,false,2,2,remaining_order_2114_mod_4
P29188,2185,false,3,3,remaining_order_2115_mod_4
P29259,2186,false,0,0,remaining_order_2116_mod_4
P29260,2187,false,1,1,remaining_order_2117_mod_4
P29261,2188,false,2,2,remaining_order_2118_mod_4
P29262,2189,false,3,3,remaining_order_2119_mod_4
P29263,2190,false,0,0,remaining_order_2120_mod_4
P29264,2191,false,1,1,remaining_order_2121_mod_4
P29265,2192,false,2,2,remaining_order_2122_mod_4
P29458,2193,false,3,3,remaining_order_2123_mod_4
P29562,2194,false,0,0,remaining_order_2124_mod_4
P29605,2195,false,1,1,remaining_order_2125_mod_4
P29804,2196,false,2,2,remaining_order_2126_mod_4
P29814,2197,false,3,3,remaining_order_2127_mod_4
P29883,2198,false,0,0,remaining_order_2128_mod_4
P29884,2199,false,1,1,remaining_order_2129_mod_4
P29885,2200,false,2,2,remaining_order_2130_mod_4
P30007,2201,false,3,3,remaining_order_2131_mod_4
P30168,2202,false,0,0,remaining_order_2132_mod_4
P30169,2203,false,1,1,remaining_order_2133_mod_4
P30215,2204,false,2,2,remaining_order_2134_mod_4
P30662,2205,false,3,3,remaining_order_2135_mod_4
P30810,2206,false,0,0,remaining_order_2136_mod_4
P30837,2207,false,1,1,remaining_order_2137_mod_4
P30918,2208,false,2,2,remaining_order_2138_mod_4
P30930,2209,false,3,3,remaining_order_2139_mod_4
P31017,2210,false,0,0,remaining_order_2140_mod_4
P31021,2211,false,1,1,remaining_order_2141_mod_4
P31051,2212,false,2,2,remaining_order_2142_mod_4
P31118,2213,false,3,3,remaining_order_2143_mod_4
P31180,2214,false,0,0,remaining_order_2144_mod_4
P31181,2215,false,1,1,remaining_order_2145_mod_4
P31182,2216,false,2,2,remaining_order_2146_mod_4
P31183,2217,false,3,3,remaining_order_2147_mod_4
P31184,2218,false,0,0,remaining_order_2148_mod_4
P31188,2219,false,1,1,remaining_order_2149_mod_4
P31190,2220,false,2,2,remaining_order_2150_mod_4
P31191,2221,false,3,3,remaining_order_2151_mod_4
P31192,2222,false,0,0,remaining_order_2152_mod_4
P31193,2223,false,1,1,remaining_order_2153_mod_4
P31194,2224,false,2,2,remaining_order_2154_mod_4
P31195,2225,false,3,3,remaining_order_2155_mod_4
P31196,2226,false,0,0,remaining_order_2156_mod_4
P31198,2227,false,1,1,remaining_order_2157_mod_4
P31199,2228,false,2,2,remaining_order_2158_mod_4
P31200,2229,false,3,3,remaining_order_2159_mod_4
P31201,2230,false,0,0,remaining_order_2160_mod_4
P31202,2231,false,1,1,remaining_order_2161_mod_4
P31213,2232,false,2,2,remaining_order_2162_mod_4
P31228,2233,false,3,3,remaining_order_2163_mod_4
P31545,2234,false,0,0,remaining_order_2164_mod_4
P31613,2235,false,1,1,remaining_order_2165_mod_4
P31614,2236,false,2,2,remaining_order_2166_mod_4
P31615,2237,false,3,3,remaining_order_2167_mod_4
P31625,2238,false,0,0,remaining_order_2168_mod_4
P31654,2239,false,1,1,remaining_order_2169_mod_4
P31693,2240,false,2,2,remaining_order_2170_mod_4
P31748,2241,false,3,3,remaining_order_2171_mod_4
P31859,2242,false,0,0,remaining_order_2172_mod_4
P31874,2243,false,1,1,remaining_order_2173_mod_4
P32094,2244,false,2,2,remaining_order_2174_mod_4
P32129,2245,false,3,3,remaining_order_2175_mod_4
P32157,2246,false,0,0,remaining_order_2176_mod_4
P32185,2247,false,1,1,remaining_order_2177_mod_4
P32208,2248,false,2,2,remaining_order_2178_mod_4
P32209,2249,false,3,3,remaining_order_2179_mod_4
P32216,2250,false,0,0,remaining_order_2180_mod_4
P32270,2251,false,1,1,remaining_order_2181_mod_4
P32282,2252,false,2,2,remaining_order_2182_mod_4
P32396,2253,false,3,3,remaining_order_2183_mod_4
P32428,2254,false,0,0,remaining_order_2184_mod_4
P32441,2255,false,1,1,remaining_order_2185_mod_4
P32516,2256,false,2,2,remaining_order_2186_mod_4
P32593,2257,false,3,3,remaining_order_2187_mod_4
P32754,2258,false,0,0,remaining_order_2188_mod_4
P32791,2259,false,1,1,remaining_order_2189_mod_4
P32933,2260,false,2,2,remaining_order_2190_mod_4
P32934,2261,false,3,3,remaining_order_2191_mod_4
P32935,2262,false,0,0,remaining_order_2192_mod_4
P33036,2263,false,1,1,remaining_order_2193_mod_4
P33052,2264,false,2,2,remaining_order_2194_mod_4
P33072,2265,false,3,3,remaining_order_2195_mod_4
P33163,2266,false,0,0,remaining_order_2196_mod_4
P33168,2267,false,1,1,remaining_order_2197_mod_4
P33261,2268,false,2,2,remaining_order_2198_mod_4
P33422,2269,false,3,3,remaining_order_2199_mod_4
P33468,2270,false,0,0,remaining_order_2200_mod_4
P33497,2271,false,1,1,remaining_order_2201_mod_4
P33623,2272,false,2,2,remaining_order_2202_mod_4
P33626,2273,false,3,3,remaining_order_2203_mod_4
P33800,2274,false,0,0,remaining_order_2204_mod_4
P33801,2275,false,1,1,remaining_order_2205_mod_4
P33802,2276,false,2,2,remaining_order_2206_mod_4
P33815,2277,false,3,3,remaining_order_2207_mod_4
P34033,2278,false,0,0,remaining_order_2208_mod_4
P34039,2279,false,1,1,remaining_order_2209_mod_4
P34206,2280,false,2,2,remaining_order_2210_mod_4
P34331,2281,false,3,3,remaining_order_2211_mod_4
P35021,2282,false,0,0,remaining_order_2212_mod_4
P35276,2283,false,1,1,remaining_order_2213_mod_4
P35282,2284,false,2,2,remaining_order_2214_mod_4
P35285,2285,false,3,3,remaining_order_2215_mod_4
P35289,2286,false,0,0,remaining_order_2216_mod_4
P35290,2287,false,1,1,remaining_order_2217_mod_4
P35292,2288,false,2,2,remaining_order_2218_mod_4
P35293,2289,false,3,3,remaining_order_2219_mod_4
P35295,2290,false,0,0,remaining_order_2220_mod_4
P35430,2291,false,1,1,remaining_order_2221_mod_4
P35630,2292,false,2,2,remaining_order_2222_mod_4
P35744,2293,false,3,3,remaining_order_2223_mod_4
P35851,2294,false,0,0,remaining_order_2224_mod_4
P35902,2295,false,1,1,remaining_order_2225_mod_4
P35946,2296,false,2,2,remaining_order_2226_mod_4
P36216,2297,false,3,3,remaining_order_2227_mod_4
P36226,2298,false,0,0,remaining_order_2228_mod_4
P36232,2299,false,1,1,remaining_order_2229_mod_4
P36311,2300,false,2,2,remaining_order_2230_mod_4
P36479,2301,false,3,3,remaining_order_2231_mod_4
P36480,2302,false,0,0,remaining_order_2232_mod_4
P36483,2303,false,1,1,remaining_order_2233_mod_4
P36484,2304,false,2,2,remaining_order_2234_mod_4
P36485,2305,false,3,3,remaining_order_2235_mod_4
P36487,2306,false,0,0,remaining_order_2236_mod_4
P36488,2307,false,1,1,remaining_order_2237_mod_4
P36489,2308,false,2,2,remaining_order_2238_mod_4
P36490,2309,false,3,3,remaining_order_2239_mod_4
P36510,2310,false,0,0,remaining_order_2240_mod_4
P36639,2311,false,1,1,remaining_order_2241_mod_4
P36686,2312,false,2,2,remaining_order_2242_mod_4
P36719,2313,false,3,3,remaining_order_2243_mod_4
P36720,2314,false,0,0,remaining_order_2244_mod_4
P36721,2315,false,1,1,remaining_order_2245_mod_4
P36722,2316,false,2,2,remaining_order_2246_mod_4
P36723,2317,false,3,3,remaining_order_2247_mod_4
P36724,2318,false,0,0,remaining_order_2248_mod_4
P36725,2319,false,1,1,remaining_order_2249_mod_4
P36727,2320,false,2,2,remaining_order_2250_mod_4
P36728,2321,false,3,3,remaining_order_2251_mod_4
P36729,2322,false,0,0,remaining_order_2252_mod_4
P36730,2323,false,1,1,remaining_order_2253_mod_4
P36968,2324,false,2,2,remaining_order_2254_mod_4
P36969,2325,false,3,3,remaining_order_2255_mod_4
P36970,2326,false,0,0,remaining_order_2256_mod_4
P37141,2327,false,1,1,remaining_order_2257_mod_4
P37188,2328,false,2,2,remaining_order_2258_mod_4
P37213,2329,false,3,3,remaining_order_2259_mod_4
P37356,2330,false,0,0,remaining_order_2260_mod_4
P37365,2331,false,1,1,remaining_order_2261_mod_4
P37987,2332,false,2,2,remaining_order_2262_mod_4
P38646,2333,false,3,3,remaining_order_2263_mod_4
P38919,2334,false,0,0,remaining_order_2264_mod_4
P38935,2335,false,1,1,remaining_order_2265_mod_4
P39262,2336,false,2,2,remaining_order_2266_mod_4
P39421,2337,false,3,3,remaining_order_2267_mod_4
P39423,2338,false,0,0,remaining_order_2268_mod_4
P39475,2339,false,1,1,remaining_order_2269_mod_4
P39746,2340,false,2,2,remaining_order_2270_mod_4
P39888,2341,false,3,3,remaining_order_2271_mod_4
P39915,2342,false,0,0,remaining_order_2272_mod_4
P40227,2343,false,1,1,remaining_order_2273_mod_4
P40516,2344,false,2,2,remaining_order_2274_mod_4
P40562,2345,false,3,3,remaining_order_2275_mod_4
P41021,2346,false,0,0,remaining_order_2276_mod_4
P41022,2347,false,1,1,remaining_order_2277_mod_4
P41124,2348,false,2,2,remaining_order_2278_mod_4
P41148,2349,false,3,3,remaining_order_2279_mod_4
P41389,2350,false,0,0,remaining_order_2280_mod_4
P41397,2351,false,1,1,remaining_order_2281_mod_4
P41415,2352,false,2,2,remaining_order_2282_mod_4
P41469,2353,false,3,3,remaining_order_2283_mod_4
P41476,2354,false,0,0,remaining_order_2284_mod_4
P41477,2355,false,1,1,remaining_order_2285_mod_4
P41480,2356,false,2,2,remaining_order_2286_mod_4
P41676,2357,false,3,3,remaining_order_2287_mod_4
P41719,2358,false,0,0,remaining_order_2288_mod_4
P41720,2359,false,1,1,remaining_order_2289_mod_4
P42215,2360,false,2,2,remaining_order_2290_mod_4
P42365,2361,false,3,3,remaining_order_2291_mod_4
P42490,2362,false,0,0,remaining_order_2292_mod_4
P42491,2363,false,1,1,remaining_order_2293_mod_4
P42492,2364,false,2,2,remaining_order_2294_mod_4
P42493,2365,false,3,3,remaining_order_2295_mod_4
P42709,2366,false,0,0,remaining_order_2296_mod_4
P42875,2367,false,1,1,remaining_order_2297_mod_4
P42886,2368,false,2,2,remaining_order_2298_mod_4
P42887,2369,false,3,3,remaining_order_2299_mod_4
P43251,2370,false,0,0,remaining_order_2300_mod_4
P43318,2371,false,1,1,remaining_order_2301_mod_4
P43806,2372,false,2,2,remaining_order_2302_mod_4
P43836,2373,false,3,3,remaining_order_2303_mod_4
P43892,2374,false,0,0,remaining_order_2304_mod_4
P43911,2375,false,1,1,remaining_order_2305_mod_4
P44197,2376,false,2,2,remaining_order_2306_mod_4
P44255,2377,false,3,3,remaining_order_2307_mod_4
P44393,2378,false,0,0,remaining_order_2308_mod_4
P44431,2379,false,1,1,remaining_order_2309_mod_4
P44479,2380,false,2,2,remaining_order_2310_mod_4
P44534,2381,false,3,3,remaining_order_2311_mod_4
P44785,2382,false,0,0,remaining_order_2312_mod_4
P45120,2383,false,1,1,remaining_order_2313_mod_4
P45388,2384,false,2,2,remaining_order_2314_mod_4
P45475,2385,false,3,3,remaining_order_2315_mod_4
P45527,2386,false,0,0,remaining_order_2316_mod_4
P45845,2387,false,1,1,remaining_order_2317_mod_4
P46063,2388,false,2,2,remaining_order_2318_mod_4
P46364,2389,false,3,3,remaining_order_2319_mod_4
P46365,2390,false,0,0,remaining_order_2320_mod_4
P46366,2391,false,1,1,remaining_order_2321_mod_4
P46380,2392,false,2,2,remaining_order_2322_mod_4
P46412,2393,false,3,3,remaining_order_2323_mod_4
P46461,2394,false,0,0,remaining_order_2324_mod_4
P46462,2395,false,1,1,remaining_order_2325_mod_4
P46467,2396,false,2,2,remaining_order_2326_mod_4
P46796,2397,false,3,3,remaining_order_2327_mod_4
P47724,2398,false,0,0,remaining_order_2328_mod_4
P47981,2399,false,1,1,remaining_order_2329_mod_4
P47985,2400,false,2,2,remaining_order_2330_mod_4
P48063,2401,false,3,3,remaining_order_2331_mod_4
P48073,2402,false,0,0,remaining_order_2332_mod_4
P48074,2403,false,1,1,remaining_order_2333_mod_4
P48429,2404,false,2,2,remaining_order_2334_mod_4
P48438,2405,false,3,3,remaining_order_2335_mod_4
P48689,2406,false,0,0,remaining_order_2336_mod_4
P48691,2407,false,1,1,remaining_order_2337_mod_4
P48699,2408,false,2,2,remaining_order_2338_mod_4
P48712,2409,false,3,3,remaining_order_2339_mod_4
P49172,2410,false,0,0,remaining_order_2340_mod_4
P49328,2411,false,1,1,remaining_order_2341_mod_4
P49577,2412,false,2,2,remaining_order_2342_mod_4
P49602,2413,false,3,3,remaining_order_2343_mod_4
P49761,2414,false,0,0,remaining_order_2344_mod_4
P49823,2415,false,1,1,remaining_order_2345_mod_4
P49894,2416,false,2,2,remaining_order_2346_mod_4
P49895,2417,false,3,3,remaining_order_2347_mod_4
P49896,2418,false,0,0,remaining_order_2348_mod_4
P49897,2419,false,1,1,remaining_order_2349_mod_4
P49898,2420,false,2,2,remaining_order_2350_mod_4
P49899,2421,false,3,3,remaining_order_2351_mod_4
P50371,2422,false,0,0,remaining_order_2352_mod_4
P50375,2423,false,1,1,remaining_order_2353_mod_4
P50547,2424,false,2,2,remaining_order_2354_mod_4
P50642,2425,false,3,3,remaining_order_2355_mod_4
P50643,2426,false,0,0,remaining_order_2356_mod_4
P50644,2427,false,1,1,remaining_order_2357_mod_4
P50645,2428,false,2,2,remaining_order_2358_mod_4
P50646,2429,false,3,3,remaining_order_2359_mod_4
P50758,2430,false,0,0,remaining_order_2360_mod_4
P50759,2431,false,1,1,remaining_order_2361_mod_4
P50760,2432,false,2,2,remaining_order_2362_mod_4
P50761,2433,false,3,3,remaining_order_2363_mod_4
P50762,2434,false,0,0,remaining_order_2364_mod_4
P50763,2435,false,1,1,remaining_order_2365_mod_4
P50764,2436,false,2,2,remaining_order_2366_mod_4
P50765,2437,false,3,3,remaining_order_2367_mod_4
P50808,2438,false,0,0,remaining_order_2368_mod_4
P50859,2439,false,1,1,remaining_order_2369_mod_4
P50972,2440,false,2,2,remaining_order_2370_mod_4
P50991,2441,false,3,3,remaining_order_2371_mod_4
P51101,2442,false,0,0,remaining_order_2372_mod_4
P51154,2443,false,1,1,remaining_order_2373_mod_4
P51156,2444,false,2,2,remaining_order_2374_mod_4
P51518,2445,false,3,3,remaining_order_2375_mod_4
P51552,2446,false,0,0,remaining_order_2376_mod_4
P51715,2447,false,1,1,remaining_order_2377_mod_4
P51894,2448,false,2,2,remaining_order_2378_mod_4
P51994,2449,false,3,3,remaining_order_2379_mod_4
P52201,2450,false,0,0,remaining_order_2380_mod_4
P52216,2451,false,1,1,remaining_order_2381_mod_4
P52217,2452,false,2,2,remaining_order_2382_mod_4
P52284,2453,false,3,3,remaining_order_2383_mod_4
P52341,2454,false,0,0,remaining_order_2384_mod_4
P52502,2455,false,1,1,remaining_order_2385_mod_4
P52541,2456,false,2,2,remaining_order_2386_mod_4
P52552,2457,false,3,3,remaining_order_2387_mod_4
P52649,2458,false,0,0,remaining_order_2388_mod_4
P52682,2459,false,1,1,remaining_order_2389_mod_4
P52844,2460,false,2,2,remaining_order_2390_mod_4
P53451,2461,false,3,3,remaining_order_2391_mod_4
P53700,2462,false,0,0,remaining_order_2392_mod_4
P53746,2463,false,1,1,remaining_order_2393_mod_4
P54092,2464,false,2,2,remaining_order_2394_mod_4
P54093,2465,false,3,3,remaining_order_2395_mod_4
P54279,2466,false,0,0,remaining_order_2396_mod_4
P54351,2467,false,1,1,remaining_order_2397_mod_4
P54452,2468,false,2,2,remaining_order_2398_mod_4
P54621,2469,false,3,3,remaining_order_2399_mod_4
P54827,2470,false,0,0,remaining_order_2400_mod_4
P54835,2471,false,1,1,remaining_order_2401_mod_4
P54836,2472,false,2,2,remaining_order_2402_mod_4
P55072,2473,false,3,3,remaining_order_2403_mod_4
P55073,2474,false,0,0,remaining_order_2404_mod_4
P55173,2475,false,1,1,remaining_order_2405_mod_4
P55235,2476,false,2,2,remaining_order_2406_mod_4
P55236,2477,false,3,3,remaining_order_2407_mod_4
P55262,2478,false,0,0,remaining_order_2408_mod_4
P55734,2479,false,1,1,remaining_order_2409_mod_4
P55736,2480,false,2,2,remaining_order_2410_mod_4
P55739,2481,false,3,3,remaining_order_2411_mod_4
P55745,2482,false,0,0,remaining_order_2412_mod_4
P55793,2483,false,1,1,remaining_order_2413_mod_4
P55804,2484,false,2,2,remaining_order_2414_mod_4
P55823,2485,false,3,3,remaining_order_2415_mod_4
P56471,2486,false,0,0,remaining_order_2416_mod_4
P56536,2487,false,1,1,remaining_order_2417_mod_4
P56544,2488,false,2,2,remaining_order_2418_mod_4
P56591,2489,false,3,3,remaining_order_2419_mod_4
P56870,2490,false,0,0,remaining_order_2420_mod_4
P58101,2491,false,1,1,remaining_order_2421_mod_4
P58650,2492,false,2,2,remaining_order_2422_mod_4
P58763,2493,false,3,3,remaining_order_2423_mod_4
P58817,2494,false,0,0,remaining_order_2424_mod_4
P58834,2495,false,1,1,remaining_order_2425_mod_4
P58865,2496,false,2,2,remaining_order_2426_mod_4
P58866,2497,false,3,3,remaining_order_2427_mod_4
P58898,2498,false,0,0,remaining_order_2428_mod_4
P58945,2499,false,1,1,remaining_order_2429_mod_4
P58969,2500,false,2,2,remaining_order_2430_mod_4
P58970,2501,false,3,3,remaining_order_2431_mod_4
P58971,2502,false,0,0,remaining_order_2432_mod_4
P58972,2503,false,1,1,remaining_order_2433_mod_4
P58973,2504,false,2,2,remaining_order_2434_mod_4
P58974,2505,false,3,3,remaining_order_2435_mod_4
P59066,2506,false,0,0,remaining_order_2436_mod_4
P59190,2507,false,1,1,remaining_order_2437_mod_4
P59677,2508,false,2,2,remaining_order_2438_mod_4
P59678,2509,false,3,3,remaining_order_2439_mod_4
P59709,2510,false,0,0,remaining_order_2440_mod_4
P59710,2511,false,1,1,remaining_order_2441_mod_4
P59711,2512,false,2,2,remaining_order_2442_mod_4
P59796,2513,false,3,3,remaining_order_2443_mod_4
P60338,2514,false,0,0,remaining_order_2444_mod_4
P60819,2515,false,1,1,remaining_order_2445_mod_4
P60820,2516,false,2,2,remaining_order_2446_mod_4
P61028,2517,false,3,3,remaining_order_2447_mod_4
P61154,2518,false,0,0,remaining_order_2448_mod_4
P61248,2519,false,1,1,remaining_order_2449_mod_4
P61250,2520,false,2,2,remaining_order_2450_mod_4
P61733,2521,false,3,3,remaining_order_2451_mod_4
P61734,2522,false,0,0,remaining_order_2452_mod_4
P61781,2523,false,1,1,remaining_order_2453_mod_4
P61816,2524,false,2,2,remaining_order_2454_mod_4
P62019,2525,false,3,3,remaining_order_2455_mod_4
P62341,2526,false,0,0,remaining_order_2456_mod_4
P62342,2527,false,1,1,remaining_order_2457_mod_4
P62463,2528,false,2,2,remaining_order_2458_mod_4
P63185,2529,false,3,3,remaining_order_2459_mod_4
P63951,2530,false,0,0,remaining_order_2460_mod_4
P64007,2531,false,1,1,remaining_order_2461_mod_4
P64124,2532,false,2,2,remaining_order_2462_mod_4
P64125,2533,false,3,3,remaining_order_2463_mod_4
P64126,2534,false,0,0,remaining_order_2464_mod_4
P65179,2535,false,1,1,remaining_order_2465_mod_4
P65280,2536,false,2,2,remaining_order_2466_mod_4
P66914,2537,false,3,3,remaining_order_2467_mod_4
P66985,2538,false,0,0,remaining_order_2468_mod_4
P67045,2539,false,1,1,remaining_order_2469_mod_4
P67406,2540,false,2,2,remaining_order_2470_mod_4
P67407,2541,false,3,3,remaining_order_2471_mod_4
P67718,2542,false,0,0,remaining_order_2472_mod_4
P67719,2543,false,1,1,remaining_order_2473_mod_4
P67720,2544,false,2,2,remaining_order_2474_mod_4
P68544,2545,false,3,3,remaining_order_2475_mod_4
P68545,2546,false,0,0,remaining_order_2476_mod_4
P68563,2547,false,1,1,remaining_order_2477_mod_4
P68564,2548,false,2,2,remaining_order_2478_mod_4
P68586,2549,false,3,3,remaining_order_2479_mod_4
P68634,2550,false,0,0,remaining_order_2480_mod_4
P68635,2551,false,1,1,remaining_order_2481_mod_4
P68693,2552,false,2,2,remaining_order_2482_mod_4
P68761,2553,false,3,3,remaining_order_2483_mod_4
P68762,2554,false,0,0,remaining_order_2484_mod_4
P68807,2555,false,1,1,remaining_order_2485_mod_4
P68808,2556,false,2,2,remaining_order_2486_mod_4
P68809,2557,false,3,3,remaining_order_2487_mod_4
P68810,2558,false,0,0,remaining_order_2488_mod_4
P69185,2559,false,1,1,remaining_order_2489_mod_4
P69186,2560,false,2,2,remaining_order_2490_mod_4
P69484,2561,false,3,3,remaining_order_2491_mod_4
P69485,2562,false,0,0,remaining_order_2492_mod_4
P69520,2563,false,1,1,remaining_order_2493_mod_4
P69521,2564,false,2,2,remaining_order_2494_mod_4
P69568,2565,false,3,3,remaining_order_2495_mod_4
P69569,2566,false,0,0,remaining_order_2496_mod_4
P69795,2567,false,1,1,remaining_order_2497_mod_4
P69796,2568,false,2,2,remaining_order_2498_mod_4
P69808,2569,false,3,3,remaining_order_2499_mod_4
P69816,2570,false,0,0,remaining_order_2500_mod_4
P69817,2571,false,1,1,remaining_order_2501_mod_4
P69818,2572,false,2,2,remaining_order_2502_mod_4
P69819,2573,false,3,3,remaining_order_2503_mod_4
P69822,2574,false,0,0,remaining_order_2504_mod_4
P69823,2575,false,1,1,remaining_order_2505_mod_4
P69830,2576,false,2,2,remaining_order_2506_mod_4
P70486,2577,false,3,3,remaining_order_2507_mod_4
P70550,2578,false,0,0,remaining_order_2508_mod_4
P70551,2579,false,1,1,remaining_order_2509_mod_4
P70994,2580,false,2,2,remaining_order_2510_mod_4
P71035,2581,false,3,3,remaining_order_2511_mod_4
P71366,2582,false,0,0,remaining_order_2512_mod_4
P71384,2583,false,1,1,remaining_order_2513_mod_4
P72216,2584,false,2,2,remaining_order_2514_mod_4
P72581,2585,false,3,3,remaining_order_2515_mod_4
P73790,2586,false,0,0,remaining_order_2516_mod_4
P73796,2587,false,1,1,remaining_order_2517_mod_4
P74386,2588,false,2,2,remaining_order_2518_mod_4
P75146,2589,false,3,3,remaining_order_2519_mod_4
P76091,2590,false,0,0,remaining_order_2520_mod_4
P76234,2591,false,1,1,remaining_order_2521_mod_4
P76938,2592,false,2,2,remaining_order_2522_mod_4
P77493,2593,false,3,3,remaining_order_2523_mod_4
P77704,2594,false,0,0,remaining_order_2524_mod_4
P77868,2595,false,1,1,remaining_order_2525_mod_4
P77908,2596,false,2,2,remaining_order_2526_mod_4
P78537,2597,false,3,3,remaining_order_2527_mod_4
P78549,2598,false,0,0,remaining_order_2528_mod_4
P79280,2599,false,1,1,remaining_order_2529_mod_4
P79303,2600,false,2,2,remaining_order_2530_mod_4
P79691,2601,false,3,3,remaining_order_2531_mod_4
P79747,2602,false,0,0,remaining_order_2532_mod_4
P80008,2603,false,1,1,remaining_order_2533_mod_4
P80037,2604,false,2,2,remaining_order_2534_mod_4
P80048,2605,false,3,3,remaining_order_2535_mod_4
P80055,2606,false,0,0,remaining_order_2536_mod_4
P80056,2607,false,1,1,remaining_order_2537_mod_4
P80081,2608,false,2,2,remaining_order_2538_mod_4
P80083,2609,false,3,3,remaining_order_2539_mod_4
P80212,2610,false,0,0,remaining_order_2540_mod_4
P80213,2611,false,1,1,remaining_order_2541_mod_4
P80225,2612,false,2,2,remaining_order_2542_mod_4
P80227,2613,false,3,3,remaining_order_2543_mod_4
P80250,2614,false,0,0,remaining_order_2544_mod_4
P80315,2615,false,1,1,remaining_order_2545_mod_4
P80317,2616,false,2,2,remaining_order_2546_mod_4
P80435,2617,false,3,3,remaining_order_2547_mod_4
P80459,2618,false,0,0,remaining_order_2548_mod_4
P80464,2619,false,1,1,remaining_order_2549_mod_4
P80465,2620,false,2,2,remaining_order_2550_mod_4
P80466,2621,false,3,3,remaining_order_2551_mod_4
P80472,2622,false,0,0,remaining_order_2552_mod_4
P80503,2623,false,1,1,remaining_order_2553_mod_4
P80525,2624,false,2,2,remaining_order_2554_mod_4
P80537,2625,false,3,3,remaining_order_2555_mod_4
P80538,2626,false,0,0,remaining_order_2556_mod_4
P80539,2627,false,1,1,remaining_order_2557_mod_4
P80540,2628,false,2,2,remaining_order_2558_mod_4
P80542,2629,false,3,3,remaining_order_2559_mod_4
P80543,2630,false,0,0,remaining_order_2560_mod_4
P80550,2631,false,1,1,remaining_order_2561_mod_4
P80575,2632,false,2,2,remaining_order_2562_mod_4
P80616,2633,false,3,3,remaining_order_2563_mod_4
P80619,2634,false,0,0,remaining_order_2564_mod_4
P80652,2635,false,1,1,remaining_order_2565_mod_4
P80654,2636,false,2,2,remaining_order_2566_mod_4
P80656,2637,false,3,3,remaining_order_2567_mod_4
P80659,2638,false,0,0,remaining_order_2568_mod_4
P80701,2639,false,1,1,remaining_order_2569_mod_4
P80704,2640,false,2,2,remaining_order_2570_mod_4
P80705,2641,false,3,3,remaining_order_2571_mod_4
P80924,2642,false,0,0,remaining_order_2572_mod_4
P80994,2643,false,1,1,remaining_order_2573_mod_4
P81011,2644,false,2,2,remaining_order_2574_mod_4
P81012,2645,false,3,3,remaining_order_2575_mod_4
P81072,2646,false,0,0,remaining_order_2576_mod_4
P81073,2647,false,1,1,remaining_order_2577_mod_4
P81080,2648,false,2,2,remaining_order_2578_mod_4
P81081,2649,false,3,3,remaining_order_2579_mod_4
P81087,2650,false,0,0,remaining_order_2580_mod_4
P81098,2651,false,1,1,remaining_order_2581_mod_4
P81107,2652,false,2,2,remaining_order_2582_mod_4
P81123,2653,false,3,3,remaining_order_2583_mod_4
P81156,2654,false,0,0,remaining_order_2584_mod_4
P81173,2655,false,1,1,remaining_order_2585_mod_4
P81174,2656,false,2,2,remaining_order_2586_mod_4
P81185,2657,false,3,3,remaining_order_2587_mod_4
P81336,2658,false,0,0,remaining_order_2588_mod_4
P81337,2659,false,1,1,remaining_order_2589_mod_4
P81340,2660,false,2,2,remaining_order_2590_mod_4
P81343,2661,false,3,3,remaining_order_2591_mod_4
P81344,2662,false,0,0,remaining_order_2592_mod_4
P81346,2663,false,1,1,remaining_order_2593_mod_4
P81347,2664,false,2,2,remaining_order_2594_mod_4
P81348,2665,false,3,3,remaining_order_2595_mod_4
P81356,2666,false,0,0,remaining_order_2596_mod_4
P81357,2667,false,1,1,remaining_order_2597_mod_4
P81361,2668,false,2,2,remaining_order_2598_mod_4
P81419,2669,false,3,3,remaining_order_2599_mod_4
P81420,2670,false,0,0,remaining_order_2600_mod_4
P81421,2671,false,1,1,remaining_order_2601_mod_4
P81422,2672,false,2,2,remaining_order_2602_mod_4
P81440,2673,false,3,3,remaining_order_2603_mod_4
P81593,2674,false,0,0,remaining_order_2604_mod_4
P81643,2675,false,1,1,remaining_order_2605_mod_4
P81663,2676,false,2,2,remaining_order_2606_mod_4
P81664,2677,false,3,3,remaining_order_2607_mod_4
P81666,2678,false,0,0,remaining_order_2608_mod_4
P81747,2679,false,1,1,remaining_order_2609_mod_4
P81786,2680,false,2,2,remaining_order_2610_mod_4
P81895,2681,false,3,3,remaining_order_2611_mod_4
P81896,2682,false,0,0,remaining_order_2612_mod_4
P82607,2683,false,1,1,remaining_order_2613_mod_4
P82608,2684,false,2,2,remaining_order_2614_mod_4
P82609,2685,false,3,3,remaining_order_2615_mod_4
P82678,2686,false,0,0,remaining_order_2616_mod_4
P82679,2687,false,1,1,remaining_order_2617_mod_4
P82680,2688,false,2,2,remaining_order_2618_mod_4
P82809,2689,false,3,3,remaining_order_2619_mod_4
P82810,2690,false,0,0,remaining_order_2620_mod_4
P82816,2691,false,1,1,remaining_order_2621_mod_4
P82858,2692,false,2,2,remaining_order_2622_mod_4
P82893,2693,false,3,3,remaining_order_2623_mod_4
P82895,2694,false,0,0,remaining_order_2624_mod_4
P82922,2695,false,1,1,remaining_order_2625_mod_4
P82954,2696,false,2,2,remaining_order_2626_mod_4
P82996,2697,false,3,3,remaining_order_2627_mod_4
P82997,2698,false,0,0,remaining_order_2628_mod_4
P82999,2699,false,1,1,remaining_order_2629_mod_4
P83000,2700,false,2,2,remaining_order_2630_mod_4
P83001,2701,false,3,3,remaining_order_2631_mod_4
P83049,2702,false,0,0,remaining_order_2632_mod_4
P83075,2703,false,1,1,remaining_order_2633_mod_4
P83077,2704,false,2,2,remaining_order_2634_mod_4
P83115,2705,false,3,3,remaining_order_2635_mod_4
P83116,2706,false,0,0,remaining_order_2636_mod_4
P83117,2707,false,1,1,remaining_order_2637_mod_4
P83127,2708,false,2,2,remaining_order_2638_mod_4
P83155,2709,false,3,3,remaining_order_2639_mod_4
P83200,2710,false,0,0,remaining_order_2640_mod_4
P83246,2711,false,1,1,remaining_order_2641_mod_4
P83329,2712,false,2,2,remaining_order_2642_mod_4
P83373,2713,false,3,3,remaining_order_2643_mod_4
P83402,2714,false,0,0,remaining_order_2644_mod_4
P83451,2715,false,1,1,remaining_order_2645_mod_4
P83505,2716,false,2,2,remaining_order_2646_mod_4
P83540,2717,false,3,3,remaining_order_2647_mod_4
P83542,2718,false,0,0,remaining_order_2648_mod_4
P83564,2719,false,1,1,remaining_order_2649_mod_4
P83601,2720,false,2,2,remaining_order_2650_mod_4
P83645,2721,false,3,3,remaining_order_2651_mod_4
P83662,2722,false,0,0,remaining_order_2652_mod_4
P83682,2723,false,1,1,remaining_order_2653_mod_4
P83708,2724,false,2,2,remaining_order_2654_mod_4
P83712,2725,false,3,3,remaining_order_2655_mod_4
P83715,2726,false,0,0,remaining_order_2656_mod_4
P83726,2727,false,1,1,remaining_order_2657_mod_4
P83813,2728,false,2,2,remaining_order_2658_mod_4
P83855,2729,false,3,3,remaining_order_2659_mod_4
P84178,2730,false,0,0,remaining_order_2660_mod_4
P84208,2731,false,1,1,remaining_order_2661_mod_4
P84209,2732,false,2,2,remaining_order_2662_mod_4
P84210,2733,false,3,3,remaining_order_2663_mod_4
P84390,2734,false,0,0,remaining_order_2664_mod_4
P84391,2735,false,1,1,remaining_order_2665_mod_4
P84463,2736,false,2,2,remaining_order_2666_mod_4
P84468,2737,false,3,3,remaining_order_2667_mod_4
P84469,2738,false,0,0,remaining_order_2668_mod_4
P84472,2739,false,1,1,remaining_order_2669_mod_4
P84474,2740,false,2,2,remaining_order_2670_mod_4
P84475,2741,false,3,3,remaining_order_2671_mod_4
P84520,2742,false,0,0,remaining_order_2672_mod_4
P84532,2743,false,1,1,remaining_order_2673_mod_4
P84533,2744,false,2,2,remaining_order_2674_mod_4
P84534,2745,false,3,3,remaining_order_2675_mod_4
P84538,2746,false,0,0,remaining_order_2676_mod_4
P84539,2747,false,1,1,remaining_order_2677_mod_4
P84540,2748,false,2,2,remaining_order_2678_mod_4
P84541,2749,false,3,3,remaining_order_2679_mod_4
P84542,2750,false,0,0,remaining_order_2680_mod_4
P84543,2751,false,1,1,remaining_order_2681_mod_4
P84544,2752,false,2,2,remaining_order_2682_mod_4
P84545,2753,false,3,3,remaining_order_2683_mod_4
P84546,2754,false,0,0,remaining_order_2684_mod_4
P84547,2755,false,1,1,remaining_order_2685_mod_4
P84548,2756,false,2,2,remaining_order_2686_mod_4
P84549,2757,false,3,3,remaining_order_2687_mod_4
P84582,2758,false,0,0,remaining_order_2688_mod_4
P84714,2759,false,1,1,remaining_order_2689_mod_4
P84719,2760,false,2,2,remaining_order_2690_mod_4
P84722,2761,false,3,3,remaining_order_2691_mod_4
P84729,2762,false,0,0,remaining_order_2692_mod_4
P84752,2763,false,1,1,remaining_order_2693_mod_4
P84819,2764,false,2,2,remaining_order_2694_mod_4
P84981,2765,false,3,3,remaining_order_2695_mod_4
P84983,2766,false,0,0,remaining_order_2696_mod_4
P84984,2767,false,1,1,remaining_order_2697_mod_4
P85026,2768,false,2,2,remaining_order_2698_mod_4
P85051,2769,false,3,3,remaining_order_2699_mod_4
P85061,2770,false,0,0,remaining_order_2700_mod_4
P85062,2771,false,1,1,remaining_order_2701_mod_4
P85085,2772,false,2,2,remaining_order_2702_mod_4
P85087,2773,false,3,3,remaining_order_2703_mod_4
P85088,2774,false,0,0,remaining_order_2704_mod_4
P85217,2775,false,1,1,remaining_order_2705_mod_4
P85317,2776,false,2,2,remaining_order_2706_mod_4
P85331,2777,false,3,3,remaining_order_2707_mod_4
P85332,2778,false,0,0,remaining_order_2708_mod_4
P85333,2779,false,1,1,remaining_order_2709_mod_4
P85334,2780,false,2,2,remaining_order_2710_mod_4
P85335,2781,false,3,3,remaining_order_2711_mod_4
P85346,2782,false,0,0,remaining_order_2712_mod_4
P85347,2783,false,1,1,remaining_order_2713_mod_4
P85348,2784,false,2,2,remaining_order_2714_mod_4
P85349,2785,false,3,3,remaining_order_2715_mod_4
P85351,2786,false,0,0,remaining_order_2716_mod_4
P85362,2787,false,1,1,remaining_order_2717_mod_4
P85413,2788,false,2,2,remaining_order_2718_mod_4
P85431,2789,false,3,3,remaining_order_2719_mod_4
P85432,2790,false,0,0,remaining_order_2720_mod_4
P85433,2791,false,1,1,remaining_order_2721_mod_4
P85434,2792,false,2,2,remaining_order_2722_mod_4
P85438,2793,false,3,3,remaining_order_2723_mod_4
P85439,2794,false,0,0,remaining_order_2724_mod_4
P85440,2795,false,1,1,remaining_order_2725_mod_4
P85441,2796,false,2,2,remaining_order_2726_mod_4
P85906,2797,false,3,3,remaining_order_2727_mod_4
P85910,2798,false,0,0,remaining_order_2728_mod_4
P85911,2799,false,1,1,remaining_order_2729_mod_4
P85913,2800,false,2,2,remaining_order_2730_mod_4
P85916,2801,false,3,3,remaining_order_2731_mod_4
P85918,2802,false,0,0,remaining_order_2732_mod_4
P85920,2803,false,1,1,remaining_order_2733_mod_4
P85929,2804,false,2,2,remaining_order_2734_mod_4
P85930,2805,false,3,3,remaining_order_2735_mod_4
P85931,2806,false,0,0,remaining_order_2736_mod_4
P85940,2807,false,1,1,remaining_order_2737_mod_4
P85949,2808,false,2,2,remaining_order_2738_mod_4
P85951,2809,false,3,3,remaining_order_2739_mod_4
P85954,2810,false,0,0,remaining_order_2740_mod_4
P85957,2811,false,1,1,remaining_order_2741_mod_4
P85976,2812,false,2,2,remaining_order_2742_mod_4
P85994,2813,false,3,3,remaining_order_2743_mod_4
P85995,2814,false,0,0,remaining_order_2744_mod_4
P85996,2815,false,1,1,remaining_order_2745_mod_4
P85998,2816,false,2,2,remaining_order_2746_mod_4
P85999,2817,false,3,3,remaining_order_2747_mod_4
P86000,2818,false,0,0,remaining_order_2748_mod_4
P86001,2819,false,1,1,remaining_order_2749_mod_4
P86002,2820,false,2,2,remaining_order_2750_mod_4
P86003,2821,false,3,3,remaining_order_2751_mod_4
P86004,2822,false,0,0,remaining_order_2752_mod_4
P86006,2823,false,1,1,remaining_order_2753_mod_4
P86007,2824,false,2,2,remaining_order_2754_mod_4
P86008,2825,false,3,3,remaining_order_2755_mod_4
P86014,2826,false,0,0,remaining_order_2756_mod_4
P86015,2827,false,1,1,remaining_order_2757_mod_4
P86043,2828,false,2,2,remaining_order_2758_mod_4
P86054,2829,false,3,3,remaining_order_2759_mod_4
P86055,2830,false,0,0,remaining_order_2760_mod_4
P86056,2831,false,1,1,remaining_order_2761_mod_4
P86057,2832,false,2,2,remaining_order_2762_mod_4
P86058,2833,false,3,3,remaining_order_2763_mod_4
P86062,2834,false,0,0,remaining_order_2764_mod_4
P86063,2835,false,1,1,remaining_order_2765_mod_4
P86064,2836,false,2,2,remaining_order_2766_mod_4
P86066,2837,false,3,3,remaining_order_2767_mod_4
P86067,2838,false,0,0,remaining_order_2768_mod_4
P86071,2839,false,1,1,remaining_order_2769_mod_4
P86074,2840,false,2,2,remaining_order_2770_mod_4
P86103,2841,false,3,3,remaining_order_2771_mod_4
P86119,2842,false,0,0,remaining_order_2772_mod_4
P86120,2843,false,1,1,remaining_order_2773_mod_4
P86163,2844,false,2,2,remaining_order_2774_mod_4
P86197,2845,false,3,3,remaining_order_2775_mod_4
P86208,2846,false,0,0,remaining_order_2776_mod_4
P86222,2847,false,1,1,remaining_order_2777_mod_4
P86241,2848,false,2,2,remaining_order_2778_mod_4
P86249,2849,false,3,3,remaining_order_2779_mod_4
P86517,2850,false,0,0,remaining_order_2780_mod_4
P86535,2851,false,1,1,remaining_order_2781_mod_4
P86542,2852,false,2,2,remaining_order_2782_mod_4
P86699,2853,false,3,3,remaining_order_2783_mod_4
P86780,2854,false,0,0,remaining_order_2784_mod_4
P86830,2855,false,1,1,remaining_order_2785_mod_4
P86833,2856,false,2,2,remaining_order_2786_mod_4
P86974,2857,false,3,3,remaining_order_2787_mod_4
P86978,2858,false,0,0,remaining_order_2788_mod_4
P86979,2859,false,1,1,remaining_order_2789_mod_4
P86980,2860,false,2,2,remaining_order_2790_mod_4
P87630,2861,false,3,3,remaining_order_2791_mod_4
P87691,2862,false,0,0,remaining_order_2792_mod_4
P89079,2863,false,1,1,remaining_order_2793_mod_4
P89436,2864,false,2,2,remaining_order_2794_mod_4
P89446,2865,false,3,3,remaining_order_2795_mod_4
P89469,2866,false,0,0,remaining_order_2796_mod_4
P90463,2867,false,1,1,remaining_order_2797_mod_4
P90726,2868,false,2,2,remaining_order_2798_mod_4
P93400,2869,false,3,3,remaining_order_2799_mod_4
P93749,2870,false,0,0,remaining_order_2800_mod_4
P93906,2871,false,1,1,remaining_order_2801_mod_4
P93936,2872,false,2,2,remaining_order_2802_mod_4
P94667,2873,false,3,3,remaining_order_2803_mod_4
P95412,2874,false,0,0,remaining_order_2804_mod_4
P95413,2875,false,1,1,remaining_order_2805_mod_4
P95414,2876,false,2,2,remaining_order_2806_mod_4
P95415,2877,false,3,3,remaining_order_2807_mod_4
P95949,2878,false,0,0,remaining_order_2808_mod_4
P96105,2879,false,1,1,remaining_order_2809_mod_4
P96831,2880,false,2,2,remaining_order_2810_mod_4
P97364,2881,false,3,3,remaining_order_2811_mod_4
P99502,2882,false,0,0,remaining_order_2812_mod_4
P99504,2883,false,1,1,remaining_order_2813_mod_4
P99507,2884,false,2,2,remaining_order_2814_mod_4
P9WEE7,2885,false,3,3,remaining_order_2815_mod_4
P9WEE8,2886,false,0,0,remaining_order_2816_mod_4
P9WEF0,2887,false,1,1,remaining_order_2817_mod_4
P9WEF1,2888,false,2,2,remaining_order_2818_mod_4
P9WEF2,2889,false,3,3,remaining_order_2819_mod_4
P9WEG8,2890,false,0,0,remaining_order_2820_mod_4
P9WEG9,2891,false,1,1,remaining_order_2821_mod_4
P9WEH0,2892,false,2,2,remaining_order_2822_mod_4
P9WEI5,2893,false,3,3,remaining_order_2823_mod_4
P9WEI6,2894,false,0,0,remaining_order_2824_mod_4
P9WEI7,2895,false,1,1,remaining_order_2825_mod_4
P9WEJ7,2896,false,2,2,remaining_order_2826_mod_4
P9WEJ8,2897,false,3,3,remaining_order_2827_mod_4
P9WEJ9,2898,false,0,0,remaining_order_2828_mod_4
P9WEK0,2899,false,1,1,remaining_order_2829_mod_4
P9WEK1,2900,false,2,2,remaining_order_2830_mod_4
P9WEK2,2901,false,3,3,remaining_order_2831_mod_4
P9WEK4,2902,false,0,0,remaining_order_2832_mod_4
P9WEM0,2903,false,1,1,remaining_order_2833_mod_4
P9WEM6,2904,false,2,2,remaining_order_2834_mod_4
P9WEM7,2905,false,3,3,remaining_order_2835_mod_4
P9WEN6,2906,false,0,0,remaining_order_2836_mod_4
P9WEP6,2907,false,1,1,remaining_order_2837_mod_4
P9WEP8,2908,false,2,2,remaining_order_2838_mod_4
P9WEP9,2909,false,3,3,remaining_order_2839_mod_4
P9WER0,2910,false,0,0,remaining_order_2840_mod_4
P9WER5,2911,false,1,1,remaining_order_2841_mod_4
P9WES3,2912,false,2,2,remaining_order_2842_mod_4
P9WES7,2913,false,3,3,remaining_order_2843_mod_4
P9WEU0,2914,false,0,0,remaining_order_2844_mod_4
P9WFE6,2915,false,1,1,remaining_order_2845_mod_4
P9WFE7,2916,false,2,2,remaining_order_2846_mod_4
P9WFE8,2917,false,3,3,remaining_order_2847_mod_4
P9WFE9,2918,false,0,0,remaining_order_2848_mod_4
P9WFR8,2919,false,1,1,remaining_order_2849_mod_4
P9WFR9,2920,false,2,2,remaining_order_2850_mod_4
P9WFX8,2921,false,3,3,remaining_order_2851_mod_4
P9WFX9,2922,false,0,0,remaining_order_2852_mod_4
P9WG69,2923,false,1,1,remaining_order_2853_mod_4
P9WG76,2924,false,2,2,remaining_order_2854_mod_4
P9WG77,2925,false,3,3,remaining_order_2855_mod_4
P9WHX4,2926,false,0,0,remaining_order_2856_mod_4
P9WHX5,2927,false,1,1,remaining_order_2857_mod_4
P9WI52,2928,false,2,2,remaining_order_2858_mod_4
P9WI53,2929,false,3,3,remaining_order_2859_mod_4
P9WI92,2930,false,0,0,remaining_order_2860_mod_4
P9WIC0,2931,false,1,1,remaining_order_2861_mod_4
P9WIC1,2932,false,2,2,remaining_order_2862_mod_4
P9WJJ4,2933,false,3,3,remaining_order_2863_mod_4
P9WJJ5,2934,false,0,0,remaining_order_2864_mod_4
P9WKG6,2935,false,1,1,remaining_order_2865_mod_4
P9WKG7,2936,false,2,2,remaining_order_2866_mod_4
P9WKH2,2937,false,3,3,remaining_order_2867_mod_4
P9WKH3,2938,false,0,0,remaining_order_2868_mod_4
P9WKY4,2939,false,1,1,remaining_order_2869_mod_4
P9WN59,2940,false,2,2,remaining_order_2870_mod_4
P9WNE2,2941,false,3,3,remaining_order_2871_mod_4
P9WNE3,2942,false,0,0,remaining_order_2872_mod_4
P9WNN2,2943,false,1,1,remaining_order_2873_mod_4
P9WNN3,2944,false,2,2,remaining_order_2874_mod_4
P9WNW8,2945,false,3,3,remaining_order_2875_mod_4
P9WNW9,2946,false,0,0,remaining_order_2876_mod_4
P9WPP8,2947,false,1,1,remaining_order_2877_mod_4
P9WPP9,2948,false,2,2,remaining_order_2878_mod_4
P9WQ38,2949,false,3,3,remaining_order_2879_mod_4
P9WQ39,2950,false,0,0,remaining_order_2880_mod_4
P9WQB7,2951,false,1,1,remaining_order_2881_mod_4
Q00030,2952,false,2,2,remaining_order_2882_mod_4
Q00094,2953,false,3,3,remaining_order_2883_mod_4
Q00095,2954,false,0,0,remaining_order_2884_mod_4
Q00097,2955,false,1,1,remaining_order_2885_mod_4
Q00098,2956,false,2,2,remaining_order_2886_mod_4
Q00277,2957,false,3,3,remaining_order_2887_mod_4
Q00532,2958,false,0,0,remaining_order_2888_mod_4
Q00873,2959,false,1,1,remaining_order_2889_mod_4
Q00901,2960,false,2,2,remaining_order_2890_mod_4
Q01034,2961,false,3,3,remaining_order_2891_mod_4
Q01037,2962,false,0,0,remaining_order_2892_mod_4
Q01038,2963,false,1,1,remaining_order_2893_mod_4
Q01225,2964,false,2,2,remaining_order_2894_mod_4
Q01319,2965,false,3,3,remaining_order_2895_mod_4
Q01433,2966,false,0,0,remaining_order_2896_mod_4
Q01458,2967,false,1,1,remaining_order_2897_mod_4
Q01468,2968,false,2,2,remaining_order_2898_mod_4
Q01511,2969,false,3,3,remaining_order_2899_mod_4
Q01698,2970,false,0,0,remaining_order_2900_mod_4
Q01767,2971,false,1,1,remaining_order_2901_mod_4
Q01UN6,2972,false,2,2,remaining_order_2902_mod_4
Q02048,2973,false,3,3,remaining_order_2903_mod_4
Q02049,2974,false,0,0,remaining_order_2904_mod_4
Q02261,2975,false,1,1,remaining_order_2905_mod_4
Q02262,2976,false,2,2,remaining_order_2906_mod_4
Q02315,2977,false,3,3,remaining_order_2907_mod_4
Q02419,2978,false,0,0,remaining_order_2908_mod_4
Q02512,2979,false,1,1,remaining_order_2909_mod_4
Q02513,2980,false,2,2,remaining_order_2910_mod_4
Q02943,2981,false,3,3,remaining_order_2911_mod_4
Q02997,2982,false,0,0,remaining_order_2912_mod_4
Q02A54,2983,false,1,1,remaining_order_2913_mod_4
Q02FF4,2984,false,2,2,remaining_order_2914_mod_4
Q02GV9,2985,false,3,3,remaining_order_2915_mod_4
Q02ND8,2986,false,0,0,remaining_order_2916_mod_4
Q02Y14,2987,false,1,1,remaining_order_2917_mod_4
Q03032,2988,false,2,2,remaining_order_2918_mod_4
Q03219,2989,false,3,3,remaining_order_2919_mod_4
Q03284,2990,false,0,0,remaining_order_2920_mod_4
Q03321,2991,false,1,1,remaining_order_2921_mod_4
Q03328,2992,false,2,2,remaining_order_2922_mod_4
Q036X3,2993,false,3,3,remaining_order_2923_mod_4
Q03M63,2994,false,0,0,remaining_order_2924_mod_4
Q03ME4,2995,false,1,1,remaining_order_2925_mod_4
Q03ME5,2996,false,2,2,remaining_order_2926_mod_4
Q03Z41,2997,false,3,3,remaining_order_2927_mod_4
Q04170,2998,false,0,0,remaining_order_2928_mod_4
Q04236,2999,false,1,1,remaining_order_2929_mod_4
Q04237,3000,false,2,2,remaining_order_2930_mod_4
Q04238,3001,false,3,3,remaining_order_2931_mod_4
Q04239,3002,false,0,0,remaining_order_2932_mod_4
Q04543,3003,false,1,1,remaining_order_2933_mod_4
Q04770,3004,false,2,2,remaining_order_2934_mod_4
Q04938,3005,false,3,3,remaining_order_2935_mod_4
Q04DA2,3006,false,0,0,remaining_order_2936_mod_4
Q04KS4,3007,false,1,1,remaining_order_2937_mod_4
Q04SA4,3008,false,2,2,remaining_order_2938_mod_4
Q05101,3009,false,3,3,remaining_order_2939_mod_4
Q05111,3010,false,0,0,remaining_order_2940_mod_4
Q05112,3011,false,1,1,remaining_order_2941_mod_4
Q05133,3012,false,2,2,remaining_order_2942_mod_4
Q05134,3013,false,3,3,remaining_order_2943_mod_4
Q05135,3014,false,0,0,remaining_order_2944_mod_4
Q05259,3015,false,1,1,remaining_order_2945_mod_4
Q05262,3016,false,2,2,remaining_order_2946_mod_4
Q05554,3017,false,3,3,remaining_order_2947_mod_4
Q05579,3018,false,0,0,remaining_order_2948_mod_4
Q05866,3019,false,1,1,remaining_order_2949_mod_4
Q05879,3020,false,2,2,remaining_order_2950_mod_4
Q05880,3021,false,3,3,remaining_order_2951_mod_4
Q05976,3022,false,0,0,remaining_order_2952_mod_4
Q05984,3023,false,1,1,remaining_order_2953_mod_4
Q05985,3024,false,2,2,remaining_order_2954_mod_4
Q05987,3025,false,3,3,remaining_order_2955_mod_4
Q05988,3026,false,0,0,remaining_order_2956_mod_4
Q05989,3027,false,1,1,remaining_order_2957_mod_4
Q05991,3028,false,2,2,remaining_order_2958_mod_4
Q05993,3029,false,3,3,remaining_order_2959_mod_4
Q05995,3030,false,0,0,remaining_order_2960_mod_4
Q05B52,3031,false,1,1,remaining_order_2961_mod_4
Q06095,3032,false,2,2,remaining_order_2962_mod_4
Q06259,3033,false,3,3,remaining_order_2963_mod_4
Q06509,3034,false,0,0,remaining_order_2964_mod_4
Q06543,3035,false,1,1,remaining_order_2965_mod_4
Q06AU4,3036,false,2,2,remaining_order_2966_mod_4
Q06S87,3037,false,3,3,remaining_order_2967_mod_4
Q07049,3038,false,0,0,remaining_order_2968_mod_4
Q07275,3039,false,1,1,remaining_order_2969_mod_4
Q07399,3040,false,2,2,remaining_order_2970_mod_4
Q07494,3041,false,3,3,remaining_order_2971_mod_4
Q07846,3042,false,0,0,remaining_order_2972_mod_4
Q07847,3043,false,1,1,remaining_order_2973_mod_4
Q07848,3044,false,2,2,remaining_order_2974_mod_4
Q07K71,3045,false,3,3,remaining_order_2975_mod_4
Q07L90,3046,false,0,0,remaining_order_2976_mod_4
Q07Z00,3047,false,1,1,remaining_order_2977_mod_4
Q08097,3048,false,2,2,remaining_order_2978_mod_4
Q08317,3049,false,3,3,remaining_order_2979_mod_4
Q08436,3050,false,0,0,remaining_order_2980_mod_4
Q08512,3051,false,1,1,remaining_order_2981_mod_4
Q08513,3052,false,2,2,remaining_order_2982_mod_4
Q08726,3053,false,3,3,remaining_order_2983_mod_4
Q08908,3054,false,0,0,remaining_order_2984_mod_4
Q08DA0,3055,false,1,1,remaining_order_2985_mod_4
Q09053,3056,false,2,2,remaining_order_2986_mod_4
Q09115,3057,false,3,3,remaining_order_2987_mod_4
Q09123,3058,false,0,0,remaining_order_2988_mod_4
Q09124,3059,false,1,1,remaining_order_2989_mod_4
Q09129,3060,false,2,2,remaining_order_2990_mod_4
Q09136,3061,false,3,3,remaining_order_2991_mod_4
Q09199,3062,false,0,0,remaining_order_2992_mod_4
Q09736,3063,false,1,1,remaining_order_2993_mod_4
Q09833,3064,false,2,2,remaining_order_2994_mod_4
Q09903,3065,false,3,3,remaining_order_2995_mod_4
Q09LY5,3066,false,0,0,remaining_order_2996_mod_4
Q0AC99,3067,false,1,1,remaining_order_2997_mod_4
Q0ACB4,3068,false,2,2,remaining_order_2998_mod_4
Q0ANY8,3069,false,3,3,remaining_order_2999_mod_4
Q0BJP4,3070,false,0,0,remaining_order_3000_mod_4
Q0BQ42,3071,false,1,1,remaining_order_3001_mod_4
Q0BZU9,3072,false,2,2,remaining_order_3002_mod_4
Q0CJ60,3073,false,3,3,remaining_order_3003_mod_4
Q0CPG6,3074,false,0,0,remaining_order_3004_mod_4
Q0CPG8,3075,false,1,1,remaining_order_3005_mod_4
Q0CPG9,3076,false,2,2,remaining_order_3006_mod_4
Q0E592,3077,false,3,3,remaining_order_3007_mod_4
Q0EF98,3078,false,0,0,remaining_order_3008_mod_4
Q0EF99,3079,false,1,1,remaining_order_3009_mod_4
Q0EFA0,3080,false,2,2,remaining_order_3010_mod_4
Q0I657,3081,false,3,3,remaining_order_3011_mod_4
Q0I658,3082,false,0,0,remaining_order_3012_mod_4
Q0IDA2,3083,false,1,1,remaining_order_3013_mod_4
Q0IIG8,3084,false,2,2,remaining_order_3014_mod_4
Q0JA81,3085,false,3,3,remaining_order_3015_mod_4
Q0KFF7,3086,false,0,0,remaining_order_3016_mod_4
Q0P5E2,3087,false,1,1,remaining_order_3017_mod_4
Q0P5H1,3088,false,2,2,remaining_order_3018_mod_4
Q0PD08,3089,false,3,3,remaining_order_3019_mod_4
Q0QF17,3090,false,0,0,remaining_order_3020_mod_4
Q0RDK8,3091,false,1,1,remaining_order_3021_mod_4
Q0RH75,3092,false,2,2,remaining_order_3022_mod_4
Q0RQR8,3093,false,3,3,remaining_order_3023_mod_4
Q0RQR9,3094,false,0,0,remaining_order_3024_mod_4
Q0S4Q9,3095,false,1,1,remaining_order_3025_mod_4
Q0S4S8,3096,false,2,2,remaining_order_3026_mod_4
Q0S4S9,3097,false,3,3,remaining_order_3027_mod_4
Q0SRK7,3098,false,0,0,remaining_order_3028_mod_4
Q0SSI9,3099,false,1,1,remaining_order_3029_mod_4
Q0SY20,3100,false,2,2,remaining_order_3030_mod_4
Q0TA85,3101,false,3,3,remaining_order_3031_mod_4
Q0TPX4,3102,false,0,0,remaining_order_3032_mod_4
Q0VCR6,3103,false,1,1,remaining_order_3033_mod_4
Q0VFD8,3104,false,2,2,remaining_order_3034_mod_4
Q0VFE3,3105,false,3,3,remaining_order_3035_mod_4
Q0VKX9,3106,false,0,0,remaining_order_3036_mod_4
Q0VKY0,3107,false,1,1,remaining_order_3037_mod_4
Q0VS71,3108,false,2,2,remaining_order_3038_mod_4
Q0W349,3109,false,3,3,remaining_order_3039_mod_4
Q0ZB81,3110,false,0,0,remaining_order_3040_mod_4
Q0ZME8,3111,false,1,1,remaining_order_3041_mod_4
Q10202,3112,false,2,2,remaining_order_3042_mod_4
Q10334,3113,false,3,3,remaining_order_3043_mod_4
Q10B19,3114,false,0,0,remaining_order_3044_mod_4
Q11128,3115,false,1,1,remaining_order_3045_mod_4
Q116J2,3116,false,2,2,remaining_order_3046_mod_4
Q117Z9,3117,false,3,3,remaining_order_3047_mod_4
Q11EW5,3118,false,0,0,remaining_order_3048_mod_4
Q11EW7,3119,false,1,1,remaining_order_3049_mod_4
Q11R87,3120,false,2,2,remaining_order_3050_mod_4
Q12039,3121,false,3,3,remaining_order_3051_mod_4
Q12333,3122,false,0,0,remaining_order_3052_mod_4
Q12473,3123,false,1,1,remaining_order_3053_mod_4
Q12664,3124,false,2,2,remaining_order_3054_mod_4
Q12829,3125,false,3,3,remaining_order_3055_mod_4
Q12H06,3126,false,0,0,remaining_order_3056_mod_4
Q12TR2,3127,false,1,1,remaining_order_3057_mod_4
Q12WF0,3128,false,2,2,remaining_order_3058_mod_4
Q12WH8,3129,false,3,3,remaining_order_3059_mod_4
Q12YW2,3130,false,0,0,remaining_order_3060_mod_4
Q133L2,3131,false,1,1,remaining_order_3061_mod_4
Q133L3,3132,false,2,2,remaining_order_3062_mod_4
Q135J5,3133,false,3,3,remaining_order_3063_mod_4
Q13608,3134,false,0,0,remaining_order_3064_mod_4
Q13636,3135,false,1,1,remaining_order_3065_mod_4
Q13956,3136,false,2,2,remaining_order_3066_mod_4
Q13BG6,3137,false,3,3,remaining_order_3067_mod_4
Q13BH5,3138,false,0,0,remaining_order_3068_mod_4
Q13SM2,3139,false,1,1,remaining_order_3069_mod_4
Q144E3,3140,false,2,2,remaining_order_3070_mod_4
Q146Y6,3141,false,3,3,remaining_order_3071_mod_4
Q14964,3142,false,0,0,remaining_order_3072_mod_4
Q14BT6,3143,false,1,1,remaining_order_3073_mod_4
Q14EB1,3144,false,2,2,remaining_order_3074_mod_4
Q14RS2,3145,false,3,3,remaining_order_3075_mod_4
Q15771,3146,false,0,0,remaining_order_3076_mod_4
Q15831,3147,false,1,1,remaining_order_3077_mod_4
Q161T1,3148,false,2,2,remaining_order_3078_mod_4
Q161T2,3149,false,3,3,remaining_order_3079_mod_4
Q16635,3150,false,0,0,remaining_order_3080_mod_4
Q16850,3151,false,1,1,remaining_order_3081_mod_4
Q16881,3152,false,2,2,remaining_order_3082_mod_4
Q168I8,3153,false,3,3,remaining_order_3083_mod_4
Q16BN1,3154,false,0,0,remaining_order_3084_mod_4
Q16Q94,3155,false,1,1,remaining_order_3085_mod_4
Q17745,3156,false,2,2,remaining_order_3086_mod_4
Q17QB7,3157,false,3,3,remaining_order_3087_mod_4
Q17QM4,3158,false,0,0,remaining_order_3088_mod_4
Q17QU4,3159,false,1,1,remaining_order_3089_mod_4
Q17R06,3160,false,2,2,remaining_order_3090_mod_4
Q182I1,3161,false,3,3,remaining_order_3091_mod_4
Q18EC0,3162,false,0,0,remaining_order_3092_mod_4
Q18K02,3163,false,1,1,remaining_order_3093_mod_4
Q18KN8,3164,false,2,2,remaining_order_3094_mod_4
Q18LD0,3165,false,3,3,remaining_order_3095_mod_4
Q18LE8,3166,false,0,0,remaining_order_3096_mod_4
Q18TV3,3167,false,1,1,remaining_order_3097_mod_4
Q196Z3,3168,false,2,2,remaining_order_3098_mod_4
Q196Z5,3169,false,3,3,remaining_order_3099_mod_4
Q197B2,3170,false,0,0,remaining_order_3100_mod_4
Q197F0,3171,false,1,1,remaining_order_3101_mod_4
Q19A54,3172,false,2,2,remaining_order_3102_mod_4
Q19QT7,3173,false,3,3,remaining_order_3103_mod_4
Q1ACI3,3174,false,0,0,remaining_order_3104_mod_4
Q1B870,3175,false,1,1,remaining_order_3105_mod_4
Q1B871,3176,false,2,2,remaining_order_3106_mod_4
Q1B968,3177,false,3,3,remaining_order_3107_mod_4
Q1BSL1,3178,false,0,0,remaining_order_3108_mod_4
Q1C2U1,3179,false,1,1,remaining_order_3109_mod_4
Q1CCT9,3180,false,2,2,remaining_order_3110_mod_4
Q1CHQ1,3181,false,3,3,remaining_order_3111_mod_4
Q1CHR0,3182,false,0,0,remaining_order_3112_mod_4
Q1CKK1,3183,false,1,1,remaining_order_3113_mod_4
Q1D8S2,3184,false,2,2,remaining_order_3114_mod_4
Q1GDR0,3185,false,3,3,remaining_order_3115_mod_4
Q1GFB4,3186,false,0,0,remaining_order_3116_mod_4
Q1GJP6,3187,false,1,1,remaining_order_3117_mod_4
Q1GJP7,3188,false,2,2,remaining_order_3118_mod_4
Q1GYD2,3189,false,3,3,remaining_order_3119_mod_4
Q1H0F0,3190,false,0,0,remaining_order_3120_mod_4
Q1H0F1,3191,false,1,1,remaining_order_3121_mod_4
Q1H5H1,3192,false,2,2,remaining_order_3122_mod_4
Q1HVD1,3193,false,3,3,remaining_order_3123_mod_4
Q1I800,3194,false,0,0,remaining_order_3124_mod_4
Q1IBP1,3195,false,1,1,remaining_order_3125_mod_4
Q1IBP2,3196,false,2,2,remaining_order_3126_mod_4
Q1IED2,3197,false,3,3,remaining_order_3127_mod_4
Q1IP68,3198,false,0,0,remaining_order_3128_mod_4
Q1IX70,3199,false,1,1,remaining_order_3129_mod_4
Q1IZV0,3200,false,2,2,remaining_order_3130_mod_4
Q1JPY5,3201,false,3,3,remaining_order_3131_mod_4
Q1LPT2,3202,false,0,0,remaining_order_3132_mod_4
Q1LSE0,3203,false,1,1,remaining_order_3133_mod_4
Q1LU65,3204,false,2,2,remaining_order_3134_mod_4
Q1LU70,3205,false,3,3,remaining_order_3135_mod_4
Q1LVN8,3206,false,0,0,remaining_order_3136_mod_4
Q1LZA4,3207,false,1,1,remaining_order_3137_mod_4
Q1MCV5,3208,false,2,2,remaining_order_3138_mod_4
Q1MCV6,3209,false,3,3,remaining_order_3139_mod_4
Q1MHJ6,3210,false,0,0,remaining_order_3140_mod_4
Q1QHE0,3211,false,1,1,remaining_order_3141_mod_4
Q1QL28,3212,false,2,2,remaining_order_3142_mod_4
Q1QL95,3213,false,3,3,remaining_order_3143_mod_4
Q1QSU1,3214,false,0,0,remaining_order_3144_mod_4
Q1QV51,3215,false,1,1,remaining_order_3145_mod_4
Q1QVB6,3216,false,2,2,remaining_order_3146_mod_4
Q1R5U4,3217,false,3,3,remaining_order_3147_mod_4
Q1R9D8,3218,false,0,0,remaining_order_3148_mod_4
Q1RGM6,3219,false,1,1,remaining_order_3149_mod_4
Q1RMR4,3220,false,2,2,remaining_order_3150_mod_4
Q1WNZ7,3221,false,3,3,remaining_order_3151_mod_4
Q1ZXH9,3222,false,0,0,remaining_order_3152_mod_4
Q20Z39,3223,false,1,1,remaining_order_3153_mod_4
Q20Z48,3224,false,2,2,remaining_order_3154_mod_4
Q210F5,3225,false,3,3,remaining_order_3155_mod_4
Q210F6,3226,false,0,0,remaining_order_3156_mod_4
Q215X2,3227,false,1,1,remaining_order_3157_mod_4
Q21882,3228,false,2,2,remaining_order_3158_mod_4
Q21P96,3229,false,3,3,remaining_order_3159_mod_4
Q21SZ4,3230,false,0,0,remaining_order_3160_mod_4
Q21SZ5,3231,false,1,1,remaining_order_3161_mod_4
Q21YC7,3232,false,2,2,remaining_order_3162_mod_4
Q21YG7,3233,false,3,3,remaining_order_3163_mod_4
Q24733,3234,false,0,0,remaining_order_3164_mod_4
Q24739,3235,false,1,1,remaining_order_3165_mod_4
Q24803,3236,false,2,2,remaining_order_3166_mod_4
Q24815,3237,false,3,3,remaining_order_3167_mod_4
Q24816,3238,false,0,0,remaining_order_3168_mod_4
Q24817,3239,false,1,1,remaining_order_3169_mod_4
Q24849,3240,false,2,2,remaining_order_3170_mod_4
Q24857,3241,false,3,3,remaining_order_3171_mod_4
Q24MI3,3242,false,0,0,remaining_order_3172_mod_4
Q24QL6,3243,false,1,1,remaining_order_3173_mod_4
Q24T84,3244,false,2,2,remaining_order_3174_mod_4
Q255I0,3245,false,3,3,remaining_order_3175_mod_4
Q26547,3246,false,0,0,remaining_order_3176_mod_4
Q27655,3247,false,1,1,remaining_order_3177_mod_4
Q28175,3248,false,2,2,remaining_order_3178_mod_4
Q28516,3249,false,3,3,remaining_order_3179_mod_4
Q28949,3250,false,0,0,remaining_order_3180_mod_4
Q28CQ7,3251,false,1,1,remaining_order_3181_mod_4
Q28I42,3252,false,2,2,remaining_order_3182_mod_4
Q28RJ8,3253,false,3,3,remaining_order_3183_mod_4
Q28RK0,3254,false,0,0,remaining_order_3184_mod_4
Q28T23,3255,false,1,1,remaining_order_3185_mod_4
Q28VA7,3256,false,2,2,remaining_order_3186_mod_4
Q29068,3257,false,3,3,remaining_order_3187_mod_4
Q29092,3258,false,0,0,remaining_order_3188_mod_4
Q29236,3259,false,1,1,remaining_order_3189_mod_4
Q29318,3260,false,2,2,remaining_order_3190_mod_4
Q29451,3261,false,3,3,remaining_order_3191_mod_4
Q29513,3262,false,0,0,remaining_order_3192_mod_4
Q29555,3263,false,1,1,remaining_order_3193_mod_4
Q29593,3264,false,2,2,remaining_order_3194_mod_4
Q29KH2,3265,false,3,3,remaining_order_3195_mod_4
Q29RR0,3266,false,0,0,remaining_order_3196_mod_4
Q2EEV7,3267,false,1,1,remaining_order_3197_mod_4
Q2FEK5,3268,false,2,2,remaining_order_3198_mod_4
Q2FFJ4,3269,false,3,3,remaining_order_3199_mod_4
Q2FHU5,3270,false,0,0,remaining_order_3200_mod_4
Q2FIF3,3271,false,1,1,remaining_order_3201_mod_4
Q2FK96,3272,false,2,2,remaining_order_3202_mod_4
Q2FS92,3273,false,3,3,remaining_order_3203_mod_4
Q2FUA4,3274,false,0,0,remaining_order_3204_mod_4
Q2FVW5,3275,false,1,1,remaining_order_3205_mod_4
Q2FWH5,3276,false,2,2,remaining_order_3206_mod_4
Q2FWY8,3277,false,3,3,remaining_order_3207_mod_4
Q2FXA4,3278,false,0,0,remaining_order_3208_mod_4
Q2FZE2,3279,false,1,1,remaining_order_3209_mod_4
Q2FZK2,3280,false,2,2,remaining_order_3210_mod_4
Q2FZX9,3281,false,3,3,remaining_order_3211_mod_4
Q2G1J2,3282,false,0,0,remaining_order_3212_mod_4
Q2GDY1,3283,false,1,1,remaining_order_3213_mod_4
Q2HJH3,3284,false,2,2,remaining_order_3214_mod_4
Q2HJI8,3285,false,3,3,remaining_order_3215_mod_4
Q2HR67,3286,false,0,0,remaining_order_3216_mod_4
Q2HR78,3287,false,1,1,remaining_order_3217_mod_4
Q2HRC6,3288,false,2,2,remaining_order_3218_mod_4
Q2IJC3,3289,false,3,3,remaining_order_3219_mod_4
Q2J0E4,3290,false,0,0,remaining_order_3220_mod_4
Q2J0F3,3291,false,1,1,remaining_order_3221_mod_4
Q2JES4,3292,false,2,2,remaining_order_3222_mod_4
Q2JFL0,3293,false,3,3,remaining_order_3223_mod_4
Q2K3A7,3294,false,0,0,remaining_order_3224_mod_4
Q2K512,3295,false,1,1,remaining_order_3225_mod_4
Q2K514,3296,false,2,2,remaining_order_3226_mod_4
Q2KIF1,3297,false,3,3,remaining_order_3227_mod_4
Q2KIJ5,3298,false,0,0,remaining_order_3228_mod_4
Q2KU73,3299,false,1,1,remaining_order_3229_mod_4
Q2N2K0,3300,false,2,2,remaining_order_3230_mod_4
Q2NC39,3301,false,3,3,remaining_order_3231_mod_4
Q2ND76,3302,false,0,0,remaining_order_3232_mod_4
Q2NER9,3303,false,1,1,remaining_order_3233_mod_4
Q2NFF7,3304,false,2,2,remaining_order_3234_mod_4
Q2NFZ1,3305,false,3,3,remaining_order_3235_mod_4
Q2NIH4,3306,false,0,0,remaining_order_3236_mod_4
Q2NKW0,3307,false,1,1,remaining_order_3237_mod_4
Q2NL30,3308,false,2,2,remaining_order_3238_mod_4
Q2NU62,3309,false,3,3,remaining_order_3239_mod_4
Q2NZV7,3310,false,0,0,remaining_order_3240_mod_4
Q2P1A2,3311,false,1,1,remaining_order_3241_mod_4
Q2PAY2,3312,false,2,2,remaining_order_3242_mod_4
Q2PAY3,3313,false,3,3,remaining_order_3243_mod_4
Q2QEI3,3314,false,0,0,remaining_order_3244_mod_4
Q2RGY3,3315,false,1,1,remaining_order_3245_mod_4
Q2RIZ3,3316,false,2,2,remaining_order_3246_mod_4
Q2RNC0,3317,false,3,3,remaining_order_3247_mod_4
Q2RPH3,3318,false,0,0,remaining_order_3248_mod_4
Q2RQZ4,3319,false,1,1,remaining_order_3249_mod_4
Q2RW96,3320,false,2,2,remaining_order_3250_mod_4
Q2RW97,3321,false,3,3,remaining_order_3251_mod_4
Q2RW98,3322,false,0,0,remaining_order_3252_mod_4
Q2SDQ2,3323,false,1,1,remaining_order_3253_mod_4
Q2SDQ3,3324,false,2,2,remaining_order_3254_mod_4
Q2SYF5,3325,false,3,3,remaining_order_3255_mod_4
Q2SYF6,3326,false,0,0,remaining_order_3256_mod_4
Q2T294,3327,false,1,1,remaining_order_3257_mod_4
Q2T9X2,3328,false,2,2,remaining_order_3258_mod_4
Q2UD95,3329,false,3,3,remaining_order_3259_mod_4
Q2UF99,3330,false,0,0,remaining_order_3260_mod_4
Q2WE96,3331,false,1,1,remaining_order_3261_mod_4
Q2YA96,3332,false,2,2,remaining_order_3262_mod_4
Q2YC92,3333,false,3,3,remaining_order_3263_mod_4
Q2YDE7,3334,false,0,0,remaining_order_3264_mod_4
Q2YDM7,3335,false,1,1,remaining_order_3265_mod_4
Q2YIT8,3336,false,2,2,remaining_order_3266_mod_4
Q2YJ82,3337,false,3,3,remaining_order_3267_mod_4
Q2YKL4,3338,false,0,0,remaining_order_3268_mod_4
Q2YPD6,3339,false,1,1,remaining_order_3269_mod_4
Q2YPD7,3340,false,2,2,remaining_order_3270_mod_4
Q2YQE0,3341,false,3,3,remaining_order_3271_mod_4
Q2YU75,3342,false,0,0,remaining_order_3272_mod_4
Q2YX89,3343,false,1,1,remaining_order_3273_mod_4
Q30R53,3344,false,2,2,remaining_order_3274_mod_4
Q30WH3,3345,false,3,3,remaining_order_3275_mod_4
Q30Y72,3346,false,0,0,remaining_order_3276_mod_4
Q31669,3347,false,1,1,remaining_order_3277_mod_4
Q31672,3348,false,2,2,remaining_order_3278_mod_4
Q31750,3349,false,3,3,remaining_order_3279_mod_4
Q31B51,3350,false,0,0,remaining_order_3280_mod_4
Q31F52,3351,false,1,1,remaining_order_3281_mod_4
Q31YI2,3352,false,2,2,remaining_order_3282_mod_4
Q32016,3353,false,3,3,remaining_order_3283_mod_4
Q32026,3354,false,0,0,remaining_order_3284_mod_4
Q32040,3355,false,1,1,remaining_order_3285_mod_4
Q32663,3356,false,2,2,remaining_order_3286_mod_4
Q32668,3357,false,3,3,remaining_order_3287_mod_4
Q32770,3358,false,0,0,remaining_order_3288_mod_4
Q32890,3359,false,1,1,remaining_order_3289_mod_4
Q32DQ1,3360,false,2,2,remaining_order_3290_mod_4
Q32G86,3361,false,3,3,remaining_order_3291_mod_4
Q32P41,3362,false,0,0,remaining_order_3292_mod_4
Q32PH7,3363,false,1,1,remaining_order_3293_mod_4
Q32QL6,3364,false,2,2,remaining_order_3294_mod_4
Q33015,3365,false,3,3,remaining_order_3295_mod_4
Q33093,3366,false,0,0,remaining_order_3296_mod_4
Q331T7,3367,false,1,1,remaining_order_3297_mod_4
Q33245,3368,false,2,2,remaining_order_3298_mod_4
Q33323,3369,false,3,3,remaining_order_3299_mod_4
Q33369,3370,false,0,0,remaining_order_3300_mod_4
Q33528,3371,false,1,1,remaining_order_3301_mod_4
Q37282,3372,false,2,2,remaining_order_3302_mod_4
Q37897,3373,false,3,3,remaining_order_3303_mod_4
Q38156,3374,false,0,0,remaining_order_3304_mod_4
Q38167,3375,false,1,1,remaining_order_3305_mod_4
Q38424,3376,false,2,2,remaining_order_3306_mod_4
Q38433,3377,false,3,3,remaining_order_3307_mod_4
Q384J7,3378,false,0,0,remaining_order_3308_mod_4
Q38771,3379,false,1,1,remaining_order_3309_mod_4
Q388V7,3380,false,2,2,remaining_order_3310_mod_4
Q38CB5,3381,false,3,3,remaining_order_3311_mod_4
Q38E53,3382,false,0,0,remaining_order_3312_mod_4
Q38Q87,3383,false,1,1,remaining_order_3313_mod_4
Q39189,3384,false,2,2,remaining_order_3314_mod_4
Q39BW2,3385,false,3,3,remaining_order_3315_mod_4
Q39IW1,3386,false,0,0,remaining_order_3316_mod_4
Q39L06,3387,false,1,1,remaining_order_3317_mod_4
Q39QQ2,3388,false,2,2,remaining_order_3318_mod_4
Q39RJ9,3389,false,3,3,remaining_order_3319_mod_4
Q3A2K1,3390,false,0,0,remaining_order_3320_mod_4
Q3A826,3391,false,1,1,remaining_order_3321_mod_4
Q3A9J4,3392,false,2,2,remaining_order_3322_mod_4
Q3A9J5,3393,false,3,3,remaining_order_3323_mod_4
Q3AAF7,3394,false,0,0,remaining_order_3324_mod_4
Q3AD37,3395,false,1,1,remaining_order_3325_mod_4
Q3AMW9,3396,false,2,2,remaining_order_3326_mod_4
Q3ASW8,3397,false,3,3,remaining_order_3327_mod_4
Q3AVR2,3398,false,0,0,remaining_order_3328_mod_4
Q3AVR3,3399,false,1,1,remaining_order_3329_mod_4
Q3AW42,3400,false,2,2,remaining_order_3330_mod_4
Q3B7N1,3401,false,3,3,remaining_order_3331_mod_4
Q3BX12,3402,false,0,0,remaining_order_3332_mod_4
Q3E840,3403,false,1,1,remaining_order_3333_mod_4
Q3I5F7,3404,false,2,2,remaining_order_3334_mod_4
Q3IPI5,3405,false,3,3,remaining_order_3335_mod_4
Q3ISB3,3406,false,0,0,remaining_order_3336_mod_4
Q3IU57,3407,false,1,1,remaining_order_3337_mod_4
Q3J151,3408,false,2,2,remaining_order_3338_mod_4
Q3J460,3409,false,3,3,remaining_order_3339_mod_4
Q3J6P9,3410,false,0,0,remaining_order_3340_mod_4
Q3J768,3411,false,1,1,remaining_order_3341_mod_4
Q3J7V8,3412,false,2,2,remaining_order_3342_mod_4
Q3JPJ8,3413,false,3,3,remaining_order_3343_mod_4
Q3JXC2,3414,false,0,0,remaining_order_3344_mod_4
Q3JXT0,3415,false,1,1,remaining_order_3345_mod_4
Q3KA54,3416,false,2,2,remaining_order_3346_mod_4
Q3KA63,3417,false,3,3,remaining_order_3347_mod_4
Q3KI26,3418,false,0,0,remaining_order_3348_mod_4
Q3KIS8,3419,false,1,1,remaining_order_3349_mod_4
Q3KSQ2,3420,false,2,2,remaining_order_3350_mod_4
Q3KST7,3421,false,3,3,remaining_order_3351_mod_4
Q3KSU5,3422,false,0,0,remaining_order_3352_mod_4
Q3L6L5,3423,false,1,1,remaining_order_3353_mod_4
Q3M709,3424,false,2,2,remaining_order_3354_mod_4
Q3MA60,3425,false,3,3,remaining_order_3355_mod_4
Q3MHL7,3426,false,0,0,remaining_order_3356_mod_4
Q3MHL9,3427,false,1,1,remaining_order_3357_mod_4
Q3MHZ7,3428,false,2,2,remaining_order_3358_mod_4
Q3SKG9,3429,false,3,3,remaining_order_3359_mod_4
Q3SR29,3430,false,0,0,remaining_order_3360_mod_4
Q3SWX2,3431,false,1,1,remaining_order_3361_mod_4
Q3SZ07,3432,false,2,2,remaining_order_3362_mod_4
Q3T084,3433,false,3,3,remaining_order_3363_mod_4
Q3TC72,3434,false,0,0,remaining_order_3364_mod_4
Q3TX08,3435,false,1,1,remaining_order_3365_mod_4
Q3UM18,3436,false,2,2,remaining_order_3366_mod_4
Q3UUQ7,3437,false,3,3,remaining_order_3367_mod_4
Q3UVC0,3438,false,0,0,remaining_order_3368_mod_4
Q3Y316,3439,false,1,1,remaining_order_3369_mod_4
Q3YPH4,3440,false,2,2,remaining_order_3370_mod_4
Q3YV04,3441,false,3,3,remaining_order_3371_mod_4
Q3Z6V4,3442,false,0,0,remaining_order_3372_mod_4
Q3ZK57,3443,false,1,1,remaining_order_3373_mod_4
Q3ZYM6,3444,false,2,2,remaining_order_3374_mod_4
Q41219,3445,false,3,3,remaining_order_3375_mod_4
Q42963,3446,false,0,0,remaining_order_3376_mod_4
Q44022,3447,false,1,1,remaining_order_3377_mod_4
Q44558,3448,false,2,2,remaining_order_3378_mod_4
Q45399,3449,false,3,3,remaining_order_3379_mod_4
Q45UF7,3450,false,0,0,remaining_order_3380_mod_4
Q46464,3451,false,1,1,remaining_order_3381_mod_4
Q465Z7,3452,false,2,2,remaining_order_3382_mod_4
Q46851,3453,false,3,3,remaining_order_3383_mod_4
Q46871,3454,false,0,0,remaining_order_3384_mod_4
Q46CH5,3455,false,1,1,remaining_order_3385_mod_4
Q46CH6,3456,false,2,2,remaining_order_3386_mod_4
Q46E72,3457,false,3,3,remaining_order_3387_mod_4
Q46GT1,3458,false,0,0,remaining_order_3388_mod_4
Q46HD8,3459,false,1,1,remaining_order_3389_mod_4
Q46IY4,3460,false,2,2,remaining_order_3390_mod_4
Q46IY5,3461,false,3,3,remaining_order_3391_mod_4
Q46VT8,3462,false,0,0,remaining_order_3392_mod_4
Q473R2,3463,false,1,1,remaining_order_3393_mod_4
Q47595,3464,false,2,2,remaining_order_3394_mod_4
Q47720,3465,false,3,3,remaining_order_3395_mod_4
Q47JV5,3466,false,0,0,remaining_order_3396_mod_4
Q47SC4,3467,false,1,1,remaining_order_3397_mod_4
Q482P4,3468,false,2,2,remaining_order_3398_mod_4
Q48433,3469,false,3,3,remaining_order_3399_mod_4
Q48DE7,3470,false,0,0,remaining_order_3400_mod_4
Q48E93,3471,false,1,1,remaining_order_3401_mod_4
Q48H54,3472,false,2,2,remaining_order_3402_mod_4
Q492E7,3473,false,3,3,remaining_order_3403_mod_4
Q492E8,3474,false,0,0,remaining_order_3404_mod_4
Q499T2,3475,false,1,1,remaining_order_3405_mod_4
Q49W60,3476,false,2,2,remaining_order_3406_mod_4
Q49YM6,3477,false,3,3,remaining_order_3407_mod_4
Q49ZB8,3478,false,0,0,remaining_order_3408_mod_4
Q4A0J3,3479,false,1,1,remaining_order_3409_mod_4
Q4A0J4,3480,false,2,2,remaining_order_3410_mod_4
Q4AEG9,3481,false,3,3,remaining_order_3411_mod_4
Q4AEH0,3482,false,0,0,remaining_order_3412_mod_4
Q4AEH1,3483,false,1,1,remaining_order_3413_mod_4
Q4AEH2,3484,false,2,2,remaining_order_3414_mod_4
Q4AEH3,3485,false,3,3,remaining_order_3415_mod_4
Q4AEH4,3486,false,0,0,remaining_order_3416_mod_4
Q4AEH5,3487,false,1,1,remaining_order_3417_mod_4
Q4AEH7,3488,false,2,2,remaining_order_3418_mod_4
Q4AEH8,3489,false,3,3,remaining_order_3419_mod_4
Q4AEH9,3490,false,0,0,remaining_order_3420_mod_4
Q4AEI0,3491,false,1,1,remaining_order_3421_mod_4
Q4AEI1,3492,false,2,2,remaining_order_3422_mod_4
Q4AEI2,3493,false,3,3,remaining_order_3423_mod_4
Q4AEI3,3494,false,0,0,remaining_order_3424_mod_4
Q4E4I4,3495,false,1,1,remaining_order_3425_mod_4
Q4F8H9,3496,false,2,2,remaining_order_3426_mod_4
Q4F8I0,3497,false,3,3,remaining_order_3427_mod_4
Q4FKP8,3498,false,0,0,remaining_order_3428_mod_4
Q4FLQ6,3499,false,1,1,remaining_order_3429_mod_4
Q4FVF3,3500,false,2,2,remaining_order_3430_mod_4
Q4FZU1,3501,false,3,3,remaining_order_3431_mod_4
Q4H4E3,3502,false,0,0,remaining_order_3432_mod_4
Q4HW67,3503,false,1,1,remaining_order_3433_mod_4
Q4I830,3504,false,2,2,remaining_order_3434_mod_4
Q4I9U7,3505,false,3,3,remaining_order_3435_mod_4
Q4J6J6,3506,false,0,0,remaining_order_3436_mod_4
Q4J8L6,3507,false,1,1,remaining_order_3437_mod_4
Q4J8R1,3508,false,2,2,remaining_order_3438_mod_4
Q4J8R2,3509,false,3,3,remaining_order_3439_mod_4
Q4J966,3510,false,0,0,remaining_order_3440_mod_4
Q4JAB7,3511,false,1,1,remaining_order_3441_mod_4
Q4JQV6,3512,false,2,2,remaining_order_3442_mod_4
Q4JQV7,3513,false,3,3,remaining_order_3443_mod_4
Q4JQW2,3514,false,0,0,remaining_order_3444_mod_4
Q4JQW7,3515,false,1,1,remaining_order_3445_mod_4
Q4KG97,3516,false,2,2,remaining_order_3446_mod_4
Q4KIA7,3517,false,3,3,remaining_order_3447_mod_4
Q4KJ06,3518,false,0,0,remaining_order_3448_mod_4
Q4KJ09,3519,false,1,1,remaining_order_3449_mod_4
Q4KRV1,3520,false,2,2,remaining_order_3450_mod_4
Q4L4T4,3521,false,3,3,remaining_order_3451_mod_4
Q4L7L5,3522,false,0,0,remaining_order_3452_mod_4
Q4P8G2,3523,false,1,1,remaining_order_3453_mod_4
Q4PF70,3524,false,2,2,remaining_order_3454_mod_4
Q4PJW3,3525,false,3,3,remaining_order_3455_mod_4
Q4Q1M7,3526,false,0,0,remaining_order_3456_mod_4
Q4QN07,3527,false,1,1,remaining_order_3457_mod_4
Q4QNZ0,3528,false,2,2,remaining_order_3458_mod_4
Q4R3E0,3529,false,3,3,remaining_order_3459_mod_4
Q4R520,3530,false,0,0,remaining_order_3460_mod_4
Q4R579,3531,false,1,1,remaining_order_3461_mod_4
Q4R8S6,3532,false,2,2,remaining_order_3462_mod_4
Q4URB1,3533,false,3,3,remaining_order_3463_mod_4
Q4V7Z0,3534,false,0,0,remaining_order_3464_mod_4
Q4V835,3535,false,1,1,remaining_order_3465_mod_4
Q4V8K1,3536,false,2,2,remaining_order_3466_mod_4
Q4W8C9,3537,false,3,3,remaining_order_3467_mod_4
Q4WNT5,3538,false,0,0,remaining_order_3468_mod_4
Q4WPU8,3539,false,1,1,remaining_order_3469_mod_4
Q4WQY9,3540,false,2,2,remaining_order_3470_mod_4
Q4WXF4,3541,false,3,3,remaining_order_3471_mod_4
Q4WZV3,3542,false,0,0,remaining_order_3472_mod_4
Q4X158,3543,false,1,1,remaining_order_3473_mod_4
Q4X2S8,3544,false,2,2,remaining_order_3474_mod_4
Q4YUZ9,3545,false,3,3,remaining_order_3475_mod_4
Q4ZN07,3546,false,0,0,remaining_order_3476_mod_4
Q4ZN10,3547,false,1,1,remaining_order_3477_mod_4
Q4ZNS8,3548,false,2,2,remaining_order_3478_mod_4
Q4ZRI4,3549,false,3,3,remaining_order_3479_mod_4
Q4ZUH3,3550,false,0,0,remaining_order_3480_mod_4
Q501J6,3551,false,1,1,remaining_order_3481_mod_4
Q50225,3552,false,2,2,remaining_order_3482_mod_4
Q50248,3553,false,3,3,remaining_order_3483_mod_4
Q50249,3554,false,0,0,remaining_order_3484_mod_4
Q503Y4,3555,false,1,1,remaining_order_3485_mod_4
Q504M8,3556,false,2,2,remaining_order_3486_mod_4
Q505B7,3557,false,3,3,remaining_order_3487_mod_4
Q50773,3558,false,0,0,remaining_order_3488_mod_4
Q50774,3559,false,1,1,remaining_order_3489_mod_4
Q50974,3560,false,2,2,remaining_order_3490_mod_4
Q51703,3561,false,3,3,remaining_order_3491_mod_4
Q51892,3562,false,0,0,remaining_order_3492_mod_4
Q52522,3563,false,1,1,remaining_order_3493_mod_4
Q52523,3564,false,2,2,remaining_order_3494_mod_4
Q52524,3565,false,3,3,remaining_order_3495_mod_4
Q52525,3566,false,0,0,remaining_order_3496_mod_4
Q52984,3567,false,1,1,remaining_order_3497_mod_4
Q52KJ8,3568,false,2,2,remaining_order_3498_mod_4
Q53F39,3569,false,3,3,remaining_order_3499_mod_4
Q54GY8,3570,false,0,0,remaining_order_3500_mod_4
Q54NK8,3571,false,1,1,remaining_order_3501_mod_4
Q54PU2,3572,false,2,2,remaining_order_3502_mod_4
Q54RY8,3573,false,3,3,remaining_order_3503_mod_4
Q54TE7,3574,false,0,0,remaining_order_3504_mod_4
Q55053,3575,false,1,1,remaining_order_3505_mod_4
Q55054,3576,false,2,2,remaining_order_3506_mod_4
Q55842,3577,false,3,3,remaining_order_3507_mod_4
Q566S6,3578,false,0,0,remaining_order_3508_mod_4
Q566V0,3579,false,1,1,remaining_order_3509_mod_4
Q566Y9,3580,false,2,2,remaining_order_3510_mod_4
Q56724,3581,false,3,3,remaining_order_3511_mod_4
Q56775,3582,false,0,0,remaining_order_3512_mod_4
Q56855,3583,false,1,1,remaining_order_3513_mod_4
Q57111,3584,false,2,2,remaining_order_3514_mod_4
Q57490,3585,false,3,3,remaining_order_3515_mod_4
Q57596,3586,false,0,0,remaining_order_3516_mod_4
Q575S9,3587,false,1,1,remaining_order_3517_mod_4
Q57742,3588,false,2,2,remaining_order_3518_mod_4
Q57952,3589,false,3,3,remaining_order_3519_mod_4
Q57CF0,3590,false,0,0,remaining_order_3520_mod_4
Q57GJ8,3591,false,1,1,remaining_order_3521_mod_4
Q57XN4,3592,false,2,2,remaining_order_3522_mod_4
Q57YS8,3593,false,3,3,remaining_order_3523_mod_4
Q58262,3594,false,0,0,remaining_order_3524_mod_4
Q58263,3595,false,1,1,remaining_order_3525_mod_4
Q582T2,3596,false,2,2,remaining_order_3526_mod_4
Q583R7,3597,false,3,3,remaining_order_3527_mod_4
Q584I8,3598,false,0,0,remaining_order_3528_mod_4
Q58612,3599,false,1,1,remaining_order_3529_mod_4
Q58617,3600,false,2,2,remaining_order_3530_mod_4
Q58667,3601,false,3,3,remaining_order_3531_mod_4
Q58905,3602,false,0,0,remaining_order_3532_mod_4
Q58DD9,3603,false,1,1,remaining_order_3533_mod_4
Q58DK4,3604,false,2,2,remaining_order_3534_mod_4
Q58DL1,3605,false,3,3,remaining_order_3535_mod_4
Q58MU6,3606,false,0,0,remaining_order_3536_mod_4
Q58Y44,3607,false,1,1,remaining_order_3537_mod_4
Q59584,3608,false,2,2,remaining_order_3538_mod_4
Q59680,3609,false,3,3,remaining_order_3539_mod_4
Q59X39,3610,false,0,0,remaining_order_3540_mod_4
Q5A0W6,3611,false,1,1,remaining_order_3541_mod_4
Q5AV79,3612,false,2,2,remaining_order_3542_mod_4
Q5BJ53,3613,false,3,3,remaining_order_3543_mod_4
Q5BJT6,3614,false,0,0,remaining_order_3544_mod_4
Q5D8X4,3615,false,1,1,remaining_order_3545_mod_4
Q5EB73,3616,false,2,2,remaining_order_3546_mod_4
Q5EB77,3617,false,3,3,remaining_order_3547_mod_4
Q5F3W5,3618,false,0,0,remaining_order_3548_mod_4
Q5F5B4,3619,false,1,1,remaining_order_3549_mod_4
Q5F641,3620,false,2,2,remaining_order_3550_mod_4
Q5F6L9,3621,false,3,3,remaining_order_3551_mod_4
Q5F746,3622,false,0,0,remaining_order_3552_mod_4
Q5F783,3623,false,1,1,remaining_order_3553_mod_4
Q5F8D4,3624,false,2,2,remaining_order_3554_mod_4
Q5F8F6,3625,false,3,3,remaining_order_3555_mod_4
Q5F8U7,3626,false,0,0,remaining_order_3556_mod_4
Q5F9J5,3627,false,1,1,remaining_order_3557_mod_4
Q5F9U0,3628,false,2,2,remaining_order_3558_mod_4
Q5FA52,3629,false,3,3,remaining_order_3559_mod_4
Q5FB24,3630,false,0,0,remaining_order_3560_mod_4
Q5FND2,3631,false,1,1,remaining_order_3561_mod_4
Q5FUG4,3632,false,2,2,remaining_order_3562_mod_4
Q5GWQ4,3633,false,3,3,remaining_order_3563_mod_4
Q5HDS0,3634,false,0,0,remaining_order_3564_mod_4
Q5HEM1,3635,false,1,1,remaining_order_3565_mod_4
Q5HEU3,3636,false,2,2,remaining_order_3566_mod_4
Q5HGU8,3637,false,3,3,remaining_order_3567_mod_4
Q5HHG4,3638,false,0,0,remaining_order_3568_mod_4
Q5HJK5,3639,false,1,1,remaining_order_3569_mod_4
Q5HLW3,3640,false,2,2,remaining_order_3570_mod_4
Q5HM56,3641,false,3,3,remaining_order_3571_mod_4
Q5HN33,3642,false,0,0,remaining_order_3572_mod_4
Q5HNA5,3643,false,1,1,remaining_order_3573_mod_4
Q5HSS7,3644,false,2,2,remaining_order_3574_mod_4
Q5HW69,3645,false,3,3,remaining_order_3575_mod_4
Q5I128,3646,false,0,0,remaining_order_3576_mod_4
Q5I137,3647,false,1,1,remaining_order_3577_mod_4
Q5I139,3648,false,2,2,remaining_order_3578_mod_4
Q5I143,3649,false,3,3,remaining_order_3579_mod_4
Q5I145,3650,false,0,0,remaining_order_3580_mod_4
Q5I146,3651,false,1,1,remaining_order_3581_mod_4
Q5I3B1,3652,false,2,2,remaining_order_3582_mod_4
Q5I3B2,3653,false,3,3,remaining_order_3583_mod_4
Q5IS82,3654,false,0,0,remaining_order_3584_mod_4
Q5IZM4,3655,false,1,1,remaining_order_3585_mod_4
Q5J1R4,3656,false,2,2,remaining_order_3586_mod_4
Q5JE27,3657,false,3,3,remaining_order_3587_mod_4
Q5K8L4,3658,false,0,0,remaining_order_3588_mod_4
Q5KPU2,3659,false,1,1,remaining_order_3589_mod_4
Q5KTJ7,3660,false,2,2,remaining_order_3590_mod_4
Q5KYL9,3661,false,3,3,remaining_order_3591_mod_4
Q5L283,3662,false,0,0,remaining_order_3592_mod_4
Q5LM31,3663,false,1,1,remaining_order_3593_mod_4
Q5LP79,3664,false,2,2,remaining_order_3594_mod_4
Q5LSQ3,3665,false,3,3,remaining_order_3595_mod_4
Q5M1G7,3666,false,0,0,remaining_order_3596_mod_4
Q5M608,3667,false,1,1,remaining_order_3597_mod_4
Q5M609,3668,false,2,2,remaining_order_3598_mod_4
Q5M8V2,3669,false,3,3,remaining_order_3599_mod_4
Q5MQD1,3670,false,0,0,remaining_order_3600_mod_4
Q5NV96,3671,false,1,1,remaining_order_3601_mod_4
Q5NVA2,3672,false,2,2,remaining_order_3602_mod_4
Q5PGB8,3673,false,3,3,remaining_order_3603_mod_4
Q5PJT2,3674,false,0,0,remaining_order_3604_mod_4
Q5PKI8,3675,false,1,1,remaining_order_3605_mod_4
Q5PU49,3676,false,2,2,remaining_order_3606_mod_4
Q5QQ46,3677,false,3,3,remaining_order_3607_mod_4
Q5R4W9,3678,false,0,0,remaining_order_3608_mod_4
Q5R5H5,3679,false,1,1,remaining_order_3609_mod_4
Q5R637,3680,false,2,2,remaining_order_3610_mod_4
Q5R6F7,3681,false,3,3,remaining_order_3611_mod_4
Q5R6L8,3682,false,0,0,remaining_order_3612_mod_4
Q5R7K1,3683,false,1,1,remaining_order_3613_mod_4
Q5R7L8,3684,false,2,2,remaining_order_3614_mod_4
Q5R7S7,3685,false,3,3,remaining_order_3615_mod_4
Q5R868,3686,false,0,0,remaining_order_3616_mod_4
Q5R869,3687,false,1,1,remaining_order_3617_mod_4
Q5R8L6,3688,false,2,2,remaining_order_3618_mod_4
Q5R9Z7,3689,false,3,3,remaining_order_3619_mod_4
Q5RA61,3690,false,0,0,remaining_order_3620_mod_4
Q5RCD2,3691,false,1,1,remaining_order_3621_mod_4
Q5RCH4,3692,false,2,2,remaining_order_3622_mod_4
Q5RDW0,3693,false,3,3,remaining_order_3623_mod_4
Q5RE72,3694,false,0,0,remaining_order_3624_mod_4
Q5REC9,3695,false,1,1,remaining_order_3625_mod_4
Q5RET5,3696,false,2,2,remaining_order_3626_mod_4
Q5RFG3,3697,false,3,3,remaining_order_3627_mod_4
Q5RJY4,3698,false,0,0,remaining_order_3628_mod_4
Q5SHN6,3699,false,1,1,remaining_order_3629_mod_4
Q5U2Q3,3700,false,2,2,remaining_order_3630_mod_4
Q5U2V4,3701,false,3,3,remaining_order_3631_mod_4
Q5U3K5,3702,false,0,0,remaining_order_3632_mod_4
Q5U921,3703,false,1,1,remaining_order_3633_mod_4
Q5U922,3704,false,2,2,remaining_order_3634_mod_4
Q5UNT1,3705,false,3,3,remaining_order_3635_mod_4
Q5UNT4,3706,false,0,0,remaining_order_3636_mod_4
Q5UNT7,3707,false,1,1,remaining_order_3637_mod_4
Q5UNU9,3708,false,2,2,remaining_order_3638_mod_4
Q5UNV4,3709,false,3,3,remaining_order_3639_mod_4
Q5UP25,3710,false,0,0,remaining_order_3640_mod_4
Q5UP36,3711,false,1,1,remaining_order_3641_mod_4
Q5UP54,3712,false,2,2,remaining_order_3642_mod_4
Q5UP57,3713,false,3,3,remaining_order_3643_mod_4
Q5UPJ7,3714,false,0,0,remaining_order_3644_mod_4
Q5UPU3,3715,false,1,1,remaining_order_3645_mod_4
Q5UPX0,3716,false,2,2,remaining_order_3646_mod_4
Q5UPZ2,3717,false,3,3,remaining_order_3647_mod_4
Q5UPZ9,3718,false,0,0,remaining_order_3648_mod_4
Q5UQ00,3719,false,1,1,remaining_order_3649_mod_4
Q5UQ24,3720,false,2,2,remaining_order_3650_mod_4
Q5UQ46,3721,false,3,3,remaining_order_3651_mod_4
Q5UQ59,3722,false,0,0,remaining_order_3652_mod_4
Q5UQ70,3723,false,1,1,remaining_order_3653_mod_4
Q5UQ78,3724,false,2,2,remaining_order_3654_mod_4
Q5UQ96,3725,false,3,3,remaining_order_3655_mod_4
Q5UQ98,3726,false,0,0,remaining_order_3656_mod_4
Q5UQC1,3727,false,1,1,remaining_order_3657_mod_4
Q5UQC3,3728,false,2,2,remaining_order_3658_mod_4
Q5UQD1,3729,false,3,3,remaining_order_3659_mod_4
Q5UQD2,3730,false,0,0,remaining_order_3660_mod_4
Q5UQE1,3731,false,1,1,remaining_order_3661_mod_4
Q5UQG3,3732,false,2,2,remaining_order_3662_mod_4
Q5UQI4,3733,false,3,3,remaining_order_3663_mod_4
Q5UQJ6,3734,false,0,0,remaining_order_3664_mod_4
Q5UQL3,3735,false,1,1,remaining_order_3665_mod_4
Q5UQU2,3736,false,2,2,remaining_order_3666_mod_4
Q5UQV6,3737,false,3,3,remaining_order_3667_mod_4
Q5UR02,3738,false,0,0,remaining_order_3668_mod_4
Q5UR12,3739,false,1,1,remaining_order_3669_mod_4
Q5UR22,3740,false,2,2,remaining_order_3670_mod_4
Q5UR44,3741,false,3,3,remaining_order_3671_mod_4
Q5UR49,3742,false,0,0,remaining_order_3672_mod_4
Q5UR64,3743,false,1,1,remaining_order_3673_mod_4
Q5UR67,3744,false,2,2,remaining_order_3674_mod_4
Q5UR74,3745,false,3,3,remaining_order_3675_mod_4
Q5UR82,3746,false,0,0,remaining_order_3676_mod_4
Q5V1D3,3747,false,1,1,remaining_order_3677_mod_4
Q5V1I9,3748,false,2,2,remaining_order_3678_mod_4
Q5V2Y4,3749,false,3,3,remaining_order_3679_mod_4
Q5VRM7,3750,false,0,0,remaining_order_3680_mod_4
Q5WHT1,3751,false,1,1,remaining_order_3681_mod_4
Q5X9M0,3752,false,2,2,remaining_order_3682_mod_4
Q5XJN2,3753,false,3,3,remaining_order_3683_mod_4
Q5YD76,3754,false,0,0,remaining_order_3684_mod_4
Q5YQC8,3755,false,1,1,remaining_order_3685_mod_4
Q5YU18,3756,false,2,2,remaining_order_3686_mod_4
Q5YWR9,3757,false,3,3,remaining_order_3687_mod_4
Q5YWS0,3758,false,0,0,remaining_order_3688_mod_4
Q5ZJ54,3759,false,1,1,remaining_order_3689_mod_4
Q5ZJD3,3760,false,2,2,remaining_order_3690_mod_4
Q5ZJD8,3761,false,3,3,remaining_order_3691_mod_4
Q5ZJN8,3762,false,0,0,remaining_order_3692_mod_4
Q5ZLG1,3763,false,1,1,remaining_order_3693_mod_4
Q5ZLR5,3764,false,2,2,remaining_order_3694_mod_4
Q60270,3765,false,3,3,remaining_order_3695_mod_4
Q60CK7,3766,false,0,0,remaining_order_3696_mod_4
Q61153,3767,false,1,1,remaining_order_3697_mod_4
Q61285,3768,false,2,2,remaining_order_3698_mod_4
Q61390,3769,false,3,3,remaining_order_3699_mod_4
Q61656,3770,false,0,0,remaining_order_3700_mod_4
Q62167,3771,false,1,1,remaining_order_3701_mod_4
Q62312,3772,false,2,2,remaining_order_3702_mod_4
Q62HS1,3773,false,3,3,remaining_order_3703_mod_4
Q62MR5,3774,false,0,0,remaining_order_3704_mod_4
Q63060,3775,false,1,1,remaining_order_3705_mod_4
Q631E1,3776,false,2,2,remaining_order_3706_mod_4
Q633L5,3777,false,3,3,remaining_order_3707_mod_4
Q63686,3778,false,0,0,remaining_order_3708_mod_4
Q63941,3779,false,1,1,remaining_order_3709_mod_4
Q63EK7,3780,false,2,2,remaining_order_3710_mod_4
Q63ES4,3781,false,3,3,remaining_order_3711_mod_4
Q63PF1,3782,false,0,0,remaining_order_3712_mod_4
Q64395,3783,false,1,1,remaining_order_3713_mod_4
Q64654,3784,false,2,2,remaining_order_3714_mod_4
Q65163,3785,false,3,3,remaining_order_3715_mod_4
Q65164,3786,false,0,0,remaining_order_3716_mod_4
Q65191,3787,false,1,1,remaining_order_3717_mod_4
Q65199,3788,false,2,2,remaining_order_3718_mod_4
Q65216,3789,false,3,3,remaining_order_3719_mod_4
Q65243,3790,false,0,0,remaining_order_3720_mod_4
Q65526,3791,false,1,1,remaining_order_3721_mod_4
Q65WL3,3792,false,2,2,remaining_order_3722_mod_4
Q66165,3793,false,3,3,remaining_order_3723_mod_4
Q664R7,3794,false,0,0,remaining_order_3724_mod_4
Q66624,3795,false,1,1,remaining_order_3725_mod_4
Q66662,3796,false,2,2,remaining_order_3726_mod_4
Q66663,3797,false,3,3,remaining_order_3727_mod_4
Q66862,3798,false,0,0,remaining_order_3728_mod_4
Q669A9,3799,false,1,1,remaining_order_3729_mod_4
Q66HD0,3800,false,2,2,remaining_order_3730_mod_4
Q66I14,3801,false,3,3,remaining_order_3731_mod_4
Q66J01,3802,false,0,0,remaining_order_3732_mod_4
Q66KF6,3803,false,1,1,remaining_order_3733_mod_4
Q67387,3804,false,2,2,remaining_order_3734_mod_4
Q67472,3805,false,3,3,remaining_order_3735_mod_4
Q67477,3806,false,0,0,remaining_order_3736_mod_4
Q67FW5,3807,false,1,1,remaining_order_3737_mod_4
Q67KE6,3808,false,2,2,remaining_order_3738_mod_4
Q67KE7,3809,false,3,3,remaining_order_3739_mod_4
Q67KJ1,3810,false,0,0,remaining_order_3740_mod_4
Q67MJ3,3811,false,1,1,remaining_order_3741_mod_4
Q67T48,3812,false,2,2,remaining_order_3742_mod_4
Q68101,3813,false,3,3,remaining_order_3743_mod_4
Q687X5,3814,false,0,0,remaining_order_3744_mod_4
Q68EV0,3815,false,1,1,remaining_order_3745_mod_4
Q69151,3816,false,2,2,remaining_order_3746_mod_4
Q694C5,3817,false,3,3,remaining_order_3747_mod_4
Q69BJ7,3818,false,0,0,remaining_order_3748_mod_4
Q69BJ8,3819,false,1,1,remaining_order_3749_mod_4
Q69BJ9,3820,false,2,2,remaining_order_3750_mod_4
Q69BK1,3821,false,3,3,remaining_order_3751_mod_4
Q69BK5,3822,false,0,0,remaining_order_3752_mod_4
Q69BK6,3823,false,1,1,remaining_order_3753_mod_4
Q69ZP3,3824,false,2,2,remaining_order_3754_mod_4
Q6A2H0,3825,false,3,3,remaining_order_3755_mod_4
Q6A2H2,3826,false,0,0,remaining_order_3756_mod_4
Q6AF75,3827,false,1,1,remaining_order_3757_mod_4
Q6AFK6,3828,false,2,2,remaining_order_3758_mod_4
Q6AHF2,3829,false,3,3,remaining_order_3759_mod_4
Q6AL81,3830,false,0,0,remaining_order_3760_mod_4
Q6AQK0,3831,false,1,1,remaining_order_3761_mod_4
Q6AXT5,3832,false,2,2,remaining_order_3762_mod_4
Q6BI59,3833,false,3,3,remaining_order_3763_mod_4
Q6BTW5,3834,false,0,0,remaining_order_3764_mod_4
Q6C0G3,3835,false,1,1,remaining_order_3765_mod_4
Q6CBB5,3836,false,2,2,remaining_order_3766_mod_4
Q6CMG4,3837,false,3,3,remaining_order_3767_mod_4
Q6CQA6,3838,false,0,0,remaining_order_3768_mod_4
Q6CQQ2,3839,false,1,1,remaining_order_3769_mod_4
Q6CZW6,3840,false,2,2,remaining_order_3770_mod_4
Q6DDS9,3841,false,3,3,remaining_order_3771_mod_4
Q6DHC1,3842,false,0,0,remaining_order_3772_mod_4
Q6DN07,3843,false,1,1,remaining_order_3773_mod_4
Q6DW76,3844,false,2,2,remaining_order_3774_mod_4
Q6EE31,3845,false,3,3,remaining_order_3775_mod_4
Q6FD84,3846,false,0,0,remaining_order_3776_mod_4
Q6FD85,3847,false,1,1,remaining_order_3777_mod_4
Q6FXS6,3848,false,2,2,remaining_order_3778_mod_4
Q6FYW0,3849,false,3,3,remaining_order_3779_mod_4
Q6FYW7,3850,false,0,0,remaining_order_3780_mod_4
Q6FZS8,3851,false,1,1,remaining_order_3781_mod_4
Q6G2A8,3852,false,2,2,remaining_order_3782_mod_4
Q6G3F0,3853,false,3,3,remaining_order_3783_mod_4
Q6G734,3854,false,0,0,remaining_order_3784_mod_4
Q6G832,3855,false,1,1,remaining_order_3785_mod_4
Q6G8A3,3856,false,2,2,remaining_order_3786_mod_4
Q6GA79,3857,false,3,3,remaining_order_3787_mod_4
Q6GB05,3858,false,0,0,remaining_order_3788_mod_4
Q6GCW1,3859,false,1,1,remaining_order_3789_mod_4
Q6GEE6,3860,false,2,2,remaining_order_3790_mod_4
Q6GFM4,3861,false,3,3,remaining_order_3791_mod_4
Q6GHV0,3862,false,0,0,remaining_order_3792_mod_4
Q6GI26,3863,false,1,1,remaining_order_3793_mod_4
Q6GIG7,3864,false,2,2,remaining_order_3794_mod_4
Q6GKE0,3865,false,3,3,remaining_order_3795_mod_4
Q6GNY7,3866,false,0,0,remaining_order_3796_mod_4
Q6GQP4,3867,false,1,1,remaining_order_3797_mod_4
Q6GZN7,3868,false,2,2,remaining_order_3798_mod_4
Q6GZQ8,3869,false,3,3,remaining_order_3799_mod_4
Q6GZR2,3870,false,0,0,remaining_order_3800_mod_4
Q6GZT8,3871,false,1,1,remaining_order_3801_mod_4
Q6GZV6,3872,false,2,2,remaining_order_3802_mod_4
Q6HM28,3873,false,3,3,remaining_order_3803_mod_4
Q6HM97,3874,false,0,0,remaining_order_3804_mod_4
Q6IV82,3875,false,1,1,remaining_order_3805_mod_4
Q6IV83,3876,false,2,2,remaining_order_3806_mod_4
Q6IV84,3877,false,3,3,remaining_order_3807_mod_4
Q6J362,3878,false,0,0,remaining_order_3808_mod_4
Q6KI66,3879,false,1,1,remaining_order_3809_mod_4
Q6L0M1,3880,false,2,2,remaining_order_3810_mod_4
Q6LH19,3881,false,3,3,remaining_order_3811_mod_4
Q6LH20,3882,false,0,0,remaining_order_3812_mod_4
Q6LWL2,3883,false,1,1,remaining_order_3813_mod_4
Q6LWL8,3884,false,2,2,remaining_order_3814_mod_4
Q6LWX1,3885,false,3,3,remaining_order_3815_mod_4
Q6LWY8,3886,false,0,0,remaining_order_3816_mod_4
Q6LX38,3887,false,1,1,remaining_order_3817_mod_4
Q6LX55,3888,false,2,2,remaining_order_3818_mod_4
Q6LXX7,3889,false,3,3,remaining_order_3819_mod_4
Q6M083,3890,false,0,0,remaining_order_3820_mod_4
Q6N1Y8,3891,false,1,1,remaining_order_3821_mod_4
Q6N3N0,3892,false,2,2,remaining_order_3822_mod_4
Q6N571,3893,false,3,3,remaining_order_3823_mod_4
Q6NH66,3894,false,0,0,remaining_order_3824_mod_4
Q6NRE8,3895,false,1,1,remaining_order_3825_mod_4
Q6NY89,3896,false,2,2,remaining_order_3826_mod_4
Q6P1Y8,3897,false,3,3,remaining_order_3827_mod_4
Q6P4A8,3898,false,0,0,remaining_order_3828_mod_4
Q6P587,3899,false,1,1,remaining_order_3829_mod_4
Q6PBD1,3900,false,2,2,remaining_order_3830_mod_4
Q6PBI4,3901,false,3,3,remaining_order_3831_mod_4
Q6PCJ9,3902,false,0,0,remaining_order_3832_mod_4
Q6PFE3,3903,false,1,1,remaining_order_3833_mod_4
Q6PHY8,3904,false,2,2,remaining_order_3834_mod_4
Q6PUR6,3905,false,3,3,remaining_order_3835_mod_4
Q6QGJ4,3906,false,0,0,remaining_order_3836_mod_4
Q6QGJ5,3907,false,1,1,remaining_order_3837_mod_4
Q6QGP4,3908,false,2,2,remaining_order_3838_mod_4
Q6QN11,3909,false,3,3,remaining_order_3839_mod_4
Q6QN12,3910,false,0,0,remaining_order_3840_mod_4
Q6QN13,3911,false,1,1,remaining_order_3841_mod_4
Q6R518,3912,false,2,2,remaining_order_3842_mod_4
Q6R7H4,3913,false,3,3,remaining_order_3843_mod_4
Q6R7K3,3914,false,0,0,remaining_order_3844_mod_4
Q6RZD4,3915,false,1,1,remaining_order_3845_mod_4
Q6RZR1,3916,false,2,2,remaining_order_3846_mod_4
Q6SW46,3917,false,3,3,remaining_order_3847_mod_4
Q6SW70,3918,false,0,0,remaining_order_3848_mod_4
Q6T627,3919,false,1,1,remaining_order_3849_mod_4
Q6T893,3920,false,2,2,remaining_order_3850_mod_4
Q6TUZ4,3921,false,3,3,remaining_order_3851_mod_4
Q6U6H1,3922,false,0,0,remaining_order_3852_mod_4
Q6UDH7,3923,false,1,1,remaining_order_3853_mod_4
Q6UDJ1,3924,false,2,2,remaining_order_3854_mod_4
Q6UDJ2,3925,false,3,3,remaining_order_3855_mod_4
Q6UDK9,3926,false,0,0,remaining_order_3856_mod_4
Q6UDM0,3927,false,1,1,remaining_order_3857_mod_4
Q6UR53,3928,false,2,2,remaining_order_3858_mod_4
Q6UR62,3929,false,3,3,remaining_order_3859_mod_4
Q6UWV6,3930,false,0,0,remaining_order_3860_mod_4
Q6V915,3931,false,1,1,remaining_order_3861_mod_4
Q6WAT6,3932,false,2,2,remaining_order_3862_mod_4
Q6WHI1,3933,false,3,3,remaining_order_3863_mod_4
Q6WNV6,3934,false,0,0,remaining_order_3864_mod_4
Q6WNV7,3935,false,1,1,remaining_order_3865_mod_4
Q6WNV8,3936,false,2,2,remaining_order_3866_mod_4
Q6WNW3,3937,false,3,3,remaining_order_3867_mod_4
Q6WNW5,3938,false,0,0,remaining_order_3868_mod_4
Q6WVH5,3939,false,1,1,remaining_order_3869_mod_4
Q6YP73,3940,false,2,2,remaining_order_3870_mod_4
Q6ZM63,3941,false,3,3,remaining_order_3871_mod_4
Q6ZQW0,3942,false,0,0,remaining_order_3872_mod_4
Q702W0,3943,false,1,1,remaining_order_3873_mod_4
Q705F4,3944,false,2,2,remaining_order_3874_mod_4
Q705G8,3945,false,3,3,remaining_order_3875_mod_4
Q70KP1,3946,false,0,0,remaining_order_3876_mod_4
Q715L4,3947,false,1,1,remaining_order_3877_mod_4
Q71TL0,3948,false,2,2,remaining_order_3878_mod_4
Q71XF4,3949,false,3,3,remaining_order_3879_mod_4
Q725I2,3950,false,0,0,remaining_order_3880_mod_4
Q72CB8,3951,false,1,1,remaining_order_3881_mod_4
Q72CF1,3952,false,2,2,remaining_order_3882_mod_4
Q72DS5,3953,false,3,3,remaining_order_3883_mod_4
Q72EC8,3954,false,0,0,remaining_order_3884_mod_4
Q72SC4,3955,false,1,1,remaining_order_3885_mod_4
Q72XC1,3956,false,2,2,remaining_order_3886_mod_4
Q72XY4,3957,false,3,3,remaining_order_3887_mod_4
Q732F6,3958,false,0,0,remaining_order_3888_mod_4
Q732H8,3959,false,1,1,remaining_order_3889_mod_4
Q733J4,3960,false,2,2,remaining_order_3890_mod_4
Q73C08,3961,false,3,3,remaining_order_3891_mod_4
Q73C98,3962,false,0,0,remaining_order_3892_mod_4
Q73CE0,3963,false,1,1,remaining_order_3893_mod_4
Q73DE0,3964,false,2,2,remaining_order_3894_mod_4
Q73FB9,3965,false,3,3,remaining_order_3895_mod_4
Q73FJ3,3966,false,0,0,remaining_order_3896_mod_4
Q73JP8,3967,false,1,1,remaining_order_3897_mod_4
Q73LY9,3968,false,2,2,remaining_order_3898_mod_4
Q73PQ2,3969,false,3,3,remaining_order_3899_mod_4
Q740Y1,3970,false,0,0,remaining_order_3900_mod_4
Q74ES0,3971,false,1,1,remaining_order_3901_mod_4
Q74FK1,3972,false,2,2,remaining_order_3902_mod_4
Q74Z32,3973,false,3,3,remaining_order_3903_mod_4
Q750Q9,3974,false,0,0,remaining_order_3904_mod_4
Q759W0,3975,false,1,1,remaining_order_3905_mod_4
Q75JI3,3976,false,2,2,remaining_order_3906_mod_4
Q75T13,3977,false,3,3,remaining_order_3907_mod_4
Q75ZQ4,3978,false,0,0,remaining_order_3908_mod_4
Q765A7,3979,false,1,1,remaining_order_3909_mod_4
Q76RA8,3980,false,2,2,remaining_order_3910_mod_4
Q76RD8,3981,false,3,3,remaining_order_3911_mod_4
Q76RE7,3982,false,0,0,remaining_order_3912_mod_4
Q76ZT1,3983,false,1,1,remaining_order_3913_mod_4
Q775U0,3984,false,2,2,remaining_order_3914_mod_4
Q775Z7,3985,false,3,3,remaining_order_3915_mod_4
Q77MS0,3986,false,0,0,remaining_order_3916_mod_4
Q77MS1,3987,false,1,1,remaining_order_3917_mod_4
Q77TG7,3988,false,2,2,remaining_order_3918_mod_4
Q79FR5,3989,false,3,3,remaining_order_3919_mod_4
Q7A1Y8,3990,false,0,0,remaining_order_3920_mod_4
Q7A4G0,3991,false,1,1,remaining_order_3921_mod_4
Q7A649,3992,false,2,2,remaining_order_3922_mod_4
Q7A827,3993,false,3,3,remaining_order_3923_mod_4
Q7CNT2,3994,false,0,0,remaining_order_3924_mod_4
Q7D5F9,3995,false,1,1,remaining_order_3925_mod_4
Q7LZG1,3996,false,2,2,remaining_order_3926_mod_4
Q7LZG2,3997,false,3,3,remaining_order_3927_mod_4
Q7LZG3,3998,false,0,0,remaining_order_3928_mod_4
Q7LZG5,3999,false,1,1,remaining_order_3929_mod_4
Q7LZQ6,4000,false,2,2,remaining_order_3930_mod_4
Q7M485,4001,false,3,3,remaining_order_3931_mod_4
Q7MHR9,4002,false,0,0,remaining_order_3932_mod_4
Q7MSD5,4003,false,1,1,remaining_order_3933_mod_4
Q7N2J6,4004,false,2,2,remaining_order_3934_mod_4
Q7NSI9,4005,false,3,3,remaining_order_3935_mod_4
Q7S9V5,4006,false,0,0,remaining_order_3936_mod_4
Q7SC15,4007,false,1,1,remaining_order_3937_mod_4
Q7T6X3,4008,false,2,2,remaining_order_3938_mod_4
Q7T6X6,4009,false,3,3,remaining_order_3939_mod_4
Q7T6Y1,4010,false,0,0,remaining_order_3940_mod_4
Q7T6Y8,4011,false,1,1,remaining_order_3941_mod_4
Q7T6Y9,4012,false,2,2,remaining_order_3942_mod_4
Q7TPB1,4013,false,3,3,remaining_order_3943_mod_4
Q7TSN4,4014,false,0,0,remaining_order_3944_mod_4
Q7TUN4,4015,false,1,1,remaining_order_3945_mod_4
Q7TXE1,4016,false,2,2,remaining_order_3946_mod_4
Q7TYM1,4017,false,3,3,remaining_order_3947_mod_4
Q7U3I5,4018,false,0,0,remaining_order_3948_mod_4
Q7U4L7,4019,false,1,1,remaining_order_3949_mod_4
Q7U9G6,4020,false,2,2,remaining_order_3950_mod_4
Q7V3V3,4021,false,3,3,remaining_order_3951_mod_4
Q7V689,4022,false,0,0,remaining_order_3952_mod_4
Q7V9U7,4023,false,1,1,remaining_order_3953_mod_4
Q7VNA4,4024,false,2,2,remaining_order_3954_mod_4
Q7VNG0,4025,false,3,3,remaining_order_3955_mod_4
Q7VQJ9,4026,false,0,0,remaining_order_3956_mod_4
Q7VRP0,4027,false,1,1,remaining_order_3957_mod_4
Q7VRS4,4028,false,2,2,remaining_order_3958_mod_4
Q7VRW1,4029,false,3,3,remaining_order_3959_mod_4
Q7VSN1,4030,false,0,0,remaining_order_3960_mod_4
Q7VUD0,4031,false,1,1,remaining_order_3961_mod_4
Q7VZP5,4032,false,2,2,remaining_order_3962_mod_4
Q7W3H8,4033,false,3,3,remaining_order_3963_mod_4
Q7WEV2,4034,false,0,0,remaining_order_3964_mod_4
Q7WG14,4035,false,1,1,remaining_order_3965_mod_4
Q7X2N3,4036,false,2,2,remaining_order_3966_mod_4
Q7Y4Y9,4037,false,3,3,remaining_order_3967_mod_4
Q7YR23,4038,false,0,0,remaining_order_3968_mod_4
Q7YTB0,4039,false,1,1,remaining_order_3969_mod_4
Q7Z7B1,4040,false,2,2,remaining_order_3970_mod_4
Q802F2,4041,false,3,3,remaining_order_3971_mod_4
Q802G6,4042,false,0,0,remaining_order_3972_mod_4
Q804E1,4043,false,1,1,remaining_order_3973_mod_4
Q805H4,4044,false,2,2,remaining_order_3974_mod_4
Q805R1,4045,false,3,3,remaining_order_3975_mod_4
Q80902,4046,false,0,0,remaining_order_3976_mod_4
Q80909,4047,false,1,1,remaining_order_3977_mod_4
Q80915,4048,false,2,2,remaining_order_3978_mod_4
Q80922,4049,false,3,3,remaining_order_3979_mod_4
Q80943,4050,false,0,0,remaining_order_3980_mod_4
Q80950,4051,false,1,1,remaining_order_3981_mod_4
Q80957,4052,false,2,2,remaining_order_3982_mod_4
Q80DS7,4053,false,3,3,remaining_order_3983_mod_4
Q80DX6,4054,false,0,0,remaining_order_3984_mod_4
Q80HT9,4055,false,1,1,remaining_order_3985_mod_4
Q80RC7,4056,false,2,2,remaining_order_3986_mod_4
Q80TA1,4057,false,3,3,remaining_order_3987_mod_4
Q80XL7,4058,false,0,0,remaining_order_3988_mod_4
Q80YP0,4059,false,1,1,remaining_order_3989_mod_4
Q81020,4060,false,2,2,remaining_order_3990_mod_4
Q811C4,4061,false,3,3,remaining_order_3991_mod_4
Q814Z4,4062,false,0,0,remaining_order_3992_mod_4
Q814Z5,4063,false,1,1,remaining_order_3993_mod_4
Q817G9,4064,false,2,2,remaining_order_3994_mod_4
Q81966,4065,false,3,3,remaining_order_3995_mod_4
Q81999,4066,false,0,0,remaining_order_3996_mod_4
Q81GN7,4067,false,1,1,remaining_order_3997_mod_4
Q81GW5,4068,false,2,2,remaining_order_3998_mod_4
Q81TU9,4069,false,3,3,remaining_order_3999_mod_4
Q81U22,4070,false,0,0,remaining_order_4000_mod_4
Q82007,4071,false,1,1,remaining_order_4001_mod_4
Q82041,4072,false,2,2,remaining_order_4002_mod_4
Q820A8,4073,false,3,3,remaining_order_4003_mod_4
Q826S0,4074,false,0,0,remaining_order_4004_mod_4
Q826S1,4075,false,1,1,remaining_order_4005_mod_4
Q82DT1,4076,false,2,2,remaining_order_4006_mod_4
Q82JK9,4077,false,3,3,remaining_order_4007_mod_4
Q82JR9,4078,false,0,0,remaining_order_4008_mod_4
Q82KJ6,4079,false,1,1,remaining_order_4009_mod_4
Q82M02,4080,false,2,2,remaining_order_4010_mod_4
Q82T57,4081,false,3,3,remaining_order_4011_mod_4
Q82ZE0,4082,false,0,0,remaining_order_4012_mod_4
Q83356,4083,false,1,1,remaining_order_4013_mod_4
Q833G5,4084,false,2,2,remaining_order_4014_mod_4
Q83U21,4085,false,3,3,remaining_order_4015_mod_4
Q84293,4086,false,0,0,remaining_order_4016_mod_4
Q84356,4087,false,1,1,remaining_order_4017_mod_4
Q84424,4088,false,2,2,remaining_order_4018_mod_4
Q848I4,4089,false,3,3,remaining_order_4019_mod_4
Q84JH7,4090,false,0,0,remaining_order_4020_mod_4
Q84UU4,4091,false,1,1,remaining_order_4021_mod_4
Q85297,4092,false,2,2,remaining_order_4022_mod_4
Q85437,4093,false,3,3,remaining_order_4023_mod_4
Q857H2,4094,false,0,0,remaining_order_4024_mod_4
Q85FT7,4095,false,1,1,remaining_order_4025_mod_4
Q86567,4096,false,2,2,remaining_order_4026_mod_4
Q865R2,4097,false,3,3,remaining_order_4027_mod_4
Q86BL4,4098,false,0,0,remaining_order_4028_mod_4
Q86VQ6,4099,false,1,1,remaining_order_4029_mod_4
Q87009,4100,false,2,2,remaining_order_4030_mod_4
Q87013,4101,false,3,3,remaining_order_4031_mod_4
Q87LR6,4102,false,0,0,remaining_order_4032_mod_4
Q87VP1,4103,false,1,1,remaining_order_4033_mod_4
Q87VP4,4104,false,2,2,remaining_order_4034_mod_4
Q87WS0,4105,false,3,3,remaining_order_4035_mod_4
Q87ZQ0,4106,false,0,0,remaining_order_4036_mod_4
Q87ZQ9,4107,false,1,1,remaining_order_4037_mod_4
Q889M3,4108,false,2,2,remaining_order_4038_mod_4
Q88FG8,4109,false,3,3,remaining_order_4039_mod_4
Q88FH7,4110,false,0,0,remaining_order_4040_mod_4
Q88J05,4111,false,1,1,remaining_order_4041_mod_4
Q88J06,4112,false,2,2,remaining_order_4042_mod_4
Q88NV1,4113,false,3,3,remaining_order_4043_mod_4
Q88PB8,4114,false,0,0,remaining_order_4044_mod_4
Q88XC3,4115,false,1,1,remaining_order_4045_mod_4
Q89121,4116,false,2,2,remaining_order_4046_mod_4
Q89187,4117,false,3,3,remaining_order_4047_mod_4
Q89269,4118,false,0,0,remaining_order_4048_mod_4
Q893S5,4119,false,1,1,remaining_order_4049_mod_4
Q89443,4120,false,2,2,remaining_order_4050_mod_4
Q89536,4121,false,3,3,remaining_order_4051_mod_4
Q89576,4122,false,0,0,remaining_order_4052_mod_4
Q89662,4123,false,1,1,remaining_order_4053_mod_4
Q89940,4124,false,2,2,remaining_order_4054_mod_4
Q89K28,4125,false,3,3,remaining_order_4055_mod_4
Q89UG2,4126,false,0,0,remaining_order_4056_mod_4
Q89UG3,4127,false,1,1,remaining_order_4057_mod_4
Q8BB04,4128,false,2,2,remaining_order_4058_mod_4
Q8BB16,4129,false,3,3,remaining_order_4059_mod_4
Q8BB26,4130,false,0,0,remaining_order_4060_mod_4
Q8BDD7,4131,false,1,1,remaining_order_4061_mod_4
Q8BGB8,4132,false,2,2,remaining_order_4062_mod_4
Q8BHC1,4133,false,3,3,remaining_order_4063_mod_4
Q8BHD0,4134,false,0,0,remaining_order_4064_mod_4
Q8BHH2,4135,false,1,1,remaining_order_4065_mod_4
Q8BHT6,4136,false,2,2,remaining_order_4066_mod_4
Q8BNV1,4137,false,3,3,remaining_order_4067_mod_4
Q8BU27,4138,false,0,0,remaining_order_4068_mod_4
Q8BW41,4139,false,1,1,remaining_order_4069_mod_4
Q8C398,4140,false,2,2,remaining_order_4070_mod_4
Q8C7K6,4141,false,3,3,remaining_order_4071_mod_4
Q8CBY0,4142,false,0,0,remaining_order_4072_mod_4
Q8CIW5,4143,false,1,1,remaining_order_4073_mod_4
Q8CND1,4144,false,2,2,remaining_order_4074_mod_4
Q8CNS1,4145,false,3,3,remaining_order_4075_mod_4
Q8CRK4,4146,false,0,0,remaining_order_4076_mod_4
Q8CWW4,4147,false,1,1,remaining_order_4077_mod_4
Q8CXZ8,4148,false,2,2,remaining_order_4078_mod_4
Q8DC44,4149,false,3,3,remaining_order_4079_mod_4
Q8DHW8,4150,false,0,0,remaining_order_4080_mod_4
Q8DK85,4151,false,1,1,remaining_order_4081_mod_4
Q8DQ04,4152,false,2,2,remaining_order_4082_mod_4
Q8E280,4153,false,3,3,remaining_order_4083_mod_4
Q8ERX9,4154,false,0,0,remaining_order_4084_mod_4
Q8ES79,4155,false,1,1,remaining_order_4085_mod_4
Q8FDI4,4156,false,2,2,remaining_order_4086_mod_4
Q8FHF4,4157,false,3,3,remaining_order_4087_mod_4
Q8FKG1,4158,false,0,0,remaining_order_4088_mod_4
Q8FQX3,4159,false,1,1,remaining_order_4089_mod_4
Q8FQX4,4160,false,2,2,remaining_order_4090_mod_4
Q8FTB1,4161,false,3,3,remaining_order_4091_mod_4
Q8FXK7,4162,false,0,0,remaining_order_4092_mod_4
Q8FZW4,4163,false,1,1,remaining_order_4093_mod_4
Q8G2P9,4164,false,2,2,remaining_order_4094_mod_4
Q8G2Q0,4165,false,3,3,remaining_order_4095_mod_4
Q8G767,4166,false,0,0,remaining_order_4096_mod_4
Q8GBW6,4167,false,1,1,remaining_order_4097_mod_4
Q8H215,4168,false,2,2,remaining_order_4098_mod_4
Q8ICR0,4169,false,3,3,remaining_order_4099_mod_4
Q8IHZ9,4170,false,0,0,remaining_order_4100_mod_4
Q8IJ32,4171,false,1,1,remaining_order_4101_mod_4
Q8IWT0,4172,false,2,2,remaining_order_4102_mod_4
Q8JL72,4173,false,3,3,remaining_order_4103_mod_4
Q8JSP9,4174,false,0,0,remaining_order_4104_mod_4
Q8K0C4,4175,false,1,1,remaining_order_4105_mod_4
Q8K1M6,4176,false,2,2,remaining_order_4106_mod_4
Q8K386,4177,false,3,3,remaining_order_4107_mod_4
Q8K9X8,4178,false,0,0,remaining_order_4108_mod_4
Q8KAZ0,4179,false,1,1,remaining_order_4109_mod_4
Q8KBX0,4180,false,2,2,remaining_order_4110_mod_4
Q8KRR5,4181,false,3,3,remaining_order_4111_mod_4
Q8MBG5,4182,false,0,0,remaining_order_4112_mod_4
Q8MBK3,4183,false,1,1,remaining_order_4113_mod_4
Q8MBQ4,4184,false,2,2,remaining_order_4114_mod_4
Q8MIU0,4185,false,3,3,remaining_order_4115_mod_4
Q8MJ14,4186,false,0,0,remaining_order_4116_mod_4
Q8MXS1,4187,false,1,1,remaining_order_4117_mod_4
Q8N490,4188,false,2,2,remaining_order_4118_mod_4
Q8N4Z0,4189,false,3,3,remaining_order_4119_mod_4
Q8N841,4190,false,0,0,remaining_order_4120_mod_4
Q8N8W4,4191,false,1,1,remaining_order_4121_mod_4
Q8NBM8,4192,false,2,2,remaining_order_4122_mod_4
Q8NBQ5,4193,false,3,3,remaining_order_4123_mod_4
Q8NFV4,4194,false,0,0,remaining_order_4124_mod_4
Q8NHH1,4195,false,1,1,remaining_order_4125_mod_4
Q8NHY0,4196,false,2,2,remaining_order_4126_mod_4
Q8NQA1,4197,false,3,3,remaining_order_4127_mod_4
Q8NQU4,4198,false,0,0,remaining_order_4128_mod_4
Q8NX62,4199,false,1,1,remaining_order_4129_mod_4
Q8NXG7,4200,false,2,2,remaining_order_4130_mod_4
Q8NZL9,4201,false,3,3,remaining_order_4131_mod_4
Q8PC73,4202,false,0,0,remaining_order_4132_mod_4
Q8PU50,4203,false,1,1,remaining_order_4133_mod_4
Q8PXA0,4204,false,2,2,remaining_order_4134_mod_4
Q8PZ49,4205,false,3,3,remaining_order_4135_mod_4
Q8PZH6,4206,false,0,0,remaining_order_4136_mod_4
Q8QMP8,4207,false,1,1,remaining_order_4137_mod_4
Q8QMQ7,4208,false,2,2,remaining_order_4138_mod_4
Q8QMV9,4209,false,3,3,remaining_order_4139_mod_4
Q8QQ21,4210,false,0,0,remaining_order_4140_mod_4
Q8R0F8,4211,false,1,1,remaining_order_4141_mod_4
Q8R146,4212,false,2,2,remaining_order_4142_mod_4
Q8R8W3,4213,false,3,3,remaining_order_4143_mod_4
Q8RC41,4214,false,0,0,remaining_order_4144_mod_4
Q8RDK1,4215,false,1,1,remaining_order_4145_mod_4
Q8RP98,4216,false,2,2,remaining_order_4146_mod_4
Q8RPY7,4217,false,3,3,remaining_order_4147_mod_4
Q8RQD2,4218,false,0,0,remaining_order_4148_mod_4
Q8SDC3,4219,false,1,1,remaining_order_4149_mod_4
Q8TFG7,4220,false,2,2,remaining_order_4150_mod_4
Q8TJZ5,4221,false,3,3,remaining_order_4151_mod_4
Q8TN68,4222,false,0,0,remaining_order_4152_mod_4
Q8TQQ6,4223,false,1,1,remaining_order_4153_mod_4
Q8TS72,4224,false,2,2,remaining_order_4154_mod_4
Q8TS73,4225,false,3,3,remaining_order_4155_mod_4
Q8TTA5,4226,false,0,0,remaining_order_4156_mod_4
Q8TTA9,4227,false,1,1,remaining_order_4157_mod_4
Q8TU02,4228,false,2,2,remaining_order_4158_mod_4
Q8TU04,4229,false,3,3,remaining_order_4159_mod_4
Q8TU05,4230,false,0,0,remaining_order_4160_mod_4
Q8TUV8,4231,false,1,1,remaining_order_4161_mod_4
Q8TVA7,4232,false,2,2,remaining_order_4162_mod_4
Q8TVE9,4233,false,3,3,remaining_order_4163_mod_4
Q8TVM0,4234,false,0,0,remaining_order_4164_mod_4
Q8U0B9,4235,false,1,1,remaining_order_4165_mod_4
Q8U4J0,4236,false,2,2,remaining_order_4166_mod_4
Q8UC22,4237,false,3,3,remaining_order_4167_mod_4
Q8UCS6,4238,false,0,0,remaining_order_4168_mod_4
Q8UCS8,4239,false,1,1,remaining_order_4169_mod_4
Q8UFS9,4240,false,2,2,remaining_order_4170_mod_4
Q8UVX8,4241,false,3,3,remaining_order_4171_mod_4
Q8V2K9,4242,false,0,0,remaining_order_4172_mod_4
Q8V2R8,4243,false,1,1,remaining_order_4173_mod_4
Q8V2Y0,4244,false,2,2,remaining_order_4174_mod_4
Q8V3U0,4245,false,3,3,remaining_order_4175_mod_4
Q8V437,4246,false,0,0,remaining_order_4176_mod_4
Q8V4S4,4247,false,1,1,remaining_order_4177_mod_4
Q8V9T7,4248,false,2,2,remaining_order_4178_mod_4
Q8V9U2,4249,false,3,3,remaining_order_4179_mod_4
Q8VCI0,4250,false,0,0,remaining_order_4180_mod_4
Q8VEJ1,4251,false,1,1,remaining_order_4181_mod_4
Q8VHP8,4252,false,2,2,remaining_order_4182_mod_4
Q8VHQ4,4253,false,3,3,remaining_order_4183_mod_4
Q8VID5,4254,false,0,0,remaining_order_4184_mod_4
Q8W3Z3,4255,false,1,1,remaining_order_4185_mod_4
Q8WMS6,4256,false,2,2,remaining_order_4186_mod_4
Q8WXH6,4257,false,3,3,remaining_order_4187_mod_4
Q8WZ82,4258,false,0,0,remaining_order_4188_mod_4
Q8X643,4259,false,1,1,remaining_order_4189_mod_4
Q8X6R3,4260,false,2,2,remaining_order_4190_mod_4
Q8XAG0,4261,false,3,3,remaining_order_4191_mod_4
Q8XAG2,4262,false,0,0,remaining_order_4192_mod_4
Q8XAZ4,4263,false,1,1,remaining_order_4193_mod_4
Q8XE07,4264,false,2,2,remaining_order_4194_mod_4
Q8XXR1,4265,false,3,3,remaining_order_4195_mod_4
Q8XXT0,4266,false,0,0,remaining_order_4196_mod_4
Q8Y3C2,4267,false,1,1,remaining_order_4197_mod_4
Q8Y565,4268,false,2,2,remaining_order_4198_mod_4
Q8YD09,4269,false,3,3,remaining_order_4199_mod_4
Q8YDY9,4270,false,0,0,remaining_order_4200_mod_4
Q8YDZ4,4271,false,1,1,remaining_order_4201_mod_4
Q8YF71,4272,false,2,2,remaining_order_4202_mod_4
Q8YHZ6,4273,false,3,3,remaining_order_4203_mod_4
Q8YI91,4274,false,0,0,remaining_order_4204_mod_4
Q8YNL6,4275,false,1,1,remaining_order_4205_mod_4
Q8YQZ2,4276,false,2,2,remaining_order_4206_mod_4
Q8YQZ3,4277,false,3,3,remaining_order_4207_mod_4
Q8Z171,4278,false,0,0,remaining_order_4208_mod_4
Q8Z3E4,4279,false,1,1,remaining_order_4209_mod_4
Q8Z9M5,4280,false,2,2,remaining_order_4210_mod_4
Q8ZJB2,4281,false,3,3,remaining_order_4211_mod_4
Q8ZK89,4282,false,0,0,remaining_order_4212_mod_4
Q8ZNR6,4283,false,1,1,remaining_order_4213_mod_4
Q8ZQ52,4284,false,2,2,remaining_order_4214_mod_4
Q8ZR64,4285,false,3,3,remaining_order_4215_mod_4
Q8ZW35,4286,false,0,0,remaining_order_4216_mod_4
Q8ZWK3,4287,false,1,1,remaining_order_4217_mod_4
Q8ZYM4,4288,false,2,2,remaining_order_4218_mod_4
Q90029,4289,false,3,3,remaining_order_4219_mod_4
Q90030,4290,false,0,0,remaining_order_4220_mod_4
Q90033,4291,false,1,1,remaining_order_4221_mod_4
Q90054,4292,false,2,2,remaining_order_4222_mod_4
Q90185,4293,false,3,3,remaining_order_4223_mod_4
Q912W1,4294,false,0,0,remaining_order_4224_mod_4
Q91EK3,4295,false,1,1,remaining_order_4225_mod_4
Q91F87,4296,false,2,2,remaining_order_4226_mod_4
Q91FD5,4297,false,3,3,remaining_order_4227_mod_4
Q91FE4,4298,false,0,0,remaining_order_4228_mod_4
Q91FE8,4299,false,1,1,remaining_order_4229_mod_4
Q91FH7,4300,false,2,2,remaining_order_4230_mod_4
Q91FS1,4301,false,3,3,remaining_order_4231_mod_4
Q91HJ9,4302,false,0,0,remaining_order_4232_mod_4
Q91V76,4303,false,1,1,remaining_order_4233_mod_4
Q91YV9,4304,false,2,2,remaining_order_4234_mod_4
Q91ZI8,4305,false,3,3,remaining_order_4235_mod_4
Q92060,4306,false,0,0,remaining_order_4236_mod_4
Q92116,4307,false,1,1,remaining_order_4237_mod_4
Q921E2,4308,false,2,2,remaining_order_4238_mod_4
Q922H1,4309,false,3,3,remaining_order_4239_mod_4
Q92345,4310,false,0,0,remaining_order_4240_mod_4
Q923B6,4311,false,1,1,remaining_order_4241_mod_4
Q923S9,4312,false,2,2,remaining_order_4242_mod_4
Q92526,4313,false,3,3,remaining_order_4243_mod_4
Q92643,4314,false,0,0,remaining_order_4244_mod_4
Q92813,4315,false,1,1,remaining_order_4245_mod_4
Q92841,4316,false,2,2,remaining_order_4246_mod_4
Q92930,4317,false,3,3,remaining_order_4247_mod_4
Q929G2,4318,false,0,0,remaining_order_4248_mod_4
Q92L66,4319,false,1,1,remaining_order_4249_mod_4
Q92ZP9,4320,false,2,2,remaining_order_4250_mod_4
Q93070,4321,false,3,3,remaining_order_4251_mod_4
Q937Z1,4322,false,0,0,remaining_order_4252_mod_4
Q938W0,4323,false,1,1,remaining_order_4253_mod_4
Q93A90,4324,false,2,2,remaining_order_4254_mod_4
Q93JW0,4325,false,3,3,remaining_order_4255_mod_4
Q93LE1,4326,false,0,0,remaining_order_4256_mod_4
Q94497,4327,false,1,1,remaining_order_4257_mod_4
Q94MV8,4328,false,2,2,remaining_order_4258_mod_4
Q95M18,4329,false,3,3,remaining_order_4259_mod_4
Q95N00,4330,false,0,0,remaining_order_4260_mod_4
Q969Q5,4331,false,1,1,remaining_order_4261_mod_4
Q96AX2,4332,false,2,2,remaining_order_4262_mod_4
Q96DA2,4333,false,3,3,remaining_order_4263_mod_4
Q96FC9,4334,false,0,0,remaining_order_4264_mod_4
Q96FM1,4335,false,1,1,remaining_order_4265_mod_4
Q96GQ7,4336,false,2,2,remaining_order_4266_mod_4
Q96H96,4337,false,3,3,remaining_order_4267_mod_4
Q96KN2,4338,false,0,0,remaining_order_4268_mod_4
Q96LW2,4339,false,1,1,remaining_order_4269_mod_4
Q96MI6,4340,false,2,2,remaining_order_4270_mod_4
Q96S21,4341,false,3,3,remaining_order_4271_mod_4
Q96YL0,4342,false,0,0,remaining_order_4272_mod_4
Q96YR7,4343,false,1,1,remaining_order_4273_mod_4
Q971U4,4344,false,2,2,remaining_order_4274_mod_4
Q972V9,4345,false,3,3,remaining_order_4275_mod_4
Q976I0,4346,false,0,0,remaining_order_4276_mod_4
Q979Y7,4347,false,1,1,remaining_order_4277_mod_4
Q97AR1,4348,false,2,2,remaining_order_4278_mod_4
Q97CT1,4349,false,3,3,remaining_order_4279_mod_4
Q97EX7,4350,false,0,0,remaining_order_4280_mod_4
Q97R30,4351,false,1,1,remaining_order_4281_mod_4
Q97VY3,4352,false,2,2,remaining_order_4282_mod_4
Q97W36,4353,false,3,3,remaining_order_4283_mod_4
Q97WM6,4354,false,0,0,remaining_order_4284_mod_4
Q97ZG0,4355,false,1,1,remaining_order_4285_mod_4
Q98218,4356,false,2,2,remaining_order_4286_mod_4
Q98234,4357,false,3,3,remaining_order_4287_mod_4
Q98267,4358,false,0,0,remaining_order_4288_mod_4
Q98500,4359,false,1,1,remaining_order_4289_mod_4
Q98829,4360,false,2,2,remaining_order_4290_mod_4
Q98CY3,4361,false,3,3,remaining_order_4291_mod_4
Q98CY6,4362,false,0,0,remaining_order_4292_mod_4
Q98E92,4363,false,1,1,remaining_order_4293_mod_4
Q98M93,4364,false,2,2,remaining_order_4294_mod_4
Q99611,4365,false,3,3,remaining_order_4295_mod_4
Q99CW3,4366,false,0,0,remaining_order_4296_mod_4
Q99LC9,4367,false,1,1,remaining_order_4297_mod_4
Q99MD6,4368,false,2,2,remaining_order_4298_mod_4
Q99N13,4369,false,3,3,remaining_order_4299_mod_4
Q99P75,4370,false,0,0,remaining_order_4300_mod_4
Q99P96,4371,false,1,1,remaining_order_4301_mod_4
Q99SH6,4372,false,2,2,remaining_order_4302_mod_4
Q99UW8,4373,false,3,3,remaining_order_4303_mod_4
Q99V39,4374,false,0,0,remaining_order_4304_mod_4
Q99VF6,4375,false,1,1,remaining_order_4305_mod_4
Q99X56,4376,false,2,2,remaining_order_4306_mod_4
Q9A5K9,4377,false,3,3,remaining_order_4307_mod_4
Q9ABI2,4378,false,0,0,remaining_order_4308_mod_4
Q9AQ98,4379,false,1,1,remaining_order_4309_mod_4
Q9AQQ8,4380,false,2,2,remaining_order_4310_mod_4
Q9AQT6,4381,false,3,3,remaining_order_4311_mod_4
Q9AT63,4382,false,0,0,remaining_order_4312_mod_4
Q9AUD8,4383,false,1,1,remaining_order_4313_mod_4
Q9AXH9,4384,false,2,2,remaining_order_4314_mod_4
Q9BRR3,4385,false,3,3,remaining_order_4315_mod_4
Q9BVL4,4386,false,0,0,remaining_order_4316_mod_4
Q9BZG1,4387,false,1,1,remaining_order_4317_mod_4
Q9BZG8,4388,false,2,2,remaining_order_4318_mod_4
Q9C0D9,4389,false,3,3,remaining_order_4319_mod_4
Q9C4Z4,4390,false,0,0,remaining_order_4320_mod_4
Q9C5W0,4391,false,1,1,remaining_order_4321_mod_4
Q9C5Y2,4392,false,2,2,remaining_order_4322_mod_4
Q9CAC3,4393,false,3,3,remaining_order_4323_mod_4
Q9CBM2,4394,false,0,0,remaining_order_4324_mod_4
Q9CD51,4395,false,1,1,remaining_order_4325_mod_4
Q9CFB4,4396,false,2,2,remaining_order_4326_mod_4
Q9CJN8,4397,false,3,3,remaining_order_4327_mod_4
Q9CRB3,4398,false,0,0,remaining_order_4328_mod_4
Q9CXY9,4399,false,1,1,remaining_order_4329_mod_4
Q9CZT8,4400,false,2,2,remaining_order_4330_mod_4
Q9D3W4,4401,false,3,3,remaining_order_4331_mod_4
Q9D850,4402,false,0,0,remaining_order_4332_mod_4
Q9DBC0,4403,false,1,1,remaining_order_4333_mod_4
Q9DBT5,4404,false,2,2,remaining_order_4334_mod_4
Q9DG45,4405,false,3,3,remaining_order_4335_mod_4
Q9DG67,4406,false,0,0,remaining_order_4336_mod_4
Q9DHU2,4407,false,1,1,remaining_order_4337_mod_4
Q9DR81,4408,false,2,2,remaining_order_4338_mod_4
Q9E6L8,4409,false,3,3,remaining_order_4339_mod_4
Q9E6M6,4410,false,0,0,remaining_order_4340_mod_4
Q9E6P5,4411,false,1,1,remaining_order_4341_mod_4
Q9E6Q4,4412,false,2,2,remaining_order_4342_mod_4
Q9EMI7,4413,false,3,3,remaining_order_4343_mod_4
Q9EQQ0,4414,false,0,0,remaining_order_4344_mod_4
Q9ER88,4415,false,1,1,remaining_order_4345_mod_4
Q9EVE0,4416,false,2,2,remaining_order_4346_mod_4
Q9EVG2,4417,false,3,3,remaining_order_4347_mod_4
Q9EVG3,4418,false,0,0,remaining_order_4348_mod_4
Q9EVG9,4419,false,1,1,remaining_order_4349_mod_4
Q9EVH4,4420,false,2,2,remaining_order_4350_mod_4
Q9EVH6,4421,false,3,3,remaining_order_4351_mod_4
Q9EVH7,4422,false,0,0,remaining_order_4352_mod_4
Q9EVI3,4423,false,1,1,remaining_order_4353_mod_4
Q9EVI4,4424,false,2,2,remaining_order_4354_mod_4
Q9EVI6,4425,false,3,3,remaining_order_4355_mod_4
Q9EVI8,4426,false,0,0,remaining_order_4356_mod_4
Q9F2V6,4427,false,1,1,remaining_order_4357_mod_4
Q9F7D7,4428,false,2,2,remaining_order_4358_mod_4
Q9F7D8,4429,false,3,3,remaining_order_4359_mod_4
Q9F7E3,4430,false,0,0,remaining_order_4360_mod_4
Q9F7E4,4431,false,1,1,remaining_order_4361_mod_4
Q9FCD1,4432,false,2,2,remaining_order_4362_mod_4
Q9FCD2,4433,false,3,3,remaining_order_4363_mod_4
Q9FT69,4434,false,0,0,remaining_order_4364_mod_4
Q9GL30,4435,false,1,1,remaining_order_4365_mod_4
Q9H0T7,4436,false,2,2,remaining_order_4366_mod_4
Q9H0W9,4437,false,3,3,remaining_order_4367_mod_4
Q9H5I1,4438,false,0,0,remaining_order_4368_mod_4
Q9H611,4439,false,1,1,remaining_order_4369_mod_4
Q9H9V9,4440,false,2,2,remaining_order_4370_mod_4
Q9H9Y4,4441,false,3,3,remaining_order_4371_mod_4
Q9HAC7,4442,false,0,0,remaining_order_4372_mod_4
Q9HDU9,4443,false,1,1,remaining_order_4373_mod_4
Q9HKS9,4444,false,2,2,remaining_order_4374_mod_4
Q9HKT2,4445,false,3,3,remaining_order_4375_mod_4
Q9HP73,4446,false,0,0,remaining_order_4376_mod_4
Q9HUU6,4447,false,1,1,remaining_order_4377_mod_4
Q9HUU8,4448,false,2,2,remaining_order_4378_mod_4
Q9HVT9,4449,false,3,3,remaining_order_4379_mod_4
Q9HWH9,4450,false,0,0,remaining_order_4380_mod_4
Q9I0F2,4451,false,1,1,remaining_order_4381_mod_4
Q9I0J2,4452,false,2,2,remaining_order_4382_mod_4
Q9I0K1,4453,false,3,3,remaining_order_4383_mod_4
Q9I7X6,4454,false,0,0,remaining_order_4384_mod_4
Q9IAX2,4455,false,1,1,remaining_order_4385_mod_4
Q9ICP7,4456,false,2,2,remaining_order_4386_mod_4
Q9IG45,4457,false,3,3,remaining_order_4387_mod_4
Q9IKD2,4458,false,0,0,remaining_order_4388_mod_4
Q9INI4,4459,false,1,1,remaining_order_4389_mod_4
Q9IR51,4460,false,2,2,remaining_order_4390_mod_4
Q9IV54,4461,false,3,3,remaining_order_4391_mod_4
Q9IZK2,4462,false,0,0,remaining_order_4392_mod_4
Q9IZT2,4463,false,1,1,remaining_order_4393_mod_4
Q9IZU7,4464,false,2,2,remaining_order_4394_mod_4
Q9J509,4465,false,3,3,remaining_order_4395_mod_4
Q9J523,4466,false,0,0,remaining_order_4396_mod_4
Q9J579,4467,false,1,1,remaining_order_4397_mod_4
Q9J584,4468,false,2,2,remaining_order_4398_mod_4
Q9J592,4469,false,3,3,remaining_order_4399_mod_4
Q9J5B1,4470,false,0,0,remaining_order_4400_mod_4
Q9J5C7,4471,false,1,1,remaining_order_4401_mod_4
Q9J5G5,4472,false,2,2,remaining_order_4402_mod_4
Q9J5H2,4473,false,3,3,remaining_order_4403_mod_4
Q9JFA8,4474,false,0,0,remaining_order_4404_mod_4
Q9JFB7,4475,false,1,1,remaining_order_4405_mod_4
Q9JFC3,4476,false,2,2,remaining_order_4406_mod_4
Q9JFE5,4477,false,3,3,remaining_order_4407_mod_4
Q9JFM9,4478,false,0,0,remaining_order_4408_mod_4
Q9JH49,4479,false,1,1,remaining_order_4409_mod_4
Q9JHC0,4480,false,2,2,remaining_order_4410_mod_4
Q9JIY6,4481,false,3,3,remaining_order_4411_mod_4
Q9JKM7,4482,false,0,0,remaining_order_4412_mod_4
Q9JLC3,4483,false,1,1,remaining_order_4413_mod_4
Q9JLT4,4484,false,2,2,remaining_order_4414_mod_4
Q9JMH6,4485,false,3,3,remaining_order_4415_mod_4
Q9JN36,4486,false,0,0,remaining_order_4416_mod_4
Q9JTZ6,4487,false,1,1,remaining_order_4417_mod_4
Q9JZ00,4488,false,2,2,remaining_order_4418_mod_4
Q9KA57,4489,false,3,3,remaining_order_4419_mod_4
Q9KDK9,4490,false,0,0,remaining_order_4420_mod_4
Q9KG60,4491,false,1,1,remaining_order_4421_mod_4
Q9KH33,4492,false,2,2,remaining_order_4422_mod_4
Q9KL41,4493,false,3,3,remaining_order_4423_mod_4
Q9KTU4,4494,false,0,0,remaining_order_4424_mod_4
Q9KUH2,4495,false,1,1,remaining_order_4425_mod_4
Q9L393,4496,false,2,2,remaining_order_4426_mod_4
Q9L3Q5,4497,false,3,3,remaining_order_4427_mod_4
Q9L473,4498,false,0,0,remaining_order_4428_mod_4
Q9L4E1,4499,false,1,1,remaining_order_4429_mod_4
Q9L642,4500,false,2,2,remaining_order_4430_mod_4
Q9LCX4,4501,false,3,3,remaining_order_4431_mod_4
Q9LDS6,4502,false,0,0,remaining_order_4432_mod_4
Q9M1Q2,4503,false,1,1,remaining_order_4433_mod_4
Q9MRR9,4504,false,2,2,remaining_order_4434_mod_4
Q9MRV8,4505,false,3,3,remaining_order_4435_mod_4
Q9MTE7,4506,false,0,0,remaining_order_4436_mod_4
Q9MTX9,4507,false,1,1,remaining_order_4437_mod_4
Q9MU26,4508,false,2,2,remaining_order_4438_mod_4
Q9MU30,4509,false,3,3,remaining_order_4439_mod_4
Q9MU81,4510,false,0,0,remaining_order_4440_mod_4
Q9MYY8,4511,false,1,1,remaining_order_4441_mod_4
Q9N272,4512,false,2,2,remaining_order_4442_mod_4
Q9N290,4513,false,3,3,remaining_order_4443_mod_4
Q9N2I8,4514,false,0,0,remaining_order_4444_mod_4
Q9N2J2,4515,false,1,1,remaining_order_4445_mod_4
Q9NGX9,4516,false,2,2,remaining_order_4446_mod_4
Q9NNW7,4517,false,3,3,remaining_order_4447_mod_4
Q9NP72,4518,false,0,0,remaining_order_4448_mod_4
Q9NP90,4519,false,1,1,remaining_order_4449_mod_4
Q9NQI0,4520,false,2,2,remaining_order_4450_mod_4
Q9NRX4,4521,false,3,3,remaining_order_4451_mod_4
Q9NVI7,4522,false,0,0,remaining_order_4452_mod_4
Q9NX57,4523,false,1,1,remaining_order_4453_mod_4
Q9NZV6,4524,false,2,2,remaining_order_4454_mod_4
Q9P8W2,4525,false,3,3,remaining_order_4455_mod_4
Q9P8W5,4526,false,0,0,remaining_order_4456_mod_4
Q9P995,4527,false,1,1,remaining_order_4457_mod_4
Q9P9L4,4528,false,2,2,remaining_order_4458_mod_4
Q9P9M9,4529,false,3,3,remaining_order_4459_mod_4
Q9P9N0,4530,false,0,0,remaining_order_4460_mod_4
Q9PIA5,4531,false,1,1,remaining_order_4461_mod_4
Q9PJC6,4532,false,2,2,remaining_order_4462_mod_4
Q9PK73,4533,false,3,3,remaining_order_4463_mod_4
Q9PMF9,4534,false,0,0,remaining_order_4464_mod_4
Q9PRZ0,4535,false,1,1,remaining_order_4465_mod_4
Q9PTA1,4536,false,2,2,remaining_order_4466_mod_4
Q9PZT0,4537,false,3,3,remaining_order_4467_mod_4
Q9PZT1,4538,false,0,0,remaining_order_4468_mod_4
Q9Q8L4,4539,false,1,1,remaining_order_4469_mod_4
Q9Q8N6,4540,false,2,2,remaining_order_4470_mod_4
Q9Q8Q2,4541,false,3,3,remaining_order_4471_mod_4
Q9Q8Z2,4542,false,0,0,remaining_order_4472_mod_4
Q9Q927,4543,false,1,1,remaining_order_4473_mod_4
Q9Q9G3,4544,false,2,2,remaining_order_4474_mod_4
Q9QAQ9,4545,false,3,3,remaining_order_4475_mod_4
Q9QAR6,4546,false,0,0,remaining_order_4476_mod_4
Q9QB92,4547,false,1,1,remaining_order_4477_mod_4
Q9QB93,4548,false,2,2,remaining_order_4478_mod_4
Q9QNB1,4549,false,3,3,remaining_order_4479_mod_4
Q9QNF7,4550,false,0,0,remaining_order_4480_mod_4
Q9QTF2,4551,false,1,1,remaining_order_4481_mod_4
Q9QXL7,4552,false,2,2,remaining_order_4482_mod_4
Q9QXL8,4553,false,3,3,remaining_order_4483_mod_4
Q9QY15,4554,false,0,0,remaining_order_4484_mod_4
Q9QY44,4555,false,1,1,remaining_order_4485_mod_4
Q9R0M6,4556,false,2,2,remaining_order_4486_mod_4
Q9R0X4,4557,false,3,3,remaining_order_4487_mod_4
Q9R101,4558,false,0,0,remaining_order_4488_mod_4
Q9R1S3,4559,false,1,1,remaining_order_4489_mod_4
Q9R2F4,4560,false,2,2,remaining_order_4490_mod_4
Q9R2W4,4561,false,3,3,remaining_order_4491_mod_4
Q9R342,4562,false,0,0,remaining_order_4492_mod_4
Q9R4A1,4563,false,1,1,remaining_order_4493_mod_4
Q9R4G8,4564,false,2,2,remaining_order_4494_mod_4
Q9R4Y1,4565,false,3,3,remaining_order_4495_mod_4
Q9RFA0,4566,false,0,0,remaining_order_4496_mod_4
Q9RFF5,4567,false,1,1,remaining_order_4497_mod_4
Q9RHM6,4568,false,2,2,remaining_order_4498_mod_4
Q9RHM8,4569,false,3,3,remaining_order_4499_mod_4
Q9RNC7,4570,false,0,0,remaining_order_4500_mod_4
Q9RPY1,4571,false,1,1,remaining_order_4501_mod_4
Q9RT63,4572,false,2,2,remaining_order_4502_mod_4
Q9RUP5,4573,false,3,3,remaining_order_4503_mod_4
Q9RUV6,4574,false,0,0,remaining_order_4504_mod_4
Q9RYJ3,4575,false,1,1,remaining_order_4505_mod_4
Q9S2H6,4576,false,2,2,remaining_order_4506_mod_4
Q9S926,4577,false,3,3,remaining_order_4507_mod_4
Q9SEC2,4578,false,0,0,remaining_order_4508_mod_4
Q9SEH4,4579,false,1,1,remaining_order_4509_mod_4
Q9SPB1,4580,false,2,2,remaining_order_4510_mod_4
Q9SQ70,4581,false,3,3,remaining_order_4511_mod_4
Q9SX57,4582,false,0,0,remaining_order_4512_mod_4
Q9TKZ5,4583,false,1,1,remaining_order_4513_mod_4
Q9TWL9,4584,false,2,2,remaining_order_4514_mod_4
Q9UF12,4585,false,3,3,remaining_order_4515_mod_4
Q9UHF3,4586,false,0,0,remaining_order_4516_mod_4
Q9UHJ6,4587,false,1,1,remaining_order_4517_mod_4
Q9UHL0,4588,false,2,2,remaining_order_4518_mod_4
Q9UHW5,4589,false,3,3,remaining_order_4519_mod_4
Q9UL25,4590,false,0,0,remaining_order_4520_mod_4
Q9UL26,4591,false,1,1,remaining_order_4521_mod_4
Q9ULW5,4592,false,2,2,remaining_order_4522_mod_4
Q9UMR5,4593,false,3,3,remaining_order_4523_mod_4
Q9UNA3,4594,false,0,0,remaining_order_4524_mod_4
Q9UR66,4595,false,1,1,remaining_order_4525_mod_4
Q9US39,4596,false,2,2,remaining_order_4526_mod_4
Q9US43,4597,false,3,3,remaining_order_4527_mod_4
Q9US47,4598,false,0,0,remaining_order_4528_mod_4
Q9USH6,4599,false,1,1,remaining_order_4529_mod_4
Q9UT33,4600,false,2,2,remaining_order_4530_mod_4
Q9UTF7,4601,false,3,3,remaining_order_4531_mod_4
Q9UTL7,4602,false,0,0,remaining_order_4532_mod_4
Q9UTQ4,4603,false,1,1,remaining_order_4533_mod_4
Q9UUA2,4604,false,2,2,remaining_order_4534_mod_4
Q9UVC3,4605,false,3,3,remaining_order_4535_mod_4
Q9UWY8,4606,false,0,0,remaining_order_4536_mod_4
Q9V2B0,4607,false,1,1,remaining_order_4537_mod_4
Q9V2Z4,4608,false,2,2,remaining_order_4538_mod_4
Q9VBL5,4609,false,3,3,remaining_order_4539_mod_4
Q9VDD9,4610,false,0,0,remaining_order_4540_mod_4
Q9VEP1,4611,false,1,1,remaining_order_4541_mod_4
Q9VF36,4612,false,2,2,remaining_order_4542_mod_4
Q9VGH1,4613,false,3,3,remaining_order_4543_mod_4
Q9VGV8,4614,false,0,0,remaining_order_4544_mod_4
Q9VHP0,4615,false,1,1,remaining_order_4545_mod_4
Q9VKH6,4616,false,2,2,remaining_order_4546_mod_4
Q9VKY8,4617,false,3,3,remaining_order_4547_mod_4
Q9VQK4,4618,false,0,0,remaining_order_4548_mod_4
Q9VQK9,4619,false,1,1,remaining_order_4549_mod_4
Q9VQZ6,4620,false,2,2,remaining_order_4550_mod_4
Q9VWR5,4621,false,3,3,remaining_order_4551_mod_4
Q9W683,4622,false,0,0,remaining_order_4552_mod_4
Q9WBI3,4623,false,1,1,remaining_order_4553_mod_4
Q9WIJ5,4624,false,2,2,remaining_order_4554_mod_4
Q9WIK0,4625,false,3,3,remaining_order_4555_mod_4
Q9WUW8,4626,false,0,0,remaining_order_4556_mod_4
Q9WY48,4627,false,1,1,remaining_order_4557_mod_4
Q9X0X1,4628,false,2,2,remaining_order_4558_mod_4
Q9X448,4629,false,3,3,remaining_order_4559_mod_4
Q9X5W6,4630,false,0,0,remaining_order_4560_mod_4
Q9X6J5,4631,false,1,1,remaining_order_4561_mod_4
Q9Y2R4,4632,false,2,2,remaining_order_4562_mod_4
Q9Y305,4633,false,3,3,remaining_order_4563_mod_4
Q9Y3A0,4634,false,0,0,remaining_order_4564_mod_4
Q9Y4K4,4635,false,1,1,remaining_order_4565_mod_4
Q9Y5L3,4636,false,2,2,remaining_order_4566_mod_4
Q9Y620,4637,false,3,3,remaining_order_4567_mod_4
Q9Y8K3,4638,false,0,0,remaining_order_4568_mod_4
Q9Y8K5,4639,false,1,1,remaining_order_4569_mod_4
Q9YBD6,4640,false,2,2,remaining_order_4570_mod_4
Q9YDV3,4641,false,3,3,remaining_order_4571_mod_4
Q9YUD3,4642,false,0,0,remaining_order_4572_mod_4
Q9YW06,4643,false,1,1,remaining_order_4573_mod_4
Q9YW20,4644,false,2,2,remaining_order_4574_mod_4
Q9YW39,4645,false,3,3,remaining_order_4575_mod_4
Q9YYS0,4646,false,0,0,remaining_order_4576_mod_4
Q9Z034,4647,false,1,1,remaining_order_4577_mod_4
Q9Z0D3,4648,false,2,2,remaining_order_4578_mod_4
Q9Z0D4,4649,false,3,3,remaining_order_4579_mod_4
Q9Z0D5,4650,false,0,0,remaining_order_4580_mod_4
Q9Z0J5,4651,false,1,1,remaining_order_4581_mod_4
Q9Z1Y9,4652,false,2,2,remaining_order_4582_mod_4
Q9Z431,4653,false,3,3,remaining_order_4583_mod_4
Q9Z4Q7,4654,false,0,0,remaining_order_4584_mod_4
Q9Z9G8,4655,false,1,1,remaining_order_4585_mod_4
Q9ZAA7,4656,false,2,2,remaining_order_4586_mod_4
Q9ZAA8,4657,false,3,3,remaining_order_4587_mod_4
Q9ZET6,4658,false,0,0,remaining_order_4588_mod_4
Q9ZI54,4659,false,1,1,remaining_order_4589_mod_4
Q9ZKM6,4660,false,2,2,remaining_order_4590_mod_4
Q9ZNT0,4661,false,3,3,remaining_order_4591_mod_4
Q9ZPL5,4662,false,0,0,remaining_order_4592_mod_4
Q9ZSQ4,4663,false,1,1,remaining_order_4593_mod_4
Q9ZW72,4664,false,2,2,remaining_order_4594_mod_4
Q9ZW85,4665,false,3,3,remaining_order_4595_mod_4
Q9ZX92,4666,false,0,0,remaining_order_4596_mod_4
R4LHX8,4667,false,1,1,remaining_order_4597_mod_4
R4YXW8,4668,false,2,2,remaining_order_4598_mod_4
R9WTS6,4669,false,3,3,remaining_order_4599_mod_4
S5M744,4670,false,0,0,remaining_order_4600_mod_4
S8EYU3,4671,false,1,1,remaining_order_4601_mod_4
S8F0G9,4672,false,2,2,remaining_order_4602_mod_4
W1Q703,4673,false,3,3,remaining_order_4603_mod_4
W1Q7S6,4674,false,0,0,remaining_order_4604_mod_4
W1QDJ3,4675,false,1,1,remaining_order_4605_mod_4
W1QET1,4676,false,2,2,remaining_order_4606_mod_4
W1QGQ0,4677,false,3,3,remaining_order_4607_mod_4
W1QJK0,4678,false,0,0,remaining_order_4608_mod_4
W6JPP9,4679,false,1,1,remaining_order_4609_mod_4
W7K6N5,4680,false,2,2,remaining_order_4610_mod_4
